date,port_or_hub,country,fuel_grade,price_usd_per_mt,price_type,frequency,source_type,source_reference,source_url,notes,low_usd_per_mt,high_usd_per_mt,availability,currency,original_price,sulphur_content,source_origin,is_synthetic
2017-01-01,Singapore,Singapore,IFO 380,339.0,Monthly Average,Monthly,Bunker Index,Singapore 380 cSt ends Feb 2017 — monthly price summary,https://www.bunkerindex.com/news/article.php?article_id=18652,January 2017 monthly average; source also publishes Jan low/high and end-of-month assessment.,,,,,,,user_supplied_drive_file,False
2017-02-01,Singapore,Singapore,IFO 380,326.0,Monthly Average,Monthly,Bunker Index,Singapore 380 cSt ends Feb 2017 — monthly price summary,https://www.bunkerindex.com/news/article.php?article_id=18652,February 2017 monthly average; published low $315 and high $336.,,,,,,,user_supplied_drive_file,False
2017-02-09,Rotterdam,Netherlands,IFO 380,297.0,Spot assessment,Daily,HANSA/Clarksons,HANSA International Maritime Journal No.3 2017,https://www.yumpu.com/de/document/view/65990952/hansa-03-2017,Published 09.02.2017; IFO 380cst $/t.,,,,,,,user_supplied_drive_file,False
2017-02-09,Singapore,Singapore,IFO 380,318.5,Spot assessment,Daily,HANSA/Clarksons,HANSA International Maritime Journal No.3 2017,https://www.yumpu.com/de/document/view/65990952/hansa-03-2017,Published 09.02.2017; IFO 380cst $/t.,,,,,,,user_supplied_drive_file,False
2017-04-18,Houston,United States,IFO 380,316.5,Spot assessment,Daily,HANSA/Clarksons,HANSA International Maritime Journal No.5 2017,https://www.yumpu.com/en/document/view/65990958/hansa-05-2017,Published 18.04.2017; IFO 380cst $/t.,,,,,,,user_supplied_drive_file,False
2017-04-18,Rotterdam,Netherlands,IFO 380,297.0,Spot assessment,Daily,HANSA/Clarksons,HANSA International Maritime Journal No.5 2017,https://www.yumpu.com/en/document/view/65990958/hansa-05-2017,Published 18.04.2017; IFO 380cst $/t.,,,,,,,user_supplied_drive_file,False
2017-04-18,Singapore,Singapore,IFO 380,319.25,Spot assessment,Daily,HANSA/Clarksons,HANSA International Maritime Journal No.5 2017,https://www.yumpu.com/en/document/view/65990958/hansa-05-2017,Published 18.04.2017; IFO 380cst $/t.,,,,,,,user_supplied_drive_file,False
2017-10-13,Fujairah,United Arab Emirates,IFO 380,338.0,Daily Spot,Daily,LiveBunkers.com,LiveBunkers 16 Oct 2017 — previous-day market prices,https://livebunkers.com/16oct2017-livebunkerscom-previous-day-market-prices,Published previous-day closing bunker price; observation date is the later date shown in the source table.,,,Verified,USD/MT,338.0,,user_supplied_drive_file,False
2017-10-13,Fujairah,United Arab Emirates,MGO,579.5,Daily Spot,Daily,LiveBunkers.com,LiveBunkers 16 Oct 2017 — previous-day market prices,https://livebunkers.com/16oct2017-livebunkerscom-previous-day-market-prices,Published previous-day closing bunker price; observation date is the later date shown in the source table.,,,Verified,USD/MT,579.5,,user_supplied_drive_file,False
2017-10-13,Houston,United States,IFO 380,307.0,Daily Spot,Daily,LiveBunkers.com,LiveBunkers 16 Oct 2017 — previous-day market prices,https://livebunkers.com/16oct2017-livebunkerscom-previous-day-market-prices,Published previous-day closing bunker price; observation date is the later date shown in the source table.,,,Verified,USD/MT,307.0,,user_supplied_drive_file,False
2017-10-13,Houston,United States,LSMGO,530.0,Daily Spot,Daily,LiveBunkers.com,LiveBunkers 16 Oct 2017 — previous-day market prices,https://livebunkers.com/16oct2017-livebunkerscom-previous-day-market-prices,Published previous-day closing bunker price; observation date is the later date shown in the source table.,,,Verified,USD/MT,530.0,,user_supplied_drive_file,False
2017-10-13,Rotterdam,Netherlands,IFO 380,319.5,Daily Spot,Daily,LiveBunkers.com,LiveBunkers 16 Oct 2017 — previous-day market prices,https://livebunkers.com/16oct2017-livebunkerscom-previous-day-market-prices,Published previous-day closing bunker price; observation date is the later date shown in the source table.,,,Verified,USD/MT,319.5,,user_supplied_drive_file,False
2017-10-13,Rotterdam,Netherlands,LSMGO,501.5,Daily Spot,Daily,LiveBunkers.com,LiveBunkers 16 Oct 2017 — previous-day market prices,https://livebunkers.com/16oct2017-livebunkerscom-previous-day-market-prices,Published previous-day closing bunker price; observation date is the later date shown in the source table.,,,Verified,USD/MT,501.5,,user_supplied_drive_file,False
2017-10-13,Singapore,Singapore,IFO 380,340.0,Daily Spot,Daily,LiveBunkers.com,LiveBunkers 16 Oct 2017 — previous-day market prices,https://livebunkers.com/16oct2017-livebunkerscom-previous-day-market-prices,Published previous-day closing bunker price; observation date is the later date shown in the source table.,,,Verified,USD/MT,340.0,,user_supplied_drive_file,False
2017-10-13,Singapore,Singapore,MGO,509.0,Daily Spot,Daily,LiveBunkers.com,LiveBunkers 16 Oct 2017 — previous-day market prices,https://livebunkers.com/16oct2017-livebunkerscom-previous-day-market-prices,Published previous-day closing bunker price; observation date is the later date shown in the source table.,,,Verified,USD/MT,509.0,,user_supplied_drive_file,False
2017-10-26,Fujairah,United Arab Emirates,IFO 380,346.5,Daily Spot,Daily,LiveBunkers.com,LiveBunkers 27 Oct 2017 — previous-day market prices,https://livebunkers.com/27oct2017-livebunkerscom-previous-day-market-prices,Published previous-day closing bunker price; observation date is the later date shown in the source table.,,,Verified,USD/MT,346.5,,user_supplied_drive_file,False
2017-10-26,Fujairah,United Arab Emirates,MGO,582.5,Daily Spot,Daily,LiveBunkers.com,LiveBunkers 27 Oct 2017 — previous-day market prices,https://livebunkers.com/27oct2017-livebunkerscom-previous-day-market-prices,Published previous-day closing bunker price; observation date is the later date shown in the source table.,,,Verified,USD/MT,582.5,,user_supplied_drive_file,False
2017-10-26,Houston,United States,IFO 380,317.5,Daily Spot,Daily,LiveBunkers.com,LiveBunkers 27 Oct 2017 — previous-day market prices,https://livebunkers.com/27oct2017-livebunkerscom-previous-day-market-prices,Published previous-day closing bunker price; observation date is the later date shown in the source table.,,,Verified,USD/MT,317.5,,user_supplied_drive_file,False
2017-10-26,Houston,United States,LSMGO,535.0,Daily Spot,Daily,LiveBunkers.com,LiveBunkers 27 Oct 2017 — previous-day market prices,https://livebunkers.com/27oct2017-livebunkerscom-previous-day-market-prices,Published previous-day closing bunker price; observation date is the later date shown in the source table.,,,Verified,USD/MT,535.0,,user_supplied_drive_file,False
2017-10-26,Rotterdam,Netherlands,IFO 380,325.5,Daily Spot,Daily,LiveBunkers.com,LiveBunkers 27 Oct 2017 — previous-day market prices,https://livebunkers.com/27oct2017-livebunkerscom-previous-day-market-prices,Published previous-day closing bunker price; observation date is the later date shown in the source table.,,,Verified,USD/MT,325.5,,user_supplied_drive_file,False
2017-10-26,Rotterdam,Netherlands,LSMGO,505.0,Daily Spot,Daily,LiveBunkers.com,LiveBunkers 27 Oct 2017 — previous-day market prices,https://livebunkers.com/27oct2017-livebunkerscom-previous-day-market-prices,Published previous-day closing bunker price; observation date is the later date shown in the source table.,,,Verified,USD/MT,505.0,,user_supplied_drive_file,False
2017-10-26,Singapore,Singapore,IFO 380,347.0,Daily Spot,Daily,LiveBunkers.com,LiveBunkers 27 Oct 2017 — previous-day market prices,https://livebunkers.com/27oct2017-livebunkerscom-previous-day-market-prices,Published previous-day closing bunker price; observation date is the later date shown in the source table.,,,Verified,USD/MT,347.0,,user_supplied_drive_file,False
2017-10-26,Singapore,Singapore,MGO,521.5,Daily Spot,Daily,LiveBunkers.com,LiveBunkers 27 Oct 2017 — previous-day market prices,https://livebunkers.com/27oct2017-livebunkerscom-previous-day-market-prices,Published previous-day closing bunker price; observation date is the later date shown in the source table.,,,Verified,USD/MT,521.5,,user_supplied_drive_file,False
2017-11-03,Fujairah,United Arab Emirates,IFO 380,361.0,Daily Spot,Daily,LiveBunkers.com,LiveBunkers 06 Nov 2017 — previous-day market prices,https://livebunkers.com/06nov2017-livebunkerscom-previous-day-market-prices,Published previous-day closing bunker price; observation date is the later date shown in the source table.,,,Verified,USD/MT,361.0,,user_supplied_drive_file,False
2017-11-03,Fujairah,United Arab Emirates,MGO,597.0,Daily Spot,Daily,LiveBunkers.com,LiveBunkers 06 Nov 2017 — previous-day market prices,https://livebunkers.com/06nov2017-livebunkerscom-previous-day-market-prices,Published previous-day closing bunker price; observation date is the later date shown in the source table.,,,Verified,USD/MT,597.0,,user_supplied_drive_file,False
2017-11-03,Houston,United States,IFO 380,349.0,Daily Spot,Daily,LiveBunkers.com,LiveBunkers 06 Nov 2017 — previous-day market prices,https://livebunkers.com/06nov2017-livebunkerscom-previous-day-market-prices,Published previous-day closing bunker price; observation date is the later date shown in the source table.,,,Verified,USD/MT,349.0,,user_supplied_drive_file,False
2017-11-03,Houston,United States,LSMGO,570.5,Daily Spot,Daily,LiveBunkers.com,LiveBunkers 06 Nov 2017 — previous-day market prices,https://livebunkers.com/06nov2017-livebunkerscom-previous-day-market-prices,Published previous-day closing bunker price; observation date is the later date shown in the source table.,,,Verified,USD/MT,570.5,,user_supplied_drive_file,False
2017-11-03,Rotterdam,Netherlands,IFO 380,349.0,Daily Spot,Daily,LiveBunkers.com,LiveBunkers 06 Nov 2017 — previous-day market prices,https://livebunkers.com/06nov2017-livebunkerscom-previous-day-market-prices,Published previous-day closing bunker price; observation date is the later date shown in the source table.,,,Verified,USD/MT,349.0,,user_supplied_drive_file,False
2017-11-03,Rotterdam,Netherlands,LSMGO,516.5,Daily Spot,Daily,LiveBunkers.com,LiveBunkers 06 Nov 2017 — previous-day market prices,https://livebunkers.com/06nov2017-livebunkerscom-previous-day-market-prices,Published previous-day closing bunker price; observation date is the later date shown in the source table.,,,Verified,USD/MT,516.5,,user_supplied_drive_file,False
2017-11-03,Singapore,Singapore,IFO 380,367.5,Daily Spot,Daily,LiveBunkers.com,LiveBunkers 06 Nov 2017 — previous-day market prices,https://livebunkers.com/06nov2017-livebunkerscom-previous-day-market-prices,Published previous-day closing bunker price; observation date is the later date shown in the source table.,,,Verified,USD/MT,367.5,,user_supplied_drive_file,False
2017-11-03,Singapore,Singapore,MGO,532.0,Daily Spot,Daily,LiveBunkers.com,LiveBunkers 06 Nov 2017 — previous-day market prices,https://livebunkers.com/06nov2017-livebunkerscom-previous-day-market-prices,Published previous-day closing bunker price; observation date is the later date shown in the source table.,,,Verified,USD/MT,532.0,,user_supplied_drive_file,False
2017-11-09,Fujairah,United Arab Emirates,IFO 380,373.5,Daily Spot,Daily,LiveBunkers.com,LiveBunkers 10 Nov 2017 — previous-day market prices,https://www.livebunkers.com/10nov2017-livebunkerscom-previous-day-market-prices,Published previous-day closing bunker price; observation date is the later date shown in the source table.,,,Verified,USD/MT,373.5,,user_supplied_drive_file,False
2017-11-09,Fujairah,United Arab Emirates,MGO,607.0,Daily Spot,Daily,LiveBunkers.com,LiveBunkers 10 Nov 2017 — previous-day market prices,https://www.livebunkers.com/10nov2017-livebunkerscom-previous-day-market-prices,Published previous-day closing bunker price; observation date is the later date shown in the source table.,,,Verified,USD/MT,607.0,,user_supplied_drive_file,False
2017-11-09,Houston,United States,IFO 380,363.5,Daily Spot,Daily,LiveBunkers.com,LiveBunkers 10 Nov 2017 — previous-day market prices,https://www.livebunkers.com/10nov2017-livebunkerscom-previous-day-market-prices,Published previous-day closing bunker price; observation date is the later date shown in the source table.,,,Verified,USD/MT,363.5,,user_supplied_drive_file,False
2017-11-09,Houston,United States,LSMGO,584.0,Daily Spot,Daily,LiveBunkers.com,LiveBunkers 10 Nov 2017 — previous-day market prices,https://www.livebunkers.com/10nov2017-livebunkerscom-previous-day-market-prices,Published previous-day closing bunker price; observation date is the later date shown in the source table.,,,Verified,USD/MT,584.0,,user_supplied_drive_file,False
2017-11-09,Rotterdam,Netherlands,IFO 380,360.5,Daily Spot,Daily,LiveBunkers.com,LiveBunkers 10 Nov 2017 — previous-day market prices,https://www.livebunkers.com/10nov2017-livebunkerscom-previous-day-market-prices,Published previous-day closing bunker price; observation date is the later date shown in the source table.,,,Verified,USD/MT,360.5,,user_supplied_drive_file,False
2017-11-09,Rotterdam,Netherlands,LSMGO,540.0,Daily Spot,Daily,LiveBunkers.com,LiveBunkers 10 Nov 2017 — previous-day market prices,https://www.livebunkers.com/10nov2017-livebunkerscom-previous-day-market-prices,Published previous-day closing bunker price; observation date is the later date shown in the source table.,,,Verified,USD/MT,540.0,,user_supplied_drive_file,False
2017-11-09,Singapore,Singapore,IFO 380,380.0,Daily Spot,Daily,LiveBunkers.com,LiveBunkers 10 Nov 2017 — previous-day market prices,https://www.livebunkers.com/10nov2017-livebunkerscom-previous-day-market-prices,Published previous-day closing bunker price; observation date is the later date shown in the source table.,,,Verified,USD/MT,380.0,,user_supplied_drive_file,False
2017-11-09,Singapore,Singapore,MGO,547.0,Daily Spot,Daily,LiveBunkers.com,LiveBunkers 10 Nov 2017 — previous-day market prices,https://www.livebunkers.com/10nov2017-livebunkerscom-previous-day-market-prices,Published previous-day closing bunker price; observation date is the later date shown in the source table.,,,Verified,USD/MT,547.0,,user_supplied_drive_file,False
2017-11-17,Fujairah,United Arab Emirates,IFO 380,368.0,Daily Spot,Daily,LiveBunkers.com,LiveBunkers 20 Nov 2017 — previous-day market prices,https://livebunkers.com/20nov2017-livebunkerscom-previous-day-market-prices,Published previous-day closing bunker price; observation date is the later date shown in the source table.,,,Verified,USD/MT,368.0,,user_supplied_drive_file,False
2017-11-17,Fujairah,United Arab Emirates,MGO,604.5,Daily Spot,Daily,LiveBunkers.com,LiveBunkers 20 Nov 2017 — previous-day market prices,https://livebunkers.com/20nov2017-livebunkerscom-previous-day-market-prices,Published previous-day closing bunker price; observation date is the later date shown in the source table.,,,Verified,USD/MT,604.5,,user_supplied_drive_file,False
2017-11-17,Houston,United States,IFO 380,345.5,Daily Spot,Daily,LiveBunkers.com,LiveBunkers 20 Nov 2017 — previous-day market prices,https://livebunkers.com/20nov2017-livebunkerscom-previous-day-market-prices,Published previous-day closing bunker price; observation date is the later date shown in the source table.,,,Verified,USD/MT,345.5,,user_supplied_drive_file,False
2017-11-17,Houston,United States,LSMGO,568.0,Daily Spot,Daily,LiveBunkers.com,LiveBunkers 20 Nov 2017 — previous-day market prices,https://livebunkers.com/20nov2017-livebunkerscom-previous-day-market-prices,Published previous-day closing bunker price; observation date is the later date shown in the source table.,,,Verified,USD/MT,568.0,,user_supplied_drive_file,False
2017-11-17,Rotterdam,Netherlands,IFO 380,351.0,Daily Spot,Daily,LiveBunkers.com,LiveBunkers 20 Nov 2017 — previous-day market prices,https://livebunkers.com/20nov2017-livebunkerscom-previous-day-market-prices,Published previous-day closing bunker price; observation date is the later date shown in the source table.,,,Verified,USD/MT,351.0,,user_supplied_drive_file,False
2017-11-17,Rotterdam,Netherlands,LSMGO,532.5,Daily Spot,Daily,LiveBunkers.com,LiveBunkers 20 Nov 2017 — previous-day market prices,https://livebunkers.com/20nov2017-livebunkerscom-previous-day-market-prices,Published previous-day closing bunker price; observation date is the later date shown in the source table.,,,Verified,USD/MT,532.5,,user_supplied_drive_file,False
2017-11-17,Singapore,Singapore,IFO 380,373.0,Daily Spot,Daily,LiveBunkers.com,LiveBunkers 20 Nov 2017 — previous-day market prices,https://livebunkers.com/20nov2017-livebunkerscom-previous-day-market-prices,Published previous-day closing bunker price; observation date is the later date shown in the source table.,,,Verified,USD/MT,373.0,,user_supplied_drive_file,False
2017-11-17,Singapore,Singapore,MGO,541.0,Daily Spot,Daily,LiveBunkers.com,LiveBunkers 20 Nov 2017 — previous-day market prices,https://livebunkers.com/20nov2017-livebunkerscom-previous-day-market-prices,Published previous-day closing bunker price; observation date is the later date shown in the source table.,,,Verified,USD/MT,541.0,,user_supplied_drive_file,False
2017-12-04,Fujairah,United Arab Emirates,IFO 380,369.0,Daily Spot,Daily,LiveBunkers.com,LiveBunkers 05 Dec 2017 — previous-day market prices,https://livebunkers.com/05dec2017-livebunkerscom-previous-day-market-prices,Published previous-day closing bunker price; observation date is the later date shown in the source table.,,,Verified,USD/MT,369.0,,user_supplied_drive_file,False
2017-12-04,Fujairah,United Arab Emirates,MGO,612.0,Daily Spot,Daily,LiveBunkers.com,LiveBunkers 05 Dec 2017 — previous-day market prices,https://livebunkers.com/05dec2017-livebunkerscom-previous-day-market-prices,Published previous-day closing bunker price; observation date is the later date shown in the source table.,,,Verified,USD/MT,612.0,,user_supplied_drive_file,False
2017-12-04,Houston,United States,IFO 380,354.0,Daily Spot,Daily,LiveBunkers.com,LiveBunkers 05 Dec 2017 — previous-day market prices,https://livebunkers.com/05dec2017-livebunkerscom-previous-day-market-prices,Published previous-day closing bunker price; observation date is the later date shown in the source table.,,,Verified,USD/MT,354.0,,user_supplied_drive_file,False
2017-12-04,Houston,United States,LSMGO,587.0,Daily Spot,Daily,LiveBunkers.com,LiveBunkers 05 Dec 2017 — previous-day market prices,https://livebunkers.com/05dec2017-livebunkerscom-previous-day-market-prices,Published previous-day closing bunker price; observation date is the later date shown in the source table.,,,Verified,USD/MT,587.0,,user_supplied_drive_file,False
2017-12-04,Rotterdam,Netherlands,IFO 380,351.0,Daily Spot,Daily,LiveBunkers.com,LiveBunkers 05 Dec 2017 — previous-day market prices,https://livebunkers.com/05dec2017-livebunkerscom-previous-day-market-prices,Published previous-day closing bunker price; observation date is the later date shown in the source table.,,,Verified,USD/MT,351.0,,user_supplied_drive_file,False
2017-12-04,Rotterdam,Netherlands,LSMGO,545.0,Daily Spot,Daily,LiveBunkers.com,LiveBunkers 05 Dec 2017 — previous-day market prices,https://livebunkers.com/05dec2017-livebunkerscom-previous-day-market-prices,Published previous-day closing bunker price; observation date is the later date shown in the source table.,,,Verified,USD/MT,545.0,,user_supplied_drive_file,False
2017-12-04,Singapore,Singapore,IFO 380,378.5,Daily Spot,Daily,LiveBunkers.com,LiveBunkers 05 Dec 2017 — previous-day market prices,https://livebunkers.com/05dec2017-livebunkerscom-previous-day-market-prices,Published previous-day closing bunker price; observation date is the later date shown in the source table.,,,Verified,USD/MT,378.5,,user_supplied_drive_file,False
2017-12-04,Singapore,Singapore,MGO,556.0,Daily Spot,Daily,LiveBunkers.com,LiveBunkers 05 Dec 2017 — previous-day market prices,https://livebunkers.com/05dec2017-livebunkerscom-previous-day-market-prices,Published previous-day closing bunker price; observation date is the later date shown in the source table.,,,Verified,USD/MT,556.0,,user_supplied_drive_file,False
2017-12-13,Fujairah,United Arab Emirates,IFO 380,366.0,Daily Spot,Daily,LiveBunkers.com,LiveBunkers 14 Dec 2017 — previous-day market prices,https://www.livebunkers.com/14dec2017-livebunkerscom-previous-day-market-prices,Published previous-day closing bunker price; observation date is the later date shown in the source table.,,,Verified,USD/MT,366.0,,user_supplied_drive_file,False
2017-12-13,Fujairah,United Arab Emirates,MGO,608.0,Daily Spot,Daily,LiveBunkers.com,LiveBunkers 14 Dec 2017 — previous-day market prices,https://www.livebunkers.com/14dec2017-livebunkerscom-previous-day-market-prices,Published previous-day closing bunker price; observation date is the later date shown in the source table.,,,Verified,USD/MT,608.0,,user_supplied_drive_file,False
2017-12-13,Houston,United States,IFO 380,351.5,Daily Spot,Daily,LiveBunkers.com,LiveBunkers 14 Dec 2017 — previous-day market prices,https://www.livebunkers.com/14dec2017-livebunkerscom-previous-day-market-prices,Published previous-day closing bunker price; observation date is the later date shown in the source table.,,,Verified,USD/MT,351.5,,user_supplied_drive_file,False
2017-12-13,Houston,United States,LSMGO,571.5,Daily Spot,Daily,LiveBunkers.com,LiveBunkers 14 Dec 2017 — previous-day market prices,https://www.livebunkers.com/14dec2017-livebunkerscom-previous-day-market-prices,Published previous-day closing bunker price; observation date is the later date shown in the source table.,,,Verified,USD/MT,571.5,,user_supplied_drive_file,False
2017-12-13,Rotterdam,Netherlands,IFO 380,349.0,Daily Spot,Daily,LiveBunkers.com,LiveBunkers 14 Dec 2017 — previous-day market prices,https://www.livebunkers.com/14dec2017-livebunkerscom-previous-day-market-prices,Published previous-day closing bunker price; observation date is the later date shown in the source table.,,,Verified,USD/MT,349.0,,user_supplied_drive_file,False
2017-12-13,Rotterdam,Netherlands,LSMGO,561.0,Daily Spot,Daily,LiveBunkers.com,LiveBunkers 14 Dec 2017 — previous-day market prices,https://www.livebunkers.com/14dec2017-livebunkerscom-previous-day-market-prices,Published previous-day closing bunker price; observation date is the later date shown in the source table.,,,Verified,USD/MT,561.0,,user_supplied_drive_file,False
2017-12-13,Singapore,Singapore,IFO 380,374.0,Daily Spot,Daily,LiveBunkers.com,LiveBunkers 14 Dec 2017 — previous-day market prices,https://www.livebunkers.com/14dec2017-livebunkerscom-previous-day-market-prices,Published previous-day closing bunker price; observation date is the later date shown in the source table.,,,Verified,USD/MT,374.0,,user_supplied_drive_file,False
2017-12-13,Singapore,Singapore,MGO,565.0,Daily Spot,Daily,LiveBunkers.com,LiveBunkers 14 Dec 2017 — previous-day market prices,https://www.livebunkers.com/14dec2017-livebunkerscom-previous-day-market-prices,Published previous-day closing bunker price; observation date is the later date shown in the source table.,,,Verified,USD/MT,565.0,,user_supplied_drive_file,False
2018-01-04,Fujairah,United Arab Emirates,IFO 380,383.0,Daily closing price,Daily,LiveBunkers,05JAN2018 previous-day bunker prices,https://livebunkers.com/05jan2018-livebunkerscom-previous-day-bunker-prices,Reported 04 Jan 2018 price.,,,,USD,383.0,,user_supplied_drive_file,False
2018-01-04,Fujairah,United Arab Emirates,MGO/LSMGO,633.0,Daily closing price,Daily,LiveBunkers,05JAN2018 previous-day bunker prices,https://livebunkers.com/05jan2018-livebunkerscom-previous-day-bunker-prices,Reported marine gasoil price; source labels MGO/LSMGO by port.,,,,USD,633.0,,user_supplied_drive_file,False
2018-01-04,Houston,United States,IFO 380,363.0,Daily closing price,Daily,LiveBunkers,05JAN2018 previous-day bunker prices,https://livebunkers.com/05jan2018-livebunkerscom-previous-day-bunker-prices,Reported 04 Jan 2018 price.,,,,USD,363.0,,user_supplied_drive_file,False
2018-01-04,Houston,United States,MGO/LSMGO,618.5,Daily closing price,Daily,LiveBunkers,05JAN2018 previous-day bunker prices,https://livebunkers.com/05jan2018-livebunkerscom-previous-day-bunker-prices,Reported marine gasoil price; source labels MGO/LSMGO by port.,,,,USD,618.5,,user_supplied_drive_file,False
2018-01-04,Rotterdam,Netherlands,IFO 380,369.0,Daily closing price,Daily,LiveBunkers,05JAN2018 previous-day bunker prices,https://livebunkers.com/05jan2018-livebunkerscom-previous-day-bunker-prices,Reported 04 Jan 2018 price.,,,,USD,369.0,,user_supplied_drive_file,False
2018-01-04,Rotterdam,Netherlands,MGO/LSMGO,589.5,Daily closing price,Daily,LiveBunkers,05JAN2018 previous-day bunker prices,https://livebunkers.com/05jan2018-livebunkerscom-previous-day-bunker-prices,Reported marine gasoil price; source labels MGO/LSMGO by port.,,,,USD,589.5,,user_supplied_drive_file,False
2018-01-04,Singapore,Singapore,IFO 380,390.0,Daily closing price,Daily,LiveBunkers,05JAN2018 previous-day bunker prices,https://livebunkers.com/05jan2018-livebunkerscom-previous-day-bunker-prices,Reported 04 Jan 2018 price.,,,,USD,390.0,,user_supplied_drive_file,False
2018-01-04,Singapore,Singapore,MGO/LSMGO,591.0,Daily closing price,Daily,LiveBunkers,05JAN2018 previous-day bunker prices,https://livebunkers.com/05jan2018-livebunkerscom-previous-day-bunker-prices,Reported marine gasoil price; source labels MGO/LSMGO by port.,,,,USD,591.0,,user_supplied_drive_file,False
2018-02-14,Fujairah,United Arab Emirates,IFO 380,366.0,Daily Spot,Daily,LiveBunkers.com,LiveBunkers 15 Feb 2018 — previous-day bunker prices,https://www.livebunkers.com/15feb2018-livebunkerscom-previous-day-market-prices,Published table reports 14 Feb 2018 closing bunker prices.,,,Verified,USD/MT,366.0,,user_supplied_drive_file,False
2018-02-14,Fujairah,United Arab Emirates,MGO,662.5,Daily Spot,Daily,LiveBunkers.com,LiveBunkers 15 Feb 2018 — previous-day bunker prices,https://www.livebunkers.com/15feb2018-livebunkerscom-previous-day-market-prices,Published table reports 14 Feb 2018 closing bunker prices.,,,Verified,USD/MT,662.5,,user_supplied_drive_file,False
2018-02-14,Houston,United States,IFO 380,334.5,Daily Spot,Daily,LiveBunkers.com,LiveBunkers 15 Feb 2018 — previous-day bunker prices,https://www.livebunkers.com/15feb2018-livebunkerscom-previous-day-market-prices,Published table reports 14 Feb 2018 closing bunker prices.,,,Verified,USD/MT,334.5,,user_supplied_drive_file,False
2018-02-14,Houston,United States,LSMGO,568.5,Daily Spot,Daily,LiveBunkers.com,LiveBunkers 15 Feb 2018 — previous-day bunker prices,https://www.livebunkers.com/15feb2018-livebunkerscom-previous-day-market-prices,Published table reports 14 Feb 2018 closing bunker prices.,,,Verified,USD/MT,568.5,,user_supplied_drive_file,False
2018-02-14,Rotterdam,Netherlands,IFO 380,341.0,Daily Spot,Daily,LiveBunkers.com,LiveBunkers 15 Feb 2018 — previous-day bunker prices,https://www.livebunkers.com/15feb2018-livebunkerscom-previous-day-market-prices,Published table reports 14 Feb 2018 closing bunker prices.,,,Verified,USD/MT,341.0,,user_supplied_drive_file,False
2018-02-14,Rotterdam,Netherlands,LSMGO,524.5,Daily Spot,Daily,LiveBunkers.com,LiveBunkers 15 Feb 2018 — previous-day bunker prices,https://www.livebunkers.com/15feb2018-livebunkerscom-previous-day-market-prices,Published table reports 14 Feb 2018 closing bunker prices.,,,Verified,USD/MT,524.5,,user_supplied_drive_file,False
2018-02-14,Singapore,Singapore,IFO 380,363.5,Daily Spot,Daily,LiveBunkers.com,LiveBunkers 15 Feb 2018 — previous-day bunker prices,https://www.livebunkers.com/15feb2018-livebunkerscom-previous-day-market-prices,Published table reports 14 Feb 2018 closing bunker prices.,,,Verified,USD/MT,363.5,,user_supplied_drive_file,False
2018-02-14,Singapore,Singapore,MGO,572.5,Daily Spot,Daily,LiveBunkers.com,LiveBunkers 15 Feb 2018 — previous-day bunker prices,https://www.livebunkers.com/15feb2018-livebunkerscom-previous-day-market-prices,Published table reports 14 Feb 2018 closing bunker prices.,,,Verified,USD/MT,572.5,,user_supplied_drive_file,False
2018-03-27,Fujairah,United Arab Emirates,IFO 380,385.5,Daily closing price,Daily,LiveBunkers,28MAR2018 previous-day market prices,https://www.livebunkers.com/28mar2018-livebunkerscom-previous-day-market-prices,Reported 27 Mar 2018 price.,,,,USD,385.5,,user_supplied_drive_file,False
2018-03-27,Fujairah,United Arab Emirates,IFO 380,385.5,Daily Spot,Daily,LiveBunkers.com,LiveBunkers 28 Mar 2018 — previous-day bunker prices,https://www.livebunkers.com/28mar2018-livebunkerscom-previous-day-market-prices,Published table reports 27 Mar 2018 closing bunker prices.,,,Verified,USD/MT,385.5,,user_supplied_drive_file,False
2018-03-27,Fujairah,United Arab Emirates,MGO,676.5,Daily Spot,Daily,LiveBunkers.com,LiveBunkers 28 Mar 2018 — previous-day bunker prices,https://www.livebunkers.com/28mar2018-livebunkerscom-previous-day-market-prices,Published table reports 27 Mar 2018 closing bunker prices.,,,Verified,USD/MT,676.5,,user_supplied_drive_file,False
2018-03-27,Fujairah,United Arab Emirates,MGO/LSMGO,676.5,Daily closing price,Daily,LiveBunkers,28MAR2018 previous-day market prices,https://www.livebunkers.com/28mar2018-livebunkerscom-previous-day-market-prices,Reported marine gasoil price; source labels MGO/LSMGO by port.,,,,USD,676.5,,user_supplied_drive_file,False
2018-03-27,Houston,United States,IFO 380,362.5,Daily closing price,Daily,LiveBunkers,28MAR2018 previous-day market prices,https://www.livebunkers.com/28mar2018-livebunkerscom-previous-day-market-prices,Reported 27 Mar 2018 price.,,,,USD,362.5,,user_supplied_drive_file,False
2018-03-27,Houston,United States,IFO 380,362.5,Daily Spot,Daily,LiveBunkers.com,LiveBunkers 28 Mar 2018 — previous-day bunker prices,https://www.livebunkers.com/28mar2018-livebunkerscom-previous-day-market-prices,Published table reports 27 Mar 2018 closing bunker prices.,,,Verified,USD/MT,362.5,,user_supplied_drive_file,False
2018-03-27,Houston,United States,LSMGO,598.0,Daily Spot,Daily,LiveBunkers.com,LiveBunkers 28 Mar 2018 — previous-day bunker prices,https://www.livebunkers.com/28mar2018-livebunkerscom-previous-day-market-prices,Published table reports 27 Mar 2018 closing bunker prices.,,,Verified,USD/MT,598.0,,user_supplied_drive_file,False
2018-03-27,Houston,United States,MGO/LSMGO,598.5,Daily closing price,Daily,LiveBunkers,28MAR2018 previous-day market prices,https://www.livebunkers.com/28mar2018-livebunkerscom-previous-day-market-prices,Reported marine gasoil price; source labels MGO/LSMGO by port.,,,,USD,598.5,,user_supplied_drive_file,False
2018-03-27,Rotterdam,Netherlands,IFO 380,367.5,Daily closing price,Daily,LiveBunkers,28MAR2018 previous-day market prices,https://www.livebunkers.com/28mar2018-livebunkerscom-previous-day-market-prices,Reported 27 Mar 2018 price.,,,,USD,367.5,,user_supplied_drive_file,False
2018-03-27,Rotterdam,Netherlands,IFO 380,367.5,Daily Spot,Daily,LiveBunkers.com,LiveBunkers 28 Mar 2018 — previous-day bunker prices,https://www.livebunkers.com/28mar2018-livebunkerscom-previous-day-market-prices,Published table reports 27 Mar 2018 closing bunker prices.,,,Verified,USD/MT,367.5,,user_supplied_drive_file,False
2018-03-27,Rotterdam,Netherlands,LSMGO,588.5,Daily Spot,Daily,LiveBunkers.com,LiveBunkers 28 Mar 2018 — previous-day bunker prices,https://www.livebunkers.com/28mar2018-livebunkerscom-previous-day-market-prices,Published table reports 27 Mar 2018 closing bunker prices.,,,Verified,USD/MT,588.5,,user_supplied_drive_file,False
2018-03-27,Rotterdam,Netherlands,MGO/LSMGO,588.5,Daily closing price,Daily,LiveBunkers,28MAR2018 previous-day market prices,https://www.livebunkers.com/28mar2018-livebunkerscom-previous-day-market-prices,Reported marine gasoil price; source labels MGO/LSMGO by port.,,,,USD,588.5,,user_supplied_drive_file,False
2018-03-27,Singapore,Singapore,IFO 380,382.5,Daily closing price,Daily,LiveBunkers,28MAR2018 previous-day market prices,https://www.livebunkers.com/28mar2018-livebunkerscom-previous-day-market-prices,Reported 27 Mar 2018 price.,,,,USD,382.5,,user_supplied_drive_file,False
2018-03-27,Singapore,Singapore,IFO 380,382.5,Daily Spot,Daily,LiveBunkers.com,LiveBunkers 28 Mar 2018 — previous-day bunker prices,https://www.livebunkers.com/28mar2018-livebunkerscom-previous-day-market-prices,Published table reports 27 Mar 2018 closing bunker prices.,,,Verified,USD/MT,382.5,,user_supplied_drive_file,False
2018-03-27,Singapore,Singapore,MGO,609.0,Daily Spot,Daily,LiveBunkers.com,LiveBunkers 28 Mar 2018 — previous-day bunker prices,https://www.livebunkers.com/28mar2018-livebunkerscom-previous-day-market-prices,Published table reports 27 Mar 2018 closing bunker prices.,,,Verified,USD/MT,609.0,,user_supplied_drive_file,False
2018-03-27,Singapore,Singapore,MGO/LSMGO,609.0,Daily closing price,Daily,LiveBunkers,28MAR2018 previous-day market prices,https://www.livebunkers.com/28mar2018-livebunkerscom-previous-day-market-prices,Reported marine gasoil price; source labels MGO/LSMGO by port.,,,,USD,609.0,,user_supplied_drive_file,False
2018-04-13,Houston,United States,IFO 380,395.0,Spot assessment,Daily,HANSA/Clarksons,HANSA International Maritime Journal No.5 2018,https://www.yumpu.com/en/document/view/62177769/hansa-international-maritime-journal-november-2018/13,Published 13.04.2018; IFO 380cst $/t.,,,,,,,user_supplied_drive_file,False
2018-04-13,Rotterdam,Netherlands,IFO 380,377.0,Spot assessment,Daily,HANSA/Clarksons,HANSA International Maritime Journal No.5 2018,https://www.yumpu.com/en/document/view/62177769/hansa-international-maritime-journal-november-2018/13,Published 13.04.2018; IFO 380cst $/t.,,,,,,,user_supplied_drive_file,False
2018-04-13,Singapore,Singapore,IFO 380,393.5,Spot assessment,Daily,HANSA/Clarksons,HANSA International Maritime Journal No.5 2018,https://www.yumpu.com/en/document/view/62177769/hansa-international-maritime-journal-november-2018/13,Published 13.04.2018; IFO 380cst $/t.,,,,,,,user_supplied_drive_file,False
2018-07-17,Fujairah,United Arab Emirates,IFO 380,442.5,Daily Spot,Daily,LiveBunkers.com,LiveBunkers 18 Jul 2018 — previous-day bunker prices,https://www.livebunkers.com/18jul2018-livebunkerscom-previous-day-market-prices,Published table reports 17 Jul 2018 closing bunker prices.,,,Verified,USD/MT,442.5,,user_supplied_drive_file,False
2018-07-17,Fujairah,United Arab Emirates,MGO,717.5,Daily Spot,Daily,LiveBunkers.com,LiveBunkers 18 Jul 2018 — previous-day bunker prices,https://www.livebunkers.com/18jul2018-livebunkerscom-previous-day-market-prices,Published table reports 17 Jul 2018 closing bunker prices.,,,Verified,USD/MT,717.5,,user_supplied_drive_file,False
2018-07-17,Houston,United States,IFO 380,431.0,Daily Spot,Daily,LiveBunkers.com,LiveBunkers 18 Jul 2018 — previous-day bunker prices,https://www.livebunkers.com/18jul2018-livebunkerscom-previous-day-market-prices,Published table reports 17 Jul 2018 closing bunker prices.,,,Verified,USD/MT,431.0,,user_supplied_drive_file,False
2018-07-17,Houston,United States,LSMGO,661.5,Daily Spot,Daily,LiveBunkers.com,LiveBunkers 18 Jul 2018 — previous-day bunker prices,https://www.livebunkers.com/18jul2018-livebunkerscom-previous-day-market-prices,Published table reports 17 Jul 2018 closing bunker prices.,,,Verified,USD/MT,661.5,,user_supplied_drive_file,False
2018-07-17,Rotterdam,Netherlands,IFO 380,416.0,Daily Spot,Daily,LiveBunkers.com,LiveBunkers 18 Jul 2018 — previous-day bunker prices,https://www.livebunkers.com/18jul2018-livebunkerscom-previous-day-market-prices,Published table reports 17 Jul 2018 closing bunker prices.,,,Verified,USD/MT,416.0,,user_supplied_drive_file,False
2018-07-17,Rotterdam,Netherlands,LSMGO,615.0,Daily Spot,Daily,LiveBunkers.com,LiveBunkers 18 Jul 2018 — previous-day bunker prices,https://www.livebunkers.com/18jul2018-livebunkerscom-previous-day-market-prices,Published table reports 17 Jul 2018 closing bunker prices.,,,Verified,USD/MT,615.0,,user_supplied_drive_file,False
2018-07-17,Singapore,Singapore,IFO 380,446.5,Daily Spot,Daily,LiveBunkers.com,LiveBunkers 18 Jul 2018 — previous-day bunker prices,https://www.livebunkers.com/18jul2018-livebunkerscom-previous-day-market-prices,Published table reports 17 Jul 2018 closing bunker prices.,,,Verified,USD/MT,446.5,,user_supplied_drive_file,False
2018-07-17,Singapore,Singapore,MGO,642.5,Daily Spot,Daily,LiveBunkers.com,LiveBunkers 18 Jul 2018 — previous-day bunker prices,https://www.livebunkers.com/18jul2018-livebunkerscom-previous-day-market-prices,Published table reports 17 Jul 2018 closing bunker prices.,,,Verified,USD/MT,642.5,,user_supplied_drive_file,False
2018-08-10,Fujairah,United Arab Emirates,IFO 380,458.0,Daily spot price,Daily,LiveBunkers,10 AUG 2018 morning update,https://livebunkers.com/bunker-prices-today-morning-update-10-aug-2018,Daily bunker price reported in USD/metric tonne.,,,,USD,458.0,,user_supplied_drive_file,False
2018-08-10,Fujairah,United Arab Emirates,MGO/LSMGO,727.0,Daily spot price,Daily,LiveBunkers,10 AUG 2018 morning update,https://livebunkers.com/bunker-prices-today-morning-update-10-aug-2018,Daily marine gasoil price reported in USD/metric tonne.,,,,USD,727.0,,user_supplied_drive_file,False
2018-08-10,Houston,United States,IFO 380,424.0,Daily spot price,Daily,LiveBunkers,10 AUG 2018 morning update,https://livebunkers.com/bunker-prices-today-morning-update-10-aug-2018,Daily bunker price reported in USD/metric tonne.,,,,USD,424.0,,user_supplied_drive_file,False
2018-08-10,Houston,United States,MGO/LSMGO,666.0,Daily spot price,Daily,LiveBunkers,10 AUG 2018 morning update,https://livebunkers.com/bunker-prices-today-morning-update-10-aug-2018,Daily marine gasoil price reported in USD/metric tonne.,,,,USD,666.0,,user_supplied_drive_file,False
2018-08-10,Rotterdam,Netherlands,IFO 380,422.0,Daily spot price,Daily,LiveBunkers,10 AUG 2018 morning update,https://livebunkers.com/bunker-prices-today-morning-update-10-aug-2018,Daily bunker price reported in USD/metric tonne.,,,,USD,422.0,,user_supplied_drive_file,False
2018-08-10,Rotterdam,Netherlands,MGO/LSMGO,621.0,Daily spot price,Daily,LiveBunkers,10 AUG 2018 morning update,https://livebunkers.com/bunker-prices-today-morning-update-10-aug-2018,Daily marine gasoil price reported in USD/metric tonne.,,,,USD,621.0,,user_supplied_drive_file,False
2018-08-10,Singapore,Singapore,IFO 380,469.0,Daily spot price,Daily,LiveBunkers,10 AUG 2018 morning update,https://livebunkers.com/bunker-prices-today-morning-update-10-aug-2018,Daily bunker price reported in USD/metric tonne.,,,,USD,469.0,,user_supplied_drive_file,False
2018-08-10,Singapore,Singapore,MGO/LSMGO,658.0,Daily spot price,Daily,LiveBunkers,10 AUG 2018 morning update,https://livebunkers.com/bunker-prices-today-morning-update-10-aug-2018,Daily marine gasoil price reported in USD/metric tonne.,,,,USD,658.0,,user_supplied_drive_file,False
2018-10-19,Houston,United States,IFO 380,459.0,Spot assessment,Daily,HANSA/Clarksons,HANSA International Maritime Journal No.11 2018,https://www.yumpu.com/de/document/view/62177769/hansa-international-maritime-journal-november-2018/12,Published 19.10.2018; IFO 380cst $/t.,,,,,,,user_supplied_drive_file,False
2018-10-19,Rotterdam,Netherlands,IFO 380,461.5,Spot assessment,Daily,HANSA/Clarksons,HANSA International Maritime Journal No.11 2018,https://www.yumpu.com/de/document/view/62177769/hansa-international-maritime-journal-november-2018/12,Published 19.10.2018; IFO 380cst $/t.,,,,,,,user_supplied_drive_file,False
2018-10-19,Singapore,Singapore,IFO 380,509.5,Spot assessment,Daily,HANSA/Clarksons,HANSA International Maritime Journal No.11 2018,https://www.yumpu.com/de/document/view/62177769/hansa-international-maritime-journal-november-2018/12,Published 19.10.2018; IFO 380cst $/t.,,,,,,,user_supplied_drive_file,False
2019-03-20,Fujairah,United Arab Emirates,IFO 380,436.0,Daily Spot,Daily,LiveBunkers.com,LiveBunkers 21 Mar 2019 — previous-day bunker prices,https://livebunkers.com/21mar2019-livebunkerscom-previous-day-market-prices,Published table reports 20 Mar 2019 closing bunker prices.,,,Verified,USD/MT,436.0,,user_supplied_drive_file,False
2019-03-20,Fujairah,United Arab Emirates,MGO,735.0,Daily Spot,Daily,LiveBunkers.com,LiveBunkers 21 Mar 2019 — previous-day bunker prices,https://livebunkers.com/21mar2019-livebunkerscom-previous-day-market-prices,Published table reports 20 Mar 2019 closing bunker prices.,,,Verified,USD/MT,735.0,,user_supplied_drive_file,False
2019-03-20,Houston,United States,IFO 380,423.0,Daily Spot,Daily,LiveBunkers.com,LiveBunkers 21 Mar 2019 — previous-day bunker prices,https://livebunkers.com/21mar2019-livebunkerscom-previous-day-market-prices,Published table reports 20 Mar 2019 closing bunker prices.,,,Verified,USD/MT,423.0,,user_supplied_drive_file,False
2019-03-20,Houston,United States,LSMGO,652.0,Daily Spot,Daily,LiveBunkers.com,LiveBunkers 21 Mar 2019 — previous-day bunker prices,https://livebunkers.com/21mar2019-livebunkerscom-previous-day-market-prices,Published table reports 20 Mar 2019 closing bunker prices.,,,Verified,USD/MT,652.0,,user_supplied_drive_file,False
2019-03-20,Rotterdam,Netherlands,IFO 380,412.0,Daily Spot,Daily,LiveBunkers.com,LiveBunkers 21 Mar 2019 — previous-day bunker prices,https://livebunkers.com/21mar2019-livebunkerscom-previous-day-market-prices,Published table reports 20 Mar 2019 closing bunker prices.,,,Verified,USD/MT,412.0,,user_supplied_drive_file,False
2019-03-20,Rotterdam,Netherlands,LSMGO,615.0,Daily Spot,Daily,LiveBunkers.com,LiveBunkers 21 Mar 2019 — previous-day bunker prices,https://livebunkers.com/21mar2019-livebunkerscom-previous-day-market-prices,Published table reports 20 Mar 2019 closing bunker prices.,,,Verified,USD/MT,615.0,,user_supplied_drive_file,False
2019-03-20,Singapore,Singapore,IFO 380,434.0,Daily Spot,Daily,LiveBunkers.com,LiveBunkers 21 Mar 2019 — previous-day bunker prices,https://livebunkers.com/21mar2019-livebunkerscom-previous-day-market-prices,Published table reports 20 Mar 2019 closing bunker prices.,,,Verified,USD/MT,434.0,,user_supplied_drive_file,False
2019-03-20,Singapore,Singapore,MGO,623.0,Daily Spot,Daily,LiveBunkers.com,LiveBunkers 21 Mar 2019 — previous-day bunker prices,https://livebunkers.com/21mar2019-livebunkerscom-previous-day-market-prices,Published table reports 20 Mar 2019 closing bunker prices.,,,Verified,USD/MT,623.0,,user_supplied_drive_file,False
2019-03-26,Fujairah,United Arab Emirates,IFO 380,424.0,Daily Spot,Daily,LiveBunkers.com,LiveBunkers 27 Mar 2019 — previous-day bunker prices,https://livebunkers.com/27mar2019-livebunkerscom-previous-day-market-prices,Published table reports 26 Mar 2019 closing bunker prices.,,,Verified,USD/MT,424.0,,user_supplied_drive_file,False
2019-03-26,Fujairah,United Arab Emirates,MGO,733.0,Daily Spot,Daily,LiveBunkers.com,LiveBunkers 27 Mar 2019 — previous-day bunker prices,https://livebunkers.com/27mar2019-livebunkerscom-previous-day-market-prices,Published table reports 26 Mar 2019 closing bunker prices.,,,Verified,USD/MT,733.0,,user_supplied_drive_file,False
2019-03-26,Houston,United States,IFO 380,414.0,Daily Spot,Daily,LiveBunkers.com,LiveBunkers 27 Mar 2019 — previous-day bunker prices,https://livebunkers.com/27mar2019-livebunkerscom-previous-day-market-prices,Published table reports 26 Mar 2019 closing bunker prices.,,,Verified,USD/MT,414.0,,user_supplied_drive_file,False
2019-03-26,Houston,United States,LSMGO,650.0,Daily Spot,Daily,LiveBunkers.com,LiveBunkers 27 Mar 2019 — previous-day bunker prices,https://livebunkers.com/27mar2019-livebunkerscom-previous-day-market-prices,Published table reports 26 Mar 2019 closing bunker prices.,,,Verified,USD/MT,650.0,,user_supplied_drive_file,False
2019-03-26,Rotterdam,Netherlands,IFO 380,403.0,Daily Spot,Daily,LiveBunkers.com,LiveBunkers 27 Mar 2019 — previous-day bunker prices,https://livebunkers.com/27mar2019-livebunkerscom-previous-day-market-prices,Published table reports 26 Mar 2019 closing bunker prices.,,,Verified,USD/MT,403.0,,user_supplied_drive_file,False
2019-03-26,Rotterdam,Netherlands,LSMGO,614.0,Daily Spot,Daily,LiveBunkers.com,LiveBunkers 27 Mar 2019 — previous-day bunker prices,https://livebunkers.com/27mar2019-livebunkerscom-previous-day-market-prices,Published table reports 26 Mar 2019 closing bunker prices.,,,Verified,USD/MT,614.0,,user_supplied_drive_file,False
2019-03-26,Singapore,Singapore,IFO 380,422.0,Daily Spot,Daily,LiveBunkers.com,LiveBunkers 27 Mar 2019 — previous-day bunker prices,https://livebunkers.com/27mar2019-livebunkerscom-previous-day-market-prices,Published table reports 26 Mar 2019 closing bunker prices.,,,Verified,USD/MT,422.0,,user_supplied_drive_file,False
2019-03-26,Singapore,Singapore,MGO,618.0,Daily Spot,Daily,LiveBunkers.com,LiveBunkers 27 Mar 2019 — previous-day bunker prices,https://livebunkers.com/27mar2019-livebunkerscom-previous-day-market-prices,Published table reports 26 Mar 2019 closing bunker prices.,,,Verified,USD/MT,618.0,,user_supplied_drive_file,False
2019-03-29,Fujairah,United Arab Emirates,IFO 380,430.0,Daily spot price,Daily,LiveBunkers,29 MAR 2019 evening update,https://livebunkers.com/bunker-prices-today-evening-update-29-mar-2019,Daily IFO 380cst price.,,,,USD,430.0,,user_supplied_drive_file,False
2019-03-29,Fujairah,United Arab Emirates,LSMGO,742.0,Daily spot price,Daily,LiveBunkers,29 MAR 2019 evening update,https://livebunkers.com/bunker-prices-today-evening-update-29-mar-2019,Daily LSMGO price.,,,,USD,742.0,,user_supplied_drive_file,False
2019-03-29,Fujairah,United Arab Emirates,MGO,732.0,Daily spot price,Daily,LiveBunkers,29 MAR 2019 evening update,https://livebunkers.com/bunker-prices-today-evening-update-29-mar-2019,Daily MGO price.,,,,USD,732.0,,user_supplied_drive_file,False
2019-03-29,Houston,United States,IFO 380,423.5,Daily spot price,Daily,LiveBunkers,29 MAR 2019 evening update,https://livebunkers.com/bunker-prices-today-evening-update-29-mar-2019,Daily IFO 380cst price.,,,,USD,423.5,,user_supplied_drive_file,False
2019-03-29,Houston,United States,LSMGO,655.0,Daily spot price,Daily,LiveBunkers,29 MAR 2019 evening update,https://livebunkers.com/bunker-prices-today-evening-update-29-mar-2019,Daily LSMGO price.,,,,USD,655.0,,user_supplied_drive_file,False
2019-03-29,Houston,United States,MGO,660.0,Daily spot price,Daily,LiveBunkers,29 MAR 2019 evening update,https://livebunkers.com/bunker-prices-today-evening-update-29-mar-2019,Daily MGO price.,,,,USD,660.0,,user_supplied_drive_file,False
2019-03-29,Rotterdam,Netherlands,IFO 380,408.0,Daily spot price,Daily,LiveBunkers,29 MAR 2019 evening update,https://livebunkers.com/bunker-prices-today-evening-update-29-mar-2019,Daily IFO 380cst price.,,,,USD,408.0,,user_supplied_drive_file,False
2019-03-29,Rotterdam,Netherlands,LSMGO,616.0,Daily spot price,Daily,LiveBunkers,29 MAR 2019 evening update,https://livebunkers.com/bunker-prices-today-evening-update-29-mar-2019,Daily LSMGO price.,,,,USD,616.0,,user_supplied_drive_file,False
2019-03-29,Rotterdam,Netherlands,MGO,582.0,Daily spot price,Daily,LiveBunkers,29 MAR 2019 evening update,https://livebunkers.com/bunker-prices-today-evening-update-29-mar-2019,Daily MGO price.,,,,USD,582.0,,user_supplied_drive_file,False
2019-03-29,Singapore,Singapore,IFO 380,429.0,Daily spot price,Daily,LiveBunkers,29 MAR 2019 evening update,https://livebunkers.com/bunker-prices-today-evening-update-29-mar-2019,Daily IFO 380cst price.,,,,USD,429.0,,user_supplied_drive_file,False
2019-03-29,Singapore,Singapore,LSMGO,617.5,Daily spot price,Daily,LiveBunkers,29 MAR 2019 evening update,https://livebunkers.com/bunker-prices-today-evening-update-29-mar-2019,Daily LSMGO price.,,,,USD,617.5,,user_supplied_drive_file,False
2019-03-29,Singapore,Singapore,MGO,618.5,Daily spot price,Daily,LiveBunkers,29 MAR 2019 evening update,https://livebunkers.com/bunker-prices-today-evening-update-29-mar-2019,Daily MGO price.,,,,USD,618.5,,user_supplied_drive_file,False
2019-04-02,Fujairah,United Arab Emirates,IFO 380,429.0,Daily Spot,Daily,LiveBunkers.com,LiveBunkers 3 Apr 2019 — previous-day bunker prices,https://www.livebunkers.com/03apr2019-livebunkerscom-previous-day-market-prices,Published table reports 2 Apr 2019 closing bunker prices.,,,Verified,USD/MT,429.0,,user_supplied_drive_file,False
2019-04-02,Fujairah,United Arab Emirates,MGO,733.0,Daily Spot,Daily,LiveBunkers.com,LiveBunkers 3 Apr 2019 — previous-day bunker prices,https://www.livebunkers.com/03apr2019-livebunkerscom-previous-day-market-prices,Published table reports 2 Apr 2019 closing bunker prices.,,,Verified,USD/MT,733.0,,user_supplied_drive_file,False
2019-04-02,Houston,United States,IFO 380,428.0,Daily Spot,Daily,LiveBunkers.com,LiveBunkers 3 Apr 2019 — previous-day bunker prices,https://www.livebunkers.com/03apr2019-livebunkerscom-previous-day-market-prices,Published table reports 2 Apr 2019 closing bunker prices.,,,Verified,USD/MT,428.0,,user_supplied_drive_file,False
2019-04-02,Houston,United States,LSMGO,662.0,Daily Spot,Daily,LiveBunkers.com,LiveBunkers 3 Apr 2019 — previous-day bunker prices,https://www.livebunkers.com/03apr2019-livebunkerscom-previous-day-market-prices,Published table reports 2 Apr 2019 closing bunker prices.,,,Verified,USD/MT,662.0,,user_supplied_drive_file,False
2019-04-02,Rotterdam,Netherlands,IFO 380,418.0,Daily Spot,Daily,LiveBunkers.com,LiveBunkers 3 Apr 2019 — previous-day bunker prices,https://www.livebunkers.com/03apr2019-livebunkerscom-previous-day-market-prices,Published table reports 2 Apr 2019 closing bunker prices.,,,Verified,USD/MT,418.0,,user_supplied_drive_file,False
2019-04-02,Rotterdam,Netherlands,LSMGO,623.0,Daily Spot,Daily,LiveBunkers.com,LiveBunkers 3 Apr 2019 — previous-day bunker prices,https://www.livebunkers.com/03apr2019-livebunkerscom-previous-day-market-prices,Published table reports 2 Apr 2019 closing bunker prices.,,,Verified,USD/MT,623.0,,user_supplied_drive_file,False
2019-04-02,Singapore,Singapore,IFO 380,431.0,Daily Spot,Daily,LiveBunkers.com,LiveBunkers 3 Apr 2019 — previous-day bunker prices,https://www.livebunkers.com/03apr2019-livebunkerscom-previous-day-market-prices,Published table reports 2 Apr 2019 closing bunker prices.,,,Verified,USD/MT,431.0,,user_supplied_drive_file,False
2019-04-02,Singapore,Singapore,MGO,618.0,Daily Spot,Daily,LiveBunkers.com,LiveBunkers 3 Apr 2019 — previous-day bunker prices,https://www.livebunkers.com/03apr2019-livebunkerscom-previous-day-market-prices,Published table reports 2 Apr 2019 closing bunker prices.,,,Verified,USD/MT,618.0,,user_supplied_drive_file,False
2019-12-01,Fujairah,United Arab Emirates,IFO 380,283.1,Monthly Average,Monthly,AlphaTanker Shipping Monthly Monitor,"Shipping Monthly Monitor, January 2020, Bunker Prices",https://public.axsmarine.com/wp-content/uploads/2021/08/Alphatanker_Shipping_Monthly_Monitor_January_2020.pdf,Average Dec-2019; source states $/ton and cites Thomson Reuters.,,,,,,,user_supplied_drive_file,False
2019-12-01,Rotterdam,Netherlands,IFO 380,263.1,Monthly Average,Monthly,AlphaTanker Shipping Monthly Monitor,"Shipping Monthly Monitor, January 2020, Bunker Prices",https://public.axsmarine.com/wp-content/uploads/2021/08/Alphatanker_Shipping_Monthly_Monitor_January_2020.pdf,Average Dec-2019; source states $/ton and cites Thomson Reuters.,,,,,,,user_supplied_drive_file,False
2019-12-01,Rotterdam,Netherlands,LSMGO,573.7,Monthly Average,Monthly,AlphaTanker Shipping Monthly Monitor,"Shipping Monthly Monitor, January 2020, Bunker Prices",https://public.axsmarine.com/wp-content/uploads/2021/08/Alphatanker_Shipping_Monthly_Monitor_January_2020.pdf,Average Dec-2019 Rotterdam low-sulphur marine gasoil; source states $/ton and cites Thomson Reuters.,,,,,,,user_supplied_drive_file,False
2019-12-01,Singapore,Singapore,IFO 380,325.7,Monthly Average,Monthly,AlphaTanker Shipping Monthly Monitor,"Shipping Monthly Monitor, January 2020, Bunker Prices",https://public.axsmarine.com/wp-content/uploads/2021/08/Alphatanker_Shipping_Monthly_Monitor_January_2020.pdf,Average Dec-2019; source states $/ton and cites Thomson Reuters.,,,,,,,user_supplied_drive_file,False
2019-12-13,Singapore,Singapore,VLSFO,613.0,Average indication,Daily,Ship & Bunker,VLSFO priced at a premium to MGO in Singapore,https://shipandbunker.com/news/apac/811132-vlsfo-priced-at-a-premium-to-mgo-in-singapore,13 Dec 2019 average indication for 0.50% sulfur product.,,,,,,,user_supplied_drive_file,False
2020-08-28,Fujairah,United Arab Emirates,IFO 380,280.5,Weekly price,Weekly,Hellenic Shipping News / Weekly Market Report,Market Report 2020-08-28 bunker prices,https://www.hellenicshippingnews.com/wp-content/uploads/2020/08/Weekly-Market-Report-2020-35.pdf,Weekly bunker assessment.,,,,USD,280.5,,user_supplied_drive_file,False
2020-08-28,Fujairah,United Arab Emirates,MGO,458.5,Weekly price,Weekly,Hellenic Shipping News / Weekly Market Report,Market Report 2020-08-28 MGO,https://www.hellenicshippingnews.com/wp-content/uploads/2020/08/Weekly-Market-Report-2020-35.pdf,Weekly MGO assessment.,,,,USD,458.5,,user_supplied_drive_file,False
2020-08-28,Fujairah,United Arab Emirates,VLSFO,335.5,Weekly price,Weekly,Hellenic Shipping News / Weekly Market Report,Market Report 2020-08-28 0.5% LSFO,https://www.hellenicshippingnews.com/wp-content/uploads/2020/08/Weekly-Market-Report-2020-35.pdf,0.5% sulphur LSFO/VLSFO series; source labels 0.5% LSFO.,,,,USD,335.5,,user_supplied_drive_file,False
2020-08-28,Rotterdam,Netherlands,IFO 380,274.5,Weekly price,Weekly,Hellenic Shipping News / Weekly Market Report,Market Report 2020-08-28 bunker prices,https://www.hellenicshippingnews.com/wp-content/uploads/2020/08/Weekly-Market-Report-2020-35.pdf,Weekly bunker assessment.,,,,USD,274.5,,user_supplied_drive_file,False
2020-08-28,Rotterdam,Netherlands,MGO,362.5,Weekly price,Weekly,Hellenic Shipping News / Weekly Market Report,Market Report 2020-08-28 MGO,https://www.hellenicshippingnews.com/wp-content/uploads/2020/08/Weekly-Market-Report-2020-35.pdf,Weekly MGO assessment.,,,,USD,362.5,,user_supplied_drive_file,False
2020-08-28,Rotterdam,Netherlands,VLSFO,318.5,Weekly price,Weekly,Hellenic Shipping News / Weekly Market Report,Market Report 2020-08-28 0.5% LSFO,https://www.hellenicshippingnews.com/wp-content/uploads/2020/08/Weekly-Market-Report-2020-35.pdf,0.5% sulphur LSFO/VLSFO series; source labels 0.5% LSFO.,,,,USD,318.5,,user_supplied_drive_file,False
2020-08-28,Singapore,Singapore,IFO 380,292.0,Weekly price,Weekly,Hellenic Shipping News / Weekly Market Report,Market Report 2020-08-28 bunker prices,https://www.hellenicshippingnews.com/wp-content/uploads/2020/08/Weekly-Market-Report-2020-35.pdf,Weekly bunker assessment.,,,,USD,292.0,,user_supplied_drive_file,False
2020-08-28,Singapore,Singapore,MGO,378.0,Weekly price,Weekly,Hellenic Shipping News / Weekly Market Report,Market Report 2020-08-28 MGO,https://www.hellenicshippingnews.com/wp-content/uploads/2020/08/Weekly-Market-Report-2020-35.pdf,Weekly MGO assessment.,,,,USD,378.0,,user_supplied_drive_file,False
2020-08-28,Singapore,Singapore,VLSFO,345.0,Weekly price,Weekly,Hellenic Shipping News / Weekly Market Report,Market Report 2020-08-28 0.5% LSFO,https://www.hellenicshippingnews.com/wp-content/uploads/2020/08/Weekly-Market-Report-2020-35.pdf,0.5% sulphur LSFO/VLSFO series; source labels 0.5% LSFO.,,,,USD,345.0,,user_supplied_drive_file,False
2020-09-04,Fujairah,United Arab Emirates,IFO 380,287.5,Weekly price,Weekly,Hellenic Shipping News / Weekly Market Report,Market Report 2020-09-04 bunker prices,https://www.hellenicshippingnews.com/wp-content/uploads/2020/09/Weekly-Market-Report-2020-36.pdf,Weekly bunker assessment.,,,,USD,287.5,,user_supplied_drive_file,False
2020-09-04,Fujairah,United Arab Emirates,MGO,444.0,Weekly price,Weekly,Hellenic Shipping News / Weekly Market Report,Market Report 2020-09-04 MGO,https://www.hellenicshippingnews.com/wp-content/uploads/2020/09/Weekly-Market-Report-2020-36.pdf,Weekly MGO assessment.,,,,USD,444.0,,user_supplied_drive_file,False
2020-09-04,Fujairah,United Arab Emirates,VLSFO,327.0,Weekly price,Weekly,Hellenic Shipping News / Weekly Market Report,Market Report 2020-09-04 0.5% LSFO,https://www.hellenicshippingnews.com/wp-content/uploads/2020/09/Weekly-Market-Report-2020-36.pdf,0.5% sulphur LSFO/VLSFO series; source labels 0.5% LSFO.,,,,USD,327.0,,user_supplied_drive_file,False
2020-09-04,Rotterdam,Netherlands,IFO 380,264.5,Weekly price,Weekly,Hellenic Shipping News / Weekly Market Report,Market Report 2020-09-04 bunker prices,https://www.hellenicshippingnews.com/wp-content/uploads/2020/09/Weekly-Market-Report-2020-36.pdf,Weekly bunker assessment.,,,,USD,264.5,,user_supplied_drive_file,False
2020-09-04,Rotterdam,Netherlands,MGO,336.0,Weekly price,Weekly,Hellenic Shipping News / Weekly Market Report,Market Report 2020-09-04 MGO,https://www.hellenicshippingnews.com/wp-content/uploads/2020/09/Weekly-Market-Report-2020-36.pdf,Weekly MGO assessment.,,,,USD,336.0,,user_supplied_drive_file,False
2020-09-04,Rotterdam,Netherlands,VLSFO,317.5,Weekly price,Weekly,Hellenic Shipping News / Weekly Market Report,Market Report 2020-09-04 0.5% LSFO,https://www.hellenicshippingnews.com/wp-content/uploads/2020/09/Weekly-Market-Report-2020-36.pdf,0.5% sulphur LSFO/VLSFO series; source labels 0.5% LSFO.,,,,USD,317.5,,user_supplied_drive_file,False
2020-09-04,Singapore,Singapore,IFO 380,286.5,Weekly price,Weekly,Hellenic Shipping News / Weekly Market Report,Market Report 2020-09-04 bunker prices,https://www.hellenicshippingnews.com/wp-content/uploads/2020/09/Weekly-Market-Report-2020-36.pdf,Weekly bunker assessment.,,,,USD,286.5,,user_supplied_drive_file,False
2020-09-04,Singapore,Singapore,MGO,355.5,Weekly price,Weekly,Hellenic Shipping News / Weekly Market Report,Market Report 2020-09-04 MGO,https://www.hellenicshippingnews.com/wp-content/uploads/2020/09/Weekly-Market-Report-2020-36.pdf,Weekly MGO assessment.,,,,USD,355.5,,user_supplied_drive_file,False
2020-09-04,Singapore,Singapore,VLSFO,337.0,Weekly price,Weekly,Hellenic Shipping News / Weekly Market Report,Market Report 2020-09-04 0.5% LSFO,https://www.hellenicshippingnews.com/wp-content/uploads/2020/09/Weekly-Market-Report-2020-36.pdf,0.5% sulphur LSFO/VLSFO series; source labels 0.5% LSFO.,,,,USD,337.0,,user_supplied_drive_file,False
2020-09-18,Fujairah,United Arab Emirates,IFO 380,268.0,Weekly price,Weekly,Hellenic Shipping News / Weekly Market Report,Market Report 2020-09-18 bunker prices,https://www.hellenicshippingnews.com/wp-content/uploads/2020/09/Weekly-Market-Report-2020-38.pdf,Weekly bunker assessment.,,,,USD,268.0,,user_supplied_drive_file,False
2020-09-18,Fujairah,United Arab Emirates,MGO,433.5,Weekly price,Weekly,Hellenic Shipping News / Weekly Market Report,Market Report 2020-09-18 MGO,https://www.hellenicshippingnews.com/wp-content/uploads/2020/09/Weekly-Market-Report-2020-38.pdf,Weekly MGO assessment.,,,,USD,433.5,,user_supplied_drive_file,False
2020-09-18,Fujairah,United Arab Emirates,VLSFO,338.5,Weekly price,Weekly,Hellenic Shipping News / Weekly Market Report,Market Report 2020-09-18 0.5% LSFO,https://www.hellenicshippingnews.com/wp-content/uploads/2020/09/Weekly-Market-Report-2020-38.pdf,0.5% sulphur LSFO/VLSFO series; source labels 0.5% LSFO.,,,,USD,338.5,,user_supplied_drive_file,False
2020-09-18,Rotterdam,Netherlands,IFO 380,259.0,Weekly price,Weekly,Hellenic Shipping News / Weekly Market Report,Market Report 2020-09-18 bunker prices,https://www.hellenicshippingnews.com/wp-content/uploads/2020/09/Weekly-Market-Report-2020-38.pdf,Weekly bunker assessment.,,,,USD,259.0,,user_supplied_drive_file,False
2020-09-18,Rotterdam,Netherlands,MGO,341.5,Weekly price,Weekly,Hellenic Shipping News / Weekly Market Report,Market Report 2020-09-18 MGO,https://www.hellenicshippingnews.com/wp-content/uploads/2020/09/Weekly-Market-Report-2020-38.pdf,Weekly MGO assessment.,,,,USD,341.5,,user_supplied_drive_file,False
2020-09-18,Rotterdam,Netherlands,VLSFO,308.5,Weekly price,Weekly,Hellenic Shipping News / Weekly Market Report,Market Report 2020-09-18 0.5% LSFO,https://www.hellenicshippingnews.com/wp-content/uploads/2020/09/Weekly-Market-Report-2020-38.pdf,0.5% sulphur LSFO/VLSFO series; source labels 0.5% LSFO.,,,,USD,308.5,,user_supplied_drive_file,False
2020-09-18,Singapore,Singapore,IFO 380,275.5,Weekly price,Weekly,Hellenic Shipping News / Weekly Market Report,Market Report 2020-09-18 bunker prices,https://www.hellenicshippingnews.com/wp-content/uploads/2020/09/Weekly-Market-Report-2020-38.pdf,Weekly bunker assessment.,,,,USD,275.5,,user_supplied_drive_file,False
2020-09-18,Singapore,Singapore,MGO,359.0,Weekly price,Weekly,Hellenic Shipping News / Weekly Market Report,Market Report 2020-09-18 MGO,https://www.hellenicshippingnews.com/wp-content/uploads/2020/09/Weekly-Market-Report-2020-38.pdf,Weekly MGO assessment.,,,,USD,359.0,,user_supplied_drive_file,False
2020-09-18,Singapore,Singapore,VLSFO,343.0,Weekly price,Weekly,Hellenic Shipping News / Weekly Market Report,Market Report 2020-09-18 0.5% LSFO,https://www.hellenicshippingnews.com/wp-content/uploads/2020/09/Weekly-Market-Report-2020-38.pdf,0.5% sulphur LSFO/VLSFO series; source labels 0.5% LSFO.,,,,USD,343.0,,user_supplied_drive_file,False
2020-09-25,Fujairah,United Arab Emirates,IFO 380,260.0,Weekly price,Weekly,Hellenic Shipping News / Weekly Market Report,Market Report 2020-09-25 bunker prices,https://capitallinkshipping.com/wp-content/uploads/2025/03/Weekly-Market-Report-2020-39.pdf,Weekly bunker assessment.,,,,USD,260.0,,user_supplied_drive_file,False
2020-09-25,Fujairah,United Arab Emirates,MGO,448.0,Weekly price,Weekly,Hellenic Shipping News / Weekly Market Report,Market Report 2020-09-25 MGO,https://capitallinkshipping.com/wp-content/uploads/2025/03/Weekly-Market-Report-2020-39.pdf,Weekly MGO assessment.,,,,USD,448.0,,user_supplied_drive_file,False
2020-09-25,Fujairah,United Arab Emirates,VLSFO,342.0,Weekly price,Weekly,Hellenic Shipping News / Weekly Market Report,Market Report 2020-09-25 0.5% LSFO,https://capitallinkshipping.com/wp-content/uploads/2025/03/Weekly-Market-Report-2020-39.pdf,0.5% sulphur LSFO/VLSFO series; source labels 0.5% LSFO.,,,,USD,342.0,,user_supplied_drive_file,False
2020-09-25,Rotterdam,Netherlands,IFO 380,251.0,Weekly price,Weekly,Hellenic Shipping News / Weekly Market Report,Market Report 2020-09-25 bunker prices,https://capitallinkshipping.com/wp-content/uploads/2025/03/Weekly-Market-Report-2020-39.pdf,Weekly bunker assessment.,,,,USD,251.0,,user_supplied_drive_file,False
2020-09-25,Rotterdam,Netherlands,MGO,322.5,Weekly price,Weekly,Hellenic Shipping News / Weekly Market Report,Market Report 2020-09-25 MGO,https://capitallinkshipping.com/wp-content/uploads/2025/03/Weekly-Market-Report-2020-39.pdf,Weekly MGO assessment.,,,,USD,322.5,,user_supplied_drive_file,False
2020-09-25,Rotterdam,Netherlands,VLSFO,301.5,Weekly price,Weekly,Hellenic Shipping News / Weekly Market Report,Market Report 2020-09-25 0.5% LSFO,https://capitallinkshipping.com/wp-content/uploads/2025/03/Weekly-Market-Report-2020-39.pdf,0.5% sulphur LSFO/VLSFO series; source labels 0.5% LSFO.,,,,USD,301.5,,user_supplied_drive_file,False
2020-09-25,Singapore,Singapore,IFO 380,270.5,Weekly price,Weekly,Hellenic Shipping News / Weekly Market Report,Market Report 2020-09-25 bunker prices,https://capitallinkshipping.com/wp-content/uploads/2025/03/Weekly-Market-Report-2020-39.pdf,Weekly bunker assessment.,,,,USD,270.5,,user_supplied_drive_file,False
2020-09-25,Singapore,Singapore,MGO,349.0,Weekly price,Weekly,Hellenic Shipping News / Weekly Market Report,Market Report 2020-09-25 MGO,https://capitallinkshipping.com/wp-content/uploads/2025/03/Weekly-Market-Report-2020-39.pdf,Weekly MGO assessment.,,,,USD,349.0,,user_supplied_drive_file,False
2020-09-25,Singapore,Singapore,VLSFO,335.5,Weekly price,Weekly,Hellenic Shipping News / Weekly Market Report,Market Report 2020-09-25 0.5% LSFO,https://capitallinkshipping.com/wp-content/uploads/2025/03/Weekly-Market-Report-2020-39.pdf,0.5% sulphur LSFO/VLSFO series; source labels 0.5% LSFO.,,,,USD,335.5,,user_supplied_drive_file,False
2021-02-10,Singapore,Singapore,VLSFO,500.5,Spot,Daily,Ship & Bunker,Singapore VLSFO Jumps Above $500/MT,https://shipandbunker.com/news/apac/210055-singapore-vlsfo-jumps-above-500mt,"Price reported for Tuesday Feb 9, 2021; article published Feb 10. Highest since Feb 21, 2020.",,,,,,,user_supplied_drive_file,False
2021-02-11,Singapore,Singapore,IFO 380,373.75,Daily Assessment,Daily,S&P Global Platts,Platts corrected Feb 11 2021 Singapore-delivered 380 CST assessment,https://www.spglobal.com/energy/en/pricing-benchmarks/our-methodology/subscriber-notes/021721-platts-corrects-feb-11-singapore-delivered-380-cst-bunker-assessment,,,,Verified,USD/MT,,,user_supplied_drive_file,False
2021-03-05,Fujairah,United Arab Emirates,IFO 380,373.5,Weekly Average,Weekly,QAsia Weekly Market Report,QAsia Weekly Market Report Week 9 2021,https://www.scribd.com/document/675185433/QAsia-Weekly-Market-Report-210307,Week 9 2021 weekly average.,,,,,,,user_supplied_drive_file,False
2021-03-05,Fujairah,United Arab Emirates,LSMGO,589.25,Weekly Average,Weekly,QAsia Weekly Market Report,Week 9 2021 bunker prices,https://www.scribd.com/document/675185433/QAsia-Weekly-Market-Report-210307,0.1% sulphur marine gasoil weekly average.,,,,USD,589.25,,user_supplied_drive_file,False
2021-03-05,Fujairah,United Arab Emirates,VLSFO,499.75,Weekly Average,Weekly,QAsia Weekly Market Report,Week 9 2021 bunker prices,https://www.scribd.com/document/675185433/QAsia-Weekly-Market-Report-210307,0.5% sulphur marine fuel weekly average.,,,,USD,499.75,,user_supplied_drive_file,False
2021-03-05,Rotterdam,Netherlands,IFO 380,381.75,Weekly Average,Weekly,QAsia Weekly Market Report,QAsia Weekly Weekly Market Report Week 9 2021,https://www.scribd.com/document/675185433/QAsia-Weekly-Market-Report-210307,Week 9 2021 weekly average.,,,,,,,user_supplied_drive_file,False
2021-03-05,Rotterdam,Netherlands,VLSFO,483.25,Weekly Average,Weekly,QAsia Weekly Market Report,Week 9 2021 bunker prices,https://www.scribd.com/document/675185433/QAsia-Weekly-Market-Report-210307,0.5% sulphur marine fuel weekly average.,,,,USD,483.25,,user_supplied_drive_file,False
2021-03-05,Singapore,Singapore,IFO 380,383.5,Weekly Average,Weekly,QAsia Weekly Market Report,QAsia Weekly Market Report Week 9 2021,https://www.scribd.com/document/675185433/QAsia-Weekly-Market-Report-210307,Week 9 2021 weekly average.,,,,,,,user_supplied_drive_file,False
2021-03-05,Singapore,Singapore,LSMGO,532.25,Weekly Average,Weekly,QAsia Weekly Market Report,Week 9 2021 bunker prices,https://www.scribd.com/document/675185433/QAsia-Weekly-Market-Report-210307,0.1% sulphur marine gasoil weekly average.,,,,USD,532.25,,user_supplied_drive_file,False
2021-03-05,Singapore,Singapore,VLSFO,502.0,Weekly Average,Weekly,QAsia Weekly Market Report,Week 9 2021 bunker prices,https://www.scribd.com/document/675185433/QAsia-Weekly-Market-Report-210307,0.5% sulphur marine fuel weekly average.,,,,USD,502.0,,user_supplied_drive_file,False
2022-01-28,Fujairah,United Arab Emirates,IFO 380,507.4,Daily Assessment,Daily,QAsia Weekly Market Report,Average Weekly Bunker Prices 2022-W3,https://www.scribd.com/document/675185451/QAsia-Weekly-Market-Report-220130,,,,Verified,USD/MT,,,user_supplied_drive_file,False
2022-01-28,Fujairah,United Arab Emirates,LSMGO,811.0,Daily Assessment,Daily,QAsia Weekly Market Report,Average Weekly Bunker Prices 2022-W3,https://www.scribd.com/document/675185451/QAsia-Weekly-Market-Report-220130,,,,Verified,USD/MT,,,user_supplied_drive_file,False
2022-01-28,Fujairah,United Arab Emirates,VLSFO,678.6,Daily Assessment,Daily,QAsia Weekly Market Report,Average Weekly Bunker Prices 2022-W3,https://www.scribd.com/document/675185451/QAsia-Weekly-Market-Report-220130,,,,Verified,USD/MT,,,user_supplied_drive_file,False
2022-01-28,Rotterdam,Netherlands,IFO 380,490.6,Daily Assessment,Daily,QAsia Weekly Market Report,Average Weekly Bunker Prices 2022-W3,https://www.scribd.com/document/675185451/QAsia-Weekly-Market-Report-220130,,,,Verified,USD/MT,,,user_supplied_drive_file,False
2022-01-28,Rotterdam,Netherlands,LSMGO,766.2,Daily Assessment,Daily,QAsia Weekly Market Report,Average Weekly Bunker Prices 2022-W3,https://www.scribd.com/document/675185451/QAsia-Weekly-Market-Report-220130,,,,Verified,USD/MT,,,user_supplied_drive_file,False
2022-01-28,Rotterdam,Netherlands,VLSFO,652.2,Daily Assessment,Daily,QAsia Weekly Market Report,Average Weekly Bunker Prices 2022-W3,https://www.scribd.com/document/675185451/QAsia-Weekly-Market-Report-220130,,,,Verified,USD/MT,,,user_supplied_drive_file,False
2022-01-28,Singapore,Singapore,IFO 380,495.4,Daily Assessment,Daily,QAsia Weekly Market Report,Average Weekly Bunker Prices 2022-W3,https://www.scribd.com/document/675185451/QAsia-Weekly-Market-Report-220130,,,,Verified,USD/MT,,,user_supplied_drive_file,False
2022-01-28,Singapore,Singapore,LSMGO,762.6,Daily Assessment,Daily,QAsia Weekly Market Report,Average Weekly Bunker Prices 2022-W3,https://www.scribd.com/document/675185451/QAsia-Weekly-Market-Report-220130,,,,Verified,USD/MT,,,user_supplied_drive_file,False
2022-01-28,Singapore,Singapore,VLSFO,684.4,Daily Assessment,Daily,QAsia Weekly Market Report,Average Weekly Bunker Prices 2022-W3,https://www.scribd.com/document/675185451/QAsia-Weekly-Market-Report-220130,,,,Verified,USD/MT,,,user_supplied_drive_file,False
2022-01-31,Fujairah,United Arab Emirates,IFO 380,488.84,Monthly Average,Monthly,QAsia Weekly Market Report,Average Monthly Bunker Prices for January 2022,https://www.scribd.com/document/675185451/QAsia-Weekly-Market-Report-220130,January 2022 monthly average.,,,,,,,user_supplied_drive_file,False
2022-01-31,Rotterdam,Netherlands,IFO 380,477.16,Monthly Average,Monthly,QAsia Weekly Market Report,Average Monthly Bunker Prices for January 2022,https://www.scribd.com/document/675185451/QAsia-Weekly-Market-Report-220130,January 2022 monthly average.,,,,,,,user_supplied_drive_file,False
2022-01-31,Singapore,Singapore,IFO 380,479.37,Monthly Average,Monthly,QAsia Weekly Market Report,Average Monthly Bunker Prices for January 2022,https://www.scribd.com/document/675185451/QAsia-Weekly-Market-Report-220130,January 2022 monthly average.,,,,,,,user_supplied_drive_file,False
2022-04-19,Fujairah,United Arab Emirates,VLSFO,889.5,Spot,Market snapshot,DSV Market Update / Ship & Bunker,DSV Air & Sea Market Update April 19 2022 — Bunker price development,https://il.dsv.com/wp-content/uploads/2022/04/DSV-Market-update-AS-April-19th-2022.pdf,Port VLSFO price callouts in DSV market update; source attribution shown as Ship & Bunker.,,,Verified,USD/MT,889.5,,user_supplied_drive_file,False
2022-04-19,Houston,United States,VLSFO,905.0,Spot,Market snapshot,DSV Market Update / Ship & Bunker,DSV Air & Sea Market Update April 19 2022 — Bunker price development,https://il.dsv.com/wp-content/uploads/2022/04/DSV-Market-update-AS-April-19th-2022.pdf,Port VLSFO price callouts in DSV market update; source attribution shown as Ship & Bunker.,,,Verified,USD/MT,905.0,,user_supplied_drive_file,False
2022-04-19,Rotterdam,Netherlands,VLSFO,851.5,Spot,Market snapshot,DSV Market Update / Ship & Bunker,DSV Air & Sea Market Update April 19 2022 — Bunker price development,https://il.dsv.com/wp-content/uploads/2022/04/DSV-Market-update-AS-April-19th-2022.pdf,Port VLSFO price callouts in DSV market update; source attribution shown as Ship & Bunker.,,,Verified,USD/MT,851.5,,user_supplied_drive_file,False
2022-04-19,Singapore,Singapore,VLSFO,882.5,Spot,Market snapshot,DSV Market Update / Ship & Bunker,DSV Air & Sea Market Update April 19 2022 — Bunker price development,https://il.dsv.com/wp-content/uploads/2022/04/DSV-Market-update-AS-April-19th-2022.pdf,Port VLSFO price callouts in DSV market update; source attribution shown as Ship & Bunker.,,,Verified,USD/MT,882.5,,user_supplied_drive_file,False
2022-05-25,Singapore,Singapore,VLSFO,1010.5,Spot,Daily,Ship & Bunker,Supply Crunch Sends Singapore VLSFO Premium to Rotterdam to Record High,https://shipandbunker.com/news/world/442552-sb-analysis-supply-crunch-sends-singapore-vlsfo-premium-to-rotterdam-to-record-high,Reported Wednesday price; delivered Singapore.,,,,,,,user_supplied_drive_file,False
2022-05-25,Singapore,Singapore,VLSFO,1010.5,Daily Spot,Daily,Ship & Bunker,Supply Crunch Sends Singapore VLSFO Premium to Rotterdam to Record High,https://shipandbunker.com/news/world/442552-sb-analysis-supply-crunch-sends-singapore-vlsfo-premium-to-rotterdam-to-record-high,,,,Verified,USD/MT,1010.5,,user_supplied_drive_file,False
2022-11-21,Singapore,Singapore,VLSFO,647.0,Daily Spot,Daily,Ship & Bunker,Singapore VLSFO Drops to Lowest Level Since Start of 2022,https://shipandbunker.com/news/apac/839582-singapore-vlsfo-drops-to-lowest-level-since-start-of-2022,,,,Verified,USD/MT,647.0,,user_supplied_drive_file,False
2022-12-01,Singapore,Singapore,VLSFO,622.0,Monthly Average,Monthly,Ship & Bunker,Singapore 2022 Bunker Sales Slip to Three-Year Low,https://shipandbunker.com/news/apac/608655-sb-analysis-singapore-2022-bunker-sales-slip-to-three-year-low,December 2022 average; article also reports full-year 2022 Singapore VLSFO average of $809/mt.,,,,,,,user_supplied_drive_file,False
2023-01-01,Singapore,Singapore,VLSFO,645.5,Monthly Average,Monthly,Ship & Bunker,Singapore Bunker Sales Jump to Two-Year High,https://shipandbunker.com/news/apac/240066-sb-analysis-singapore-bunker-sales-jump-to-two-year-high,January 2023 average.,,,,,,,user_supplied_drive_file,False
2023-02-01,Fujairah,United Arab Emirates,VLSFO,636.5,Monthly Average,Monthly,Ship & Bunker,Fujairah bunker sales drop to lowest in at least two years in February 2023,https://en.portnews.ru/news/344447/,February 2023 average reported by Ship & Bunker.,,,,,,,user_supplied_drive_file,False
2023-02-01,Singapore,Singapore,VLSFO,643.0,Monthly Average,Monthly,Ship & Bunker,Fujairah bunker sales drop to lowest in at least two years in February 2023,https://en.portnews.ru/news/344447/,February 2023 average reported by Ship & Bunker.,,,,,,,user_supplied_drive_file,False
2023-04-01,Rotterdam,Netherlands,VLSFO,549.0,Quarterly Average,Quarterly,Ship & Bunker,Rotterdam Conventional Bunker Demand Slips to One-Year Low as LNG Hits 21-Month High,https://shipandbunker.com/news/emea/645734-rotterdam-conventional-bunker-demand-slips-to-one-year-low-as-lng-hits-21-month-high,Q2 2023 average.,,,,,,,user_supplied_drive_file,False
2023-06-01,Fujairah,United Arab Emirates,VLSFO,575.0,Monthly Average,Monthly,Ship & Bunker,Fujairah bunker fuel sales decline in June 2023,https://en.portnews.ru/news/350816/,June 2023 average.,,,,,,,user_supplied_drive_file,False
2023-06-01,Singapore,Singapore,VLSFO,590.0,Monthly Average,Monthly,Ship & Bunker,Fujairah bunker fuel sales decline in June 2023,https://en.portnews.ru/news/350816/,June 2023 average.,,,,,,,user_supplied_drive_file,False
2023-08-01,Fujairah,United Arab Emirates,VLSFO,635.5,Monthly Average,Monthly,Ship & Bunker,Fujairah HSFO Sales Climb to Highest Level Since 2020,https://shipandbunker.com/news/emea/387553-fujairah-hsfo-sales-climb-to-highest-level-since-2020,August 2023 average.,,,,,,,user_supplied_drive_file,False
2023-08-01,Singapore,Singapore,VLSFO,640.0,Monthly Average,Monthly,Ship & Bunker,Fujairah HSFO Sales Climb to Highest Level Since 2020,https://shipandbunker.com/news/emea/387553-fujairah-hsfo-sales-climb-to-highest-level-since-2020,August 2023 average.,,,,,,,user_supplied_drive_file,False
2023-11-01,Singapore,Singapore,VLSFO,685.5,Monthly Average,Monthly,Ship & Bunker,Singapore 2023 Bunker Sales Head for Record High,https://shipandbunker.com/news/apac/597170-analysis-singapore-2023-bunker-sales-head-for-record-high,November 2023 average.,,,,,,,user_supplied_drive_file,False
2023-11-17,Fujairah,United Arab Emirates,IFO 380,422.0,Delivered mid,Daily,S&P Global Platts,Bunkerwire 17 Nov 2023,https://www.scribd.com/document/702822955/BW-20231117-1,"Delivered Fujairah IFO 380 CST mid, $/mt.",,,,,,,user_supplied_drive_file,False
2023-11-17,Fujairah,United Arab Emirates,IFO 380,422.0,Daily Assessment,Daily,S&P Global Platts Bunkerwire,Bunkerwire Nov 17 2023 Fujairah,https://www.scribd.com/document/702822955/BW-20231117-1,,,,Verified,USD/MT,,,user_supplied_drive_file,False
2023-11-17,Fujairah,United Arab Emirates,MGO,884.0,Daily Assessment,Daily,S&P Global Platts Bunkerwire,Bunkerwire Nov 17 2023 Fujairah marine gasoil 0.1%,https://www.scribd.com/document/702822955/BW-20231117-1,,,,Verified,USD/MT,,,user_supplied_drive_file,False
2023-11-17,Rotterdam,Netherlands,IFO 380,449.0,Daily Assessment,Daily,S&P Global Platts Bunkerwire,Bunkerwire Nov 17 2023 Rotterdam,https://www.scribd.com/document/702822955/BW-20231117-1,,,,Verified,USD/MT,,,user_supplied_drive_file,False
2023-11-17,Rotterdam,Netherlands,MGO,650.0,Daily Assessment,Daily,S&P Global Platts Bunkerwire,Bunkerwire Nov 17 2023 Rotterdam marine gasoil 0.1%,https://www.scribd.com/document/702822955/BW-20231117-1,,,,Verified,USD/MT,,,user_supplied_drive_file,False
2023-11-17,Singapore,Singapore,IFO 380,445.0,Delivered mid,Daily,S&P Global Platts,Bunkerwire 17 Nov 2023,https://www.scribd.com/document/702822955/BW-20231117-1,"Delivered Singapore IFO 380 CST mid, $/mt.",,,,,,,user_supplied_drive_file,False
2023-11-17,Singapore,Singapore,IFO 380,445.0,Daily Assessment,Daily,S&P Global Platts Bunkerwire,Bunkerwire Nov 17 2023 delivered Singapore,https://www.scribd.com/document/702822955/BW-20231117-1,,,,Verified,USD/MT,,,user_supplied_drive_file,False
2023-11-17,Singapore,Singapore,MGO,755.0,Daily Assessment,Daily,S&P Global Platts Bunkerwire,Bunkerwire Nov 17 2023 Singapore marine gasoil 0.1%,https://www.scribd.com/document/702822955/BW-20231117-1,,,,Verified,USD/MT,,,user_supplied_drive_file,False
2023-11-17,Singapore,Singapore,Marine gasoil 0.5%,440.0,Daily Assessment,Daily,S&P Global Platts Bunkerwire,Bunkerwire Nov 17 2023 Singapore marine diesel 0.5%,https://www.scribd.com/document/702822955/BW-20231117-1,,,,Verified,USD/MT,,,user_supplied_drive_file,False
2023-11-17,Zhoushan,China,IFO 380,465.0,Delivered/assessment,Daily,S&P Global Platts,Bunkerwire 17 Nov 2023,https://www.scribd.com/document/702822955/BW-20231117-1,"Zhoushan IFO 380 CST assessment, $/mt.",,,,,,,user_supplied_drive_file,False
2023-11-17,Zhoushan,China,IFO 380,465.0,Daily Assessment,Daily,S&P Global Platts Bunkerwire,Bunkerwire Nov 17 2023 Zhoushan,https://www.scribd.com/document/702822955/BW-20231117-1,,,,Verified,USD/MT,,,user_supplied_drive_file,False
2024-01-01,Fujairah,United Arab Emirates,VLSFO,612.5,Monthly Average,Monthly,Ship & Bunker,Fujairah January Bunker Sales Jump to Five-Month High,https://shipandbunker.com/news/emea/920452-fujairah-january-bunker-sales-jump-to-five-month-high,January 2024 average.,,,,,,,user_supplied_drive_file,False
2024-01-01,Singapore,Singapore,VLSFO,617.0,Monthly Average,Monthly,Ship & Bunker,Fujairah January Bunker Sales Jump to Five-Month High,https://shipandbunker.com/news/emea/920452-fujairah-january-bunker-sales-jump-to-five-month-high,January 2024 average.,,,,,,,user_supplied_drive_file,False
2024-02-07,Fujairah,United Arab Emirates,VLSFO,611.0,Daily Spot,Daily,Ship & Bunker,G20-VLSFO Index Advances for First Session in Five,https://shipandbunker.com/news/world/729220-bunker-prices-g20-vlsfo-index-advances-for-first-session-in-five,,,,Verified,USD/MT,611.0,,user_supplied_drive_file,False
2024-02-07,Houston,United States,VLSFO,627.5,Daily Spot,Daily,Ship & Bunker,G20-VLSFO Index Advances for First Session in Five,https://shipandbunker.com/news/world/729220-bunker-prices-g20-vlsfo-index-advances-for-first-session-in-five,,,,Verified,USD/MT,627.5,,user_supplied_drive_file,False
2024-02-07,Rotterdam,Netherlands,VLSFO,565.5,Daily Spot,Daily,Ship & Bunker,G20-VLSFO Index Advances for First Session in Five,https://shipandbunker.com/news/world/729220-bunker-prices-g20-vlsfo-index-advances-for-first-session-in-five,,,,Verified,USD/MT,565.5,,user_supplied_drive_file,False
2024-02-07,Singapore,Singapore,VLSFO,628.0,Daily Spot,Daily,Ship & Bunker,G20-VLSFO Index Advances for First Session in Five,https://shipandbunker.com/news/world/729220-bunker-prices-g20-vlsfo-index-advances-for-first-session-in-five,,,,Verified,USD/MT,628.0,,user_supplied_drive_file,False
2024-03-06,Fujairah,United Arab Emirates,VLSFO,638.5,Daily Spot,Daily,Ship & Bunker,G20-VLSFO Index Drops to Three-Day Low,https://shipandbunker.com/news/world/195603-bunker-prices-g20-vlsfo-index-drops-to-three-day-low,,,,Verified,USD/MT,638.5,,user_supplied_drive_file,False
2024-03-06,Houston,United States,VLSFO,639.0,Daily Spot,Daily,Ship & Bunker,G20-VLSFO Index Drops to Three-Day Low,https://shipandbunker.com/news/world/195603-bunker-prices-g20-vlsfo-index-drops-to-three-day-low,,,,Verified,USD/MT,639.0,,user_supplied_drive_file,False
2024-03-06,Rotterdam,Netherlands,VLSFO,588.5,Daily Spot,Daily,Ship & Bunker,G20-VLSFO Index Drops to Three-Day Low,https://shipandbunker.com/news/world/195603-bunker-prices-g20-vlsfo-index-drops-to-three-day-low,,,,Verified,USD/MT,588.5,,user_supplied_drive_file,False
2024-03-06,Singapore,Singapore,VLSFO,640.0,Daily Spot,Daily,Ship & Bunker,G20-VLSFO Index Drops to Three-Day Low,https://shipandbunker.com/news/world/195603-bunker-prices-g20-vlsfo-index-drops-to-three-day-low,,,,Verified,USD/MT,640.0,,user_supplied_drive_file,False
2024-04-18,Fujairah,United Arab Emirates,VLSFO,649.5,Daily Spot,Daily,Ship & Bunker,G20-VLSFO Index Drops to Three-Week Low,https://shipandbunker.com/news/world/496193-bunker-prices-g20-vlsfo-index-drops-to-three-week-low,,,,Verified,USD/MT,649.5,,user_supplied_drive_file,False
2024-04-18,Houston,United States,VLSFO,636.5,Daily Spot,Daily,Ship & Bunker,G20-VLSFO Index Drops to Three-Week Low,https://shipandbunker.com/news/world/496193-bunker-prices-g20-vlsfo-index-drops-to-three-week-low,,,,Verified,USD/MT,636.5,,user_supplied_drive_file,False
2024-04-18,Rotterdam,Netherlands,VLSFO,608.0,Daily Spot,Daily,Ship & Bunker,G20-VLSFO Index Drops to Three-Week Low,https://shipandbunker.com/news/world/496193-bunker-prices-g20-vlsfo-index-drops-to-three-week-low,,,,Verified,USD/MT,608.0,,user_supplied_drive_file,False
2024-04-18,Singapore,Singapore,VLSFO,647.0,Daily Spot,Daily,Ship & Bunker,G20-VLSFO Index Drops to Three-Week Low,https://shipandbunker.com/news/world/496193-bunker-prices-g20-vlsfo-index-drops-to-three-week-low,,,,Verified,USD/MT,647.0,,user_supplied_drive_file,False
2024-04-23,Fujairah,United Arab Emirates,VLSFO,650.5,Daily Spot,Daily,Ship & Bunker,G20-VLSFO Index Advances for First in Six Sessions,https://shipandbunker.com/news/world/421754-bunker-prices-g20-vlsfo-index-advances-for-first-in-six-sessions,,,,Verified,USD/MT,650.5,,user_supplied_drive_file,False
2024-04-23,Houston,United States,VLSFO,630.5,Daily Spot,Daily,Ship & Bunker,G20-VLSFO Index Advances for First in Six Sessions,https://shipandbunker.com/news/world/421754-bunker-prices-g20-vlsfo-index-advances-for-first-in-six-sessions,,,,Verified,USD/MT,630.5,,user_supplied_drive_file,False
2024-04-23,Rotterdam,Netherlands,VLSFO,604.0,Daily Spot,Daily,Ship & Bunker,G20-VLSFO Index Advances for First in Six Sessions,https://shipandbunker.com/news/world/421754-bunker-prices-g20-vlsfo-index-advances-for-first-in-six-sessions,,,,Verified,USD/MT,604.0,,user_supplied_drive_file,False
2024-04-23,Singapore,Singapore,VLSFO,646.5,Daily Spot,Daily,Ship & Bunker,G20-VLSFO Index Advances for First in Six Sessions,https://shipandbunker.com/news/world/421754-bunker-prices-g20-vlsfo-index-advances-for-first-in-six-sessions,,,,Verified,USD/MT,646.5,,user_supplied_drive_file,False
2024-09-10,Fujairah,United Arab Emirates,VLSFO,589.0,Daily Spot,Daily,Ship & Bunker,G20-VLSFO Index Drops to 14-Month Low,https://shipandbunker.com/news/world/255867-bunker-prices-g20-vlsfo-index-drops-to-14-month-low,,,,Verified,USD/MT,589.0,,user_supplied_drive_file,False
2024-09-10,Houston,United States,VLSFO,506.5,Daily Spot,Daily,Ship & Bunker,G20-VLSFO Index Drops to 14-Month Low,https://shipandbunker.com/news/world/255867-bunker-prices-g20-vlsfo-index-drops-to-14-month-low,,,,Verified,USD/MT,506.5,,user_supplied_drive_file,False
2024-09-10,Rotterdam,Netherlands,VLSFO,507.0,Daily Spot,Daily,Ship & Bunker,G20-VLSFO Index Drops to 14-Month Low,https://shipandbunker.com/news/world/255867-bunker-prices-g20-vlsfo-index-drops-to-14-month-low,,,,Verified,USD/MT,507.0,,user_supplied_drive_file,False
2024-09-10,Singapore,Singapore,VLSFO,592.5,Daily Spot,Daily,Ship & Bunker,G20-VLSFO Index Drops to 14-Month Low,https://shipandbunker.com/news/world/255867-bunker-prices-g20-vlsfo-index-drops-to-14-month-low,,,,Verified,USD/MT,592.5,,user_supplied_drive_file,False
2024-09-24,Rotterdam,Netherlands,IFO 380,439.0,Daily Assessment,Daily,S&P Global Platts Bunkerwire,Bunkerwire Sep 24 2024 Rotterdam,https://www.scribd.com/document/773919761/Bunkerwire-24-Sep-2024,,,,Verified,USD/MT,,,user_supplied_drive_file,False
2024-09-24,Rotterdam,Netherlands,MGO,632.0,Daily Assessment,Daily,S&P Global Platts Bunkerwire,Bunkerwire Sep 24 2024 Rotterdam marine gasoil 0.1%,https://www.scribd.com/document/773919761/Bunkerwire-24-Sep-2024,,,,Verified,USD/MT,,,user_supplied_drive_file,False
2024-09-24,Singapore,Singapore,IFO 380,447.0,Daily Assessment,Daily,S&P Global Platts Bunkerwire,Bunkerwire Sep 24 2024 Singapore,https://www.scribd.com/document/773919761/Bunkerwire-24-Sep-2024,,,,Verified,USD/MT,,,user_supplied_drive_file,False
2024-09-26,Fujairah,United Arab Emirates,VLSFO,577.5,Daily Spot,Daily,Ship & Bunker,G20-VLSFO Index Drops to One-Week Low,https://shipandbunker.com/news/world/983398-bunker-prices-g20-vlsfo-index-drops-to-one-week-low,,,,Verified,USD/MT,577.5,,user_supplied_drive_file,False
2024-09-26,Houston,United States,VLSFO,505.5,Daily Spot,Daily,Ship & Bunker,G20-VLSFO Index Drops to One-Week Low,https://shipandbunker.com/news/world/983398-bunker-prices-g20-vlsfo-index-drops-to-one-week-low,,,,Verified,USD/MT,505.5,,user_supplied_drive_file,False
2024-09-26,Rotterdam,Netherlands,VLSFO,525.0,Daily Spot,Daily,Ship & Bunker,G20-VLSFO Index Drops to One-Week Low,https://shipandbunker.com/news/world/983398-bunker-prices-g20-vlsfo-index-drops-to-one-week-low,,,,Verified,USD/MT,525.0,,user_supplied_drive_file,False
2024-09-26,Singapore,Singapore,VLSFO,591.5,Daily Spot,Daily,Ship & Bunker,G20-VLSFO Index Drops to One-Week Low,https://shipandbunker.com/news/world/983398-bunker-prices-g20-vlsfo-index-drops-to-one-week-low,,,,Verified,USD/MT,591.5,,user_supplied_drive_file,False
2024-11-25,Fujairah,United Arab Emirates,VLSFO,563.0,Daily Spot,Daily,Ship & Bunker,G20-VLSFO Index Slips for First in Six Sessions,https://shipandbunker.com/news/world/102074-bunker-prices-g20-vlsfo-index-slips-for-first-in-six-sessions,,,,Verified,USD/MT,563.0,,user_supplied_drive_file,False
2024-11-25,Houston,United States,VLSFO,555.0,Daily Spot,Daily,Ship & Bunker,G20-VLSFO Index Slips for First in Six Sessions,https://shipandbunker.com/news/world/102074-bunker-prices-g20-vlsfo-index-slips-for-first-in-six-sessions,,,,Verified,USD/MT,555.0,,user_supplied_drive_file,False
2024-11-25,Rotterdam,Netherlands,VLSFO,515.5,Daily Spot,Daily,Ship & Bunker,G20-VLSFO Index Slips for First in Six Sessions,https://shipandbunker.com/news/world/102074-bunker-prices-g20-vlsfo-index-slips-for-first-in-six-sessions,,,,Verified,USD/MT,515.5,,user_supplied_drive_file,False
2024-11-25,Singapore,Singapore,VLSFO,570.0,Daily Spot,Daily,Ship & Bunker,G20-VLSFO Index Slips for First in Six Sessions,https://shipandbunker.com/news/world/102074-bunker-prices-g20-vlsfo-index-slips-for-first-in-six-sessions,,,,Verified,USD/MT,570.0,,user_supplied_drive_file,False
2024-11-27,Fujairah,United Arab Emirates,IFO380,453.5,Daily Market Snapshot,Daily,SBS Shipbrokers,SBS Market Report Nov 2024 — latest bunker price as of 27 Nov,https://www.sbsshipbrokers.com/wp-content/uploads/2024/12/SBS-Market-Report-Nov-2024_242886.pdf,Latest bunker price table dated 27 Nov 2024.,,,Verified,USD/MT,453.5,,user_supplied_drive_file,False
2024-11-27,Fujairah,United Arab Emirates,MGO,748.5,Daily Market Snapshot,Daily,SBS Shipbrokers,SBS Market Report Nov 2024 — latest bunker price as of 27 Nov,https://www.sbsshipbrokers.com/wp-content/uploads/2024/12/SBS-Market-Report-Nov-2024_242886.pdf,Latest bunker price table dated 27 Nov 2024.,,,Verified,USD/MT,748.5,,user_supplied_drive_file,False
2024-11-27,Fujairah,United Arab Emirates,VLSFO,548.5,Daily Market Snapshot,Daily,SBS Shipbrokers,SBS Market Report Nov 2024 — latest bunker price as of 27 Nov,https://www.sbsshipbrokers.com/wp-content/uploads/2024/12/SBS-Market-Report-Nov-2024_242886.pdf,Latest bunker price table dated 27 Nov 2024.,,,Verified,USD/MT,548.5,,user_supplied_drive_file,False
2024-11-27,Houston,United States,IFO380,452.5,Daily Market Snapshot,Daily,SBS Shipbrokers,SBS Market Report Nov 2024 — latest bunker price as of 27 Nov,https://www.sbsshipbrokers.com/wp-content/uploads/2024/12/SBS-Market-Report-Nov-2024_242886.pdf,Latest bunker price table dated 27 Nov 2024.,,,Verified,USD/MT,452.5,,user_supplied_drive_file,False
2024-11-27,Houston,United States,MGO,677.0,Daily Market Snapshot,Daily,SBS Shipbrokers,SBS Market Report Nov 2024 — latest bunker price as of 27 Nov,https://www.sbsshipbrokers.com/wp-content/uploads/2024/12/SBS-Market-Report-Nov-2024_242886.pdf,Latest bunker price table dated 27 Nov 2024.,,,Verified,USD/MT,677.0,,user_supplied_drive_file,False
2024-11-27,Houston,United States,VLSFO,549.5,Daily Market Snapshot,Daily,SBS Shipbrokers,SBS Market Report Nov 2024 — latest bunker price as of 27 Nov,https://www.sbsshipbrokers.com/wp-content/uploads/2024/12/SBS-Market-Report-Nov-2024_242886.pdf,Latest bunker price table dated 27 Nov 2024.,,,Verified,USD/MT,549.5,,user_supplied_drive_file,False
2024-11-27,Rotterdam,Netherlands,IFO380,451.5,Daily Market Snapshot,Daily,SBS Shipbrokers,SBS Market Report Nov 2024 — latest bunker price as of 27 Nov,https://www.sbsshipbrokers.com/wp-content/uploads/2024/12/SBS-Market-Report-Nov-2024_242886.pdf,Latest bunker price table dated 27 Nov 2024.,,,Verified,USD/MT,451.5,,user_supplied_drive_file,False
2024-11-27,Rotterdam,Netherlands,MGO,663.5,Daily Market Snapshot,Daily,SBS Shipbrokers,SBS Market Report Nov 2024 — latest bunker price as of 27 Nov,https://www.sbsshipbrokers.com/wp-content/uploads/2024/12/SBS-Market-Report-Nov-2024_242886.pdf,Latest bunker price table dated 27 Nov 2024.,,,Verified,USD/MT,663.5,,user_supplied_drive_file,False
2024-11-27,Rotterdam,Netherlands,VLSFO,507.0,Daily Market Snapshot,Daily,SBS Shipbrokers,SBS Market Report Nov 2024 — latest bunker price as of 27 Nov,https://www.sbsshipbrokers.com/wp-content/uploads/2024/12/SBS-Market-Report-Nov-2024_242886.pdf,Latest bunker price table dated 27 Nov 2024.,,,Verified,USD/MT,507.0,,user_supplied_drive_file,False
2024-11-27,Singapore,Singapore,IFO380,468.5,Daily Market Snapshot,Daily,SBS Shipbrokers,SBS Market Report Nov 2024 — latest bunker price as of 27 Nov,https://www.sbsshipbrokers.com/wp-content/uploads/2024/12/SBS-Market-Report-Nov-2024_242886.pdf,Latest bunker price table dated 27 Nov 2024.,,,Verified,USD/MT,468.5,,user_supplied_drive_file,False
2024-11-27,Singapore,Singapore,MGO,674.0,Daily Market Snapshot,Daily,SBS Shipbrokers,SBS Market Report Nov 2024 — latest bunker price as of 27 Nov,https://www.sbsshipbrokers.com/wp-content/uploads/2024/12/SBS-Market-Report-Nov-2024_242886.pdf,Latest bunker price table dated 27 Nov 2024.,,,Verified,USD/MT,674.0,,user_supplied_drive_file,False
2024-11-27,Singapore,Singapore,VLSFO,556.0,Daily Market Snapshot,Daily,SBS Shipbrokers,SBS Market Report Nov 2024 — latest bunker price as of 27 Nov,https://www.sbsshipbrokers.com/wp-content/uploads/2024/12/SBS-Market-Report-Nov-2024_242886.pdf,Latest bunker price table dated 27 Nov 2024.,,,Verified,USD/MT,556.0,,user_supplied_drive_file,False
2024-12-01,Singapore,Singapore,VLSFO,551.5,Monthly Average,Monthly,Ship & Bunker,Singapore 2024 Bunker Sales Jump to Record High,https://shipandbunker.com/news/apac/890847-analysis-singapore-2024-bunker-sales-jump-to-record-high,December 2024 average.,,,,,,,user_supplied_drive_file,False
2024-12-06,Fujairah,United Arab Emirates,VLSFO,537.0,Daily Spot,Daily,Ship & Bunker,G20-VLSFO Index Drops to Three-Year Low,https://shipandbunker.com/news/world/252289-bunker-prices-g20-vlsfo-index-drops-to-three-year-low,,,,Verified,USD/MT,537.0,,user_supplied_drive_file,False
2024-12-06,Houston,United States,VLSFO,544.0,Daily Spot,Daily,Ship & Bunker,G20-VLSFO Index Drops to Three-Year Low,https://shipandbunker.com/news/world/252289-bunker-prices-g20-vlsfo-index-drops-to-three-year-low,,,,Verified,USD/MT,544.0,,user_supplied_drive_file,False
2024-12-06,Rotterdam,Netherlands,VLSFO,504.5,Daily Spot,Daily,Ship & Bunker,G20-VLSFO Index Drops to Three-Year Low,https://shipandbunker.com/news/world/252289-bunker-prices-g20-vlsfo-index-drops-to-three-year-low,,,,Verified,USD/MT,504.5,,user_supplied_drive_file,False
2024-12-06,Singapore,Singapore,VLSFO,547.5,Daily Spot,Daily,Ship & Bunker,G20-VLSFO Index Drops to Three-Year Low,https://shipandbunker.com/news/world/252289-bunker-prices-g20-vlsfo-index-drops-to-three-year-low,,,,Verified,USD/MT,547.5,,user_supplied_drive_file,False
2024-12-13,Rotterdam,Netherlands,IFO 380,449.0,Delivered mid,Daily,S&P Global Platts,Bunkerwire 13 Dec 2024,https://www.scribd.com/document/817726489/BW-20241213,"Rotterdam IFO 380 CST delivered mid, $/mt.",,,,,,,user_supplied_drive_file,False
2024-12-13,Singapore,Singapore,IFO 380,444.0,Delivered mid,Daily,S&P Global Platts,Bunkerwire 13 Dec 2024,https://www.scribd.com/document/817726489/BW-20241213,"Singapore IFO 380 CST delivered mid, $/mt.",,,,,,,user_supplied_drive_file,False
2024-12-31,Fujairah,United Arab Emirates,VLSFO,553.0,Daily Assessment,Daily,S&P Global Platts Bunkerwire,Bunkerwire Dec 31 2024 Fujairah 0.5% marine fuel,https://www.scribd.com/document/817726494/BW-20241231,,,,Verified,USD/MT,,,user_supplied_drive_file,False
2024-12-31,Gibraltar,Gibraltar,VLSFO,555.0,Daily Assessment,Daily,S&P Global Platts Bunkerwire,Bunkerwire Dec 31 2024 Gibraltar 0.5% marine fuel,https://www.scribd.com/document/817726494/BW_20241231,,,,Verified,USD/MT,,,user_supplied_drive_file,False
2024-12-31,Houston,United States,VLSFO,566.0,Daily Assessment,Daily,S&P Global Platts Bunkerwire,Bunkerwire Dec 31 2024 Houston 0.5% marine fuel,https://www.scribd.com/document/817726494/BW-20241231,,,,Verified,USD/MT,,,user_supplied_drive_file,False
2024-12-31,Rotterdam,Netherlands,VLSFO,517.0,Daily Assessment,Daily,S&P Global Platts Bunkerwire,Bunkerwire Dec 31 2024 Rotterdam 0.5% marine fuel,https://www.scribd.com/document/817726494/BW-20241231,,,,Verified,USD/MT,,,user_supplied_drive_file,False
2024-12-31,Singapore,Singapore,VLSFO,554.0,Daily Assessment,Daily,S&P Global Platts Bunkerwire,Bunkerwire Dec 31 2024 Singapore 0.5% marine fuel,https://www.scribd.com/document/817726494/BW-20241231,,,,Verified,USD/MT,,,user_supplied_drive_file,False
2025-03-17,Fujairah,United Arab Emirates,VLSFO,511.0,Daily Spot,Daily,Ship & Bunker,Ship & Bunker 18 Mar 2025 — top-four port bunker prices,https://shipandbunker.com/news/world/901415-bunker-prices-g20-vlsfo-index-little-changed-as-crude-advances,Published top-four port price; date corresponds to the prior trading day's closing price.,,,Verified,USD/MT,511.0,,user_supplied_drive_file,False
2025-03-17,Houston,United States,VLSFO,524.5,Daily Spot,Daily,Ship & Bunker,Ship & Bunker 18 Mar 2025 — top-four port bunker prices,https://shipandbunker.com/news/world/901415-bunker-prices-g20-vlsfo-index-little-changed-as-crude-advances,Published top-four port price; date corresponds to the prior trading day's closing price.,,,Verified,USD/MT,524.5,,user_supplied_drive_file,False
2025-03-17,Rotterdam,Netherlands,VLSFO,497.0,Daily Spot,Daily,Ship & Bunker,Ship & Bunker 18 Mar 2025 — top-four port bunker prices,https://shipandbunker.com/news/world/901415-bunker-prices-g20-vlsfo-index-little-changed-as-crude-advances,Published top-four port price; date corresponds to the prior trading day's closing price.,,,Verified,USD/MT,497.0,,user_supplied_drive_file,False
2025-03-17,Singapore,Singapore,VLSFO,513.5,Daily Spot,Daily,Ship & Bunker,Ship & Bunker 18 Mar 2025 — top-four port bunker prices,https://shipandbunker.com/news/world/901415-bunker-prices-g20-vlsfo-index-little-changed-as-crude-advances,Published top-four port price; date corresponds to the prior trading day's closing price.,,,Verified,USD/MT,513.5,,user_supplied_drive_file,False
2025-03-24,Fujairah,United Arab Emirates,VLSFO,515.0,Daily Spot,Daily,Ship & Bunker,Ship & Bunker 25 Mar 2025 — top-four port bunker prices,https://shipandbunker.com/news/world/382446-bunker-prices-g20-vlsfo-index-advances-for-second-day,Published top-four port price; date corresponds to the prior trading day's closing price.,,,Verified,USD/MT,515.0,,user_supplied_drive_file,False
2025-03-24,Houston,United States,VLSFO,530.0,Daily Spot,Daily,Ship & Bunker,Ship & Bunker 25 Mar 2025 — top-four port bunker prices,https://shipandbunker.com/news/world/382446-bunker-prices-g20-vlsfo-index-advances-for-second-day,Published top-four port price; date corresponds to the prior trading day's closing price.,,,Verified,USD/MT,530.0,,user_supplied_drive_file,False
2025-03-24,Rotterdam,Netherlands,VLSFO,496.5,Daily Spot,Daily,Ship & Bunker,Ship & Bunker 25 Mar 2025 — top-four port bunker prices,https://shipandbunker.com/news/world/382446-bunker-prices-g20-vlsfo-index-advances-for-second-day,Published top-four port price; date corresponds to the prior trading day's closing price.,,,Verified,USD/MT,496.5,,user_supplied_drive_file,False
2025-03-24,Singapore,Singapore,VLSFO,519.5,Daily Spot,Daily,Ship & Bunker,Ship & Bunker 25 Mar 2025 — top-four port bunker prices,https://shipandbunker.com/news/world/382446-bunker-prices-g20-vlsfo-index-advances-for-second-day,Published top-four port price; date corresponds to the prior trading day's closing price.,,,Verified,USD/MT,519.5,,user_supplied_drive_file,False
2025-04-30,Fujairah,United Arab Emirates,VLSFO,483.0,Daily Spot,Daily,Ship & Bunker,Ship & Bunker 1 May 2025 — top-four port bunker prices,https://shipandbunker.com/news/world/236849-bunker-prices-g20-vlsfo-index-sinks-to-two-week-low,Published top-four port price; date corresponds to the prior trading day's closing price.,,,Verified,USD/MT,483.0,,user_supplied_drive_file,False
2025-04-30,Houston,United States,VLSFO,458.0,Daily Spot,Daily,Ship & Bunker,Ship & Bunker 1 May 2025 — top-four port bunker prices,https://shipandbunker.com/news/world/236849-bunker-prices-g20-vlsfo-index-sinks-to-two-week-low,Published top-four port price; date corresponds to the prior trading day's closing price.,,,Verified,USD/MT,458.0,,user_supplied_drive_file,False
2025-04-30,Rotterdam,Netherlands,VLSFO,450.0,Daily Spot,Daily,Ship & Bunker,Ship & Bunker 1 May 2025 — top-four port bunker prices,https://shipandbunker.com/news/world/236849-bunker-prices-g20-vlsfo-index-sinks-to-two-week-low,Published top-four port price; date corresponds to the prior trading day's closing price.,,,Verified,USD/MT,450.0,,user_supplied_drive_file,False
2025-04-30,Singapore,Singapore,VLSFO,493.5,Daily Spot,Daily,Ship & Bunker,Ship & Bunker 1 May 2025 — top-four port bunker prices,https://shipandbunker.com/news/world/236849-bunker-prices-g20-vlsfo-index-sinks-to-two-week-low,Published top-four port price; date corresponds to the prior trading day's closing price.,,,Verified,USD/MT,493.5,,user_supplied_drive_file,False
2025-05-01,Fujairah,United Arab Emirates,VLSFO,476.5,Daily Spot,Daily,Ship & Bunker,Ship & Bunker 2 May 2025 — top-four port bunker prices,https://shipandbunker.com/news/world/239060-bunker-prices-g20-vlsfo-index-drops-to-three-week-low,Published top-four port price; date corresponds to the prior trading day's closing price.,,,Verified,USD/MT,476.5,,user_supplied_drive_file,False
2025-05-01,Houston,United States,VLSFO,450.0,Daily Spot,Daily,Ship & Bunker,Ship & Bunker 2 May 2025 — top-four port bunker prices,https://shipandbunker.com/news/world/239060-bunker-prices-g20-vlsfo-index-drops-to-three-week-low,Published top-four port price; date corresponds to the prior trading day's closing price.,,,Verified,USD/MT,450.0,,user_supplied_drive_file,False
2025-05-01,Rotterdam,Netherlands,VLSFO,432.0,Daily Spot,Daily,Ship & Bunker,Ship & Bunker 2 May 2025 — top-four port bunker prices,https://shipandbunker.com/news/world/239060-bunker-prices-g20-vlsfo-index-drops-to-three-week-low,Published top-four port price; date corresponds to the prior trading day's closing price.,,,Verified,USD/MT,432.0,,user_supplied_drive_file,False
2025-05-01,Singapore,Singapore,VLSFO,493.5,Daily Spot,Daily,Ship & Bunker,Ship & Bunker 2 May 2025 — top-four port bunker prices,https://shipandbunker.com/news/world/239060-bunker-prices-g20-vlsfo-index-drops-to-three-week-low,Published top-four port price; date corresponds to the prior trading day's closing price.,,,Verified,USD/MT,493.5,,user_supplied_drive_file,False
2025-05-12,Fujairah,United Arab Emirates,VLSFO,508.5,Daily Spot,Daily,Ship & Bunker,Ship & Bunker 13 May 2025 — top-four port bunker prices,https://shipandbunker.com/news/world/519659-bunker-prices-g20-vlsfo-index-climbs-to-five-week-high,Published top-four port price; date corresponds to the prior trading day's closing price.,,,Verified,USD/MT,508.5,,user_supplied_drive_file,False
2025-05-12,Houston,United States,VLSFO,460.0,Daily Spot,Daily,Ship & Bunker,Ship & Bunker 13 May 2025 — top-four port bunker prices,https://shipandbunker.com/news/world/519659-bunker-prices-g20-vlsfo-index-climbs-to-five-week-high,Published top-four port price; date corresponds to the prior trading day's closing price.,,,Verified,USD/MT,460.0,,user_supplied_drive_file,False
2025-05-12,Rotterdam,Netherlands,VLSFO,459.0,Daily Spot,Daily,Ship & Bunker,Ship & Bunker 13 May 2025 — top-four port bunker prices,https://shipandbunker.com/news/world/519659-bunker-prices-g20-vlsfo-index-climbs-to-five-week-high,Published top-four port price; date corresponds to the prior trading day's closing price.,,,Verified,USD/MT,459.0,,user_supplied_drive_file,False
2025-05-12,Singapore,Singapore,VLSFO,514.0,Daily Spot,Daily,Ship & Bunker,Ship & Bunker 13 May 2025 — top-four port bunker prices,https://shipandbunker.com/news/world/519659-bunker-prices-g20-vlsfo-index-climbs-to-five-week-high,Published top-four port price; date corresponds to the prior trading day's closing price.,,,Verified,USD/MT,514.0,,user_supplied_drive_file,False
2025-05-29,Fujairah,United Arab Emirates,VLSFO,503.0,Daily Spot,Daily,Ship & Bunker,Ship & Bunker 30 May 2025 — top-four port bunker prices,https://shipandbunker.com/news/world/608495-bunker-prices-g20-vlsfo-index-holds-steady-as-crude-drops,Published top-four port price; date corresponds to the prior trading day's closing price.,,,Verified,USD/MT,503.0,,user_supplied_drive_file,False
2025-05-29,Houston,United States,VLSFO,475.0,Daily Spot,Daily,Ship & Bunker,Ship & Bunker 30 May 2025 — top-four port bunker prices,https://shipandbunker.com/news/world/608495-bunker-prices-g20-vlsfo-index-holds-steady-as-crude-drops,Published top-four port price; date corresponds to the prior trading day's closing price.,,,Verified,USD/MT,475.0,,user_supplied_drive_file,False
2025-05-29,Rotterdam,Netherlands,VLSFO,471.5,Daily Spot,Daily,Ship & Bunker,Ship & Bunker 30 May 2025 — top-four port bunker prices,https://shipandbunker.com/news/world/608495-bunker-prices-g20-vlsfo-index-holds-steady-as-crude-drops,Published top-four port price; date corresponds to the prior trading day's closing price.,,,Verified,USD/MT,471.5,,user_supplied_drive_file,False
2025-05-29,Singapore,Singapore,VLSFO,506.5,Daily Spot,Daily,Ship & Bunker,Ship & Bunker 30 May 2025 — top-four port bunker prices,https://shipandbunker.com/news/world/608495-bunker-prices-g20-vlsfo-index-holds-steady-as-crude-drops,Published top-four port price; date corresponds to the prior trading day's closing price.,,,Verified,USD/MT,506.5,,user_supplied_drive_file,False
2025-06-01,Singapore,Singapore,VLSFO,531.8,Monthly Average,Monthly,Ship & Bunker,Singapore Bunker Sales Drop in 1H 2025 on Lower VLSFO Demand,https://shipandbunker.com/news/apac/453506-analysis-singapore-bunker-sales-drop-in-1h-2025-on-lower-vlsfo-demand,June 2025 average.,,,,,,,user_supplied_drive_file,False
2025-07-04,Fujairah,United Arab Emirates,VLSFO,519.0,Daily Spot,Daily,Ship & Bunker,Ship & Bunker 7 Jul 2025 — top-four port bunker prices,https://shipandbunker.com/news/world/604600-bunker-prices-g20-vlsfo-index-holds-steady-despite-drop-in-crude,Published top-four port price; date corresponds to the prior trading day's closing price.,,,Verified,USD/MT,519.0,,user_supplied_drive_file,False
2025-07-04,Houston,United States,VLSFO,495.0,Daily Spot,Daily,Ship & Bunker,Ship & Bunker 7 Jul 2025 — top-four port bunker prices,https://shipandbunker.com/news/world/604600-bunker-prices-g20-vlsfo-index-holds-steady-despite-drop-in-crude,Published top-four port price; date corresponds to the prior trading day's closing price.,,,Verified,USD/MT,495.0,,user_supplied_drive_file,False
2025-07-04,Rotterdam,Netherlands,VLSFO,510.5,Daily Spot,Daily,Ship & Bunker,Ship & Bunker 7 Jul 2025 — top-four port bunker prices,https://shipandbunker.com/news/world/604600-bunker-prices-g20-vlsfo-index-holds-steady-despite-drop-in-crude,Published top-four port price; date corresponds to the prior trading day's closing price.,,,Verified,USD/MT,510.5,,user_supplied_drive_file,False
2025-07-04,Singapore,Singapore,VLSFO,528.5,Daily Spot,Daily,Ship & Bunker,Ship & Bunker 7 Jul 2025 — top-four port bunker prices,https://shipandbunker.com/news/world/604600-bunker-prices-g20-vlsfo-index-holds-steady-despite-drop-in-crude,Published top-four port price; date corresponds to the prior trading day's closing price.,,,Verified,USD/MT,528.5,,user_supplied_drive_file,False
2025-07-14,Fujairah,United Arab Emirates,VLSFO,521.5,Daily Spot,Daily,Ship & Bunker,Ship & Bunker 15 Jul 2025 — top-four port bunker prices,https://shipandbunker.com/news/world/272262-bunker-prices-g20-vlsfo-index-advances-for-first-in-three-sessions,Published top-four port price; date corresponds to the prior trading day's closing price.,,,Verified,USD/MT,521.5,,user_supplied_drive_file,False
2025-07-14,Houston,United States,VLSFO,506.5,Daily Spot,Daily,Ship & Bunker,Ship & Bunker 15 Jul 2025 — top-four port bunker prices,https://shipandbunker.com/news/world/272262-bunker-prices-g20-vlsfo-index-advances-for-first-in-three-sessions,Published top-four port price; date corresponds to the prior trading day's closing price.,,,Verified,USD/MT,506.5,,user_supplied_drive_file,False
2025-07-14,Rotterdam,Netherlands,VLSFO,516.5,Daily Spot,Daily,Ship & Bunker,Ship & Bunker 15 Jul 2025 — top-four port bunker prices,https://shipandbunker.com/news/world/272262-bunker-prices-g20-vlsfo-index-advances-for-first-in-three-sessions,Published top-four port price; date corresponds to the prior trading day's closing price.,,,Verified,USD/MT,516.5,,user_supplied_drive_file,False
2025-07-14,Singapore,Singapore,VLSFO,518.0,Daily Spot,Daily,Ship & Bunker,Ship & Bunker 15 Jul 2025 — top-four port bunker prices,https://shipandbunker.com/news/world/272262-bunker-prices-g20-vlsfo-index-advances-for-first-in-three-sessions,Published top-four port price; date corresponds to the prior trading day's closing price.,,,Verified,USD/MT,518.0,,user_supplied_drive_file,False
