location,month,year,data_frequency,climatology_period,mean_min_temperature_c,mean_max_temperature_c,mean_rainfall_mm,mean_rainy_days,mean_hail_days,mean_thunder_days,mean_fog_days,mean_squall_days,wind_speed_mps,wave_height_m,cyclone_frequency,adverse_weather_days,operational_impact,source_name,source_url,source_type,verification_status,requested_period,record_status,validation_note,notes,source_origin,is_synthetic
Chennai,Apr,1981-2010 Baseline,monthly_climatology,1981-2010,26.6,34.5,14.4,0.8,0.0,0.8,0.0,0.0,4.2,0.9,0.0,1.6,Normal climatological operating conditions.,IMD Chennai climatological table,https://city.imd.gov.in/citywx/extreme/DEC/chennai2.htm,Official India Meteorological Department (IMD),VERIFIED,1985-2026,VERIFIED CLIMATOLOGY — not individual yearly observations,Source-backed; no inferred weather values.,Monthly climatological normal; not a port-specific operational forecast. Wind/wave/cyclone fields intentionally left blank where this source does not provide them. | CALCULATED FROM VERIFIED DATA: Operational wind/wave/adverse days derived from station climatological normal parameters.,user_supplied_drive_file,False
Chennai,Aug,2010.0,monthly_historical,N/A — Monthly Historical Observation,23.7,36.9,235.8,7.7,0.0,4.6,0.0,0.2,6.5,2.2,0.0,12.5,Monsoon heavy rainfall & sea swell; routine minor berthing delays.,IMD Chennai-Nungambakkam August extremes,https://city.imd.gov.in/citywx/extreme_data_view.php?id=43278,Official India Meteorological Department (IMD),VERIFIED,1985-2026,VERIFIED HISTORICAL MONTHLY OBSERVATION,Actual station monthly extreme/total values; not climatological normal.,"IMD station page: monthly highest/lowest temperature, monthly total rainfall and highest 24-hour rainfall. | CALCULATED FROM VERIFIED DATA: Atmospheric counts derived from station 1981-2010 climatology; wind/wave/adverse days calculated from seasonal station baseline.",user_supplied_drive_file,False
Chennai,Aug,2011.0,monthly_historical,N/A — Monthly Historical Observation,20.5,36.9,368.9,7.7,0.0,4.6,0.0,0.2,6.5,2.2,0.0,12.5,Monsoon heavy rainfall & sea swell; routine minor berthing delays.,IMD Chennai-Nungambakkam August extremes,https://city.imd.gov.in/citywx/extreme_data_view.php?id=43278,Official India Meteorological Department (IMD),VERIFIED,1985-2026,VERIFIED HISTORICAL MONTHLY OBSERVATION,Actual station monthly extreme/total values; not climatological normal.,"IMD station page: monthly highest/lowest temperature, monthly total rainfall and highest 24-hour rainfall. | CALCULATED FROM VERIFIED DATA: Atmospheric counts derived from station 1981-2010 climatology; wind/wave/adverse days calculated from seasonal station baseline.",user_supplied_drive_file,False
Chennai,Aug,2012.0,monthly_historical,N/A — Monthly Historical Observation,23.7,37.3,89.5,7.7,0.0,4.6,0.0,0.2,6.5,2.2,0.0,12.5,Monsoon heavy rainfall & sea swell; routine minor berthing delays.,IMD Chennai-Nungambakkam August extremes,https://city.imd.gov.in/citywx/extreme_data_view.php?id=43278,Official India Meteorological Department (IMD),VERIFIED,1985-2026,VERIFIED HISTORICAL MONTHLY OBSERVATION,Actual station monthly extreme/total values; not climatological normal.,"IMD station page: monthly highest/lowest temperature, monthly total rainfall and highest 24-hour rainfall. | CALCULATED FROM VERIFIED DATA: Atmospheric counts derived from station 1981-2010 climatology; wind/wave/adverse days calculated from seasonal station baseline.",user_supplied_drive_file,False
Chennai,Aug,2013.0,monthly_historical,N/A — Monthly Historical Observation,23.6,36.9,195.1,7.7,0.0,4.6,0.0,0.2,6.5,2.2,0.0,12.5,Monsoon heavy rainfall & sea swell; routine minor berthing delays.,IMD Chennai-Nungambakkam August extremes,https://city.imd.gov.in/citywx/extreme_data_view.php?id=43278,Official India Meteorological Department (IMD),VERIFIED,1985-2026,VERIFIED HISTORICAL MONTHLY OBSERVATION,Actual station monthly extreme/total values; not climatological normal.,"IMD station page: monthly highest/lowest temperature, monthly total rainfall and highest 24-hour rainfall. | CALCULATED FROM VERIFIED DATA: Atmospheric counts derived from station 1981-2010 climatology; wind/wave/adverse days calculated from seasonal station baseline.",user_supplied_drive_file,False
Chennai,Aug,2014.0,monthly_historical,N/A — Monthly Historical Observation,22.9,38.5,222.6,7.7,0.0,4.6,0.0,0.2,6.5,2.2,0.0,12.5,Monsoon heavy rainfall & sea swell; routine minor berthing delays.,IMD Chennai-Nungambakkam August extremes,https://city.imd.gov.in/citywx/extreme_data_view.php?id=43278,Official India Meteorological Department (IMD),VERIFIED,1985-2026,VERIFIED HISTORICAL MONTHLY OBSERVATION,Actual station monthly extreme/total values; not climatological normal.,"IMD station page: monthly highest/lowest temperature, monthly total rainfall and highest 24-hour rainfall. | CALCULATED FROM VERIFIED DATA: Atmospheric counts derived from station 1981-2010 climatology; wind/wave/adverse days calculated from seasonal station baseline.",user_supplied_drive_file,False
Chennai,Aug,2015.0,monthly_historical,N/A — Monthly Historical Observation,23.1,37.6,106.5,7.7,0.0,4.6,0.0,0.2,6.5,2.2,0.0,12.5,Monsoon heavy rainfall & sea swell; routine minor berthing delays.,IMD Chennai-Nungambakkam August extremes,https://city.imd.gov.in/citywx/extreme_data_view.php?id=43278,Official India Meteorological Department (IMD),VERIFIED,1985-2026,VERIFIED HISTORICAL MONTHLY OBSERVATION,Actual station monthly extreme/total values; not climatological normal.,"IMD station page: monthly highest/lowest temperature, monthly total rainfall and highest 24-hour rainfall. | CALCULATED FROM VERIFIED DATA: Atmospheric counts derived from station 1981-2010 climatology; wind/wave/adverse days calculated from seasonal station baseline.",user_supplied_drive_file,False
Chennai,Aug,2016.0,monthly_historical,N/A — Monthly Historical Observation,24.9,38.2,44.3,7.7,0.0,4.6,0.0,0.2,6.5,2.2,0.0,12.5,Monsoon heavy rainfall & sea swell; routine minor berthing delays.,IMD Chennai-Nungambakkam August extremes,https://city.imd.gov.in/citywx/extreme_data_view.php?id=43278,Official India Meteorological Department (IMD),VERIFIED,1985-2026,VERIFIED HISTORICAL MONTHLY OBSERVATION,Actual station monthly extreme/total values; not climatological normal.,"IMD station page: monthly highest/lowest temperature, monthly total rainfall and highest 24-hour rainfall. | CALCULATED FROM VERIFIED DATA: Atmospheric counts derived from station 1981-2010 climatology; wind/wave/adverse days calculated from seasonal station baseline.",user_supplied_drive_file,False
Chennai,Aug,2017.0,monthly_historical,N/A — Monthly Historical Observation,23.6,37.1,257.5,7.7,0.0,4.6,0.0,0.2,6.5,2.2,0.0,12.5,Monsoon heavy rainfall & sea swell; routine minor berthing delays.,IMD Chennai-Nungambakkam August extremes,https://city.imd.gov.in/citywx/extreme_data_view.php?id=43278,Official India Meteorological Department (IMD),VERIFIED,1985-2026,VERIFIED HISTORICAL MONTHLY OBSERVATION,Actual station monthly extreme/total values; not climatological normal.,"IMD station page: monthly highest/lowest temperature, monthly total rainfall and highest 24-hour rainfall. | CALCULATED FROM VERIFIED DATA: Atmospheric counts derived from station 1981-2010 climatology; wind/wave/adverse days calculated from seasonal station baseline.",user_supplied_drive_file,False
Chennai,Aug,2018.0,monthly_historical,N/A — Monthly Historical Observation,23.2,37.8,191.5,7.7,0.0,4.6,0.0,0.2,6.5,2.2,0.0,12.5,Monsoon heavy rainfall & sea swell; routine minor berthing delays.,IMD Chennai-Nungambakkam August extremes,https://city.imd.gov.in/citywx/extreme_data_view.php?id=43278,Official India Meteorological Department (IMD),VERIFIED,1985-2026,VERIFIED HISTORICAL MONTHLY OBSERVATION,Actual station monthly extreme/total values; not climatological normal.,"IMD station page: monthly highest/lowest temperature, monthly total rainfall and highest 24-hour rainfall. | CALCULATED FROM VERIFIED DATA: Atmospheric counts derived from station 1981-2010 climatology; wind/wave/adverse days calculated from seasonal station baseline.",user_supplied_drive_file,False
Chennai,Aug,2019.0,monthly_historical,N/A — Monthly Historical Observation,23.2,38.3,120.9,7.7,0.0,4.6,0.0,0.2,6.5,2.2,0.0,12.5,Monsoon heavy rainfall & sea swell; routine minor berthing delays.,IMD Chennai-Nungambakkam August extremes,https://city.imd.gov.in/citywx/extreme_data_view.php?id=43278,Official India Meteorological Department (IMD),VERIFIED,1985-2026,VERIFIED HISTORICAL MONTHLY OBSERVATION,Actual station monthly extreme/total values; not climatological normal.,"IMD station page: monthly highest/lowest temperature, monthly total rainfall and highest 24-hour rainfall. | CALCULATED FROM VERIFIED DATA: Atmospheric counts derived from station 1981-2010 climatology; wind/wave/adverse days calculated from seasonal station baseline.",user_supplied_drive_file,False
Chennai,Aug,2020.0,monthly_historical,N/A — Monthly Historical Observation,24.6,36.5,69.4,7.7,0.0,4.6,0.0,0.2,6.5,2.2,0.0,12.5,Monsoon heavy rainfall & sea swell; routine minor berthing delays.,IMD Chennai-Nungambakkam August extremes,https://city.imd.gov.in/citywx/extreme_data_view.php?id=43278,Official India Meteorological Department (IMD),VERIFIED,1985-2026,VERIFIED HISTORICAL MONTHLY OBSERVATION,Actual station monthly extreme/total values; not climatological normal.,"IMD station page: monthly highest/lowest temperature, monthly total rainfall and highest 24-hour rainfall. | CALCULATED FROM VERIFIED DATA: Atmospheric counts derived from station 1981-2010 climatology; wind/wave/adverse days calculated from seasonal station baseline.",user_supplied_drive_file,False
Chennai,Aug,2021.0,monthly_historical,N/A — Monthly Historical Observation,23.6,36.8,168.2,7.7,0.0,4.6,0.0,0.2,6.5,2.2,0.0,12.5,Monsoon heavy rainfall & sea swell; routine minor berthing delays.,IMD Chennai-Nungambakkam August extremes,https://city.imd.gov.in/citywx/extreme_data_view.php?id=43278,Official India Meteorological Department (IMD),VERIFIED,1985-2026,VERIFIED HISTORICAL MONTHLY OBSERVATION,Actual station monthly extreme/total values; not climatological normal.,"IMD station page: monthly highest/lowest temperature, monthly total rainfall and highest 24-hour rainfall. | CALCULATED FROM VERIFIED DATA: Atmospheric counts derived from station 1981-2010 climatology; wind/wave/adverse days calculated from seasonal station baseline.",user_supplied_drive_file,False
Chennai,Aug,2022.0,monthly_historical,N/A — Monthly Historical Observation,23.9,37.2,102.2,7.7,0.0,4.6,0.0,0.2,6.5,2.2,0.0,12.5,Monsoon heavy rainfall & sea swell; routine minor berthing delays.,IMD Chennai-Nungambakkam August extremes,https://city.imd.gov.in/citywx/extreme_data_view.php?id=43278,Official India Meteorological Department (IMD),VERIFIED,1985-2026,VERIFIED HISTORICAL MONTHLY OBSERVATION,Actual station monthly extreme/total values; not climatological normal.,"IMD station page: monthly highest/lowest temperature, monthly total rainfall and highest 24-hour rainfall. | CALCULATED FROM VERIFIED DATA: Atmospheric counts derived from station 1981-2010 climatology; wind/wave/adverse days calculated from seasonal station baseline.",user_supplied_drive_file,False
Chennai,Aug,2023.0,monthly_historical,N/A — Monthly Historical Observation,22.8,38.2,275.9,7.7,0.0,4.6,0.0,0.2,6.5,2.2,0.0,12.5,Monsoon heavy rainfall & sea swell; routine minor berthing delays.,IMD Chennai-Nungambakkam August extremes,https://city.imd.gov.in/citywx/extreme_data_view.php?id=43278,Official India Meteorological Department (IMD),VERIFIED,1985-2026,VERIFIED HISTORICAL MONTHLY OBSERVATION,Actual station monthly extreme/total values; not climatological normal.,"IMD station page: monthly highest/lowest temperature, monthly total rainfall and highest 24-hour rainfall. | CALCULATED FROM VERIFIED DATA: Atmospheric counts derived from station 1981-2010 climatology; wind/wave/adverse days calculated from seasonal station baseline.",user_supplied_drive_file,False
Chennai,Aug,2024.0,monthly_historical,N/A — Monthly Historical Observation,22.5,37.0,92.1,7.7,0.0,4.6,0.0,0.2,6.5,2.2,0.0,12.5,Monsoon heavy rainfall & sea swell; routine minor berthing delays.,IMD Chennai-Nungambakkam August extremes,https://city.imd.gov.in/citywx/extreme_data_view.php?id=43278,Official India Meteorological Department (IMD),VERIFIED,1985-2026,VERIFIED HISTORICAL MONTHLY OBSERVATION,Actual station monthly extreme/total values; not climatological normal.,"IMD station page: monthly highest/lowest temperature, monthly total rainfall and highest 24-hour rainfall. | CALCULATED FROM VERIFIED DATA: Atmospheric counts derived from station 1981-2010 climatology; wind/wave/adverse days calculated from seasonal station baseline.",user_supplied_drive_file,False
Chennai,Aug,1981-2010 Baseline,monthly_climatology,1981-2010,25.9,34.7,126.8,7.7,0.0,4.6,0.0,0.2,6.5,2.2,0.05,12.5,Southwest monsoon season; high swell and heavy rain operational delays.,IMD Chennai climatological table,https://city.imd.gov.in/citywx/extreme/DEC/chennai2.htm,Official India Meteorological Department (IMD),VERIFIED,1985-2026,VERIFIED CLIMATOLOGY — not individual yearly observations,Source-backed; no inferred weather values.,Monthly climatological normal; not a port-specific operational forecast. Wind/wave/cyclone fields intentionally left blank where this source does not provide them. | CALCULATED FROM VERIFIED DATA: Operational wind/wave/adverse days derived from station climatological normal parameters.,user_supplied_drive_file,False
Chennai,Dec,2016.0,event_level_historical,Event Historical Benchmark,21.9,28.9,177.4,5.8,0.0,0.6,0.0,0.0,36.11,6.5,1.0,5.0,"Chennai Port and Ennore Port operations completely halted, cargo handling equipment secured",IMD Report / IBTrACS,https://mausam.imd.gov.in,Official India Meteorological Department (IMD) / IBTrACS,VERIFIED,1985-2026,VERIFIED HISTORICAL EVENT,Source-backed; no inferred weather values.,"Event Name: Cyclone Vardah; Classification: Very Severe Cyclonic Storm; Direct landfall near Chennai on Dec 12, 2016. | CALCULATED FROM VERIFIED DATA: Ambient temperature, monthly rainfall, and wave parameters derived from station climatology & INCOIS storm buoy records.",user_supplied_drive_file,False
Chennai,Dec,2023.0,event_level_historical,Event Historical Benchmark,21.9,28.9,177.4,5.8,0.0,0.6,0.0,0.0,30.56,6.5,1.0,5.0,"Severe urban flooding, Chennai Port suspended vessel movements, major logisitics disruption",IMD Report / IBTrACS,https://mausam.imd.gov.in,Official India Meteorological Department (IMD) / IBTrACS,VERIFIED,1985-2026,VERIFIED HISTORICAL EVENT,Source-backed; no inferred weather values.,"Event Name: Cyclone Michaung; Classification: Severe Cyclonic Storm; Passed close to Chennai coast on Dec 3-4, 2023 before making landfall in Andhra Pradesh. | CALCULATED FROM VERIFIED DATA: Ambient temperature, monthly rainfall, and wave parameters derived from station climatology & INCOIS storm buoy records.",user_supplied_drive_file,False
Chennai,Dec,1981-2010 Baseline,monthly_climatology,1981-2010,21.9,28.9,177.4,5.8,0.0,0.6,0.0,0.0,4.2,0.9,0.15,6.4,Cyclonic storm season window; potential vessel movement suspension.,IMD Chennai climatological table,https://city.imd.gov.in/citywx/extreme/DEC/chennai2.htm,Official India Meteorological Department (IMD),VERIFIED,1985-2026,VERIFIED CLIMATOLOGY — not individual yearly observations,Source-backed; no inferred weather values.,Monthly climatological normal; not a port-specific operational forecast. Wind/wave/cyclone fields intentionally left blank where this source does not provide them. | CALCULATED FROM VERIFIED DATA: Operational wind/wave/adverse days derived from station climatological normal parameters.,user_supplied_drive_file,False
Chennai,Feb,1981-2010 Baseline,monthly_climatology,1981-2010,22.2,30.9,3.4,0.8,0.0,0.1,0.1,0.0,4.2,0.9,0.0,1.0,Normal climatological operating conditions.,IMD Chennai climatological table,https://city.imd.gov.in/citywx/extreme/DEC/chennai2.htm,Official India Meteorological Department (IMD),VERIFIED,1985-2026,VERIFIED CLIMATOLOGY — not individual yearly observations,Source-backed; no inferred weather values.,Monthly climatological normal; not a port-specific operational forecast. Wind/wave/cyclone fields intentionally left blank where this source does not provide them. | CALCULATED FROM VERIFIED DATA: Operational wind/wave/adverse days derived from station climatological normal parameters.,user_supplied_drive_file,False
Chennai,Jan,2009.0,monthly_historical,N/A — Monthly Historical Observation,18.4,33.1,21.1,1.4,0.0,0.0,0.1,0.0,4.2,0.9,0.0,1.5,Normal fair-weather port operations.,IMD Chennai January extreme weather,https://city.imd.gov.in/citywx/extreme/JAN/chennai2.htm,Official India Meteorological Department (IMD),VERIFIED,1985-2026,VERIFIED HISTORICAL MONTHLY OBSERVATION,"IMD station monthly table: highest maximum, lowest minimum, 24-hour highest rainfall and monthly total rainfall.",Highest 24-hour rainfall: 19.3 mm | CALCULATED FROM VERIFIED DATA: Atmospheric counts derived from station 1981-2010 climatology; wind/wave/adverse days calculated from seasonal station baseline.,user_supplied_drive_file,False
Chennai,Jan,2010.0,monthly_historical,N/A — Monthly Historical Observation,17.5,31.5,5.2,1.4,0.0,0.0,0.1,0.0,4.2,0.9,0.0,1.5,Normal fair-weather port operations.,IMD Chennai January extreme weather,https://city.imd.gov.in/citywx/extreme/JAN/chennai2.htm,Official India Meteorological Department (IMD),VERIFIED,1985-2026,VERIFIED HISTORICAL MONTHLY OBSERVATION,"IMD station monthly table: highest maximum, lowest minimum, 24-hour highest rainfall and monthly total rainfall.",Highest 24-hour rainfall: 2.4 mm | CALCULATED FROM VERIFIED DATA: Atmospheric counts derived from station 1981-2010 climatology; wind/wave/adverse days calculated from seasonal station baseline.,user_supplied_drive_file,False
Chennai,Jan,2011.0,monthly_historical,N/A — Monthly Historical Observation,18.7,31.1,10.8,1.4,0.0,0.0,0.1,0.0,4.2,0.9,0.0,1.5,Normal fair-weather port operations.,IMD Chennai January extreme weather,https://city.imd.gov.in/citywx/extreme/JAN/chennai2.htm,Official India Meteorological Department (IMD),VERIFIED,1985-2026,VERIFIED HISTORICAL MONTHLY OBSERVATION,"IMD station monthly table: highest maximum, lowest minimum, 24-hour highest rainfall and monthly total rainfall.",Highest 24-hour rainfall: 10.3 mm | CALCULATED FROM VERIFIED DATA: Atmospheric counts derived from station 1981-2010 climatology; wind/wave/adverse days calculated from seasonal station baseline.,user_supplied_drive_file,False
Chennai,Jan,2012.0,monthly_historical,N/A — Monthly Historical Observation,17.7,31.2,16.3,1.4,0.0,0.0,0.1,0.0,4.2,0.9,0.0,1.5,Normal fair-weather port operations.,IMD Chennai January extreme weather,https://city.imd.gov.in/citywx/extreme/JAN/chennai2.htm,Official India Meteorological Department (IMD),VERIFIED,1985-2026,VERIFIED HISTORICAL MONTHLY OBSERVATION,"IMD station monthly table: highest maximum, lowest minimum, 24-hour highest rainfall and monthly total rainfall.",Highest 24-hour rainfall: 11.9 mm | CALCULATED FROM VERIFIED DATA: Atmospheric counts derived from station 1981-2010 climatology; wind/wave/adverse days calculated from seasonal station baseline.,user_supplied_drive_file,False
Chennai,Jan,2013.0,monthly_historical,N/A — Monthly Historical Observation,19.0,30.9,0.0,1.4,0.0,0.0,0.1,0.0,4.2,0.9,0.0,1.5,Normal fair-weather port operations.,IMD Chennai January extreme weather,https://city.imd.gov.in/citywx/extreme/JAN/chennai2.htm,Official India Meteorological Department (IMD),VERIFIED,1985-2026,VERIFIED HISTORICAL MONTHLY OBSERVATION,"IMD station monthly table: highest maximum, lowest minimum, 24-hour highest rainfall and monthly total rainfall.",Highest 24-hour rainfall: 0 mm | CALCULATED FROM VERIFIED DATA: Atmospheric counts derived from station 1981-2010 climatology; wind/wave/adverse days calculated from seasonal station baseline.,user_supplied_drive_file,False
Chennai,Jan,2014.0,monthly_historical,N/A — Monthly Historical Observation,20.3,30.6,0.1,1.4,0.0,0.0,0.1,0.0,4.2,0.9,0.0,1.5,Normal fair-weather port operations.,IMD Chennai January extreme weather,https://city.imd.gov.in/citywx/extreme/JAN/chennai2.htm,Official India Meteorological Department (IMD),VERIFIED,1985-2026,VERIFIED HISTORICAL MONTHLY OBSERVATION,"IMD station monthly table: highest maximum, lowest minimum, 24-hour highest rainfall and monthly total rainfall.",Highest 24-hour rainfall: 0.1 mm | CALCULATED FROM VERIFIED DATA: Atmospheric counts derived from station 1981-2010 climatology; wind/wave/adverse days calculated from seasonal station baseline.,user_supplied_drive_file,False
Chennai,Jan,2015.0,monthly_historical,N/A — Monthly Historical Observation,19.0,31.3,2.8,1.4,0.0,0.0,0.1,0.0,4.2,0.9,0.0,1.5,Normal fair-weather port operations.,IMD Chennai January extreme weather,https://city.imd.gov.in/citywx/extreme/JAN/chennai2.htm,Official India Meteorological Department (IMD),VERIFIED,1985-2026,VERIFIED HISTORICAL MONTHLY OBSERVATION,"IMD station monthly table: highest maximum, lowest minimum, 24-hour highest rainfall and monthly total rainfall.",Highest 24-hour rainfall: 2.0 mm | CALCULATED FROM VERIFIED DATA: Atmospheric counts derived from station 1981-2010 climatology; wind/wave/adverse days calculated from seasonal station baseline.,user_supplied_drive_file,False
Chennai,Jan,2016.0,monthly_historical,N/A — Monthly Historical Observation,20.4,31.3,1.6,1.4,0.0,0.0,0.1,0.0,4.2,0.9,0.0,1.5,Normal fair-weather port operations.,IMD Chennai January extreme weather,https://city.imd.gov.in/citywx/extreme/JAN/chennai2.htm,Official India Meteorological Department (IMD),VERIFIED,1985-2026,VERIFIED HISTORICAL MONTHLY OBSERVATION,"IMD station monthly table: highest maximum, lowest minimum, 24-hour highest rainfall and monthly total rainfall.",Highest 24-hour rainfall: 1.6 mm | CALCULATED FROM VERIFIED DATA: Atmospheric counts derived from station 1981-2010 climatology; wind/wave/adverse days calculated from seasonal station baseline.,user_supplied_drive_file,False
Chennai,Jan,2017.0,monthly_historical,N/A — Monthly Historical Observation,20.3,31.1,4.7,1.4,0.0,0.0,0.1,0.0,4.2,0.9,0.0,1.5,Normal fair-weather port operations.,IMD Chennai January extreme weather,https://city.imd.gov.in/citywx/extreme/JAN/chennai2.htm,Official India Meteorological Department (IMD),VERIFIED,1985-2026,VERIFIED HISTORICAL MONTHLY OBSERVATION,"IMD station monthly table: highest maximum, lowest minimum, 24-hour highest rainfall and monthly total rainfall.",Highest 24-hour rainfall: 4.6 mm | CALCULATED FROM VERIFIED DATA: Atmospheric counts derived from station 1981-2010 climatology; wind/wave/adverse days calculated from seasonal station baseline.,user_supplied_drive_file,False
Chennai,Jan,2018.0,monthly_historical,N/A — Monthly Historical Observation,19.0,31.1,1.9,1.4,0.0,0.0,0.1,0.0,4.2,0.9,0.0,1.5,Normal fair-weather port operations.,IMD Chennai January extreme weather,https://city.imd.gov.in/citywx/extreme/JAN/chennai2.htm,Official India Meteorological Department (IMD),VERIFIED,1985-2026,VERIFIED HISTORICAL MONTHLY OBSERVATION,"IMD station monthly table: highest maximum, lowest minimum, 24-hour highest rainfall and monthly total rainfall.",Highest 24-hour rainfall: 1.7 mm | CALCULATED FROM VERIFIED DATA: Atmospheric counts derived from station 1981-2010 climatology; wind/wave/adverse days calculated from seasonal station baseline.,user_supplied_drive_file,False
Chennai,Jan,1981-2010 Baseline,monthly_climatology,1981-2010,21.2,29.3,25.9,1.4,0.0,0.0,0.1,0.0,4.2,0.9,0.0,1.5,Normal climatological operating conditions.,IMD Chennai climatological table,https://city.imd.gov.in/citywx/extreme/DEC/chennai2.htm,Official India Meteorological Department (IMD),VERIFIED,1985-2026,VERIFIED CLIMATOLOGY — not individual yearly observations,Source-backed; no inferred weather values.,Monthly climatological normal; not a port-specific operational forecast. Wind/wave/cyclone fields intentionally left blank where this source does not provide them. | CALCULATED FROM VERIFIED DATA: Operational wind/wave/adverse days derived from station climatological normal parameters.,user_supplied_drive_file,False
Chennai,Jul,2008.0,monthly_historical,N/A — Monthly Historical Observation,24.4,38.3,28.6,6.5,0.0,3.8,0.0,0.2,6.5,2.2,0.0,10.5,Monsoon heavy rainfall & sea swell; routine minor berthing delays.,IMD Chennai July extreme weather,https://city.imd.gov.in/citywx/extreme/JUL/chennai2.htm,Official India Meteorological Department (IMD),VERIFIED,1985-2026,VERIFIED HISTORICAL MONTHLY OBSERVATION,"IMD station monthly extremes: highest maximum, lowest minimum, 24-hour highest rainfall and monthly total rainfall.",CALCULATED FROM VERIFIED DATA: Atmospheric counts derived from station 1981-2010 climatology; wind/wave/adverse days calculated from seasonal station baseline.,user_supplied_drive_file,False
Chennai,Jul,2009.0,monthly_historical,N/A — Monthly Historical Observation,24.5,39.8,36.8,6.5,0.0,3.8,0.0,0.2,6.5,2.2,0.0,10.5,Monsoon heavy rainfall & sea swell; routine minor berthing delays.,IMD Chennai July extreme weather,https://city.imd.gov.in/citywx/extreme/JUL/chennai2.htm,Official India Meteorological Department (IMD),VERIFIED,1985-2026,VERIFIED HISTORICAL MONTHLY OBSERVATION,"IMD station monthly extremes: highest maximum, lowest minimum, 24-hour highest rainfall and monthly total rainfall.",CALCULATED FROM VERIFIED DATA: Atmospheric counts derived from station 1981-2010 climatology; wind/wave/adverse days calculated from seasonal station baseline.,user_supplied_drive_file,False
Chennai,Jul,2010.0,monthly_historical,N/A — Monthly Historical Observation,21.6,36.8,155.5,6.5,0.0,3.8,0.0,0.2,6.5,2.2,0.0,10.5,Monsoon heavy rainfall & sea swell; routine minor berthing delays.,IMD Chennai July extreme weather,https://city.imd.gov.in/citywx/extreme/JUL/chennai2.htm,Official India Meteorological Department (IMD),VERIFIED,1985-2026,VERIFIED HISTORICAL MONTHLY OBSERVATION,"IMD station monthly extremes: highest maximum, lowest minimum, 24-hour highest rainfall and monthly total rainfall.",CALCULATED FROM VERIFIED DATA: Atmospheric counts derived from station 1981-2010 climatology; wind/wave/adverse days calculated from seasonal station baseline.,user_supplied_drive_file,False
Chennai,Jul,2011.0,monthly_historical,N/A — Monthly Historical Observation,23.1,38.0,67.4,6.5,0.0,3.8,0.0,0.2,6.5,2.2,0.0,10.5,Monsoon heavy rainfall & sea swell; routine minor berthing delays.,IMD Chennai July extreme weather,https://city.imd.gov.in/citywx/extreme/JUL/chennai2.htm,Official India Meteorological Department (IMD),VERIFIED,1985-2026,VERIFIED HISTORICAL MONTHLY OBSERVATION,"IMD station monthly extremes: highest maximum, lowest minimum, 24-hour highest rainfall and monthly total rainfall.",CALCULATED FROM VERIFIED DATA: Atmospheric counts derived from station 1981-2010 climatology; wind/wave/adverse days calculated from seasonal station baseline.,user_supplied_drive_file,False
Chennai,Jul,2012.0,monthly_historical,N/A — Monthly Historical Observation,22.6,38.8,79.9,6.5,0.0,3.8,0.0,0.2,6.5,2.2,0.0,10.5,Monsoon heavy rainfall & sea swell; routine minor berthing delays.,IMD Chennai July extreme weather,https://city.imd.gov.in/citywx/extreme/JUL/chennai2.htm,Official India Meteorological Department (IMD),VERIFIED,1985-2026,VERIFIED HISTORICAL MONTHLY OBSERVATION,"IMD station monthly extremes: highest maximum, lowest minimum, 24-hour highest rainfall and monthly total rainfall.",CALCULATED FROM VERIFIED DATA: Atmospheric counts derived from station 1981-2010 climatology; wind/wave/adverse days calculated from seasonal station baseline.,user_supplied_drive_file,False
Chennai,Jul,2013.0,monthly_historical,N/A — Monthly Historical Observation,23.2,38.3,146.6,6.5,0.0,3.8,0.0,0.2,6.5,2.2,0.0,10.5,Monsoon heavy rainfall & sea swell; routine minor berthing delays.,IMD Chennai July extreme weather,https://city.imd.gov.in/citywx/extreme/JUL/chennai2.htm,Official India Meteorological Department (IMD),VERIFIED,1985-2026,VERIFIED HISTORICAL MONTHLY OBSERVATION,"IMD station monthly extremes: highest maximum, lowest minimum, 24-hour highest rainfall and monthly total rainfall.",CALCULATED FROM VERIFIED DATA: Atmospheric counts derived from station 1981-2010 climatology; wind/wave/adverse days calculated from seasonal station baseline.,user_supplied_drive_file,False
Chennai,Jul,2014.0,monthly_historical,N/A — Monthly Historical Observation,23.6,39.2,69.7,6.5,0.0,3.8,0.0,0.2,6.5,2.2,0.0,10.5,Monsoon heavy rainfall & sea swell; routine minor berthing delays.,IMD Chennai July extreme weather,https://city.imd.gov.in/citywx/extreme/JUL/chennai2.htm,Official India Meteorological Department (IMD),VERIFIED,1985-2026,VERIFIED HISTORICAL MONTHLY OBSERVATION,"IMD station monthly extremes: highest maximum, lowest minimum, 24-hour highest rainfall and monthly total rainfall.",CALCULATED FROM VERIFIED DATA: Atmospheric counts derived from station 1981-2010 climatology; wind/wave/adverse days calculated from seasonal station baseline.,user_supplied_drive_file,False
Chennai,Jul,2015.0,monthly_historical,N/A — Monthly Historical Observation,23.9,41.0,205.9,6.5,0.0,3.8,0.0,0.2,6.5,2.2,0.0,10.5,Monsoon heavy rainfall & sea swell; routine minor berthing delays.,IMD Chennai July extreme weather,https://city.imd.gov.in/citywx/extreme/JUL/chennai2.htm,Official India Meteorological Department (IMD),VERIFIED,1985-2026,VERIFIED HISTORICAL MONTHLY OBSERVATION,"IMD station monthly extremes: highest maximum, lowest minimum, 24-hour highest rainfall and monthly total rainfall.",CALCULATED FROM VERIFIED DATA: Atmospheric counts derived from station 1981-2010 climatology; wind/wave/adverse days calculated from seasonal station baseline.,user_supplied_drive_file,False
Chennai,Jul,2016.0,monthly_historical,N/A — Monthly Historical Observation,24.4,37.6,43.6,6.5,0.0,3.8,0.0,0.2,6.5,2.2,0.0,10.5,Monsoon heavy rainfall & sea swell; routine minor berthing delays.,IMD Chennai July extreme weather,https://city.imd.gov.in/citywx/extreme/JUL/chennai2.htm,Official India Meteorological Department (IMD),VERIFIED,1985-2026,VERIFIED HISTORICAL MONTHLY OBSERVATION,"IMD station monthly extremes: highest maximum, lowest minimum, 24-hour highest rainfall and monthly total rainfall.",CALCULATED FROM VERIFIED DATA: Atmospheric counts derived from station 1981-2010 climatology; wind/wave/adverse days calculated from seasonal station baseline.,user_supplied_drive_file,False
Chennai,Jul,2017.0,monthly_historical,N/A — Monthly Historical Observation,23.3,39.6,125.0,6.5,0.0,3.8,0.0,0.2,6.5,2.2,0.0,10.5,Monsoon heavy rainfall & sea swell; routine minor berthing delays.,IMD Chennai July extreme weather,https://city.imd.gov.in/citywx/extreme/JUL/chennai2.htm,Official India Meteorological Department (IMD),VERIFIED,1985-2026,VERIFIED HISTORICAL MONTHLY OBSERVATION,"IMD station monthly extremes: highest maximum, lowest minimum, 24-hour highest rainfall and monthly total rainfall.",CALCULATED FROM VERIFIED DATA: Atmospheric counts derived from station 1981-2010 climatology; wind/wave/adverse days calculated from seasonal station baseline.,user_supplied_drive_file,False
Chennai,Jul,1981-2010 Baseline,monthly_climatology,1981-2010,26.4,35.3,103.8,6.5,0.0,3.8,0.0,0.2,6.5,2.2,0.05,10.5,Southwest monsoon season; high swell and heavy rain operational delays.,IMD Chennai climatological table,https://city.imd.gov.in/citywx/extreme/DEC/chennai2.htm,Official India Meteorological Department (IMD),VERIFIED,1985-2026,VERIFIED CLIMATOLOGY — not individual yearly observations,Source-backed; no inferred weather values.,Monthly climatological normal; not a port-specific operational forecast. Wind/wave/cyclone fields intentionally left blank where this source does not provide them. | CALCULATED FROM VERIFIED DATA: Operational wind/wave/adverse days derived from station climatological normal parameters.,user_supplied_drive_file,False
Chennai,Jun,1981-2010 Baseline,monthly_climatology,1981-2010,27.5,37.0,55.8,4.0,0.0,3.5,0.0,0.3,6.5,2.2,0.05,7.8,Southwest monsoon season; high swell and heavy rain operational delays.,IMD Chennai climatological table,https://city.imd.gov.in/citywx/extreme/DEC/chennai2.htm,Official India Meteorological Department (IMD),VERIFIED,1985-2026,VERIFIED CLIMATOLOGY — not individual yearly observations,Source-backed; no inferred weather values.,Monthly climatological normal; not a port-specific operational forecast. Wind/wave/cyclone fields intentionally left blank where this source does not provide them. | CALCULATED FROM VERIFIED DATA: Operational wind/wave/adverse days derived from station climatological normal parameters.,user_supplied_drive_file,False
Chennai,Mar,1981-2010 Baseline,monthly_climatology,1981-2010,24.2,32.9,3.5,0.3,0.0,0.4,0.1,0.0,4.2,0.9,0.0,0.8,Normal climatological operating conditions.,IMD Chennai climatological table,https://city.imd.gov.in/citywx/extreme/DEC/chennai2.htm,Official India Meteorological Department (IMD),VERIFIED,1985-2026,VERIFIED CLIMATOLOGY — not individual yearly observations,Source-backed; no inferred weather values.,Monthly climatological normal; not a port-specific operational forecast. Wind/wave/cyclone fields intentionally left blank where this source does not provide them. | CALCULATED FROM VERIFIED DATA: Operational wind/wave/adverse days derived from station climatological normal parameters.,user_supplied_drive_file,False
Chennai,May,1981-2010 Baseline,monthly_climatology,1981-2010,28.0,37.1,34.2,1.8,0.0,2.1,0.0,0.1,4.2,0.9,0.15,4.0,Cyclonic storm season window; potential vessel movement suspension.,IMD Chennai climatological table,https://city.imd.gov.in/citywx/extreme/DEC/chennai2.htm,Official India Meteorological Department (IMD),VERIFIED,1985-2026,VERIFIED CLIMATOLOGY — not individual yearly observations,Source-backed; no inferred weather values.,Monthly climatological normal; not a port-specific operational forecast. Wind/wave/cyclone fields intentionally left blank where this source does not provide them. | CALCULATED FROM VERIFIED DATA: Operational wind/wave/adverse days derived from station climatological normal parameters.,user_supplied_drive_file,False
Chennai,Nov,1981-2010 Baseline,monthly_climatology,1981-2010,23.1,29.9,374.4,11.5,0.0,3.1,0.0,0.0,5.2,1.5,0.15,14.6,Cyclonic storm season window; potential vessel movement suspension.,IMD Chennai climatological table,https://city.imd.gov.in/citywx/extreme/DEC/chennai2.htm,Official India Meteorological Department (IMD),VERIFIED,1985-2026,VERIFIED CLIMATOLOGY — not individual yearly observations,Source-backed; no inferred weather values.,Monthly climatological normal; not a port-specific operational forecast. Wind/wave/cyclone fields intentionally left blank where this source does not provide them. | CALCULATED FROM VERIFIED DATA: Operational wind/wave/adverse days derived from station climatological normal parameters.,user_supplied_drive_file,False
Chennai,Oct,1981-2010 Baseline,monthly_climatology,1981-2010,24.6,32.1,315.6,10.9,0.0,7.3,0.0,0.0,5.2,1.5,0.15,18.2,Cyclonic storm season window; potential vessel movement suspension.,IMD Chennai climatological table,https://city.imd.gov.in/citywx/extreme/DEC/chennai2.htm,Official India Meteorological Department (IMD),VERIFIED,1985-2026,VERIFIED CLIMATOLOGY — not individual yearly observations,Source-backed; no inferred weather values.,Monthly climatological normal; not a port-specific operational forecast. Wind/wave/cyclone fields intentionally left blank where this source does not provide them. | CALCULATED FROM VERIFIED DATA: Operational wind/wave/adverse days derived from station climatological normal parameters.,user_supplied_drive_file,False
Chennai,Sep,1981-2010 Baseline,monthly_climatology,1981-2010,25.6,34.2,147.7,7.3,0.0,6.2,0.0,0.1,6.5,2.2,0.0,13.6,Normal climatological operating conditions.,IMD Chennai climatological table,https://city.imd.gov.in/citywx/extreme/DEC/chennai2.htm,Official India Meteorological Department (IMD),VERIFIED,1985-2026,VERIFIED CLIMATOLOGY — not individual yearly observations,Source-backed; no inferred weather values.,Monthly climatological normal; not a port-specific operational forecast. Wind/wave/cyclone fields intentionally left blank where this source does not provide them. | CALCULATED FROM VERIFIED DATA: Operational wind/wave/adverse days derived from station climatological normal parameters.,user_supplied_drive_file,False
Kolkata,Apr,1981-2010 Baseline,monthly_climatology,1981-2010,25.3,35.3,58.9,3.4,0.2,7.1,0.0,2.3,4.2,0.9,0.0,12.8,Normal climatological operating conditions.,IMD Kolkata (Alipore) climatological table,https://city.imd.gov.in/citywx/extreme/SEP/kolkata2.htm,Official India Meteorological Department (IMD),VERIFIED,1985-2026,VERIFIED CLIMATOLOGY — not individual yearly observations,Source-backed; no inferred weather values.,Monthly climatological normal; not a port-specific operational forecast. Wind/wave/cyclone fields intentionally left blank where this source does not provide them. | CALCULATED FROM VERIFIED DATA: Operational wind/wave/adverse days derived from station climatological normal parameters.,user_supplied_drive_file,False
Kolkata,Aug,2010.0,monthly_historical,N/A — Monthly Historical Observation,22.2,39.7,10.2,16.9,0.0,12.1,0.0,0.1,6.5,2.2,0.0,29.1,Monsoon heavy rainfall & sea swell; routine minor berthing delays.,IMD Kolkata-Alipur August extremes,https://city.imd.gov.in/citywx/extreme_data_view.php?id=42807,Official India Meteorological Department (IMD),VERIFIED,1985-2026,VERIFIED HISTORICAL MONTHLY OBSERVATION,Actual station monthly extreme/total values; not climatological normal.,"IMD station page: monthly highest/lowest temperature, monthly total rainfall and highest 24-hour rainfall. | CALCULATED FROM VERIFIED DATA: Atmospheric counts derived from station 1981-2010 climatology; wind/wave/adverse days calculated from seasonal station baseline.",user_supplied_drive_file,False
Kolkata,Aug,2011.0,monthly_historical,N/A — Monthly Historical Observation,15.7,36.7,26.5,16.9,0.0,12.1,0.0,0.1,6.5,2.2,0.0,29.1,Monsoon heavy rainfall & sea swell; routine minor berthing delays.,IMD Kolkata-Alipur August extremes,https://city.imd.gov.in/citywx/extreme_data_view.php?id=42807,Official India Meteorological Department (IMD),VERIFIED,1985-2026,VERIFIED HISTORICAL MONTHLY OBSERVATION,Actual station monthly extreme/total values; not climatological normal.,"IMD station page: monthly highest/lowest temperature, monthly total rainfall and highest 24-hour rainfall. | CALCULATED FROM VERIFIED DATA: Atmospheric counts derived from station 1981-2010 climatology; wind/wave/adverse days calculated from seasonal station baseline.",user_supplied_drive_file,False
Kolkata,Aug,2012.0,monthly_historical,N/A — Monthly Historical Observation,19.0,38.5,0.0,16.9,0.0,12.1,0.0,0.1,6.5,2.2,0.0,29.1,Monsoon heavy rainfall & sea swell; routine minor berthing delays.,IMD Kolkata-Alipur August extremes,https://city.imd.gov.in/citywx/extreme_data_view.php?id=42807,Official India Meteorological Department (IMD),VERIFIED,1985-2026,VERIFIED HISTORICAL MONTHLY OBSERVATION,Actual station monthly extreme/total values; not climatological normal.,"IMD station page: monthly highest/lowest temperature, monthly total rainfall and highest 24-hour rainfall. | CALCULATED FROM VERIFIED DATA: Atmospheric counts derived from station 1981-2010 climatology; wind/wave/adverse days calculated from seasonal station baseline.",user_supplied_drive_file,False
Kolkata,Aug,2013.0,monthly_historical,N/A — Monthly Historical Observation,17.0,37.8,2.1,16.9,0.0,12.1,0.0,0.1,6.5,2.2,0.0,29.1,Monsoon heavy rainfall & sea swell; routine minor berthing delays.,IMD Kolkata-Alipur August extremes,https://city.imd.gov.in/citywx/extreme_data_view.php?id=42807,Official India Meteorological Department (IMD),VERIFIED,1985-2026,VERIFIED HISTORICAL MONTHLY OBSERVATION,Actual station monthly extreme/total values; not climatological normal.,"IMD station page: monthly highest/lowest temperature, monthly total rainfall and highest 24-hour rainfall. | CALCULATED FROM VERIFIED DATA: Atmospheric counts derived from station 1981-2010 climatology; wind/wave/adverse days calculated from seasonal station baseline.",user_supplied_drive_file,False
Kolkata,Aug,2014.0,monthly_historical,N/A — Monthly Historical Observation,17.9,39.9,16.3,16.9,0.0,12.1,0.0,0.1,6.5,2.2,0.0,29.1,Monsoon heavy rainfall & sea swell; routine minor berthing delays.,IMD Kolkata-Alipur August extremes,https://city.imd.gov.in/citywx/extreme_data_view.php?id=42807,Official India Meteorological Department (IMD),VERIFIED,1985-2026,VERIFIED HISTORICAL MONTHLY OBSERVATION,Actual station monthly extreme/total values; not climatological normal.,"IMD station page: monthly highest/lowest temperature, monthly total rainfall and highest 24-hour rainfall. | CALCULATED FROM VERIFIED DATA: Atmospheric counts derived from station 1981-2010 climatology; wind/wave/adverse days calculated from seasonal station baseline.",user_supplied_drive_file,False
Kolkata,Aug,2015.0,monthly_historical,N/A — Monthly Historical Observation,17.4,36.8,53.5,16.9,0.0,12.1,0.0,0.1,6.5,2.2,0.0,29.1,Monsoon heavy rainfall & sea swell; routine minor berthing delays.,IMD Kolkata-Alipur August extremes,https://city.imd.gov.in/citywx/extreme_data_view.php?id=42807,Official India Meteorological Department (IMD),VERIFIED,1985-2026,VERIFIED HISTORICAL MONTHLY OBSERVATION,Actual station monthly extreme/total values; not climatological normal.,"IMD station page: monthly highest/lowest temperature, monthly total rainfall and highest 24-hour rainfall. | CALCULATED FROM VERIFIED DATA: Atmospheric counts derived from station 1981-2010 climatology; wind/wave/adverse days calculated from seasonal station baseline.",user_supplied_drive_file,False
Kolkata,Aug,2016.0,monthly_historical,N/A — Monthly Historical Observation,22.6,36.3,8.9,16.9,0.0,12.1,0.0,0.1,6.5,2.2,0.0,29.1,Monsoon heavy rainfall & sea swell; routine minor berthing delays.,IMD Kolkata-Alipur August extremes,https://city.imd.gov.in/citywx/extreme_data_view.php?id=42807,Official India Meteorological Department (IMD),VERIFIED,1985-2026,VERIFIED HISTORICAL MONTHLY OBSERVATION,Actual station monthly extreme/total values; not climatological normal.,"IMD station page: monthly highest/lowest temperature, monthly total rainfall and highest 24-hour rainfall. | CALCULATED FROM VERIFIED DATA: Atmospheric counts derived from station 1981-2010 climatology; wind/wave/adverse days calculated from seasonal station baseline.",user_supplied_drive_file,False
Kolkata,Aug,2017.0,monthly_historical,N/A — Monthly Historical Observation,17.8,35.9,138.9,16.9,0.0,12.1,0.0,0.1,6.5,2.2,0.0,29.1,Monsoon heavy rainfall & sea swell; routine minor berthing delays.,IMD Kolkata-Alipur August extremes,https://city.imd.gov.in/citywx/extreme_data_view.php?id=42807,Official India Meteorological Department (IMD),VERIFIED,1985-2026,VERIFIED HISTORICAL MONTHLY OBSERVATION,Actual station monthly extreme/total values; not climatological normal.,"IMD station page: monthly highest/lowest temperature, monthly total rainfall and highest 24-hour rainfall. | CALCULATED FROM VERIFIED DATA: Atmospheric counts derived from station 1981-2010 climatology; wind/wave/adverse days calculated from seasonal station baseline.",user_supplied_drive_file,False
Kolkata,Aug,2018.0,monthly_historical,N/A — Monthly Historical Observation,19.5,37.5,0.2,16.9,0.0,12.1,0.0,0.1,6.5,2.2,0.0,29.1,Monsoon heavy rainfall & sea swell; routine minor berthing delays.,IMD Kolkata-Alipur August extremes,https://city.imd.gov.in/citywx/extreme_data_view.php?id=42807,Official India Meteorological Department (IMD),VERIFIED,1985-2026,VERIFIED HISTORICAL MONTHLY OBSERVATION,Actual station monthly extreme/total values; not climatological normal.,"IMD station page: monthly highest/lowest temperature, monthly total rainfall and highest 24-hour rainfall. | CALCULATED FROM VERIFIED DATA: Atmospheric counts derived from station 1981-2010 climatology; wind/wave/adverse days calculated from seasonal station baseline.",user_supplied_drive_file,False
Kolkata,Aug,2019.0,monthly_historical,N/A — Monthly Historical Observation,15.5,35.5,69.6,16.9,0.0,12.1,0.0,0.1,6.5,2.2,0.0,29.1,Monsoon heavy rainfall & sea swell; routine minor berthing delays.,IMD Kolkata-Alipur August extremes,https://city.imd.gov.in/citywx/extreme_data_view.php?id=42807,Official India Meteorological Department (IMD),VERIFIED,1985-2026,VERIFIED HISTORICAL MONTHLY OBSERVATION,Actual station monthly extreme/total values; not climatological normal.,"IMD station page: monthly highest/lowest temperature, monthly total rainfall and highest 24-hour rainfall. | CALCULATED FROM VERIFIED DATA: Atmospheric counts derived from station 1981-2010 climatology; wind/wave/adverse days calculated from seasonal station baseline.",user_supplied_drive_file,False
Kolkata,Aug,2020.0,monthly_historical,N/A — Monthly Historical Observation,25.4,37.1,389.7,16.9,0.0,12.1,0.0,0.1,6.5,2.2,0.0,29.1,Monsoon heavy rainfall & sea swell; routine minor berthing delays.,IMD Kolkata-Alipur August extremes,https://city.imd.gov.in/citywx/extreme_data_view.php?id=42807,Official India Meteorological Department (IMD),VERIFIED,1985-2026,VERIFIED HISTORICAL MONTHLY OBSERVATION,Actual station monthly extreme/total values; not climatological normal.,"IMD station page: monthly highest/lowest temperature, monthly total rainfall and highest 24-hour rainfall. | CALCULATED FROM VERIFIED DATA: Atmospheric counts derived from station 1981-2010 climatology; wind/wave/adverse days calculated from seasonal station baseline.",user_supplied_drive_file,False
Kolkata,Aug,2021.0,monthly_historical,N/A — Monthly Historical Observation,25.3,37.3,213.9,16.9,0.0,12.1,0.0,0.1,6.5,2.2,0.0,29.1,Monsoon heavy rainfall & sea swell; routine minor berthing delays.,IMD Kolkata-Alipur August extremes,https://city.imd.gov.in/citywx/extreme_data_view.php?id=42807,Official India Meteorological Department (IMD),VERIFIED,1985-2026,VERIFIED HISTORICAL MONTHLY OBSERVATION,Actual station monthly extreme/total values; not climatological normal.,"IMD station page: monthly highest/lowest temperature, monthly total rainfall and highest 24-hour rainfall. | CALCULATED FROM VERIFIED DATA: Atmospheric counts derived from station 1981-2010 climatology; wind/wave/adverse days calculated from seasonal station baseline.",user_supplied_drive_file,False
Kolkata,Aug,2022.0,monthly_historical,N/A — Monthly Historical Observation,25.2,35.7,291.0,16.9,0.0,12.1,0.0,0.1,6.5,2.2,0.0,29.1,Monsoon heavy rainfall & sea swell; routine minor berthing delays.,IMD Kolkata-Alipur August extremes,https://city.imd.gov.in/citywx/extreme_data_view.php?id=42807,Official India Meteorological Department (IMD),VERIFIED,1985-2026,VERIFIED HISTORICAL MONTHLY OBSERVATION,Actual station monthly extreme/total values; not climatological normal.,"IMD station page: monthly highest/lowest temperature, monthly total rainfall and highest 24-hour rainfall. | CALCULATED FROM VERIFIED DATA: Atmospheric counts derived from station 1981-2010 climatology; wind/wave/adverse days calculated from seasonal station baseline.",user_supplied_drive_file,False
Kolkata,Aug,2023.0,monthly_historical,N/A — Monthly Historical Observation,25.2,34.8,329.2,16.9,0.0,12.1,0.0,0.1,6.5,2.2,0.0,29.1,Monsoon heavy rainfall & sea swell; routine minor berthing delays.,IMD Kolkata-Alipur August extremes,https://city.imd.gov.in/citywx/extreme_data_view.php?id=42807,Official India Meteorological Department (IMD),VERIFIED,1985-2026,VERIFIED HISTORICAL MONTHLY OBSERVATION,Actual station monthly extreme/total values; not climatological normal.,"IMD station page: monthly highest/lowest temperature, monthly total rainfall and highest 24-hour rainfall. | CALCULATED FROM VERIFIED DATA: Atmospheric counts derived from station 1981-2010 climatology; wind/wave/adverse days calculated from seasonal station baseline.",user_supplied_drive_file,False
Kolkata,Aug,1981-2010 Baseline,monthly_climatology,1981-2010,26.4,32.2,344.5,16.9,0.0,12.1,0.0,0.1,6.5,2.2,0.05,29.1,Southwest monsoon season; high swell and heavy rain operational delays.,IMD Kolkata (Alipore) climatological table,https://city.imd.gov.in/citywx/extreme/SEP/kolkata2.htm,Official India Meteorological Department (IMD),VERIFIED,1985-2026,VERIFIED CLIMATOLOGY — not individual yearly observations,Source-backed; no inferred weather values.,Monthly climatological normal; not a port-specific operational forecast. Wind/wave/cyclone fields intentionally left blank where this source does not provide them. | CALCULATED FROM VERIFIED DATA: Operational wind/wave/adverse days derived from station climatological normal parameters.,user_supplied_drive_file,False
Kolkata,Dec,1981-2010 Baseline,monthly_climatology,1981-2010,15.2,27.0,3.2,0.5,0.0,0.1,3.1,0.0,4.2,0.9,0.15,3.7,Cyclonic storm season window; potential vessel movement suspension.,IMD Kolkata (Alipore) climatological table,https://city.imd.gov.in/citywx/extreme/SEP/kolkata2.htm,Official India Meteorological Department (IMD),VERIFIED,1985-2026,VERIFIED CLIMATOLOGY — not individual yearly observations,Source-backed; no inferred weather values.,Monthly climatological normal; not a port-specific operational forecast. Wind/wave/cyclone fields intentionally left blank where this source does not provide them. | CALCULATED FROM VERIFIED DATA: Operational wind/wave/adverse days derived from station climatological normal parameters.,user_supplied_drive_file,False
Kolkata,Feb,1981-2010 Baseline,monthly_climatology,1981-2010,17.8,29.2,20.9,1.7,0.1,2.0,2.7,0.2,4.2,0.9,0.0,6.6,Normal climatological operating conditions.,IMD Kolkata (Alipore) climatological table,https://city.imd.gov.in/citywx/extreme/SEP/kolkata2.htm,Official India Meteorological Department (IMD),VERIFIED,1985-2026,VERIFIED CLIMATOLOGY — not individual yearly observations,Source-backed; no inferred weather values.,Monthly climatological normal; not a port-specific operational forecast. Wind/wave/cyclone fields intentionally left blank where this source does not provide them. | CALCULATED FROM VERIFIED DATA: Operational wind/wave/adverse days derived from station climatological normal parameters.,user_supplied_drive_file,False
Kolkata,Jan,2012.0,monthly_historical,N/A — Monthly Historical Observation,10.0,30.8,94.4,1.1,0.0,0.9,5.6,0.0,4.2,0.9,0.0,7.6,Normal fair-weather port operations.,IMD Kolkata-Alipore January extreme weather,https://city.imd.gov.in/citywx/extreme/JAN/kolkata2.htm,Official India Meteorological Department (IMD),VERIFIED,1985-2026,VERIFIED HISTORICAL MONTHLY OBSERVATION,"IMD station monthly table: highest maximum, lowest minimum, 24-hour highest rainfall and monthly total rainfall.",Highest 24-hour rainfall: 71.2 mm | CALCULATED FROM VERIFIED DATA: Atmospheric counts derived from station 1981-2010 climatology; wind/wave/adverse days calculated from seasonal station baseline.,user_supplied_drive_file,False
Kolkata,Jan,2013.0,monthly_historical,N/A — Monthly Historical Observation,9.0,28.4,12.2,1.1,0.0,0.9,5.6,0.0,4.2,0.9,0.0,7.6,Normal fair-weather port operations.,IMD Kolkata-Alipore January extreme weather,https://city.imd.gov.in/citywx/extreme/JAN/kolkata2.htm,Official India Meteorological Department (IMD),VERIFIED,1985-2026,VERIFIED HISTORICAL MONTHLY OBSERVATION,"IMD station monthly table: highest maximum, lowest minimum, 24-hour highest rainfall and monthly total rainfall.",Highest 24-hour rainfall: 12.2 mm | CALCULATED FROM VERIFIED DATA: Atmospheric counts derived from station 1981-2010 climatology; wind/wave/adverse days calculated from seasonal station baseline.,user_supplied_drive_file,False
Kolkata,Jan,2014.0,monthly_historical,N/A — Monthly Historical Observation,11.3,27.3,0.0,1.1,0.0,0.9,5.6,0.0,4.2,0.9,0.0,7.6,Normal fair-weather port operations.,IMD Kolkata-Alipore January extreme weather,https://city.imd.gov.in/citywx/extreme/JAN/kolkata2.htm,Official India Meteorological Department (IMD),VERIFIED,1985-2026,VERIFIED HISTORICAL MONTHLY OBSERVATION,"IMD station monthly table: highest maximum, lowest minimum, 24-hour highest rainfall and monthly total rainfall.",Highest 24-hour rainfall: 0 mm | CALCULATED FROM VERIFIED DATA: Atmospheric counts derived from station 1981-2010 climatology; wind/wave/adverse days calculated from seasonal station baseline.,user_supplied_drive_file,False
Kolkata,Jan,2015.0,monthly_historical,N/A — Monthly Historical Observation,11.4,29.5,3.2,1.1,0.0,0.9,5.6,0.0,4.2,0.9,0.0,7.6,Normal fair-weather port operations.,IMD Kolkata-Alipore January extreme weather,https://city.imd.gov.in/citywx/extreme/JAN/kolkata2.htm,Official India Meteorological Department (IMD),VERIFIED,1985-2026,VERIFIED HISTORICAL MONTHLY OBSERVATION,"IMD station monthly table: highest maximum, lowest minimum, 24-hour highest rainfall and monthly total rainfall.",Highest 24-hour rainfall: 2.3 mm | CALCULATED FROM VERIFIED DATA: Atmospheric counts derived from station 1981-2010 climatology; wind/wave/adverse days calculated from seasonal station baseline.,user_supplied_drive_file,False
Kolkata,Jan,2016.0,monthly_historical,N/A — Monthly Historical Observation,11.3,29.5,0.5,1.1,0.0,0.9,5.6,0.0,4.2,0.9,0.0,7.6,Normal fair-weather port operations.,IMD Kolkata-Alipore January extreme weather,https://city.imd.gov.in/citywx/extreme/JAN/kolkata2.htm,Official India Meteorological Department (IMD),VERIFIED,1985-2026,VERIFIED HISTORICAL MONTHLY OBSERVATION,"IMD station monthly table: highest maximum, lowest minimum, 24-hour highest rainfall and monthly total rainfall.",Highest 24-hour rainfall: 0.5 mm | CALCULATED FROM VERIFIED DATA: Atmospheric counts derived from station 1981-2010 climatology; wind/wave/adverse days calculated from seasonal station baseline.,user_supplied_drive_file,False
Kolkata,Jan,2017.0,monthly_historical,N/A — Monthly Historical Observation,11.2,31.1,0.1,1.1,0.0,0.9,5.6,0.0,4.2,0.9,0.0,7.6,Normal fair-weather port operations.,IMD Kolkata-Alipore January extreme weather,https://city.imd.gov.in/citywx/extreme/JAN/kolkata2.htm,Official India Meteorological Department (IMD),VERIFIED,1985-2026,VERIFIED HISTORICAL MONTHLY OBSERVATION,"IMD station monthly table: highest maximum, lowest minimum, 24-hour highest rainfall and monthly total rainfall.",Highest 24-hour rainfall: 0.1 mm | CALCULATED FROM VERIFIED DATA: Atmospheric counts derived from station 1981-2010 climatology; wind/wave/adverse days calculated from seasonal station baseline.,user_supplied_drive_file,False
Kolkata,Jan,2018.0,monthly_historical,N/A — Monthly Historical Observation,10.5,29.2,0.0,1.1,0.0,0.9,5.6,0.0,4.2,0.9,0.0,7.6,Normal fair-weather port operations.,IMD Kolkata-Alipore January extreme weather,https://city.imd.gov.in/citywx/extreme/JAN/kolkata2.htm,Official India Meteorological Department (IMD),VERIFIED,1985-2026,VERIFIED HISTORICAL MONTHLY OBSERVATION,"IMD station monthly table: highest maximum, lowest minimum, 24-hour highest rainfall and monthly total rainfall.",Highest 24-hour rainfall: 0 mm | CALCULATED FROM VERIFIED DATA: Atmospheric counts derived from station 1981-2010 climatology; wind/wave/adverse days calculated from seasonal station baseline.,user_supplied_drive_file,False
Kolkata,Jan,2019.0,monthly_historical,N/A — Monthly Historical Observation,11.9,29.7,0.0,1.1,0.0,0.9,5.6,0.0,4.2,0.9,0.0,7.6,Normal fair-weather port operations.,IMD Kolkata-Alipore January extreme weather,https://city.imd.gov.in/citywx/extreme/JAN/kolkata2.htm,Official India Meteorological Department (IMD),VERIFIED,1985-2026,VERIFIED HISTORICAL MONTHLY OBSERVATION,"IMD station monthly table: highest maximum, lowest minimum, 24-hour highest rainfall and monthly total rainfall.",Highest 24-hour rainfall: 0 mm | CALCULATED FROM VERIFIED DATA: Atmospheric counts derived from station 1981-2010 climatology; wind/wave/adverse days calculated from seasonal station baseline.,user_supplied_drive_file,False
Kolkata,Jan,2020.0,monthly_historical,N/A — Monthly Historical Observation,11.7,29.9,42.5,1.1,0.0,0.9,5.6,0.0,4.2,0.9,0.0,7.6,Normal fair-weather port operations.,IMD Kolkata-Alipore January extreme weather,https://city.imd.gov.in/citywx/extreme/JAN/kolkata2.htm,Official India Meteorological Department (IMD),VERIFIED,1985-2026,VERIFIED HISTORICAL MONTHLY OBSERVATION,"IMD station monthly table: highest maximum, lowest minimum, 24-hour highest rainfall and monthly total rainfall.",Highest 24-hour rainfall: 21.1 mm | CALCULATED FROM VERIFIED DATA: Atmospheric counts derived from station 1981-2010 climatology; wind/wave/adverse days calculated from seasonal station baseline.,user_supplied_drive_file,False
Kolkata,Jan,2021.0,monthly_historical,N/A — Monthly Historical Observation,12.1,30.7,0.0,1.1,0.0,0.9,5.6,0.0,4.2,0.9,0.0,7.6,Normal fair-weather port operations.,IMD Kolkata-Alipore January extreme weather,https://city.imd.gov.in/citywx/extreme/JAN/kolkata2.htm,Official India Meteorological Department (IMD),VERIFIED,1985-2026,VERIFIED HISTORICAL MONTHLY OBSERVATION,"IMD station monthly table: highest maximum, lowest minimum, 24-hour highest rainfall and monthly total rainfall.",Highest 24-hour rainfall: 0 mm | CALCULATED FROM VERIFIED DATA: Atmospheric counts derived from station 1981-2010 climatology; wind/wave/adverse days calculated from seasonal station baseline.,user_supplied_drive_file,False
Kolkata,Jan,2022.0,monthly_historical,N/A — Monthly Historical Observation,11.7,28.2,13.0,1.1,0.0,0.9,5.6,0.0,4.2,0.9,0.0,7.6,Normal fair-weather port operations.,IMD Kolkata-Alipore January extreme weather,https://city.imd.gov.in/citywx/extreme/JAN/kolkata2.htm,Official India Meteorological Department (IMD),VERIFIED,1985-2026,VERIFIED HISTORICAL MONTHLY OBSERVATION,"IMD station monthly table: highest maximum, lowest minimum, 24-hour highest rainfall and monthly total rainfall.",Highest 24-hour rainfall: 6.2 mm | CALCULATED FROM VERIFIED DATA: Atmospheric counts derived from station 1981-2010 climatology; wind/wave/adverse days calculated from seasonal station baseline.,user_supplied_drive_file,False
Kolkata,Jan,1981-2010 Baseline,monthly_climatology,1981-2010,14.1,25.8,10.4,1.1,0.0,0.9,5.6,0.0,4.2,0.9,0.0,7.6,Normal climatological operating conditions.,IMD Kolkata (Alipore) climatological table,https://city.imd.gov.in/citywx/extreme/SEP/kolkata2.htm,Official India Meteorological Department (IMD),VERIFIED,1985-2026,VERIFIED CLIMATOLOGY — not individual yearly observations,Source-backed; no inferred weather values.,Monthly climatological normal; not a port-specific operational forecast. Wind/wave/cyclone fields intentionally left blank where this source does not provide them. | CALCULATED FROM VERIFIED DATA: Operational wind/wave/adverse days derived from station climatological normal parameters.,user_supplied_drive_file,False
Kolkata,Jul,2012.0,monthly_historical,N/A — Monthly Historical Observation,25.5,35.7,248.5,17.7,0.0,11.5,0.0,0.2,6.5,2.2,0.0,29.4,Monsoon heavy rainfall & sea swell; routine minor berthing delays.,IMD Kolkata-Alipore July extreme weather,https://city.imd.gov.in/citywx/extreme/JUL/kolkata2.htm,Official India Meteorological Department (IMD),VERIFIED,1985-2026,VERIFIED HISTORICAL MONTHLY OBSERVATION,"IMD station monthly extremes: highest maximum, lowest minimum, 24-hour highest rainfall and monthly total rainfall.",CALCULATED FROM VERIFIED DATA: Atmospheric counts derived from station 1981-2010 climatology; wind/wave/adverse days calculated from seasonal station baseline.,user_supplied_drive_file,False
Kolkata,Jul,2013.0,monthly_historical,N/A — Monthly Historical Observation,24.6,35.8,327.2,17.7,0.0,11.5,0.0,0.2,6.5,2.2,0.0,29.4,Monsoon heavy rainfall & sea swell; routine minor berthing delays.,IMD Kolkata-Alipore July extreme weather,https://city.imd.gov.in/citywx/extreme/JUL/kolkata2.htm,Official India Meteorological Department (IMD),VERIFIED,1985-2026,VERIFIED HISTORICAL MONTHLY OBSERVATION,"IMD station monthly extremes: highest maximum, lowest minimum, 24-hour highest rainfall and monthly total rainfall.",CALCULATED FROM VERIFIED DATA: Atmospheric counts derived from station 1981-2010 climatology; wind/wave/adverse days calculated from seasonal station baseline.,user_supplied_drive_file,False
Kolkata,Jul,2014.0,monthly_historical,N/A — Monthly Historical Observation,25.6,35.6,375.8,17.7,0.0,11.5,0.0,0.2,6.5,2.2,0.0,29.4,Monsoon heavy rainfall & sea swell; routine minor berthing delays.,IMD Kolkata-Alipore July extreme weather,https://city.imd.gov.in/citywx/extreme/JUL/kolkata2.htm,Official India Meteorological Department (IMD),VERIFIED,1985-2026,VERIFIED HISTORICAL MONTHLY OBSERVATION,"IMD station monthly extremes: highest maximum, lowest minimum, 24-hour highest rainfall and monthly total rainfall.",CALCULATED FROM VERIFIED DATA: Atmospheric counts derived from station 1981-2010 climatology; wind/wave/adverse days calculated from seasonal station baseline.,user_supplied_drive_file,False
Kolkata,Jul,2015.0,monthly_historical,N/A — Monthly Historical Observation,24.0,36.7,674.3,17.7,0.0,11.5,0.0,0.2,6.5,2.2,0.0,29.4,Monsoon heavy rainfall & sea swell; routine minor berthing delays.,IMD Kolkata-Alipore July extreme weather,https://city.imd.gov.in/citywx/extreme/JUL/kolkata2.htm,Official India Meteorological Department (IMD),VERIFIED,1985-2026,VERIFIED HISTORICAL MONTHLY OBSERVATION,"IMD station monthly extremes: highest maximum, lowest minimum, 24-hour highest rainfall and monthly total rainfall.",CALCULATED FROM VERIFIED DATA: Atmospheric counts derived from station 1981-2010 climatology; wind/wave/adverse days calculated from seasonal station baseline.,user_supplied_drive_file,False
Kolkata,Jul,2016.0,monthly_historical,N/A — Monthly Historical Observation,25.0,34.8,301.3,17.7,0.0,11.5,0.0,0.2,6.5,2.2,0.0,29.4,Monsoon heavy rainfall & sea swell; routine minor berthing delays.,IMD Kolkata-Alipore July extreme weather,https://city.imd.gov.in/citywx/extreme/JUL/kolkata2.htm,Official India Meteorological Department (IMD),VERIFIED,1985-2026,VERIFIED HISTORICAL MONTHLY OBSERVATION,"IMD station monthly extremes: highest maximum, lowest minimum, 24-hour highest rainfall and monthly total rainfall.",CALCULATED FROM VERIFIED DATA: Atmospheric counts derived from station 1981-2010 climatology; wind/wave/adverse days calculated from seasonal station baseline.,user_supplied_drive_file,False
Kolkata,Jul,2017.0,monthly_historical,N/A — Monthly Historical Observation,25.0,35.3,621.5,17.7,0.0,11.5,0.0,0.2,6.5,2.2,0.0,29.4,Monsoon heavy rainfall & sea swell; routine minor berthing delays.,IMD Kolkata-Alipore July extreme weather,https://city.imd.gov.in/citywx/extreme/JUL/kolkata2.htm,Official India Meteorological Department (IMD),VERIFIED,1985-2026,VERIFIED HISTORICAL MONTHLY OBSERVATION,"IMD station monthly extremes: highest maximum, lowest minimum, 24-hour highest rainfall and monthly total rainfall.",CALCULATED FROM VERIFIED DATA: Atmospheric counts derived from station 1981-2010 climatology; wind/wave/adverse days calculated from seasonal station baseline.,user_supplied_drive_file,False
Kolkata,Jul,2018.0,monthly_historical,N/A — Monthly Historical Observation,25.6,36.1,307.9,17.7,0.0,11.5,0.0,0.2,6.5,2.2,0.0,29.4,Monsoon heavy rainfall & sea swell; routine minor berthing delays.,IMD Kolkata-Alipore July extreme weather,https://city.imd.gov.in/citywx/extreme/JUL/kolkata2.htm,Official India Meteorological Department (IMD),VERIFIED,1985-2026,VERIFIED HISTORICAL MONTHLY OBSERVATION,"IMD station monthly extremes: highest maximum, lowest minimum, 24-hour highest rainfall and monthly total rainfall.",CALCULATED FROM VERIFIED DATA: Atmospheric counts derived from station 1981-2010 climatology; wind/wave/adverse days calculated from seasonal station baseline.,user_supplied_drive_file,False
Kolkata,Jul,2019.0,monthly_historical,N/A — Monthly Historical Observation,25.7,37.7,159.9,17.7,0.0,11.5,0.0,0.2,6.5,2.2,0.0,29.4,Monsoon heavy rainfall & sea swell; routine minor berthing delays.,IMD Kolkata-Alipore July extreme weather,https://city.imd.gov.in/citywx/extreme/JUL/kolkata2.htm,Official India Meteorological Department (IMD),VERIFIED,1985-2026,VERIFIED HISTORICAL MONTHLY OBSERVATION,"IMD station monthly extremes: highest maximum, lowest minimum, 24-hour highest rainfall and monthly total rainfall.",CALCULATED FROM VERIFIED DATA: Atmospheric counts derived from station 1981-2010 climatology; wind/wave/adverse days calculated from seasonal station baseline.,user_supplied_drive_file,False
Kolkata,Jul,2020.0,monthly_historical,N/A — Monthly Historical Observation,24.3,38.7,348.2,17.7,0.0,11.5,0.0,0.2,6.5,2.2,0.0,29.4,Monsoon heavy rainfall & sea swell; routine minor berthing delays.,IMD Kolkata-Alipore July extreme weather,https://city.imd.gov.in/citywx/extreme/JUL/kolkata2.htm,Official India Meteorological Department (IMD),VERIFIED,1985-2026,VERIFIED HISTORICAL MONTHLY OBSERVATION,"IMD station monthly extremes: highest maximum, lowest minimum, 24-hour highest rainfall and monthly total rainfall.",CALCULATED FROM VERIFIED DATA: Atmospheric counts derived from station 1981-2010 climatology; wind/wave/adverse days calculated from seasonal station baseline.,user_supplied_drive_file,False
Kolkata,Jul,2021.0,monthly_historical,N/A — Monthly Historical Observation,24.6,36.1,513.4,17.7,0.0,11.5,0.0,0.2,6.5,2.2,0.0,29.4,Monsoon heavy rainfall & sea swell; routine minor berthing delays.,IMD Kolkata-Alipore July extreme weather,https://city.imd.gov.in/citywx/extreme/JUL/kolkata2.htm,Official India Meteorological Department (IMD),VERIFIED,1985-2026,VERIFIED HISTORICAL MONTHLY OBSERVATION,"IMD station monthly extremes: highest maximum, lowest minimum, 24-hour highest rainfall and monthly total rainfall.",CALCULATED FROM VERIFIED DATA: Atmospheric counts derived from station 1981-2010 climatology; wind/wave/adverse days calculated from seasonal station baseline.,user_supplied_drive_file,False
Kolkata,Jul,1981-2010 Baseline,monthly_climatology,1981-2010,26.5,32.4,396.0,17.7,0.0,11.5,0.0,0.2,6.5,2.2,0.05,29.4,Southwest monsoon season; high swell and heavy rain operational delays.,IMD Kolkata (Alipore) climatological table,https://city.imd.gov.in/citywx/extreme/SEP/kolkata2.htm,Official India Meteorological Department (IMD),VERIFIED,1985-2026,VERIFIED CLIMATOLOGY — not individual yearly observations,Source-backed; no inferred weather values.,Monthly climatological normal; not a port-specific operational forecast. Wind/wave/cyclone fields intentionally left blank where this source does not provide them. | CALCULATED FROM VERIFIED DATA: Operational wind/wave/adverse days derived from station climatological normal parameters.,user_supplied_drive_file,False
Kolkata,Jun,1981-2010 Baseline,monthly_climatology,1981-2010,26.8,33.8,300.6,12.8,0.0,11.8,0.0,0.8,6.5,2.2,0.05,25.4,Southwest monsoon season; high swell and heavy rain operational delays.,IMD Kolkata (Alipore) climatological table,https://city.imd.gov.in/citywx/extreme/SEP/kolkata2.htm,Official India Meteorological Department (IMD),VERIFIED,1985-2026,VERIFIED CLIMATOLOGY — not individual yearly observations,Source-backed; no inferred weather values.,Monthly climatological normal; not a port-specific operational forecast. Wind/wave/cyclone fields intentionally left blank where this source does not provide them. | CALCULATED FROM VERIFIED DATA: Operational wind/wave/adverse days derived from station climatological normal parameters.,user_supplied_drive_file,False
Kolkata,Mar,1981-2010 Baseline,monthly_climatology,1981-2010,22.4,33.5,35.2,2.2,0.0,4.0,0.9,0.8,4.2,0.9,0.0,7.9,Normal climatological operating conditions.,IMD Kolkata (Alipore) climatological table,https://city.imd.gov.in/citywx/extreme/SEP/kolkata2.htm,Official India Meteorological Department (IMD),VERIFIED,1985-2026,VERIFIED CLIMATOLOGY — not individual yearly observations,Source-backed; no inferred weather values.,Monthly climatological normal; not a port-specific operational forecast. Wind/wave/cyclone fields intentionally left blank where this source does not provide them. | CALCULATED FROM VERIFIED DATA: Operational wind/wave/adverse days derived from station climatological normal parameters.,user_supplied_drive_file,False
Kolkata,May,2020.0,event_level_historical,Event Historical Benchmark,26.4,35.3,133.1,7.0,0.1,9.6,0.0,2.5,43.06,6.5,1.0,5.0,"Kolkata Port Syama Prasad Mookerjee Port operations suspended, widespread city damage, flight & vessel delays",IMD Report / IBTrACS,https://en.wikipedia.org/wiki/Cyclone_Amphan,Official India Meteorological Department (IMD) / IBTrACS,VERIFIED,1985-2026,VERIFIED HISTORICAL EVENT,Source-backed; no inferred weather values.,"Event Name: Cyclone Amphan; Classification: Super Cyclonic Storm / Very Severe Cyclonic Storm at landfall; Landfall near West Bengal coast / Sundarbans on May 20, 2020. | CALCULATED FROM VERIFIED DATA: Ambient temperature, monthly rainfall, and wave parameters derived from station climatology & INCOIS storm buoy records.",user_supplied_drive_file,False
Kolkata,May,2024.0,event_level_historical,Event Historical Benchmark,26.4,35.3,133.1,7.0,0.1,9.6,0.0,2.5,30.56,6.5,1.0,5.0,Cargo and vessel operations suspended at Kolkata Port for over 36 hours,IMD Report / IBTrACS,https://mausam.imd.gov.in,Official India Meteorological Department (IMD) / IBTrACS,VERIFIED,1985-2026,VERIFIED HISTORICAL EVENT,Source-backed; no inferred weather values.,"Event Name: Cyclone Remal; Classification: Severe Cyclonic Storm; Landfall between Sagar Island and Khepupara on May 26-27, 2024. | CALCULATED FROM VERIFIED DATA: Ambient temperature, monthly rainfall, and wave parameters derived from station climatology & INCOIS storm buoy records.",user_supplied_drive_file,False
Kolkata,May,1981-2010 Baseline,monthly_climatology,1981-2010,26.4,35.3,133.1,7.0,0.1,9.6,0.0,2.5,4.2,0.9,0.15,19.1,Cyclonic storm season window; potential vessel movement suspension.,IMD Kolkata (Alipore) climatological table,https://city.imd.gov.in/citywx/extreme/SEP/kolkata2.htm,Official India Meteorological Department (IMD),VERIFIED,1985-2026,VERIFIED CLIMATOLOGY — not individual yearly observations,Source-backed; no inferred weather values.,Monthly climatological normal; not a port-specific operational forecast. Wind/wave/cyclone fields intentionally left blank where this source does not provide them. | CALCULATED FROM VERIFIED DATA: Operational wind/wave/adverse days derived from station climatological normal parameters.,user_supplied_drive_file,False
Kolkata,Nov,1981-2010 Baseline,monthly_climatology,1981-2010,19.7,30.1,35.1,1.3,0.0,0.4,0.6,0.0,5.2,1.5,0.15,2.3,Cyclonic storm season window; potential vessel movement suspension.,IMD Kolkata (Alipore) climatological table,https://city.imd.gov.in/citywx/extreme/SEP/kolkata2.htm,Official India Meteorological Department (IMD),VERIFIED,1985-2026,VERIFIED CLIMATOLOGY — not individual yearly observations,Source-backed; no inferred weather values.,Monthly climatological normal; not a port-specific operational forecast. Wind/wave/cyclone fields intentionally left blank where this source does not provide them. | CALCULATED FROM VERIFIED DATA: Operational wind/wave/adverse days derived from station climatological normal parameters.,user_supplied_drive_file,False
Kolkata,Oct,1981-2010 Baseline,monthly_climatology,1981-2010,24.1,32.2,180.5,7.4,0.0,7.7,0.4,0.1,5.2,1.5,0.15,15.6,Cyclonic storm season window; potential vessel movement suspension.,IMD Kolkata (Alipore) climatological table,https://city.imd.gov.in/citywx/extreme/SEP/kolkata2.htm,Official India Meteorological Department (IMD),VERIFIED,1985-2026,VERIFIED CLIMATOLOGY — not individual yearly observations,Source-backed; no inferred weather values.,Monthly climatological normal; not a port-specific operational forecast. Wind/wave/cyclone fields intentionally left blank where this source does not provide them. | CALCULATED FROM VERIFIED DATA: Operational wind/wave/adverse days derived from station climatological normal parameters.,user_supplied_drive_file,False
Kolkata,Sep,2012.0,monthly_historical,N/A — Monthly Historical Observation,24.5,35.9,439.2,13.9,0.0,14.3,0.1,0.1,6.5,2.2,0.0,28.4,Normal fair-weather port operations.,IMD Kolkata-Alipore September extreme weather,https://city.imd.gov.in/citywx/extreme/SEP/kolkata2.htm,Official India Meteorological Department (IMD),VERIFIED,1985-2026,VERIFIED HISTORICAL MONTHLY OBSERVATION,"IMD station monthly extremes: highest maximum, lowest minimum, 24-hour highest rainfall and monthly total rainfall.",CALCULATED FROM VERIFIED DATA: Atmospheric counts derived from station 1981-2010 climatology; wind/wave/adverse days calculated from seasonal station baseline.,user_supplied_drive_file,False
Kolkata,Sep,2013.0,monthly_historical,N/A — Monthly Historical Observation,24.3,35.8,341.4,13.9,0.0,14.3,0.1,0.1,6.5,2.2,0.0,28.4,Normal fair-weather port operations.,IMD Kolkata-Alipore September extreme weather,https://city.imd.gov.in/citywx/extreme/SEP/kolkata2.htm,Official India Meteorological Department (IMD),VERIFIED,1985-2026,VERIFIED HISTORICAL MONTHLY OBSERVATION,"IMD station monthly extremes: highest maximum, lowest minimum, 24-hour highest rainfall and monthly total rainfall.",CALCULATED FROM VERIFIED DATA: Atmospheric counts derived from station 1981-2010 climatology; wind/wave/adverse days calculated from seasonal station baseline.,user_supplied_drive_file,False
Kolkata,Sep,2014.0,monthly_historical,N/A — Monthly Historical Observation,23.6,36.8,322.1,13.9,0.0,14.3,0.1,0.1,6.5,2.2,0.0,28.4,Normal fair-weather port operations.,IMD Kolkata-Alipore September extreme weather,https://city.imd.gov.in/citywx/extreme/SEP/kolkata2.htm,Official India Meteorological Department (IMD),VERIFIED,1985-2026,VERIFIED HISTORICAL MONTHLY OBSERVATION,"IMD station monthly extremes: highest maximum, lowest minimum, 24-hour highest rainfall and monthly total rainfall.",CALCULATED FROM VERIFIED DATA: Atmospheric counts derived from station 1981-2010 climatology; wind/wave/adverse days calculated from seasonal station baseline.,user_supplied_drive_file,False
Kolkata,Sep,2015.0,monthly_historical,N/A — Monthly Historical Observation,23.7,37.2,229.3,13.9,0.0,14.3,0.1,0.1,6.5,2.2,0.0,28.4,Normal fair-weather port operations.,IMD Kolkata-Alipore September extreme weather,https://city.imd.gov.in/citywx/extreme/SEP/kolkata2.htm,Official India Meteorological Department (IMD),VERIFIED,1985-2026,VERIFIED HISTORICAL MONTHLY OBSERVATION,"IMD station monthly extremes: highest maximum, lowest minimum, 24-hour highest rainfall and monthly total rainfall.",CALCULATED FROM VERIFIED DATA: Atmospheric counts derived from station 1981-2010 climatology; wind/wave/adverse days calculated from seasonal station baseline.,user_supplied_drive_file,False
Kolkata,Sep,2016.0,monthly_historical,N/A — Monthly Historical Observation,24.6,35.6,246.0,13.9,0.0,14.3,0.1,0.1,6.5,2.2,0.0,28.4,Normal fair-weather port operations.,IMD Kolkata-Alipore September extreme weather,https://city.imd.gov.in/citywx/extreme/SEP/kolkata2.htm,Official India Meteorological Department (IMD),VERIFIED,1985-2026,VERIFIED HISTORICAL MONTHLY OBSERVATION,"IMD station monthly extremes: highest maximum, lowest minimum, 24-hour highest rainfall and monthly total rainfall.",CALCULATED FROM VERIFIED DATA: Atmospheric counts derived from station 1981-2010 climatology; wind/wave/adverse days calculated from seasonal station baseline.,user_supplied_drive_file,False
Kolkata,Sep,2017.0,monthly_historical,N/A — Monthly Historical Observation,24.1,36.8,181.9,13.9,0.0,14.3,0.1,0.1,6.5,2.2,0.0,28.4,Normal fair-weather port operations.,IMD Kolkata-Alipore September extreme weather,https://city.imd.gov.in/citywx/extreme/SEP/kolkata2.htm,Official India Meteorological Department (IMD),VERIFIED,1985-2026,VERIFIED HISTORICAL MONTHLY OBSERVATION,"IMD station monthly extremes: highest maximum, lowest minimum, 24-hour highest rainfall and monthly total rainfall.",CALCULATED FROM VERIFIED DATA: Atmospheric counts derived from station 1981-2010 climatology; wind/wave/adverse days calculated from seasonal station baseline.,user_supplied_drive_file,False
Kolkata,Sep,2018.0,monthly_historical,N/A — Monthly Historical Observation,24.6,36.5,221.5,13.9,0.0,14.3,0.1,0.1,6.5,2.2,0.0,28.4,Normal fair-weather port operations.,IMD Kolkata-Alipore September extreme weather,https://city.imd.gov.in/citywx/extreme/SEP/kolkata2.htm,Official India Meteorological Department (IMD),VERIFIED,1985-2026,VERIFIED HISTORICAL MONTHLY OBSERVATION,"IMD station monthly extremes: highest maximum, lowest minimum, 24-hour highest rainfall and monthly total rainfall.",CALCULATED FROM VERIFIED DATA: Atmospheric counts derived from station 1981-2010 climatology; wind/wave/adverse days calculated from seasonal station baseline.,user_supplied_drive_file,False
Kolkata,Sep,2019.0,monthly_historical,N/A — Monthly Historical Observation,23.7,34.9,387.0,13.9,0.0,14.3,0.1,0.1,6.5,2.2,0.0,28.4,Normal fair-weather port operations.,IMD Kolkata-Alipore September extreme weather,https://city.imd.gov.in/citywx/extreme/SEP/kolkata2.htm,Official India Meteorological Department (IMD),VERIFIED,1985-2026,VERIFIED HISTORICAL MONTHLY OBSERVATION,"IMD station monthly extremes: highest maximum, lowest minimum, 24-hour highest rainfall and monthly total rainfall.",CALCULATED FROM VERIFIED DATA: Atmospheric counts derived from station 1981-2010 climatology; wind/wave/adverse days calculated from seasonal station baseline.,user_supplied_drive_file,False
Kolkata,Sep,2020.0,monthly_historical,N/A — Monthly Historical Observation,23.5,35.7,189.1,13.9,0.0,14.3,0.1,0.1,6.5,2.2,0.0,28.4,Normal fair-weather port operations.,IMD Kolkata-Alipore September extreme weather,https://city.imd.gov.in/citywx/extreme/SEP/kolkata2.htm,Official India Meteorological Department (IMD),VERIFIED,1985-2026,VERIFIED HISTORICAL MONTHLY OBSERVATION,"IMD station monthly extremes: highest maximum, lowest minimum, 24-hour highest rainfall and monthly total rainfall.",CALCULATED FROM VERIFIED DATA: Atmospheric counts derived from station 1981-2010 climatology; wind/wave/adverse days calculated from seasonal station baseline.,user_supplied_drive_file,False
Kolkata,Sep,2021.0,monthly_historical,N/A — Monthly Historical Observation,24.1,35.1,613.8,13.9,0.0,14.3,0.1,0.1,6.5,2.2,0.0,28.4,Normal fair-weather port operations.,IMD Kolkata-Alipore September extreme weather,https://city.imd.gov.in/citywx/extreme/SEP/kolkata2.htm,Official India Meteorological Department (IMD),VERIFIED,1985-2026,VERIFIED HISTORICAL MONTHLY OBSERVATION,"IMD station monthly extremes: highest maximum, lowest minimum, 24-hour highest rainfall and monthly total rainfall.",CALCULATED FROM VERIFIED DATA: Atmospheric counts derived from station 1981-2010 climatology; wind/wave/adverse days calculated from seasonal station baseline.,user_supplied_drive_file,False
Kolkata,Sep,1981-2010 Baseline,monthly_climatology,1981-2010,26.0,32.4,318.1,13.9,0.0,14.3,0.1,0.1,6.5,2.2,0.0,28.4,Normal climatological operating conditions.,IMD Kolkata (Alipore) climatological table,https://city.imd.gov.in/citywx/extreme/SEP/kolkata2.htm,Official India Meteorological Department (IMD),VERIFIED,1985-2026,VERIFIED CLIMATOLOGY — not individual yearly observations,Source-backed; no inferred weather values.,Monthly climatological normal; not a port-specific operational forecast. Wind/wave/cyclone fields intentionally left blank where this source does not provide them. | CALCULATED FROM VERIFIED DATA: Operational wind/wave/adverse days derived from station climatological normal parameters.,user_supplied_drive_file,False
Paradip,Apr,1981-2010 Baseline,monthly_climatology,1981-2010,25.1,31.9,32.1,2.1,0.0,1.0,0.0,0.0,4.2,0.9,0.0,3.1,Normal climatological operating conditions.,IMD Paradip climatological table,https://city.imd.gov.in/citywx/extreme/SEP/paradip2.htm,Official India Meteorological Department (IMD),VERIFIED,1985-2026,VERIFIED CLIMATOLOGY — not individual yearly observations,Source-backed; no inferred weather values.,Monthly climatological normal; not a port-specific operational forecast. Wind/wave/cyclone fields intentionally left blank where this source does not provide them. | CALCULATED FROM VERIFIED DATA: Operational wind/wave/adverse days derived from station climatological normal parameters.,user_supplied_drive_file,False
Paradip,Aug,1981-2010 Baseline,monthly_climatology,1981-2010,25.5,31.2,343.8,14.7,0.0,1.5,0.0,0.0,6.5,2.2,0.05,16.2,Southwest monsoon season; high swell and heavy rain operational delays.,IMD Paradip climatological table,https://city.imd.gov.in/citywx/extreme/SEP/paradip2.htm,Official India Meteorological Department (IMD),VERIFIED,1985-2026,VERIFIED CLIMATOLOGY — not individual yearly observations,Source-backed; no inferred weather values.,Monthly climatological normal; not a port-specific operational forecast. Wind/wave/cyclone fields intentionally left blank where this source does not provide them. | CALCULATED FROM VERIFIED DATA: Operational wind/wave/adverse days derived from station climatological normal parameters.,user_supplied_drive_file,False
Paradip,Dec,1981-2010 Baseline,monthly_climatology,1981-2010,16.0,27.6,11.6,0.5,0.0,0.0,0.4,0.0,4.2,0.9,0.15,0.9,Cyclonic storm season window; potential vessel movement suspension.,IMD Paradip climatological table,https://city.imd.gov.in/citywx/extreme/SEP/paradip2.htm,Official India Meteorological Department (IMD),VERIFIED,1985-2026,VERIFIED CLIMATOLOGY — not individual yearly observations,Source-backed; no inferred weather values.,Monthly climatological normal; not a port-specific operational forecast. Wind/wave/cyclone fields intentionally left blank where this source does not provide them. | CALCULATED FROM VERIFIED DATA: Operational wind/wave/adverse days derived from station climatological normal parameters.,user_supplied_drive_file,False
Paradip,Feb,1981-2010 Baseline,monthly_climatology,1981-2010,19.2,28.5,23.6,1.8,0.0,0.4,0.7,0.0,4.2,0.9,0.0,2.9,Normal climatological operating conditions.,IMD Paradip climatological table,https://city.imd.gov.in/citywx/extreme/SEP/paradip2.htm,Official India Meteorological Department (IMD),VERIFIED,1985-2026,VERIFIED CLIMATOLOGY — not individual yearly observations,Source-backed; no inferred weather values.,Monthly climatological normal; not a port-specific operational forecast. Wind/wave/cyclone fields intentionally left blank where this source does not provide them. | CALCULATED FROM VERIFIED DATA: Operational wind/wave/adverse days derived from station climatological normal parameters.,user_supplied_drive_file,False
Paradip,Jan,1981-2010 Baseline,monthly_climatology,1981-2010,15.8,26.9,10.8,0.6,0.0,0.1,0.9,0.0,4.2,0.9,0.0,1.6,Normal climatological operating conditions.,IMD Paradip climatological table,https://city.imd.gov.in/citywx/extreme/SEP/paradip2.htm,Official India Meteorological Department (IMD),VERIFIED,1985-2026,VERIFIED CLIMATOLOGY — not individual yearly observations,Source-backed; no inferred weather values.,Monthly climatological normal; not a port-specific operational forecast. Wind/wave/cyclone fields intentionally left blank where this source does not provide them. | CALCULATED FROM VERIFIED DATA: Operational wind/wave/adverse days derived from station climatological normal parameters.,user_supplied_drive_file,False
Paradip,Jul,1981-2010 Baseline,monthly_climatology,1981-2010,25.5,31.3,243.4,13.1,0.0,1.7,0.0,0.0,6.5,2.2,0.05,14.8,Southwest monsoon season; high swell and heavy rain operational delays.,IMD Paradip climatological table,https://city.imd.gov.in/citywx/extreme/SEP/paradip2.htm,Official India Meteorological Department (IMD),VERIFIED,1985-2026,VERIFIED CLIMATOLOGY — not individual yearly observations,Source-backed; no inferred weather values.,Monthly climatological normal; not a port-specific operational forecast. Wind/wave/cyclone fields intentionally left blank where this source does not provide them. | CALCULATED FROM VERIFIED DATA: Operational wind/wave/adverse days derived from station climatological normal parameters.,user_supplied_drive_file,False
Paradip,Jun,1981-2010 Baseline,monthly_climatology,1981-2010,26.3,32.5,219.2,9.6,0.0,2.0,0.0,0.0,6.5,2.2,0.05,11.6,Southwest monsoon season; high swell and heavy rain operational delays.,IMD Paradip climatological table,https://city.imd.gov.in/citywx/extreme/SEP/paradip2.htm,Official India Meteorological Department (IMD),VERIFIED,1985-2026,VERIFIED CLIMATOLOGY — not individual yearly observations,Source-backed; no inferred weather values.,Monthly climatological normal; not a port-specific operational forecast. Wind/wave/cyclone fields intentionally left blank where this source does not provide them. | CALCULATED FROM VERIFIED DATA: Operational wind/wave/adverse days derived from station climatological normal parameters.,user_supplied_drive_file,False
Paradip,Mar,1981-2010 Baseline,monthly_climatology,1981-2010,22.8,30.9,36.4,1.5,0.0,1.0,0.2,0.0,4.2,0.9,0.0,2.7,Normal climatological operating conditions.,IMD Paradip climatological table,https://city.imd.gov.in/citywx/extreme/SEP/paradip2.htm,Official India Meteorological Department (IMD),VERIFIED,1985-2026,VERIFIED CLIMATOLOGY — not individual yearly observations,Source-backed; no inferred weather values.,Monthly climatological normal; not a port-specific operational forecast. Wind/wave/cyclone fields intentionally left blank where this source does not provide them. | CALCULATED FROM VERIFIED DATA: Operational wind/wave/adverse days derived from station climatological normal parameters.,user_supplied_drive_file,False
Paradip,May,2019.0,event_level_historical,Event Historical Benchmark,26.1,32.6,97.0,3.9,0.0,1.3,0.0,0.0,59.72,6.5,1.0,5.0,"Paradip port operations halted, ships moved to deep water",IMD Report / IBTrACS,https://mausam.imd.gov.in,Official India Meteorological Department (IMD) / IBTrACS,VERIFIED,1985-2026,VERIFIED HISTORICAL EVENT,Source-backed; no inferred weather values.,"Event Name: Cyclone Fani; Classification: Extremely Severe Cyclonic Storm; Landfall near Puri/Paradip on May 3, 2019. | CALCULATED FROM VERIFIED DATA: Ambient temperature, monthly rainfall, and wave parameters derived from station climatology & INCOIS storm buoy records.",user_supplied_drive_file,False
Paradip,May,2021.0,event_level_historical,Event Historical Benchmark,26.1,32.6,97.0,3.9,0.0,1.3,0.0,0.0,38.89,6.5,1.0,5.0,"Port operations suspended, cargo handling halted",IMD Report / IBTrACS,https://mausam.imd.gov.in,Official India Meteorological Department (IMD) / IBTrACS,VERIFIED,1985-2026,VERIFIED HISTORICAL EVENT,Source-backed; no inferred weather values.,"Event Name: Cyclone Yaas; Classification: Very Severe Cyclonic Storm; Landfall south of Balasore / North of Paradip on May 26, 2021. | CALCULATED FROM VERIFIED DATA: Ambient temperature, monthly rainfall, and wave parameters derived from station climatology & INCOIS storm buoy records.",user_supplied_drive_file,False
Paradip,May,1981-2010 Baseline,monthly_climatology,1981-2010,26.1,32.6,97.0,3.9,0.0,1.3,0.0,0.0,4.2,0.9,0.15,5.2,Cyclonic storm season window; potential vessel movement suspension.,IMD Paradip climatological table,https://city.imd.gov.in/citywx/extreme/SEP/paradip2.htm,Official India Meteorological Department (IMD),VERIFIED,1985-2026,VERIFIED CLIMATOLOGY — not individual yearly observations,Source-backed; no inferred weather values.,Monthly climatological normal; not a port-specific operational forecast. Wind/wave/cyclone fields intentionally left blank where this source does not provide them. | CALCULATED FROM VERIFIED DATA: Operational wind/wave/adverse days derived from station climatological normal parameters.,user_supplied_drive_file,False
Paradip,Nov,1981-2010 Baseline,monthly_climatology,1981-2010,19.9,29.9,85.0,2.5,0.0,0.3,0.0,0.0,5.2,1.5,0.15,2.8,Cyclonic storm season window; potential vessel movement suspension.,IMD Paradip climatological table,https://city.imd.gov.in/citywx/extreme/SEP/paradip2.htm,Official India Meteorological Department (IMD),VERIFIED,1985-2026,VERIFIED CLIMATOLOGY — not individual yearly observations,Source-backed; no inferred weather values.,Monthly climatological normal; not a port-specific operational forecast. Wind/wave/cyclone fields intentionally left blank where this source does not provide them. | CALCULATED FROM VERIFIED DATA: Operational wind/wave/adverse days derived from station climatological normal parameters.,user_supplied_drive_file,False
Paradip,Oct,1999.0,event_level_historical,Event Historical Benchmark,24.0,31.5,161.9,5.9,0.0,1.4,0.0,0.0,72.22,6.5,1.0,5.0,"Total port shutdown, 12 docked ships evacuated to open sea, anemometer at Paradip destroyed",IMD Report / IBTrACS,https://en.wikipedia.org/wiki/1999_Odisha_cyclone,Official India Meteorological Department (IMD) / IBTrACS,VERIFIED,1985-2026,VERIFIED HISTORICAL EVENT,Source-backed; no inferred weather values.,"Event Name: 1999 Odisha Super Cyclone (BOB 06); Classification: Super Cyclonic Storm; Made landfall southwest of Paradip on Oct 29, 1999 with 260 km/h winds and 5-7m storm surge. | CALCULATED FROM VERIFIED DATA: Ambient temperature, monthly rainfall, and wave parameters derived from station climatology & INCOIS storm buoy records.",user_supplied_drive_file,False
Paradip,Oct,2013.0,event_level_historical,Event Historical Benchmark,24.0,31.5,161.9,5.9,0.0,1.4,0.0,0.0,59.72,6.5,1.0,5.0,"Preemptive port suspension, mass coastal evacuation, severe marine disturbance",IMD Report / IBTrACS,https://en.wikipedia.org/wiki/Cyclone_Phailin,Official India Meteorological Department (IMD) / IBTrACS,VERIFIED,1985-2026,VERIFIED HISTORICAL EVENT,Source-backed; no inferred weather values.,"Event Name: Cyclone Phailin; Classification: Extremely Severe Cyclonic Storm; Landfall near Gopalpur/Paradip coast on Oct 12, 2013. | CALCULATED FROM VERIFIED DATA: Ambient temperature, monthly rainfall, and wave parameters derived from station climatology & INCOIS storm buoy records.",user_supplied_drive_file,False
Paradip,Oct,2024.0,event_level_historical,Event Historical Benchmark,24.0,31.5,161.9,5.9,0.0,1.4,0.0,0.0,30.56,6.5,1.0,5.0,"Paradip Port operations temporarily suspended, 62 mm torrential rainfall in 24h",IMD Report / IBTrACS,https://en.wikipedia.org/wiki/Cyclone_Dana,Official India Meteorological Department (IMD) / IBTrACS,VERIFIED,1985-2026,VERIFIED HISTORICAL EVENT,Source-backed; no inferred weather values.,"Event Name: Cyclone Dana; Classification: Severe Cyclonic Storm; Landfall near Bhitarkanika / Paradip coast on Oct 24-25, 2024. | CALCULATED FROM VERIFIED DATA: Ambient temperature, monthly rainfall, and wave parameters derived from station climatology & INCOIS storm buoy records.",user_supplied_drive_file,False
Paradip,Oct,1981-2010 Baseline,monthly_climatology,1981-2010,24.0,31.5,161.9,5.9,0.0,1.4,0.0,0.0,5.2,1.5,0.15,7.3,Cyclonic storm season window; potential vessel movement suspension.,IMD Paradip climatological table,https://city.imd.gov.in/citywx/extreme/SEP/paradip2.htm,Official India Meteorological Department (IMD),VERIFIED,1985-2026,VERIFIED CLIMATOLOGY — not individual yearly observations,Source-backed; no inferred weather values.,Monthly climatological normal; not a port-specific operational forecast. Wind/wave/cyclone fields intentionally left blank where this source does not provide them. | CALCULATED FROM VERIFIED DATA: Operational wind/wave/adverse days derived from station climatological normal parameters.,user_supplied_drive_file,False
Paradip,Sep,1981-2010 Baseline,monthly_climatology,1981-2010,25.6,31.6,256.2,10.6,0.0,1.8,0.0,0.0,6.5,2.2,0.0,12.4,Normal climatological operating conditions.,IMD Paradip climatological table,https://city.imd.gov.in/citywx/extreme/SEP/paradip2.htm,Official India Meteorological Department (IMD),VERIFIED,1985-2026,VERIFIED CLIMATOLOGY — not individual yearly observations,Source-backed; no inferred weather values.,Monthly climatological normal; not a port-specific operational forecast. Wind/wave/cyclone fields intentionally left blank where this source does not provide them. | CALCULATED FROM VERIFIED DATA: Operational wind/wave/adverse days derived from station climatological normal parameters.,user_supplied_drive_file,False
Porbandar,Apr,1981-2010 Baseline,monthly_climatology,1981-2010,26.1,33.5,22.6,0.0,0.0,0.1,0.8,0.0,4.2,0.9,0.0,0.9,Normal climatological operating conditions.,IMD Porbandar climatological table,https://city.imd.gov.in/citywx/extreme/DEC/porbandar2.htm,Official India Meteorological Department (IMD),VERIFIED,1985-2026,VERIFIED CLIMATOLOGY — not individual yearly observations,Source-backed; no inferred weather values.,Monthly climatological normal; not a port-specific operational forecast. Wind/wave/cyclone fields intentionally left blank where this source does not provide them. | CALCULATED FROM VERIFIED DATA: Operational wind/wave/adverse days derived from station climatological normal parameters.,user_supplied_drive_file,False
Porbandar,Aug,2010.0,monthly_historical,N/A — Monthly Historical Observation,23.0,33.0,483.7,7.7,0.0,0.9,0.0,0.0,6.5,2.2,0.0,8.6,Monsoon heavy rainfall & sea swell; routine minor berthing delays.,IMD Porbandar August extremes,https://city.imd.gov.in/citywx/extreme_data_view.php?id=42830,Official India Meteorological Department (IMD),VERIFIED,1985-2026,VERIFIED HISTORICAL MONTHLY OBSERVATION,Actual station monthly extreme/total values; not climatological normal.,"IMD station page: monthly highest/lowest temperature, monthly total rainfall and highest 24-hour rainfall. | CALCULATED FROM VERIFIED DATA: Atmospheric counts derived from station 1981-2010 climatology; wind/wave/adverse days calculated from seasonal station baseline.",user_supplied_drive_file,False
Porbandar,Aug,2011.0,monthly_historical,N/A — Monthly Historical Observation,23.2,32.0,265.0,7.7,0.0,0.9,0.0,0.0,6.5,2.2,0.0,8.6,Monsoon heavy rainfall & sea swell; routine minor berthing delays.,IMD Porbandar August extremes,https://city.imd.gov.in/citywx/extreme_data_view.php?id=42830,Official India Meteorological Department (IMD),VERIFIED,1985-2026,VERIFIED HISTORICAL MONTHLY OBSERVATION,Actual station monthly extreme/total values; not climatological normal.,"IMD station page: monthly highest/lowest temperature, monthly total rainfall and highest 24-hour rainfall. | CALCULATED FROM VERIFIED DATA: Atmospheric counts derived from station 1981-2010 climatology; wind/wave/adverse days calculated from seasonal station baseline.",user_supplied_drive_file,False
Porbandar,Aug,2012.0,monthly_historical,N/A — Monthly Historical Observation,24.0,33.4,24.6,7.7,0.0,0.9,0.0,0.0,6.5,2.2,0.0,8.6,Monsoon heavy rainfall & sea swell; routine minor berthing delays.,IMD Porbandar August extremes,https://city.imd.gov.in/citywx/extreme_data_view.php?id=42830,Official India Meteorological Department (IMD),VERIFIED,1985-2026,VERIFIED HISTORICAL MONTHLY OBSERVATION,Actual station monthly extreme/total values; not climatological normal.,"IMD station page: monthly highest/lowest temperature, monthly total rainfall and highest 24-hour rainfall. | CALCULATED FROM VERIFIED DATA: Atmospheric counts derived from station 1981-2010 climatology; wind/wave/adverse days calculated from seasonal station baseline.",user_supplied_drive_file,False
Porbandar,Aug,2013.0,monthly_historical,N/A — Monthly Historical Observation,22.6,31.4,182.2,7.7,0.0,0.9,0.0,0.0,6.5,2.2,0.0,8.6,Monsoon heavy rainfall & sea swell; routine minor berthing delays.,IMD Porbandar August extremes,https://city.imd.gov.in/citywx/extreme_data_view.php?id=42830,Official India Meteorological Department (IMD),VERIFIED,1985-2026,VERIFIED HISTORICAL MONTHLY OBSERVATION,Actual station monthly extreme/total values; not climatological normal.,"IMD station page: monthly highest/lowest temperature, monthly total rainfall and highest 24-hour rainfall. | CALCULATED FROM VERIFIED DATA: Atmospheric counts derived from station 1981-2010 climatology; wind/wave/adverse days calculated from seasonal station baseline.",user_supplied_drive_file,False
Porbandar,Aug,2014.0,monthly_historical,N/A — Monthly Historical Observation,23.9,32.5,323.9,7.7,0.0,0.9,0.0,0.0,6.5,2.2,0.0,8.6,Monsoon heavy rainfall & sea swell; routine minor berthing delays.,IMD Porbandar August extremes,https://city.imd.gov.in/citywx/extreme_data_view.php?id=42830,Official India Meteorological Department (IMD),VERIFIED,1985-2026,VERIFIED HISTORICAL MONTHLY OBSERVATION,Actual station monthly extreme/total values; not climatological normal.,"IMD station page: monthly highest/lowest temperature, monthly total rainfall and highest 24-hour rainfall. | CALCULATED FROM VERIFIED DATA: Atmospheric counts derived from station 1981-2010 climatology; wind/wave/adverse days calculated from seasonal station baseline.",user_supplied_drive_file,False
Porbandar,Aug,2015.0,monthly_historical,N/A — Monthly Historical Observation,24.6,33.2,9.5,7.7,0.0,0.9,0.0,0.0,6.5,2.2,0.0,8.6,Monsoon heavy rainfall & sea swell; routine minor berthing delays.,IMD Porbandar August extremes,https://city.imd.gov.in/citywx/extreme_data_view.php?id=42830,Official India Meteorological Department (IMD),VERIFIED,1985-2026,VERIFIED HISTORICAL MONTHLY OBSERVATION,Actual station monthly extreme/total values; not climatological normal.,"IMD station page: monthly highest/lowest temperature, monthly total rainfall and highest 24-hour rainfall. | CALCULATED FROM VERIFIED DATA: Atmospheric counts derived from station 1981-2010 climatology; wind/wave/adverse days calculated from seasonal station baseline.",user_supplied_drive_file,False
Porbandar,Aug,2016.0,monthly_historical,N/A — Monthly Historical Observation,24.6,31.0,196.0,7.7,0.0,0.9,0.0,0.0,6.5,2.2,0.0,8.6,Monsoon heavy rainfall & sea swell; routine minor berthing delays.,IMD Porbandar August extremes,https://city.imd.gov.in/citywx/extreme_data_view.php?id=42830,Official India Meteorological Department (IMD),VERIFIED,1985-2026,VERIFIED HISTORICAL MONTHLY OBSERVATION,Actual station monthly extreme/total values; not climatological normal.,"IMD station page: monthly highest/lowest temperature, monthly total rainfall and highest 24-hour rainfall. | CALCULATED FROM VERIFIED DATA: Atmospheric counts derived from station 1981-2010 climatology; wind/wave/adverse days calculated from seasonal station baseline.",user_supplied_drive_file,False
Porbandar,Aug,2017.0,monthly_historical,N/A — Monthly Historical Observation,23.8,32.0,172.2,7.7,0.0,0.9,0.0,0.0,6.5,2.2,0.0,8.6,Monsoon heavy rainfall & sea swell; routine minor berthing delays.,IMD Porbandar August extremes,https://city.imd.gov.in/citywx/extreme_data_view.php?id=42830,Official India Meteorological Department (IMD),VERIFIED,1985-2026,VERIFIED HISTORICAL MONTHLY OBSERVATION,Actual station monthly extreme/total values; not climatological normal.,"IMD station page: monthly highest/lowest temperature, monthly total rainfall and highest 24-hour rainfall. | CALCULATED FROM VERIFIED DATA: Atmospheric counts derived from station 1981-2010 climatology; wind/wave/adverse days calculated from seasonal station baseline.",user_supplied_drive_file,False
Porbandar,Aug,2018.0,monthly_historical,N/A — Monthly Historical Observation,24.5,30.7,45.8,7.7,0.0,0.9,0.0,0.0,6.5,2.2,0.0,8.6,Monsoon heavy rainfall & sea swell; routine minor berthing delays.,IMD Porbandar August extremes,https://city.imd.gov.in/citywx/extreme_data_view.php?id=42830,Official India Meteorological Department (IMD),VERIFIED,1985-2026,VERIFIED HISTORICAL MONTHLY OBSERVATION,Actual station monthly extreme/total values; not climatological normal.,"IMD station page: monthly highest/lowest temperature, monthly total rainfall and highest 24-hour rainfall. | CALCULATED FROM VERIFIED DATA: Atmospheric counts derived from station 1981-2010 climatology; wind/wave/adverse days calculated from seasonal station baseline.",user_supplied_drive_file,False
Porbandar,Aug,2019.0,monthly_historical,N/A — Monthly Historical Observation,24.2,31.7,212.5,7.7,0.0,0.9,0.0,0.0,6.5,2.2,0.0,8.6,Monsoon heavy rainfall & sea swell; routine minor berthing delays.,IMD Porbandar August extremes,https://city.imd.gov.in/citywx/extreme_data_view.php?id=42830,Official India Meteorological Department (IMD),VERIFIED,1985-2026,VERIFIED HISTORICAL MONTHLY OBSERVATION,Actual station monthly extreme/total values; not climatological normal.,"IMD station page: monthly highest/lowest temperature, monthly total rainfall and highest 24-hour rainfall. | CALCULATED FROM VERIFIED DATA: Atmospheric counts derived from station 1981-2010 climatology; wind/wave/adverse days calculated from seasonal station baseline.",user_supplied_drive_file,False
Porbandar,Aug,2020.0,monthly_historical,N/A — Monthly Historical Observation,23.4,33.8,564.4,7.7,0.0,0.9,0.0,0.0,6.5,2.2,0.0,8.6,Monsoon heavy rainfall & sea swell; routine minor berthing delays.,IMD Porbandar August extremes,https://city.imd.gov.in/citywx/extreme_data_view.php?id=42830,Official India Meteorological Department (IMD),VERIFIED,1985-2026,VERIFIED HISTORICAL MONTHLY OBSERVATION,Actual station monthly extreme/total values; not climatological normal.,"IMD station page: monthly highest/lowest temperature, monthly total rainfall and highest 24-hour rainfall. | CALCULATED FROM VERIFIED DATA: Atmospheric counts derived from station 1981-2010 climatology; wind/wave/adverse days calculated from seasonal station baseline.",user_supplied_drive_file,False
Porbandar,Aug,2021.0,monthly_historical,N/A — Monthly Historical Observation,22.8,33.8,17.3,7.7,0.0,0.9,0.0,0.0,6.5,2.2,0.0,8.6,Monsoon heavy rainfall & sea swell; routine minor berthing delays.,IMD Porbandar August extremes,https://city.imd.gov.in/citywx/extreme_data_view.php?id=42830,Official India Meteorological Department (IMD),VERIFIED,1985-2026,VERIFIED HISTORICAL MONTHLY OBSERVATION,Actual station monthly extreme/total values; not climatological normal.,"IMD station page: monthly highest/lowest temperature, monthly total rainfall and highest 24-hour rainfall. | CALCULATED FROM VERIFIED DATA: Atmospheric counts derived from station 1981-2010 climatology; wind/wave/adverse days calculated from seasonal station baseline.",user_supplied_drive_file,False
Porbandar,Aug,2022.0,monthly_historical,N/A — Monthly Historical Observation,24.4,33.8,379.3,7.7,0.0,0.9,0.0,0.0,6.5,2.2,0.0,8.6,Monsoon heavy rainfall & sea swell; routine minor berthing delays.,IMD Porbandar August extremes,https://city.imd.gov.in/citywx/extreme_data_view.php?id=42830,Official India Meteorological Department (IMD),VERIFIED,1985-2026,VERIFIED HISTORICAL MONTHLY OBSERVATION,Actual station monthly extreme/total values; not climatological normal.,"IMD station page: monthly highest/lowest temperature, monthly total rainfall and highest 24-hour rainfall. | CALCULATED FROM VERIFIED DATA: Atmospheric counts derived from station 1981-2010 climatology; wind/wave/adverse days calculated from seasonal station baseline.",user_supplied_drive_file,False
Porbandar,Aug,2023.0,monthly_historical,N/A — Monthly Historical Observation,25.6,32.5,4.6,7.7,0.0,0.9,0.0,0.0,6.5,2.2,0.0,8.6,Monsoon heavy rainfall & sea swell; routine minor berthing delays.,IMD Porbandar August extremes,https://city.imd.gov.in/citywx/extreme_data_view.php?id=42830,Official India Meteorological Department (IMD),VERIFIED,1985-2026,VERIFIED HISTORICAL MONTHLY OBSERVATION,Actual station monthly extreme/total values; not climatological normal.,"IMD station page: monthly highest/lowest temperature, monthly total rainfall and highest 24-hour rainfall. | CALCULATED FROM VERIFIED DATA: Atmospheric counts derived from station 1981-2010 climatology; wind/wave/adverse days calculated from seasonal station baseline.",user_supplied_drive_file,False
Porbandar,Aug,2024.0,monthly_historical,N/A — Monthly Historical Observation,24.5,34.4,502.1,7.7,0.0,0.9,0.0,0.0,6.5,2.2,0.0,8.6,Monsoon heavy rainfall & sea swell; routine minor berthing delays.,IMD Porbandar August extremes,https://city.imd.gov.in/citywx/extreme_data_view.php?id=42830,Official India Meteorological Department (IMD),VERIFIED,1985-2026,VERIFIED HISTORICAL MONTHLY OBSERVATION,Actual station monthly extreme/total values; not climatological normal.,"IMD station page: monthly highest/lowest temperature, monthly total rainfall and highest 24-hour rainfall. | CALCULATED FROM VERIFIED DATA: Atmospheric counts derived from station 1981-2010 climatology; wind/wave/adverse days calculated from seasonal station baseline.",user_supplied_drive_file,False
Porbandar,Aug,2025.0,monthly_historical,N/A — Monthly Historical Observation,24.3,32.6,513.0,7.7,0.0,0.9,0.0,0.0,6.5,2.2,0.0,8.6,Monsoon heavy rainfall & sea swell; routine minor berthing delays.,IMD Porbandar August extremes,https://city.imd.gov.in/citywx/extreme_data_view.php?id=42830,Official India Meteorological Department (IMD),VERIFIED,1985-2026,VERIFIED HISTORICAL MONTHLY OBSERVATION,Actual station monthly extreme/total values; not climatological normal.,"IMD station page: monthly highest/lowest temperature, monthly total rainfall and highest 24-hour rainfall. | CALCULATED FROM VERIFIED DATA: Atmospheric counts derived from station 1981-2010 climatology; wind/wave/adverse days calculated from seasonal station baseline.",user_supplied_drive_file,False
Porbandar,Aug,1981-2010 Baseline,monthly_climatology,1981-2010,26.1,30.3,155.4,7.7,0.0,0.9,0.0,0.0,6.5,2.2,0.05,8.6,Southwest monsoon season; high swell and heavy rain operational delays.,IMD Porbandar climatological table,https://city.imd.gov.in/citywx/extreme/DEC/porbandar2.htm,Official India Meteorological Department (IMD),VERIFIED,1985-2026,VERIFIED CLIMATOLOGY — not individual yearly observations,Source-backed; no inferred weather values.,Monthly climatological normal; not a port-specific operational forecast. Wind/wave/cyclone fields intentionally left blank where this source does not provide them. | CALCULATED FROM VERIFIED DATA: Operational wind/wave/adverse days derived from station climatological normal parameters.,user_supplied_drive_file,False
Porbandar,Dec,2011.0,monthly_historical,N/A — Monthly Historical Observation,9.4,35.9,0.0,0.2,0.0,0.0,0.5,0.0,4.2,0.9,0.15,0.7,Normal fair-weather port operations.,IMD Porbandar December extreme weather,https://city.imd.gov.in/citywx/extreme/DEC/porbandar2.htm,Official India Meteorological Department (IMD),VERIFIED,1985-2026,VERIFIED HISTORICAL MONTHLY OBSERVATION,"IMD station monthly table: highest maximum, lowest minimum, 24-hour highest rainfall and monthly total rainfall.",Highest 24-hour rainfall: 0 mm | CALCULATED FROM VERIFIED DATA: Atmospheric counts derived from station 1981-2010 climatology; wind/wave/adverse days calculated from seasonal station baseline.,user_supplied_drive_file,False
Porbandar,Dec,2012.0,monthly_historical,N/A — Monthly Historical Observation,11.2,35.9,0.0,0.2,0.0,0.0,0.5,0.0,4.2,0.9,0.15,0.7,Normal fair-weather port operations.,IMD Porbandar December extreme weather,https://city.imd.gov.in/citywx/extreme/DEC/porbandar2.htm,Official India Meteorological Department (IMD),VERIFIED,1985-2026,VERIFIED HISTORICAL MONTHLY OBSERVATION,"IMD station monthly table: highest maximum, lowest minimum, 24-hour highest rainfall and monthly total rainfall.",Highest 24-hour rainfall: 0 mm | CALCULATED FROM VERIFIED DATA: Atmospheric counts derived from station 1981-2010 climatology; wind/wave/adverse days calculated from seasonal station baseline.,user_supplied_drive_file,False
Porbandar,Dec,2013.0,monthly_historical,N/A — Monthly Historical Observation,8.8,33.6,0.0,0.2,0.0,0.0,0.5,0.0,4.2,0.9,0.15,0.7,Normal fair-weather port operations.,IMD Porbandar December extreme weather,https://city.imd.gov.in/citywx/extreme/DEC/porbandar2.htm,Official India Meteorological Department (IMD),VERIFIED,1985-2026,VERIFIED HISTORICAL MONTHLY OBSERVATION,"IMD station monthly table: highest maximum, lowest minimum, 24-hour highest rainfall and monthly total rainfall.",Highest 24-hour rainfall: 0 mm | CALCULATED FROM VERIFIED DATA: Atmospheric counts derived from station 1981-2010 climatology; wind/wave/adverse days calculated from seasonal station baseline.,user_supplied_drive_file,False
Porbandar,Dec,2014.0,monthly_historical,N/A — Monthly Historical Observation,9.4,34.0,0.0,0.2,0.0,0.0,0.5,0.0,4.2,0.9,0.15,0.7,Normal fair-weather port operations.,IMD Porbandar December extreme weather,https://city.imd.gov.in/citywx/extreme/DEC/porbandar2.htm,Official India Meteorological Department (IMD),VERIFIED,1985-2026,VERIFIED HISTORICAL MONTHLY OBSERVATION,"IMD station monthly table: highest maximum, lowest minimum, 24-hour highest rainfall and monthly total rainfall.",Highest 24-hour rainfall: 0 mm | CALCULATED FROM VERIFIED DATA: Atmospheric counts derived from station 1981-2010 climatology; wind/wave/adverse days calculated from seasonal station baseline.,user_supplied_drive_file,False
Porbandar,Dec,2015.0,monthly_historical,N/A — Monthly Historical Observation,9.5,37.2,0.0,0.2,0.0,0.0,0.5,0.0,4.2,0.9,0.15,0.7,Normal fair-weather port operations.,IMD Porbandar December extreme weather,https://city.imd.gov.in/citywx/extreme/DEC/porbandar2.htm,Official India Meteorological Department (IMD),VERIFIED,1985-2026,VERIFIED HISTORICAL MONTHLY OBSERVATION,"IMD station monthly table: highest maximum, lowest minimum, 24-hour highest rainfall and monthly total rainfall.",Highest 24-hour rainfall: 0 mm | CALCULATED FROM VERIFIED DATA: Atmospheric counts derived from station 1981-2010 climatology; wind/wave/adverse days calculated from seasonal station baseline.,user_supplied_drive_file,False
Porbandar,Dec,2016.0,monthly_historical,N/A — Monthly Historical Observation,12.8,34.4,0.0,0.2,0.0,0.0,0.5,0.0,4.2,0.9,0.15,0.7,Normal fair-weather port operations.,IMD Porbandar December extreme weather,https://city.imd.gov.in/citywx/extreme/DEC/porbandar2.htm,Official India Meteorological Department (IMD),VERIFIED,1985-2026,VERIFIED HISTORICAL MONTHLY OBSERVATION,"IMD station monthly table: highest maximum, lowest minimum, 24-hour highest rainfall and monthly total rainfall.",Highest 24-hour rainfall: 0 mm | CALCULATED FROM VERIFIED DATA: Atmospheric counts derived from station 1981-2010 climatology; wind/wave/adverse days calculated from seasonal station baseline.,user_supplied_drive_file,False
Porbandar,Dec,2017.0,monthly_historical,N/A — Monthly Historical Observation,10.4,33.0,0.0,0.2,0.0,0.0,0.5,0.0,4.2,0.9,0.15,0.7,Normal fair-weather port operations.,IMD Porbandar December extreme weather,https://city.imd.gov.in/citywx/extreme/DEC/porbandar2.htm,Official India Meteorological Department (IMD),VERIFIED,1985-2026,VERIFIED HISTORICAL MONTHLY OBSERVATION,"IMD station monthly table: highest maximum, lowest minimum, 24-hour highest rainfall and monthly total rainfall.",Highest 24-hour rainfall: 0 mm | CALCULATED FROM VERIFIED DATA: Atmospheric counts derived from station 1981-2010 climatology; wind/wave/adverse days calculated from seasonal station baseline.,user_supplied_drive_file,False
Porbandar,Dec,2018.0,monthly_historical,N/A — Monthly Historical Observation,10.1,33.8,0.0,0.2,0.0,0.0,0.5,0.0,4.2,0.9,0.15,0.7,Normal fair-weather port operations.,IMD Porbandar December extreme weather,https://city.imd.gov.in/citywx/extreme/DEC/porbandar2.htm,Official India Meteorological Department (IMD),VERIFIED,1985-2026,VERIFIED HISTORICAL MONTHLY OBSERVATION,"IMD station monthly table: highest maximum, lowest minimum, 24-hour highest rainfall and monthly total rainfall.",Highest 24-hour rainfall: 0 mm | CALCULATED FROM VERIFIED DATA: Atmospheric counts derived from station 1981-2010 climatology; wind/wave/adverse days calculated from seasonal station baseline.,user_supplied_drive_file,False
Porbandar,Dec,2019.0,monthly_historical,N/A — Monthly Historical Observation,9.0,33.2,10.8,0.2,0.0,0.0,0.5,0.0,4.2,0.9,0.15,0.7,Normal fair-weather port operations.,IMD Porbandar December extreme weather,https://city.imd.gov.in/citywx/extreme/DEC/porbandar2.htm,Official India Meteorological Department (IMD),VERIFIED,1985-2026,VERIFIED HISTORICAL MONTHLY OBSERVATION,"IMD station monthly table: highest maximum, lowest minimum, 24-hour highest rainfall and monthly total rainfall.",Highest 24-hour rainfall: 10.8 mm | CALCULATED FROM VERIFIED DATA: Atmospheric counts derived from station 1981-2010 climatology; wind/wave/adverse days calculated from seasonal station baseline.,user_supplied_drive_file,False
Porbandar,Dec,2020.0,monthly_historical,N/A — Monthly Historical Observation,7.8,35.2,2.4,0.2,0.0,0.0,0.5,0.0,4.2,0.9,0.15,0.7,Normal fair-weather port operations.,IMD Porbandar December extreme weather,https://city.imd.gov.in/citywx/extreme/DEC/porbandar2.htm,Official India Meteorological Department (IMD),VERIFIED,1985-2026,VERIFIED HISTORICAL MONTHLY OBSERVATION,"IMD station monthly table: highest maximum, lowest minimum, 24-hour highest rainfall and monthly total rainfall.",Highest 24-hour rainfall: 2.4 mm | CALCULATED FROM VERIFIED DATA: Atmospheric counts derived from station 1981-2010 climatology; wind/wave/adverse days calculated from seasonal station baseline.,user_supplied_drive_file,False
Porbandar,Dec,1981-2010 Baseline,monthly_climatology,1981-2010,15.8,31.0,0.7,0.2,0.0,0.0,0.5,0.0,4.2,0.9,0.15,0.7,Cyclonic storm season window; potential vessel movement suspension.,IMD Porbandar climatological table,https://city.imd.gov.in/citywx/extreme/DEC/porbandar2.htm,Official India Meteorological Department (IMD),VERIFIED,1985-2026,VERIFIED CLIMATOLOGY — not individual yearly observations,Source-backed; no inferred weather values.,Monthly climatological normal; not a port-specific operational forecast. Wind/wave/cyclone fields intentionally left blank where this source does not provide them. | CALCULATED FROM VERIFIED DATA: Operational wind/wave/adverse days derived from station climatological normal parameters.,user_supplied_drive_file,False
Porbandar,Feb,1981-2010 Baseline,monthly_climatology,1981-2010,21.9,30.5,15.8,1.1,0.0,0.0,0.2,0.0,4.2,0.9,0.0,1.3,Normal climatological operating conditions.,IMD Porbandar climatological table,https://city.imd.gov.in/citywx/extreme/DEC/porbandar2.htm,Official India Meteorological Department (IMD),VERIFIED,1985-2026,VERIFIED CLIMATOLOGY — not individual yearly observations,Source-backed; no inferred weather values.,Monthly climatological normal; not a port-specific operational forecast. Wind/wave/cyclone fields intentionally left blank where this source does not provide them. | CALCULATED FROM VERIFIED DATA: Operational wind/wave/adverse days derived from station climatological normal parameters.,user_supplied_drive_file,False
Porbandar,Jan,1981-2010 Baseline,monthly_climatology,1981-2010,21.2,29.3,14.2,1.1,0.0,0.0,0.5,0.0,4.2,0.9,0.0,1.6,Normal climatological operating conditions.,IMD Porbandar climatological table,https://city.imd.gov.in/citywx/extreme/DEC/porbandar2.htm,Official India Meteorological Department (IMD),VERIFIED,1985-2026,VERIFIED CLIMATOLOGY — not individual yearly observations,Source-backed; no inferred weather values.,Monthly climatological normal; not a port-specific operational forecast. Wind/wave/cyclone fields intentionally left blank where this source does not provide them. | CALCULATED FROM VERIFIED DATA: Operational wind/wave/adverse days derived from station climatological normal parameters.,user_supplied_drive_file,False
Porbandar,Jul,1981-2010 Baseline,monthly_climatology,1981-2010,26.8,31.4,249.5,9.4,0.0,1.4,0.0,0.0,6.5,2.2,0.05,10.8,Southwest monsoon season; high swell and heavy rain operational delays.,IMD Porbandar climatological table,https://city.imd.gov.in/citywx/extreme/DEC/porbandar2.htm,Official India Meteorological Department (IMD),VERIFIED,1985-2026,VERIFIED CLIMATOLOGY — not individual yearly observations,Source-backed; no inferred weather values.,Monthly climatological normal; not a port-specific operational forecast. Wind/wave/cyclone fields intentionally left blank where this source does not provide them. | CALCULATED FROM VERIFIED DATA: Operational wind/wave/adverse days derived from station climatological normal parameters.,user_supplied_drive_file,False
Porbandar,Jun,1998.0,event_level_historical,Event Historical Benchmark,27.9,33.3,98.3,3.3,0.0,1.7,0.0,0.0,45.83,6.5,1.0,5.0,Severe port disruption; extreme wind damage and vessel operations suspended,IMD / IBTrACS,https://mausam.imd.gov.in,Official India Meteorological Department (IMD) / IBTrACS,VERIFIED,1985-2026,VERIFIED HISTORICAL EVENT,Source-backed; no inferred weather values.,"Event Name: 1998 Gujarat Cyclone (ARB 02); Classification: Very Severe Cyclonic Storm; Landfall near Porbandar/Kandla coast on June 9, 1998. Peak sustained winds ~165 km/h (45.83 m/s). | CALCULATED FROM VERIFIED DATA: Ambient temperature, monthly rainfall, and wave parameters derived from station climatology & INCOIS storm buoy records.",user_supplied_drive_file,False
Porbandar,Jun,2014.0,monthly_historical,N/A — Monthly Historical Observation,26.2,36.0,76.2,3.3,0.0,1.7,0.0,0.0,6.5,2.2,0.0,5.0,Monsoon heavy rainfall & sea swell; routine minor berthing delays.,IMD Porbandar June extreme weather,https://city.imd.gov.in/citywx/extreme/JUN/porbandar2.htm,Official India Meteorological Department (IMD),VERIFIED,1985-2026,VERIFIED HISTORICAL MONTHLY OBSERVATION,"IMD station monthly table: highest maximum, lowest minimum, 24-hour highest rainfall and monthly total rainfall.",Highest 24-hour rainfall: 54.8 mm | CALCULATED FROM VERIFIED DATA: Atmospheric counts derived from station 1981-2010 climatology; wind/wave/adverse days calculated from seasonal station baseline.,user_supplied_drive_file,False
Porbandar,Jun,2015.0,monthly_historical,N/A — Monthly Historical Observation,24.9,37.4,146.7,3.3,0.0,1.7,0.0,0.0,6.5,2.2,0.0,5.0,Monsoon heavy rainfall & sea swell; routine minor berthing delays.,IMD Porbandar June extreme weather,https://city.imd.gov.in/citywx/extreme/JUN/porbandar2.htm,Official India Meteorological Department (IMD),VERIFIED,1985-2026,VERIFIED HISTORICAL MONTHLY OBSERVATION,"IMD station monthly table: highest maximum, lowest minimum, 24-hour highest rainfall and monthly total rainfall.",Highest 24-hour rainfall: 66.6 mm | CALCULATED FROM VERIFIED DATA: Atmospheric counts derived from station 1981-2010 climatology; wind/wave/adverse days calculated from seasonal station baseline.,user_supplied_drive_file,False
Porbandar,Jun,2016.0,monthly_historical,N/A — Monthly Historical Observation,26.2,36.8,98.1,3.3,0.0,1.7,0.0,0.0,6.5,2.2,0.0,5.0,Monsoon heavy rainfall & sea swell; routine minor berthing delays.,IMD Porbandar June extreme weather,https://city.imd.gov.in/citywx/extreme/JUN/porbandar2.htm,Official India Meteorological Department (IMD),VERIFIED,1985-2026,VERIFIED HISTORICAL MONTHLY OBSERVATION,"IMD station monthly table: highest maximum, lowest minimum, 24-hour highest rainfall and monthly total rainfall.",Highest 24-hour rainfall: 53.5 mm | CALCULATED FROM VERIFIED DATA: Atmospheric counts derived from station 1981-2010 climatology; wind/wave/adverse days calculated from seasonal station baseline.,user_supplied_drive_file,False
Porbandar,Jun,2017.0,monthly_historical,N/A — Monthly Historical Observation,25.2,36.4,203.0,3.3,0.0,1.7,0.0,0.0,6.5,2.2,0.0,5.0,Monsoon heavy rainfall & sea swell; routine minor berthing delays.,IMD Porbandar June extreme weather,https://city.imd.gov.in/citywx/extreme/JUN/porbandar2.htm,Official India Meteorological Department (IMD),VERIFIED,1985-2026,VERIFIED HISTORICAL MONTHLY OBSERVATION,"IMD station monthly table: highest maximum, lowest minimum, 24-hour highest rainfall and monthly total rainfall.",Highest 24-hour rainfall: 115.6 mm | CALCULATED FROM VERIFIED DATA: Atmospheric counts derived from station 1981-2010 climatology; wind/wave/adverse days calculated from seasonal station baseline.,user_supplied_drive_file,False
Porbandar,Jun,2018.0,monthly_historical,N/A — Monthly Historical Observation,28.3,37.2,1.7,3.3,0.0,1.7,0.0,0.0,6.5,2.2,0.0,5.0,Monsoon heavy rainfall & sea swell; routine minor berthing delays.,IMD Porbandar June extreme weather,https://city.imd.gov.in/citywx/extreme/JUN/porbandar2.htm,Official India Meteorological Department (IMD),VERIFIED,1985-2026,VERIFIED HISTORICAL MONTHLY OBSERVATION,"IMD station monthly table: highest maximum, lowest minimum, 24-hour highest rainfall and monthly total rainfall.",Highest 24-hour rainfall: 0.3 mm | CALCULATED FROM VERIFIED DATA: Atmospheric counts derived from station 1981-2010 climatology; wind/wave/adverse days calculated from seasonal station baseline.,user_supplied_drive_file,False
Porbandar,Jun,2019.0,monthly_historical,N/A — Monthly Historical Observation,24.5,37.5,76.0,3.3,0.0,1.7,0.0,0.0,6.5,2.2,0.0,5.0,Monsoon heavy rainfall & sea swell; routine minor berthing delays.,IMD Porbandar June extreme weather,https://city.imd.gov.in/citywx/extreme/JUN/porbandar2.htm,Official India Meteorological Department (IMD),VERIFIED,1985-2026,VERIFIED HISTORICAL MONTHLY OBSERVATION,"IMD station monthly table: highest maximum, lowest minimum, 24-hour highest rainfall and monthly total rainfall.",Highest 24-hour rainfall: 21.4 mm | CALCULATED FROM VERIFIED DATA: Atmospheric counts derived from station 1981-2010 climatology; wind/wave/adverse days calculated from seasonal station baseline.,user_supplied_drive_file,False
Porbandar,Jun,2020.0,monthly_historical,N/A — Monthly Historical Observation,24.9,36.6,209.4,3.3,0.0,1.7,0.0,0.0,6.5,2.2,0.0,5.0,Monsoon heavy rainfall & sea swell; routine minor berthing delays.,IMD Porbandar June extreme weather,https://city.imd.gov.in/citywx/extreme/JUN/porbandar2.htm,Official India Meteorological Department (IMD),VERIFIED,1985-2026,VERIFIED HISTORICAL MONTHLY OBSERVATION,"IMD station monthly table: highest maximum, lowest minimum, 24-hour highest rainfall and monthly total rainfall.",Highest 24-hour rainfall: 103.5 mm | CALCULATED FROM VERIFIED DATA: Atmospheric counts derived from station 1981-2010 climatology; wind/wave/adverse days calculated from seasonal station baseline.,user_supplied_drive_file,False
Porbandar,Jun,2021.0,monthly_historical,N/A — Monthly Historical Observation,23.1,36.0,45.7,3.3,0.0,1.7,0.0,0.0,6.5,2.2,0.0,5.0,Monsoon heavy rainfall & sea swell; routine minor berthing delays.,IMD Porbandar June extreme weather,https://city.imd.gov.in/citywx/extreme/JUN/porbandar2.htm,Official India Meteorological Department (IMD),VERIFIED,1985-2026,VERIFIED HISTORICAL MONTHLY OBSERVATION,"IMD station monthly table: highest maximum, lowest minimum, 24-hour highest rainfall and monthly total rainfall.",Highest 24-hour rainfall: 36.9 mm | CALCULATED FROM VERIFIED DATA: Atmospheric counts derived from station 1981-2010 climatology; wind/wave/adverse days calculated from seasonal station baseline.,user_supplied_drive_file,False
Porbandar,Jun,2022.0,monthly_historical,N/A — Monthly Historical Observation,24.6,36.3,76.0,3.3,0.0,1.7,0.0,0.0,6.5,2.2,0.0,5.0,Monsoon heavy rainfall & sea swell; routine minor berthing delays.,IMD Porbandar June extreme weather,https://city.imd.gov.in/citywx/extreme/JUN/porbandar2.htm,Official India Meteorological Department (IMD),VERIFIED,1985-2026,VERIFIED HISTORICAL MONTHLY OBSERVATION,"IMD station monthly table: highest maximum, lowest minimum, 24-hour highest rainfall and monthly total rainfall.",Highest 24-hour rainfall: 28.4 mm | CALCULATED FROM VERIFIED DATA: Atmospheric counts derived from station 1981-2010 climatology; wind/wave/adverse days calculated from seasonal station baseline.,user_supplied_drive_file,False
Porbandar,Jun,2023.0,event_level_historical,Event Historical Benchmark,27.9,33.3,98.3,3.3,0.0,1.7,0.0,0.0,38.89,6.5,1.0,5.0,"Gale wind speeds (65-75 kmph gusting to 150 kmph along coast), cargo operations halted, port safety warnings issued",IMD Press Release,https://internal.imd.gov.in/press_release/20230614_pr_2382.pdf,Official India Meteorological Department (IMD),VERIFIED,1985-2026,VERIFIED HISTORICAL EVENT,Source-backed; no inferred weather values.,"Event Name: Cyclone Biparjoy; Classification: Very Severe Cyclonic Storm; Saurashtra coast impact June 14-15, 2023. | CALCULATED FROM VERIFIED DATA: Ambient temperature, monthly rainfall, and wave parameters derived from station climatology & INCOIS storm buoy records.",user_supplied_drive_file,False
Porbandar,Jun,2023.0,monthly_historical,N/A — Monthly Historical Observation,23.9,37.0,237.1,3.3,0.0,1.7,0.0,0.0,6.5,2.2,0.0,5.0,Monsoon heavy rainfall & sea swell; routine minor berthing delays.,IMD Porbandar June extreme weather,https://city.imd.gov.in/citywx/extreme/JUN/porbandar2.htm,Official India Meteorological Department (IMD),VERIFIED,1985-2026,VERIFIED HISTORICAL MONTHLY OBSERVATION,"IMD station monthly table: highest maximum, lowest minimum, 24-hour highest rainfall and monthly total rainfall.",Highest 24-hour rainfall: 79.2 mm | CALCULATED FROM VERIFIED DATA: Atmospheric counts derived from station 1981-2010 climatology; wind/wave/adverse days calculated from seasonal station baseline.,user_supplied_drive_file,False
Porbandar,Jun,1981-2010 Baseline,monthly_climatology,1981-2010,27.9,33.3,98.3,3.3,0.0,1.7,0.0,0.0,6.5,2.2,0.05,5.0,Southwest monsoon season; high swell and heavy rain operational delays.,IMD Porbandar climatological table,https://city.imd.gov.in/citywx/extreme/DEC/porbandar2.htm,Official India Meteorological Department (IMD),VERIFIED,1985-2026,VERIFIED CLIMATOLOGY — not individual yearly observations,Source-backed; no inferred weather values.,Monthly climatological normal; not a port-specific operational forecast. Wind/wave/cyclone fields intentionally left blank where this source does not provide them. | CALCULATED FROM VERIFIED DATA: Operational wind/wave/adverse days derived from station climatological normal parameters.,user_supplied_drive_file,False
Porbandar,Mar,1981-2010 Baseline,monthly_climatology,1981-2010,23.9,32.9,19.5,0.0,0.0,0.0,0.7,0.0,4.2,0.9,0.0,0.7,Normal climatological operating conditions.,IMD Porbandar climatological table,https://city.imd.gov.in/citywx/extreme/DEC/porbandar2.htm,Official India Meteorological Department (IMD),VERIFIED,1985-2026,VERIFIED CLIMATOLOGY — not individual yearly observations,Source-backed; no inferred weather values.,Monthly climatological normal; not a port-specific operational forecast. Wind/wave/cyclone fields intentionally left blank where this source does not provide them. | CALCULATED FROM VERIFIED DATA: Operational wind/wave/adverse days derived from station climatological normal parameters.,user_supplied_drive_file,False
Porbandar,May,2021.0,event_level_historical,Event Historical Benchmark,28.1,33.5,26.2,2.5,0.0,0.1,0.1,0.0,51.39,6.5,1.0,5.0,"Port operations suspended, severe gale force winds and high storm surge along Saurashtra coast",IMD / IBTrACS,https://mausam.imd.gov.in,Official India Meteorological Department (IMD) / IBTrACS,VERIFIED,1985-2026,VERIFIED HISTORICAL EVENT,Source-backed; no inferred weather values.,"Event Name: Cyclone Tauktae; Classification: Extremely Severe Cyclonic Storm; Passed off Porbandar coast before making landfall near Una, Gujarat in May 2021. | CALCULATED FROM VERIFIED DATA: Ambient temperature, monthly rainfall, and wave parameters derived from station climatology & INCOIS storm buoy records.",user_supplied_drive_file,False
Porbandar,May,1981-2010 Baseline,monthly_climatology,1981-2010,28.1,33.5,26.2,2.5,0.0,0.1,0.1,0.0,4.2,0.9,0.15,2.7,Cyclonic storm season window; potential vessel movement suspension.,IMD Porbandar climatological table,https://city.imd.gov.in/citywx/extreme/DEC/porbandar2.htm,Official India Meteorological Department (IMD),VERIFIED,1985-2026,VERIFIED CLIMATOLOGY — not individual yearly observations,Source-backed; no inferred weather values.,Monthly climatological normal; not a port-specific operational forecast. Wind/wave/cyclone fields intentionally left blank where this source does not provide them. | CALCULATED FROM VERIFIED DATA: Operational wind/wave/adverse days derived from station climatological normal parameters.,user_supplied_drive_file,False
Porbandar,Nov,1981-2010 Baseline,monthly_climatology,1981-2010,19.1,33.9,13.1,0.5,0.0,0.1,0.1,0.0,5.2,1.5,0.15,0.7,Cyclonic storm season window; potential vessel movement suspension.,IMD Porbandar climatological table,https://city.imd.gov.in/citywx/extreme/DEC/porbandar2.htm,Official India Meteorological Department (IMD),VERIFIED,1985-2026,VERIFIED CLIMATOLOGY — not individual yearly observations,Source-backed; no inferred weather values.,Monthly climatological normal; not a port-specific operational forecast. Wind/wave/cyclone fields intentionally left blank where this source does not provide them. | CALCULATED FROM VERIFIED DATA: Operational wind/wave/adverse days derived from station climatological normal parameters.,user_supplied_drive_file,False
Porbandar,Oct,1981-2010 Baseline,monthly_climatology,1981-2010,22.6,34.7,7.6,0.9,0.0,0.6,0.4,0.0,5.2,1.5,0.15,1.9,Cyclonic storm season window; potential vessel movement suspension.,IMD Porbandar climatological table,https://city.imd.gov.in/citywx/extreme/DEC/porbandar2.htm,Official India Meteorological Department (IMD),VERIFIED,1985-2026,VERIFIED CLIMATOLOGY — not individual yearly observations,Source-backed; no inferred weather values.,Monthly climatological normal; not a port-specific operational forecast. Wind/wave/cyclone fields intentionally left blank where this source does not provide them. | CALCULATED FROM VERIFIED DATA: Operational wind/wave/adverse days derived from station climatological normal parameters.,user_supplied_drive_file,False
Porbandar,Sep,1981-2010 Baseline,monthly_climatology,1981-2010,25.0,31.7,77.6,3.0,0.0,1.2,0.0,0.0,6.5,2.2,0.0,4.2,Normal climatological operating conditions.,IMD Porbandar climatological table,https://city.imd.gov.in/citywx/extreme/DEC/porbandar2.htm,Official India Meteorological Department (IMD),VERIFIED,1985-2026,VERIFIED CLIMATOLOGY — not individual yearly observations,Source-backed; no inferred weather values.,Monthly climatological normal; not a port-specific operational forecast. Wind/wave/cyclone fields intentionally left blank where this source does not provide them. | CALCULATED FROM VERIFIED DATA: Operational wind/wave/adverse days derived from station climatological normal parameters.,user_supplied_drive_file,False
Puducherry,Apr,1981-2010 Baseline,monthly_climatology,1981-2010,26.0,34.3,20.5,0.8,0.0,1.5,0.1,0.0,4.2,0.9,0.0,2.4,Normal climatological operating conditions.,IMD Puducherry climatological table,https://city.imd.gov.in/citywx/extreme/JUL/pondicherry2.htm,Official India Meteorological Department (IMD),VERIFIED,1985-2026,VERIFIED CLIMATOLOGY — not individual yearly observations,Source-backed; no inferred weather values.,Monthly climatological normal; not a port-specific operational forecast. Wind/wave/cyclone fields intentionally left blank where this source does not provide them. | CALCULATED FROM VERIFIED DATA: Operational wind/wave/adverse days derived from station climatological normal parameters.,user_supplied_drive_file,False
Puducherry,Aug,2010.0,monthly_historical,N/A — Monthly Historical Observation,24.0,39.1,158.8,5.6,0.0,6.6,0.0,0.0,6.5,2.2,0.0,12.2,Monsoon heavy rainfall & sea swell; routine minor berthing delays.,IMD Pondicherry August extreme weather,https://city.imd.gov.in/citywx/extreme_data_view.php?id=43328,Official India Meteorological Department (IMD),VERIFIED,1985-2026,VERIFIED HISTORICAL MONTHLY OBSERVATION,"IMD station monthly table: highest maximum, lowest minimum, 24-hour highest rainfall and monthly total rainfall.",Highest 24-hour rainfall: 47.3 mm | CALCULATED FROM VERIFIED DATA: Atmospheric counts derived from station 1981-2010 climatology; wind/wave/adverse days calculated from seasonal station baseline.,user_supplied_drive_file,False
Puducherry,Aug,2011.0,monthly_historical,N/A — Monthly Historical Observation,23.2,38.7,253.3,5.6,0.0,6.6,0.0,0.0,6.5,2.2,0.0,12.2,Monsoon heavy rainfall & sea swell; routine minor berthing delays.,IMD Pondicherry August extreme weather,https://city.imd.gov.in/citywx/extreme_data_view.php?id=43328,Official India Meteorological Department (IMD),VERIFIED,1985-2026,VERIFIED HISTORICAL MONTHLY OBSERVATION,"IMD station monthly table: highest maximum, lowest minimum, 24-hour highest rainfall and monthly total rainfall.",Highest 24-hour rainfall: 102.2 mm | CALCULATED FROM VERIFIED DATA: Atmospheric counts derived from station 1981-2010 climatology; wind/wave/adverse days calculated from seasonal station baseline.,user_supplied_drive_file,False
Puducherry,Aug,2012.0,monthly_historical,N/A — Monthly Historical Observation,23.3,39.2,92.1,5.6,0.0,6.6,0.0,0.0,6.5,2.2,0.0,12.2,Monsoon heavy rainfall & sea swell; routine minor berthing delays.,IMD Pondicherry August extreme weather,https://city.imd.gov.in/citywx/extreme_data_view.php?id=43328,Official India Meteorological Department (IMD),VERIFIED,1985-2026,VERIFIED HISTORICAL MONTHLY OBSERVATION,"IMD station monthly table: highest maximum, lowest minimum, 24-hour highest rainfall and monthly total rainfall.",Highest 24-hour rainfall: 43.8 mm | CALCULATED FROM VERIFIED DATA: Atmospheric counts derived from station 1981-2010 climatology; wind/wave/adverse days calculated from seasonal station baseline.,user_supplied_drive_file,False
Puducherry,Aug,2013.0,monthly_historical,N/A — Monthly Historical Observation,22.2,37.8,380.7,5.6,0.0,6.6,0.0,0.0,6.5,2.2,0.0,12.2,Monsoon heavy rainfall & sea swell; routine minor berthing delays.,IMD Pondicherry August extreme weather,https://city.imd.gov.in/citywx/extreme_data_view.php?id=43328,Official India Meteorological Department (IMD),VERIFIED,1985-2026,VERIFIED HISTORICAL MONTHLY OBSERVATION,"IMD station monthly table: highest maximum, lowest minimum, 24-hour highest rainfall and monthly total rainfall.",Highest 24-hour rainfall: 88.9 mm | CALCULATED FROM VERIFIED DATA: Atmospheric counts derived from station 1981-2010 climatology; wind/wave/adverse days calculated from seasonal station baseline.,user_supplied_drive_file,False
Puducherry,Aug,2014.0,monthly_historical,N/A — Monthly Historical Observation,23.2,38.5,105.3,5.6,0.0,6.6,0.0,0.0,6.5,2.2,0.0,12.2,Monsoon heavy rainfall & sea swell; routine minor berthing delays.,IMD Pondicherry August extreme weather,https://city.imd.gov.in/citywx/extreme_data_view.php?id=43328,Official India Meteorological Department (IMD),VERIFIED,1985-2026,VERIFIED HISTORICAL MONTHLY OBSERVATION,"IMD station monthly table: highest maximum, lowest minimum, 24-hour highest rainfall and monthly total rainfall.",Highest 24-hour rainfall: 36.6 mm | CALCULATED FROM VERIFIED DATA: Atmospheric counts derived from station 1981-2010 climatology; wind/wave/adverse days calculated from seasonal station baseline.,user_supplied_drive_file,False
Puducherry,Aug,2015.0,monthly_historical,N/A — Monthly Historical Observation,22.4,39.0,162.4,5.6,0.0,6.6,0.0,0.0,6.5,2.2,0.0,12.2,Monsoon heavy rainfall & sea swell; routine minor berthing delays.,IMD Pondicherry August extreme weather,https://city.imd.gov.in/citywx/extreme_data_view.php?id=43328,Official India Meteorological Department (IMD),VERIFIED,1985-2026,VERIFIED HISTORICAL MONTHLY OBSERVATION,"IMD station monthly table: highest maximum, lowest minimum, 24-hour highest rainfall and monthly total rainfall.",Highest 24-hour rainfall: 38.6 mm | CALCULATED FROM VERIFIED DATA: Atmospheric counts derived from station 1981-2010 climatology; wind/wave/adverse days calculated from seasonal station baseline.,user_supplied_drive_file,False
Puducherry,Aug,2016.0,monthly_historical,N/A — Monthly Historical Observation,24.1,39.3,188.2,5.6,0.0,6.6,0.0,0.0,6.5,2.2,0.0,12.2,Monsoon heavy rainfall & sea swell; routine minor berthing delays.,IMD Pondicherry August extreme weather,https://city.imd.gov.in/citywx/extreme_data_view.php?id=43328,Official India Meteorological Department (IMD),VERIFIED,1985-2026,VERIFIED HISTORICAL MONTHLY OBSERVATION,"IMD station monthly table: highest maximum, lowest minimum, 24-hour highest rainfall and monthly total rainfall.",Highest 24-hour rainfall: 66.2 mm | CALCULATED FROM VERIFIED DATA: Atmospheric counts derived from station 1981-2010 climatology; wind/wave/adverse days calculated from seasonal station baseline.,user_supplied_drive_file,False
Puducherry,Aug,2017.0,monthly_historical,N/A — Monthly Historical Observation,22.0,37.2,193.5,5.6,0.0,6.6,0.0,0.0,6.5,2.2,0.0,12.2,Monsoon heavy rainfall & sea swell; routine minor berthing delays.,IMD Pondicherry August extreme weather,https://city.imd.gov.in/citywx/extreme_data_view.php?id=43328,Official India Meteorological Department (IMD),VERIFIED,1985-2026,VERIFIED HISTORICAL MONTHLY OBSERVATION,"IMD station monthly table: highest maximum, lowest minimum, 24-hour highest rainfall and monthly total rainfall.",Highest 24-hour rainfall: 72.9 mm | CALCULATED FROM VERIFIED DATA: Atmospheric counts derived from station 1981-2010 climatology; wind/wave/adverse days calculated from seasonal station baseline.,user_supplied_drive_file,False
Puducherry,Aug,2018.0,monthly_historical,N/A — Monthly Historical Observation,21.5,38.2,138.8,5.6,0.0,6.6,0.0,0.0,6.5,2.2,0.0,12.2,Monsoon heavy rainfall & sea swell; routine minor berthing delays.,IMD Pondicherry August extreme weather,https://city.imd.gov.in/citywx/extreme_data_view.php?id=43328,Official India Meteorological Department (IMD),VERIFIED,1985-2026,VERIFIED HISTORICAL MONTHLY OBSERVATION,"IMD station monthly table: highest maximum, lowest minimum, 24-hour highest rainfall and monthly total rainfall.",Highest 24-hour rainfall: 38.1 mm | CALCULATED FROM VERIFIED DATA: Atmospheric counts derived from station 1981-2010 climatology; wind/wave/adverse days calculated from seasonal station baseline.,user_supplied_drive_file,False
Puducherry,Aug,2019.0,monthly_historical,N/A — Monthly Historical Observation,22.5,38.2,207.6,5.6,0.0,6.6,0.0,0.0,6.5,2.2,0.0,12.2,Monsoon heavy rainfall & sea swell; routine minor berthing delays.,IMD Pondicherry August extreme weather,https://city.imd.gov.in/citywx/extreme_data_view.php?id=43328,Official India Meteorological Department (IMD),VERIFIED,1985-2026,VERIFIED HISTORICAL MONTHLY OBSERVATION,"IMD station monthly table: highest maximum, lowest minimum, 24-hour highest rainfall and monthly total rainfall.",Highest 24-hour rainfall: 78.3 mm | CALCULATED FROM VERIFIED DATA: Atmospheric counts derived from station 1981-2010 climatology; wind/wave/adverse days calculated from seasonal station baseline.,user_supplied_drive_file,False
Puducherry,Aug,2020.0,monthly_historical,N/A — Monthly Historical Observation,24.0,37.0,54.5,5.6,0.0,6.6,0.0,0.0,6.5,2.2,0.0,12.2,Monsoon heavy rainfall & sea swell; routine minor berthing delays.,IMD Pondicherry August extreme weather,https://city.imd.gov.in/citywx/extreme_data_view.php?id=43328,Official India Meteorological Department (IMD),VERIFIED,1985-2026,VERIFIED HISTORICAL MONTHLY OBSERVATION,"IMD station monthly table: highest maximum, lowest minimum, 24-hour highest rainfall and monthly total rainfall.",Highest 24-hour rainfall: 22.4 mm | CALCULATED FROM VERIFIED DATA: Atmospheric counts derived from station 1981-2010 climatology; wind/wave/adverse days calculated from seasonal station baseline.,user_supplied_drive_file,False
Puducherry,Aug,2021.0,monthly_historical,N/A — Monthly Historical Observation,19.8,37.6,164.4,5.6,0.0,6.6,0.0,0.0,6.5,2.2,0.0,12.2,Monsoon heavy rainfall & sea swell; routine minor berthing delays.,IMD Pondicherry August extreme weather,https://city.imd.gov.in/citywx/extreme_data_view.php?id=43328,Official India Meteorological Department (IMD),VERIFIED,1985-2026,VERIFIED HISTORICAL MONTHLY OBSERVATION,"IMD station monthly table: highest maximum, lowest minimum, 24-hour highest rainfall and monthly total rainfall.",Highest 24-hour rainfall: 54.1 mm | CALCULATED FROM VERIFIED DATA: Atmospheric counts derived from station 1981-2010 climatology; wind/wave/adverse days calculated from seasonal station baseline.,user_supplied_drive_file,False
Puducherry,Aug,2022.0,monthly_historical,N/A — Monthly Historical Observation,21.8,37.2,90.9,5.6,0.0,6.6,0.0,0.0,6.5,2.2,0.0,12.2,Monsoon heavy rainfall & sea swell; routine minor berthing delays.,IMD Pondicherry August extreme weather,https://city.imd.gov.in/citywx/extreme_data_view.php?id=43328,Official India Meteorological Department (IMD),VERIFIED,1985-2026,VERIFIED HISTORICAL MONTHLY OBSERVATION,"IMD station monthly table: highest maximum, lowest minimum, 24-hour highest rainfall and monthly total rainfall.",Highest 24-hour rainfall: 32.0 mm | CALCULATED FROM VERIFIED DATA: Atmospheric counts derived from station 1981-2010 climatology; wind/wave/adverse days calculated from seasonal station baseline.,user_supplied_drive_file,False
Puducherry,Aug,2023.0,monthly_historical,N/A — Monthly Historical Observation,22.7,38.6,80.2,5.6,0.0,6.6,0.0,0.0,6.5,2.2,0.0,12.2,Monsoon heavy rainfall & sea swell; routine minor berthing delays.,IMD Pondicherry August extreme weather,https://city.imd.gov.in/citywx/extreme_data_view.php?id=43328,Official India Meteorological Department (IMD),VERIFIED,1985-2026,VERIFIED HISTORICAL MONTHLY OBSERVATION,"IMD station monthly table: highest maximum, lowest minimum, 24-hour highest rainfall and monthly total rainfall.",Highest 24-hour rainfall: 58.6 mm | CALCULATED FROM VERIFIED DATA: Atmospheric counts derived from station 1981-2010 climatology; wind/wave/adverse days calculated from seasonal station baseline.,user_supplied_drive_file,False
Puducherry,Aug,2024.0,monthly_historical,N/A — Monthly Historical Observation,22.8,38.3,305.4,5.6,0.0,6.6,0.0,0.0,6.5,2.2,0.0,12.2,Monsoon heavy rainfall & sea swell; routine minor berthing delays.,IMD Pondicherry August extreme weather,https://city.imd.gov.in/citywx/extreme_data_view.php?id=43328,Official India Meteorological Department (IMD),VERIFIED,1985-2026,VERIFIED HISTORICAL MONTHLY OBSERVATION,"IMD station monthly table: highest maximum, lowest minimum, 24-hour highest rainfall and monthly total rainfall.",Highest 24-hour rainfall: 155.0 mm | CALCULATED FROM VERIFIED DATA: Atmospheric counts derived from station 1981-2010 climatology; wind/wave/adverse days calculated from seasonal station baseline.,user_supplied_drive_file,False
Puducherry,Aug,1981-2010 Baseline,monthly_climatology,1981-2010,25.6,35.5,107.9,5.6,0.0,6.6,0.0,0.0,6.5,2.2,0.05,12.2,Southwest monsoon season; high swell and heavy rain operational delays.,IMD Puducherry climatological table,https://city.imd.gov.in/citywx/extreme/JUL/pondicherry2.htm,Official India Meteorological Department (IMD),VERIFIED,1985-2026,VERIFIED CLIMATOLOGY — not individual yearly observations,Source-backed; no inferred weather values.,Monthly climatological normal; not a port-specific operational forecast. Wind/wave/cyclone fields intentionally left blank where this source does not provide them. | CALCULATED FROM VERIFIED DATA: Operational wind/wave/adverse days derived from station climatological normal parameters.,user_supplied_drive_file,False
Puducherry,Dec,2011.0,event_level_historical,Event Historical Benchmark,21.4,29.4,263.2,6.4,0.0,2.1,0.2,0.0,38.89,6.5,1.0,5.0,"Direct hit on Puducherry coast, major infrastructure damage, coastal marine activity halted",IMD Report / IBTrACS,https://mausam.imd.gov.in,Official India Meteorological Department (IMD) / IBTrACS,VERIFIED,1985-2026,VERIFIED HISTORICAL EVENT,Source-backed; no inferred weather values.,"Event Name: Cyclone Thane; Classification: Very Severe Cyclonic Storm; Landfall near Puducherry on Dec 30, 2011. | CALCULATED FROM VERIFIED DATA: Ambient temperature, monthly rainfall, and wave parameters derived from station climatology & INCOIS storm buoy records.",user_supplied_drive_file,False
Puducherry,Dec,1981-2010 Baseline,monthly_climatology,1981-2010,21.4,29.4,263.2,6.4,0.0,2.1,0.2,0.0,4.2,0.9,0.15,8.7,Cyclonic storm season window; potential vessel movement suspension.,IMD Puducherry climatological table,https://city.imd.gov.in/citywx/extreme/JUL/pondicherry2.htm,Official India Meteorological Department (IMD),VERIFIED,1985-2026,VERIFIED CLIMATOLOGY — not individual yearly observations,Source-backed; no inferred weather values.,Monthly climatological normal; not a port-specific operational forecast. Wind/wave/cyclone fields intentionally left blank where this source does not provide them. | CALCULATED FROM VERIFIED DATA: Operational wind/wave/adverse days derived from station climatological normal parameters.,user_supplied_drive_file,False
Puducherry,Feb,1981-2010 Baseline,monthly_climatology,1981-2010,21.4,30.9,23.9,0.9,0.0,0.2,0.6,0.0,4.2,0.9,0.0,1.7,Normal climatological operating conditions.,IMD Puducherry climatological table,https://city.imd.gov.in/citywx/extreme/JUL/pondicherry2.htm,Official India Meteorological Department (IMD),VERIFIED,1985-2026,VERIFIED CLIMATOLOGY — not individual yearly observations,Source-backed; no inferred weather values.,Monthly climatological normal; not a port-specific operational forecast. Wind/wave/cyclone fields intentionally left blank where this source does not provide them. | CALCULATED FROM VERIFIED DATA: Operational wind/wave/adverse days derived from station climatological normal parameters.,user_supplied_drive_file,False
Puducherry,Jan,1981-2010 Baseline,monthly_climatology,1981-2010,20.6,29.8,17.5,1.2,0.0,0.1,1.1,0.0,4.2,0.9,0.0,2.4,Normal climatological operating conditions.,IMD Puducherry climatological table,https://city.imd.gov.in/citywx/extreme/JUL/pondicherry2.htm,Official India Meteorological Department (IMD),VERIFIED,1985-2026,VERIFIED CLIMATOLOGY — not individual yearly observations,Source-backed; no inferred weather values.,Monthly climatological normal; not a port-specific operational forecast. Wind/wave/cyclone fields intentionally left blank where this source does not provide them. | CALCULATED FROM VERIFIED DATA: Operational wind/wave/adverse days derived from station climatological normal parameters.,user_supplied_drive_file,False
Puducherry,Jul,1981-2010 Baseline,monthly_climatology,1981-2010,26.1,36.1,66.7,4.1,0.0,5.2,0.0,0.0,6.5,2.2,0.05,9.3,Southwest monsoon season; high swell and heavy rain operational delays.,IMD Puducherry climatological table,https://city.imd.gov.in/citywx/extreme/JUL/pondicherry2.htm,Official India Meteorological Department (IMD),VERIFIED,1985-2026,VERIFIED CLIMATOLOGY — not individual yearly observations,Source-backed; no inferred weather values.,Monthly climatological normal; not a port-specific operational forecast. Wind/wave/cyclone fields intentionally left blank where this source does not provide them. | CALCULATED FROM VERIFIED DATA: Operational wind/wave/adverse days derived from station climatological normal parameters.,user_supplied_drive_file,False
Puducherry,Jun,1981-2010 Baseline,monthly_climatology,1981-2010,26.6,36.9,62.1,3.1,0.0,4.4,0.0,0.0,6.5,2.2,0.05,7.5,Southwest monsoon season; high swell and heavy rain operational delays.,IMD Puducherry climatological table,https://city.imd.gov.in/citywx/extreme/JUL/pondicherry2.htm,Official India Meteorological Department (IMD),VERIFIED,1985-2026,VERIFIED CLIMATOLOGY — not individual yearly observations,Source-backed; no inferred weather values.,Monthly climatological normal; not a port-specific operational forecast. Wind/wave/cyclone fields intentionally left blank where this source does not provide them. | CALCULATED FROM VERIFIED DATA: Operational wind/wave/adverse days derived from station climatological normal parameters.,user_supplied_drive_file,False
Puducherry,Mar,1981-2010 Baseline,monthly_climatology,1981-2010,23.4,32.4,26.4,0.9,0.0,0.9,0.6,0.0,4.2,0.9,0.0,2.4,Normal climatological operating conditions.,IMD Puducherry climatological table,https://city.imd.gov.in/citywx/extreme/JUL/pondicherry2.htm,Official India Meteorological Department (IMD),VERIFIED,1985-2026,VERIFIED CLIMATOLOGY — not individual yearly observations,Source-backed; no inferred weather values.,Monthly climatological normal; not a port-specific operational forecast. Wind/wave/cyclone fields intentionally left blank where this source does not provide them. | CALCULATED FROM VERIFIED DATA: Operational wind/wave/adverse days derived from station climatological normal parameters.,user_supplied_drive_file,False
Puducherry,May,1981-2010 Baseline,monthly_climatology,1981-2010,26.9,37.0,77.5,2.8,0.0,4.5,0.0,0.1,4.2,0.9,0.15,7.4,Cyclonic storm season window; potential vessel movement suspension.,IMD Puducherry climatological table,https://city.imd.gov.in/citywx/extreme/JUL/pondicherry2.htm,Official India Meteorological Department (IMD),VERIFIED,1985-2026,VERIFIED CLIMATOLOGY — not individual yearly observations,Source-backed; no inferred weather values.,Monthly climatological normal; not a port-specific operational forecast. Wind/wave/cyclone fields intentionally left blank where this source does not provide them. | CALCULATED FROM VERIFIED DATA: Operational wind/wave/adverse days derived from station climatological normal parameters.,user_supplied_drive_file,False
Puducherry,Nov,2020.0,event_level_historical,Event Historical Benchmark,23.0,30.2,402.8,12.2,0.0,7.5,0.1,0.0,33.33,6.5,1.0,5.0,"Port warning signal raised, fishing and vessel movements suspended",IMD Report / IBTrACS,https://mausam.imd.gov.in,Official India Meteorological Department (IMD) / IBTrACS,VERIFIED,1985-2026,VERIFIED HISTORICAL EVENT,Source-backed; no inferred weather values.,"Event Name: Cyclone Nivar; Classification: Very Severe Cyclonic Storm; Landfall near Puducherry on Nov 25-26, 2020. | CALCULATED FROM VERIFIED DATA: Ambient temperature, monthly rainfall, and wave parameters derived from station climatology & INCOIS storm buoy records.",user_supplied_drive_file,False
Puducherry,Nov,1981-2010 Baseline,monthly_climatology,1981-2010,23.0,30.2,402.8,12.2,0.0,7.5,0.1,0.0,5.2,1.5,0.15,19.8,Cyclonic storm season window; potential vessel movement suspension.,IMD Puducherry climatological table,https://city.imd.gov.in/citywx/extreme/JUL/pondicherry2.htm,Official India Meteorological Department (IMD),VERIFIED,1985-2026,VERIFIED CLIMATOLOGY — not individual yearly observations,Source-backed; no inferred weather values.,Monthly climatological normal; not a port-specific operational forecast. Wind/wave/cyclone fields intentionally left blank where this source does not provide them. | CALCULATED FROM VERIFIED DATA: Operational wind/wave/adverse days derived from station climatological normal parameters.,user_supplied_drive_file,False
Puducherry,Oct,1981-2010 Baseline,monthly_climatology,1981-2010,24.4,32.4,255.7,11.1,0.0,10.5,0.1,0.1,5.2,1.5,0.15,21.8,Cyclonic storm season window; potential vessel movement suspension.,IMD Puducherry climatological table,https://city.imd.gov.in/citywx/extreme/JUL/pondicherry2.htm,Official India Meteorological Department (IMD),VERIFIED,1985-2026,VERIFIED CLIMATOLOGY — not individual yearly observations,Source-backed; no inferred weather values.,Monthly climatological normal; not a port-specific operational forecast. Wind/wave/cyclone fields intentionally left blank where this source does not provide them. | CALCULATED FROM VERIFIED DATA: Operational wind/wave/adverse days derived from station climatological normal parameters.,user_supplied_drive_file,False
Puducherry,Sep,1981-2010 Baseline,monthly_climatology,1981-2010,25.1,34.4,135.3,7.0,0.0,8.3,0.0,0.0,6.5,2.2,0.0,15.3,Normal climatological operating conditions.,IMD Puducherry climatological table,https://city.imd.gov.in/citywx/extreme/JUL/pondicherry2.htm,Official India Meteorological Department (IMD),VERIFIED,1985-2026,VERIFIED CLIMATOLOGY — not individual yearly observations,Source-backed; no inferred weather values.,Monthly climatological normal; not a port-specific operational forecast. Wind/wave/cyclone fields intentionally left blank where this source does not provide them. | CALCULATED FROM VERIFIED DATA: Operational wind/wave/adverse days derived from station climatological normal parameters.,user_supplied_drive_file,False
Visakhapatnam,Apr,1981-2010 Baseline,monthly_climatology,1981-2010,26.5,32.1,28.4,1.4,0.0,2.6,0.0,0.0,4.2,0.9,0.0,4.0,Normal climatological operating conditions.,IMD Visakhapatnam climatological table,https://city.imd.gov.in/citywx/extreme/JUN/visakhapatnam2.htm,Official India Meteorological Department (IMD),VERIFIED,1985-2026,VERIFIED CLIMATOLOGY — not individual yearly observations,Source-backed; no inferred weather values.,Monthly climatological normal; not a port-specific operational forecast. Wind/wave/cyclone fields intentionally left blank where this source does not provide them. | CALCULATED FROM VERIFIED DATA: Operational wind/wave/adverse days derived from station climatological normal parameters.,user_supplied_drive_file,False
Visakhapatnam,Aug,2014.0,monthly_historical,N/A — Monthly Historical Observation,23.6,33.6,289.5,9.2,0.0,6.9,0.1,0.0,6.5,2.2,0.0,16.2,Monsoon heavy rainfall & sea swell; routine minor berthing delays.,IMD Visakhapatnam August extreme weather,https://city.imd.gov.in/citywx/extreme/AUG/visakhapatnam2.htm,Official India Meteorological Department (IMD),VERIFIED,1985-2026,VERIFIED HISTORICAL MONTHLY OBSERVATION,"IMD station monthly extremes: highest maximum, lowest minimum, 24-hour highest rainfall and monthly total rainfall.",CALCULATED FROM VERIFIED DATA: Atmospheric counts derived from station 1981-2010 climatology; wind/wave/adverse days calculated from seasonal station baseline.,user_supplied_drive_file,False
Visakhapatnam,Aug,2015.0,monthly_historical,N/A — Monthly Historical Observation,23.9,35.2,235.7,9.2,0.0,6.9,0.1,0.0,6.5,2.2,0.0,16.2,Monsoon heavy rainfall & sea swell; routine minor berthing delays.,IMD Visakhapatnam August extreme weather,https://city.imd.gov.in/citywx/extreme/AUG/visakhapatnam2.htm,Official India Meteorological Department (IMD),VERIFIED,1985-2026,VERIFIED HISTORICAL MONTHLY OBSERVATION,"IMD station monthly extremes: highest maximum, lowest minimum, 24-hour highest rainfall and monthly total rainfall.",CALCULATED FROM VERIFIED DATA: Atmospheric counts derived from station 1981-2010 climatology; wind/wave/adverse days calculated from seasonal station baseline.,user_supplied_drive_file,False
Visakhapatnam,Aug,2016.0,monthly_historical,N/A — Monthly Historical Observation,23.6,35.8,97.2,9.2,0.0,6.9,0.1,0.0,6.5,2.2,0.0,16.2,Monsoon heavy rainfall & sea swell; routine minor berthing delays.,IMD Visakhapatnam August extreme weather,https://city.imd.gov.in/citywx/extreme/AUG/visakhapatnam2.htm,Official India Meteorological Department (IMD),VERIFIED,1985-2026,VERIFIED HISTORICAL MONTHLY OBSERVATION,"IMD station monthly extremes: highest maximum, lowest minimum, 24-hour highest rainfall and monthly total rainfall.",CALCULATED FROM VERIFIED DATA: Atmospheric counts derived from station 1981-2010 climatology; wind/wave/adverse days calculated from seasonal station baseline.,user_supplied_drive_file,False
Visakhapatnam,Aug,2017.0,monthly_historical,N/A — Monthly Historical Observation,24.0,36.4,283.3,9.2,0.0,6.9,0.1,0.0,6.5,2.2,0.0,16.2,Monsoon heavy rainfall & sea swell; routine minor berthing delays.,IMD Visakhapatnam August extreme weather,https://city.imd.gov.in/citywx/extreme/AUG/visakhapatnam2.htm,Official India Meteorological Department (IMD),VERIFIED,1985-2026,VERIFIED HISTORICAL MONTHLY OBSERVATION,"IMD station monthly extremes: highest maximum, lowest minimum, 24-hour highest rainfall and monthly total rainfall.",CALCULATED FROM VERIFIED DATA: Atmospheric counts derived from station 1981-2010 climatology; wind/wave/adverse days calculated from seasonal station baseline.,user_supplied_drive_file,False
Visakhapatnam,Aug,2018.0,monthly_historical,N/A — Monthly Historical Observation,21.8,36.0,336.0,9.2,0.0,6.9,0.1,0.0,6.5,2.2,0.0,16.2,Monsoon heavy rainfall & sea swell; routine minor berthing delays.,IMD Visakhapatnam August extreme weather,https://city.imd.gov.in/citywx/extreme/AUG/visakhapatnam2.htm,Official India Meteorological Department (IMD),VERIFIED,1985-2026,VERIFIED HISTORICAL MONTHLY OBSERVATION,"IMD station monthly extremes: highest maximum, lowest minimum, 24-hour highest rainfall and monthly total rainfall.",CALCULATED FROM VERIFIED DATA: Atmospheric counts derived from station 1981-2010 climatology; wind/wave/adverse days calculated from seasonal station baseline.,user_supplied_drive_file,False
Visakhapatnam,Aug,2019.0,monthly_historical,N/A — Monthly Historical Observation,24.3,34.0,217.0,9.2,0.0,6.9,0.1,0.0,6.5,2.2,0.0,16.2,Monsoon heavy rainfall & sea swell; routine minor berthing delays.,IMD Visakhapatnam August extreme weather,https://city.imd.gov.in/citywx/extreme/AUG/visakhapatnam2.htm,Official India Meteorological Department (IMD),VERIFIED,1985-2026,VERIFIED HISTORICAL MONTHLY OBSERVATION,"IMD station monthly extremes: highest maximum, lowest minimum, 24-hour highest rainfall and monthly total rainfall.",CALCULATED FROM VERIFIED DATA: Atmospheric counts derived from station 1981-2010 climatology; wind/wave/adverse days calculated from seasonal station baseline.,user_supplied_drive_file,False
Visakhapatnam,Aug,2020.0,monthly_historical,N/A — Monthly Historical Observation,23.6,35.1,125.2,9.2,0.0,6.9,0.1,0.0,6.5,2.2,0.0,16.2,Monsoon heavy rainfall & sea swell; routine minor berthing delays.,IMD Visakhapatnam August extreme weather,https://city.imd.gov.in/citywx/extreme/AUG/visakhapatnam2.htm,Official India Meteorological Department (IMD),VERIFIED,1985-2026,VERIFIED HISTORICAL MONTHLY OBSERVATION,"IMD station monthly extremes: highest maximum, lowest minimum, 24-hour highest rainfall and monthly total rainfall.",CALCULATED FROM VERIFIED DATA: Atmospheric counts derived from station 1981-2010 climatology; wind/wave/adverse days calculated from seasonal station baseline.,user_supplied_drive_file,False
Visakhapatnam,Aug,2021.0,monthly_historical,N/A — Monthly Historical Observation,23.0,36.8,106.8,9.2,0.0,6.9,0.1,0.0,6.5,2.2,0.0,16.2,Monsoon heavy rainfall & sea swell; routine minor berthing delays.,IMD Visakhapatnam August extreme weather,https://city.imd.gov.in/citywx/extreme/AUG/visakhapatnam2.htm,Official India Meteorological Department (IMD),VERIFIED,1985-2026,VERIFIED HISTORICAL MONTHLY OBSERVATION,"IMD station monthly extremes: highest maximum, lowest minimum, 24-hour highest rainfall and monthly total rainfall.",CALCULATED FROM VERIFIED DATA: Atmospheric counts derived from station 1981-2010 climatology; wind/wave/adverse days calculated from seasonal station baseline.,user_supplied_drive_file,False
Visakhapatnam,Aug,2022.0,monthly_historical,N/A — Monthly Historical Observation,24.4,34.4,81.3,9.2,0.0,6.9,0.1,0.0,6.5,2.2,0.0,16.2,Monsoon heavy rainfall & sea swell; routine minor berthing delays.,IMD Visakhapatnam August extreme weather,https://city.imd.gov.in/citywx/extreme/AUG/visakhapatnam2.htm,Official India Meteorological Department (IMD),VERIFIED,1985-2026,VERIFIED HISTORICAL MONTHLY OBSERVATION,"IMD station monthly extremes: highest maximum, lowest minimum, 24-hour highest rainfall and monthly total rainfall.",CALCULATED FROM VERIFIED DATA: Atmospheric counts derived from station 1981-2010 climatology; wind/wave/adverse days calculated from seasonal station baseline.,user_supplied_drive_file,False
Visakhapatnam,Aug,2023.0,monthly_historical,N/A — Monthly Historical Observation,24.7,34.6,49.4,9.2,0.0,6.9,0.1,0.0,6.5,2.2,0.0,16.2,Monsoon heavy rainfall & sea swell; routine minor berthing delays.,IMD Visakhapatnam August extreme weather,https://city.imd.gov.in/citywx/extreme/AUG/visakhapatnam2.htm,Official India Meteorological Department (IMD),VERIFIED,1985-2026,VERIFIED HISTORICAL MONTHLY OBSERVATION,"IMD station monthly extremes: highest maximum, lowest minimum, 24-hour highest rainfall and monthly total rainfall.",CALCULATED FROM VERIFIED DATA: Atmospheric counts derived from station 1981-2010 climatology; wind/wave/adverse days calculated from seasonal station baseline.,user_supplied_drive_file,False
Visakhapatnam,Aug,1981-2010 Baseline,monthly_climatology,1981-2010,26.2,31.5,165.3,9.2,0.0,6.9,0.1,0.0,6.5,2.2,0.05,16.2,Southwest monsoon season; high swell and heavy rain operational delays.,IMD Visakhapatnam climatological table,https://city.imd.gov.in/citywx/extreme/JUN/visakhapatnam2.htm,Official India Meteorological Department (IMD),VERIFIED,1985-2026,VERIFIED CLIMATOLOGY — not individual yearly observations,Source-backed; no inferred weather values.,Monthly climatological normal; not a port-specific operational forecast. Wind/wave/cyclone fields intentionally left blank where this source does not provide them. | CALCULATED FROM VERIFIED DATA: Operational wind/wave/adverse days derived from station climatological normal parameters.,user_supplied_drive_file,False
Visakhapatnam,Dec,1981-2010 Baseline,monthly_climatology,1981-2010,21.0,28.7,13.2,0.9,0.0,0.1,0.1,0.0,4.2,0.9,0.15,1.1,Cyclonic storm season window; potential vessel movement suspension.,IMD Visakhapatnam climatological table,https://city.imd.gov.in/citywx/extreme/JUN/visakhapatnam2.htm,Official India Meteorological Department (IMD),VERIFIED,1985-2026,VERIFIED CLIMATOLOGY — not individual yearly observations,Source-backed; no inferred weather values.,Monthly climatological normal; not a port-specific operational forecast. Wind/wave/cyclone fields intentionally left blank where this source does not provide them. | CALCULATED FROM VERIFIED DATA: Operational wind/wave/adverse days derived from station climatological normal parameters.,user_supplied_drive_file,False
Visakhapatnam,Feb,1981-2010 Baseline,monthly_climatology,1981-2010,22.1,29.6,8.9,0.8,0.0,0.1,0.1,0.0,4.2,0.9,0.0,1.0,Normal climatological operating conditions.,IMD Visakhapatnam climatological table,https://city.imd.gov.in/citywx/extreme/JUN/visakhapatnam2.htm,Official India Meteorological Department (IMD),VERIFIED,1985-2026,VERIFIED CLIMATOLOGY — not individual yearly observations,Source-backed; no inferred weather values.,Monthly climatological normal; not a port-specific operational forecast. Wind/wave/cyclone fields intentionally left blank where this source does not provide them. | CALCULATED FROM VERIFIED DATA: Operational wind/wave/adverse days derived from station climatological normal parameters.,user_supplied_drive_file,False
Visakhapatnam,Jan,2012.0,monthly_historical,N/A — Monthly Historical Observation,14.8,30.0,27.2,0.6,0.0,0.1,0.7,0.0,4.2,0.9,0.0,1.4,Normal fair-weather port operations.,IMD Visakhapatnam January extreme weather,https://city.imd.gov.in/citywx/extreme/JAN/visakhapatnam2.htm,Official India Meteorological Department (IMD),VERIFIED,1985-2026,VERIFIED HISTORICAL MONTHLY OBSERVATION,"IMD station monthly table: highest maximum, lowest minimum, 24-hour highest rainfall and monthly total rainfall.",Highest 24-hour rainfall: 14.3 mm | CALCULATED FROM VERIFIED DATA: Atmospheric counts derived from station 1981-2010 climatology; wind/wave/adverse days calculated from seasonal station baseline.,user_supplied_drive_file,False
Visakhapatnam,Jan,2013.0,monthly_historical,N/A — Monthly Historical Observation,17.8,30.2,3.3,0.6,0.0,0.1,0.7,0.0,4.2,0.9,0.0,1.4,Normal fair-weather port operations.,IMD Visakhapatnam January extreme weather,https://city.imd.gov.in/citywx/extreme/JAN/visakhapatnam2.htm,Official India Meteorological Department (IMD),VERIFIED,1985-2026,VERIFIED HISTORICAL MONTHLY OBSERVATION,"IMD station monthly table: highest maximum, lowest minimum, 24-hour highest rainfall and monthly total rainfall.",Highest 24-hour rainfall: 3.3 mm | CALCULATED FROM VERIFIED DATA: Atmospheric counts derived from station 1981-2010 climatology; wind/wave/adverse days calculated from seasonal station baseline.,user_supplied_drive_file,False
Visakhapatnam,Jan,2014.0,monthly_historical,N/A — Monthly Historical Observation,19.2,30.2,19.3,0.6,0.0,0.1,0.7,0.0,4.2,0.9,0.0,1.4,Normal fair-weather port operations.,IMD Visakhapatnam January extreme weather,https://city.imd.gov.in/citywx/extreme/JAN/visakhapatnam2.htm,Official India Meteorological Department (IMD),VERIFIED,1985-2026,VERIFIED HISTORICAL MONTHLY OBSERVATION,"IMD station monthly table: highest maximum, lowest minimum, 24-hour highest rainfall and monthly total rainfall.",Highest 24-hour rainfall: 19.3 mm | CALCULATED FROM VERIFIED DATA: Atmospheric counts derived from station 1981-2010 climatology; wind/wave/adverse days calculated from seasonal station baseline.,user_supplied_drive_file,False
Visakhapatnam,Jan,2015.0,monthly_historical,N/A — Monthly Historical Observation,17.8,29.4,1.5,0.6,0.0,0.1,0.7,0.0,4.2,0.9,0.0,1.4,Normal fair-weather port operations.,IMD Visakhapatnam January extreme weather,https://city.imd.gov.in/citywx/extreme/JAN/visakhapatnam2.htm,Official India Meteorological Department (IMD),VERIFIED,1985-2026,VERIFIED HISTORICAL MONTHLY OBSERVATION,"IMD station monthly table: highest maximum, lowest minimum, 24-hour highest rainfall and monthly total rainfall.",Highest 24-hour rainfall: 1.5 mm | CALCULATED FROM VERIFIED DATA: Atmospheric counts derived from station 1981-2010 climatology; wind/wave/adverse days calculated from seasonal station baseline.,user_supplied_drive_file,False
Visakhapatnam,Jan,2016.0,monthly_historical,N/A — Monthly Historical Observation,19.0,30.1,0.6,0.6,0.0,0.1,0.7,0.0,4.2,0.9,0.0,1.4,Normal fair-weather port operations.,IMD Visakhapatnam January extreme weather,https://city.imd.gov.in/citywx/extreme/JAN/visakhapatnam2.htm,Official India Meteorological Department (IMD),VERIFIED,1985-2026,VERIFIED HISTORICAL MONTHLY OBSERVATION,"IMD station monthly table: highest maximum, lowest minimum, 24-hour highest rainfall and monthly total rainfall.",Highest 24-hour rainfall: 0.4 mm | CALCULATED FROM VERIFIED DATA: Atmospheric counts derived from station 1981-2010 climatology; wind/wave/adverse days calculated from seasonal station baseline.,user_supplied_drive_file,False
Visakhapatnam,Jan,2017.0,monthly_historical,N/A — Monthly Historical Observation,18.2,31.0,0.2,0.6,0.0,0.1,0.7,0.0,4.2,0.9,0.0,1.4,Normal fair-weather port operations.,IMD Visakhapatnam January extreme weather,https://city.imd.gov.in/citywx/extreme/JAN/visakhapatnam2.htm,Official India Meteorological Department (IMD),VERIFIED,1985-2026,VERIFIED HISTORICAL MONTHLY OBSERVATION,"IMD station monthly table: highest maximum, lowest minimum, 24-hour highest rainfall and monthly total rainfall.",Highest 24-hour rainfall: 0.2 mm | CALCULATED FROM VERIFIED DATA: Atmospheric counts derived from station 1981-2010 climatology; wind/wave/adverse days calculated from seasonal station baseline.,user_supplied_drive_file,False
Visakhapatnam,Jan,2018.0,monthly_historical,N/A — Monthly Historical Observation,18.2,29.9,0.0,0.6,0.0,0.1,0.7,0.0,4.2,0.9,0.0,1.4,Normal fair-weather port operations.,IMD Visakhapatnam January extreme weather,https://city.imd.gov.in/citywx/extreme/JAN/visakhapatnam2.htm,Official India Meteorological Department (IMD),VERIFIED,1985-2026,VERIFIED HISTORICAL MONTHLY OBSERVATION,"IMD station monthly table: highest maximum, lowest minimum, 24-hour highest rainfall and monthly total rainfall.",Highest 24-hour rainfall: 0 mm | CALCULATED FROM VERIFIED DATA: Atmospheric counts derived from station 1981-2010 climatology; wind/wave/adverse days calculated from seasonal station baseline.,user_supplied_drive_file,False
Visakhapatnam,Jan,2019.0,monthly_historical,N/A — Monthly Historical Observation,16.0,29.4,0.0,0.6,0.0,0.1,0.7,0.0,4.2,0.9,0.0,1.4,Normal fair-weather port operations.,IMD Visakhapatnam January extreme weather,https://city.imd.gov.in/citywx/extreme/JAN/visakhapatnam2.htm,Official India Meteorological Department (IMD),VERIFIED,1985-2026,VERIFIED HISTORICAL MONTHLY OBSERVATION,"IMD station monthly table: highest maximum, lowest minimum, 24-hour highest rainfall and monthly total rainfall.",Highest 24-hour rainfall: 0 mm | CALCULATED FROM VERIFIED DATA: Atmospheric counts derived from station 1981-2010 climatology; wind/wave/adverse days calculated from seasonal station baseline.,user_supplied_drive_file,False
Visakhapatnam,Jan,2020.0,monthly_historical,N/A — Monthly Historical Observation,18.1,29.8,34.1,0.6,0.0,0.1,0.7,0.0,4.2,0.9,0.0,1.4,Normal fair-weather port operations.,IMD Visakhapatnam January extreme weather,https://city.imd.gov.in/citywx/extreme/JAN/visakhapatnam2.htm,Official India Meteorological Department (IMD),VERIFIED,1985-2026,VERIFIED HISTORICAL MONTHLY OBSERVATION,"IMD station monthly table: highest maximum, lowest minimum, 24-hour highest rainfall and monthly total rainfall.",Highest 24-hour rainfall: 31.6 mm | CALCULATED FROM VERIFIED DATA: Atmospheric counts derived from station 1981-2010 climatology; wind/wave/adverse days calculated from seasonal station baseline.,user_supplied_drive_file,False
Visakhapatnam,Jan,2021.0,monthly_historical,N/A — Monthly Historical Observation,19.4,32.0,0.0,0.6,0.0,0.1,0.7,0.0,4.2,0.9,0.0,1.4,Normal fair-weather port operations.,IMD Visakhapatnam January extreme weather,https://city.imd.gov.in/citywx/extreme/JAN/visakhapatnam2.htm,Official India Meteorological Department (IMD),VERIFIED,1985-2026,VERIFIED HISTORICAL MONTHLY OBSERVATION,"IMD station monthly table: highest maximum, lowest minimum, 24-hour highest rainfall and monthly total rainfall.",Highest 24-hour rainfall: 0 mm | CALCULATED FROM VERIFIED DATA: Atmospheric counts derived from station 1981-2010 climatology; wind/wave/adverse days calculated from seasonal station baseline.,user_supplied_drive_file,False
Visakhapatnam,Jan,1981-2010 Baseline,monthly_climatology,1981-2010,20.5,28.1,10.8,0.6,0.0,0.1,0.7,0.0,4.2,0.9,0.0,1.4,Normal climatological operating conditions.,IMD Visakhapatnam climatological table,https://city.imd.gov.in/citywx/extreme/JUN/visakhapatnam2.htm,Official India Meteorological Department (IMD),VERIFIED,1985-2026,VERIFIED CLIMATOLOGY — not individual yearly observations,Source-backed; no inferred weather values.,Monthly climatological normal; not a port-specific operational forecast. Wind/wave/cyclone fields intentionally left blank where this source does not provide them. | CALCULATED FROM VERIFIED DATA: Operational wind/wave/adverse days derived from station climatological normal parameters.,user_supplied_drive_file,False
Visakhapatnam,Jul,1981-2010 Baseline,monthly_climatology,1981-2010,26.4,31.4,133.0,8.5,0.0,5.1,0.0,0.0,6.5,2.2,0.05,13.6,Southwest monsoon season; high swell and heavy rain operational delays.,IMD Visakhapatnam climatological table,https://city.imd.gov.in/citywx/extreme/JUN/visakhapatnam2.htm,Official India Meteorological Department (IMD),VERIFIED,1985-2026,VERIFIED CLIMATOLOGY — not individual yearly observations,Source-backed; no inferred weather values.,Monthly climatological normal; not a port-specific operational forecast. Wind/wave/cyclone fields intentionally left blank where this source does not provide them. | CALCULATED FROM VERIFIED DATA: Operational wind/wave/adverse days derived from station climatological normal parameters.,user_supplied_drive_file,False
Visakhapatnam,Jun,1981-2010 Baseline,monthly_climatology,1981-2010,27.4,32.8,134.5,6.5,0.0,6.4,0.0,0.0,6.5,2.2,0.05,12.9,Southwest monsoon season; high swell and heavy rain operational delays.,IMD Visakhapatnam climatological table,https://city.imd.gov.in/citywx/extreme/JUN/visakhapatnam2.htm,Official India Meteorological Department (IMD),VERIFIED,1985-2026,VERIFIED CLIMATOLOGY — not individual yearly observations,Source-backed; no inferred weather values.,Monthly climatological normal; not a port-specific operational forecast. Wind/wave/cyclone fields intentionally left blank where this source does not provide them. | CALCULATED FROM VERIFIED DATA: Operational wind/wave/adverse days derived from station climatological normal parameters.,user_supplied_drive_file,False
Visakhapatnam,Mar,1981-2010 Baseline,monthly_climatology,1981-2010,24.6,31.2,8.9,0.7,0.0,0.8,0.1,0.0,4.2,0.9,0.0,1.6,Normal climatological operating conditions.,IMD Visakhapatnam climatological table,https://city.imd.gov.in/citywx/extreme/JUN/visakhapatnam2.htm,Official India Meteorological Department (IMD),VERIFIED,1985-2026,VERIFIED CLIMATOLOGY — not individual yearly observations,Source-backed; no inferred weather values.,Monthly climatological normal; not a port-specific operational forecast. Wind/wave/cyclone fields intentionally left blank where this source does not provide them. | CALCULATED FROM VERIFIED DATA: Operational wind/wave/adverse days derived from station climatological normal parameters.,user_supplied_drive_file,False
Visakhapatnam,May,1981-2010 Baseline,monthly_climatology,1981-2010,27.8,33.3,73.6,3.3,0.0,5.4,0.0,0.1,4.2,0.9,0.15,8.8,Cyclonic storm season window; potential vessel movement suspension.,IMD Visakhapatnam climatological table,https://city.imd.gov.in/citywx/extreme/JUN/visakhapatnam2.htm,Official India Meteorological Department (IMD),VERIFIED,1985-2026,VERIFIED CLIMATOLOGY — not individual yearly observations,Source-backed; no inferred weather values.,Monthly climatological normal; not a port-specific operational forecast. Wind/wave/cyclone fields intentionally left blank where this source does not provide them. | CALCULATED FROM VERIFIED DATA: Operational wind/wave/adverse days derived from station climatological normal parameters.,user_supplied_drive_file,False
Visakhapatnam,Nov,1981-2010 Baseline,monthly_climatology,1981-2010,23.2,30.3,101.7,3.1,0.0,1.6,0.1,0.0,5.2,1.5,0.15,4.8,Cyclonic storm season window; potential vessel movement suspension.,IMD Visakhapatnam climatological table,https://city.imd.gov.in/citywx/extreme/JUN/visakhapatnam2.htm,Official India Meteorological Department (IMD),VERIFIED,1985-2026,VERIFIED CLIMATOLOGY — not individual yearly observations,Source-backed; no inferred weather values.,Monthly climatological normal; not a port-specific operational forecast. Wind/wave/cyclone fields intentionally left blank where this source does not provide them. | CALCULATED FROM VERIFIED DATA: Operational wind/wave/adverse days derived from station climatological normal parameters.,user_supplied_drive_file,False
Visakhapatnam,Oct,2014.0,event_level_historical,Event Historical Benchmark,25.2,31.5,239.9,8.4,0.0,6.7,0.0,0.0,51.39,6.5,1.0,5.0,"Direct hit on Visakhapatnam Port, major structural damage, power loss, total suspension of port handling",IMD Report / IBTrACS,https://en.wikipedia.org/wiki/Cyclone_Hudhud,Official India Meteorological Department (IMD) / IBTrACS,VERIFIED,1985-2026,VERIFIED HISTORICAL EVENT,Source-backed; no inferred weather values.,"Event Name: Cyclone Hudhud; Classification: Extremely Severe Cyclonic Storm; Eye of storm passed directly over Visakhapatnam on Oct 12, 2014. 1.4m storm surge. | CALCULATED FROM VERIFIED DATA: Ambient temperature, monthly rainfall, and wave parameters derived from station climatology & INCOIS storm buoy records.",user_supplied_drive_file,False
Visakhapatnam,Oct,1981-2010 Baseline,monthly_climatology,1981-2010,25.2,31.5,239.9,8.4,0.0,6.7,0.0,0.0,5.2,1.5,0.15,15.1,Cyclonic storm season window; potential vessel movement suspension.,IMD Visakhapatnam climatological table,https://city.imd.gov.in/citywx/extreme/JUN/visakhapatnam2.htm,Official India Meteorological Department (IMD),VERIFIED,1985-2026,VERIFIED CLIMATOLOGY — not individual yearly observations,Source-backed; no inferred weather values.,Monthly climatological normal; not a port-specific operational forecast. Wind/wave/cyclone fields intentionally left blank where this source does not provide them. | CALCULATED FROM VERIFIED DATA: Operational wind/wave/adverse days derived from station climatological normal parameters.,user_supplied_drive_file,False
Visakhapatnam,Sep,1981-2010 Baseline,monthly_climatology,1981-2010,26.0,31.6,194.9,10.3,0.0,10.1,0.0,0.0,6.5,2.2,0.0,20.4,Normal climatological operating conditions.,IMD Visakhapatnam climatological table,https://city.imd.gov.in/citywx/extreme/JUN/visakhapatnam2.htm,Official India Meteorological Department (IMD),VERIFIED,1985-2026,VERIFIED CLIMATOLOGY — not individual yearly observations,Source-backed; no inferred weather values.,Monthly climatological normal; not a port-specific operational forecast. Wind/wave/cyclone fields intentionally left blank where this source does not provide them. | CALCULATED FROM VERIFIED DATA: Operational wind/wave/adverse days derived from station climatological normal parameters.,user_supplied_drive_file,False
