date,route_id,vessel_class,cargo_type,actual,naive_prediction,xgboost_prediction
2025-08-24,R004,Capesize,Coking Coal,28.593,27.821,27.762367
2025-08-24,R008,Capesize,Coking Coal,43.328,40.401,41.798733
2025-08-24,R005,Panamax,Thermal Coal,22.518,24.243,20.134499
2025-08-24,R006,Panamax,Coking Coal,22.725,25.061,25.438728
2025-08-24,R001,Capesize,Coking Coal,27.372,27.603,27.410208
2025-08-24,R007,Supramax,Coking Coal,24.596,23.781,23.56757
2025-08-24,R003,Kamsarmax,Coking Coal,25.419,29.017,26.107195
2025-08-24,R002,Panamax,Coking Coal,27.075,27.351,25.681896
2025-08-25,R005,Panamax,Thermal Coal,24.346,22.846,20.78297
2025-08-25,R006,Panamax,Coking Coal,30.051,26.176,25.241198
2025-08-25,R007,Supramax,Coking Coal,22.572,22.695,23.155897
2025-08-25,R008,Capesize,Coking Coal,42.945,45.737,41.733265
2025-08-25,R004,Capesize,Coking Coal,28.426,27.396,27.748697
2025-08-25,R002,Panamax,Coking Coal,27.465,27.049,24.947258
2025-08-25,R001,Capesize,Coking Coal,29.23,29.478,27.453892
2025-08-25,R003,Kamsarmax,Coking Coal,26.378,28.745,25.730701
2025-08-26,R003,Kamsarmax,Coking Coal,27.121,26.609,26.690632
2025-08-26,R008,Capesize,Coking Coal,41.782,41.816,42.483517
2025-08-26,R007,Supramax,Coking Coal,24.444,24.219,23.543137
2025-08-26,R005,Panamax,Thermal Coal,21.289,23.108,21.181047
2025-08-26,R001,Capesize,Coking Coal,26.938,28.913,27.915348
2025-08-26,R006,Panamax,Coking Coal,26.058,26.246,24.657341
2025-08-26,R002,Panamax,Coking Coal,26.698,23.965,25.734587
2025-08-26,R004,Capesize,Coking Coal,29.03,27.911,27.824512
2025-08-27,R008,Capesize,Coking Coal,41.607,41.189,41.65535
2025-08-27,R006,Panamax,Coking Coal,26.026,25.407,25.284594
2025-08-27,R001,Capesize,Coking Coal,27.162,27.682,27.562737
2025-08-27,R007,Supramax,Coking Coal,23.938,25.004,23.61735
2025-08-27,R002,Panamax,Coking Coal,26.415,27.147,25.45692
2025-08-27,R003,Kamsarmax,Coking Coal,26.312,25.871,26.412485
2025-08-27,R004,Capesize,Coking Coal,28.953,28.589,27.499191
2025-08-27,R005,Panamax,Thermal Coal,21.772,22.027,21.533995
2025-08-28,R008,Capesize,Coking Coal,44.175,40.753,42.19259
2025-08-28,R007,Supramax,Coking Coal,22.638,23.49,23.504637
2025-08-28,R003,Kamsarmax,Coking Coal,28.836,26.264,25.871021
2025-08-28,R004,Capesize,Coking Coal,30.762,28.281,27.480783
2025-08-28,R005,Panamax,Thermal Coal,21.971,25.256,21.420547
2025-08-28,R006,Panamax,Coking Coal,27.668,26.914,25.036745
2025-08-28,R002,Panamax,Coking Coal,26.326,29.571,25.192059
2025-08-28,R001,Capesize,Coking Coal,29.818,30.159,28.087172
2025-08-29,R007,Supramax,Coking Coal,23.212,22.536,23.224709
2025-08-29,R003,Kamsarmax,Coking Coal,27.677,28.361,26.635218
2025-08-29,R006,Panamax,Coking Coal,25.25,26.129,25.322311
2025-08-29,R005,Panamax,Thermal Coal,21.395,19.592,21.417442
2025-08-29,R002,Panamax,Coking Coal,24.854,25.806,25.918451
2025-08-29,R001,Capesize,Coking Coal,28.302,28.813,27.80411
2025-08-29,R004,Capesize,Coking Coal,27.85,30.059,27.893265
2025-08-29,R008,Capesize,Coking Coal,42.646,41.139,41.01431
2025-08-30,R003,Kamsarmax,Coking Coal,28.308,28.514,26.436861
2025-08-30,R007,Supramax,Coking Coal,21.625,22.575,23.747704
2025-08-30,R004,Capesize,Coking Coal,28.491,28.2,27.783163
2025-08-30,R002,Panamax,Coking Coal,25.033,28.419,25.253376
2025-08-30,R001,Capesize,Coking Coal,30.973,27.918,27.760885
2025-08-30,R008,Capesize,Coking Coal,43.986,41.499,41.975925
2025-08-30,R006,Panamax,Coking Coal,25.861,24.889,24.898722
2025-08-30,R005,Panamax,Thermal Coal,23.435,19.12,21.571651
2025-08-31,R006,Panamax,Coking Coal,26.403,24.63,25.161236
2025-08-31,R007,Supramax,Coking Coal,22.208,22.73,23.129175
2025-08-31,R004,Capesize,Coking Coal,28.65,30.521,27.73589
2025-08-31,R008,Capesize,Coking Coal,42.152,39.174,41.697113
2025-08-31,R002,Panamax,Coking Coal,22.745,27.039,25.791134
2025-08-31,R003,Kamsarmax,Coking Coal,30.482,25.926,26.993643
2025-08-31,R001,Capesize,Coking Coal,26.962,30.418,27.99552
2025-08-31,R005,Panamax,Thermal Coal,22.333,22.146,21.362442
2025-09-01,R002,Panamax,Coking Coal,24.532,29.887,25.852497
2025-09-01,R003,Kamsarmax,Coking Coal,24.684,28.553,26.594824
2025-09-01,R001,Capesize,Coking Coal,27.099,26.744,28.249094
2025-09-01,R005,Panamax,Thermal Coal,23.303,23.759,21.410646
2025-09-01,R008,Capesize,Coking Coal,42.634,42.392,42.16061
2025-09-01,R004,Capesize,Coking Coal,28.639,26.093,27.375648
2025-09-01,R007,Supramax,Coking Coal,21.939,25.752,22.878706
2025-09-01,R006,Panamax,Coking Coal,24.841,26.195,25.194447
2025-09-02,R007,Supramax,Coking Coal,24.052,25.753,23.296322
2025-09-02,R006,Panamax,Coking Coal,25.074,26.588,25.626621
2025-09-02,R005,Panamax,Thermal Coal,21.451,22.785,21.451317
2025-09-02,R001,Capesize,Coking Coal,28.146,27.582,28.006979
2025-09-02,R004,Capesize,Coking Coal,28.472,27.384,28.262419
2025-09-02,R008,Capesize,Coking Coal,41.092,42.557,41.973785
2025-09-02,R002,Panamax,Coking Coal,26.756,26.444,26.36851
2025-09-02,R003,Kamsarmax,Coking Coal,26.644,26.989,27.250784
2025-09-03,R003,Kamsarmax,Coking Coal,27.009,29.463,26.735983
2025-09-03,R005,Panamax,Thermal Coal,22.765,23.787,21.582624
2025-09-03,R006,Panamax,Coking Coal,23.366,24.826,24.984425
2025-09-03,R004,Capesize,Coking Coal,28.557,27.837,27.13254
2025-09-03,R001,Capesize,Coking Coal,29.085,29.845,27.675446
2025-09-03,R007,Supramax,Coking Coal,22.727,21.64,23.900105
2025-09-03,R002,Panamax,Coking Coal,25.588,25.191,26.021315
2025-09-03,R008,Capesize,Coking Coal,43.283,44.104,41.658493
2025-09-04,R006,Panamax,Coking Coal,23.848,26.905,25.484955
2025-09-04,R001,Capesize,Coking Coal,26.366,27.717,27.96823
2025-09-04,R004,Capesize,Coking Coal,27.416,29.132,27.429842
2025-09-04,R003,Kamsarmax,Coking Coal,27.463,27.239,26.576097
2025-09-04,R007,Supramax,Coking Coal,25.552,21.299,23.160511
2025-09-04,R008,Capesize,Coking Coal,40.413,43.994,42.05952
2025-09-04,R005,Panamax,Thermal Coal,21.519,19.285,21.795898
2025-09-04,R002,Panamax,Coking Coal,25.445,25.898,26.46249
2025-09-05,R003,Kamsarmax,Coking Coal,28.253,27.446,26.852564
2025-09-05,R001,Capesize,Coking Coal,29.682,29.137,27.760101
2025-09-05,R008,Capesize,Coking Coal,43.115,40.663,42.202568
2025-09-05,R005,Panamax,Thermal Coal,21.325,19.133,21.229195
2025-09-05,R002,Panamax,Coking Coal,25.212,25.186,26.250053
2025-09-05,R004,Capesize,Coking Coal,30.313,28.274,27.735207
2025-09-05,R007,Supramax,Coking Coal,21.482,24.401,23.179806
2025-09-05,R006,Panamax,Coking Coal,22.849,25.424,25.4162
2025-09-06,R002,Panamax,Coking Coal,27.784,26.699,25.401823
2025-09-06,R008,Capesize,Coking Coal,46.779,41.944,42.11256
2025-09-06,R007,Supramax,Coking Coal,24.864,24.487,23.672138
2025-09-06,R003,Kamsarmax,Coking Coal,28.075,27.829,26.51692
2025-09-06,R005,Panamax,Thermal Coal,19.973,22.174,21.772776
2025-09-06,R001,Capesize,Coking Coal,27.134,27.807,28.201601
2025-09-06,R006,Panamax,Coking Coal,26.697,24.73,25.283173
2025-09-06,R004,Capesize,Coking Coal,28.973,29.534,27.697712
2025-09-07,R006,Panamax,Coking Coal,24.01,22.725,25.430126
2025-09-07,R001,Capesize,Coking Coal,29.129,27.372,27.82279
2025-09-07,R003,Kamsarmax,Coking Coal,28.164,25.419,27.24452
2025-09-07,R005,Panamax,Thermal Coal,23.972,22.518,21.58126
2025-09-07,R008,Capesize,Coking Coal,42.296,43.328,40.533493
2025-09-07,R004,Capesize,Coking Coal,30.625,28.593,27.411064
2025-09-07,R002,Panamax,Coking Coal,24.645,27.075,26.004822
2025-09-07,R007,Supramax,Coking Coal,23.777,24.596,23.898151
2025-09-08,R003,Kamsarmax,Coking Coal,24.658,26.378,26.670671
2025-09-08,R005,Panamax,Thermal Coal,21.044,24.346,21.420574
2025-09-08,R007,Supramax,Coking Coal,24.224,22.572,23.685074
2025-09-08,R004,Capesize,Coking Coal,29.051,28.426,28.0709
2025-09-08,R008,Capesize,Coking Coal,44.296,42.945,42.075817
2025-09-08,R001,Capesize,Coking Coal,26.944,29.23,28.085442
2025-09-08,R006,Panamax,Coking Coal,25.037,30.051,25.179115
2025-09-08,R002,Panamax,Coking Coal,23.966,27.465,25.748032
2025-09-09,R005,Panamax,Thermal Coal,22.579,21.289,21.522453
2025-09-09,R008,Capesize,Coking Coal,42.899,41.782,41.477898
2025-09-09,R007,Supramax,Coking Coal,25.323,24.444,23.097355
2025-09-09,R002,Panamax,Coking Coal,25.675,26.698,25.894356
2025-09-09,R001,Capesize,Coking Coal,29.174,26.938,27.714386
2025-09-09,R003,Kamsarmax,Coking Coal,25.149,27.121,26.32486
2025-09-09,R006,Panamax,Coking Coal,24.901,26.058,25.548317
2025-09-09,R004,Capesize,Coking Coal,29.939,29.03,27.049944
2025-09-10,R002,Panamax,Coking Coal,28.495,26.415,25.847435
2025-09-10,R003,Kamsarmax,Coking Coal,26.368,26.312,26.042719
2025-09-10,R001,Capesize,Coking Coal,27.612,27.162,27.6688
2025-09-10,R006,Panamax,Coking Coal,25.243,26.026,25.192862
2025-09-10,R007,Supramax,Coking Coal,23.693,23.938,23.851973
2025-09-10,R008,Capesize,Coking Coal,44.609,41.607,41.670483
2025-09-10,R005,Panamax,Thermal Coal,21.627,21.772,21.608929
2025-09-10,R004,Capesize,Coking Coal,29.704,28.953,27.170795
2025-09-11,R008,Capesize,Coking Coal,42.678,44.175,42.166462
2025-09-11,R001,Capesize,Coking Coal,28.767,29.818,27.745947
2025-09-11,R005,Panamax,Thermal Coal,23.707,21.971,21.050621
2025-09-11,R003,Kamsarmax,Coking Coal,27.822,28.836,26.734003
2025-09-11,R007,Supramax,Coking Coal,24.119,22.638,23.48678
2025-09-11,R006,Panamax,Coking Coal,24.856,27.668,25.4159
2025-09-11,R002,Panamax,Coking Coal,27.193,26.326,26.229425
2025-09-11,R004,Capesize,Coking Coal,28.445,30.762,27.792694
2025-09-12,R003,Kamsarmax,Coking Coal,26.103,27.677,26.217422
2025-09-12,R004,Capesize,Coking Coal,28.514,27.85,28.282848
2025-09-12,R001,Capesize,Coking Coal,27.904,28.302,27.982126
2025-09-12,R008,Capesize,Coking Coal,42.986,42.646,41.46814
2025-09-12,R006,Panamax,Coking Coal,25.073,25.25,25.456493
2025-09-12,R007,Supramax,Coking Coal,23.731,23.212,23.097956
2025-09-12,R005,Panamax,Thermal Coal,21.571,21.395,21.248974
2025-09-12,R002,Panamax,Coking Coal,26.589,24.854,25.495405
2025-09-13,R005,Panamax,Thermal Coal,19.491,23.435,22.24727
2025-09-13,R008,Capesize,Coking Coal,41.739,43.986,42.183308
2025-09-13,R001,Capesize,Coking Coal,28.616,30.973,28.053959
2025-09-13,R004,Capesize,Coking Coal,25.615,28.491,28.582497
2025-09-13,R006,Panamax,Coking Coal,21.784,25.861,25.239819
2025-09-13,R003,Kamsarmax,Coking Coal,28.028,28.308,27.217003
2025-09-13,R007,Supramax,Coking Coal,22.147,21.625,23.421331
2025-09-13,R002,Panamax,Coking Coal,25.503,25.033,26.299292
2025-09-14,R001,Capesize,Coking Coal,27.751,26.962,28.036839
2025-09-14,R006,Panamax,Coking Coal,25.262,26.403,25.559904
2025-09-14,R008,Capesize,Coking Coal,42.38,42.152,42.193924
2025-09-14,R002,Panamax,Coking Coal,27.365,22.745,26.06313
2025-09-14,R003,Kamsarmax,Coking Coal,27.783,30.482,26.718473
2025-09-14,R004,Capesize,Coking Coal,28.059,28.65,27.986874
2025-09-14,R007,Supramax,Coking Coal,21.633,22.208,23.426737
2025-09-14,R005,Panamax,Thermal Coal,20.196,22.333,21.542704
2025-09-15,R004,Capesize,Coking Coal,29.223,28.639,27.610928
2025-09-15,R002,Panamax,Coking Coal,25.154,24.532,25.905313
2025-09-15,R008,Capesize,Coking Coal,38.339,42.634,42.18175
2025-09-15,R003,Kamsarmax,Coking Coal,23.47,24.684,26.415024
2025-09-15,R006,Panamax,Coking Coal,22.135,24.841,24.67251
2025-09-15,R005,Panamax,Thermal Coal,19.763,23.303,21.518232
2025-09-15,R001,Capesize,Coking Coal,26.921,27.099,27.705664
2025-09-15,R007,Supramax,Coking Coal,23.424,21.939,23.120615
2025-09-16,R003,Kamsarmax,Coking Coal,24.028,26.644,26.779062
2025-09-16,R004,Capesize,Coking Coal,29.52,28.472,27.764462
2025-09-16,R002,Panamax,Coking Coal,25.054,26.756,25.937952
2025-09-16,R006,Panamax,Coking Coal,26.589,25.074,25.518263
2025-09-16,R005,Panamax,Thermal Coal,20.698,21.451,21.188684
2025-09-16,R001,Capesize,Coking Coal,26.771,28.146,27.964722
2025-09-16,R007,Supramax,Coking Coal,22.073,24.052,22.368805
2025-09-16,R008,Capesize,Coking Coal,40.036,41.092,41.926876
2025-09-17,R002,Panamax,Coking Coal,24.514,25.588,26.428404
2025-09-17,R006,Panamax,Coking Coal,23.775,23.366,25.500622
2025-09-17,R001,Capesize,Coking Coal,26.621,29.085,27.658392
2025-09-17,R008,Capesize,Coking Coal,42.46,43.283,41.470406
2025-09-17,R005,Panamax,Thermal Coal,18.508,22.765,21.461767
2025-09-17,R003,Kamsarmax,Coking Coal,25.819,27.009,26.381014
2025-09-17,R004,Capesize,Coking Coal,28.813,28.557,28.023771
2025-09-17,R007,Supramax,Coking Coal,22.609,22.727,22.435854
2025-09-18,R004,Capesize,Coking Coal,26.366,27.416,27.50292
2025-09-18,R003,Kamsarmax,Coking Coal,26.799,27.463,26.356365
2025-09-18,R006,Panamax,Coking Coal,24.151,23.848,24.93728
2025-09-18,R005,Panamax,Thermal Coal,20.093,21.519,21.274765
2025-09-18,R002,Panamax,Coking Coal,24.992,25.445,26.028444
2025-09-18,R001,Capesize,Coking Coal,25.803,26.366,27.832788
2025-09-18,R008,Capesize,Coking Coal,39.98,40.413,41.965763
2025-09-18,R007,Supramax,Coking Coal,21.445,25.552,22.126398
2025-09-19,R003,Kamsarmax,Coking Coal,28.131,28.253,26.69474
2025-09-19,R001,Capesize,Coking Coal,27.389,29.682,27.794647
2025-09-19,R005,Panamax,Thermal Coal,20.29,21.325,21.41979
2025-09-19,R008,Capesize,Coking Coal,41.61,43.115,41.873486
2025-09-19,R002,Panamax,Coking Coal,24.11,25.212,25.840233
2025-09-19,R004,Capesize,Coking Coal,28.976,30.313,27.202198
2025-09-19,R006,Panamax,Coking Coal,23.614,22.849,25.35156
2025-09-19,R007,Supramax,Coking Coal,22.002,21.482,23.323475
2025-09-20,R007,Supramax,Coking Coal,24.705,24.864,22.656046
2025-09-20,R005,Panamax,Thermal Coal,21.267,19.973,21.693539
2025-09-20,R002,Panamax,Coking Coal,25.103,27.784,25.61675
2025-09-20,R001,Capesize,Coking Coal,29.375,27.134,28.314245
2025-09-20,R003,Kamsarmax,Coking Coal,26.626,28.075,26.984198
2025-09-20,R008,Capesize,Coking Coal,42.301,46.779,42.442005
2025-09-20,R004,Capesize,Coking Coal,29.228,28.973,28.258614
2025-09-20,R006,Panamax,Coking Coal,27.155,26.697,24.624004
2025-09-21,R005,Panamax,Thermal Coal,19.818,23.972,21.627018
2025-09-21,R007,Supramax,Coking Coal,21.914,23.777,23.389145
2025-09-21,R003,Kamsarmax,Coking Coal,26.235,28.164,26.951294
2025-09-21,R006,Panamax,Coking Coal,23.867,24.01,25.096163
2025-09-21,R001,Capesize,Coking Coal,25.03,29.129,27.727985
2025-09-21,R002,Panamax,Coking Coal,23.937,24.645,25.68683
2025-09-21,R008,Capesize,Coking Coal,40.379,42.296,41.980915
2025-09-21,R004,Capesize,Coking Coal,28.607,30.625,28.073076
2025-09-22,R006,Panamax,Coking Coal,23.737,25.037,24.702105
2025-09-22,R007,Supramax,Coking Coal,20.42,24.224,22.454136
2025-09-22,R008,Capesize,Coking Coal,42.359,44.296,42.83531
2025-09-22,R004,Capesize,Coking Coal,31.783,29.051,28.12168
2025-09-22,R001,Capesize,Coking Coal,30.468,26.944,27.991184
2025-09-22,R002,Panamax,Coking Coal,23.634,23.966,25.665539
2025-09-22,R005,Panamax,Thermal Coal,19.015,21.044,21.361803
2025-09-22,R003,Kamsarmax,Coking Coal,24.636,24.658,26.778332
2025-09-23,R006,Panamax,Coking Coal,25.948,24.901,24.785234
2025-09-23,R002,Panamax,Coking Coal,24.961,25.675,25.358631
2025-09-23,R007,Supramax,Coking Coal,22.624,25.323,23.339834
2025-09-23,R004,Capesize,Coking Coal,31.834,29.939,28.158186
2025-09-23,R005,Panamax,Thermal Coal,19.235,22.579,21.392557
2025-09-23,R008,Capesize,Coking Coal,43.734,42.899,42.539074
2025-09-23,R001,Capesize,Coking Coal,29.649,29.174,27.839733
2025-09-23,R003,Kamsarmax,Coking Coal,26.264,25.149,26.48987
2025-09-24,R003,Kamsarmax,Coking Coal,25.677,26.368,26.607832
2025-09-24,R008,Capesize,Coking Coal,42.335,44.609,42.65358
2025-09-24,R002,Panamax,Coking Coal,27.295,28.495,25.56584
2025-09-24,R007,Supramax,Coking Coal,22.601,23.693,23.609264
2025-09-24,R006,Panamax,Coking Coal,25.483,25.243,24.647415
2025-09-24,R005,Panamax,Thermal Coal,20.654,21.627,21.27534
2025-09-24,R001,Capesize,Coking Coal,27.675,27.612,27.976576
2025-09-24,R004,Capesize,Coking Coal,28.506,29.704,27.979525
2025-09-25,R007,Supramax,Coking Coal,23.742,24.119,23.561638
2025-09-25,R003,Kamsarmax,Coking Coal,27.906,27.822,26.706871
2025-09-25,R005,Panamax,Thermal Coal,19.337,23.707,21.157022
2025-09-25,R001,Capesize,Coking Coal,27.632,28.767,28.000805
2025-09-25,R006,Panamax,Coking Coal,22.986,24.856,24.55464
2025-09-25,R008,Capesize,Coking Coal,44.115,42.678,42.00209
2025-09-25,R004,Capesize,Coking Coal,27.578,28.445,28.483747
2025-09-25,R002,Panamax,Coking Coal,25.642,27.193,25.815613
2025-09-26,R007,Supramax,Coking Coal,23.518,23.731,23.02518
2025-09-26,R008,Capesize,Coking Coal,40.855,42.986,42.63523
2025-09-26,R003,Kamsarmax,Coking Coal,25.582,26.103,26.773148
2025-09-26,R005,Panamax,Thermal Coal,21.799,21.571,21.396273
2025-09-26,R004,Capesize,Coking Coal,27.67,28.514,27.836464
2025-09-26,R002,Panamax,Coking Coal,29.036,26.589,25.16641
2025-09-26,R006,Panamax,Coking Coal,26.57,25.073,24.232983
2025-09-26,R001,Capesize,Coking Coal,30.37,27.904,28.27284
2025-09-27,R005,Panamax,Thermal Coal,22.765,19.491,21.038092
2025-09-27,R006,Panamax,Coking Coal,25.294,21.784,24.568554
2025-09-27,R001,Capesize,Coking Coal,27.199,28.616,27.454058
2025-09-27,R002,Panamax,Coking Coal,28.279,25.503,25.369095
2025-09-27,R004,Capesize,Coking Coal,30.66,25.615,27.722458
2025-09-27,R007,Supramax,Coking Coal,22.977,22.147,23.473679
2025-09-27,R003,Kamsarmax,Coking Coal,28.611,28.028,26.591131
2025-09-27,R008,Capesize,Coking Coal,43.178,41.739,42.02363
2025-09-28,R005,Panamax,Thermal Coal,19.377,20.196,21.603577
2025-09-28,R006,Panamax,Coking Coal,22.851,25.262,24.055239
2025-09-28,R004,Capesize,Coking Coal,28.056,28.059,27.522562
2025-09-28,R001,Capesize,Coking Coal,28.901,27.751,27.618105
2025-09-28,R003,Kamsarmax,Coking Coal,27.422,27.783,25.869448
2025-09-28,R002,Panamax,Coking Coal,25.634,27.365,25.711487
2025-09-28,R008,Capesize,Coking Coal,43.989,42.38,42.534313
2025-09-28,R007,Supramax,Coking Coal,22.121,21.633,23.231703
2025-09-29,R007,Supramax,Coking Coal,25.398,23.424,23.284496
2025-09-29,R006,Panamax,Coking Coal,26.524,22.135,24.720036
2025-09-29,R004,Capesize,Coking Coal,27.9,29.223,27.478241
2025-09-29,R002,Panamax,Coking Coal,27.36,25.154,25.650528
2025-09-29,R003,Kamsarmax,Coking Coal,27.055,23.47,25.994858
2025-09-29,R005,Panamax,Thermal Coal,20.15,19.763,21.077208
2025-09-29,R001,Capesize,Coking Coal,28.185,26.921,27.320726
2025-09-29,R008,Capesize,Coking Coal,41.583,38.339,41.090458
2025-09-30,R003,Kamsarmax,Coking Coal,27.645,24.028,26.428154
2025-09-30,R007,Supramax,Coking Coal,22.412,22.073,22.837399
2025-09-30,R001,Capesize,Coking Coal,24.903,26.771,27.416378
2025-09-30,R006,Panamax,Coking Coal,23.943,26.589,24.22146
2025-09-30,R008,Capesize,Coking Coal,41.351,40.036,41.901463
2025-09-30,R002,Panamax,Coking Coal,25.529,25.054,25.602907
2025-09-30,R005,Panamax,Thermal Coal,21.519,20.698,20.658676
2025-09-30,R004,Capesize,Coking Coal,28.902,29.52,27.536434
2025-10-01,R008,Capesize,Coking Coal,40.487,42.46,42.5795
2025-10-01,R006,Panamax,Coking Coal,25.958,23.775,24.758396
2025-10-01,R001,Capesize,Coking Coal,29.003,26.621,29.21877
2025-10-01,R007,Supramax,Coking Coal,23.002,22.609,24.573511
2025-10-01,R004,Capesize,Coking Coal,28.021,28.813,29.012356
2025-10-01,R003,Kamsarmax,Coking Coal,28.547,25.819,26.75752
2025-10-01,R005,Panamax,Thermal Coal,21.552,18.508,21.182611
2025-10-01,R002,Panamax,Coking Coal,26.861,24.514,25.976171
2025-10-02,R004,Capesize,Coking Coal,25.43,26.366,29.146093
2025-10-02,R008,Capesize,Coking Coal,41.79,39.98,41.73701
2025-10-02,R007,Supramax,Coking Coal,21.744,21.445,24.473886
2025-10-02,R006,Panamax,Coking Coal,25.014,24.151,25.674747
2025-10-02,R003,Kamsarmax,Coking Coal,25.314,26.799,27.166817
2025-10-02,R001,Capesize,Coking Coal,26.742,25.803,28.240364
2025-10-02,R005,Panamax,Thermal Coal,18.878,20.093,21.288183
2025-10-02,R002,Panamax,Coking Coal,26.8,24.992,27.209345
2025-10-03,R006,Panamax,Coking Coal,25.296,23.614,25.888962
2025-10-03,R004,Capesize,Coking Coal,27.299,28.976,29.613037
2025-10-03,R003,Kamsarmax,Coking Coal,28.197,28.131,27.181969
2025-10-03,R007,Supramax,Coking Coal,23.932,22.002,24.43804
2025-10-03,R001,Capesize,Coking Coal,29.316,27.389,28.870209
2025-10-03,R002,Panamax,Coking Coal,26.661,24.11,27.727379
2025-10-03,R008,Capesize,Coking Coal,44.097,41.61,42.924522
2025-10-03,R005,Panamax,Thermal Coal,22.594,20.29,21.50874
2025-10-04,R003,Kamsarmax,Coking Coal,25.514,26.626,27.22306
2025-10-04,R001,Capesize,Coking Coal,26.993,29.375,28.48445
2025-10-04,R006,Panamax,Coking Coal,20.573,27.155,25.583397
2025-10-04,R007,Supramax,Coking Coal,22.852,24.705,24.1951
2025-10-04,R008,Capesize,Coking Coal,41.762,42.301,42.53314
2025-10-04,R004,Capesize,Coking Coal,27.124,29.228,28.484907
2025-10-04,R002,Panamax,Coking Coal,27.74,25.103,27.204971
2025-10-04,R005,Panamax,Thermal Coal,23.516,21.267,21.0297
2025-10-05,R005,Panamax,Thermal Coal,19.261,19.818,20.65089
2025-10-05,R008,Capesize,Coking Coal,42.904,40.379,43.03599
2025-10-05,R003,Kamsarmax,Coking Coal,26.042,26.235,26.884037
2025-10-05,R007,Supramax,Coking Coal,19.595,21.914,23.661283
2025-10-05,R004,Capesize,Coking Coal,29.34,28.607,29.087318
2025-10-05,R006,Panamax,Coking Coal,25.5,23.867,25.235184
2025-10-05,R002,Panamax,Coking Coal,26.693,23.937,26.409838
2025-10-05,R001,Capesize,Coking Coal,25.648,25.03,28.756315
2025-10-06,R004,Capesize,Coking Coal,27.44,31.783,28.936655
2025-10-06,R008,Capesize,Coking Coal,38.888,42.359,42.411446
2025-10-06,R007,Supramax,Coking Coal,22.061,20.42,23.90859
2025-10-06,R001,Capesize,Coking Coal,28.982,30.468,28.404432
2025-10-06,R002,Panamax,Coking Coal,24.554,23.634,25.902878
2025-10-06,R003,Kamsarmax,Coking Coal,26.929,24.636,26.114105
2025-10-06,R006,Panamax,Coking Coal,23.374,23.737,25.199348
2025-10-06,R005,Panamax,Thermal Coal,18.682,19.015,20.901083
2025-10-07,R001,Capesize,Coking Coal,27.217,29.649,28.77556
2025-10-07,R002,Panamax,Coking Coal,26.689,24.961,26.312128
2025-10-07,R004,Capesize,Coking Coal,28.618,31.834,29.090508
2025-10-07,R006,Panamax,Coking Coal,23.704,25.948,25.621908
2025-10-07,R008,Capesize,Coking Coal,41.669,43.734,42.86396
2025-10-07,R007,Supramax,Coking Coal,24.341,22.624,23.848894
2025-10-07,R003,Kamsarmax,Coking Coal,24.84,26.264,27.035551
2025-10-07,R005,Panamax,Thermal Coal,20.766,19.235,20.887121
2025-10-08,R001,Capesize,Coking Coal,24.959,27.675,29.00828
2025-10-08,R008,Capesize,Coking Coal,41.289,42.335,42.34801
2025-10-08,R004,Capesize,Coking Coal,26.758,28.506,29.684193
2025-10-08,R002,Panamax,Coking Coal,25.236,27.295,26.33364
2025-10-08,R005,Panamax,Thermal Coal,21.384,20.654,21.517826
2025-10-08,R007,Supramax,Coking Coal,25.228,22.601,24.353802
2025-10-08,R006,Panamax,Coking Coal,20.566,25.483,25.777702
2025-10-08,R003,Kamsarmax,Coking Coal,24.069,25.677,27.518074
2025-10-09,R001,Capesize,Coking Coal,28.922,27.632,28.849873
2025-10-09,R004,Capesize,Coking Coal,25.349,27.578,29.066074
2025-10-09,R005,Panamax,Thermal Coal,19.774,19.337,21.26586
2025-10-09,R003,Kamsarmax,Coking Coal,25.047,27.906,27.05856
2025-10-09,R007,Supramax,Coking Coal,22.324,23.742,24.000978
2025-10-09,R006,Panamax,Coking Coal,23.739,22.986,25.577307
2025-10-09,R008,Capesize,Coking Coal,41.896,44.115,42.8089
2025-10-09,R002,Panamax,Coking Coal,25.521,25.642,26.524199
2025-10-10,R004,Capesize,Coking Coal,26.141,27.67,29.27709
2025-10-10,R003,Kamsarmax,Coking Coal,24.812,25.582,27.555384
2025-10-10,R001,Capesize,Coking Coal,26.275,30.37,28.817156
2025-10-10,R005,Panamax,Thermal Coal,19.647,21.799,20.85391
2025-10-10,R006,Panamax,Coking Coal,23.31,26.57,25.921322
2025-10-10,R008,Capesize,Coking Coal,42.15,40.855,42.763287
2025-10-10,R007,Supramax,Coking Coal,23.448,23.518,24.641064
2025-10-10,R002,Panamax,Coking Coal,27.912,29.036,26.798124
2025-10-11,R002,Panamax,Coking Coal,26.758,28.279,27.051182
2025-10-11,R006,Panamax,Coking Coal,24.501,25.294,25.774607
2025-10-11,R008,Capesize,Coking Coal,42.468,43.178,42.813778
2025-10-11,R007,Supramax,Coking Coal,25.244,22.977,24.112394
2025-10-11,R003,Kamsarmax,Coking Coal,23.702,28.611,27.690367
2025-10-11,R001,Capesize,Coking Coal,25.629,27.199,29.047619
2025-10-11,R004,Capesize,Coking Coal,28.71,30.66,28.927277
2025-10-11,R005,Panamax,Thermal Coal,19.613,22.765,21.394804
2025-10-12,R002,Panamax,Coking Coal,27.743,25.634,27.203077
2025-10-12,R008,Capesize,Coking Coal,42.247,43.989,42.496494
2025-10-12,R001,Capesize,Coking Coal,28.901,28.901,28.747137
2025-10-12,R004,Capesize,Coking Coal,28.851,28.056,29.055807
2025-10-12,R005,Panamax,Thermal Coal,19.062,19.377,21.244965
2025-10-12,R007,Supramax,Coking Coal,26.208,22.121,24.198883
2025-10-12,R003,Kamsarmax,Coking Coal,26.665,27.422,26.951868
2025-10-12,R006,Panamax,Coking Coal,24.279,22.851,26.058708
2025-10-13,R008,Capesize,Coking Coal,39.374,41.583,43.047894
2025-10-13,R005,Panamax,Thermal Coal,18.717,20.15,20.680155
2025-10-13,R001,Capesize,Coking Coal,25.934,28.185,28.78207
2025-10-13,R003,Kamsarmax,Coking Coal,25.04,27.055,27.208513
2025-10-13,R002,Panamax,Coking Coal,25.156,27.36,27.396126
2025-10-13,R007,Supramax,Coking Coal,22.039,25.398,24.72115
2025-10-13,R006,Panamax,Coking Coal,23.574,26.524,26.2805
2025-10-13,R004,Capesize,Coking Coal,27.527,27.9,29.451305
2025-10-14,R005,Panamax,Thermal Coal,16.217,21.519,20.947855
2025-10-14,R003,Kamsarmax,Coking Coal,27.364,27.645,27.405956
2025-10-14,R001,Capesize,Coking Coal,26.079,24.903,28.994524
2025-10-14,R002,Panamax,Coking Coal,25.307,25.529,27.807692
2025-10-14,R008,Capesize,Coking Coal,41.311,41.351,42.18144
2025-10-14,R007,Supramax,Coking Coal,23.742,22.412,24.29895
2025-10-14,R004,Capesize,Coking Coal,27.862,28.902,28.917227
2025-10-14,R006,Panamax,Coking Coal,25.864,23.943,26.081493
2025-10-15,R004,Capesize,Coking Coal,25.448,28.021,29.09848
2025-10-15,R001,Capesize,Coking Coal,26.123,29.003,28.885492
2025-10-15,R006,Panamax,Coking Coal,24.883,25.958,25.724615
2025-10-15,R007,Supramax,Coking Coal,22.535,23.002,24.27908
2025-10-15,R008,Capesize,Coking Coal,43.761,40.487,42.74106
2025-10-15,R003,Kamsarmax,Coking Coal,25.818,28.547,28.708347
2025-10-15,R005,Panamax,Thermal Coal,19.754,21.552,21.113745
2025-10-15,R002,Panamax,Coking Coal,26.019,26.861,27.560509
2025-10-16,R003,Kamsarmax,Coking Coal,25.662,25.314,27.981339
2025-10-16,R001,Capesize,Coking Coal,24.65,26.742,28.662481
2025-10-16,R008,Capesize,Coking Coal,40.97,41.79,42.20793
2025-10-16,R002,Panamax,Coking Coal,25.371,26.8,27.565134
2025-10-16,R007,Supramax,Coking Coal,21.34,21.744,24.435959
2025-10-16,R004,Capesize,Coking Coal,25.624,25.43,28.728537
2025-10-16,R005,Panamax,Thermal Coal,20.577,18.878,21.261
2025-10-16,R006,Panamax,Coking Coal,23.542,25.014,25.822561
2025-10-17,R002,Panamax,Coking Coal,25.283,26.661,27.318638
2025-10-17,R005,Panamax,Thermal Coal,20.318,22.594,20.747814
2025-10-17,R007,Supramax,Coking Coal,23.686,23.932,23.846695
2025-10-17,R008,Capesize,Coking Coal,41.603,44.097,42.806236
2025-10-17,R003,Kamsarmax,Coking Coal,28.033,28.197,27.982313
2025-10-17,R004,Capesize,Coking Coal,26.895,27.299,28.703947
2025-10-17,R001,Capesize,Coking Coal,27.905,29.316,28.40774
2025-10-17,R006,Panamax,Coking Coal,24.501,25.296,26.157585
2025-10-18,R006,Panamax,Coking Coal,25.377,20.573,25.641264
2025-10-18,R005,Panamax,Thermal Coal,19.174,23.516,21.265474
2025-10-18,R008,Capesize,Coking Coal,39.889,41.762,43.18333
2025-10-18,R002,Panamax,Coking Coal,26.76,27.74,27.705343
2025-10-18,R007,Supramax,Coking Coal,22.94,22.852,24.0391
2025-10-18,R004,Capesize,Coking Coal,25.702,27.124,28.759258
2025-10-18,R001,Capesize,Coking Coal,28.499,26.993,29.595682
2025-10-18,R003,Kamsarmax,Coking Coal,26.108,25.514,27.626017
2025-10-19,R008,Capesize,Coking Coal,42.409,42.904,42.49814
2025-10-19,R001,Capesize,Coking Coal,28.223,25.648,28.004765
2025-10-19,R003,Kamsarmax,Coking Coal,25.694,26.042,27.469322
2025-10-19,R007,Supramax,Coking Coal,20.102,19.595,23.676119
2025-10-19,R004,Capesize,Coking Coal,28.932,29.34,28.428177
2025-10-19,R006,Panamax,Coking Coal,25.625,25.5,24.962292
2025-10-19,R002,Panamax,Coking Coal,25.794,26.693,27.477087
2025-10-19,R005,Panamax,Thermal Coal,18.786,19.261,21.423346
2025-10-20,R007,Supramax,Coking Coal,24.323,22.061,23.701756
2025-10-20,R005,Panamax,Thermal Coal,19.697,18.682,21.171625
2025-10-20,R002,Panamax,Coking Coal,26.302,24.554,27.383595
2025-10-20,R003,Kamsarmax,Coking Coal,24.988,26.929,27.569296
2025-10-20,R004,Capesize,Coking Coal,27.792,27.44,28.878798
2025-10-20,R006,Panamax,Coking Coal,24.725,23.374,25.745142
2025-10-20,R008,Capesize,Coking Coal,43.807,38.888,41.866383
2025-10-20,R001,Capesize,Coking Coal,27.93,28.982,28.98433
2025-10-21,R006,Panamax,Coking Coal,25.858,23.704,26.05509
2025-10-21,R001,Capesize,Coking Coal,27.022,27.217,28.944843
2025-10-21,R005,Panamax,Thermal Coal,19.695,20.766,20.995464
2025-10-21,R004,Capesize,Coking Coal,30.005,28.618,28.868782
2025-10-21,R007,Supramax,Coking Coal,21.871,24.341,24.182493
2025-10-21,R008,Capesize,Coking Coal,42.673,41.669,42.759594
2025-10-21,R003,Kamsarmax,Coking Coal,24.61,24.84,27.541412
2025-10-21,R002,Panamax,Coking Coal,23.315,26.689,28.004097
2025-10-22,R003,Kamsarmax,Coking Coal,26.642,24.069,27.655872
2025-10-22,R002,Panamax,Coking Coal,26.46,25.236,27.829113
2025-10-22,R004,Capesize,Coking Coal,28.327,26.758,28.164944
2025-10-22,R005,Panamax,Thermal Coal,18.637,21.384,21.085472
2025-10-22,R007,Supramax,Coking Coal,25.439,25.228,24.491476
2025-10-22,R006,Panamax,Coking Coal,27.442,20.566,25.743177
2025-10-22,R008,Capesize,Coking Coal,41.568,41.289,41.9268
2025-10-22,R001,Capesize,Coking Coal,28.162,24.959,28.324492
2025-10-23,R006,Panamax,Coking Coal,24.444,23.739,25.695217
2025-10-23,R003,Kamsarmax,Coking Coal,24.026,25.047,27.326935
2025-10-23,R004,Capesize,Coking Coal,27.096,25.349,28.061192
2025-10-23,R007,Supramax,Coking Coal,22.778,22.324,24.64385
2025-10-23,R008,Capesize,Coking Coal,39.064,41.896,42.139027
2025-10-23,R001,Capesize,Coking Coal,28.017,28.922,28.687847
2025-10-23,R002,Panamax,Coking Coal,25.911,25.521,27.509043
2025-10-23,R005,Panamax,Thermal Coal,16.557,19.774,21.53907
2025-10-24,R004,Capesize,Coking Coal,27.256,26.141,27.851486
2025-10-24,R005,Panamax,Thermal Coal,20.763,19.647,21.34343
2025-10-24,R003,Kamsarmax,Coking Coal,26.37,24.812,27.371555
2025-10-24,R008,Capesize,Coking Coal,42.553,42.15,42.529682
2025-10-24,R002,Panamax,Coking Coal,27.195,27.912,27.214203
2025-10-24,R007,Supramax,Coking Coal,22.531,23.448,23.928398
2025-10-24,R006,Panamax,Coking Coal,25.296,23.31,25.191854
2025-10-24,R001,Capesize,Coking Coal,27.548,26.275,28.556429
2025-10-25,R004,Capesize,Coking Coal,27.535,28.71,28.690924
2025-10-25,R002,Panamax,Coking Coal,26.095,26.758,27.791561
2025-10-25,R005,Panamax,Thermal Coal,22.702,19.613,21.315136
2025-10-25,R003,Kamsarmax,Coking Coal,27.185,23.702,27.53438
2025-10-25,R006,Panamax,Coking Coal,26.796,24.501,25.877771
2025-10-25,R001,Capesize,Coking Coal,29.143,25.629,29.007885
2025-10-25,R008,Capesize,Coking Coal,41.486,42.468,42.366398
2025-10-25,R007,Supramax,Coking Coal,22.352,25.244,24.861092
2025-10-26,R003,Kamsarmax,Coking Coal,25.974,26.665,27.194466
2025-10-26,R004,Capesize,Coking Coal,27.863,28.851,28.42718
2025-10-26,R005,Panamax,Thermal Coal,19.027,19.062,21.209637
2025-10-26,R006,Panamax,Coking Coal,26.742,24.279,25.753475
2025-10-26,R001,Capesize,Coking Coal,28.677,28.901,28.999147
2025-10-26,R002,Panamax,Coking Coal,27.341,27.743,27.332575
2025-10-26,R008,Capesize,Coking Coal,39.239,42.247,42.76244
2025-10-26,R007,Supramax,Coking Coal,22.49,26.208,24.553604
2025-10-27,R006,Panamax,Coking Coal,26.028,23.574,26.108913
2025-10-27,R008,Capesize,Coking Coal,43.187,39.374,41.640167
2025-10-27,R004,Capesize,Coking Coal,29.029,27.527,28.311754
2025-10-27,R005,Panamax,Thermal Coal,19.005,18.717,21.338276
2025-10-27,R002,Panamax,Coking Coal,25.955,25.156,27.714912
2025-10-27,R003,Kamsarmax,Coking Coal,25.082,25.04,26.477724
2025-10-27,R007,Supramax,Coking Coal,21.076,22.039,25.355461
2025-10-27,R001,Capesize,Coking Coal,29.239,25.934,28.516048
2025-10-28,R004,Capesize,Coking Coal,27.512,27.862,28.248474
2025-10-28,R002,Panamax,Coking Coal,26.124,25.307,26.997704
2025-10-28,R001,Capesize,Coking Coal,28.246,26.079,28.286503
2025-10-28,R006,Panamax,Coking Coal,24.123,25.864,25.195293
2025-10-28,R003,Kamsarmax,Coking Coal,25.097,27.364,26.251125
2025-10-28,R005,Panamax,Thermal Coal,19.652,16.217,20.836645
2025-10-28,R007,Supramax,Coking Coal,21.625,23.742,24.630442
2025-10-28,R008,Capesize,Coking Coal,40.673,41.311,41.474434
2025-10-29,R003,Kamsarmax,Coking Coal,28.418,25.818,26.913128
2025-10-29,R002,Panamax,Coking Coal,27.735,26.019,27.322916
2025-10-29,R001,Capesize,Coking Coal,29.023,26.123,28.924232
2025-10-29,R004,Capesize,Coking Coal,27.338,25.448,27.951338
2025-10-29,R005,Panamax,Thermal Coal,22.199,19.754,21.348534
2025-10-29,R007,Supramax,Coking Coal,24.794,22.535,24.863182
2025-10-29,R008,Capesize,Coking Coal,40.429,43.761,42.01845
2025-10-29,R006,Panamax,Coking Coal,26.446,24.883,25.797422
2025-10-30,R007,Supramax,Coking Coal,26.583,21.34,24.65499
2025-10-30,R004,Capesize,Coking Coal,29.028,25.624,27.924732
2025-10-30,R003,Kamsarmax,Coking Coal,25.907,25.662,26.845901
2025-10-30,R002,Panamax,Coking Coal,26.562,25.371,27.079063
2025-10-30,R005,Panamax,Thermal Coal,19.791,20.577,21.047134
2025-10-30,R001,Capesize,Coking Coal,29.562,24.65,28.613459
2025-10-30,R006,Panamax,Coking Coal,25.514,23.542,25.668016
2025-10-30,R008,Capesize,Coking Coal,41.228,40.97,41.785103
2025-10-31,R001,Capesize,Coking Coal,28.608,27.905,28.186146
2025-10-31,R002,Panamax,Coking Coal,28.356,25.283,26.909042
2025-10-31,R005,Panamax,Thermal Coal,19.791,20.318,21.231737
2025-10-31,R004,Capesize,Coking Coal,28.627,26.895,28.965696
2025-10-31,R007,Supramax,Coking Coal,23.779,23.686,24.65617
2025-10-31,R008,Capesize,Coking Coal,43.222,41.603,42.367332
2025-10-31,R003,Kamsarmax,Coking Coal,28.841,28.033,27.057869
2025-10-31,R006,Panamax,Coking Coal,24.952,24.501,25.791416
2025-11-01,R002,Panamax,Coking Coal,25.843,26.76,27.7433
2025-11-01,R007,Supramax,Coking Coal,24.178,22.94,24.431795
2025-11-01,R006,Panamax,Coking Coal,24.643,25.377,26.430185
2025-11-01,R003,Kamsarmax,Coking Coal,26.692,26.108,26.949192
2025-11-01,R008,Capesize,Coking Coal,43.525,39.889,42.90302
2025-11-01,R005,Panamax,Thermal Coal,20.575,19.174,21.231627
2025-11-01,R001,Capesize,Coking Coal,27.451,28.499,28.721401
2025-11-01,R004,Capesize,Coking Coal,27.388,25.702,28.566578
2025-11-02,R003,Kamsarmax,Coking Coal,25.916,25.694,26.770842
2025-11-02,R002,Panamax,Coking Coal,27.369,25.794,27.381863
2025-11-02,R001,Capesize,Coking Coal,31.408,28.223,28.454247
2025-11-02,R008,Capesize,Coking Coal,42.186,42.409,42.722534
2025-11-02,R007,Supramax,Coking Coal,24.003,20.102,24.74029
2025-11-02,R005,Panamax,Thermal Coal,20.844,18.786,20.982323
2025-11-02,R004,Capesize,Coking Coal,30.392,28.932,28.428057
2025-11-02,R006,Panamax,Coking Coal,27.976,25.625,26.185534
2025-11-03,R006,Panamax,Coking Coal,24.408,24.725,26.219927
2025-11-03,R005,Panamax,Thermal Coal,22.903,19.697,21.09392
2025-11-03,R003,Kamsarmax,Coking Coal,22.783,24.988,26.868902
2025-11-03,R001,Capesize,Coking Coal,27.166,27.93,28.32719
2025-11-03,R002,Panamax,Coking Coal,26.277,26.302,27.334406
2025-11-03,R004,Capesize,Coking Coal,28.615,27.792,28.25599
2025-11-03,R007,Supramax,Coking Coal,23.394,24.323,24.147093
2025-11-03,R008,Capesize,Coking Coal,41.332,43.807,41.690163
2025-11-04,R006,Panamax,Coking Coal,24.147,25.858,26.285902
2025-11-04,R002,Panamax,Coking Coal,28.401,23.315,27.414715
2025-11-04,R003,Kamsarmax,Coking Coal,25.726,24.61,26.818672
2025-11-04,R004,Capesize,Coking Coal,29.1,30.005,28.013176
2025-11-04,R001,Capesize,Coking Coal,28.97,27.022,28.827482
2025-11-04,R007,Supramax,Coking Coal,23.111,21.871,24.837112
2025-11-04,R008,Capesize,Coking Coal,43.486,42.673,41.60161
2025-11-04,R005,Panamax,Thermal Coal,19.471,19.695,20.89171
2025-11-05,R005,Panamax,Thermal Coal,20.636,18.637,22.085745
2025-11-05,R008,Capesize,Coking Coal,43.38,41.568,43.128616
2025-11-05,R002,Panamax,Coking Coal,27.954,26.46,27.763271
2025-11-05,R004,Capesize,Coking Coal,27.067,28.327,28.337599
2025-11-05,R001,Capesize,Coking Coal,24.584,28.162,28.533571
2025-11-05,R007,Supramax,Coking Coal,23.381,25.439,24.290134
2025-11-05,R003,Kamsarmax,Coking Coal,23.226,26.642,26.716213
2025-11-05,R006,Panamax,Coking Coal,23.884,27.442,27.002563
2025-11-06,R007,Supramax,Coking Coal,24.148,22.778,25.023006
2025-11-06,R006,Panamax,Coking Coal,25.334,24.444,26.413298
2025-11-06,R008,Capesize,Coking Coal,43.269,39.064,41.841564
2025-11-06,R001,Capesize,Coking Coal,27.105,28.017,28.167671
2025-11-06,R005,Panamax,Thermal Coal,20.889,16.557,21.187365
2025-11-06,R002,Panamax,Coking Coal,27.087,25.911,27.512192
2025-11-06,R003,Kamsarmax,Coking Coal,26.853,24.026,27.333847
2025-11-06,R004,Capesize,Coking Coal,28.888,27.096,28.323338
2025-11-07,R004,Capesize,Coking Coal,29.053,27.256,28.536211
2025-11-07,R006,Panamax,Coking Coal,24.584,25.296,26.338116
2025-11-07,R008,Capesize,Coking Coal,42.118,42.553,42.40724
2025-11-07,R002,Panamax,Coking Coal,25.917,27.195,26.963982
2025-11-07,R007,Supramax,Coking Coal,23.88,22.531,24.95399
2025-11-07,R003,Kamsarmax,Coking Coal,26.159,26.37,26.82794
2025-11-07,R005,Panamax,Thermal Coal,21.384,20.763,21.200737
2025-11-07,R001,Capesize,Coking Coal,26.252,27.548,28.49799
2025-11-08,R003,Kamsarmax,Coking Coal,26.776,27.185,26.726488
2025-11-08,R001,Capesize,Coking Coal,27.815,29.143,28.462013
2025-11-08,R004,Capesize,Coking Coal,26.923,27.535,28.651821
2025-11-08,R006,Panamax,Coking Coal,27.387,26.796,26.555119
2025-11-08,R007,Supramax,Coking Coal,22.067,22.352,24.614145
2025-11-08,R005,Panamax,Thermal Coal,21.483,22.702,21.234667
2025-11-08,R002,Panamax,Coking Coal,25.214,26.095,27.195665
2025-11-08,R008,Capesize,Coking Coal,39.915,41.486,42.24111
2025-11-09,R004,Capesize,Coking Coal,30.361,27.863,27.685793
2025-11-09,R001,Capesize,Coking Coal,26.688,28.677,28.285683
2025-11-09,R005,Panamax,Thermal Coal,19.591,19.027,21.069452
2025-11-09,R007,Supramax,Coking Coal,21.032,22.49,24.269686
2025-11-09,R003,Kamsarmax,Coking Coal,26.316,25.974,26.80142
2025-11-09,R008,Capesize,Coking Coal,44.5,39.239,42.11751
2025-11-09,R002,Panamax,Coking Coal,24.643,27.341,26.745104
2025-11-09,R006,Panamax,Coking Coal,25.017,26.742,26.192501
2025-11-10,R007,Supramax,Coking Coal,20.849,21.076,24.249866
2025-11-10,R004,Capesize,Coking Coal,26.221,29.029,28.122337
2025-11-10,R003,Kamsarmax,Coking Coal,28.225,25.082,26.838663
2025-11-10,R001,Capesize,Coking Coal,26.378,29.239,28.67829
2025-11-10,R005,Panamax,Thermal Coal,21.681,19.005,21.207708
2025-11-10,R002,Panamax,Coking Coal,28.44,25.955,26.811352
2025-11-10,R008,Capesize,Coking Coal,40.722,43.187,41.953754
2025-11-10,R006,Panamax,Coking Coal,26.624,26.028,26.746746
2025-11-11,R001,Capesize,Coking Coal,28.079,28.246,28.326635
2025-11-11,R005,Panamax,Thermal Coal,20.201,19.652,20.935476
2025-11-11,R003,Kamsarmax,Coking Coal,27.049,25.097,26.749886
2025-11-11,R002,Panamax,Coking Coal,30.948,26.124,27.084162
2025-11-11,R007,Supramax,Coking Coal,24.536,21.625,24.370665
2025-11-11,R004,Capesize,Coking Coal,28.029,27.512,28.416752
2025-11-11,R008,Capesize,Coking Coal,41.552,40.673,41.87905
2025-11-11,R006,Panamax,Coking Coal,25.257,24.123,26.961807
2025-11-12,R006,Panamax,Coking Coal,26.584,26.446,26.468204
2025-11-12,R007,Supramax,Coking Coal,22.516,24.794,23.637291
2025-11-12,R004,Capesize,Coking Coal,29.355,27.338,28.265524
2025-11-12,R005,Panamax,Thermal Coal,19.715,22.199,21.58111
2025-11-12,R008,Capesize,Coking Coal,41.776,40.429,42.406948
2025-11-12,R002,Panamax,Coking Coal,25.36,27.735,26.768353
2025-11-12,R001,Capesize,Coking Coal,25.748,29.023,28.640194
2025-11-12,R003,Kamsarmax,Coking Coal,24.868,28.418,26.850502
2025-11-13,R002,Panamax,Coking Coal,25.892,26.562,27.7755
2025-11-13,R006,Panamax,Coking Coal,24.701,25.514,26.98082
2025-11-13,R007,Supramax,Coking Coal,24.163,26.583,24.600246
2025-11-13,R004,Capesize,Coking Coal,27.981,29.028,28.168367
2025-11-13,R005,Panamax,Thermal Coal,19.512,19.791,21.276451
2025-11-13,R003,Kamsarmax,Coking Coal,25.575,25.907,26.690855
2025-11-13,R008,Capesize,Coking Coal,42.091,41.228,42.16124
2025-11-13,R001,Capesize,Coking Coal,26.358,29.562,28.651407
2025-11-14,R007,Supramax,Coking Coal,24.537,23.779,24.708332
2025-11-14,R003,Kamsarmax,Coking Coal,26.146,28.841,26.891836
2025-11-14,R008,Capesize,Coking Coal,41.53,43.222,42.256844
2025-11-14,R006,Panamax,Coking Coal,24.144,24.952,26.8488
2025-11-14,R005,Panamax,Thermal Coal,20.973,19.791,20.9855
2025-11-14,R002,Panamax,Coking Coal,23.793,28.356,27.450432
2025-11-14,R001,Capesize,Coking Coal,29.728,28.608,29.178406
2025-11-14,R004,Capesize,Coking Coal,30.299,28.627,28.416344
2025-11-15,R004,Capesize,Coking Coal,26.765,27.388,28.557981
2025-11-15,R002,Panamax,Coking Coal,24.984,25.843,27.938751
2025-11-15,R007,Supramax,Coking Coal,25.442,24.178,24.717318
2025-11-15,R008,Capesize,Coking Coal,41.018,43.525,42.745876
2025-11-15,R005,Panamax,Thermal Coal,19.969,20.575,22.049303
2025-11-15,R001,Capesize,Coking Coal,28.847,27.451,29.589615
2025-11-15,R006,Panamax,Coking Coal,24.996,24.643,26.813358
2025-11-15,R003,Kamsarmax,Coking Coal,24.171,26.692,27.722725
2025-11-16,R002,Panamax,Coking Coal,25.643,27.369,28.044489
2025-11-16,R005,Panamax,Thermal Coal,20.309,20.844,21.337305
2025-11-16,R008,Capesize,Coking Coal,41.37,42.186,42.13584
2025-11-16,R006,Panamax,Coking Coal,24.688,27.976,26.98603
2025-11-16,R007,Supramax,Coking Coal,23.603,24.003,25.149721
2025-11-16,R001,Capesize,Coking Coal,27.327,31.408,29.03865
2025-11-16,R003,Kamsarmax,Coking Coal,24.879,25.916,27.121246
2025-11-16,R004,Capesize,Coking Coal,27.799,30.392,28.408276
2025-11-17,R005,Panamax,Thermal Coal,19.677,22.903,21.512272
2025-11-17,R008,Capesize,Coking Coal,43.709,41.332,42.368565
2025-11-17,R003,Kamsarmax,Coking Coal,26.233,22.783,27.804535
2025-11-17,R002,Panamax,Coking Coal,27.692,26.277,27.670279
2025-11-17,R004,Capesize,Coking Coal,31.384,28.615,28.999895
2025-11-17,R001,Capesize,Coking Coal,27.484,27.166,29.433651
2025-11-17,R006,Panamax,Coking Coal,26.518,24.408,27.293858
2025-11-17,R007,Supramax,Coking Coal,24.443,23.394,24.99125
2025-11-18,R008,Capesize,Coking Coal,43.552,43.486,42.112194
2025-11-18,R005,Panamax,Thermal Coal,24.306,19.471,21.391012
2025-11-18,R003,Kamsarmax,Coking Coal,27.652,25.726,27.033627
2025-11-18,R001,Capesize,Coking Coal,30.705,28.97,29.179134
2025-11-18,R006,Panamax,Coking Coal,27.823,24.147,26.933104
2025-11-18,R002,Panamax,Coking Coal,25.848,28.401,27.928984
2025-11-18,R004,Capesize,Coking Coal,28.416,29.1,28.37173
2025-11-18,R007,Supramax,Coking Coal,22.79,23.111,25.156963
2025-11-19,R008,Capesize,Coking Coal,42.658,43.38,42.254192
2025-11-19,R005,Panamax,Thermal Coal,21.042,20.636,21.452967
2025-11-19,R001,Capesize,Coking Coal,28.86,24.584,29.302073
2025-11-19,R003,Kamsarmax,Coking Coal,25.06,23.226,26.772507
2025-11-19,R004,Capesize,Coking Coal,28.727,27.067,29.153927
2025-11-19,R002,Panamax,Coking Coal,24.545,27.954,28.210426
2025-11-19,R007,Supramax,Coking Coal,21.799,23.381,25.211472
2025-11-19,R006,Panamax,Coking Coal,24.188,23.884,26.84779
2025-11-20,R007,Supramax,Coking Coal,24.647,24.148,24.406048
2025-11-20,R004,Capesize,Coking Coal,27.754,28.888,28.314028
2025-11-20,R002,Panamax,Coking Coal,27.348,27.087,28.05022
2025-11-20,R005,Panamax,Thermal Coal,20.81,20.889,21.663511
2025-11-20,R003,Kamsarmax,Coking Coal,25.56,26.853,27.050983
2025-11-20,R006,Panamax,Coking Coal,27.874,25.334,26.459684
2025-11-20,R008,Capesize,Coking Coal,43.832,43.269,43.142685
2025-11-20,R001,Capesize,Coking Coal,30.238,27.105,29.002378
2025-11-21,R006,Panamax,Coking Coal,24.507,24.584,27.281946
2025-11-21,R002,Panamax,Coking Coal,24.226,25.917,27.967884
2025-11-21,R005,Panamax,Thermal Coal,21.335,21.384,21.338654
2025-11-21,R001,Capesize,Coking Coal,31.039,26.252,28.845963
2025-11-21,R007,Supramax,Coking Coal,23.42,23.88,24.94012
2025-11-21,R003,Kamsarmax,Coking Coal,27.337,26.159,26.776737
2025-11-21,R008,Capesize,Coking Coal,40.676,42.118,41.897675
2025-11-21,R004,Capesize,Coking Coal,28.141,29.053,28.867289
2025-11-22,R003,Kamsarmax,Coking Coal,26.008,26.776,26.892883
2025-11-22,R001,Capesize,Coking Coal,26.995,27.815,28.732224
2025-11-22,R002,Panamax,Coking Coal,25.019,25.214,28.063906
2025-11-22,R006,Panamax,Coking Coal,28.041,27.387,26.935535
2025-11-22,R005,Panamax,Thermal Coal,21.477,21.483,21.45502
2025-11-22,R004,Capesize,Coking Coal,28.881,26.923,28.942322
2025-11-22,R007,Supramax,Coking Coal,22.636,22.067,25.183414
2025-11-22,R008,Capesize,Coking Coal,42.544,39.915,41.65938
2025-11-23,R007,Supramax,Coking Coal,21.9,21.032,24.558632
2025-11-23,R003,Kamsarmax,Coking Coal,28.662,26.316,26.918228
2025-11-23,R008,Capesize,Coking Coal,41.636,44.5,42.23449
2025-11-23,R005,Panamax,Thermal Coal,22.092,19.591,21.505123
2025-11-23,R001,Capesize,Coking Coal,29.086,26.688,28.887495
2025-11-23,R002,Panamax,Coking Coal,25.536,24.643,27.43965
2025-11-23,R004,Capesize,Coking Coal,29.828,30.361,28.755098
2025-11-23,R006,Panamax,Coking Coal,26.604,25.017,26.721994
2025-11-24,R008,Capesize,Coking Coal,42.047,40.722,42.13336
2025-11-24,R004,Capesize,Coking Coal,28.716,26.221,28.963104
2025-11-24,R002,Panamax,Coking Coal,24.712,28.44,27.517101
2025-11-24,R001,Capesize,Coking Coal,29.609,26.378,28.768188
2025-11-24,R007,Supramax,Coking Coal,24.262,20.849,24.91417
2025-11-24,R003,Kamsarmax,Coking Coal,25.949,28.225,27.41866
2025-11-24,R006,Panamax,Coking Coal,26.464,26.624,26.595432
2025-11-24,R005,Panamax,Thermal Coal,22.843,21.681,21.523829
2025-11-25,R003,Kamsarmax,Coking Coal,26.611,27.049,26.841406
2025-11-25,R001,Capesize,Coking Coal,27.555,28.079,28.1932
2025-11-25,R002,Panamax,Coking Coal,26.64,30.948,27.532927
2025-11-25,R005,Panamax,Thermal Coal,22.319,20.201,20.761953
2025-11-25,R007,Supramax,Coking Coal,22.728,24.536,23.95871
2025-11-25,R006,Panamax,Coking Coal,27.258,25.257,26.684042
2025-11-25,R004,Capesize,Coking Coal,27.75,28.029,28.620083
2025-11-25,R008,Capesize,Coking Coal,42.57,41.552,42.496513
2025-11-26,R002,Panamax,Coking Coal,27.844,25.36,27.775595
2025-11-26,R001,Capesize,Coking Coal,29.531,25.748,28.694967
2025-11-26,R004,Capesize,Coking Coal,30.098,29.355,28.081322
2025-11-26,R005,Panamax,Thermal Coal,22.96,19.715,21.234962
2025-11-26,R007,Supramax,Coking Coal,22.19,22.516,24.69092
2025-11-26,R006,Panamax,Coking Coal,27.868,26.584,26.562378
2025-11-26,R003,Kamsarmax,Coking Coal,24.892,24.868,27.213844
2025-11-26,R008,Capesize,Coking Coal,44.963,41.776,42.35576
2025-11-27,R001,Capesize,Coking Coal,29.644,26.358,28.746391
2025-11-27,R003,Kamsarmax,Coking Coal,29.346,25.575,27.223734
2025-11-27,R005,Panamax,Thermal Coal,21.589,19.512,21.222994
2025-11-27,R004,Capesize,Coking Coal,28.183,27.981,28.888344
2025-11-27,R006,Panamax,Coking Coal,25.667,24.701,26.632347
2025-11-27,R007,Supramax,Coking Coal,21.615,24.163,24.889408
2025-11-27,R008,Capesize,Coking Coal,42.926,42.091,42.35375
2025-11-27,R002,Panamax,Coking Coal,24.628,25.892,28.179508
2025-11-28,R008,Capesize,Coking Coal,45.11,41.53,42.72173
2025-11-28,R007,Supramax,Coking Coal,25.011,24.537,24.009365
2025-11-28,R004,Capesize,Coking Coal,30.297,30.299,28.67667
2025-11-28,R003,Kamsarmax,Coking Coal,31.545,26.146,27.555061
2025-11-28,R005,Panamax,Thermal Coal,25.559,20.973,21.27104
2025-11-28,R006,Panamax,Coking Coal,26.74,24.144,26.476704
2025-11-28,R001,Capesize,Coking Coal,30.44,29.728,28.927036
2025-11-28,R002,Panamax,Coking Coal,25.256,23.793,27.645134
2025-11-29,R002,Panamax,Coking Coal,26.754,24.984,27.393332
2025-11-29,R005,Panamax,Thermal Coal,21.201,19.969,21.4911
2025-11-29,R006,Panamax,Coking Coal,22.035,24.996,26.914814
2025-11-29,R007,Supramax,Coking Coal,25.446,25.442,24.891548
2025-11-29,R001,Capesize,Coking Coal,29.938,28.847,28.844246
2025-11-29,R008,Capesize,Coking Coal,43.494,41.018,41.93907
2025-11-29,R003,Kamsarmax,Coking Coal,26.638,24.171,27.09416
2025-11-29,R004,Capesize,Coking Coal,29.358,26.765,28.958178
2025-11-30,R003,Kamsarmax,Coking Coal,26.65,24.879,26.508348
2025-11-30,R006,Panamax,Coking Coal,26.924,24.688,26.759724
2025-11-30,R001,Capesize,Coking Coal,26.227,27.327,28.461813
2025-11-30,R007,Supramax,Coking Coal,23.851,23.603,24.959248
2025-11-30,R005,Panamax,Thermal Coal,22.591,20.309,21.51325
2025-11-30,R004,Capesize,Coking Coal,28.665,27.799,28.589914
2025-11-30,R008,Capesize,Coking Coal,42.699,41.37,42.34601
2025-11-30,R002,Panamax,Coking Coal,26.005,25.643,27.402636
2025-12-01,R008,Capesize,Coking Coal,43.948,43.709,42.11148
2025-12-01,R005,Panamax,Thermal Coal,22.68,19.677,21.606041
2025-12-01,R002,Panamax,Coking Coal,27.185,27.692,27.218441
2025-12-01,R006,Panamax,Coking Coal,25.678,26.518,26.10239
2025-12-01,R001,Capesize,Coking Coal,27.382,27.484,28.179123
2025-12-01,R007,Supramax,Coking Coal,21.645,24.443,24.739126
2025-12-01,R004,Capesize,Coking Coal,28.04,31.384,28.838827
2025-12-01,R003,Kamsarmax,Coking Coal,28.786,26.233,26.851585
2025-12-02,R005,Panamax,Thermal Coal,24.039,24.306,21.870697
2025-12-02,R006,Panamax,Coking Coal,25.822,27.823,25.732029
2025-12-02,R002,Panamax,Coking Coal,25.143,25.848,27.055754
2025-12-02,R008,Capesize,Coking Coal,42.539,43.552,42.800907
2025-12-02,R007,Supramax,Coking Coal,24.821,22.79,24.502766
2025-12-02,R004,Capesize,Coking Coal,30.091,28.416,28.876728
2025-12-02,R001,Capesize,Coking Coal,28.104,30.705,27.89871
2025-12-02,R003,Kamsarmax,Coking Coal,26.869,27.652,26.684631
2025-12-03,R002,Panamax,Coking Coal,28.044,24.545,26.700489
2025-12-03,R007,Supramax,Coking Coal,24.875,21.799,24.947996
2025-12-03,R005,Panamax,Thermal Coal,23.859,21.042,21.766296
2025-12-03,R006,Panamax,Coking Coal,27.376,24.188,26.127674
2025-12-03,R008,Capesize,Coking Coal,44.128,42.658,41.250565
2025-12-03,R004,Capesize,Coking Coal,30.123,28.727,28.695427
2025-12-03,R001,Capesize,Coking Coal,28.895,28.86,28.065924
2025-12-03,R003,Kamsarmax,Coking Coal,29.058,25.06,26.7358
2025-12-04,R007,Supramax,Coking Coal,25.02,24.647,23.85992
2025-12-04,R001,Capesize,Coking Coal,30.501,30.238,29.02048
2025-12-04,R004,Capesize,Coking Coal,29.027,27.754,28.56275
2025-12-04,R002,Panamax,Coking Coal,26.172,27.348,26.55527
2025-12-04,R008,Capesize,Coking Coal,42.263,43.832,43.37398
2025-12-04,R006,Panamax,Coking Coal,27.083,27.874,25.922882
2025-12-04,R005,Panamax,Thermal Coal,25.446,20.81,21.550913
2025-12-04,R003,Kamsarmax,Coking Coal,27.993,25.56,26.79127
2025-12-05,R002,Panamax,Coking Coal,27.093,24.226,26.50041
2025-12-05,R004,Capesize,Coking Coal,31.225,28.141,28.726755
2025-12-05,R007,Supramax,Coking Coal,24.773,23.42,24.740019
2025-12-05,R005,Panamax,Thermal Coal,21.303,21.335,21.181532
2025-12-05,R008,Capesize,Coking Coal,41.594,40.676,41.806015
2025-12-05,R001,Capesize,Coking Coal,30.409,31.039,27.747423
2025-12-05,R003,Kamsarmax,Coking Coal,27.485,27.337,26.615812
2025-12-05,R006,Panamax,Coking Coal,23.795,24.507,25.827066
2025-12-06,R004,Capesize,Coking Coal,29.199,28.881,28.559439
2025-12-06,R008,Capesize,Coking Coal,43.358,42.544,41.816925
2025-12-06,R001,Capesize,Coking Coal,28.548,26.995,28.742136
2025-12-06,R005,Panamax,Thermal Coal,24.129,21.477,21.416498
2025-12-06,R007,Supramax,Coking Coal,25.339,22.636,24.130617
2025-12-06,R002,Panamax,Coking Coal,26.148,25.019,26.820515
2025-12-06,R003,Kamsarmax,Coking Coal,27.223,26.008,26.869997
2025-12-06,R006,Panamax,Coking Coal,25.974,28.041,26.570566
2025-12-07,R004,Capesize,Coking Coal,30.54,29.828,28.840137
2025-12-07,R005,Panamax,Thermal Coal,22.368,22.092,21.843086
2025-12-07,R002,Panamax,Coking Coal,24.367,25.536,26.34305
2025-12-07,R006,Panamax,Coking Coal,26.192,26.604,26.31274
2025-12-07,R003,Kamsarmax,Coking Coal,28.541,28.662,26.754309
2025-12-07,R001,Capesize,Coking Coal,32.125,29.086,28.710192
2025-12-07,R007,Supramax,Coking Coal,24.079,21.9,24.68704
2025-12-07,R008,Capesize,Coking Coal,41.332,41.636,41.75458
2025-12-08,R002,Panamax,Coking Coal,24.413,24.712,26.950247
2025-12-08,R007,Supramax,Coking Coal,26.145,24.262,24.37512
2025-12-08,R008,Capesize,Coking Coal,40.927,42.047,42.54031
2025-12-08,R004,Capesize,Coking Coal,31.383,28.716,28.955431
2025-12-08,R003,Kamsarmax,Coking Coal,28.44,25.949,27.305819
2025-12-08,R006,Panamax,Coking Coal,26.584,26.464,26.544449
2025-12-08,R005,Panamax,Thermal Coal,22.671,22.843,21.639486
2025-12-08,R001,Capesize,Coking Coal,27.799,29.609,28.890606
2025-12-09,R008,Capesize,Coking Coal,41.866,42.57,41.922997
2025-12-09,R005,Panamax,Thermal Coal,25.402,22.319,22.406597
2025-12-09,R007,Supramax,Coking Coal,24.235,22.728,24.943932
2025-12-09,R006,Panamax,Coking Coal,25.008,27.258,26.538702
2025-12-09,R004,Capesize,Coking Coal,31.685,27.75,28.62514
2025-12-09,R003,Kamsarmax,Coking Coal,28.493,26.611,27.091068
2025-12-09,R001,Capesize,Coking Coal,28.994,27.555,28.802994
2025-12-09,R002,Panamax,Coking Coal,25.993,26.64,26.877724
2025-12-10,R005,Panamax,Thermal Coal,24.948,22.96,22.757626
2025-12-10,R008,Capesize,Coking Coal,42.295,44.963,42.90986
2025-12-10,R003,Kamsarmax,Coking Coal,27.546,24.892,26.990366
2025-12-10,R001,Capesize,Coking Coal,28.853,29.531,28.721245
2025-12-10,R007,Supramax,Coking Coal,22.081,22.19,24.87228
2025-12-10,R004,Capesize,Coking Coal,28.049,30.098,29.098864
2025-12-10,R002,Panamax,Coking Coal,25.714,27.844,26.567476
2025-12-10,R006,Panamax,Coking Coal,25.567,27.868,26.5176
2025-12-11,R003,Kamsarmax,Coking Coal,30.363,29.346,26.81686
2025-12-11,R007,Supramax,Coking Coal,22.221,21.615,24.441753
2025-12-11,R004,Capesize,Coking Coal,31.173,28.183,29.08404
2025-12-11,R006,Panamax,Coking Coal,23.172,25.667,27.155365
2025-12-11,R005,Panamax,Thermal Coal,20.793,21.589,22.712572
2025-12-11,R001,Capesize,Coking Coal,31.073,29.644,29.10583
2025-12-11,R008,Capesize,Coking Coal,43.813,42.926,42.587383
2025-12-11,R002,Panamax,Coking Coal,27.308,24.628,26.84486
2025-12-12,R002,Panamax,Coking Coal,26.515,25.256,26.320293
2025-12-12,R006,Panamax,Coking Coal,28.251,26.74,26.454882
2025-12-12,R005,Panamax,Thermal Coal,21.135,25.559,22.653355
2025-12-12,R003,Kamsarmax,Coking Coal,28.588,31.545,27.623028
2025-12-12,R001,Capesize,Coking Coal,26.854,30.44,29.01937
2025-12-12,R004,Capesize,Coking Coal,34.111,30.297,28.858671
2025-12-12,R007,Supramax,Coking Coal,25.731,25.011,23.819975
2025-12-12,R008,Capesize,Coking Coal,42.414,45.11,42.12995
2025-12-13,R008,Capesize,Coking Coal,44.177,43.494,42.503765
2025-12-13,R001,Capesize,Coking Coal,31.273,29.938,29.12023
2025-12-13,R005,Panamax,Thermal Coal,23.091,21.201,23.085665
2025-12-13,R007,Supramax,Coking Coal,23.072,25.446,24.718258
2025-12-13,R002,Panamax,Coking Coal,28.367,26.754,27.096546
2025-12-13,R006,Panamax,Coking Coal,24.392,22.035,27.298813
2025-12-13,R003,Kamsarmax,Coking Coal,27.189,26.638,27.579994
2025-12-13,R004,Capesize,Coking Coal,31.932,29.358,28.702013
2025-12-14,R007,Supramax,Coking Coal,26.539,23.851,24.925299
2025-12-14,R006,Panamax,Coking Coal,27.979,26.924,26.475624
2025-12-14,R005,Panamax,Thermal Coal,21.031,22.591,23.191374
2025-12-14,R004,Capesize,Coking Coal,30.453,28.665,28.847425
2025-12-14,R003,Kamsarmax,Coking Coal,25.979,26.65,27.245522
2025-12-14,R001,Capesize,Coking Coal,31.564,26.227,28.987541
2025-12-14,R008,Capesize,Coking Coal,44.97,42.699,42.654663
2025-12-14,R002,Panamax,Coking Coal,27.177,26.005,26.009987
2025-12-15,R002,Panamax,Coking Coal,29.123,27.185,26.441982
2025-12-15,R004,Capesize,Coking Coal,29.983,28.04,29.024168
2025-12-15,R003,Kamsarmax,Coking Coal,29.72,28.786,27.872425
2025-12-15,R001,Capesize,Coking Coal,28.289,27.382,29.047335
2025-12-15,R005,Panamax,Thermal Coal,20.353,22.68,22.89681
2025-12-15,R007,Supramax,Coking Coal,23.419,21.645,24.532766
2025-12-15,R006,Panamax,Coking Coal,27.986,25.678,26.360481
2025-12-15,R008,Capesize,Coking Coal,41.377,43.948,42.507496
2025-12-16,R008,Capesize,Coking Coal,44.332,42.539,43.037193
2025-12-16,R001,Capesize,Coking Coal,29.373,28.104,28.674322
2025-12-16,R003,Kamsarmax,Coking Coal,28.486,26.869,28.236853
2025-12-16,R007,Supramax,Coking Coal,24.675,24.821,23.549372
2025-12-16,R005,Panamax,Thermal Coal,23.87,24.039,22.88588
2025-12-16,R004,Capesize,Coking Coal,30.625,30.091,28.52088
2025-12-16,R006,Panamax,Coking Coal,24.723,25.822,25.815937
2025-12-16,R002,Panamax,Coking Coal,27.282,25.143,26.23767
2025-12-17,R003,Kamsarmax,Coking Coal,28.629,29.058,27.965942
2025-12-17,R002,Panamax,Coking Coal,25.402,28.044,26.453096
2025-12-17,R001,Capesize,Coking Coal,29.055,28.895,29.378687
2025-12-17,R006,Panamax,Coking Coal,25.231,27.376,26.152805
2025-12-17,R004,Capesize,Coking Coal,31.178,30.123,29.140251
2025-12-17,R005,Panamax,Thermal Coal,24.572,23.859,23.116343
2025-12-17,R008,Capesize,Coking Coal,40.592,44.128,42.978745
2025-12-17,R007,Supramax,Coking Coal,23.752,24.875,24.163595
2025-12-18,R002,Panamax,Coking Coal,28.127,26.172,26.184706
2025-12-18,R001,Capesize,Coking Coal,31.39,30.501,29.057508
2025-12-18,R006,Panamax,Coking Coal,29.157,27.083,26.10475
2025-12-18,R004,Capesize,Coking Coal,29.777,29.027,28.834501
2025-12-18,R008,Capesize,Coking Coal,45.338,42.263,43.012913
2025-12-18,R005,Panamax,Thermal Coal,24.861,25.446,22.986986
2025-12-18,R007,Supramax,Coking Coal,21.864,25.02,24.588022
2025-12-18,R003,Kamsarmax,Coking Coal,27.777,27.993,27.87661
2025-12-19,R003,Kamsarmax,Coking Coal,29.482,27.485,28.042364
2025-12-19,R005,Panamax,Thermal Coal,21.428,21.303,23.328188
2025-12-19,R004,Capesize,Coking Coal,31.576,31.225,28.904726
2025-12-19,R002,Panamax,Coking Coal,26.596,27.093,25.946045
2025-12-19,R008,Capesize,Coking Coal,43.851,41.594,43.186935
2025-12-19,R006,Panamax,Coking Coal,27.079,23.795,26.3934
2025-12-19,R001,Capesize,Coking Coal,30.686,30.409,29.233248
2025-12-19,R007,Supramax,Coking Coal,24.799,24.773,24.831707
2025-12-20,R001,Capesize,Coking Coal,31.417,28.548,28.934418
2025-12-20,R005,Panamax,Thermal Coal,23.493,24.129,22.689253
2025-12-20,R004,Capesize,Coking Coal,32.871,29.199,29.245386
2025-12-20,R002,Panamax,Coking Coal,25.715,26.148,26.70022
2025-12-20,R006,Panamax,Coking Coal,28.746,25.974,26.237453
2025-12-20,R007,Supramax,Coking Coal,26.511,25.339,24.575117
2025-12-20,R008,Capesize,Coking Coal,43.593,43.358,43.010662
2025-12-20,R003,Kamsarmax,Coking Coal,29.186,27.223,27.4366
2025-12-21,R007,Supramax,Coking Coal,25.887,24.079,24.759033
2025-12-21,R003,Kamsarmax,Coking Coal,28.583,28.541,28.035292
2025-12-21,R005,Panamax,Thermal Coal,22.048,22.368,22.712782
2025-12-21,R002,Panamax,Coking Coal,25.909,24.367,27.388626
2025-12-21,R001,Capesize,Coking Coal,27.527,32.125,29.189205
2025-12-21,R004,Capesize,Coking Coal,31.126,30.54,29.17758
2025-12-21,R006,Panamax,Coking Coal,24.861,26.192,26.41538
2025-12-21,R008,Capesize,Coking Coal,41.537,41.332,42.8946
2025-12-22,R007,Supramax,Coking Coal,23.04,26.145,25.13728
2025-12-22,R003,Kamsarmax,Coking Coal,30.054,28.44,27.621094
2025-12-22,R002,Panamax,Coking Coal,27.871,24.413,26.674166
2025-12-22,R004,Capesize,Coking Coal,28.49,31.383,29.350084
2025-12-22,R006,Panamax,Coking Coal,27.82,26.584,26.01176
2025-12-22,R008,Capesize,Coking Coal,46.015,40.927,41.915554
2025-12-22,R001,Capesize,Coking Coal,28.307,27.799,29.242077
2025-12-22,R005,Panamax,Thermal Coal,22.271,22.671,23.020668
2025-12-23,R007,Supramax,Coking Coal,25.646,24.235,25.239157
2025-12-23,R008,Capesize,Coking Coal,46.298,41.866,42.56321
2025-12-23,R001,Capesize,Coking Coal,30.833,28.994,29.244602
2025-12-23,R005,Panamax,Thermal Coal,20.387,25.402,22.85246
2025-12-23,R003,Kamsarmax,Coking Coal,28.501,28.493,27.777605
2025-12-23,R006,Panamax,Coking Coal,27.052,25.008,26.166039
2025-12-23,R002,Panamax,Coking Coal,27.866,25.993,26.540335
2025-12-23,R004,Capesize,Coking Coal,32.611,31.685,28.93248
2025-12-24,R008,Capesize,Coking Coal,42.067,42.295,42.771526
2025-12-24,R001,Capesize,Coking Coal,30.683,28.853,29.447931
2025-12-24,R006,Panamax,Coking Coal,28.856,25.567,26.377445
2025-12-24,R005,Panamax,Thermal Coal,25.194,24.948,23.992702
2025-12-24,R007,Supramax,Coking Coal,23.693,22.081,25.500183
2025-12-24,R002,Panamax,Coking Coal,26.032,25.714,26.186346
2025-12-24,R004,Capesize,Coking Coal,31.979,28.049,29.116386
2025-12-24,R003,Kamsarmax,Coking Coal,27.675,27.546,27.105843
2025-12-25,R008,Capesize,Coking Coal,42.169,43.813,42.542183
2025-12-25,R001,Capesize,Coking Coal,29.703,31.073,29.378975
2025-12-25,R007,Supramax,Coking Coal,25.708,22.221,24.531292
2025-12-25,R005,Panamax,Thermal Coal,22.499,20.793,23.718597
2025-12-25,R002,Panamax,Coking Coal,26.478,27.308,26.263325
2025-12-25,R004,Capesize,Coking Coal,28.297,31.173,29.237452
2025-12-25,R006,Panamax,Coking Coal,24.134,23.172,26.37418
2025-12-25,R003,Kamsarmax,Coking Coal,26.371,30.363,27.659578
2025-12-26,R005,Panamax,Thermal Coal,21.846,21.135,23.512585
2025-12-26,R001,Capesize,Coking Coal,27.373,26.854,29.16355
2025-12-26,R008,Capesize,Coking Coal,43.734,42.414,42.856552
2025-12-26,R006,Panamax,Coking Coal,28.497,28.251,26.027086
2025-12-26,R002,Panamax,Coking Coal,30.22,26.515,26.958796
2025-12-26,R007,Supramax,Coking Coal,25.801,25.731,25.025928
2025-12-26,R003,Kamsarmax,Coking Coal,29.119,28.588,28.25977
2025-12-26,R004,Capesize,Coking Coal,32.777,34.111,29.553734
2025-12-27,R008,Capesize,Coking Coal,42.155,44.177,43.129402
2025-12-27,R002,Panamax,Coking Coal,25.881,28.367,26.90047
2025-12-27,R004,Capesize,Coking Coal,28.914,31.932,29.308384
2025-12-27,R001,Capesize,Coking Coal,28.317,31.273,29.534695
2025-12-27,R007,Supramax,Coking Coal,24.399,23.072,24.764565
2025-12-27,R006,Panamax,Coking Coal,21.722,24.392,26.354485
2025-12-27,R003,Kamsarmax,Coking Coal,24.71,27.189,28.091724
2025-12-27,R005,Panamax,Thermal Coal,19.364,23.091,23.354885
2025-12-28,R007,Supramax,Coking Coal,26.452,26.539,24.950857
2025-12-28,R005,Panamax,Thermal Coal,23.862,21.031,23.857052
2025-12-28,R008,Capesize,Coking Coal,43.117,44.97,43.32609
2025-12-28,R006,Panamax,Coking Coal,25.325,27.979,26.184544
2025-12-28,R003,Kamsarmax,Coking Coal,28.873,25.979,28.078302
2025-12-28,R001,Capesize,Coking Coal,28.633,31.564,29.069866
2025-12-28,R002,Panamax,Coking Coal,26.071,27.177,26.950592
2025-12-28,R004,Capesize,Coking Coal,30.392,30.453,29.665886
2025-12-29,R004,Capesize,Coking Coal,31.688,29.983,29.717869
2025-12-29,R001,Capesize,Coking Coal,29.789,28.289,29.445944
2025-12-29,R006,Panamax,Coking Coal,25.452,27.986,25.94499
2025-12-29,R002,Panamax,Coking Coal,27.572,29.123,26.694283
2025-12-29,R007,Supramax,Coking Coal,25.358,23.419,24.7192
2025-12-29,R003,Kamsarmax,Coking Coal,28.258,29.72,27.712585
2025-12-29,R008,Capesize,Coking Coal,42.718,41.377,42.919228
2025-12-29,R005,Panamax,Thermal Coal,21.521,20.353,23.287636
2025-12-30,R005,Panamax,Thermal Coal,23.894,23.87,23.518225
2025-12-30,R001,Capesize,Coking Coal,29.741,29.373,29.483902
2025-12-30,R003,Kamsarmax,Coking Coal,26.105,28.486,27.910242
2025-12-30,R002,Panamax,Coking Coal,32.001,27.282,27.520897
2025-12-30,R008,Capesize,Coking Coal,44.35,44.332,43.26666
2025-12-30,R006,Panamax,Coking Coal,29.418,24.723,26.579103
2025-12-30,R007,Supramax,Coking Coal,27.427,24.675,24.494158
2025-12-30,R004,Capesize,Coking Coal,32.059,30.625,29.746986
2025-12-31,R002,Panamax,Coking Coal,29.568,25.402,27.465425
2025-12-31,R001,Capesize,Coking Coal,27.313,29.055,29.516376
2025-12-31,R004,Capesize,Coking Coal,32.848,31.178,29.342762
2025-12-31,R003,Kamsarmax,Coking Coal,27.035,28.629,28.30368
2025-12-31,R008,Capesize,Coking Coal,45.704,40.592,42.679516
2025-12-31,R006,Panamax,Coking Coal,29.298,25.231,26.561655
2025-12-31,R005,Panamax,Thermal Coal,21.162,24.572,23.139694
2025-12-31,R007,Supramax,Coking Coal,25.614,23.752,25.190874
2026-01-01,R004,Capesize,Coking Coal,32.965,29.777,31.095427
2026-01-01,R003,Kamsarmax,Coking Coal,29.379,27.777,28.64977
2026-01-01,R002,Panamax,Coking Coal,31.167,28.127,27.532068
2026-01-01,R005,Panamax,Thermal Coal,22.539,24.861,23.236652
2026-01-01,R006,Panamax,Coking Coal,27.987,29.157,25.921738
2026-01-01,R007,Supramax,Coking Coal,26.05,21.864,25.353428
2026-01-01,R008,Capesize,Coking Coal,44.668,45.338,43.533855
2026-01-01,R001,Capesize,Coking Coal,30.164,31.39,29.949917
2026-01-02,R002,Panamax,Coking Coal,29.783,26.596,27.850487
2026-01-02,R004,Capesize,Coking Coal,32.042,31.576,31.121626
2026-01-02,R006,Panamax,Coking Coal,27.704,27.079,26.759138
2026-01-02,R007,Supramax,Coking Coal,26.545,24.799,24.887207
2026-01-02,R003,Kamsarmax,Coking Coal,29.284,29.482,28.32128
2026-01-02,R001,Capesize,Coking Coal,30.849,30.686,30.109776
2026-01-02,R008,Capesize,Coking Coal,42.412,43.851,43.430378
2026-01-02,R005,Panamax,Thermal Coal,22.863,21.428,23.540968
2026-01-03,R008,Capesize,Coking Coal,45.256,43.593,43.54454
2026-01-03,R004,Capesize,Coking Coal,31.845,32.871,31.337067
2026-01-03,R002,Panamax,Coking Coal,28.55,25.715,27.548464
2026-01-03,R007,Supramax,Coking Coal,28.361,26.511,25.128237
2026-01-03,R006,Panamax,Coking Coal,27.305,28.746,26.639587
2026-01-03,R001,Capesize,Coking Coal,30.494,31.417,29.823023
2026-01-03,R005,Panamax,Thermal Coal,24.493,23.493,23.567635
2026-01-03,R003,Kamsarmax,Coking Coal,27.66,29.186,28.84985
2026-01-04,R007,Supramax,Coking Coal,26.301,25.887,25.21502
2026-01-04,R008,Capesize,Coking Coal,44.422,41.537,43.301353
2026-01-04,R005,Panamax,Thermal Coal,22.659,22.048,23.32718
2026-01-04,R006,Panamax,Coking Coal,26.249,24.861,27.144896
2026-01-04,R002,Panamax,Coking Coal,26.332,25.909,27.637423
2026-01-04,R004,Capesize,Coking Coal,31.449,31.126,30.965405
2026-01-04,R001,Capesize,Coking Coal,31.08,27.527,29.819408
2026-01-04,R003,Kamsarmax,Coking Coal,28.671,28.583,28.578884
2026-01-05,R007,Supramax,Coking Coal,23.572,23.04,25.350483
2026-01-05,R006,Panamax,Coking Coal,26.869,27.82,26.38554
2026-01-05,R004,Capesize,Coking Coal,31.296,28.49,31.758945
2026-01-05,R008,Capesize,Coking Coal,43.923,46.015,43.92861
2026-01-05,R005,Panamax,Thermal Coal,22.596,22.271,24.489271
2026-01-05,R002,Panamax,Coking Coal,27.721,27.871,27.40709
2026-01-05,R001,Capesize,Coking Coal,29.378,28.307,30.167843
2026-01-05,R003,Kamsarmax,Coking Coal,27.996,30.054,28.602423
2026-01-06,R004,Capesize,Coking Coal,32.629,32.611,30.743626
2026-01-06,R002,Panamax,Coking Coal,29.985,27.866,27.495258
2026-01-06,R006,Panamax,Coking Coal,27.864,27.052,26.893383
2026-01-06,R007,Supramax,Coking Coal,27.116,25.646,24.376001
2026-01-06,R008,Capesize,Coking Coal,44.456,46.298,43.79297
2026-01-06,R003,Kamsarmax,Coking Coal,31.387,28.501,28.487738
2026-01-06,R001,Capesize,Coking Coal,32.313,30.833,29.782192
2026-01-06,R005,Panamax,Thermal Coal,24.911,20.387,22.81688
2026-01-07,R004,Capesize,Coking Coal,33.548,31.979,30.916513
2026-01-07,R003,Kamsarmax,Coking Coal,26.892,27.675,28.862751
2026-01-07,R006,Panamax,Coking Coal,31.212,28.856,27.126411
2026-01-07,R001,Capesize,Coking Coal,31.327,30.683,30.260876
2026-01-07,R002,Panamax,Coking Coal,29.091,26.032,28.306156
2026-01-07,R005,Panamax,Thermal Coal,23.431,25.194,23.34532
2026-01-07,R008,Capesize,Coking Coal,44.826,42.067,44.07031
2026-01-07,R007,Supramax,Coking Coal,26.413,23.693,24.629269
2026-01-08,R006,Panamax,Coking Coal,28.919,24.134,26.655739
2026-01-08,R002,Panamax,Coking Coal,28.704,26.478,27.41587
2026-01-08,R004,Capesize,Coking Coal,31.67,28.297,30.554564
2026-01-08,R007,Supramax,Coking Coal,28.095,25.708,24.54307
2026-01-08,R008,Capesize,Coking Coal,40.976,42.169,43.463955
2026-01-08,R005,Panamax,Thermal Coal,21.746,22.499,23.194208
2026-01-08,R003,Kamsarmax,Coking Coal,29.739,26.371,28.204308
2026-01-08,R001,Capesize,Coking Coal,31.093,29.703,30.189177
2026-01-09,R002,Panamax,Coking Coal,28.711,30.22,27.543978
2026-01-09,R004,Capesize,Coking Coal,31.634,32.777,31.157068
2026-01-09,R007,Supramax,Coking Coal,26.422,25.801,24.677202
2026-01-09,R006,Panamax,Coking Coal,27.618,28.497,26.769543
2026-01-09,R003,Kamsarmax,Coking Coal,29.149,29.119,28.476963
2026-01-09,R008,Capesize,Coking Coal,41.579,43.734,43.696404
2026-01-09,R005,Panamax,Thermal Coal,22.765,21.846,23.093847
2026-01-09,R001,Capesize,Coking Coal,29.343,27.373,29.880886
2026-01-10,R007,Supramax,Coking Coal,24.518,24.399,24.743938
2026-01-10,R001,Capesize,Coking Coal,29.965,28.317,30.213022
2026-01-10,R003,Kamsarmax,Coking Coal,30.072,24.71,27.713936
2026-01-10,R005,Panamax,Thermal Coal,23.723,19.364,23.362022
2026-01-10,R004,Capesize,Coking Coal,32.944,28.914,30.868574
2026-01-10,R008,Capesize,Coking Coal,45.886,42.155,44.16974
2026-01-10,R002,Panamax,Coking Coal,30.001,25.881,28.329811
2026-01-10,R006,Panamax,Coking Coal,27.587,21.722,26.838196
2026-01-11,R002,Panamax,Coking Coal,29.638,26.071,28.439592
2026-01-11,R005,Panamax,Thermal Coal,23.684,23.862,23.294233
2026-01-11,R008,Capesize,Coking Coal,45.978,43.117,43.70089
2026-01-11,R004,Capesize,Coking Coal,31.991,30.392,31.0234
2026-01-11,R003,Kamsarmax,Coking Coal,30.379,28.873,28.254793
2026-01-11,R001,Capesize,Coking Coal,30.659,28.633,29.587416
2026-01-11,R007,Supramax,Coking Coal,26.706,26.452,24.616083
2026-01-11,R006,Panamax,Coking Coal,26.318,25.325,26.43453
2026-01-12,R003,Kamsarmax,Coking Coal,29.345,28.258,28.578295
2026-01-12,R004,Capesize,Coking Coal,32.287,31.688,31.177124
2026-01-12,R002,Panamax,Coking Coal,29.553,27.572,27.840794
2026-01-12,R005,Panamax,Thermal Coal,23.623,21.521,23.936966
2026-01-12,R006,Panamax,Coking Coal,28.795,25.452,26.42084
2026-01-12,R008,Capesize,Coking Coal,45.659,42.718,44.201557
2026-01-12,R001,Capesize,Coking Coal,34.648,29.789,29.602709
2026-01-12,R007,Supramax,Coking Coal,26.086,25.358,24.88954
2026-01-13,R006,Panamax,Coking Coal,25.796,29.418,26.282646
2026-01-13,R001,Capesize,Coking Coal,32.126,29.741,29.95837
2026-01-13,R003,Kamsarmax,Coking Coal,30.387,26.105,28.83497
2026-01-13,R005,Panamax,Thermal Coal,21.664,23.894,23.55181
2026-01-13,R002,Panamax,Coking Coal,29.701,32.001,27.85354
2026-01-13,R004,Capesize,Coking Coal,30.703,32.059,31.609869
2026-01-13,R007,Supramax,Coking Coal,23.614,27.427,24.82368
2026-01-13,R008,Capesize,Coking Coal,45.116,44.35,44.214325
2026-01-14,R005,Panamax,Thermal Coal,22.076,21.162,23.378805
2026-01-14,R007,Supramax,Coking Coal,26.617,25.614,24.991188
2026-01-14,R001,Capesize,Coking Coal,33.149,27.313,29.815475
2026-01-14,R002,Panamax,Coking Coal,29.503,29.568,28.339294
2026-01-14,R004,Capesize,Coking Coal,32.419,32.848,31.407509
2026-01-14,R006,Panamax,Coking Coal,30.435,29.298,26.327513
2026-01-14,R003,Kamsarmax,Coking Coal,30.435,27.035,27.854277
2026-01-14,R008,Capesize,Coking Coal,43.987,45.704,43.599358
2026-01-15,R007,Supramax,Coking Coal,25.162,26.05,25.00574
2026-01-15,R004,Capesize,Coking Coal,29.655,32.965,31.453823
2026-01-15,R001,Capesize,Coking Coal,31.67,30.164,29.627638
2026-01-15,R006,Panamax,Coking Coal,24.646,27.987,27.157137
2026-01-15,R003,Kamsarmax,Coking Coal,31.421,29.379,28.49058
2026-01-15,R005,Panamax,Thermal Coal,22.361,22.539,23.973984
2026-01-15,R008,Capesize,Coking Coal,46.041,44.668,44.04816
2026-01-15,R002,Panamax,Coking Coal,28.266,31.167,29.19657
2026-01-16,R008,Capesize,Coking Coal,46.421,42.412,44.028313
2026-01-16,R007,Supramax,Coking Coal,25.688,26.545,25.438414
2026-01-16,R002,Panamax,Coking Coal,30.464,29.783,28.203108
2026-01-16,R004,Capesize,Coking Coal,33.794,32.042,31.060345
2026-01-16,R001,Capesize,Coking Coal,31.999,30.849,29.627113
2026-01-16,R003,Kamsarmax,Coking Coal,34.308,29.284,28.228561
2026-01-16,R005,Panamax,Thermal Coal,23.901,22.863,23.19419
2026-01-16,R006,Panamax,Coking Coal,28.642,27.704,27.213177
2026-01-17,R001,Capesize,Coking Coal,29.189,30.494,29.651358
2026-01-17,R005,Panamax,Thermal Coal,23.817,24.493,23.371798
2026-01-17,R002,Panamax,Coking Coal,28.876,28.55,29.226873
2026-01-17,R007,Supramax,Coking Coal,25.637,28.361,25.67081
2026-01-17,R003,Kamsarmax,Coking Coal,29.798,27.66,28.759157
2026-01-17,R008,Capesize,Coking Coal,42.582,45.256,43.734383
2026-01-17,R004,Capesize,Coking Coal,31.377,31.845,32.132908
2026-01-17,R006,Panamax,Coking Coal,27.499,27.305,27.772785
2026-01-18,R005,Panamax,Thermal Coal,20.967,22.659,23.528288
2026-01-18,R003,Kamsarmax,Coking Coal,27.494,28.671,28.515484
2026-01-18,R006,Panamax,Coking Coal,28.809,26.249,27.258608
2026-01-18,R008,Capesize,Coking Coal,44.935,44.422,44.671246
2026-01-18,R002,Panamax,Coking Coal,29.506,26.332,29.00299
2026-01-18,R001,Capesize,Coking Coal,30.555,31.08,29.997368
2026-01-18,R004,Capesize,Coking Coal,33.249,31.449,31.875965
2026-01-18,R007,Supramax,Coking Coal,25.463,26.301,25.920473
2026-01-19,R001,Capesize,Coking Coal,27.869,29.378,30.186749
2026-01-19,R003,Kamsarmax,Coking Coal,30.225,27.996,28.558193
2026-01-19,R007,Supramax,Coking Coal,24.984,23.572,25.294682
2026-01-19,R004,Capesize,Coking Coal,29.079,31.296,31.003794
2026-01-19,R005,Panamax,Thermal Coal,25.086,22.596,23.892534
2026-01-19,R006,Panamax,Coking Coal,28.575,26.869,26.73732
2026-01-19,R008,Capesize,Coking Coal,44.931,43.923,44.567196
2026-01-19,R002,Panamax,Coking Coal,32.466,27.721,28.464394
2026-01-20,R004,Capesize,Coking Coal,29.891,32.629,31.394867
2026-01-20,R008,Capesize,Coking Coal,44.859,44.456,44.395123
2026-01-20,R003,Kamsarmax,Coking Coal,30.689,31.387,28.444988
2026-01-20,R005,Panamax,Thermal Coal,24.521,24.911,23.911398
2026-01-20,R002,Panamax,Coking Coal,29.029,29.985,29.443857
2026-01-20,R006,Panamax,Coking Coal,29.161,27.864,27.346855
2026-01-20,R001,Capesize,Coking Coal,30.926,32.313,30.159723
2026-01-20,R007,Supramax,Coking Coal,27.224,27.116,26.201809
2026-01-21,R005,Panamax,Thermal Coal,22.581,23.431,23.740885
2026-01-21,R002,Panamax,Coking Coal,29.947,29.091,29.14816
2026-01-21,R006,Panamax,Coking Coal,28.547,31.212,27.120523
2026-01-21,R008,Capesize,Coking Coal,43.83,44.826,45.177696
2026-01-21,R001,Capesize,Coking Coal,30.691,31.327,30.428717
2026-01-21,R007,Supramax,Coking Coal,27.786,26.413,25.725697
2026-01-21,R003,Kamsarmax,Coking Coal,30.635,26.892,28.608086
2026-01-21,R004,Capesize,Coking Coal,30.665,33.548,31.687471
2026-01-22,R003,Kamsarmax,Coking Coal,29.476,29.739,28.26132
2026-01-22,R006,Panamax,Coking Coal,27.289,28.919,27.511911
2026-01-22,R004,Capesize,Coking Coal,30.989,31.67,30.999332
2026-01-22,R005,Panamax,Thermal Coal,24.312,21.746,23.1824
2026-01-22,R007,Supramax,Coking Coal,25.829,28.095,25.695122
2026-01-22,R008,Capesize,Coking Coal,45.096,40.976,44.342525
2026-01-22,R001,Capesize,Coking Coal,32.4,31.093,30.599548
2026-01-22,R002,Panamax,Coking Coal,30.026,28.704,28.908773
2026-01-23,R001,Capesize,Coking Coal,31.189,29.343,30.513033
2026-01-23,R004,Capesize,Coking Coal,31.933,31.634,32.12224
2026-01-23,R003,Kamsarmax,Coking Coal,31.544,29.149,29.02313
2026-01-23,R002,Panamax,Coking Coal,30.942,28.711,28.883474
2026-01-23,R007,Supramax,Coking Coal,26.873,26.422,26.809175
2026-01-23,R005,Panamax,Thermal Coal,24.274,22.765,23.802282
2026-01-23,R008,Capesize,Coking Coal,46.109,41.579,44.564342
2026-01-23,R006,Panamax,Coking Coal,27.542,27.618,28.29789
2026-01-24,R004,Capesize,Coking Coal,32.425,32.944,31.799324
2026-01-24,R001,Capesize,Coking Coal,32.647,29.965,30.851501
2026-01-24,R003,Kamsarmax,Coking Coal,30.773,30.072,29.05742
2026-01-24,R002,Panamax,Coking Coal,29.83,30.001,28.526571
2026-01-24,R007,Supramax,Coking Coal,26.277,24.518,26.556475
2026-01-24,R006,Panamax,Coking Coal,30.234,27.587,27.348442
2026-01-24,R008,Capesize,Coking Coal,45.998,45.886,44.538277
2026-01-24,R005,Panamax,Thermal Coal,24.809,23.723,23.742971
2026-01-25,R003,Kamsarmax,Coking Coal,30.487,30.379,29.864202
2026-01-25,R004,Capesize,Coking Coal,31.735,31.991,31.625637
2026-01-25,R002,Panamax,Coking Coal,29.156,29.638,28.851856
2026-01-25,R008,Capesize,Coking Coal,44.865,45.978,45.272636
2026-01-25,R001,Capesize,Coking Coal,31.151,30.659,30.996752
2026-01-25,R007,Supramax,Coking Coal,27.666,26.706,26.10094
2026-01-25,R006,Panamax,Coking Coal,27.571,26.318,27.345648
2026-01-25,R005,Panamax,Thermal Coal,25.574,23.684,24.188074
2026-01-26,R008,Capesize,Coking Coal,48.136,45.659,44.40128
2026-01-26,R003,Kamsarmax,Coking Coal,28.496,29.345,29.190166
2026-01-26,R001,Capesize,Coking Coal,30.601,34.648,30.53106
2026-01-26,R006,Panamax,Coking Coal,28.471,28.795,27.158304
2026-01-26,R007,Supramax,Coking Coal,27.617,26.086,26.552038
2026-01-26,R002,Panamax,Coking Coal,30.814,29.553,28.202574
2026-01-26,R004,Capesize,Coking Coal,32.164,32.287,31.311829
2026-01-26,R005,Panamax,Thermal Coal,24.856,23.623,23.3711
2026-01-27,R006,Panamax,Coking Coal,30.702,25.796,27.524035
2026-01-27,R004,Capesize,Coking Coal,31.982,30.703,31.637205
2026-01-27,R003,Kamsarmax,Coking Coal,31.77,30.387,29.277004
2026-01-27,R005,Panamax,Thermal Coal,24.014,21.664,23.073685
2026-01-27,R008,Capesize,Coking Coal,45.025,45.116,44.2822
2026-01-27,R002,Panamax,Coking Coal,31.088,29.701,28.563
2026-01-27,R001,Capesize,Coking Coal,31.618,32.126,31.121002
2026-01-27,R007,Supramax,Coking Coal,28.727,23.614,25.749517
2026-01-28,R008,Capesize,Coking Coal,43.915,43.987,45.383636
2026-01-28,R006,Panamax,Coking Coal,27.342,30.435,27.352205
2026-01-28,R007,Supramax,Coking Coal,26.321,26.617,26.48492
2026-01-28,R002,Panamax,Coking Coal,30.729,29.503,28.7976
2026-01-28,R004,Capesize,Coking Coal,32.527,32.419,32.17873
2026-01-28,R001,Capesize,Coking Coal,28.7,33.149,31.023645
2026-01-28,R003,Kamsarmax,Coking Coal,29.8,30.435,29.245321
2026-01-28,R005,Panamax,Thermal Coal,23.771,22.076,23.24565
2026-01-29,R007,Supramax,Coking Coal,24.1,25.162,25.768747
2026-01-29,R005,Panamax,Thermal Coal,24.253,22.361,22.771097
2026-01-29,R006,Panamax,Coking Coal,26.355,24.646,28.327173
2026-01-29,R003,Kamsarmax,Coking Coal,30.068,31.421,29.079647
2026-01-29,R004,Capesize,Coking Coal,31.254,29.655,31.281548
2026-01-29,R002,Panamax,Coking Coal,30.396,28.266,28.971817
2026-01-29,R001,Capesize,Coking Coal,30.633,31.67,30.936304
2026-01-29,R008,Capesize,Coking Coal,46.064,46.041,44.438507
2026-01-30,R008,Capesize,Coking Coal,44.244,46.421,45.173904
2026-01-30,R002,Panamax,Coking Coal,32.147,30.464,29.148825
2026-01-30,R006,Panamax,Coking Coal,28.97,28.642,27.535065
2026-01-30,R001,Capesize,Coking Coal,33.687,31.999,31.704506
2026-01-30,R005,Panamax,Thermal Coal,24.885,23.901,24.09537
2026-01-30,R007,Supramax,Coking Coal,28.578,25.688,26.17973
2026-01-30,R004,Capesize,Coking Coal,31.534,33.794,31.987198
2026-01-30,R003,Kamsarmax,Coking Coal,31.281,34.308,29.904247
2026-01-31,R001,Capesize,Coking Coal,32.24,29.189,30.996916
2026-01-31,R008,Capesize,Coking Coal,43.126,42.582,44.454937
2026-01-31,R007,Supramax,Coking Coal,25.961,25.637,26.299444
2026-01-31,R006,Panamax,Coking Coal,30.222,27.499,27.46614
2026-01-31,R003,Kamsarmax,Coking Coal,30.219,29.798,29.901827
2026-01-31,R005,Panamax,Thermal Coal,24.393,23.817,22.95141
2026-01-31,R004,Capesize,Coking Coal,32.671,31.377,32.11909
2026-01-31,R002,Panamax,Coking Coal,28.249,28.876,29.224081
2026-02-01,R003,Kamsarmax,Coking Coal,30.506,27.494,29.995005
2026-02-01,R007,Supramax,Coking Coal,28.308,25.463,25.660797
2026-02-01,R004,Capesize,Coking Coal,32.323,33.249,31.030415
2026-02-01,R005,Panamax,Thermal Coal,24.773,20.967,22.839642
2026-02-01,R008,Capesize,Coking Coal,47.309,44.935,43.9603
2026-02-01,R002,Panamax,Coking Coal,31.974,29.506,28.886118
2026-02-01,R006,Panamax,Coking Coal,28.785,28.809,27.021702
2026-02-01,R001,Capesize,Coking Coal,31.1,30.555,30.969105
2026-02-02,R006,Panamax,Coking Coal,29.954,28.575,27.778093
2026-02-02,R008,Capesize,Coking Coal,48.273,44.931,45.261013
2026-02-02,R004,Capesize,Coking Coal,34.135,29.079,31.482248
2026-02-02,R005,Panamax,Thermal Coal,23.732,25.086,23.201067
2026-02-02,R003,Kamsarmax,Coking Coal,31.326,30.225,29.902166
2026-02-02,R007,Supramax,Coking Coal,25.848,24.984,26.056347
2026-02-02,R001,Capesize,Coking Coal,31.627,27.869,31.581934
2026-02-02,R002,Panamax,Coking Coal,32.479,32.466,28.973991
2026-02-03,R002,Panamax,Coking Coal,30.788,29.029,29.17265
2026-02-03,R001,Capesize,Coking Coal,33.591,30.926,31.127384
2026-02-03,R005,Panamax,Thermal Coal,26.807,24.521,23.293877
2026-02-03,R004,Capesize,Coking Coal,31.97,29.891,31.240711
2026-02-03,R008,Capesize,Coking Coal,45.782,44.859,44.78935
2026-02-03,R003,Kamsarmax,Coking Coal,30.432,30.689,30.272663
2026-02-03,R006,Panamax,Coking Coal,28.687,29.161,27.881355
2026-02-03,R007,Supramax,Coking Coal,29.11,27.224,25.82116
2026-02-04,R004,Capesize,Coking Coal,32.594,30.665,31.326366
2026-02-04,R003,Kamsarmax,Coking Coal,29.806,30.635,29.531992
2026-02-04,R006,Panamax,Coking Coal,27.979,28.547,27.74234
2026-02-04,R001,Capesize,Coking Coal,32.572,30.691,30.933825
2026-02-04,R008,Capesize,Coking Coal,45.67,43.83,44.31791
2026-02-04,R007,Supramax,Coking Coal,27.796,27.786,25.567873
2026-02-04,R002,Panamax,Coking Coal,30.453,29.947,29.295176
2026-02-04,R005,Panamax,Thermal Coal,22.787,22.581,23.116722
2026-02-05,R006,Panamax,Coking Coal,31.743,27.289,27.939926
2026-02-05,R003,Kamsarmax,Coking Coal,31.73,29.476,30.2227
2026-02-05,R004,Capesize,Coking Coal,29.616,30.989,30.779789
2026-02-05,R001,Capesize,Coking Coal,32.115,32.4,30.800673
2026-02-05,R005,Panamax,Thermal Coal,23.708,24.312,23.83399
2026-02-05,R007,Supramax,Coking Coal,28.239,25.829,26.101171
2026-02-05,R008,Capesize,Coking Coal,46.662,45.096,44.71047
2026-02-05,R002,Panamax,Coking Coal,31.217,30.026,29.186823
2026-02-06,R001,Capesize,Coking Coal,33.003,31.189,30.57359
2026-02-06,R005,Panamax,Thermal Coal,25.02,24.274,23.144394
2026-02-06,R003,Kamsarmax,Coking Coal,30.565,31.544,30.25073
2026-02-06,R007,Supramax,Coking Coal,28.075,26.873,26.392841
2026-02-06,R008,Capesize,Coking Coal,45.548,46.109,44.846077
2026-02-06,R006,Panamax,Coking Coal,29.673,27.542,27.516836
2026-02-06,R004,Capesize,Coking Coal,32.607,31.933,31.112606
2026-02-06,R002,Panamax,Coking Coal,30.626,30.942,28.99916
2026-02-07,R001,Capesize,Coking Coal,33.415,32.647,30.434267
2026-02-07,R002,Panamax,Coking Coal,30.785,29.83,29.990826
2026-02-07,R006,Panamax,Coking Coal,28.096,30.234,27.842493
2026-02-07,R003,Kamsarmax,Coking Coal,33.621,30.773,30.242811
2026-02-07,R005,Panamax,Thermal Coal,25.008,24.809,23.98705
2026-02-07,R004,Capesize,Coking Coal,32.95,32.425,31.539597
2026-02-07,R007,Supramax,Coking Coal,28.403,26.277,26.127735
2026-02-07,R008,Capesize,Coking Coal,46.776,45.998,45.209244
2026-02-08,R002,Panamax,Coking Coal,30.585,29.156,29.447659
2026-02-08,R008,Capesize,Coking Coal,45.661,44.865,45.081036
2026-02-08,R004,Capesize,Coking Coal,31.922,31.735,30.608875
2026-02-08,R006,Panamax,Coking Coal,32.74,27.571,27.530895
2026-02-08,R007,Supramax,Coking Coal,27.072,27.666,25.782696
2026-02-08,R003,Kamsarmax,Coking Coal,31.916,30.487,29.495724
2026-02-08,R005,Panamax,Thermal Coal,26.395,25.574,23.654789
2026-02-08,R001,Capesize,Coking Coal,32.749,31.151,30.93351
2026-02-09,R002,Panamax,Coking Coal,29.949,30.814,29.758814
2026-02-09,R008,Capesize,Coking Coal,46.69,48.136,44.895565
2026-02-09,R003,Kamsarmax,Coking Coal,32.348,28.496,30.11652
2026-02-09,R007,Supramax,Coking Coal,28.246,27.617,26.226274
2026-02-09,R005,Panamax,Thermal Coal,22.821,24.856,23.669172
2026-02-09,R004,Capesize,Coking Coal,33.136,32.164,30.778147
2026-02-09,R001,Capesize,Coking Coal,33.318,30.601,31.021452
2026-02-09,R006,Panamax,Coking Coal,30.667,28.471,27.648754
2026-02-10,R005,Panamax,Thermal Coal,23.847,24.014,24.05335
2026-02-10,R008,Capesize,Coking Coal,47.715,45.025,45.54731
2026-02-10,R001,Capesize,Coking Coal,33.54,31.618,31.05776
2026-02-10,R007,Supramax,Coking Coal,27.713,28.727,26.144142
2026-02-10,R002,Panamax,Coking Coal,32.76,31.088,29.920471
2026-02-10,R004,Capesize,Coking Coal,34.225,31.982,31.39798
2026-02-10,R003,Kamsarmax,Coking Coal,29.472,31.77,30.33139
2026-02-10,R006,Panamax,Coking Coal,29.412,30.702,27.769466
2026-02-11,R004,Capesize,Coking Coal,32.895,32.527,30.88461
2026-02-11,R001,Capesize,Coking Coal,31.573,28.7,31.026184
2026-02-11,R006,Panamax,Coking Coal,32.12,27.342,27.906925
2026-02-11,R008,Capesize,Coking Coal,46.079,43.915,45.183502
2026-02-11,R002,Panamax,Coking Coal,32.69,30.729,29.638405
2026-02-11,R003,Kamsarmax,Coking Coal,31.517,29.8,29.738607
2026-02-11,R005,Panamax,Thermal Coal,26.9,23.771,24.094643
2026-02-11,R007,Supramax,Coking Coal,25.744,26.321,26.709631
2026-02-12,R008,Capesize,Coking Coal,47.131,46.064,45.0537
2026-02-12,R003,Kamsarmax,Coking Coal,31.176,30.068,29.773527
2026-02-12,R007,Supramax,Coking Coal,27.075,24.1,26.190516
2026-02-12,R006,Panamax,Coking Coal,31.956,26.355,27.610632
2026-02-12,R002,Panamax,Coking Coal,32.284,30.396,28.714622
2026-02-12,R001,Capesize,Coking Coal,33.895,30.633,30.721588
2026-02-12,R004,Capesize,Coking Coal,33.547,31.254,30.912037
2026-02-12,R005,Panamax,Thermal Coal,24.816,24.253,24.040411
2026-02-13,R005,Panamax,Thermal Coal,25.606,24.885,24.592327
2026-02-13,R008,Capesize,Coking Coal,46.489,44.244,44.86756
2026-02-13,R006,Panamax,Coking Coal,31.44,28.97,27.868206
2026-02-13,R003,Kamsarmax,Coking Coal,32.222,31.281,29.885818
2026-02-13,R001,Capesize,Coking Coal,32.96,33.687,30.665556
2026-02-13,R007,Supramax,Coking Coal,28.708,28.578,26.439322
2026-02-13,R002,Panamax,Coking Coal,31.229,32.147,29.348597
2026-02-13,R004,Capesize,Coking Coal,32.424,31.534,30.926247
2026-02-14,R007,Supramax,Coking Coal,29.769,25.961,26.42403
2026-02-14,R004,Capesize,Coking Coal,33.43,32.671,30.63175
2026-02-14,R002,Panamax,Coking Coal,30.308,28.249,29.619614
2026-02-14,R008,Capesize,Coking Coal,46.007,43.126,45.145958
2026-02-14,R001,Capesize,Coking Coal,34.102,32.24,30.432264
2026-02-14,R005,Panamax,Thermal Coal,26.371,24.393,24.300827
2026-02-14,R003,Kamsarmax,Coking Coal,32.466,30.219,29.670204
2026-02-14,R006,Panamax,Coking Coal,30.947,30.222,27.693342
2026-02-15,R008,Capesize,Coking Coal,47.426,47.309,45.219254
2026-02-15,R004,Capesize,Coking Coal,29.47,32.323,30.81164
2026-02-15,R002,Panamax,Coking Coal,32.208,31.974,29.507053
2026-02-15,R006,Panamax,Coking Coal,28.589,28.785,28.047028
2026-02-15,R007,Supramax,Coking Coal,29.245,28.308,26.42036
2026-02-15,R001,Capesize,Coking Coal,34.954,31.1,30.476738
2026-02-15,R005,Panamax,Thermal Coal,24.098,24.773,23.781464
2026-02-15,R003,Kamsarmax,Coking Coal,31.103,30.506,29.706997
2026-02-16,R005,Panamax,Thermal Coal,23.992,23.732,24.121885
2026-02-16,R002,Panamax,Coking Coal,29.258,32.479,29.471096
2026-02-16,R006,Panamax,Coking Coal,28.944,29.954,27.921108
2026-02-16,R007,Supramax,Coking Coal,26.547,25.848,26.349148
2026-02-16,R001,Capesize,Coking Coal,31.602,31.627,30.525303
2026-02-16,R004,Capesize,Coking Coal,31.477,34.135,30.624628
2026-02-16,R003,Kamsarmax,Coking Coal,30.657,31.326,29.682718
2026-02-16,R008,Capesize,Coking Coal,47.879,48.273,45.300453
2026-02-17,R005,Panamax,Thermal Coal,25.07,26.807,24.536581
2026-02-17,R003,Kamsarmax,Coking Coal,32.059,30.432,29.856789
2026-02-17,R008,Capesize,Coking Coal,45.88,45.782,45.88335
2026-02-17,R004,Capesize,Coking Coal,31.213,31.97,30.736956
2026-02-17,R007,Supramax,Coking Coal,25.969,29.11,26.420315
2026-02-17,R002,Panamax,Coking Coal,31.851,30.788,29.547956
2026-02-17,R001,Capesize,Coking Coal,33.541,33.591,31.37021
2026-02-17,R006,Panamax,Coking Coal,29.115,28.687,28.125957
2026-02-18,R001,Capesize,Coking Coal,33.174,32.572,31.295174
2026-02-18,R002,Panamax,Coking Coal,27.944,30.453,29.629114
2026-02-18,R004,Capesize,Coking Coal,30.751,32.594,31.190197
2026-02-18,R005,Panamax,Thermal Coal,23.839,22.787,24.418365
2026-02-18,R006,Panamax,Coking Coal,28.837,27.979,28.080278
2026-02-18,R007,Supramax,Coking Coal,25.809,27.796,27.255198
2026-02-18,R003,Kamsarmax,Coking Coal,29.069,29.806,29.763443
2026-02-18,R008,Capesize,Coking Coal,48.43,45.67,45.489452
2026-02-19,R005,Panamax,Thermal Coal,28.413,23.708,23.065353
2026-02-19,R006,Panamax,Coking Coal,30.43,31.743,27.842693
2026-02-19,R003,Kamsarmax,Coking Coal,32.432,31.73,29.202269
2026-02-19,R007,Supramax,Coking Coal,27.588,28.239,27.03685
2026-02-19,R001,Capesize,Coking Coal,32.056,32.115,30.683563
2026-02-19,R004,Capesize,Coking Coal,34.125,29.616,31.030859
2026-02-19,R008,Capesize,Coking Coal,47.064,46.662,45.830997
2026-02-19,R002,Panamax,Coking Coal,31.395,31.217,29.609484
2026-02-20,R006,Panamax,Coking Coal,27.649,29.673,27.84276
2026-02-20,R004,Capesize,Coking Coal,33.238,32.607,30.666265
2026-02-20,R008,Capesize,Coking Coal,47.891,45.548,45.43163
2026-02-20,R003,Kamsarmax,Coking Coal,30.377,30.565,29.934353
2026-02-20,R001,Capesize,Coking Coal,32.358,33.003,31.500387
2026-02-20,R007,Supramax,Coking Coal,26.601,28.075,26.530655
2026-02-20,R005,Panamax,Thermal Coal,25.591,25.02,23.477345
2026-02-20,R002,Panamax,Coking Coal,29.546,30.626,29.494156
2026-02-21,R001,Capesize,Coking Coal,31.784,33.415,31.355501
2026-02-21,R008,Capesize,Coking Coal,46.963,46.776,45.794212
2026-02-21,R005,Panamax,Thermal Coal,23.388,25.008,24.156078
2026-02-21,R003,Kamsarmax,Coking Coal,32.859,33.621,29.760334
2026-02-21,R007,Supramax,Coking Coal,28.217,28.403,26.748684
2026-02-21,R006,Panamax,Coking Coal,29.174,28.096,28.36718
2026-02-21,R004,Capesize,Coking Coal,30.41,32.95,31.198223
2026-02-21,R002,Panamax,Coking Coal,31.812,30.785,29.489082
2026-02-22,R007,Supramax,Coking Coal,26.937,27.072,27.024424
2026-02-22,R005,Panamax,Thermal Coal,25.262,26.395,23.577028
2026-02-22,R006,Panamax,Coking Coal,28.784,32.74,28.201052
2026-02-22,R002,Panamax,Coking Coal,30.564,30.585,29.696226
2026-02-22,R004,Capesize,Coking Coal,30.33,31.922,31.046621
2026-02-22,R008,Capesize,Coking Coal,50.084,45.661,45.806435
2026-02-22,R001,Capesize,Coking Coal,35.309,32.749,31.658545
2026-02-22,R003,Kamsarmax,Coking Coal,33.372,31.916,29.777145
2026-02-23,R002,Panamax,Coking Coal,33.058,29.949,29.668415
2026-02-23,R008,Capesize,Coking Coal,48.651,46.69,45.333073
2026-02-23,R003,Kamsarmax,Coking Coal,31.455,32.348,30.260132
2026-02-23,R001,Capesize,Coking Coal,33.343,33.318,31.4831
2026-02-23,R006,Panamax,Coking Coal,30.71,30.667,28.763794
2026-02-23,R005,Panamax,Thermal Coal,28.129,22.821,23.361496
2026-02-23,R007,Supramax,Coking Coal,28.695,28.246,26.837664
2026-02-23,R004,Capesize,Coking Coal,32.826,33.136,31.024063
2026-02-24,R008,Capesize,Coking Coal,46.901,47.715,45.670593
2026-02-24,R006,Panamax,Coking Coal,26.878,29.412,28.858866
2026-02-24,R004,Capesize,Coking Coal,32.039,34.225,30.897417
2026-02-24,R007,Supramax,Coking Coal,25.547,27.713,26.63811
2026-02-24,R003,Kamsarmax,Coking Coal,32.801,29.472,30.519327
2026-02-24,R001,Capesize,Coking Coal,32.432,33.54,31.603756
2026-02-24,R002,Panamax,Coking Coal,31.456,32.76,29.434809
2026-02-24,R005,Panamax,Thermal Coal,24.881,23.847,23.22892
2026-02-25,R003,Kamsarmax,Coking Coal,34.672,31.517,30.133425
2026-02-25,R001,Capesize,Coking Coal,33.368,31.573,31.188555
2026-02-25,R002,Panamax,Coking Coal,32.108,32.69,29.402353
2026-02-25,R008,Capesize,Coking Coal,46.815,46.079,45.297092
2026-02-25,R007,Supramax,Coking Coal,27.75,25.744,26.523642
2026-02-25,R005,Panamax,Thermal Coal,25.379,26.9,23.366673
2026-02-25,R006,Panamax,Coking Coal,31.381,32.12,28.652966
2026-02-25,R004,Capesize,Coking Coal,35.735,32.895,31.148422
2026-02-26,R007,Supramax,Coking Coal,28.341,27.075,26.705452
2026-02-26,R008,Capesize,Coking Coal,46.582,47.131,45.398354
2026-02-26,R006,Panamax,Coking Coal,30.168,31.956,28.636066
2026-02-26,R003,Kamsarmax,Coking Coal,32.676,31.176,30.434624
2026-02-26,R001,Capesize,Coking Coal,30.995,33.895,31.547192
2026-02-26,R005,Panamax,Thermal Coal,25.83,24.816,24.080494
2026-02-26,R002,Panamax,Coking Coal,30.213,32.284,29.617758
2026-02-26,R004,Capesize,Coking Coal,30.993,33.547,31.369303
2026-02-27,R006,Panamax,Coking Coal,29.843,31.44,28.88866
2026-02-27,R003,Kamsarmax,Coking Coal,33.011,32.222,30.224312
2026-02-27,R008,Capesize,Coking Coal,46.963,46.489,45.763493
2026-02-27,R007,Supramax,Coking Coal,29.259,28.708,26.631193
2026-02-27,R005,Panamax,Thermal Coal,25.173,25.606,24.166475
2026-02-27,R001,Capesize,Coking Coal,35.14,32.96,31.45679
2026-02-27,R004,Capesize,Coking Coal,33.665,32.424,31.46861
2026-02-27,R002,Panamax,Coking Coal,29.69,31.229,29.797277
2026-02-28,R003,Kamsarmax,Coking Coal,31.547,32.466,30.520609
2026-02-28,R008,Capesize,Coking Coal,49.273,46.007,45.961502
2026-02-28,R006,Panamax,Coking Coal,32.337,30.947,29.507204
2026-02-28,R004,Capesize,Coking Coal,35.002,33.43,32.152206
2026-02-28,R007,Supramax,Coking Coal,28.558,29.769,26.977718
2026-02-28,R001,Capesize,Coking Coal,32.177,34.102,31.949984
2026-02-28,R002,Panamax,Coking Coal,32.502,30.308,30.622889
2026-02-28,R005,Panamax,Thermal Coal,27.507,26.371,23.431244
2026-03-01,R004,Capesize,Coking Coal,31.216,29.47,30.962152
2026-03-01,R002,Panamax,Coking Coal,29.387,32.208,29.580057
2026-03-01,R006,Panamax,Coking Coal,27.678,28.589,28.71876
2026-03-01,R001,Capesize,Coking Coal,32.139,34.954,31.333073
2026-03-01,R007,Supramax,Coking Coal,27.301,29.245,26.328531
2026-03-01,R008,Capesize,Coking Coal,46.071,47.426,44.985043
2026-03-01,R005,Panamax,Thermal Coal,23.029,24.098,23.828526
2026-03-01,R003,Kamsarmax,Coking Coal,29.889,31.103,30.379267
2026-03-02,R006,Panamax,Coking Coal,28.5,28.944,28.693419
2026-03-02,R008,Capesize,Coking Coal,48.47,47.879,45.41804
2026-03-02,R005,Panamax,Thermal Coal,23.136,23.992,23.510023
2026-03-02,R004,Capesize,Coking Coal,33.112,31.477,31.568193
2026-03-02,R007,Supramax,Coking Coal,27.603,26.547,26.086445
2026-03-02,R001,Capesize,Coking Coal,30.43,31.602,32.044094
2026-03-02,R002,Panamax,Coking Coal,29.699,29.258,29.702545
2026-03-02,R003,Kamsarmax,Coking Coal,28.572,30.657,30.632526
2026-03-03,R003,Kamsarmax,Coking Coal,30.078,32.059,29.599442
2026-03-03,R001,Capesize,Coking Coal,30.534,33.541,31.25728
2026-03-03,R005,Panamax,Thermal Coal,26.349,25.07,23.955938
2026-03-03,R006,Panamax,Coking Coal,28.5,29.115,28.326206
2026-03-03,R002,Panamax,Coking Coal,30.013,31.851,29.683088
2026-03-03,R004,Capesize,Coking Coal,33.355,31.213,31.565742
2026-03-03,R007,Supramax,Coking Coal,30.168,25.969,26.321585
2026-03-03,R008,Capesize,Coking Coal,45.672,45.88,45.569855
2026-03-04,R003,Kamsarmax,Coking Coal,28.639,29.069,30.11161
2026-03-04,R007,Supramax,Coking Coal,30.093,25.809,25.951412
2026-03-04,R002,Panamax,Coking Coal,30.376,27.944,28.962711
2026-03-04,R008,Capesize,Coking Coal,45.812,48.43,45.80465
2026-03-04,R005,Panamax,Thermal Coal,23.872,23.839,23.744493
2026-03-04,R006,Panamax,Coking Coal,31.476,28.837,28.342268
2026-03-04,R001,Capesize,Coking Coal,31.763,33.174,31.897493
2026-03-04,R004,Capesize,Coking Coal,35.058,30.751,31.47539
2026-03-05,R004,Capesize,Coking Coal,34.193,34.125,30.835901
2026-03-05,R005,Panamax,Thermal Coal,25.579,28.413,23.926281
2026-03-05,R008,Capesize,Coking Coal,45.497,47.064,45.499542
2026-03-05,R002,Panamax,Coking Coal,31.996,31.395,29.465376
2026-03-05,R006,Panamax,Coking Coal,32.563,30.43,28.6359
2026-03-05,R003,Kamsarmax,Coking Coal,31.648,32.432,29.613815
2026-03-05,R001,Capesize,Coking Coal,34.629,32.056,32.19264
2026-03-05,R007,Supramax,Coking Coal,30.455,27.588,26.291924
2026-03-06,R002,Panamax,Coking Coal,28.841,29.546,28.927385
2026-03-06,R001,Capesize,Coking Coal,32.219,32.358,31.308342
2026-03-06,R005,Panamax,Thermal Coal,25.056,25.591,24.07702
2026-03-06,R003,Kamsarmax,Coking Coal,29.278,30.377,29.557854
2026-03-06,R008,Capesize,Coking Coal,48.778,47.891,44.937008
2026-03-06,R007,Supramax,Coking Coal,27.951,26.601,25.571735
2026-03-06,R004,Capesize,Coking Coal,33.117,33.238,30.765951
2026-03-06,R006,Panamax,Coking Coal,27.34,27.649,28.240637
2026-03-07,R006,Panamax,Coking Coal,28.739,29.174,28.903702
2026-03-07,R001,Capesize,Coking Coal,36.527,31.784,32.139603
2026-03-07,R003,Kamsarmax,Coking Coal,30.516,32.859,30.032679
2026-03-07,R008,Capesize,Coking Coal,44.097,46.963,46.039062
2026-03-07,R004,Capesize,Coking Coal,31.969,30.41,31.880966
2026-03-07,R007,Supramax,Coking Coal,29.588,28.217,26.75096
2026-03-07,R005,Panamax,Thermal Coal,25.868,23.388,24.720736
2026-03-07,R002,Panamax,Coking Coal,32.194,31.812,29.27937
2026-03-08,R005,Panamax,Thermal Coal,21.843,25.262,24.301302
2026-03-08,R004,Capesize,Coking Coal,32.675,30.33,31.468422
2026-03-08,R007,Supramax,Coking Coal,27.507,26.937,26.33401
2026-03-08,R003,Kamsarmax,Coking Coal,28.256,33.372,29.894909
2026-03-08,R002,Panamax,Coking Coal,31.42,30.564,29.946371
2026-03-08,R001,Capesize,Coking Coal,30.683,35.309,32.57458
2026-03-08,R006,Panamax,Coking Coal,26.718,28.784,28.89353
2026-03-08,R008,Capesize,Coking Coal,44.514,50.084,45.782288
2026-03-09,R007,Supramax,Coking Coal,27.31,28.695,26.476566
2026-03-09,R003,Kamsarmax,Coking Coal,29.561,31.455,30.407454
2026-03-09,R005,Panamax,Thermal Coal,23.312,28.129,24.415754
2026-03-09,R008,Capesize,Coking Coal,47.259,48.651,45.57887
2026-03-09,R006,Panamax,Coking Coal,29.28,30.71,28.40834
2026-03-09,R002,Panamax,Coking Coal,29.496,33.058,29.434282
2026-03-09,R004,Capesize,Coking Coal,31.916,32.826,31.371006
2026-03-09,R001,Capesize,Coking Coal,33.653,33.343,31.263554
2026-03-10,R002,Panamax,Coking Coal,27.985,31.456,29.70992
2026-03-10,R005,Panamax,Thermal Coal,24.377,24.881,24.691422
2026-03-10,R003,Kamsarmax,Coking Coal,32.828,32.801,30.603794
2026-03-10,R004,Capesize,Coking Coal,34.053,32.039,31.235254
2026-03-10,R007,Supramax,Coking Coal,27.735,25.547,26.150314
2026-03-10,R001,Capesize,Coking Coal,33.213,32.432,31.849548
2026-03-10,R008,Capesize,Coking Coal,48.238,46.901,45.761433
2026-03-10,R006,Panamax,Coking Coal,31.414,26.878,28.662252
2026-03-11,R005,Panamax,Thermal Coal,24.463,25.379,24.748484
2026-03-11,R007,Supramax,Coking Coal,27.562,27.75,26.434303
2026-03-11,R003,Kamsarmax,Coking Coal,31.068,34.672,30.47835
2026-03-11,R004,Capesize,Coking Coal,32.022,35.735,31.385935
2026-03-11,R008,Capesize,Coking Coal,45.615,46.815,45.714752
2026-03-11,R006,Panamax,Coking Coal,31.821,31.381,28.65178
2026-03-11,R002,Panamax,Coking Coal,30.601,32.108,29.853977
2026-03-11,R001,Capesize,Coking Coal,30.541,33.368,31.786919
2026-03-12,R008,Capesize,Coking Coal,45.629,46.582,45.853867
2026-03-12,R002,Panamax,Coking Coal,27.611,30.213,29.64025
2026-03-12,R006,Panamax,Coking Coal,30.656,30.168,28.52279
2026-03-12,R005,Panamax,Thermal Coal,25.033,25.83,24.689896
2026-03-12,R003,Kamsarmax,Coking Coal,29.805,32.676,30.543734
2026-03-12,R007,Supramax,Coking Coal,26.97,28.341,26.528214
2026-03-12,R004,Capesize,Coking Coal,34.202,30.993,31.624588
2026-03-12,R001,Capesize,Coking Coal,32.832,30.995,31.485365
2026-03-13,R003,Kamsarmax,Coking Coal,30.719,33.011,30.709013
2026-03-13,R007,Supramax,Coking Coal,26.685,29.259,26.646687
2026-03-13,R001,Capesize,Coking Coal,30.15,35.14,31.93786
2026-03-13,R006,Panamax,Coking Coal,29.396,29.843,28.361311
2026-03-13,R004,Capesize,Coking Coal,31.368,33.665,30.753946
2026-03-13,R002,Panamax,Coking Coal,26.495,29.69,28.92271
2026-03-13,R008,Capesize,Coking Coal,46.362,46.963,45.6627
2026-03-13,R005,Panamax,Thermal Coal,24.539,25.173,24.287388
2026-03-14,R004,Capesize,Coking Coal,33.809,35.002,31.219742
2026-03-14,R003,Kamsarmax,Coking Coal,30.033,31.547,30.977482
2026-03-14,R005,Panamax,Thermal Coal,27.728,27.507,24.663086
2026-03-14,R008,Capesize,Coking Coal,47.007,49.273,45.833076
2026-03-14,R007,Supramax,Coking Coal,26.01,28.558,26.607584
2026-03-14,R001,Capesize,Coking Coal,32.771,32.177,31.833345
2026-03-14,R006,Panamax,Coking Coal,29.812,32.337,29.166077
2026-03-14,R002,Panamax,Coking Coal,29.809,32.502,28.742336
2026-03-15,R001,Capesize,Coking Coal,31.833,32.139,31.65973
2026-03-15,R007,Supramax,Coking Coal,25.857,27.301,26.092047
2026-03-15,R003,Kamsarmax,Coking Coal,30.014,29.889,30.63217
2026-03-15,R004,Capesize,Coking Coal,32.852,31.216,31.00769
2026-03-15,R005,Panamax,Thermal Coal,26.626,23.029,23.875336
2026-03-15,R006,Panamax,Coking Coal,30.373,27.678,28.672981
2026-03-15,R002,Panamax,Coking Coal,30.408,29.387,29.088814
2026-03-15,R008,Capesize,Coking Coal,45.919,46.071,45.444145
2026-03-16,R008,Capesize,Coking Coal,46.965,48.47,45.500374
2026-03-16,R007,Supramax,Coking Coal,28.726,27.603,26.478838
2026-03-16,R006,Panamax,Coking Coal,28.182,28.5,28.504282
2026-03-16,R002,Panamax,Coking Coal,29.418,29.699,29.232262
2026-03-16,R003,Kamsarmax,Coking Coal,28.769,28.572,30.557337
2026-03-16,R001,Capesize,Coking Coal,32.561,30.43,30.782907
2026-03-16,R005,Panamax,Thermal Coal,24.814,23.136,24.130674
2026-03-16,R004,Capesize,Coking Coal,31.724,33.112,31.374205
2026-03-17,R005,Panamax,Thermal Coal,22.704,26.349,23.786959
2026-03-17,R006,Panamax,Coking Coal,28.264,28.5,28.31359
2026-03-17,R004,Capesize,Coking Coal,31.833,33.355,31.802347
2026-03-17,R008,Capesize,Coking Coal,45.871,45.672,45.040707
2026-03-17,R003,Kamsarmax,Coking Coal,27.068,30.078,30.34098
2026-03-17,R002,Panamax,Coking Coal,28.525,30.013,28.664099
2026-03-17,R007,Supramax,Coking Coal,26.565,30.168,25.862795
2026-03-17,R001,Capesize,Coking Coal,33.544,30.534,30.88583
2026-03-18,R006,Panamax,Coking Coal,26.139,31.476,28.254364
2026-03-18,R003,Kamsarmax,Coking Coal,32.711,28.639,30.642023
2026-03-18,R001,Capesize,Coking Coal,33.86,31.763,31.204645
2026-03-18,R004,Capesize,Coking Coal,31.926,35.058,31.637201
2026-03-18,R005,Panamax,Thermal Coal,28.411,23.872,24.39001
2026-03-18,R007,Supramax,Coking Coal,29.606,30.093,26.916182
2026-03-18,R008,Capesize,Coking Coal,47.293,45.812,45.462612
2026-03-18,R002,Panamax,Coking Coal,29.54,30.376,29.00761
2026-03-19,R002,Panamax,Coking Coal,31.951,31.996,29.250483
2026-03-19,R003,Kamsarmax,Coking Coal,27.535,31.648,29.980669
2026-03-19,R006,Panamax,Coking Coal,29.362,32.563,28.433187
2026-03-19,R005,Panamax,Thermal Coal,22.814,25.579,24.365053
2026-03-19,R001,Capesize,Coking Coal,31.941,34.629,31.454428
2026-03-19,R008,Capesize,Coking Coal,45.991,45.497,46.17972
2026-03-19,R004,Capesize,Coking Coal,34.87,34.193,31.866152
2026-03-19,R007,Supramax,Coking Coal,25.566,30.455,26.809914
2026-03-20,R004,Capesize,Coking Coal,30.595,33.117,32.277256
2026-03-20,R002,Panamax,Coking Coal,26.232,28.841,29.408373
2026-03-20,R008,Capesize,Coking Coal,44.553,48.778,46.090027
2026-03-20,R001,Capesize,Coking Coal,30.228,32.219,31.758358
2026-03-20,R006,Panamax,Coking Coal,26.595,27.34,28.6213
2026-03-20,R005,Panamax,Thermal Coal,22.425,25.056,24.117462
2026-03-20,R007,Supramax,Coking Coal,26.142,27.951,27.344381
2026-03-20,R003,Kamsarmax,Coking Coal,28.206,29.278,29.855894
2026-03-21,R001,Capesize,Coking Coal,30.871,36.527,31.245897
2026-03-21,R006,Panamax,Coking Coal,27.384,28.739,28.585371
2026-03-21,R003,Kamsarmax,Coking Coal,28.99,30.516,29.29492
2026-03-21,R007,Supramax,Coking Coal,27.47,29.588,26.899706
2026-03-21,R005,Panamax,Thermal Coal,25.116,25.868,24.049025
2026-03-21,R008,Capesize,Coking Coal,45.821,44.097,45.462193
2026-03-21,R004,Capesize,Coking Coal,30.822,31.969,31.767149
2026-03-21,R002,Panamax,Coking Coal,26.739,32.194,28.74339
2026-03-22,R008,Capesize,Coking Coal,42.587,44.514,45.62984
2026-03-22,R005,Panamax,Thermal Coal,25.726,21.843,23.391241
2026-03-22,R006,Panamax,Coking Coal,29.662,26.718,28.276737
2026-03-22,R003,Kamsarmax,Coking Coal,27.384,28.256,29.057825
2026-03-22,R004,Capesize,Coking Coal,31.812,32.675,30.548367
2026-03-22,R001,Capesize,Coking Coal,28.965,30.683,31.095955
2026-03-22,R002,Panamax,Coking Coal,29.916,31.42,28.694345
2026-03-22,R007,Supramax,Coking Coal,26.357,27.507,26.631136
2026-03-23,R001,Capesize,Coking Coal,29.468,33.653,31.22605
2026-03-23,R004,Capesize,Coking Coal,34.39,31.916,31.62997
2026-03-23,R006,Panamax,Coking Coal,28.74,29.28,28.788755
2026-03-23,R003,Kamsarmax,Coking Coal,28.022,29.561,29.134521
2026-03-23,R002,Panamax,Coking Coal,28.662,29.496,28.933289
2026-03-23,R007,Supramax,Coking Coal,28.531,27.31,27.044039
2026-03-23,R005,Panamax,Thermal Coal,26.529,23.312,23.279331
2026-03-23,R008,Capesize,Coking Coal,45.713,47.259,45.49315
2026-03-24,R004,Capesize,Coking Coal,33.064,34.053,31.403881
2026-03-24,R002,Panamax,Coking Coal,32.379,27.985,28.912941
2026-03-24,R005,Panamax,Thermal Coal,24.934,24.377,23.708204
2026-03-24,R008,Capesize,Coking Coal,45.935,48.238,45.939537
2026-03-24,R001,Capesize,Coking Coal,32.461,33.213,31.584787
2026-03-24,R007,Supramax,Coking Coal,27.602,27.735,26.77158
2026-03-24,R006,Panamax,Coking Coal,29.71,31.414,28.377615
2026-03-24,R003,Kamsarmax,Coking Coal,31.313,32.828,29.224934
2026-03-25,R004,Capesize,Coking Coal,31.076,32.022,31.799694
2026-03-25,R007,Supramax,Coking Coal,25.536,27.562,26.436779
2026-03-25,R006,Panamax,Coking Coal,28.722,31.821,28.989826
2026-03-25,R005,Panamax,Thermal Coal,24.03,24.463,24.055685
2026-03-25,R001,Capesize,Coking Coal,30.341,30.541,31.25659
2026-03-25,R002,Panamax,Coking Coal,30.907,30.601,28.973404
2026-03-25,R008,Capesize,Coking Coal,45.061,45.615,45.22615
2026-03-25,R003,Kamsarmax,Coking Coal,28.746,31.068,29.45573
2026-03-26,R002,Panamax,Coking Coal,28.838,27.611,28.93863
2026-03-26,R004,Capesize,Coking Coal,31.294,34.202,31.100327
2026-03-26,R005,Panamax,Thermal Coal,22.723,25.033,23.454758
2026-03-26,R008,Capesize,Coking Coal,43.916,45.629,45.489964
2026-03-26,R007,Supramax,Coking Coal,28.286,26.97,26.386953
2026-03-26,R006,Panamax,Coking Coal,29.165,30.656,28.695969
2026-03-26,R001,Capesize,Coking Coal,32.172,32.832,31.919168
2026-03-26,R003,Kamsarmax,Coking Coal,28.295,29.805,29.313845
2026-03-27,R001,Capesize,Coking Coal,29.394,30.15,31.543003
2026-03-27,R007,Supramax,Coking Coal,29.5,26.685,26.446966
2026-03-27,R004,Capesize,Coking Coal,32.5,31.368,31.312225
2026-03-27,R006,Panamax,Coking Coal,29.509,29.396,28.30877
2026-03-27,R003,Kamsarmax,Coking Coal,27.737,30.719,29.156124
2026-03-27,R008,Capesize,Coking Coal,46.927,46.362,45.324623
2026-03-27,R005,Panamax,Thermal Coal,25.106,24.539,23.818632
2026-03-27,R002,Panamax,Coking Coal,28.038,26.495,28.93933
2026-03-28,R008,Capesize,Coking Coal,44.157,47.007,45.602215
2026-03-28,R001,Capesize,Coking Coal,31.793,32.771,31.793507
2026-03-28,R005,Panamax,Thermal Coal,24.201,27.728,23.454277
2026-03-28,R002,Panamax,Coking Coal,28.508,29.809,29.111588
2026-03-28,R004,Capesize,Coking Coal,31.653,33.809,31.301535
2026-03-28,R006,Panamax,Coking Coal,29.812,29.812,29.07797
2026-03-28,R007,Supramax,Coking Coal,25.909,26.01,26.424519
2026-03-28,R003,Kamsarmax,Coking Coal,28.526,30.033,29.19023
2026-03-29,R007,Supramax,Coking Coal,28.225,25.857,26.094746
2026-03-29,R002,Panamax,Coking Coal,28.405,30.408,28.716309
2026-03-29,R004,Capesize,Coking Coal,31.257,32.852,31.30055
2026-03-29,R005,Panamax,Thermal Coal,25.383,26.626,24.33557
2026-03-29,R003,Kamsarmax,Coking Coal,28.803,30.014,29.134195
2026-03-29,R001,Capesize,Coking Coal,30.878,31.833,31.022694
2026-03-29,R006,Panamax,Coking Coal,27.891,30.373,28.44543
2026-03-29,R008,Capesize,Coking Coal,42.941,45.919,45.36268
2026-03-30,R003,Kamsarmax,Coking Coal,29.829,28.769,29.096422
2026-03-30,R005,Panamax,Thermal Coal,24.62,24.814,24.406796
2026-03-30,R007,Supramax,Coking Coal,28.03,28.726,26.364931
2026-03-30,R004,Capesize,Coking Coal,32.712,31.724,31.043236
2026-03-30,R002,Panamax,Coking Coal,27.837,29.418,28.78041
2026-03-30,R001,Capesize,Coking Coal,30.335,32.561,31.076244
2026-03-30,R008,Capesize,Coking Coal,42.935,46.965,45.203117
2026-03-30,R006,Panamax,Coking Coal,29.275,28.182,28.222366
2026-03-31,R001,Capesize,Coking Coal,31.172,33.544,31.11271
2026-03-31,R006,Panamax,Coking Coal,27.62,28.264,28.013144
2026-03-31,R003,Kamsarmax,Coking Coal,29.399,27.068,29.421453
2026-03-31,R008,Capesize,Coking Coal,43.482,45.871,45.232197
2026-03-31,R005,Panamax,Thermal Coal,24.525,22.704,24.18004
2026-03-31,R007,Supramax,Coking Coal,26.285,26.565,25.85551
2026-03-31,R004,Capesize,Coking Coal,31.988,31.833,31.758057
2026-03-31,R002,Panamax,Coking Coal,28.733,28.525,28.071024
2026-04-01,R004,Capesize,Coking Coal,31.023,31.926,31.541319
2026-04-01,R002,Panamax,Coking Coal,26.735,29.54,28.751825
2026-04-01,R007,Supramax,Coking Coal,24.627,29.606,25.755106
2026-04-01,R006,Panamax,Coking Coal,26.82,26.139,28.42016
2026-04-01,R001,Capesize,Coking Coal,29.576,33.86,31.06838
2026-04-01,R003,Kamsarmax,Coking Coal,26.598,32.711,28.867882
2026-04-01,R008,Capesize,Coking Coal,42.116,47.293,44.575497
2026-04-01,R005,Panamax,Thermal Coal,21.758,28.411,23.736668
2026-04-02,R005,Panamax,Thermal Coal,24.519,22.814,24.182085
2026-04-02,R002,Panamax,Coking Coal,26.02,31.951,27.914303
2026-04-02,R007,Supramax,Coking Coal,25.35,25.566,25.906322
2026-04-02,R004,Capesize,Coking Coal,30.801,34.87,32.171955
2026-04-02,R003,Kamsarmax,Coking Coal,29.113,27.535,29.29752
2026-04-02,R001,Capesize,Coking Coal,30.555,31.941,31.173672
2026-04-02,R006,Panamax,Coking Coal,27.46,29.362,27.68832
2026-04-02,R008,Capesize,Coking Coal,41.438,45.991,45.185642
2026-04-03,R005,Panamax,Thermal Coal,23.33,22.425,24.406725
2026-04-03,R003,Kamsarmax,Coking Coal,28.612,28.206,29.208563
2026-04-03,R001,Capesize,Coking Coal,31.554,30.228,30.175274
2026-04-03,R006,Panamax,Coking Coal,26.735,26.595,27.282642
2026-04-03,R002,Panamax,Coking Coal,29.214,26.232,28.070627
2026-04-03,R008,Capesize,Coking Coal,42.09,44.553,44.86691
2026-04-03,R007,Supramax,Coking Coal,24.976,26.142,25.708961
2026-04-03,R004,Capesize,Coking Coal,32.781,30.595,30.467009
2026-04-04,R001,Capesize,Coking Coal,30.331,30.871,30.591484
2026-04-04,R004,Capesize,Coking Coal,30.628,30.822,30.826874
2026-04-04,R008,Capesize,Coking Coal,44.049,45.821,45.161346
2026-04-04,R007,Supramax,Coking Coal,25.814,27.47,25.685194
2026-04-04,R006,Panamax,Coking Coal,25.914,27.384,27.176205
2026-04-04,R005,Panamax,Thermal Coal,22.687,25.116,24.468437
2026-04-04,R003,Kamsarmax,Coking Coal,27.147,28.99,28.829514
2026-04-04,R002,Panamax,Coking Coal,29.009,26.739,28.283667
2026-04-05,R001,Capesize,Coking Coal,28.233,28.965,30.51106
2026-04-05,R004,Capesize,Coking Coal,32.802,31.812,30.514627
2026-04-05,R006,Panamax,Coking Coal,28.098,29.662,27.670078
2026-04-05,R002,Panamax,Coking Coal,28.47,29.916,28.41186
2026-04-05,R008,Capesize,Coking Coal,44.666,42.587,45.051365
2026-04-05,R007,Supramax,Coking Coal,24.935,26.357,26.43997
2026-04-05,R005,Panamax,Thermal Coal,24.47,25.726,23.932306
2026-04-05,R003,Kamsarmax,Coking Coal,28.222,27.384,28.985035
2026-04-06,R006,Panamax,Coking Coal,28.438,28.74,27.76095
2026-04-06,R005,Panamax,Thermal Coal,23.479,26.529,24.138863
2026-04-06,R001,Capesize,Coking Coal,28.849,29.468,31.313225
2026-04-06,R003,Kamsarmax,Coking Coal,27.656,28.022,28.603477
2026-04-06,R008,Capesize,Coking Coal,43.35,45.713,45.387115
2026-04-06,R004,Capesize,Coking Coal,31.315,34.39,31.472
2026-04-06,R007,Supramax,Coking Coal,24.913,28.531,26.127533
2026-04-06,R002,Panamax,Coking Coal,28.134,28.662,27.933647
2026-04-07,R003,Kamsarmax,Coking Coal,25.99,31.313,29.097784
2026-04-07,R007,Supramax,Coking Coal,22.522,27.602,26.292288
2026-04-07,R001,Capesize,Coking Coal,29.108,32.461,30.820965
2026-04-07,R004,Capesize,Coking Coal,29.022,33.064,31.921597
2026-04-07,R006,Panamax,Coking Coal,28.231,29.71,28.227667
2026-04-07,R005,Panamax,Thermal Coal,22.916,24.934,24.574968
2026-04-07,R002,Panamax,Coking Coal,29.515,32.379,28.451096
2026-04-07,R008,Capesize,Coking Coal,44.181,45.935,44.56364
2026-04-08,R004,Capesize,Coking Coal,30.801,31.076,31.184353
2026-04-08,R001,Capesize,Coking Coal,28.784,30.341,30.577362
2026-04-08,R002,Panamax,Coking Coal,26.794,30.907,28.557076
2026-04-08,R007,Supramax,Coking Coal,23.777,25.536,25.631006
2026-04-08,R006,Panamax,Coking Coal,25.973,28.722,27.570322
2026-04-08,R008,Capesize,Coking Coal,43.711,45.061,44.783703
2026-04-08,R005,Panamax,Thermal Coal,22.725,24.03,24.060465
2026-04-08,R003,Kamsarmax,Coking Coal,29.384,28.746,28.714436
2026-04-09,R003,Kamsarmax,Coking Coal,29.289,28.295,28.480955
2026-04-09,R002,Panamax,Coking Coal,25.693,28.838,28.116459
2026-04-09,R004,Capesize,Coking Coal,29.405,31.294,31.314644
2026-04-09,R005,Panamax,Thermal Coal,23.786,22.723,23.542578
2026-04-09,R006,Panamax,Coking Coal,27.468,29.165,27.685036
2026-04-09,R001,Capesize,Coking Coal,30.135,32.172,30.039366
2026-04-09,R007,Supramax,Coking Coal,25.36,28.286,25.997278
2026-04-09,R008,Capesize,Coking Coal,43.365,43.916,44.369083
2026-04-10,R004,Capesize,Coking Coal,30.131,32.5,30.853792
2026-04-10,R003,Kamsarmax,Coking Coal,27.536,27.737,28.508585
2026-04-10,R007,Supramax,Coking Coal,26.774,29.5,26.075514
2026-04-10,R008,Capesize,Coking Coal,42.411,46.927,44.576904
2026-04-10,R005,Panamax,Thermal Coal,22.884,25.106,23.940966
2026-04-10,R001,Capesize,Coking Coal,29.541,29.394,30.304674
2026-04-10,R002,Panamax,Coking Coal,27.284,28.038,28.16611
2026-04-10,R006,Panamax,Coking Coal,26.576,29.509,27.511553
2026-04-11,R005,Panamax,Thermal Coal,22.878,24.201,24.044939
2026-04-11,R003,Kamsarmax,Coking Coal,29.456,28.526,28.439232
2026-04-11,R001,Capesize,Coking Coal,29.292,31.793,29.924208
2026-04-11,R006,Panamax,Coking Coal,29.83,29.812,27.91154
2026-04-11,R004,Capesize,Coking Coal,32.065,31.653,31.216072
2026-04-11,R008,Capesize,Coking Coal,46.252,44.157,44.28492
2026-04-11,R002,Panamax,Coking Coal,30.526,28.508,28.771908
2026-04-11,R007,Supramax,Coking Coal,25.004,25.909,25.890184
2026-04-12,R006,Panamax,Coking Coal,27.591,27.891,27.535028
2026-04-12,R003,Kamsarmax,Coking Coal,30.472,28.803,28.24782
2026-04-12,R002,Panamax,Coking Coal,24.455,28.405,28.39181
2026-04-12,R005,Panamax,Thermal Coal,22.66,25.383,23.521517
2026-04-12,R007,Supramax,Coking Coal,23.1,28.225,25.463886
2026-04-12,R001,Capesize,Coking Coal,28.198,30.878,30.30049
2026-04-12,R004,Capesize,Coking Coal,31.245,31.257,30.30732
2026-04-12,R008,Capesize,Coking Coal,43.833,42.941,43.849506
2026-04-13,R003,Kamsarmax,Coking Coal,29.695,29.829,28.02531
2026-04-13,R004,Capesize,Coking Coal,29.53,32.712,30.7014
2026-04-13,R005,Panamax,Thermal Coal,23.206,24.62,23.283577
2026-04-13,R006,Panamax,Coking Coal,25.03,29.275,27.077394
2026-04-13,R002,Panamax,Coking Coal,28.131,27.837,27.996191
2026-04-13,R001,Capesize,Coking Coal,28.49,30.335,30.00155
2026-04-13,R008,Capesize,Coking Coal,42.74,42.935,43.864197
2026-04-13,R007,Supramax,Coking Coal,24.093,28.03,25.844238
2026-04-14,R005,Panamax,Thermal Coal,22.236,24.525,24.157866
2026-04-14,R007,Supramax,Coking Coal,23.321,26.285,25.788767
2026-04-14,R001,Capesize,Coking Coal,29.169,31.172,30.602434
2026-04-14,R008,Capesize,Coking Coal,42.896,43.482,44.309418
2026-04-14,R006,Panamax,Coking Coal,26.838,27.62,27.519308
2026-04-14,R002,Panamax,Coking Coal,27.113,28.733,28.018309
2026-04-14,R004,Capesize,Coking Coal,29.753,31.988,31.463037
2026-04-14,R003,Kamsarmax,Coking Coal,28.517,29.399,28.196608
2026-04-15,R003,Kamsarmax,Coking Coal,30.687,26.598,27.70834
2026-04-15,R002,Panamax,Coking Coal,27.758,26.735,27.320812
2026-04-15,R004,Capesize,Coking Coal,29.242,31.023,29.90974
2026-04-15,R006,Panamax,Coking Coal,27.811,26.82,26.709837
2026-04-15,R005,Panamax,Thermal Coal,22.718,21.758,23.262194
2026-04-15,R007,Supramax,Coking Coal,26.15,24.627,25.56392
2026-04-15,R001,Capesize,Coking Coal,28.645,29.576,29.635326
2026-04-15,R008,Capesize,Coking Coal,43.061,42.116,43.29423
2026-04-16,R001,Capesize,Coking Coal,27.595,30.555,30.052618
2026-04-16,R008,Capesize,Coking Coal,40.795,41.438,44.64613
2026-04-16,R005,Panamax,Thermal Coal,20.67,24.519,23.33002
2026-04-16,R004,Capesize,Coking Coal,29.954,30.801,30.207077
2026-04-16,R007,Supramax,Coking Coal,24.563,25.35,26.026016
2026-04-16,R006,Panamax,Coking Coal,29.408,27.46,27.845201
2026-04-16,R003,Kamsarmax,Coking Coal,28.577,29.113,28.12445
2026-04-16,R002,Panamax,Coking Coal,29.518,26.02,28.023388
2026-04-17,R008,Capesize,Coking Coal,44.294,42.09,43.79312
2026-04-17,R002,Panamax,Coking Coal,27.927,29.214,27.763922
2026-04-17,R004,Capesize,Coking Coal,28.787,32.781,30.114744
2026-04-17,R005,Panamax,Thermal Coal,25.272,23.33,23.312479
2026-04-17,R006,Panamax,Coking Coal,28.592,26.735,26.999563
2026-04-17,R001,Capesize,Coking Coal,28.707,31.554,29.586071
2026-04-17,R007,Supramax,Coking Coal,27.329,24.976,25.645489
2026-04-17,R003,Kamsarmax,Coking Coal,30.326,28.612,28.441025
2026-04-18,R001,Capesize,Coking Coal,29.793,30.331,29.939592
2026-04-18,R008,Capesize,Coking Coal,40.918,44.049,43.63476
2026-04-18,R002,Panamax,Coking Coal,29.144,29.009,27.598347
2026-04-18,R006,Panamax,Coking Coal,28.667,25.914,26.79802
2026-04-18,R005,Panamax,Thermal Coal,23.04,22.687,23.11992
2026-04-18,R003,Kamsarmax,Coking Coal,25.235,27.147,27.764032
2026-04-18,R007,Supramax,Coking Coal,22.618,25.814,24.870173
2026-04-18,R004,Capesize,Coking Coal,29.913,30.628,30.038843
2026-04-19,R003,Kamsarmax,Coking Coal,28.62,28.222,28.553827
2026-04-19,R002,Panamax,Coking Coal,28.904,28.47,28.353027
2026-04-19,R008,Capesize,Coking Coal,44.416,44.666,44.00765
2026-04-19,R007,Supramax,Coking Coal,27.101,24.935,25.67452
2026-04-19,R001,Capesize,Coking Coal,25.512,28.233,30.069399
2026-04-19,R004,Capesize,Coking Coal,32.223,32.802,30.32831
2026-04-19,R006,Panamax,Coking Coal,24.875,28.098,27.545265
2026-04-19,R005,Panamax,Thermal Coal,22.465,24.47,23.145615
2026-04-20,R002,Panamax,Coking Coal,26.12,28.134,27.550444
2026-04-20,R008,Capesize,Coking Coal,44.515,43.35,43.732483
2026-04-20,R004,Capesize,Coking Coal,28.677,31.315,30.536097
2026-04-20,R006,Panamax,Coking Coal,28.022,28.438,27.384308
2026-04-20,R005,Panamax,Thermal Coal,21.632,23.479,23.0593
2026-04-20,R003,Kamsarmax,Coking Coal,25.48,27.656,28.023954
2026-04-20,R007,Supramax,Coking Coal,25.045,24.913,25.544992
2026-04-20,R001,Capesize,Coking Coal,27.744,28.849,29.765093
2026-04-21,R002,Panamax,Coking Coal,28.303,29.515,28.063662
2026-04-21,R001,Capesize,Coking Coal,26.708,29.108,29.90963
2026-04-21,R008,Capesize,Coking Coal,45.847,44.181,44.248386
2026-04-21,R007,Supramax,Coking Coal,22.999,22.522,24.965193
2026-04-21,R006,Panamax,Coking Coal,26.725,28.231,27.461174
2026-04-21,R005,Panamax,Thermal Coal,22.405,22.916,23.189793
2026-04-21,R003,Kamsarmax,Coking Coal,28.68,25.99,28.602848
2026-04-21,R004,Capesize,Coking Coal,29.435,29.022,30.17986
2026-04-22,R006,Panamax,Coking Coal,26.93,25.973,27.213417
2026-04-22,R001,Capesize,Coking Coal,28.382,28.784,29.694035
2026-04-22,R003,Kamsarmax,Coking Coal,29.066,29.384,27.909103
2026-04-22,R002,Panamax,Coking Coal,25.152,26.794,28.130953
2026-04-22,R007,Supramax,Coking Coal,24.769,23.777,24.622932
2026-04-22,R004,Capesize,Coking Coal,31.558,30.801,29.621487
2026-04-22,R008,Capesize,Coking Coal,42.912,43.711,44.24938
2026-04-22,R005,Panamax,Thermal Coal,20.983,22.725,23.19723
2026-04-23,R002,Panamax,Coking Coal,27.201,25.693,27.542297
2026-04-23,R004,Capesize,Coking Coal,29.404,29.405,29.603468
2026-04-23,R007,Supramax,Coking Coal,23.715,25.36,24.52604
2026-04-23,R003,Kamsarmax,Coking Coal,27.142,29.289,27.835102
2026-04-23,R008,Capesize,Coking Coal,41.849,43.365,43.503624
2026-04-23,R006,Panamax,Coking Coal,26.901,27.468,26.511465
2026-04-23,R001,Capesize,Coking Coal,26.048,30.135,29.564642
2026-04-23,R005,Panamax,Thermal Coal,23.982,23.786,22.75012
2026-04-24,R003,Kamsarmax,Coking Coal,29.835,27.536,27.841955
2026-04-24,R002,Panamax,Coking Coal,27.605,27.284,27.472548
2026-04-24,R005,Panamax,Thermal Coal,22.086,22.884,22.99469
2026-04-24,R008,Capesize,Coking Coal,43.471,42.411,43.702057
2026-04-24,R007,Supramax,Coking Coal,24.122,26.774,24.926657
2026-04-24,R004,Capesize,Coking Coal,29.853,30.131,29.993683
2026-04-24,R006,Panamax,Coking Coal,26.567,26.576,26.613914
2026-04-24,R001,Capesize,Coking Coal,27.674,29.541,29.875301
2026-04-25,R008,Capesize,Coking Coal,41.951,46.252,43.934093
2026-04-25,R003,Kamsarmax,Coking Coal,27.382,29.456,28.688253
2026-04-25,R007,Supramax,Coking Coal,25.573,25.004,24.738853
2026-04-25,R004,Capesize,Coking Coal,30.807,32.065,30.563898
2026-04-25,R001,Capesize,Coking Coal,25.691,29.292,30.295702
2026-04-25,R002,Panamax,Coking Coal,29.48,30.526,27.667252
2026-04-25,R006,Panamax,Coking Coal,28.438,29.83,27.014357
2026-04-25,R005,Panamax,Thermal Coal,23.305,22.878,23.467384
2026-04-26,R004,Capesize,Coking Coal,31.581,31.245,30.048204
2026-04-26,R006,Panamax,Coking Coal,25.394,27.591,26.864939
2026-04-26,R002,Panamax,Coking Coal,27.542,24.455,27.74164
2026-04-26,R003,Kamsarmax,Coking Coal,28.621,30.472,28.1573
2026-04-26,R005,Panamax,Thermal Coal,21.347,22.66,22.951757
2026-04-26,R008,Capesize,Coking Coal,41.911,43.833,43.58953
2026-04-26,R001,Capesize,Coking Coal,25.163,28.198,29.493656
2026-04-26,R007,Supramax,Coking Coal,25.225,23.1,24.976341
2026-04-27,R006,Panamax,Coking Coal,25.124,25.03,26.99163
2026-04-27,R003,Kamsarmax,Coking Coal,31.48,29.695,28.2602
2026-04-27,R005,Panamax,Thermal Coal,23.567,23.206,23.007832
2026-04-27,R008,Capesize,Coking Coal,43.152,42.74,43.867085
2026-04-27,R007,Supramax,Coking Coal,25.691,24.093,24.49429
2026-04-27,R004,Capesize,Coking Coal,34.0,29.53,29.979752
2026-04-27,R002,Panamax,Coking Coal,29.47,28.131,27.42887
2026-04-27,R001,Capesize,Coking Coal,28.626,28.49,29.280678
2026-04-28,R008,Capesize,Coking Coal,42.944,42.896,43.45534
2026-04-28,R007,Supramax,Coking Coal,25.413,23.321,24.246943
2026-04-28,R005,Panamax,Thermal Coal,22.715,22.236,22.657145
2026-04-28,R002,Panamax,Coking Coal,28.725,27.113,27.229868
2026-04-28,R004,Capesize,Coking Coal,30.095,29.753,29.948465
2026-04-28,R006,Panamax,Coking Coal,27.291,26.838,26.663305
2026-04-28,R001,Capesize,Coking Coal,26.88,29.169,29.207766
2026-04-28,R003,Kamsarmax,Coking Coal,29.239,28.517,28.036306
2026-04-29,R008,Capesize,Coking Coal,43.517,43.061,43.445614
2026-04-29,R005,Panamax,Thermal Coal,22.286,22.718,22.434586
2026-04-29,R003,Kamsarmax,Coking Coal,28.357,30.687,28.59968
2026-04-29,R002,Panamax,Coking Coal,28.231,27.758,27.469828
2026-04-29,R004,Capesize,Coking Coal,29.87,29.242,29.719055
2026-04-29,R006,Panamax,Coking Coal,27.805,27.811,26.938786
2026-04-29,R007,Supramax,Coking Coal,26.341,26.15,24.062033
2026-04-29,R001,Capesize,Coking Coal,29.07,28.645,29.020393
2026-04-30,R006,Panamax,Coking Coal,24.961,29.408,27.245022
2026-04-30,R001,Capesize,Coking Coal,28.003,27.595,29.381308
2026-04-30,R005,Panamax,Thermal Coal,21.3,20.67,22.634018
2026-04-30,R008,Capesize,Coking Coal,41.925,40.795,43.46564
2026-04-30,R002,Panamax,Coking Coal,28.723,29.518,27.917484
2026-04-30,R003,Kamsarmax,Coking Coal,27.595,28.577,28.879095
2026-04-30,R007,Supramax,Coking Coal,23.356,24.563,24.116106
2026-04-30,R004,Capesize,Coking Coal,30.431,29.954,30.170742
2026-05-01,R001,Capesize,Coking Coal,28.253,28.707,28.964138
2026-05-01,R008,Capesize,Coking Coal,42.352,44.294,43.135544
2026-05-01,R002,Panamax,Coking Coal,26.979,27.927,27.876944
2026-05-01,R004,Capesize,Coking Coal,31.085,28.787,29.650484
2026-05-01,R003,Kamsarmax,Coking Coal,28.31,30.326,28.299082
2026-05-01,R006,Panamax,Coking Coal,25.045,28.592,27.28212
2026-05-01,R007,Supramax,Coking Coal,22.362,27.329,24.086098
2026-05-01,R005,Panamax,Thermal Coal,21.72,25.272,22.364845
2026-05-02,R004,Capesize,Coking Coal,29.216,29.913,29.142868
2026-05-02,R003,Kamsarmax,Coking Coal,27.723,25.235,28.275217
2026-05-02,R006,Panamax,Coking Coal,27.083,28.667,26.398197
2026-05-02,R002,Panamax,Coking Coal,29.932,29.144,27.172249
2026-05-02,R008,Capesize,Coking Coal,42.527,40.918,43.109833
2026-05-02,R001,Capesize,Coking Coal,28.647,29.793,28.176125
2026-05-02,R005,Panamax,Thermal Coal,18.843,23.04,21.883797
2026-05-02,R007,Supramax,Coking Coal,24.5,22.618,23.710741
2026-05-03,R005,Panamax,Thermal Coal,24.54,22.465,21.791645
2026-05-03,R001,Capesize,Coking Coal,30.412,25.512,28.48984
2026-05-03,R003,Kamsarmax,Coking Coal,30.78,28.62,28.047052
2026-05-03,R006,Panamax,Coking Coal,27.924,24.875,27.036594
2026-05-03,R004,Capesize,Coking Coal,30.483,32.223,29.184793
2026-05-03,R007,Supramax,Coking Coal,23.806,27.101,23.736923
2026-05-03,R002,Panamax,Coking Coal,26.539,28.904,27.891008
2026-05-03,R008,Capesize,Coking Coal,44.743,44.416,42.72332
2026-05-04,R008,Capesize,Coking Coal,40.878,44.515,42.75546
2026-05-04,R004,Capesize,Coking Coal,28.46,28.677,29.32575
2026-05-04,R002,Panamax,Coking Coal,24.248,26.12,27.799961
2026-05-04,R003,Kamsarmax,Coking Coal,28.968,25.48,28.28704
2026-05-04,R007,Supramax,Coking Coal,22.27,25.045,23.935757
2026-05-04,R006,Panamax,Coking Coal,29.245,28.022,26.547882
2026-05-04,R001,Capesize,Coking Coal,28.551,27.744,28.366976
2026-05-04,R005,Panamax,Thermal Coal,20.501,21.632,21.533188
2026-05-05,R004,Capesize,Coking Coal,29.697,29.435,28.701492
2026-05-05,R007,Supramax,Coking Coal,25.206,22.999,24.195267
2026-05-05,R006,Panamax,Coking Coal,26.478,26.725,26.959612
2026-05-05,R003,Kamsarmax,Coking Coal,28.2,28.68,27.803434
2026-05-05,R001,Capesize,Coking Coal,29.484,26.708,28.71754
2026-05-05,R005,Panamax,Thermal Coal,21.198,22.405,21.972422
2026-05-05,R002,Panamax,Coking Coal,29.976,28.303,27.330877
2026-05-05,R008,Capesize,Coking Coal,39.913,45.847,43.2235
2026-05-06,R004,Capesize,Coking Coal,28.389,31.558,28.982672
2026-05-06,R003,Kamsarmax,Coking Coal,27.135,29.066,27.87007
2026-05-06,R005,Panamax,Thermal Coal,20.684,20.983,21.484125
2026-05-06,R002,Panamax,Coking Coal,25.826,25.152,27.35873
2026-05-06,R006,Panamax,Coking Coal,26.411,26.93,26.31666
2026-05-06,R001,Capesize,Coking Coal,27.636,28.382,28.353483
2026-05-06,R008,Capesize,Coking Coal,41.423,42.912,42.708603
2026-05-06,R007,Supramax,Coking Coal,22.0,24.769,23.786972
2026-05-07,R008,Capesize,Coking Coal,42.176,41.849,42.458813
2026-05-07,R006,Panamax,Coking Coal,24.405,26.901,26.519579
2026-05-07,R007,Supramax,Coking Coal,25.232,23.715,23.852139
2026-05-07,R003,Kamsarmax,Coking Coal,29.33,27.142,27.930994
2026-05-07,R004,Capesize,Coking Coal,28.781,29.404,28.881964
2026-05-07,R002,Panamax,Coking Coal,26.583,27.201,27.291515
2026-05-07,R005,Panamax,Thermal Coal,20.763,23.982,21.732792
2026-05-07,R001,Capesize,Coking Coal,28.016,26.048,28.46735
2026-05-08,R003,Kamsarmax,Coking Coal,30.548,29.835,27.63388
2026-05-08,R007,Supramax,Coking Coal,24.931,24.122,23.583103
2026-05-08,R008,Capesize,Coking Coal,43.258,43.471,42.82324
2026-05-08,R005,Panamax,Thermal Coal,21.62,22.086,22.011105
2026-05-08,R001,Capesize,Coking Coal,31.831,27.674,27.935528
2026-05-08,R006,Panamax,Coking Coal,29.891,26.567,25.953276
2026-05-08,R002,Panamax,Coking Coal,24.694,27.605,26.693048
2026-05-08,R004,Capesize,Coking Coal,28.785,29.853,29.00674
2026-05-09,R008,Capesize,Coking Coal,43.747,41.951,42.951458
2026-05-09,R006,Panamax,Coking Coal,25.66,28.438,26.198153
2026-05-09,R002,Panamax,Coking Coal,25.932,29.48,27.245949
2026-05-09,R003,Kamsarmax,Coking Coal,29.39,27.382,28.145124
2026-05-09,R005,Panamax,Thermal Coal,22.131,23.305,22.060915
2026-05-09,R007,Supramax,Coking Coal,20.243,25.573,23.59637
2026-05-09,R001,Capesize,Coking Coal,28.05,25.691,27.74928
2026-05-09,R004,Capesize,Coking Coal,28.136,30.807,29.338314
2026-05-10,R007,Supramax,Coking Coal,23.067,25.225,23.179302
2026-05-10,R008,Capesize,Coking Coal,42.959,41.911,41.796547
2026-05-10,R002,Panamax,Coking Coal,27.911,27.542,26.775196
2026-05-10,R004,Capesize,Coking Coal,30.149,31.581,28.551805
2026-05-10,R006,Panamax,Coking Coal,28.989,25.394,26.204689
2026-05-10,R003,Kamsarmax,Coking Coal,26.454,28.621,27.837288
2026-05-10,R005,Panamax,Thermal Coal,20.707,21.347,21.83125
2026-05-10,R001,Capesize,Coking Coal,31.276,25.163,27.525602
2026-05-11,R001,Capesize,Coking Coal,28.252,28.626,27.515228
2026-05-11,R006,Panamax,Coking Coal,25.665,25.124,26.491053
2026-05-11,R007,Supramax,Coking Coal,21.264,25.691,23.854008
2026-05-11,R003,Kamsarmax,Coking Coal,30.428,31.48,27.954035
2026-05-11,R004,Capesize,Coking Coal,27.889,34.0,29.375807
2026-05-11,R002,Panamax,Coking Coal,28.494,29.47,27.262497
2026-05-11,R008,Capesize,Coking Coal,41.459,43.152,42.837475
2026-05-11,R005,Panamax,Thermal Coal,18.945,23.567,22.094738
2026-05-12,R001,Capesize,Coking Coal,28.427,26.88,27.691425
2026-05-12,R005,Panamax,Thermal Coal,21.874,22.715,22.305763
2026-05-12,R008,Capesize,Coking Coal,41.805,42.944,43.05979
2026-05-12,R006,Panamax,Coking Coal,26.058,27.291,26.420887
2026-05-12,R002,Panamax,Coking Coal,26.881,28.725,27.536867
2026-05-12,R003,Kamsarmax,Coking Coal,27.125,29.239,28.200096
2026-05-12,R007,Supramax,Coking Coal,22.1,25.413,23.49426
2026-05-12,R004,Capesize,Coking Coal,25.652,30.095,29.202782
2026-05-13,R005,Panamax,Thermal Coal,22.05,22.286,21.970657
2026-05-13,R002,Panamax,Coking Coal,27.606,28.231,27.503166
2026-05-13,R004,Capesize,Coking Coal,29.47,29.87,29.306858
2026-05-13,R003,Kamsarmax,Coking Coal,28.835,28.357,28.310204
2026-05-13,R006,Panamax,Coking Coal,23.528,27.805,26.331453
2026-05-13,R001,Capesize,Coking Coal,28.489,29.07,27.368805
2026-05-13,R008,Capesize,Coking Coal,42.415,43.517,42.76818
2026-05-13,R007,Supramax,Coking Coal,25.236,26.341,23.884806
2026-05-14,R005,Panamax,Thermal Coal,22.393,21.3,22.219505
2026-05-14,R003,Kamsarmax,Coking Coal,27.831,27.595,27.785288
2026-05-14,R001,Capesize,Coking Coal,29.886,28.003,27.818642
2026-05-14,R008,Capesize,Coking Coal,43.589,41.925,42.57095
2026-05-14,R007,Supramax,Coking Coal,23.211,23.356,24.142063
2026-05-14,R002,Panamax,Coking Coal,29.203,28.723,27.718565
2026-05-14,R006,Panamax,Coking Coal,27.241,24.961,26.547321
2026-05-14,R004,Capesize,Coking Coal,28.428,30.431,28.855598
2026-05-15,R007,Supramax,Coking Coal,22.767,22.362,24.06586
2026-05-15,R001,Capesize,Coking Coal,26.791,28.253,27.881178
2026-05-15,R006,Panamax,Coking Coal,25.594,25.045,26.275972
2026-05-15,R008,Capesize,Coking Coal,41.681,42.352,43.07142
2026-05-15,R004,Capesize,Coking Coal,27.393,31.085,29.102785
2026-05-15,R002,Panamax,Coking Coal,25.78,26.979,27.760473
2026-05-15,R003,Kamsarmax,Coking Coal,27.503,28.31,27.890512
2026-05-15,R005,Panamax,Thermal Coal,19.659,21.72,22.254858
2026-05-16,R003,Kamsarmax,Coking Coal,26.422,27.723,27.93602
2026-05-16,R001,Capesize,Coking Coal,26.701,28.647,27.84942
2026-05-16,R006,Panamax,Coking Coal,24.988,27.083,25.722607
2026-05-16,R002,Panamax,Coking Coal,27.062,29.932,28.151974
2026-05-16,R008,Capesize,Coking Coal,41.058,42.527,42.473873
2026-05-16,R007,Supramax,Coking Coal,22.99,24.5,23.32801
2026-05-16,R005,Panamax,Thermal Coal,23.043,18.843,21.683079
2026-05-16,R004,Capesize,Coking Coal,30.905,29.216,28.309969
2026-05-17,R003,Kamsarmax,Coking Coal,30.203,30.78,27.72978
2026-05-17,R006,Panamax,Coking Coal,26.511,27.924,25.44687
2026-05-17,R002,Panamax,Coking Coal,28.1,26.539,27.773726
2026-05-17,R008,Capesize,Coking Coal,43.137,44.743,42.779194
2026-05-17,R007,Supramax,Coking Coal,25.07,23.806,23.33438
2026-05-17,R004,Capesize,Coking Coal,28.24,30.483,29.028502
2026-05-17,R005,Panamax,Thermal Coal,20.681,24.54,22.036522
2026-05-17,R001,Capesize,Coking Coal,31.013,30.412,27.831154
2026-05-18,R008,Capesize,Coking Coal,44.122,40.878,41.817814
2026-05-18,R006,Panamax,Coking Coal,24.199,29.245,25.584272
2026-05-18,R001,Capesize,Coking Coal,29.023,28.551,27.602034
2026-05-18,R005,Panamax,Thermal Coal,21.051,20.501,21.90561
2026-05-18,R003,Kamsarmax,Coking Coal,28.319,28.968,28.220854
2026-05-18,R002,Panamax,Coking Coal,26.751,24.248,27.072546
2026-05-18,R007,Supramax,Coking Coal,23.083,22.27,23.183348
2026-05-18,R004,Capesize,Coking Coal,27.27,28.46,28.84453
2026-05-19,R004,Capesize,Coking Coal,29.041,29.697,28.60707
2026-05-19,R006,Panamax,Coking Coal,26.586,26.478,26.15908
2026-05-19,R001,Capesize,Coking Coal,27.017,29.484,28.152086
2026-05-19,R002,Panamax,Coking Coal,26.659,29.976,26.896215
2026-05-19,R003,Kamsarmax,Coking Coal,28.521,28.2,27.854708
2026-05-19,R008,Capesize,Coking Coal,44.657,39.913,41.30652
2026-05-19,R007,Supramax,Coking Coal,23.526,25.206,23.334389
2026-05-19,R005,Panamax,Thermal Coal,21.615,21.198,21.599466
2026-05-20,R006,Panamax,Coking Coal,24.498,26.411,25.677431
2026-05-20,R005,Panamax,Thermal Coal,21.027,20.684,21.688068
2026-05-20,R003,Kamsarmax,Coking Coal,28.821,27.135,27.876266
2026-05-20,R002,Panamax,Coking Coal,27.712,25.826,27.027609
2026-05-20,R008,Capesize,Coking Coal,43.358,41.423,41.487507
2026-05-20,R007,Supramax,Coking Coal,24.895,22.0,23.105919
2026-05-20,R001,Capesize,Coking Coal,28.731,27.636,28.209776
2026-05-20,R004,Capesize,Coking Coal,30.662,28.389,28.855154
2026-05-21,R007,Supramax,Coking Coal,22.226,25.232,23.444975
2026-05-21,R005,Panamax,Thermal Coal,19.959,20.763,21.188105
2026-05-21,R004,Capesize,Coking Coal,29.63,28.781,29.39165
2026-05-21,R003,Kamsarmax,Coking Coal,29.156,29.33,28.07293
2026-05-21,R001,Capesize,Coking Coal,27.313,28.016,28.140663
2026-05-21,R006,Panamax,Coking Coal,25.882,24.405,25.953796
2026-05-21,R008,Capesize,Coking Coal,44.488,42.176,42.12415
2026-05-21,R002,Panamax,Coking Coal,27.499,26.583,26.646698
2026-05-22,R003,Kamsarmax,Coking Coal,30.512,30.548,28.069347
2026-05-22,R008,Capesize,Coking Coal,44.053,43.258,43.048027
2026-05-22,R006,Panamax,Coking Coal,25.046,29.891,26.035559
2026-05-22,R002,Panamax,Coking Coal,27.848,24.694,27.066978
2026-05-22,R007,Supramax,Coking Coal,21.153,24.931,23.729555
2026-05-22,R004,Capesize,Coking Coal,28.117,28.785,29.037142
2026-05-22,R001,Capesize,Coking Coal,28.454,31.831,28.741432
2026-05-22,R005,Panamax,Thermal Coal,20.694,21.62,21.661224
2026-05-23,R002,Panamax,Coking Coal,28.325,25.932,27.580164
2026-05-23,R003,Kamsarmax,Coking Coal,29.222,29.39,27.820293
2026-05-23,R001,Capesize,Coking Coal,29.713,28.05,28.325806
2026-05-23,R004,Capesize,Coking Coal,30.531,28.136,28.505508
2026-05-23,R008,Capesize,Coking Coal,42.684,43.747,41.52701
2026-05-23,R005,Panamax,Thermal Coal,22.992,22.131,21.024559
2026-05-23,R006,Panamax,Coking Coal,28.43,25.66,26.418379
2026-05-23,R007,Supramax,Coking Coal,23.035,20.243,23.500357
2026-05-24,R007,Supramax,Coking Coal,23.688,23.067,23.005514
2026-05-24,R001,Capesize,Coking Coal,29.79,31.276,28.634274
2026-05-24,R005,Panamax,Thermal Coal,25.483,20.707,21.639595
2026-05-24,R004,Capesize,Coking Coal,30.529,30.149,28.864702
2026-05-24,R002,Panamax,Coking Coal,26.291,27.911,26.308807
2026-05-24,R008,Capesize,Coking Coal,45.363,42.959,43.017124
2026-05-24,R003,Kamsarmax,Coking Coal,26.938,26.454,28.305466
2026-05-24,R006,Panamax,Coking Coal,26.201,28.989,26.302118
2026-05-25,R005,Panamax,Thermal Coal,22.648,18.945,20.677576
2026-05-25,R004,Capesize,Coking Coal,30.104,27.889,28.977768
2026-05-25,R001,Capesize,Coking Coal,30.831,28.252,28.770899
2026-05-25,R002,Panamax,Coking Coal,26.759,28.494,26.905287
2026-05-25,R007,Supramax,Coking Coal,24.723,21.264,23.450708
2026-05-25,R006,Panamax,Coking Coal,24.677,25.665,26.33621
2026-05-25,R003,Kamsarmax,Coking Coal,27.333,30.428,27.403753
2026-05-25,R008,Capesize,Coking Coal,41.204,41.459,41.169422
2026-05-26,R007,Supramax,Coking Coal,24.417,22.1,23.072584
2026-05-26,R006,Panamax,Coking Coal,24.295,26.058,26.138962
2026-05-26,R001,Capesize,Coking Coal,30.713,28.427,29.311085
2026-05-26,R002,Panamax,Coking Coal,26.815,26.881,27.692057
2026-05-26,R008,Capesize,Coking Coal,44.029,41.805,41.68383
2026-05-26,R004,Capesize,Coking Coal,27.648,25.652,28.14813
2026-05-26,R003,Kamsarmax,Coking Coal,27.644,27.125,28.160645
2026-05-26,R005,Panamax,Thermal Coal,19.858,21.874,21.217667
2026-05-27,R002,Panamax,Coking Coal,29.033,27.606,26.703133
2026-05-27,R006,Panamax,Coking Coal,26.267,23.528,26.17913
2026-05-27,R001,Capesize,Coking Coal,30.541,28.489,28.92664
2026-05-27,R005,Panamax,Thermal Coal,19.413,22.05,20.71663
2026-05-27,R008,Capesize,Coking Coal,41.156,42.415,42.589394
2026-05-27,R003,Kamsarmax,Coking Coal,26.859,28.835,27.720156
2026-05-27,R007,Supramax,Coking Coal,22.344,25.236,23.282146
2026-05-27,R004,Capesize,Coking Coal,26.947,29.47,27.97098
2026-05-28,R002,Panamax,Coking Coal,28.215,29.203,27.246069
2026-05-28,R007,Supramax,Coking Coal,22.659,23.211,23.386934
2026-05-28,R001,Capesize,Coking Coal,28.222,29.886,29.006615
2026-05-28,R008,Capesize,Coking Coal,41.983,43.589,42.95553
2026-05-28,R003,Kamsarmax,Coking Coal,27.085,27.831,27.860483
2026-05-28,R006,Panamax,Coking Coal,25.005,27.241,25.617035
2026-05-28,R005,Panamax,Thermal Coal,19.898,22.393,20.884209
2026-05-28,R004,Capesize,Coking Coal,29.729,28.428,28.630886
2026-05-29,R001,Capesize,Coking Coal,30.867,26.791,28.415413
2026-05-29,R004,Capesize,Coking Coal,29.325,27.393,28.1284
2026-05-29,R005,Panamax,Thermal Coal,21.038,19.659,20.967579
2026-05-29,R008,Capesize,Coking Coal,42.205,41.681,41.346222
2026-05-29,R003,Kamsarmax,Coking Coal,27.411,27.503,27.277224
2026-05-29,R006,Panamax,Coking Coal,28.282,25.594,25.83856
2026-05-29,R002,Panamax,Coking Coal,31.628,25.78,27.05102
2026-05-29,R007,Supramax,Coking Coal,23.785,22.767,23.15369
2026-05-30,R007,Supramax,Coking Coal,25.437,22.99,23.504091
2026-05-30,R003,Kamsarmax,Coking Coal,25.422,26.422,27.61193
2026-05-30,R001,Capesize,Coking Coal,27.74,26.701,28.619328
2026-05-30,R002,Panamax,Coking Coal,26.237,27.062,26.69708
2026-05-30,R005,Panamax,Thermal Coal,22.079,23.043,20.65952
2026-05-30,R004,Capesize,Coking Coal,26.26,30.905,28.564991
2026-05-30,R008,Capesize,Coking Coal,40.955,41.058,42.0842
2026-05-30,R006,Panamax,Coking Coal,26.861,24.988,24.930637
2026-05-31,R003,Kamsarmax,Coking Coal,30.624,30.203,27.617292
2026-05-31,R005,Panamax,Thermal Coal,21.511,20.681,21.182268
2026-05-31,R004,Capesize,Coking Coal,29.999,28.24,28.499338
2026-05-31,R006,Panamax,Coking Coal,28.176,26.511,25.405478
2026-05-31,R008,Capesize,Coking Coal,43.982,43.137,42.614616
2026-05-31,R002,Panamax,Coking Coal,30.404,28.1,27.033867
2026-05-31,R001,Capesize,Coking Coal,29.306,31.013,28.660444
2026-05-31,R007,Supramax,Coking Coal,23.906,25.07,23.09336
2026-06-01,R007,Supramax,Coking Coal,24.179,23.083,22.180794
2026-06-01,R004,Capesize,Coking Coal,30.841,27.27,27.18966
2026-06-01,R005,Panamax,Thermal Coal,22.269,21.051,20.054014
2026-06-01,R006,Panamax,Coking Coal,24.827,24.199,24.067026
2026-06-01,R008,Capesize,Coking Coal,43.062,44.122,40.78978
2026-06-01,R003,Kamsarmax,Coking Coal,31.111,28.319,26.522573
2026-06-01,R001,Capesize,Coking Coal,29.788,29.023,26.778625
2026-06-01,R002,Panamax,Coking Coal,28.699,26.751,25.133821
2026-06-02,R006,Panamax,Coking Coal,27.643,26.586,24.025871
2026-06-02,R004,Capesize,Coking Coal,29.279,29.041,27.40975
2026-06-02,R003,Kamsarmax,Coking Coal,25.847,28.521,26.34747
2026-06-02,R001,Capesize,Coking Coal,29.645,27.017,28.065931
2026-06-02,R002,Panamax,Coking Coal,28.651,26.659,25.422577
2026-06-02,R007,Supramax,Coking Coal,23.845,23.526,22.812206
2026-06-02,R005,Panamax,Thermal Coal,22.941,21.615,20.264967
2026-06-02,R008,Capesize,Coking Coal,40.494,44.657,41.609085
2026-06-03,R006,Panamax,Coking Coal,23.972,24.498,23.526407
2026-06-03,R002,Panamax,Coking Coal,26.562,27.712,25.659128
2026-06-03,R003,Kamsarmax,Coking Coal,25.756,28.821,26.85005
2026-06-03,R008,Capesize,Coking Coal,41.529,43.358,41.319183
2026-06-03,R005,Panamax,Thermal Coal,18.349,21.027,20.186623
2026-06-03,R004,Capesize,Coking Coal,27.881,30.662,27.377602
2026-06-03,R007,Supramax,Coking Coal,21.337,24.895,22.165752
2026-06-03,R001,Capesize,Coking Coal,31.13,28.731,27.871967
2026-06-04,R008,Capesize,Coking Coal,41.046,44.488,41.256573
2026-06-04,R006,Panamax,Coking Coal,22.5,25.882,24.139027
2026-06-04,R004,Capesize,Coking Coal,29.491,29.63,27.057028
2026-06-04,R001,Capesize,Coking Coal,27.109,27.313,28.067574
2026-06-04,R002,Panamax,Coking Coal,23.604,27.499,25.130428
2026-06-04,R005,Panamax,Thermal Coal,20.05,19.959,20.658714
2026-06-04,R003,Kamsarmax,Coking Coal,26.297,29.156,26.350727
2026-06-04,R007,Supramax,Coking Coal,23.245,22.226,22.72299
2026-06-05,R001,Capesize,Coking Coal,30.661,28.454,27.73809
2026-06-05,R003,Kamsarmax,Coking Coal,28.265,30.512,26.369003
2026-06-05,R008,Capesize,Coking Coal,45.932,44.053,41.69778
2026-06-05,R004,Capesize,Coking Coal,27.65,28.117,27.299088
2026-06-05,R005,Panamax,Thermal Coal,19.615,20.694,20.283758
2026-06-05,R006,Panamax,Coking Coal,26.062,25.046,24.330015
2026-06-05,R002,Panamax,Coking Coal,29.192,27.848,25.582516
2026-06-05,R007,Supramax,Coking Coal,24.845,21.153,22.46543
2026-06-06,R008,Capesize,Coking Coal,42.648,42.684,41.470577
2026-06-06,R003,Kamsarmax,Coking Coal,24.848,29.222,26.574902
2026-06-06,R006,Panamax,Coking Coal,24.588,28.43,24.421667
2026-06-06,R002,Panamax,Coking Coal,25.43,28.325,24.99554
2026-06-06,R007,Supramax,Coking Coal,23.7,23.035,22.509354
2026-06-06,R004,Capesize,Coking Coal,28.438,30.531,27.233948
2026-06-06,R001,Capesize,Coking Coal,29.367,29.713,27.623972
2026-06-06,R005,Panamax,Thermal Coal,21.437,22.992,19.757685
2026-06-07,R003,Kamsarmax,Coking Coal,28.814,26.938,26.556221
2026-06-07,R004,Capesize,Coking Coal,28.5,30.529,28.089718
2026-06-07,R002,Panamax,Coking Coal,28.602,26.291,25.320717
2026-06-07,R001,Capesize,Coking Coal,29.538,29.79,28.26322
2026-06-07,R007,Supramax,Coking Coal,22.604,23.688,22.1708
2026-06-07,R008,Capesize,Coking Coal,43.176,45.363,42.652023
2026-06-07,R006,Panamax,Coking Coal,24.323,26.201,24.741798
2026-06-07,R005,Panamax,Thermal Coal,21.026,25.483,20.56118
2026-06-08,R004,Capesize,Coking Coal,30.606,30.104,27.680426
2026-06-08,R005,Panamax,Thermal Coal,20.551,22.648,20.591415
2026-06-08,R006,Panamax,Coking Coal,24.689,24.677,23.744755
2026-06-08,R003,Kamsarmax,Coking Coal,23.878,27.333,26.514708
2026-06-08,R008,Capesize,Coking Coal,43.883,41.204,42.08639
2026-06-08,R002,Panamax,Coking Coal,27.234,26.759,24.94947
2026-06-08,R001,Capesize,Coking Coal,31.272,30.831,27.985867
2026-06-08,R007,Supramax,Coking Coal,23.463,24.723,22.412342
2026-06-09,R004,Capesize,Coking Coal,29.351,27.648,27.886686
2026-06-09,R002,Panamax,Coking Coal,25.844,26.815,25.15005
2026-06-09,R003,Kamsarmax,Coking Coal,27.677,27.644,26.669746
2026-06-09,R001,Capesize,Coking Coal,29.779,30.713,28.061071
2026-06-09,R005,Panamax,Thermal Coal,22.762,19.858,20.885761
2026-06-09,R008,Capesize,Coking Coal,43.88,44.029,41.942883
2026-06-09,R006,Panamax,Coking Coal,26.327,24.295,24.396116
2026-06-09,R007,Supramax,Coking Coal,24.655,24.417,23.11505
2026-06-10,R003,Kamsarmax,Coking Coal,25.909,26.859,26.558111
2026-06-10,R008,Capesize,Coking Coal,39.573,41.156,41.70572
2026-06-10,R007,Supramax,Coking Coal,23.432,22.344,22.966448
2026-06-10,R002,Panamax,Coking Coal,23.719,29.033,24.698694
2026-06-10,R004,Capesize,Coking Coal,26.338,26.947,27.608679
2026-06-10,R005,Panamax,Thermal Coal,21.059,19.413,20.81967
2026-06-10,R001,Capesize,Coking Coal,29.968,30.541,27.737652
2026-06-10,R006,Panamax,Coking Coal,26.055,26.267,24.382524
2026-06-11,R002,Panamax,Coking Coal,27.607,28.215,25.461256
2026-06-11,R006,Panamax,Coking Coal,24.909,25.005,23.910076
2026-06-11,R007,Supramax,Coking Coal,25.038,22.659,22.56042
2026-06-11,R004,Capesize,Coking Coal,31.157,29.729,27.540432
2026-06-11,R008,Capesize,Coking Coal,45.077,41.983,41.743782
2026-06-11,R001,Capesize,Coking Coal,30.543,28.222,27.953062
2026-06-11,R003,Kamsarmax,Coking Coal,29.27,27.085,26.099194
2026-06-11,R005,Panamax,Thermal Coal,22.324,19.898,20.656038
2026-06-12,R008,Capesize,Coking Coal,43.428,42.205,41.6261
2026-06-12,R001,Capesize,Coking Coal,29.726,30.867,27.92181
2026-06-12,R004,Capesize,Coking Coal,31.496,29.325,27.433964
2026-06-12,R002,Panamax,Coking Coal,26.296,31.628,25.954659
2026-06-12,R003,Kamsarmax,Coking Coal,27.87,27.411,26.13937
2026-06-12,R006,Panamax,Coking Coal,24.809,28.282,23.585688
2026-06-12,R005,Panamax,Thermal Coal,22.045,21.038,20.688894
2026-06-12,R007,Supramax,Coking Coal,27.39,23.785,22.740618
2026-06-13,R006,Panamax,Coking Coal,24.625,26.861,24.123075
2026-06-13,R004,Capesize,Coking Coal,27.578,26.26,27.702652
2026-06-13,R001,Capesize,Coking Coal,26.766,27.74,27.736427
2026-06-13,R005,Panamax,Thermal Coal,23.395,22.079,20.806887
2026-06-13,R008,Capesize,Coking Coal,42.98,40.955,41.200417
2026-06-13,R003,Kamsarmax,Coking Coal,30.563,25.422,26.08364
2026-06-13,R007,Supramax,Coking Coal,25.504,25.437,23.3314
2026-06-13,R002,Panamax,Coking Coal,27.677,26.237,24.770199
2026-06-14,R002,Panamax,Coking Coal,28.273,30.404,25.197857
2026-06-14,R005,Panamax,Thermal Coal,21.385,21.511,20.326809
2026-06-14,R004,Capesize,Coking Coal,29.81,29.999,27.369324
2026-06-14,R003,Kamsarmax,Coking Coal,24.767,30.624,25.718033
2026-06-14,R006,Panamax,Coking Coal,23.653,28.176,23.780382
2026-06-14,R007,Supramax,Coking Coal,25.77,23.906,23.319975
2026-06-14,R001,Capesize,Coking Coal,30.865,29.306,27.96642
2026-06-14,R008,Capesize,Coking Coal,45.012,43.982,42.39522
2026-06-15,R004,Capesize,Coking Coal,27.934,30.841,27.30796
2026-06-15,R001,Capesize,Coking Coal,28.125,29.788,27.732346
2026-06-15,R003,Kamsarmax,Coking Coal,26.429,31.111,25.93858
2026-06-15,R008,Capesize,Coking Coal,41.446,43.062,41.28149
2026-06-15,R006,Panamax,Coking Coal,25.493,24.827,24.541039
2026-06-15,R007,Supramax,Coking Coal,22.756,24.179,23.10456
2026-06-15,R005,Panamax,Thermal Coal,22.89,22.269,19.976963
2026-06-15,R002,Panamax,Coking Coal,24.695,28.699,25.38436
2026-06-16,R001,Capesize,Coking Coal,30.775,29.645,27.484589
2026-06-16,R008,Capesize,Coking Coal,42.384,40.494,40.379364
2026-06-16,R003,Kamsarmax,Coking Coal,25.02,25.847,25.73878
2026-06-16,R002,Panamax,Coking Coal,25.246,28.651,25.371984
2026-06-16,R004,Capesize,Coking Coal,28.419,29.279,27.04142
2026-06-16,R007,Supramax,Coking Coal,25.205,23.845,22.54282
2026-06-16,R006,Panamax,Coking Coal,24.839,27.643,23.879377
2026-06-16,R005,Panamax,Thermal Coal,22.386,22.941,19.917936
2026-06-17,R001,Capesize,Coking Coal,28.099,31.13,27.936172
2026-06-17,R002,Panamax,Coking Coal,26.376,26.562,25.77491
2026-06-17,R004,Capesize,Coking Coal,28.512,27.881,27.540697
2026-06-17,R003,Kamsarmax,Coking Coal,26.48,25.756,26.174805
2026-06-17,R006,Panamax,Coking Coal,25.819,23.972,24.26394
2026-06-17,R008,Capesize,Coking Coal,40.611,41.529,40.47724
2026-06-17,R007,Supramax,Coking Coal,23.931,21.337,22.927248
2026-06-17,R005,Panamax,Thermal Coal,20.421,18.349,19.47028
2026-06-18,R005,Panamax,Thermal Coal,20.398,20.05,19.559608
2026-06-18,R006,Panamax,Coking Coal,25.684,22.5,24.401638
2026-06-18,R003,Kamsarmax,Coking Coal,25.274,26.297,25.886072
2026-06-18,R002,Panamax,Coking Coal,25.011,23.604,24.755806
2026-06-18,R004,Capesize,Coking Coal,28.157,29.491,26.963781
2026-06-18,R007,Supramax,Coking Coal,23.299,23.245,22.743666
2026-06-18,R008,Capesize,Coking Coal,43.371,41.046,40.3846
2026-06-18,R001,Capesize,Coking Coal,28.797,27.109,27.137335
2026-06-19,R002,Panamax,Coking Coal,29.047,29.192,26.088789
2026-06-19,R003,Kamsarmax,Coking Coal,27.284,28.265,26.149052
2026-06-19,R005,Panamax,Thermal Coal,22.718,19.615,20.666468
2026-06-19,R004,Capesize,Coking Coal,28.384,27.65,28.225544
2026-06-19,R007,Supramax,Coking Coal,24.499,24.845,23.317432
2026-06-19,R001,Capesize,Coking Coal,30.922,30.661,28.091309
2026-06-19,R006,Panamax,Coking Coal,26.938,26.062,25.075438
2026-06-19,R008,Capesize,Coking Coal,43.541,45.932,41.387
2026-06-20,R007,Supramax,Coking Coal,24.819,23.7,23.168335
2026-06-20,R001,Capesize,Coking Coal,27.146,29.367,27.922436
2026-06-20,R005,Panamax,Thermal Coal,19.844,21.437,19.941668
2026-06-20,R008,Capesize,Coking Coal,42.386,42.648,41.52355
2026-06-20,R006,Panamax,Coking Coal,24.487,24.588,24.308588
2026-06-20,R003,Kamsarmax,Coking Coal,21.911,24.848,25.453989
2026-06-20,R002,Panamax,Coking Coal,26.227,25.43,25.416676
2026-06-20,R004,Capesize,Coking Coal,26.709,28.438,27.983723
2026-06-21,R008,Capesize,Coking Coal,41.064,43.176,41.83639
2026-06-21,R004,Capesize,Coking Coal,30.302,28.5,28.222347
2026-06-21,R006,Panamax,Coking Coal,25.856,24.323,24.489689
2026-06-21,R005,Panamax,Thermal Coal,20.428,21.026,20.142183
2026-06-21,R007,Supramax,Coking Coal,27.286,22.604,23.860647
2026-06-21,R001,Capesize,Coking Coal,29.732,29.538,27.950336
2026-06-21,R002,Panamax,Coking Coal,27.593,28.602,26.061768
2026-06-21,R003,Kamsarmax,Coking Coal,25.493,28.814,25.91859
2026-06-22,R005,Panamax,Thermal Coal,20.192,20.551,19.520731
2026-06-22,R001,Capesize,Coking Coal,27.979,31.272,27.978376
2026-06-22,R003,Kamsarmax,Coking Coal,26.714,23.878,25.952099
2026-06-22,R004,Capesize,Coking Coal,30.371,30.606,27.59118
2026-06-22,R006,Panamax,Coking Coal,25.827,24.689,24.55611
2026-06-22,R002,Panamax,Coking Coal,26.678,27.234,25.643074
2026-06-22,R007,Supramax,Coking Coal,25.818,23.463,23.259073
2026-06-22,R008,Capesize,Coking Coal,41.98,43.883,41.04521
2026-06-23,R006,Panamax,Coking Coal,25.924,26.327,23.864202
2026-06-23,R005,Panamax,Thermal Coal,21.633,22.762,19.258081
2026-06-23,R003,Kamsarmax,Coking Coal,25.232,27.677,25.301992
2026-06-23,R002,Panamax,Coking Coal,24.775,25.844,24.831966
2026-06-23,R007,Supramax,Coking Coal,23.558,24.655,23.113106
2026-06-23,R008,Capesize,Coking Coal,40.411,43.88,40.217827
2026-06-23,R001,Capesize,Coking Coal,27.194,29.779,27.65752
2026-06-23,R004,Capesize,Coking Coal,28.492,29.351,27.157145
2026-06-24,R004,Capesize,Coking Coal,27.266,26.338,27.533108
2026-06-24,R007,Supramax,Coking Coal,24.292,23.432,23.01788
2026-06-24,R002,Panamax,Coking Coal,24.426,23.719,25.2323
2026-06-24,R008,Capesize,Coking Coal,44.177,39.573,41.425846
2026-06-24,R003,Kamsarmax,Coking Coal,27.707,25.909,25.32493
2026-06-24,R006,Panamax,Coking Coal,24.802,26.055,24.386053
2026-06-24,R005,Panamax,Thermal Coal,21.235,21.059,19.545048
2026-06-24,R001,Capesize,Coking Coal,30.514,29.968,28.027666
2026-06-25,R002,Panamax,Coking Coal,26.184,27.607,24.988794
2026-06-25,R007,Supramax,Coking Coal,24.712,25.038,23.344408
2026-06-25,R004,Capesize,Coking Coal,30.742,31.157,28.236282
2026-06-25,R006,Panamax,Coking Coal,26.336,24.909,24.46743
2026-06-25,R005,Panamax,Thermal Coal,21.089,22.324,19.617683
2026-06-25,R008,Capesize,Coking Coal,42.836,45.077,42.044384
2026-06-25,R003,Kamsarmax,Coking Coal,25.504,29.27,25.419912
2026-06-25,R001,Capesize,Coking Coal,28.672,30.543,28.38958
2026-06-26,R007,Supramax,Coking Coal,22.726,27.39,23.11653
2026-06-26,R004,Capesize,Coking Coal,27.883,31.496,27.342728
2026-06-26,R008,Capesize,Coking Coal,41.305,43.428,42.867947
2026-06-26,R006,Panamax,Coking Coal,22.935,24.809,23.997736
2026-06-26,R002,Panamax,Coking Coal,24.726,26.296,24.974644
2026-06-26,R005,Panamax,Thermal Coal,19.42,22.045,19.778938
2026-06-26,R003,Kamsarmax,Coking Coal,23.404,27.87,25.443851
2026-06-26,R001,Capesize,Coking Coal,27.169,29.726,27.830814
2026-06-27,R005,Panamax,Thermal Coal,20.824,23.395,20.217207
2026-06-27,R007,Supramax,Coking Coal,23.94,25.504,23.69641
2026-06-27,R002,Panamax,Coking Coal,28.696,27.677,24.725334
2026-06-27,R001,Capesize,Coking Coal,29.77,26.766,28.141197
2026-06-27,R003,Kamsarmax,Coking Coal,26.482,30.563,25.914211
2026-06-27,R006,Panamax,Coking Coal,27.526,24.625,24.45612
2026-06-27,R008,Capesize,Coking Coal,42.123,42.98,42.061687
2026-06-27,R004,Capesize,Coking Coal,29.414,27.578,28.001478
2026-06-28,R008,Capesize,Coking Coal,40.966,45.012,42.120316
2026-06-28,R006,Panamax,Coking Coal,26.202,23.653,24.524832
2026-06-28,R007,Supramax,Coking Coal,22.81,25.77,23.419214
2026-06-28,R001,Capesize,Coking Coal,27.174,30.865,28.303295
2026-06-28,R002,Panamax,Coking Coal,25.534,28.273,25.995447
2026-06-28,R004,Capesize,Coking Coal,27.03,29.81,28.062557
2026-06-28,R005,Panamax,Thermal Coal,19.414,21.385,20.54673
2026-06-28,R003,Kamsarmax,Coking Coal,23.678,24.767,26.373838
2026-06-29,R005,Panamax,Thermal Coal,20.309,22.89,20.349174
2026-06-29,R008,Capesize,Coking Coal,41.978,41.446,40.705524
2026-06-29,R001,Capesize,Coking Coal,27.5,28.125,27.489431
2026-06-29,R002,Panamax,Coking Coal,23.608,24.695,24.395018
2026-06-29,R004,Capesize,Coking Coal,27.51,27.934,27.418564
2026-06-29,R006,Panamax,Coking Coal,23.787,25.493,23.54481
2026-06-29,R003,Kamsarmax,Coking Coal,25.075,26.429,25.52282
2026-06-29,R007,Supramax,Coking Coal,24.058,22.756,24.080885
2026-06-30,R003,Kamsarmax,Coking Coal,27.109,25.02,25.380074
2026-06-30,R007,Supramax,Coking Coal,24.429,25.205,23.7609
2026-06-30,R002,Panamax,Coking Coal,24.542,25.246,25.035242
2026-06-30,R001,Capesize,Coking Coal,29.608,30.775,28.080624
2026-06-30,R004,Capesize,Coking Coal,28.507,28.419,27.470045
2026-06-30,R008,Capesize,Coking Coal,44.718,42.384,41.90793
2026-06-30,R005,Panamax,Thermal Coal,19.983,22.386,20.471582
2026-06-30,R006,Panamax,Coking Coal,28.47,24.839,24.101652
2026-07-01,R003,Kamsarmax,Coking Coal,25.483,26.48,25.232119
2026-07-01,R008,Capesize,Coking Coal,41.945,40.611,40.81588
2026-07-01,R001,Capesize,Coking Coal,29.737,28.099,27.621151
2026-07-01,R002,Panamax,Coking Coal,26.38,26.376,24.240364
2026-07-01,R005,Panamax,Thermal Coal,19.105,20.421,20.71808
2026-07-01,R006,Panamax,Coking Coal,25.206,25.819,23.72498
2026-07-01,R007,Supramax,Coking Coal,24.95,23.931,24.089243
2026-07-01,R004,Capesize,Coking Coal,25.652,28.512,27.118937
2026-07-02,R007,Supramax,Coking Coal,27.562,23.299,24.030476
2026-07-02,R006,Panamax,Coking Coal,25.64,25.684,24.005737
2026-07-02,R001,Capesize,Coking Coal,27.954,28.797,27.862364
2026-07-02,R002,Panamax,Coking Coal,25.494,25.011,24.949043
2026-07-02,R003,Kamsarmax,Coking Coal,27.267,25.274,25.071955
2026-07-02,R005,Panamax,Thermal Coal,21.242,20.398,20.666946
2026-07-02,R004,Capesize,Coking Coal,28.343,28.157,27.625423
2026-07-02,R008,Capesize,Coking Coal,42.665,43.371,41.0991
2026-07-03,R003,Kamsarmax,Coking Coal,27.158,27.284,25.86728
2026-07-03,R004,Capesize,Coking Coal,28.776,28.384,27.249443
2026-07-03,R001,Capesize,Coking Coal,27.53,30.922,28.142939
2026-07-03,R006,Panamax,Coking Coal,25.543,26.938,24.2441
2026-07-03,R007,Supramax,Coking Coal,26.148,24.499,23.846098
2026-07-03,R002,Panamax,Coking Coal,24.664,29.047,24.887968
2026-07-03,R005,Panamax,Thermal Coal,19.381,22.718,20.717775
2026-07-03,R008,Capesize,Coking Coal,41.917,43.541,41.945045
2026-07-04,R008,Capesize,Coking Coal,42.954,42.386,40.56275
2026-07-04,R004,Capesize,Coking Coal,28.351,26.709,26.554226
2026-07-04,R001,Capesize,Coking Coal,30.389,27.146,27.943851
2026-07-04,R006,Panamax,Coking Coal,26.585,24.487,24.27312
2026-07-04,R003,Kamsarmax,Coking Coal,25.098,21.911,24.914135
2026-07-04,R002,Panamax,Coking Coal,24.443,26.227,24.810667
2026-07-04,R005,Panamax,Thermal Coal,20.446,19.844,20.8165
2026-07-04,R007,Supramax,Coking Coal,23.71,24.819,23.880556
2026-07-05,R002,Panamax,Coking Coal,24.617,27.593,24.617695
2026-07-05,R001,Capesize,Coking Coal,27.305,29.732,28.23626
2026-07-05,R006,Panamax,Coking Coal,24.294,25.856,24.236183
2026-07-05,R004,Capesize,Coking Coal,29.339,30.302,27.248295
2026-07-05,R008,Capesize,Coking Coal,41.691,41.064,42.10249
2026-07-05,R003,Kamsarmax,Coking Coal,27.884,25.493,24.993599
2026-07-05,R005,Panamax,Thermal Coal,18.687,20.428,20.947863
2026-07-05,R007,Supramax,Coking Coal,22.131,27.286,23.774109
2026-07-06,R003,Kamsarmax,Coking Coal,25.554,26.714,24.856976
2026-07-06,R007,Supramax,Coking Coal,23.171,25.818,23.814009
2026-07-06,R006,Panamax,Coking Coal,26.311,25.827,23.979538
2026-07-06,R001,Capesize,Coking Coal,28.387,27.979,27.781792
2026-07-06,R005,Panamax,Thermal Coal,17.7,20.192,20.394987
2026-07-06,R008,Capesize,Coking Coal,40.424,41.98,41.211185
2026-07-06,R002,Panamax,Coking Coal,24.686,26.678,24.651787
2026-07-06,R004,Capesize,Coking Coal,28.231,30.371,27.234074
2026-07-07,R001,Capesize,Coking Coal,28.019,27.194,27.800037
2026-07-07,R005,Panamax,Thermal Coal,19.006,21.633,20.205172
2026-07-07,R008,Capesize,Coking Coal,40.904,40.411,41.46485
2026-07-07,R007,Supramax,Coking Coal,24.776,23.558,23.297865
2026-07-07,R002,Panamax,Coking Coal,25.983,24.775,24.989735
2026-07-07,R006,Panamax,Coking Coal,21.245,25.924,24.615553
2026-07-07,R004,Capesize,Coking Coal,26.947,28.492,27.0276
2026-07-07,R003,Kamsarmax,Coking Coal,26.413,25.232,24.86931
2026-07-08,R002,Panamax,Coking Coal,24.74,24.426,25.230444
2026-07-08,R004,Capesize,Coking Coal,28.058,27.266,27.398623
2026-07-08,R006,Panamax,Coking Coal,24.504,24.802,24.496155
2026-07-08,R001,Capesize,Coking Coal,31.446,30.514,27.99209
2026-07-08,R007,Supramax,Coking Coal,22.782,24.292,23.553253
2026-07-08,R003,Kamsarmax,Coking Coal,24.959,27.707,25.368843
2026-07-08,R005,Panamax,Thermal Coal,20.017,21.235,20.387371
2026-07-08,R008,Capesize,Coking Coal,44.16,44.177,42.207695
2026-07-09,R002,Panamax,Coking Coal,25.865,26.184,24.550367
2026-07-09,R001,Capesize,Coking Coal,28.431,28.672,27.374605
2026-07-09,R006,Panamax,Coking Coal,25.13,26.336,23.784075
2026-07-09,R003,Kamsarmax,Coking Coal,27.15,25.504,24.796453
2026-07-09,R005,Panamax,Thermal Coal,20.812,21.089,20.036621
2026-07-09,R008,Capesize,Coking Coal,44.758,42.836,41.747486
2026-07-09,R004,Capesize,Coking Coal,28.93,30.742,27.358564
2026-07-09,R007,Supramax,Coking Coal,23.14,24.712,23.850214
2026-07-10,R002,Panamax,Coking Coal,24.467,24.726,24.744682
2026-07-10,R001,Capesize,Coking Coal,28.689,27.169,26.783121
2026-07-10,R003,Kamsarmax,Coking Coal,24.62,23.404,25.04579
2026-07-10,R004,Capesize,Coking Coal,30.955,27.883,27.314749
2026-07-10,R007,Supramax,Coking Coal,23.752,22.726,23.82923
2026-07-10,R008,Capesize,Coking Coal,43.36,41.305,40.32123
2026-07-10,R005,Panamax,Thermal Coal,21.152,19.42,19.720879
2026-07-10,R006,Panamax,Coking Coal,27.911,22.935,24.621819
2026-07-11,R002,Panamax,Coking Coal,27.126,28.696,24.929977
2026-07-11,R003,Kamsarmax,Coking Coal,28.479,26.482,25.045403
2026-07-11,R008,Capesize,Coking Coal,43.835,42.123,42.116478
2026-07-11,R007,Supramax,Coking Coal,23.754,23.94,23.719301
2026-07-11,R001,Capesize,Coking Coal,27.294,29.77,27.720778
2026-07-11,R005,Panamax,Thermal Coal,20.245,20.824,20.45927
2026-07-11,R006,Panamax,Coking Coal,24.163,27.526,24.513832
2026-07-11,R004,Capesize,Coking Coal,27.56,29.414,27.070068
2026-07-12,R005,Panamax,Thermal Coal,18.19,19.414,20.171469
2026-07-12,R008,Capesize,Coking Coal,39.377,40.966,40.604176
2026-07-12,R004,Capesize,Coking Coal,26.342,27.03,27.203495
2026-07-12,R002,Panamax,Coking Coal,25.226,25.534,25.228592
2026-07-12,R003,Kamsarmax,Coking Coal,24.928,23.678,24.939941
2026-07-12,R006,Panamax,Coking Coal,23.326,26.202,24.713829
2026-07-12,R001,Capesize,Coking Coal,24.093,27.174,27.281084
2026-07-12,R007,Supramax,Coking Coal,22.358,22.81,23.834505
2026-07-13,R005,Panamax,Thermal Coal,22.266,20.309,19.954657
2026-07-13,R006,Panamax,Coking Coal,25.321,23.787,24.798965
2026-07-13,R001,Capesize,Coking Coal,27.447,27.5,27.000172
2026-07-13,R007,Supramax,Coking Coal,24.845,24.058,23.360254
2026-07-13,R002,Panamax,Coking Coal,24.341,23.608,24.913124
2026-07-13,R003,Kamsarmax,Coking Coal,25.274,25.075,24.932402
2026-07-13,R004,Capesize,Coking Coal,28.784,27.51,27.343414
2026-07-13,R008,Capesize,Coking Coal,39.704,41.978,40.53989
2026-07-14,R003,Kamsarmax,Coking Coal,27.535,27.109,25.388184
2026-07-14,R002,Panamax,Coking Coal,24.985,24.542,25.521708
2026-07-14,R006,Panamax,Coking Coal,25.567,28.47,24.936844
2026-07-14,R008,Capesize,Coking Coal,42.762,44.718,42.076973
2026-07-14,R007,Supramax,Coking Coal,25.117,24.429,23.133017
2026-07-14,R004,Capesize,Coking Coal,28.017,28.507,27.401226
2026-07-14,R005,Panamax,Thermal Coal,20.05,19.983,19.79844
2026-07-14,R001,Capesize,Coking Coal,28.139,29.608,27.788198
2026-07-15,R001,Capesize,Coking Coal,30.401,29.737,27.277155
2026-07-15,R003,Kamsarmax,Coking Coal,25.183,25.483,24.52237
2026-07-15,R002,Panamax,Coking Coal,25.064,26.38,24.256704
2026-07-15,R007,Supramax,Coking Coal,23.502,24.95,22.84009
2026-07-15,R005,Panamax,Thermal Coal,20.737,19.105,19.700432
2026-07-15,R008,Capesize,Coking Coal,41.538,41.945,42.145653
2026-07-15,R004,Capesize,Coking Coal,29.251,25.652,26.938227
2026-07-15,R006,Panamax,Coking Coal,26.604,25.206,24.255741
2026-07-16,R007,Supramax,Coking Coal,24.072,27.562,23.3844
2026-07-16,R002,Panamax,Coking Coal,24.02,25.494,24.791286
2026-07-16,R006,Panamax,Coking Coal,24.453,25.64,24.643497
2026-07-16,R005,Panamax,Thermal Coal,20.132,21.242,19.933702
2026-07-16,R003,Kamsarmax,Coking Coal,24.374,27.267,24.795364
2026-07-16,R004,Capesize,Coking Coal,28.442,28.343,27.16418
2026-07-16,R001,Capesize,Coking Coal,26.194,27.954,27.346874
2026-07-16,R008,Capesize,Coking Coal,41.354,42.665,41.73055
2026-07-17,R004,Capesize,Coking Coal,30.334,28.776,27.325905
2026-07-17,R008,Capesize,Coking Coal,41.982,41.917,41.927937
2026-07-17,R002,Panamax,Coking Coal,26.975,24.664,25.279549
2026-07-17,R005,Panamax,Thermal Coal,22.599,19.381,20.065222
2026-07-17,R007,Supramax,Coking Coal,22.087,26.148,23.628786
2026-07-17,R001,Capesize,Coking Coal,27.587,27.53,27.523466
2026-07-17,R003,Kamsarmax,Coking Coal,23.113,27.158,25.207863
2026-07-17,R006,Panamax,Coking Coal,25.71,25.543,24.691946
2026-07-18,R007,Supramax,Coking Coal,26.338,23.71,23.668474
2026-07-18,R004,Capesize,Coking Coal,29.274,28.351,26.92174
2026-07-18,R002,Panamax,Coking Coal,25.535,24.443,25.345894
2026-07-18,R005,Panamax,Thermal Coal,21.695,20.446,19.623714
2026-07-18,R003,Kamsarmax,Coking Coal,22.833,25.098,25.048826
2026-07-18,R008,Capesize,Coking Coal,41.935,42.954,41.320137
2026-07-18,R006,Panamax,Coking Coal,26.141,26.585,25.193932
2026-07-18,R001,Capesize,Coking Coal,25.227,30.389,27.415562
2026-07-19,R005,Panamax,Thermal Coal,19.861,18.687,20.224655
2026-07-19,R006,Panamax,Coking Coal,24.011,24.294,24.75522
2026-07-19,R001,Capesize,Coking Coal,28.116,27.305,26.94085
2026-07-19,R007,Supramax,Coking Coal,23.604,22.131,23.539387
2026-07-19,R002,Panamax,Coking Coal,25.828,24.617,24.241827
2026-07-19,R004,Capesize,Coking Coal,29.106,29.339,27.026606
2026-07-19,R008,Capesize,Coking Coal,41.483,41.691,41.27491
2026-07-19,R003,Kamsarmax,Coking Coal,25.651,27.884,24.314268
2026-07-20,R002,Panamax,Coking Coal,25.866,24.686,24.957747
2026-07-20,R007,Supramax,Coking Coal,24.089,23.171,23.510021
2026-07-20,R008,Capesize,Coking Coal,41.76,40.424,41.00452
2026-07-20,R003,Kamsarmax,Coking Coal,27.8,25.554,25.230455
2026-07-20,R006,Panamax,Coking Coal,24.609,26.311,24.883083
2026-07-20,R004,Capesize,Coking Coal,28.774,28.231,27.04821
2026-07-20,R001,Capesize,Coking Coal,30.377,28.387,27.14369
2026-07-20,R005,Panamax,Thermal Coal,21.867,17.7,19.75776
2026-07-21,R005,Panamax,Thermal Coal,19.869,19.006,20.138226
2026-07-21,R002,Panamax,Coking Coal,26.665,25.983,24.53417
2026-07-21,R007,Supramax,Coking Coal,25.376,24.776,23.587582
2026-07-21,R001,Capesize,Coking Coal,28.524,28.019,26.944733
2026-07-21,R008,Capesize,Coking Coal,43.754,40.904,40.41764
2026-07-21,R004,Capesize,Coking Coal,28.567,26.947,27.010387
2026-07-21,R006,Panamax,Coking Coal,26.214,21.245,25.020576
2026-07-21,R003,Kamsarmax,Coking Coal,26.137,26.413,24.975922
2026-07-22,R002,Panamax,Coking Coal,26.281,24.74,24.540583
2026-07-22,R004,Capesize,Coking Coal,27.898,28.058,26.889713
2026-07-22,R007,Supramax,Coking Coal,23.542,22.782,24.053427
2026-07-22,R001,Capesize,Coking Coal,28.986,31.446,27.465086
2026-07-22,R006,Panamax,Coking Coal,28.522,24.504,24.97771
2026-07-22,R005,Panamax,Thermal Coal,19.631,20.017,19.937944
2026-07-22,R008,Capesize,Coking Coal,39.096,44.16,41.125267
2026-07-22,R003,Kamsarmax,Coking Coal,25.051,24.959,25.260859
2026-07-23,R002,Panamax,Coking Coal,29.894,25.865,24.413013
2026-07-23,R006,Panamax,Coking Coal,25.494,25.13,24.480562
2026-07-23,R007,Supramax,Coking Coal,23.459,23.14,23.443367
2026-07-23,R008,Capesize,Coking Coal,41.302,44.758,41.322613
2026-07-23,R004,Capesize,Coking Coal,28.222,28.93,27.024685
2026-07-23,R003,Kamsarmax,Coking Coal,28.643,27.15,24.788181
2026-07-23,R005,Panamax,Thermal Coal,19.869,20.812,20.063608
2026-07-23,R001,Capesize,Coking Coal,27.436,28.431,27.546055
2026-07-24,R004,Capesize,Coking Coal,30.004,30.955,27.601398
2026-07-24,R006,Panamax,Coking Coal,25.42,27.911,24.477867
2026-07-24,R003,Kamsarmax,Coking Coal,26.216,24.62,25.324121
2026-07-24,R001,Capesize,Coking Coal,26.933,28.689,27.789497
2026-07-24,R002,Panamax,Coking Coal,24.759,24.467,24.599327
2026-07-24,R005,Panamax,Thermal Coal,19.293,21.152,20.214022
2026-07-24,R007,Supramax,Coking Coal,22.583,23.752,23.383093
2026-07-24,R008,Capesize,Coking Coal,39.963,43.36,41.98801
2026-07-25,R003,Kamsarmax,Coking Coal,27.071,28.479,24.725122
2026-07-25,R008,Capesize,Coking Coal,42.324,43.835,42.05397
2026-07-25,R005,Panamax,Thermal Coal,20.013,20.245,20.124966
2026-07-25,R001,Capesize,Coking Coal,25.703,27.294,27.223763
2026-07-25,R007,Supramax,Coking Coal,25.031,23.754,23.139252
2026-07-25,R006,Panamax,Coking Coal,24.922,24.163,24.097544
2026-07-25,R002,Panamax,Coking Coal,27.138,27.126,23.767084
2026-07-25,R004,Capesize,Coking Coal,27.826,27.56,27.339655
2026-07-26,R008,Capesize,Coking Coal,41.078,39.377,41.417377
2026-07-26,R006,Panamax,Coking Coal,25.797,23.326,24.817642
2026-07-26,R005,Panamax,Thermal Coal,18.945,18.19,19.882019
2026-07-26,R007,Supramax,Coking Coal,24.77,22.358,23.298182
2026-07-26,R002,Panamax,Coking Coal,25.234,25.226,24.963312
2026-07-26,R004,Capesize,Coking Coal,28.406,26.342,27.245316
2026-07-26,R001,Capesize,Coking Coal,26.189,24.093,27.481388
2026-07-26,R003,Kamsarmax,Coking Coal,25.352,24.928,24.915066
2026-07-27,R003,Kamsarmax,Coking Coal,24.957,25.274,25.103687
2026-07-27,R005,Panamax,Thermal Coal,21.613,22.266,19.853022
2026-07-27,R006,Panamax,Coking Coal,24.621,25.321,24.109257
2026-07-27,R007,Supramax,Coking Coal,21.319,24.845,23.00261
2026-07-27,R004,Capesize,Coking Coal,29.006,28.784,27.175312
2026-07-27,R001,Capesize,Coking Coal,25.329,27.447,27.346844
2026-07-27,R002,Panamax,Coking Coal,27.182,24.341,24.468058
2026-07-27,R008,Capesize,Coking Coal,41.906,39.704,41.917404
2026-07-28,R005,Panamax,Thermal Coal,19.58,20.05,20.173864
2026-07-28,R006,Panamax,Coking Coal,23.874,25.567,24.038143
2026-07-28,R003,Kamsarmax,Coking Coal,27.139,27.535,25.514376
2026-07-28,R001,Capesize,Coking Coal,26.725,28.139,27.573948
2026-07-28,R007,Supramax,Coking Coal,23.262,25.117,23.21749
2026-07-28,R004,Capesize,Coking Coal,28.18,28.017,27.267431
2026-07-28,R002,Panamax,Coking Coal,25.515,24.985,24.640896
2026-07-28,R008,Capesize,Coking Coal,42.218,42.762,41.45192
2026-07-29,R008,Capesize,Coking Coal,42.854,41.538,42.54367
2026-07-29,R007,Supramax,Coking Coal,23.032,23.502,23.502642
2026-07-29,R002,Panamax,Coking Coal,24.567,25.064,25.018202
2026-07-29,R001,Capesize,Coking Coal,25.921,30.401,27.847326
2026-07-29,R003,Kamsarmax,Coking Coal,27.354,25.183,25.606308
2026-07-29,R006,Panamax,Coking Coal,26.638,26.604,24.406042
2026-07-29,R005,Panamax,Thermal Coal,22.651,20.737,20.156912
2026-07-29,R004,Capesize,Coking Coal,29.401,29.251,27.317883
2026-07-30,R004,Capesize,Coking Coal,30.095,28.442,27.350323
2026-07-30,R003,Kamsarmax,Coking Coal,29.358,24.374,25.24
2026-07-30,R007,Supramax,Coking Coal,25.279,24.072,23.12474
2026-07-30,R001,Capesize,Coking Coal,28.604,26.194,27.21082
2026-07-30,R002,Panamax,Coking Coal,27.18,24.02,24.707792
2026-07-30,R005,Panamax,Thermal Coal,22.014,20.132,19.819096
2026-07-30,R006,Panamax,Coking Coal,28.206,24.453,24.352531
2026-07-30,R008,Capesize,Coking Coal,43.281,41.354,41.862633
2026-07-31,R008,Capesize,Coking Coal,42.936,41.982,42.394634
2026-07-31,R003,Kamsarmax,Coking Coal,29.106,23.113,24.8153
2026-07-31,R002,Panamax,Coking Coal,26.598,26.975,24.386755
2026-07-31,R007,Supramax,Coking Coal,24.118,22.087,23.256992
2026-07-31,R005,Panamax,Thermal Coal,20.447,22.599,20.339556
2026-07-31,R006,Panamax,Coking Coal,28.043,25.71,23.807693
2026-07-31,R004,Capesize,Coking Coal,27.669,30.334,27.311401
2026-07-31,R001,Capesize,Coking Coal,27.289,27.587,27.036158
2026-08-01,R003,Kamsarmax,Coking Coal,26.194,22.833,25.779572
2026-08-01,R007,Supramax,Coking Coal,22.444,26.338,23.199833
2026-08-01,R004,Capesize,Coking Coal,28.365,29.274,27.903105
2026-08-01,R001,Capesize,Coking Coal,27.514,25.227,27.690573
2026-08-01,R006,Panamax,Coking Coal,26.127,26.141,25.10553
2026-08-01,R002,Panamax,Coking Coal,24.066,25.535,25.392336
2026-08-01,R005,Panamax,Thermal Coal,20.346,21.695,20.405687
2026-08-01,R008,Capesize,Coking Coal,38.659,41.935,42.07605
2026-08-02,R006,Panamax,Coking Coal,28.754,24.011,24.7937
2026-08-02,R002,Panamax,Coking Coal,25.09,25.828,25.203335
2026-08-02,R004,Capesize,Coking Coal,27.867,29.106,27.7642
2026-08-02,R003,Kamsarmax,Coking Coal,28.466,25.651,25.555288
2026-08-02,R005,Panamax,Thermal Coal,21.721,19.861,20.321522
2026-08-02,R008,Capesize,Coking Coal,42.272,41.483,41.255657
2026-08-02,R001,Capesize,Coking Coal,26.154,28.116,27.125399
2026-08-02,R007,Supramax,Coking Coal,23.223,23.604,23.755365
2026-08-03,R003,Kamsarmax,Coking Coal,27.51,27.8,25.797697
2026-08-03,R008,Capesize,Coking Coal,43.178,41.76,42.17729
2026-08-03,R006,Panamax,Coking Coal,26.881,24.609,25.0252
2026-08-03,R002,Panamax,Coking Coal,27.252,25.866,25.553392
2026-08-03,R005,Panamax,Thermal Coal,23.442,21.867,20.30194
2026-08-03,R004,Capesize,Coking Coal,26.398,28.774,28.087893
2026-08-03,R007,Supramax,Coking Coal,21.622,24.089,23.52473
2026-08-03,R001,Capesize,Coking Coal,26.109,30.377,27.801817
2026-08-04,R006,Panamax,Coking Coal,24.624,26.214,25.04799
2026-08-04,R007,Supramax,Coking Coal,24.148,25.376,23.880178
2026-08-04,R005,Panamax,Thermal Coal,19.752,19.869,21.091503
2026-08-04,R003,Kamsarmax,Coking Coal,29.553,26.137,25.631676
2026-08-04,R004,Capesize,Coking Coal,31.932,28.567,27.878092
2026-08-04,R001,Capesize,Coking Coal,27.32,28.524,27.444983
2026-08-04,R002,Panamax,Coking Coal,25.467,26.665,25.287333
2026-08-04,R008,Capesize,Coking Coal,44.7,43.754,41.946236
2026-08-05,R001,Capesize,Coking Coal,27.497,28.986,27.748123
2026-08-05,R007,Supramax,Coking Coal,23.071,23.542,23.606934
2026-08-05,R004,Capesize,Coking Coal,27.968,27.898,27.673283
2026-08-05,R005,Panamax,Thermal Coal,21.421,19.631,21.057499
2026-08-05,R008,Capesize,Coking Coal,42.315,39.096,41.51898
2026-08-05,R002,Panamax,Coking Coal,27.276,26.281,25.965136
2026-08-05,R003,Kamsarmax,Coking Coal,27.004,25.051,25.490608
2026-08-05,R006,Panamax,Coking Coal,27.252,28.522,24.931946
2026-08-06,R007,Supramax,Coking Coal,23.573,23.459,24.027851
2026-08-06,R005,Panamax,Thermal Coal,21.706,19.869,21.27602
2026-08-06,R003,Kamsarmax,Coking Coal,26.908,28.643,25.858353
2026-08-06,R006,Panamax,Coking Coal,26.67,25.494,25.524557
2026-08-06,R001,Capesize,Coking Coal,27.39,27.436,27.75428
2026-08-06,R002,Panamax,Coking Coal,26.193,29.894,25.801239
2026-08-06,R004,Capesize,Coking Coal,30.62,28.222,28.103586
2026-08-06,R008,Capesize,Coking Coal,44.517,41.302,41.655655
2026-08-07,R007,Supramax,Coking Coal,20.054,22.583,23.689663
2026-08-07,R003,Kamsarmax,Coking Coal,26.479,26.216,25.415424
2026-08-07,R006,Panamax,Coking Coal,22.314,25.42,25.458721
2026-08-07,R008,Capesize,Coking Coal,43.02,39.963,41.607388
2026-08-07,R002,Panamax,Coking Coal,24.172,24.759,25.879766
2026-08-07,R001,Capesize,Coking Coal,26.67,26.933,27.499855
2026-08-07,R005,Panamax,Thermal Coal,21.403,19.293,20.697844
2026-08-07,R004,Capesize,Coking Coal,28.254,30.004,27.955025
2026-08-08,R008,Capesize,Coking Coal,44.068,42.324,40.903965
2026-08-08,R006,Panamax,Coking Coal,26.028,24.922,25.502474
2026-08-08,R002,Panamax,Coking Coal,24.357,27.138,25.741934
2026-08-08,R003,Kamsarmax,Coking Coal,26.863,27.071,25.662987
2026-08-08,R001,Capesize,Coking Coal,28.062,25.703,27.275284
2026-08-08,R005,Panamax,Thermal Coal,21.521,20.013,20.555204
2026-08-08,R007,Supramax,Coking Coal,23.589,25.031,24.147335
2026-08-08,R004,Capesize,Coking Coal,28.332,27.826,27.329119
2026-08-09,R008,Capesize,Coking Coal,44.057,41.078,41.088337
2026-08-09,R006,Panamax,Coking Coal,26.055,25.797,25.264793
2026-08-09,R005,Panamax,Thermal Coal,23.71,18.945,19.755814
2026-08-09,R003,Kamsarmax,Coking Coal,26.088,25.352,25.954449
2026-08-09,R002,Panamax,Coking Coal,30.775,25.234,25.680828
2026-08-09,R007,Supramax,Coking Coal,23.707,24.77,24.142733
2026-08-09,R004,Capesize,Coking Coal,29.769,28.406,27.490244
2026-08-09,R001,Capesize,Coking Coal,25.914,26.189,27.288134
2026-08-10,R007,Supramax,Coking Coal,25.12,21.319,23.85398
2026-08-10,R008,Capesize,Coking Coal,42.906,41.906,40.574394
2026-08-10,R003,Kamsarmax,Coking Coal,26.426,24.957,25.961283
2026-08-10,R005,Panamax,Thermal Coal,24.577,21.613,20.340252
2026-08-10,R002,Panamax,Coking Coal,24.544,27.182,25.297829
2026-08-10,R001,Capesize,Coking Coal,27.393,25.329,26.545454
2026-08-10,R006,Panamax,Coking Coal,26.804,24.621,24.869629
2026-08-10,R004,Capesize,Coking Coal,30.76,29.006,27.273687
2026-08-11,R003,Kamsarmax,Coking Coal,29.029,27.139,25.601515
2026-08-11,R005,Panamax,Thermal Coal,22.502,19.58,19.915527
2026-08-11,R007,Supramax,Coking Coal,24.453,23.262,23.351902
2026-08-11,R004,Capesize,Coking Coal,30.743,28.18,27.490688
2026-08-11,R006,Panamax,Coking Coal,25.71,23.874,25.100376
2026-08-11,R001,Capesize,Coking Coal,26.816,26.725,26.88257
2026-08-11,R008,Capesize,Coking Coal,42.582,42.218,40.56132
2026-08-11,R002,Panamax,Coking Coal,27.453,25.515,25.92786
2026-08-12,R008,Capesize,Coking Coal,41.918,42.854,41.66916
2026-08-12,R005,Panamax,Thermal Coal,20.848,22.651,20.922117
2026-08-12,R006,Panamax,Coking Coal,23.649,26.638,25.545996
2026-08-12,R001,Capesize,Coking Coal,24.633,25.921,27.359076
2026-08-12,R003,Kamsarmax,Coking Coal,26.567,27.354,25.631983
2026-08-12,R004,Capesize,Coking Coal,25.705,29.401,27.980797
2026-08-12,R007,Supramax,Coking Coal,22.752,23.032,23.252808
2026-08-12,R002,Panamax,Coking Coal,27.881,24.567,25.817924
2026-08-13,R002,Panamax,Coking Coal,26.925,27.18,25.508556
2026-08-13,R001,Capesize,Coking Coal,27.072,28.604,27.12471
2026-08-13,R003,Kamsarmax,Coking Coal,28.175,29.358,25.730984
2026-08-13,R004,Capesize,Coking Coal,27.515,30.095,28.133734
2026-08-13,R005,Panamax,Thermal Coal,19.59,22.014,21.090961
2026-08-13,R007,Supramax,Coking Coal,22.101,25.279,23.530682
2026-08-13,R006,Panamax,Coking Coal,25.54,28.206,25.156637
2026-08-13,R008,Capesize,Coking Coal,38.729,43.281,41.962654
2026-08-14,R001,Capesize,Coking Coal,28.019,27.289,27.308851
2026-08-14,R003,Kamsarmax,Coking Coal,28.308,29.106,26.484339
2026-08-14,R004,Capesize,Coking Coal,28.229,27.669,28.070856
2026-08-14,R006,Panamax,Coking Coal,28.362,28.043,25.18866
2026-08-14,R007,Supramax,Coking Coal,24.519,24.118,23.792055
2026-08-14,R008,Capesize,Coking Coal,42.927,42.936,41.627865
2026-08-14,R002,Panamax,Coking Coal,26.613,26.598,25.625027
2026-08-14,R005,Panamax,Thermal Coal,20.554,20.447,20.521164
2026-08-15,R006,Panamax,Coking Coal,23.26,26.127,25.358725
2026-08-15,R008,Capesize,Coking Coal,40.864,38.659,41.34362
2026-08-15,R005,Panamax,Thermal Coal,20.492,20.346,20.38428
2026-08-15,R001,Capesize,Coking Coal,27.506,27.514,27.014187
2026-08-15,R007,Supramax,Coking Coal,22.365,22.444,23.619743
2026-08-15,R004,Capesize,Coking Coal,27.043,28.365,27.35023
2026-08-15,R003,Kamsarmax,Coking Coal,25.65,26.194,26.547852
2026-08-15,R002,Panamax,Coking Coal,28.689,24.066,25.528858
2026-08-16,R006,Panamax,Coking Coal,27.522,28.754,25.259193
2026-08-16,R003,Kamsarmax,Coking Coal,26.181,28.466,26.282715
2026-08-16,R005,Panamax,Thermal Coal,22.098,21.721,20.846844
2026-08-16,R002,Panamax,Coking Coal,24.999,25.09,25.566008
2026-08-16,R008,Capesize,Coking Coal,41.193,42.272,41.791435
2026-08-16,R004,Capesize,Coking Coal,28.246,27.867,27.873337
2026-08-16,R001,Capesize,Coking Coal,27.294,26.154,27.626652
2026-08-16,R007,Supramax,Coking Coal,24.373,23.223,23.713877
2026-08-17,R004,Capesize,Coking Coal,28.387,26.398,27.489456
2026-08-17,R006,Panamax,Coking Coal,23.442,26.881,25.198977
2026-08-17,R005,Panamax,Thermal Coal,22.411,23.442,20.846392
2026-08-17,R003,Kamsarmax,Coking Coal,28.576,27.51,26.579685
2026-08-17,R002,Panamax,Coking Coal,25.201,27.252,25.478422
2026-08-17,R001,Capesize,Coking Coal,28.016,26.109,26.672766
2026-08-17,R007,Supramax,Coking Coal,22.166,21.622,23.656206
2026-08-17,R008,Capesize,Coking Coal,43.096,43.178,40.72953
