date,route_id,vessel_class,cargo_type,actual,naive_prediction,xgboost_prediction
2025-08-10,R003,Kamsarmax,Coking Coal,27.121,26.186,26.226168
2025-08-10,R008,Capesize,Coking Coal,41.782,41.91,40.915283
2025-08-10,R007,Supramax,Coking Coal,24.444,23.715,22.617764
2025-08-10,R005,Panamax,Thermal Coal,21.289,18.802,20.31838
2025-08-10,R001,Capesize,Coking Coal,26.938,24.792,27.42641
2025-08-10,R006,Panamax,Coking Coal,26.058,24.95,24.82653
2025-08-10,R002,Panamax,Coking Coal,26.698,24.803,25.564575
2025-08-10,R004,Capesize,Coking Coal,29.03,29.45,27.778524
2025-08-11,R008,Capesize,Coking Coal,41.607,41.196,40.660988
2025-08-11,R006,Panamax,Coking Coal,26.026,27.201,24.724258
2025-08-11,R001,Capesize,Coking Coal,27.162,27.877,26.808111
2025-08-11,R007,Supramax,Coking Coal,23.938,22.093,22.187529
2025-08-11,R002,Panamax,Coking Coal,26.415,26.683,25.23497
2025-08-11,R003,Kamsarmax,Coking Coal,26.312,27.081,25.724287
2025-08-11,R004,Capesize,Coking Coal,28.953,30.35,27.528498
2025-08-11,R005,Panamax,Thermal Coal,21.772,21.14,19.800648
2025-08-12,R008,Capesize,Coking Coal,44.175,41.647,40.686157
2025-08-12,R007,Supramax,Coking Coal,22.638,24.027,22.140331
2025-08-12,R003,Kamsarmax,Coking Coal,28.836,25.872,25.955776
2025-08-12,R004,Capesize,Coking Coal,30.762,29.496,27.767439
2025-08-12,R005,Panamax,Thermal Coal,21.971,22.315,19.39654
2025-08-12,R006,Panamax,Coking Coal,27.668,26.234,24.392006
2025-08-12,R002,Panamax,Coking Coal,26.326,26.209,25.187855
2025-08-12,R001,Capesize,Coking Coal,29.818,29.331,27.479425
2025-08-13,R007,Supramax,Coking Coal,23.212,25.104,21.802465
2025-08-13,R003,Kamsarmax,Coking Coal,27.677,27.946,25.851053
2025-08-13,R006,Panamax,Coking Coal,25.25,25.688,24.497328
2025-08-13,R005,Panamax,Thermal Coal,21.395,19.348,20.098007
2025-08-13,R002,Panamax,Coking Coal,24.854,27.585,25.071114
2025-08-13,R001,Capesize,Coking Coal,28.302,26.479,27.268461
2025-08-13,R004,Capesize,Coking Coal,27.85,28.865,27.314253
2025-08-13,R008,Capesize,Coking Coal,42.646,40.008,40.660866
2025-08-14,R003,Kamsarmax,Coking Coal,28.308,24.024,25.94449
2025-08-14,R007,Supramax,Coking Coal,21.625,26.115,22.836693
2025-08-14,R004,Capesize,Coking Coal,28.491,30.683,27.749271
2025-08-14,R002,Panamax,Coking Coal,25.033,25.878,24.99786
2025-08-14,R001,Capesize,Coking Coal,30.973,27.097,27.58111
2025-08-14,R008,Capesize,Coking Coal,43.986,44.654,41.176533
2025-08-14,R006,Panamax,Coking Coal,25.861,25.525,24.5244
2025-08-14,R005,Panamax,Thermal Coal,23.435,22.365,19.625177
2025-08-15,R006,Panamax,Coking Coal,26.403,25.024,24.78055
2025-08-15,R007,Supramax,Coking Coal,22.208,21.789,22.380333
2025-08-15,R004,Capesize,Coking Coal,28.65,27.823,27.568783
2025-08-15,R008,Capesize,Coking Coal,42.152,40.199,40.958538
2025-08-15,R002,Panamax,Coking Coal,22.745,25.562,25.366512
2025-08-15,R003,Kamsarmax,Coking Coal,30.482,25.566,25.681871
2025-08-15,R001,Capesize,Coking Coal,26.962,27.666,27.15784
2025-08-15,R005,Panamax,Thermal Coal,22.333,19.003,19.997383
2025-08-16,R002,Panamax,Coking Coal,24.532,26.466,25.221962
2025-08-16,R003,Kamsarmax,Coking Coal,24.684,27.117,25.984987
2025-08-16,R001,Capesize,Coking Coal,27.099,29.454,27.488937
2025-08-16,R005,Panamax,Thermal Coal,23.303,21.253,19.774145
2025-08-16,R008,Capesize,Coking Coal,42.634,42.112,41.081112
2025-08-16,R004,Capesize,Coking Coal,28.639,28.972,27.659052
2025-08-16,R007,Supramax,Coking Coal,21.939,24.817,22.874859
2025-08-16,R006,Panamax,Coking Coal,24.841,27.739,24.881058
2025-08-17,R007,Supramax,Coking Coal,24.052,22.381,22.489096
2025-08-17,R006,Panamax,Coking Coal,25.074,25.413,25.218922
2025-08-17,R005,Panamax,Thermal Coal,21.451,18.859,19.579754
2025-08-17,R001,Capesize,Coking Coal,28.146,26.822,27.514069
2025-08-17,R004,Capesize,Coking Coal,28.472,29.068,27.914524
2025-08-17,R008,Capesize,Coking Coal,41.092,41.271,40.533188
2025-08-17,R002,Panamax,Coking Coal,26.756,26.385,25.290295
2025-08-17,R003,Kamsarmax,Coking Coal,26.644,26.217,25.874443
2025-08-18,R003,Kamsarmax,Coking Coal,27.009,27.659,25.755695
2025-08-18,R005,Panamax,Thermal Coal,22.765,21.028,19.64642
2025-08-18,R006,Panamax,Coking Coal,23.366,26.55,24.437658
2025-08-18,R004,Capesize,Coking Coal,28.557,27.834,27.667484
2025-08-18,R001,Capesize,Coking Coal,29.085,29.546,27.54258
2025-08-18,R007,Supramax,Coking Coal,22.727,24.224,22.408655
2025-08-18,R002,Panamax,Coking Coal,25.588,24.985,25.071125
2025-08-18,R008,Capesize,Coking Coal,43.283,43.749,40.434032
2025-08-19,R006,Panamax,Coking Coal,23.848,27.827,24.962471
2025-08-19,R001,Capesize,Coking Coal,26.366,27.461,27.857906
2025-08-19,R004,Capesize,Coking Coal,27.416,31.206,27.606956
2025-08-19,R003,Kamsarmax,Coking Coal,27.463,27.347,25.851269
2025-08-19,R007,Supramax,Coking Coal,25.552,23.101,23.106281
2025-08-19,R008,Capesize,Coking Coal,40.413,42.728,41.56407
2025-08-19,R005,Panamax,Thermal Coal,21.519,22.861,19.644833
2025-08-19,R002,Panamax,Coking Coal,25.445,22.87,25.333567
2025-08-20,R003,Kamsarmax,Coking Coal,28.253,27.036,25.538692
2025-08-20,R001,Capesize,Coking Coal,29.682,26.856,27.442366
2025-08-20,R008,Capesize,Coking Coal,43.115,39.421,41.070538
2025-08-20,R005,Panamax,Thermal Coal,21.325,19.215,19.513031
2025-08-20,R002,Panamax,Coking Coal,25.212,24.459,24.749762
2025-08-20,R004,Capesize,Coking Coal,30.313,27.42,27.850464
2025-08-20,R007,Supramax,Coking Coal,21.482,23.984,22.36678
2025-08-20,R006,Panamax,Coking Coal,22.849,26.371,24.656525
2025-08-21,R002,Panamax,Coking Coal,27.784,27.396,24.61555
2025-08-21,R008,Capesize,Coking Coal,46.779,42.064,40.43025
2025-08-21,R007,Supramax,Coking Coal,24.864,22.567,22.293818
2025-08-21,R003,Kamsarmax,Coking Coal,28.075,26.195,26.115648
2025-08-21,R005,Panamax,Thermal Coal,19.973,21.991,19.892128
2025-08-21,R001,Capesize,Coking Coal,27.134,27.053,27.288204
2025-08-21,R006,Panamax,Coking Coal,26.697,25.689,24.37851
2025-08-21,R004,Capesize,Coking Coal,28.973,29.18,27.726389
2025-08-22,R004,Capesize,Coking Coal,30.625,25.289,26.88
2025-08-22,R005,Panamax,Thermal Coal,23.972,20.397,19.45831
2025-08-22,R007,Supramax,Coking Coal,23.777,21.813,21.978855
2025-08-22,R008,Capesize,Coking Coal,42.296,39.01,40.578747
2025-08-22,R003,Kamsarmax,Coking Coal,28.164,25.573,25.542664
2025-08-22,R001,Capesize,Coking Coal,29.129,27.901,26.705515
2025-08-22,R002,Panamax,Coking Coal,24.645,26.73,24.651102
2025-08-22,R006,Panamax,Coking Coal,24.01,24.366,24.535667
2025-08-23,R008,Capesize,Coking Coal,44.296,42.296,40.99135
2025-08-23,R007,Supramax,Coking Coal,24.224,23.19,22.365255
2025-08-23,R003,Kamsarmax,Coking Coal,24.658,26.737,25.379517
2025-08-23,R005,Panamax,Thermal Coal,21.044,22.626,19.232038
2025-08-23,R001,Capesize,Coking Coal,26.944,28.335,27.473764
2025-08-23,R002,Panamax,Coking Coal,23.966,26.96,24.743637
2025-08-23,R004,Capesize,Coking Coal,29.051,29.256,27.259762
2025-08-23,R006,Panamax,Coking Coal,25.037,28.052,24.283157
2025-08-24,R001,Capesize,Coking Coal,29.174,27.603,27.504457
2025-08-24,R002,Panamax,Coking Coal,25.675,27.351,24.659044
2025-08-24,R004,Capesize,Coking Coal,29.939,27.821,27.580578
2025-08-24,R007,Supramax,Coking Coal,25.323,23.781,22.533316
2025-08-24,R003,Kamsarmax,Coking Coal,25.149,29.017,25.471605
2025-08-24,R006,Panamax,Coking Coal,24.901,25.061,24.224995
2025-08-24,R008,Capesize,Coking Coal,42.899,40.401,40.585125
2025-08-24,R005,Panamax,Thermal Coal,22.579,24.243,19.416262
2025-08-25,R005,Panamax,Thermal Coal,21.627,22.846,19.912943
2025-08-25,R008,Capesize,Coking Coal,44.609,45.737,40.48348
2025-08-25,R007,Supramax,Coking Coal,23.693,22.695,22.722687
2025-08-25,R004,Capesize,Coking Coal,29.704,27.396,27.391716
2025-08-25,R001,Capesize,Coking Coal,27.612,29.478,27.408552
2025-08-25,R002,Panamax,Coking Coal,28.495,27.049,24.646603
2025-08-25,R003,Kamsarmax,Coking Coal,26.368,28.745,25.25874
2025-08-25,R006,Panamax,Coking Coal,25.243,26.176,24.454107
2025-08-26,R008,Capesize,Coking Coal,42.678,41.816,40.439922
2025-08-26,R002,Panamax,Coking Coal,27.193,23.965,25.420208
2025-08-26,R005,Panamax,Thermal Coal,23.707,23.108,19.618042
2025-08-26,R007,Supramax,Coking Coal,24.119,24.219,22.458958
2025-08-26,R003,Kamsarmax,Coking Coal,27.822,26.609,25.784475
2025-08-26,R006,Panamax,Coking Coal,24.856,26.246,23.950108
2025-08-26,R004,Capesize,Coking Coal,28.445,27.911,27.599937
2025-08-26,R001,Capesize,Coking Coal,28.767,28.913,27.503593
2025-08-27,R003,Kamsarmax,Coking Coal,26.103,25.871,24.981482
2025-08-27,R002,Panamax,Coking Coal,26.589,27.147,24.692453
2025-08-27,R001,Capesize,Coking Coal,27.904,27.682,27.347092
2025-08-27,R006,Panamax,Coking Coal,25.073,25.407,23.974735
2025-08-27,R007,Supramax,Coking Coal,23.731,25.004,22.40289
2025-08-27,R004,Capesize,Coking Coal,28.514,28.589,27.283594
2025-08-27,R008,Capesize,Coking Coal,42.986,41.189,40.464474
2025-08-27,R005,Panamax,Thermal Coal,21.571,22.027,19.384823
2025-08-28,R002,Panamax,Coking Coal,25.503,29.571,24.681568
2025-08-28,R006,Panamax,Coking Coal,21.784,26.914,24.149933
2025-08-28,R003,Kamsarmax,Coking Coal,28.028,26.264,25.601254
2025-08-28,R001,Capesize,Coking Coal,28.616,30.159,27.360146
2025-08-28,R005,Panamax,Thermal Coal,19.491,25.256,20.143679
2025-08-28,R007,Supramax,Coking Coal,22.147,23.49,22.668604
2025-08-28,R008,Capesize,Coking Coal,41.739,40.753,40.615337
2025-08-28,R004,Capesize,Coking Coal,25.615,28.281,27.502037
2025-08-29,R006,Panamax,Coking Coal,25.262,26.129,24.810186
2025-08-29,R003,Kamsarmax,Coking Coal,27.783,28.361,25.599703
2025-08-29,R007,Supramax,Coking Coal,21.633,22.536,22.533663
2025-08-29,R001,Capesize,Coking Coal,27.751,28.813,27.23653
2025-08-29,R002,Panamax,Coking Coal,27.365,25.806,25.305664
2025-08-29,R004,Capesize,Coking Coal,28.059,30.059,27.214186
2025-08-29,R005,Panamax,Thermal Coal,20.196,19.592,20.639246
2025-08-29,R008,Capesize,Coking Coal,42.38,41.139,41.12796
2025-08-30,R004,Capesize,Coking Coal,29.223,28.2,27.5436
2025-08-30,R006,Panamax,Coking Coal,22.135,24.889,24.269545
2025-08-30,R003,Kamsarmax,Coking Coal,23.47,28.514,25.419882
2025-08-30,R007,Supramax,Coking Coal,23.424,22.575,22.62728
2025-08-30,R001,Capesize,Coking Coal,26.921,27.918,27.396996
2025-08-30,R008,Capesize,Coking Coal,38.339,41.499,41.42365
2025-08-30,R002,Panamax,Coking Coal,25.154,28.419,24.898968
2025-08-30,R005,Panamax,Thermal Coal,19.763,19.12,19.39166
2025-08-31,R002,Panamax,Coking Coal,25.054,27.039,25.079794
2025-08-31,R008,Capesize,Coking Coal,40.036,39.174,40.824436
2025-08-31,R007,Supramax,Coking Coal,22.073,22.73,22.394428
2025-08-31,R004,Capesize,Coking Coal,29.52,30.521,27.443443
2025-08-31,R001,Capesize,Coking Coal,26.771,30.418,27.475498
2025-08-31,R005,Panamax,Thermal Coal,20.698,22.146,19.57519
2025-08-31,R003,Kamsarmax,Coking Coal,24.028,25.926,25.33404
2025-08-31,R006,Panamax,Coking Coal,26.589,24.63,23.924618
2025-09-01,R004,Capesize,Coking Coal,28.813,26.093,27.655474
2025-09-01,R002,Panamax,Coking Coal,24.514,29.887,24.958788
2025-09-01,R007,Supramax,Coking Coal,22.609,25.752,22.698538
2025-09-01,R005,Panamax,Thermal Coal,18.508,23.759,20.361351
2025-09-01,R001,Capesize,Coking Coal,26.621,26.744,27.764456
2025-09-01,R008,Capesize,Coking Coal,42.46,42.392,40.87397
2025-09-01,R003,Kamsarmax,Coking Coal,25.819,28.553,25.140224
2025-09-01,R006,Panamax,Coking Coal,23.775,26.195,23.781397
2025-09-02,R001,Capesize,Coking Coal,25.803,27.582,27.470932
2025-09-02,R003,Kamsarmax,Coking Coal,26.799,26.989,25.798237
2025-09-02,R006,Panamax,Coking Coal,24.151,26.588,24.960068
2025-09-02,R008,Capesize,Coking Coal,39.98,42.557,41.324345
2025-09-02,R005,Panamax,Thermal Coal,20.093,22.785,20.46931
2025-09-02,R002,Panamax,Coking Coal,24.992,26.444,26.03305
2025-09-02,R007,Supramax,Coking Coal,21.445,25.753,23.421734
2025-09-02,R004,Capesize,Coking Coal,26.366,27.384,27.588545
2025-09-03,R008,Capesize,Coking Coal,41.61,44.104,41.18746
2025-09-03,R003,Kamsarmax,Coking Coal,28.131,29.463,25.514458
2025-09-03,R001,Capesize,Coking Coal,27.389,29.845,27.64887
2025-09-03,R005,Panamax,Thermal Coal,20.29,23.787,20.016348
2025-09-03,R002,Panamax,Coking Coal,24.11,25.191,25.205284
2025-09-03,R004,Capesize,Coking Coal,28.976,27.837,27.743206
2025-09-03,R006,Panamax,Coking Coal,23.614,24.826,24.269526
2025-09-03,R007,Supramax,Coking Coal,22.002,21.64,23.16583
2025-09-04,R005,Panamax,Thermal Coal,21.267,19.285,20.32346
2025-09-04,R003,Kamsarmax,Coking Coal,26.626,27.239,26.023415
2025-09-04,R008,Capesize,Coking Coal,42.301,43.994,41.31162
2025-09-04,R004,Capesize,Coking Coal,29.228,29.132,27.970774
2025-09-04,R006,Panamax,Coking Coal,27.155,26.905,24.363455
2025-09-04,R001,Capesize,Coking Coal,29.375,27.717,28.041756
2025-09-04,R002,Panamax,Coking Coal,25.103,25.898,24.960491
2025-09-04,R007,Supramax,Coking Coal,24.705,21.299,23.271439
2025-09-05,R001,Capesize,Coking Coal,25.03,29.137,27.710363
2025-09-05,R005,Panamax,Thermal Coal,19.818,19.133,20.261404
2025-09-05,R004,Capesize,Coking Coal,28.607,28.274,28.483456
2025-09-05,R006,Panamax,Coking Coal,23.867,25.424,24.989542
2025-09-05,R003,Kamsarmax,Coking Coal,26.235,27.446,26.342518
2025-09-05,R002,Panamax,Coking Coal,23.937,25.186,25.644361
2025-09-05,R007,Supramax,Coking Coal,21.914,24.401,23.110842
2025-09-05,R008,Capesize,Coking Coal,40.379,40.663,41.572624
2025-09-06,R006,Panamax,Coking Coal,23.737,24.73,24.106573
2025-09-06,R005,Panamax,Thermal Coal,19.015,22.174,20.279287
2025-09-06,R003,Kamsarmax,Coking Coal,24.636,27.829,25.3163
2025-09-06,R004,Capesize,Coking Coal,31.783,29.534,28.303444
2025-09-06,R008,Capesize,Coking Coal,42.359,41.944,41.166485
2025-09-06,R001,Capesize,Coking Coal,30.468,27.807,27.34924
2025-09-06,R002,Panamax,Coking Coal,23.634,26.699,24.97386
2025-09-06,R007,Supramax,Coking Coal,20.42,24.487,23.252789
2025-09-07,R004,Capesize,Coking Coal,31.834,28.593,27.560947
2025-09-07,R008,Capesize,Coking Coal,43.734,43.328,41.780037
2025-09-07,R006,Panamax,Coking Coal,25.948,22.725,24.74406
2025-09-07,R002,Panamax,Coking Coal,24.961,27.075,25.360254
2025-09-07,R003,Kamsarmax,Coking Coal,26.264,25.419,25.6996
2025-09-07,R001,Capesize,Coking Coal,29.649,27.372,27.160387
2025-09-07,R007,Supramax,Coking Coal,22.624,24.596,22.560104
2025-09-07,R005,Panamax,Thermal Coal,19.235,22.518,20.07677
2025-09-08,R006,Panamax,Coking Coal,25.483,30.051,24.46199
2025-09-08,R008,Capesize,Coking Coal,42.335,42.945,41.167217
2025-09-08,R005,Panamax,Thermal Coal,20.654,24.346,20.353512
2025-09-08,R002,Panamax,Coking Coal,27.295,27.465,25.486795
2025-09-08,R007,Supramax,Coking Coal,22.601,22.572,23.072666
2025-09-08,R003,Kamsarmax,Coking Coal,25.677,26.378,25.515612
2025-09-08,R001,Capesize,Coking Coal,27.675,29.23,27.432299
2025-09-08,R004,Capesize,Coking Coal,28.506,28.426,28.033438
2025-09-09,R001,Capesize,Coking Coal,27.632,26.938,27.537106
2025-09-09,R007,Supramax,Coking Coal,23.742,24.444,22.272673
2025-09-09,R003,Kamsarmax,Coking Coal,27.906,27.121,25.55924
2025-09-09,R006,Panamax,Coking Coal,22.986,26.058,24.39648
2025-09-09,R005,Panamax,Thermal Coal,19.337,21.289,20.111021
2025-09-09,R008,Capesize,Coking Coal,44.115,41.782,40.87745
2025-09-09,R004,Capesize,Coking Coal,27.578,29.03,27.295044
2025-09-09,R002,Panamax,Coking Coal,25.642,26.698,25.055347
2025-09-10,R007,Supramax,Coking Coal,23.518,23.938,22.946608
2025-09-10,R008,Capesize,Coking Coal,40.855,41.607,41.48887
2025-09-10,R001,Capesize,Coking Coal,30.37,27.162,27.619787
2025-09-10,R005,Panamax,Thermal Coal,21.799,21.772,20.514698
2025-09-10,R006,Panamax,Coking Coal,26.57,26.026,25.398079
2025-09-10,R002,Panamax,Coking Coal,29.036,26.415,25.882544
2025-09-10,R004,Capesize,Coking Coal,27.67,28.953,28.09374
2025-09-10,R003,Kamsarmax,Coking Coal,25.582,26.312,26.128635
2025-09-11,R005,Panamax,Thermal Coal,22.765,21.971,19.644506
2025-09-11,R007,Supramax,Coking Coal,22.977,22.638,22.570543
2025-09-11,R003,Kamsarmax,Coking Coal,28.611,28.836,25.639341
2025-09-11,R004,Capesize,Coking Coal,30.66,30.762,28.699526
2025-09-11,R001,Capesize,Coking Coal,27.199,29.818,27.486897
2025-09-11,R002,Panamax,Coking Coal,28.279,26.326,25.511753
2025-09-11,R008,Capesize,Coking Coal,43.178,44.175,41.683628
2025-09-11,R006,Panamax,Coking Coal,25.294,27.668,24.629534
2025-09-12,R004,Capesize,Coking Coal,28.056,27.85,27.926624
2025-09-12,R006,Panamax,Coking Coal,22.851,25.25,24.8332
2025-09-12,R001,Capesize,Coking Coal,28.901,28.302,27.890938
2025-09-12,R007,Supramax,Coking Coal,22.121,23.212,22.811728
2025-09-12,R002,Panamax,Coking Coal,25.634,24.854,25.2077
2025-09-12,R003,Kamsarmax,Coking Coal,27.422,27.677,25.720049
2025-09-12,R005,Panamax,Thermal Coal,19.377,21.395,19.61296
2025-09-12,R008,Capesize,Coking Coal,43.989,42.646,41.380154
2025-09-13,R002,Panamax,Coking Coal,27.36,25.033,25.603176
2025-09-13,R007,Supramax,Coking Coal,25.398,21.625,23.293043
2025-09-13,R008,Capesize,Coking Coal,41.583,43.986,41.39342
2025-09-13,R003,Kamsarmax,Coking Coal,27.055,28.308,25.826296
2025-09-13,R001,Capesize,Coking Coal,28.185,30.973,27.88894
2025-09-13,R004,Capesize,Coking Coal,27.9,28.491,28.87074
2025-09-13,R006,Panamax,Coking Coal,26.524,25.861,25.007704
2025-09-13,R005,Panamax,Thermal Coal,20.15,23.435,20.548798
2025-09-14,R007,Supramax,Coking Coal,22.412,22.208,22.836021
2025-09-14,R003,Kamsarmax,Coking Coal,27.645,30.482,25.85176
2025-09-14,R004,Capesize,Coking Coal,28.902,28.65,28.316889
2025-09-14,R005,Panamax,Thermal Coal,21.519,22.333,19.917173
2025-09-14,R006,Panamax,Coking Coal,23.943,26.403,25.389503
2025-09-14,R001,Capesize,Coking Coal,24.903,26.962,27.943233
2025-09-14,R008,Capesize,Coking Coal,41.351,42.152,41.37644
2025-09-14,R002,Panamax,Coking Coal,25.529,22.745,25.826689
2025-09-15,R005,Panamax,Thermal Coal,21.552,23.303,19.7568
2025-09-15,R006,Panamax,Coking Coal,25.958,24.841,23.656343
2025-09-15,R003,Kamsarmax,Coking Coal,28.547,24.684,25.913921
2025-09-15,R004,Capesize,Coking Coal,28.021,28.639,28.133263
2025-09-15,R007,Supramax,Coking Coal,23.002,21.939,22.636631
2025-09-15,R002,Panamax,Coking Coal,26.861,24.532,24.65328
2025-09-15,R001,Capesize,Coking Coal,29.003,27.099,27.458971
2025-09-15,R008,Capesize,Coking Coal,40.487,42.634,40.88934
2025-09-16,R005,Panamax,Thermal Coal,18.878,21.451,19.985672
2025-09-16,R001,Capesize,Coking Coal,26.742,28.146,27.621492
2025-09-16,R004,Capesize,Coking Coal,25.43,28.472,28.139166
2025-09-16,R008,Capesize,Coking Coal,41.79,41.092,41.06056
2025-09-16,R007,Supramax,Coking Coal,21.744,24.052,22.668247
2025-09-16,R006,Panamax,Coking Coal,25.014,25.074,24.717564
2025-09-16,R003,Kamsarmax,Coking Coal,25.314,26.644,25.766666
2025-09-16,R002,Panamax,Coking Coal,26.8,26.756,25.16707
2025-09-17,R003,Kamsarmax,Coking Coal,28.197,27.009,25.766504
2025-09-17,R001,Capesize,Coking Coal,29.316,29.085,27.79242
2025-09-17,R005,Panamax,Thermal Coal,22.594,22.765,20.163929
2025-09-17,R008,Capesize,Coking Coal,44.097,43.283,41.499428
2025-09-17,R006,Panamax,Coking Coal,25.296,23.366,25.114689
2025-09-17,R004,Capesize,Coking Coal,27.299,28.557,28.639896
2025-09-17,R002,Panamax,Coking Coal,26.661,25.588,25.819323
2025-09-17,R007,Supramax,Coking Coal,23.932,22.727,23.0441
2025-09-18,R008,Capesize,Coking Coal,41.762,40.413,41.663567
2025-09-18,R006,Panamax,Coking Coal,20.573,23.848,24.285294
2025-09-18,R003,Kamsarmax,Coking Coal,25.514,27.463,25.659384
2025-09-18,R001,Capesize,Coking Coal,26.993,26.366,27.895748
2025-09-18,R004,Capesize,Coking Coal,27.124,27.416,28.33105
2025-09-18,R005,Panamax,Thermal Coal,23.516,21.519,20.207325
2025-09-18,R002,Panamax,Coking Coal,27.74,25.445,25.496067
2025-09-18,R007,Supramax,Coking Coal,22.852,25.552,22.507597
2025-09-19,R004,Capesize,Coking Coal,29.34,30.313,28.270073
2025-09-19,R005,Panamax,Thermal Coal,19.261,21.325,19.953243
2025-09-19,R002,Panamax,Coking Coal,26.693,25.212,25.195866
2025-09-19,R006,Panamax,Coking Coal,25.5,22.849,24.818213
2025-09-19,R008,Capesize,Coking Coal,42.904,43.115,41.207436
2025-09-19,R001,Capesize,Coking Coal,25.648,29.682,27.620743
2025-09-19,R003,Kamsarmax,Coking Coal,26.042,28.253,25.848461
2025-09-19,R007,Supramax,Coking Coal,19.595,21.482,22.567492
2025-09-20,R002,Panamax,Coking Coal,24.554,27.784,25.200771
2025-09-20,R007,Supramax,Coking Coal,22.061,24.864,22.71726
2025-09-20,R003,Kamsarmax,Coking Coal,26.929,28.075,26.140585
2025-09-20,R001,Capesize,Coking Coal,28.982,27.134,27.87957
2025-09-20,R004,Capesize,Coking Coal,27.44,28.973,28.643486
2025-09-20,R005,Panamax,Thermal Coal,18.682,19.973,20.658869
2025-09-20,R006,Panamax,Coking Coal,23.374,26.697,24.392672
2025-09-20,R008,Capesize,Coking Coal,38.888,46.779,41.422153
2025-09-21,R005,Panamax,Thermal Coal,20.766,23.972,20.323174
2025-09-21,R002,Panamax,Coking Coal,26.689,24.645,25.463295
2025-09-21,R006,Panamax,Coking Coal,23.704,24.01,24.791092
2025-09-21,R007,Supramax,Coking Coal,24.341,23.777,22.982653
2025-09-21,R001,Capesize,Coking Coal,27.217,29.129,27.358612
2025-09-21,R004,Capesize,Coking Coal,28.618,30.625,28.331305
2025-09-21,R008,Capesize,Coking Coal,41.669,42.296,40.527637
2025-09-21,R003,Kamsarmax,Coking Coal,24.84,28.164,26.166792
2025-09-22,R008,Capesize,Coking Coal,41.289,44.296,41.352783
2025-09-22,R007,Supramax,Coking Coal,25.228,24.224,23.082314
2025-09-22,R001,Capesize,Coking Coal,24.959,26.944,27.883661
2025-09-22,R003,Kamsarmax,Coking Coal,24.069,24.658,25.616566
2025-09-22,R005,Panamax,Thermal Coal,21.384,21.044,19.873375
2025-09-22,R006,Panamax,Coking Coal,20.566,25.037,24.196678
2025-09-22,R002,Panamax,Coking Coal,25.236,23.966,24.869175
2025-09-22,R004,Capesize,Coking Coal,26.758,29.051,28.271126
2025-09-23,R005,Panamax,Thermal Coal,19.774,22.579,19.212479
2025-09-23,R006,Panamax,Coking Coal,23.739,24.901,24.60084
2025-09-23,R003,Kamsarmax,Coking Coal,25.047,25.149,25.491264
2025-09-23,R004,Capesize,Coking Coal,25.349,29.939,28.126852
2025-09-23,R001,Capesize,Coking Coal,28.922,29.174,27.6024
2025-09-23,R008,Capesize,Coking Coal,41.896,42.899,40.849884
2025-09-23,R007,Supramax,Coking Coal,22.324,25.323,23.013792
2025-09-23,R002,Panamax,Coking Coal,25.521,25.675,25.287514
2025-09-24,R002,Panamax,Coking Coal,27.912,28.495,24.913181
2025-09-24,R003,Kamsarmax,Coking Coal,24.812,26.368,25.734247
2025-09-24,R008,Capesize,Coking Coal,42.15,44.609,41.576942
2025-09-24,R007,Supramax,Coking Coal,23.448,23.693,22.97315
2025-09-24,R006,Panamax,Coking Coal,23.31,25.243,24.362139
2025-09-24,R004,Capesize,Coking Coal,26.141,29.704,28.572186
2025-09-24,R001,Capesize,Coking Coal,26.275,27.612,27.89695
2025-09-24,R005,Panamax,Thermal Coal,19.647,21.627,20.269676
2025-09-25,R003,Kamsarmax,Coking Coal,23.702,27.822,25.674084
2025-09-25,R007,Supramax,Coking Coal,25.244,24.119,22.622751
2025-09-25,R001,Capesize,Coking Coal,25.629,28.767,28.063227
2025-09-25,R004,Capesize,Coking Coal,28.71,28.445,28.10898
2025-09-25,R008,Capesize,Coking Coal,42.468,42.678,41.017704
2025-09-25,R002,Panamax,Coking Coal,26.758,27.193,25.06702
2025-09-25,R005,Panamax,Thermal Coal,19.613,23.707,19.851706
2025-09-25,R006,Panamax,Coking Coal,24.501,24.856,24.24191
2025-09-26,R003,Kamsarmax,Coking Coal,26.665,26.103,25.605331
2025-09-26,R002,Panamax,Coking Coal,27.743,26.589,25.344912
2025-09-26,R007,Supramax,Coking Coal,26.208,23.731,23.155293
2025-09-26,R006,Panamax,Coking Coal,24.279,25.073,24.6135
2025-09-26,R001,Capesize,Coking Coal,28.901,27.904,28.231174
2025-09-26,R004,Capesize,Coking Coal,28.851,28.514,28.746765
2025-09-26,R005,Panamax,Thermal Coal,19.062,21.571,19.65272
2025-09-26,R008,Capesize,Coking Coal,42.247,42.986,41.73635
2025-09-27,R004,Capesize,Coking Coal,27.527,25.615,28.317846
2025-09-27,R008,Capesize,Coking Coal,39.374,41.739,40.596287
2025-09-27,R006,Panamax,Coking Coal,23.574,21.784,24.751226
2025-09-27,R007,Supramax,Coking Coal,22.039,22.147,22.67972
2025-09-27,R002,Panamax,Coking Coal,25.156,25.503,25.31027
2025-09-27,R005,Panamax,Thermal Coal,18.717,19.491,19.82076
2025-09-27,R003,Kamsarmax,Coking Coal,25.04,28.028,25.757317
2025-09-27,R001,Capesize,Coking Coal,25.934,28.616,27.898575
2025-09-28,R001,Capesize,Coking Coal,26.079,27.751,27.807426
2025-09-28,R005,Panamax,Thermal Coal,16.217,20.196,19.862436
2025-09-28,R008,Capesize,Coking Coal,41.311,42.38,40.787758
2025-09-28,R007,Supramax,Coking Coal,23.742,21.633,22.876616
2025-09-28,R006,Panamax,Coking Coal,25.864,25.262,24.486027
2025-09-28,R002,Panamax,Coking Coal,25.307,27.365,25.062908
2025-09-28,R004,Capesize,Coking Coal,27.862,28.059,27.631716
2025-09-28,R003,Kamsarmax,Coking Coal,27.364,27.783,25.93263
2025-09-29,R004,Capesize,Coking Coal,25.448,29.223,27.807167
2025-09-29,R005,Panamax,Thermal Coal,19.754,19.763,20.167269
2025-09-29,R007,Supramax,Coking Coal,22.535,23.424,22.417517
2025-09-29,R002,Panamax,Coking Coal,26.019,25.154,25.266924
2025-09-29,R008,Capesize,Coking Coal,43.761,38.339,41.540146
2025-09-29,R001,Capesize,Coking Coal,26.123,26.921,27.431755
2025-09-29,R006,Panamax,Coking Coal,24.883,22.135,24.736166
2025-09-29,R003,Kamsarmax,Coking Coal,25.818,23.47,26.138784
2025-09-30,R007,Supramax,Coking Coal,21.34,22.073,22.82529
2025-09-30,R003,Kamsarmax,Coking Coal,25.662,24.028,25.705622
2025-09-30,R001,Capesize,Coking Coal,24.65,26.771,27.815853
2025-09-30,R008,Capesize,Coking Coal,40.97,40.036,40.845417
2025-09-30,R002,Panamax,Coking Coal,25.371,25.054,25.36861
2025-09-30,R005,Panamax,Thermal Coal,20.577,20.698,20.300745
2025-09-30,R004,Capesize,Coking Coal,25.624,29.52,28.07449
2025-09-30,R006,Panamax,Coking Coal,23.542,26.589,23.835527
2025-10-01,R004,Capesize,Coking Coal,26.895,28.813,29.491728
2025-10-01,R005,Panamax,Thermal Coal,20.318,18.508,21.065035
2025-10-01,R001,Capesize,Coking Coal,27.905,26.621,29.217833
2025-10-01,R003,Kamsarmax,Coking Coal,28.033,25.819,27.342148
2025-10-01,R007,Supramax,Coking Coal,23.686,22.609,24.046148
2025-10-01,R008,Capesize,Coking Coal,41.603,42.46,42.726532
2025-10-01,R002,Panamax,Coking Coal,25.283,24.514,26.818844
2025-10-01,R006,Panamax,Coking Coal,24.501,23.775,26.588404
2025-10-02,R006,Panamax,Coking Coal,25.377,24.151,26.70958
2025-10-02,R007,Supramax,Coking Coal,22.94,21.445,24.277641
2025-10-02,R008,Capesize,Coking Coal,39.889,39.98,42.643646
2025-10-02,R002,Panamax,Coking Coal,26.76,24.992,27.435137
2025-10-02,R005,Panamax,Thermal Coal,19.174,20.093,21.210165
2025-10-02,R003,Kamsarmax,Coking Coal,26.108,26.799,27.714937
2025-10-02,R001,Capesize,Coking Coal,28.499,25.803,29.06834
2025-10-02,R004,Capesize,Coking Coal,25.702,26.366,29.521006
2025-10-03,R001,Capesize,Coking Coal,28.223,27.389,28.415863
2025-10-03,R007,Supramax,Coking Coal,20.102,22.002,24.296305
2025-10-03,R008,Capesize,Coking Coal,42.409,41.61,41.917034
2025-10-03,R002,Panamax,Coking Coal,25.794,24.11,26.46912
2025-10-03,R004,Capesize,Coking Coal,28.932,28.976,28.373537
2025-10-03,R005,Panamax,Thermal Coal,18.786,20.29,21.107115
2025-10-03,R003,Kamsarmax,Coking Coal,25.694,28.131,26.713667
2025-10-03,R006,Panamax,Coking Coal,25.625,23.614,25.932781
2025-10-04,R004,Capesize,Coking Coal,27.792,29.228,29.330282
2025-10-04,R002,Panamax,Coking Coal,26.302,25.103,27.270935
2025-10-04,R008,Capesize,Coking Coal,43.807,42.301,42.294743
2025-10-04,R006,Panamax,Coking Coal,24.725,27.155,26.717836
2025-10-04,R005,Panamax,Thermal Coal,19.697,21.267,21.54853
2025-10-04,R001,Capesize,Coking Coal,27.93,29.375,28.843275
2025-10-04,R007,Supramax,Coking Coal,24.323,24.705,24.47594
2025-10-04,R003,Kamsarmax,Coking Coal,24.988,26.626,27.170246
2025-10-05,R004,Capesize,Coking Coal,30.005,28.607,29.348509
2025-10-05,R006,Panamax,Coking Coal,25.858,23.867,26.720585
2025-10-05,R007,Supramax,Coking Coal,21.871,21.914,24.180687
2025-10-05,R008,Capesize,Coking Coal,42.673,40.379,42.33804
2025-10-05,R003,Kamsarmax,Coking Coal,24.61,26.235,27.134966
2025-10-05,R002,Panamax,Coking Coal,23.315,23.937,27.567703
2025-10-05,R005,Panamax,Thermal Coal,19.695,19.818,21.13095
2025-10-05,R001,Capesize,Coking Coal,27.022,25.03,29.321814
2025-10-06,R003,Kamsarmax,Coking Coal,26.642,24.636,27.294891
2025-10-06,R001,Capesize,Coking Coal,28.162,30.468,28.866682
2025-10-06,R008,Capesize,Coking Coal,41.568,42.359,42.600845
2025-10-06,R006,Panamax,Coking Coal,27.442,23.737,26.498646
2025-10-06,R007,Supramax,Coking Coal,25.439,20.42,24.430285
2025-10-06,R004,Capesize,Coking Coal,28.327,31.783,29.675228
2025-10-06,R005,Panamax,Thermal Coal,18.637,19.015,21.02634
2025-10-06,R002,Panamax,Coking Coal,26.46,23.634,27.117716
2025-10-07,R007,Supramax,Coking Coal,22.778,22.624,24.563602
2025-10-07,R003,Kamsarmax,Coking Coal,24.026,26.264,27.332672
2025-10-07,R008,Capesize,Coking Coal,39.064,43.734,42.294476
2025-10-07,R005,Panamax,Thermal Coal,16.557,19.235,21.08518
2025-10-07,R004,Capesize,Coking Coal,27.096,31.834,29.33525
2025-10-07,R002,Panamax,Coking Coal,25.911,24.961,26.811842
2025-10-07,R006,Panamax,Coking Coal,24.444,25.948,26.455923
2025-10-07,R001,Capesize,Coking Coal,28.017,29.649,28.683798
2025-10-08,R003,Kamsarmax,Coking Coal,26.37,25.677,27.369246
2025-10-08,R005,Panamax,Thermal Coal,20.763,20.654,21.514776
2025-10-08,R008,Capesize,Coking Coal,42.553,42.335,42.50621
2025-10-08,R002,Panamax,Coking Coal,27.195,27.295,27.174631
2025-10-08,R007,Supramax,Coking Coal,22.531,22.601,25.25798
2025-10-08,R004,Capesize,Coking Coal,27.256,28.506,29.748997
2025-10-08,R001,Capesize,Coking Coal,27.548,27.675,29.261555
2025-10-08,R006,Panamax,Coking Coal,25.296,25.483,26.69152
2025-10-09,R004,Capesize,Coking Coal,27.535,27.578,29.527317
2025-10-09,R003,Kamsarmax,Coking Coal,27.185,27.906,27.078875
2025-10-09,R001,Capesize,Coking Coal,29.143,27.632,28.932379
2025-10-09,R002,Panamax,Coking Coal,26.095,25.642,27.008053
2025-10-09,R006,Panamax,Coking Coal,26.796,22.986,26.682915
2025-10-09,R005,Panamax,Thermal Coal,22.702,19.337,21.497467
2025-10-09,R007,Supramax,Coking Coal,22.352,23.742,24.152203
2025-10-09,R008,Capesize,Coking Coal,41.486,44.115,42.508587
2025-10-10,R002,Panamax,Coking Coal,27.341,29.036,27.12269
2025-10-10,R004,Capesize,Coking Coal,27.863,27.67,29.446005
2025-10-10,R007,Supramax,Coking Coal,22.49,23.518,24.405262
2025-10-10,R008,Capesize,Coking Coal,39.239,40.855,42.346878
2025-10-10,R006,Panamax,Coking Coal,26.742,26.57,26.797665
2025-10-10,R005,Panamax,Thermal Coal,19.027,21.799,20.881458
2025-10-10,R003,Kamsarmax,Coking Coal,25.974,25.582,27.540085
2025-10-10,R001,Capesize,Coking Coal,28.677,30.37,28.979097
2025-10-11,R006,Panamax,Coking Coal,26.028,25.294,26.460413
2025-10-11,R008,Capesize,Coking Coal,43.187,43.178,42.70573
2025-10-11,R004,Capesize,Coking Coal,29.029,30.66,29.606756
2025-10-11,R005,Panamax,Thermal Coal,19.005,22.765,21.71035
2025-10-11,R002,Panamax,Coking Coal,25.955,28.279,27.335218
2025-10-11,R003,Kamsarmax,Coking Coal,25.082,28.611,27.491695
2025-10-11,R007,Supramax,Coking Coal,21.076,22.977,24.454967
2025-10-11,R001,Capesize,Coking Coal,29.239,27.199,29.265182
2025-10-12,R004,Capesize,Coking Coal,27.512,28.056,29.65911
2025-10-12,R002,Panamax,Coking Coal,26.124,25.634,27.53101
2025-10-12,R001,Capesize,Coking Coal,28.246,28.901,29.349977
2025-10-12,R006,Panamax,Coking Coal,24.123,22.851,27.233526
2025-10-12,R003,Kamsarmax,Coking Coal,25.097,27.422,27.56025
2025-10-12,R005,Panamax,Thermal Coal,19.652,19.377,21.748762
2025-10-12,R007,Supramax,Coking Coal,21.625,22.121,24.800661
2025-10-12,R008,Capesize,Coking Coal,40.673,43.989,42.79712
2025-10-13,R003,Kamsarmax,Coking Coal,28.418,27.055,27.646078
2025-10-13,R002,Panamax,Coking Coal,27.735,27.36,27.372759
2025-10-13,R001,Capesize,Coking Coal,29.023,28.185,29.3099
2025-10-13,R004,Capesize,Coking Coal,27.338,27.9,30.065502
2025-10-13,R005,Panamax,Thermal Coal,22.199,20.15,21.43095
2025-10-13,R007,Supramax,Coking Coal,24.794,25.398,24.323082
2025-10-13,R008,Capesize,Coking Coal,40.429,41.583,42.28869
2025-10-13,R006,Panamax,Coking Coal,26.446,26.524,26.390537
2025-10-14,R003,Kamsarmax,Coking Coal,25.907,27.645,28.061491
2025-10-14,R007,Supramax,Coking Coal,26.583,22.412,24.33595
2025-10-14,R004,Capesize,Coking Coal,29.028,28.902,29.910877
2025-10-14,R002,Panamax,Coking Coal,26.562,25.529,27.808762
2025-10-14,R005,Panamax,Thermal Coal,19.791,21.519,21.264208
2025-10-14,R001,Capesize,Coking Coal,29.562,24.903,29.252111
2025-10-14,R006,Panamax,Coking Coal,25.514,23.943,27.051167
2025-10-14,R008,Capesize,Coking Coal,41.228,41.351,42.456387
2025-10-15,R002,Panamax,Coking Coal,28.356,26.861,27.412664
2025-10-15,R005,Panamax,Thermal Coal,19.791,21.552,22.018919
2025-10-15,R003,Kamsarmax,Coking Coal,28.841,28.547,27.907705
2025-10-15,R008,Capesize,Coking Coal,43.222,40.487,42.750954
2025-10-15,R006,Panamax,Coking Coal,24.952,25.958,26.772633
2025-10-15,R001,Capesize,Coking Coal,28.608,29.003,29.241875
2025-10-15,R007,Supramax,Coking Coal,23.779,23.002,24.908827
2025-10-15,R004,Capesize,Coking Coal,28.627,28.021,29.46509
2025-10-16,R005,Panamax,Thermal Coal,20.575,18.878,21.505083
2025-10-16,R004,Capesize,Coking Coal,27.388,25.43,29.479538
2025-10-16,R003,Kamsarmax,Coking Coal,26.692,25.314,28.763998
2025-10-16,R001,Capesize,Coking Coal,27.451,26.742,29.297121
2025-10-16,R002,Panamax,Coking Coal,25.843,26.8,27.671988
2025-10-16,R007,Supramax,Coking Coal,24.178,21.744,24.511774
2025-10-16,R006,Panamax,Coking Coal,24.643,25.014,27.275373
2025-10-16,R008,Capesize,Coking Coal,43.525,41.79,42.276833
2025-10-17,R005,Panamax,Thermal Coal,20.844,22.594,21.583412
2025-10-17,R001,Capesize,Coking Coal,31.408,29.316,29.072634
2025-10-17,R002,Panamax,Coking Coal,27.369,26.661,27.064672
2025-10-17,R006,Panamax,Coking Coal,27.976,25.296,26.428278
2025-10-17,R004,Capesize,Coking Coal,30.392,27.299,28.341702
2025-10-17,R008,Capesize,Coking Coal,42.186,44.097,42.6038
2025-10-17,R007,Supramax,Coking Coal,24.003,23.932,23.73452
2025-10-17,R003,Kamsarmax,Coking Coal,25.916,28.197,27.795135
2025-10-18,R004,Capesize,Coking Coal,28.615,27.124,29.61668
2025-10-18,R005,Panamax,Thermal Coal,22.903,23.516,21.767107
2025-10-18,R001,Capesize,Coking Coal,27.166,26.993,29.278366
2025-10-18,R008,Capesize,Coking Coal,41.332,41.762,42.62335
2025-10-18,R007,Supramax,Coking Coal,23.394,22.852,24.503891
2025-10-18,R003,Kamsarmax,Coking Coal,22.783,25.514,27.61895
2025-10-18,R006,Panamax,Coking Coal,24.408,20.573,26.539042
2025-10-18,R002,Panamax,Coking Coal,26.277,27.74,27.170923
2025-10-19,R007,Supramax,Coking Coal,23.111,19.595,24.795803
2025-10-19,R008,Capesize,Coking Coal,43.486,42.904,42.438507
2025-10-19,R002,Panamax,Coking Coal,28.401,26.693,27.343582
2025-10-19,R004,Capesize,Coking Coal,29.1,29.34,29.319258
2025-10-19,R006,Panamax,Coking Coal,24.147,25.5,26.412884
2025-10-19,R001,Capesize,Coking Coal,28.97,25.648,29.345469
2025-10-19,R005,Panamax,Thermal Coal,19.471,19.261,21.410404
2025-10-19,R003,Kamsarmax,Coking Coal,25.726,26.042,28.316528
2025-10-20,R001,Capesize,Coking Coal,24.584,28.982,29.15672
2025-10-20,R005,Panamax,Thermal Coal,20.636,18.682,21.360636
2025-10-20,R004,Capesize,Coking Coal,27.067,27.44,29.49515
2025-10-20,R003,Kamsarmax,Coking Coal,23.226,26.929,28.133577
2025-10-20,R002,Panamax,Coking Coal,27.954,24.554,27.325539
2025-10-20,R008,Capesize,Coking Coal,43.38,38.888,43.206825
2025-10-20,R007,Supramax,Coking Coal,23.381,22.061,24.346897
2025-10-20,R006,Panamax,Coking Coal,23.884,23.374,27.012854
2025-10-21,R004,Capesize,Coking Coal,28.888,28.618,29.481773
2025-10-21,R005,Panamax,Thermal Coal,20.889,20.766,21.667816
2025-10-21,R001,Capesize,Coking Coal,27.105,27.217,29.166695
2025-10-21,R008,Capesize,Coking Coal,43.269,41.669,41.924446
2025-10-21,R002,Panamax,Coking Coal,27.087,26.689,27.171589
2025-10-21,R006,Panamax,Coking Coal,25.334,23.704,26.470112
2025-10-21,R007,Supramax,Coking Coal,24.148,24.341,24.694069
2025-10-21,R003,Kamsarmax,Coking Coal,26.853,24.84,27.727947
2025-10-22,R006,Panamax,Coking Coal,24.584,20.566,26.665205
2025-10-22,R004,Capesize,Coking Coal,29.053,26.758,29.726316
2025-10-22,R008,Capesize,Coking Coal,42.118,41.289,43.207516
2025-10-22,R005,Panamax,Thermal Coal,21.384,21.384,21.937746
2025-10-22,R003,Kamsarmax,Coking Coal,26.159,24.069,28.374134
2025-10-22,R002,Panamax,Coking Coal,25.917,25.236,27.700254
2025-10-22,R001,Capesize,Coking Coal,26.252,24.959,29.543964
2025-10-22,R007,Supramax,Coking Coal,23.88,25.228,24.586176
2025-10-23,R007,Supramax,Coking Coal,22.067,22.324,24.716684
2025-10-23,R001,Capesize,Coking Coal,27.815,28.922,29.217026
2025-10-23,R003,Kamsarmax,Coking Coal,26.776,25.047,27.77072
2025-10-23,R002,Panamax,Coking Coal,25.214,25.521,27.646166
2025-10-23,R004,Capesize,Coking Coal,26.923,25.349,29.53812
2025-10-23,R008,Capesize,Coking Coal,39.915,41.896,42.765877
2025-10-23,R005,Panamax,Thermal Coal,21.483,19.774,21.56829
2025-10-23,R006,Panamax,Coking Coal,27.387,23.739,26.51539
2025-10-24,R005,Panamax,Thermal Coal,19.591,19.647,21.549713
2025-10-24,R002,Panamax,Coking Coal,24.643,27.912,26.723413
2025-10-24,R007,Supramax,Coking Coal,21.032,23.448,23.883106
2025-10-24,R008,Capesize,Coking Coal,44.5,42.15,42.05556
2025-10-24,R006,Panamax,Coking Coal,25.017,23.31,26.127287
2025-10-24,R003,Kamsarmax,Coking Coal,26.316,24.812,26.964787
2025-10-24,R001,Capesize,Coking Coal,26.688,26.275,29.290714
2025-10-24,R004,Capesize,Coking Coal,30.361,26.141,29.064028
2025-10-25,R007,Supramax,Coking Coal,20.849,25.244,24.52768
2025-10-25,R005,Panamax,Thermal Coal,21.681,19.613,20.896572
2025-10-25,R001,Capesize,Coking Coal,26.378,25.629,29.160486
2025-10-25,R004,Capesize,Coking Coal,26.221,28.71,29.400047
2025-10-25,R003,Kamsarmax,Coking Coal,28.225,23.702,27.707958
2025-10-25,R006,Panamax,Coking Coal,26.624,24.501,26.166885
2025-10-25,R008,Capesize,Coking Coal,40.722,42.468,43.149242
2025-10-25,R002,Panamax,Coking Coal,28.44,26.758,27.192705
2025-10-26,R004,Capesize,Coking Coal,28.029,28.851,29.765127
2025-10-26,R002,Panamax,Coking Coal,30.948,27.743,27.410604
2025-10-26,R005,Panamax,Thermal Coal,20.201,19.062,21.630133
2025-10-26,R008,Capesize,Coking Coal,41.552,42.247,42.66469
2025-10-26,R007,Supramax,Coking Coal,24.536,26.208,24.68846
2025-10-26,R006,Panamax,Coking Coal,25.257,24.279,26.240849
2025-10-26,R003,Kamsarmax,Coking Coal,27.049,26.665,27.482288
2025-10-26,R001,Capesize,Coking Coal,28.079,28.901,28.959967
2025-10-27,R001,Capesize,Coking Coal,25.748,25.934,29.383644
2025-10-27,R006,Panamax,Coking Coal,26.584,23.574,26.933588
2025-10-27,R003,Kamsarmax,Coking Coal,24.868,25.04,27.354813
2025-10-27,R004,Capesize,Coking Coal,29.355,27.527,29.810402
2025-10-27,R007,Supramax,Coking Coal,22.516,22.039,24.860859
2025-10-27,R008,Capesize,Coking Coal,41.776,39.374,43.2131
2025-10-27,R002,Panamax,Coking Coal,25.36,25.156,27.532766
2025-10-27,R005,Panamax,Thermal Coal,19.715,18.717,21.757664
2025-10-28,R004,Capesize,Coking Coal,27.981,27.862,29.588436
2025-10-28,R003,Kamsarmax,Coking Coal,25.575,27.364,27.10794
2025-10-28,R008,Capesize,Coking Coal,42.091,41.311,42.494045
2025-10-28,R007,Supramax,Coking Coal,24.163,23.742,24.416828
2025-10-28,R002,Panamax,Coking Coal,25.892,25.307,27.626465
2025-10-28,R001,Capesize,Coking Coal,26.358,26.079,29.328472
2025-10-28,R006,Panamax,Coking Coal,24.701,25.864,26.401062
2025-10-28,R005,Panamax,Thermal Coal,19.512,16.217,21.514872
2025-10-29,R007,Supramax,Coking Coal,24.537,22.535,24.432957
2025-10-29,R001,Capesize,Coking Coal,29.728,26.123,29.432983
2025-10-29,R004,Capesize,Coking Coal,30.299,25.448,29.721022
2025-10-29,R003,Kamsarmax,Coking Coal,26.146,25.818,27.907099
2025-10-29,R005,Panamax,Thermal Coal,20.973,19.754,21.194887
2025-10-29,R006,Panamax,Coking Coal,24.144,24.883,26.87631
2025-10-29,R002,Panamax,Coking Coal,23.793,26.019,27.798267
2025-10-29,R008,Capesize,Coking Coal,41.53,43.761,42.86616
2025-10-30,R008,Capesize,Coking Coal,41.018,40.97,43.241596
2025-10-30,R004,Capesize,Coking Coal,26.765,25.624,29.44616
2025-10-30,R001,Capesize,Coking Coal,28.847,24.65,29.42142
2025-10-30,R007,Supramax,Coking Coal,25.442,21.34,24.710571
2025-10-30,R006,Panamax,Coking Coal,24.996,23.542,26.514809
2025-10-30,R002,Panamax,Coking Coal,24.984,25.371,27.726774
2025-10-30,R003,Kamsarmax,Coking Coal,24.171,25.662,27.845457
2025-10-30,R005,Panamax,Thermal Coal,19.969,20.577,21.820648
2025-10-31,R007,Supramax,Coking Coal,23.603,23.686,24.821823
2025-10-31,R002,Panamax,Coking Coal,25.643,25.283,27.08893
2025-10-31,R001,Capesize,Coking Coal,27.327,27.905,28.116344
2025-10-31,R003,Kamsarmax,Coking Coal,24.879,28.033,27.513706
2025-10-31,R006,Panamax,Coking Coal,24.688,24.501,27.137371
2025-10-31,R005,Panamax,Thermal Coal,20.309,20.318,21.387362
2025-10-31,R008,Capesize,Coking Coal,41.37,41.603,42.877476
2025-10-31,R004,Capesize,Coking Coal,27.799,26.895,28.940922
2025-11-01,R004,Capesize,Coking Coal,31.384,25.702,29.208736
2025-11-01,R002,Panamax,Coking Coal,27.692,26.76,26.835075
2025-11-01,R008,Capesize,Coking Coal,43.709,39.889,42.600403
2025-11-01,R001,Capesize,Coking Coal,27.484,28.499,28.668516
2025-11-01,R005,Panamax,Thermal Coal,19.677,19.174,21.806936
2025-11-01,R003,Kamsarmax,Coking Coal,26.233,26.108,27.261797
2025-11-01,R007,Supramax,Coking Coal,24.443,22.94,24.457844
2025-11-01,R006,Panamax,Coking Coal,26.518,25.377,26.684664
2025-11-02,R002,Panamax,Coking Coal,25.848,25.794,27.27178
2025-11-02,R004,Capesize,Coking Coal,28.416,28.932,29.330017
2025-11-02,R005,Panamax,Thermal Coal,24.306,18.786,22.055243
2025-11-02,R001,Capesize,Coking Coal,30.705,28.223,29.508133
2025-11-02,R003,Kamsarmax,Coking Coal,27.652,25.694,27.493467
2025-11-02,R008,Capesize,Coking Coal,43.552,42.409,43.025856
2025-11-02,R007,Supramax,Coking Coal,22.79,20.102,24.063335
2025-11-02,R006,Panamax,Coking Coal,27.823,25.625,26.308203
2025-11-03,R003,Kamsarmax,Coking Coal,25.06,24.988,27.617977
2025-11-03,R008,Capesize,Coking Coal,42.658,43.807,43.077637
2025-11-03,R007,Supramax,Coking Coal,21.799,24.323,24.311653
2025-11-03,R004,Capesize,Coking Coal,28.727,27.792,29.593443
2025-11-03,R002,Panamax,Coking Coal,24.545,26.302,27.085634
2025-11-03,R006,Panamax,Coking Coal,24.188,24.725,26.706429
2025-11-03,R001,Capesize,Coking Coal,28.86,27.93,29.389395
2025-11-03,R005,Panamax,Thermal Coal,21.042,19.697,21.773157
2025-11-04,R004,Capesize,Coking Coal,27.754,30.005,29.551645
2025-11-04,R002,Panamax,Coking Coal,27.348,23.315,27.338003
2025-11-04,R007,Supramax,Coking Coal,24.647,21.871,24.614311
2025-11-04,R008,Capesize,Coking Coal,43.832,42.673,43.1335
2025-11-04,R006,Panamax,Coking Coal,27.874,25.858,26.862787
2025-11-04,R001,Capesize,Coking Coal,30.238,27.022,28.927332
2025-11-04,R003,Kamsarmax,Coking Coal,25.56,24.61,27.516441
2025-11-04,R005,Panamax,Thermal Coal,20.81,19.695,21.658098
2025-11-05,R007,Supramax,Coking Coal,23.42,25.439,24.440601
2025-11-05,R002,Panamax,Coking Coal,24.226,26.46,26.60211
2025-11-05,R008,Capesize,Coking Coal,40.676,41.568,42.60749
2025-11-05,R003,Kamsarmax,Coking Coal,27.337,26.642,27.639824
2025-11-05,R004,Capesize,Coking Coal,28.141,28.327,29.756332
2025-11-05,R001,Capesize,Coking Coal,31.039,28.162,28.990341
2025-11-05,R006,Panamax,Coking Coal,24.507,27.442,27.139635
2025-11-05,R005,Panamax,Thermal Coal,21.335,18.637,22.099672
2025-11-06,R001,Capesize,Coking Coal,26.995,28.017,29.190039
2025-11-06,R006,Panamax,Coking Coal,28.041,24.444,26.869123
2025-11-06,R005,Panamax,Thermal Coal,21.477,16.557,21.99141
2025-11-06,R007,Supramax,Coking Coal,22.636,22.778,24.686363
2025-11-06,R008,Capesize,Coking Coal,42.544,39.064,42.905087
2025-11-06,R004,Capesize,Coking Coal,28.881,27.096,29.769922
2025-11-06,R003,Kamsarmax,Coking Coal,26.008,24.026,27.766872
2025-11-06,R002,Panamax,Coking Coal,25.019,25.911,27.15205
2025-11-07,R005,Panamax,Thermal Coal,22.092,20.763,22.047571
2025-11-07,R008,Capesize,Coking Coal,41.636,42.553,42.810352
2025-11-07,R007,Supramax,Coking Coal,21.9,22.531,24.364534
2025-11-07,R002,Panamax,Coking Coal,25.536,27.195,26.758265
2025-11-07,R006,Panamax,Coking Coal,26.604,25.296,26.317822
2025-11-07,R001,Capesize,Coking Coal,29.086,27.548,29.298508
2025-11-07,R004,Capesize,Coking Coal,29.828,27.256,29.369507
2025-11-07,R003,Kamsarmax,Coking Coal,28.662,26.37,27.186314
2025-11-08,R008,Capesize,Coking Coal,42.047,41.486,42.675587
2025-11-08,R005,Panamax,Thermal Coal,22.843,22.702,21.502169
2025-11-08,R002,Panamax,Coking Coal,24.712,26.095,26.876064
2025-11-08,R006,Panamax,Coking Coal,26.464,26.796,27.065277
2025-11-08,R004,Capesize,Coking Coal,28.716,27.535,29.530725
2025-11-08,R001,Capesize,Coking Coal,29.609,29.143,28.980383
2025-11-08,R007,Supramax,Coking Coal,24.262,22.352,24.440355
2025-11-08,R003,Kamsarmax,Coking Coal,25.949,27.185,27.085283
2025-11-09,R005,Panamax,Thermal Coal,22.319,19.027,21.965729
2025-11-09,R007,Supramax,Coking Coal,22.728,22.49,24.528717
2025-11-09,R001,Capesize,Coking Coal,27.555,28.677,28.89169
2025-11-09,R003,Kamsarmax,Coking Coal,26.611,25.974,27.614904
2025-11-09,R006,Panamax,Coking Coal,27.258,26.742,27.243145
2025-11-09,R008,Capesize,Coking Coal,42.57,39.239,42.789597
2025-11-09,R004,Capesize,Coking Coal,27.75,27.863,29.252407
2025-11-09,R002,Panamax,Coking Coal,26.64,27.341,26.867544
2025-11-10,R007,Supramax,Coking Coal,22.19,21.076,24.464155
2025-11-10,R003,Kamsarmax,Coking Coal,24.892,25.082,27.3856
2025-11-10,R004,Capesize,Coking Coal,30.098,29.029,29.60509
2025-11-10,R008,Capesize,Coking Coal,44.963,43.187,42.32331
2025-11-10,R001,Capesize,Coking Coal,29.531,29.239,29.150097
2025-11-10,R002,Panamax,Coking Coal,27.844,25.955,26.724056
2025-11-10,R006,Panamax,Coking Coal,27.868,26.028,26.666412
2025-11-10,R005,Panamax,Thermal Coal,22.96,19.005,22.238237
2025-11-11,R007,Supramax,Coking Coal,21.615,21.625,24.325409
2025-11-11,R003,Kamsarmax,Coking Coal,29.346,25.097,26.983873
2025-11-11,R004,Capesize,Coking Coal,28.183,27.512,29.22578
2025-11-11,R005,Panamax,Thermal Coal,21.589,19.652,22.316317
2025-11-11,R008,Capesize,Coking Coal,42.926,40.673,42.915905
2025-11-11,R001,Capesize,Coking Coal,29.644,28.246,29.18966
2025-11-11,R006,Panamax,Coking Coal,25.667,24.123,26.48963
2025-11-11,R002,Panamax,Coking Coal,24.628,26.124,26.795435
2025-11-12,R001,Capesize,Coking Coal,30.44,29.023,29.123007
2025-11-12,R003,Kamsarmax,Coking Coal,31.545,28.418,27.082685
2025-11-12,R008,Capesize,Coking Coal,45.11,40.429,42.4311
2025-11-12,R006,Panamax,Coking Coal,26.74,26.446,26.16382
2025-11-12,R005,Panamax,Thermal Coal,25.559,22.199,22.483103
2025-11-12,R004,Capesize,Coking Coal,30.297,27.338,29.31344
2025-11-12,R002,Panamax,Coking Coal,25.256,27.735,26.966217
2025-11-12,R007,Supramax,Coking Coal,25.011,24.794,24.217905
2025-11-13,R006,Panamax,Coking Coal,22.035,25.514,26.755962
2025-11-13,R002,Panamax,Coking Coal,26.754,26.562,27.163794
2025-11-13,R004,Capesize,Coking Coal,29.358,29.028,29.312895
2025-11-13,R001,Capesize,Coking Coal,29.938,29.562,29.23992
2025-11-13,R007,Supramax,Coking Coal,25.446,26.583,24.531654
2025-11-13,R003,Kamsarmax,Coking Coal,26.638,25.907,27.452517
2025-11-13,R008,Capesize,Coking Coal,43.494,41.228,42.64514
2025-11-13,R005,Panamax,Thermal Coal,21.201,19.791,21.960833
2025-11-14,R007,Supramax,Coking Coal,23.851,23.779,24.840134
2025-11-14,R004,Capesize,Coking Coal,28.665,28.627,29.343842
2025-11-14,R008,Capesize,Coking Coal,42.699,43.222,42.848045
2025-11-14,R005,Panamax,Thermal Coal,22.591,19.791,22.0503
2025-11-14,R002,Panamax,Coking Coal,26.005,28.356,26.794044
2025-11-14,R001,Capesize,Coking Coal,26.227,28.608,29.70979
2025-11-14,R003,Kamsarmax,Coking Coal,26.65,28.841,27.121784
2025-11-14,R006,Panamax,Coking Coal,26.924,24.952,26.49629
2025-11-15,R004,Capesize,Coking Coal,28.04,27.388,29.516575
2025-11-15,R007,Supramax,Coking Coal,21.645,24.178,24.666256
2025-11-15,R008,Capesize,Coking Coal,43.948,43.525,42.725224
2025-11-15,R002,Panamax,Coking Coal,27.185,25.843,27.202337
2025-11-15,R006,Panamax,Coking Coal,25.678,24.643,26.713375
2025-11-15,R001,Capesize,Coking Coal,27.382,27.451,29.440407
2025-11-15,R003,Kamsarmax,Coking Coal,28.786,26.692,27.69103
2025-11-15,R005,Panamax,Thermal Coal,22.68,20.575,21.963257
2025-11-16,R002,Panamax,Coking Coal,25.143,27.369,26.461739
2025-11-16,R007,Supramax,Coking Coal,24.821,24.003,24.12974
2025-11-16,R003,Kamsarmax,Coking Coal,26.869,25.916,27.363024
2025-11-16,R001,Capesize,Coking Coal,28.104,31.408,29.290123
2025-11-16,R005,Panamax,Thermal Coal,24.039,20.844,21.864388
2025-11-16,R008,Capesize,Coking Coal,42.539,42.186,42.671
2025-11-16,R004,Capesize,Coking Coal,30.091,30.392,29.13804
2025-11-16,R006,Panamax,Coking Coal,25.822,27.976,26.095085
2025-11-17,R008,Capesize,Coking Coal,44.128,41.332,42.3102
2025-11-17,R002,Panamax,Coking Coal,28.044,26.277,26.795395
2025-11-17,R004,Capesize,Coking Coal,30.123,28.615,29.299671
2025-11-17,R003,Kamsarmax,Coking Coal,29.058,22.783,27.507309
2025-11-17,R007,Supramax,Coking Coal,24.875,23.394,24.760569
2025-11-17,R001,Capesize,Coking Coal,28.895,27.166,29.371199
2025-11-17,R005,Panamax,Thermal Coal,23.859,22.903,21.550547
2025-11-17,R006,Panamax,Coking Coal,27.376,24.408,26.648844
2025-11-18,R006,Panamax,Coking Coal,27.083,24.147,26.288858
2025-11-18,R002,Panamax,Coking Coal,26.172,28.401,26.861605
2025-11-18,R004,Capesize,Coking Coal,29.027,29.1,29.324821
2025-11-18,R001,Capesize,Coking Coal,30.501,28.97,28.467133
2025-11-18,R005,Panamax,Thermal Coal,25.446,19.471,21.226488
2025-11-18,R007,Supramax,Coking Coal,25.02,23.111,24.127316
2025-11-18,R008,Capesize,Coking Coal,42.263,43.486,42.081413
2025-11-18,R003,Kamsarmax,Coking Coal,27.993,25.726,26.807156
2025-11-19,R003,Kamsarmax,Coking Coal,27.485,23.226,27.410189
2025-11-19,R006,Panamax,Coking Coal,23.795,23.884,26.299736
2025-11-19,R007,Supramax,Coking Coal,24.773,23.381,24.721483
2025-11-19,R002,Panamax,Coking Coal,27.093,27.954,26.9866
2025-11-19,R005,Panamax,Thermal Coal,21.303,20.636,21.395172
2025-11-19,R004,Capesize,Coking Coal,31.225,27.067,29.504442
2025-11-19,R008,Capesize,Coking Coal,41.594,43.38,42.500504
2025-11-19,R001,Capesize,Coking Coal,30.409,24.584,28.823912
2025-11-20,R003,Kamsarmax,Coking Coal,27.223,26.853,26.74052
2025-11-20,R004,Capesize,Coking Coal,29.199,28.888,29.321648
2025-11-20,R008,Capesize,Coking Coal,43.358,43.269,42.560123
2025-11-20,R002,Panamax,Coking Coal,26.148,27.087,26.895561
2025-11-20,R007,Supramax,Coking Coal,25.339,24.148,24.213984
2025-11-20,R001,Capesize,Coking Coal,28.548,27.105,28.467648
2025-11-20,R005,Panamax,Thermal Coal,24.129,20.889,22.025848
2025-11-20,R006,Panamax,Coking Coal,25.974,25.334,26.210175
2025-11-21,R002,Panamax,Coking Coal,24.367,25.917,27.501795
2025-11-21,R006,Panamax,Coking Coal,26.192,24.584,26.83184
2025-11-21,R003,Kamsarmax,Coking Coal,28.541,26.159,27.575201
2025-11-21,R001,Capesize,Coking Coal,32.125,26.252,28.942612
2025-11-21,R005,Panamax,Thermal Coal,22.368,21.384,21.827652
2025-11-21,R004,Capesize,Coking Coal,30.54,29.053,29.401625
2025-11-21,R008,Capesize,Coking Coal,41.332,42.118,42.740295
2025-11-21,R007,Supramax,Coking Coal,24.079,23.88,24.129347
2025-11-22,R003,Kamsarmax,Coking Coal,28.44,26.776,27.133726
2025-11-22,R001,Capesize,Coking Coal,27.799,27.815,28.52871
2025-11-22,R006,Panamax,Coking Coal,26.584,27.387,26.769743
2025-11-22,R007,Supramax,Coking Coal,26.145,22.067,24.368973
2025-11-22,R004,Capesize,Coking Coal,31.383,26.923,29.15222
2025-11-22,R002,Panamax,Coking Coal,24.413,25.214,27.35973
2025-11-22,R005,Panamax,Thermal Coal,22.671,21.483,21.1369
2025-11-22,R008,Capesize,Coking Coal,40.927,39.915,42.560783
2025-11-23,R003,Kamsarmax,Coking Coal,28.493,26.316,27.554937
2025-11-23,R007,Supramax,Coking Coal,24.235,21.032,24.37473
2025-11-23,R001,Capesize,Coking Coal,28.994,26.688,28.628986
2025-11-23,R008,Capesize,Coking Coal,41.866,44.5,42.476463
2025-11-23,R006,Panamax,Coking Coal,25.008,25.017,26.707623
2025-11-23,R002,Panamax,Coking Coal,25.993,24.643,26.615799
2025-11-23,R005,Panamax,Thermal Coal,25.402,19.591,21.434254
2025-11-23,R004,Capesize,Coking Coal,31.685,30.361,29.070837
2025-11-24,R008,Capesize,Coking Coal,42.295,40.722,43.024364
2025-11-24,R004,Capesize,Coking Coal,28.049,26.221,29.127058
2025-11-24,R001,Capesize,Coking Coal,28.853,26.378,28.40216
2025-11-24,R002,Panamax,Coking Coal,25.714,28.44,26.854855
2025-11-24,R007,Supramax,Coking Coal,22.081,20.849,23.904167
2025-11-24,R005,Panamax,Thermal Coal,24.948,21.681,21.28235
2025-11-24,R006,Panamax,Coking Coal,25.567,26.624,26.38773
2025-11-24,R003,Kamsarmax,Coking Coal,27.546,28.225,27.197115
2025-11-25,R004,Capesize,Coking Coal,31.173,28.029,28.964067
2025-11-25,R002,Panamax,Coking Coal,27.308,30.948,26.547691
2025-11-25,R005,Panamax,Thermal Coal,20.793,20.201,21.581223
2025-11-25,R007,Supramax,Coking Coal,22.221,24.536,24.13206
2025-11-25,R001,Capesize,Coking Coal,31.073,28.079,28.41395
2025-11-25,R006,Panamax,Coking Coal,23.172,25.257,26.663937
2025-11-25,R003,Kamsarmax,Coking Coal,30.363,27.049,27.430212
2025-11-25,R008,Capesize,Coking Coal,43.813,41.552,42.072483
2025-11-26,R003,Kamsarmax,Coking Coal,28.588,24.868,27.43819
2025-11-26,R002,Panamax,Coking Coal,26.515,25.36,27.192982
2025-11-26,R005,Panamax,Thermal Coal,21.135,19.715,21.021292
2025-11-26,R006,Panamax,Coking Coal,28.251,26.584,26.779602
2025-11-26,R008,Capesize,Coking Coal,42.414,41.776,42.49851
2025-11-26,R004,Capesize,Coking Coal,34.111,29.355,29.133614
2025-11-26,R001,Capesize,Coking Coal,26.854,25.748,29.031898
2025-11-26,R007,Supramax,Coking Coal,25.731,22.516,24.3823
2025-11-27,R003,Kamsarmax,Coking Coal,27.189,25.575,27.63373
2025-11-27,R008,Capesize,Coking Coal,44.177,42.091,42.36744
2025-11-27,R002,Panamax,Coking Coal,28.367,25.892,26.549595
2025-11-27,R001,Capesize,Coking Coal,31.273,26.358,28.068428
2025-11-27,R005,Panamax,Thermal Coal,23.091,19.512,20.903116
2025-11-27,R006,Panamax,Coking Coal,24.392,24.701,26.230276
2025-11-27,R004,Capesize,Coking Coal,31.932,27.981,28.969131
2025-11-27,R007,Supramax,Coking Coal,23.072,24.163,23.749035
2025-11-28,R002,Panamax,Coking Coal,27.177,23.793,26.851517
2025-11-28,R001,Capesize,Coking Coal,31.564,29.728,28.394707
2025-11-28,R006,Panamax,Coking Coal,27.979,24.144,26.150066
2025-11-28,R007,Supramax,Coking Coal,26.539,24.537,23.999006
2025-11-28,R003,Kamsarmax,Coking Coal,25.979,26.146,27.217175
2025-11-28,R008,Capesize,Coking Coal,44.97,41.53,42.323547
2025-11-28,R004,Capesize,Coking Coal,30.453,30.299,29.2877
2025-11-28,R005,Panamax,Thermal Coal,21.031,20.973,21.662458
2025-11-29,R003,Kamsarmax,Coking Coal,29.72,24.171,27.569595
2025-11-29,R006,Panamax,Coking Coal,27.986,24.996,26.188778
2025-11-29,R002,Panamax,Coking Coal,29.123,24.984,27.154663
2025-11-29,R001,Capesize,Coking Coal,28.289,28.847,28.94651
2025-11-29,R005,Panamax,Thermal Coal,20.353,19.969,21.694572
2025-11-29,R007,Supramax,Coking Coal,23.419,25.442,24.103973
2025-11-29,R004,Capesize,Coking Coal,29.983,26.765,29.094082
2025-11-29,R008,Capesize,Coking Coal,41.377,41.018,43.178596
2025-11-30,R001,Capesize,Coking Coal,29.373,27.327,28.638262
2025-11-30,R002,Panamax,Coking Coal,27.282,25.643,26.394411
2025-11-30,R008,Capesize,Coking Coal,44.332,41.37,42.70784
2025-11-30,R005,Panamax,Thermal Coal,23.87,20.309,21.148136
2025-11-30,R007,Supramax,Coking Coal,24.675,23.603,24.408667
2025-11-30,R006,Panamax,Coking Coal,24.723,24.688,25.497591
2025-11-30,R003,Kamsarmax,Coking Coal,28.486,24.879,27.019772
2025-11-30,R004,Capesize,Coking Coal,30.625,27.799,28.863068
2025-12-01,R008,Capesize,Coking Coal,40.592,43.709,42.69458
2025-12-01,R006,Panamax,Coking Coal,25.231,26.518,26.270267
2025-12-01,R007,Supramax,Coking Coal,23.752,24.443,24.089567
2025-12-01,R005,Panamax,Thermal Coal,24.572,19.677,21.151398
2025-12-01,R004,Capesize,Coking Coal,31.178,31.384,29.211973
2025-12-01,R001,Capesize,Coking Coal,29.055,27.484,28.472845
2025-12-01,R003,Kamsarmax,Coking Coal,28.629,26.233,26.800718
2025-12-01,R002,Panamax,Coking Coal,25.402,27.692,26.48479
2025-12-02,R008,Capesize,Coking Coal,45.338,43.552,42.79926
2025-12-02,R003,Kamsarmax,Coking Coal,27.777,27.652,27.619165
2025-12-02,R005,Panamax,Thermal Coal,24.861,24.306,22.04293
2025-12-02,R001,Capesize,Coking Coal,31.39,30.705,28.787338
2025-12-02,R004,Capesize,Coking Coal,29.777,28.416,29.874628
2025-12-02,R007,Supramax,Coking Coal,21.864,22.79,24.079931
2025-12-02,R006,Panamax,Coking Coal,29.157,27.823,26.498062
2025-12-02,R002,Panamax,Coking Coal,28.127,25.848,26.696264
2025-12-03,R003,Kamsarmax,Coking Coal,29.482,25.06,27.036776
2025-12-03,R005,Panamax,Thermal Coal,21.428,21.042,21.339218
2025-12-03,R007,Supramax,Coking Coal,24.799,21.799,24.218842
2025-12-03,R002,Panamax,Coking Coal,26.596,24.545,27.193789
2025-12-03,R008,Capesize,Coking Coal,43.851,42.658,42.47837
2025-12-03,R001,Capesize,Coking Coal,30.686,28.86,28.717623
2025-12-03,R004,Capesize,Coking Coal,31.576,28.727,29.413738
2025-12-03,R006,Panamax,Coking Coal,27.079,24.188,26.664543
2025-12-04,R002,Panamax,Coking Coal,25.715,27.348,26.930088
2025-12-04,R001,Capesize,Coking Coal,31.417,30.238,28.334026
2025-12-04,R003,Kamsarmax,Coking Coal,29.186,25.56,26.95179
2025-12-04,R007,Supramax,Coking Coal,26.511,24.647,24.18133
2025-12-04,R006,Panamax,Coking Coal,28.746,27.874,26.33581
2025-12-04,R004,Capesize,Coking Coal,32.871,27.754,29.32953
2025-12-04,R008,Capesize,Coking Coal,43.593,43.832,42.233944
2025-12-04,R005,Panamax,Thermal Coal,23.493,20.81,21.415594
2025-12-05,R004,Capesize,Coking Coal,31.126,28.141,29.271004
2025-12-05,R003,Kamsarmax,Coking Coal,28.583,27.337,27.572283
2025-12-05,R008,Capesize,Coking Coal,41.537,40.676,42.803387
2025-12-05,R007,Supramax,Coking Coal,25.887,23.42,24.534418
2025-12-05,R005,Panamax,Thermal Coal,22.048,21.335,21.219494
2025-12-05,R001,Capesize,Coking Coal,27.527,31.039,28.680546
2025-12-05,R002,Panamax,Coking Coal,25.909,24.226,27.12228
2025-12-05,R006,Panamax,Coking Coal,24.861,24.507,26.702866
2025-12-06,R002,Panamax,Coking Coal,27.871,25.019,26.70611
2025-12-06,R007,Supramax,Coking Coal,23.04,22.636,24.133368
2025-12-06,R008,Capesize,Coking Coal,46.015,42.544,42.344265
2025-12-06,R004,Capesize,Coking Coal,28.49,28.881,29.194601
2025-12-06,R003,Kamsarmax,Coking Coal,30.054,26.008,27.028694
2025-12-06,R006,Panamax,Coking Coal,27.82,28.041,26.213123
2025-12-06,R001,Capesize,Coking Coal,28.307,26.995,28.73985
2025-12-06,R005,Panamax,Thermal Coal,22.271,21.477,21.04846
2025-12-07,R007,Supramax,Coking Coal,25.646,21.9,24.584871
2025-12-07,R006,Panamax,Coking Coal,27.052,26.604,27.099249
2025-12-07,R001,Capesize,Coking Coal,30.833,29.086,28.466724
2025-12-07,R003,Kamsarmax,Coking Coal,28.501,28.662,27.127054
2025-12-07,R005,Panamax,Thermal Coal,20.387,22.092,21.380648
2025-12-07,R004,Capesize,Coking Coal,32.611,29.828,29.336212
2025-12-07,R008,Capesize,Coking Coal,46.298,41.636,42.55907
2025-12-07,R002,Panamax,Coking Coal,27.866,25.536,26.705275
2025-12-08,R006,Panamax,Coking Coal,28.856,26.464,26.221106
2025-12-08,R008,Capesize,Coking Coal,42.067,42.047,42.11182
2025-12-08,R007,Supramax,Coking Coal,23.693,24.262,24.075657
2025-12-08,R003,Kamsarmax,Coking Coal,27.675,25.949,27.150545
2025-12-08,R002,Panamax,Coking Coal,26.032,24.712,26.587486
2025-12-08,R004,Capesize,Coking Coal,31.979,28.716,29.350428
2025-12-08,R005,Panamax,Thermal Coal,25.194,22.843,21.60641
2025-12-08,R001,Capesize,Coking Coal,30.683,29.609,28.685162
2025-12-09,R005,Panamax,Thermal Coal,22.499,22.319,21.81846
2025-12-09,R001,Capesize,Coking Coal,29.703,27.555,28.748663
2025-12-09,R008,Capesize,Coking Coal,42.169,42.57,42.16283
2025-12-09,R006,Panamax,Coking Coal,24.134,27.258,25.984715
2025-12-09,R004,Capesize,Coking Coal,28.297,27.75,28.960136
2025-12-09,R003,Kamsarmax,Coking Coal,26.371,26.611,26.913948
2025-12-09,R007,Supramax,Coking Coal,25.708,22.728,23.800396
2025-12-09,R002,Panamax,Coking Coal,26.478,26.64,26.452192
2025-12-10,R003,Kamsarmax,Coking Coal,29.119,24.892,27.48037
2025-12-10,R002,Panamax,Coking Coal,30.22,27.844,27.168375
2025-12-10,R004,Capesize,Coking Coal,32.777,30.098,29.239353
2025-12-10,R006,Panamax,Coking Coal,28.497,27.868,26.820732
2025-12-10,R005,Panamax,Thermal Coal,21.846,22.96,22.034763
2025-12-10,R008,Capesize,Coking Coal,43.734,44.963,42.543205
2025-12-10,R007,Supramax,Coking Coal,25.801,22.19,24.02959
2025-12-10,R001,Capesize,Coking Coal,27.373,29.531,28.444683
2025-12-11,R007,Supramax,Coking Coal,24.399,21.615,24.053797
2025-12-11,R002,Panamax,Coking Coal,25.881,24.628,26.914478
2025-12-11,R004,Capesize,Coking Coal,28.914,28.183,29.619461
2025-12-11,R006,Panamax,Coking Coal,21.722,25.667,26.977608
2025-12-11,R001,Capesize,Coking Coal,28.317,29.644,28.824099
2025-12-11,R008,Capesize,Coking Coal,42.155,42.926,42.296745
2025-12-11,R003,Kamsarmax,Coking Coal,24.71,29.346,27.459206
2025-12-11,R005,Panamax,Thermal Coal,19.364,21.589,21.852022
2025-12-12,R008,Capesize,Coking Coal,43.117,45.11,42.95157
2025-12-12,R005,Panamax,Thermal Coal,23.862,25.559,22.380507
2025-12-12,R002,Panamax,Coking Coal,26.071,25.256,27.234383
2025-12-12,R007,Supramax,Coking Coal,26.452,25.011,23.995796
2025-12-12,R006,Panamax,Coking Coal,25.325,26.74,26.576866
2025-12-12,R003,Kamsarmax,Coking Coal,28.873,31.545,27.397688
2025-12-12,R001,Capesize,Coking Coal,28.633,30.44,28.992027
2025-12-12,R004,Capesize,Coking Coal,30.392,30.297,29.417604
2025-12-13,R002,Panamax,Coking Coal,27.572,26.754,26.766886
2025-12-13,R007,Supramax,Coking Coal,25.358,25.446,23.845804
2025-12-13,R005,Panamax,Thermal Coal,21.521,21.201,22.433334
2025-12-13,R006,Panamax,Coking Coal,25.452,22.035,25.978128
2025-12-13,R003,Kamsarmax,Coking Coal,28.258,26.638,27.127136
2025-12-13,R008,Capesize,Coking Coal,42.718,43.494,42.765755
2025-12-13,R004,Capesize,Coking Coal,31.688,29.358,29.204718
2025-12-13,R001,Capesize,Coking Coal,29.789,29.938,28.80371
2025-12-14,R004,Capesize,Coking Coal,32.059,28.665,29.373566
2025-12-14,R003,Kamsarmax,Coking Coal,26.105,26.65,26.815533
2025-12-14,R002,Panamax,Coking Coal,32.001,26.005,26.181911
2025-12-14,R007,Supramax,Coking Coal,27.427,23.851,23.71565
2025-12-14,R006,Panamax,Coking Coal,29.418,26.924,25.90891
2025-12-14,R008,Capesize,Coking Coal,44.35,42.699,41.685043
2025-12-14,R001,Capesize,Coking Coal,29.741,26.227,28.378874
2025-12-14,R005,Panamax,Thermal Coal,23.894,22.591,21.041336
2025-12-15,R007,Supramax,Coking Coal,25.614,21.645,23.800613
2025-12-15,R002,Panamax,Coking Coal,29.568,27.185,26.314783
2025-12-15,R004,Capesize,Coking Coal,32.848,28.04,29.067453
2025-12-15,R006,Panamax,Coking Coal,29.298,25.678,26.071976
2025-12-15,R008,Capesize,Coking Coal,45.704,43.948,41.912994
2025-12-15,R005,Panamax,Thermal Coal,21.162,22.68,21.624744
2025-12-15,R001,Capesize,Coking Coal,27.313,27.382,27.8821
2025-12-15,R003,Kamsarmax,Coking Coal,27.035,28.786,26.848537
2025-12-16,R006,Panamax,Coking Coal,27.987,25.822,25.704582
2025-12-16,R001,Capesize,Coking Coal,30.164,28.104,27.994137
2025-12-16,R004,Capesize,Coking Coal,32.965,30.091,29.04725
2025-12-16,R007,Supramax,Coking Coal,26.05,24.821,23.618683
2025-12-16,R002,Panamax,Coking Coal,31.167,25.143,26.535038
2025-12-16,R005,Panamax,Thermal Coal,22.539,24.039,21.449018
2025-12-16,R003,Kamsarmax,Coking Coal,29.379,26.869,26.954887
2025-12-16,R008,Capesize,Coking Coal,44.668,42.539,42.065834
2025-12-17,R008,Capesize,Coking Coal,42.412,44.128,42.065014
2025-12-17,R004,Capesize,Coking Coal,32.042,30.123,29.348927
2025-12-17,R001,Capesize,Coking Coal,30.849,28.895,28.424255
2025-12-17,R003,Kamsarmax,Coking Coal,29.284,29.058,26.910011
2025-12-17,R005,Panamax,Thermal Coal,22.863,23.859,22.058924
2025-12-17,R006,Panamax,Coking Coal,27.704,27.376,26.074118
2025-12-17,R007,Supramax,Coking Coal,26.545,24.875,23.736094
2025-12-17,R002,Panamax,Coking Coal,29.783,28.044,26.599041
2025-12-18,R006,Panamax,Coking Coal,27.305,27.083,26.53054
2025-12-18,R008,Capesize,Coking Coal,45.256,42.263,42.731853
2025-12-18,R004,Capesize,Coking Coal,31.845,29.027,30.114641
2025-12-18,R007,Supramax,Coking Coal,28.361,25.02,24.00829
2025-12-18,R002,Panamax,Coking Coal,28.55,26.172,26.704166
2025-12-18,R001,Capesize,Coking Coal,30.494,30.501,28.782381
2025-12-18,R003,Kamsarmax,Coking Coal,27.66,27.993,27.399479
2025-12-18,R005,Panamax,Thermal Coal,24.493,25.446,22.58594
2025-12-19,R005,Panamax,Thermal Coal,22.659,21.303,21.742138
2025-12-19,R002,Panamax,Coking Coal,26.332,27.093,26.789192
2025-12-19,R007,Supramax,Coking Coal,26.301,24.773,24.040995
2025-12-19,R001,Capesize,Coking Coal,31.08,30.409,28.319983
2025-12-19,R008,Capesize,Coking Coal,44.422,41.594,42.522984
2025-12-19,R004,Capesize,Coking Coal,31.449,31.225,29.179379
2025-12-19,R003,Kamsarmax,Coking Coal,28.671,27.485,26.749386
2025-12-19,R006,Panamax,Coking Coal,26.249,23.795,26.108412
2025-12-20,R001,Capesize,Coking Coal,29.378,28.548,28.330376
2025-12-20,R006,Panamax,Coking Coal,26.869,25.974,26.199953
2025-12-20,R008,Capesize,Coking Coal,43.923,43.358,41.716583
2025-12-20,R004,Capesize,Coking Coal,31.296,29.199,29.783535
2025-12-20,R002,Panamax,Coking Coal,27.721,26.148,26.883781
2025-12-20,R007,Supramax,Coking Coal,23.572,25.339,24.420979
2025-12-20,R003,Kamsarmax,Coking Coal,27.996,27.223,27.121065
2025-12-20,R005,Panamax,Thermal Coal,22.596,24.129,21.565552
2025-12-21,R002,Panamax,Coking Coal,29.985,24.367,27.414608
2025-12-21,R007,Supramax,Coking Coal,27.116,24.079,23.971699
2025-12-21,R008,Capesize,Coking Coal,44.456,41.332,42.068233
2025-12-21,R006,Panamax,Coking Coal,27.864,26.192,26.770912
2025-12-21,R004,Capesize,Coking Coal,32.629,30.54,30.146566
2025-12-21,R005,Panamax,Thermal Coal,24.911,22.368,21.929007
2025-12-21,R001,Capesize,Coking Coal,32.313,32.125,28.32877
2025-12-21,R003,Kamsarmax,Coking Coal,31.387,28.541,27.290808
2025-12-22,R005,Panamax,Thermal Coal,23.431,22.671,21.166473
2025-12-22,R008,Capesize,Coking Coal,44.826,40.927,41.774902
2025-12-22,R006,Panamax,Coking Coal,31.212,26.584,26.137747
2025-12-22,R003,Kamsarmax,Coking Coal,26.892,28.44,27.269743
2025-12-22,R007,Supramax,Coking Coal,26.413,26.145,23.763802
2025-12-22,R004,Capesize,Coking Coal,33.548,31.383,29.577372
2025-12-22,R001,Capesize,Coking Coal,31.327,27.799,28.978481
2025-12-22,R002,Panamax,Coking Coal,29.091,24.413,26.477884
2025-12-23,R004,Capesize,Coking Coal,31.67,31.685,30.010931
2025-12-23,R002,Panamax,Coking Coal,28.704,25.993,27.061953
2025-12-23,R006,Panamax,Coking Coal,28.919,25.008,26.427977
2025-12-23,R003,Kamsarmax,Coking Coal,29.739,28.493,27.92655
2025-12-23,R005,Panamax,Thermal Coal,21.746,25.402,22.438093
2025-12-23,R001,Capesize,Coking Coal,31.093,28.994,29.520119
2025-12-23,R007,Supramax,Coking Coal,28.095,24.235,24.444485
2025-12-23,R008,Capesize,Coking Coal,40.976,41.866,42.479015
2025-12-24,R002,Panamax,Coking Coal,28.711,25.714,26.132284
2025-12-24,R003,Kamsarmax,Coking Coal,29.149,27.546,26.983969
2025-12-24,R007,Supramax,Coking Coal,26.422,22.081,24.14692
2025-12-24,R006,Panamax,Coking Coal,27.618,25.567,25.793127
2025-12-24,R004,Capesize,Coking Coal,31.634,28.049,29.824022
2025-12-24,R005,Panamax,Thermal Coal,22.765,24.948,21.954067
2025-12-24,R008,Capesize,Coking Coal,41.579,42.295,42.151566
2025-12-24,R001,Capesize,Coking Coal,29.343,28.853,28.94865
2025-12-25,R005,Panamax,Thermal Coal,23.723,20.793,21.650436
2025-12-25,R003,Kamsarmax,Coking Coal,30.072,30.363,27.075495
2025-12-25,R004,Capesize,Coking Coal,32.944,31.173,29.533016
2025-12-25,R001,Capesize,Coking Coal,29.965,31.073,28.6862
2025-12-25,R008,Capesize,Coking Coal,45.886,43.813,42.263546
2025-12-25,R007,Supramax,Coking Coal,24.518,22.221,24.362978
2025-12-25,R002,Panamax,Coking Coal,30.001,27.308,26.589264
2025-12-25,R006,Panamax,Coking Coal,27.587,23.172,26.125734
2025-12-26,R003,Kamsarmax,Coking Coal,30.379,28.588,27.191168
2025-12-26,R001,Capesize,Coking Coal,30.659,26.854,29.123333
2025-12-26,R007,Supramax,Coking Coal,26.706,25.731,24.029478
2025-12-26,R005,Panamax,Thermal Coal,23.684,21.135,22.003641
2025-12-26,R006,Panamax,Coking Coal,26.318,28.251,26.251505
2025-12-26,R008,Capesize,Coking Coal,45.978,42.414,42.697067
2025-12-26,R004,Capesize,Coking Coal,31.991,34.111,29.496918
2025-12-26,R002,Panamax,Coking Coal,29.638,26.515,26.862085
2025-12-27,R001,Capesize,Coking Coal,34.648,31.273,28.694704
2025-12-27,R007,Supramax,Coking Coal,26.086,23.072,24.035662
2025-12-27,R004,Capesize,Coking Coal,32.287,31.932,29.697958
2025-12-27,R008,Capesize,Coking Coal,45.659,44.177,42.552757
2025-12-27,R003,Kamsarmax,Coking Coal,29.345,27.189,27.578117
2025-12-27,R005,Panamax,Thermal Coal,23.623,23.091,22.274723
2025-12-27,R006,Panamax,Coking Coal,28.795,24.392,26.194464
2025-12-27,R002,Panamax,Coking Coal,29.553,28.367,26.888397
2025-12-28,R006,Panamax,Coking Coal,25.796,27.979,25.902534
2025-12-28,R005,Panamax,Thermal Coal,21.664,21.031,22.39382
2025-12-28,R001,Capesize,Coking Coal,32.126,31.564,29.124489
2025-12-28,R002,Panamax,Coking Coal,29.701,27.177,27.074064
2025-12-28,R004,Capesize,Coking Coal,30.703,30.453,30.119032
2025-12-28,R008,Capesize,Coking Coal,45.116,44.97,42.35305
2025-12-28,R007,Supramax,Coking Coal,23.614,26.539,23.632656
2025-12-28,R003,Kamsarmax,Coking Coal,30.387,25.979,27.583736
2025-12-29,R007,Supramax,Coking Coal,26.617,23.419,24.313478
2025-12-29,R003,Kamsarmax,Coking Coal,30.435,29.72,26.976868
2025-12-29,R005,Panamax,Thermal Coal,22.076,20.353,22.868086
2025-12-29,R008,Capesize,Coking Coal,43.987,41.377,42.707867
2025-12-29,R006,Panamax,Coking Coal,30.435,27.986,26.185873
2025-12-29,R001,Capesize,Coking Coal,33.149,28.289,29.64526
2025-12-29,R002,Panamax,Coking Coal,29.503,29.123,27.130123
2025-12-29,R004,Capesize,Coking Coal,32.419,29.983,29.908085
2025-12-30,R007,Supramax,Coking Coal,25.162,24.675,24.106686
2025-12-30,R008,Capesize,Coking Coal,46.041,44.332,42.724354
2025-12-30,R003,Kamsarmax,Coking Coal,31.421,28.486,27.303423
2025-12-30,R005,Panamax,Thermal Coal,22.361,23.87,22.431252
2025-12-30,R002,Panamax,Coking Coal,28.266,27.282,27.095009
2025-12-30,R001,Capesize,Coking Coal,31.67,29.373,29.17896
2025-12-30,R004,Capesize,Coking Coal,29.655,30.625,29.765799
2025-12-30,R006,Panamax,Coking Coal,24.646,24.723,26.622375
2025-12-31,R002,Panamax,Coking Coal,30.464,25.402,26.482368
2025-12-31,R005,Panamax,Thermal Coal,23.901,24.572,21.686573
2025-12-31,R004,Capesize,Coking Coal,33.794,31.178,29.462366
2025-12-31,R003,Kamsarmax,Coking Coal,34.308,28.629,26.783504
2025-12-31,R006,Panamax,Coking Coal,28.642,25.231,25.87734
2025-12-31,R008,Capesize,Coking Coal,46.421,40.592,42.01654
2025-12-31,R001,Capesize,Coking Coal,31.999,29.055,28.877558
2025-12-31,R007,Supramax,Coking Coal,25.688,23.752,23.899405
2026-01-01,R004,Capesize,Coking Coal,31.377,29.777,31.650223
2026-01-01,R002,Panamax,Coking Coal,28.876,28.127,28.539167
2026-01-01,R003,Kamsarmax,Coking Coal,29.798,27.777,29.234468
2026-01-01,R008,Capesize,Coking Coal,42.582,45.338,43.99309
2026-01-01,R001,Capesize,Coking Coal,29.189,31.39,30.651278
2026-01-01,R007,Supramax,Coking Coal,25.637,21.864,24.9544
2026-01-01,R006,Panamax,Coking Coal,27.499,29.157,26.766861
2026-01-01,R005,Panamax,Thermal Coal,23.817,24.861,22.983816
2026-01-02,R001,Capesize,Coking Coal,30.555,30.686,30.96618
2026-01-02,R003,Kamsarmax,Coking Coal,27.494,29.482,28.745054
2026-01-02,R006,Panamax,Coking Coal,28.809,27.079,27.618029
2026-01-02,R002,Panamax,Coking Coal,29.506,26.596,28.49508
2026-01-02,R005,Panamax,Thermal Coal,20.967,21.428,23.542704
2026-01-02,R008,Capesize,Coking Coal,44.935,43.851,44.323093
2026-01-02,R007,Supramax,Coking Coal,25.463,24.799,24.672653
2026-01-02,R004,Capesize,Coking Coal,33.249,31.576,31.442894
2026-01-03,R006,Panamax,Coking Coal,28.575,28.746,27.838573
2026-01-03,R004,Capesize,Coking Coal,29.079,32.871,31.094593
2026-01-03,R007,Supramax,Coking Coal,24.984,26.511,24.99149
2026-01-03,R002,Panamax,Coking Coal,32.466,25.715,28.64756
2026-01-03,R008,Capesize,Coking Coal,44.931,43.593,44.11586
2026-01-03,R001,Capesize,Coking Coal,27.869,31.417,30.99096
2026-01-03,R003,Kamsarmax,Coking Coal,30.225,29.186,29.603277
2026-01-03,R005,Panamax,Thermal Coal,25.086,23.493,24.17688
2026-01-04,R004,Capesize,Coking Coal,29.891,31.126,30.816282
2026-01-04,R005,Panamax,Thermal Coal,24.521,22.048,23.2206
2026-01-04,R003,Kamsarmax,Coking Coal,30.689,28.583,27.765486
2026-01-04,R001,Capesize,Coking Coal,30.926,27.527,30.087875
2026-01-04,R002,Panamax,Coking Coal,29.029,25.909,27.368147
2026-01-04,R006,Panamax,Coking Coal,29.161,24.861,27.04806
2026-01-04,R007,Supramax,Coking Coal,27.224,25.887,24.45543
2026-01-04,R008,Capesize,Coking Coal,44.859,41.537,43.78366
2026-01-05,R008,Capesize,Coking Coal,43.83,46.015,43.583546
2026-01-05,R003,Kamsarmax,Coking Coal,30.635,30.054,29.38793
2026-01-05,R002,Panamax,Coking Coal,29.947,27.871,28.24369
2026-01-05,R006,Panamax,Coking Coal,28.547,27.82,27.146921
2026-01-05,R005,Panamax,Thermal Coal,22.581,22.271,23.565384
2026-01-05,R004,Capesize,Coking Coal,30.665,28.49,31.329805
2026-01-05,R007,Supramax,Coking Coal,27.786,23.04,25.070465
2026-01-05,R001,Capesize,Coking Coal,30.691,28.307,30.548943
2026-01-06,R006,Panamax,Coking Coal,27.289,27.052,28.133677
2026-01-06,R004,Capesize,Coking Coal,30.989,32.611,30.870787
2026-01-06,R008,Capesize,Coking Coal,45.096,46.298,44.279934
2026-01-06,R007,Supramax,Coking Coal,25.829,25.646,25.064882
2026-01-06,R001,Capesize,Coking Coal,32.4,30.833,30.850431
2026-01-06,R005,Panamax,Thermal Coal,24.312,20.387,23.509678
2026-01-06,R003,Kamsarmax,Coking Coal,29.476,28.501,28.830677
2026-01-06,R002,Panamax,Coking Coal,30.026,27.866,28.16691
2026-01-07,R004,Capesize,Coking Coal,31.933,31.979,31.501305
2026-01-07,R003,Kamsarmax,Coking Coal,31.544,27.675,29.635033
2026-01-07,R008,Capesize,Coking Coal,46.109,42.067,44.868233
2026-01-07,R002,Panamax,Coking Coal,30.942,26.032,28.631054
2026-01-07,R001,Capesize,Coking Coal,31.189,30.683,31.098928
2026-01-07,R006,Panamax,Coking Coal,27.542,28.856,28.072807
2026-01-07,R005,Panamax,Thermal Coal,24.274,25.194,23.130526
2026-01-07,R007,Supramax,Coking Coal,26.873,23.693,25.445683
2026-01-08,R005,Panamax,Thermal Coal,24.809,22.499,23.337221
2026-01-08,R002,Panamax,Coking Coal,29.83,26.478,27.748877
2026-01-08,R004,Capesize,Coking Coal,32.425,28.297,30.324972
2026-01-08,R007,Supramax,Coking Coal,26.277,25.708,25.102701
2026-01-08,R003,Kamsarmax,Coking Coal,30.773,26.371,28.320646
2026-01-08,R001,Capesize,Coking Coal,32.647,29.703,30.42824
2026-01-08,R006,Panamax,Coking Coal,30.234,24.134,27.011488
2026-01-08,R008,Capesize,Coking Coal,45.998,42.169,43.4629
2026-01-09,R006,Panamax,Coking Coal,27.571,28.497,26.855907
2026-01-09,R007,Supramax,Coking Coal,27.666,25.801,25.544487
2026-01-09,R002,Panamax,Coking Coal,29.156,30.22,27.956009
2026-01-09,R003,Kamsarmax,Coking Coal,30.487,29.119,28.639397
2026-01-09,R001,Capesize,Coking Coal,31.151,27.373,30.564108
2026-01-09,R004,Capesize,Coking Coal,31.735,32.777,30.532211
2026-01-09,R005,Panamax,Thermal Coal,25.574,21.846,22.850142
2026-01-09,R008,Capesize,Coking Coal,44.865,43.734,43.97266
2026-01-10,R003,Kamsarmax,Coking Coal,28.496,24.71,28.357668
2026-01-10,R004,Capesize,Coking Coal,32.164,28.914,30.09045
2026-01-10,R001,Capesize,Coking Coal,30.601,28.317,29.894733
2026-01-10,R007,Supramax,Coking Coal,27.617,24.399,25.190918
2026-01-10,R002,Panamax,Coking Coal,30.814,25.881,27.884476
2026-01-10,R005,Panamax,Thermal Coal,24.856,19.364,23.313354
2026-01-10,R006,Panamax,Coking Coal,28.471,21.722,27.366611
2026-01-10,R008,Capesize,Coking Coal,48.136,42.155,43.647167
2026-01-11,R007,Supramax,Coking Coal,28.727,26.452,25.786491
2026-01-11,R005,Panamax,Thermal Coal,24.014,23.862,23.25531
2026-01-11,R001,Capesize,Coking Coal,31.618,28.633,29.936573
2026-01-11,R002,Panamax,Coking Coal,31.088,26.071,28.161133
2026-01-11,R003,Kamsarmax,Coking Coal,31.77,28.873,28.797144
2026-01-11,R004,Capesize,Coking Coal,31.982,30.392,31.340479
2026-01-11,R008,Capesize,Coking Coal,45.025,43.117,43.87888
2026-01-11,R006,Panamax,Coking Coal,30.702,25.325,27.624317
2026-01-12,R003,Kamsarmax,Coking Coal,29.8,28.258,29.205244
2026-01-12,R004,Capesize,Coking Coal,32.527,31.688,31.40495
2026-01-12,R001,Capesize,Coking Coal,28.7,29.789,30.610525
2026-01-12,R008,Capesize,Coking Coal,43.915,42.718,43.690144
2026-01-12,R007,Supramax,Coking Coal,26.321,25.358,25.878736
2026-01-12,R005,Panamax,Thermal Coal,23.771,21.521,23.937576
2026-01-12,R002,Panamax,Coking Coal,30.729,27.572,28.321314
2026-01-12,R006,Panamax,Coking Coal,27.342,25.452,27.358326
2026-01-13,R002,Panamax,Coking Coal,30.396,32.001,28.656162
2026-01-13,R008,Capesize,Coking Coal,46.064,44.35,44.08939
2026-01-13,R004,Capesize,Coking Coal,31.254,32.059,31.27062
2026-01-13,R005,Panamax,Thermal Coal,24.253,23.894,24.20595
2026-01-13,R007,Supramax,Coking Coal,24.1,27.427,25.411892
2026-01-13,R003,Kamsarmax,Coking Coal,30.068,26.105,29.582073
2026-01-13,R006,Panamax,Coking Coal,26.355,29.418,27.322813
2026-01-13,R001,Capesize,Coking Coal,30.633,29.741,31.16442
2026-01-14,R007,Supramax,Coking Coal,28.578,25.614,25.83024
2026-01-14,R002,Panamax,Coking Coal,32.147,29.568,28.923594
2026-01-14,R001,Capesize,Coking Coal,33.687,27.313,30.556528
2026-01-14,R004,Capesize,Coking Coal,31.534,32.848,31.423954
2026-01-14,R005,Panamax,Thermal Coal,24.885,21.162,23.984138
2026-01-14,R008,Capesize,Coking Coal,44.244,45.704,44.0708
2026-01-14,R006,Panamax,Coking Coal,28.97,29.298,27.891134
2026-01-14,R003,Kamsarmax,Coking Coal,31.281,27.035,28.887053
2026-01-15,R004,Capesize,Coking Coal,32.671,32.965,31.836336
2026-01-15,R007,Supramax,Coking Coal,25.961,26.05,25.912453
2026-01-15,R003,Kamsarmax,Coking Coal,30.219,29.379,29.299303
2026-01-15,R006,Panamax,Coking Coal,30.222,27.987,27.89128
2026-01-15,R002,Panamax,Coking Coal,28.249,31.167,28.96614
2026-01-15,R008,Capesize,Coking Coal,43.126,44.668,44.04898
2026-01-15,R005,Panamax,Thermal Coal,24.393,22.539,23.657455
2026-01-15,R001,Capesize,Coking Coal,32.24,30.164,30.198483
2026-01-16,R006,Panamax,Coking Coal,28.785,27.704,28.106268
2026-01-16,R003,Kamsarmax,Coking Coal,30.506,29.284,29.10312
2026-01-16,R008,Capesize,Coking Coal,47.309,42.412,44.507347
2026-01-16,R005,Panamax,Thermal Coal,24.773,22.863,23.371838
2026-01-16,R002,Panamax,Coking Coal,31.974,29.783,28.42216
2026-01-16,R004,Capesize,Coking Coal,32.323,32.042,30.981182
2026-01-16,R001,Capesize,Coking Coal,31.1,30.849,29.981098
2026-01-16,R007,Supramax,Coking Coal,28.308,26.545,25.881283
2026-01-17,R007,Supramax,Coking Coal,25.848,28.361,26.039862
2026-01-17,R008,Capesize,Coking Coal,48.273,45.256,44.479206
2026-01-17,R003,Kamsarmax,Coking Coal,31.326,27.66,28.906416
2026-01-17,R004,Capesize,Coking Coal,34.135,31.845,31.126219
2026-01-17,R002,Panamax,Coking Coal,32.479,28.55,28.705818
2026-01-17,R006,Panamax,Coking Coal,29.954,27.305,27.95027
2026-01-17,R001,Capesize,Coking Coal,31.627,30.494,30.6734
2026-01-17,R005,Panamax,Thermal Coal,23.732,24.493,23.803019
2026-01-18,R003,Kamsarmax,Coking Coal,30.432,28.671,29.002853
2026-01-18,R007,Supramax,Coking Coal,29.11,26.301,26.152935
2026-01-18,R001,Capesize,Coking Coal,33.591,31.08,31.210009
2026-01-18,R004,Capesize,Coking Coal,31.97,31.449,31.47753
2026-01-18,R005,Panamax,Thermal Coal,26.807,22.659,24.273014
2026-01-18,R002,Panamax,Coking Coal,30.788,26.332,29.55895
2026-01-18,R008,Capesize,Coking Coal,45.782,44.422,44.947636
2026-01-18,R006,Panamax,Coking Coal,28.687,26.249,28.50694
2026-01-19,R008,Capesize,Coking Coal,45.67,43.923,44.24167
2026-01-19,R005,Panamax,Thermal Coal,22.787,22.596,23.253181
2026-01-19,R007,Supramax,Coking Coal,27.796,23.572,26.13768
2026-01-19,R001,Capesize,Coking Coal,32.572,29.378,31.527416
2026-01-19,R002,Panamax,Coking Coal,30.453,27.721,29.117266
2026-01-19,R004,Capesize,Coking Coal,32.594,31.296,31.267063
2026-01-19,R006,Panamax,Coking Coal,27.979,26.869,27.43163
2026-01-19,R003,Kamsarmax,Coking Coal,29.806,27.996,29.067858
2026-01-20,R005,Panamax,Thermal Coal,23.708,24.911,24.236692
2026-01-20,R008,Capesize,Coking Coal,46.662,44.456,44.370308
2026-01-20,R007,Supramax,Coking Coal,28.239,27.116,26.329918
2026-01-20,R001,Capesize,Coking Coal,32.115,32.313,31.381094
2026-01-20,R004,Capesize,Coking Coal,29.616,32.629,31.73731
2026-01-20,R006,Panamax,Coking Coal,31.743,27.864,28.021235
2026-01-20,R003,Kamsarmax,Coking Coal,31.73,31.387,29.255806
2026-01-20,R002,Panamax,Coking Coal,31.217,29.985,29.523504
2026-01-21,R005,Panamax,Thermal Coal,25.02,23.431,24.07603
2026-01-21,R008,Capesize,Coking Coal,45.548,44.826,44.639683
2026-01-21,R003,Kamsarmax,Coking Coal,30.565,26.892,29.601799
2026-01-21,R004,Capesize,Coking Coal,32.607,33.548,31.387745
2026-01-21,R006,Panamax,Coking Coal,29.673,31.212,27.545143
2026-01-21,R007,Supramax,Coking Coal,28.075,26.413,26.32147
2026-01-21,R001,Capesize,Coking Coal,33.003,31.327,30.83765
2026-01-21,R002,Panamax,Coking Coal,30.626,29.091,28.721045
2026-01-22,R001,Capesize,Coking Coal,33.415,31.093,31.006094
2026-01-22,R007,Supramax,Coking Coal,28.403,28.095,26.11959
2026-01-22,R008,Capesize,Coking Coal,46.776,40.976,44.458958
2026-01-22,R006,Panamax,Coking Coal,28.096,28.919,28.105745
2026-01-22,R003,Kamsarmax,Coking Coal,33.621,29.739,28.820368
2026-01-22,R002,Panamax,Coking Coal,30.785,28.704,28.380527
2026-01-22,R005,Panamax,Thermal Coal,25.008,21.746,22.996334
2026-01-22,R004,Capesize,Coking Coal,32.95,31.67,31.020706
2026-01-23,R003,Kamsarmax,Coking Coal,31.916,29.149,29.414377
2026-01-23,R008,Capesize,Coking Coal,45.661,41.579,44.429893
2026-01-23,R002,Panamax,Coking Coal,30.585,28.711,28.839165
2026-01-23,R004,Capesize,Coking Coal,31.922,31.634,31.725815
2026-01-23,R006,Panamax,Coking Coal,32.74,27.618,28.119179
2026-01-23,R007,Supramax,Coking Coal,27.072,26.422,26.358557
2026-01-23,R001,Capesize,Coking Coal,32.749,29.343,31.38598
2026-01-23,R005,Panamax,Thermal Coal,26.395,22.765,23.68205
2026-01-24,R005,Panamax,Thermal Coal,22.821,23.723,24.078608
2026-01-24,R002,Panamax,Coking Coal,29.949,30.001,28.687838
2026-01-24,R008,Capesize,Coking Coal,46.69,45.886,44.53858
2026-01-24,R004,Capesize,Coking Coal,33.136,32.944,31.529701
2026-01-24,R006,Panamax,Coking Coal,30.667,27.587,28.516285
2026-01-24,R003,Kamsarmax,Coking Coal,32.348,30.072,29.579533
2026-01-24,R007,Supramax,Coking Coal,28.246,24.518,26.597126
2026-01-24,R001,Capesize,Coking Coal,33.318,29.965,31.455206
2026-01-25,R006,Panamax,Coking Coal,29.412,26.318,27.69095
2026-01-25,R002,Panamax,Coking Coal,32.76,29.638,28.977499
2026-01-25,R001,Capesize,Coking Coal,33.54,30.659,31.589924
2026-01-25,R007,Supramax,Coking Coal,27.713,26.706,25.832624
2026-01-25,R008,Capesize,Coking Coal,47.715,45.978,45.08765
2026-01-25,R004,Capesize,Coking Coal,34.225,31.991,31.34758
2026-01-25,R003,Kamsarmax,Coking Coal,29.472,30.379,29.77193
2026-01-25,R005,Panamax,Thermal Coal,23.847,23.684,24.159128
2026-01-26,R003,Kamsarmax,Coking Coal,31.517,29.345,29.636227
2026-01-26,R001,Capesize,Coking Coal,31.573,34.648,31.270658
2026-01-26,R002,Panamax,Coking Coal,32.69,29.553,28.5128
2026-01-26,R004,Capesize,Coking Coal,32.895,32.287,31.160543
2026-01-26,R006,Panamax,Coking Coal,32.12,28.795,27.391886
2026-01-26,R007,Supramax,Coking Coal,25.744,26.086,25.811718
2026-01-26,R005,Panamax,Thermal Coal,26.9,23.623,23.762676
2026-01-26,R008,Capesize,Coking Coal,46.079,45.659,44.46677
2026-01-27,R001,Capesize,Coking Coal,33.895,32.126,32.078278
2026-01-27,R006,Panamax,Coking Coal,31.956,25.796,27.44434
2026-01-27,R008,Capesize,Coking Coal,47.131,45.116,44.80014
2026-01-27,R002,Panamax,Coking Coal,32.284,29.701,28.971426
2026-01-27,R003,Kamsarmax,Coking Coal,31.176,30.387,29.559532
2026-01-27,R005,Panamax,Thermal Coal,24.816,21.664,24.032158
2026-01-27,R004,Capesize,Coking Coal,33.547,30.703,31.527145
2026-01-27,R007,Supramax,Coking Coal,27.075,23.614,25.655142
2026-01-28,R008,Capesize,Coking Coal,46.489,43.987,44.208977
2026-01-28,R001,Capesize,Coking Coal,32.96,33.149,31.650263
2026-01-28,R007,Supramax,Coking Coal,28.708,26.617,26.17674
2026-01-28,R004,Capesize,Coking Coal,32.424,32.419,31.98566
2026-01-28,R002,Panamax,Coking Coal,31.229,29.503,29.010565
2026-01-28,R005,Panamax,Thermal Coal,25.606,22.076,24.63929
2026-01-28,R003,Kamsarmax,Coking Coal,32.222,30.435,29.862032
2026-01-28,R006,Panamax,Coking Coal,31.44,30.435,27.731718
2026-01-29,R005,Panamax,Thermal Coal,26.371,22.361,23.59845
2026-01-29,R004,Capesize,Coking Coal,33.43,29.655,31.261614
2026-01-29,R002,Panamax,Coking Coal,30.308,28.266,29.30639
2026-01-29,R003,Kamsarmax,Coking Coal,32.466,31.421,30.141981
2026-01-29,R007,Supramax,Coking Coal,29.769,25.162,25.798998
2026-01-29,R001,Capesize,Coking Coal,34.102,31.67,31.200712
2026-01-29,R006,Panamax,Coking Coal,30.947,24.646,28.364876
2026-01-29,R008,Capesize,Coking Coal,46.007,46.041,44.41506
2026-01-30,R004,Capesize,Coking Coal,29.47,33.794,31.72672
2026-01-30,R002,Panamax,Coking Coal,32.208,30.464,29.523224
2026-01-30,R006,Panamax,Coking Coal,28.589,28.642,28.10737
2026-01-30,R007,Supramax,Coking Coal,29.245,25.688,26.169716
2026-01-30,R005,Panamax,Thermal Coal,24.098,23.901,23.832397
2026-01-30,R003,Kamsarmax,Coking Coal,31.103,34.308,30.394026
2026-01-30,R008,Capesize,Coking Coal,47.426,46.421,44.87088
2026-01-30,R001,Capesize,Coking Coal,34.954,31.999,31.44595
2026-01-31,R001,Capesize,Coking Coal,31.602,29.189,31.317093
2026-01-31,R007,Supramax,Coking Coal,26.547,25.637,26.27165
2026-01-31,R004,Capesize,Coking Coal,31.477,31.377,32.040356
2026-01-31,R005,Panamax,Thermal Coal,23.992,23.817,23.812708
2026-01-31,R008,Capesize,Coking Coal,47.879,42.582,45.007133
2026-01-31,R006,Panamax,Coking Coal,28.944,27.499,27.964384
2026-01-31,R003,Kamsarmax,Coking Coal,30.657,29.798,29.82819
2026-01-31,R002,Panamax,Coking Coal,29.258,28.876,29.118002
2026-02-01,R001,Capesize,Coking Coal,33.541,30.555,30.871912
2026-02-01,R005,Panamax,Thermal Coal,25.07,20.967,23.88492
2026-02-01,R004,Capesize,Coking Coal,31.213,33.249,30.968739
2026-02-01,R008,Capesize,Coking Coal,45.88,44.935,44.704967
2026-02-01,R002,Panamax,Coking Coal,31.851,29.506,28.721725
2026-02-01,R007,Supramax,Coking Coal,25.969,25.463,25.420765
2026-02-01,R003,Kamsarmax,Coking Coal,32.059,27.494,29.5993
2026-02-01,R006,Panamax,Coking Coal,29.115,28.809,27.490562
2026-02-02,R004,Capesize,Coking Coal,30.751,29.079,31.76226
2026-02-02,R002,Panamax,Coking Coal,27.944,32.466,29.444551
2026-02-02,R005,Panamax,Thermal Coal,23.839,25.086,24.109005
2026-02-02,R001,Capesize,Coking Coal,33.174,27.869,31.83652
2026-02-02,R006,Panamax,Coking Coal,28.837,28.575,28.34354
2026-02-02,R003,Kamsarmax,Coking Coal,29.069,30.225,29.993204
2026-02-02,R007,Supramax,Coking Coal,25.809,24.984,26.302183
2026-02-02,R008,Capesize,Coking Coal,48.43,44.931,45.2501
2026-02-03,R003,Kamsarmax,Coking Coal,32.432,30.689,29.666548
2026-02-03,R007,Supramax,Coking Coal,27.588,27.224,25.912926
2026-02-03,R002,Panamax,Coking Coal,31.395,29.029,29.132877
2026-02-03,R004,Capesize,Coking Coal,34.125,29.891,31.452509
2026-02-03,R008,Capesize,Coking Coal,47.064,44.859,44.767693
2026-02-03,R001,Capesize,Coking Coal,32.056,30.926,30.871532
2026-02-03,R006,Panamax,Coking Coal,30.43,29.161,28.385416
2026-02-03,R005,Panamax,Thermal Coal,28.413,24.521,24.162376
2026-02-04,R004,Capesize,Coking Coal,33.238,30.665,30.606113
2026-02-04,R007,Supramax,Coking Coal,26.601,27.786,25.713718
2026-02-04,R001,Capesize,Coking Coal,32.358,30.691,30.7691
2026-02-04,R008,Capesize,Coking Coal,47.891,43.83,44.47312
2026-02-04,R002,Panamax,Coking Coal,29.546,29.947,28.52233
2026-02-04,R003,Kamsarmax,Coking Coal,30.377,30.635,29.150583
2026-02-04,R006,Panamax,Coking Coal,27.649,28.547,27.452188
2026-02-04,R005,Panamax,Thermal Coal,25.591,22.581,23.403397
2026-02-05,R002,Panamax,Coking Coal,31.812,30.026,29.114275
2026-02-05,R007,Supramax,Coking Coal,28.217,25.829,26.181044
2026-02-05,R003,Kamsarmax,Coking Coal,32.859,29.476,30.118292
2026-02-05,R008,Capesize,Coking Coal,46.963,45.096,44.76441
2026-02-05,R005,Panamax,Thermal Coal,23.388,24.312,23.823772
2026-02-05,R004,Capesize,Coking Coal,30.41,30.989,31.274954
2026-02-05,R006,Panamax,Coking Coal,29.174,27.289,27.854246
2026-02-05,R001,Capesize,Coking Coal,31.784,32.4,30.8489
2026-02-06,R001,Capesize,Coking Coal,35.309,31.189,31.224161
2026-02-06,R008,Capesize,Coking Coal,50.084,46.109,45.076065
2026-02-06,R005,Panamax,Thermal Coal,25.262,24.274,23.980865
2026-02-06,R007,Supramax,Coking Coal,26.937,26.873,25.977758
2026-02-06,R002,Panamax,Coking Coal,30.564,30.942,29.47872
2026-02-06,R006,Panamax,Coking Coal,28.784,27.542,27.761003
2026-02-06,R004,Capesize,Coking Coal,30.33,31.933,31.772654
2026-02-06,R003,Kamsarmax,Coking Coal,33.372,31.544,30.183832
2026-02-07,R007,Supramax,Coking Coal,28.695,26.277,26.416248
2026-02-07,R001,Capesize,Coking Coal,33.343,32.647,31.05405
2026-02-07,R006,Panamax,Coking Coal,30.71,30.234,28.047771
2026-02-07,R004,Capesize,Coking Coal,32.826,32.425,31.52256
2026-02-07,R008,Capesize,Coking Coal,48.651,45.998,45.062874
2026-02-07,R005,Panamax,Thermal Coal,28.129,24.809,24.299269
2026-02-07,R002,Panamax,Coking Coal,33.058,29.83,29.485176
2026-02-07,R003,Kamsarmax,Coking Coal,31.455,30.773,29.976725
2026-02-08,R001,Capesize,Coking Coal,32.432,31.151,31.157183
2026-02-08,R006,Panamax,Coking Coal,26.878,27.571,27.841623
2026-02-08,R004,Capesize,Coking Coal,32.039,31.735,31.109789
2026-02-08,R008,Capesize,Coking Coal,46.901,44.865,45.03054
2026-02-08,R003,Kamsarmax,Coking Coal,32.801,30.487,29.629137
2026-02-08,R007,Supramax,Coking Coal,25.547,27.666,26.249662
2026-02-08,R002,Panamax,Coking Coal,31.456,29.156,28.964155
2026-02-08,R005,Panamax,Thermal Coal,24.881,25.574,24.025053
2026-02-09,R008,Capesize,Coking Coal,46.815,48.136,45.270386
2026-02-09,R005,Panamax,Thermal Coal,25.379,24.856,23.96783
2026-02-09,R002,Panamax,Coking Coal,32.108,30.814,29.392063
2026-02-09,R006,Panamax,Coking Coal,31.381,28.471,28.052214
2026-02-09,R003,Kamsarmax,Coking Coal,34.672,28.496,30.377216
2026-02-09,R007,Supramax,Coking Coal,27.75,27.617,26.477665
2026-02-09,R001,Capesize,Coking Coal,33.368,30.601,31.057451
2026-02-09,R004,Capesize,Coking Coal,35.735,32.164,31.677685
2026-02-10,R004,Capesize,Coking Coal,30.993,31.982,31.477695
2026-02-10,R002,Panamax,Coking Coal,30.213,31.088,29.144888
2026-02-10,R007,Supramax,Coking Coal,28.341,28.727,25.689583
2026-02-10,R003,Kamsarmax,Coking Coal,32.676,31.77,29.805792
2026-02-10,R008,Capesize,Coking Coal,46.582,45.025,45.245
2026-02-10,R001,Capesize,Coking Coal,30.995,31.618,31.039602
2026-02-10,R005,Panamax,Thermal Coal,25.83,24.014,24.257786
2026-02-10,R006,Panamax,Coking Coal,30.168,30.702,27.641314
2026-02-11,R004,Capesize,Coking Coal,33.665,32.527,31.696556
2026-02-11,R002,Panamax,Coking Coal,29.69,30.729,29.240385
2026-02-11,R006,Panamax,Coking Coal,29.843,27.342,28.016088
2026-02-11,R001,Capesize,Coking Coal,35.14,28.7,31.12109
2026-02-11,R008,Capesize,Coking Coal,46.963,43.915,44.72403
2026-02-11,R007,Supramax,Coking Coal,29.259,26.321,26.526031
2026-02-11,R005,Panamax,Thermal Coal,25.173,23.771,24.062557
2026-02-11,R003,Kamsarmax,Coking Coal,33.011,29.8,29.96931
2026-02-12,R006,Panamax,Coking Coal,32.337,26.355,27.487286
2026-02-12,R007,Supramax,Coking Coal,28.558,24.1,26.064157
2026-02-12,R002,Panamax,Coking Coal,32.502,30.396,29.024359
2026-02-12,R001,Capesize,Coking Coal,32.177,30.633,30.727196
2026-02-12,R008,Capesize,Coking Coal,49.273,46.064,44.526833
2026-02-12,R004,Capesize,Coking Coal,35.002,31.254,31.28961
2026-02-12,R005,Panamax,Thermal Coal,27.507,24.253,23.047329
2026-02-12,R003,Kamsarmax,Coking Coal,31.547,30.068,29.700443
2026-02-13,R002,Panamax,Coking Coal,29.387,32.147,29.426685
2026-02-13,R001,Capesize,Coking Coal,32.139,33.687,30.62953
2026-02-13,R008,Capesize,Coking Coal,46.071,44.244,44.38436
2026-02-13,R006,Panamax,Coking Coal,27.678,28.97,27.318613
2026-02-13,R005,Panamax,Thermal Coal,23.029,24.885,23.706331
2026-02-13,R007,Supramax,Coking Coal,27.301,28.578,25.903774
2026-02-13,R003,Kamsarmax,Coking Coal,29.889,31.281,29.227423
2026-02-13,R004,Capesize,Coking Coal,31.216,31.534,31.473589
2026-02-14,R003,Kamsarmax,Coking Coal,28.572,30.219,30.229507
2026-02-14,R002,Panamax,Coking Coal,29.699,28.249,28.888605
2026-02-14,R001,Capesize,Coking Coal,30.43,32.24,30.798597
2026-02-14,R006,Panamax,Coking Coal,28.5,30.222,27.388044
2026-02-14,R004,Capesize,Coking Coal,33.112,32.671,31.476969
2026-02-14,R007,Supramax,Coking Coal,27.603,25.961,26.7794
2026-02-14,R008,Capesize,Coking Coal,48.47,43.126,44.83307
2026-02-14,R005,Panamax,Thermal Coal,23.136,24.393,24.183956
2026-02-15,R007,Supramax,Coking Coal,30.168,28.308,26.260393
2026-02-15,R002,Panamax,Coking Coal,30.013,31.974,28.824478
2026-02-15,R003,Kamsarmax,Coking Coal,30.078,30.506,29.594036
2026-02-15,R005,Panamax,Thermal Coal,26.349,24.773,23.773912
2026-02-15,R006,Panamax,Coking Coal,28.5,28.785,27.91043
2026-02-15,R001,Capesize,Coking Coal,30.534,31.1,30.557875
2026-02-15,R004,Capesize,Coking Coal,33.355,32.323,31.668064
2026-02-15,R008,Capesize,Coking Coal,45.672,47.309,44.92268
2026-02-16,R001,Capesize,Coking Coal,31.763,31.627,30.873951
2026-02-16,R007,Supramax,Coking Coal,30.093,25.848,26.570639
2026-02-16,R002,Panamax,Coking Coal,30.376,32.479,29.395592
2026-02-16,R004,Capesize,Coking Coal,35.058,34.135,31.935246
2026-02-16,R006,Panamax,Coking Coal,31.476,29.954,27.927855
2026-02-16,R005,Panamax,Thermal Coal,23.872,23.732,23.190575
2026-02-16,R003,Kamsarmax,Coking Coal,28.639,31.326,30.09576
2026-02-16,R008,Capesize,Coking Coal,45.812,48.273,44.54777
2026-02-17,R008,Capesize,Coking Coal,45.497,45.782,44.405712
2026-02-17,R002,Panamax,Coking Coal,31.996,30.788,29.642473
2026-02-17,R004,Capesize,Coking Coal,34.193,31.97,31.655798
2026-02-17,R005,Panamax,Thermal Coal,25.579,26.807,24.20237
2026-02-17,R001,Capesize,Coking Coal,34.629,33.591,31.053818
2026-02-17,R006,Panamax,Coking Coal,32.563,28.687,28.285305
2026-02-17,R003,Kamsarmax,Coking Coal,31.648,30.432,30.336052
2026-02-17,R007,Supramax,Coking Coal,30.455,29.11,26.322527
2026-02-18,R005,Panamax,Thermal Coal,25.056,22.787,23.85713
2026-02-18,R008,Capesize,Coking Coal,48.778,45.67,44.69716
2026-02-18,R002,Panamax,Coking Coal,28.841,30.453,29.481438
2026-02-18,R001,Capesize,Coking Coal,32.219,32.572,30.925873
2026-02-18,R003,Kamsarmax,Coking Coal,29.278,29.806,29.949202
2026-02-18,R004,Capesize,Coking Coal,33.117,32.594,31.59366
2026-02-18,R006,Panamax,Coking Coal,27.34,27.979,27.79168
2026-02-18,R007,Supramax,Coking Coal,27.951,27.796,26.823736
2026-02-19,R001,Capesize,Coking Coal,36.527,32.115,30.546442
2026-02-19,R006,Panamax,Coking Coal,28.739,31.743,27.327848
2026-02-19,R003,Kamsarmax,Coking Coal,30.516,31.73,29.890116
2026-02-19,R007,Supramax,Coking Coal,29.588,28.239,25.828812
2026-02-19,R008,Capesize,Coking Coal,44.097,46.662,44.966236
2026-02-19,R005,Panamax,Thermal Coal,25.868,23.708,23.271606
2026-02-19,R004,Capesize,Coking Coal,31.969,29.616,30.937592
2026-02-19,R002,Panamax,Coking Coal,32.194,31.217,28.840857
2026-02-20,R006,Panamax,Coking Coal,26.718,29.673,28.079653
2026-02-20,R007,Supramax,Coking Coal,27.507,28.075,26.204224
2026-02-20,R001,Capesize,Coking Coal,30.683,33.003,30.920883
2026-02-20,R008,Capesize,Coking Coal,44.514,45.548,44.534046
2026-02-20,R002,Panamax,Coking Coal,31.42,30.626,29.327545
2026-02-20,R004,Capesize,Coking Coal,32.675,32.607,31.31261
2026-02-20,R003,Kamsarmax,Coking Coal,28.256,30.565,30.067724
2026-02-20,R005,Panamax,Thermal Coal,21.843,25.02,22.761747
2026-02-21,R004,Capesize,Coking Coal,31.916,32.95,31.492928
2026-02-21,R006,Panamax,Coking Coal,29.28,28.096,28.691437
2026-02-21,R002,Panamax,Coking Coal,29.496,30.785,29.372166
2026-02-21,R003,Kamsarmax,Coking Coal,29.561,33.621,29.636131
2026-02-21,R001,Capesize,Coking Coal,33.653,33.415,30.648657
2026-02-21,R008,Capesize,Coking Coal,47.259,46.776,44.739952
2026-02-21,R007,Supramax,Coking Coal,27.31,28.403,26.01437
2026-02-21,R005,Panamax,Thermal Coal,23.312,25.008,23.716137
2026-02-22,R003,Kamsarmax,Coking Coal,32.828,31.916,29.633928
2026-02-22,R007,Supramax,Coking Coal,27.735,27.072,25.962934
2026-02-22,R004,Capesize,Coking Coal,34.053,31.922,31.555225
2026-02-22,R001,Capesize,Coking Coal,33.213,32.749,31.070139
2026-02-22,R008,Capesize,Coking Coal,48.238,45.661,45.469738
2026-02-22,R002,Panamax,Coking Coal,27.985,30.585,29.629972
2026-02-22,R005,Panamax,Thermal Coal,24.377,26.395,24.10145
2026-02-22,R006,Panamax,Coking Coal,31.414,32.74,28.381027
2026-02-23,R003,Kamsarmax,Coking Coal,31.068,32.348,30.098053
2026-02-23,R002,Panamax,Coking Coal,30.601,29.949,29.339746
2026-02-23,R004,Capesize,Coking Coal,32.022,33.136,31.497538
2026-02-23,R005,Panamax,Thermal Coal,24.463,22.821,23.908583
2026-02-23,R006,Panamax,Coking Coal,31.821,30.667,28.578213
2026-02-23,R008,Capesize,Coking Coal,45.615,46.69,44.727245
2026-02-23,R007,Supramax,Coking Coal,27.562,28.246,26.468964
2026-02-23,R001,Capesize,Coking Coal,30.541,33.318,31.081106
2026-02-24,R002,Panamax,Coking Coal,27.611,32.76,29.749823
2026-02-24,R001,Capesize,Coking Coal,32.832,33.54,31.377346
2026-02-24,R003,Kamsarmax,Coking Coal,29.805,29.472,29.320488
2026-02-24,R005,Panamax,Thermal Coal,25.033,23.847,23.643032
2026-02-24,R006,Panamax,Coking Coal,30.656,29.412,29.222698
2026-02-24,R007,Supramax,Coking Coal,26.97,27.713,26.446144
2026-02-24,R004,Capesize,Coking Coal,34.202,34.225,31.769732
2026-02-24,R008,Capesize,Coking Coal,45.629,47.715,45.0333
2026-02-25,R007,Supramax,Coking Coal,26.685,25.744,26.652292
2026-02-25,R002,Panamax,Coking Coal,26.495,32.69,29.78663
2026-02-25,R008,Capesize,Coking Coal,46.362,46.079,44.816113
2026-02-25,R004,Capesize,Coking Coal,31.368,32.895,31.652294
2026-02-25,R003,Kamsarmax,Coking Coal,30.719,31.517,30.01993
2026-02-25,R005,Panamax,Thermal Coal,24.539,26.9,24.031818
2026-02-25,R001,Capesize,Coking Coal,30.15,31.573,30.911636
2026-02-25,R006,Panamax,Coking Coal,29.396,32.12,29.3083
2026-02-26,R006,Panamax,Coking Coal,29.812,31.956,28.861313
2026-02-26,R004,Capesize,Coking Coal,33.809,33.547,31.70579
2026-02-26,R002,Panamax,Coking Coal,29.809,32.284,28.95431
2026-02-26,R007,Supramax,Coking Coal,26.01,27.075,25.811457
2026-02-26,R003,Kamsarmax,Coking Coal,30.033,31.176,30.202078
2026-02-26,R005,Panamax,Thermal Coal,27.728,24.816,24.27489
2026-02-26,R001,Capesize,Coking Coal,32.771,33.895,30.951216
2026-02-26,R008,Capesize,Coking Coal,47.007,47.131,44.877766
2026-02-27,R002,Panamax,Coking Coal,30.408,31.229,29.368528
2026-02-27,R007,Supramax,Coking Coal,25.857,28.708,25.744677
2026-02-27,R005,Panamax,Thermal Coal,26.626,25.606,23.43069
2026-02-27,R008,Capesize,Coking Coal,45.919,46.489,45.080803
2026-02-27,R006,Panamax,Coking Coal,30.373,31.44,28.970364
2026-02-27,R003,Kamsarmax,Coking Coal,30.014,32.222,29.70375
2026-02-27,R001,Capesize,Coking Coal,31.833,32.96,30.71488
2026-02-27,R004,Capesize,Coking Coal,32.852,32.424,31.47996
2026-02-28,R001,Capesize,Coking Coal,32.561,34.102,31.260675
2026-02-28,R006,Panamax,Coking Coal,28.182,30.947,28.861338
2026-02-28,R005,Panamax,Thermal Coal,24.814,26.371,24.201588
2026-02-28,R004,Capesize,Coking Coal,31.724,33.43,31.772764
2026-02-28,R007,Supramax,Coking Coal,28.726,29.769,25.583317
2026-02-28,R002,Panamax,Coking Coal,29.418,30.308,29.527685
2026-02-28,R003,Kamsarmax,Coking Coal,28.769,32.466,29.686152
2026-02-28,R008,Capesize,Coking Coal,46.965,46.007,44.93247
2026-03-01,R008,Capesize,Coking Coal,45.871,47.426,43.668438
2026-03-01,R004,Capesize,Coking Coal,31.833,29.47,31.436167
2026-03-01,R002,Panamax,Coking Coal,28.525,32.208,28.924385
2026-03-01,R001,Capesize,Coking Coal,33.544,34.954,30.203423
2026-03-01,R003,Kamsarmax,Coking Coal,27.068,31.103,29.22329
2026-03-01,R006,Panamax,Coking Coal,28.264,28.589,28.720392
2026-03-01,R007,Supramax,Coking Coal,26.565,29.245,26.293858
2026-03-01,R005,Panamax,Thermal Coal,22.704,24.098,22.813663
2026-03-02,R001,Capesize,Coking Coal,33.86,31.602,31.867537
2026-03-02,R002,Panamax,Coking Coal,29.54,29.258,29.48499
2026-03-02,R004,Capesize,Coking Coal,31.926,31.477,31.193615
2026-03-02,R007,Supramax,Coking Coal,29.606,26.547,26.05935
2026-03-02,R003,Kamsarmax,Coking Coal,32.711,30.657,29.756779
2026-03-02,R005,Panamax,Thermal Coal,28.411,23.992,23.37255
2026-03-02,R006,Panamax,Coking Coal,26.139,28.944,28.947897
2026-03-02,R008,Capesize,Coking Coal,47.293,47.879,45.319782
2026-03-03,R005,Panamax,Thermal Coal,22.814,25.07,23.19843
2026-03-03,R001,Capesize,Coking Coal,31.941,33.541,31.43486
2026-03-03,R007,Supramax,Coking Coal,25.566,25.969,25.106195
2026-03-03,R004,Capesize,Coking Coal,34.87,31.213,30.507105
2026-03-03,R006,Panamax,Coking Coal,29.362,29.115,27.53805
2026-03-03,R003,Kamsarmax,Coking Coal,27.535,32.059,28.82039
2026-03-03,R002,Panamax,Coking Coal,31.951,31.851,28.36644
2026-03-03,R008,Capesize,Coking Coal,45.991,45.88,45.132328
2026-03-04,R003,Kamsarmax,Coking Coal,28.206,29.069,29.335806
2026-03-04,R005,Panamax,Thermal Coal,22.425,23.839,23.263805
2026-03-04,R008,Capesize,Coking Coal,44.553,48.43,44.58585
2026-03-04,R004,Capesize,Coking Coal,30.595,30.751,31.370487
2026-03-04,R007,Supramax,Coking Coal,26.142,25.809,25.916588
2026-03-04,R001,Capesize,Coking Coal,30.228,33.174,30.5298
2026-03-04,R006,Panamax,Coking Coal,26.595,28.837,28.576698
2026-03-04,R002,Panamax,Coking Coal,26.232,27.944,28.850208
2026-03-05,R002,Panamax,Coking Coal,26.739,31.395,29.423716
2026-03-05,R007,Supramax,Coking Coal,27.47,27.588,26.191526
2026-03-05,R006,Panamax,Coking Coal,27.384,30.43,28.765097
2026-03-05,R005,Panamax,Thermal Coal,25.116,28.413,23.293583
2026-03-05,R008,Capesize,Coking Coal,45.821,47.064,44.935757
2026-03-05,R003,Kamsarmax,Coking Coal,28.99,32.432,29.762423
2026-03-05,R001,Capesize,Coking Coal,30.871,32.056,30.823416
2026-03-05,R004,Capesize,Coking Coal,30.822,34.125,31.81068
2026-03-06,R001,Capesize,Coking Coal,28.965,32.358,30.595415
2026-03-06,R008,Capesize,Coking Coal,42.587,47.891,44.42455
2026-03-06,R002,Panamax,Coking Coal,29.916,29.546,29.160072
2026-03-06,R004,Capesize,Coking Coal,31.812,33.238,31.157326
2026-03-06,R003,Kamsarmax,Coking Coal,27.384,30.377,29.345528
2026-03-06,R007,Supramax,Coking Coal,26.357,26.601,25.38337
2026-03-06,R006,Panamax,Coking Coal,29.662,27.649,28.43128
2026-03-06,R005,Panamax,Thermal Coal,25.726,25.591,23.44892
2026-03-07,R006,Panamax,Coking Coal,28.74,29.174,27.527298
2026-03-07,R002,Panamax,Coking Coal,28.662,31.812,28.452726
2026-03-07,R003,Kamsarmax,Coking Coal,28.022,32.859,28.775211
2026-03-07,R008,Capesize,Coking Coal,45.713,46.963,44.792374
2026-03-07,R005,Panamax,Thermal Coal,26.529,23.388,22.959368
2026-03-07,R007,Supramax,Coking Coal,28.531,28.217,25.880333
2026-03-07,R004,Capesize,Coking Coal,34.39,30.41,31.403011
2026-03-07,R001,Capesize,Coking Coal,29.468,31.784,30.80447
2026-03-08,R008,Capesize,Coking Coal,45.935,50.084,44.614033
2026-03-08,R005,Panamax,Thermal Coal,24.934,25.262,22.953308
2026-03-08,R001,Capesize,Coking Coal,32.461,35.309,30.265581
2026-03-08,R004,Capesize,Coking Coal,33.064,30.33,30.85875
2026-03-08,R006,Panamax,Coking Coal,29.71,28.784,27.003105
2026-03-08,R002,Panamax,Coking Coal,32.379,30.564,28.57489
2026-03-08,R007,Supramax,Coking Coal,27.602,26.937,25.630558
2026-03-08,R003,Kamsarmax,Coking Coal,31.313,33.372,29.080103
2026-03-09,R001,Capesize,Coking Coal,30.341,33.343,31.021595
2026-03-09,R007,Supramax,Coking Coal,25.536,28.695,25.770084
2026-03-09,R005,Panamax,Thermal Coal,24.03,28.129,23.12277
2026-03-09,R006,Panamax,Coking Coal,28.722,30.71,27.911896
2026-03-09,R003,Kamsarmax,Coking Coal,28.746,31.455,29.356358
2026-03-09,R002,Panamax,Coking Coal,30.907,33.058,28.70657
2026-03-09,R008,Capesize,Coking Coal,45.061,48.651,44.65062
2026-03-09,R004,Capesize,Coking Coal,31.076,32.826,30.963795
2026-03-10,R001,Capesize,Coking Coal,32.172,32.432,30.947855
2026-03-10,R002,Panamax,Coking Coal,28.838,31.456,28.835205
2026-03-10,R006,Panamax,Coking Coal,29.165,26.878,28.051615
2026-03-10,R007,Supramax,Coking Coal,28.286,25.547,25.975342
2026-03-10,R005,Panamax,Thermal Coal,22.723,24.881,24.016115
2026-03-10,R004,Capesize,Coking Coal,31.294,32.039,31.247816
2026-03-10,R003,Kamsarmax,Coking Coal,28.295,32.801,29.375414
2026-03-10,R008,Capesize,Coking Coal,43.916,46.901,45.126938
2026-03-11,R006,Panamax,Coking Coal,29.509,31.381,27.715757
2026-03-11,R005,Panamax,Thermal Coal,25.106,25.379,23.763939
2026-03-11,R007,Supramax,Coking Coal,29.5,27.75,25.294373
2026-03-11,R001,Capesize,Coking Coal,29.394,33.368,30.504505
2026-03-11,R003,Kamsarmax,Coking Coal,27.737,34.672,29.437508
2026-03-11,R004,Capesize,Coking Coal,32.5,35.735,31.085234
2026-03-11,R002,Panamax,Coking Coal,28.038,32.108,29.161171
2026-03-11,R008,Capesize,Coking Coal,46.927,46.815,44.77705
2026-03-12,R002,Panamax,Coking Coal,28.508,30.213,29.79873
2026-03-12,R004,Capesize,Coking Coal,31.653,30.993,31.496807
2026-03-12,R005,Panamax,Thermal Coal,24.201,25.83,22.91944
2026-03-12,R001,Capesize,Coking Coal,31.793,30.995,30.601274
2026-03-12,R006,Panamax,Coking Coal,29.812,30.168,28.875872
2026-03-12,R003,Kamsarmax,Coking Coal,28.526,32.676,30.171741
2026-03-12,R007,Supramax,Coking Coal,25.909,28.341,25.373232
2026-03-12,R008,Capesize,Coking Coal,44.157,46.582,45.025295
2026-03-13,R005,Panamax,Thermal Coal,25.383,25.173,23.137703
2026-03-13,R004,Capesize,Coking Coal,31.257,33.665,31.021646
2026-03-13,R007,Supramax,Coking Coal,28.225,29.259,25.947426
2026-03-13,R008,Capesize,Coking Coal,42.941,46.963,44.58506
2026-03-13,R002,Panamax,Coking Coal,28.405,29.69,28.18889
2026-03-13,R006,Panamax,Coking Coal,27.891,29.843,27.300863
2026-03-13,R001,Capesize,Coking Coal,30.878,35.14,30.29706
2026-03-13,R003,Kamsarmax,Coking Coal,28.803,33.011,28.976925
2026-03-14,R004,Capesize,Coking Coal,32.712,35.002,31.088116
2026-03-14,R005,Panamax,Thermal Coal,24.62,27.507,22.460089
2026-03-14,R002,Panamax,Coking Coal,27.837,32.502,29.661646
2026-03-14,R008,Capesize,Coking Coal,42.935,49.273,44.70833
2026-03-14,R006,Panamax,Coking Coal,29.275,32.337,28.915802
2026-03-14,R001,Capesize,Coking Coal,30.335,32.177,31.104736
2026-03-14,R007,Supramax,Coking Coal,28.03,28.558,25.35837
2026-03-14,R003,Kamsarmax,Coking Coal,29.829,31.547,29.567257
2026-03-15,R003,Kamsarmax,Coking Coal,29.399,29.889,29.406408
2026-03-15,R005,Panamax,Thermal Coal,24.525,23.029,23.10463
2026-03-15,R004,Capesize,Coking Coal,31.988,31.216,32.03123
2026-03-15,R008,Capesize,Coking Coal,43.482,46.071,45.0934
2026-03-15,R001,Capesize,Coking Coal,31.172,32.139,30.204552
2026-03-15,R007,Supramax,Coking Coal,26.285,27.301,25.250143
2026-03-15,R002,Panamax,Coking Coal,28.733,29.387,29.382744
2026-03-15,R006,Panamax,Coking Coal,27.62,27.678,29.209894
2026-03-16,R003,Kamsarmax,Coking Coal,26.598,28.572,29.642918
2026-03-16,R005,Panamax,Thermal Coal,21.758,23.136,23.38136
2026-03-16,R007,Supramax,Coking Coal,24.627,27.603,25.863281
2026-03-16,R002,Panamax,Coking Coal,26.735,29.699,29.642344
2026-03-16,R006,Panamax,Coking Coal,26.82,28.5,28.839088
2026-03-16,R004,Capesize,Coking Coal,31.023,33.112,31.550165
2026-03-16,R001,Capesize,Coking Coal,29.576,30.43,30.299929
2026-03-16,R008,Capesize,Coking Coal,42.116,48.47,44.873566
2026-03-17,R003,Kamsarmax,Coking Coal,29.113,30.078,29.376175
2026-03-17,R008,Capesize,Coking Coal,41.438,45.672,44.717728
2026-03-17,R006,Panamax,Coking Coal,27.46,28.5,28.433336
2026-03-17,R002,Panamax,Coking Coal,26.02,30.013,28.854496
2026-03-17,R005,Panamax,Thermal Coal,24.519,26.349,22.495613
2026-03-17,R004,Capesize,Coking Coal,30.801,33.355,31.103193
2026-03-17,R007,Supramax,Coking Coal,25.35,30.168,25.272974
2026-03-17,R001,Capesize,Coking Coal,30.555,30.534,29.95888
2026-03-18,R003,Kamsarmax,Coking Coal,28.612,28.639,30.016687
2026-03-18,R008,Capesize,Coking Coal,42.09,45.812,44.38976
2026-03-18,R002,Panamax,Coking Coal,29.214,30.376,28.989235
2026-03-18,R007,Supramax,Coking Coal,24.976,30.093,25.494558
2026-03-18,R006,Panamax,Coking Coal,26.735,31.476,28.276537
2026-03-18,R005,Panamax,Thermal Coal,23.33,23.872,23.309547
2026-03-18,R004,Capesize,Coking Coal,32.781,35.058,31.072725
2026-03-18,R001,Capesize,Coking Coal,31.554,31.763,30.51096
2026-03-19,R004,Capesize,Coking Coal,30.628,34.193,31.61511
2026-03-19,R007,Supramax,Coking Coal,25.814,30.455,25.332987
2026-03-19,R002,Panamax,Coking Coal,29.009,31.996,29.273401
2026-03-19,R001,Capesize,Coking Coal,30.331,34.629,30.185732
2026-03-19,R008,Capesize,Coking Coal,44.049,45.497,44.933567
2026-03-19,R005,Panamax,Thermal Coal,22.687,25.579,23.463106
2026-03-19,R006,Panamax,Coking Coal,25.914,32.563,28.998995
2026-03-19,R003,Kamsarmax,Coking Coal,27.147,31.648,29.230982
2026-03-20,R003,Kamsarmax,Coking Coal,28.222,29.278,29.682512
2026-03-20,R008,Capesize,Coking Coal,44.666,48.778,44.475533
2026-03-20,R005,Panamax,Thermal Coal,24.47,25.056,22.73722
2026-03-20,R007,Supramax,Coking Coal,24.935,27.951,26.147984
2026-03-20,R006,Panamax,Coking Coal,28.098,27.34,28.854933
2026-03-20,R001,Capesize,Coking Coal,28.233,32.219,30.689053
2026-03-20,R002,Panamax,Coking Coal,28.47,28.841,29.024353
2026-03-20,R004,Capesize,Coking Coal,32.802,33.117,31.179012
2026-03-21,R003,Kamsarmax,Coking Coal,27.656,30.516,29.284286
2026-03-21,R001,Capesize,Coking Coal,28.849,36.527,30.187807
2026-03-21,R002,Panamax,Coking Coal,28.134,32.194,29.360714
2026-03-21,R008,Capesize,Coking Coal,43.35,44.097,44.81083
2026-03-21,R006,Panamax,Coking Coal,28.438,28.739,28.66345
2026-03-21,R005,Panamax,Thermal Coal,23.479,25.868,22.821377
2026-03-21,R004,Capesize,Coking Coal,31.315,31.969,31.567947
2026-03-21,R007,Supramax,Coking Coal,24.913,29.588,25.410303
2026-03-22,R001,Capesize,Coking Coal,29.108,30.683,30.689777
2026-03-22,R005,Panamax,Thermal Coal,22.916,21.843,23.055357
2026-03-22,R004,Capesize,Coking Coal,29.022,32.675,30.84711
2026-03-22,R008,Capesize,Coking Coal,44.181,44.514,43.81838
2026-03-22,R002,Panamax,Coking Coal,29.515,31.42,28.759695
2026-03-22,R007,Supramax,Coking Coal,22.522,27.507,25.691114
2026-03-22,R003,Kamsarmax,Coking Coal,25.99,28.256,29.253426
2026-03-22,R006,Panamax,Coking Coal,28.231,26.718,27.970211
2026-03-23,R002,Panamax,Coking Coal,26.794,29.496,29.076536
2026-03-23,R007,Supramax,Coking Coal,23.777,27.31,25.718185
2026-03-23,R005,Panamax,Thermal Coal,22.725,23.312,22.775648
2026-03-23,R004,Capesize,Coking Coal,30.801,31.916,30.756887
2026-03-23,R001,Capesize,Coking Coal,28.784,33.653,30.244057
2026-03-23,R003,Kamsarmax,Coking Coal,29.384,29.561,29.568104
2026-03-23,R008,Capesize,Coking Coal,43.711,47.259,44.31965
2026-03-23,R006,Panamax,Coking Coal,25.973,29.28,28.23865
2026-03-24,R006,Panamax,Coking Coal,27.468,31.414,28.020452
2026-03-24,R003,Kamsarmax,Coking Coal,29.289,32.828,29.480122
2026-03-24,R004,Capesize,Coking Coal,29.405,34.053,31.240128
2026-03-24,R007,Supramax,Coking Coal,25.36,27.735,25.839495
2026-03-24,R002,Panamax,Coking Coal,25.693,27.985,29.521887
2026-03-24,R005,Panamax,Thermal Coal,23.786,24.377,22.615545
2026-03-24,R001,Capesize,Coking Coal,30.135,33.213,30.251425
2026-03-24,R008,Capesize,Coking Coal,43.365,48.238,44.801483
2026-03-25,R004,Capesize,Coking Coal,30.131,32.022,30.817715
2026-03-25,R005,Panamax,Thermal Coal,22.884,24.463,22.13086
2026-03-25,R008,Capesize,Coking Coal,42.411,45.615,44.59707
2026-03-25,R003,Kamsarmax,Coking Coal,27.536,31.068,28.922104
2026-03-25,R001,Capesize,Coking Coal,29.541,30.541,30.198807
2026-03-25,R007,Supramax,Coking Coal,26.774,27.562,25.297565
2026-03-25,R006,Panamax,Coking Coal,26.576,31.821,28.245539
2026-03-25,R002,Panamax,Coking Coal,27.284,30.601,28.92785
2026-03-26,R003,Kamsarmax,Coking Coal,29.456,29.805,29.007479
2026-03-26,R008,Capesize,Coking Coal,46.252,45.629,43.83027
2026-03-26,R004,Capesize,Coking Coal,32.065,34.202,30.82633
2026-03-26,R006,Panamax,Coking Coal,29.83,30.656,27.635174
2026-03-26,R002,Panamax,Coking Coal,30.526,27.611,28.531435
2026-03-26,R001,Capesize,Coking Coal,29.292,32.832,30.210499
2026-03-26,R005,Panamax,Thermal Coal,22.878,25.033,22.01646
2026-03-26,R007,Supramax,Coking Coal,25.004,26.97,24.61559
2026-03-27,R008,Capesize,Coking Coal,43.833,46.362,44.14323
2026-03-27,R001,Capesize,Coking Coal,28.198,30.15,30.133053
2026-03-27,R002,Panamax,Coking Coal,24.455,26.495,28.297907
2026-03-27,R003,Kamsarmax,Coking Coal,30.472,30.719,29.242794
2026-03-27,R006,Panamax,Coking Coal,27.591,29.396,27.589766
2026-03-27,R007,Supramax,Coking Coal,23.1,26.685,25.807182
2026-03-27,R005,Panamax,Thermal Coal,22.66,24.539,22.73885
2026-03-27,R004,Capesize,Coking Coal,31.245,31.368,30.812302
2026-03-28,R008,Capesize,Coking Coal,42.74,47.007,44.732174
2026-03-28,R005,Panamax,Thermal Coal,23.206,27.728,22.731277
2026-03-28,R002,Panamax,Coking Coal,28.131,29.809,28.623682
2026-03-28,R003,Kamsarmax,Coking Coal,29.695,30.033,29.592081
2026-03-28,R007,Supramax,Coking Coal,24.093,26.01,25.360735
2026-03-28,R006,Panamax,Coking Coal,25.03,29.812,28.228918
2026-03-28,R001,Capesize,Coking Coal,28.49,32.771,29.9566
2026-03-28,R004,Capesize,Coking Coal,29.53,33.809,30.816954
2026-03-29,R007,Supramax,Coking Coal,23.321,25.857,24.855812
2026-03-29,R006,Panamax,Coking Coal,26.838,30.373,28.010845
2026-03-29,R003,Kamsarmax,Coking Coal,28.517,30.014,29.556192
2026-03-29,R008,Capesize,Coking Coal,42.896,45.919,44.52252
2026-03-29,R005,Panamax,Thermal Coal,22.236,26.626,23.274916
2026-03-29,R004,Capesize,Coking Coal,29.753,32.852,31.069353
2026-03-29,R001,Capesize,Coking Coal,29.169,31.833,29.926414
2026-03-29,R002,Panamax,Coking Coal,27.113,30.408,28.83914
2026-03-30,R008,Capesize,Coking Coal,43.061,46.965,44.30661
2026-03-30,R007,Supramax,Coking Coal,26.15,28.726,24.474737
2026-03-30,R001,Capesize,Coking Coal,28.645,32.561,30.370995
2026-03-30,R005,Panamax,Thermal Coal,22.718,24.814,22.75108
2026-03-30,R002,Panamax,Coking Coal,27.758,29.418,29.29745
2026-03-30,R006,Panamax,Coking Coal,27.811,28.182,28.7835
2026-03-30,R003,Kamsarmax,Coking Coal,30.687,28.769,29.529392
2026-03-30,R004,Capesize,Coking Coal,29.242,31.724,30.634687
2026-03-31,R007,Supramax,Coking Coal,24.563,26.565,24.738451
2026-03-31,R003,Kamsarmax,Coking Coal,28.577,27.068,29.142107
2026-03-31,R001,Capesize,Coking Coal,27.595,33.544,30.13575
2026-03-31,R005,Panamax,Thermal Coal,20.67,22.704,22.487219
2026-03-31,R004,Capesize,Coking Coal,29.954,31.833,31.130566
2026-03-31,R006,Panamax,Coking Coal,29.408,28.264,28.278625
2026-03-31,R002,Panamax,Coking Coal,29.518,28.525,28.406647
2026-03-31,R008,Capesize,Coking Coal,40.795,45.871,44.337353
2026-04-01,R008,Capesize,Coking Coal,44.294,47.293,43.280525
2026-04-01,R001,Capesize,Coking Coal,28.707,33.86,29.398926
2026-04-01,R002,Panamax,Coking Coal,27.927,29.54,28.429262
2026-04-01,R005,Panamax,Thermal Coal,25.272,28.411,22.12681
2026-04-01,R007,Supramax,Coking Coal,27.329,29.606,24.520538
2026-04-01,R006,Panamax,Coking Coal,28.592,26.139,28.111145
2026-04-01,R004,Capesize,Coking Coal,28.787,31.926,30.8961
2026-04-01,R003,Kamsarmax,Coking Coal,30.326,32.711,28.725464
2026-04-02,R004,Capesize,Coking Coal,29.913,34.87,30.56824
2026-04-02,R008,Capesize,Coking Coal,40.918,45.991,43.26876
2026-04-02,R005,Panamax,Thermal Coal,23.04,22.814,23.255075
2026-04-02,R006,Panamax,Coking Coal,28.667,29.362,26.529293
2026-04-02,R001,Capesize,Coking Coal,29.793,31.941,29.818409
2026-04-02,R007,Supramax,Coking Coal,22.618,25.566,24.942556
2026-04-02,R003,Kamsarmax,Coking Coal,25.235,27.535,28.779451
2026-04-02,R002,Panamax,Coking Coal,29.144,31.951,27.616917
2026-04-03,R007,Supramax,Coking Coal,27.101,26.142,24.376398
2026-04-03,R004,Capesize,Coking Coal,32.223,30.595,30.600992
2026-04-03,R003,Kamsarmax,Coking Coal,28.62,28.206,28.437994
2026-04-03,R001,Capesize,Coking Coal,25.512,30.228,29.409645
2026-04-03,R002,Panamax,Coking Coal,28.904,26.232,27.50491
2026-04-03,R005,Panamax,Thermal Coal,22.465,22.425,22.532871
2026-04-03,R008,Capesize,Coking Coal,44.416,44.553,43.439278
2026-04-03,R006,Panamax,Coking Coal,24.875,26.595,26.3072
2026-04-04,R003,Kamsarmax,Coking Coal,25.48,28.99,28.28847
2026-04-04,R002,Panamax,Coking Coal,26.12,26.739,27.564365
2026-04-04,R008,Capesize,Coking Coal,44.515,45.821,43.138462
2026-04-04,R004,Capesize,Coking Coal,28.677,30.822,29.60428
2026-04-04,R006,Panamax,Coking Coal,28.022,27.384,26.249285
2026-04-04,R005,Panamax,Thermal Coal,21.632,25.116,22.621433
2026-04-04,R001,Capesize,Coking Coal,27.744,30.871,29.696249
2026-04-04,R007,Supramax,Coking Coal,25.045,27.47,24.17513
2026-04-05,R005,Panamax,Thermal Coal,22.405,25.726,23.097889
2026-04-05,R008,Capesize,Coking Coal,45.847,42.587,43.39852
2026-04-05,R002,Panamax,Coking Coal,28.303,29.916,27.122473
2026-04-05,R003,Kamsarmax,Coking Coal,28.68,27.384,28.78156
2026-04-05,R001,Capesize,Coking Coal,26.708,28.965,29.749866
2026-04-05,R007,Supramax,Coking Coal,22.999,26.357,24.82278
2026-04-05,R006,Panamax,Coking Coal,26.725,29.662,26.788628
2026-04-05,R004,Capesize,Coking Coal,29.435,31.812,29.903128
2026-04-06,R006,Panamax,Coking Coal,26.93,28.74,26.777678
2026-04-06,R005,Panamax,Thermal Coal,20.983,26.529,22.95179
2026-04-06,R002,Panamax,Coking Coal,25.152,28.662,28.223831
2026-04-06,R001,Capesize,Coking Coal,28.382,29.468,30.142962
2026-04-06,R003,Kamsarmax,Coking Coal,29.066,28.022,28.998724
2026-04-06,R007,Supramax,Coking Coal,24.769,28.531,24.645178
2026-04-06,R004,Capesize,Coking Coal,31.558,34.39,30.95749
2026-04-06,R008,Capesize,Coking Coal,42.912,45.713,42.88484
2026-04-07,R004,Capesize,Coking Coal,29.404,33.064,30.556992
2026-04-07,R006,Panamax,Coking Coal,26.901,29.71,26.623865
2026-04-07,R007,Supramax,Coking Coal,23.715,27.602,24.62867
2026-04-07,R001,Capesize,Coking Coal,26.048,32.461,29.081654
2026-04-07,R003,Kamsarmax,Coking Coal,27.142,31.313,28.114685
2026-04-07,R005,Panamax,Thermal Coal,23.982,24.934,22.450882
2026-04-07,R002,Panamax,Coking Coal,27.201,32.379,28.000607
2026-04-07,R008,Capesize,Coking Coal,41.849,45.935,43.015553
2026-04-08,R006,Panamax,Coking Coal,26.567,28.722,26.211744
2026-04-08,R007,Supramax,Coking Coal,24.122,25.536,24.393087
2026-04-08,R001,Capesize,Coking Coal,27.674,30.341,29.775026
2026-04-08,R002,Panamax,Coking Coal,27.605,30.907,27.400053
2026-04-08,R005,Panamax,Thermal Coal,22.086,24.03,22.555084
2026-04-08,R008,Capesize,Coking Coal,43.471,45.061,43.083344
2026-04-08,R004,Capesize,Coking Coal,29.853,31.076,29.751835
2026-04-08,R003,Kamsarmax,Coking Coal,29.835,28.746,28.367113
2026-04-09,R007,Supramax,Coking Coal,25.573,28.286,24.672285
2026-04-09,R008,Capesize,Coking Coal,41.951,43.916,43.45559
2026-04-09,R001,Capesize,Coking Coal,25.691,32.172,29.67972
2026-04-09,R004,Capesize,Coking Coal,30.807,31.294,29.852974
2026-04-09,R006,Panamax,Coking Coal,28.438,29.165,26.620375
2026-04-09,R005,Panamax,Thermal Coal,23.305,22.723,22.333385
2026-04-09,R002,Panamax,Coking Coal,29.48,28.838,27.277796
2026-04-09,R003,Kamsarmax,Coking Coal,27.382,28.295,28.09974
2026-04-10,R006,Panamax,Coking Coal,25.394,29.509,26.975258
2026-04-10,R008,Capesize,Coking Coal,41.911,46.927,43.135857
2026-04-10,R005,Panamax,Thermal Coal,21.347,25.106,22.08608
2026-04-10,R007,Supramax,Coking Coal,25.225,29.5,24.374477
2026-04-10,R004,Capesize,Coking Coal,31.581,32.5,29.787727
2026-04-10,R002,Panamax,Coking Coal,27.542,28.038,27.999401
2026-04-10,R001,Capesize,Coking Coal,25.163,29.394,29.837866
2026-04-10,R003,Kamsarmax,Coking Coal,28.621,27.737,28.108309
2026-04-11,R006,Panamax,Coking Coal,25.124,29.812,26.534622
2026-04-11,R004,Capesize,Coking Coal,34.0,31.653,30.224533
2026-04-11,R003,Kamsarmax,Coking Coal,31.48,28.526,27.880894
2026-04-11,R001,Capesize,Coking Coal,28.626,31.793,29.167469
2026-04-11,R007,Supramax,Coking Coal,25.691,25.909,24.813297
2026-04-11,R002,Panamax,Coking Coal,29.47,28.508,27.123161
2026-04-11,R005,Panamax,Thermal Coal,23.567,24.201,22.334284
2026-04-11,R008,Capesize,Coking Coal,43.152,44.157,42.64909
2026-04-12,R007,Supramax,Coking Coal,25.413,28.225,24.15539
2026-04-12,R002,Panamax,Coking Coal,28.725,28.405,27.399473
2026-04-12,R006,Panamax,Coking Coal,27.291,27.891,26.426188
2026-04-12,R008,Capesize,Coking Coal,42.944,42.941,42.79872
2026-04-12,R005,Panamax,Thermal Coal,22.715,25.383,23.019657
2026-04-12,R003,Kamsarmax,Coking Coal,29.239,28.803,27.685467
2026-04-12,R004,Capesize,Coking Coal,30.095,31.257,29.733786
2026-04-12,R001,Capesize,Coking Coal,26.88,30.878,29.761564
2026-04-13,R003,Kamsarmax,Coking Coal,28.357,29.829,28.232956
2026-04-13,R002,Panamax,Coking Coal,28.231,27.837,27.339268
2026-04-13,R001,Capesize,Coking Coal,29.07,30.335,29.705889
2026-04-13,R007,Supramax,Coking Coal,26.341,28.03,24.78391
2026-04-13,R008,Capesize,Coking Coal,43.517,42.935,42.614716
2026-04-13,R004,Capesize,Coking Coal,29.87,32.712,30.242
2026-04-13,R005,Panamax,Thermal Coal,22.286,24.62,22.644611
2026-04-13,R006,Panamax,Coking Coal,27.805,29.275,26.579845
2026-04-14,R005,Panamax,Thermal Coal,21.3,24.525,22.799656
2026-04-14,R003,Kamsarmax,Coking Coal,27.595,29.399,28.339369
2026-04-14,R006,Panamax,Coking Coal,24.961,27.62,27.130531
2026-04-14,R002,Panamax,Coking Coal,28.723,28.733,27.455763
2026-04-14,R007,Supramax,Coking Coal,23.356,26.285,24.66575
2026-04-14,R008,Capesize,Coking Coal,41.925,43.482,42.84704
2026-04-14,R001,Capesize,Coking Coal,28.003,31.172,29.790005
2026-04-14,R004,Capesize,Coking Coal,30.431,31.988,30.268826
2026-04-15,R005,Panamax,Thermal Coal,21.72,21.758,21.961435
2026-04-15,R002,Panamax,Coking Coal,26.979,26.735,26.482676
2026-04-15,R004,Capesize,Coking Coal,31.085,31.023,29.2972
2026-04-15,R007,Supramax,Coking Coal,22.362,24.627,23.75997
2026-04-15,R003,Kamsarmax,Coking Coal,28.31,26.598,27.545874
2026-04-15,R008,Capesize,Coking Coal,42.352,42.116,42.280785
2026-04-15,R001,Capesize,Coking Coal,28.253,29.576,29.220346
2026-04-15,R006,Panamax,Coking Coal,25.045,26.82,25.819345
2026-04-16,R008,Capesize,Coking Coal,42.527,41.438,42.812798
2026-04-16,R004,Capesize,Coking Coal,29.216,30.801,30.16902
2026-04-16,R007,Supramax,Coking Coal,24.5,25.35,24.43874
2026-04-16,R003,Kamsarmax,Coking Coal,27.723,29.113,27.614117
2026-04-16,R006,Panamax,Coking Coal,27.083,27.46,26.993893
2026-04-16,R005,Panamax,Thermal Coal,18.843,24.519,22.63675
2026-04-16,R002,Panamax,Coking Coal,29.932,26.02,27.3777
2026-04-16,R001,Capesize,Coking Coal,28.647,30.555,29.4653
2026-04-17,R006,Panamax,Coking Coal,27.924,26.735,26.49502
2026-04-17,R005,Panamax,Thermal Coal,24.54,23.33,22.45442
2026-04-17,R004,Capesize,Coking Coal,30.483,32.781,29.931822
2026-04-17,R008,Capesize,Coking Coal,44.743,42.09,43.118923
2026-04-17,R007,Supramax,Coking Coal,23.806,24.976,24.180067
2026-04-17,R003,Kamsarmax,Coking Coal,30.78,28.612,27.680462
2026-04-17,R001,Capesize,Coking Coal,30.412,31.554,29.553598
2026-04-17,R002,Panamax,Coking Coal,26.539,29.214,27.07626
2026-04-18,R001,Capesize,Coking Coal,28.551,30.331,29.437012
2026-04-18,R004,Capesize,Coking Coal,28.46,30.628,29.822582
2026-04-18,R005,Panamax,Thermal Coal,20.501,22.687,22.133638
2026-04-18,R002,Panamax,Coking Coal,24.248,29.009,26.738018
2026-04-18,R007,Supramax,Coking Coal,22.27,25.814,24.216507
2026-04-18,R006,Panamax,Coking Coal,29.245,25.914,25.983332
2026-04-18,R003,Kamsarmax,Coking Coal,28.968,27.147,27.855946
2026-04-18,R008,Capesize,Coking Coal,40.878,44.049,42.63014
2026-04-19,R002,Panamax,Coking Coal,29.976,28.47,27.201654
2026-04-19,R008,Capesize,Coking Coal,39.913,44.666,43.104263
2026-04-19,R006,Panamax,Coking Coal,26.478,28.098,26.395115
2026-04-19,R005,Panamax,Thermal Coal,21.198,24.47,22.946312
2026-04-19,R007,Supramax,Coking Coal,25.206,24.935,24.850462
2026-04-19,R001,Capesize,Coking Coal,29.484,28.233,29.814014
2026-04-19,R004,Capesize,Coking Coal,29.697,32.802,30.188091
2026-04-19,R003,Kamsarmax,Coking Coal,28.2,28.222,27.91191
2026-04-20,R007,Supramax,Coking Coal,22.0,24.913,24.229094
2026-04-20,R004,Capesize,Coking Coal,28.389,31.315,29.80998
2026-04-20,R006,Panamax,Coking Coal,26.411,28.438,26.139275
2026-04-20,R002,Panamax,Coking Coal,25.826,28.134,26.535198
2026-04-20,R001,Capesize,Coking Coal,27.636,28.849,29.385433
2026-04-20,R005,Panamax,Thermal Coal,20.684,23.479,22.609879
2026-04-20,R003,Kamsarmax,Coking Coal,27.135,27.656,27.539955
2026-04-20,R008,Capesize,Coking Coal,41.423,43.35,42.724045
2026-04-21,R006,Panamax,Coking Coal,24.405,28.231,26.688606
2026-04-21,R002,Panamax,Coking Coal,26.583,29.515,26.631458
2026-04-21,R004,Capesize,Coking Coal,28.781,29.022,29.932665
2026-04-21,R003,Kamsarmax,Coking Coal,29.33,25.99,27.838678
2026-04-21,R007,Supramax,Coking Coal,25.232,22.522,24.46732
2026-04-21,R005,Panamax,Thermal Coal,20.763,22.916,22.623507
2026-04-21,R001,Capesize,Coking Coal,28.016,29.108,29.516846
2026-04-21,R008,Capesize,Coking Coal,42.176,44.181,43.015884
2026-04-22,R002,Panamax,Coking Coal,24.694,26.794,26.502926
2026-04-22,R003,Kamsarmax,Coking Coal,30.548,29.384,27.61719
2026-04-22,R001,Capesize,Coking Coal,31.831,28.784,29.682344
2026-04-22,R006,Panamax,Coking Coal,29.891,25.973,26.459364
2026-04-22,R007,Supramax,Coking Coal,24.931,23.777,24.832556
2026-04-22,R004,Capesize,Coking Coal,28.785,30.801,29.875399
2026-04-22,R005,Panamax,Thermal Coal,21.62,22.725,22.82729
2026-04-22,R008,Capesize,Coking Coal,43.258,43.711,43.040455
2026-04-23,R001,Capesize,Coking Coal,28.05,30.135,29.396284
2026-04-23,R002,Panamax,Coking Coal,25.932,25.693,26.651184
2026-04-23,R004,Capesize,Coking Coal,28.136,29.405,29.612457
2026-04-23,R003,Kamsarmax,Coking Coal,29.39,29.289,27.246803
2026-04-23,R006,Panamax,Coking Coal,25.66,27.468,25.955359
2026-04-23,R008,Capesize,Coking Coal,43.747,43.365,42.702244
2026-04-23,R007,Supramax,Coking Coal,20.243,25.36,24.22714
2026-04-23,R005,Panamax,Thermal Coal,22.131,23.786,22.18
2026-04-24,R003,Kamsarmax,Coking Coal,26.454,27.536,27.447702
2026-04-24,R005,Panamax,Thermal Coal,20.707,22.884,22.549887
2026-04-24,R002,Panamax,Coking Coal,27.911,27.284,26.79473
2026-04-24,R007,Supramax,Coking Coal,23.067,26.774,24.748175
2026-04-24,R004,Capesize,Coking Coal,30.149,30.131,29.689474
2026-04-24,R001,Capesize,Coking Coal,31.276,29.541,29.715576
2026-04-24,R008,Capesize,Coking Coal,42.959,42.411,42.704586
2026-04-24,R006,Panamax,Coking Coal,28.989,26.576,26.286835
2026-04-25,R002,Panamax,Coking Coal,28.494,30.526,27.599579
2026-04-25,R007,Supramax,Coking Coal,21.264,25.004,25.475916
2026-04-25,R008,Capesize,Coking Coal,41.459,46.252,42.970783
2026-04-25,R001,Capesize,Coking Coal,28.252,29.292,29.652054
2026-04-25,R005,Panamax,Thermal Coal,18.945,22.878,22.54878
2026-04-25,R003,Kamsarmax,Coking Coal,30.428,29.456,28.667633
2026-04-25,R006,Panamax,Coking Coal,25.665,29.83,26.494408
2026-04-25,R004,Capesize,Coking Coal,27.889,32.065,30.808752
2026-04-26,R006,Panamax,Coking Coal,26.058,27.591,26.879648
2026-04-26,R001,Capesize,Coking Coal,28.427,28.198,29.495474
2026-04-26,R008,Capesize,Coking Coal,41.805,43.833,43.458946
2026-04-26,R005,Panamax,Thermal Coal,21.874,22.66,22.689142
2026-04-26,R003,Kamsarmax,Coking Coal,27.125,30.472,27.833622
2026-04-26,R002,Panamax,Coking Coal,26.881,24.455,27.804474
2026-04-26,R007,Supramax,Coking Coal,22.1,23.1,25.392738
2026-04-26,R004,Capesize,Coking Coal,25.652,31.245,30.161705
2026-04-27,R008,Capesize,Coking Coal,42.415,42.74,42.34036
2026-04-27,R005,Panamax,Thermal Coal,22.05,23.206,21.369015
2026-04-27,R003,Kamsarmax,Coking Coal,28.835,29.695,27.125856
2026-04-27,R006,Panamax,Coking Coal,23.528,25.03,25.946573
2026-04-27,R007,Supramax,Coking Coal,25.236,24.093,24.226397
2026-04-27,R001,Capesize,Coking Coal,28.489,28.49,28.937244
2026-04-27,R002,Panamax,Coking Coal,27.606,28.131,26.276495
2026-04-27,R004,Capesize,Coking Coal,29.47,29.53,29.429974
2026-04-28,R004,Capesize,Coking Coal,28.428,29.753,29.670033
2026-04-28,R007,Supramax,Coking Coal,23.211,23.321,24.751291
2026-04-28,R006,Panamax,Coking Coal,27.241,26.838,25.600733
2026-04-28,R001,Capesize,Coking Coal,29.886,29.169,28.99964
2026-04-28,R003,Kamsarmax,Coking Coal,27.831,28.517,27.603489
2026-04-28,R002,Panamax,Coking Coal,29.203,27.113,26.772633
2026-04-28,R008,Capesize,Coking Coal,43.589,42.896,42.809742
2026-04-28,R005,Panamax,Thermal Coal,22.393,22.236,21.870413
2026-04-29,R008,Capesize,Coking Coal,41.681,43.061,43.14515
2026-04-29,R007,Supramax,Coking Coal,22.767,26.15,25.13783
2026-04-29,R001,Capesize,Coking Coal,26.791,28.645,29.44431
2026-04-29,R002,Panamax,Coking Coal,25.78,27.758,26.72545
2026-04-29,R003,Kamsarmax,Coking Coal,27.503,30.687,28.29269
2026-04-29,R005,Panamax,Thermal Coal,19.659,22.718,22.384855
2026-04-29,R004,Capesize,Coking Coal,27.393,29.242,29.913826
2026-04-29,R006,Panamax,Coking Coal,25.594,27.811,26.836687
2026-04-30,R004,Capesize,Coking Coal,30.905,29.954,30.155859
2026-04-30,R002,Panamax,Coking Coal,27.062,29.518,26.77183
2026-04-30,R001,Capesize,Coking Coal,26.701,27.595,29.380966
2026-04-30,R003,Kamsarmax,Coking Coal,26.422,28.577,27.754267
2026-04-30,R005,Panamax,Thermal Coal,23.043,20.67,22.137465
2026-04-30,R008,Capesize,Coking Coal,41.058,40.795,42.965862
2026-04-30,R006,Panamax,Coking Coal,24.988,29.408,26.178955
2026-04-30,R007,Supramax,Coking Coal,22.99,24.563,25.142399
2026-05-01,R004,Capesize,Coking Coal,28.24,28.787,29.329514
2026-05-01,R007,Supramax,Coking Coal,25.07,27.329,23.467989
2026-05-01,R008,Capesize,Coking Coal,43.137,44.294,42.33853
2026-05-01,R001,Capesize,Coking Coal,31.013,28.707,28.347155
2026-05-01,R002,Panamax,Coking Coal,28.1,27.927,26.241514
2026-05-01,R006,Panamax,Coking Coal,26.511,28.592,26.184168
2026-05-01,R005,Panamax,Thermal Coal,20.681,25.272,21.119642
2026-05-01,R003,Kamsarmax,Coking Coal,30.203,30.326,27.632578
2026-05-02,R003,Kamsarmax,Coking Coal,28.319,25.235,27.110754
2026-05-02,R008,Capesize,Coking Coal,44.122,40.918,42.638344
2026-05-02,R002,Panamax,Coking Coal,26.751,29.144,25.888578
2026-05-02,R007,Supramax,Coking Coal,23.083,22.618,23.973671
2026-05-02,R006,Panamax,Coking Coal,24.199,28.667,25.471048
2026-05-02,R001,Capesize,Coking Coal,29.023,29.793,27.983795
2026-05-02,R004,Capesize,Coking Coal,27.27,29.913,28.887022
2026-05-02,R005,Panamax,Thermal Coal,21.051,23.04,21.68103
2026-05-03,R006,Panamax,Coking Coal,26.586,24.875,25.965685
2026-05-03,R005,Panamax,Thermal Coal,21.615,22.465,21.251
2026-05-03,R007,Supramax,Coking Coal,23.526,27.101,23.737223
2026-05-03,R008,Capesize,Coking Coal,44.657,44.416,42.469864
2026-05-03,R002,Panamax,Coking Coal,26.659,28.904,26.60919
2026-05-03,R001,Capesize,Coking Coal,27.017,25.512,28.128092
2026-05-03,R004,Capesize,Coking Coal,29.041,32.223,29.049776
2026-05-03,R003,Kamsarmax,Coking Coal,28.521,28.62,26.83472
2026-05-04,R003,Kamsarmax,Coking Coal,28.821,25.48,27.853012
2026-05-04,R002,Panamax,Coking Coal,27.712,26.12,26.617584
2026-05-04,R001,Capesize,Coking Coal,28.731,27.744,28.263071
2026-05-04,R004,Capesize,Coking Coal,30.662,28.677,29.381086
2026-05-04,R006,Panamax,Coking Coal,24.498,28.022,25.768301
2026-05-04,R007,Supramax,Coking Coal,24.895,25.045,24.063496
2026-05-04,R008,Capesize,Coking Coal,43.358,44.515,42.863575
2026-05-04,R005,Panamax,Thermal Coal,21.027,21.632,21.459473
2026-05-05,R008,Capesize,Coking Coal,44.488,45.847,42.430622
2026-05-05,R002,Panamax,Coking Coal,27.499,28.303,25.906654
2026-05-05,R007,Supramax,Coking Coal,22.226,22.999,24.332449
2026-05-05,R006,Panamax,Coking Coal,25.882,26.725,25.608469
2026-05-05,R001,Capesize,Coking Coal,27.313,26.708,28.081797
2026-05-05,R004,Capesize,Coking Coal,29.63,29.435,28.885462
2026-05-05,R003,Kamsarmax,Coking Coal,29.156,28.68,26.82994
2026-05-05,R005,Panamax,Thermal Coal,19.959,22.405,21.278906
2026-05-06,R002,Panamax,Coking Coal,27.848,25.152,26.175564
2026-05-06,R006,Panamax,Coking Coal,25.046,26.93,25.579485
2026-05-06,R003,Kamsarmax,Coking Coal,30.512,29.066,27.104809
2026-05-06,R001,Capesize,Coking Coal,28.454,28.382,27.821775
2026-05-06,R007,Supramax,Coking Coal,21.153,24.769,23.901512
2026-05-06,R008,Capesize,Coking Coal,44.053,42.912,42.523956
2026-05-06,R005,Panamax,Thermal Coal,20.694,20.983,21.199406
2026-05-06,R004,Capesize,Coking Coal,28.117,31.558,29.109703
2026-05-07,R001,Capesize,Coking Coal,29.713,26.048,28.170137
2026-05-07,R005,Panamax,Thermal Coal,22.992,23.982,20.956419
2026-05-07,R003,Kamsarmax,Coking Coal,29.222,27.142,26.826809
2026-05-07,R008,Capesize,Coking Coal,42.684,41.849,42.57721
2026-05-07,R007,Supramax,Coking Coal,23.035,23.715,24.34255
2026-05-07,R002,Panamax,Coking Coal,28.325,27.201,26.041548
2026-05-07,R006,Panamax,Coking Coal,28.43,26.901,25.439615
2026-05-07,R004,Capesize,Coking Coal,30.531,29.404,29.425175
2026-05-08,R004,Capesize,Coking Coal,30.529,29.853,29.23552
2026-05-08,R008,Capesize,Coking Coal,45.363,43.471,42.54972
2026-05-08,R006,Panamax,Coking Coal,26.201,26.567,25.28591
2026-05-08,R005,Panamax,Thermal Coal,25.483,22.086,21.087816
2026-05-08,R001,Capesize,Coking Coal,29.79,27.674,27.752892
2026-05-08,R007,Supramax,Coking Coal,23.688,24.122,24.017923
2026-05-08,R002,Panamax,Coking Coal,26.291,27.605,25.89392
2026-05-08,R003,Kamsarmax,Coking Coal,26.938,29.835,26.492235
2026-05-09,R002,Panamax,Coking Coal,26.759,29.48,25.903456
2026-05-09,R007,Supramax,Coking Coal,24.723,25.573,23.493061
2026-05-09,R003,Kamsarmax,Coking Coal,27.333,27.382,26.59818
2026-05-09,R004,Capesize,Coking Coal,30.104,30.807,29.139746
2026-05-09,R008,Capesize,Coking Coal,41.204,41.951,42.632545
2026-05-09,R006,Panamax,Coking Coal,24.677,28.438,25.169592
2026-05-09,R001,Capesize,Coking Coal,30.831,25.691,28.033213
2026-05-09,R005,Panamax,Thermal Coal,22.648,23.305,21.371513
2026-05-10,R001,Capesize,Coking Coal,30.713,25.163,27.623442
2026-05-10,R003,Kamsarmax,Coking Coal,27.644,28.621,26.302095
2026-05-10,R004,Capesize,Coking Coal,27.648,31.581,28.914335
2026-05-10,R006,Panamax,Coking Coal,24.295,25.394,24.622211
2026-05-10,R002,Panamax,Coking Coal,26.815,27.542,25.497633
2026-05-10,R008,Capesize,Coking Coal,44.029,41.911,42.341446
2026-05-10,R007,Supramax,Coking Coal,24.417,25.225,22.620628
2026-05-10,R005,Panamax,Thermal Coal,19.858,21.347,21.039568
2026-05-11,R003,Kamsarmax,Coking Coal,26.859,31.48,26.51458
2026-05-11,R008,Capesize,Coking Coal,41.156,43.152,42.879257
2026-05-11,R007,Supramax,Coking Coal,22.344,25.691,23.85912
2026-05-11,R004,Capesize,Coking Coal,26.947,34.0,29.179468
2026-05-11,R002,Panamax,Coking Coal,29.033,29.47,25.730745
2026-05-11,R001,Capesize,Coking Coal,30.541,28.626,27.93995
2026-05-11,R005,Panamax,Thermal Coal,19.413,23.567,21.354603
2026-05-11,R006,Panamax,Coking Coal,26.267,25.124,25.012634
2026-05-12,R006,Panamax,Coking Coal,25.005,27.291,25.154589
2026-05-12,R001,Capesize,Coking Coal,28.222,26.88,27.983068
2026-05-12,R007,Supramax,Coking Coal,22.659,25.413,23.66541
2026-05-12,R004,Capesize,Coking Coal,29.729,30.095,28.812222
2026-05-12,R003,Kamsarmax,Coking Coal,27.085,29.239,26.844135
2026-05-12,R005,Panamax,Thermal Coal,19.898,22.715,21.177256
2026-05-12,R002,Panamax,Coking Coal,28.215,28.725,25.56516
2026-05-12,R008,Capesize,Coking Coal,41.983,42.944,42.345577
2026-05-13,R005,Panamax,Thermal Coal,21.038,22.286,21.686398
2026-05-13,R002,Panamax,Coking Coal,31.628,28.231,25.493578
2026-05-13,R007,Supramax,Coking Coal,23.785,26.341,23.698578
2026-05-13,R004,Capesize,Coking Coal,29.325,29.87,28.74944
2026-05-13,R008,Capesize,Coking Coal,42.205,43.517,43.027912
2026-05-13,R006,Panamax,Coking Coal,28.282,27.805,25.214674
2026-05-13,R003,Kamsarmax,Coking Coal,27.411,28.357,27.18739
2026-05-13,R001,Capesize,Coking Coal,30.867,29.07,27.74514
2026-05-14,R005,Panamax,Thermal Coal,22.079,21.3,21.224558
2026-05-14,R004,Capesize,Coking Coal,26.26,30.431,28.911806
2026-05-14,R003,Kamsarmax,Coking Coal,25.422,27.595,27.100056
2026-05-14,R007,Supramax,Coking Coal,25.437,23.356,24.090853
2026-05-14,R008,Capesize,Coking Coal,40.955,41.925,42.01732
2026-05-14,R001,Capesize,Coking Coal,27.74,28.003,27.79573
2026-05-14,R002,Panamax,Coking Coal,26.237,28.723,26.171211
2026-05-14,R006,Panamax,Coking Coal,26.861,24.961,25.814037
2026-05-15,R001,Capesize,Coking Coal,29.306,28.253,28.150251
2026-05-15,R004,Capesize,Coking Coal,29.999,31.085,29.137218
2026-05-15,R005,Panamax,Thermal Coal,21.511,21.72,21.224104
2026-05-15,R002,Panamax,Coking Coal,30.404,26.979,26.654123
2026-05-15,R008,Capesize,Coking Coal,43.982,42.352,42.426544
2026-05-15,R003,Kamsarmax,Coking Coal,30.624,28.31,27.07946
2026-05-15,R007,Supramax,Coking Coal,23.906,22.362,23.840874
2026-05-15,R006,Panamax,Coking Coal,28.176,25.045,25.606352
2026-05-16,R008,Capesize,Coking Coal,43.062,42.527,42.049778
2026-05-16,R003,Kamsarmax,Coking Coal,31.111,27.723,27.066227
2026-05-16,R002,Panamax,Coking Coal,28.699,29.932,26.151894
2026-05-16,R006,Panamax,Coking Coal,24.827,27.083,25.023338
2026-05-16,R007,Supramax,Coking Coal,24.179,24.5,23.644321
2026-05-16,R005,Panamax,Thermal Coal,22.269,18.843,21.069775
2026-05-16,R004,Capesize,Coking Coal,30.841,29.216,29.269993
2026-05-16,R001,Capesize,Coking Coal,29.788,28.647,28.114117
2026-05-17,R003,Kamsarmax,Coking Coal,25.847,30.78,26.7508
2026-05-17,R005,Panamax,Thermal Coal,22.941,24.54,20.675243
2026-05-17,R006,Panamax,Coking Coal,27.643,27.924,25.62121
2026-05-17,R004,Capesize,Coking Coal,29.279,30.483,28.727982
2026-05-17,R008,Capesize,Coking Coal,40.494,44.743,42.099285
2026-05-17,R002,Panamax,Coking Coal,28.651,26.539,25.905428
2026-05-17,R007,Supramax,Coking Coal,23.845,23.806,23.782848
2026-05-17,R001,Capesize,Coking Coal,29.645,30.412,27.97315
2026-05-18,R005,Panamax,Thermal Coal,18.349,20.501,21.503498
2026-05-18,R004,Capesize,Coking Coal,27.881,28.46,29.194647
2026-05-18,R006,Panamax,Coking Coal,23.972,29.245,25.76195
2026-05-18,R002,Panamax,Coking Coal,26.562,24.248,26.09165
2026-05-18,R008,Capesize,Coking Coal,41.529,40.878,42.66637
2026-05-18,R007,Supramax,Coking Coal,21.337,22.27,23.32096
2026-05-18,R003,Kamsarmax,Coking Coal,25.756,28.968,27.105808
2026-05-18,R001,Capesize,Coking Coal,31.13,28.551,28.18397
2026-05-19,R005,Panamax,Thermal Coal,20.05,21.198,21.231989
2026-05-19,R006,Panamax,Coking Coal,22.5,26.478,25.283627
2026-05-19,R007,Supramax,Coking Coal,23.245,25.206,23.282993
2026-05-19,R001,Capesize,Coking Coal,27.109,29.484,28.19871
2026-05-19,R003,Kamsarmax,Coking Coal,26.297,28.2,26.62743
2026-05-19,R008,Capesize,Coking Coal,41.046,39.913,42.24598
2026-05-19,R004,Capesize,Coking Coal,29.491,29.697,29.32768
2026-05-19,R002,Panamax,Coking Coal,23.604,29.976,26.046667
2026-05-20,R001,Capesize,Coking Coal,30.661,27.636,27.76128
2026-05-20,R003,Kamsarmax,Coking Coal,28.265,27.135,26.672411
2026-05-20,R007,Supramax,Coking Coal,24.845,22.0,22.869373
2026-05-20,R008,Capesize,Coking Coal,45.932,41.423,41.61328
2026-05-20,R004,Capesize,Coking Coal,27.65,28.389,28.888927
2026-05-20,R002,Panamax,Coking Coal,29.192,25.826,26.158157
2026-05-20,R006,Panamax,Coking Coal,26.062,26.411,25.110325
2026-05-20,R005,Panamax,Thermal Coal,19.615,20.684,21.108496
2026-05-21,R008,Capesize,Coking Coal,42.648,42.176,42.668526
2026-05-21,R003,Kamsarmax,Coking Coal,24.848,29.33,26.53002
2026-05-21,R006,Panamax,Coking Coal,24.588,24.405,24.893286
2026-05-21,R002,Panamax,Coking Coal,25.43,26.583,25.675112
2026-05-21,R007,Supramax,Coking Coal,23.7,25.232,23.368177
2026-05-21,R004,Capesize,Coking Coal,28.438,28.781,29.14682
2026-05-21,R001,Capesize,Coking Coal,29.367,28.016,28.328274
2026-05-21,R005,Panamax,Thermal Coal,21.437,20.763,21.193245
2026-05-22,R003,Kamsarmax,Coking Coal,28.814,30.548,26.573997
2026-05-22,R004,Capesize,Coking Coal,28.5,28.785,28.730104
2026-05-22,R002,Panamax,Coking Coal,28.602,24.694,26.168097
2026-05-22,R001,Capesize,Coking Coal,29.538,31.831,28.091461
2026-05-22,R007,Supramax,Coking Coal,22.604,24.931,23.111368
2026-05-22,R008,Capesize,Coking Coal,43.176,43.258,41.896626
2026-05-22,R006,Panamax,Coking Coal,24.323,29.891,25.708632
2026-05-22,R005,Panamax,Thermal Coal,21.026,21.62,20.912539
2026-05-23,R004,Capesize,Coking Coal,30.606,28.136,28.749348
2026-05-23,R005,Panamax,Thermal Coal,20.551,22.131,20.991215
2026-05-23,R006,Panamax,Coking Coal,24.689,25.66,26.045069
2026-05-23,R003,Kamsarmax,Coking Coal,23.878,29.39,27.20184
2026-05-23,R008,Capesize,Coking Coal,43.883,43.747,42.772427
2026-05-23,R002,Panamax,Coking Coal,27.234,25.932,26.426888
2026-05-23,R001,Capesize,Coking Coal,31.272,28.05,28.579996
2026-05-23,R007,Supramax,Coking Coal,23.463,20.243,23.105026
2026-05-24,R004,Capesize,Coking Coal,29.351,30.149,28.562687
2026-05-24,R002,Panamax,Coking Coal,25.844,27.911,25.561
2026-05-24,R003,Kamsarmax,Coking Coal,27.677,26.454,26.85402
2026-05-24,R001,Capesize,Coking Coal,29.779,31.276,28.334621
2026-05-24,R005,Panamax,Thermal Coal,22.762,20.707,20.801847
2026-05-24,R008,Capesize,Coking Coal,43.88,42.959,42.463326
2026-05-24,R006,Panamax,Coking Coal,26.327,28.989,25.305838
2026-05-24,R007,Supramax,Coking Coal,24.655,23.067,23.24397
2026-05-25,R003,Kamsarmax,Coking Coal,25.909,30.428,26.400822
2026-05-25,R008,Capesize,Coking Coal,39.573,41.459,42.79917
2026-05-25,R007,Supramax,Coking Coal,23.432,21.264,23.50905
2026-05-25,R002,Panamax,Coking Coal,23.719,28.494,25.483103
2026-05-25,R004,Capesize,Coking Coal,26.338,27.889,28.932688
2026-05-25,R005,Panamax,Thermal Coal,21.059,18.945,20.828604
2026-05-25,R001,Capesize,Coking Coal,29.968,28.252,28.77402
2026-05-25,R006,Panamax,Coking Coal,26.055,25.665,25.239136
2026-05-26,R002,Panamax,Coking Coal,27.607,26.881,26.264727
2026-05-26,R006,Panamax,Coking Coal,24.909,26.058,25.619734
2026-05-26,R007,Supramax,Coking Coal,25.038,22.1,23.790565
2026-05-26,R004,Capesize,Coking Coal,31.157,25.652,29.013903
2026-05-26,R008,Capesize,Coking Coal,45.077,41.805,42.494503
2026-05-26,R001,Capesize,Coking Coal,30.543,28.427,29.082424
2026-05-26,R003,Kamsarmax,Coking Coal,29.27,27.125,26.828712
2026-05-26,R005,Panamax,Thermal Coal,22.324,21.874,21.80091
2026-05-27,R008,Capesize,Coking Coal,43.428,42.415,42.019905
2026-05-27,R001,Capesize,Coking Coal,29.726,28.489,28.252954
2026-05-27,R004,Capesize,Coking Coal,31.496,29.47,28.059385
2026-05-27,R002,Panamax,Coking Coal,26.296,27.606,25.33023
2026-05-27,R003,Kamsarmax,Coking Coal,27.87,28.835,26.332058
2026-05-27,R006,Panamax,Coking Coal,24.809,23.528,25.434114
2026-05-27,R005,Panamax,Thermal Coal,22.045,22.05,20.933916
2026-05-27,R007,Supramax,Coking Coal,27.39,25.236,23.614046
2026-05-28,R006,Panamax,Coking Coal,24.625,27.241,26.06689
2026-05-28,R004,Capesize,Coking Coal,27.578,28.428,28.753265
2026-05-28,R001,Capesize,Coking Coal,26.766,29.886,28.96749
2026-05-28,R005,Panamax,Thermal Coal,23.395,22.393,21.845758
2026-05-28,R008,Capesize,Coking Coal,42.98,43.589,42.416145
2026-05-28,R003,Kamsarmax,Coking Coal,30.563,27.831,26.99656
2026-05-28,R007,Supramax,Coking Coal,25.504,23.211,23.641003
2026-05-28,R002,Panamax,Coking Coal,27.677,29.203,26.398668
2026-05-29,R002,Panamax,Coking Coal,28.273,25.78,26.364698
2026-05-29,R005,Panamax,Thermal Coal,21.385,19.659,21.136126
2026-05-29,R004,Capesize,Coking Coal,29.81,27.393,28.309502
2026-05-29,R003,Kamsarmax,Coking Coal,24.767,27.503,26.801357
2026-05-29,R006,Panamax,Coking Coal,23.653,25.594,25.65686
2026-05-29,R007,Supramax,Coking Coal,25.77,22.767,23.190945
2026-05-29,R001,Capesize,Coking Coal,30.865,26.791,28.370888
2026-05-29,R008,Capesize,Coking Coal,45.012,41.681,42.517303
2026-05-30,R004,Capesize,Coking Coal,27.934,30.905,28.491676
2026-05-30,R001,Capesize,Coking Coal,28.125,26.701,28.165121
2026-05-30,R003,Kamsarmax,Coking Coal,26.429,26.422,26.56884
2026-05-30,R008,Capesize,Coking Coal,41.446,41.058,42.24651
2026-05-30,R006,Panamax,Coking Coal,25.493,24.988,24.944805
2026-05-30,R007,Supramax,Coking Coal,22.756,22.99,22.989105
2026-05-30,R005,Panamax,Thermal Coal,22.89,23.043,20.738728
2026-05-30,R002,Panamax,Coking Coal,24.695,27.062,26.39699
2026-05-31,R001,Capesize,Coking Coal,30.775,31.013,27.907078
2026-05-31,R008,Capesize,Coking Coal,42.384,43.137,41.986626
2026-05-31,R003,Kamsarmax,Coking Coal,25.02,30.203,26.311317
2026-05-31,R002,Panamax,Coking Coal,25.246,28.1,26.113894
2026-05-31,R004,Capesize,Coking Coal,28.419,28.24,28.309843
2026-05-31,R007,Supramax,Coking Coal,25.205,25.07,23.451769
2026-05-31,R006,Panamax,Coking Coal,24.839,26.511,25.227644
2026-05-31,R005,Panamax,Thermal Coal,22.386,20.681,21.296625
2026-06-01,R001,Capesize,Coking Coal,28.099,29.023,27.471762
2026-06-01,R002,Panamax,Coking Coal,26.376,26.751,25.073086
2026-06-01,R004,Capesize,Coking Coal,28.512,27.27,27.302584
2026-06-01,R003,Kamsarmax,Coking Coal,26.48,28.319,25.465372
2026-06-01,R006,Panamax,Coking Coal,25.819,24.199,23.941996
2026-06-01,R008,Capesize,Coking Coal,40.611,44.122,41.629364
2026-06-01,R007,Supramax,Coking Coal,23.931,23.083,22.616282
2026-06-01,R005,Panamax,Thermal Coal,20.421,21.051,19.307703
2026-06-02,R005,Panamax,Thermal Coal,20.398,21.615,19.584452
2026-06-02,R006,Panamax,Coking Coal,25.684,26.586,24.426117
2026-06-02,R003,Kamsarmax,Coking Coal,25.274,28.521,25.019361
2026-06-02,R002,Panamax,Coking Coal,25.011,26.659,24.601536
2026-06-02,R004,Capesize,Coking Coal,28.157,29.041,27.32073
2026-06-02,R007,Supramax,Coking Coal,23.299,23.526,22.9712
2026-06-02,R008,Capesize,Coking Coal,43.371,44.657,41.080414
2026-06-02,R001,Capesize,Coking Coal,28.797,27.017,27.291231
2026-06-03,R002,Panamax,Coking Coal,29.047,27.712,25.333044
2026-06-03,R003,Kamsarmax,Coking Coal,27.284,28.821,25.537497
2026-06-03,R005,Panamax,Thermal Coal,22.718,21.027,19.915936
2026-06-03,R004,Capesize,Coking Coal,28.384,30.662,27.537224
2026-06-03,R007,Supramax,Coking Coal,24.499,24.895,23.292181
2026-06-03,R001,Capesize,Coking Coal,30.922,28.731,27.174644
2026-06-03,R006,Panamax,Coking Coal,26.938,24.498,24.862545
2026-06-03,R008,Capesize,Coking Coal,43.541,43.358,40.527523
2026-06-04,R007,Supramax,Coking Coal,24.819,22.226,22.869007
2026-06-04,R001,Capesize,Coking Coal,27.146,27.313,27.2923
2026-06-04,R005,Panamax,Thermal Coal,19.844,19.959,20.169123
2026-06-04,R008,Capesize,Coking Coal,42.386,44.488,41.222588
2026-06-04,R006,Panamax,Coking Coal,24.487,25.882,24.560644
2026-06-04,R003,Kamsarmax,Coking Coal,21.911,29.156,25.00225
2026-06-04,R002,Panamax,Coking Coal,26.227,27.499,24.585926
2026-06-04,R004,Capesize,Coking Coal,26.709,29.63,28.132162
2026-06-05,R008,Capesize,Coking Coal,41.064,44.053,41.52904
2026-06-05,R004,Capesize,Coking Coal,30.302,28.117,27.606089
2026-06-05,R006,Panamax,Coking Coal,25.856,25.046,24.211176
2026-06-05,R005,Panamax,Thermal Coal,20.428,20.694,19.509212
2026-06-05,R007,Supramax,Coking Coal,27.286,21.153,23.27821
2026-06-05,R001,Capesize,Coking Coal,29.732,28.454,27.033367
2026-06-05,R002,Panamax,Coking Coal,27.593,27.848,25.044186
2026-06-05,R003,Kamsarmax,Coking Coal,25.493,30.512,25.025227
2026-06-06,R005,Panamax,Thermal Coal,20.192,22.992,19.87463
2026-06-06,R001,Capesize,Coking Coal,27.979,29.713,27.210419
2026-06-06,R003,Kamsarmax,Coking Coal,26.714,29.222,25.417177
2026-06-06,R004,Capesize,Coking Coal,30.371,30.531,27.616732
2026-06-06,R006,Panamax,Coking Coal,25.827,28.43,24.378838
2026-06-06,R002,Panamax,Coking Coal,26.678,28.325,24.778193
2026-06-06,R007,Supramax,Coking Coal,25.818,23.035,22.844004
2026-06-06,R008,Capesize,Coking Coal,41.98,42.684,41.37699
2026-06-07,R006,Panamax,Coking Coal,25.924,26.201,24.055967
2026-06-07,R005,Panamax,Thermal Coal,21.633,25.483,19.852516
2026-06-07,R003,Kamsarmax,Coking Coal,25.232,26.938,25.470526
2026-06-07,R002,Panamax,Coking Coal,24.775,26.291,24.392855
2026-06-07,R007,Supramax,Coking Coal,23.558,23.688,22.714663
2026-06-07,R008,Capesize,Coking Coal,40.411,45.363,40.846104
2026-06-07,R001,Capesize,Coking Coal,27.194,29.79,27.027927
2026-06-07,R004,Capesize,Coking Coal,28.492,30.529,27.487965
2026-06-08,R004,Capesize,Coking Coal,27.266,30.104,27.528158
2026-06-08,R007,Supramax,Coking Coal,24.292,24.723,22.689817
2026-06-08,R002,Panamax,Coking Coal,24.426,26.759,24.341566
2026-06-08,R008,Capesize,Coking Coal,44.177,41.204,40.88291
2026-06-08,R003,Kamsarmax,Coking Coal,27.707,27.333,24.997927
2026-06-08,R006,Panamax,Coking Coal,24.802,24.677,24.015526
2026-06-08,R005,Panamax,Thermal Coal,21.235,22.648,20.67328
2026-06-08,R001,Capesize,Coking Coal,30.514,30.831,26.996193
2026-06-09,R002,Panamax,Coking Coal,26.184,26.815,24.290773
2026-06-09,R007,Supramax,Coking Coal,24.712,24.417,22.336042
2026-06-09,R004,Capesize,Coking Coal,30.742,27.648,27.377762
2026-06-09,R006,Panamax,Coking Coal,26.336,24.295,23.78496
2026-06-09,R005,Panamax,Thermal Coal,21.089,19.858,19.618265
2026-06-09,R008,Capesize,Coking Coal,42.836,44.029,40.462
2026-06-09,R003,Kamsarmax,Coking Coal,25.504,27.644,24.466665
2026-06-09,R001,Capesize,Coking Coal,28.672,30.713,26.940979
2026-06-10,R007,Supramax,Coking Coal,22.726,22.344,22.576195
2026-06-10,R004,Capesize,Coking Coal,27.883,26.947,27.639248
2026-06-10,R008,Capesize,Coking Coal,41.305,41.156,41.24392
2026-06-10,R006,Panamax,Coking Coal,22.935,26.267,24.131956
2026-06-10,R002,Panamax,Coking Coal,24.726,29.033,24.438532
2026-06-10,R005,Panamax,Thermal Coal,19.42,19.413,19.71856
2026-06-10,R003,Kamsarmax,Coking Coal,23.404,26.859,24.793116
2026-06-10,R001,Capesize,Coking Coal,27.169,30.541,27.091541
2026-06-11,R005,Panamax,Thermal Coal,20.824,19.898,19.807241
2026-06-11,R007,Supramax,Coking Coal,23.94,22.659,22.766676
2026-06-11,R002,Panamax,Coking Coal,28.696,28.215,25.01332
2026-06-11,R001,Capesize,Coking Coal,29.77,28.222,27.204765
2026-06-11,R003,Kamsarmax,Coking Coal,26.482,27.085,25.177887
2026-06-11,R006,Panamax,Coking Coal,27.526,25.005,24.525503
2026-06-11,R008,Capesize,Coking Coal,42.123,41.983,40.724953
2026-06-11,R004,Capesize,Coking Coal,29.414,29.729,27.216465
2026-06-12,R008,Capesize,Coking Coal,40.966,42.205,41.004578
2026-06-12,R006,Panamax,Coking Coal,26.202,28.282,24.382427
2026-06-12,R007,Supramax,Coking Coal,22.81,23.785,22.51955
2026-06-12,R001,Capesize,Coking Coal,27.174,30.867,26.805809
2026-06-12,R002,Panamax,Coking Coal,25.534,31.628,25.340694
2026-06-12,R004,Capesize,Coking Coal,27.03,29.325,27.452507
2026-06-12,R005,Panamax,Thermal Coal,19.414,21.038,19.836529
2026-06-12,R003,Kamsarmax,Coking Coal,23.678,27.411,25.10525
2026-06-13,R005,Panamax,Thermal Coal,20.309,22.079,20.059803
2026-06-13,R008,Capesize,Coking Coal,41.978,40.955,41.13809
2026-06-13,R001,Capesize,Coking Coal,27.5,27.74,27.310957
2026-06-13,R002,Panamax,Coking Coal,23.608,26.237,25.337133
2026-06-13,R004,Capesize,Coking Coal,27.51,26.26,28.05971
2026-06-13,R006,Panamax,Coking Coal,23.787,26.861,24.87727
2026-06-13,R003,Kamsarmax,Coking Coal,25.075,25.422,25.284376
2026-06-13,R007,Supramax,Coking Coal,24.058,25.437,22.529457
2026-06-14,R003,Kamsarmax,Coking Coal,27.109,30.624,24.882284
2026-06-14,R007,Supramax,Coking Coal,24.429,23.906,22.437212
2026-06-14,R002,Panamax,Coking Coal,24.542,30.404,24.87958
2026-06-14,R001,Capesize,Coking Coal,29.608,29.306,27.447174
2026-06-14,R004,Capesize,Coking Coal,28.507,29.999,27.480024
2026-06-14,R008,Capesize,Coking Coal,44.718,43.982,41.48425
2026-06-14,R005,Panamax,Thermal Coal,19.983,21.511,20.005774
2026-06-14,R006,Panamax,Coking Coal,28.47,28.176,24.165028
2026-06-15,R003,Kamsarmax,Coking Coal,25.483,31.111,25.32665
2026-06-15,R008,Capesize,Coking Coal,41.945,43.062,41.15115
2026-06-15,R001,Capesize,Coking Coal,29.737,29.788,26.986597
2026-06-15,R002,Panamax,Coking Coal,26.38,28.699,25.187157
2026-06-15,R005,Panamax,Thermal Coal,19.105,22.269,20.060127
2026-06-15,R006,Panamax,Coking Coal,25.206,24.827,24.663977
2026-06-15,R007,Supramax,Coking Coal,24.95,24.179,22.681849
2026-06-15,R004,Capesize,Coking Coal,25.652,30.841,27.825447
2026-06-16,R007,Supramax,Coking Coal,27.562,23.845,22.711283
2026-06-16,R006,Panamax,Coking Coal,25.64,27.643,23.79589
2026-06-16,R001,Capesize,Coking Coal,27.954,29.645,27.110945
2026-06-16,R002,Panamax,Coking Coal,25.494,28.651,25.163431
2026-06-16,R003,Kamsarmax,Coking Coal,27.267,25.847,25.312195
2026-06-16,R005,Panamax,Thermal Coal,21.242,22.941,19.753983
2026-06-16,R004,Capesize,Coking Coal,28.343,29.279,27.661957
2026-06-16,R008,Capesize,Coking Coal,42.665,40.494,41.01024
2026-06-17,R003,Kamsarmax,Coking Coal,27.158,25.756,25.212532
2026-06-17,R004,Capesize,Coking Coal,28.776,27.881,27.18184
2026-06-17,R001,Capesize,Coking Coal,27.53,31.13,26.456581
2026-06-17,R006,Panamax,Coking Coal,25.543,23.972,23.610218
2026-06-17,R007,Supramax,Coking Coal,26.148,21.337,22.138077
2026-06-17,R002,Panamax,Coking Coal,24.664,26.562,24.887066
2026-06-17,R005,Panamax,Thermal Coal,19.381,18.349,18.949924
2026-06-17,R008,Capesize,Coking Coal,41.917,41.529,41.388535
2026-06-18,R008,Capesize,Coking Coal,42.954,41.046,41.353992
2026-06-18,R004,Capesize,Coking Coal,28.351,29.491,27.18611
2026-06-18,R001,Capesize,Coking Coal,30.389,27.109,26.755539
2026-06-18,R006,Panamax,Coking Coal,26.585,22.5,24.606058
2026-06-18,R003,Kamsarmax,Coking Coal,25.098,26.297,25.432991
2026-06-18,R002,Panamax,Coking Coal,24.443,23.604,25.087057
2026-06-18,R005,Panamax,Thermal Coal,20.446,20.05,19.290047
2026-06-18,R007,Supramax,Coking Coal,23.71,23.245,22.242682
2026-06-19,R002,Panamax,Coking Coal,24.617,29.192,25.177153
2026-06-19,R001,Capesize,Coking Coal,27.305,30.661,26.824318
2026-06-19,R006,Panamax,Coking Coal,24.294,26.062,24.526627
2026-06-19,R004,Capesize,Coking Coal,29.339,27.65,27.532557
2026-06-19,R008,Capesize,Coking Coal,41.691,45.932,40.70073
2026-06-19,R003,Kamsarmax,Coking Coal,27.884,28.265,25.259794
2026-06-19,R005,Panamax,Thermal Coal,18.687,19.615,19.580853
2026-06-19,R007,Supramax,Coking Coal,22.131,24.845,22.756807
2026-06-20,R003,Kamsarmax,Coking Coal,25.554,24.848,25.289
2026-06-20,R007,Supramax,Coking Coal,23.171,23.7,22.229113
2026-06-20,R006,Panamax,Coking Coal,26.311,24.588,24.076199
2026-06-20,R001,Capesize,Coking Coal,28.387,29.367,26.972235
2026-06-20,R005,Panamax,Thermal Coal,17.7,21.437,19.105955
2026-06-20,R008,Capesize,Coking Coal,40.424,42.648,40.923088
2026-06-20,R002,Panamax,Coking Coal,24.686,25.43,24.869595
2026-06-20,R004,Capesize,Coking Coal,28.231,28.438,27.52851
2026-06-21,R001,Capesize,Coking Coal,28.019,29.538,26.80397
2026-06-21,R005,Panamax,Thermal Coal,19.006,21.026,19.699587
2026-06-21,R008,Capesize,Coking Coal,40.904,43.176,40.759872
2026-06-21,R007,Supramax,Coking Coal,24.776,22.604,22.52168
2026-06-21,R002,Panamax,Coking Coal,25.983,28.602,24.891653
2026-06-21,R006,Panamax,Coking Coal,21.245,24.323,23.965883
2026-06-21,R004,Capesize,Coking Coal,26.947,28.5,27.387194
2026-06-21,R003,Kamsarmax,Coking Coal,26.413,28.814,25.626823
2026-06-22,R002,Panamax,Coking Coal,24.74,27.234,25.049778
2026-06-22,R004,Capesize,Coking Coal,28.058,30.606,27.499918
2026-06-22,R006,Panamax,Coking Coal,24.504,24.689,24.486206
2026-06-22,R001,Capesize,Coking Coal,31.446,31.272,26.64785
2026-06-22,R007,Supramax,Coking Coal,22.782,23.463,22.734608
2026-06-22,R003,Kamsarmax,Coking Coal,24.959,23.878,25.059862
2026-06-22,R005,Panamax,Thermal Coal,20.017,20.551,19.878809
2026-06-22,R008,Capesize,Coking Coal,44.16,43.883,41.17173
2026-06-23,R002,Panamax,Coking Coal,25.865,25.844,24.298285
2026-06-23,R001,Capesize,Coking Coal,28.431,29.779,26.981716
2026-06-23,R006,Panamax,Coking Coal,25.13,26.327,23.794115
2026-06-23,R003,Kamsarmax,Coking Coal,27.15,27.677,24.863882
2026-06-23,R005,Panamax,Thermal Coal,20.812,22.762,19.144579
2026-06-23,R008,Capesize,Coking Coal,44.758,43.88,40.819534
2026-06-23,R004,Capesize,Coking Coal,28.93,29.351,27.626448
2026-06-23,R007,Supramax,Coking Coal,23.14,24.655,22.541725
2026-06-24,R002,Panamax,Coking Coal,24.467,23.719,24.838936
2026-06-24,R001,Capesize,Coking Coal,28.689,29.968,26.313446
2026-06-24,R003,Kamsarmax,Coking Coal,24.62,25.909,25.369133
2026-06-24,R004,Capesize,Coking Coal,30.955,26.338,27.248632
2026-06-24,R007,Supramax,Coking Coal,23.752,23.432,22.59967
2026-06-24,R008,Capesize,Coking Coal,43.36,39.573,40.825607
2026-06-24,R005,Panamax,Thermal Coal,21.152,21.059,19.295029
2026-06-24,R006,Panamax,Coking Coal,27.911,26.055,24.717798
2026-06-25,R002,Panamax,Coking Coal,27.126,27.607,24.286577
2026-06-25,R003,Kamsarmax,Coking Coal,28.479,29.27,25.221836
2026-06-25,R008,Capesize,Coking Coal,43.835,45.077,39.87444
2026-06-25,R007,Supramax,Coking Coal,23.754,25.038,22.674276
2026-06-25,R001,Capesize,Coking Coal,27.294,30.543,27.404488
2026-06-25,R005,Panamax,Thermal Coal,20.245,22.324,19.273262
2026-06-25,R006,Panamax,Coking Coal,24.163,24.909,24.11425
2026-06-25,R004,Capesize,Coking Coal,27.56,31.157,27.626226
2026-06-26,R005,Panamax,Thermal Coal,18.19,22.045,19.863537
2026-06-26,R008,Capesize,Coking Coal,39.377,43.428,40.90199
2026-06-26,R004,Capesize,Coking Coal,26.342,31.496,27.531387
2026-06-26,R002,Panamax,Coking Coal,25.226,26.296,24.458483
2026-06-26,R003,Kamsarmax,Coking Coal,24.928,27.87,24.963974
2026-06-26,R006,Panamax,Coking Coal,23.326,24.809,24.361145
2026-06-26,R001,Capesize,Coking Coal,24.093,29.726,27.448166
2026-06-26,R007,Supramax,Coking Coal,22.358,27.39,22.83589
2026-06-27,R005,Panamax,Thermal Coal,22.266,23.395,19.913836
2026-06-27,R006,Panamax,Coking Coal,25.321,24.625,24.961765
2026-06-27,R001,Capesize,Coking Coal,27.447,26.766,27.083248
2026-06-27,R007,Supramax,Coking Coal,24.845,25.504,23.057177
2026-06-27,R002,Panamax,Coking Coal,24.341,27.677,24.971554
2026-06-27,R003,Kamsarmax,Coking Coal,25.274,30.563,25.365868
2026-06-27,R004,Capesize,Coking Coal,28.784,27.578,27.630032
2026-06-27,R008,Capesize,Coking Coal,39.704,42.98,40.185917
2026-06-28,R003,Kamsarmax,Coking Coal,27.535,24.767,25.761515
2026-06-28,R002,Panamax,Coking Coal,24.985,28.273,24.58668
2026-06-28,R006,Panamax,Coking Coal,25.567,23.653,24.358084
2026-06-28,R008,Capesize,Coking Coal,42.762,45.012,40.699184
2026-06-28,R007,Supramax,Coking Coal,25.117,25.77,22.309734
2026-06-28,R004,Capesize,Coking Coal,28.017,29.81,27.54389
2026-06-28,R005,Panamax,Thermal Coal,20.05,21.385,19.46329
2026-06-28,R001,Capesize,Coking Coal,28.139,30.865,26.64975
2026-06-29,R001,Capesize,Coking Coal,30.401,28.125,26.848524
2026-06-29,R003,Kamsarmax,Coking Coal,25.183,26.429,25.209087
2026-06-29,R002,Panamax,Coking Coal,25.064,24.695,24.7555
2026-06-29,R007,Supramax,Coking Coal,23.502,22.756,22.276005
2026-06-29,R005,Panamax,Thermal Coal,20.737,22.89,19.256626
2026-06-29,R008,Capesize,Coking Coal,41.538,41.446,40.864452
2026-06-29,R004,Capesize,Coking Coal,29.251,27.934,27.060097
2026-06-29,R006,Panamax,Coking Coal,26.604,25.493,24.425747
2026-06-30,R007,Supramax,Coking Coal,24.072,25.205,22.35714
2026-06-30,R002,Panamax,Coking Coal,24.02,25.246,24.421877
2026-06-30,R006,Panamax,Coking Coal,24.453,24.839,24.327164
2026-06-30,R005,Panamax,Thermal Coal,20.132,22.386,19.874472
2026-06-30,R003,Kamsarmax,Coking Coal,24.374,25.02,25.55358
2026-06-30,R004,Capesize,Coking Coal,28.442,28.419,27.224022
2026-06-30,R001,Capesize,Coking Coal,26.194,30.775,27.170578
2026-06-30,R008,Capesize,Coking Coal,41.354,42.384,41.0293
2026-07-01,R004,Capesize,Coking Coal,30.334,28.512,27.277527
2026-07-01,R008,Capesize,Coking Coal,41.982,40.611,40.84279
2026-07-01,R002,Panamax,Coking Coal,26.975,26.376,24.833385
2026-07-01,R005,Panamax,Thermal Coal,22.599,20.421,19.693624
2026-07-01,R007,Supramax,Coking Coal,22.087,23.931,22.524742
2026-07-01,R001,Capesize,Coking Coal,27.587,28.099,26.869772
2026-07-01,R003,Kamsarmax,Coking Coal,23.113,26.48,24.911762
2026-07-01,R006,Panamax,Coking Coal,25.71,25.819,24.440022
2026-07-02,R007,Supramax,Coking Coal,26.338,23.299,22.53319
2026-07-02,R004,Capesize,Coking Coal,29.274,28.157,27.075647
2026-07-02,R002,Panamax,Coking Coal,25.535,25.011,24.886988
2026-07-02,R005,Panamax,Thermal Coal,21.695,20.398,19.962215
2026-07-02,R003,Kamsarmax,Coking Coal,22.833,25.274,25.160254
2026-07-02,R008,Capesize,Coking Coal,41.935,43.371,40.074997
2026-07-02,R006,Panamax,Coking Coal,26.141,25.684,24.56628
2026-07-02,R001,Capesize,Coking Coal,25.227,28.797,27.032873
2026-07-03,R005,Panamax,Thermal Coal,19.861,22.718,20.029377
2026-07-03,R006,Panamax,Coking Coal,24.011,26.938,24.566507
2026-07-03,R001,Capesize,Coking Coal,28.116,30.922,26.638521
2026-07-03,R007,Supramax,Coking Coal,23.604,24.499,22.320808
2026-07-03,R002,Panamax,Coking Coal,25.828,29.047,24.65869
2026-07-03,R004,Capesize,Coking Coal,29.106,28.384,27.422716
2026-07-03,R008,Capesize,Coking Coal,41.483,43.541,40.464645
2026-07-03,R003,Kamsarmax,Coking Coal,25.651,27.284,24.98861
2026-07-04,R002,Panamax,Coking Coal,25.866,26.227,24.887075
2026-07-04,R007,Supramax,Coking Coal,24.089,24.819,22.493462
2026-07-04,R008,Capesize,Coking Coal,41.76,42.386,40.47512
2026-07-04,R003,Kamsarmax,Coking Coal,27.8,21.911,25.184507
2026-07-04,R006,Panamax,Coking Coal,24.609,24.487,24.539509
2026-07-04,R004,Capesize,Coking Coal,28.774,26.709,27.28842
2026-07-04,R001,Capesize,Coking Coal,30.377,27.146,26.803844
2026-07-04,R005,Panamax,Thermal Coal,21.867,19.844,19.64125
2026-07-05,R005,Panamax,Thermal Coal,19.869,20.428,19.350475
2026-07-05,R002,Panamax,Coking Coal,26.665,27.593,24.15124
2026-07-05,R007,Supramax,Coking Coal,25.376,27.286,22.530233
2026-07-05,R001,Capesize,Coking Coal,28.524,29.732,26.469584
2026-07-05,R008,Capesize,Coking Coal,43.754,41.064,39.683056
2026-07-05,R004,Capesize,Coking Coal,28.567,30.302,27.317667
2026-07-05,R006,Panamax,Coking Coal,26.214,25.856,24.497093
2026-07-05,R003,Kamsarmax,Coking Coal,26.137,25.493,25.346502
2026-07-06,R002,Panamax,Coking Coal,26.281,26.678,24.541187
2026-07-06,R004,Capesize,Coking Coal,27.898,30.371,27.135286
2026-07-06,R007,Supramax,Coking Coal,23.542,25.818,22.498787
2026-07-06,R001,Capesize,Coking Coal,28.986,27.979,26.531029
2026-07-06,R006,Panamax,Coking Coal,28.522,25.827,24.092527
2026-07-06,R005,Panamax,Thermal Coal,19.631,20.192,19.639538
2026-07-06,R008,Capesize,Coking Coal,39.096,41.98,39.870743
2026-07-06,R003,Kamsarmax,Coking Coal,25.051,26.714,25.279327
2026-07-07,R002,Panamax,Coking Coal,29.894,24.775,24.35103
2026-07-07,R006,Panamax,Coking Coal,25.494,25.924,24.055408
2026-07-07,R007,Supramax,Coking Coal,23.459,23.558,22.719587
2026-07-07,R008,Capesize,Coking Coal,41.302,40.411,39.8017
2026-07-07,R004,Capesize,Coking Coal,28.222,28.492,27.540815
2026-07-07,R003,Kamsarmax,Coking Coal,28.643,25.232,25.013863
2026-07-07,R005,Panamax,Thermal Coal,19.869,21.633,19.492203
2026-07-07,R001,Capesize,Coking Coal,27.436,27.194,26.350782
2026-07-08,R004,Capesize,Coking Coal,30.004,27.266,27.696465
2026-07-08,R006,Panamax,Coking Coal,25.42,24.802,24.159124
2026-07-08,R003,Kamsarmax,Coking Coal,26.216,27.707,25.30782
2026-07-08,R001,Capesize,Coking Coal,26.933,30.514,26.76161
2026-07-08,R002,Panamax,Coking Coal,24.759,24.426,24.530537
2026-07-08,R005,Panamax,Thermal Coal,19.293,21.235,19.507368
2026-07-08,R007,Supramax,Coking Coal,22.583,24.292,22.667223
2026-07-08,R008,Capesize,Coking Coal,39.963,44.177,40.747097
2026-07-09,R003,Kamsarmax,Coking Coal,27.071,25.504,25.258852
2026-07-09,R008,Capesize,Coking Coal,42.324,42.836,40.908356
2026-07-09,R005,Panamax,Thermal Coal,20.013,21.089,19.944195
2026-07-09,R001,Capesize,Coking Coal,25.703,28.672,26.79244
2026-07-09,R007,Supramax,Coking Coal,25.031,24.712,22.499817
2026-07-09,R006,Panamax,Coking Coal,24.922,26.336,23.734638
2026-07-09,R002,Panamax,Coking Coal,27.138,26.184,24.18108
2026-07-09,R004,Capesize,Coking Coal,27.826,30.742,26.882704
2026-07-10,R008,Capesize,Coking Coal,41.078,41.305,41.0712
2026-07-10,R006,Panamax,Coking Coal,25.797,22.935,24.553686
2026-07-10,R005,Panamax,Thermal Coal,18.945,19.42,20.149437
2026-07-10,R007,Supramax,Coking Coal,24.77,22.726,22.856144
2026-07-10,R002,Panamax,Coking Coal,25.234,24.726,24.722143
2026-07-10,R004,Capesize,Coking Coal,28.406,27.883,27.28613
2026-07-10,R001,Capesize,Coking Coal,26.189,27.169,26.62855
2026-07-10,R003,Kamsarmax,Coking Coal,25.352,23.404,25.370768
2026-07-11,R003,Kamsarmax,Coking Coal,24.957,26.482,25.223906
2026-07-11,R005,Panamax,Thermal Coal,21.613,20.824,19.379808
2026-07-11,R006,Panamax,Coking Coal,24.621,27.526,24.1257
2026-07-11,R007,Supramax,Coking Coal,21.319,23.94,22.441498
2026-07-11,R004,Capesize,Coking Coal,29.006,29.414,27.363663
2026-07-11,R001,Capesize,Coking Coal,25.329,29.77,26.864758
2026-07-11,R002,Panamax,Coking Coal,27.182,28.696,24.289938
2026-07-11,R008,Capesize,Coking Coal,41.906,42.123,40.113205
2026-07-12,R005,Panamax,Thermal Coal,19.58,19.414,19.458769
2026-07-12,R006,Panamax,Coking Coal,23.874,26.202,24.309996
2026-07-12,R003,Kamsarmax,Coking Coal,27.139,23.678,25.459478
2026-07-12,R001,Capesize,Coking Coal,26.725,27.174,26.596786
2026-07-12,R007,Supramax,Coking Coal,23.262,22.81,22.32164
2026-07-12,R004,Capesize,Coking Coal,28.18,27.03,27.159964
2026-07-12,R002,Panamax,Coking Coal,25.515,25.534,24.485374
2026-07-12,R008,Capesize,Coking Coal,42.218,40.966,40.40751
2026-07-13,R008,Capesize,Coking Coal,42.854,41.978,40.33553
2026-07-13,R007,Supramax,Coking Coal,23.032,24.058,21.906801
2026-07-13,R002,Panamax,Coking Coal,24.567,23.608,24.674047
2026-07-13,R001,Capesize,Coking Coal,25.921,27.5,26.530676
2026-07-13,R003,Kamsarmax,Coking Coal,27.354,25.075,25.417854
2026-07-13,R006,Panamax,Coking Coal,26.638,23.787,24.293926
2026-07-13,R005,Panamax,Thermal Coal,22.651,20.309,19.55657
2026-07-13,R004,Capesize,Coking Coal,29.401,27.51,26.864609
2026-07-14,R004,Capesize,Coking Coal,30.095,28.507,27.567621
2026-07-14,R003,Kamsarmax,Coking Coal,29.358,27.109,25.221048
2026-07-14,R007,Supramax,Coking Coal,25.279,24.429,22.743683
2026-07-14,R001,Capesize,Coking Coal,28.604,29.608,26.939814
2026-07-14,R002,Panamax,Coking Coal,27.18,24.542,24.566612
2026-07-14,R005,Panamax,Thermal Coal,22.014,19.983,19.357164
2026-07-14,R006,Panamax,Coking Coal,28.206,28.47,23.784615
2026-07-14,R008,Capesize,Coking Coal,43.281,44.718,40.170715
2026-07-15,R008,Capesize,Coking Coal,42.936,41.945,40.424503
2026-07-15,R003,Kamsarmax,Coking Coal,29.106,25.483,25.639332
2026-07-15,R002,Panamax,Coking Coal,26.598,26.38,25.101091
2026-07-15,R007,Supramax,Coking Coal,24.118,24.95,22.664457
2026-07-15,R005,Panamax,Thermal Coal,20.447,19.105,19.732708
2026-07-15,R006,Panamax,Coking Coal,28.043,25.206,24.753702
2026-07-15,R004,Capesize,Coking Coal,27.669,25.652,27.71464
2026-07-15,R001,Capesize,Coking Coal,27.289,29.737,26.982492
2026-07-16,R003,Kamsarmax,Coking Coal,26.194,27.267,26.007124
2026-07-16,R007,Supramax,Coking Coal,22.444,27.562,22.698978
2026-07-16,R004,Capesize,Coking Coal,28.365,28.343,27.25934
2026-07-16,R001,Capesize,Coking Coal,27.514,27.954,26.668911
2026-07-16,R006,Panamax,Coking Coal,26.127,25.64,24.664312
2026-07-16,R002,Panamax,Coking Coal,24.066,25.494,25.115723
2026-07-16,R005,Panamax,Thermal Coal,20.346,21.242,19.635773
2026-07-16,R008,Capesize,Coking Coal,38.659,42.665,39.924873
2026-07-17,R006,Panamax,Coking Coal,28.754,25.543,24.36463
2026-07-17,R002,Panamax,Coking Coal,25.09,24.664,24.794794
2026-07-17,R004,Capesize,Coking Coal,27.867,28.776,27.788197
2026-07-17,R003,Kamsarmax,Coking Coal,28.466,27.158,25.489311
2026-07-17,R005,Panamax,Thermal Coal,21.721,19.381,19.59099
2026-07-17,R008,Capesize,Coking Coal,42.272,41.917,40.52666
2026-07-17,R001,Capesize,Coking Coal,26.154,27.53,26.861063
2026-07-17,R007,Supramax,Coking Coal,23.223,26.148,22.687862
2026-07-18,R003,Kamsarmax,Coking Coal,27.51,25.098,25.420893
2026-07-18,R008,Capesize,Coking Coal,43.178,42.954,41.303684
2026-07-18,R006,Panamax,Coking Coal,26.881,26.585,24.442371
2026-07-18,R002,Panamax,Coking Coal,27.252,24.443,24.734528
2026-07-18,R005,Panamax,Thermal Coal,23.442,20.446,19.536509
2026-07-18,R004,Capesize,Coking Coal,26.398,28.351,27.316196
2026-07-18,R007,Supramax,Coking Coal,21.622,23.71,22.681509
2026-07-18,R001,Capesize,Coking Coal,26.109,30.389,26.736017
2026-07-19,R006,Panamax,Coking Coal,24.624,24.294,24.544725
2026-07-19,R007,Supramax,Coking Coal,24.148,22.131,22.523684
2026-07-19,R005,Panamax,Thermal Coal,19.752,18.687,19.872541
2026-07-19,R003,Kamsarmax,Coking Coal,29.553,27.884,25.878267
2026-07-19,R004,Capesize,Coking Coal,31.932,29.339,27.323153
2026-07-19,R001,Capesize,Coking Coal,27.32,27.305,27.420523
2026-07-19,R002,Panamax,Coking Coal,25.467,24.617,25.053465
2026-07-19,R008,Capesize,Coking Coal,44.7,41.691,41.216488
2026-07-20,R001,Capesize,Coking Coal,27.497,28.387,26.67056
2026-07-20,R007,Supramax,Coking Coal,23.071,23.171,22.579285
2026-07-20,R004,Capesize,Coking Coal,27.968,28.231,27.06112
2026-07-20,R005,Panamax,Thermal Coal,21.421,17.7,19.470572
2026-07-20,R008,Capesize,Coking Coal,42.315,40.424,40.375095
2026-07-20,R002,Panamax,Coking Coal,27.276,24.686,24.917875
2026-07-20,R003,Kamsarmax,Coking Coal,27.004,25.554,25.727276
2026-07-20,R006,Panamax,Coking Coal,27.252,26.311,24.453514
2026-07-21,R007,Supramax,Coking Coal,23.573,24.776,22.556952
2026-07-21,R005,Panamax,Thermal Coal,21.706,19.006,20.131762
2026-07-21,R003,Kamsarmax,Coking Coal,26.908,26.413,25.452904
2026-07-21,R006,Panamax,Coking Coal,26.67,21.245,24.428303
2026-07-21,R001,Capesize,Coking Coal,27.39,28.019,26.575357
2026-07-21,R002,Panamax,Coking Coal,26.193,25.983,24.687103
2026-07-21,R004,Capesize,Coking Coal,30.62,26.947,27.177855
2026-07-21,R008,Capesize,Coking Coal,44.517,40.904,40.62287
2026-07-22,R007,Supramax,Coking Coal,20.054,22.782,22.710594
2026-07-22,R003,Kamsarmax,Coking Coal,26.479,24.959,25.554955
2026-07-22,R006,Panamax,Coking Coal,22.314,24.504,24.619797
2026-07-22,R008,Capesize,Coking Coal,43.02,44.16,40.45204
2026-07-22,R002,Panamax,Coking Coal,24.172,24.74,25.173183
2026-07-22,R001,Capesize,Coking Coal,26.67,31.446,26.575575
2026-07-22,R005,Panamax,Thermal Coal,21.403,20.017,19.67474
2026-07-22,R004,Capesize,Coking Coal,28.254,28.058,27.443699
2026-07-23,R008,Capesize,Coking Coal,44.068,44.758,40.660286
2026-07-23,R006,Panamax,Coking Coal,26.028,25.13,24.34258
2026-07-23,R002,Panamax,Coking Coal,24.357,25.865,24.962063
2026-07-23,R003,Kamsarmax,Coking Coal,26.863,27.15,25.455597
2026-07-23,R001,Capesize,Coking Coal,28.062,28.431,27.303446
2026-07-23,R005,Panamax,Thermal Coal,21.521,20.812,19.925772
2026-07-23,R007,Supramax,Coking Coal,23.589,23.14,22.427166
2026-07-23,R004,Capesize,Coking Coal,28.332,28.93,27.554857
2026-07-24,R008,Capesize,Coking Coal,44.057,43.36,40.666092
2026-07-24,R006,Panamax,Coking Coal,26.055,27.911,24.61711
2026-07-24,R005,Panamax,Thermal Coal,23.71,21.152,19.823914
2026-07-24,R003,Kamsarmax,Coking Coal,26.088,24.62,25.94103
2026-07-24,R002,Panamax,Coking Coal,30.775,24.467,25.117094
2026-07-24,R007,Supramax,Coking Coal,23.707,23.752,22.556732
2026-07-24,R004,Capesize,Coking Coal,29.769,30.955,27.61374
2026-07-24,R001,Capesize,Coking Coal,25.914,28.689,27.006264
2026-07-25,R007,Supramax,Coking Coal,25.12,23.754,22.936876
2026-07-25,R008,Capesize,Coking Coal,42.906,43.835,40.749676
2026-07-25,R003,Kamsarmax,Coking Coal,26.426,28.479,25.405975
2026-07-25,R005,Panamax,Thermal Coal,24.577,20.245,19.482803
2026-07-25,R002,Panamax,Coking Coal,24.544,27.126,24.702291
2026-07-25,R001,Capesize,Coking Coal,27.393,27.294,27.506714
2026-07-25,R006,Panamax,Coking Coal,26.804,24.163,24.322775
2026-07-25,R004,Capesize,Coking Coal,30.76,27.56,27.902771
2026-07-26,R003,Kamsarmax,Coking Coal,29.029,24.928,25.749926
2026-07-26,R005,Panamax,Thermal Coal,22.502,18.19,19.764128
2026-07-26,R007,Supramax,Coking Coal,24.453,22.358,22.388952
2026-07-26,R004,Capesize,Coking Coal,30.743,26.342,27.489475
2026-07-26,R006,Panamax,Coking Coal,25.71,23.326,24.57975
2026-07-26,R001,Capesize,Coking Coal,26.816,24.093,27.186747
2026-07-26,R008,Capesize,Coking Coal,42.582,39.377,41.150272
2026-07-26,R002,Panamax,Coking Coal,27.453,25.226,25.23473
2026-07-27,R008,Capesize,Coking Coal,41.918,39.704,40.428413
2026-07-27,R005,Panamax,Thermal Coal,20.848,22.266,19.390785
2026-07-27,R006,Panamax,Coking Coal,23.649,25.321,24.312527
2026-07-27,R001,Capesize,Coking Coal,24.633,27.447,26.545177
2026-07-27,R003,Kamsarmax,Coking Coal,26.567,25.274,25.482632
2026-07-27,R004,Capesize,Coking Coal,25.705,28.784,27.195017
2026-07-27,R007,Supramax,Coking Coal,22.752,24.845,22.533262
2026-07-27,R002,Panamax,Coking Coal,27.881,24.341,24.924732
2026-07-28,R002,Panamax,Coking Coal,26.925,24.985,24.6107
2026-07-28,R001,Capesize,Coking Coal,27.072,28.139,26.577002
2026-07-28,R003,Kamsarmax,Coking Coal,28.175,27.535,25.253405
2026-07-28,R004,Capesize,Coking Coal,27.515,28.017,27.508356
2026-07-28,R005,Panamax,Thermal Coal,19.59,20.05,19.877934
2026-07-28,R007,Supramax,Coking Coal,22.101,25.117,22.580908
2026-07-28,R006,Panamax,Coking Coal,25.54,25.567,24.10489
2026-07-28,R008,Capesize,Coking Coal,38.729,42.762,39.59327
2026-07-29,R001,Capesize,Coking Coal,28.019,30.401,26.914845
2026-07-29,R003,Kamsarmax,Coking Coal,28.308,25.183,25.71148
2026-07-29,R004,Capesize,Coking Coal,28.229,29.251,27.614695
2026-07-29,R006,Panamax,Coking Coal,28.362,26.604,23.902164
2026-07-29,R007,Supramax,Coking Coal,24.519,23.502,22.412594
2026-07-29,R008,Capesize,Coking Coal,42.927,41.538,40.15429
2026-07-29,R002,Panamax,Coking Coal,26.613,25.064,24.794262
2026-07-29,R005,Panamax,Thermal Coal,20.554,20.737,19.604013
2026-07-30,R006,Panamax,Coking Coal,23.26,24.453,24.486225
2026-07-30,R008,Capesize,Coking Coal,40.864,41.354,41.47736
2026-07-30,R005,Panamax,Thermal Coal,20.492,20.132,19.668545
2026-07-30,R001,Capesize,Coking Coal,27.506,26.194,27.28834
2026-07-30,R007,Supramax,Coking Coal,22.365,24.072,22.718033
2026-07-30,R004,Capesize,Coking Coal,27.043,28.442,27.584648
2026-07-30,R003,Kamsarmax,Coking Coal,25.65,24.374,25.513424
2026-07-30,R002,Panamax,Coking Coal,28.689,24.02,25.134748
2026-07-31,R006,Panamax,Coking Coal,27.522,25.71,23.771036
2026-07-31,R003,Kamsarmax,Coking Coal,26.181,23.113,25.318499
2026-07-31,R005,Panamax,Thermal Coal,22.098,22.599,19.630707
2026-07-31,R002,Panamax,Coking Coal,24.999,26.975,24.772337
2026-07-31,R008,Capesize,Coking Coal,41.193,41.982,40.662743
2026-07-31,R004,Capesize,Coking Coal,28.246,30.334,27.482077
2026-07-31,R001,Capesize,Coking Coal,27.294,27.587,26.700357
2026-07-31,R007,Supramax,Coking Coal,24.373,22.087,22.486969
2026-08-01,R004,Capesize,Coking Coal,28.387,29.274,27.677935
2026-08-01,R006,Panamax,Coking Coal,23.442,26.141,24.24703
2026-08-01,R005,Panamax,Thermal Coal,22.411,21.695,19.613167
2026-08-01,R003,Kamsarmax,Coking Coal,28.576,22.833,25.72066
2026-08-01,R002,Panamax,Coking Coal,25.201,25.535,24.96336
2026-08-01,R001,Capesize,Coking Coal,28.016,25.227,27.468843
2026-08-01,R007,Supramax,Coking Coal,22.166,26.338,22.572031
2026-08-01,R008,Capesize,Coking Coal,43.096,41.935,40.914177
