date,port_id,vessels_waiting,average_wait_hours,congestion_score,is_synthetic,source_origin,synthetic_seed
2020-01-01,IND_PAR,4,13.15,9.45,True,synthetic_scenario_generator,26006
2020-01-02,IND_PAR,5,24.58,19.13,True,synthetic_scenario_generator,26006
2020-01-03,IND_PAR,5,16.23,12.06,True,synthetic_scenario_generator,26006
2020-01-04,IND_PAR,3,23.56,18.27,True,synthetic_scenario_generator,26006
2020-01-05,IND_PAR,4,26.66,20.9,True,synthetic_scenario_generator,26006
2020-01-06,IND_PAR,5,22.14,17.07,True,synthetic_scenario_generator,26006
2020-01-07,IND_PAR,3,28.75,22.67,True,synthetic_scenario_generator,26006
2020-01-08,IND_PAR,4,10.65,7.33,True,synthetic_scenario_generator,26006
2020-01-09,IND_PAR,6,22.2,17.12,True,synthetic_scenario_generator,26006
2020-01-10,IND_PAR,5,23.9,18.56,True,synthetic_scenario_generator,26006
2020-01-11,IND_PAR,4,28.54,22.49,True,synthetic_scenario_generator,26006
2020-01-12,IND_PAR,4,22.46,17.34,True,synthetic_scenario_generator,26006
2020-01-13,IND_PAR,3,16.62,12.39,True,synthetic_scenario_generator,26006
2020-01-14,IND_PAR,3,36.01,28.82,True,synthetic_scenario_generator,26006
2020-01-15,IND_PAR,6,35.19,28.13,True,synthetic_scenario_generator,26006
2020-01-16,IND_PAR,2,14.13,10.28,True,synthetic_scenario_generator,26006
2020-01-17,IND_PAR,2,22.65,17.5,True,synthetic_scenario_generator,26006
2020-01-18,IND_PAR,4,28.95,22.84,True,synthetic_scenario_generator,26006
2020-01-19,IND_PAR,3,30.6,24.24,True,synthetic_scenario_generator,26006
2020-01-20,IND_PAR,3,31.48,24.98,True,synthetic_scenario_generator,26006
2020-01-21,IND_PAR,3,34.61,27.64,True,synthetic_scenario_generator,26006
2020-01-22,IND_PAR,4,30.05,23.78,True,synthetic_scenario_generator,26006
2020-01-23,IND_PAR,6,21.02,16.12,True,synthetic_scenario_generator,26006
2020-01-24,IND_PAR,4,28.07,22.1,True,synthetic_scenario_generator,26006
2020-01-25,IND_PAR,5,32.43,25.79,True,synthetic_scenario_generator,26006
2020-01-26,IND_PAR,6,35.55,28.43,True,synthetic_scenario_generator,26006
2020-01-27,IND_PAR,4,32.03,25.45,True,synthetic_scenario_generator,26006
2020-01-28,IND_PAR,4,32.23,25.62,True,synthetic_scenario_generator,26006
2020-01-29,IND_PAR,2,25.31,19.75,True,synthetic_scenario_generator,26006
2020-01-30,IND_PAR,6,23.18,17.95,True,synthetic_scenario_generator,26006
2020-01-31,IND_PAR,2,35.86,28.7,True,synthetic_scenario_generator,26006
2020-02-01,IND_PAR,3,33.63,26.8,True,synthetic_scenario_generator,26006
2020-02-02,IND_PAR,5,35.44,28.34,True,synthetic_scenario_generator,26006
2020-02-03,IND_PAR,4,28.42,22.39,True,synthetic_scenario_generator,26006
2020-02-04,IND_PAR,5,32.67,25.99,True,synthetic_scenario_generator,26006
2020-02-05,IND_PAR,6,26.95,21.14,True,synthetic_scenario_generator,26006
2020-02-06,IND_PAR,5,26.08,20.41,True,synthetic_scenario_generator,26006
2020-02-07,IND_PAR,2,29.37,23.2,True,synthetic_scenario_generator,26006
2020-02-08,IND_PAR,4,23.29,18.05,True,synthetic_scenario_generator,26006
2020-02-09,IND_PAR,4,25.49,19.91,True,synthetic_scenario_generator,26006
2020-02-10,IND_PAR,4,29.22,23.07,True,synthetic_scenario_generator,26006
2020-02-11,IND_PAR,3,26.82,21.03,True,synthetic_scenario_generator,26006
2020-02-12,IND_PAR,3,23.52,18.24,True,synthetic_scenario_generator,26006
2020-02-13,IND_PAR,4,19.78,15.07,True,synthetic_scenario_generator,26006
2020-02-14,IND_PAR,5,23.74,18.42,True,synthetic_scenario_generator,26006
2020-02-15,IND_PAR,1,19.24,14.61,True,synthetic_scenario_generator,26006
2020-02-16,IND_PAR,4,17.92,13.49,True,synthetic_scenario_generator,26006
2020-02-17,IND_PAR,2,18.93,14.35,True,synthetic_scenario_generator,26006
2020-02-18,IND_PAR,4,22.91,17.72,True,synthetic_scenario_generator,26006
2020-02-19,IND_PAR,2,20.59,15.76,True,synthetic_scenario_generator,26006
2020-02-20,IND_PAR,5,17.29,12.96,True,synthetic_scenario_generator,26006
2020-02-21,IND_PAR,4,18.41,13.91,True,synthetic_scenario_generator,26006
2020-02-22,IND_PAR,5,25.47,19.89,True,synthetic_scenario_generator,26006
2020-02-23,IND_PAR,4,23.15,17.92,True,synthetic_scenario_generator,26006
2020-02-24,IND_PAR,2,2.07,0.06,True,synthetic_scenario_generator,26006
2020-02-25,IND_PAR,4,22.05,16.99,True,synthetic_scenario_generator,26006
2020-02-26,IND_PAR,3,5.02,2.56,True,synthetic_scenario_generator,26006
2020-02-27,IND_PAR,3,15.33,11.3,True,synthetic_scenario_generator,26006
2020-02-28,IND_PAR,3,15.6,11.52,True,synthetic_scenario_generator,26006
2020-02-29,IND_PAR,2,25.35,19.78,True,synthetic_scenario_generator,26006
2020-03-01,IND_PAR,3,15.13,11.13,True,synthetic_scenario_generator,26006
2020-03-02,IND_PAR,2,5.36,2.85,True,synthetic_scenario_generator,26006
2020-03-03,IND_PAR,1,12.91,9.25,True,synthetic_scenario_generator,26006
2020-03-04,IND_PAR,3,7.63,4.77,True,synthetic_scenario_generator,26006
2020-03-05,IND_PAR,2,17.03,12.74,True,synthetic_scenario_generator,26006
2020-03-06,IND_PAR,4,18.99,14.39,True,synthetic_scenario_generator,26006
2020-03-07,IND_PAR,3,2.97,0.82,True,synthetic_scenario_generator,26006
2020-03-08,IND_PAR,3,7.81,4.92,True,synthetic_scenario_generator,26006
2020-03-09,IND_PAR,2,19.15,14.54,True,synthetic_scenario_generator,26006
2020-03-10,IND_PAR,2,11.82,8.32,True,synthetic_scenario_generator,26006
2020-03-11,IND_PAR,2,7.1,4.33,True,synthetic_scenario_generator,26006
2020-03-12,IND_PAR,2,18.41,13.91,True,synthetic_scenario_generator,26006
2020-03-13,IND_PAR,4,14.78,10.83,True,synthetic_scenario_generator,26006
2020-03-14,IND_PAR,2,10.02,6.79,True,synthetic_scenario_generator,26006
2020-03-15,IND_PAR,2,16.21,12.04,True,synthetic_scenario_generator,26006
2020-03-16,IND_PAR,2,12.24,8.68,True,synthetic_scenario_generator,26006
2020-03-17,IND_PAR,3,12.72,9.08,True,synthetic_scenario_generator,26006
2020-03-18,IND_PAR,4,17.37,13.03,True,synthetic_scenario_generator,26006
2020-03-19,IND_PAR,2,17.14,12.83,True,synthetic_scenario_generator,26006
2020-03-20,IND_PAR,3,15.51,11.45,True,synthetic_scenario_generator,26006
2020-03-21,IND_PAR,2,16.48,12.27,True,synthetic_scenario_generator,26006
2020-03-22,IND_PAR,4,19.83,15.11,True,synthetic_scenario_generator,26006
2020-03-23,IND_PAR,2,15.25,11.23,True,synthetic_scenario_generator,26006
2020-03-24,IND_PAR,4,21.07,16.16,True,synthetic_scenario_generator,26006
2020-03-25,IND_PAR,4,18.79,14.23,True,synthetic_scenario_generator,26006
2020-03-26,IND_PAR,5,14.97,10.99,True,synthetic_scenario_generator,26006
2020-03-27,IND_PAR,2,14.54,10.63,True,synthetic_scenario_generator,26006
2020-03-28,IND_PAR,4,22.55,17.42,True,synthetic_scenario_generator,26006
2020-03-29,IND_PAR,3,27.31,21.45,True,synthetic_scenario_generator,26006
2020-03-30,IND_PAR,2,17.36,13.01,True,synthetic_scenario_generator,26006
2020-03-31,IND_PAR,2,10.71,7.38,True,synthetic_scenario_generator,26006
2020-04-01,IND_PAR,5,25.07,19.55,True,synthetic_scenario_generator,26006
2020-04-02,IND_PAR,3,26.0,20.34,True,synthetic_scenario_generator,26006
2020-04-03,IND_PAR,3,17.83,13.41,True,synthetic_scenario_generator,26006
2020-04-04,IND_PAR,4,22.48,17.36,True,synthetic_scenario_generator,26006
2020-04-05,IND_PAR,4,28.01,22.04,True,synthetic_scenario_generator,26006
2020-04-06,IND_PAR,4,30.18,23.88,True,synthetic_scenario_generator,26006
2020-04-07,IND_PAR,4,27.99,22.03,True,synthetic_scenario_generator,26006
2020-04-08,IND_PAR,5,34.78,27.78,True,synthetic_scenario_generator,26006
2020-04-09,IND_PAR,5,31.53,25.03,True,synthetic_scenario_generator,26006
2020-04-10,IND_PAR,5,36.44,29.19,True,synthetic_scenario_generator,26006
2020-04-11,IND_PAR,5,29.79,23.55,True,synthetic_scenario_generator,26006
2020-04-12,IND_PAR,3,23.89,18.55,True,synthetic_scenario_generator,26006
2020-04-13,IND_PAR,5,38.83,31.21,True,synthetic_scenario_generator,26006
2020-04-14,IND_PAR,3,32.16,25.56,True,synthetic_scenario_generator,26006
2020-04-15,IND_PAR,6,35.22,28.15,True,synthetic_scenario_generator,26006
2020-04-16,IND_PAR,4,29.64,23.42,True,synthetic_scenario_generator,26006
2020-04-17,IND_PAR,3,31.26,24.8,True,synthetic_scenario_generator,26006
2020-04-18,IND_PAR,5,28.51,22.47,True,synthetic_scenario_generator,26006
2020-04-19,IND_PAR,5,32.99,26.26,True,synthetic_scenario_generator,26006
2020-04-20,IND_PAR,4,27.7,21.78,True,synthetic_scenario_generator,26006
2020-04-21,IND_PAR,4,34.45,27.5,True,synthetic_scenario_generator,26006
2020-04-22,IND_PAR,4,38.18,30.66,True,synthetic_scenario_generator,26006
2020-04-23,IND_PAR,3,32.93,26.21,True,synthetic_scenario_generator,26006
2020-04-24,IND_PAR,5,33.48,26.68,True,synthetic_scenario_generator,26006
2020-04-25,IND_PAR,2,31.47,24.97,True,synthetic_scenario_generator,26006
2020-04-26,IND_PAR,4,44.47,35.99,True,synthetic_scenario_generator,26006
2020-04-27,IND_PAR,3,29.11,22.98,True,synthetic_scenario_generator,26006
2020-04-28,IND_PAR,6,33.04,26.31,True,synthetic_scenario_generator,26006
2020-04-29,IND_PAR,2,34.87,27.85,True,synthetic_scenario_generator,26006
2020-04-30,IND_PAR,2,24.61,19.16,True,synthetic_scenario_generator,26006
2020-05-01,IND_PAR,2,28.76,22.68,True,synthetic_scenario_generator,26006
2020-05-02,IND_PAR,6,29.3,23.14,True,synthetic_scenario_generator,26006
2020-05-03,IND_PAR,6,32.42,25.78,True,synthetic_scenario_generator,26006
2020-05-04,IND_PAR,1,18.43,13.93,True,synthetic_scenario_generator,26006
2020-05-05,IND_PAR,4,31.62,25.1,True,synthetic_scenario_generator,26006
2020-05-06,IND_PAR,1,26.23,20.54,True,synthetic_scenario_generator,26006
2020-05-07,IND_PAR,4,29.11,22.98,True,synthetic_scenario_generator,26006
2020-05-08,IND_PAR,3,33.32,26.54,True,synthetic_scenario_generator,26006
2020-05-09,IND_PAR,5,36.85,29.53,True,synthetic_scenario_generator,26006
2020-05-10,IND_PAR,4,28.06,22.09,True,synthetic_scenario_generator,26006
2020-05-11,IND_PAR,4,32.45,25.8,True,synthetic_scenario_generator,26006
2020-05-12,IND_PAR,3,26.78,21.0,True,synthetic_scenario_generator,26006
2020-05-13,IND_PAR,4,31.07,24.64,True,synthetic_scenario_generator,26006
2020-05-14,IND_PAR,2,20.29,15.5,True,synthetic_scenario_generator,26006
2020-05-15,IND_PAR,4,30.55,24.19,True,synthetic_scenario_generator,26006
2020-05-16,IND_PAR,3,18.94,14.36,True,synthetic_scenario_generator,26006
2020-05-17,IND_PAR,5,25.04,19.52,True,synthetic_scenario_generator,26006
2020-05-18,IND_PAR,5,22.66,17.5,True,synthetic_scenario_generator,26006
2020-05-19,IND_PAR,4,21.3,16.36,True,synthetic_scenario_generator,26006
2020-05-20,IND_PAR,2,24.58,19.14,True,synthetic_scenario_generator,26006
2020-05-21,IND_PAR,2,5.13,2.66,True,synthetic_scenario_generator,26006
2020-05-22,IND_PAR,4,19.77,15.06,True,synthetic_scenario_generator,26006
2020-05-23,IND_PAR,4,18.69,14.14,True,synthetic_scenario_generator,26006
2020-05-24,IND_PAR,3,16.61,12.38,True,synthetic_scenario_generator,26006
2020-05-25,IND_PAR,5,21.16,16.24,True,synthetic_scenario_generator,26006
2020-05-26,IND_PAR,6,17.31,12.97,True,synthetic_scenario_generator,26006
2020-05-27,IND_PAR,2,12.79,9.14,True,synthetic_scenario_generator,26006
2020-05-28,IND_PAR,1,13.62,9.84,True,synthetic_scenario_generator,26006
2020-05-29,IND_PAR,3,10.83,7.48,True,synthetic_scenario_generator,26006
2020-05-30,IND_PAR,4,19.38,14.73,True,synthetic_scenario_generator,26006
2020-05-31,IND_PAR,5,24.21,18.82,True,synthetic_scenario_generator,26006
2020-06-01,IND_PAR,2,17.69,13.3,True,synthetic_scenario_generator,26006
2020-06-02,IND_PAR,3,14.38,10.49,True,synthetic_scenario_generator,26006
2020-06-03,IND_PAR,3,15.09,11.1,True,synthetic_scenario_generator,26006
2020-06-04,IND_PAR,5,29.81,23.57,True,synthetic_scenario_generator,26006
2020-06-05,IND_PAR,5,24.96,19.46,True,synthetic_scenario_generator,26006
2020-06-06,IND_PAR,3,24.53,19.09,True,synthetic_scenario_generator,26006
2020-06-07,IND_PAR,5,26.05,20.38,True,synthetic_scenario_generator,26006
2020-06-08,IND_PAR,2,18.36,13.87,True,synthetic_scenario_generator,26006
2020-06-09,IND_PAR,2,21.96,16.91,True,synthetic_scenario_generator,26006
2020-06-10,IND_PAR,4,23.37,18.11,True,synthetic_scenario_generator,26006
2020-06-11,IND_PAR,3,16.23,12.06,True,synthetic_scenario_generator,26006
2020-06-12,IND_PAR,3,25.17,19.63,True,synthetic_scenario_generator,26006
2020-06-13,IND_PAR,4,24.23,18.84,True,synthetic_scenario_generator,26006
2020-06-14,IND_PAR,4,25.91,20.26,True,synthetic_scenario_generator,26006
2020-06-15,IND_PAR,3,21.68,16.68,True,synthetic_scenario_generator,26006
2020-06-16,IND_PAR,3,21.85,16.82,True,synthetic_scenario_generator,26006
2020-06-17,IND_PAR,2,16.79,12.54,True,synthetic_scenario_generator,26006
2020-06-18,IND_PAR,3,26.52,20.78,True,synthetic_scenario_generator,26006
2020-06-19,IND_PAR,3,23.64,18.34,True,synthetic_scenario_generator,26006
2020-06-20,IND_PAR,4,22.02,16.97,True,synthetic_scenario_generator,26006
2020-06-21,IND_PAR,6,19.53,14.85,True,synthetic_scenario_generator,26006
2020-06-22,IND_PAR,4,23.6,18.3,True,synthetic_scenario_generator,26006
2020-06-23,IND_PAR,3,27.49,21.6,True,synthetic_scenario_generator,26006
2020-06-24,IND_PAR,6,29.35,23.18,True,synthetic_scenario_generator,26006
2020-06-25,IND_PAR,4,24.43,19.01,True,synthetic_scenario_generator,26006
2020-06-26,IND_PAR,5,30.37,24.04,True,synthetic_scenario_generator,26006
2020-06-27,IND_PAR,3,16.35,12.16,True,synthetic_scenario_generator,26006
2020-06-28,IND_PAR,4,24.92,19.43,True,synthetic_scenario_generator,26006
2020-06-29,IND_PAR,2,26.82,21.03,True,synthetic_scenario_generator,26006
2020-06-30,IND_PAR,4,28.37,22.35,True,synthetic_scenario_generator,26006
2020-07-01,IND_PAR,4,33.15,26.4,True,synthetic_scenario_generator,26006
2020-07-02,IND_PAR,4,28.49,22.45,True,synthetic_scenario_generator,26006
2020-07-03,IND_PAR,3,27.89,21.94,True,synthetic_scenario_generator,26006
2020-07-04,IND_PAR,3,28.35,22.33,True,synthetic_scenario_generator,26006
2020-07-05,IND_PAR,3,41.84,33.76,True,synthetic_scenario_generator,26006
2020-07-06,IND_PAR,2,34.75,27.76,True,synthetic_scenario_generator,26006
2020-07-07,IND_PAR,5,26.89,21.09,True,synthetic_scenario_generator,26006
2020-07-08,IND_PAR,4,35.71,28.57,True,synthetic_scenario_generator,26006
2020-07-09,IND_PAR,3,27.76,21.83,True,synthetic_scenario_generator,26006
2020-07-10,IND_PAR,4,35.42,28.32,True,synthetic_scenario_generator,26006
2020-07-11,IND_PAR,6,40.51,32.64,True,synthetic_scenario_generator,26006
2020-07-12,IND_PAR,4,39.39,31.69,True,synthetic_scenario_generator,26006
2020-07-13,IND_PAR,6,35.86,28.7,True,synthetic_scenario_generator,26006
2020-07-14,IND_PAR,5,37.67,30.23,True,synthetic_scenario_generator,26006
2020-07-15,IND_PAR,3,39.71,31.96,True,synthetic_scenario_generator,26006
2020-07-16,IND_PAR,4,40.9,32.97,True,synthetic_scenario_generator,26006
2020-07-17,IND_PAR,6,44.61,36.11,True,synthetic_scenario_generator,26006
2020-07-18,IND_PAR,2,32.99,26.26,True,synthetic_scenario_generator,26006
2020-07-19,IND_PAR,2,24.12,18.75,True,synthetic_scenario_generator,26006
2020-07-20,IND_PAR,4,28.56,22.51,True,synthetic_scenario_generator,26006
2020-07-21,IND_PAR,6,37.83,30.36,True,synthetic_scenario_generator,26006
2020-07-22,IND_PAR,4,48.92,39.76,True,synthetic_scenario_generator,26006
2020-07-23,IND_PAR,6,46.54,37.74,True,synthetic_scenario_generator,26006
2020-07-24,IND_PAR,5,37.19,29.82,True,synthetic_scenario_generator,26006
2020-07-25,IND_PAR,4,36.05,28.86,True,synthetic_scenario_generator,26006
2020-07-26,IND_PAR,5,38.94,31.3,True,synthetic_scenario_generator,26006
2020-07-27,IND_PAR,5,33.21,26.45,True,synthetic_scenario_generator,26006
2020-07-28,IND_PAR,3,30.41,24.07,True,synthetic_scenario_generator,26006
2020-07-29,IND_PAR,5,32.72,26.03,True,synthetic_scenario_generator,26006
2020-07-30,IND_PAR,4,25.63,20.02,True,synthetic_scenario_generator,26006
2020-07-31,IND_PAR,5,31.5,25.0,True,synthetic_scenario_generator,26006
2020-08-01,IND_PAR,5,41.06,33.1,True,synthetic_scenario_generator,26006
2020-08-02,IND_PAR,4,39.46,31.74,True,synthetic_scenario_generator,26006
2020-08-03,IND_PAR,4,31.79,25.25,True,synthetic_scenario_generator,26006
2020-08-04,IND_PAR,4,24.75,19.28,True,synthetic_scenario_generator,26006
2020-08-05,IND_PAR,3,18.14,13.68,True,synthetic_scenario_generator,26006
2020-08-06,IND_PAR,5,38.93,31.29,True,synthetic_scenario_generator,26006
2020-08-07,IND_PAR,4,28.83,22.74,True,synthetic_scenario_generator,26006
2020-08-08,IND_PAR,3,12.34,8.77,True,synthetic_scenario_generator,26006
2020-08-09,IND_PAR,5,30.99,24.57,True,synthetic_scenario_generator,26006
2020-08-10,IND_PAR,3,29.5,23.3,True,synthetic_scenario_generator,26006
2020-08-11,IND_PAR,4,30.15,23.86,True,synthetic_scenario_generator,26006
2020-08-12,IND_PAR,3,13.29,9.57,True,synthetic_scenario_generator,26006
2020-08-13,IND_PAR,3,23.24,18.0,True,synthetic_scenario_generator,26006
2020-08-14,IND_PAR,2,23.05,17.84,True,synthetic_scenario_generator,26006
2020-08-15,IND_PAR,5,21.92,16.88,True,synthetic_scenario_generator,26006
2020-08-16,IND_PAR,4,39.82,32.05,True,synthetic_scenario_generator,26006
2020-08-17,IND_PAR,4,18.46,13.95,True,synthetic_scenario_generator,26006
2020-08-18,IND_PAR,5,27.53,21.64,True,synthetic_scenario_generator,26006
2020-08-19,IND_PAR,2,22.0,16.95,True,synthetic_scenario_generator,26006
2020-08-20,IND_PAR,3,14.39,10.5,True,synthetic_scenario_generator,26006
2020-08-21,IND_PAR,4,13.11,9.41,True,synthetic_scenario_generator,26006
2020-08-22,IND_PAR,3,22.46,17.34,True,synthetic_scenario_generator,26006
2020-08-23,IND_PAR,2,18.8,14.24,True,synthetic_scenario_generator,26006
2020-08-24,IND_PAR,3,22.24,17.16,True,synthetic_scenario_generator,26006
2020-08-25,IND_PAR,1,18.43,13.93,True,synthetic_scenario_generator,26006
2020-08-26,IND_PAR,2,20.61,15.77,True,synthetic_scenario_generator,26006
2020-08-27,IND_PAR,3,19.91,15.18,True,synthetic_scenario_generator,26006
2020-08-28,IND_PAR,3,20.92,16.03,True,synthetic_scenario_generator,26006
2020-08-29,IND_PAR,3,19.78,15.07,True,synthetic_scenario_generator,26006
2020-08-30,IND_PAR,3,11.33,7.91,True,synthetic_scenario_generator,26006
2020-08-31,IND_PAR,4,30.03,23.76,True,synthetic_scenario_generator,26006
2020-09-01,IND_PAR,2,11.45,8.01,True,synthetic_scenario_generator,26006
2020-09-02,IND_PAR,6,22.29,17.19,True,synthetic_scenario_generator,26006
2020-09-03,IND_PAR,2,14.88,10.91,True,synthetic_scenario_generator,26006
2020-09-04,IND_PAR,4,32.34,25.72,True,synthetic_scenario_generator,26006
2020-09-05,IND_PAR,5,17.69,13.3,True,synthetic_scenario_generator,26006
2020-09-06,IND_PAR,3,14.02,10.19,True,synthetic_scenario_generator,26006
2020-09-07,IND_PAR,4,20.87,15.99,True,synthetic_scenario_generator,26006
2020-09-08,IND_PAR,5,31.83,25.28,True,synthetic_scenario_generator,26006
2020-09-09,IND_PAR,5,20.88,16.0,True,synthetic_scenario_generator,26006
2020-09-10,IND_PAR,4,15.45,11.4,True,synthetic_scenario_generator,26006
2020-09-11,IND_PAR,1,17.82,13.41,True,synthetic_scenario_generator,26006
2020-09-12,IND_PAR,4,16.8,12.54,True,synthetic_scenario_generator,26006
2020-09-13,IND_PAR,2,15.01,11.02,True,synthetic_scenario_generator,26006
2020-09-14,IND_PAR,2,14.18,10.32,True,synthetic_scenario_generator,26006
2020-09-15,IND_PAR,5,20.67,15.83,True,synthetic_scenario_generator,26006
2020-09-16,IND_PAR,4,13.15,9.45,True,synthetic_scenario_generator,26006
2020-09-17,IND_PAR,4,28.4,22.37,True,synthetic_scenario_generator,26006
2020-09-18,IND_PAR,4,19.71,15.01,True,synthetic_scenario_generator,26006
2020-09-19,IND_PAR,1,17.89,13.47,True,synthetic_scenario_generator,26006
2020-09-20,IND_PAR,1,16.29,12.11,True,synthetic_scenario_generator,26006
2020-09-21,IND_PAR,3,20.46,15.64,True,synthetic_scenario_generator,26006
2020-09-22,IND_PAR,2,22.84,17.66,True,synthetic_scenario_generator,26006
2020-09-23,IND_PAR,3,22.83,17.66,True,synthetic_scenario_generator,26006
2020-09-24,IND_PAR,3,15.46,11.41,True,synthetic_scenario_generator,26006
2020-09-25,IND_PAR,4,25.46,19.88,True,synthetic_scenario_generator,26006
2020-09-26,IND_PAR,5,26.02,20.35,True,synthetic_scenario_generator,26006
2020-09-27,IND_PAR,4,23.75,18.43,True,synthetic_scenario_generator,26006
2020-09-28,IND_PAR,3,17.43,13.08,True,synthetic_scenario_generator,26006
2020-09-29,IND_PAR,5,26.13,20.45,True,synthetic_scenario_generator,26006
2020-09-30,IND_PAR,3,32.66,25.98,True,synthetic_scenario_generator,26006
2020-10-01,IND_PAR,4,29.91,23.65,True,synthetic_scenario_generator,26006
2020-10-02,IND_PAR,2,25.02,19.51,True,synthetic_scenario_generator,26006
2020-10-03,IND_PAR,3,25.72,20.1,True,synthetic_scenario_generator,26006
2020-10-04,IND_PAR,4,26.95,21.14,True,synthetic_scenario_generator,26006
2020-10-05,IND_PAR,4,32.7,26.01,True,synthetic_scenario_generator,26006
2020-10-06,IND_PAR,5,35.27,28.2,True,synthetic_scenario_generator,26006
2020-10-07,IND_PAR,5,39.32,31.63,True,synthetic_scenario_generator,26006
2020-10-08,IND_PAR,4,26.5,20.76,True,synthetic_scenario_generator,26006
2020-10-09,IND_PAR,4,30.69,24.31,True,synthetic_scenario_generator,26006
2020-10-10,IND_PAR,3,31.24,24.78,True,synthetic_scenario_generator,26006
2020-10-11,IND_PAR,3,31.46,24.97,True,synthetic_scenario_generator,26006
2020-10-12,IND_PAR,4,34.97,27.94,True,synthetic_scenario_generator,26006
2020-10-13,IND_PAR,2,30.04,23.77,True,synthetic_scenario_generator,26006
2020-10-14,IND_PAR,3,24.55,19.11,True,synthetic_scenario_generator,26006
2020-10-15,IND_PAR,7,38.38,30.83,True,synthetic_scenario_generator,26006
2020-10-16,IND_PAR,3,38.34,30.8,True,synthetic_scenario_generator,26006
2020-10-17,IND_PAR,5,33.68,26.85,True,synthetic_scenario_generator,26006
2020-10-18,IND_PAR,4,31.18,24.73,True,synthetic_scenario_generator,26006
2020-10-19,IND_PAR,5,31.89,25.33,True,synthetic_scenario_generator,26006
2020-10-20,IND_PAR,4,36.84,29.52,True,synthetic_scenario_generator,26006
2020-10-21,IND_PAR,4,33.23,26.46,True,synthetic_scenario_generator,26006
2020-10-22,IND_PAR,2,33.84,26.98,True,synthetic_scenario_generator,26006
2020-10-23,IND_PAR,5,32.52,25.86,True,synthetic_scenario_generator,26006
2020-10-24,IND_PAR,5,34.89,27.88,True,synthetic_scenario_generator,26006
2020-10-25,IND_PAR,5,34.64,27.66,True,synthetic_scenario_generator,26006
2020-10-26,IND_PAR,4,39.65,31.91,True,synthetic_scenario_generator,26006
2020-10-27,IND_PAR,6,36.13,28.92,True,synthetic_scenario_generator,26006
2020-10-28,IND_PAR,2,27.17,21.33,True,synthetic_scenario_generator,26006
2020-10-29,IND_PAR,5,33.08,26.34,True,synthetic_scenario_generator,26006
2020-10-30,IND_PAR,4,29.85,23.6,True,synthetic_scenario_generator,26006
2020-10-31,IND_PAR,3,32.35,25.72,True,synthetic_scenario_generator,26006
2020-11-01,IND_PAR,5,36.61,29.33,True,synthetic_scenario_generator,26006
2020-11-02,IND_PAR,2,29.7,23.47,True,synthetic_scenario_generator,26006
2020-11-03,IND_PAR,5,36.01,28.82,True,synthetic_scenario_generator,26006
2020-11-04,IND_PAR,5,38.81,31.19,True,synthetic_scenario_generator,26006
2020-11-05,IND_PAR,4,24.54,19.11,True,synthetic_scenario_generator,26006
2020-11-06,IND_PAR,3,24.79,19.31,True,synthetic_scenario_generator,26006
2020-11-07,IND_PAR,3,20.77,15.91,True,synthetic_scenario_generator,26006
2020-11-08,IND_PAR,5,28.98,22.87,True,synthetic_scenario_generator,26006
2020-11-09,IND_PAR,3,26.46,20.73,True,synthetic_scenario_generator,26006
2020-11-10,IND_PAR,5,29.21,23.06,True,synthetic_scenario_generator,26006
2020-11-11,IND_PAR,3,24.79,19.31,True,synthetic_scenario_generator,26006
2020-11-12,IND_PAR,4,21.21,16.28,True,synthetic_scenario_generator,26006
2020-11-13,IND_PAR,3,26.64,20.88,True,synthetic_scenario_generator,26006
2020-11-14,IND_PAR,4,27.92,21.97,True,synthetic_scenario_generator,26006
2020-11-15,IND_PAR,5,22.4,17.29,True,synthetic_scenario_generator,26006
2020-11-16,IND_PAR,2,10.47,7.18,True,synthetic_scenario_generator,26006
2020-11-17,IND_PAR,1,17.35,13.01,True,synthetic_scenario_generator,26006
2020-11-18,IND_PAR,4,33.14,26.39,True,synthetic_scenario_generator,26006
2020-11-19,IND_PAR,3,14.96,10.98,True,synthetic_scenario_generator,26006
2020-11-20,IND_PAR,2,27.2,21.36,True,synthetic_scenario_generator,26006
2020-11-21,IND_PAR,4,25.22,19.68,True,synthetic_scenario_generator,26006
2020-11-22,IND_PAR,3,12.16,8.61,True,synthetic_scenario_generator,26006
2020-11-23,IND_PAR,5,23.6,18.3,True,synthetic_scenario_generator,26006
2020-11-24,IND_PAR,3,16.84,12.57,True,synthetic_scenario_generator,26006
2020-11-25,IND_PAR,7,21.97,16.93,True,synthetic_scenario_generator,26006
2020-11-26,IND_PAR,2,16.81,12.55,True,synthetic_scenario_generator,26006
2020-11-27,IND_PAR,3,21.39,16.43,True,synthetic_scenario_generator,26006
2020-11-28,IND_PAR,2,18.57,14.04,True,synthetic_scenario_generator,26006
2020-11-29,IND_PAR,3,15.43,11.38,True,synthetic_scenario_generator,26006
2020-11-30,IND_PAR,2,22.0,16.95,True,synthetic_scenario_generator,26006
2020-12-01,IND_PAR,3,19.3,14.66,True,synthetic_scenario_generator,26006
2020-12-02,IND_PAR,4,23.62,18.32,True,synthetic_scenario_generator,26006
2020-12-03,IND_PAR,1,9.4,6.27,True,synthetic_scenario_generator,26006
2020-12-04,IND_PAR,4,21.57,16.59,True,synthetic_scenario_generator,26006
2020-12-05,IND_PAR,3,17.44,13.09,True,synthetic_scenario_generator,26006
2020-12-06,IND_PAR,3,12.23,8.67,True,synthetic_scenario_generator,26006
2020-12-07,IND_PAR,3,11.16,7.76,True,synthetic_scenario_generator,26006
2020-12-08,IND_PAR,4,17.24,12.91,True,synthetic_scenario_generator,26006
2020-12-09,IND_PAR,3,12.0,8.48,True,synthetic_scenario_generator,26006
2020-12-10,IND_PAR,3,22.8,17.63,True,synthetic_scenario_generator,26006
2020-12-11,IND_PAR,1,9.03,5.96,True,synthetic_scenario_generator,26006
2020-12-12,IND_PAR,3,18.87,14.29,True,synthetic_scenario_generator,26006
2020-12-13,IND_PAR,3,13.79,9.99,True,synthetic_scenario_generator,26006
2020-12-14,IND_PAR,2,15.61,11.53,True,synthetic_scenario_generator,26006
2020-12-15,IND_PAR,3,19.2,14.58,True,synthetic_scenario_generator,26006
2020-12-16,IND_PAR,3,21.71,16.7,True,synthetic_scenario_generator,26006
2020-12-17,IND_PAR,4,23.75,18.44,True,synthetic_scenario_generator,26006
2020-12-18,IND_PAR,4,30.26,23.95,True,synthetic_scenario_generator,26006
2020-12-19,IND_PAR,3,36.23,29.01,True,synthetic_scenario_generator,26006
2020-12-20,IND_PAR,2,10.91,7.55,True,synthetic_scenario_generator,26006
2020-12-21,IND_PAR,4,22.21,17.13,True,synthetic_scenario_generator,26006
2020-12-22,IND_PAR,4,15.33,11.3,True,synthetic_scenario_generator,26006
2020-12-23,IND_PAR,3,19.43,14.77,True,synthetic_scenario_generator,26006
2020-12-24,IND_PAR,3,19.83,15.11,True,synthetic_scenario_generator,26006
2020-12-25,IND_PAR,4,18.62,14.08,True,synthetic_scenario_generator,26006
2020-12-26,IND_PAR,5,31.28,24.81,True,synthetic_scenario_generator,26006
2020-12-27,IND_PAR,4,28.95,22.84,True,synthetic_scenario_generator,26006
2020-12-28,IND_PAR,3,33.72,26.88,True,synthetic_scenario_generator,26006
2020-12-29,IND_PAR,5,26.36,20.64,True,synthetic_scenario_generator,26006
2020-12-30,IND_PAR,4,31.06,24.63,True,synthetic_scenario_generator,26006
2020-12-31,IND_PAR,5,27.13,21.3,True,synthetic_scenario_generator,26006
2021-01-01,IND_PAR,4,27.81,21.87,True,synthetic_scenario_generator,26006
2021-01-02,IND_PAR,5,24.93,19.43,True,synthetic_scenario_generator,26006
2021-01-03,IND_PAR,5,33.89,27.02,True,synthetic_scenario_generator,26006
2021-01-04,IND_PAR,3,21.5,16.52,True,synthetic_scenario_generator,26006
2021-01-05,IND_PAR,3,24.67,19.21,True,synthetic_scenario_generator,26006
2021-01-06,IND_PAR,3,21.42,16.46,True,synthetic_scenario_generator,26006
2021-01-07,IND_PAR,3,27.26,21.41,True,synthetic_scenario_generator,26006
2021-01-08,IND_PAR,5,32.79,26.1,True,synthetic_scenario_generator,26006
2021-01-09,IND_PAR,4,31.12,24.68,True,synthetic_scenario_generator,26006
2021-01-10,IND_PAR,5,30.29,23.98,True,synthetic_scenario_generator,26006
2021-01-11,IND_PAR,4,24.42,19.0,True,synthetic_scenario_generator,26006
2021-01-12,IND_PAR,4,33.04,26.31,True,synthetic_scenario_generator,26006
2021-01-13,IND_PAR,4,19.68,14.98,True,synthetic_scenario_generator,26006
2021-01-14,IND_PAR,5,38.61,31.02,True,synthetic_scenario_generator,26006
2021-01-15,IND_PAR,3,33.04,26.3,True,synthetic_scenario_generator,26006
2021-01-16,IND_PAR,5,33.06,26.32,True,synthetic_scenario_generator,26006
2021-01-17,IND_PAR,3,33.74,26.9,True,synthetic_scenario_generator,26006
2021-01-18,IND_PAR,3,32.48,25.83,True,synthetic_scenario_generator,26006
2021-01-19,IND_PAR,5,28.24,22.24,True,synthetic_scenario_generator,26006
2021-01-20,IND_PAR,4,32.16,25.56,True,synthetic_scenario_generator,26006
2021-01-21,IND_PAR,5,32.11,25.52,True,synthetic_scenario_generator,26006
2021-01-22,IND_PAR,3,24.45,19.03,True,synthetic_scenario_generator,26006
2021-01-23,IND_PAR,3,36.39,29.14,True,synthetic_scenario_generator,26006
2021-01-24,IND_PAR,3,33.62,26.8,True,synthetic_scenario_generator,26006
2021-01-25,IND_PAR,4,31.21,24.75,True,synthetic_scenario_generator,26006
2021-01-26,IND_PAR,3,31.61,25.09,True,synthetic_scenario_generator,26006
2021-01-27,IND_PAR,5,17.65,13.27,True,synthetic_scenario_generator,26006
2021-01-28,IND_PAR,4,33.67,26.84,True,synthetic_scenario_generator,26006
2021-01-29,IND_PAR,4,30.55,24.19,True,synthetic_scenario_generator,26006
2021-01-30,IND_PAR,3,14.5,10.59,True,synthetic_scenario_generator,26006
2021-01-31,IND_PAR,3,29.29,23.13,True,synthetic_scenario_generator,26006
2021-02-01,IND_PAR,1,21.13,16.22,True,synthetic_scenario_generator,26006
2021-02-02,IND_PAR,4,13.83,10.02,True,synthetic_scenario_generator,26006
2021-02-03,IND_PAR,5,28.09,22.11,True,synthetic_scenario_generator,26006
2021-02-04,IND_PAR,4,18.56,14.03,True,synthetic_scenario_generator,26006
2021-02-05,IND_PAR,3,25.15,19.62,True,synthetic_scenario_generator,26006
2021-02-06,IND_PAR,5,21.46,16.49,True,synthetic_scenario_generator,26006
2021-02-07,IND_PAR,3,20.66,15.81,True,synthetic_scenario_generator,26006
2021-02-08,IND_PAR,3,23.46,18.19,True,synthetic_scenario_generator,26006
2021-02-09,IND_PAR,2,27.6,21.69,True,synthetic_scenario_generator,26006
2021-02-10,IND_PAR,5,29.48,23.29,True,synthetic_scenario_generator,26006
2021-02-11,IND_PAR,4,21.46,16.49,True,synthetic_scenario_generator,26006
2021-02-12,IND_PAR,4,15.86,11.75,True,synthetic_scenario_generator,26006
2021-02-13,IND_PAR,5,25.91,20.26,True,synthetic_scenario_generator,26006
2021-02-14,IND_PAR,5,8.93,5.87,True,synthetic_scenario_generator,26006
2021-02-15,IND_PAR,3,9.69,6.51,True,synthetic_scenario_generator,26006
2021-02-16,IND_PAR,1,22.19,17.11,True,synthetic_scenario_generator,26006
2021-02-17,IND_PAR,2,13.39,9.65,True,synthetic_scenario_generator,26006
2021-02-18,IND_PAR,4,18.56,14.04,True,synthetic_scenario_generator,26006
2021-02-19,IND_PAR,3,4.45,2.07,True,synthetic_scenario_generator,26006
2021-02-20,IND_PAR,0,16.98,12.7,True,synthetic_scenario_generator,26006
2021-02-21,IND_PAR,4,12.53,8.93,True,synthetic_scenario_generator,26006
2021-02-22,IND_PAR,3,17.69,13.3,True,synthetic_scenario_generator,26006
2021-02-23,IND_PAR,1,10.84,7.49,True,synthetic_scenario_generator,26006
2021-02-24,IND_PAR,2,15.69,11.61,True,synthetic_scenario_generator,26006
2021-02-25,IND_PAR,3,11.76,8.27,True,synthetic_scenario_generator,26006
2021-02-26,IND_PAR,4,12.85,9.19,True,synthetic_scenario_generator,26006
2021-02-27,IND_PAR,3,14.99,11.01,True,synthetic_scenario_generator,26006
2021-02-28,IND_PAR,5,16.04,11.9,True,synthetic_scenario_generator,26006
2021-03-01,IND_PAR,5,25.61,20.01,True,synthetic_scenario_generator,26006
2021-03-02,IND_PAR,2,8.91,5.86,True,synthetic_scenario_generator,26006
2021-03-03,IND_PAR,3,10.23,6.98,True,synthetic_scenario_generator,26006
2021-03-04,IND_PAR,3,10.01,6.79,True,synthetic_scenario_generator,26006
2021-03-05,IND_PAR,2,14.14,10.29,True,synthetic_scenario_generator,26006
2021-03-06,IND_PAR,3,12.04,8.51,True,synthetic_scenario_generator,26006
2021-03-07,IND_PAR,3,8.24,5.29,True,synthetic_scenario_generator,26006
2021-03-08,IND_PAR,5,19.39,14.73,True,synthetic_scenario_generator,26006
2021-03-09,IND_PAR,5,16.04,11.9,True,synthetic_scenario_generator,26006
2021-03-10,IND_PAR,3,2.0,0.0,True,synthetic_scenario_generator,26006
2021-03-11,IND_PAR,4,16.0,11.86,True,synthetic_scenario_generator,26006
2021-03-12,IND_PAR,3,16.81,12.55,True,synthetic_scenario_generator,26006
2021-03-13,IND_PAR,3,8.52,5.52,True,synthetic_scenario_generator,26006
2021-03-14,IND_PAR,3,15.02,11.03,True,synthetic_scenario_generator,26006
2021-03-15,IND_PAR,2,21.08,16.17,True,synthetic_scenario_generator,26006
2021-03-16,IND_PAR,2,22.51,17.38,True,synthetic_scenario_generator,26006
2021-03-17,IND_PAR,3,10.76,7.43,True,synthetic_scenario_generator,26006
2021-03-18,IND_PAR,1,14.69,10.75,True,synthetic_scenario_generator,26006
2021-03-19,IND_PAR,2,6.33,3.67,True,synthetic_scenario_generator,26006
2021-03-20,IND_PAR,3,7.78,4.9,True,synthetic_scenario_generator,26006
2021-03-21,IND_PAR,3,23.14,17.91,True,synthetic_scenario_generator,26006
2021-03-22,IND_PAR,1,2.04,0.04,True,synthetic_scenario_generator,26006
2021-03-23,IND_PAR,3,17.75,13.35,True,synthetic_scenario_generator,26006
2021-03-24,IND_PAR,1,19.27,14.63,True,synthetic_scenario_generator,26006
2021-03-25,IND_PAR,2,19.2,14.58,True,synthetic_scenario_generator,26006
2021-03-26,IND_PAR,5,19.79,15.08,True,synthetic_scenario_generator,26006
2021-03-27,IND_PAR,2,24.7,19.24,True,synthetic_scenario_generator,26006
2021-03-28,IND_PAR,3,20.06,15.31,True,synthetic_scenario_generator,26006
2021-03-29,IND_PAR,4,20.79,15.93,True,synthetic_scenario_generator,26006
2021-03-30,IND_PAR,4,19.49,14.82,True,synthetic_scenario_generator,26006
2021-03-31,IND_PAR,4,27.41,21.53,True,synthetic_scenario_generator,26006
2021-04-01,IND_PAR,5,28.9,22.79,True,synthetic_scenario_generator,26006
2021-04-02,IND_PAR,3,23.88,18.55,True,synthetic_scenario_generator,26006
2021-04-03,IND_PAR,5,26.08,20.41,True,synthetic_scenario_generator,26006
2021-04-04,IND_PAR,2,38.63,31.04,True,synthetic_scenario_generator,26006
2021-04-05,IND_PAR,4,26.91,21.11,True,synthetic_scenario_generator,26006
2021-04-06,IND_PAR,3,36.64,29.35,True,synthetic_scenario_generator,26006
2021-04-07,IND_PAR,5,29.54,23.34,True,synthetic_scenario_generator,26006
2021-04-08,IND_PAR,7,35.35,28.27,True,synthetic_scenario_generator,26006
2021-04-09,IND_PAR,2,26.01,20.35,True,synthetic_scenario_generator,26006
2021-04-10,IND_PAR,4,31.78,25.23,True,synthetic_scenario_generator,26006
2021-04-11,IND_PAR,4,30.56,24.2,True,synthetic_scenario_generator,26006
2021-04-12,IND_PAR,4,30.43,24.09,True,synthetic_scenario_generator,26006
2021-04-13,IND_PAR,4,37.04,29.69,True,synthetic_scenario_generator,26006
2021-04-14,IND_PAR,5,41.02,33.07,True,synthetic_scenario_generator,26006
2021-04-15,IND_PAR,4,35.58,28.46,True,synthetic_scenario_generator,26006
2021-04-16,IND_PAR,4,33.4,26.61,True,synthetic_scenario_generator,26006
2021-04-17,IND_PAR,5,45.54,36.9,True,synthetic_scenario_generator,26006
2021-04-18,IND_PAR,4,35.06,28.01,True,synthetic_scenario_generator,26006
2021-04-19,IND_PAR,4,24.36,18.95,True,synthetic_scenario_generator,26006
2021-04-20,IND_PAR,3,24.27,18.87,True,synthetic_scenario_generator,26006
2021-04-21,IND_PAR,5,33.1,26.36,True,synthetic_scenario_generator,26006
2021-04-22,IND_PAR,4,37.72,30.27,True,synthetic_scenario_generator,26006
2021-04-23,IND_PAR,5,31.39,24.91,True,synthetic_scenario_generator,26006
2021-04-24,IND_PAR,2,32.45,25.8,True,synthetic_scenario_generator,26006
2021-04-25,IND_PAR,4,32.53,25.87,True,synthetic_scenario_generator,26006
2021-04-26,IND_PAR,4,24.66,19.2,True,synthetic_scenario_generator,26006
2021-04-27,IND_PAR,4,26.08,20.41,True,synthetic_scenario_generator,26006
2021-04-28,IND_PAR,4,30.06,23.78,True,synthetic_scenario_generator,26006
2021-04-29,IND_PAR,4,25.06,19.55,True,synthetic_scenario_generator,26006
2021-04-30,IND_PAR,4,34.29,27.37,True,synthetic_scenario_generator,26006
2021-05-01,IND_PAR,4,28.5,22.46,True,synthetic_scenario_generator,26006
2021-05-02,IND_PAR,6,28.66,22.6,True,synthetic_scenario_generator,26006
2021-05-03,IND_PAR,3,20.1,15.34,True,synthetic_scenario_generator,26006
2021-05-04,IND_PAR,3,29.29,23.13,True,synthetic_scenario_generator,26006
2021-05-05,IND_PAR,3,21.96,16.92,True,synthetic_scenario_generator,26006
2021-05-06,IND_PAR,6,32.42,25.78,True,synthetic_scenario_generator,26006
2021-05-07,IND_PAR,6,23.62,18.32,True,synthetic_scenario_generator,26006
2021-05-08,IND_PAR,3,31.79,25.25,True,synthetic_scenario_generator,26006
2021-05-09,IND_PAR,5,23.93,18.59,True,synthetic_scenario_generator,26006
2021-05-10,IND_PAR,3,28.09,22.11,True,synthetic_scenario_generator,26006
2021-05-11,IND_PAR,4,17.79,13.38,True,synthetic_scenario_generator,26006
2021-05-12,IND_PAR,2,24.05,18.68,True,synthetic_scenario_generator,26006
2021-05-13,IND_PAR,2,18.08,13.63,True,synthetic_scenario_generator,26006
2021-05-14,IND_PAR,3,33.13,26.38,True,synthetic_scenario_generator,26006
2021-05-15,IND_PAR,2,23.26,18.02,True,synthetic_scenario_generator,26006
2021-05-16,IND_PAR,2,20.98,16.09,True,synthetic_scenario_generator,26006
2021-05-17,IND_PAR,1,22.1,17.03,True,synthetic_scenario_generator,26006
2021-05-18,IND_PAR,5,20.38,15.57,True,synthetic_scenario_generator,26006
2021-05-19,IND_PAR,3,20.64,15.79,True,synthetic_scenario_generator,26006
2021-05-20,IND_PAR,2,20.88,16.0,True,synthetic_scenario_generator,26006
2021-05-21,IND_PAR,4,17.18,12.86,True,synthetic_scenario_generator,26006
2021-05-22,IND_PAR,5,16.8,12.54,True,synthetic_scenario_generator,26006
2021-05-23,IND_PAR,3,18.67,14.12,True,synthetic_scenario_generator,26006
2021-05-24,IND_PAR,3,15.72,11.63,True,synthetic_scenario_generator,26006
2021-05-25,IND_PAR,2,13.42,9.68,True,synthetic_scenario_generator,26006
2021-05-26,IND_PAR,4,14.29,10.42,True,synthetic_scenario_generator,26006
2021-05-27,IND_PAR,3,18.67,14.12,True,synthetic_scenario_generator,26006
2021-05-28,IND_PAR,5,29.79,23.55,True,synthetic_scenario_generator,26006
2021-05-29,IND_PAR,3,10.02,6.8,True,synthetic_scenario_generator,26006
2021-05-30,IND_PAR,3,16.14,11.98,True,synthetic_scenario_generator,26006
2021-05-31,IND_PAR,3,11.23,7.82,True,synthetic_scenario_generator,26006
2021-06-01,IND_PAR,4,19.85,15.13,True,synthetic_scenario_generator,26006
2021-06-02,IND_PAR,1,20.2,15.42,True,synthetic_scenario_generator,26006
2021-06-03,IND_PAR,4,21.44,16.48,True,synthetic_scenario_generator,26006
2021-06-04,IND_PAR,2,12.89,9.23,True,synthetic_scenario_generator,26006
2021-06-05,IND_PAR,5,19.65,14.96,True,synthetic_scenario_generator,26006
2021-06-06,IND_PAR,4,16.55,12.33,True,synthetic_scenario_generator,26006
2021-06-07,IND_PAR,3,16.22,12.05,True,synthetic_scenario_generator,26006
2021-06-08,IND_PAR,3,23.41,18.14,True,synthetic_scenario_generator,26006
2021-06-09,IND_PAR,5,23.7,18.39,True,synthetic_scenario_generator,26006
2021-06-10,IND_PAR,3,31.08,24.64,True,synthetic_scenario_generator,26006
2021-06-11,IND_PAR,2,29.82,23.58,True,synthetic_scenario_generator,26006
2021-06-12,IND_PAR,4,29.79,23.55,True,synthetic_scenario_generator,26006
2021-06-13,IND_PAR,4,25.49,19.91,True,synthetic_scenario_generator,26006
2021-06-14,IND_PAR,3,35.11,28.06,True,synthetic_scenario_generator,26006
2021-06-15,IND_PAR,3,26.93,21.13,True,synthetic_scenario_generator,26006
2021-06-16,IND_PAR,3,22.06,17.0,True,synthetic_scenario_generator,26006
2021-06-17,IND_PAR,4,24.23,18.84,True,synthetic_scenario_generator,26006
2021-06-18,IND_PAR,5,14.89,10.92,True,synthetic_scenario_generator,26006
2021-06-19,IND_PAR,4,34.6,27.62,True,synthetic_scenario_generator,26006
2021-06-20,IND_PAR,4,26.06,20.39,True,synthetic_scenario_generator,26006
2021-06-21,IND_PAR,4,31.58,25.06,True,synthetic_scenario_generator,26006
2021-06-22,IND_PAR,4,23.14,17.91,True,synthetic_scenario_generator,26006
2021-06-23,IND_PAR,4,34.27,27.35,True,synthetic_scenario_generator,26006
2021-06-24,IND_PAR,4,20.92,16.03,True,synthetic_scenario_generator,26006
2021-06-25,IND_PAR,6,31.91,25.34,True,synthetic_scenario_generator,26006
2021-06-26,IND_PAR,4,34.41,27.46,True,synthetic_scenario_generator,26006
2021-06-27,IND_PAR,3,21.16,16.24,True,synthetic_scenario_generator,26006
2021-06-28,IND_PAR,4,38.03,30.53,True,synthetic_scenario_generator,26006
2021-06-29,IND_PAR,5,20.11,15.35,True,synthetic_scenario_generator,26006
2021-06-30,IND_PAR,5,43.35,35.04,True,synthetic_scenario_generator,26006
2021-07-01,IND_PAR,4,37.09,29.74,True,synthetic_scenario_generator,26006
2021-07-02,IND_PAR,4,31.11,24.67,True,synthetic_scenario_generator,26006
2021-07-03,IND_PAR,3,26.68,20.91,True,synthetic_scenario_generator,26006
2021-07-04,IND_PAR,4,28.1,22.12,True,synthetic_scenario_generator,26006
2021-07-05,IND_PAR,4,30.92,24.51,True,synthetic_scenario_generator,26006
2021-07-06,IND_PAR,5,27.2,21.36,True,synthetic_scenario_generator,26006
2021-07-07,IND_PAR,4,35.39,28.29,True,synthetic_scenario_generator,26006
2021-07-08,IND_PAR,5,40.15,32.33,True,synthetic_scenario_generator,26006
2021-07-09,IND_PAR,2,35.99,28.81,True,synthetic_scenario_generator,26006
2021-07-10,IND_PAR,4,40.01,32.21,True,synthetic_scenario_generator,26006
2021-07-11,IND_PAR,7,35.71,28.57,True,synthetic_scenario_generator,26006
2021-07-12,IND_PAR,6,40.26,32.43,True,synthetic_scenario_generator,26006
2021-07-13,IND_PAR,5,35.16,28.1,True,synthetic_scenario_generator,26006
2021-07-14,IND_PAR,1,34.15,27.25,True,synthetic_scenario_generator,26006
2021-07-15,IND_PAR,5,32.4,25.77,True,synthetic_scenario_generator,26006
2021-07-16,IND_PAR,6,29.11,22.97,True,synthetic_scenario_generator,26006
2021-07-17,IND_PAR,6,31.55,25.04,True,synthetic_scenario_generator,26006
2021-07-18,IND_PAR,4,32.77,26.08,True,synthetic_scenario_generator,26006
2021-07-19,IND_PAR,5,30.5,24.15,True,synthetic_scenario_generator,26006
2021-07-20,IND_PAR,5,34.58,27.61,True,synthetic_scenario_generator,26006
2021-07-21,IND_PAR,5,35.26,28.18,True,synthetic_scenario_generator,26006
2021-07-22,IND_PAR,4,38.48,30.91,True,synthetic_scenario_generator,26006
2021-07-23,IND_PAR,6,37.62,30.19,True,synthetic_scenario_generator,26006
2021-07-24,IND_PAR,4,32.39,25.75,True,synthetic_scenario_generator,26006
2021-07-25,IND_PAR,5,32.8,26.1,True,synthetic_scenario_generator,26006
2021-07-26,IND_PAR,5,30.88,24.47,True,synthetic_scenario_generator,26006
2021-07-27,IND_PAR,5,34.49,27.53,True,synthetic_scenario_generator,26006
2021-07-28,IND_PAR,5,32.76,26.07,True,synthetic_scenario_generator,26006
2021-07-29,IND_PAR,4,32.94,26.22,True,synthetic_scenario_generator,26006
2021-07-30,IND_PAR,6,23.28,18.04,True,synthetic_scenario_generator,26006
2021-07-31,IND_PAR,3,36.59,29.31,True,synthetic_scenario_generator,26006
2021-08-01,IND_PAR,4,29.05,22.92,True,synthetic_scenario_generator,26006
2021-08-02,IND_PAR,5,27.59,21.69,True,synthetic_scenario_generator,26006
2021-08-03,IND_PAR,5,34.26,27.34,True,synthetic_scenario_generator,26006
2021-08-04,IND_PAR,4,33.28,26.51,True,synthetic_scenario_generator,26006
2021-08-05,IND_PAR,2,26.0,20.34,True,synthetic_scenario_generator,26006
2021-08-06,IND_PAR,3,31.3,24.83,True,synthetic_scenario_generator,26006
2021-08-07,IND_PAR,6,23.95,18.6,True,synthetic_scenario_generator,26006
2021-08-08,IND_PAR,5,34.85,27.84,True,synthetic_scenario_generator,26006
2021-08-09,IND_PAR,5,26.5,20.76,True,synthetic_scenario_generator,26006
2021-08-10,IND_PAR,4,22.09,17.03,True,synthetic_scenario_generator,26006
2021-08-11,IND_PAR,1,23.6,18.3,True,synthetic_scenario_generator,26006
2021-08-12,IND_PAR,3,24.7,19.24,True,synthetic_scenario_generator,26006
2021-08-13,IND_PAR,4,16.19,12.02,True,synthetic_scenario_generator,26006
2021-08-14,IND_PAR,4,20.66,15.81,True,synthetic_scenario_generator,26006
2021-08-15,IND_PAR,4,25.24,19.69,True,synthetic_scenario_generator,26006
2021-08-16,IND_PAR,4,24.9,19.4,True,synthetic_scenario_generator,26006
2021-08-17,IND_PAR,3,23.21,17.97,True,synthetic_scenario_generator,26006
2021-08-18,IND_PAR,4,23.87,18.53,True,synthetic_scenario_generator,26006
2021-08-19,IND_PAR,5,22.57,17.43,True,synthetic_scenario_generator,26006
2021-08-20,IND_PAR,3,18.66,14.12,True,synthetic_scenario_generator,26006
2021-08-21,IND_PAR,2,18.56,14.03,True,synthetic_scenario_generator,26006
2021-08-22,IND_PAR,3,20.75,15.89,True,synthetic_scenario_generator,26006
2021-08-23,IND_PAR,1,17.45,13.09,True,synthetic_scenario_generator,26006
2021-08-24,IND_PAR,4,18.38,13.88,True,synthetic_scenario_generator,26006
2021-08-25,IND_PAR,5,19.35,14.71,True,synthetic_scenario_generator,26006
2021-08-26,IND_PAR,3,13.15,9.45,True,synthetic_scenario_generator,26006
2021-08-27,IND_PAR,4,17.97,13.54,True,synthetic_scenario_generator,26006
2021-08-28,IND_PAR,4,12.01,8.49,True,synthetic_scenario_generator,26006
2021-08-29,IND_PAR,3,23.67,18.37,True,synthetic_scenario_generator,26006
2021-08-30,IND_PAR,4,19.9,15.17,True,synthetic_scenario_generator,26006
2021-08-31,IND_PAR,3,25.97,20.32,True,synthetic_scenario_generator,26006
2021-09-01,IND_PAR,5,12.83,9.18,True,synthetic_scenario_generator,26006
2021-09-02,IND_PAR,3,23.47,18.19,True,synthetic_scenario_generator,26006
2021-09-03,IND_PAR,3,26.21,20.51,True,synthetic_scenario_generator,26006
2021-09-04,IND_PAR,2,12.79,9.15,True,synthetic_scenario_generator,26006
2021-09-05,IND_PAR,4,22.19,17.11,True,synthetic_scenario_generator,26006
2021-09-06,IND_PAR,3,12.75,9.11,True,synthetic_scenario_generator,26006
2021-09-07,IND_PAR,3,18.8,14.24,True,synthetic_scenario_generator,26006
2021-09-08,IND_PAR,6,18.22,13.74,True,synthetic_scenario_generator,26006
2021-09-09,IND_PAR,1,13.98,10.15,True,synthetic_scenario_generator,26006
2021-09-10,IND_PAR,5,27.25,21.4,True,synthetic_scenario_generator,26006
2021-09-11,IND_PAR,4,16.26,12.08,True,synthetic_scenario_generator,26006
2021-09-12,IND_PAR,4,18.9,14.32,True,synthetic_scenario_generator,26006
2021-09-13,IND_PAR,4,20.58,15.75,True,synthetic_scenario_generator,26006
2021-09-14,IND_PAR,3,23.13,17.91,True,synthetic_scenario_generator,26006
2021-09-15,IND_PAR,3,26.32,20.61,True,synthetic_scenario_generator,26006
2021-09-16,IND_PAR,3,28.37,22.35,True,synthetic_scenario_generator,26006
2021-09-17,IND_PAR,5,16.35,12.16,True,synthetic_scenario_generator,26006
2021-09-18,IND_PAR,3,20.9,16.02,True,synthetic_scenario_generator,26006
2021-09-19,IND_PAR,4,23.72,18.41,True,synthetic_scenario_generator,26006
2021-09-20,IND_PAR,2,25.76,20.14,True,synthetic_scenario_generator,26006
2021-09-21,IND_PAR,2,19.74,15.03,True,synthetic_scenario_generator,26006
2021-09-22,IND_PAR,4,24.92,19.43,True,synthetic_scenario_generator,26006
2021-09-23,IND_PAR,4,33.64,26.81,True,synthetic_scenario_generator,26006
2021-09-24,IND_PAR,5,34.79,27.78,True,synthetic_scenario_generator,26006
2021-09-25,IND_PAR,4,29.33,23.16,True,synthetic_scenario_generator,26006
2021-09-26,IND_PAR,5,34.16,27.25,True,synthetic_scenario_generator,26006
2021-09-27,IND_PAR,4,29.12,22.98,True,synthetic_scenario_generator,26006
2021-09-28,IND_PAR,5,30.79,24.4,True,synthetic_scenario_generator,26006
2021-09-29,IND_PAR,5,31.62,25.1,True,synthetic_scenario_generator,26006
2021-09-30,IND_PAR,5,19.02,14.42,True,synthetic_scenario_generator,26006
2021-10-01,IND_PAR,5,32.36,25.73,True,synthetic_scenario_generator,26006
2021-10-02,IND_PAR,3,38.34,30.8,True,synthetic_scenario_generator,26006
2021-10-03,IND_PAR,4,31.94,25.37,True,synthetic_scenario_generator,26006
2021-10-04,IND_PAR,3,26.98,21.17,True,synthetic_scenario_generator,26006
2021-10-05,IND_PAR,4,25.15,19.62,True,synthetic_scenario_generator,26006
2021-10-06,IND_PAR,4,29.42,23.23,True,synthetic_scenario_generator,26006
2021-10-07,IND_PAR,5,33.31,26.53,True,synthetic_scenario_generator,26006
2021-10-08,IND_PAR,3,35.65,28.52,True,synthetic_scenario_generator,26006
2021-10-09,IND_PAR,5,46.34,37.58,True,synthetic_scenario_generator,26006
2021-10-10,IND_PAR,4,25.76,20.14,True,synthetic_scenario_generator,26006
2021-10-11,IND_PAR,4,34.46,27.51,True,synthetic_scenario_generator,26006
2021-10-12,IND_PAR,3,23.89,18.55,True,synthetic_scenario_generator,26006
2021-10-13,IND_PAR,5,31.35,24.87,True,synthetic_scenario_generator,26006
2021-10-14,IND_PAR,5,35.53,28.41,True,synthetic_scenario_generator,26006
2021-10-15,IND_PAR,6,37.95,30.47,True,synthetic_scenario_generator,26006
2021-10-16,IND_PAR,2,32.72,26.04,True,synthetic_scenario_generator,26006
2021-10-17,IND_PAR,5,31.6,25.08,True,synthetic_scenario_generator,26006
2021-10-18,IND_PAR,5,47.88,38.88,True,synthetic_scenario_generator,26006
2021-10-19,IND_PAR,6,39.83,32.06,True,synthetic_scenario_generator,26006
2021-10-20,IND_PAR,4,38.69,31.09,True,synthetic_scenario_generator,26006
2021-10-21,IND_PAR,4,32.17,25.57,True,synthetic_scenario_generator,26006
2021-10-22,IND_PAR,7,30.02,23.75,True,synthetic_scenario_generator,26006
2021-10-23,IND_PAR,4,38.95,31.31,True,synthetic_scenario_generator,26006
2021-10-24,IND_PAR,4,32.72,26.03,True,synthetic_scenario_generator,26006
2021-10-25,IND_PAR,3,35.76,28.61,True,synthetic_scenario_generator,26006
2021-10-26,IND_PAR,4,33.9,27.04,True,synthetic_scenario_generator,26006
2021-10-27,IND_PAR,6,38.45,30.89,True,synthetic_scenario_generator,26006
2021-10-28,IND_PAR,4,19.19,14.57,True,synthetic_scenario_generator,26006
2021-10-29,IND_PAR,5,34.46,27.51,True,synthetic_scenario_generator,26006
2021-10-30,IND_PAR,4,28.43,22.4,True,synthetic_scenario_generator,26006
2021-10-31,IND_PAR,3,26.61,20.85,True,synthetic_scenario_generator,26006
2021-11-01,IND_PAR,5,35.27,28.2,True,synthetic_scenario_generator,26006
2021-11-02,IND_PAR,4,27.6,21.69,True,synthetic_scenario_generator,26006
2021-11-03,IND_PAR,2,25.7,20.08,True,synthetic_scenario_generator,26006
2021-11-04,IND_PAR,3,34.31,27.38,True,synthetic_scenario_generator,26006
2021-11-05,IND_PAR,5,32.97,26.24,True,synthetic_scenario_generator,26006
2021-11-06,IND_PAR,4,23.57,18.28,True,synthetic_scenario_generator,26006
2021-11-07,IND_PAR,4,22.05,16.99,True,synthetic_scenario_generator,26006
2021-11-08,IND_PAR,4,21.5,16.53,True,synthetic_scenario_generator,26006
2021-11-09,IND_PAR,4,22.17,17.1,True,synthetic_scenario_generator,26006
2021-11-10,IND_PAR,3,26.8,21.01,True,synthetic_scenario_generator,26006
2021-11-11,IND_PAR,2,10.25,6.99,True,synthetic_scenario_generator,26006
2021-11-12,IND_PAR,4,21.56,16.57,True,synthetic_scenario_generator,26006
2021-11-13,IND_PAR,3,23.77,18.45,True,synthetic_scenario_generator,26006
2021-11-14,IND_PAR,2,23.78,18.46,True,synthetic_scenario_generator,26006
2021-11-15,IND_PAR,4,14.69,10.75,True,synthetic_scenario_generator,26006
2021-11-16,IND_PAR,4,20.43,15.62,True,synthetic_scenario_generator,26006
2021-11-17,IND_PAR,4,32.14,25.54,True,synthetic_scenario_generator,26006
2021-11-18,IND_PAR,3,10.11,6.87,True,synthetic_scenario_generator,26006
2021-11-19,IND_PAR,3,9.96,6.74,True,synthetic_scenario_generator,26006
2021-11-20,IND_PAR,4,19.81,15.09,True,synthetic_scenario_generator,26006
2021-11-21,IND_PAR,2,14.41,10.52,True,synthetic_scenario_generator,26006
2021-11-22,IND_PAR,3,10.67,7.34,True,synthetic_scenario_generator,26006
2021-11-23,IND_PAR,2,16.49,12.28,True,synthetic_scenario_generator,26006
2021-11-24,IND_PAR,3,12.54,8.93,True,synthetic_scenario_generator,26006
2021-11-25,IND_PAR,3,14.3,10.43,True,synthetic_scenario_generator,26006
2021-11-26,IND_PAR,2,11.89,8.38,True,synthetic_scenario_generator,26006
2021-11-27,IND_PAR,3,11.54,8.08,True,synthetic_scenario_generator,26006
2021-11-28,IND_PAR,3,12.64,9.02,True,synthetic_scenario_generator,26006
2021-11-29,IND_PAR,2,13.66,9.88,True,synthetic_scenario_generator,26006
2021-11-30,IND_PAR,2,23.55,18.26,True,synthetic_scenario_generator,26006
2021-12-01,IND_PAR,1,14.72,10.78,True,synthetic_scenario_generator,26006
2021-12-02,IND_PAR,3,4.57,2.18,True,synthetic_scenario_generator,26006
2021-12-03,IND_PAR,5,14.8,10.85,True,synthetic_scenario_generator,26006
2021-12-04,IND_PAR,2,18.36,13.86,True,synthetic_scenario_generator,26006
2021-12-05,IND_PAR,5,14.63,10.71,True,synthetic_scenario_generator,26006
2021-12-06,IND_PAR,4,22.61,17.47,True,synthetic_scenario_generator,26006
2021-12-07,IND_PAR,2,10.39,7.11,True,synthetic_scenario_generator,26006
2021-12-08,IND_PAR,2,11.92,8.41,True,synthetic_scenario_generator,26006
2021-12-09,IND_PAR,4,16.0,11.87,True,synthetic_scenario_generator,26006
2021-12-10,IND_PAR,3,28.65,22.59,True,synthetic_scenario_generator,26006
2021-12-11,IND_PAR,3,16.99,12.71,True,synthetic_scenario_generator,26006
2021-12-12,IND_PAR,3,21.53,16.55,True,synthetic_scenario_generator,26006
2021-12-13,IND_PAR,3,17.57,13.19,True,synthetic_scenario_generator,26006
2021-12-14,IND_PAR,3,16.57,12.35,True,synthetic_scenario_generator,26006
2021-12-15,IND_PAR,4,25.72,20.1,True,synthetic_scenario_generator,26006
2021-12-16,IND_PAR,4,17.3,12.96,True,synthetic_scenario_generator,26006
2021-12-17,IND_PAR,3,33.59,26.77,True,synthetic_scenario_generator,26006
2021-12-18,IND_PAR,4,18.45,13.94,True,synthetic_scenario_generator,26006
2021-12-19,IND_PAR,5,20.29,15.5,True,synthetic_scenario_generator,26006
2021-12-20,IND_PAR,4,15.47,11.42,True,synthetic_scenario_generator,26006
2021-12-21,IND_PAR,2,28.53,22.48,True,synthetic_scenario_generator,26006
2021-12-22,IND_PAR,0,19.7,15.0,True,synthetic_scenario_generator,26006
2021-12-23,IND_PAR,2,16.25,12.07,True,synthetic_scenario_generator,26006
2021-12-24,IND_PAR,3,22.68,17.52,True,synthetic_scenario_generator,26006
2021-12-25,IND_PAR,3,24.02,18.66,True,synthetic_scenario_generator,26006
2021-12-26,IND_PAR,5,28.65,22.59,True,synthetic_scenario_generator,26006
2021-12-27,IND_PAR,4,30.71,24.33,True,synthetic_scenario_generator,26006
2021-12-28,IND_PAR,2,32.0,25.42,True,synthetic_scenario_generator,26006
2021-12-29,IND_PAR,3,28.52,22.47,True,synthetic_scenario_generator,26006
2021-12-30,IND_PAR,4,23.72,18.4,True,synthetic_scenario_generator,26006
2021-12-31,IND_PAR,4,36.43,29.18,True,synthetic_scenario_generator,26006
2022-01-01,IND_PAR,4,17.01,12.72,True,synthetic_scenario_generator,26006
2022-01-02,IND_PAR,5,31.19,24.74,True,synthetic_scenario_generator,26006
2022-01-03,IND_PAR,4,33.86,27.0,True,synthetic_scenario_generator,26006
2022-01-04,IND_PAR,3,32.89,26.18,True,synthetic_scenario_generator,26006
2022-01-05,IND_PAR,4,28.74,22.66,True,synthetic_scenario_generator,26006
2022-01-06,IND_PAR,4,32.6,25.93,True,synthetic_scenario_generator,26006
2022-01-07,IND_PAR,5,28.49,22.45,True,synthetic_scenario_generator,26006
2022-01-08,IND_PAR,5,31.05,24.62,True,synthetic_scenario_generator,26006
2022-01-09,IND_PAR,4,23.98,18.62,True,synthetic_scenario_generator,26006
2022-01-10,IND_PAR,3,38.89,31.26,True,synthetic_scenario_generator,26006
2022-01-11,IND_PAR,4,24.26,18.86,True,synthetic_scenario_generator,26006
2022-01-12,IND_PAR,7,23.96,18.61,True,synthetic_scenario_generator,26006
2022-01-13,IND_PAR,4,32.13,25.54,True,synthetic_scenario_generator,26006
2022-01-14,IND_PAR,6,37.0,29.66,True,synthetic_scenario_generator,26006
2022-01-15,IND_PAR,5,34.33,27.4,True,synthetic_scenario_generator,26006
2022-01-16,IND_PAR,4,30.73,24.35,True,synthetic_scenario_generator,26006
2022-01-17,IND_PAR,4,24.58,19.13,True,synthetic_scenario_generator,26006
2022-01-18,IND_PAR,5,25.96,20.31,True,synthetic_scenario_generator,26006
2022-01-19,IND_PAR,2,26.55,20.81,True,synthetic_scenario_generator,26006
2022-01-20,IND_PAR,5,24.87,19.38,True,synthetic_scenario_generator,26006
2022-01-21,IND_PAR,5,30.15,23.85,True,synthetic_scenario_generator,26006
2022-01-22,IND_PAR,4,27.25,21.39,True,synthetic_scenario_generator,26006
2022-01-23,IND_PAR,4,28.68,22.61,True,synthetic_scenario_generator,26006
2022-01-24,IND_PAR,5,33.46,26.66,True,synthetic_scenario_generator,26006
2022-01-25,IND_PAR,3,26.51,20.77,True,synthetic_scenario_generator,26006
2022-01-26,IND_PAR,3,25.58,19.98,True,synthetic_scenario_generator,26006
2022-01-27,IND_PAR,3,24.14,18.77,True,synthetic_scenario_generator,26006
2022-01-28,IND_PAR,2,27.92,21.96,True,synthetic_scenario_generator,26006
2022-01-29,IND_PAR,2,16.38,12.19,True,synthetic_scenario_generator,26006
2022-01-30,IND_PAR,3,6.83,4.09,True,synthetic_scenario_generator,26006
2022-01-31,IND_PAR,4,26.35,20.64,True,synthetic_scenario_generator,26006
2022-02-01,IND_PAR,4,36.19,28.98,True,synthetic_scenario_generator,26006
2022-02-02,IND_PAR,5,18.18,13.71,True,synthetic_scenario_generator,26006
2022-02-03,IND_PAR,3,20.56,15.73,True,synthetic_scenario_generator,26006
2022-02-04,IND_PAR,3,15.55,11.48,True,synthetic_scenario_generator,26006
2022-02-05,IND_PAR,4,19.68,14.99,True,synthetic_scenario_generator,26006
2022-02-06,IND_PAR,3,5.94,3.34,True,synthetic_scenario_generator,26006
2022-02-07,IND_PAR,3,23.45,18.18,True,synthetic_scenario_generator,26006
2022-02-08,IND_PAR,2,2.0,0.0,True,synthetic_scenario_generator,26006
2022-02-09,IND_PAR,2,21.53,16.55,True,synthetic_scenario_generator,26006
2022-02-10,IND_PAR,4,29.67,23.45,True,synthetic_scenario_generator,26006
2022-02-11,IND_PAR,3,20.94,16.05,True,synthetic_scenario_generator,26006
2022-02-12,IND_PAR,4,18.78,14.22,True,synthetic_scenario_generator,26006
2022-02-13,IND_PAR,3,7.67,4.8,True,synthetic_scenario_generator,26006
2022-02-14,IND_PAR,3,16.54,12.32,True,synthetic_scenario_generator,26006
2022-02-15,IND_PAR,3,18.53,14.01,True,synthetic_scenario_generator,26006
2022-02-16,IND_PAR,2,7.51,4.67,True,synthetic_scenario_generator,26006
2022-02-17,IND_PAR,3,10.64,7.32,True,synthetic_scenario_generator,26006
2022-02-18,IND_PAR,1,15.43,11.38,True,synthetic_scenario_generator,26006
2022-02-19,IND_PAR,4,18.85,14.28,True,synthetic_scenario_generator,26006
2022-02-20,IND_PAR,4,16.24,12.07,True,synthetic_scenario_generator,26006
2022-02-21,IND_PAR,4,22.49,17.37,True,synthetic_scenario_generator,26006
2022-02-22,IND_PAR,3,20.27,15.48,True,synthetic_scenario_generator,26006
2022-02-23,IND_PAR,3,15.83,11.72,True,synthetic_scenario_generator,26006
2022-02-24,IND_PAR,4,23.95,18.6,True,synthetic_scenario_generator,26006
2022-02-25,IND_PAR,4,13.0,9.32,True,synthetic_scenario_generator,26006
2022-02-26,IND_PAR,5,18.05,13.6,True,synthetic_scenario_generator,26006
2022-02-27,IND_PAR,2,8.83,5.79,True,synthetic_scenario_generator,26006
2022-02-28,IND_PAR,2,13.22,9.51,True,synthetic_scenario_generator,26006
2022-03-01,IND_PAR,4,19.02,14.43,True,synthetic_scenario_generator,26006
2022-03-02,IND_PAR,3,11.76,8.27,True,synthetic_scenario_generator,26006
2022-03-03,IND_PAR,1,16.21,12.04,True,synthetic_scenario_generator,26006
2022-03-04,IND_PAR,4,5.76,3.18,True,synthetic_scenario_generator,26006
2022-03-05,IND_PAR,3,18.27,13.79,True,synthetic_scenario_generator,26006
2022-03-06,IND_PAR,1,11.68,8.2,True,synthetic_scenario_generator,26006
2022-03-07,IND_PAR,1,17.79,13.38,True,synthetic_scenario_generator,26006
2022-03-08,IND_PAR,2,6.21,3.56,True,synthetic_scenario_generator,26006
2022-03-09,IND_PAR,3,15.72,11.63,True,synthetic_scenario_generator,26006
2022-03-10,IND_PAR,2,14.82,10.87,True,synthetic_scenario_generator,26006
2022-03-11,IND_PAR,2,17.87,13.45,True,synthetic_scenario_generator,26006
2022-03-12,IND_PAR,3,16.12,11.96,True,synthetic_scenario_generator,26006
2022-03-13,IND_PAR,3,26.37,20.65,True,synthetic_scenario_generator,26006
2022-03-14,IND_PAR,4,10.11,6.88,True,synthetic_scenario_generator,26006
2022-03-15,IND_PAR,4,22.22,17.13,True,synthetic_scenario_generator,26006
2022-03-16,IND_PAR,4,28.24,22.23,True,synthetic_scenario_generator,26006
2022-03-17,IND_PAR,2,17.21,12.89,True,synthetic_scenario_generator,26006
2022-03-18,IND_PAR,3,22.11,17.05,True,synthetic_scenario_generator,26006
2022-03-19,IND_PAR,5,20.18,15.41,True,synthetic_scenario_generator,26006
2022-03-20,IND_PAR,3,16.38,12.18,True,synthetic_scenario_generator,26006
2022-03-21,IND_PAR,3,23.81,18.48,True,synthetic_scenario_generator,26006
2022-03-22,IND_PAR,2,16.41,12.22,True,synthetic_scenario_generator,26006
2022-03-23,IND_PAR,5,33.79,26.94,True,synthetic_scenario_generator,26006
2022-03-24,IND_PAR,4,31.65,25.13,True,synthetic_scenario_generator,26006
2022-03-25,IND_PAR,4,22.11,17.04,True,synthetic_scenario_generator,26006
2022-03-26,IND_PAR,4,19.82,15.1,True,synthetic_scenario_generator,26006
2022-03-27,IND_PAR,3,21.97,16.93,True,synthetic_scenario_generator,26006
2022-03-28,IND_PAR,3,12.3,8.73,True,synthetic_scenario_generator,26006
2022-03-29,IND_PAR,3,24.59,19.15,True,synthetic_scenario_generator,26006
2022-03-30,IND_PAR,3,26.55,20.8,True,synthetic_scenario_generator,26006
2022-03-31,IND_PAR,3,24.05,18.69,True,synthetic_scenario_generator,26006
2022-04-01,IND_PAR,3,25.57,19.98,True,synthetic_scenario_generator,26006
2022-04-02,IND_PAR,3,29.11,22.98,True,synthetic_scenario_generator,26006
2022-04-03,IND_PAR,7,35.0,27.96,True,synthetic_scenario_generator,26006
2022-04-04,IND_PAR,4,31.79,25.25,True,synthetic_scenario_generator,26006
2022-04-05,IND_PAR,3,27.79,21.86,True,synthetic_scenario_generator,26006
2022-04-06,IND_PAR,5,36.77,29.47,True,synthetic_scenario_generator,26006
2022-04-07,IND_PAR,3,21.72,16.71,True,synthetic_scenario_generator,26006
2022-04-08,IND_PAR,4,33.06,26.33,True,synthetic_scenario_generator,26006
2022-04-09,IND_PAR,4,42.78,34.56,True,synthetic_scenario_generator,26006
2022-04-10,IND_PAR,3,35.35,28.26,True,synthetic_scenario_generator,26006
2022-04-11,IND_PAR,4,38.69,31.1,True,synthetic_scenario_generator,26006
2022-04-12,IND_PAR,5,34.46,27.51,True,synthetic_scenario_generator,26006
2022-04-13,IND_PAR,5,29.38,23.21,True,synthetic_scenario_generator,26006
2022-04-14,IND_PAR,6,43.56,35.22,True,synthetic_scenario_generator,26006
2022-04-15,IND_PAR,3,24.65,19.19,True,synthetic_scenario_generator,26006
2022-04-16,IND_PAR,3,31.91,25.35,True,synthetic_scenario_generator,26006
2022-04-17,IND_PAR,4,29.61,23.4,True,synthetic_scenario_generator,26006
2022-04-18,IND_PAR,5,36.4,29.15,True,synthetic_scenario_generator,26006
2022-04-19,IND_PAR,4,18.44,13.93,True,synthetic_scenario_generator,26006
2022-04-20,IND_PAR,2,35.19,28.13,True,synthetic_scenario_generator,26006
2022-04-21,IND_PAR,4,31.12,24.68,True,synthetic_scenario_generator,26006
2022-04-22,IND_PAR,3,27.84,21.9,True,synthetic_scenario_generator,26006
2022-04-23,IND_PAR,4,28.2,22.2,True,synthetic_scenario_generator,26006
2022-04-24,IND_PAR,4,36.86,29.55,True,synthetic_scenario_generator,26006
2022-04-25,IND_PAR,3,25.54,19.95,True,synthetic_scenario_generator,26006
2022-04-26,IND_PAR,3,23.36,18.1,True,synthetic_scenario_generator,26006
2022-04-27,IND_PAR,2,27.15,21.32,True,synthetic_scenario_generator,26006
2022-04-28,IND_PAR,3,32.16,25.56,True,synthetic_scenario_generator,26006
2022-04-29,IND_PAR,5,30.44,24.1,True,synthetic_scenario_generator,26006
2022-04-30,IND_PAR,5,24.81,19.33,True,synthetic_scenario_generator,26006
2022-05-01,IND_PAR,3,24.82,19.34,True,synthetic_scenario_generator,26006
2022-05-02,IND_PAR,3,27.57,21.67,True,synthetic_scenario_generator,26006
2022-05-03,IND_PAR,4,25.22,19.68,True,synthetic_scenario_generator,26006
2022-05-04,IND_PAR,4,28.3,22.29,True,synthetic_scenario_generator,26006
2022-05-05,IND_PAR,5,29.15,23.0,True,synthetic_scenario_generator,26006
2022-05-06,IND_PAR,4,20.16,15.39,True,synthetic_scenario_generator,26006
2022-05-07,IND_PAR,3,26.44,20.72,True,synthetic_scenario_generator,26006
2022-05-08,IND_PAR,4,22.62,17.48,True,synthetic_scenario_generator,26006
2022-05-09,IND_PAR,4,19.7,15.0,True,synthetic_scenario_generator,26006
2022-05-10,IND_PAR,3,22.35,17.24,True,synthetic_scenario_generator,26006
2022-05-11,IND_PAR,4,11.89,8.38,True,synthetic_scenario_generator,26006
2022-05-12,IND_PAR,4,31.33,24.85,True,synthetic_scenario_generator,26006
2022-05-13,IND_PAR,2,13.11,9.42,True,synthetic_scenario_generator,26006
2022-05-14,IND_PAR,3,22.45,17.33,True,synthetic_scenario_generator,26006
2022-05-15,IND_PAR,3,20.06,15.3,True,synthetic_scenario_generator,26006
2022-05-16,IND_PAR,3,18.53,14.0,True,synthetic_scenario_generator,26006
2022-05-17,IND_PAR,4,20.68,15.83,True,synthetic_scenario_generator,26006
2022-05-18,IND_PAR,3,14.51,10.6,True,synthetic_scenario_generator,26006
2022-05-19,IND_PAR,2,18.16,13.7,True,synthetic_scenario_generator,26006
2022-05-20,IND_PAR,4,19.35,14.7,True,synthetic_scenario_generator,26006
2022-05-21,IND_PAR,5,16.09,11.94,True,synthetic_scenario_generator,26006
2022-05-22,IND_PAR,3,25.14,19.61,True,synthetic_scenario_generator,26006
2022-05-23,IND_PAR,4,24.96,19.46,True,synthetic_scenario_generator,26006
2022-05-24,IND_PAR,4,16.97,12.68,True,synthetic_scenario_generator,26006
2022-05-25,IND_PAR,5,16.38,12.19,True,synthetic_scenario_generator,26006
2022-05-26,IND_PAR,3,13.44,9.7,True,synthetic_scenario_generator,26006
2022-05-27,IND_PAR,5,13.36,9.62,True,synthetic_scenario_generator,26006
2022-05-28,IND_PAR,2,15.12,11.12,True,synthetic_scenario_generator,26006
2022-05-29,IND_PAR,2,15.2,11.19,True,synthetic_scenario_generator,26006
2022-05-30,IND_PAR,2,16.48,12.27,True,synthetic_scenario_generator,26006
2022-05-31,IND_PAR,5,18.51,13.99,True,synthetic_scenario_generator,26006
2022-06-01,IND_PAR,1,17.61,13.23,True,synthetic_scenario_generator,26006
2022-06-02,IND_PAR,2,21.72,16.71,True,synthetic_scenario_generator,26006
2022-06-03,IND_PAR,2,18.98,14.39,True,synthetic_scenario_generator,26006
2022-06-04,IND_PAR,1,15.55,11.48,True,synthetic_scenario_generator,26006
2022-06-05,IND_PAR,4,23.53,18.25,True,synthetic_scenario_generator,26006
2022-06-06,IND_PAR,4,26.07,20.4,True,synthetic_scenario_generator,26006
2022-06-07,IND_PAR,3,27.76,21.83,True,synthetic_scenario_generator,26006
2022-06-08,IND_PAR,3,20.83,15.96,True,synthetic_scenario_generator,26006
2022-06-09,IND_PAR,5,26.09,20.42,True,synthetic_scenario_generator,26006
2022-06-10,IND_PAR,5,30.7,24.33,True,synthetic_scenario_generator,26006
2022-06-11,IND_PAR,5,30.95,24.53,True,synthetic_scenario_generator,26006
2022-06-12,IND_PAR,6,32.24,25.63,True,synthetic_scenario_generator,26006
2022-06-13,IND_PAR,5,28.68,22.61,True,synthetic_scenario_generator,26006
2022-06-14,IND_PAR,6,31.11,24.67,True,synthetic_scenario_generator,26006
2022-06-15,IND_PAR,5,34.14,27.24,True,synthetic_scenario_generator,26006
2022-06-16,IND_PAR,4,29.82,23.57,True,synthetic_scenario_generator,26006
2022-06-17,IND_PAR,5,17.01,12.72,True,synthetic_scenario_generator,26006
2022-06-18,IND_PAR,4,29.15,23.01,True,synthetic_scenario_generator,26006
2022-06-19,IND_PAR,4,35.67,28.54,True,synthetic_scenario_generator,26006
2022-06-20,IND_PAR,5,28.67,22.6,True,synthetic_scenario_generator,26006
2022-06-21,IND_PAR,4,25.89,20.25,True,synthetic_scenario_generator,26006
2022-06-22,IND_PAR,2,30.49,24.15,True,synthetic_scenario_generator,26006
2022-06-23,IND_PAR,2,33.12,26.37,True,synthetic_scenario_generator,26006
2022-06-24,IND_PAR,6,27.33,21.46,True,synthetic_scenario_generator,26006
2022-06-25,IND_PAR,3,22.84,17.66,True,synthetic_scenario_generator,26006
2022-06-26,IND_PAR,4,35.94,28.76,True,synthetic_scenario_generator,26006
2022-06-27,IND_PAR,4,31.42,24.93,True,synthetic_scenario_generator,26006
2022-06-28,IND_PAR,4,35.76,28.61,True,synthetic_scenario_generator,26006
2022-06-29,IND_PAR,4,28.78,22.69,True,synthetic_scenario_generator,26006
2022-06-30,IND_PAR,4,29.98,23.71,True,synthetic_scenario_generator,26006
2022-07-01,IND_PAR,4,19.1,14.49,True,synthetic_scenario_generator,26006
2022-07-02,IND_PAR,4,37.06,29.71,True,synthetic_scenario_generator,26006
2022-07-03,IND_PAR,6,30.71,24.33,True,synthetic_scenario_generator,26006
2022-07-04,IND_PAR,5,31.71,25.18,True,synthetic_scenario_generator,26006
2022-07-05,IND_PAR,5,27.14,21.3,True,synthetic_scenario_generator,26006
2022-07-06,IND_PAR,4,30.91,24.5,True,synthetic_scenario_generator,26006
2022-07-07,IND_PAR,5,42.79,34.57,True,synthetic_scenario_generator,26006
2022-07-08,IND_PAR,5,34.53,27.57,True,synthetic_scenario_generator,26006
2022-07-09,IND_PAR,4,33.23,26.46,True,synthetic_scenario_generator,26006
2022-07-10,IND_PAR,6,31.97,25.39,True,synthetic_scenario_generator,26006
2022-07-11,IND_PAR,5,42.03,33.92,True,synthetic_scenario_generator,26006
2022-07-12,IND_PAR,4,39.67,31.92,True,synthetic_scenario_generator,26006
2022-07-13,IND_PAR,6,44.92,36.37,True,synthetic_scenario_generator,26006
2022-07-14,IND_PAR,6,36.51,29.25,True,synthetic_scenario_generator,26006
2022-07-15,IND_PAR,5,35.1,28.05,True,synthetic_scenario_generator,26006
2022-07-16,IND_PAR,6,40.82,32.9,True,synthetic_scenario_generator,26006
2022-07-17,IND_PAR,3,34.67,27.69,True,synthetic_scenario_generator,26006
2022-07-18,IND_PAR,5,44.7,36.19,True,synthetic_scenario_generator,26006
2022-07-19,IND_PAR,5,32.73,26.05,True,synthetic_scenario_generator,26006
2022-07-20,IND_PAR,4,27.22,21.37,True,synthetic_scenario_generator,26006
2022-07-21,IND_PAR,5,40.58,32.69,True,synthetic_scenario_generator,26006
2022-07-22,IND_PAR,5,36.35,29.11,True,synthetic_scenario_generator,26006
2022-07-23,IND_PAR,7,38.93,31.3,True,synthetic_scenario_generator,26006
2022-07-24,IND_PAR,3,30.95,24.53,True,synthetic_scenario_generator,26006
2022-07-25,IND_PAR,4,25.98,20.32,True,synthetic_scenario_generator,26006
2022-07-26,IND_PAR,2,32.52,25.87,True,synthetic_scenario_generator,26006
2022-07-27,IND_PAR,3,29.35,23.17,True,synthetic_scenario_generator,26006
2022-07-28,IND_PAR,5,27.1,21.27,True,synthetic_scenario_generator,26006
2022-07-29,IND_PAR,5,33.12,26.37,True,synthetic_scenario_generator,26006
2022-07-30,IND_PAR,4,19.2,14.57,True,synthetic_scenario_generator,26006
2022-07-31,IND_PAR,5,29.92,23.66,True,synthetic_scenario_generator,26006
2022-08-01,IND_PAR,3,25.05,19.53,True,synthetic_scenario_generator,26006
2022-08-02,IND_PAR,4,23.05,17.84,True,synthetic_scenario_generator,26006
2022-08-03,IND_PAR,4,28.77,22.68,True,synthetic_scenario_generator,26006
2022-08-04,IND_PAR,5,32.58,25.92,True,synthetic_scenario_generator,26006
2022-08-05,IND_PAR,3,24.32,18.92,True,synthetic_scenario_generator,26006
2022-08-06,IND_PAR,3,21.35,16.4,True,synthetic_scenario_generator,26006
2022-08-07,IND_PAR,2,13.54,9.78,True,synthetic_scenario_generator,26006
2022-08-08,IND_PAR,4,24.19,18.8,True,synthetic_scenario_generator,26006
2022-08-09,IND_PAR,3,15.36,11.33,True,synthetic_scenario_generator,26006
2022-08-10,IND_PAR,5,25.68,20.07,True,synthetic_scenario_generator,26006
2022-08-11,IND_PAR,2,13.57,9.8,True,synthetic_scenario_generator,26006
2022-08-12,IND_PAR,3,25.93,20.28,True,synthetic_scenario_generator,26006
2022-08-13,IND_PAR,1,19.18,14.56,True,synthetic_scenario_generator,26006
2022-08-14,IND_PAR,3,7.45,4.61,True,synthetic_scenario_generator,26006
2022-08-15,IND_PAR,4,18.67,14.13,True,synthetic_scenario_generator,26006
2022-08-16,IND_PAR,5,23.17,17.94,True,synthetic_scenario_generator,26006
2022-08-17,IND_PAR,2,21.26,16.33,True,synthetic_scenario_generator,26006
2022-08-18,IND_PAR,3,21.67,16.67,True,synthetic_scenario_generator,26006
2022-08-19,IND_PAR,2,9.28,6.17,True,synthetic_scenario_generator,26006
2022-08-20,IND_PAR,3,17.74,13.34,True,synthetic_scenario_generator,26006
2022-08-21,IND_PAR,3,19.53,14.85,True,synthetic_scenario_generator,26006
2022-08-22,IND_PAR,4,20.1,15.34,True,synthetic_scenario_generator,26006
2022-08-23,IND_PAR,5,21.59,16.6,True,synthetic_scenario_generator,26006
2022-08-24,IND_PAR,3,11.96,8.44,True,synthetic_scenario_generator,26006
2022-08-25,IND_PAR,2,7.58,4.73,True,synthetic_scenario_generator,26006
2022-08-26,IND_PAR,2,16.89,12.61,True,synthetic_scenario_generator,26006
2022-08-27,IND_PAR,3,23.47,18.19,True,synthetic_scenario_generator,26006
2022-08-28,IND_PAR,3,21.37,16.42,True,synthetic_scenario_generator,26006
2022-08-29,IND_PAR,5,19.06,14.46,True,synthetic_scenario_generator,26006
2022-08-30,IND_PAR,1,13.98,10.15,True,synthetic_scenario_generator,26006
2022-08-31,IND_PAR,4,20.15,15.38,True,synthetic_scenario_generator,26006
2022-09-01,IND_PAR,5,27.12,21.29,True,synthetic_scenario_generator,26006
2022-09-02,IND_PAR,1,20.84,15.97,True,synthetic_scenario_generator,26006
2022-09-03,IND_PAR,4,20.42,15.61,True,synthetic_scenario_generator,26006
2022-09-04,IND_PAR,4,20.72,15.86,True,synthetic_scenario_generator,26006
2022-09-05,IND_PAR,5,17.82,13.41,True,synthetic_scenario_generator,26006
2022-09-06,IND_PAR,3,14.93,10.96,True,synthetic_scenario_generator,26006
2022-09-07,IND_PAR,2,22.5,17.37,True,synthetic_scenario_generator,26006
2022-09-08,IND_PAR,3,19.55,14.87,True,synthetic_scenario_generator,26006
2022-09-09,IND_PAR,4,21.83,16.8,True,synthetic_scenario_generator,26006
2022-09-10,IND_PAR,4,20.96,16.07,True,synthetic_scenario_generator,26006
2022-09-11,IND_PAR,3,19.88,15.15,True,synthetic_scenario_generator,26006
2022-09-12,IND_PAR,4,19.79,15.08,True,synthetic_scenario_generator,26006
2022-09-13,IND_PAR,4,19.28,14.64,True,synthetic_scenario_generator,26006
2022-09-14,IND_PAR,4,36.27,29.04,True,synthetic_scenario_generator,26006
2022-09-15,IND_PAR,4,31.72,25.18,True,synthetic_scenario_generator,26006
2022-09-16,IND_PAR,4,36.31,29.07,True,synthetic_scenario_generator,26006
2022-09-17,IND_PAR,6,31.45,24.96,True,synthetic_scenario_generator,26006
2022-09-18,IND_PAR,4,32.43,25.79,True,synthetic_scenario_generator,26006
2022-09-19,IND_PAR,4,24.15,18.77,True,synthetic_scenario_generator,26006
2022-09-20,IND_PAR,5,36.48,29.22,True,synthetic_scenario_generator,26006
2022-09-21,IND_PAR,3,33.1,26.36,True,synthetic_scenario_generator,26006
2022-09-22,IND_PAR,4,30.29,23.98,True,synthetic_scenario_generator,26006
2022-09-23,IND_PAR,3,30.2,23.9,True,synthetic_scenario_generator,26006
2022-09-24,IND_PAR,5,22.2,17.12,True,synthetic_scenario_generator,26006
2022-09-25,IND_PAR,3,16.39,12.19,True,synthetic_scenario_generator,26006
2022-09-26,IND_PAR,4,47.25,38.35,True,synthetic_scenario_generator,26006
2022-09-27,IND_PAR,5,34.36,27.42,True,synthetic_scenario_generator,26006
2022-09-28,IND_PAR,3,37.3,29.91,True,synthetic_scenario_generator,26006
2022-09-29,IND_PAR,5,35.88,28.71,True,synthetic_scenario_generator,26006
2022-09-30,IND_PAR,4,24.85,19.36,True,synthetic_scenario_generator,26006
2022-10-01,IND_PAR,5,26.04,20.38,True,synthetic_scenario_generator,26006
2022-10-02,IND_PAR,3,29.15,23.01,True,synthetic_scenario_generator,26006
2022-10-03,IND_PAR,5,23.27,18.02,True,synthetic_scenario_generator,26006
2022-10-04,IND_PAR,4,32.14,25.54,True,synthetic_scenario_generator,26006
2022-10-05,IND_PAR,4,34.56,27.59,True,synthetic_scenario_generator,26006
2022-10-06,IND_PAR,4,30.25,23.94,True,synthetic_scenario_generator,26006
2022-10-07,IND_PAR,4,24.46,19.03,True,synthetic_scenario_generator,26006
2022-10-08,IND_PAR,3,33.55,26.74,True,synthetic_scenario_generator,26006
2022-10-09,IND_PAR,5,39.4,31.7,True,synthetic_scenario_generator,26006
2022-10-10,IND_PAR,4,27.15,21.31,True,synthetic_scenario_generator,26006
2022-10-11,IND_PAR,4,42.3,34.15,True,synthetic_scenario_generator,26006
2022-10-12,IND_PAR,4,34.59,27.62,True,synthetic_scenario_generator,26006
2022-10-13,IND_PAR,6,40.7,32.8,True,synthetic_scenario_generator,26006
2022-10-14,IND_PAR,6,38.05,30.55,True,synthetic_scenario_generator,26006
2022-10-15,IND_PAR,5,28.51,22.47,True,synthetic_scenario_generator,26006
2022-10-16,IND_PAR,5,34.35,27.41,True,synthetic_scenario_generator,26006
2022-10-17,IND_PAR,4,23.53,18.25,True,synthetic_scenario_generator,26006
2022-10-18,IND_PAR,4,27.97,22.0,True,synthetic_scenario_generator,26006
2022-10-19,IND_PAR,4,35.09,28.04,True,synthetic_scenario_generator,26006
2022-10-20,IND_PAR,3,14.62,10.69,True,synthetic_scenario_generator,26006
2022-10-21,IND_PAR,3,34.51,27.55,True,synthetic_scenario_generator,26006
2022-10-22,IND_PAR,3,29.45,23.27,True,synthetic_scenario_generator,26006
2022-10-23,IND_PAR,2,13.8,10.0,True,synthetic_scenario_generator,26006
2022-10-24,IND_PAR,4,31.39,24.91,True,synthetic_scenario_generator,26006
2022-10-25,IND_PAR,3,29.28,23.12,True,synthetic_scenario_generator,26006
2022-10-26,IND_PAR,5,35.37,28.28,True,synthetic_scenario_generator,26006
2022-10-27,IND_PAR,3,30.1,23.82,True,synthetic_scenario_generator,26006
2022-10-28,IND_PAR,3,21.94,16.89,True,synthetic_scenario_generator,26006
2022-10-29,IND_PAR,4,36.14,28.94,True,synthetic_scenario_generator,26006
2022-10-30,IND_PAR,2,18.09,13.64,True,synthetic_scenario_generator,26006
2022-10-31,IND_PAR,3,22.51,17.38,True,synthetic_scenario_generator,26006
2022-11-01,IND_PAR,6,25.23,19.68,True,synthetic_scenario_generator,26006
2022-11-02,IND_PAR,1,20.75,15.89,True,synthetic_scenario_generator,26006
2022-11-03,IND_PAR,3,23.76,18.44,True,synthetic_scenario_generator,26006
2022-11-04,IND_PAR,4,21.19,16.26,True,synthetic_scenario_generator,26006
2022-11-05,IND_PAR,2,15.9,11.78,True,synthetic_scenario_generator,26006
2022-11-06,IND_PAR,4,21.43,16.47,True,synthetic_scenario_generator,26006
2022-11-07,IND_PAR,5,30.75,24.37,True,synthetic_scenario_generator,26006
2022-11-08,IND_PAR,3,12.22,8.66,True,synthetic_scenario_generator,26006
2022-11-09,IND_PAR,2,14.47,10.57,True,synthetic_scenario_generator,26006
2022-11-10,IND_PAR,4,22.81,17.64,True,synthetic_scenario_generator,26006
2022-11-11,IND_PAR,3,26.19,20.5,True,synthetic_scenario_generator,26006
2022-11-12,IND_PAR,2,21.57,16.59,True,synthetic_scenario_generator,26006
2022-11-13,IND_PAR,3,15.1,11.1,True,synthetic_scenario_generator,26006
2022-11-14,IND_PAR,4,20.83,15.96,True,synthetic_scenario_generator,26006
2022-11-15,IND_PAR,3,15.7,11.61,True,synthetic_scenario_generator,26006
2022-11-16,IND_PAR,2,13.65,9.87,True,synthetic_scenario_generator,26006
2022-11-17,IND_PAR,3,20.74,15.88,True,synthetic_scenario_generator,26006
2022-11-18,IND_PAR,3,15.92,11.79,True,synthetic_scenario_generator,26006
2022-11-19,IND_PAR,3,17.1,12.79,True,synthetic_scenario_generator,26006
2022-11-20,IND_PAR,3,13.8,10.0,True,synthetic_scenario_generator,26006
2022-11-21,IND_PAR,1,10.44,7.15,True,synthetic_scenario_generator,26006
2022-11-22,IND_PAR,3,13.34,9.61,True,synthetic_scenario_generator,26006
2022-11-23,IND_PAR,3,19.65,14.96,True,synthetic_scenario_generator,26006
2022-11-24,IND_PAR,3,14.36,10.47,True,synthetic_scenario_generator,26006
2022-11-25,IND_PAR,3,12.38,8.8,True,synthetic_scenario_generator,26006
2022-11-26,IND_PAR,2,14.74,10.8,True,synthetic_scenario_generator,26006
2022-11-27,IND_PAR,3,9.06,5.98,True,synthetic_scenario_generator,26006
2022-11-28,IND_PAR,2,13.64,9.87,True,synthetic_scenario_generator,26006
2022-11-29,IND_PAR,3,14.48,10.58,True,synthetic_scenario_generator,26006
2022-11-30,IND_PAR,3,12.03,8.5,True,synthetic_scenario_generator,26006
2022-12-01,IND_PAR,2,18.4,13.89,True,synthetic_scenario_generator,26006
2022-12-02,IND_PAR,1,23.55,18.26,True,synthetic_scenario_generator,26006
2022-12-03,IND_PAR,1,23.24,18.0,True,synthetic_scenario_generator,26006
2022-12-04,IND_PAR,2,19.88,15.15,True,synthetic_scenario_generator,26006
2022-12-05,IND_PAR,3,16.58,12.36,True,synthetic_scenario_generator,26006
2022-12-06,IND_PAR,3,16.91,12.64,True,synthetic_scenario_generator,26006
2022-12-07,IND_PAR,4,24.41,18.99,True,synthetic_scenario_generator,26006
2022-12-08,IND_PAR,2,17.67,13.28,True,synthetic_scenario_generator,26006
2022-12-09,IND_PAR,3,14.7,10.77,True,synthetic_scenario_generator,26006
2022-12-10,IND_PAR,3,18.62,14.09,True,synthetic_scenario_generator,26006
2022-12-11,IND_PAR,1,26.79,21.01,True,synthetic_scenario_generator,26006
2022-12-12,IND_PAR,1,16.71,12.47,True,synthetic_scenario_generator,26006
2022-12-13,IND_PAR,2,18.5,13.99,True,synthetic_scenario_generator,26006
2022-12-14,IND_PAR,5,27.64,21.73,True,synthetic_scenario_generator,26006
2022-12-15,IND_PAR,3,26.46,20.73,True,synthetic_scenario_generator,26006
2022-12-16,IND_PAR,4,24.4,18.98,True,synthetic_scenario_generator,26006
2022-12-17,IND_PAR,3,18.7,14.15,True,synthetic_scenario_generator,26006
2022-12-18,IND_PAR,4,20.51,15.68,True,synthetic_scenario_generator,26006
2022-12-19,IND_PAR,4,29.76,23.52,True,synthetic_scenario_generator,26006
2022-12-20,IND_PAR,3,21.11,16.2,True,synthetic_scenario_generator,26006
2022-12-21,IND_PAR,3,27.31,21.45,True,synthetic_scenario_generator,26006
2022-12-22,IND_PAR,4,21.51,16.54,True,synthetic_scenario_generator,26006
2022-12-23,IND_PAR,3,26.11,20.43,True,synthetic_scenario_generator,26006
2022-12-24,IND_PAR,3,34.78,27.78,True,synthetic_scenario_generator,26006
2022-12-25,IND_PAR,6,42.03,33.92,True,synthetic_scenario_generator,26006
2022-12-26,IND_PAR,3,32.42,25.78,True,synthetic_scenario_generator,26006
2022-12-27,IND_PAR,5,32.47,25.82,True,synthetic_scenario_generator,26006
2022-12-28,IND_PAR,1,33.9,27.03,True,synthetic_scenario_generator,26006
2022-12-29,IND_PAR,3,31.8,25.26,True,synthetic_scenario_generator,26006
2022-12-30,IND_PAR,4,33.41,26.62,True,synthetic_scenario_generator,26006
2022-12-31,IND_PAR,4,31.71,25.18,True,synthetic_scenario_generator,26006
2023-01-01,IND_PAR,5,29.78,23.55,True,synthetic_scenario_generator,26006
2023-01-02,IND_PAR,4,24.32,18.92,True,synthetic_scenario_generator,26006
2023-01-03,IND_PAR,3,25.07,19.55,True,synthetic_scenario_generator,26006
2023-01-04,IND_PAR,4,33.7,26.86,True,synthetic_scenario_generator,26006
2023-01-05,IND_PAR,2,38.23,30.7,True,synthetic_scenario_generator,26006
2023-01-06,IND_PAR,3,43.46,35.13,True,synthetic_scenario_generator,26006
2023-01-07,IND_PAR,5,33.04,26.3,True,synthetic_scenario_generator,26006
2023-01-08,IND_PAR,7,38.06,30.56,True,synthetic_scenario_generator,26006
2023-01-09,IND_PAR,3,32.36,25.73,True,synthetic_scenario_generator,26006
2023-01-10,IND_PAR,4,34.65,27.67,True,synthetic_scenario_generator,26006
2023-01-11,IND_PAR,5,37.91,30.43,True,synthetic_scenario_generator,26006
2023-01-12,IND_PAR,5,36.07,28.88,True,synthetic_scenario_generator,26006
2023-01-13,IND_PAR,4,34.15,27.25,True,synthetic_scenario_generator,26006
2023-01-14,IND_PAR,4,29.12,22.98,True,synthetic_scenario_generator,26006
2023-01-15,IND_PAR,5,28.58,22.52,True,synthetic_scenario_generator,26006
2023-01-16,IND_PAR,5,21.29,16.35,True,synthetic_scenario_generator,26006
2023-01-17,IND_PAR,5,28.04,22.07,True,synthetic_scenario_generator,26006
2023-01-18,IND_PAR,4,27.09,21.26,True,synthetic_scenario_generator,26006
2023-01-19,IND_PAR,4,18.24,13.76,True,synthetic_scenario_generator,26006
2023-01-20,IND_PAR,3,31.52,25.02,True,synthetic_scenario_generator,26006
2023-01-21,IND_PAR,2,17.47,13.11,True,synthetic_scenario_generator,26006
2023-01-22,IND_PAR,3,19.24,14.61,True,synthetic_scenario_generator,26006
2023-01-23,IND_PAR,3,24.01,18.65,True,synthetic_scenario_generator,26006
2023-01-24,IND_PAR,2,24.44,19.02,True,synthetic_scenario_generator,26006
2023-01-25,IND_PAR,4,28.39,22.37,True,synthetic_scenario_generator,26006
2023-01-26,IND_PAR,3,28.0,22.04,True,synthetic_scenario_generator,26006
2023-01-27,IND_PAR,2,16.26,12.08,True,synthetic_scenario_generator,26006
2023-01-28,IND_PAR,5,12.23,8.67,True,synthetic_scenario_generator,26006
2023-01-29,IND_PAR,2,20.08,15.32,True,synthetic_scenario_generator,26006
2023-01-30,IND_PAR,2,18.83,14.26,True,synthetic_scenario_generator,26006
2023-01-31,IND_PAR,6,23.7,18.39,True,synthetic_scenario_generator,26006
2023-02-01,IND_PAR,3,28.27,22.26,True,synthetic_scenario_generator,26006
2023-02-02,IND_PAR,2,17.25,12.92,True,synthetic_scenario_generator,26006
2023-02-03,IND_PAR,4,18.73,14.18,True,synthetic_scenario_generator,26006
2023-02-04,IND_PAR,2,23.77,18.45,True,synthetic_scenario_generator,26006
2023-02-05,IND_PAR,4,22.5,17.37,True,synthetic_scenario_generator,26006
2023-02-06,IND_PAR,3,12.8,9.15,True,synthetic_scenario_generator,26006
2023-02-07,IND_PAR,4,14.16,10.3,True,synthetic_scenario_generator,26006
2023-02-08,IND_PAR,4,14.93,10.96,True,synthetic_scenario_generator,26006
2023-02-09,IND_PAR,2,16.26,12.09,True,synthetic_scenario_generator,26006
2023-02-10,IND_PAR,2,5.53,2.99,True,synthetic_scenario_generator,26006
2023-02-11,IND_PAR,2,4.64,2.24,True,synthetic_scenario_generator,26006
2023-02-12,IND_PAR,4,16.22,12.05,True,synthetic_scenario_generator,26006
2023-02-13,IND_PAR,2,8.02,5.1,True,synthetic_scenario_generator,26006
2023-02-14,IND_PAR,4,14.68,10.75,True,synthetic_scenario_generator,26006
2023-02-15,IND_PAR,2,13.45,9.7,True,synthetic_scenario_generator,26006
2023-02-16,IND_PAR,6,17.56,13.18,True,synthetic_scenario_generator,26006
2023-02-17,IND_PAR,4,11.73,8.24,True,synthetic_scenario_generator,26006
2023-02-18,IND_PAR,6,19.55,14.87,True,synthetic_scenario_generator,26006
2023-02-19,IND_PAR,4,11.65,8.18,True,synthetic_scenario_generator,26006
2023-02-20,IND_PAR,4,10.38,7.1,True,synthetic_scenario_generator,26006
2023-02-21,IND_PAR,3,8.95,5.89,True,synthetic_scenario_generator,26006
2023-02-22,IND_PAR,3,8.12,5.18,True,synthetic_scenario_generator,26006
2023-02-23,IND_PAR,2,13.08,9.39,True,synthetic_scenario_generator,26006
2023-02-24,IND_PAR,4,15.76,11.66,True,synthetic_scenario_generator,26006
2023-02-25,IND_PAR,0,4.97,2.51,True,synthetic_scenario_generator,26006
2023-02-26,IND_PAR,2,17.28,12.95,True,synthetic_scenario_generator,26006
2023-02-27,IND_PAR,2,27.82,21.88,True,synthetic_scenario_generator,26006
2023-02-28,IND_PAR,3,17.75,13.35,True,synthetic_scenario_generator,26006
2023-03-01,IND_PAR,1,8.58,5.58,True,synthetic_scenario_generator,26006
2023-03-02,IND_PAR,2,9.99,6.77,True,synthetic_scenario_generator,26006
2023-03-03,IND_PAR,2,13.67,9.89,True,synthetic_scenario_generator,26006
2023-03-04,IND_PAR,2,13.85,10.05,True,synthetic_scenario_generator,26006
2023-03-05,IND_PAR,3,25.24,19.69,True,synthetic_scenario_generator,26006
2023-03-06,IND_PAR,3,16.29,12.11,True,synthetic_scenario_generator,26006
2023-03-07,IND_PAR,3,11.3,7.88,True,synthetic_scenario_generator,26006
2023-03-08,IND_PAR,3,14.55,10.64,True,synthetic_scenario_generator,26006
2023-03-09,IND_PAR,4,30.5,24.15,True,synthetic_scenario_generator,26006
2023-03-10,IND_PAR,4,20.46,15.65,True,synthetic_scenario_generator,26006
2023-03-11,IND_PAR,4,19.29,14.66,True,synthetic_scenario_generator,26006
2023-03-12,IND_PAR,3,24.15,18.77,True,synthetic_scenario_generator,26006
2023-03-13,IND_PAR,3,25.79,20.16,True,synthetic_scenario_generator,26006
2023-03-14,IND_PAR,3,22.67,17.51,True,synthetic_scenario_generator,26006
2023-03-15,IND_PAR,2,13.26,9.54,True,synthetic_scenario_generator,26006
2023-03-16,IND_PAR,3,15.68,11.59,True,synthetic_scenario_generator,26006
2023-03-17,IND_PAR,5,23.79,18.47,True,synthetic_scenario_generator,26006
2023-03-18,IND_PAR,3,25.89,20.25,True,synthetic_scenario_generator,26006
2023-03-19,IND_PAR,1,18.02,13.58,True,synthetic_scenario_generator,26006
2023-03-20,IND_PAR,3,20.66,15.81,True,synthetic_scenario_generator,26006
2023-03-21,IND_PAR,4,30.53,24.18,True,synthetic_scenario_generator,26006
2023-03-22,IND_PAR,4,21.8,16.78,True,synthetic_scenario_generator,26006
2023-03-23,IND_PAR,3,26.41,20.68,True,synthetic_scenario_generator,26006
2023-03-24,IND_PAR,4,25.73,20.11,True,synthetic_scenario_generator,26006
2023-03-25,IND_PAR,5,23.56,18.27,True,synthetic_scenario_generator,26006
2023-03-26,IND_PAR,5,30.78,24.39,True,synthetic_scenario_generator,26006
2023-03-27,IND_PAR,4,22.36,17.26,True,synthetic_scenario_generator,26006
2023-03-28,IND_PAR,4,29.41,23.23,True,synthetic_scenario_generator,26006
2023-03-29,IND_PAR,5,26.9,21.1,True,synthetic_scenario_generator,26006
2023-03-30,IND_PAR,5,30.93,24.52,True,synthetic_scenario_generator,26006
2023-03-31,IND_PAR,7,39.32,31.62,True,synthetic_scenario_generator,26006
2023-04-01,IND_PAR,5,28.77,22.69,True,synthetic_scenario_generator,26006
2023-04-02,IND_PAR,4,36.0,28.81,True,synthetic_scenario_generator,26006
2023-04-03,IND_PAR,5,31.64,25.12,True,synthetic_scenario_generator,26006
2023-04-04,IND_PAR,6,33.42,26.63,True,synthetic_scenario_generator,26006
2023-04-05,IND_PAR,5,30.39,24.06,True,synthetic_scenario_generator,26006
2023-04-06,IND_PAR,5,30.61,24.24,True,synthetic_scenario_generator,26006
2023-04-07,IND_PAR,4,21.35,16.4,True,synthetic_scenario_generator,26006
2023-04-08,IND_PAR,3,30.78,24.39,True,synthetic_scenario_generator,26006
2023-04-09,IND_PAR,3,29.4,23.22,True,synthetic_scenario_generator,26006
2023-04-10,IND_PAR,5,35.03,28.0,True,synthetic_scenario_generator,26006
2023-04-11,IND_PAR,5,33.85,26.99,True,synthetic_scenario_generator,26006
2023-04-12,IND_PAR,3,35.93,28.76,True,synthetic_scenario_generator,26006
2023-04-13,IND_PAR,6,31.99,25.41,True,synthetic_scenario_generator,26006
2023-04-14,IND_PAR,4,30.65,24.28,True,synthetic_scenario_generator,26006
2023-04-15,IND_PAR,3,36.74,29.44,True,synthetic_scenario_generator,26006
2023-04-16,IND_PAR,3,26.3,20.6,True,synthetic_scenario_generator,26006
2023-04-17,IND_PAR,6,27.61,21.71,True,synthetic_scenario_generator,26006
2023-04-18,IND_PAR,5,34.02,27.13,True,synthetic_scenario_generator,26006
2023-04-19,IND_PAR,6,33.29,26.52,True,synthetic_scenario_generator,26006
2023-04-20,IND_PAR,5,29.47,23.28,True,synthetic_scenario_generator,26006
2023-04-21,IND_PAR,6,38.41,30.86,True,synthetic_scenario_generator,26006
2023-04-22,IND_PAR,5,33.88,27.02,True,synthetic_scenario_generator,26006
2023-04-23,IND_PAR,4,24.86,19.38,True,synthetic_scenario_generator,26006
2023-04-24,IND_PAR,7,33.47,26.67,True,synthetic_scenario_generator,26006
2023-04-25,IND_PAR,3,17.26,12.93,True,synthetic_scenario_generator,26006
2023-04-26,IND_PAR,4,24.72,19.26,True,synthetic_scenario_generator,26006
2023-04-27,IND_PAR,3,22.66,17.51,True,synthetic_scenario_generator,26006
2023-04-28,IND_PAR,4,23.18,17.95,True,synthetic_scenario_generator,26006
2023-04-29,IND_PAR,3,26.26,20.56,True,synthetic_scenario_generator,26006
2023-04-30,IND_PAR,4,38.15,30.64,True,synthetic_scenario_generator,26006
2023-05-01,IND_PAR,4,23.96,18.61,True,synthetic_scenario_generator,26006
2023-05-02,IND_PAR,3,19.87,15.15,True,synthetic_scenario_generator,26006
2023-05-03,IND_PAR,3,14.98,11.0,True,synthetic_scenario_generator,26006
2023-05-04,IND_PAR,2,24.72,19.26,True,synthetic_scenario_generator,26006
2023-05-05,IND_PAR,5,21.45,16.48,True,synthetic_scenario_generator,26006
2023-05-06,IND_PAR,3,22.13,17.06,True,synthetic_scenario_generator,26006
2023-05-07,IND_PAR,4,21.96,16.91,True,synthetic_scenario_generator,26006
2023-05-08,IND_PAR,5,24.9,19.41,True,synthetic_scenario_generator,26006
2023-05-09,IND_PAR,3,20.09,15.33,True,synthetic_scenario_generator,26006
2023-05-10,IND_PAR,2,15.55,11.49,True,synthetic_scenario_generator,26006
2023-05-11,IND_PAR,3,25.92,20.27,True,synthetic_scenario_generator,26006
2023-05-12,IND_PAR,4,19.87,15.15,True,synthetic_scenario_generator,26006
2023-05-13,IND_PAR,7,19.44,14.78,True,synthetic_scenario_generator,26006
2023-05-14,IND_PAR,3,26.0,20.34,True,synthetic_scenario_generator,26006
2023-05-15,IND_PAR,3,8.8,5.76,True,synthetic_scenario_generator,26006
2023-05-16,IND_PAR,3,21.34,16.39,True,synthetic_scenario_generator,26006
2023-05-17,IND_PAR,3,18.72,14.17,True,synthetic_scenario_generator,26006
2023-05-18,IND_PAR,3,11.8,8.3,True,synthetic_scenario_generator,26006
2023-05-19,IND_PAR,3,25.3,19.75,True,synthetic_scenario_generator,26006
2023-05-20,IND_PAR,2,10.77,7.44,True,synthetic_scenario_generator,26006
2023-05-21,IND_PAR,4,20.47,15.65,True,synthetic_scenario_generator,26006
2023-05-22,IND_PAR,5,21.54,16.56,True,synthetic_scenario_generator,26006
2023-05-23,IND_PAR,3,16.47,12.26,True,synthetic_scenario_generator,26006
2023-05-24,IND_PAR,1,2.0,0.0,True,synthetic_scenario_generator,26006
2023-05-25,IND_PAR,2,2.0,0.0,True,synthetic_scenario_generator,26006
2023-05-26,IND_PAR,1,3.2,1.02,True,synthetic_scenario_generator,26006
2023-05-27,IND_PAR,2,15.88,11.76,True,synthetic_scenario_generator,26006
2023-05-28,IND_PAR,3,13.38,9.64,True,synthetic_scenario_generator,26006
2023-05-29,IND_PAR,4,11.72,8.24,True,synthetic_scenario_generator,26006
2023-05-30,IND_PAR,0,2.0,0.0,True,synthetic_scenario_generator,26006
2023-05-31,IND_PAR,1,15.87,11.75,True,synthetic_scenario_generator,26006
2023-06-01,IND_PAR,3,11.43,8.0,True,synthetic_scenario_generator,26006
2023-06-02,IND_PAR,3,23.16,17.93,True,synthetic_scenario_generator,26006
2023-06-03,IND_PAR,4,18.59,14.06,True,synthetic_scenario_generator,26006
2023-06-04,IND_PAR,5,24.93,19.43,True,synthetic_scenario_generator,26006
2023-06-05,IND_PAR,2,20.4,15.59,True,synthetic_scenario_generator,26006
2023-06-06,IND_PAR,2,22.61,17.46,True,synthetic_scenario_generator,26006
2023-06-07,IND_PAR,4,26.53,20.79,True,synthetic_scenario_generator,26006
2023-06-08,IND_PAR,4,33.25,26.48,True,synthetic_scenario_generator,26006
2023-06-09,IND_PAR,2,45.24,36.64,True,synthetic_scenario_generator,26006
2023-06-10,IND_PAR,4,25.15,19.62,True,synthetic_scenario_generator,26006
2023-06-11,IND_PAR,4,33.78,26.94,True,synthetic_scenario_generator,26006
2023-06-12,IND_PAR,5,27.43,21.56,True,synthetic_scenario_generator,26006
2023-06-13,IND_PAR,5,25.25,19.7,True,synthetic_scenario_generator,26006
2023-06-14,IND_PAR,3,23.51,18.23,True,synthetic_scenario_generator,26006
2023-06-15,IND_PAR,3,33.41,26.62,True,synthetic_scenario_generator,26006
2023-06-16,IND_PAR,4,35.32,28.24,True,synthetic_scenario_generator,26006
2023-06-17,IND_PAR,3,28.13,22.14,True,synthetic_scenario_generator,26006
2023-06-18,IND_PAR,4,32.19,25.58,True,synthetic_scenario_generator,26006
2023-06-19,IND_PAR,6,46.26,37.51,True,synthetic_scenario_generator,26006
2023-06-20,IND_PAR,4,25.79,20.16,True,synthetic_scenario_generator,26006
2023-06-21,IND_PAR,2,26.16,20.47,True,synthetic_scenario_generator,26006
2023-06-22,IND_PAR,6,43.11,34.84,True,synthetic_scenario_generator,26006
2023-06-23,IND_PAR,4,37.24,29.86,True,synthetic_scenario_generator,26006
2023-06-24,IND_PAR,4,37.35,29.96,True,synthetic_scenario_generator,26006
2023-06-25,IND_PAR,3,33.78,26.93,True,synthetic_scenario_generator,26006
2023-06-26,IND_PAR,5,36.17,28.96,True,synthetic_scenario_generator,26006
2023-06-27,IND_PAR,5,35.11,28.06,True,synthetic_scenario_generator,26006
2023-06-28,IND_PAR,3,33.85,26.99,True,synthetic_scenario_generator,26006
2023-06-29,IND_PAR,1,33.03,26.29,True,synthetic_scenario_generator,26006
2023-06-30,IND_PAR,5,35.17,28.11,True,synthetic_scenario_generator,26006
2023-07-01,IND_PAR,4,36.03,28.84,True,synthetic_scenario_generator,26006
2023-07-02,IND_PAR,3,31.57,25.06,True,synthetic_scenario_generator,26006
2023-07-03,IND_PAR,6,40.15,32.33,True,synthetic_scenario_generator,26006
2023-07-04,IND_PAR,5,32.44,25.8,True,synthetic_scenario_generator,26006
2023-07-05,IND_PAR,3,27.53,21.64,True,synthetic_scenario_generator,26006
2023-07-06,IND_PAR,3,36.78,29.47,True,synthetic_scenario_generator,26006
2023-07-07,IND_PAR,5,35.49,28.38,True,synthetic_scenario_generator,26006
2023-07-08,IND_PAR,6,38.7,31.1,True,synthetic_scenario_generator,26006
2023-07-09,IND_PAR,7,44.03,35.62,True,synthetic_scenario_generator,26006
2023-07-10,IND_PAR,6,27.07,21.24,True,synthetic_scenario_generator,26006
2023-07-11,IND_PAR,2,34.49,27.53,True,synthetic_scenario_generator,26006
2023-07-12,IND_PAR,5,40.99,33.04,True,synthetic_scenario_generator,26006
2023-07-13,IND_PAR,5,26.82,21.03,True,synthetic_scenario_generator,26006
2023-07-14,IND_PAR,4,32.77,26.07,True,synthetic_scenario_generator,26006
2023-07-15,IND_PAR,4,33.95,27.07,True,synthetic_scenario_generator,26006
2023-07-16,IND_PAR,5,35.72,28.58,True,synthetic_scenario_generator,26006
2023-07-17,IND_PAR,1,34.37,27.43,True,synthetic_scenario_generator,26006
2023-07-18,IND_PAR,4,32.58,25.91,True,synthetic_scenario_generator,26006
2023-07-19,IND_PAR,4,24.71,19.24,True,synthetic_scenario_generator,26006
2023-07-20,IND_PAR,5,37.93,30.45,True,synthetic_scenario_generator,26006
2023-07-21,IND_PAR,5,41.13,33.16,True,synthetic_scenario_generator,26006
2023-07-22,IND_PAR,3,34.41,27.46,True,synthetic_scenario_generator,26006
2023-07-23,IND_PAR,3,22.92,17.73,True,synthetic_scenario_generator,26006
2023-07-24,IND_PAR,5,26.13,20.45,True,synthetic_scenario_generator,26006
2023-07-25,IND_PAR,5,24.1,18.73,True,synthetic_scenario_generator,26006
2023-07-26,IND_PAR,5,43.57,35.23,True,synthetic_scenario_generator,26006
2023-07-27,IND_PAR,5,34.19,27.28,True,synthetic_scenario_generator,26006
2023-07-28,IND_PAR,3,30.16,23.87,True,synthetic_scenario_generator,26006
2023-07-29,IND_PAR,3,27.69,21.77,True,synthetic_scenario_generator,26006
2023-07-30,IND_PAR,2,26.34,20.63,True,synthetic_scenario_generator,26006
2023-07-31,IND_PAR,4,23.81,18.48,True,synthetic_scenario_generator,26006
2023-08-01,IND_PAR,3,34.89,27.87,True,synthetic_scenario_generator,26006
2023-08-02,IND_PAR,3,16.58,12.36,True,synthetic_scenario_generator,26006
2023-08-03,IND_PAR,4,17.39,13.04,True,synthetic_scenario_generator,26006
2023-08-04,IND_PAR,3,20.43,15.62,True,synthetic_scenario_generator,26006
2023-08-05,IND_PAR,1,25.17,19.63,True,synthetic_scenario_generator,26006
2023-08-06,IND_PAR,2,21.81,16.79,True,synthetic_scenario_generator,26006
2023-08-07,IND_PAR,3,27.25,21.39,True,synthetic_scenario_generator,26006
2023-08-08,IND_PAR,3,23.67,18.36,True,synthetic_scenario_generator,26006
2023-08-09,IND_PAR,2,16.02,11.88,True,synthetic_scenario_generator,26006
2023-08-10,IND_PAR,3,22.71,17.55,True,synthetic_scenario_generator,26006
2023-08-11,IND_PAR,3,19.86,15.13,True,synthetic_scenario_generator,26006
2023-08-12,IND_PAR,3,14.34,10.46,True,synthetic_scenario_generator,26006
2023-08-13,IND_PAR,3,19.87,15.15,True,synthetic_scenario_generator,26006
2023-08-14,IND_PAR,4,19.21,14.58,True,synthetic_scenario_generator,26006
2023-08-15,IND_PAR,1,7.78,4.9,True,synthetic_scenario_generator,26006
2023-08-16,IND_PAR,5,15.94,11.81,True,synthetic_scenario_generator,26006
2023-08-17,IND_PAR,4,25.53,19.94,True,synthetic_scenario_generator,26006
2023-08-18,IND_PAR,3,14.96,10.98,True,synthetic_scenario_generator,26006
2023-08-19,IND_PAR,4,21.38,16.42,True,synthetic_scenario_generator,26006
2023-08-20,IND_PAR,3,14.75,10.8,True,synthetic_scenario_generator,26006
2023-08-21,IND_PAR,3,10.32,7.05,True,synthetic_scenario_generator,26006
2023-08-22,IND_PAR,5,15.81,11.71,True,synthetic_scenario_generator,26006
2023-08-23,IND_PAR,4,22.15,17.07,True,synthetic_scenario_generator,26006
2023-08-24,IND_PAR,2,9.3,6.19,True,synthetic_scenario_generator,26006
2023-08-25,IND_PAR,3,15.94,11.81,True,synthetic_scenario_generator,26006
2023-08-26,IND_PAR,4,17.46,13.1,True,synthetic_scenario_generator,26006
2023-08-27,IND_PAR,3,19.52,14.84,True,synthetic_scenario_generator,26006
2023-08-28,IND_PAR,3,20.33,15.54,True,synthetic_scenario_generator,26006
2023-08-29,IND_PAR,2,22.72,17.56,True,synthetic_scenario_generator,26006
2023-08-30,IND_PAR,5,29.49,23.29,True,synthetic_scenario_generator,26006
2023-08-31,IND_PAR,5,28.74,22.66,True,synthetic_scenario_generator,26006
2023-09-01,IND_PAR,3,13.25,9.53,True,synthetic_scenario_generator,26006
2023-09-02,IND_PAR,2,10.28,7.02,True,synthetic_scenario_generator,26006
2023-09-03,IND_PAR,4,19.55,14.87,True,synthetic_scenario_generator,26006
2023-09-04,IND_PAR,5,13.86,10.05,True,synthetic_scenario_generator,26006
2023-09-05,IND_PAR,3,22.65,17.5,True,synthetic_scenario_generator,26006
2023-09-06,IND_PAR,3,15.45,11.4,True,synthetic_scenario_generator,26006
2023-09-07,IND_PAR,3,18.94,14.36,True,synthetic_scenario_generator,26006
2023-09-08,IND_PAR,4,31.27,24.8,True,synthetic_scenario_generator,26006
2023-09-09,IND_PAR,5,23.0,17.8,True,synthetic_scenario_generator,26006
2023-09-10,IND_PAR,3,23.04,17.83,True,synthetic_scenario_generator,26006
2023-09-11,IND_PAR,0,18.37,13.87,True,synthetic_scenario_generator,26006
2023-09-12,IND_PAR,2,23.11,17.89,True,synthetic_scenario_generator,26006
2023-09-13,IND_PAR,1,28.13,22.14,True,synthetic_scenario_generator,26006
2023-09-14,IND_PAR,4,27.49,21.6,True,synthetic_scenario_generator,26006
2023-09-15,IND_PAR,3,25.37,19.8,True,synthetic_scenario_generator,26006
2023-09-16,IND_PAR,6,33.75,26.91,True,synthetic_scenario_generator,26006
2023-09-17,IND_PAR,2,37.57,30.15,True,synthetic_scenario_generator,26006
2023-09-18,IND_PAR,2,26.66,20.9,True,synthetic_scenario_generator,26006
2023-09-19,IND_PAR,4,27.09,21.26,True,synthetic_scenario_generator,26006
2023-09-20,IND_PAR,4,34.67,27.68,True,synthetic_scenario_generator,26006
2023-09-21,IND_PAR,5,37.1,29.75,True,synthetic_scenario_generator,26006
2023-09-22,IND_PAR,4,29.12,22.98,True,synthetic_scenario_generator,26006
2023-09-23,IND_PAR,4,33.91,27.04,True,synthetic_scenario_generator,26006
2023-09-24,IND_PAR,3,31.78,25.24,True,synthetic_scenario_generator,26006
2023-09-25,IND_PAR,3,31.51,25.01,True,synthetic_scenario_generator,26006
2023-09-26,IND_PAR,3,30.11,23.82,True,synthetic_scenario_generator,26006
2023-09-27,IND_PAR,2,31.23,24.78,True,synthetic_scenario_generator,26006
2023-09-28,IND_PAR,4,37.88,30.41,True,synthetic_scenario_generator,26006
2023-09-29,IND_PAR,4,44.63,36.13,True,synthetic_scenario_generator,26006
2023-09-30,IND_PAR,3,41.75,33.69,True,synthetic_scenario_generator,26006
2023-10-01,IND_PAR,5,38.54,30.96,True,synthetic_scenario_generator,26006
2023-10-02,IND_PAR,3,26.83,21.04,True,synthetic_scenario_generator,26006
2023-10-03,IND_PAR,3,30.06,23.78,True,synthetic_scenario_generator,26006
2023-10-04,IND_PAR,3,28.27,22.26,True,synthetic_scenario_generator,26006
2023-10-05,IND_PAR,5,36.36,29.12,True,synthetic_scenario_generator,26006
2023-10-06,IND_PAR,2,38.2,30.68,True,synthetic_scenario_generator,26006
2023-10-07,IND_PAR,5,31.13,24.69,True,synthetic_scenario_generator,26006
2023-10-08,IND_PAR,4,34.67,27.69,True,synthetic_scenario_generator,26006
2023-10-09,IND_PAR,6,34.63,27.66,True,synthetic_scenario_generator,26006
2023-10-10,IND_PAR,4,42.39,34.23,True,synthetic_scenario_generator,26006
2023-10-11,IND_PAR,6,29.63,23.42,True,synthetic_scenario_generator,26006
2023-10-12,IND_PAR,3,25.16,19.63,True,synthetic_scenario_generator,26006
2023-10-13,IND_PAR,6,37.4,30.0,True,synthetic_scenario_generator,26006
2023-10-14,IND_PAR,4,21.6,16.61,True,synthetic_scenario_generator,26006
2023-10-15,IND_PAR,3,24.0,18.64,True,synthetic_scenario_generator,26006
2023-10-16,IND_PAR,5,24.89,19.4,True,synthetic_scenario_generator,26006
2023-10-17,IND_PAR,3,28.69,22.62,True,synthetic_scenario_generator,26006
2023-10-18,IND_PAR,2,15.02,11.04,True,synthetic_scenario_generator,26006
2023-10-19,IND_PAR,2,23.54,18.26,True,synthetic_scenario_generator,26006
2023-10-20,IND_PAR,3,30.6,24.24,True,synthetic_scenario_generator,26006
2023-10-21,IND_PAR,4,21.92,16.88,True,synthetic_scenario_generator,26006
2023-10-22,IND_PAR,4,31.21,24.75,True,synthetic_scenario_generator,26006
2023-10-23,IND_PAR,3,23.91,18.57,True,synthetic_scenario_generator,26006
2023-10-24,IND_PAR,4,29.46,23.27,True,synthetic_scenario_generator,26006
2023-10-25,IND_PAR,4,25.97,20.31,True,synthetic_scenario_generator,26006
2023-10-26,IND_PAR,3,16.66,12.42,True,synthetic_scenario_generator,26006
2023-10-27,IND_PAR,2,18.13,13.67,True,synthetic_scenario_generator,26006
2023-10-28,IND_PAR,2,29.14,23.0,True,synthetic_scenario_generator,26006
2023-10-29,IND_PAR,6,17.87,13.45,True,synthetic_scenario_generator,26006
2023-10-30,IND_PAR,4,22.44,17.32,True,synthetic_scenario_generator,26006
2023-10-31,IND_PAR,2,23.46,18.19,True,synthetic_scenario_generator,26006
2023-11-01,IND_PAR,2,21.97,16.93,True,synthetic_scenario_generator,26006
2023-11-02,IND_PAR,2,19.18,14.56,True,synthetic_scenario_generator,26006
2023-11-03,IND_PAR,1,13.6,9.83,True,synthetic_scenario_generator,26006
2023-11-04,IND_PAR,4,19.11,14.5,True,synthetic_scenario_generator,26006
2023-11-05,IND_PAR,2,16.88,12.61,True,synthetic_scenario_generator,26006
2023-11-06,IND_PAR,4,9.18,6.08,True,synthetic_scenario_generator,26006
2023-11-07,IND_PAR,1,27.68,21.76,True,synthetic_scenario_generator,26006
2023-11-08,IND_PAR,3,14.5,10.6,True,synthetic_scenario_generator,26006
2023-11-09,IND_PAR,2,15.63,11.55,True,synthetic_scenario_generator,26006
2023-11-10,IND_PAR,4,23.9,18.56,True,synthetic_scenario_generator,26006
2023-11-11,IND_PAR,3,9.74,6.56,True,synthetic_scenario_generator,26006
2023-11-12,IND_PAR,2,20.72,15.86,True,synthetic_scenario_generator,26006
2023-11-13,IND_PAR,4,13.74,9.95,True,synthetic_scenario_generator,26006
2023-11-14,IND_PAR,3,16.3,12.12,True,synthetic_scenario_generator,26006
2023-11-15,IND_PAR,3,26.86,21.07,True,synthetic_scenario_generator,26006
2023-11-16,IND_PAR,3,18.39,13.89,True,synthetic_scenario_generator,26006
2023-11-17,IND_PAR,3,8.71,5.69,True,synthetic_scenario_generator,26006
2023-11-18,IND_PAR,1,12.06,8.52,True,synthetic_scenario_generator,26006
2023-11-19,IND_PAR,4,13.44,9.7,True,synthetic_scenario_generator,26006
2023-11-20,IND_PAR,4,9.24,6.14,True,synthetic_scenario_generator,26006
2023-11-21,IND_PAR,2,7.9,5.0,True,synthetic_scenario_generator,26006
2023-11-22,IND_PAR,2,17.52,13.15,True,synthetic_scenario_generator,26006
2023-11-23,IND_PAR,5,19.38,14.73,True,synthetic_scenario_generator,26006
2023-11-24,IND_PAR,4,20.22,15.44,True,synthetic_scenario_generator,26006
2023-11-25,IND_PAR,4,14.25,10.38,True,synthetic_scenario_generator,26006
2023-11-26,IND_PAR,3,14.61,10.69,True,synthetic_scenario_generator,26006
2023-11-27,IND_PAR,3,15.92,11.8,True,synthetic_scenario_generator,26006
2023-11-28,IND_PAR,3,18.32,13.83,True,synthetic_scenario_generator,26006
2023-11-29,IND_PAR,4,28.88,22.78,True,synthetic_scenario_generator,26006
2023-11-30,IND_PAR,2,19.96,15.22,True,synthetic_scenario_generator,26006
2023-12-01,IND_PAR,3,22.47,17.35,True,synthetic_scenario_generator,26006
2023-12-02,IND_PAR,2,21.01,16.11,True,synthetic_scenario_generator,26006
2023-12-03,IND_PAR,2,18.39,13.89,True,synthetic_scenario_generator,26006
2023-12-04,IND_PAR,3,17.24,12.91,True,synthetic_scenario_generator,26006
2023-12-05,IND_PAR,3,20.49,15.67,True,synthetic_scenario_generator,26006
2023-12-06,IND_PAR,3,22.72,17.56,True,synthetic_scenario_generator,26006
2023-12-07,IND_PAR,2,18.76,14.21,True,synthetic_scenario_generator,26006
2023-12-08,IND_PAR,5,27.48,21.59,True,synthetic_scenario_generator,26006
2023-12-09,IND_PAR,2,11.4,7.96,True,synthetic_scenario_generator,26006
2023-12-10,IND_PAR,5,15.15,11.14,True,synthetic_scenario_generator,26006
2023-12-11,IND_PAR,5,30.33,24.01,True,synthetic_scenario_generator,26006
2023-12-12,IND_PAR,5,18.5,13.98,True,synthetic_scenario_generator,26006
2023-12-13,IND_PAR,6,30.88,24.47,True,synthetic_scenario_generator,26006
2023-12-14,IND_PAR,5,31.14,24.69,True,synthetic_scenario_generator,26006
2023-12-15,IND_PAR,3,18.43,13.93,True,synthetic_scenario_generator,26006
2023-12-16,IND_PAR,4,31.86,25.31,True,synthetic_scenario_generator,26006
2023-12-17,IND_PAR,3,23.49,18.21,True,synthetic_scenario_generator,26006
2023-12-18,IND_PAR,6,36.74,29.44,True,synthetic_scenario_generator,26006
2023-12-19,IND_PAR,5,42.71,34.5,True,synthetic_scenario_generator,26006
2023-12-20,IND_PAR,4,20.09,15.33,True,synthetic_scenario_generator,26006
2023-12-21,IND_PAR,2,30.45,24.11,True,synthetic_scenario_generator,26006
2023-12-22,IND_PAR,1,28.32,22.3,True,synthetic_scenario_generator,26006
2023-12-23,IND_PAR,3,31.04,24.61,True,synthetic_scenario_generator,26006
2023-12-24,IND_PAR,7,32.83,26.13,True,synthetic_scenario_generator,26006
2023-12-25,IND_PAR,5,37.18,29.81,True,synthetic_scenario_generator,26006
2023-12-26,IND_PAR,5,35.45,28.35,True,synthetic_scenario_generator,26006
2023-12-27,IND_PAR,4,26.8,21.02,True,synthetic_scenario_generator,26006
2023-12-28,IND_PAR,4,27.95,21.99,True,synthetic_scenario_generator,26006
2023-12-29,IND_PAR,5,30.96,24.55,True,synthetic_scenario_generator,26006
2023-12-30,IND_PAR,4,35.79,28.64,True,synthetic_scenario_generator,26006
2023-12-31,IND_PAR,4,39.68,31.93,True,synthetic_scenario_generator,26006
2024-01-01,IND_PAR,3,26.72,20.95,True,synthetic_scenario_generator,26006
2024-01-02,IND_PAR,2,25.1,19.57,True,synthetic_scenario_generator,26006
2024-01-03,IND_PAR,3,25.74,20.12,True,synthetic_scenario_generator,26006
2024-01-04,IND_PAR,6,42.45,34.28,True,synthetic_scenario_generator,26006
2024-01-05,IND_PAR,4,33.94,27.07,True,synthetic_scenario_generator,26006
2024-01-06,IND_PAR,4,30.73,24.34,True,synthetic_scenario_generator,26006
2024-01-07,IND_PAR,4,32.12,25.52,True,synthetic_scenario_generator,26006
2024-01-08,IND_PAR,5,32.03,25.45,True,synthetic_scenario_generator,26006
2024-01-09,IND_PAR,4,34.74,27.75,True,synthetic_scenario_generator,26006
2024-01-10,IND_PAR,5,36.27,29.04,True,synthetic_scenario_generator,26006
2024-01-11,IND_PAR,3,25.44,19.86,True,synthetic_scenario_generator,26006
2024-01-12,IND_PAR,4,20.03,15.28,True,synthetic_scenario_generator,26006
2024-01-13,IND_PAR,4,17.12,12.82,True,synthetic_scenario_generator,26006
2024-01-14,IND_PAR,3,29.76,23.53,True,synthetic_scenario_generator,26006
2024-01-15,IND_PAR,4,29.93,23.67,True,synthetic_scenario_generator,26006
2024-01-16,IND_PAR,5,21.68,16.68,True,synthetic_scenario_generator,26006
2024-01-17,IND_PAR,5,23.89,18.55,True,synthetic_scenario_generator,26006
2024-01-18,IND_PAR,3,12.28,8.71,True,synthetic_scenario_generator,26006
2024-01-19,IND_PAR,3,31.22,24.76,True,synthetic_scenario_generator,26006
2024-01-20,IND_PAR,4,26.69,20.92,True,synthetic_scenario_generator,26006
2024-01-21,IND_PAR,3,22.26,17.17,True,synthetic_scenario_generator,26006
2024-01-22,IND_PAR,1,20.72,15.86,True,synthetic_scenario_generator,26006
2024-01-23,IND_PAR,3,23.31,18.06,True,synthetic_scenario_generator,26006
2024-01-24,IND_PAR,4,20.39,15.59,True,synthetic_scenario_generator,26006
2024-01-25,IND_PAR,1,14.95,10.98,True,synthetic_scenario_generator,26006
2024-01-26,IND_PAR,4,14.41,10.52,True,synthetic_scenario_generator,26006
2024-01-27,IND_PAR,4,27.76,21.83,True,synthetic_scenario_generator,26006
2024-01-28,IND_PAR,3,12.02,8.49,True,synthetic_scenario_generator,26006
2024-01-29,IND_PAR,3,22.04,16.98,True,synthetic_scenario_generator,26006
2024-01-30,IND_PAR,5,18.68,14.13,True,synthetic_scenario_generator,26006
2024-01-31,IND_PAR,4,25.83,20.2,True,synthetic_scenario_generator,26006
2024-02-01,IND_PAR,3,22.04,16.98,True,synthetic_scenario_generator,26006
2024-02-02,IND_PAR,4,16.09,11.94,True,synthetic_scenario_generator,26006
2024-02-03,IND_PAR,4,8.84,5.79,True,synthetic_scenario_generator,26006
2024-02-04,IND_PAR,2,23.08,17.86,True,synthetic_scenario_generator,26006
2024-02-05,IND_PAR,4,22.47,17.35,True,synthetic_scenario_generator,26006
2024-02-06,IND_PAR,3,19.74,15.03,True,synthetic_scenario_generator,26006
2024-02-07,IND_PAR,5,17.74,13.34,True,synthetic_scenario_generator,26006
2024-02-08,IND_PAR,3,2.0,0.0,True,synthetic_scenario_generator,26006
2024-02-09,IND_PAR,3,19.71,15.0,True,synthetic_scenario_generator,26006
2024-02-10,IND_PAR,2,8.56,5.56,True,synthetic_scenario_generator,26006
2024-02-11,IND_PAR,2,14.79,10.84,True,synthetic_scenario_generator,26006
2024-02-12,IND_PAR,3,15.08,11.08,True,synthetic_scenario_generator,26006
2024-02-13,IND_PAR,1,13.2,9.49,True,synthetic_scenario_generator,26006
2024-02-14,IND_PAR,1,7.15,4.36,True,synthetic_scenario_generator,26006
2024-02-15,IND_PAR,1,4.43,2.06,True,synthetic_scenario_generator,26006
2024-02-16,IND_PAR,3,15.8,11.7,True,synthetic_scenario_generator,26006
2024-02-17,IND_PAR,4,22.43,17.31,True,synthetic_scenario_generator,26006
2024-02-18,IND_PAR,1,11.4,7.96,True,synthetic_scenario_generator,26006
2024-02-19,IND_PAR,2,8.32,5.36,True,synthetic_scenario_generator,26006
2024-02-20,IND_PAR,4,16.07,11.92,True,synthetic_scenario_generator,26006
2024-02-21,IND_PAR,2,13.79,9.99,True,synthetic_scenario_generator,26006
2024-02-22,IND_PAR,2,7.43,4.6,True,synthetic_scenario_generator,26006
2024-02-23,IND_PAR,3,16.03,11.89,True,synthetic_scenario_generator,26006
2024-02-24,IND_PAR,3,5.01,2.55,True,synthetic_scenario_generator,26006
2024-02-25,IND_PAR,3,17.7,13.31,True,synthetic_scenario_generator,26006
2024-02-26,IND_PAR,3,14.18,10.32,True,synthetic_scenario_generator,26006
2024-02-27,IND_PAR,3,17.45,13.1,True,synthetic_scenario_generator,26006
2024-02-28,IND_PAR,3,11.92,8.41,True,synthetic_scenario_generator,26006
2024-02-29,IND_PAR,2,15.59,11.52,True,synthetic_scenario_generator,26006
2024-03-01,IND_PAR,5,20.24,15.46,True,synthetic_scenario_generator,26006
2024-03-02,IND_PAR,3,32.68,26.0,True,synthetic_scenario_generator,26006
2024-03-03,IND_PAR,5,12.03,8.5,True,synthetic_scenario_generator,26006
2024-03-04,IND_PAR,3,18.45,13.94,True,synthetic_scenario_generator,26006
2024-03-05,IND_PAR,2,14.36,10.47,True,synthetic_scenario_generator,26006
2024-03-06,IND_PAR,3,7.02,4.25,True,synthetic_scenario_generator,26006
2024-03-07,IND_PAR,4,22.72,17.56,True,synthetic_scenario_generator,26006
2024-03-08,IND_PAR,0,21.56,16.58,True,synthetic_scenario_generator,26006
2024-03-09,IND_PAR,3,18.95,14.36,True,synthetic_scenario_generator,26006
2024-03-10,IND_PAR,3,11.81,8.32,True,synthetic_scenario_generator,26006
2024-03-11,IND_PAR,4,23.31,18.06,True,synthetic_scenario_generator,26006
2024-03-12,IND_PAR,5,24.67,19.21,True,synthetic_scenario_generator,26006
2024-03-13,IND_PAR,3,21.12,16.2,True,synthetic_scenario_generator,26006
2024-03-14,IND_PAR,4,24.38,18.97,True,synthetic_scenario_generator,26006
2024-03-15,IND_PAR,5,45.11,36.54,True,synthetic_scenario_generator,26006
2024-03-16,IND_PAR,2,26.01,20.35,True,synthetic_scenario_generator,26006
2024-03-17,IND_PAR,3,23.3,18.05,True,synthetic_scenario_generator,26006
2024-03-18,IND_PAR,5,30.47,24.13,True,synthetic_scenario_generator,26006
2024-03-19,IND_PAR,3,24.01,18.65,True,synthetic_scenario_generator,26006
2024-03-20,IND_PAR,5,28.56,22.51,True,synthetic_scenario_generator,26006
2024-03-21,IND_PAR,3,32.29,25.67,True,synthetic_scenario_generator,26006
2024-03-22,IND_PAR,5,31.37,24.89,True,synthetic_scenario_generator,26006
2024-03-23,IND_PAR,7,31.26,24.8,True,synthetic_scenario_generator,26006
2024-03-24,IND_PAR,2,19.08,14.48,True,synthetic_scenario_generator,26006
2024-03-25,IND_PAR,5,33.2,26.44,True,synthetic_scenario_generator,26006
2024-03-26,IND_PAR,3,27.18,21.34,True,synthetic_scenario_generator,26006
2024-03-27,IND_PAR,4,37.88,30.4,True,synthetic_scenario_generator,26006
2024-03-28,IND_PAR,4,24.74,19.27,True,synthetic_scenario_generator,26006
2024-03-29,IND_PAR,4,31.71,25.18,True,synthetic_scenario_generator,26006
2024-03-30,IND_PAR,6,33.89,27.02,True,synthetic_scenario_generator,26006
2024-03-31,IND_PAR,5,32.48,25.83,True,synthetic_scenario_generator,26006
2024-04-01,IND_PAR,4,32.36,25.73,True,synthetic_scenario_generator,26006
2024-04-02,IND_PAR,3,41.5,33.47,True,synthetic_scenario_generator,26006
2024-04-03,IND_PAR,3,27.71,21.79,True,synthetic_scenario_generator,26006
2024-04-04,IND_PAR,6,31.88,25.32,True,synthetic_scenario_generator,26006
2024-04-05,IND_PAR,5,35.3,28.22,True,synthetic_scenario_generator,26006
2024-04-06,IND_PAR,5,39.99,32.2,True,synthetic_scenario_generator,26006
2024-04-07,IND_PAR,3,30.61,24.25,True,synthetic_scenario_generator,26006
2024-04-08,IND_PAR,4,27.56,21.66,True,synthetic_scenario_generator,26006
2024-04-09,IND_PAR,4,35.91,28.73,True,synthetic_scenario_generator,26006
2024-04-10,IND_PAR,5,22.93,17.74,True,synthetic_scenario_generator,26006
2024-04-11,IND_PAR,6,42.88,34.65,True,synthetic_scenario_generator,26006
2024-04-12,IND_PAR,4,17.23,12.91,True,synthetic_scenario_generator,26006
2024-04-13,IND_PAR,5,33.42,26.63,True,synthetic_scenario_generator,26006
2024-04-14,IND_PAR,5,26.61,20.86,True,synthetic_scenario_generator,26006
2024-04-15,IND_PAR,4,27.83,21.89,True,synthetic_scenario_generator,26006
2024-04-16,IND_PAR,4,34.76,27.76,True,synthetic_scenario_generator,26006
2024-04-17,IND_PAR,4,25.83,20.19,True,synthetic_scenario_generator,26006
2024-04-18,IND_PAR,4,33.65,26.82,True,synthetic_scenario_generator,26006
2024-04-19,IND_PAR,5,30.5,24.15,True,synthetic_scenario_generator,26006
2024-04-20,IND_PAR,4,17.19,12.87,True,synthetic_scenario_generator,26006
2024-04-21,IND_PAR,3,30.1,23.81,True,synthetic_scenario_generator,26006
2024-04-22,IND_PAR,4,27.26,21.41,True,synthetic_scenario_generator,26006
2024-04-23,IND_PAR,1,17.92,13.49,True,synthetic_scenario_generator,26006
2024-04-24,IND_PAR,5,13.72,9.93,True,synthetic_scenario_generator,26006
2024-04-25,IND_PAR,4,13.8,10.0,True,synthetic_scenario_generator,26006
2024-04-26,IND_PAR,4,28.38,22.35,True,synthetic_scenario_generator,26006
2024-04-27,IND_PAR,4,19.63,14.94,True,synthetic_scenario_generator,26006
2024-04-28,IND_PAR,1,12.43,8.84,True,synthetic_scenario_generator,26006
2024-04-29,IND_PAR,5,20.43,15.62,True,synthetic_scenario_generator,26006
2024-04-30,IND_PAR,3,19.02,14.42,True,synthetic_scenario_generator,26006
2024-05-01,IND_PAR,5,23.21,17.97,True,synthetic_scenario_generator,26006
2024-05-02,IND_PAR,3,17.39,13.04,True,synthetic_scenario_generator,26006
2024-05-03,IND_PAR,3,16.56,12.34,True,synthetic_scenario_generator,26006
2024-05-04,IND_PAR,4,28.42,22.39,True,synthetic_scenario_generator,26006
2024-05-05,IND_PAR,1,16.28,12.1,True,synthetic_scenario_generator,26006
2024-05-06,IND_PAR,2,15.13,11.13,True,synthetic_scenario_generator,26006
2024-05-07,IND_PAR,4,13.78,9.98,True,synthetic_scenario_generator,26006
2024-05-08,IND_PAR,4,15.89,11.77,True,synthetic_scenario_generator,26006
2024-05-09,IND_PAR,2,16.5,12.29,True,synthetic_scenario_generator,26006
2024-05-10,IND_PAR,2,22.34,17.24,True,synthetic_scenario_generator,26006
2024-05-11,IND_PAR,5,17.89,13.46,True,synthetic_scenario_generator,26006
2024-05-12,IND_PAR,4,16.53,12.31,True,synthetic_scenario_generator,26006
2024-05-13,IND_PAR,4,15.31,11.28,True,synthetic_scenario_generator,26006
2024-05-14,IND_PAR,4,12.4,8.81,True,synthetic_scenario_generator,26006
2024-05-15,IND_PAR,2,12.97,9.29,True,synthetic_scenario_generator,26006
2024-05-16,IND_PAR,3,21.59,16.6,True,synthetic_scenario_generator,26006
2024-05-17,IND_PAR,4,19.86,15.14,True,synthetic_scenario_generator,26006
2024-05-18,IND_PAR,1,11.49,8.04,True,synthetic_scenario_generator,26006
2024-05-19,IND_PAR,2,19.22,14.59,True,synthetic_scenario_generator,26006
2024-05-20,IND_PAR,4,21.67,16.67,True,synthetic_scenario_generator,26006
2024-05-21,IND_PAR,3,14.47,10.57,True,synthetic_scenario_generator,26006
2024-05-22,IND_PAR,2,18.21,13.74,True,synthetic_scenario_generator,26006
2024-05-23,IND_PAR,2,8.43,5.45,True,synthetic_scenario_generator,26006
2024-05-24,IND_PAR,3,15.2,11.18,True,synthetic_scenario_generator,26006
2024-05-25,IND_PAR,3,11.95,8.43,True,synthetic_scenario_generator,26006
2024-05-26,IND_PAR,2,14.86,10.9,True,synthetic_scenario_generator,26006
2024-05-27,IND_PAR,3,18.27,13.79,True,synthetic_scenario_generator,26006
2024-05-28,IND_PAR,2,9.06,5.98,True,synthetic_scenario_generator,26006
2024-05-29,IND_PAR,4,21.6,16.61,True,synthetic_scenario_generator,26006
2024-05-30,IND_PAR,3,18.33,13.84,True,synthetic_scenario_generator,26006
2024-05-31,IND_PAR,5,27.71,21.79,True,synthetic_scenario_generator,26006
2024-06-01,IND_PAR,4,27.38,21.51,True,synthetic_scenario_generator,26006
2024-06-02,IND_PAR,3,23.36,18.1,True,synthetic_scenario_generator,26006
2024-06-03,IND_PAR,4,26.41,20.69,True,synthetic_scenario_generator,26006
2024-06-04,IND_PAR,3,26.89,21.09,True,synthetic_scenario_generator,26006
2024-06-05,IND_PAR,3,24.06,18.7,True,synthetic_scenario_generator,26006
2024-06-06,IND_PAR,5,30.75,24.36,True,synthetic_scenario_generator,26006
2024-06-07,IND_PAR,5,27.14,21.3,True,synthetic_scenario_generator,26006
2024-06-08,IND_PAR,5,30.31,23.99,True,synthetic_scenario_generator,26006
2024-06-09,IND_PAR,5,28.07,22.09,True,synthetic_scenario_generator,26006
2024-06-10,IND_PAR,4,36.38,29.14,True,synthetic_scenario_generator,26006
2024-06-11,IND_PAR,3,29.07,22.94,True,synthetic_scenario_generator,26006
2024-06-12,IND_PAR,4,26.64,20.88,True,synthetic_scenario_generator,26006
2024-06-13,IND_PAR,4,30.12,23.83,True,synthetic_scenario_generator,26006
2024-06-14,IND_PAR,4,43.23,34.94,True,synthetic_scenario_generator,26006
2024-06-15,IND_PAR,4,26.13,20.45,True,synthetic_scenario_generator,26006
2024-06-16,IND_PAR,4,27.59,21.69,True,synthetic_scenario_generator,26006
2024-06-17,IND_PAR,4,31.54,25.03,True,synthetic_scenario_generator,26006
2024-06-18,IND_PAR,4,38.87,31.25,True,synthetic_scenario_generator,26006
2024-06-19,IND_PAR,6,46.87,38.02,True,synthetic_scenario_generator,26006
2024-06-20,IND_PAR,3,34.07,27.18,True,synthetic_scenario_generator,26006
2024-06-21,IND_PAR,4,44.04,35.63,True,synthetic_scenario_generator,26006
2024-06-22,IND_PAR,4,42.66,34.46,True,synthetic_scenario_generator,26006
2024-06-23,IND_PAR,7,45.21,36.62,True,synthetic_scenario_generator,26006
2024-06-24,IND_PAR,6,44.65,36.14,True,synthetic_scenario_generator,26006
2024-06-25,IND_PAR,4,37.86,30.39,True,synthetic_scenario_generator,26006
2024-06-26,IND_PAR,6,42.96,34.71,True,synthetic_scenario_generator,26006
2024-06-27,IND_PAR,5,41.25,33.26,True,synthetic_scenario_generator,26006
2024-06-28,IND_PAR,3,39.31,31.62,True,synthetic_scenario_generator,26006
2024-06-29,IND_PAR,6,40.9,32.97,True,synthetic_scenario_generator,26006
2024-06-30,IND_PAR,3,39.57,31.84,True,synthetic_scenario_generator,26006
2024-07-01,IND_PAR,5,33.24,26.48,True,synthetic_scenario_generator,26006
2024-07-02,IND_PAR,4,36.23,29.01,True,synthetic_scenario_generator,26006
2024-07-03,IND_PAR,4,34.71,27.72,True,synthetic_scenario_generator,26006
2024-07-04,IND_PAR,3,31.76,25.22,True,synthetic_scenario_generator,26006
2024-07-05,IND_PAR,4,36.35,29.11,True,synthetic_scenario_generator,26006
2024-07-06,IND_PAR,5,30.59,24.23,True,synthetic_scenario_generator,26006
2024-07-07,IND_PAR,4,34.96,27.93,True,synthetic_scenario_generator,26006
2024-07-08,IND_PAR,5,26.32,20.61,True,synthetic_scenario_generator,26006
2024-07-09,IND_PAR,4,42.21,34.07,True,synthetic_scenario_generator,26006
2024-07-10,IND_PAR,5,38.31,30.77,True,synthetic_scenario_generator,26006
2024-07-11,IND_PAR,3,29.63,23.42,True,synthetic_scenario_generator,26006
2024-07-12,IND_PAR,4,39.15,31.48,True,synthetic_scenario_generator,26006
2024-07-13,IND_PAR,6,44.03,35.62,True,synthetic_scenario_generator,26006
2024-07-14,IND_PAR,5,31.67,25.14,True,synthetic_scenario_generator,26006
2024-07-15,IND_PAR,3,30.71,24.33,True,synthetic_scenario_generator,26006
2024-07-16,IND_PAR,4,32.66,25.98,True,synthetic_scenario_generator,26006
2024-07-17,IND_PAR,5,32.2,25.59,True,synthetic_scenario_generator,26006
2024-07-18,IND_PAR,4,32.23,25.62,True,synthetic_scenario_generator,26006
2024-07-19,IND_PAR,2,30.88,24.47,True,synthetic_scenario_generator,26006
2024-07-20,IND_PAR,3,24.71,19.25,True,synthetic_scenario_generator,26006
2024-07-21,IND_PAR,4,27.0,21.19,True,synthetic_scenario_generator,26006
2024-07-22,IND_PAR,5,25.63,20.03,True,synthetic_scenario_generator,26006
2024-07-23,IND_PAR,5,32.29,25.67,True,synthetic_scenario_generator,26006
2024-07-24,IND_PAR,5,20.31,15.51,True,synthetic_scenario_generator,26006
2024-07-25,IND_PAR,3,21.03,16.13,True,synthetic_scenario_generator,26006
2024-07-26,IND_PAR,5,28.34,22.32,True,synthetic_scenario_generator,26006
2024-07-27,IND_PAR,2,18.18,13.71,True,synthetic_scenario_generator,26006
2024-07-28,IND_PAR,4,19.02,14.42,True,synthetic_scenario_generator,26006
2024-07-29,IND_PAR,4,16.68,12.44,True,synthetic_scenario_generator,26006
2024-07-30,IND_PAR,4,25.86,20.22,True,synthetic_scenario_generator,26006
2024-07-31,IND_PAR,3,24.62,19.17,True,synthetic_scenario_generator,26006
2024-08-01,IND_PAR,4,14.69,10.75,True,synthetic_scenario_generator,26006
2024-08-02,IND_PAR,3,13.72,9.93,True,synthetic_scenario_generator,26006
2024-08-03,IND_PAR,3,18.55,14.02,True,synthetic_scenario_generator,26006
2024-08-04,IND_PAR,3,21.11,16.2,True,synthetic_scenario_generator,26006
2024-08-05,IND_PAR,3,19.39,14.74,True,synthetic_scenario_generator,26006
2024-08-06,IND_PAR,5,23.46,18.18,True,synthetic_scenario_generator,26006
2024-08-07,IND_PAR,3,21.96,16.91,True,synthetic_scenario_generator,26006
2024-08-08,IND_PAR,4,26.63,20.87,True,synthetic_scenario_generator,26006
2024-08-09,IND_PAR,3,26.79,21.01,True,synthetic_scenario_generator,26006
2024-08-10,IND_PAR,6,20.98,16.08,True,synthetic_scenario_generator,26006
2024-08-11,IND_PAR,5,19.98,15.24,True,synthetic_scenario_generator,26006
2024-08-12,IND_PAR,3,22.03,16.98,True,synthetic_scenario_generator,26006
2024-08-13,IND_PAR,3,18.76,14.2,True,synthetic_scenario_generator,26006
2024-08-14,IND_PAR,2,17.14,12.83,True,synthetic_scenario_generator,26006
2024-08-15,IND_PAR,4,20.22,15.44,True,synthetic_scenario_generator,26006
2024-08-16,IND_PAR,4,15.3,11.27,True,synthetic_scenario_generator,26006
2024-08-17,IND_PAR,4,26.81,21.02,True,synthetic_scenario_generator,26006
2024-08-18,IND_PAR,2,18.48,13.96,True,synthetic_scenario_generator,26006
2024-08-19,IND_PAR,1,21.53,16.55,True,synthetic_scenario_generator,26006
2024-08-20,IND_PAR,3,13.51,9.75,True,synthetic_scenario_generator,26006
2024-08-21,IND_PAR,2,23.34,18.09,True,synthetic_scenario_generator,26006
2024-08-22,IND_PAR,2,16.28,12.11,True,synthetic_scenario_generator,26006
2024-08-23,IND_PAR,2,19.92,15.19,True,synthetic_scenario_generator,26006
2024-08-24,IND_PAR,2,26.67,20.91,True,synthetic_scenario_generator,26006
2024-08-25,IND_PAR,1,15.86,11.75,True,synthetic_scenario_generator,26006
2024-08-26,IND_PAR,3,26.75,20.98,True,synthetic_scenario_generator,26006
2024-08-27,IND_PAR,3,16.34,12.16,True,synthetic_scenario_generator,26006
2024-08-28,IND_PAR,3,17.9,13.48,True,synthetic_scenario_generator,26006
2024-08-29,IND_PAR,0,13.02,9.34,True,synthetic_scenario_generator,26006
2024-08-30,IND_PAR,2,22.42,17.3,True,synthetic_scenario_generator,26006
2024-08-31,IND_PAR,4,20.12,15.36,True,synthetic_scenario_generator,26006
2024-09-01,IND_PAR,3,22.06,17.0,True,synthetic_scenario_generator,26006
2024-09-02,IND_PAR,4,25.86,20.22,True,synthetic_scenario_generator,26006
2024-09-03,IND_PAR,5,19.32,14.67,True,synthetic_scenario_generator,26006
2024-09-04,IND_PAR,6,28.76,22.68,True,synthetic_scenario_generator,26006
2024-09-05,IND_PAR,3,18.52,14.0,True,synthetic_scenario_generator,26006
2024-09-06,IND_PAR,3,28.08,22.1,True,synthetic_scenario_generator,26006
2024-09-07,IND_PAR,2,24.33,18.93,True,synthetic_scenario_generator,26006
2024-09-08,IND_PAR,3,27.48,21.59,True,synthetic_scenario_generator,26006
2024-09-09,IND_PAR,5,29.69,23.47,True,synthetic_scenario_generator,26006
2024-09-10,IND_PAR,6,31.46,24.97,True,synthetic_scenario_generator,26006
2024-09-11,IND_PAR,5,39.01,31.36,True,synthetic_scenario_generator,26006
2024-09-12,IND_PAR,4,27.9,21.95,True,synthetic_scenario_generator,26006
2024-09-13,IND_PAR,4,27.85,21.9,True,synthetic_scenario_generator,26006
2024-09-14,IND_PAR,4,28.47,22.44,True,synthetic_scenario_generator,26006
2024-09-15,IND_PAR,5,46.1,37.38,True,synthetic_scenario_generator,26006
2024-09-16,IND_PAR,3,33.31,26.53,True,synthetic_scenario_generator,26006
2024-09-17,IND_PAR,5,25.69,20.08,True,synthetic_scenario_generator,26006
2024-09-18,IND_PAR,4,36.93,29.6,True,synthetic_scenario_generator,26006
2024-09-19,IND_PAR,3,37.2,29.83,True,synthetic_scenario_generator,26006
2024-09-20,IND_PAR,4,27.17,21.33,True,synthetic_scenario_generator,26006
2024-09-21,IND_PAR,5,33.49,26.68,True,synthetic_scenario_generator,26006
2024-09-22,IND_PAR,5,24.78,19.3,True,synthetic_scenario_generator,26006
2024-09-23,IND_PAR,5,43.92,35.53,True,synthetic_scenario_generator,26006
2024-09-24,IND_PAR,6,35.55,28.43,True,synthetic_scenario_generator,26006
2024-09-25,IND_PAR,4,35.97,28.79,True,synthetic_scenario_generator,26006
2024-09-26,IND_PAR,2,29.8,23.56,True,synthetic_scenario_generator,26006
2024-09-27,IND_PAR,5,32.52,25.87,True,synthetic_scenario_generator,26006
2024-09-28,IND_PAR,4,43.65,35.3,True,synthetic_scenario_generator,26006
2024-09-29,IND_PAR,5,30.37,24.04,True,synthetic_scenario_generator,26006
2024-09-30,IND_PAR,2,29.62,23.41,True,synthetic_scenario_generator,26006
2024-10-01,IND_PAR,4,38.23,30.7,True,synthetic_scenario_generator,26006
2024-10-02,IND_PAR,5,37.52,30.1,True,synthetic_scenario_generator,26006
2024-10-03,IND_PAR,4,25.17,19.63,True,synthetic_scenario_generator,26006
2024-10-04,IND_PAR,4,36.24,29.02,True,synthetic_scenario_generator,26006
2024-10-05,IND_PAR,4,30.48,24.13,True,synthetic_scenario_generator,26006
2024-10-06,IND_PAR,4,16.43,12.23,True,synthetic_scenario_generator,26006
2024-10-07,IND_PAR,4,36.14,28.94,True,synthetic_scenario_generator,26006
2024-10-08,IND_PAR,4,34.41,27.46,True,synthetic_scenario_generator,26006
2024-10-09,IND_PAR,3,28.59,22.54,True,synthetic_scenario_generator,26006
2024-10-10,IND_PAR,6,36.21,28.99,True,synthetic_scenario_generator,26006
2024-10-11,IND_PAR,6,39.06,31.41,True,synthetic_scenario_generator,26006
2024-10-12,IND_PAR,4,26.0,20.34,True,synthetic_scenario_generator,26006
2024-10-13,IND_PAR,3,19.41,14.76,True,synthetic_scenario_generator,26006
2024-10-14,IND_PAR,6,31.07,24.64,True,synthetic_scenario_generator,26006
2024-10-15,IND_PAR,6,33.39,26.6,True,synthetic_scenario_generator,26006
2024-10-16,IND_PAR,4,26.12,20.44,True,synthetic_scenario_generator,26006
2024-10-17,IND_PAR,5,22.84,17.66,True,synthetic_scenario_generator,26006
2024-10-18,IND_PAR,5,22.79,17.62,True,synthetic_scenario_generator,26006
2024-10-19,IND_PAR,4,28.1,22.12,True,synthetic_scenario_generator,26006
2024-10-20,IND_PAR,4,20.04,15.29,True,synthetic_scenario_generator,26006
2024-10-21,IND_PAR,4,19.04,14.44,True,synthetic_scenario_generator,26006
2024-10-22,IND_PAR,4,26.19,20.5,True,synthetic_scenario_generator,26006
2024-10-23,IND_PAR,6,30.19,23.89,True,synthetic_scenario_generator,26006
2024-10-24,IND_PAR,5,23.17,17.94,True,synthetic_scenario_generator,26006
2024-10-25,IND_PAR,4,36.46,29.2,True,synthetic_scenario_generator,26006
2024-10-26,IND_PAR,3,21.17,16.25,True,synthetic_scenario_generator,26006
2024-10-27,IND_PAR,2,12.94,9.27,True,synthetic_scenario_generator,26006
2024-10-28,IND_PAR,4,10.92,7.56,True,synthetic_scenario_generator,26006
2024-10-29,IND_PAR,2,18.69,14.14,True,synthetic_scenario_generator,26006
2024-10-30,IND_PAR,3,17.06,12.76,True,synthetic_scenario_generator,26006
2024-10-31,IND_PAR,1,19.36,14.71,True,synthetic_scenario_generator,26006
2024-11-01,IND_PAR,2,19.02,14.42,True,synthetic_scenario_generator,26006
2024-11-02,IND_PAR,2,11.53,8.07,True,synthetic_scenario_generator,26006
2024-11-03,IND_PAR,1,8.54,5.54,True,synthetic_scenario_generator,26006
2024-11-04,IND_PAR,1,8.66,5.64,True,synthetic_scenario_generator,26006
2024-11-05,IND_PAR,3,15.29,11.26,True,synthetic_scenario_generator,26006
2024-11-06,IND_PAR,1,19.48,14.82,True,synthetic_scenario_generator,26006
2024-11-07,IND_PAR,6,15.8,11.7,True,synthetic_scenario_generator,26006
2024-11-08,IND_PAR,3,13.97,10.15,True,synthetic_scenario_generator,26006
2024-11-09,IND_PAR,2,13.62,9.85,True,synthetic_scenario_generator,26006
2024-11-10,IND_PAR,4,16.52,12.31,True,synthetic_scenario_generator,26006
2024-11-11,IND_PAR,4,8.8,5.76,True,synthetic_scenario_generator,26006
2024-11-12,IND_PAR,0,13.27,9.55,True,synthetic_scenario_generator,26006
2024-11-13,IND_PAR,2,8.05,5.13,True,synthetic_scenario_generator,26006
2024-11-14,IND_PAR,3,20.93,16.04,True,synthetic_scenario_generator,26006
2024-11-15,IND_PAR,5,13.67,9.89,True,synthetic_scenario_generator,26006
2024-11-16,IND_PAR,3,18.19,13.72,True,synthetic_scenario_generator,26006
2024-11-17,IND_PAR,4,17.39,13.04,True,synthetic_scenario_generator,26006
2024-11-18,IND_PAR,2,23.86,18.53,True,synthetic_scenario_generator,26006
2024-11-19,IND_PAR,2,12.29,8.72,True,synthetic_scenario_generator,26006
2024-11-20,IND_PAR,5,20.14,15.37,True,synthetic_scenario_generator,26006
2024-11-21,IND_PAR,4,15.78,11.68,True,synthetic_scenario_generator,26006
2024-11-22,IND_PAR,1,9.8,6.61,True,synthetic_scenario_generator,26006
2024-11-23,IND_PAR,3,18.37,13.88,True,synthetic_scenario_generator,26006
2024-11-24,IND_PAR,5,16.18,12.02,True,synthetic_scenario_generator,26006
2024-11-25,IND_PAR,3,15.85,11.74,True,synthetic_scenario_generator,26006
2024-11-26,IND_PAR,5,18.72,14.17,True,synthetic_scenario_generator,26006
2024-11-27,IND_PAR,5,19.03,14.43,True,synthetic_scenario_generator,26006
2024-11-28,IND_PAR,3,19.39,14.73,True,synthetic_scenario_generator,26006
2024-11-29,IND_PAR,3,19.97,15.23,True,synthetic_scenario_generator,26006
2024-11-30,IND_PAR,4,18.61,14.08,True,synthetic_scenario_generator,26006
2024-12-01,IND_PAR,4,25.88,20.23,True,synthetic_scenario_generator,26006
2024-12-02,IND_PAR,3,17.19,12.87,True,synthetic_scenario_generator,26006
2024-12-03,IND_PAR,2,15.93,11.81,True,synthetic_scenario_generator,26006
2024-12-04,IND_PAR,5,28.84,22.75,True,synthetic_scenario_generator,26006
2024-12-05,IND_PAR,5,32.25,25.63,True,synthetic_scenario_generator,26006
2024-12-06,IND_PAR,3,21.67,16.67,True,synthetic_scenario_generator,26006
2024-12-07,IND_PAR,4,22.24,17.15,True,synthetic_scenario_generator,26006
2024-12-08,IND_PAR,5,24.8,19.32,True,synthetic_scenario_generator,26006
2024-12-09,IND_PAR,6,40.85,32.93,True,synthetic_scenario_generator,26006
2024-12-10,IND_PAR,5,26.68,20.91,True,synthetic_scenario_generator,26006
2024-12-11,IND_PAR,3,23.09,17.87,True,synthetic_scenario_generator,26006
2024-12-12,IND_PAR,4,30.05,23.77,True,synthetic_scenario_generator,26006
2024-12-13,IND_PAR,4,24.53,19.1,True,synthetic_scenario_generator,26006
2024-12-14,IND_PAR,3,30.98,24.56,True,synthetic_scenario_generator,26006
2024-12-15,IND_PAR,3,29.76,23.52,True,synthetic_scenario_generator,26006
2024-12-16,IND_PAR,3,31.69,25.16,True,synthetic_scenario_generator,26006
2024-12-17,IND_PAR,4,26.5,20.76,True,synthetic_scenario_generator,26006
2024-12-18,IND_PAR,5,38.56,30.99,True,synthetic_scenario_generator,26006
2024-12-19,IND_PAR,3,34.61,27.64,True,synthetic_scenario_generator,26006
2024-12-20,IND_PAR,6,44.96,36.41,True,synthetic_scenario_generator,26006
2024-12-21,IND_PAR,3,34.77,27.77,True,synthetic_scenario_generator,26006
2024-12-22,IND_PAR,5,20.38,15.57,True,synthetic_scenario_generator,26006
2024-12-23,IND_PAR,3,30.72,24.34,True,synthetic_scenario_generator,26006
2024-12-24,IND_PAR,6,34.73,27.74,True,synthetic_scenario_generator,26006
2024-12-25,IND_PAR,5,36.13,28.92,True,synthetic_scenario_generator,26006
2024-12-26,IND_PAR,3,22.52,17.39,True,synthetic_scenario_generator,26006
2024-12-27,IND_PAR,4,31.81,25.26,True,synthetic_scenario_generator,26006
2024-12-28,IND_PAR,4,32.08,25.49,True,synthetic_scenario_generator,26006
2024-12-29,IND_PAR,3,27.21,21.36,True,synthetic_scenario_generator,26006
2024-12-30,IND_PAR,4,33.99,27.11,True,synthetic_scenario_generator,26006
2024-12-31,IND_PAR,6,27.58,21.68,True,synthetic_scenario_generator,26006
2025-01-01,IND_PAR,3,30.16,23.86,True,synthetic_scenario_generator,26006
2025-01-02,IND_PAR,4,36.27,29.04,True,synthetic_scenario_generator,26006
2025-01-03,IND_PAR,2,34.71,27.72,True,synthetic_scenario_generator,26006
2025-01-04,IND_PAR,4,25.37,19.8,True,synthetic_scenario_generator,26006
2025-01-05,IND_PAR,3,32.15,25.55,True,synthetic_scenario_generator,26006
2025-01-06,IND_PAR,5,32.89,26.18,True,synthetic_scenario_generator,26006
2025-01-07,IND_PAR,4,32.58,25.92,True,synthetic_scenario_generator,26006
2025-01-08,IND_PAR,5,30.51,24.16,True,synthetic_scenario_generator,26006
2025-01-09,IND_PAR,4,41.92,33.83,True,synthetic_scenario_generator,26006
2025-01-10,IND_PAR,5,25.57,19.98,True,synthetic_scenario_generator,26006
2025-01-11,IND_PAR,5,30.23,23.93,True,synthetic_scenario_generator,26006
2025-01-12,IND_PAR,6,29.07,22.94,True,synthetic_scenario_generator,26006
2025-01-13,IND_PAR,2,19.67,14.97,True,synthetic_scenario_generator,26006
2025-01-14,IND_PAR,5,32.08,25.49,True,synthetic_scenario_generator,26006
2025-01-15,IND_PAR,3,23.98,18.63,True,synthetic_scenario_generator,26006
2025-01-16,IND_PAR,2,24.06,18.7,True,synthetic_scenario_generator,26006
2025-01-17,IND_PAR,4,28.6,22.54,True,synthetic_scenario_generator,26006
2025-01-18,IND_PAR,1,21.31,16.36,True,synthetic_scenario_generator,26006
2025-01-19,IND_PAR,6,29.83,23.58,True,synthetic_scenario_generator,26006
2025-01-20,IND_PAR,3,31.95,25.38,True,synthetic_scenario_generator,26006
2025-01-21,IND_PAR,3,16.51,12.3,True,synthetic_scenario_generator,26006
2025-01-22,IND_PAR,4,15.91,11.79,True,synthetic_scenario_generator,26006
2025-01-23,IND_PAR,1,18.99,14.4,True,synthetic_scenario_generator,26006
2025-01-24,IND_PAR,4,30.82,24.42,True,synthetic_scenario_generator,26006
2025-01-25,IND_PAR,2,9.48,6.34,True,synthetic_scenario_generator,26006
2025-01-26,IND_PAR,2,23.43,18.16,True,synthetic_scenario_generator,26006
2025-01-27,IND_PAR,4,15.64,11.56,True,synthetic_scenario_generator,26006
2025-01-28,IND_PAR,2,8.92,5.86,True,synthetic_scenario_generator,26006
2025-01-29,IND_PAR,3,21.45,16.48,True,synthetic_scenario_generator,26006
2025-01-30,IND_PAR,2,17.16,12.85,True,synthetic_scenario_generator,26006
2025-01-31,IND_PAR,2,21.41,16.45,True,synthetic_scenario_generator,26006
2025-02-01,IND_PAR,4,19.73,15.02,True,synthetic_scenario_generator,26006
2025-02-02,IND_PAR,3,9.05,5.97,True,synthetic_scenario_generator,26006
2025-02-03,IND_PAR,3,9.84,6.65,True,synthetic_scenario_generator,26006
2025-02-04,IND_PAR,4,16.91,12.63,True,synthetic_scenario_generator,26006
2025-02-05,IND_PAR,5,26.81,21.03,True,synthetic_scenario_generator,26006
2025-02-06,IND_PAR,1,18.98,14.39,True,synthetic_scenario_generator,26006
2025-02-07,IND_PAR,3,11.21,7.81,True,synthetic_scenario_generator,26006
2025-02-08,IND_PAR,4,8.27,5.31,True,synthetic_scenario_generator,26006
2025-02-09,IND_PAR,4,10.99,7.62,True,synthetic_scenario_generator,26006
2025-02-10,IND_PAR,1,5.31,2.8,True,synthetic_scenario_generator,26006
2025-02-11,IND_PAR,3,18.44,13.93,True,synthetic_scenario_generator,26006
2025-02-12,IND_PAR,4,22.95,17.75,True,synthetic_scenario_generator,26006
2025-02-13,IND_PAR,3,11.0,7.63,True,synthetic_scenario_generator,26006
2025-02-14,IND_PAR,4,19.7,15.0,True,synthetic_scenario_generator,26006
2025-02-15,IND_PAR,2,19.19,14.57,True,synthetic_scenario_generator,26006
2025-02-16,IND_PAR,4,18.79,14.23,True,synthetic_scenario_generator,26006
2025-02-17,IND_PAR,2,18.35,13.86,True,synthetic_scenario_generator,26006
2025-02-18,IND_PAR,5,9.25,6.14,True,synthetic_scenario_generator,26006
2025-02-19,IND_PAR,2,12.18,8.62,True,synthetic_scenario_generator,26006
2025-02-20,IND_PAR,2,15.78,11.68,True,synthetic_scenario_generator,26006
2025-02-21,IND_PAR,4,23.04,17.83,True,synthetic_scenario_generator,26006
2025-02-22,IND_PAR,3,17.41,13.06,True,synthetic_scenario_generator,26006
2025-02-23,IND_PAR,3,19.82,15.1,True,synthetic_scenario_generator,26006
2025-02-24,IND_PAR,4,19.02,14.42,True,synthetic_scenario_generator,26006
2025-02-25,IND_PAR,4,25.45,19.88,True,synthetic_scenario_generator,26006
2025-02-26,IND_PAR,2,21.93,16.89,True,synthetic_scenario_generator,26006
2025-02-27,IND_PAR,3,18.48,13.96,True,synthetic_scenario_generator,26006
2025-02-28,IND_PAR,4,18.11,13.65,True,synthetic_scenario_generator,26006
2025-03-01,IND_PAR,4,18.46,13.95,True,synthetic_scenario_generator,26006
2025-03-02,IND_PAR,3,18.0,13.56,True,synthetic_scenario_generator,26006
2025-03-03,IND_PAR,2,20.88,16.0,True,synthetic_scenario_generator,26006
2025-03-04,IND_PAR,2,15.74,11.64,True,synthetic_scenario_generator,26006
2025-03-05,IND_PAR,3,29.37,23.2,True,synthetic_scenario_generator,26006
2025-03-06,IND_PAR,4,18.51,13.99,True,synthetic_scenario_generator,26006
2025-03-07,IND_PAR,1,25.26,19.71,True,synthetic_scenario_generator,26006
2025-03-08,IND_PAR,3,23.99,18.63,True,synthetic_scenario_generator,26006
2025-03-09,IND_PAR,6,30.39,24.06,True,synthetic_scenario_generator,26006
2025-03-10,IND_PAR,0,19.55,14.88,True,synthetic_scenario_generator,26006
2025-03-11,IND_PAR,5,25.88,20.24,True,synthetic_scenario_generator,26006
2025-03-12,IND_PAR,4,19.29,14.65,True,synthetic_scenario_generator,26006
2025-03-13,IND_PAR,4,29.45,23.26,True,synthetic_scenario_generator,26006
2025-03-14,IND_PAR,2,26.0,20.34,True,synthetic_scenario_generator,26006
2025-03-15,IND_PAR,5,32.92,26.2,True,synthetic_scenario_generator,26006
2025-03-16,IND_PAR,5,22.04,16.98,True,synthetic_scenario_generator,26006
2025-03-17,IND_PAR,4,34.65,27.67,True,synthetic_scenario_generator,26006
2025-03-18,IND_PAR,3,29.76,23.53,True,synthetic_scenario_generator,26006
2025-03-19,IND_PAR,4,32.08,25.49,True,synthetic_scenario_generator,26006
2025-03-20,IND_PAR,6,32.73,26.04,True,synthetic_scenario_generator,26006
2025-03-21,IND_PAR,2,25.01,19.5,True,synthetic_scenario_generator,26006
2025-03-22,IND_PAR,5,34.53,27.57,True,synthetic_scenario_generator,26006
2025-03-23,IND_PAR,3,26.59,20.84,True,synthetic_scenario_generator,26006
2025-03-24,IND_PAR,2,22.93,17.74,True,synthetic_scenario_generator,26006
2025-03-25,IND_PAR,4,40.05,32.25,True,synthetic_scenario_generator,26006
2025-03-26,IND_PAR,4,31.88,25.32,True,synthetic_scenario_generator,26006
2025-03-27,IND_PAR,5,37.95,30.47,True,synthetic_scenario_generator,26006
2025-03-28,IND_PAR,3,27.19,21.35,True,synthetic_scenario_generator,26006
2025-03-29,IND_PAR,3,34.4,27.46,True,synthetic_scenario_generator,26006
2025-03-30,IND_PAR,3,34.66,27.68,True,synthetic_scenario_generator,26006
2025-03-31,IND_PAR,3,31.29,24.83,True,synthetic_scenario_generator,26006
2025-04-01,IND_PAR,4,26.52,20.78,True,synthetic_scenario_generator,26006
2025-04-02,IND_PAR,3,24.93,19.43,True,synthetic_scenario_generator,26006
2025-04-03,IND_PAR,5,34.12,27.22,True,synthetic_scenario_generator,26006
2025-04-04,IND_PAR,4,28.49,22.45,True,synthetic_scenario_generator,26006
2025-04-05,IND_PAR,1,22.74,17.58,True,synthetic_scenario_generator,26006
2025-04-06,IND_PAR,4,24.45,19.03,True,synthetic_scenario_generator,26006
2025-04-07,IND_PAR,6,39.5,31.78,True,synthetic_scenario_generator,26006
2025-04-08,IND_PAR,3,21.47,16.5,True,synthetic_scenario_generator,26006
2025-04-09,IND_PAR,2,31.2,24.75,True,synthetic_scenario_generator,26006
2025-04-10,IND_PAR,3,23.02,17.81,True,synthetic_scenario_generator,26006
2025-04-11,IND_PAR,4,26.13,20.45,True,synthetic_scenario_generator,26006
2025-04-12,IND_PAR,4,29.04,22.91,True,synthetic_scenario_generator,26006
2025-04-13,IND_PAR,3,33.57,26.75,True,synthetic_scenario_generator,26006
2025-04-14,IND_PAR,3,40.66,32.76,True,synthetic_scenario_generator,26006
2025-04-15,IND_PAR,6,41.36,33.36,True,synthetic_scenario_generator,26006
2025-04-16,IND_PAR,1,19.96,15.22,True,synthetic_scenario_generator,26006
2025-04-17,IND_PAR,3,26.92,21.12,True,synthetic_scenario_generator,26006
2025-04-18,IND_PAR,4,26.49,20.75,True,synthetic_scenario_generator,26006
2025-04-19,IND_PAR,3,23.88,18.55,True,synthetic_scenario_generator,26006
2025-04-20,IND_PAR,2,17.28,12.95,True,synthetic_scenario_generator,26006
2025-04-21,IND_PAR,1,24.0,18.65,True,synthetic_scenario_generator,26006
2025-04-22,IND_PAR,2,17.02,12.73,True,synthetic_scenario_generator,26006
2025-04-23,IND_PAR,3,19.64,14.95,True,synthetic_scenario_generator,26006
2025-04-24,IND_PAR,4,25.92,20.27,True,synthetic_scenario_generator,26006
2025-04-25,IND_PAR,3,21.18,16.25,True,synthetic_scenario_generator,26006
2025-04-26,IND_PAR,3,18.02,13.58,True,synthetic_scenario_generator,26006
2025-04-27,IND_PAR,3,16.83,12.57,True,synthetic_scenario_generator,26006
2025-04-28,IND_PAR,4,19.62,14.94,True,synthetic_scenario_generator,26006
2025-04-29,IND_PAR,2,21.7,16.69,True,synthetic_scenario_generator,26006
2025-04-30,IND_PAR,5,13.35,9.62,True,synthetic_scenario_generator,26006
2025-05-01,IND_PAR,2,18.72,14.17,True,synthetic_scenario_generator,26006
2025-05-02,IND_PAR,5,21.68,16.68,True,synthetic_scenario_generator,26006
2025-05-03,IND_PAR,3,22.59,17.45,True,synthetic_scenario_generator,26006
2025-05-04,IND_PAR,4,14.35,10.46,True,synthetic_scenario_generator,26006
2025-05-05,IND_PAR,4,23.0,17.8,True,synthetic_scenario_generator,26006
2025-05-06,IND_PAR,5,18.12,13.66,True,synthetic_scenario_generator,26006
2025-05-07,IND_PAR,3,14.04,10.2,True,synthetic_scenario_generator,26006
2025-05-08,IND_PAR,4,12.05,8.52,True,synthetic_scenario_generator,26006
2025-05-09,IND_PAR,3,7.53,4.69,True,synthetic_scenario_generator,26006
2025-05-10,IND_PAR,6,15.7,11.61,True,synthetic_scenario_generator,26006
2025-05-11,IND_PAR,3,17.46,13.1,True,synthetic_scenario_generator,26006
2025-05-12,IND_PAR,4,15.64,11.56,True,synthetic_scenario_generator,26006
2025-05-13,IND_PAR,1,8.49,5.5,True,synthetic_scenario_generator,26006
2025-05-14,IND_PAR,3,16.71,12.47,True,synthetic_scenario_generator,26006
2025-05-15,IND_PAR,3,16.25,12.08,True,synthetic_scenario_generator,26006
2025-05-16,IND_PAR,0,9.76,6.57,True,synthetic_scenario_generator,26006
2025-05-17,IND_PAR,1,13.72,9.93,True,synthetic_scenario_generator,26006
2025-05-18,IND_PAR,2,7.91,5.01,True,synthetic_scenario_generator,26006
2025-05-19,IND_PAR,4,15.39,11.35,True,synthetic_scenario_generator,26006
2025-05-20,IND_PAR,3,10.82,7.47,True,synthetic_scenario_generator,26006
2025-05-21,IND_PAR,1,16.25,12.08,True,synthetic_scenario_generator,26006
2025-05-22,IND_PAR,3,21.22,16.28,True,synthetic_scenario_generator,26006
2025-05-23,IND_PAR,2,20.57,15.74,True,synthetic_scenario_generator,26006
2025-05-24,IND_PAR,2,19.58,14.9,True,synthetic_scenario_generator,26006
2025-05-25,IND_PAR,3,22.88,17.69,True,synthetic_scenario_generator,26006
2025-05-26,IND_PAR,1,22.01,16.96,True,synthetic_scenario_generator,26006
2025-05-27,IND_PAR,2,18.59,14.06,True,synthetic_scenario_generator,26006
2025-05-28,IND_PAR,4,15.57,11.5,True,synthetic_scenario_generator,26006
2025-05-29,IND_PAR,3,19.03,14.43,True,synthetic_scenario_generator,26006
2025-05-30,IND_PAR,3,27.68,21.76,True,synthetic_scenario_generator,26006
2025-05-31,IND_PAR,5,23.42,18.15,True,synthetic_scenario_generator,26006
2025-06-01,IND_PAR,0,16.83,12.57,True,synthetic_scenario_generator,26006
2025-06-02,IND_PAR,3,30.5,24.15,True,synthetic_scenario_generator,26006
2025-06-03,IND_PAR,5,28.19,22.19,True,synthetic_scenario_generator,26006
2025-06-04,IND_PAR,3,27.37,21.5,True,synthetic_scenario_generator,26006
2025-06-05,IND_PAR,4,30.56,24.2,True,synthetic_scenario_generator,26006
2025-06-06,IND_PAR,6,33.96,27.09,True,synthetic_scenario_generator,26006
2025-06-07,IND_PAR,4,37.31,29.93,True,synthetic_scenario_generator,26006
2025-06-08,IND_PAR,5,35.03,27.99,True,synthetic_scenario_generator,26006
2025-06-09,IND_PAR,3,36.26,29.04,True,synthetic_scenario_generator,26006
2025-06-10,IND_PAR,6,40.63,32.74,True,synthetic_scenario_generator,26006
2025-06-11,IND_PAR,4,36.11,28.91,True,synthetic_scenario_generator,26006
2025-06-12,IND_PAR,4,28.04,22.07,True,synthetic_scenario_generator,26006
2025-06-13,IND_PAR,4,37.02,29.67,True,synthetic_scenario_generator,26006
2025-06-14,IND_PAR,5,36.51,29.24,True,synthetic_scenario_generator,26006
2025-06-15,IND_PAR,2,39.15,31.48,True,synthetic_scenario_generator,26006
2025-06-16,IND_PAR,6,30.54,24.19,True,synthetic_scenario_generator,26006
2025-06-17,IND_PAR,3,25.24,19.7,True,synthetic_scenario_generator,26006
2025-06-18,IND_PAR,4,31.26,24.8,True,synthetic_scenario_generator,26006
2025-06-19,IND_PAR,4,44.59,36.1,True,synthetic_scenario_generator,26006
2025-06-20,IND_PAR,3,44.72,36.2,True,synthetic_scenario_generator,26006
2025-06-21,IND_PAR,4,38.24,30.71,True,synthetic_scenario_generator,26006
2025-06-22,IND_PAR,4,37.41,30.01,True,synthetic_scenario_generator,26006
2025-06-23,IND_PAR,8,47.7,38.73,True,synthetic_scenario_generator,26006
2025-06-24,IND_PAR,6,36.91,29.58,True,synthetic_scenario_generator,26006
2025-06-25,IND_PAR,6,29.95,23.69,True,synthetic_scenario_generator,26006
2025-06-26,IND_PAR,6,35.87,28.7,True,synthetic_scenario_generator,26006
2025-06-27,IND_PAR,6,39.91,32.12,True,synthetic_scenario_generator,26006
2025-06-28,IND_PAR,5,42.15,34.03,True,synthetic_scenario_generator,26006
2025-06-29,IND_PAR,6,41.47,33.45,True,synthetic_scenario_generator,26006
2025-06-30,IND_PAR,5,43.99,35.58,True,synthetic_scenario_generator,26006
2025-07-01,IND_PAR,5,28.37,22.35,True,synthetic_scenario_generator,26006
2025-07-02,IND_PAR,4,34.13,27.23,True,synthetic_scenario_generator,26006
2025-07-03,IND_PAR,3,31.72,25.19,True,synthetic_scenario_generator,26006
2025-07-04,IND_PAR,5,32.23,25.62,True,synthetic_scenario_generator,26006
2025-07-05,IND_PAR,6,42.23,34.09,True,synthetic_scenario_generator,26006
2025-07-06,IND_PAR,4,34.27,27.35,True,synthetic_scenario_generator,26006
2025-07-07,IND_PAR,2,31.75,25.22,True,synthetic_scenario_generator,26006
2025-07-08,IND_PAR,4,33.4,26.61,True,synthetic_scenario_generator,26006
2025-07-09,IND_PAR,4,40.67,32.77,True,synthetic_scenario_generator,26006
2025-07-10,IND_PAR,3,35.36,28.27,True,synthetic_scenario_generator,26006
2025-07-11,IND_PAR,3,29.4,23.22,True,synthetic_scenario_generator,26006
2025-07-12,IND_PAR,5,33.71,26.88,True,synthetic_scenario_generator,26006
2025-07-13,IND_PAR,5,30.84,24.44,True,synthetic_scenario_generator,26006
2025-07-14,IND_PAR,4,19.32,14.68,True,synthetic_scenario_generator,26006
2025-07-15,IND_PAR,3,17.42,13.07,True,synthetic_scenario_generator,26006
2025-07-16,IND_PAR,3,24.94,19.44,True,synthetic_scenario_generator,26006
2025-07-17,IND_PAR,3,22.06,17.0,True,synthetic_scenario_generator,26006
2025-07-18,IND_PAR,5,28.76,22.68,True,synthetic_scenario_generator,26006
2025-07-19,IND_PAR,5,24.14,18.76,True,synthetic_scenario_generator,26006
2025-07-20,IND_PAR,4,26.63,20.87,True,synthetic_scenario_generator,26006
2025-07-21,IND_PAR,3,22.13,17.06,True,synthetic_scenario_generator,26006
2025-07-22,IND_PAR,2,25.23,19.69,True,synthetic_scenario_generator,26006
2025-07-23,IND_PAR,2,18.29,13.81,True,synthetic_scenario_generator,26006
2025-07-24,IND_PAR,2,17.21,12.89,True,synthetic_scenario_generator,26006
2025-07-25,IND_PAR,2,22.82,17.64,True,synthetic_scenario_generator,26006
2025-07-26,IND_PAR,3,23.14,17.91,True,synthetic_scenario_generator,26006
2025-07-27,IND_PAR,3,17.3,12.97,True,synthetic_scenario_generator,26006
2025-07-28,IND_PAR,2,24.99,19.48,True,synthetic_scenario_generator,26006
2025-07-29,IND_PAR,3,24.57,19.13,True,synthetic_scenario_generator,26006
2025-07-30,IND_PAR,4,18.12,13.66,True,synthetic_scenario_generator,26006
2025-07-31,IND_PAR,4,24.19,18.8,True,synthetic_scenario_generator,26006
2025-08-01,IND_PAR,4,20.5,15.67,True,synthetic_scenario_generator,26006
2025-08-02,IND_PAR,4,21.25,16.31,True,synthetic_scenario_generator,26006
2025-08-03,IND_PAR,3,16.53,12.32,True,synthetic_scenario_generator,26006
2025-08-04,IND_PAR,3,19.68,14.98,True,synthetic_scenario_generator,26006
2025-08-05,IND_PAR,3,22.33,17.23,True,synthetic_scenario_generator,26006
2025-08-06,IND_PAR,2,20.53,15.71,True,synthetic_scenario_generator,26006
2025-08-07,IND_PAR,5,19.67,14.98,True,synthetic_scenario_generator,26006
2025-08-08,IND_PAR,4,21.8,16.78,True,synthetic_scenario_generator,26006
2025-08-09,IND_PAR,4,25.98,20.32,True,synthetic_scenario_generator,26006
2025-08-10,IND_PAR,4,20.19,15.42,True,synthetic_scenario_generator,26006
2025-08-11,IND_PAR,2,16.98,12.7,True,synthetic_scenario_generator,26006
2025-08-12,IND_PAR,1,18.18,13.71,True,synthetic_scenario_generator,26006
2025-08-13,IND_PAR,4,24.82,19.34,True,synthetic_scenario_generator,26006
2025-08-14,IND_PAR,2,16.25,12.08,True,synthetic_scenario_generator,26006
2025-08-15,IND_PAR,2,23.33,18.07,True,synthetic_scenario_generator,26006
2025-08-16,IND_PAR,2,22.93,17.73,True,synthetic_scenario_generator,26006
2025-08-17,IND_PAR,4,20.18,15.41,True,synthetic_scenario_generator,26006
2025-08-18,IND_PAR,5,24.12,18.75,True,synthetic_scenario_generator,26006
2025-08-19,IND_PAR,4,31.96,25.39,True,synthetic_scenario_generator,26006
2025-08-20,IND_PAR,4,17.33,12.99,True,synthetic_scenario_generator,26006
2025-08-21,IND_PAR,4,20.45,15.63,True,synthetic_scenario_generator,26006
2025-08-22,IND_PAR,3,19.83,15.11,True,synthetic_scenario_generator,26006
2025-08-23,IND_PAR,3,28.12,22.13,True,synthetic_scenario_generator,26006
2025-08-24,IND_PAR,3,21.58,16.6,True,synthetic_scenario_generator,26006
2025-08-25,IND_PAR,5,25.99,20.33,True,synthetic_scenario_generator,26006
2025-08-26,IND_PAR,6,33.47,26.67,True,synthetic_scenario_generator,26006
2025-08-27,IND_PAR,3,28.89,22.79,True,synthetic_scenario_generator,26006
2025-08-28,IND_PAR,1,18.15,13.69,True,synthetic_scenario_generator,26006
2025-08-29,IND_PAR,2,20.61,15.78,True,synthetic_scenario_generator,26006
2025-08-30,IND_PAR,4,28.98,22.87,True,synthetic_scenario_generator,26006
2025-08-31,IND_PAR,4,16.21,12.04,True,synthetic_scenario_generator,26006
2025-09-01,IND_PAR,3,25.03,19.52,True,synthetic_scenario_generator,26006
2025-09-02,IND_PAR,5,32.76,26.06,True,synthetic_scenario_generator,26006
2025-09-03,IND_PAR,5,36.25,29.03,True,synthetic_scenario_generator,26006
2025-09-04,IND_PAR,3,25.22,19.68,True,synthetic_scenario_generator,26006
2025-09-05,IND_PAR,5,30.38,24.05,True,synthetic_scenario_generator,26006
2025-09-06,IND_PAR,4,27.74,21.82,True,synthetic_scenario_generator,26006
2025-09-07,IND_PAR,4,33.12,26.37,True,synthetic_scenario_generator,26006
2025-09-08,IND_PAR,4,36.32,29.09,True,synthetic_scenario_generator,26006
2025-09-09,IND_PAR,4,31.44,24.95,True,synthetic_scenario_generator,26006
2025-09-10,IND_PAR,5,35.01,27.97,True,synthetic_scenario_generator,26006
2025-09-11,IND_PAR,3,29.85,23.6,True,synthetic_scenario_generator,26006
2025-09-12,IND_PAR,5,35.55,28.43,True,synthetic_scenario_generator,26006
2025-09-13,IND_PAR,3,29.51,23.32,True,synthetic_scenario_generator,26006
2025-09-14,IND_PAR,4,28.61,22.55,True,synthetic_scenario_generator,26006
2025-09-15,IND_PAR,4,37.5,30.09,True,synthetic_scenario_generator,26006
2025-09-16,IND_PAR,6,33.6,26.78,True,synthetic_scenario_generator,26006
2025-09-17,IND_PAR,4,38.9,31.27,True,synthetic_scenario_generator,26006
2025-09-18,IND_PAR,5,30.54,24.18,True,synthetic_scenario_generator,26006
2025-09-19,IND_PAR,5,46.9,38.05,True,synthetic_scenario_generator,26006
2025-09-20,IND_PAR,3,36.8,29.49,True,synthetic_scenario_generator,26006
2025-09-21,IND_PAR,4,37.66,30.22,True,synthetic_scenario_generator,26006
2025-09-22,IND_PAR,5,35.46,28.36,True,synthetic_scenario_generator,26006
2025-09-23,IND_PAR,3,40.48,32.61,True,synthetic_scenario_generator,26006
2025-09-24,IND_PAR,2,36.69,29.4,True,synthetic_scenario_generator,26006
2025-09-25,IND_PAR,3,33.46,26.66,True,synthetic_scenario_generator,26006
2025-09-26,IND_PAR,4,38.33,30.79,True,synthetic_scenario_generator,26006
2025-09-27,IND_PAR,5,26.86,21.07,True,synthetic_scenario_generator,26006
2025-09-28,IND_PAR,3,20.35,15.55,True,synthetic_scenario_generator,26006
2025-09-29,IND_PAR,3,28.56,22.5,True,synthetic_scenario_generator,26006
2025-09-30,IND_PAR,3,23.84,18.51,True,synthetic_scenario_generator,26006
2025-10-01,IND_PAR,5,30.73,24.35,True,synthetic_scenario_generator,26006
2025-10-02,IND_PAR,3,24.35,18.94,True,synthetic_scenario_generator,26006
2025-10-03,IND_PAR,3,29.92,23.66,True,synthetic_scenario_generator,26006
2025-10-04,IND_PAR,2,32.81,26.11,True,synthetic_scenario_generator,26006
2025-10-05,IND_PAR,4,35.82,28.66,True,synthetic_scenario_generator,26006
2025-10-06,IND_PAR,4,30.48,24.13,True,synthetic_scenario_generator,26006
2025-10-07,IND_PAR,4,40.93,32.99,True,synthetic_scenario_generator,26006
2025-10-08,IND_PAR,3,19.67,14.97,True,synthetic_scenario_generator,26006
2025-10-09,IND_PAR,5,25.09,19.57,True,synthetic_scenario_generator,26006
2025-10-10,IND_PAR,5,33.44,26.65,True,synthetic_scenario_generator,26006
2025-10-11,IND_PAR,3,25.96,20.3,True,synthetic_scenario_generator,26006
2025-10-12,IND_PAR,3,22.99,17.79,True,synthetic_scenario_generator,26006
2025-10-13,IND_PAR,6,28.16,22.17,True,synthetic_scenario_generator,26006
2025-10-14,IND_PAR,4,20.76,15.9,True,synthetic_scenario_generator,26006
2025-10-15,IND_PAR,2,20.04,15.29,True,synthetic_scenario_generator,26006
2025-10-16,IND_PAR,3,22.01,16.96,True,synthetic_scenario_generator,26006
2025-10-17,IND_PAR,4,28.37,22.35,True,synthetic_scenario_generator,26006
2025-10-18,IND_PAR,5,30.08,23.8,True,synthetic_scenario_generator,26006
2025-10-19,IND_PAR,5,22.15,17.07,True,synthetic_scenario_generator,26006
2025-10-20,IND_PAR,2,17.15,12.84,True,synthetic_scenario_generator,26006
2025-10-21,IND_PAR,5,25.05,19.54,True,synthetic_scenario_generator,26006
2025-10-22,IND_PAR,3,11.48,8.03,True,synthetic_scenario_generator,26006
2025-10-23,IND_PAR,3,21.8,16.78,True,synthetic_scenario_generator,26006
2025-10-24,IND_PAR,3,20.62,15.78,True,synthetic_scenario_generator,26006
2025-10-25,IND_PAR,3,17.12,12.81,True,synthetic_scenario_generator,26006
2025-10-26,IND_PAR,4,14.38,10.5,True,synthetic_scenario_generator,26006
2025-10-27,IND_PAR,2,16.7,12.46,True,synthetic_scenario_generator,26006
2025-10-28,IND_PAR,4,10.54,7.24,True,synthetic_scenario_generator,26006
2025-10-29,IND_PAR,2,23.34,18.09,True,synthetic_scenario_generator,26006
2025-10-30,IND_PAR,3,17.02,12.73,True,synthetic_scenario_generator,26006
2025-10-31,IND_PAR,2,15.58,11.51,True,synthetic_scenario_generator,26006
2025-11-01,IND_PAR,3,13.38,9.64,True,synthetic_scenario_generator,26006
2025-11-02,IND_PAR,1,10.68,7.36,True,synthetic_scenario_generator,26006
2025-11-03,IND_PAR,4,14.94,10.96,True,synthetic_scenario_generator,26006
2025-11-04,IND_PAR,3,10.91,7.55,True,synthetic_scenario_generator,26006
2025-11-05,IND_PAR,2,17.35,13.01,True,synthetic_scenario_generator,26006
2025-11-06,IND_PAR,4,10.55,7.24,True,synthetic_scenario_generator,26006
2025-11-07,IND_PAR,4,15.39,11.35,True,synthetic_scenario_generator,26006
2025-11-08,IND_PAR,2,14.95,10.97,True,synthetic_scenario_generator,26006
2025-11-09,IND_PAR,2,14.3,10.42,True,synthetic_scenario_generator,26006
2025-11-10,IND_PAR,5,13.85,10.05,True,synthetic_scenario_generator,26006
2025-11-11,IND_PAR,3,9.78,6.59,True,synthetic_scenario_generator,26006
2025-11-12,IND_PAR,4,18.64,14.1,True,synthetic_scenario_generator,26006
2025-11-13,IND_PAR,4,13.16,9.46,True,synthetic_scenario_generator,26006
2025-11-14,IND_PAR,2,7.24,4.44,True,synthetic_scenario_generator,26006
2025-11-15,IND_PAR,3,17.56,13.19,True,synthetic_scenario_generator,26006
2025-11-16,IND_PAR,1,3.13,0.96,True,synthetic_scenario_generator,26006
2025-11-17,IND_PAR,3,14.33,10.45,True,synthetic_scenario_generator,26006
2025-11-18,IND_PAR,4,20.29,15.5,True,synthetic_scenario_generator,26006
2025-11-19,IND_PAR,2,10.96,7.59,True,synthetic_scenario_generator,26006
2025-11-20,IND_PAR,4,17.72,13.32,True,synthetic_scenario_generator,26006
2025-11-21,IND_PAR,4,22.18,17.11,True,synthetic_scenario_generator,26006
2025-11-22,IND_PAR,1,26.41,20.69,True,synthetic_scenario_generator,26006
2025-11-23,IND_PAR,2,23.74,18.42,True,synthetic_scenario_generator,26006
2025-11-24,IND_PAR,4,13.66,9.88,True,synthetic_scenario_generator,26006
2025-11-25,IND_PAR,3,15.25,11.23,True,synthetic_scenario_generator,26006
2025-11-26,IND_PAR,3,18.46,13.95,True,synthetic_scenario_generator,26006
2025-11-27,IND_PAR,2,24.93,19.43,True,synthetic_scenario_generator,26006
2025-11-28,IND_PAR,2,24.76,19.28,True,synthetic_scenario_generator,26006
2025-11-29,IND_PAR,4,17.97,13.54,True,synthetic_scenario_generator,26006
2025-11-30,IND_PAR,3,17.24,12.92,True,synthetic_scenario_generator,26006
2025-12-01,IND_PAR,5,23.16,17.93,True,synthetic_scenario_generator,26006
2025-12-02,IND_PAR,4,27.49,21.61,True,synthetic_scenario_generator,26006
2025-12-03,IND_PAR,3,30.56,24.2,True,synthetic_scenario_generator,26006
2025-12-04,IND_PAR,4,34.3,27.37,True,synthetic_scenario_generator,26006
2025-12-05,IND_PAR,5,24.91,19.41,True,synthetic_scenario_generator,26006
2025-12-06,IND_PAR,3,24.71,19.24,True,synthetic_scenario_generator,26006
2025-12-07,IND_PAR,4,25.46,19.88,True,synthetic_scenario_generator,26006
2025-12-08,IND_PAR,5,33.64,26.82,True,synthetic_scenario_generator,26006
2025-12-09,IND_PAR,4,26.93,21.13,True,synthetic_scenario_generator,26006
2025-12-10,IND_PAR,3,38.48,30.92,True,synthetic_scenario_generator,26006
2025-12-11,IND_PAR,3,30.13,23.84,True,synthetic_scenario_generator,26006
2025-12-12,IND_PAR,3,26.93,21.13,True,synthetic_scenario_generator,26006
2025-12-13,IND_PAR,3,32.1,25.51,True,synthetic_scenario_generator,26006
2025-12-14,IND_PAR,5,42.87,34.63,True,synthetic_scenario_generator,26006
2025-12-15,IND_PAR,6,37.01,29.67,True,synthetic_scenario_generator,26006
2025-12-16,IND_PAR,6,38.51,30.94,True,synthetic_scenario_generator,26006
2025-12-17,IND_PAR,6,33.86,27.0,True,synthetic_scenario_generator,26006
2025-12-18,IND_PAR,3,26.97,21.16,True,synthetic_scenario_generator,26006
2025-12-19,IND_PAR,3,29.48,23.28,True,synthetic_scenario_generator,26006
2025-12-20,IND_PAR,4,40.1,32.29,True,synthetic_scenario_generator,26006
2025-12-21,IND_PAR,3,37.94,30.45,True,synthetic_scenario_generator,26006
2025-12-22,IND_PAR,2,26.12,20.44,True,synthetic_scenario_generator,26006
2025-12-23,IND_PAR,3,20.36,15.56,True,synthetic_scenario_generator,26006
2025-12-24,IND_PAR,4,36.07,28.88,True,synthetic_scenario_generator,26006
2025-12-25,IND_PAR,7,28.61,22.55,True,synthetic_scenario_generator,26006
2025-12-26,IND_PAR,4,29.26,23.1,True,synthetic_scenario_generator,26006
2025-12-27,IND_PAR,5,34.26,27.34,True,synthetic_scenario_generator,26006
2025-12-28,IND_PAR,4,31.34,24.86,True,synthetic_scenario_generator,26006
2025-12-29,IND_PAR,5,23.77,18.45,True,synthetic_scenario_generator,26006
2025-12-30,IND_PAR,5,37.18,29.81,True,synthetic_scenario_generator,26006
2025-12-31,IND_PAR,3,34.91,27.89,True,synthetic_scenario_generator,26006
2026-01-01,IND_PAR,4,27.14,21.31,True,synthetic_scenario_generator,26006
2026-01-02,IND_PAR,4,26.35,20.64,True,synthetic_scenario_generator,26006
2026-01-03,IND_PAR,5,38.06,30.56,True,synthetic_scenario_generator,26006
2026-01-04,IND_PAR,1,23.91,18.56,True,synthetic_scenario_generator,26006
2026-01-05,IND_PAR,1,28.43,22.4,True,synthetic_scenario_generator,26006
2026-01-06,IND_PAR,4,20.01,15.26,True,synthetic_scenario_generator,26006
2026-01-07,IND_PAR,5,29.58,23.37,True,synthetic_scenario_generator,26006
2026-01-08,IND_PAR,3,29.54,23.34,True,synthetic_scenario_generator,26006
2026-01-09,IND_PAR,4,28.03,22.06,True,synthetic_scenario_generator,26006
2026-01-10,IND_PAR,2,25.6,20.0,True,synthetic_scenario_generator,26006
2026-01-11,IND_PAR,0,20.45,15.63,True,synthetic_scenario_generator,26006
2026-01-12,IND_PAR,3,18.3,13.81,True,synthetic_scenario_generator,26006
2026-01-13,IND_PAR,5,16.93,12.65,True,synthetic_scenario_generator,26006
2026-01-14,IND_PAR,3,21.81,16.79,True,synthetic_scenario_generator,26006
2026-01-15,IND_PAR,3,20.29,15.5,True,synthetic_scenario_generator,26006
2026-01-16,IND_PAR,1,19.34,14.7,True,synthetic_scenario_generator,26006
2026-01-17,IND_PAR,3,16.89,12.62,True,synthetic_scenario_generator,26006
2026-01-18,IND_PAR,4,25.66,20.05,True,synthetic_scenario_generator,26006
2026-01-19,IND_PAR,3,21.16,16.24,True,synthetic_scenario_generator,26006
2026-01-20,IND_PAR,3,25.4,19.83,True,synthetic_scenario_generator,26006
2026-01-21,IND_PAR,6,29.43,23.24,True,synthetic_scenario_generator,26006
2026-01-22,IND_PAR,4,22.23,17.15,True,synthetic_scenario_generator,26006
2026-01-23,IND_PAR,4,18.12,13.66,True,synthetic_scenario_generator,26006
2026-01-24,IND_PAR,5,17.61,13.23,True,synthetic_scenario_generator,26006
2026-01-25,IND_PAR,3,17.12,12.81,True,synthetic_scenario_generator,26006
2026-01-26,IND_PAR,3,22.76,17.59,True,synthetic_scenario_generator,26006
2026-01-27,IND_PAR,3,8.14,5.21,True,synthetic_scenario_generator,26006
2026-01-28,IND_PAR,5,19.33,14.68,True,synthetic_scenario_generator,26006
2026-01-29,IND_PAR,5,16.2,12.04,True,synthetic_scenario_generator,26006
2026-01-30,IND_PAR,2,20.26,15.47,True,synthetic_scenario_generator,26006
2026-01-31,IND_PAR,3,4.35,1.99,True,synthetic_scenario_generator,26006
2026-02-01,IND_PAR,4,11.65,8.18,True,synthetic_scenario_generator,26006
2026-02-02,IND_PAR,1,8.28,5.32,True,synthetic_scenario_generator,26006
2026-02-03,IND_PAR,3,17.37,13.03,True,synthetic_scenario_generator,26006
2026-02-04,IND_PAR,1,14.44,10.54,True,synthetic_scenario_generator,26006
2026-02-05,IND_PAR,3,19.83,15.11,True,synthetic_scenario_generator,26006
2026-02-06,IND_PAR,3,13.93,10.11,True,synthetic_scenario_generator,26006
2026-02-07,IND_PAR,5,13.57,9.8,True,synthetic_scenario_generator,26006
2026-02-08,IND_PAR,0,13.22,9.51,True,synthetic_scenario_generator,26006
2026-02-09,IND_PAR,4,15.24,11.22,True,synthetic_scenario_generator,26006
2026-02-10,IND_PAR,5,16.62,12.39,True,synthetic_scenario_generator,26006
2026-02-11,IND_PAR,3,17.3,12.97,True,synthetic_scenario_generator,26006
2026-02-12,IND_PAR,3,21.47,16.5,True,synthetic_scenario_generator,26006
2026-02-13,IND_PAR,3,17.34,13.0,True,synthetic_scenario_generator,26006
2026-02-14,IND_PAR,3,15.14,11.13,True,synthetic_scenario_generator,26006
2026-02-15,IND_PAR,4,14.79,10.84,True,synthetic_scenario_generator,26006
2026-02-16,IND_PAR,4,21.84,16.82,True,synthetic_scenario_generator,26006
2026-02-17,IND_PAR,3,19.35,14.71,True,synthetic_scenario_generator,26006
2026-02-18,IND_PAR,2,20.55,15.72,True,synthetic_scenario_generator,26006
2026-02-19,IND_PAR,4,9.55,6.4,True,synthetic_scenario_generator,26006
2026-02-20,IND_PAR,3,21.66,16.66,True,synthetic_scenario_generator,26006
2026-02-21,IND_PAR,3,23.66,18.36,True,synthetic_scenario_generator,26006
2026-02-22,IND_PAR,2,21.21,16.28,True,synthetic_scenario_generator,26006
2026-02-23,IND_PAR,4,15.34,11.31,True,synthetic_scenario_generator,26006
2026-02-24,IND_PAR,2,16.84,12.58,True,synthetic_scenario_generator,26006
2026-02-25,IND_PAR,5,21.37,16.41,True,synthetic_scenario_generator,26006
2026-02-26,IND_PAR,5,24.27,18.87,True,synthetic_scenario_generator,26006
2026-02-27,IND_PAR,4,25.1,19.58,True,synthetic_scenario_generator,26006
2026-02-28,IND_PAR,3,21.31,16.37,True,synthetic_scenario_generator,26006
2026-03-01,IND_PAR,4,19.19,14.57,True,synthetic_scenario_generator,26006
2026-03-02,IND_PAR,3,21.46,16.49,True,synthetic_scenario_generator,26006
2026-03-03,IND_PAR,3,14.42,10.53,True,synthetic_scenario_generator,26006
2026-03-04,IND_PAR,2,32.33,25.71,True,synthetic_scenario_generator,26006
2026-03-05,IND_PAR,2,26.94,21.13,True,synthetic_scenario_generator,26006
2026-03-06,IND_PAR,5,26.58,20.83,True,synthetic_scenario_generator,26006
2026-03-07,IND_PAR,3,24.1,18.73,True,synthetic_scenario_generator,26006
2026-03-08,IND_PAR,4,35.91,28.74,True,synthetic_scenario_generator,26006
2026-03-09,IND_PAR,3,30.46,24.11,True,synthetic_scenario_generator,26006
2026-03-10,IND_PAR,3,26.06,20.39,True,synthetic_scenario_generator,26006
2026-03-11,IND_PAR,3,25.61,20.01,True,synthetic_scenario_generator,26006
2026-03-12,IND_PAR,5,26.13,20.45,True,synthetic_scenario_generator,26006
2026-03-13,IND_PAR,4,31.15,24.7,True,synthetic_scenario_generator,26006
2026-03-14,IND_PAR,3,27.53,21.64,True,synthetic_scenario_generator,26006
2026-03-15,IND_PAR,3,27.01,21.19,True,synthetic_scenario_generator,26006
2026-03-16,IND_PAR,2,19.15,14.54,True,synthetic_scenario_generator,26006
2026-03-17,IND_PAR,4,28.03,22.06,True,synthetic_scenario_generator,26006
2026-03-18,IND_PAR,3,24.93,19.43,True,synthetic_scenario_generator,26006
2026-03-19,IND_PAR,3,33.58,26.76,True,synthetic_scenario_generator,26006
2026-03-20,IND_PAR,4,28.81,22.72,True,synthetic_scenario_generator,26006
2026-03-21,IND_PAR,2,32.73,26.04,True,synthetic_scenario_generator,26006
2026-03-22,IND_PAR,3,28.15,22.16,True,synthetic_scenario_generator,26006
2026-03-23,IND_PAR,4,43.5,35.17,True,synthetic_scenario_generator,26006
2026-03-24,IND_PAR,5,36.64,29.35,True,synthetic_scenario_generator,26006
2026-03-25,IND_PAR,5,26.72,20.95,True,synthetic_scenario_generator,26006
2026-03-26,IND_PAR,5,40.05,32.24,True,synthetic_scenario_generator,26006
2026-03-27,IND_PAR,5,35.33,28.25,True,synthetic_scenario_generator,26006
2026-03-28,IND_PAR,3,30.26,23.95,True,synthetic_scenario_generator,26006
2026-03-29,IND_PAR,6,31.81,25.26,True,synthetic_scenario_generator,26006
2026-03-30,IND_PAR,3,30.72,24.34,True,synthetic_scenario_generator,26006
2026-03-31,IND_PAR,5,33.27,26.5,True,synthetic_scenario_generator,26006
2026-04-01,IND_PAR,4,42.38,34.22,True,synthetic_scenario_generator,26006
2026-04-02,IND_PAR,4,35.35,28.26,True,synthetic_scenario_generator,26006
2026-04-03,IND_PAR,3,26.91,21.11,True,synthetic_scenario_generator,26006
2026-04-04,IND_PAR,5,31.2,24.74,True,synthetic_scenario_generator,26006
2026-04-05,IND_PAR,4,17.75,13.35,True,synthetic_scenario_generator,26006
2026-04-06,IND_PAR,5,33.51,26.71,True,synthetic_scenario_generator,26006
2026-04-07,IND_PAR,5,29.13,22.99,True,synthetic_scenario_generator,26006
2026-04-08,IND_PAR,3,28.43,22.4,True,synthetic_scenario_generator,26006
2026-04-09,IND_PAR,3,23.63,18.33,True,synthetic_scenario_generator,26006
2026-04-10,IND_PAR,5,28.43,22.4,True,synthetic_scenario_generator,26006
2026-04-11,IND_PAR,4,24.03,18.67,True,synthetic_scenario_generator,26006
2026-04-12,IND_PAR,3,24.39,18.98,True,synthetic_scenario_generator,26006
2026-04-13,IND_PAR,3,12.49,8.89,True,synthetic_scenario_generator,26006
2026-04-14,IND_PAR,2,26.42,20.69,True,synthetic_scenario_generator,26006
2026-04-15,IND_PAR,5,16.4,12.21,True,synthetic_scenario_generator,26006
2026-04-16,IND_PAR,5,27.01,21.19,True,synthetic_scenario_generator,26006
2026-04-17,IND_PAR,3,22.58,17.44,True,synthetic_scenario_generator,26006
2026-04-18,IND_PAR,2,22.15,17.07,True,synthetic_scenario_generator,26006
2026-04-19,IND_PAR,2,17.99,13.55,True,synthetic_scenario_generator,26006
2026-04-20,IND_PAR,4,24.19,18.8,True,synthetic_scenario_generator,26006
2026-04-21,IND_PAR,4,19.09,14.48,True,synthetic_scenario_generator,26006
2026-04-22,IND_PAR,1,17.48,13.12,True,synthetic_scenario_generator,26006
2026-04-23,IND_PAR,4,25.88,20.24,True,synthetic_scenario_generator,26006
2026-04-24,IND_PAR,3,14.18,10.32,True,synthetic_scenario_generator,26006
2026-04-25,IND_PAR,4,20.56,15.73,True,synthetic_scenario_generator,26006
2026-04-26,IND_PAR,3,23.01,17.8,True,synthetic_scenario_generator,26006
2026-04-27,IND_PAR,5,18.89,14.32,True,synthetic_scenario_generator,26006
2026-04-28,IND_PAR,1,25.2,19.66,True,synthetic_scenario_generator,26006
2026-04-29,IND_PAR,4,15.56,11.49,True,synthetic_scenario_generator,26006
2026-04-30,IND_PAR,3,11.03,7.65,True,synthetic_scenario_generator,26006
2026-05-01,IND_PAR,2,17.95,13.52,True,synthetic_scenario_generator,26006
2026-05-02,IND_PAR,1,11.18,7.78,True,synthetic_scenario_generator,26006
2026-05-03,IND_PAR,3,16.81,12.55,True,synthetic_scenario_generator,26006
2026-05-04,IND_PAR,1,5.49,2.96,True,synthetic_scenario_generator,26006
2026-05-05,IND_PAR,3,11.67,8.2,True,synthetic_scenario_generator,26006
2026-05-06,IND_PAR,2,8.3,5.34,True,synthetic_scenario_generator,26006
2026-05-07,IND_PAR,5,15.42,11.37,True,synthetic_scenario_generator,26006
2026-05-08,IND_PAR,3,21.67,16.67,True,synthetic_scenario_generator,26006
2026-05-09,IND_PAR,3,13.91,10.1,True,synthetic_scenario_generator,26006
2026-05-10,IND_PAR,4,15.19,11.18,True,synthetic_scenario_generator,26006
2026-05-11,IND_PAR,2,8.06,5.14,True,synthetic_scenario_generator,26006
2026-05-12,IND_PAR,3,14.29,10.41,True,synthetic_scenario_generator,26006
2026-05-13,IND_PAR,2,8.62,5.61,True,synthetic_scenario_generator,26006
2026-05-14,IND_PAR,3,19.8,15.09,True,synthetic_scenario_generator,26006
2026-05-15,IND_PAR,3,15.19,11.18,True,synthetic_scenario_generator,26006
2026-05-16,IND_PAR,4,19.56,14.88,True,synthetic_scenario_generator,26006
2026-05-17,IND_PAR,4,20.6,15.76,True,synthetic_scenario_generator,26006
2026-05-18,IND_PAR,3,14.03,10.2,True,synthetic_scenario_generator,26006
2026-05-19,IND_PAR,4,16.8,12.55,True,synthetic_scenario_generator,26006
2026-05-20,IND_PAR,3,20.39,15.58,True,synthetic_scenario_generator,26006
2026-05-21,IND_PAR,3,17.45,13.09,True,synthetic_scenario_generator,26006
2026-05-22,IND_PAR,2,19.28,14.65,True,synthetic_scenario_generator,26006
2026-05-23,IND_PAR,2,11.52,8.07,True,synthetic_scenario_generator,26006
2026-05-24,IND_PAR,3,21.02,16.12,True,synthetic_scenario_generator,26006
2026-05-25,IND_PAR,2,8.76,5.73,True,synthetic_scenario_generator,26006
2026-05-26,IND_PAR,3,13.06,9.37,True,synthetic_scenario_generator,26006
2026-05-27,IND_PAR,2,24.27,18.87,True,synthetic_scenario_generator,26006
2026-05-28,IND_PAR,2,21.94,16.9,True,synthetic_scenario_generator,26006
2026-05-29,IND_PAR,3,29.69,23.47,True,synthetic_scenario_generator,26006
2026-05-30,IND_PAR,1,21.72,16.72,True,synthetic_scenario_generator,26006
2026-05-31,IND_PAR,3,20.84,15.97,True,synthetic_scenario_generator,26006
2026-06-01,IND_PAR,4,29.86,23.61,True,synthetic_scenario_generator,26006
2026-06-02,IND_PAR,3,33.71,26.87,True,synthetic_scenario_generator,26006
2026-06-03,IND_PAR,5,31.1,24.66,True,synthetic_scenario_generator,26006
2026-06-04,IND_PAR,7,46.44,37.66,True,synthetic_scenario_generator,26006
2026-06-05,IND_PAR,4,42.46,34.29,True,synthetic_scenario_generator,26006
2026-06-06,IND_PAR,4,28.27,22.26,True,synthetic_scenario_generator,26006
2026-06-07,IND_PAR,5,32.3,25.67,True,synthetic_scenario_generator,26006
2026-06-08,IND_PAR,6,49.74,40.46,True,synthetic_scenario_generator,26006
2026-06-09,IND_PAR,6,34.2,27.29,True,synthetic_scenario_generator,26006
2026-06-10,IND_PAR,4,33.56,26.74,True,synthetic_scenario_generator,26006
2026-06-11,IND_PAR,5,27.71,21.79,True,synthetic_scenario_generator,26006
2026-06-12,IND_PAR,3,39.45,31.74,True,synthetic_scenario_generator,26006
2026-06-13,IND_PAR,6,34.58,27.61,True,synthetic_scenario_generator,26006
2026-06-14,IND_PAR,4,26.95,21.14,True,synthetic_scenario_generator,26006
2026-06-15,IND_PAR,4,31.24,24.78,True,synthetic_scenario_generator,26006
2026-06-16,IND_PAR,4,35.09,28.05,True,synthetic_scenario_generator,26006
2026-06-17,IND_PAR,5,49.82,40.53,True,synthetic_scenario_generator,26006
2026-06-18,IND_PAR,4,41.43,33.41,True,synthetic_scenario_generator,26006
2026-06-19,IND_PAR,7,35.72,28.58,True,synthetic_scenario_generator,26006
2026-06-20,IND_PAR,4,33.83,26.97,True,synthetic_scenario_generator,26006
2026-06-21,IND_PAR,4,32.73,26.04,True,synthetic_scenario_generator,26006
2026-06-22,IND_PAR,1,37.92,30.44,True,synthetic_scenario_generator,26006
2026-06-23,IND_PAR,5,31.24,24.78,True,synthetic_scenario_generator,26006
2026-06-24,IND_PAR,5,39.26,31.58,True,synthetic_scenario_generator,26006
2026-06-25,IND_PAR,4,27.98,22.01,True,synthetic_scenario_generator,26006
2026-06-26,IND_PAR,5,37.35,29.96,True,synthetic_scenario_generator,26006
2026-06-27,IND_PAR,4,32.79,26.09,True,synthetic_scenario_generator,26006
2026-06-28,IND_PAR,7,54.52,44.51,True,synthetic_scenario_generator,26006
2026-06-29,IND_PAR,5,36.7,29.4,True,synthetic_scenario_generator,26006
2026-06-30,IND_PAR,4,31.29,24.82,True,synthetic_scenario_generator,26006
2026-07-01,IND_PAR,4,31.95,25.38,True,synthetic_scenario_generator,26006
2026-07-02,IND_PAR,4,20.44,15.63,True,synthetic_scenario_generator,26006
2026-07-03,IND_PAR,5,34.16,27.25,True,synthetic_scenario_generator,26006
2026-07-04,IND_PAR,3,23.02,17.81,True,synthetic_scenario_generator,26006
2026-07-05,IND_PAR,3,27.15,21.32,True,synthetic_scenario_generator,26006
2026-07-06,IND_PAR,3,27.24,21.39,True,synthetic_scenario_generator,26006
2026-07-07,IND_PAR,4,31.81,25.26,True,synthetic_scenario_generator,26006
2026-07-08,IND_PAR,3,31.23,24.77,True,synthetic_scenario_generator,26006
2026-07-09,IND_PAR,3,28.49,22.45,True,synthetic_scenario_generator,26006
2026-07-10,IND_PAR,4,33.42,26.63,True,synthetic_scenario_generator,26006
2026-07-11,IND_PAR,4,24.66,19.21,True,synthetic_scenario_generator,26006
2026-07-12,IND_PAR,3,25.35,19.79,True,synthetic_scenario_generator,26006
2026-07-13,IND_PAR,5,23.47,18.19,True,synthetic_scenario_generator,26006
2026-07-14,IND_PAR,5,33.18,26.42,True,synthetic_scenario_generator,26006
2026-07-15,IND_PAR,6,25.58,19.98,True,synthetic_scenario_generator,26006
2026-07-16,IND_PAR,4,35.89,28.72,True,synthetic_scenario_generator,26006
2026-07-17,IND_PAR,5,17.69,13.3,True,synthetic_scenario_generator,26006
2026-07-18,IND_PAR,3,28.89,22.79,True,synthetic_scenario_generator,26006
2026-07-19,IND_PAR,3,29.43,23.24,True,synthetic_scenario_generator,26006
2026-07-20,IND_PAR,2,23.61,18.31,True,synthetic_scenario_generator,26006
2026-07-21,IND_PAR,3,22.68,17.53,True,synthetic_scenario_generator,26006
2026-07-22,IND_PAR,2,28.8,22.71,True,synthetic_scenario_generator,26006
2026-07-23,IND_PAR,3,20.36,15.56,True,synthetic_scenario_generator,26006
2026-07-24,IND_PAR,4,34.24,27.33,True,synthetic_scenario_generator,26006
2026-07-25,IND_PAR,5,19.86,15.14,True,synthetic_scenario_generator,26006
2026-07-26,IND_PAR,3,8.15,5.21,True,synthetic_scenario_generator,26006
2026-07-27,IND_PAR,1,20.14,15.38,True,synthetic_scenario_generator,26006
2026-07-28,IND_PAR,2,17.85,13.43,True,synthetic_scenario_generator,26006
2026-07-29,IND_PAR,3,22.8,17.62,True,synthetic_scenario_generator,26006
2026-07-30,IND_PAR,4,6.39,3.72,True,synthetic_scenario_generator,26006
2026-07-31,IND_PAR,3,16.06,11.91,True,synthetic_scenario_generator,26006
2026-08-01,IND_PAR,3,10.92,7.56,True,synthetic_scenario_generator,26006
2026-08-02,IND_PAR,3,19.15,14.54,True,synthetic_scenario_generator,26006
2026-08-03,IND_PAR,4,9.06,5.98,True,synthetic_scenario_generator,26006
2026-08-04,IND_PAR,3,24.04,18.68,True,synthetic_scenario_generator,26006
2026-08-05,IND_PAR,3,20.73,15.87,True,synthetic_scenario_generator,26006
2026-08-06,IND_PAR,2,15.05,11.06,True,synthetic_scenario_generator,26006
2026-08-07,IND_PAR,1,12.92,9.26,True,synthetic_scenario_generator,26006
2026-08-08,IND_PAR,3,15.4,11.35,True,synthetic_scenario_generator,26006
2026-08-09,IND_PAR,5,6.72,4.0,True,synthetic_scenario_generator,26006
2026-08-10,IND_PAR,3,26.79,21.01,True,synthetic_scenario_generator,26006
2026-08-11,IND_PAR,4,12.05,8.52,True,synthetic_scenario_generator,26006
2026-08-12,IND_PAR,2,15.92,11.8,True,synthetic_scenario_generator,26006
2026-08-13,IND_PAR,4,19.19,14.57,True,synthetic_scenario_generator,26006
2026-08-14,IND_PAR,3,16.18,12.02,True,synthetic_scenario_generator,26006
2026-08-15,IND_PAR,2,20.17,15.4,True,synthetic_scenario_generator,26006
2026-08-16,IND_PAR,4,24.21,18.83,True,synthetic_scenario_generator,26006
2026-08-17,IND_PAR,5,18.36,13.87,True,synthetic_scenario_generator,26006
2026-08-18,IND_PAR,4,20.19,15.42,True,synthetic_scenario_generator,26006
2026-08-19,IND_PAR,5,23.89,18.55,True,synthetic_scenario_generator,26006
2026-08-20,IND_PAR,4,27.49,21.6,True,synthetic_scenario_generator,26006
2026-08-21,IND_PAR,3,26.43,20.71,True,synthetic_scenario_generator,26006
2026-08-22,IND_PAR,4,28.27,22.27,True,synthetic_scenario_generator,26006
2026-08-23,IND_PAR,5,20.85,15.98,True,synthetic_scenario_generator,26006
2026-08-24,IND_PAR,4,30.32,24.0,True,synthetic_scenario_generator,26006
2026-08-25,IND_PAR,3,25.31,19.76,True,synthetic_scenario_generator,26006
2026-08-26,IND_PAR,3,33.11,26.37,True,synthetic_scenario_generator,26006
2026-08-27,IND_PAR,4,27.51,21.62,True,synthetic_scenario_generator,26006
2026-08-28,IND_PAR,3,19.2,14.57,True,synthetic_scenario_generator,26006
2026-08-29,IND_PAR,3,31.9,25.34,True,synthetic_scenario_generator,26006
2026-08-30,IND_PAR,5,32.53,25.87,True,synthetic_scenario_generator,26006
2026-08-31,IND_PAR,5,39.37,31.67,True,synthetic_scenario_generator,26006
2020-01-01,IND_DHA,6,32.01,25.43,True,synthetic_scenario_generator,26006
2020-01-02,IND_DHA,5,28.53,22.48,True,synthetic_scenario_generator,26006
2020-01-03,IND_DHA,2,33.5,26.69,True,synthetic_scenario_generator,26006
2020-01-04,IND_DHA,4,28.52,22.48,True,synthetic_scenario_generator,26006
2020-01-05,IND_DHA,4,31.23,24.77,True,synthetic_scenario_generator,26006
2020-01-06,IND_DHA,5,31.6,25.09,True,synthetic_scenario_generator,26006
2020-01-07,IND_DHA,5,28.04,22.07,True,synthetic_scenario_generator,26006
2020-01-08,IND_DHA,4,23.46,18.19,True,synthetic_scenario_generator,26006
2020-01-09,IND_DHA,3,36.8,29.49,True,synthetic_scenario_generator,26006
2020-01-10,IND_DHA,5,33.92,27.05,True,synthetic_scenario_generator,26006
2020-01-11,IND_DHA,4,35.14,28.08,True,synthetic_scenario_generator,26006
2020-01-12,IND_DHA,4,34.06,27.17,True,synthetic_scenario_generator,26006
2020-01-13,IND_DHA,3,21.92,16.88,True,synthetic_scenario_generator,26006
2020-01-14,IND_DHA,5,32.79,26.09,True,synthetic_scenario_generator,26006
2020-01-15,IND_DHA,4,39.9,32.11,True,synthetic_scenario_generator,26006
2020-01-16,IND_DHA,4,20.07,15.31,True,synthetic_scenario_generator,26006
2020-01-17,IND_DHA,7,27.46,21.58,True,synthetic_scenario_generator,26006
2020-01-18,IND_DHA,2,17.65,13.27,True,synthetic_scenario_generator,26006
2020-01-19,IND_DHA,2,26.27,20.56,True,synthetic_scenario_generator,26006
2020-01-20,IND_DHA,3,26.87,21.08,True,synthetic_scenario_generator,26006
2020-01-21,IND_DHA,4,19.13,14.52,True,synthetic_scenario_generator,26006
2020-01-22,IND_DHA,5,32.18,25.57,True,synthetic_scenario_generator,26006
2020-01-23,IND_DHA,4,23.49,18.21,True,synthetic_scenario_generator,26006
2020-01-24,IND_DHA,2,22.17,17.1,True,synthetic_scenario_generator,26006
2020-01-25,IND_DHA,3,20.95,16.06,True,synthetic_scenario_generator,26006
2020-01-26,IND_DHA,4,16.6,12.37,True,synthetic_scenario_generator,26006
2020-01-27,IND_DHA,5,21.64,16.64,True,synthetic_scenario_generator,26006
2020-01-28,IND_DHA,2,24.77,19.3,True,synthetic_scenario_generator,26006
2020-01-29,IND_DHA,3,24.43,19.01,True,synthetic_scenario_generator,26006
2020-01-30,IND_DHA,1,15.43,11.38,True,synthetic_scenario_generator,26006
2020-01-31,IND_DHA,4,13.69,9.9,True,synthetic_scenario_generator,26006
2020-02-01,IND_DHA,1,13.36,9.63,True,synthetic_scenario_generator,26006
2020-02-02,IND_DHA,3,17.62,13.24,True,synthetic_scenario_generator,26006
2020-02-03,IND_DHA,3,13.27,9.55,True,synthetic_scenario_generator,26006
2020-02-04,IND_DHA,3,10.21,6.96,True,synthetic_scenario_generator,26006
2020-02-05,IND_DHA,3,18.09,13.64,True,synthetic_scenario_generator,26006
2020-02-06,IND_DHA,3,8.86,5.81,True,synthetic_scenario_generator,26006
2020-02-07,IND_DHA,4,17.7,13.31,True,synthetic_scenario_generator,26006
2020-02-08,IND_DHA,4,17.62,13.24,True,synthetic_scenario_generator,26006
2020-02-09,IND_DHA,4,10.98,7.61,True,synthetic_scenario_generator,26006
2020-02-10,IND_DHA,4,12.13,8.58,True,synthetic_scenario_generator,26006
2020-02-11,IND_DHA,4,14.19,10.33,True,synthetic_scenario_generator,26006
2020-02-12,IND_DHA,2,16.3,12.12,True,synthetic_scenario_generator,26006
2020-02-13,IND_DHA,3,12.73,9.09,True,synthetic_scenario_generator,26006
2020-02-14,IND_DHA,2,17.44,13.09,True,synthetic_scenario_generator,26006
2020-02-15,IND_DHA,4,9.9,6.7,True,synthetic_scenario_generator,26006
2020-02-16,IND_DHA,1,10.37,7.1,True,synthetic_scenario_generator,26006
2020-02-17,IND_DHA,2,15.66,11.57,True,synthetic_scenario_generator,26006
2020-02-18,IND_DHA,4,18.45,13.94,True,synthetic_scenario_generator,26006
2020-02-19,IND_DHA,3,17.18,12.87,True,synthetic_scenario_generator,26006
2020-02-20,IND_DHA,1,12.84,9.19,True,synthetic_scenario_generator,26006
2020-02-21,IND_DHA,1,6.81,4.08,True,synthetic_scenario_generator,26006
2020-02-22,IND_DHA,3,15.03,11.04,True,synthetic_scenario_generator,26006
2020-02-23,IND_DHA,2,7.24,4.44,True,synthetic_scenario_generator,26006
2020-02-24,IND_DHA,3,14.52,10.61,True,synthetic_scenario_generator,26006
2020-02-25,IND_DHA,2,12.06,8.52,True,synthetic_scenario_generator,26006
2020-02-26,IND_DHA,3,18.22,13.75,True,synthetic_scenario_generator,26006
2020-02-27,IND_DHA,3,17.88,13.46,True,synthetic_scenario_generator,26006
2020-02-28,IND_DHA,3,17.22,12.9,True,synthetic_scenario_generator,26006
2020-02-29,IND_DHA,3,12.1,8.56,True,synthetic_scenario_generator,26006
2020-03-01,IND_DHA,3,12.9,9.24,True,synthetic_scenario_generator,26006
2020-03-02,IND_DHA,4,7.64,4.78,True,synthetic_scenario_generator,26006
2020-03-03,IND_DHA,4,18.88,14.31,True,synthetic_scenario_generator,26006
2020-03-04,IND_DHA,3,21.95,16.91,True,synthetic_scenario_generator,26006
2020-03-05,IND_DHA,5,24.96,19.46,True,synthetic_scenario_generator,26006
2020-03-06,IND_DHA,5,22.59,17.45,True,synthetic_scenario_generator,26006
2020-03-07,IND_DHA,4,24.42,19.0,True,synthetic_scenario_generator,26006
2020-03-08,IND_DHA,4,18.14,13.68,True,synthetic_scenario_generator,26006
2020-03-09,IND_DHA,2,26.16,20.48,True,synthetic_scenario_generator,26006
2020-03-10,IND_DHA,6,36.62,29.34,True,synthetic_scenario_generator,26006
2020-03-11,IND_DHA,4,23.89,18.55,True,synthetic_scenario_generator,26006
2020-03-12,IND_DHA,4,29.87,23.62,True,synthetic_scenario_generator,26006
2020-03-13,IND_DHA,3,15.98,11.85,True,synthetic_scenario_generator,26006
2020-03-14,IND_DHA,5,23.8,18.48,True,synthetic_scenario_generator,26006
2020-03-15,IND_DHA,3,31.57,25.06,True,synthetic_scenario_generator,26006
2020-03-16,IND_DHA,4,23.72,18.4,True,synthetic_scenario_generator,26006
2020-03-17,IND_DHA,3,15.56,11.49,True,synthetic_scenario_generator,26006
2020-03-18,IND_DHA,3,23.39,18.12,True,synthetic_scenario_generator,26006
2020-03-19,IND_DHA,2,26.91,21.11,True,synthetic_scenario_generator,26006
2020-03-20,IND_DHA,4,23.44,18.17,True,synthetic_scenario_generator,26006
2020-03-21,IND_DHA,4,35.09,28.04,True,synthetic_scenario_generator,26006
2020-03-22,IND_DHA,2,28.65,22.58,True,synthetic_scenario_generator,26006
2020-03-23,IND_DHA,5,32.6,25.93,True,synthetic_scenario_generator,26006
2020-03-24,IND_DHA,5,30.6,24.24,True,synthetic_scenario_generator,26006
2020-03-25,IND_DHA,2,41.2,33.22,True,synthetic_scenario_generator,26006
2020-03-26,IND_DHA,5,28.97,22.85,True,synthetic_scenario_generator,26006
2020-03-27,IND_DHA,3,35.74,28.6,True,synthetic_scenario_generator,26006
2020-03-28,IND_DHA,4,37.23,29.85,True,synthetic_scenario_generator,26006
2020-03-29,IND_DHA,4,39.39,31.69,True,synthetic_scenario_generator,26006
2020-03-30,IND_DHA,6,28.05,22.08,True,synthetic_scenario_generator,26006
2020-03-31,IND_DHA,5,35.62,28.49,True,synthetic_scenario_generator,26006
2020-04-01,IND_DHA,2,24.73,19.26,True,synthetic_scenario_generator,26006
2020-04-02,IND_DHA,5,24.87,19.38,True,synthetic_scenario_generator,26006
2020-04-03,IND_DHA,4,38.93,31.29,True,synthetic_scenario_generator,26006
2020-04-04,IND_DHA,3,34.95,27.93,True,synthetic_scenario_generator,26006
2020-04-05,IND_DHA,3,36.34,29.11,True,synthetic_scenario_generator,26006
2020-04-06,IND_DHA,4,29.88,23.63,True,synthetic_scenario_generator,26006
2020-04-07,IND_DHA,4,33.57,26.75,True,synthetic_scenario_generator,26006
2020-04-08,IND_DHA,3,28.52,22.47,True,synthetic_scenario_generator,26006
2020-04-09,IND_DHA,3,29.83,23.59,True,synthetic_scenario_generator,26006
2020-04-10,IND_DHA,4,20.36,15.56,True,synthetic_scenario_generator,26006
2020-04-11,IND_DHA,4,37.21,29.84,True,synthetic_scenario_generator,26006
2020-04-12,IND_DHA,7,38.21,30.69,True,synthetic_scenario_generator,26006
2020-04-13,IND_DHA,3,29.11,22.97,True,synthetic_scenario_generator,26006
2020-04-14,IND_DHA,5,25.27,19.72,True,synthetic_scenario_generator,26006
2020-04-15,IND_DHA,2,23.45,18.18,True,synthetic_scenario_generator,26006
2020-04-16,IND_DHA,2,27.52,21.62,True,synthetic_scenario_generator,26006
2020-04-17,IND_DHA,3,25.65,20.05,True,synthetic_scenario_generator,26006
2020-04-18,IND_DHA,4,24.8,19.32,True,synthetic_scenario_generator,26006
2020-04-19,IND_DHA,4,31.61,25.09,True,synthetic_scenario_generator,26006
2020-04-20,IND_DHA,4,23.93,18.59,True,synthetic_scenario_generator,26006
2020-04-21,IND_DHA,6,23.47,18.2,True,synthetic_scenario_generator,26006
2020-04-22,IND_DHA,3,27.7,21.78,True,synthetic_scenario_generator,26006
2020-04-23,IND_DHA,4,24.87,19.38,True,synthetic_scenario_generator,26006
2020-04-24,IND_DHA,3,24.1,18.73,True,synthetic_scenario_generator,26006
2020-04-25,IND_DHA,2,22.06,17.0,True,synthetic_scenario_generator,26006
2020-04-26,IND_DHA,2,12.64,9.01,True,synthetic_scenario_generator,26006
2020-04-27,IND_DHA,5,31.17,24.72,True,synthetic_scenario_generator,26006
2020-04-28,IND_DHA,3,13.47,9.72,True,synthetic_scenario_generator,26006
2020-04-29,IND_DHA,4,15.59,11.52,True,synthetic_scenario_generator,26006
2020-04-30,IND_DHA,3,9.2,6.1,True,synthetic_scenario_generator,26006
2020-05-01,IND_DHA,4,21.8,16.78,True,synthetic_scenario_generator,26006
2020-05-02,IND_DHA,2,14.75,10.8,True,synthetic_scenario_generator,26006
2020-05-03,IND_DHA,4,17.6,13.22,True,synthetic_scenario_generator,26006
2020-05-04,IND_DHA,3,23.38,18.12,True,synthetic_scenario_generator,26006
2020-05-05,IND_DHA,1,17.42,13.06,True,synthetic_scenario_generator,26006
2020-05-06,IND_DHA,3,19.66,14.97,True,synthetic_scenario_generator,26006
2020-05-07,IND_DHA,2,9.72,6.54,True,synthetic_scenario_generator,26006
2020-05-08,IND_DHA,3,12.41,8.82,True,synthetic_scenario_generator,26006
2020-05-09,IND_DHA,6,22.67,17.51,True,synthetic_scenario_generator,26006
2020-05-10,IND_DHA,3,18.24,13.77,True,synthetic_scenario_generator,26006
2020-05-11,IND_DHA,2,15.45,11.4,True,synthetic_scenario_generator,26006
2020-05-12,IND_DHA,4,19.23,14.6,True,synthetic_scenario_generator,26006
2020-05-13,IND_DHA,3,11.2,7.8,True,synthetic_scenario_generator,26006
2020-05-14,IND_DHA,2,16.31,12.13,True,synthetic_scenario_generator,26006
2020-05-15,IND_DHA,4,12.79,9.15,True,synthetic_scenario_generator,26006
2020-05-16,IND_DHA,5,10.99,7.62,True,synthetic_scenario_generator,26006
2020-05-17,IND_DHA,2,6.58,3.88,True,synthetic_scenario_generator,26006
2020-05-18,IND_DHA,4,19.75,15.04,True,synthetic_scenario_generator,26006
2020-05-19,IND_DHA,2,14.71,10.77,True,synthetic_scenario_generator,26006
2020-05-20,IND_DHA,4,11.07,7.68,True,synthetic_scenario_generator,26006
2020-05-21,IND_DHA,2,18.76,14.2,True,synthetic_scenario_generator,26006
2020-05-22,IND_DHA,4,12.8,9.15,True,synthetic_scenario_generator,26006
2020-05-23,IND_DHA,3,8.41,5.43,True,synthetic_scenario_generator,26006
2020-05-24,IND_DHA,5,24.74,19.27,True,synthetic_scenario_generator,26006
2020-05-25,IND_DHA,4,18.48,13.97,True,synthetic_scenario_generator,26006
2020-05-26,IND_DHA,5,23.84,18.5,True,synthetic_scenario_generator,26006
2020-05-27,IND_DHA,3,15.75,11.66,True,synthetic_scenario_generator,26006
2020-05-28,IND_DHA,3,17.56,13.18,True,synthetic_scenario_generator,26006
2020-05-29,IND_DHA,1,26.57,20.82,True,synthetic_scenario_generator,26006
2020-05-30,IND_DHA,6,23.06,17.84,True,synthetic_scenario_generator,26006
2020-05-31,IND_DHA,0,10.62,7.31,True,synthetic_scenario_generator,26006
2020-06-01,IND_DHA,5,32.27,25.65,True,synthetic_scenario_generator,26006
2020-06-02,IND_DHA,4,33.48,26.67,True,synthetic_scenario_generator,26006
2020-06-03,IND_DHA,2,14.83,10.88,True,synthetic_scenario_generator,26006
2020-06-04,IND_DHA,4,26.73,20.95,True,synthetic_scenario_generator,26006
2020-06-05,IND_DHA,3,28.3,22.29,True,synthetic_scenario_generator,26006
2020-06-06,IND_DHA,6,27.17,21.33,True,synthetic_scenario_generator,26006
2020-06-07,IND_DHA,2,27.72,21.8,True,synthetic_scenario_generator,26006
2020-06-08,IND_DHA,4,17.17,12.86,True,synthetic_scenario_generator,26006
2020-06-09,IND_DHA,3,23.12,17.9,True,synthetic_scenario_generator,26006
2020-06-10,IND_DHA,4,27.91,21.96,True,synthetic_scenario_generator,26006
2020-06-11,IND_DHA,4,34.28,27.35,True,synthetic_scenario_generator,26006
2020-06-12,IND_DHA,4,33.18,26.42,True,synthetic_scenario_generator,26006
2020-06-13,IND_DHA,5,33.84,26.99,True,synthetic_scenario_generator,26006
2020-06-14,IND_DHA,7,51.43,41.89,True,synthetic_scenario_generator,26006
2020-06-15,IND_DHA,5,27.51,21.62,True,synthetic_scenario_generator,26006
2020-06-16,IND_DHA,4,32.04,25.46,True,synthetic_scenario_generator,26006
2020-06-17,IND_DHA,4,28.08,22.1,True,synthetic_scenario_generator,26006
2020-06-18,IND_DHA,6,42.05,33.94,True,synthetic_scenario_generator,26006
2020-06-19,IND_DHA,6,40.84,32.92,True,synthetic_scenario_generator,26006
2020-06-20,IND_DHA,2,31.22,24.76,True,synthetic_scenario_generator,26006
2020-06-21,IND_DHA,4,34.33,27.4,True,synthetic_scenario_generator,26006
2020-06-22,IND_DHA,5,27.55,21.65,True,synthetic_scenario_generator,26006
2020-06-23,IND_DHA,2,28.4,22.37,True,synthetic_scenario_generator,26006
2020-06-24,IND_DHA,3,22.76,17.59,True,synthetic_scenario_generator,26006
2020-06-25,IND_DHA,6,42.52,34.34,True,synthetic_scenario_generator,26006
2020-06-26,IND_DHA,6,40.97,33.02,True,synthetic_scenario_generator,26006
2020-06-27,IND_DHA,3,29.99,23.72,True,synthetic_scenario_generator,26006
2020-06-28,IND_DHA,1,26.05,20.38,True,synthetic_scenario_generator,26006
2020-06-29,IND_DHA,6,49.9,40.59,True,synthetic_scenario_generator,26006
2020-06-30,IND_DHA,4,39.71,31.95,True,synthetic_scenario_generator,26006
2020-07-01,IND_DHA,3,31.08,24.65,True,synthetic_scenario_generator,26006
2020-07-02,IND_DHA,4,41.6,33.56,True,synthetic_scenario_generator,26006
2020-07-03,IND_DHA,4,36.71,29.41,True,synthetic_scenario_generator,26006
2020-07-04,IND_DHA,6,41.77,33.7,True,synthetic_scenario_generator,26006
2020-07-05,IND_DHA,5,35.63,28.5,True,synthetic_scenario_generator,26006
2020-07-06,IND_DHA,6,45.67,37.01,True,synthetic_scenario_generator,26006
2020-07-07,IND_DHA,5,23.2,17.97,True,synthetic_scenario_generator,26006
2020-07-08,IND_DHA,4,22.79,17.62,True,synthetic_scenario_generator,26006
2020-07-09,IND_DHA,3,23.89,18.55,True,synthetic_scenario_generator,26006
2020-07-10,IND_DHA,4,37.52,30.1,True,synthetic_scenario_generator,26006
2020-07-11,IND_DHA,6,29.21,23.06,True,synthetic_scenario_generator,26006
2020-07-12,IND_DHA,4,31.24,24.78,True,synthetic_scenario_generator,26006
2020-07-13,IND_DHA,3,28.64,22.58,True,synthetic_scenario_generator,26006
2020-07-14,IND_DHA,3,28.7,22.63,True,synthetic_scenario_generator,26006
2020-07-15,IND_DHA,3,28.09,22.11,True,synthetic_scenario_generator,26006
2020-07-16,IND_DHA,3,29.57,23.37,True,synthetic_scenario_generator,26006
2020-07-17,IND_DHA,6,29.7,23.48,True,synthetic_scenario_generator,26006
2020-07-18,IND_DHA,3,21.18,16.26,True,synthetic_scenario_generator,26006
2020-07-19,IND_DHA,5,36.08,28.88,True,synthetic_scenario_generator,26006
2020-07-20,IND_DHA,4,26.9,21.1,True,synthetic_scenario_generator,26006
2020-07-21,IND_DHA,3,29.24,23.09,True,synthetic_scenario_generator,26006
2020-07-22,IND_DHA,3,27.23,21.39,True,synthetic_scenario_generator,26006
2020-07-23,IND_DHA,4,28.09,22.11,True,synthetic_scenario_generator,26006
2020-07-24,IND_DHA,4,18.69,14.14,True,synthetic_scenario_generator,26006
2020-07-25,IND_DHA,5,30.42,24.09,True,synthetic_scenario_generator,26006
2020-07-26,IND_DHA,3,21.78,16.77,True,synthetic_scenario_generator,26006
2020-07-27,IND_DHA,3,29.09,22.96,True,synthetic_scenario_generator,26006
2020-07-28,IND_DHA,4,23.77,18.45,True,synthetic_scenario_generator,26006
2020-07-29,IND_DHA,4,24.49,19.06,True,synthetic_scenario_generator,26006
2020-07-30,IND_DHA,5,20.51,15.69,True,synthetic_scenario_generator,26006
2020-07-31,IND_DHA,4,17.43,13.08,True,synthetic_scenario_generator,26006
2020-08-01,IND_DHA,2,14.25,10.38,True,synthetic_scenario_generator,26006
2020-08-02,IND_DHA,3,16.74,12.49,True,synthetic_scenario_generator,26006
2020-08-03,IND_DHA,2,22.35,17.24,True,synthetic_scenario_generator,26006
2020-08-04,IND_DHA,3,14.37,10.48,True,synthetic_scenario_generator,26006
2020-08-05,IND_DHA,1,20.91,16.02,True,synthetic_scenario_generator,26006
2020-08-06,IND_DHA,2,16.24,12.07,True,synthetic_scenario_generator,26006
2020-08-07,IND_DHA,3,23.76,18.44,True,synthetic_scenario_generator,26006
2020-08-08,IND_DHA,3,11.81,8.32,True,synthetic_scenario_generator,26006
2020-08-09,IND_DHA,3,22.52,17.39,True,synthetic_scenario_generator,26006
2020-08-10,IND_DHA,4,14.43,10.53,True,synthetic_scenario_generator,26006
2020-08-11,IND_DHA,5,10.1,6.86,True,synthetic_scenario_generator,26006
2020-08-12,IND_DHA,4,7.95,5.05,True,synthetic_scenario_generator,26006
2020-08-13,IND_DHA,2,16.67,12.43,True,synthetic_scenario_generator,26006
2020-08-14,IND_DHA,3,13.11,9.41,True,synthetic_scenario_generator,26006
2020-08-15,IND_DHA,4,23.76,18.44,True,synthetic_scenario_generator,26006
2020-08-16,IND_DHA,4,26.36,20.65,True,synthetic_scenario_generator,26006
2020-08-17,IND_DHA,3,21.62,16.63,True,synthetic_scenario_generator,26006
2020-08-18,IND_DHA,2,10.43,7.14,True,synthetic_scenario_generator,26006
2020-08-19,IND_DHA,3,15.03,11.04,True,synthetic_scenario_generator,26006
2020-08-20,IND_DHA,2,13.33,9.61,True,synthetic_scenario_generator,26006
2020-08-21,IND_DHA,4,24.76,19.29,True,synthetic_scenario_generator,26006
2020-08-22,IND_DHA,4,22.06,17.0,True,synthetic_scenario_generator,26006
2020-08-23,IND_DHA,2,26.21,20.52,True,synthetic_scenario_generator,26006
2020-08-24,IND_DHA,3,10.88,7.53,True,synthetic_scenario_generator,26006
2020-08-25,IND_DHA,5,27.79,21.85,True,synthetic_scenario_generator,26006
2020-08-26,IND_DHA,3,22.07,17.01,True,synthetic_scenario_generator,26006
2020-08-27,IND_DHA,6,31.74,25.2,True,synthetic_scenario_generator,26006
2020-08-28,IND_DHA,4,30.14,23.85,True,synthetic_scenario_generator,26006
2020-08-29,IND_DHA,4,30.02,23.75,True,synthetic_scenario_generator,26006
2020-08-30,IND_DHA,5,35.44,28.34,True,synthetic_scenario_generator,26006
2020-08-31,IND_DHA,3,26.43,20.7,True,synthetic_scenario_generator,26006
2020-09-01,IND_DHA,4,27.19,21.35,True,synthetic_scenario_generator,26006
2020-09-02,IND_DHA,7,40.4,32.54,True,synthetic_scenario_generator,26006
2020-09-03,IND_DHA,2,21.24,16.3,True,synthetic_scenario_generator,26006
2020-09-04,IND_DHA,6,27.4,21.52,True,synthetic_scenario_generator,26006
2020-09-05,IND_DHA,3,25.79,20.16,True,synthetic_scenario_generator,26006
2020-09-06,IND_DHA,3,22.54,17.41,True,synthetic_scenario_generator,26006
2020-09-07,IND_DHA,5,25.25,19.7,True,synthetic_scenario_generator,26006
2020-09-08,IND_DHA,4,39.9,32.11,True,synthetic_scenario_generator,26006
2020-09-09,IND_DHA,4,31.04,24.61,True,synthetic_scenario_generator,26006
2020-09-10,IND_DHA,5,26.5,20.77,True,synthetic_scenario_generator,26006
2020-09-11,IND_DHA,5,31.04,24.61,True,synthetic_scenario_generator,26006
2020-09-12,IND_DHA,3,24.87,19.38,True,synthetic_scenario_generator,26006
2020-09-13,IND_DHA,3,37.28,29.9,True,synthetic_scenario_generator,26006
2020-09-14,IND_DHA,4,36.81,29.5,True,synthetic_scenario_generator,26006
2020-09-15,IND_DHA,4,28.95,22.84,True,synthetic_scenario_generator,26006
2020-09-16,IND_DHA,5,34.9,27.88,True,synthetic_scenario_generator,26006
2020-09-17,IND_DHA,6,39.4,31.69,True,synthetic_scenario_generator,26006
2020-09-18,IND_DHA,5,39.02,31.37,True,synthetic_scenario_generator,26006
2020-09-19,IND_DHA,3,33.1,26.36,True,synthetic_scenario_generator,26006
2020-09-20,IND_DHA,3,27.96,22.0,True,synthetic_scenario_generator,26006
2020-09-21,IND_DHA,5,33.35,26.57,True,synthetic_scenario_generator,26006
2020-09-22,IND_DHA,1,21.04,16.14,True,synthetic_scenario_generator,26006
2020-09-23,IND_DHA,3,38.61,31.03,True,synthetic_scenario_generator,26006
2020-09-24,IND_DHA,5,36.24,29.02,True,synthetic_scenario_generator,26006
2020-09-25,IND_DHA,6,37.5,30.09,True,synthetic_scenario_generator,26006
2020-09-26,IND_DHA,3,31.25,24.79,True,synthetic_scenario_generator,26006
2020-09-27,IND_DHA,6,46.08,37.36,True,synthetic_scenario_generator,26006
2020-09-28,IND_DHA,4,37.31,29.92,True,synthetic_scenario_generator,26006
2020-09-29,IND_DHA,5,38.87,31.25,True,synthetic_scenario_generator,26006
2020-09-30,IND_DHA,3,29.09,22.96,True,synthetic_scenario_generator,26006
2020-10-01,IND_DHA,5,34.78,27.78,True,synthetic_scenario_generator,26006
2020-10-02,IND_DHA,4,30.74,24.36,True,synthetic_scenario_generator,26006
2020-10-03,IND_DHA,5,41.82,33.74,True,synthetic_scenario_generator,26006
2020-10-04,IND_DHA,2,31.37,24.89,True,synthetic_scenario_generator,26006
2020-10-05,IND_DHA,4,29.41,23.23,True,synthetic_scenario_generator,26006
2020-10-06,IND_DHA,2,20.19,15.41,True,synthetic_scenario_generator,26006
2020-10-07,IND_DHA,2,28.74,22.66,True,synthetic_scenario_generator,26006
2020-10-08,IND_DHA,3,32.86,26.15,True,synthetic_scenario_generator,26006
2020-10-09,IND_DHA,5,31.82,25.27,True,synthetic_scenario_generator,26006
2020-10-10,IND_DHA,2,23.06,17.85,True,synthetic_scenario_generator,26006
2020-10-11,IND_DHA,4,35.58,28.46,True,synthetic_scenario_generator,26006
2020-10-12,IND_DHA,5,26.75,20.98,True,synthetic_scenario_generator,26006
2020-10-13,IND_DHA,5,21.65,16.65,True,synthetic_scenario_generator,26006
2020-10-14,IND_DHA,4,22.78,17.61,True,synthetic_scenario_generator,26006
2020-10-15,IND_DHA,5,34.69,27.7,True,synthetic_scenario_generator,26006
2020-10-16,IND_DHA,4,27.13,21.3,True,synthetic_scenario_generator,26006
2020-10-17,IND_DHA,2,19.83,15.11,True,synthetic_scenario_generator,26006
2020-10-18,IND_DHA,3,20.0,15.25,True,synthetic_scenario_generator,26006
2020-10-19,IND_DHA,4,15.85,11.74,True,synthetic_scenario_generator,26006
2020-10-20,IND_DHA,4,25.46,19.88,True,synthetic_scenario_generator,26006
2020-10-21,IND_DHA,5,24.72,19.25,True,synthetic_scenario_generator,26006
2020-10-22,IND_DHA,4,22.47,17.34,True,synthetic_scenario_generator,26006
2020-10-23,IND_DHA,2,17.02,12.73,True,synthetic_scenario_generator,26006
2020-10-24,IND_DHA,5,23.33,18.08,True,synthetic_scenario_generator,26006
2020-10-25,IND_DHA,1,16.01,11.87,True,synthetic_scenario_generator,26006
2020-10-26,IND_DHA,7,13.68,9.9,True,synthetic_scenario_generator,26006
2020-10-27,IND_DHA,0,12.17,8.62,True,synthetic_scenario_generator,26006
2020-10-28,IND_DHA,3,9.65,6.49,True,synthetic_scenario_generator,26006
2020-10-29,IND_DHA,3,13.31,9.58,True,synthetic_scenario_generator,26006
2020-10-30,IND_DHA,5,27.61,21.7,True,synthetic_scenario_generator,26006
2020-10-31,IND_DHA,4,24.44,19.02,True,synthetic_scenario_generator,26006
2020-11-01,IND_DHA,1,19.27,14.63,True,synthetic_scenario_generator,26006
2020-11-02,IND_DHA,6,22.33,17.23,True,synthetic_scenario_generator,26006
2020-11-03,IND_DHA,2,24.9,19.41,True,synthetic_scenario_generator,26006
2020-11-04,IND_DHA,2,13.66,9.88,True,synthetic_scenario_generator,26006
2020-11-05,IND_DHA,3,9.0,5.93,True,synthetic_scenario_generator,26006
2020-11-06,IND_DHA,3,6.87,4.13,True,synthetic_scenario_generator,26006
2020-11-07,IND_DHA,3,15.31,11.28,True,synthetic_scenario_generator,26006
2020-11-08,IND_DHA,3,19.1,14.49,True,synthetic_scenario_generator,26006
2020-11-09,IND_DHA,4,15.08,11.08,True,synthetic_scenario_generator,26006
2020-11-10,IND_DHA,4,24.4,18.98,True,synthetic_scenario_generator,26006
2020-11-11,IND_DHA,2,2.0,0.0,True,synthetic_scenario_generator,26006
2020-11-12,IND_DHA,3,18.57,14.05,True,synthetic_scenario_generator,26006
2020-11-13,IND_DHA,4,20.27,15.48,True,synthetic_scenario_generator,26006
2020-11-14,IND_DHA,3,14.84,10.88,True,synthetic_scenario_generator,26006
2020-11-15,IND_DHA,2,14.36,10.47,True,synthetic_scenario_generator,26006
2020-11-16,IND_DHA,3,11.91,8.4,True,synthetic_scenario_generator,26006
2020-11-17,IND_DHA,3,4.99,2.53,True,synthetic_scenario_generator,26006
2020-11-18,IND_DHA,2,16.27,12.09,True,synthetic_scenario_generator,26006
2020-11-19,IND_DHA,3,13.17,9.46,True,synthetic_scenario_generator,26006
2020-11-20,IND_DHA,3,15.05,11.06,True,synthetic_scenario_generator,26006
2020-11-21,IND_DHA,2,23.04,17.83,True,synthetic_scenario_generator,26006
2020-11-22,IND_DHA,3,12.39,8.81,True,synthetic_scenario_generator,26006
2020-11-23,IND_DHA,4,20.4,15.59,True,synthetic_scenario_generator,26006
2020-11-24,IND_DHA,2,11.82,8.32,True,synthetic_scenario_generator,26006
2020-11-25,IND_DHA,1,22.68,17.53,True,synthetic_scenario_generator,26006
2020-11-26,IND_DHA,3,23.04,17.83,True,synthetic_scenario_generator,26006
2020-11-27,IND_DHA,3,24.64,19.18,True,synthetic_scenario_generator,26006
2020-11-28,IND_DHA,6,17.25,12.93,True,synthetic_scenario_generator,26006
2020-11-29,IND_DHA,3,14.48,10.58,True,synthetic_scenario_generator,26006
2020-11-30,IND_DHA,5,21.91,16.88,True,synthetic_scenario_generator,26006
2020-12-01,IND_DHA,3,25.15,19.62,True,synthetic_scenario_generator,26006
2020-12-02,IND_DHA,2,20.7,15.84,True,synthetic_scenario_generator,26006
2020-12-03,IND_DHA,3,20.35,15.55,True,synthetic_scenario_generator,26006
2020-12-04,IND_DHA,4,24.11,18.74,True,synthetic_scenario_generator,26006
2020-12-05,IND_DHA,4,22.13,17.06,True,synthetic_scenario_generator,26006
2020-12-06,IND_DHA,5,29.33,23.16,True,synthetic_scenario_generator,26006
2020-12-07,IND_DHA,3,22.84,17.66,True,synthetic_scenario_generator,26006
2020-12-08,IND_DHA,3,25.55,19.96,True,synthetic_scenario_generator,26006
2020-12-09,IND_DHA,4,27.98,22.02,True,synthetic_scenario_generator,26006
2020-12-10,IND_DHA,4,34.61,27.63,True,synthetic_scenario_generator,26006
2020-12-11,IND_DHA,4,34.75,27.76,True,synthetic_scenario_generator,26006
2020-12-12,IND_DHA,4,30.39,24.06,True,synthetic_scenario_generator,26006
2020-12-13,IND_DHA,2,28.8,22.71,True,synthetic_scenario_generator,26006
2020-12-14,IND_DHA,3,34.69,27.7,True,synthetic_scenario_generator,26006
2020-12-15,IND_DHA,5,38.82,31.2,True,synthetic_scenario_generator,26006
2020-12-16,IND_DHA,7,38.79,31.18,True,synthetic_scenario_generator,26006
2020-12-17,IND_DHA,4,23.63,18.33,True,synthetic_scenario_generator,26006
2020-12-18,IND_DHA,5,29.92,23.66,True,synthetic_scenario_generator,26006
2020-12-19,IND_DHA,3,30.02,23.75,True,synthetic_scenario_generator,26006
2020-12-20,IND_DHA,5,28.12,22.13,True,synthetic_scenario_generator,26006
2020-12-21,IND_DHA,8,37.22,29.85,True,synthetic_scenario_generator,26006
2020-12-22,IND_DHA,5,31.75,25.21,True,synthetic_scenario_generator,26006
2020-12-23,IND_DHA,3,36.35,29.11,True,synthetic_scenario_generator,26006
2020-12-24,IND_DHA,4,41.74,33.68,True,synthetic_scenario_generator,26006
2020-12-25,IND_DHA,4,29.41,23.23,True,synthetic_scenario_generator,26006
2020-12-26,IND_DHA,2,37.03,29.69,True,synthetic_scenario_generator,26006
2020-12-27,IND_DHA,3,33.67,26.84,True,synthetic_scenario_generator,26006
2020-12-28,IND_DHA,5,23.69,18.38,True,synthetic_scenario_generator,26006
2020-12-29,IND_DHA,4,41.32,33.32,True,synthetic_scenario_generator,26006
2020-12-30,IND_DHA,5,39.28,31.59,True,synthetic_scenario_generator,26006
2020-12-31,IND_DHA,5,38.06,30.56,True,synthetic_scenario_generator,26006
2021-01-01,IND_DHA,4,26.96,21.15,True,synthetic_scenario_generator,26006
2021-01-02,IND_DHA,4,33.41,26.62,True,synthetic_scenario_generator,26006
2021-01-03,IND_DHA,4,33.65,26.83,True,synthetic_scenario_generator,26006
2021-01-04,IND_DHA,5,23.38,18.12,True,synthetic_scenario_generator,26006
2021-01-05,IND_DHA,3,31.04,24.61,True,synthetic_scenario_generator,26006
2021-01-06,IND_DHA,3,25.13,19.6,True,synthetic_scenario_generator,26006
2021-01-07,IND_DHA,4,26.4,20.67,True,synthetic_scenario_generator,26006
2021-01-08,IND_DHA,5,25.89,20.25,True,synthetic_scenario_generator,26006
2021-01-09,IND_DHA,4,27.01,21.19,True,synthetic_scenario_generator,26006
2021-01-10,IND_DHA,4,27.73,21.81,True,synthetic_scenario_generator,26006
2021-01-11,IND_DHA,2,22.75,17.59,True,synthetic_scenario_generator,26006
2021-01-12,IND_DHA,3,27.23,21.38,True,synthetic_scenario_generator,26006
2021-01-13,IND_DHA,3,26.38,20.66,True,synthetic_scenario_generator,26006
2021-01-14,IND_DHA,4,25.14,19.61,True,synthetic_scenario_generator,26006
2021-01-15,IND_DHA,6,27.35,21.49,True,synthetic_scenario_generator,26006
2021-01-16,IND_DHA,6,29.44,23.25,True,synthetic_scenario_generator,26006
2021-01-17,IND_DHA,3,26.52,20.78,True,synthetic_scenario_generator,26006
2021-01-18,IND_DHA,4,19.63,14.94,True,synthetic_scenario_generator,26006
2021-01-19,IND_DHA,4,14.29,10.42,True,synthetic_scenario_generator,26006
2021-01-20,IND_DHA,5,22.37,17.27,True,synthetic_scenario_generator,26006
2021-01-21,IND_DHA,3,22.88,17.7,True,synthetic_scenario_generator,26006
2021-01-22,IND_DHA,5,7.93,5.03,True,synthetic_scenario_generator,26006
2021-01-23,IND_DHA,2,14.2,10.34,True,synthetic_scenario_generator,26006
2021-01-24,IND_DHA,2,13.05,9.36,True,synthetic_scenario_generator,26006
2021-01-25,IND_DHA,3,16.05,11.91,True,synthetic_scenario_generator,26006
2021-01-26,IND_DHA,5,11.05,7.67,True,synthetic_scenario_generator,26006
2021-01-27,IND_DHA,3,19.12,14.51,True,synthetic_scenario_generator,26006
2021-01-28,IND_DHA,3,6.65,3.94,True,synthetic_scenario_generator,26006
2021-01-29,IND_DHA,2,14.05,10.21,True,synthetic_scenario_generator,26006
2021-01-30,IND_DHA,3,17.28,12.95,True,synthetic_scenario_generator,26006
2021-01-31,IND_DHA,3,5.71,3.14,True,synthetic_scenario_generator,26006
2021-02-01,IND_DHA,4,5.86,3.27,True,synthetic_scenario_generator,26006
2021-02-02,IND_DHA,2,15.57,11.5,True,synthetic_scenario_generator,26006
2021-02-03,IND_DHA,4,12.8,9.15,True,synthetic_scenario_generator,26006
2021-02-04,IND_DHA,3,22.05,16.99,True,synthetic_scenario_generator,26006
2021-02-05,IND_DHA,2,11.38,7.95,True,synthetic_scenario_generator,26006
2021-02-06,IND_DHA,3,2.0,0.0,True,synthetic_scenario_generator,26006
2021-02-07,IND_DHA,3,10.49,7.2,True,synthetic_scenario_generator,26006
2021-02-08,IND_DHA,3,15.8,11.69,True,synthetic_scenario_generator,26006
2021-02-09,IND_DHA,3,11.52,8.06,True,synthetic_scenario_generator,26006
2021-02-10,IND_DHA,3,9.61,6.45,True,synthetic_scenario_generator,26006
2021-02-11,IND_DHA,1,12.03,8.5,True,synthetic_scenario_generator,26006
2021-02-12,IND_DHA,3,9.74,6.56,True,synthetic_scenario_generator,26006
2021-02-13,IND_DHA,3,12.8,9.15,True,synthetic_scenario_generator,26006
2021-02-14,IND_DHA,2,13.83,10.03,True,synthetic_scenario_generator,26006
2021-02-15,IND_DHA,3,16.78,12.53,True,synthetic_scenario_generator,26006
2021-02-16,IND_DHA,1,5.75,3.18,True,synthetic_scenario_generator,26006
2021-02-17,IND_DHA,2,9.81,6.62,True,synthetic_scenario_generator,26006
2021-02-18,IND_DHA,4,20.29,15.5,True,synthetic_scenario_generator,26006
2021-02-19,IND_DHA,4,21.4,16.44,True,synthetic_scenario_generator,26006
2021-02-20,IND_DHA,2,13.06,9.37,True,synthetic_scenario_generator,26006
2021-02-21,IND_DHA,4,32.85,26.14,True,synthetic_scenario_generator,26006
2021-02-22,IND_DHA,1,13.85,10.04,True,synthetic_scenario_generator,26006
2021-02-23,IND_DHA,2,24.2,18.82,True,synthetic_scenario_generator,26006
2021-02-24,IND_DHA,5,19.89,15.16,True,synthetic_scenario_generator,26006
2021-02-25,IND_DHA,2,15.82,11.71,True,synthetic_scenario_generator,26006
2021-02-26,IND_DHA,4,21.21,16.28,True,synthetic_scenario_generator,26006
2021-02-27,IND_DHA,2,12.76,9.12,True,synthetic_scenario_generator,26006
2021-02-28,IND_DHA,5,17.63,13.25,True,synthetic_scenario_generator,26006
2021-03-01,IND_DHA,4,25.95,20.3,True,synthetic_scenario_generator,26006
2021-03-02,IND_DHA,3,11.31,7.89,True,synthetic_scenario_generator,26006
2021-03-03,IND_DHA,5,29.93,23.67,True,synthetic_scenario_generator,26006
2021-03-04,IND_DHA,4,26.79,21.01,True,synthetic_scenario_generator,26006
2021-03-05,IND_DHA,3,28.22,22.22,True,synthetic_scenario_generator,26006
2021-03-06,IND_DHA,4,25.06,19.55,True,synthetic_scenario_generator,26006
2021-03-07,IND_DHA,4,21.44,16.48,True,synthetic_scenario_generator,26006
2021-03-08,IND_DHA,4,27.02,21.21,True,synthetic_scenario_generator,26006
2021-03-09,IND_DHA,3,39.41,31.7,True,synthetic_scenario_generator,26006
2021-03-10,IND_DHA,4,34.67,27.68,True,synthetic_scenario_generator,26006
2021-03-11,IND_DHA,4,21.02,16.12,True,synthetic_scenario_generator,26006
2021-03-12,IND_DHA,4,25.99,20.33,True,synthetic_scenario_generator,26006
2021-03-13,IND_DHA,3,29.98,23.71,True,synthetic_scenario_generator,26006
2021-03-14,IND_DHA,4,32.83,26.13,True,synthetic_scenario_generator,26006
2021-03-15,IND_DHA,3,32.6,25.93,True,synthetic_scenario_generator,26006
2021-03-16,IND_DHA,4,30.83,24.43,True,synthetic_scenario_generator,26006
2021-03-17,IND_DHA,2,29.61,23.4,True,synthetic_scenario_generator,26006
2021-03-18,IND_DHA,3,31.9,25.34,True,synthetic_scenario_generator,26006
2021-03-19,IND_DHA,5,39.36,31.66,True,synthetic_scenario_generator,26006
2021-03-20,IND_DHA,6,32.54,25.88,True,synthetic_scenario_generator,26006
2021-03-21,IND_DHA,4,28.97,22.86,True,synthetic_scenario_generator,26006
2021-03-22,IND_DHA,3,30.43,24.09,True,synthetic_scenario_generator,26006
2021-03-23,IND_DHA,2,26.56,20.81,True,synthetic_scenario_generator,26006
2021-03-24,IND_DHA,5,35.94,28.77,True,synthetic_scenario_generator,26006
2021-03-25,IND_DHA,5,40.17,32.35,True,synthetic_scenario_generator,26006
2021-03-26,IND_DHA,4,28.32,22.3,True,synthetic_scenario_generator,26006
2021-03-27,IND_DHA,7,36.88,29.56,True,synthetic_scenario_generator,26006
2021-03-28,IND_DHA,2,30.57,24.21,True,synthetic_scenario_generator,26006
2021-03-29,IND_DHA,5,29.44,23.25,True,synthetic_scenario_generator,26006
2021-03-30,IND_DHA,3,32.08,25.49,True,synthetic_scenario_generator,26006
2021-03-31,IND_DHA,4,29.63,23.41,True,synthetic_scenario_generator,26006
2021-04-01,IND_DHA,5,41.44,33.42,True,synthetic_scenario_generator,26006
2021-04-02,IND_DHA,3,32.79,26.09,True,synthetic_scenario_generator,26006
2021-04-03,IND_DHA,4,21.52,16.54,True,synthetic_scenario_generator,26006
2021-04-04,IND_DHA,3,22.99,17.79,True,synthetic_scenario_generator,26006
2021-04-05,IND_DHA,3,26.99,21.18,True,synthetic_scenario_generator,26006
2021-04-06,IND_DHA,3,25.45,19.88,True,synthetic_scenario_generator,26006
2021-04-07,IND_DHA,4,23.6,18.3,True,synthetic_scenario_generator,26006
2021-04-08,IND_DHA,3,24.42,19.0,True,synthetic_scenario_generator,26006
2021-04-09,IND_DHA,4,28.4,22.37,True,synthetic_scenario_generator,26006
2021-04-10,IND_DHA,5,22.39,17.28,True,synthetic_scenario_generator,26006
2021-04-11,IND_DHA,4,28.53,22.49,True,synthetic_scenario_generator,26006
2021-04-12,IND_DHA,6,27.94,21.98,True,synthetic_scenario_generator,26006
2021-04-13,IND_DHA,4,26.17,20.48,True,synthetic_scenario_generator,26006
2021-04-14,IND_DHA,4,27.21,21.36,True,synthetic_scenario_generator,26006
2021-04-15,IND_DHA,4,25.73,20.11,True,synthetic_scenario_generator,26006
2021-04-16,IND_DHA,4,24.26,18.87,True,synthetic_scenario_generator,26006
2021-04-17,IND_DHA,2,18.91,14.33,True,synthetic_scenario_generator,26006
2021-04-18,IND_DHA,3,22.61,17.47,True,synthetic_scenario_generator,26006
2021-04-19,IND_DHA,7,29.23,23.08,True,synthetic_scenario_generator,26006
2021-04-20,IND_DHA,6,16.26,12.09,True,synthetic_scenario_generator,26006
2021-04-21,IND_DHA,4,19.97,15.23,True,synthetic_scenario_generator,26006
2021-04-22,IND_DHA,5,26.84,21.05,True,synthetic_scenario_generator,26006
2021-04-23,IND_DHA,3,22.88,17.69,True,synthetic_scenario_generator,26006
2021-04-24,IND_DHA,2,15.94,11.81,True,synthetic_scenario_generator,26006
2021-04-25,IND_DHA,4,20.53,15.71,True,synthetic_scenario_generator,26006
2021-04-26,IND_DHA,3,23.81,18.48,True,synthetic_scenario_generator,26006
2021-04-27,IND_DHA,1,15.47,11.41,True,synthetic_scenario_generator,26006
2021-04-28,IND_DHA,4,15.2,11.19,True,synthetic_scenario_generator,26006
2021-04-29,IND_DHA,2,9.69,6.52,True,synthetic_scenario_generator,26006
2021-04-30,IND_DHA,3,21.59,16.6,True,synthetic_scenario_generator,26006
2021-05-01,IND_DHA,4,14.11,10.27,True,synthetic_scenario_generator,26006
2021-05-02,IND_DHA,2,11.14,7.74,True,synthetic_scenario_generator,26006
2021-05-03,IND_DHA,1,16.28,12.1,True,synthetic_scenario_generator,26006
2021-05-04,IND_DHA,2,8.06,5.14,True,synthetic_scenario_generator,26006
2021-05-05,IND_DHA,4,13.26,9.54,True,synthetic_scenario_generator,26006
2021-05-06,IND_DHA,3,5.8,3.22,True,synthetic_scenario_generator,26006
2021-05-07,IND_DHA,4,21.34,16.39,True,synthetic_scenario_generator,26006
2021-05-08,IND_DHA,5,18.8,14.23,True,synthetic_scenario_generator,26006
2021-05-09,IND_DHA,1,5.92,3.32,True,synthetic_scenario_generator,26006
2021-05-10,IND_DHA,2,18.37,13.87,True,synthetic_scenario_generator,26006
2021-05-11,IND_DHA,1,7.19,4.4,True,synthetic_scenario_generator,26006
2021-05-12,IND_DHA,3,18.6,14.07,True,synthetic_scenario_generator,26006
2021-05-13,IND_DHA,5,12.34,8.76,True,synthetic_scenario_generator,26006
2021-05-14,IND_DHA,4,19.04,14.44,True,synthetic_scenario_generator,26006
2021-05-15,IND_DHA,4,17.57,13.19,True,synthetic_scenario_generator,26006
2021-05-16,IND_DHA,5,15.17,11.16,True,synthetic_scenario_generator,26006
2021-05-17,IND_DHA,3,11.69,8.21,True,synthetic_scenario_generator,26006
2021-05-18,IND_DHA,3,4.8,2.37,True,synthetic_scenario_generator,26006
2021-05-19,IND_DHA,3,21.45,16.48,True,synthetic_scenario_generator,26006
2021-05-20,IND_DHA,6,22.42,17.31,True,synthetic_scenario_generator,26006
2021-05-21,IND_DHA,4,14.5,10.59,True,synthetic_scenario_generator,26006
2021-05-22,IND_DHA,4,21.73,16.72,True,synthetic_scenario_generator,26006
2021-05-23,IND_DHA,3,29.47,23.28,True,synthetic_scenario_generator,26006
2021-05-24,IND_DHA,2,21.54,16.56,True,synthetic_scenario_generator,26006
2021-05-25,IND_DHA,2,5.73,3.16,True,synthetic_scenario_generator,26006
2021-05-26,IND_DHA,3,13.0,9.32,True,synthetic_scenario_generator,26006
2021-05-27,IND_DHA,4,19.01,14.42,True,synthetic_scenario_generator,26006
2021-05-28,IND_DHA,4,16.06,11.92,True,synthetic_scenario_generator,26006
2021-05-29,IND_DHA,5,23.77,18.45,True,synthetic_scenario_generator,26006
2021-05-30,IND_DHA,3,22.28,17.19,True,synthetic_scenario_generator,26006
2021-05-31,IND_DHA,3,28.42,22.39,True,synthetic_scenario_generator,26006
2021-06-01,IND_DHA,5,33.71,26.87,True,synthetic_scenario_generator,26006
2021-06-02,IND_DHA,5,27.76,21.83,True,synthetic_scenario_generator,26006
2021-06-03,IND_DHA,5,35.57,28.45,True,synthetic_scenario_generator,26006
2021-06-04,IND_DHA,4,26.35,20.63,True,synthetic_scenario_generator,26006
2021-06-05,IND_DHA,6,29.44,23.25,True,synthetic_scenario_generator,26006
2021-06-06,IND_DHA,5,47.26,38.36,True,synthetic_scenario_generator,26006
2021-06-07,IND_DHA,3,34.6,27.62,True,synthetic_scenario_generator,26006
2021-06-08,IND_DHA,6,36.38,29.14,True,synthetic_scenario_generator,26006
2021-06-09,IND_DHA,6,40.51,32.64,True,synthetic_scenario_generator,26006
2021-06-10,IND_DHA,4,35.71,28.57,True,synthetic_scenario_generator,26006
2021-06-11,IND_DHA,3,32.0,25.43,True,synthetic_scenario_generator,26006
2021-06-12,IND_DHA,5,35.18,28.12,True,synthetic_scenario_generator,26006
2021-06-13,IND_DHA,3,25.57,19.98,True,synthetic_scenario_generator,26006
2021-06-14,IND_DHA,4,39.57,31.84,True,synthetic_scenario_generator,26006
2021-06-15,IND_DHA,3,37.33,29.94,True,synthetic_scenario_generator,26006
2021-06-16,IND_DHA,4,38.63,31.05,True,synthetic_scenario_generator,26006
2021-06-17,IND_DHA,7,35.49,28.38,True,synthetic_scenario_generator,26006
2021-06-18,IND_DHA,5,43.73,35.37,True,synthetic_scenario_generator,26006
2021-06-19,IND_DHA,5,36.37,29.12,True,synthetic_scenario_generator,26006
2021-06-20,IND_DHA,4,40.31,32.47,True,synthetic_scenario_generator,26006
2021-06-21,IND_DHA,5,32.85,26.14,True,synthetic_scenario_generator,26006
2021-06-22,IND_DHA,5,38.17,30.65,True,synthetic_scenario_generator,26006
2021-06-23,IND_DHA,2,35.27,28.19,True,synthetic_scenario_generator,26006
2021-06-24,IND_DHA,5,36.56,29.29,True,synthetic_scenario_generator,26006
2021-06-25,IND_DHA,4,37.28,29.9,True,synthetic_scenario_generator,26006
2021-06-26,IND_DHA,5,39.81,32.04,True,synthetic_scenario_generator,26006
2021-06-27,IND_DHA,6,36.5,29.24,True,synthetic_scenario_generator,26006
2021-06-28,IND_DHA,4,36.95,29.62,True,synthetic_scenario_generator,26006
2021-06-29,IND_DHA,4,29.63,23.42,True,synthetic_scenario_generator,26006
2021-06-30,IND_DHA,6,33.82,26.97,True,synthetic_scenario_generator,26006
2021-07-01,IND_DHA,6,35.14,28.09,True,synthetic_scenario_generator,26006
2021-07-02,IND_DHA,4,30.4,24.07,True,synthetic_scenario_generator,26006
2021-07-03,IND_DHA,2,30.63,24.26,True,synthetic_scenario_generator,26006
2021-07-04,IND_DHA,5,32.86,26.16,True,synthetic_scenario_generator,26006
2021-07-05,IND_DHA,5,30.03,23.75,True,synthetic_scenario_generator,26006
2021-07-06,IND_DHA,4,31.69,25.17,True,synthetic_scenario_generator,26006
2021-07-07,IND_DHA,5,33.23,26.46,True,synthetic_scenario_generator,26006
2021-07-08,IND_DHA,5,34.46,27.51,True,synthetic_scenario_generator,26006
2021-07-09,IND_DHA,4,23.9,18.56,True,synthetic_scenario_generator,26006
2021-07-10,IND_DHA,3,29.67,23.45,True,synthetic_scenario_generator,26006
2021-07-11,IND_DHA,6,31.36,24.88,True,synthetic_scenario_generator,26006
2021-07-12,IND_DHA,5,27.5,21.61,True,synthetic_scenario_generator,26006
2021-07-13,IND_DHA,4,21.08,16.17,True,synthetic_scenario_generator,26006
2021-07-14,IND_DHA,3,25.81,20.18,True,synthetic_scenario_generator,26006
2021-07-15,IND_DHA,3,25.76,20.14,True,synthetic_scenario_generator,26006
2021-07-16,IND_DHA,5,32.97,26.24,True,synthetic_scenario_generator,26006
2021-07-17,IND_DHA,4,27.28,21.42,True,synthetic_scenario_generator,26006
2021-07-18,IND_DHA,3,19.64,14.95,True,synthetic_scenario_generator,26006
2021-07-19,IND_DHA,2,15.48,11.43,True,synthetic_scenario_generator,26006
2021-07-20,IND_DHA,3,22.08,17.02,True,synthetic_scenario_generator,26006
2021-07-21,IND_DHA,2,28.62,22.56,True,synthetic_scenario_generator,26006
2021-07-22,IND_DHA,1,14.59,10.67,True,synthetic_scenario_generator,26006
2021-07-23,IND_DHA,4,25.34,19.78,True,synthetic_scenario_generator,26006
2021-07-24,IND_DHA,2,13.6,9.83,True,synthetic_scenario_generator,26006
2021-07-25,IND_DHA,3,22.35,17.24,True,synthetic_scenario_generator,26006
2021-07-26,IND_DHA,3,23.36,18.1,True,synthetic_scenario_generator,26006
2021-07-27,IND_DHA,5,18.98,14.39,True,synthetic_scenario_generator,26006
2021-07-28,IND_DHA,2,23.57,18.28,True,synthetic_scenario_generator,26006
2021-07-29,IND_DHA,2,13.11,9.41,True,synthetic_scenario_generator,26006
2021-07-30,IND_DHA,3,20.17,15.4,True,synthetic_scenario_generator,26006
2021-07-31,IND_DHA,5,16.94,12.66,True,synthetic_scenario_generator,26006
2021-08-01,IND_DHA,3,18.54,14.02,True,synthetic_scenario_generator,26006
2021-08-02,IND_DHA,3,20.57,15.74,True,synthetic_scenario_generator,26006
2021-08-03,IND_DHA,3,10.51,7.21,True,synthetic_scenario_generator,26006
2021-08-04,IND_DHA,4,9.99,6.77,True,synthetic_scenario_generator,26006
2021-08-05,IND_DHA,3,11.62,8.15,True,synthetic_scenario_generator,26006
2021-08-06,IND_DHA,2,18.82,14.25,True,synthetic_scenario_generator,26006
2021-08-07,IND_DHA,3,9.36,6.24,True,synthetic_scenario_generator,26006
2021-08-08,IND_DHA,2,14.71,10.77,True,synthetic_scenario_generator,26006
2021-08-09,IND_DHA,3,10.76,7.43,True,synthetic_scenario_generator,26006
2021-08-10,IND_DHA,5,19.04,14.44,True,synthetic_scenario_generator,26006
2021-08-11,IND_DHA,4,19.05,14.45,True,synthetic_scenario_generator,26006
2021-08-12,IND_DHA,4,19.57,14.89,True,synthetic_scenario_generator,26006
2021-08-13,IND_DHA,4,20.51,15.69,True,synthetic_scenario_generator,26006
2021-08-14,IND_DHA,1,16.61,12.38,True,synthetic_scenario_generator,26006
2021-08-15,IND_DHA,5,13.95,10.13,True,synthetic_scenario_generator,26006
2021-08-16,IND_DHA,5,18.22,13.75,True,synthetic_scenario_generator,26006
2021-08-17,IND_DHA,3,33.3,26.53,True,synthetic_scenario_generator,26006
2021-08-18,IND_DHA,2,13.57,9.8,True,synthetic_scenario_generator,26006
2021-08-19,IND_DHA,3,25.71,20.09,True,synthetic_scenario_generator,26006
2021-08-20,IND_DHA,2,22.08,17.02,True,synthetic_scenario_generator,26006
2021-08-21,IND_DHA,5,29.7,23.48,True,synthetic_scenario_generator,26006
2021-08-22,IND_DHA,5,24.08,18.71,True,synthetic_scenario_generator,26006
2021-08-23,IND_DHA,3,23.95,18.6,True,synthetic_scenario_generator,26006
2021-08-24,IND_DHA,5,15.83,11.72,True,synthetic_scenario_generator,26006
2021-08-25,IND_DHA,3,19.48,14.82,True,synthetic_scenario_generator,26006
2021-08-26,IND_DHA,4,29.64,23.42,True,synthetic_scenario_generator,26006
2021-08-27,IND_DHA,3,21.72,16.71,True,synthetic_scenario_generator,26006
2021-08-28,IND_DHA,3,27.35,21.48,True,synthetic_scenario_generator,26006
2021-08-29,IND_DHA,3,29.99,23.72,True,synthetic_scenario_generator,26006
2021-08-30,IND_DHA,4,23.41,18.15,True,synthetic_scenario_generator,26006
2021-08-31,IND_DHA,5,28.53,22.49,True,synthetic_scenario_generator,26006
2021-09-01,IND_DHA,5,29.03,22.91,True,synthetic_scenario_generator,26006
2021-09-02,IND_DHA,3,29.56,23.36,True,synthetic_scenario_generator,26006
2021-09-03,IND_DHA,3,28.15,22.16,True,synthetic_scenario_generator,26006
2021-09-04,IND_DHA,4,33.34,26.56,True,synthetic_scenario_generator,26006
2021-09-05,IND_DHA,5,31.98,25.41,True,synthetic_scenario_generator,26006
2021-09-06,IND_DHA,4,39.15,31.48,True,synthetic_scenario_generator,26006
2021-09-07,IND_DHA,4,28.13,22.14,True,synthetic_scenario_generator,26006
2021-09-08,IND_DHA,4,40.23,32.4,True,synthetic_scenario_generator,26006
2021-09-09,IND_DHA,4,36.82,29.51,True,synthetic_scenario_generator,26006
2021-09-10,IND_DHA,4,22.94,17.75,True,synthetic_scenario_generator,26006
2021-09-11,IND_DHA,4,30.05,23.77,True,synthetic_scenario_generator,26006
2021-09-12,IND_DHA,4,30.34,24.02,True,synthetic_scenario_generator,26006
2021-09-13,IND_DHA,5,39.74,31.99,True,synthetic_scenario_generator,26006
2021-09-14,IND_DHA,6,32.81,26.11,True,synthetic_scenario_generator,26006
2021-09-15,IND_DHA,5,28.08,22.1,True,synthetic_scenario_generator,26006
2021-09-16,IND_DHA,6,38.22,30.7,True,synthetic_scenario_generator,26006
2021-09-17,IND_DHA,5,36.6,29.32,True,synthetic_scenario_generator,26006
2021-09-18,IND_DHA,4,29.4,23.22,True,synthetic_scenario_generator,26006
2021-09-19,IND_DHA,5,34.38,27.44,True,synthetic_scenario_generator,26006
2021-09-20,IND_DHA,5,31.53,25.02,True,synthetic_scenario_generator,26006
2021-09-21,IND_DHA,5,39.62,31.88,True,synthetic_scenario_generator,26006
2021-09-22,IND_DHA,5,30.36,24.03,True,synthetic_scenario_generator,26006
2021-09-23,IND_DHA,4,30.03,23.76,True,synthetic_scenario_generator,26006
2021-09-24,IND_DHA,4,30.12,23.83,True,synthetic_scenario_generator,26006
2021-09-25,IND_DHA,6,32.58,25.91,True,synthetic_scenario_generator,26006
2021-09-26,IND_DHA,4,35.75,28.6,True,synthetic_scenario_generator,26006
2021-09-27,IND_DHA,2,33.24,26.47,True,synthetic_scenario_generator,26006
2021-09-28,IND_DHA,5,35.58,28.46,True,synthetic_scenario_generator,26006
2021-09-29,IND_DHA,5,30.0,23.73,True,synthetic_scenario_generator,26006
2021-09-30,IND_DHA,5,34.7,27.71,True,synthetic_scenario_generator,26006
2021-10-01,IND_DHA,5,26.54,20.8,True,synthetic_scenario_generator,26006
2021-10-02,IND_DHA,3,18.68,14.13,True,synthetic_scenario_generator,26006
2021-10-03,IND_DHA,4,22.72,17.56,True,synthetic_scenario_generator,26006
2021-10-04,IND_DHA,4,34.51,27.55,True,synthetic_scenario_generator,26006
2021-10-05,IND_DHA,2,22.4,17.29,True,synthetic_scenario_generator,26006
2021-10-06,IND_DHA,4,29.7,23.47,True,synthetic_scenario_generator,26006
2021-10-07,IND_DHA,4,30.17,23.87,True,synthetic_scenario_generator,26006
2021-10-08,IND_DHA,2,26.85,21.06,True,synthetic_scenario_generator,26006
2021-10-09,IND_DHA,5,40.75,32.84,True,synthetic_scenario_generator,26006
2021-10-10,IND_DHA,2,29.93,23.67,True,synthetic_scenario_generator,26006
2021-10-11,IND_DHA,4,27.41,21.54,True,synthetic_scenario_generator,26006
2021-10-12,IND_DHA,7,25.23,19.69,True,synthetic_scenario_generator,26006
2021-10-13,IND_DHA,4,24.56,19.12,True,synthetic_scenario_generator,26006
2021-10-14,IND_DHA,4,21.75,16.74,True,synthetic_scenario_generator,26006
2021-10-15,IND_DHA,3,26.04,20.37,True,synthetic_scenario_generator,26006
2021-10-16,IND_DHA,4,16.05,11.91,True,synthetic_scenario_generator,26006
2021-10-17,IND_DHA,3,20.36,15.56,True,synthetic_scenario_generator,26006
2021-10-18,IND_DHA,2,19.73,15.02,True,synthetic_scenario_generator,26006
2021-10-19,IND_DHA,4,12.98,9.31,True,synthetic_scenario_generator,26006
2021-10-20,IND_DHA,4,17.97,13.53,True,synthetic_scenario_generator,26006
2021-10-21,IND_DHA,5,20.43,15.62,True,synthetic_scenario_generator,26006
2021-10-22,IND_DHA,5,25.95,20.3,True,synthetic_scenario_generator,26006
2021-10-23,IND_DHA,5,25.61,20.01,True,synthetic_scenario_generator,26006
2021-10-24,IND_DHA,4,14.32,10.44,True,synthetic_scenario_generator,26006
2021-10-25,IND_DHA,2,14.52,10.61,True,synthetic_scenario_generator,26006
2021-10-26,IND_DHA,4,15.0,11.02,True,synthetic_scenario_generator,26006
2021-10-27,IND_DHA,3,22.85,17.67,True,synthetic_scenario_generator,26006
2021-10-28,IND_DHA,2,18.3,13.81,True,synthetic_scenario_generator,26006
2021-10-29,IND_DHA,3,15.78,11.68,True,synthetic_scenario_generator,26006
2021-10-30,IND_DHA,3,13.91,10.09,True,synthetic_scenario_generator,26006
2021-10-31,IND_DHA,4,18.62,14.09,True,synthetic_scenario_generator,26006
2021-11-01,IND_DHA,4,18.17,13.7,True,synthetic_scenario_generator,26006
2021-11-02,IND_DHA,4,15.79,11.68,True,synthetic_scenario_generator,26006
2021-11-03,IND_DHA,2,12.66,9.03,True,synthetic_scenario_generator,26006
2021-11-04,IND_DHA,1,17.5,13.14,True,synthetic_scenario_generator,26006
2021-11-05,IND_DHA,2,13.99,10.16,True,synthetic_scenario_generator,26006
2021-11-06,IND_DHA,3,10.2,6.95,True,synthetic_scenario_generator,26006
2021-11-07,IND_DHA,2,15.61,11.53,True,synthetic_scenario_generator,26006
2021-11-08,IND_DHA,3,11.4,7.96,True,synthetic_scenario_generator,26006
2021-11-09,IND_DHA,5,16.21,12.04,True,synthetic_scenario_generator,26006
2021-11-10,IND_DHA,3,21.12,16.2,True,synthetic_scenario_generator,26006
2021-11-11,IND_DHA,4,16.74,12.49,True,synthetic_scenario_generator,26006
2021-11-12,IND_DHA,0,17.01,12.72,True,synthetic_scenario_generator,26006
2021-11-13,IND_DHA,4,20.44,15.63,True,synthetic_scenario_generator,26006
2021-11-14,IND_DHA,4,6.54,3.85,True,synthetic_scenario_generator,26006
2021-11-15,IND_DHA,4,20.63,15.78,True,synthetic_scenario_generator,26006
2021-11-16,IND_DHA,4,23.54,18.25,True,synthetic_scenario_generator,26006
2021-11-17,IND_DHA,3,26.36,20.64,True,synthetic_scenario_generator,26006
2021-11-18,IND_DHA,4,10.04,6.82,True,synthetic_scenario_generator,26006
2021-11-19,IND_DHA,2,14.67,10.74,True,synthetic_scenario_generator,26006
2021-11-20,IND_DHA,2,24.23,18.84,True,synthetic_scenario_generator,26006
2021-11-21,IND_DHA,4,30.46,24.12,True,synthetic_scenario_generator,26006
2021-11-22,IND_DHA,6,25.69,20.08,True,synthetic_scenario_generator,26006
2021-11-23,IND_DHA,4,27.76,21.83,True,synthetic_scenario_generator,26006
2021-11-24,IND_DHA,3,27.66,21.74,True,synthetic_scenario_generator,26006
2021-11-25,IND_DHA,3,33.61,26.79,True,synthetic_scenario_generator,26006
2021-11-26,IND_DHA,5,28.36,22.34,True,synthetic_scenario_generator,26006
2021-11-27,IND_DHA,4,23.53,18.25,True,synthetic_scenario_generator,26006
2021-11-28,IND_DHA,4,26.73,20.95,True,synthetic_scenario_generator,26006
2021-11-29,IND_DHA,3,21.95,16.91,True,synthetic_scenario_generator,26006
2021-11-30,IND_DHA,3,24.45,19.03,True,synthetic_scenario_generator,26006
2021-12-01,IND_DHA,3,26.99,21.18,True,synthetic_scenario_generator,26006
2021-12-02,IND_DHA,6,35.18,28.12,True,synthetic_scenario_generator,26006
2021-12-03,IND_DHA,4,42.67,34.47,True,synthetic_scenario_generator,26006
2021-12-04,IND_DHA,4,26.57,20.82,True,synthetic_scenario_generator,26006
2021-12-05,IND_DHA,3,26.76,20.98,True,synthetic_scenario_generator,26006
2021-12-06,IND_DHA,5,31.75,25.21,True,synthetic_scenario_generator,26006
2021-12-07,IND_DHA,4,36.29,29.06,True,synthetic_scenario_generator,26006
2021-12-08,IND_DHA,3,28.78,22.7,True,synthetic_scenario_generator,26006
2021-12-09,IND_DHA,5,36.81,29.5,True,synthetic_scenario_generator,26006
2021-12-10,IND_DHA,2,33.33,26.55,True,synthetic_scenario_generator,26006
2021-12-11,IND_DHA,3,22.91,17.72,True,synthetic_scenario_generator,26006
2021-12-12,IND_DHA,3,32.47,25.82,True,synthetic_scenario_generator,26006
2021-12-13,IND_DHA,3,27.56,21.66,True,synthetic_scenario_generator,26006
2021-12-14,IND_DHA,4,27.41,21.53,True,synthetic_scenario_generator,26006
2021-12-15,IND_DHA,6,35.77,28.62,True,synthetic_scenario_generator,26006
2021-12-16,IND_DHA,4,24.55,19.11,True,synthetic_scenario_generator,26006
2021-12-17,IND_DHA,5,34.68,27.7,True,synthetic_scenario_generator,26006
2021-12-18,IND_DHA,4,37.32,29.93,True,synthetic_scenario_generator,26006
2021-12-19,IND_DHA,5,34.78,27.78,True,synthetic_scenario_generator,26006
2021-12-20,IND_DHA,4,25.99,20.33,True,synthetic_scenario_generator,26006
2021-12-21,IND_DHA,6,30.78,24.39,True,synthetic_scenario_generator,26006
2021-12-22,IND_DHA,1,21.44,16.48,True,synthetic_scenario_generator,26006
2021-12-23,IND_DHA,5,40.57,32.68,True,synthetic_scenario_generator,26006
2021-12-24,IND_DHA,6,46.55,37.75,True,synthetic_scenario_generator,26006
2021-12-25,IND_DHA,2,26.38,20.66,True,synthetic_scenario_generator,26006
2021-12-26,IND_DHA,4,20.36,15.56,True,synthetic_scenario_generator,26006
2021-12-27,IND_DHA,4,24.99,19.48,True,synthetic_scenario_generator,26006
2021-12-28,IND_DHA,3,38.97,31.33,True,synthetic_scenario_generator,26006
2021-12-29,IND_DHA,4,38.54,30.97,True,synthetic_scenario_generator,26006
2021-12-30,IND_DHA,4,27.63,21.72,True,synthetic_scenario_generator,26006
2021-12-31,IND_DHA,5,33.68,26.85,True,synthetic_scenario_generator,26006
2022-01-01,IND_DHA,5,28.83,22.74,True,synthetic_scenario_generator,26006
2022-01-02,IND_DHA,4,25.59,19.99,True,synthetic_scenario_generator,26006
2022-01-03,IND_DHA,3,26.83,21.05,True,synthetic_scenario_generator,26006
2022-01-04,IND_DHA,5,24.45,19.03,True,synthetic_scenario_generator,26006
2022-01-05,IND_DHA,2,26.95,21.15,True,synthetic_scenario_generator,26006
2022-01-06,IND_DHA,6,21.75,16.73,True,synthetic_scenario_generator,26006
2022-01-07,IND_DHA,4,24.77,19.3,True,synthetic_scenario_generator,26006
2022-01-08,IND_DHA,2,20.26,15.48,True,synthetic_scenario_generator,26006
2022-01-09,IND_DHA,4,33.61,26.79,True,synthetic_scenario_generator,26006
2022-01-10,IND_DHA,3,21.69,16.69,True,synthetic_scenario_generator,26006
2022-01-11,IND_DHA,4,23.21,17.98,True,synthetic_scenario_generator,26006
2022-01-12,IND_DHA,3,22.23,17.15,True,synthetic_scenario_generator,26006
2022-01-13,IND_DHA,4,27.32,21.46,True,synthetic_scenario_generator,26006
2022-01-14,IND_DHA,4,23.44,18.17,True,synthetic_scenario_generator,26006
2022-01-15,IND_DHA,3,27.71,21.79,True,synthetic_scenario_generator,26006
2022-01-16,IND_DHA,4,20.81,15.94,True,synthetic_scenario_generator,26006
2022-01-17,IND_DHA,4,18.63,14.09,True,synthetic_scenario_generator,26006
2022-01-18,IND_DHA,4,23.98,18.62,True,synthetic_scenario_generator,26006
2022-01-19,IND_DHA,2,16.1,11.95,True,synthetic_scenario_generator,26006
2022-01-20,IND_DHA,3,9.69,6.51,True,synthetic_scenario_generator,26006
2022-01-21,IND_DHA,4,8.75,5.72,True,synthetic_scenario_generator,26006
2022-01-22,IND_DHA,2,12.46,8.87,True,synthetic_scenario_generator,26006
2022-01-23,IND_DHA,3,23.07,17.85,True,synthetic_scenario_generator,26006
2022-01-24,IND_DHA,3,19.37,14.72,True,synthetic_scenario_generator,26006
2022-01-25,IND_DHA,1,11.58,8.12,True,synthetic_scenario_generator,26006
2022-01-26,IND_DHA,4,26.1,20.42,True,synthetic_scenario_generator,26006
2022-01-27,IND_DHA,2,15.68,11.59,True,synthetic_scenario_generator,26006
2022-01-28,IND_DHA,3,13.82,10.02,True,synthetic_scenario_generator,26006
2022-01-29,IND_DHA,5,10.0,6.78,True,synthetic_scenario_generator,26006
2022-01-30,IND_DHA,5,15.67,11.59,True,synthetic_scenario_generator,26006
2022-01-31,IND_DHA,3,16.75,12.5,True,synthetic_scenario_generator,26006
2022-02-01,IND_DHA,3,21.62,16.63,True,synthetic_scenario_generator,26006
2022-02-02,IND_DHA,2,8.49,5.5,True,synthetic_scenario_generator,26006
2022-02-03,IND_DHA,3,13.09,9.4,True,synthetic_scenario_generator,26006
2022-02-04,IND_DHA,3,12.16,8.61,True,synthetic_scenario_generator,26006
2022-02-05,IND_DHA,4,8.47,5.48,True,synthetic_scenario_generator,26006
2022-02-06,IND_DHA,3,20.76,15.9,True,synthetic_scenario_generator,26006
2022-02-07,IND_DHA,0,11.09,7.7,True,synthetic_scenario_generator,26006
2022-02-08,IND_DHA,2,5.04,2.57,True,synthetic_scenario_generator,26006
2022-02-09,IND_DHA,3,6.67,3.96,True,synthetic_scenario_generator,26006
2022-02-10,IND_DHA,4,14.9,10.94,True,synthetic_scenario_generator,26006
2022-02-11,IND_DHA,4,21.57,16.59,True,synthetic_scenario_generator,26006
2022-02-12,IND_DHA,3,14.67,10.74,True,synthetic_scenario_generator,26006
2022-02-13,IND_DHA,5,15.76,11.66,True,synthetic_scenario_generator,26006
2022-02-14,IND_DHA,4,17.04,12.74,True,synthetic_scenario_generator,26006
2022-02-15,IND_DHA,4,11.07,7.69,True,synthetic_scenario_generator,26006
2022-02-16,IND_DHA,3,14.28,10.41,True,synthetic_scenario_generator,26006
2022-02-17,IND_DHA,2,15.63,11.55,True,synthetic_scenario_generator,26006
2022-02-18,IND_DHA,4,19.36,14.71,True,synthetic_scenario_generator,26006
2022-02-19,IND_DHA,3,16.36,12.17,True,synthetic_scenario_generator,26006
2022-02-20,IND_DHA,3,19.18,14.56,True,synthetic_scenario_generator,26006
2022-02-21,IND_DHA,5,23.74,18.43,True,synthetic_scenario_generator,26006
2022-02-22,IND_DHA,4,20.59,15.75,True,synthetic_scenario_generator,26006
2022-02-23,IND_DHA,4,20.77,15.9,True,synthetic_scenario_generator,26006
2022-02-24,IND_DHA,3,18.36,13.86,True,synthetic_scenario_generator,26006
2022-02-25,IND_DHA,3,23.11,17.89,True,synthetic_scenario_generator,26006
2022-02-26,IND_DHA,3,19.89,15.16,True,synthetic_scenario_generator,26006
2022-02-27,IND_DHA,4,28.62,22.56,True,synthetic_scenario_generator,26006
2022-02-28,IND_DHA,4,17.4,13.05,True,synthetic_scenario_generator,26006
2022-03-01,IND_DHA,6,30.46,24.12,True,synthetic_scenario_generator,26006
2022-03-02,IND_DHA,4,34.57,27.6,True,synthetic_scenario_generator,26006
2022-03-03,IND_DHA,4,20.64,15.8,True,synthetic_scenario_generator,26006
2022-03-04,IND_DHA,3,29.93,23.67,True,synthetic_scenario_generator,26006
2022-03-05,IND_DHA,2,19.6,14.92,True,synthetic_scenario_generator,26006
2022-03-06,IND_DHA,5,24.66,19.21,True,synthetic_scenario_generator,26006
2022-03-07,IND_DHA,4,22.94,17.75,True,synthetic_scenario_generator,26006
2022-03-08,IND_DHA,2,26.59,20.84,True,synthetic_scenario_generator,26006
2022-03-09,IND_DHA,4,19.14,14.52,True,synthetic_scenario_generator,26006
2022-03-10,IND_DHA,4,16.19,12.02,True,synthetic_scenario_generator,26006
2022-03-11,IND_DHA,4,17.17,12.86,True,synthetic_scenario_generator,26006
2022-03-12,IND_DHA,4,24.91,19.41,True,synthetic_scenario_generator,26006
2022-03-13,IND_DHA,3,20.81,15.94,True,synthetic_scenario_generator,26006
2022-03-14,IND_DHA,5,24.0,18.64,True,synthetic_scenario_generator,26006
2022-03-15,IND_DHA,3,31.41,24.92,True,synthetic_scenario_generator,26006
2022-03-16,IND_DHA,6,30.0,23.73,True,synthetic_scenario_generator,26006
2022-03-17,IND_DHA,4,33.09,26.34,True,synthetic_scenario_generator,26006
2022-03-18,IND_DHA,4,28.21,22.21,True,synthetic_scenario_generator,26006
2022-03-19,IND_DHA,4,32.32,25.7,True,synthetic_scenario_generator,26006
2022-03-20,IND_DHA,4,22.51,17.38,True,synthetic_scenario_generator,26006
2022-03-21,IND_DHA,3,33.24,26.47,True,synthetic_scenario_generator,26006
2022-03-22,IND_DHA,3,24.98,19.47,True,synthetic_scenario_generator,26006
2022-03-23,IND_DHA,3,39.45,31.73,True,synthetic_scenario_generator,26006
2022-03-24,IND_DHA,5,36.8,29.49,True,synthetic_scenario_generator,26006
2022-03-25,IND_DHA,3,24.73,19.27,True,synthetic_scenario_generator,26006
2022-03-26,IND_DHA,5,35.15,28.1,True,synthetic_scenario_generator,26006
2022-03-27,IND_DHA,5,34.99,27.96,True,synthetic_scenario_generator,26006
2022-03-28,IND_DHA,4,40.45,32.58,True,synthetic_scenario_generator,26006
2022-03-29,IND_DHA,4,28.05,22.07,True,synthetic_scenario_generator,26006
2022-03-30,IND_DHA,4,33.26,26.49,True,synthetic_scenario_generator,26006
2022-03-31,IND_DHA,3,18.84,14.27,True,synthetic_scenario_generator,26006
2022-04-01,IND_DHA,3,23.53,18.25,True,synthetic_scenario_generator,26006
2022-04-02,IND_DHA,4,32.07,25.48,True,synthetic_scenario_generator,26006
2022-04-03,IND_DHA,3,35.79,28.64,True,synthetic_scenario_generator,26006
2022-04-04,IND_DHA,4,34.91,27.89,True,synthetic_scenario_generator,26006
2022-04-05,IND_DHA,5,35.27,28.19,True,synthetic_scenario_generator,26006
2022-04-06,IND_DHA,4,26.11,20.43,True,synthetic_scenario_generator,26006
2022-04-07,IND_DHA,4,31.13,24.68,True,synthetic_scenario_generator,26006
2022-04-08,IND_DHA,3,29.69,23.46,True,synthetic_scenario_generator,26006
2022-04-09,IND_DHA,3,22.78,17.61,True,synthetic_scenario_generator,26006
2022-04-10,IND_DHA,4,29.41,23.23,True,synthetic_scenario_generator,26006
2022-04-11,IND_DHA,3,21.91,16.87,True,synthetic_scenario_generator,26006
2022-04-12,IND_DHA,2,16.63,12.39,True,synthetic_scenario_generator,26006
2022-04-13,IND_DHA,2,16.79,12.54,True,synthetic_scenario_generator,26006
2022-04-14,IND_DHA,3,22.03,16.97,True,synthetic_scenario_generator,26006
2022-04-15,IND_DHA,3,32.47,25.82,True,synthetic_scenario_generator,26006
2022-04-16,IND_DHA,4,14.88,10.91,True,synthetic_scenario_generator,26006
2022-04-17,IND_DHA,3,25.6,20.0,True,synthetic_scenario_generator,26006
2022-04-18,IND_DHA,4,23.96,18.61,True,synthetic_scenario_generator,26006
2022-04-19,IND_DHA,3,20.17,15.4,True,synthetic_scenario_generator,26006
2022-04-20,IND_DHA,5,24.95,19.45,True,synthetic_scenario_generator,26006
2022-04-21,IND_DHA,4,16.57,12.35,True,synthetic_scenario_generator,26006
2022-04-22,IND_DHA,3,7.76,4.88,True,synthetic_scenario_generator,26006
2022-04-23,IND_DHA,3,18.57,14.05,True,synthetic_scenario_generator,26006
2022-04-24,IND_DHA,2,10.76,7.43,True,synthetic_scenario_generator,26006
2022-04-25,IND_DHA,3,20.85,15.97,True,synthetic_scenario_generator,26006
2022-04-26,IND_DHA,2,17.22,12.9,True,synthetic_scenario_generator,26006
2022-04-27,IND_DHA,4,17.7,13.3,True,synthetic_scenario_generator,26006
2022-04-28,IND_DHA,4,10.44,7.15,True,synthetic_scenario_generator,26006
2022-04-29,IND_DHA,3,12.26,8.69,True,synthetic_scenario_generator,26006
2022-04-30,IND_DHA,2,2.0,0.0,True,synthetic_scenario_generator,26006
2022-05-01,IND_DHA,0,13.95,10.13,True,synthetic_scenario_generator,26006
2022-05-02,IND_DHA,4,12.83,9.17,True,synthetic_scenario_generator,26006
2022-05-03,IND_DHA,4,22.85,17.67,True,synthetic_scenario_generator,26006
2022-05-04,IND_DHA,3,24.48,19.05,True,synthetic_scenario_generator,26006
2022-05-05,IND_DHA,3,9.11,6.03,True,synthetic_scenario_generator,26006
2022-05-06,IND_DHA,1,15.43,11.38,True,synthetic_scenario_generator,26006
2022-05-07,IND_DHA,3,25.46,19.88,True,synthetic_scenario_generator,26006
2022-05-08,IND_DHA,2,20.57,15.74,True,synthetic_scenario_generator,26006
2022-05-09,IND_DHA,3,22.05,16.99,True,synthetic_scenario_generator,26006
2022-05-10,IND_DHA,4,14.08,10.24,True,synthetic_scenario_generator,26006
2022-05-11,IND_DHA,0,11.55,8.09,True,synthetic_scenario_generator,26006
2022-05-12,IND_DHA,4,22.46,17.34,True,synthetic_scenario_generator,26006
2022-05-13,IND_DHA,5,23.84,18.51,True,synthetic_scenario_generator,26006
2022-05-14,IND_DHA,4,12.9,9.24,True,synthetic_scenario_generator,26006
2022-05-15,IND_DHA,4,17.67,13.28,True,synthetic_scenario_generator,26006
2022-05-16,IND_DHA,2,16.59,12.36,True,synthetic_scenario_generator,26006
2022-05-17,IND_DHA,4,15.17,11.16,True,synthetic_scenario_generator,26006
2022-05-18,IND_DHA,5,26.83,21.05,True,synthetic_scenario_generator,26006
2022-05-19,IND_DHA,2,20.26,15.48,True,synthetic_scenario_generator,26006
2022-05-20,IND_DHA,4,27.03,21.21,True,synthetic_scenario_generator,26006
2022-05-21,IND_DHA,4,17.84,13.42,True,synthetic_scenario_generator,26006
2022-05-22,IND_DHA,2,19.26,14.63,True,synthetic_scenario_generator,26006
2022-05-23,IND_DHA,6,26.77,21.0,True,synthetic_scenario_generator,26006
2022-05-24,IND_DHA,2,21.62,16.62,True,synthetic_scenario_generator,26006
2022-05-25,IND_DHA,1,23.1,17.88,True,synthetic_scenario_generator,26006
2022-05-26,IND_DHA,2,23.16,17.93,True,synthetic_scenario_generator,26006
2022-05-27,IND_DHA,3,28.71,22.63,True,synthetic_scenario_generator,26006
2022-05-28,IND_DHA,2,19.22,14.59,True,synthetic_scenario_generator,26006
2022-05-29,IND_DHA,3,29.48,23.29,True,synthetic_scenario_generator,26006
2022-05-30,IND_DHA,3,18.99,14.4,True,synthetic_scenario_generator,26006
2022-05-31,IND_DHA,3,24.19,18.81,True,synthetic_scenario_generator,26006
2022-06-01,IND_DHA,7,35.62,28.49,True,synthetic_scenario_generator,26006
2022-06-02,IND_DHA,4,30.75,24.36,True,synthetic_scenario_generator,26006
2022-06-03,IND_DHA,2,32.45,25.8,True,synthetic_scenario_generator,26006
2022-06-04,IND_DHA,5,26.36,20.64,True,synthetic_scenario_generator,26006
2022-06-05,IND_DHA,5,36.05,28.86,True,synthetic_scenario_generator,26006
2022-06-06,IND_DHA,6,42.75,34.53,True,synthetic_scenario_generator,26006
2022-06-07,IND_DHA,5,42.57,34.38,True,synthetic_scenario_generator,26006
2022-06-08,IND_DHA,6,30.92,24.51,True,synthetic_scenario_generator,26006
2022-06-09,IND_DHA,6,47.97,38.96,True,synthetic_scenario_generator,26006
2022-06-10,IND_DHA,5,36.2,28.99,True,synthetic_scenario_generator,26006
2022-06-11,IND_DHA,4,37.43,30.02,True,synthetic_scenario_generator,26006
2022-06-12,IND_DHA,5,39.71,31.95,True,synthetic_scenario_generator,26006
2022-06-13,IND_DHA,4,30.46,24.11,True,synthetic_scenario_generator,26006
2022-06-14,IND_DHA,4,31.42,24.93,True,synthetic_scenario_generator,26006
2022-06-15,IND_DHA,6,38.18,30.66,True,synthetic_scenario_generator,26006
2022-06-16,IND_DHA,5,43.88,35.49,True,synthetic_scenario_generator,26006
2022-06-17,IND_DHA,4,38.46,30.89,True,synthetic_scenario_generator,26006
2022-06-18,IND_DHA,5,39.45,31.74,True,synthetic_scenario_generator,26006
2022-06-19,IND_DHA,3,36.23,29.01,True,synthetic_scenario_generator,26006
2022-06-20,IND_DHA,3,30.36,24.03,True,synthetic_scenario_generator,26006
2022-06-21,IND_DHA,4,29.37,23.19,True,synthetic_scenario_generator,26006
2022-06-22,IND_DHA,4,33.57,26.75,True,synthetic_scenario_generator,26006
2022-06-23,IND_DHA,6,42.4,34.24,True,synthetic_scenario_generator,26006
2022-06-24,IND_DHA,4,30.96,24.54,True,synthetic_scenario_generator,26006
2022-06-25,IND_DHA,4,31.4,24.92,True,synthetic_scenario_generator,26006
2022-06-26,IND_DHA,6,34.5,27.54,True,synthetic_scenario_generator,26006
2022-06-27,IND_DHA,5,39.56,31.83,True,synthetic_scenario_generator,26006
2022-06-28,IND_DHA,3,38.23,30.7,True,synthetic_scenario_generator,26006
2022-06-29,IND_DHA,4,27.9,21.95,True,synthetic_scenario_generator,26006
2022-06-30,IND_DHA,4,38.24,30.71,True,synthetic_scenario_generator,26006
2022-07-01,IND_DHA,5,36.99,29.65,True,synthetic_scenario_generator,26006
2022-07-02,IND_DHA,5,38.17,30.66,True,synthetic_scenario_generator,26006
2022-07-03,IND_DHA,3,24.2,18.81,True,synthetic_scenario_generator,26006
2022-07-04,IND_DHA,6,28.4,22.37,True,synthetic_scenario_generator,26006
2022-07-05,IND_DHA,3,22.75,17.58,True,synthetic_scenario_generator,26006
2022-07-06,IND_DHA,5,46.39,37.62,True,synthetic_scenario_generator,26006
2022-07-07,IND_DHA,4,29.3,23.14,True,synthetic_scenario_generator,26006
2022-07-08,IND_DHA,3,23.53,18.25,True,synthetic_scenario_generator,26006
2022-07-09,IND_DHA,3,21.56,16.58,True,synthetic_scenario_generator,26006
2022-07-10,IND_DHA,5,27.95,22.0,True,synthetic_scenario_generator,26006
2022-07-11,IND_DHA,4,25.17,19.63,True,synthetic_scenario_generator,26006
2022-07-12,IND_DHA,4,28.9,22.8,True,synthetic_scenario_generator,26006
2022-07-13,IND_DHA,3,31.18,24.73,True,synthetic_scenario_generator,26006
2022-07-14,IND_DHA,4,23.36,18.1,True,synthetic_scenario_generator,26006
2022-07-15,IND_DHA,2,27.61,21.71,True,synthetic_scenario_generator,26006
2022-07-16,IND_DHA,3,33.57,26.76,True,synthetic_scenario_generator,26006
2022-07-17,IND_DHA,3,26.15,20.47,True,synthetic_scenario_generator,26006
2022-07-18,IND_DHA,4,14.12,10.27,True,synthetic_scenario_generator,26006
2022-07-19,IND_DHA,4,26.49,20.75,True,synthetic_scenario_generator,26006
2022-07-20,IND_DHA,5,29.47,23.28,True,synthetic_scenario_generator,26006
2022-07-21,IND_DHA,2,24.58,19.13,True,synthetic_scenario_generator,26006
2022-07-22,IND_DHA,3,19.52,14.84,True,synthetic_scenario_generator,26006
2022-07-23,IND_DHA,4,22.75,17.58,True,synthetic_scenario_generator,26006
2022-07-24,IND_DHA,4,5.24,2.75,True,synthetic_scenario_generator,26006
2022-07-25,IND_DHA,2,16.4,12.2,True,synthetic_scenario_generator,26006
2022-07-26,IND_DHA,3,8.74,5.71,True,synthetic_scenario_generator,26006
2022-07-27,IND_DHA,3,11.33,7.91,True,synthetic_scenario_generator,26006
2022-07-28,IND_DHA,4,14.51,10.6,True,synthetic_scenario_generator,26006
2022-07-29,IND_DHA,4,21.68,16.68,True,synthetic_scenario_generator,26006
2022-07-30,IND_DHA,3,13.0,9.32,True,synthetic_scenario_generator,26006
2022-07-31,IND_DHA,3,25.51,19.92,True,synthetic_scenario_generator,26006
2022-08-01,IND_DHA,4,20.79,15.92,True,synthetic_scenario_generator,26006
2022-08-02,IND_DHA,4,16.5,12.29,True,synthetic_scenario_generator,26006
2022-08-03,IND_DHA,3,23.61,18.31,True,synthetic_scenario_generator,26006
2022-08-04,IND_DHA,5,18.58,14.05,True,synthetic_scenario_generator,26006
2022-08-05,IND_DHA,4,18.37,13.88,True,synthetic_scenario_generator,26006
2022-08-06,IND_DHA,3,21.39,16.43,True,synthetic_scenario_generator,26006
2022-08-07,IND_DHA,4,22.28,17.19,True,synthetic_scenario_generator,26006
2022-08-08,IND_DHA,4,15.88,11.76,True,synthetic_scenario_generator,26006
2022-08-09,IND_DHA,1,15.79,11.68,True,synthetic_scenario_generator,26006
2022-08-10,IND_DHA,4,26.32,20.61,True,synthetic_scenario_generator,26006
2022-08-11,IND_DHA,6,18.03,13.59,True,synthetic_scenario_generator,26006
2022-08-12,IND_DHA,3,21.37,16.42,True,synthetic_scenario_generator,26006
2022-08-13,IND_DHA,2,22.57,17.44,True,synthetic_scenario_generator,26006
2022-08-14,IND_DHA,5,31.46,24.96,True,synthetic_scenario_generator,26006
2022-08-15,IND_DHA,4,17.0,12.71,True,synthetic_scenario_generator,26006
2022-08-16,IND_DHA,3,17.89,13.47,True,synthetic_scenario_generator,26006
2022-08-17,IND_DHA,4,19.0,14.4,True,synthetic_scenario_generator,26006
2022-08-18,IND_DHA,3,25.51,19.93,True,synthetic_scenario_generator,26006
2022-08-19,IND_DHA,5,26.69,20.93,True,synthetic_scenario_generator,26006
2022-08-20,IND_DHA,3,25.42,19.84,True,synthetic_scenario_generator,26006
2022-08-21,IND_DHA,3,15.5,11.44,True,synthetic_scenario_generator,26006
2022-08-22,IND_DHA,5,32.05,25.47,True,synthetic_scenario_generator,26006
2022-08-23,IND_DHA,4,28.76,22.68,True,synthetic_scenario_generator,26006
2022-08-24,IND_DHA,3,23.46,18.18,True,synthetic_scenario_generator,26006
2022-08-25,IND_DHA,2,27.07,21.25,True,synthetic_scenario_generator,26006
2022-08-26,IND_DHA,3,21.01,16.11,True,synthetic_scenario_generator,26006
2022-08-27,IND_DHA,3,17.79,13.38,True,synthetic_scenario_generator,26006
2022-08-28,IND_DHA,5,33.51,26.71,True,synthetic_scenario_generator,26006
2022-08-29,IND_DHA,4,25.71,20.09,True,synthetic_scenario_generator,26006
2022-08-30,IND_DHA,2,26.14,20.46,True,synthetic_scenario_generator,26006
2022-08-31,IND_DHA,5,19.77,15.06,True,synthetic_scenario_generator,26006
2022-09-01,IND_DHA,5,41.7,33.64,True,synthetic_scenario_generator,26006
2022-09-02,IND_DHA,5,28.43,22.39,True,synthetic_scenario_generator,26006
2022-09-03,IND_DHA,5,36.01,28.82,True,synthetic_scenario_generator,26006
2022-09-04,IND_DHA,2,32.93,26.21,True,synthetic_scenario_generator,26006
2022-09-05,IND_DHA,6,38.68,31.09,True,synthetic_scenario_generator,26006
2022-09-06,IND_DHA,5,33.1,26.36,True,synthetic_scenario_generator,26006
2022-09-07,IND_DHA,3,33.11,26.36,True,synthetic_scenario_generator,26006
2022-09-08,IND_DHA,4,33.16,26.41,True,synthetic_scenario_generator,26006
2022-09-09,IND_DHA,4,38.73,31.12,True,synthetic_scenario_generator,26006
2022-09-10,IND_DHA,5,35.91,28.73,True,synthetic_scenario_generator,26006
2022-09-11,IND_DHA,4,37.68,30.24,True,synthetic_scenario_generator,26006
2022-09-12,IND_DHA,3,30.14,23.85,True,synthetic_scenario_generator,26006
2022-09-13,IND_DHA,4,45.3,36.7,True,synthetic_scenario_generator,26006
2022-09-14,IND_DHA,3,43.26,34.97,True,synthetic_scenario_generator,26006
2022-09-15,IND_DHA,7,41.36,33.36,True,synthetic_scenario_generator,26006
2022-09-16,IND_DHA,3,31.26,24.8,True,synthetic_scenario_generator,26006
2022-09-17,IND_DHA,2,34.41,27.46,True,synthetic_scenario_generator,26006
2022-09-18,IND_DHA,5,29.24,23.08,True,synthetic_scenario_generator,26006
2022-09-19,IND_DHA,3,35.72,28.58,True,synthetic_scenario_generator,26006
2022-09-20,IND_DHA,4,29.73,23.5,True,synthetic_scenario_generator,26006
2022-09-21,IND_DHA,3,33.19,26.43,True,synthetic_scenario_generator,26006
2022-09-22,IND_DHA,5,30.27,23.96,True,synthetic_scenario_generator,26006
2022-09-23,IND_DHA,4,27.93,21.98,True,synthetic_scenario_generator,26006
2022-09-24,IND_DHA,3,36.51,29.24,True,synthetic_scenario_generator,26006
2022-09-25,IND_DHA,5,25.21,19.67,True,synthetic_scenario_generator,26006
2022-09-26,IND_DHA,4,29.41,23.23,True,synthetic_scenario_generator,26006
2022-09-27,IND_DHA,5,31.34,24.87,True,synthetic_scenario_generator,26006
2022-09-28,IND_DHA,3,32.03,25.45,True,synthetic_scenario_generator,26006
2022-09-29,IND_DHA,6,41.24,33.25,True,synthetic_scenario_generator,26006
2022-09-30,IND_DHA,4,41.52,33.49,True,synthetic_scenario_generator,26006
2022-10-01,IND_DHA,4,28.32,22.3,True,synthetic_scenario_generator,26006
2022-10-02,IND_DHA,5,30.6,24.24,True,synthetic_scenario_generator,26006
2022-10-03,IND_DHA,3,25.91,20.26,True,synthetic_scenario_generator,26006
2022-10-04,IND_DHA,4,24.3,18.9,True,synthetic_scenario_generator,26006
2022-10-05,IND_DHA,5,22.68,17.52,True,synthetic_scenario_generator,26006
2022-10-06,IND_DHA,3,32.75,26.06,True,synthetic_scenario_generator,26006
2022-10-07,IND_DHA,4,29.21,23.06,True,synthetic_scenario_generator,26006
2022-10-08,IND_DHA,5,25.15,19.62,True,synthetic_scenario_generator,26006
2022-10-09,IND_DHA,4,22.27,17.18,True,synthetic_scenario_generator,26006
2022-10-10,IND_DHA,4,26.95,21.14,True,synthetic_scenario_generator,26006
2022-10-11,IND_DHA,2,7.02,4.25,True,synthetic_scenario_generator,26006
2022-10-12,IND_DHA,3,19.84,15.12,True,synthetic_scenario_generator,26006
2022-10-13,IND_DHA,4,23.88,18.54,True,synthetic_scenario_generator,26006
2022-10-14,IND_DHA,4,19.66,14.97,True,synthetic_scenario_generator,26006
2022-10-15,IND_DHA,0,10.41,7.12,True,synthetic_scenario_generator,26006
2022-10-16,IND_DHA,2,10.57,7.26,True,synthetic_scenario_generator,26006
2022-10-17,IND_DHA,5,26.41,20.69,True,synthetic_scenario_generator,26006
2022-10-18,IND_DHA,5,28.09,22.11,True,synthetic_scenario_generator,26006
2022-10-19,IND_DHA,4,12.92,9.26,True,synthetic_scenario_generator,26006
2022-10-20,IND_DHA,3,21.78,16.77,True,synthetic_scenario_generator,26006
2022-10-21,IND_DHA,3,11.45,8.01,True,synthetic_scenario_generator,26006
2022-10-22,IND_DHA,3,23.55,18.27,True,synthetic_scenario_generator,26006
2022-10-23,IND_DHA,3,16.58,12.35,True,synthetic_scenario_generator,26006
2022-10-24,IND_DHA,4,17.18,12.87,True,synthetic_scenario_generator,26006
2022-10-25,IND_DHA,2,22.21,17.13,True,synthetic_scenario_generator,26006
2022-10-26,IND_DHA,3,11.67,8.2,True,synthetic_scenario_generator,26006
2022-10-27,IND_DHA,3,16.59,12.36,True,synthetic_scenario_generator,26006
2022-10-28,IND_DHA,5,15.57,11.5,True,synthetic_scenario_generator,26006
2022-10-29,IND_DHA,2,18.7,14.16,True,synthetic_scenario_generator,26006
2022-10-30,IND_DHA,1,10.19,6.94,True,synthetic_scenario_generator,26006
2022-10-31,IND_DHA,3,4.22,1.89,True,synthetic_scenario_generator,26006
2022-11-01,IND_DHA,3,15.7,11.61,True,synthetic_scenario_generator,26006
2022-11-02,IND_DHA,3,16.73,12.49,True,synthetic_scenario_generator,26006
2022-11-03,IND_DHA,5,18.09,13.63,True,synthetic_scenario_generator,26006
2022-11-04,IND_DHA,1,17.73,13.33,True,synthetic_scenario_generator,26006
2022-11-05,IND_DHA,3,21.34,16.39,True,synthetic_scenario_generator,26006
2022-11-06,IND_DHA,5,21.59,16.6,True,synthetic_scenario_generator,26006
2022-11-07,IND_DHA,2,7.7,4.83,True,synthetic_scenario_generator,26006
2022-11-08,IND_DHA,6,12.48,8.88,True,synthetic_scenario_generator,26006
2022-11-09,IND_DHA,3,13.49,9.73,True,synthetic_scenario_generator,26006
2022-11-10,IND_DHA,4,13.12,9.43,True,synthetic_scenario_generator,26006
2022-11-11,IND_DHA,2,8.01,5.1,True,synthetic_scenario_generator,26006
2022-11-12,IND_DHA,2,20.43,15.62,True,synthetic_scenario_generator,26006
2022-11-13,IND_DHA,3,23.0,17.8,True,synthetic_scenario_generator,26006
2022-11-14,IND_DHA,2,10.12,6.88,True,synthetic_scenario_generator,26006
2022-11-15,IND_DHA,4,14.29,10.41,True,synthetic_scenario_generator,26006
2022-11-16,IND_DHA,4,18.22,13.75,True,synthetic_scenario_generator,26006
2022-11-17,IND_DHA,3,25.01,19.5,True,synthetic_scenario_generator,26006
2022-11-18,IND_DHA,2,16.7,12.45,True,synthetic_scenario_generator,26006
2022-11-19,IND_DHA,1,16.8,12.54,True,synthetic_scenario_generator,26006
2022-11-20,IND_DHA,3,25.91,20.27,True,synthetic_scenario_generator,26006
2022-11-21,IND_DHA,3,19.04,14.44,True,synthetic_scenario_generator,26006
2022-11-22,IND_DHA,4,15.27,11.25,True,synthetic_scenario_generator,26006
2022-11-23,IND_DHA,3,20.97,16.08,True,synthetic_scenario_generator,26006
2022-11-24,IND_DHA,3,20.58,15.74,True,synthetic_scenario_generator,26006
2022-11-25,IND_DHA,3,13.03,9.35,True,synthetic_scenario_generator,26006
2022-11-26,IND_DHA,4,18.41,13.9,True,synthetic_scenario_generator,26006
2022-11-27,IND_DHA,4,26.89,21.09,True,synthetic_scenario_generator,26006
2022-11-28,IND_DHA,3,17.08,12.78,True,synthetic_scenario_generator,26006
2022-11-29,IND_DHA,2,23.33,18.08,True,synthetic_scenario_generator,26006
2022-11-30,IND_DHA,5,25.02,19.5,True,synthetic_scenario_generator,26006
2022-12-01,IND_DHA,5,34.96,27.94,True,synthetic_scenario_generator,26006
2022-12-02,IND_DHA,4,40.74,32.83,True,synthetic_scenario_generator,26006
2022-12-03,IND_DHA,4,22.03,16.98,True,synthetic_scenario_generator,26006
2022-12-04,IND_DHA,3,29.06,22.93,True,synthetic_scenario_generator,26006
2022-12-05,IND_DHA,4,34.15,27.24,True,synthetic_scenario_generator,26006
2022-12-06,IND_DHA,3,24.03,18.67,True,synthetic_scenario_generator,26006
2022-12-07,IND_DHA,6,36.58,29.3,True,synthetic_scenario_generator,26006
2022-12-08,IND_DHA,2,32.3,25.68,True,synthetic_scenario_generator,26006
2022-12-09,IND_DHA,3,32.85,26.15,True,synthetic_scenario_generator,26006
2022-12-10,IND_DHA,4,22.93,17.74,True,synthetic_scenario_generator,26006
2022-12-11,IND_DHA,4,37.91,30.43,True,synthetic_scenario_generator,26006
2022-12-12,IND_DHA,6,27.83,21.89,True,synthetic_scenario_generator,26006
2022-12-13,IND_DHA,3,28.23,22.23,True,synthetic_scenario_generator,26006
2022-12-14,IND_DHA,3,38.54,30.96,True,synthetic_scenario_generator,26006
2022-12-15,IND_DHA,2,28.07,22.09,True,synthetic_scenario_generator,26006
2022-12-16,IND_DHA,5,37.64,30.2,True,synthetic_scenario_generator,26006
2022-12-17,IND_DHA,4,31.81,25.26,True,synthetic_scenario_generator,26006
2022-12-18,IND_DHA,5,34.21,27.3,True,synthetic_scenario_generator,26006
2022-12-19,IND_DHA,2,33.86,27.0,True,synthetic_scenario_generator,26006
2022-12-20,IND_DHA,2,35.88,28.71,True,synthetic_scenario_generator,26006
2022-12-21,IND_DHA,3,23.1,17.88,True,synthetic_scenario_generator,26006
2022-12-22,IND_DHA,5,35.32,28.24,True,synthetic_scenario_generator,26006
2022-12-23,IND_DHA,3,32.63,25.95,True,synthetic_scenario_generator,26006
2022-12-24,IND_DHA,5,26.41,20.69,True,synthetic_scenario_generator,26006
2022-12-25,IND_DHA,6,34.09,27.2,True,synthetic_scenario_generator,26006
2022-12-26,IND_DHA,3,34.56,27.6,True,synthetic_scenario_generator,26006
2022-12-27,IND_DHA,4,25.93,20.28,True,synthetic_scenario_generator,26006
2022-12-28,IND_DHA,5,28.87,22.77,True,synthetic_scenario_generator,26006
2022-12-29,IND_DHA,4,27.59,21.69,True,synthetic_scenario_generator,26006
2022-12-30,IND_DHA,5,31.33,24.86,True,synthetic_scenario_generator,26006
2022-12-31,IND_DHA,4,23.88,18.54,True,synthetic_scenario_generator,26006
2023-01-01,IND_DHA,4,29.52,23.32,True,synthetic_scenario_generator,26006
2023-01-02,IND_DHA,5,19.61,14.92,True,synthetic_scenario_generator,26006
2023-01-03,IND_DHA,4,24.81,19.33,True,synthetic_scenario_generator,26006
2023-01-04,IND_DHA,5,27.95,21.99,True,synthetic_scenario_generator,26006
2023-01-05,IND_DHA,3,25.12,19.59,True,synthetic_scenario_generator,26006
2023-01-06,IND_DHA,1,17.77,13.36,True,synthetic_scenario_generator,26006
2023-01-07,IND_DHA,5,21.77,16.76,True,synthetic_scenario_generator,26006
2023-01-08,IND_DHA,3,14.15,10.29,True,synthetic_scenario_generator,26006
2023-01-09,IND_DHA,2,23.94,18.59,True,synthetic_scenario_generator,26006
2023-01-10,IND_DHA,5,10.74,7.41,True,synthetic_scenario_generator,26006
2023-01-11,IND_DHA,2,7.36,4.55,True,synthetic_scenario_generator,26006
2023-01-12,IND_DHA,5,30.78,24.39,True,synthetic_scenario_generator,26006
2023-01-13,IND_DHA,3,24.88,19.39,True,synthetic_scenario_generator,26006
2023-01-14,IND_DHA,3,22.91,17.72,True,synthetic_scenario_generator,26006
2023-01-15,IND_DHA,4,8.39,5.41,True,synthetic_scenario_generator,26006
2023-01-16,IND_DHA,3,16.64,12.41,True,synthetic_scenario_generator,26006
2023-01-17,IND_DHA,4,18.63,14.1,True,synthetic_scenario_generator,26006
2023-01-18,IND_DHA,4,13.43,9.69,True,synthetic_scenario_generator,26006
2023-01-19,IND_DHA,2,19.14,14.53,True,synthetic_scenario_generator,26006
2023-01-20,IND_DHA,2,19.24,14.61,True,synthetic_scenario_generator,26006
2023-01-21,IND_DHA,1,12.55,8.94,True,synthetic_scenario_generator,26006
2023-01-22,IND_DHA,5,11.83,8.33,True,synthetic_scenario_generator,26006
2023-01-23,IND_DHA,3,15.75,11.65,True,synthetic_scenario_generator,26006
2023-01-24,IND_DHA,5,7.77,4.89,True,synthetic_scenario_generator,26006
2023-01-25,IND_DHA,2,14.36,10.47,True,synthetic_scenario_generator,26006
2023-01-26,IND_DHA,3,19.94,15.2,True,synthetic_scenario_generator,26006
2023-01-27,IND_DHA,3,17.92,13.49,True,synthetic_scenario_generator,26006
2023-01-28,IND_DHA,1,12.9,9.24,True,synthetic_scenario_generator,26006
2023-01-29,IND_DHA,1,16.69,12.45,True,synthetic_scenario_generator,26006
2023-01-30,IND_DHA,2,9.8,6.61,True,synthetic_scenario_generator,26006
2023-01-31,IND_DHA,3,12.85,9.2,True,synthetic_scenario_generator,26006
2023-02-01,IND_DHA,5,21.95,16.91,True,synthetic_scenario_generator,26006
2023-02-02,IND_DHA,0,5.47,2.94,True,synthetic_scenario_generator,26006
2023-02-03,IND_DHA,3,17.33,12.99,True,synthetic_scenario_generator,26006
2023-02-04,IND_DHA,5,13.37,9.63,True,synthetic_scenario_generator,26006
2023-02-05,IND_DHA,5,10.32,7.05,True,synthetic_scenario_generator,26006
2023-02-06,IND_DHA,2,10.24,6.98,True,synthetic_scenario_generator,26006
2023-02-07,IND_DHA,4,14.38,10.49,True,synthetic_scenario_generator,26006
2023-02-08,IND_DHA,3,16.68,12.44,True,synthetic_scenario_generator,26006
2023-02-09,IND_DHA,2,13.47,9.72,True,synthetic_scenario_generator,26006
2023-02-10,IND_DHA,4,13.53,9.77,True,synthetic_scenario_generator,26006
2023-02-11,IND_DHA,3,9.36,6.24,True,synthetic_scenario_generator,26006
2023-02-12,IND_DHA,2,15.38,11.34,True,synthetic_scenario_generator,26006
2023-02-13,IND_DHA,3,14.73,10.79,True,synthetic_scenario_generator,26006
2023-02-14,IND_DHA,3,21.65,16.65,True,synthetic_scenario_generator,26006
2023-02-15,IND_DHA,2,15.33,11.3,True,synthetic_scenario_generator,26006
2023-02-16,IND_DHA,3,23.83,18.5,True,synthetic_scenario_generator,26006
2023-02-17,IND_DHA,2,34.01,27.12,True,synthetic_scenario_generator,26006
2023-02-18,IND_DHA,3,19.91,15.18,True,synthetic_scenario_generator,26006
2023-02-19,IND_DHA,2,22.65,17.5,True,synthetic_scenario_generator,26006
2023-02-20,IND_DHA,5,17.94,13.51,True,synthetic_scenario_generator,26006
2023-02-21,IND_DHA,6,19.9,15.17,True,synthetic_scenario_generator,26006
2023-02-22,IND_DHA,2,13.67,9.89,True,synthetic_scenario_generator,26006
2023-02-23,IND_DHA,3,34.24,27.32,True,synthetic_scenario_generator,26006
2023-02-24,IND_DHA,3,26.3,20.59,True,synthetic_scenario_generator,26006
2023-02-25,IND_DHA,1,22.58,17.44,True,synthetic_scenario_generator,26006
2023-02-26,IND_DHA,4,27.45,21.57,True,synthetic_scenario_generator,26006
2023-02-27,IND_DHA,4,33.68,26.85,True,synthetic_scenario_generator,26006
2023-02-28,IND_DHA,4,26.07,20.4,True,synthetic_scenario_generator,26006
2023-03-01,IND_DHA,4,26.89,21.09,True,synthetic_scenario_generator,26006
2023-03-02,IND_DHA,5,29.68,23.46,True,synthetic_scenario_generator,26006
2023-03-03,IND_DHA,5,31.68,25.16,True,synthetic_scenario_generator,26006
2023-03-04,IND_DHA,4,36.47,29.21,True,synthetic_scenario_generator,26006
2023-03-05,IND_DHA,4,32.58,25.92,True,synthetic_scenario_generator,26006
2023-03-06,IND_DHA,3,27.99,22.02,True,synthetic_scenario_generator,26006
2023-03-07,IND_DHA,5,29.09,22.96,True,synthetic_scenario_generator,26006
2023-03-08,IND_DHA,4,34.31,27.38,True,synthetic_scenario_generator,26006
2023-03-09,IND_DHA,3,26.94,21.13,True,synthetic_scenario_generator,26006
2023-03-10,IND_DHA,3,34.64,27.66,True,synthetic_scenario_generator,26006
2023-03-11,IND_DHA,5,36.02,28.83,True,synthetic_scenario_generator,26006
2023-03-12,IND_DHA,4,29.57,23.36,True,synthetic_scenario_generator,26006
2023-03-13,IND_DHA,3,30.87,24.47,True,synthetic_scenario_generator,26006
2023-03-14,IND_DHA,6,41.01,33.06,True,synthetic_scenario_generator,26006
2023-03-15,IND_DHA,3,31.31,24.84,True,synthetic_scenario_generator,26006
2023-03-16,IND_DHA,4,36.9,29.58,True,synthetic_scenario_generator,26006
2023-03-17,IND_DHA,3,27.82,21.88,True,synthetic_scenario_generator,26006
2023-03-18,IND_DHA,5,26.24,20.54,True,synthetic_scenario_generator,26006
2023-03-19,IND_DHA,7,30.51,24.16,True,synthetic_scenario_generator,26006
2023-03-20,IND_DHA,3,30.3,23.98,True,synthetic_scenario_generator,26006
2023-03-21,IND_DHA,5,35.82,28.66,True,synthetic_scenario_generator,26006
2023-03-22,IND_DHA,4,30.1,23.81,True,synthetic_scenario_generator,26006
2023-03-23,IND_DHA,4,27.88,21.94,True,synthetic_scenario_generator,26006
2023-03-24,IND_DHA,4,30.3,23.98,True,synthetic_scenario_generator,26006
2023-03-25,IND_DHA,3,24.42,19.0,True,synthetic_scenario_generator,26006
2023-03-26,IND_DHA,3,21.01,16.11,True,synthetic_scenario_generator,26006
2023-03-27,IND_DHA,4,22.63,17.48,True,synthetic_scenario_generator,26006
2023-03-28,IND_DHA,3,30.54,24.19,True,synthetic_scenario_generator,26006
2023-03-29,IND_DHA,1,24.22,18.83,True,synthetic_scenario_generator,26006
2023-03-30,IND_DHA,4,21.2,16.27,True,synthetic_scenario_generator,26006
2023-03-31,IND_DHA,3,17.74,13.34,True,synthetic_scenario_generator,26006
2023-04-01,IND_DHA,1,24.37,18.96,True,synthetic_scenario_generator,26006
2023-04-02,IND_DHA,5,31.42,24.93,True,synthetic_scenario_generator,26006
2023-04-03,IND_DHA,3,29.88,23.63,True,synthetic_scenario_generator,26006
2023-04-04,IND_DHA,3,22.21,17.13,True,synthetic_scenario_generator,26006
2023-04-05,IND_DHA,6,21.09,16.18,True,synthetic_scenario_generator,26006
2023-04-06,IND_DHA,2,10.92,7.56,True,synthetic_scenario_generator,26006
2023-04-07,IND_DHA,3,28.47,22.44,True,synthetic_scenario_generator,26006
2023-04-08,IND_DHA,2,24.31,18.9,True,synthetic_scenario_generator,26006
2023-04-09,IND_DHA,3,19.07,14.46,True,synthetic_scenario_generator,26006
2023-04-10,IND_DHA,3,23.46,18.18,True,synthetic_scenario_generator,26006
2023-04-11,IND_DHA,3,28.36,22.34,True,synthetic_scenario_generator,26006
2023-04-12,IND_DHA,4,24.5,19.06,True,synthetic_scenario_generator,26006
2023-04-13,IND_DHA,2,28.04,22.07,True,synthetic_scenario_generator,26006
2023-04-14,IND_DHA,3,20.61,15.77,True,synthetic_scenario_generator,26006
2023-04-15,IND_DHA,2,17.13,12.82,True,synthetic_scenario_generator,26006
2023-04-16,IND_DHA,4,15.31,11.28,True,synthetic_scenario_generator,26006
2023-04-17,IND_DHA,4,18.03,13.58,True,synthetic_scenario_generator,26006
2023-04-18,IND_DHA,1,12.39,8.8,True,synthetic_scenario_generator,26006
2023-04-19,IND_DHA,3,16.36,12.17,True,synthetic_scenario_generator,26006
2023-04-20,IND_DHA,3,10.65,7.33,True,synthetic_scenario_generator,26006
2023-04-21,IND_DHA,4,18.6,14.06,True,synthetic_scenario_generator,26006
2023-04-22,IND_DHA,2,10.79,7.45,True,synthetic_scenario_generator,26006
2023-04-23,IND_DHA,1,7.7,4.83,True,synthetic_scenario_generator,26006
2023-04-24,IND_DHA,3,12.46,8.87,True,synthetic_scenario_generator,26006
2023-04-25,IND_DHA,5,14.92,10.95,True,synthetic_scenario_generator,26006
2023-04-26,IND_DHA,4,9.46,6.32,True,synthetic_scenario_generator,26006
2023-04-27,IND_DHA,4,11.87,8.36,True,synthetic_scenario_generator,26006
2023-04-28,IND_DHA,4,17.97,13.53,True,synthetic_scenario_generator,26006
2023-04-29,IND_DHA,3,12.97,9.29,True,synthetic_scenario_generator,26006
2023-04-30,IND_DHA,3,12.19,8.63,True,synthetic_scenario_generator,26006
2023-05-01,IND_DHA,3,2.0,0.0,True,synthetic_scenario_generator,26006
2023-05-02,IND_DHA,5,12.25,8.68,True,synthetic_scenario_generator,26006
2023-05-03,IND_DHA,4,21.7,16.69,True,synthetic_scenario_generator,26006
2023-05-04,IND_DHA,5,13.75,9.96,True,synthetic_scenario_generator,26006
2023-05-05,IND_DHA,2,10.95,7.58,True,synthetic_scenario_generator,26006
2023-05-06,IND_DHA,4,19.71,15.01,True,synthetic_scenario_generator,26006
2023-05-07,IND_DHA,4,16.57,12.35,True,synthetic_scenario_generator,26006
2023-05-08,IND_DHA,3,12.06,8.52,True,synthetic_scenario_generator,26006
2023-05-09,IND_DHA,3,14.06,10.22,True,synthetic_scenario_generator,26006
2023-05-10,IND_DHA,1,13.88,10.07,True,synthetic_scenario_generator,26006
2023-05-11,IND_DHA,3,18.94,14.36,True,synthetic_scenario_generator,26006
2023-05-12,IND_DHA,5,19.73,15.02,True,synthetic_scenario_generator,26006
2023-05-13,IND_DHA,4,17.22,12.9,True,synthetic_scenario_generator,26006
2023-05-14,IND_DHA,5,22.3,17.21,True,synthetic_scenario_generator,26006
2023-05-15,IND_DHA,4,22.0,16.95,True,synthetic_scenario_generator,26006
2023-05-16,IND_DHA,3,8.09,5.16,True,synthetic_scenario_generator,26006
2023-05-17,IND_DHA,5,24.35,18.94,True,synthetic_scenario_generator,26006
2023-05-18,IND_DHA,4,18.3,13.81,True,synthetic_scenario_generator,26006
2023-05-19,IND_DHA,3,20.34,15.54,True,synthetic_scenario_generator,26006
2023-05-20,IND_DHA,4,24.28,18.88,True,synthetic_scenario_generator,26006
2023-05-21,IND_DHA,3,18.6,14.07,True,synthetic_scenario_generator,26006
2023-05-22,IND_DHA,3,36.42,29.17,True,synthetic_scenario_generator,26006
2023-05-23,IND_DHA,3,20.56,15.73,True,synthetic_scenario_generator,26006
2023-05-24,IND_DHA,3,35.56,28.44,True,synthetic_scenario_generator,26006
2023-05-25,IND_DHA,3,28.65,22.58,True,synthetic_scenario_generator,26006
2023-05-26,IND_DHA,3,16.29,12.11,True,synthetic_scenario_generator,26006
2023-05-27,IND_DHA,4,14.68,10.75,True,synthetic_scenario_generator,26006
2023-05-28,IND_DHA,5,32.29,25.67,True,synthetic_scenario_generator,26006
2023-05-29,IND_DHA,3,28.2,22.2,True,synthetic_scenario_generator,26006
2023-05-30,IND_DHA,5,31.05,24.62,True,synthetic_scenario_generator,26006
2023-05-31,IND_DHA,4,17.85,13.43,True,synthetic_scenario_generator,26006
2023-06-01,IND_DHA,4,31.34,24.86,True,synthetic_scenario_generator,26006
2023-06-02,IND_DHA,4,30.52,24.17,True,synthetic_scenario_generator,26006
2023-06-03,IND_DHA,7,42.35,34.19,True,synthetic_scenario_generator,26006
2023-06-04,IND_DHA,5,33.88,27.01,True,synthetic_scenario_generator,26006
2023-06-05,IND_DHA,7,39.89,32.11,True,synthetic_scenario_generator,26006
2023-06-06,IND_DHA,3,38.0,30.51,True,synthetic_scenario_generator,26006
2023-06-07,IND_DHA,5,35.97,28.79,True,synthetic_scenario_generator,26006
2023-06-08,IND_DHA,4,30.66,24.29,True,synthetic_scenario_generator,26006
2023-06-09,IND_DHA,4,32.05,25.46,True,synthetic_scenario_generator,26006
2023-06-10,IND_DHA,4,37.49,30.08,True,synthetic_scenario_generator,26006
2023-06-11,IND_DHA,4,35.55,28.44,True,synthetic_scenario_generator,26006
2023-06-12,IND_DHA,4,40.58,32.7,True,synthetic_scenario_generator,26006
2023-06-13,IND_DHA,5,23.63,18.33,True,synthetic_scenario_generator,26006
2023-06-14,IND_DHA,4,33.98,27.1,True,synthetic_scenario_generator,26006
2023-06-15,IND_DHA,4,38.74,31.13,True,synthetic_scenario_generator,26006
2023-06-16,IND_DHA,5,31.24,24.78,True,synthetic_scenario_generator,26006
2023-06-17,IND_DHA,4,40.12,32.3,True,synthetic_scenario_generator,26006
2023-06-18,IND_DHA,7,38.86,31.24,True,synthetic_scenario_generator,26006
2023-06-19,IND_DHA,6,38.73,31.13,True,synthetic_scenario_generator,26006
2023-06-20,IND_DHA,4,32.14,25.54,True,synthetic_scenario_generator,26006
2023-06-21,IND_DHA,4,37.36,29.97,True,synthetic_scenario_generator,26006
2023-06-22,IND_DHA,5,36.03,28.84,True,synthetic_scenario_generator,26006
2023-06-23,IND_DHA,7,35.35,28.26,True,synthetic_scenario_generator,26006
2023-06-24,IND_DHA,3,46.65,37.84,True,synthetic_scenario_generator,26006
2023-06-25,IND_DHA,3,26.88,21.08,True,synthetic_scenario_generator,26006
2023-06-26,IND_DHA,5,31.08,24.64,True,synthetic_scenario_generator,26006
2023-06-27,IND_DHA,3,37.65,30.21,True,synthetic_scenario_generator,26006
2023-06-28,IND_DHA,4,32.99,26.26,True,synthetic_scenario_generator,26006
2023-06-29,IND_DHA,3,36.6,29.33,True,synthetic_scenario_generator,26006
2023-06-30,IND_DHA,4,34.47,27.51,True,synthetic_scenario_generator,26006
2023-07-01,IND_DHA,2,19.43,14.77,True,synthetic_scenario_generator,26006
2023-07-02,IND_DHA,4,26.81,21.03,True,synthetic_scenario_generator,26006
2023-07-03,IND_DHA,5,30.07,23.79,True,synthetic_scenario_generator,26006
2023-07-04,IND_DHA,4,33.29,26.52,True,synthetic_scenario_generator,26006
2023-07-05,IND_DHA,3,25.2,19.66,True,synthetic_scenario_generator,26006
2023-07-06,IND_DHA,3,26.7,20.93,True,synthetic_scenario_generator,26006
2023-07-07,IND_DHA,3,29.25,23.09,True,synthetic_scenario_generator,26006
2023-07-08,IND_DHA,3,29.52,23.32,True,synthetic_scenario_generator,26006
2023-07-09,IND_DHA,4,26.58,20.83,True,synthetic_scenario_generator,26006
2023-07-10,IND_DHA,4,30.98,24.56,True,synthetic_scenario_generator,26006
2023-07-11,IND_DHA,4,26.81,21.02,True,synthetic_scenario_generator,26006
2023-07-12,IND_DHA,4,17.8,13.39,True,synthetic_scenario_generator,26006
2023-07-13,IND_DHA,6,26.41,20.69,True,synthetic_scenario_generator,26006
2023-07-14,IND_DHA,5,29.23,23.08,True,synthetic_scenario_generator,26006
2023-07-15,IND_DHA,4,37.03,29.68,True,synthetic_scenario_generator,26006
2023-07-16,IND_DHA,3,16.26,12.08,True,synthetic_scenario_generator,26006
2023-07-17,IND_DHA,7,25.17,19.64,True,synthetic_scenario_generator,26006
2023-07-18,IND_DHA,3,27.17,21.33,True,synthetic_scenario_generator,26006
2023-07-19,IND_DHA,5,14.88,10.91,True,synthetic_scenario_generator,26006
2023-07-20,IND_DHA,3,16.63,12.4,True,synthetic_scenario_generator,26006
2023-07-21,IND_DHA,3,15.41,11.37,True,synthetic_scenario_generator,26006
2023-07-22,IND_DHA,4,17.04,12.75,True,synthetic_scenario_generator,26006
2023-07-23,IND_DHA,3,27.73,21.81,True,synthetic_scenario_generator,26006
2023-07-24,IND_DHA,3,13.77,9.97,True,synthetic_scenario_generator,26006
2023-07-25,IND_DHA,3,17.15,12.84,True,synthetic_scenario_generator,26006
2023-07-26,IND_DHA,3,10.27,7.01,True,synthetic_scenario_generator,26006
2023-07-27,IND_DHA,3,20.97,16.08,True,synthetic_scenario_generator,26006
2023-07-28,IND_DHA,3,21.3,16.36,True,synthetic_scenario_generator,26006
2023-07-29,IND_DHA,5,20.85,15.98,True,synthetic_scenario_generator,26006
2023-07-30,IND_DHA,2,10.53,7.23,True,synthetic_scenario_generator,26006
2023-07-31,IND_DHA,4,7.68,4.82,True,synthetic_scenario_generator,26006
2023-08-01,IND_DHA,2,15.43,11.38,True,synthetic_scenario_generator,26006
2023-08-02,IND_DHA,2,19.86,15.13,True,synthetic_scenario_generator,26006
2023-08-03,IND_DHA,4,18.47,13.95,True,synthetic_scenario_generator,26006
2023-08-04,IND_DHA,3,15.67,11.59,True,synthetic_scenario_generator,26006
2023-08-05,IND_DHA,4,18.36,13.86,True,synthetic_scenario_generator,26006
2023-08-06,IND_DHA,3,20.74,15.88,True,synthetic_scenario_generator,26006
2023-08-07,IND_DHA,3,6.59,3.89,True,synthetic_scenario_generator,26006
2023-08-08,IND_DHA,4,18.17,13.7,True,synthetic_scenario_generator,26006
2023-08-09,IND_DHA,4,15.12,11.12,True,synthetic_scenario_generator,26006
2023-08-10,IND_DHA,1,19.01,14.41,True,synthetic_scenario_generator,26006
2023-08-11,IND_DHA,5,28.8,22.71,True,synthetic_scenario_generator,26006
2023-08-12,IND_DHA,3,28.75,22.67,True,synthetic_scenario_generator,26006
2023-08-13,IND_DHA,5,29.59,23.38,True,synthetic_scenario_generator,26006
2023-08-14,IND_DHA,5,30.28,23.97,True,synthetic_scenario_generator,26006
2023-08-15,IND_DHA,4,37.94,30.45,True,synthetic_scenario_generator,26006
2023-08-16,IND_DHA,4,11.87,8.37,True,synthetic_scenario_generator,26006
2023-08-17,IND_DHA,5,17.84,13.42,True,synthetic_scenario_generator,26006
2023-08-18,IND_DHA,3,18.57,14.04,True,synthetic_scenario_generator,26006
2023-08-19,IND_DHA,5,19.99,15.24,True,synthetic_scenario_generator,26006
2023-08-20,IND_DHA,4,24.31,18.9,True,synthetic_scenario_generator,26006
2023-08-21,IND_DHA,1,12.73,9.09,True,synthetic_scenario_generator,26006
2023-08-22,IND_DHA,3,25.4,19.83,True,synthetic_scenario_generator,26006
2023-08-23,IND_DHA,3,30.14,23.85,True,synthetic_scenario_generator,26006
2023-08-24,IND_DHA,4,25.27,19.72,True,synthetic_scenario_generator,26006
2023-08-25,IND_DHA,4,20.57,15.74,True,synthetic_scenario_generator,26006
2023-08-26,IND_DHA,4,31.2,24.75,True,synthetic_scenario_generator,26006
2023-08-27,IND_DHA,5,30.08,23.8,True,synthetic_scenario_generator,26006
2023-08-28,IND_DHA,1,27.5,21.61,True,synthetic_scenario_generator,26006
2023-08-29,IND_DHA,5,28.04,22.06,True,synthetic_scenario_generator,26006
2023-08-30,IND_DHA,5,28.03,22.06,True,synthetic_scenario_generator,26006
2023-08-31,IND_DHA,4,31.04,24.61,True,synthetic_scenario_generator,26006
2023-09-01,IND_DHA,3,32.88,26.17,True,synthetic_scenario_generator,26006
2023-09-02,IND_DHA,7,29.95,23.69,True,synthetic_scenario_generator,26006
2023-09-03,IND_DHA,4,37.44,30.04,True,synthetic_scenario_generator,26006
2023-09-04,IND_DHA,5,36.64,29.36,True,synthetic_scenario_generator,26006
2023-09-05,IND_DHA,5,32.12,25.53,True,synthetic_scenario_generator,26006
2023-09-06,IND_DHA,3,35.83,28.67,True,synthetic_scenario_generator,26006
2023-09-07,IND_DHA,4,32.27,25.66,True,synthetic_scenario_generator,26006
2023-09-08,IND_DHA,4,36.82,29.51,True,synthetic_scenario_generator,26006
2023-09-09,IND_DHA,4,29.61,23.4,True,synthetic_scenario_generator,26006
2023-09-10,IND_DHA,4,34.47,27.52,True,synthetic_scenario_generator,26006
2023-09-11,IND_DHA,4,43.77,35.4,True,synthetic_scenario_generator,26006
2023-09-12,IND_DHA,4,31.72,25.19,True,synthetic_scenario_generator,26006
2023-09-13,IND_DHA,4,43.63,35.28,True,synthetic_scenario_generator,26006
2023-09-14,IND_DHA,4,39.79,32.03,True,synthetic_scenario_generator,26006
2023-09-15,IND_DHA,3,29.23,23.07,True,synthetic_scenario_generator,26006
2023-09-16,IND_DHA,6,33.14,26.39,True,synthetic_scenario_generator,26006
2023-09-17,IND_DHA,6,35.65,28.52,True,synthetic_scenario_generator,26006
2023-09-18,IND_DHA,1,30.01,23.73,True,synthetic_scenario_generator,26006
2023-09-19,IND_DHA,5,38.06,30.56,True,synthetic_scenario_generator,26006
2023-09-20,IND_DHA,2,32.87,26.16,True,synthetic_scenario_generator,26006
2023-09-21,IND_DHA,4,34.48,27.52,True,synthetic_scenario_generator,26006
2023-09-22,IND_DHA,5,29.45,23.26,True,synthetic_scenario_generator,26006
2023-09-23,IND_DHA,4,30.15,23.85,True,synthetic_scenario_generator,26006
2023-09-24,IND_DHA,6,31.13,24.69,True,synthetic_scenario_generator,26006
2023-09-25,IND_DHA,5,26.58,20.83,True,synthetic_scenario_generator,26006
2023-09-26,IND_DHA,3,27.51,21.62,True,synthetic_scenario_generator,26006
2023-09-27,IND_DHA,6,34.62,27.65,True,synthetic_scenario_generator,26006
2023-09-28,IND_DHA,4,31.37,24.89,True,synthetic_scenario_generator,26006
2023-09-29,IND_DHA,4,31.88,25.32,True,synthetic_scenario_generator,26006
2023-09-30,IND_DHA,5,27.49,21.6,True,synthetic_scenario_generator,26006
2023-10-01,IND_DHA,5,42.19,34.06,True,synthetic_scenario_generator,26006
2023-10-02,IND_DHA,3,20.15,15.38,True,synthetic_scenario_generator,26006
2023-10-03,IND_DHA,2,22.57,17.43,True,synthetic_scenario_generator,26006
2023-10-04,IND_DHA,4,20.83,15.95,True,synthetic_scenario_generator,26006
2023-10-05,IND_DHA,0,13.64,9.87,True,synthetic_scenario_generator,26006
2023-10-06,IND_DHA,3,20.74,15.88,True,synthetic_scenario_generator,26006
2023-10-07,IND_DHA,4,28.66,22.6,True,synthetic_scenario_generator,26006
2023-10-08,IND_DHA,6,28.55,22.5,True,synthetic_scenario_generator,26006
2023-10-09,IND_DHA,3,21.39,16.43,True,synthetic_scenario_generator,26006
2023-10-10,IND_DHA,3,23.7,18.39,True,synthetic_scenario_generator,26006
2023-10-11,IND_DHA,3,16.29,12.11,True,synthetic_scenario_generator,26006
2023-10-12,IND_DHA,6,17.25,12.93,True,synthetic_scenario_generator,26006
2023-10-13,IND_DHA,3,9.51,6.37,True,synthetic_scenario_generator,26006
2023-10-14,IND_DHA,3,5.12,2.64,True,synthetic_scenario_generator,26006
2023-10-15,IND_DHA,5,20.11,15.35,True,synthetic_scenario_generator,26006
2023-10-16,IND_DHA,2,13.6,9.83,True,synthetic_scenario_generator,26006
2023-10-17,IND_DHA,1,18.75,14.19,True,synthetic_scenario_generator,26006
2023-10-18,IND_DHA,4,19.51,14.84,True,synthetic_scenario_generator,26006
2023-10-19,IND_DHA,3,15.16,11.15,True,synthetic_scenario_generator,26006
2023-10-20,IND_DHA,2,14.79,10.84,True,synthetic_scenario_generator,26006
2023-10-21,IND_DHA,2,5.35,2.84,True,synthetic_scenario_generator,26006
2023-10-22,IND_DHA,1,11.96,8.44,True,synthetic_scenario_generator,26006
2023-10-23,IND_DHA,4,19.05,14.45,True,synthetic_scenario_generator,26006
2023-10-24,IND_DHA,3,16.45,12.24,True,synthetic_scenario_generator,26006
2023-10-25,IND_DHA,4,13.89,10.07,True,synthetic_scenario_generator,26006
2023-10-26,IND_DHA,6,28.2,22.2,True,synthetic_scenario_generator,26006
2023-10-27,IND_DHA,4,22.47,17.35,True,synthetic_scenario_generator,26006
2023-10-28,IND_DHA,3,20.65,15.8,True,synthetic_scenario_generator,26006
2023-10-29,IND_DHA,1,11.64,8.17,True,synthetic_scenario_generator,26006
2023-10-30,IND_DHA,3,11.87,8.37,True,synthetic_scenario_generator,26006
2023-10-31,IND_DHA,5,20.5,15.67,True,synthetic_scenario_generator,26006
2023-11-01,IND_DHA,2,11.7,8.22,True,synthetic_scenario_generator,26006
2023-11-02,IND_DHA,3,11.76,8.27,True,synthetic_scenario_generator,26006
2023-11-03,IND_DHA,2,20.83,15.96,True,synthetic_scenario_generator,26006
2023-11-04,IND_DHA,4,16.65,12.41,True,synthetic_scenario_generator,26006
2023-11-05,IND_DHA,3,16.57,12.35,True,synthetic_scenario_generator,26006
2023-11-06,IND_DHA,3,19.73,15.03,True,synthetic_scenario_generator,26006
2023-11-07,IND_DHA,4,13.43,9.69,True,synthetic_scenario_generator,26006
2023-11-08,IND_DHA,3,15.77,11.67,True,synthetic_scenario_generator,26006
2023-11-09,IND_DHA,3,28.8,22.71,True,synthetic_scenario_generator,26006
2023-11-10,IND_DHA,3,13.8,10.0,True,synthetic_scenario_generator,26006
2023-11-11,IND_DHA,3,19.08,14.47,True,synthetic_scenario_generator,26006
2023-11-12,IND_DHA,4,20.31,15.52,True,synthetic_scenario_generator,26006
2023-11-13,IND_DHA,5,22.42,17.3,True,synthetic_scenario_generator,26006
2023-11-14,IND_DHA,4,16.96,12.68,True,synthetic_scenario_generator,26006
2023-11-15,IND_DHA,4,23.55,18.26,True,synthetic_scenario_generator,26006
2023-11-16,IND_DHA,4,24.92,19.42,True,synthetic_scenario_generator,26006
2023-11-17,IND_DHA,3,16.04,11.9,True,synthetic_scenario_generator,26006
2023-11-18,IND_DHA,2,27.7,21.78,True,synthetic_scenario_generator,26006
2023-11-19,IND_DHA,3,27.63,21.72,True,synthetic_scenario_generator,26006
2023-11-20,IND_DHA,4,20.17,15.4,True,synthetic_scenario_generator,26006
2023-11-21,IND_DHA,4,25.61,20.01,True,synthetic_scenario_generator,26006
2023-11-22,IND_DHA,2,29.79,23.55,True,synthetic_scenario_generator,26006
2023-11-23,IND_DHA,5,24.96,19.46,True,synthetic_scenario_generator,26006
2023-11-24,IND_DHA,3,32.63,25.95,True,synthetic_scenario_generator,26006
2023-11-25,IND_DHA,5,33.8,26.95,True,synthetic_scenario_generator,26006
2023-11-26,IND_DHA,2,20.76,15.9,True,synthetic_scenario_generator,26006
2023-11-27,IND_DHA,4,24.38,18.96,True,synthetic_scenario_generator,26006
2023-11-28,IND_DHA,6,29.17,23.02,True,synthetic_scenario_generator,26006
2023-11-29,IND_DHA,4,25.77,20.15,True,synthetic_scenario_generator,26006
2023-11-30,IND_DHA,3,27.86,21.92,True,synthetic_scenario_generator,26006
2023-12-01,IND_DHA,5,34.42,27.47,True,synthetic_scenario_generator,26006
2023-12-02,IND_DHA,4,26.62,20.86,True,synthetic_scenario_generator,26006
2023-12-03,IND_DHA,5,25.26,19.71,True,synthetic_scenario_generator,26006
2023-12-04,IND_DHA,5,28.8,22.71,True,synthetic_scenario_generator,26006
2023-12-05,IND_DHA,4,36.41,29.16,True,synthetic_scenario_generator,26006
2023-12-06,IND_DHA,5,39.14,31.48,True,synthetic_scenario_generator,26006
2023-12-07,IND_DHA,3,29.4,23.22,True,synthetic_scenario_generator,26006
2023-12-08,IND_DHA,4,34.05,27.16,True,synthetic_scenario_generator,26006
2023-12-09,IND_DHA,5,27.81,21.87,True,synthetic_scenario_generator,26006
2023-12-10,IND_DHA,4,20.87,15.99,True,synthetic_scenario_generator,26006
2023-12-11,IND_DHA,3,39.8,32.03,True,synthetic_scenario_generator,26006
2023-12-12,IND_DHA,4,33.92,27.05,True,synthetic_scenario_generator,26006
2023-12-13,IND_DHA,3,36.73,29.43,True,synthetic_scenario_generator,26006
2023-12-14,IND_DHA,4,33.09,26.35,True,synthetic_scenario_generator,26006
2023-12-15,IND_DHA,3,44.45,35.98,True,synthetic_scenario_generator,26006
2023-12-16,IND_DHA,3,26.89,21.1,True,synthetic_scenario_generator,26006
2023-12-17,IND_DHA,6,32.06,25.47,True,synthetic_scenario_generator,26006
2023-12-18,IND_DHA,3,26.61,20.86,True,synthetic_scenario_generator,26006
2023-12-19,IND_DHA,2,40.26,32.43,True,synthetic_scenario_generator,26006
2023-12-20,IND_DHA,2,27.5,21.61,True,synthetic_scenario_generator,26006
2023-12-21,IND_DHA,4,32.18,25.57,True,synthetic_scenario_generator,26006
2023-12-22,IND_DHA,2,29.61,23.4,True,synthetic_scenario_generator,26006
2023-12-23,IND_DHA,5,32.23,25.62,True,synthetic_scenario_generator,26006
2023-12-24,IND_DHA,2,33.99,27.11,True,synthetic_scenario_generator,26006
2023-12-25,IND_DHA,4,28.39,22.36,True,synthetic_scenario_generator,26006
2023-12-26,IND_DHA,4,27.58,21.68,True,synthetic_scenario_generator,26006
2023-12-27,IND_DHA,5,32.02,25.44,True,synthetic_scenario_generator,26006
2023-12-28,IND_DHA,5,34.3,27.38,True,synthetic_scenario_generator,26006
2023-12-29,IND_DHA,3,25.04,19.52,True,synthetic_scenario_generator,26006
2023-12-30,IND_DHA,4,28.06,22.09,True,synthetic_scenario_generator,26006
2023-12-31,IND_DHA,4,23.05,17.84,True,synthetic_scenario_generator,26006
2024-01-01,IND_DHA,6,26.0,20.34,True,synthetic_scenario_generator,26006
2024-01-02,IND_DHA,4,16.47,12.27,True,synthetic_scenario_generator,26006
2024-01-03,IND_DHA,4,14.26,10.39,True,synthetic_scenario_generator,26006
2024-01-04,IND_DHA,4,31.47,24.97,True,synthetic_scenario_generator,26006
2024-01-05,IND_DHA,4,24.94,19.44,True,synthetic_scenario_generator,26006
2024-01-06,IND_DHA,2,17.66,13.27,True,synthetic_scenario_generator,26006
2024-01-07,IND_DHA,1,25.2,19.66,True,synthetic_scenario_generator,26006
2024-01-08,IND_DHA,3,19.06,14.45,True,synthetic_scenario_generator,26006
2024-01-09,IND_DHA,2,18.56,14.03,True,synthetic_scenario_generator,26006
2024-01-10,IND_DHA,3,24.65,19.2,True,synthetic_scenario_generator,26006
2024-01-11,IND_DHA,6,24.75,19.28,True,synthetic_scenario_generator,26006
2024-01-12,IND_DHA,3,14.71,10.77,True,synthetic_scenario_generator,26006
2024-01-13,IND_DHA,5,16.68,12.44,True,synthetic_scenario_generator,26006
2024-01-14,IND_DHA,3,20.19,15.42,True,synthetic_scenario_generator,26006
2024-01-15,IND_DHA,3,23.12,17.89,True,synthetic_scenario_generator,26006
2024-01-16,IND_DHA,2,14.11,10.26,True,synthetic_scenario_generator,26006
2024-01-17,IND_DHA,2,15.74,11.65,True,synthetic_scenario_generator,26006
2024-01-18,IND_DHA,3,11.27,7.86,True,synthetic_scenario_generator,26006
2024-01-19,IND_DHA,4,3.18,1.0,True,synthetic_scenario_generator,26006
2024-01-20,IND_DHA,1,13.24,9.52,True,synthetic_scenario_generator,26006
2024-01-21,IND_DHA,1,18.18,13.71,True,synthetic_scenario_generator,26006
2024-01-22,IND_DHA,1,3.69,1.43,True,synthetic_scenario_generator,26006
2024-01-23,IND_DHA,3,10.2,6.95,True,synthetic_scenario_generator,26006
2024-01-24,IND_DHA,2,11.78,8.29,True,synthetic_scenario_generator,26006
2024-01-25,IND_DHA,4,11.36,7.93,True,synthetic_scenario_generator,26006
2024-01-26,IND_DHA,1,4.16,1.83,True,synthetic_scenario_generator,26006
2024-01-27,IND_DHA,2,9.83,6.64,True,synthetic_scenario_generator,26006
2024-01-28,IND_DHA,2,12.66,9.04,True,synthetic_scenario_generator,26006
2024-01-29,IND_DHA,2,7.66,4.8,True,synthetic_scenario_generator,26006
2024-01-30,IND_DHA,4,19.9,15.17,True,synthetic_scenario_generator,26006
2024-01-31,IND_DHA,2,18.13,13.67,True,synthetic_scenario_generator,26006
2024-02-01,IND_DHA,3,2.57,0.48,True,synthetic_scenario_generator,26006
2024-02-02,IND_DHA,2,10.79,7.45,True,synthetic_scenario_generator,26006
2024-02-03,IND_DHA,2,15.41,11.37,True,synthetic_scenario_generator,26006
2024-02-04,IND_DHA,4,8.19,5.25,True,synthetic_scenario_generator,26006
2024-02-05,IND_DHA,3,23.29,18.04,True,synthetic_scenario_generator,26006
2024-02-06,IND_DHA,5,24.41,18.99,True,synthetic_scenario_generator,26006
2024-02-07,IND_DHA,4,24.87,19.38,True,synthetic_scenario_generator,26006
2024-02-08,IND_DHA,4,20.56,15.73,True,synthetic_scenario_generator,26006
2024-02-09,IND_DHA,0,8.71,5.68,True,synthetic_scenario_generator,26006
2024-02-10,IND_DHA,3,16.59,12.37,True,synthetic_scenario_generator,26006
2024-02-11,IND_DHA,3,16.48,12.27,True,synthetic_scenario_generator,26006
2024-02-12,IND_DHA,3,20.6,15.76,True,synthetic_scenario_generator,26006
2024-02-13,IND_DHA,3,17.84,13.42,True,synthetic_scenario_generator,26006
2024-02-14,IND_DHA,1,17.79,13.38,True,synthetic_scenario_generator,26006
2024-02-15,IND_DHA,3,23.2,17.97,True,synthetic_scenario_generator,26006
2024-02-16,IND_DHA,3,17.82,13.41,True,synthetic_scenario_generator,26006
2024-02-17,IND_DHA,2,11.34,7.91,True,synthetic_scenario_generator,26006
2024-02-18,IND_DHA,2,11.96,8.44,True,synthetic_scenario_generator,26006
2024-02-19,IND_DHA,6,30.28,23.96,True,synthetic_scenario_generator,26006
2024-02-20,IND_DHA,4,27.44,21.56,True,synthetic_scenario_generator,26006
2024-02-21,IND_DHA,4,27.2,21.36,True,synthetic_scenario_generator,26006
2024-02-22,IND_DHA,5,26.86,21.07,True,synthetic_scenario_generator,26006
2024-02-23,IND_DHA,2,25.48,19.9,True,synthetic_scenario_generator,26006
2024-02-24,IND_DHA,5,25.79,20.16,True,synthetic_scenario_generator,26006
2024-02-25,IND_DHA,5,28.97,22.85,True,synthetic_scenario_generator,26006
2024-02-26,IND_DHA,5,37.88,30.41,True,synthetic_scenario_generator,26006
2024-02-27,IND_DHA,5,39.89,32.11,True,synthetic_scenario_generator,26006
2024-02-28,IND_DHA,3,18.29,13.81,True,synthetic_scenario_generator,26006
2024-02-29,IND_DHA,3,32.92,26.2,True,synthetic_scenario_generator,26006
2024-03-01,IND_DHA,3,25.65,20.04,True,synthetic_scenario_generator,26006
2024-03-02,IND_DHA,2,34.25,27.33,True,synthetic_scenario_generator,26006
2024-03-03,IND_DHA,3,24.28,18.88,True,synthetic_scenario_generator,26006
2024-03-04,IND_DHA,4,28.03,22.06,True,synthetic_scenario_generator,26006
2024-03-05,IND_DHA,4,29.15,23.01,True,synthetic_scenario_generator,26006
2024-03-06,IND_DHA,3,34.18,27.27,True,synthetic_scenario_generator,26006
2024-03-07,IND_DHA,2,27.3,21.44,True,synthetic_scenario_generator,26006
2024-03-08,IND_DHA,4,35.38,28.29,True,synthetic_scenario_generator,26006
2024-03-09,IND_DHA,4,23.86,18.53,True,synthetic_scenario_generator,26006
2024-03-10,IND_DHA,3,21.85,16.82,True,synthetic_scenario_generator,26006
2024-03-11,IND_DHA,4,29.73,23.5,True,synthetic_scenario_generator,26006
2024-03-12,IND_DHA,3,32.79,26.1,True,synthetic_scenario_generator,26006
2024-03-13,IND_DHA,5,33.91,27.04,True,synthetic_scenario_generator,26006
2024-03-14,IND_DHA,4,37.73,30.28,True,synthetic_scenario_generator,26006
2024-03-15,IND_DHA,4,29.0,22.88,True,synthetic_scenario_generator,26006
2024-03-16,IND_DHA,4,26.78,21.0,True,synthetic_scenario_generator,26006
2024-03-17,IND_DHA,3,32.82,26.12,True,synthetic_scenario_generator,26006
2024-03-18,IND_DHA,6,20.5,15.68,True,synthetic_scenario_generator,26006
2024-03-19,IND_DHA,5,24.33,18.92,True,synthetic_scenario_generator,26006
2024-03-20,IND_DHA,2,30.65,24.28,True,synthetic_scenario_generator,26006
2024-03-21,IND_DHA,5,36.74,29.44,True,synthetic_scenario_generator,26006
2024-03-22,IND_DHA,3,20.49,15.67,True,synthetic_scenario_generator,26006
2024-03-23,IND_DHA,2,16.97,12.69,True,synthetic_scenario_generator,26006
2024-03-24,IND_DHA,4,30.63,24.26,True,synthetic_scenario_generator,26006
2024-03-25,IND_DHA,4,30.73,24.34,True,synthetic_scenario_generator,26006
2024-03-26,IND_DHA,3,27.84,21.9,True,synthetic_scenario_generator,26006
2024-03-27,IND_DHA,5,21.11,16.19,True,synthetic_scenario_generator,26006
2024-03-28,IND_DHA,5,25.36,19.8,True,synthetic_scenario_generator,26006
2024-03-29,IND_DHA,5,31.18,24.73,True,synthetic_scenario_generator,26006
2024-03-30,IND_DHA,4,23.59,18.3,True,synthetic_scenario_generator,26006
2024-03-31,IND_DHA,3,22.66,17.51,True,synthetic_scenario_generator,26006
2024-04-01,IND_DHA,4,32.28,25.66,True,synthetic_scenario_generator,26006
2024-04-02,IND_DHA,5,21.38,16.43,True,synthetic_scenario_generator,26006
2024-04-03,IND_DHA,3,26.8,21.02,True,synthetic_scenario_generator,26006
2024-04-04,IND_DHA,4,12.99,9.31,True,synthetic_scenario_generator,26006
2024-04-05,IND_DHA,4,20.93,16.04,True,synthetic_scenario_generator,26006
2024-04-06,IND_DHA,4,24.1,18.72,True,synthetic_scenario_generator,26006
2024-04-07,IND_DHA,2,17.46,13.1,True,synthetic_scenario_generator,26006
2024-04-08,IND_DHA,3,18.89,14.31,True,synthetic_scenario_generator,26006
2024-04-09,IND_DHA,4,18.89,14.31,True,synthetic_scenario_generator,26006
2024-04-10,IND_DHA,3,18.13,13.67,True,synthetic_scenario_generator,26006
2024-04-11,IND_DHA,4,14.43,10.54,True,synthetic_scenario_generator,26006
2024-04-12,IND_DHA,3,15.04,11.05,True,synthetic_scenario_generator,26006
2024-04-13,IND_DHA,2,11.03,7.66,True,synthetic_scenario_generator,26006
2024-04-14,IND_DHA,4,14.88,10.91,True,synthetic_scenario_generator,26006
2024-04-15,IND_DHA,5,18.2,13.73,True,synthetic_scenario_generator,26006
2024-04-16,IND_DHA,2,16.19,12.02,True,synthetic_scenario_generator,26006
2024-04-17,IND_DHA,4,15.49,11.43,True,synthetic_scenario_generator,26006
2024-04-18,IND_DHA,4,24.09,18.72,True,synthetic_scenario_generator,26006
2024-04-19,IND_DHA,3,17.24,12.91,True,synthetic_scenario_generator,26006
2024-04-20,IND_DHA,4,20.07,15.31,True,synthetic_scenario_generator,26006
2024-04-21,IND_DHA,2,17.01,12.72,True,synthetic_scenario_generator,26006
2024-04-22,IND_DHA,2,12.43,8.84,True,synthetic_scenario_generator,26006
2024-04-23,IND_DHA,1,11.99,8.47,True,synthetic_scenario_generator,26006
2024-04-24,IND_DHA,4,14.02,10.18,True,synthetic_scenario_generator,26006
2024-04-25,IND_DHA,3,15.55,11.48,True,synthetic_scenario_generator,26006
2024-04-26,IND_DHA,3,18.38,13.88,True,synthetic_scenario_generator,26006
2024-04-27,IND_DHA,4,8.84,5.8,True,synthetic_scenario_generator,26006
2024-04-28,IND_DHA,4,8.58,5.58,True,synthetic_scenario_generator,26006
2024-04-29,IND_DHA,3,20.19,15.42,True,synthetic_scenario_generator,26006
2024-04-30,IND_DHA,4,18.45,13.94,True,synthetic_scenario_generator,26006
2024-05-01,IND_DHA,3,23.3,18.05,True,synthetic_scenario_generator,26006
2024-05-02,IND_DHA,2,16.14,11.99,True,synthetic_scenario_generator,26006
2024-05-03,IND_DHA,4,23.26,18.01,True,synthetic_scenario_generator,26006
2024-05-04,IND_DHA,4,26.11,20.43,True,synthetic_scenario_generator,26006
2024-05-05,IND_DHA,4,16.85,12.58,True,synthetic_scenario_generator,26006
2024-05-06,IND_DHA,5,25.71,20.1,True,synthetic_scenario_generator,26006
2024-05-07,IND_DHA,0,21.36,16.4,True,synthetic_scenario_generator,26006
2024-05-08,IND_DHA,2,20.38,15.58,True,synthetic_scenario_generator,26006
2024-05-09,IND_DHA,2,23.17,17.94,True,synthetic_scenario_generator,26006
2024-05-10,IND_DHA,2,24.91,19.42,True,synthetic_scenario_generator,26006
2024-05-11,IND_DHA,2,17.05,12.75,True,synthetic_scenario_generator,26006
2024-05-12,IND_DHA,5,22.9,17.71,True,synthetic_scenario_generator,26006
2024-05-13,IND_DHA,3,18.92,14.34,True,synthetic_scenario_generator,26006
2024-05-14,IND_DHA,1,16.44,12.24,True,synthetic_scenario_generator,26006
2024-05-15,IND_DHA,2,24.56,19.12,True,synthetic_scenario_generator,26006
2024-05-16,IND_DHA,4,20.8,15.93,True,synthetic_scenario_generator,26006
2024-05-17,IND_DHA,4,34.66,27.68,True,synthetic_scenario_generator,26006
2024-05-18,IND_DHA,5,25.24,19.69,True,synthetic_scenario_generator,26006
2024-05-19,IND_DHA,4,31.72,25.19,True,synthetic_scenario_generator,26006
2024-05-20,IND_DHA,6,27.13,21.29,True,synthetic_scenario_generator,26006
2024-05-21,IND_DHA,3,30.39,24.06,True,synthetic_scenario_generator,26006
2024-05-22,IND_DHA,5,37.65,30.21,True,synthetic_scenario_generator,26006
2024-05-23,IND_DHA,4,22.86,17.67,True,synthetic_scenario_generator,26006
2024-05-24,IND_DHA,4,29.19,23.04,True,synthetic_scenario_generator,26006
2024-05-25,IND_DHA,6,42.5,34.32,True,synthetic_scenario_generator,26006
2024-05-26,IND_DHA,4,23.88,18.54,True,synthetic_scenario_generator,26006
2024-05-27,IND_DHA,1,16.6,12.37,True,synthetic_scenario_generator,26006
2024-05-28,IND_DHA,5,29.81,23.57,True,synthetic_scenario_generator,26006
2024-05-29,IND_DHA,3,29.95,23.69,True,synthetic_scenario_generator,26006
2024-05-30,IND_DHA,5,27.22,21.37,True,synthetic_scenario_generator,26006
2024-05-31,IND_DHA,5,42.97,34.72,True,synthetic_scenario_generator,26006
2024-06-01,IND_DHA,4,37.14,29.78,True,synthetic_scenario_generator,26006
2024-06-02,IND_DHA,7,46.45,37.67,True,synthetic_scenario_generator,26006
2024-06-03,IND_DHA,3,38.31,30.77,True,synthetic_scenario_generator,26006
2024-06-04,IND_DHA,6,48.52,39.42,True,synthetic_scenario_generator,26006
2024-06-05,IND_DHA,5,42.5,34.32,True,synthetic_scenario_generator,26006
2024-06-06,IND_DHA,4,35.36,28.27,True,synthetic_scenario_generator,26006
2024-06-07,IND_DHA,6,48.52,39.42,True,synthetic_scenario_generator,26006
2024-06-08,IND_DHA,6,48.66,39.54,True,synthetic_scenario_generator,26006
2024-06-09,IND_DHA,4,42.74,34.52,True,synthetic_scenario_generator,26006
2024-06-10,IND_DHA,5,31.36,24.88,True,synthetic_scenario_generator,26006
2024-06-11,IND_DHA,4,34.14,27.23,True,synthetic_scenario_generator,26006
2024-06-12,IND_DHA,7,35.24,28.17,True,synthetic_scenario_generator,26006
2024-06-13,IND_DHA,5,31.63,25.11,True,synthetic_scenario_generator,26006
2024-06-14,IND_DHA,3,32.85,26.15,True,synthetic_scenario_generator,26006
2024-06-15,IND_DHA,3,40.26,32.42,True,synthetic_scenario_generator,26006
2024-06-16,IND_DHA,3,35.36,28.28,True,synthetic_scenario_generator,26006
2024-06-17,IND_DHA,6,39.77,32.01,True,synthetic_scenario_generator,26006
2024-06-18,IND_DHA,4,33.14,26.39,True,synthetic_scenario_generator,26006
2024-06-19,IND_DHA,5,38.78,31.17,True,synthetic_scenario_generator,26006
2024-06-20,IND_DHA,5,37.98,30.49,True,synthetic_scenario_generator,26006
2024-06-21,IND_DHA,5,20.56,15.73,True,synthetic_scenario_generator,26006
2024-06-22,IND_DHA,8,41.76,33.7,True,synthetic_scenario_generator,26006
2024-06-23,IND_DHA,4,29.1,22.96,True,synthetic_scenario_generator,26006
2024-06-24,IND_DHA,4,33.9,27.03,True,synthetic_scenario_generator,26006
2024-06-25,IND_DHA,7,30.23,23.92,True,synthetic_scenario_generator,26006
2024-06-26,IND_DHA,4,32.53,25.87,True,synthetic_scenario_generator,26006
2024-06-27,IND_DHA,6,38.51,30.94,True,synthetic_scenario_generator,26006
2024-06-28,IND_DHA,4,31.83,25.28,True,synthetic_scenario_generator,26006
2024-06-29,IND_DHA,3,28.21,22.21,True,synthetic_scenario_generator,26006
2024-06-30,IND_DHA,4,33.19,26.43,True,synthetic_scenario_generator,26006
2024-07-01,IND_DHA,7,27.47,21.58,True,synthetic_scenario_generator,26006
2024-07-02,IND_DHA,4,27.09,21.26,True,synthetic_scenario_generator,26006
2024-07-03,IND_DHA,4,32.68,26.0,True,synthetic_scenario_generator,26006
2024-07-04,IND_DHA,4,26.99,21.18,True,synthetic_scenario_generator,26006
2024-07-05,IND_DHA,3,16.6,12.37,True,synthetic_scenario_generator,26006
2024-07-06,IND_DHA,3,25.3,19.75,True,synthetic_scenario_generator,26006
2024-07-07,IND_DHA,4,27.42,21.54,True,synthetic_scenario_generator,26006
2024-07-08,IND_DHA,3,20.15,15.38,True,synthetic_scenario_generator,26006
2024-07-09,IND_DHA,4,30.49,24.14,True,synthetic_scenario_generator,26006
2024-07-10,IND_DHA,2,24.15,18.77,True,synthetic_scenario_generator,26006
2024-07-11,IND_DHA,2,7.67,4.8,True,synthetic_scenario_generator,26006
2024-07-12,IND_DHA,5,25.47,19.89,True,synthetic_scenario_generator,26006
2024-07-13,IND_DHA,2,20.17,15.4,True,synthetic_scenario_generator,26006
2024-07-14,IND_DHA,4,23.71,18.4,True,synthetic_scenario_generator,26006
2024-07-15,IND_DHA,3,13.17,9.47,True,synthetic_scenario_generator,26006
2024-07-16,IND_DHA,3,23.27,18.02,True,synthetic_scenario_generator,26006
2024-07-17,IND_DHA,4,26.17,20.48,True,synthetic_scenario_generator,26006
2024-07-18,IND_DHA,2,9.41,6.28,True,synthetic_scenario_generator,26006
2024-07-19,IND_DHA,1,12.74,9.1,True,synthetic_scenario_generator,26006
2024-07-20,IND_DHA,3,20.47,15.65,True,synthetic_scenario_generator,26006
2024-07-21,IND_DHA,2,19.82,15.11,True,synthetic_scenario_generator,26006
2024-07-22,IND_DHA,2,16.73,12.48,True,synthetic_scenario_generator,26006
2024-07-23,IND_DHA,4,24.57,19.13,True,synthetic_scenario_generator,26006
2024-07-24,IND_DHA,5,21.15,16.23,True,synthetic_scenario_generator,26006
2024-07-25,IND_DHA,4,19.37,14.72,True,synthetic_scenario_generator,26006
2024-07-26,IND_DHA,1,13.01,9.33,True,synthetic_scenario_generator,26006
2024-07-27,IND_DHA,3,26.63,20.87,True,synthetic_scenario_generator,26006
2024-07-28,IND_DHA,4,10.23,6.97,True,synthetic_scenario_generator,26006
2024-07-29,IND_DHA,4,21.04,16.13,True,synthetic_scenario_generator,26006
2024-07-30,IND_DHA,4,28.09,22.11,True,synthetic_scenario_generator,26006
2024-07-31,IND_DHA,5,25.54,19.95,True,synthetic_scenario_generator,26006
2024-08-01,IND_DHA,4,19.07,14.46,True,synthetic_scenario_generator,26006
2024-08-02,IND_DHA,2,15.01,11.02,True,synthetic_scenario_generator,26006
2024-08-03,IND_DHA,2,17.21,12.89,True,synthetic_scenario_generator,26006
2024-08-04,IND_DHA,4,26.27,20.57,True,synthetic_scenario_generator,26006
2024-08-05,IND_DHA,3,18.33,13.84,True,synthetic_scenario_generator,26006
2024-08-06,IND_DHA,1,17.8,13.39,True,synthetic_scenario_generator,26006
2024-08-07,IND_DHA,5,24.77,19.3,True,synthetic_scenario_generator,26006
2024-08-08,IND_DHA,2,23.5,18.22,True,synthetic_scenario_generator,26006
2024-08-09,IND_DHA,4,24.04,18.68,True,synthetic_scenario_generator,26006
2024-08-10,IND_DHA,2,18.41,13.9,True,synthetic_scenario_generator,26006
2024-08-11,IND_DHA,4,26.47,20.73,True,synthetic_scenario_generator,26006
2024-08-12,IND_DHA,4,22.82,17.64,True,synthetic_scenario_generator,26006
2024-08-13,IND_DHA,2,28.91,22.81,True,synthetic_scenario_generator,26006
2024-08-14,IND_DHA,4,23.63,18.33,True,synthetic_scenario_generator,26006
2024-08-15,IND_DHA,5,31.74,25.21,True,synthetic_scenario_generator,26006
2024-08-16,IND_DHA,3,31.81,25.26,True,synthetic_scenario_generator,26006
2024-08-17,IND_DHA,6,31.77,25.23,True,synthetic_scenario_generator,26006
2024-08-18,IND_DHA,2,25.02,19.51,True,synthetic_scenario_generator,26006
2024-08-19,IND_DHA,5,20.28,15.49,True,synthetic_scenario_generator,26006
2024-08-20,IND_DHA,4,36.12,28.91,True,synthetic_scenario_generator,26006
2024-08-21,IND_DHA,5,36.74,29.44,True,synthetic_scenario_generator,26006
2024-08-22,IND_DHA,3,36.58,29.3,True,synthetic_scenario_generator,26006
2024-08-23,IND_DHA,5,29.96,23.69,True,synthetic_scenario_generator,26006
2024-08-24,IND_DHA,3,33.87,27.01,True,synthetic_scenario_generator,26006
2024-08-25,IND_DHA,3,26.39,20.67,True,synthetic_scenario_generator,26006
2024-08-26,IND_DHA,5,30.74,24.35,True,synthetic_scenario_generator,26006
2024-08-27,IND_DHA,4,32.36,25.73,True,synthetic_scenario_generator,26006
2024-08-28,IND_DHA,8,44.2,35.76,True,synthetic_scenario_generator,26006
2024-08-29,IND_DHA,4,38.22,30.69,True,synthetic_scenario_generator,26006
2024-08-30,IND_DHA,5,40.21,32.39,True,synthetic_scenario_generator,26006
2024-08-31,IND_DHA,2,32.3,25.68,True,synthetic_scenario_generator,26006
2024-09-01,IND_DHA,4,39.91,32.13,True,synthetic_scenario_generator,26006
2024-09-02,IND_DHA,6,34.45,27.5,True,synthetic_scenario_generator,26006
2024-09-03,IND_DHA,3,30.3,23.99,True,synthetic_scenario_generator,26006
2024-09-04,IND_DHA,5,33.04,26.31,True,synthetic_scenario_generator,26006
2024-09-05,IND_DHA,6,33.51,26.7,True,synthetic_scenario_generator,26006
2024-09-06,IND_DHA,4,43.78,35.41,True,synthetic_scenario_generator,26006
2024-09-07,IND_DHA,7,42.31,34.16,True,synthetic_scenario_generator,26006
2024-09-08,IND_DHA,5,39.56,31.83,True,synthetic_scenario_generator,26006
2024-09-09,IND_DHA,5,32.13,25.53,True,synthetic_scenario_generator,26006
2024-09-10,IND_DHA,6,33.25,26.48,True,synthetic_scenario_generator,26006
2024-09-11,IND_DHA,4,36.82,29.51,True,synthetic_scenario_generator,26006
2024-09-12,IND_DHA,3,27.5,21.61,True,synthetic_scenario_generator,26006
2024-09-13,IND_DHA,7,45.44,36.81,True,synthetic_scenario_generator,26006
2024-09-14,IND_DHA,5,38.63,31.05,True,synthetic_scenario_generator,26006
2024-09-15,IND_DHA,4,28.41,22.38,True,synthetic_scenario_generator,26006
2024-09-16,IND_DHA,4,23.7,18.39,True,synthetic_scenario_generator,26006
2024-09-17,IND_DHA,7,38.85,31.23,True,synthetic_scenario_generator,26006
2024-09-18,IND_DHA,6,31.57,25.06,True,synthetic_scenario_generator,26006
2024-09-19,IND_DHA,4,33.7,26.86,True,synthetic_scenario_generator,26006
2024-09-20,IND_DHA,5,32.52,25.86,True,synthetic_scenario_generator,26006
2024-09-21,IND_DHA,6,33.32,26.54,True,synthetic_scenario_generator,26006
2024-09-22,IND_DHA,4,26.93,21.12,True,synthetic_scenario_generator,26006
2024-09-23,IND_DHA,3,26.53,20.79,True,synthetic_scenario_generator,26006
2024-09-24,IND_DHA,2,31.72,25.19,True,synthetic_scenario_generator,26006
2024-09-25,IND_DHA,5,27.35,21.49,True,synthetic_scenario_generator,26006
2024-09-26,IND_DHA,4,25.05,19.53,True,synthetic_scenario_generator,26006
2024-09-27,IND_DHA,4,32.41,25.77,True,synthetic_scenario_generator,26006
2024-09-28,IND_DHA,3,17.54,13.17,True,synthetic_scenario_generator,26006
2024-09-29,IND_DHA,4,26.91,21.11,True,synthetic_scenario_generator,26006
2024-09-30,IND_DHA,4,30.93,24.52,True,synthetic_scenario_generator,26006
2024-10-01,IND_DHA,3,27.92,21.97,True,synthetic_scenario_generator,26006
2024-10-02,IND_DHA,4,17.19,12.87,True,synthetic_scenario_generator,26006
2024-10-03,IND_DHA,3,17.15,12.84,True,synthetic_scenario_generator,26006
2024-10-04,IND_DHA,5,25.06,19.54,True,synthetic_scenario_generator,26006
2024-10-05,IND_DHA,4,18.53,14.01,True,synthetic_scenario_generator,26006
2024-10-06,IND_DHA,5,23.26,18.02,True,synthetic_scenario_generator,26006
2024-10-07,IND_DHA,1,12.45,8.85,True,synthetic_scenario_generator,26006
2024-10-08,IND_DHA,4,24.53,19.09,True,synthetic_scenario_generator,26006
2024-10-09,IND_DHA,3,21.31,16.36,True,synthetic_scenario_generator,26006
2024-10-10,IND_DHA,1,14.58,10.66,True,synthetic_scenario_generator,26006
2024-10-11,IND_DHA,4,13.34,9.61,True,synthetic_scenario_generator,26006
2024-10-12,IND_DHA,2,17.42,13.07,True,synthetic_scenario_generator,26006
2024-10-13,IND_DHA,3,13.63,9.86,True,synthetic_scenario_generator,26006
2024-10-14,IND_DHA,3,16.87,12.6,True,synthetic_scenario_generator,26006
2024-10-15,IND_DHA,3,13.42,9.68,True,synthetic_scenario_generator,26006
2024-10-16,IND_DHA,3,10.41,7.13,True,synthetic_scenario_generator,26006
2024-10-17,IND_DHA,2,15.53,11.46,True,synthetic_scenario_generator,26006
2024-10-18,IND_DHA,3,18.31,13.82,True,synthetic_scenario_generator,26006
2024-10-19,IND_DHA,0,16.81,12.55,True,synthetic_scenario_generator,26006
2024-10-20,IND_DHA,2,14.64,10.72,True,synthetic_scenario_generator,26006
2024-10-21,IND_DHA,3,13.25,9.53,True,synthetic_scenario_generator,26006
2024-10-22,IND_DHA,2,9.16,6.07,True,synthetic_scenario_generator,26006
2024-10-23,IND_DHA,3,12.12,8.58,True,synthetic_scenario_generator,26006
2024-10-24,IND_DHA,3,17.64,13.25,True,synthetic_scenario_generator,26006
2024-10-25,IND_DHA,2,12.66,9.03,True,synthetic_scenario_generator,26006
2024-10-26,IND_DHA,3,10.53,7.23,True,synthetic_scenario_generator,26006
2024-10-27,IND_DHA,1,14.79,10.84,True,synthetic_scenario_generator,26006
2024-10-28,IND_DHA,3,13.62,9.84,True,synthetic_scenario_generator,26006
2024-10-29,IND_DHA,5,23.48,18.2,True,synthetic_scenario_generator,26006
2024-10-30,IND_DHA,3,14.28,10.41,True,synthetic_scenario_generator,26006
2024-10-31,IND_DHA,4,19.72,15.01,True,synthetic_scenario_generator,26006
2024-11-01,IND_DHA,2,18.23,13.75,True,synthetic_scenario_generator,26006
2024-11-02,IND_DHA,4,13.17,9.47,True,synthetic_scenario_generator,26006
2024-11-03,IND_DHA,3,18.98,14.39,True,synthetic_scenario_generator,26006
2024-11-04,IND_DHA,2,8.37,5.4,True,synthetic_scenario_generator,26006
2024-11-05,IND_DHA,4,30.46,24.12,True,synthetic_scenario_generator,26006
2024-11-06,IND_DHA,4,28.5,22.46,True,synthetic_scenario_generator,26006
2024-11-07,IND_DHA,3,20.78,15.92,True,synthetic_scenario_generator,26006
2024-11-08,IND_DHA,3,16.82,12.56,True,synthetic_scenario_generator,26006
2024-11-09,IND_DHA,3,16.1,11.95,True,synthetic_scenario_generator,26006
2024-11-10,IND_DHA,6,23.35,18.09,True,synthetic_scenario_generator,26006
2024-11-11,IND_DHA,5,24.89,19.39,True,synthetic_scenario_generator,26006
2024-11-12,IND_DHA,4,35.14,28.08,True,synthetic_scenario_generator,26006
2024-11-13,IND_DHA,3,23.85,18.52,True,synthetic_scenario_generator,26006
2024-11-14,IND_DHA,3,29.94,23.68,True,synthetic_scenario_generator,26006
2024-11-15,IND_DHA,5,30.69,24.32,True,synthetic_scenario_generator,26006
2024-11-16,IND_DHA,2,33.27,26.5,True,synthetic_scenario_generator,26006
2024-11-17,IND_DHA,3,23.97,18.61,True,synthetic_scenario_generator,26006
2024-11-18,IND_DHA,3,32.23,25.62,True,synthetic_scenario_generator,26006
2024-11-19,IND_DHA,4,25.33,19.77,True,synthetic_scenario_generator,26006
2024-11-20,IND_DHA,4,23.31,18.06,True,synthetic_scenario_generator,26006
2024-11-21,IND_DHA,5,29.39,23.21,True,synthetic_scenario_generator,26006
2024-11-22,IND_DHA,4,30.6,24.23,True,synthetic_scenario_generator,26006
2024-11-23,IND_DHA,3,27.6,21.69,True,synthetic_scenario_generator,26006
2024-11-24,IND_DHA,3,32.73,26.04,True,synthetic_scenario_generator,26006
2024-11-25,IND_DHA,3,35.22,28.16,True,synthetic_scenario_generator,26006
2024-11-26,IND_DHA,3,33.29,26.52,True,synthetic_scenario_generator,26006
2024-11-27,IND_DHA,4,27.23,21.38,True,synthetic_scenario_generator,26006
2024-11-28,IND_DHA,5,36.39,29.15,True,synthetic_scenario_generator,26006
2024-11-29,IND_DHA,1,31.47,24.98,True,synthetic_scenario_generator,26006
2024-11-30,IND_DHA,5,43.54,35.21,True,synthetic_scenario_generator,26006
2024-12-01,IND_DHA,6,42.0,33.9,True,synthetic_scenario_generator,26006
2024-12-02,IND_DHA,7,37.39,29.99,True,synthetic_scenario_generator,26006
2024-12-03,IND_DHA,4,35.74,28.59,True,synthetic_scenario_generator,26006
2024-12-04,IND_DHA,5,37.27,29.89,True,synthetic_scenario_generator,26006
2024-12-05,IND_DHA,3,34.8,27.8,True,synthetic_scenario_generator,26006
2024-12-06,IND_DHA,5,31.71,25.18,True,synthetic_scenario_generator,26006
2024-12-07,IND_DHA,3,24.67,19.21,True,synthetic_scenario_generator,26006
2024-12-08,IND_DHA,5,33.78,26.93,True,synthetic_scenario_generator,26006
2024-12-09,IND_DHA,7,31.15,24.71,True,synthetic_scenario_generator,26006
2024-12-10,IND_DHA,3,33.26,26.49,True,synthetic_scenario_generator,26006
2024-12-11,IND_DHA,5,25.29,19.74,True,synthetic_scenario_generator,26006
2024-12-12,IND_DHA,3,27.15,21.32,True,synthetic_scenario_generator,26006
2024-12-13,IND_DHA,4,28.29,22.28,True,synthetic_scenario_generator,26006
2024-12-14,IND_DHA,4,27.63,21.72,True,synthetic_scenario_generator,26006
2024-12-15,IND_DHA,4,35.03,27.99,True,synthetic_scenario_generator,26006
2024-12-16,IND_DHA,5,30.06,23.78,True,synthetic_scenario_generator,26006
2024-12-17,IND_DHA,4,31.9,25.34,True,synthetic_scenario_generator,26006
2024-12-18,IND_DHA,3,32.45,25.8,True,synthetic_scenario_generator,26006
2024-12-19,IND_DHA,4,30.11,23.82,True,synthetic_scenario_generator,26006
2024-12-20,IND_DHA,5,26.7,20.93,True,synthetic_scenario_generator,26006
2024-12-21,IND_DHA,4,28.41,22.38,True,synthetic_scenario_generator,26006
2024-12-22,IND_DHA,4,17.39,13.04,True,synthetic_scenario_generator,26006
2024-12-23,IND_DHA,3,24.78,19.31,True,synthetic_scenario_generator,26006
2024-12-24,IND_DHA,3,30.32,24.0,True,synthetic_scenario_generator,26006
2024-12-25,IND_DHA,4,20.93,16.04,True,synthetic_scenario_generator,26006
2024-12-26,IND_DHA,5,36.42,29.17,True,synthetic_scenario_generator,26006
2024-12-27,IND_DHA,2,21.42,16.46,True,synthetic_scenario_generator,26006
2024-12-28,IND_DHA,2,15.8,11.69,True,synthetic_scenario_generator,26006
2024-12-29,IND_DHA,3,20.63,15.79,True,synthetic_scenario_generator,26006
2024-12-30,IND_DHA,3,25.37,19.81,True,synthetic_scenario_generator,26006
2024-12-31,IND_DHA,4,24.64,19.19,True,synthetic_scenario_generator,26006
2025-01-01,IND_DHA,3,20.21,15.43,True,synthetic_scenario_generator,26006
2025-01-02,IND_DHA,5,26.02,20.36,True,synthetic_scenario_generator,26006
2025-01-03,IND_DHA,3,22.42,17.31,True,synthetic_scenario_generator,26006
2025-01-04,IND_DHA,4,17.87,13.45,True,synthetic_scenario_generator,26006
2025-01-05,IND_DHA,4,19.36,14.71,True,synthetic_scenario_generator,26006
2025-01-06,IND_DHA,4,25.93,20.28,True,synthetic_scenario_generator,26006
2025-01-07,IND_DHA,3,23.54,18.26,True,synthetic_scenario_generator,26006
2025-01-08,IND_DHA,2,10.48,7.19,True,synthetic_scenario_generator,26006
2025-01-09,IND_DHA,4,9.44,6.31,True,synthetic_scenario_generator,26006
2025-01-10,IND_DHA,4,19.62,14.93,True,synthetic_scenario_generator,26006
2025-01-11,IND_DHA,4,13.7,9.91,True,synthetic_scenario_generator,26006
2025-01-12,IND_DHA,3,16.63,12.4,True,synthetic_scenario_generator,26006
2025-01-13,IND_DHA,3,11.48,8.03,True,synthetic_scenario_generator,26006
2025-01-14,IND_DHA,3,17.27,12.94,True,synthetic_scenario_generator,26006
2025-01-15,IND_DHA,5,15.57,11.5,True,synthetic_scenario_generator,26006
2025-01-16,IND_DHA,0,2.6,0.51,True,synthetic_scenario_generator,26006
2025-01-17,IND_DHA,2,17.32,12.98,True,synthetic_scenario_generator,26006
2025-01-18,IND_DHA,2,12.97,9.3,True,synthetic_scenario_generator,26006
2025-01-19,IND_DHA,4,11.86,8.36,True,synthetic_scenario_generator,26006
2025-01-20,IND_DHA,2,7.03,4.27,True,synthetic_scenario_generator,26006
2025-01-21,IND_DHA,3,10.74,7.4,True,synthetic_scenario_generator,26006
2025-01-22,IND_DHA,2,15.54,11.47,True,synthetic_scenario_generator,26006
2025-01-23,IND_DHA,3,2.67,0.57,True,synthetic_scenario_generator,26006
2025-01-24,IND_DHA,2,20.4,15.6,True,synthetic_scenario_generator,26006
2025-01-25,IND_DHA,2,16.49,12.28,True,synthetic_scenario_generator,26006
2025-01-26,IND_DHA,3,6.76,4.03,True,synthetic_scenario_generator,26006
2025-01-27,IND_DHA,2,12.59,8.97,True,synthetic_scenario_generator,26006
2025-01-28,IND_DHA,4,17.92,13.49,True,synthetic_scenario_generator,26006
2025-01-29,IND_DHA,4,27.07,21.24,True,synthetic_scenario_generator,26006
2025-01-30,IND_DHA,3,17.9,13.47,True,synthetic_scenario_generator,26006
2025-01-31,IND_DHA,2,10.09,6.86,True,synthetic_scenario_generator,26006
2025-02-01,IND_DHA,5,9.65,6.49,True,synthetic_scenario_generator,26006
2025-02-02,IND_DHA,4,20.19,15.41,True,synthetic_scenario_generator,26006
2025-02-03,IND_DHA,2,2.0,0.0,True,synthetic_scenario_generator,26006
2025-02-04,IND_DHA,3,23.01,17.8,True,synthetic_scenario_generator,26006
2025-02-05,IND_DHA,3,24.73,19.26,True,synthetic_scenario_generator,26006
2025-02-06,IND_DHA,3,21.63,16.64,True,synthetic_scenario_generator,26006
2025-02-07,IND_DHA,4,26.06,20.39,True,synthetic_scenario_generator,26006
2025-02-08,IND_DHA,3,32.04,25.46,True,synthetic_scenario_generator,26006
2025-02-09,IND_DHA,3,27.43,21.55,True,synthetic_scenario_generator,26006
2025-02-10,IND_DHA,4,26.14,20.46,True,synthetic_scenario_generator,26006
2025-02-11,IND_DHA,2,18.69,14.14,True,synthetic_scenario_generator,26006
2025-02-12,IND_DHA,3,21.77,16.75,True,synthetic_scenario_generator,26006
2025-02-13,IND_DHA,4,27.33,21.46,True,synthetic_scenario_generator,26006
2025-02-14,IND_DHA,4,27.44,21.56,True,synthetic_scenario_generator,26006
2025-02-15,IND_DHA,4,31.32,24.84,True,synthetic_scenario_generator,26006
2025-02-16,IND_DHA,5,28.27,22.26,True,synthetic_scenario_generator,26006
2025-02-17,IND_DHA,3,23.19,17.96,True,synthetic_scenario_generator,26006
2025-02-18,IND_DHA,5,20.78,15.91,True,synthetic_scenario_generator,26006
2025-02-19,IND_DHA,5,27.81,21.87,True,synthetic_scenario_generator,26006
2025-02-20,IND_DHA,4,27.34,21.48,True,synthetic_scenario_generator,26006
2025-02-21,IND_DHA,3,21.26,16.32,True,synthetic_scenario_generator,26006
2025-02-22,IND_DHA,6,31.51,25.01,True,synthetic_scenario_generator,26006
2025-02-23,IND_DHA,5,32.27,25.65,True,synthetic_scenario_generator,26006
2025-02-24,IND_DHA,4,34.67,27.69,True,synthetic_scenario_generator,26006
2025-02-25,IND_DHA,4,27.34,21.48,True,synthetic_scenario_generator,26006
2025-02-26,IND_DHA,3,25.14,19.61,True,synthetic_scenario_generator,26006
2025-02-27,IND_DHA,4,34.64,27.66,True,synthetic_scenario_generator,26006
2025-02-28,IND_DHA,3,27.76,21.83,True,synthetic_scenario_generator,26006
2025-03-01,IND_DHA,6,29.88,23.63,True,synthetic_scenario_generator,26006
2025-03-02,IND_DHA,6,34.28,27.35,True,synthetic_scenario_generator,26006
2025-03-03,IND_DHA,4,32.77,26.08,True,synthetic_scenario_generator,26006
2025-03-04,IND_DHA,3,24.87,19.38,True,synthetic_scenario_generator,26006
2025-03-05,IND_DHA,4,29.39,23.21,True,synthetic_scenario_generator,26006
2025-03-06,IND_DHA,4,28.33,22.32,True,synthetic_scenario_generator,26006
2025-03-07,IND_DHA,3,36.23,29.01,True,synthetic_scenario_generator,26006
2025-03-08,IND_DHA,2,26.61,20.86,True,synthetic_scenario_generator,26006
2025-03-09,IND_DHA,5,24.04,18.68,True,synthetic_scenario_generator,26006
2025-03-10,IND_DHA,5,28.02,22.05,True,synthetic_scenario_generator,26006
2025-03-11,IND_DHA,2,40.03,32.23,True,synthetic_scenario_generator,26006
2025-03-12,IND_DHA,2,26.36,20.65,True,synthetic_scenario_generator,26006
2025-03-13,IND_DHA,4,34.23,27.31,True,synthetic_scenario_generator,26006
2025-03-14,IND_DHA,4,26.9,21.1,True,synthetic_scenario_generator,26006
2025-03-15,IND_DHA,6,41.24,33.25,True,synthetic_scenario_generator,26006
2025-03-16,IND_DHA,6,37.93,30.45,True,synthetic_scenario_generator,26006
2025-03-17,IND_DHA,5,35.44,28.34,True,synthetic_scenario_generator,26006
2025-03-18,IND_DHA,5,29.96,23.7,True,synthetic_scenario_generator,26006
2025-03-19,IND_DHA,4,20.28,15.49,True,synthetic_scenario_generator,26006
2025-03-20,IND_DHA,2,16.76,12.51,True,synthetic_scenario_generator,26006
2025-03-21,IND_DHA,3,25.31,19.75,True,synthetic_scenario_generator,26006
2025-03-22,IND_DHA,4,30.51,24.17,True,synthetic_scenario_generator,26006
2025-03-23,IND_DHA,5,20.28,15.49,True,synthetic_scenario_generator,26006
2025-03-24,IND_DHA,4,24.12,18.74,True,synthetic_scenario_generator,26006
2025-03-25,IND_DHA,4,19.68,14.98,True,synthetic_scenario_generator,26006
2025-03-26,IND_DHA,1,18.39,13.89,True,synthetic_scenario_generator,26006
2025-03-27,IND_DHA,6,22.66,17.51,True,synthetic_scenario_generator,26006
2025-03-28,IND_DHA,3,18.38,13.88,True,synthetic_scenario_generator,26006
2025-03-29,IND_DHA,3,14.88,10.91,True,synthetic_scenario_generator,26006
2025-03-30,IND_DHA,3,20.04,15.28,True,synthetic_scenario_generator,26006
2025-03-31,IND_DHA,2,16.24,12.07,True,synthetic_scenario_generator,26006
2025-04-01,IND_DHA,3,19.12,14.51,True,synthetic_scenario_generator,26006
2025-04-02,IND_DHA,4,14.93,10.95,True,synthetic_scenario_generator,26006
2025-04-03,IND_DHA,3,21.41,16.45,True,synthetic_scenario_generator,26006
2025-04-04,IND_DHA,4,12.52,8.92,True,synthetic_scenario_generator,26006
2025-04-05,IND_DHA,2,19.55,14.87,True,synthetic_scenario_generator,26006
2025-04-06,IND_DHA,5,20.72,15.86,True,synthetic_scenario_generator,26006
2025-04-07,IND_DHA,4,16.84,12.57,True,synthetic_scenario_generator,26006
2025-04-08,IND_DHA,1,17.91,13.48,True,synthetic_scenario_generator,26006
2025-04-09,IND_DHA,3,20.12,15.36,True,synthetic_scenario_generator,26006
2025-04-10,IND_DHA,4,19.0,14.41,True,synthetic_scenario_generator,26006
2025-04-11,IND_DHA,4,16.62,12.39,True,synthetic_scenario_generator,26006
2025-04-12,IND_DHA,4,22.16,17.09,True,synthetic_scenario_generator,26006
2025-04-13,IND_DHA,1,16.37,12.18,True,synthetic_scenario_generator,26006
2025-04-14,IND_DHA,1,21.27,16.33,True,synthetic_scenario_generator,26006
2025-04-15,IND_DHA,3,17.66,13.27,True,synthetic_scenario_generator,26006
2025-04-16,IND_DHA,3,14.34,10.46,True,synthetic_scenario_generator,26006
2025-04-17,IND_DHA,1,11.94,8.42,True,synthetic_scenario_generator,26006
2025-04-18,IND_DHA,3,19.94,15.2,True,synthetic_scenario_generator,26006
2025-04-19,IND_DHA,3,14.37,10.48,True,synthetic_scenario_generator,26006
2025-04-20,IND_DHA,5,13.72,9.93,True,synthetic_scenario_generator,26006
2025-04-21,IND_DHA,5,19.41,14.75,True,synthetic_scenario_generator,26006
2025-04-22,IND_DHA,4,16.58,12.35,True,synthetic_scenario_generator,26006
2025-04-23,IND_DHA,1,15.44,11.39,True,synthetic_scenario_generator,26006
2025-04-24,IND_DHA,2,14.93,10.96,True,synthetic_scenario_generator,26006
2025-04-25,IND_DHA,3,5.98,3.37,True,synthetic_scenario_generator,26006
2025-04-26,IND_DHA,3,11.96,8.44,True,synthetic_scenario_generator,26006
2025-04-27,IND_DHA,4,23.22,17.99,True,synthetic_scenario_generator,26006
2025-04-28,IND_DHA,2,11.98,8.45,True,synthetic_scenario_generator,26006
2025-04-29,IND_DHA,1,19.38,14.73,True,synthetic_scenario_generator,26006
2025-04-30,IND_DHA,4,26.38,20.66,True,synthetic_scenario_generator,26006
2025-05-01,IND_DHA,5,21.02,16.12,True,synthetic_scenario_generator,26006
2025-05-02,IND_DHA,4,7.03,4.26,True,synthetic_scenario_generator,26006
2025-05-03,IND_DHA,3,19.22,14.59,True,synthetic_scenario_generator,26006
2025-05-04,IND_DHA,5,16.85,12.58,True,synthetic_scenario_generator,26006
2025-05-05,IND_DHA,3,14.39,10.5,True,synthetic_scenario_generator,26006
2025-05-06,IND_DHA,4,20.39,15.59,True,synthetic_scenario_generator,26006
2025-05-07,IND_DHA,3,27.25,21.39,True,synthetic_scenario_generator,26006
2025-05-08,IND_DHA,3,23.93,18.59,True,synthetic_scenario_generator,26006
2025-05-09,IND_DHA,0,13.74,9.95,True,synthetic_scenario_generator,26006
2025-05-10,IND_DHA,4,20.93,16.05,True,synthetic_scenario_generator,26006
2025-05-11,IND_DHA,5,20.14,15.37,True,synthetic_scenario_generator,26006
2025-05-12,IND_DHA,3,18.74,14.19,True,synthetic_scenario_generator,26006
2025-05-13,IND_DHA,4,31.65,25.13,True,synthetic_scenario_generator,26006
2025-05-14,IND_DHA,4,29.53,23.33,True,synthetic_scenario_generator,26006
2025-05-15,IND_DHA,2,24.99,19.48,True,synthetic_scenario_generator,26006
2025-05-16,IND_DHA,3,21.35,16.4,True,synthetic_scenario_generator,26006
2025-05-17,IND_DHA,3,23.71,18.4,True,synthetic_scenario_generator,26006
2025-05-18,IND_DHA,5,30.72,24.34,True,synthetic_scenario_generator,26006
2025-05-19,IND_DHA,6,26.03,20.37,True,synthetic_scenario_generator,26006
2025-05-20,IND_DHA,4,27.87,21.93,True,synthetic_scenario_generator,26006
2025-05-21,IND_DHA,3,23.08,17.87,True,synthetic_scenario_generator,26006
2025-05-22,IND_DHA,4,37.0,29.66,True,synthetic_scenario_generator,26006
2025-05-23,IND_DHA,4,29.57,23.37,True,synthetic_scenario_generator,26006
2025-05-24,IND_DHA,6,32.34,25.71,True,synthetic_scenario_generator,26006
2025-05-25,IND_DHA,5,29.17,23.03,True,synthetic_scenario_generator,26006
2025-05-26,IND_DHA,3,36.25,29.02,True,synthetic_scenario_generator,26006
2025-05-27,IND_DHA,6,35.57,28.45,True,synthetic_scenario_generator,26006
2025-05-28,IND_DHA,3,20.75,15.89,True,synthetic_scenario_generator,26006
2025-05-29,IND_DHA,4,34.9,27.89,True,synthetic_scenario_generator,26006
2025-05-30,IND_DHA,3,27.9,21.95,True,synthetic_scenario_generator,26006
2025-05-31,IND_DHA,4,33.38,26.6,True,synthetic_scenario_generator,26006
2025-06-01,IND_DHA,2,36.55,29.28,True,synthetic_scenario_generator,26006
2025-06-02,IND_DHA,5,43.47,35.14,True,synthetic_scenario_generator,26006
2025-06-03,IND_DHA,4,40.89,32.96,True,synthetic_scenario_generator,26006
2025-06-04,IND_DHA,5,35.37,28.28,True,synthetic_scenario_generator,26006
2025-06-05,IND_DHA,2,26.74,20.97,True,synthetic_scenario_generator,26006
2025-06-06,IND_DHA,5,45.19,36.61,True,synthetic_scenario_generator,26006
2025-06-07,IND_DHA,6,37.42,30.02,True,synthetic_scenario_generator,26006
2025-06-08,IND_DHA,3,24.24,18.85,True,synthetic_scenario_generator,26006
2025-06-09,IND_DHA,5,43.95,35.55,True,synthetic_scenario_generator,26006
2025-06-10,IND_DHA,4,40.11,32.3,True,synthetic_scenario_generator,26006
2025-06-11,IND_DHA,5,35.82,28.66,True,synthetic_scenario_generator,26006
2025-06-12,IND_DHA,6,46.71,37.89,True,synthetic_scenario_generator,26006
2025-06-13,IND_DHA,4,32.76,26.07,True,synthetic_scenario_generator,26006
2025-06-14,IND_DHA,5,31.7,25.17,True,synthetic_scenario_generator,26006
2025-06-15,IND_DHA,4,29.89,23.63,True,synthetic_scenario_generator,26006
2025-06-16,IND_DHA,3,22.62,17.47,True,synthetic_scenario_generator,26006
2025-06-17,IND_DHA,3,28.22,22.22,True,synthetic_scenario_generator,26006
2025-06-18,IND_DHA,5,38.04,30.55,True,synthetic_scenario_generator,26006
2025-06-19,IND_DHA,5,38.2,30.68,True,synthetic_scenario_generator,26006
2025-06-20,IND_DHA,4,33.34,26.56,True,synthetic_scenario_generator,26006
2025-06-21,IND_DHA,4,30.55,24.19,True,synthetic_scenario_generator,26006
2025-06-22,IND_DHA,3,37.32,29.93,True,synthetic_scenario_generator,26006
2025-06-23,IND_DHA,3,38.92,31.29,True,synthetic_scenario_generator,26006
2025-06-24,IND_DHA,3,31.97,25.39,True,synthetic_scenario_generator,26006
2025-06-25,IND_DHA,1,27.34,21.48,True,synthetic_scenario_generator,26006
2025-06-26,IND_DHA,2,25.57,19.97,True,synthetic_scenario_generator,26006
2025-06-27,IND_DHA,3,29.06,22.93,True,synthetic_scenario_generator,26006
2025-06-28,IND_DHA,4,24.15,18.77,True,synthetic_scenario_generator,26006
2025-06-29,IND_DHA,5,30.17,23.87,True,synthetic_scenario_generator,26006
2025-06-30,IND_DHA,3,24.39,18.98,True,synthetic_scenario_generator,26006
2025-07-01,IND_DHA,4,24.95,19.45,True,synthetic_scenario_generator,26006
2025-07-02,IND_DHA,3,26.11,20.43,True,synthetic_scenario_generator,26006
2025-07-03,IND_DHA,2,28.9,22.8,True,synthetic_scenario_generator,26006
2025-07-04,IND_DHA,3,14.57,10.66,True,synthetic_scenario_generator,26006
2025-07-05,IND_DHA,3,28.01,22.04,True,synthetic_scenario_generator,26006
2025-07-06,IND_DHA,3,13.07,9.38,True,synthetic_scenario_generator,26006
2025-07-07,IND_DHA,4,21.73,16.72,True,synthetic_scenario_generator,26006
2025-07-08,IND_DHA,4,22.37,17.26,True,synthetic_scenario_generator,26006
2025-07-09,IND_DHA,3,14.63,10.7,True,synthetic_scenario_generator,26006
2025-07-10,IND_DHA,3,15.51,11.45,True,synthetic_scenario_generator,26006
2025-07-11,IND_DHA,3,13.31,9.59,True,synthetic_scenario_generator,26006
2025-07-12,IND_DHA,3,18.45,13.94,True,synthetic_scenario_generator,26006
2025-07-13,IND_DHA,4,12.34,8.76,True,synthetic_scenario_generator,26006
2025-07-14,IND_DHA,2,23.1,17.88,True,synthetic_scenario_generator,26006
2025-07-15,IND_DHA,4,19.11,14.5,True,synthetic_scenario_generator,26006
2025-07-16,IND_DHA,3,7.23,4.43,True,synthetic_scenario_generator,26006
2025-07-17,IND_DHA,3,19.47,14.81,True,synthetic_scenario_generator,26006
2025-07-18,IND_DHA,4,14.87,10.91,True,synthetic_scenario_generator,26006
2025-07-19,IND_DHA,4,17.96,13.53,True,synthetic_scenario_generator,26006
2025-07-20,IND_DHA,4,17.49,13.13,True,synthetic_scenario_generator,26006
2025-07-21,IND_DHA,5,33.72,26.88,True,synthetic_scenario_generator,26006
2025-07-22,IND_DHA,2,9.23,6.13,True,synthetic_scenario_generator,26006
2025-07-23,IND_DHA,2,19.63,14.94,True,synthetic_scenario_generator,26006
2025-07-24,IND_DHA,4,23.69,18.38,True,synthetic_scenario_generator,26006
2025-07-25,IND_DHA,4,23.01,17.81,True,synthetic_scenario_generator,26006
2025-07-26,IND_DHA,4,21.24,16.31,True,synthetic_scenario_generator,26006
2025-07-27,IND_DHA,4,21.71,16.7,True,synthetic_scenario_generator,26006
2025-07-28,IND_DHA,3,21.99,16.94,True,synthetic_scenario_generator,26006
2025-07-29,IND_DHA,2,25.97,20.31,True,synthetic_scenario_generator,26006
2025-07-30,IND_DHA,3,16.52,12.3,True,synthetic_scenario_generator,26006
2025-07-31,IND_DHA,5,24.47,19.04,True,synthetic_scenario_generator,26006
2025-08-01,IND_DHA,2,20.59,15.76,True,synthetic_scenario_generator,26006
2025-08-02,IND_DHA,4,20.6,15.76,True,synthetic_scenario_generator,26006
2025-08-03,IND_DHA,2,26.14,20.46,True,synthetic_scenario_generator,26006
2025-08-04,IND_DHA,3,24.22,18.83,True,synthetic_scenario_generator,26006
2025-08-05,IND_DHA,4,28.07,22.09,True,synthetic_scenario_generator,26006
2025-08-06,IND_DHA,4,21.26,16.32,True,synthetic_scenario_generator,26006
2025-08-07,IND_DHA,4,28.43,22.4,True,synthetic_scenario_generator,26006
2025-08-08,IND_DHA,4,28.57,22.51,True,synthetic_scenario_generator,26006
2025-08-09,IND_DHA,2,19.18,14.56,True,synthetic_scenario_generator,26006
2025-08-10,IND_DHA,2,27.77,21.84,True,synthetic_scenario_generator,26006
2025-08-11,IND_DHA,4,26.07,20.39,True,synthetic_scenario_generator,26006
2025-08-12,IND_DHA,2,24.56,19.12,True,synthetic_scenario_generator,26006
2025-08-13,IND_DHA,5,26.55,20.8,True,synthetic_scenario_generator,26006
2025-08-14,IND_DHA,2,21.81,16.79,True,synthetic_scenario_generator,26006
2025-08-15,IND_DHA,3,25.26,19.72,True,synthetic_scenario_generator,26006
2025-08-16,IND_DHA,5,26.81,21.03,True,synthetic_scenario_generator,26006
2025-08-17,IND_DHA,5,29.44,23.25,True,synthetic_scenario_generator,26006
2025-08-18,IND_DHA,4,21.89,16.86,True,synthetic_scenario_generator,26006
2025-08-19,IND_DHA,5,34.89,27.88,True,synthetic_scenario_generator,26006
2025-08-20,IND_DHA,5,38.1,30.59,True,synthetic_scenario_generator,26006
2025-08-21,IND_DHA,4,31.73,25.2,True,synthetic_scenario_generator,26006
2025-08-22,IND_DHA,6,31.33,24.85,True,synthetic_scenario_generator,26006
2025-08-23,IND_DHA,3,28.09,22.11,True,synthetic_scenario_generator,26006
2025-08-24,IND_DHA,4,40.04,32.24,True,synthetic_scenario_generator,26006
2025-08-25,IND_DHA,4,27.9,21.95,True,synthetic_scenario_generator,26006
2025-08-26,IND_DHA,6,33.89,27.03,True,synthetic_scenario_generator,26006
2025-08-27,IND_DHA,3,36.35,29.11,True,synthetic_scenario_generator,26006
2025-08-28,IND_DHA,4,30.22,23.92,True,synthetic_scenario_generator,26006
2025-08-29,IND_DHA,4,38.36,30.81,True,synthetic_scenario_generator,26006
2025-08-30,IND_DHA,4,49.72,40.44,True,synthetic_scenario_generator,26006
2025-08-31,IND_DHA,4,39.2,31.53,True,synthetic_scenario_generator,26006
2025-09-01,IND_DHA,5,34.48,27.53,True,synthetic_scenario_generator,26006
2025-09-02,IND_DHA,3,37.89,30.41,True,synthetic_scenario_generator,26006
2025-09-03,IND_DHA,3,43.09,34.83,True,synthetic_scenario_generator,26006
2025-09-04,IND_DHA,4,27.95,22.0,True,synthetic_scenario_generator,26006
2025-09-05,IND_DHA,5,30.01,23.74,True,synthetic_scenario_generator,26006
2025-09-06,IND_DHA,4,36.08,28.88,True,synthetic_scenario_generator,26006
2025-09-07,IND_DHA,5,46.5,37.71,True,synthetic_scenario_generator,26006
2025-09-08,IND_DHA,5,33.07,26.33,True,synthetic_scenario_generator,26006
2025-09-09,IND_DHA,4,26.79,21.01,True,synthetic_scenario_generator,26006
2025-09-10,IND_DHA,4,30.29,23.97,True,synthetic_scenario_generator,26006
2025-09-11,IND_DHA,2,27.98,22.02,True,synthetic_scenario_generator,26006
2025-09-12,IND_DHA,4,31.7,25.17,True,synthetic_scenario_generator,26006
2025-09-13,IND_DHA,2,24.47,19.04,True,synthetic_scenario_generator,26006
2025-09-14,IND_DHA,5,32.21,25.6,True,synthetic_scenario_generator,26006
2025-09-15,IND_DHA,5,29.03,22.91,True,synthetic_scenario_generator,26006
2025-09-16,IND_DHA,4,32.43,25.79,True,synthetic_scenario_generator,26006
2025-09-17,IND_DHA,4,38.0,30.51,True,synthetic_scenario_generator,26006
2025-09-18,IND_DHA,3,23.59,18.3,True,synthetic_scenario_generator,26006
2025-09-19,IND_DHA,4,37.3,29.91,True,synthetic_scenario_generator,26006
2025-09-20,IND_DHA,3,30.05,23.77,True,synthetic_scenario_generator,26006
2025-09-21,IND_DHA,4,20.29,15.5,True,synthetic_scenario_generator,26006
2025-09-22,IND_DHA,4,26.13,20.45,True,synthetic_scenario_generator,26006
2025-09-23,IND_DHA,6,26.17,20.48,True,synthetic_scenario_generator,26006
2025-09-24,IND_DHA,6,30.67,24.29,True,synthetic_scenario_generator,26006
2025-09-25,IND_DHA,5,35.11,28.06,True,synthetic_scenario_generator,26006
2025-09-26,IND_DHA,4,30.01,23.73,True,synthetic_scenario_generator,26006
2025-09-27,IND_DHA,3,26.1,20.42,True,synthetic_scenario_generator,26006
2025-09-28,IND_DHA,3,19.79,15.07,True,synthetic_scenario_generator,26006
2025-09-29,IND_DHA,4,17.72,13.32,True,synthetic_scenario_generator,26006
2025-09-30,IND_DHA,6,22.69,17.53,True,synthetic_scenario_generator,26006
2025-10-01,IND_DHA,5,25.43,19.85,True,synthetic_scenario_generator,26006
2025-10-02,IND_DHA,4,23.88,18.55,True,synthetic_scenario_generator,26006
2025-10-03,IND_DHA,4,21.46,16.49,True,synthetic_scenario_generator,26006
2025-10-04,IND_DHA,4,9.39,6.27,True,synthetic_scenario_generator,26006
2025-10-05,IND_DHA,3,26.61,20.85,True,synthetic_scenario_generator,26006
2025-10-06,IND_DHA,2,21.96,16.91,True,synthetic_scenario_generator,26006
2025-10-07,IND_DHA,4,11.13,7.74,True,synthetic_scenario_generator,26006
2025-10-08,IND_DHA,2,23.3,18.05,True,synthetic_scenario_generator,26006
2025-10-09,IND_DHA,4,12.7,9.07,True,synthetic_scenario_generator,26006
2025-10-10,IND_DHA,2,11.96,8.44,True,synthetic_scenario_generator,26006
2025-10-11,IND_DHA,2,13.85,10.04,True,synthetic_scenario_generator,26006
2025-10-12,IND_DHA,5,18.34,13.85,True,synthetic_scenario_generator,26006
2025-10-13,IND_DHA,4,16.52,12.3,True,synthetic_scenario_generator,26006
2025-10-14,IND_DHA,3,16.31,12.13,True,synthetic_scenario_generator,26006
2025-10-15,IND_DHA,4,15.23,11.21,True,synthetic_scenario_generator,26006
2025-10-16,IND_DHA,1,7.29,4.48,True,synthetic_scenario_generator,26006
2025-10-17,IND_DHA,2,8.41,5.44,True,synthetic_scenario_generator,26006
2025-10-18,IND_DHA,3,25.4,19.83,True,synthetic_scenario_generator,26006
2025-10-19,IND_DHA,1,8.43,5.45,True,synthetic_scenario_generator,26006
2025-10-20,IND_DHA,1,18.5,13.98,True,synthetic_scenario_generator,26006
2025-10-21,IND_DHA,3,10.33,7.06,True,synthetic_scenario_generator,26006
2025-10-22,IND_DHA,4,9.71,6.54,True,synthetic_scenario_generator,26006
2025-10-23,IND_DHA,2,25.47,19.89,True,synthetic_scenario_generator,26006
2025-10-24,IND_DHA,4,11.51,8.06,True,synthetic_scenario_generator,26006
2025-10-25,IND_DHA,4,19.76,15.05,True,synthetic_scenario_generator,26006
2025-10-26,IND_DHA,3,22.23,17.14,True,synthetic_scenario_generator,26006
2025-10-27,IND_DHA,4,16.04,11.9,True,synthetic_scenario_generator,26006
2025-10-28,IND_DHA,7,24.54,19.1,True,synthetic_scenario_generator,26006
2025-10-29,IND_DHA,2,19.73,15.02,True,synthetic_scenario_generator,26006
2025-10-30,IND_DHA,4,13.12,9.42,True,synthetic_scenario_generator,26006
2025-10-31,IND_DHA,2,20.79,15.92,True,synthetic_scenario_generator,26006
2025-11-01,IND_DHA,4,15.8,11.7,True,synthetic_scenario_generator,26006
2025-11-02,IND_DHA,5,23.19,17.96,True,synthetic_scenario_generator,26006
2025-11-03,IND_DHA,4,29.02,22.9,True,synthetic_scenario_generator,26006
2025-11-04,IND_DHA,4,21.29,16.35,True,synthetic_scenario_generator,26006
2025-11-05,IND_DHA,4,20.61,15.77,True,synthetic_scenario_generator,26006
2025-11-06,IND_DHA,4,25.08,19.56,True,synthetic_scenario_generator,26006
2025-11-07,IND_DHA,2,28.79,22.7,True,synthetic_scenario_generator,26006
2025-11-08,IND_DHA,2,25.44,19.86,True,synthetic_scenario_generator,26006
2025-11-09,IND_DHA,4,30.47,24.13,True,synthetic_scenario_generator,26006
2025-11-10,IND_DHA,5,18.79,14.23,True,synthetic_scenario_generator,26006
2025-11-11,IND_DHA,2,33.34,26.56,True,synthetic_scenario_generator,26006
2025-11-12,IND_DHA,4,29.3,23.14,True,synthetic_scenario_generator,26006
2025-11-13,IND_DHA,4,23.73,18.42,True,synthetic_scenario_generator,26006
2025-11-14,IND_DHA,5,35.06,28.02,True,synthetic_scenario_generator,26006
2025-11-15,IND_DHA,4,32.49,25.84,True,synthetic_scenario_generator,26006
2025-11-16,IND_DHA,4,27.68,21.77,True,synthetic_scenario_generator,26006
2025-11-17,IND_DHA,5,25.71,20.1,True,synthetic_scenario_generator,26006
2025-11-18,IND_DHA,4,37.27,29.89,True,synthetic_scenario_generator,26006
2025-11-19,IND_DHA,4,21.29,16.34,True,synthetic_scenario_generator,26006
2025-11-20,IND_DHA,4,40.29,32.45,True,synthetic_scenario_generator,26006
2025-11-21,IND_DHA,3,34.82,27.81,True,synthetic_scenario_generator,26006
2025-11-22,IND_DHA,6,36.7,29.4,True,synthetic_scenario_generator,26006
2025-11-23,IND_DHA,4,24.15,18.77,True,synthetic_scenario_generator,26006
2025-11-24,IND_DHA,6,29.47,23.28,True,synthetic_scenario_generator,26006
2025-11-25,IND_DHA,4,30.86,24.46,True,synthetic_scenario_generator,26006
2025-11-26,IND_DHA,4,33.48,26.67,True,synthetic_scenario_generator,26006
2025-11-27,IND_DHA,2,21.26,16.32,True,synthetic_scenario_generator,26006
2025-11-28,IND_DHA,4,30.21,23.9,True,synthetic_scenario_generator,26006
2025-11-29,IND_DHA,4,26.8,21.01,True,synthetic_scenario_generator,26006
2025-11-30,IND_DHA,3,35.09,28.05,True,synthetic_scenario_generator,26006
2025-12-01,IND_DHA,2,29.44,23.26,True,synthetic_scenario_generator,26006
2025-12-02,IND_DHA,4,29.25,23.09,True,synthetic_scenario_generator,26006
2025-12-03,IND_DHA,3,36.79,29.48,True,synthetic_scenario_generator,26006
2025-12-04,IND_DHA,5,34.63,27.65,True,synthetic_scenario_generator,26006
2025-12-05,IND_DHA,4,26.64,20.88,True,synthetic_scenario_generator,26006
2025-12-06,IND_DHA,4,27.82,21.88,True,synthetic_scenario_generator,26006
2025-12-07,IND_DHA,4,34.19,27.28,True,synthetic_scenario_generator,26006
2025-12-08,IND_DHA,3,29.81,23.56,True,synthetic_scenario_generator,26006
2025-12-09,IND_DHA,5,23.85,18.52,True,synthetic_scenario_generator,26006
2025-12-10,IND_DHA,4,33.87,27.01,True,synthetic_scenario_generator,26006
2025-12-11,IND_DHA,4,30.34,24.01,True,synthetic_scenario_generator,26006
2025-12-12,IND_DHA,4,36.4,29.16,True,synthetic_scenario_generator,26006
2025-12-13,IND_DHA,4,19.43,14.77,True,synthetic_scenario_generator,26006
2025-12-14,IND_DHA,4,30.7,24.32,True,synthetic_scenario_generator,26006
2025-12-15,IND_DHA,6,34.87,27.86,True,synthetic_scenario_generator,26006
2025-12-16,IND_DHA,3,21.27,16.33,True,synthetic_scenario_generator,26006
2025-12-17,IND_DHA,3,29.46,23.27,True,synthetic_scenario_generator,26006
2025-12-18,IND_DHA,5,36.93,29.6,True,synthetic_scenario_generator,26006
2025-12-19,IND_DHA,5,36.35,29.11,True,synthetic_scenario_generator,26006
2025-12-20,IND_DHA,4,21.53,16.55,True,synthetic_scenario_generator,26006
2025-12-21,IND_DHA,3,24.0,18.64,True,synthetic_scenario_generator,26006
2025-12-22,IND_DHA,3,27.97,22.01,True,synthetic_scenario_generator,26006
2025-12-23,IND_DHA,4,21.34,16.39,True,synthetic_scenario_generator,26006
2025-12-24,IND_DHA,5,30.77,24.38,True,synthetic_scenario_generator,26006
2025-12-25,IND_DHA,4,22.87,17.69,True,synthetic_scenario_generator,26006
2025-12-26,IND_DHA,3,15.2,11.19,True,synthetic_scenario_generator,26006
2025-12-27,IND_DHA,4,16.99,12.7,True,synthetic_scenario_generator,26006
2025-12-28,IND_DHA,2,17.88,13.46,True,synthetic_scenario_generator,26006
2025-12-29,IND_DHA,2,20.13,15.36,True,synthetic_scenario_generator,26006
2025-12-30,IND_DHA,3,28.09,22.11,True,synthetic_scenario_generator,26006
2025-12-31,IND_DHA,4,27.94,21.98,True,synthetic_scenario_generator,26006
2026-01-01,IND_DHA,2,3.87,1.58,True,synthetic_scenario_generator,26006
2026-01-02,IND_DHA,4,18.67,14.13,True,synthetic_scenario_generator,26006
2026-01-03,IND_DHA,4,5.5,2.96,True,synthetic_scenario_generator,26006
2026-01-04,IND_DHA,3,20.13,15.36,True,synthetic_scenario_generator,26006
2026-01-05,IND_DHA,3,11.15,7.75,True,synthetic_scenario_generator,26006
2026-01-06,IND_DHA,5,16.6,12.37,True,synthetic_scenario_generator,26006
2026-01-07,IND_DHA,1,12.81,9.16,True,synthetic_scenario_generator,26006
2026-01-08,IND_DHA,4,13.96,10.14,True,synthetic_scenario_generator,26006
2026-01-09,IND_DHA,4,18.23,13.75,True,synthetic_scenario_generator,26006
2026-01-10,IND_DHA,0,8.66,5.64,True,synthetic_scenario_generator,26006
2026-01-11,IND_DHA,2,14.12,10.27,True,synthetic_scenario_generator,26006
2026-01-12,IND_DHA,2,12.73,9.09,True,synthetic_scenario_generator,26006
2026-01-13,IND_DHA,3,8.73,5.7,True,synthetic_scenario_generator,26006
2026-01-14,IND_DHA,3,14.63,10.7,True,synthetic_scenario_generator,26006
2026-01-15,IND_DHA,2,15.48,11.43,True,synthetic_scenario_generator,26006
2026-01-16,IND_DHA,2,10.66,7.33,True,synthetic_scenario_generator,26006
2026-01-17,IND_DHA,5,15.65,11.57,True,synthetic_scenario_generator,26006
2026-01-18,IND_DHA,3,10.12,6.88,True,synthetic_scenario_generator,26006
2026-01-19,IND_DHA,2,18.92,14.34,True,synthetic_scenario_generator,26006
2026-01-20,IND_DHA,3,14.67,10.73,True,synthetic_scenario_generator,26006
2026-01-21,IND_DHA,3,7.45,4.62,True,synthetic_scenario_generator,26006
2026-01-22,IND_DHA,2,14.72,10.78,True,synthetic_scenario_generator,26006
2026-01-23,IND_DHA,3,13.65,9.87,True,synthetic_scenario_generator,26006
2026-01-24,IND_DHA,3,6.55,3.86,True,synthetic_scenario_generator,26006
2026-01-25,IND_DHA,0,2.0,0.0,True,synthetic_scenario_generator,26006
2026-01-26,IND_DHA,3,18.45,13.94,True,synthetic_scenario_generator,26006
2026-01-27,IND_DHA,3,18.33,13.84,True,synthetic_scenario_generator,26006
2026-01-28,IND_DHA,3,16.64,12.4,True,synthetic_scenario_generator,26006
2026-01-29,IND_DHA,5,11.12,7.73,True,synthetic_scenario_generator,26006
2026-01-30,IND_DHA,5,20.38,15.58,True,synthetic_scenario_generator,26006
2026-01-31,IND_DHA,2,26.75,20.97,True,synthetic_scenario_generator,26006
2026-02-01,IND_DHA,3,12.56,8.95,True,synthetic_scenario_generator,26006
2026-02-02,IND_DHA,2,23.92,18.58,True,synthetic_scenario_generator,26006
2026-02-03,IND_DHA,2,11.77,8.28,True,synthetic_scenario_generator,26006
2026-02-04,IND_DHA,4,14.28,10.41,True,synthetic_scenario_generator,26006
2026-02-05,IND_DHA,3,18.87,14.3,True,synthetic_scenario_generator,26006
2026-02-06,IND_DHA,3,24.98,19.47,True,synthetic_scenario_generator,26006
2026-02-07,IND_DHA,3,23.81,18.48,True,synthetic_scenario_generator,26006
2026-02-08,IND_DHA,4,24.64,19.19,True,synthetic_scenario_generator,26006
2026-02-09,IND_DHA,5,19.95,15.21,True,synthetic_scenario_generator,26006
2026-02-10,IND_DHA,6,32.3,25.68,True,synthetic_scenario_generator,26006
2026-02-11,IND_DHA,4,23.49,18.21,True,synthetic_scenario_generator,26006
2026-02-12,IND_DHA,4,18.89,14.31,True,synthetic_scenario_generator,26006
2026-02-13,IND_DHA,4,31.76,25.22,True,synthetic_scenario_generator,26006
2026-02-14,IND_DHA,5,20.43,15.62,True,synthetic_scenario_generator,26006
2026-02-15,IND_DHA,5,26.12,20.44,True,synthetic_scenario_generator,26006
2026-02-16,IND_DHA,4,20.57,15.74,True,synthetic_scenario_generator,26006
2026-02-17,IND_DHA,5,23.42,18.15,True,synthetic_scenario_generator,26006
2026-02-18,IND_DHA,5,32.87,26.16,True,synthetic_scenario_generator,26006
2026-02-19,IND_DHA,3,26.36,20.64,True,synthetic_scenario_generator,26006
2026-02-20,IND_DHA,6,30.02,23.75,True,synthetic_scenario_generator,26006
2026-02-21,IND_DHA,3,35.53,28.42,True,synthetic_scenario_generator,26006
2026-02-22,IND_DHA,4,29.41,23.23,True,synthetic_scenario_generator,26006
2026-02-23,IND_DHA,5,23.05,17.84,True,synthetic_scenario_generator,26006
2026-02-24,IND_DHA,7,32.53,25.88,True,synthetic_scenario_generator,26006
2026-02-25,IND_DHA,5,33.84,26.98,True,synthetic_scenario_generator,26006
2026-02-26,IND_DHA,4,23.87,18.53,True,synthetic_scenario_generator,26006
2026-02-27,IND_DHA,4,23.02,17.81,True,synthetic_scenario_generator,26006
2026-02-28,IND_DHA,4,30.63,24.27,True,synthetic_scenario_generator,26006
2026-03-01,IND_DHA,6,32.03,25.45,True,synthetic_scenario_generator,26006
2026-03-02,IND_DHA,5,37.5,30.08,True,synthetic_scenario_generator,26006
2026-03-03,IND_DHA,4,35.08,28.03,True,synthetic_scenario_generator,26006
2026-03-04,IND_DHA,4,29.67,23.45,True,synthetic_scenario_generator,26006
2026-03-05,IND_DHA,1,21.99,16.94,True,synthetic_scenario_generator,26006
2026-03-06,IND_DHA,4,25.83,20.19,True,synthetic_scenario_generator,26006
2026-03-07,IND_DHA,5,31.23,24.77,True,synthetic_scenario_generator,26006
2026-03-08,IND_DHA,4,29.6,23.39,True,synthetic_scenario_generator,26006
2026-03-09,IND_DHA,5,25.49,19.9,True,synthetic_scenario_generator,26006
2026-03-10,IND_DHA,3,29.46,23.27,True,synthetic_scenario_generator,26006
2026-03-11,IND_DHA,4,33.11,26.36,True,synthetic_scenario_generator,26006
2026-03-12,IND_DHA,4,33.62,26.8,True,synthetic_scenario_generator,26006
2026-03-13,IND_DHA,2,23.02,17.81,True,synthetic_scenario_generator,26006
2026-03-14,IND_DHA,2,21.97,16.92,True,synthetic_scenario_generator,26006
2026-03-15,IND_DHA,3,24.08,18.71,True,synthetic_scenario_generator,26006
2026-03-16,IND_DHA,6,21.39,16.43,True,synthetic_scenario_generator,26006
2026-03-17,IND_DHA,4,24.55,19.11,True,synthetic_scenario_generator,26006
2026-03-18,IND_DHA,4,27.92,21.97,True,synthetic_scenario_generator,26006
2026-03-19,IND_DHA,6,28.51,22.46,True,synthetic_scenario_generator,26006
2026-03-20,IND_DHA,2,21.55,16.57,True,synthetic_scenario_generator,26006
2026-03-21,IND_DHA,2,24.97,19.47,True,synthetic_scenario_generator,26006
2026-03-22,IND_DHA,2,19.35,14.71,True,synthetic_scenario_generator,26006
2026-03-23,IND_DHA,3,6.64,3.93,True,synthetic_scenario_generator,26006
2026-03-24,IND_DHA,6,24.79,19.31,True,synthetic_scenario_generator,26006
2026-03-25,IND_DHA,5,28.59,22.53,True,synthetic_scenario_generator,26006
2026-03-26,IND_DHA,4,24.5,19.06,True,synthetic_scenario_generator,26006
2026-03-27,IND_DHA,3,17.7,13.3,True,synthetic_scenario_generator,26006
2026-03-28,IND_DHA,5,18.65,14.11,True,synthetic_scenario_generator,26006
2026-03-29,IND_DHA,4,17.09,12.79,True,synthetic_scenario_generator,26006
2026-03-30,IND_DHA,2,12.05,8.52,True,synthetic_scenario_generator,26006
2026-03-31,IND_DHA,3,29.16,23.02,True,synthetic_scenario_generator,26006
2026-04-01,IND_DHA,0,15.48,11.42,True,synthetic_scenario_generator,26006
2026-04-02,IND_DHA,3,18.12,13.66,True,synthetic_scenario_generator,26006
2026-04-03,IND_DHA,2,9.03,5.96,True,synthetic_scenario_generator,26006
2026-04-04,IND_DHA,4,19.88,15.15,True,synthetic_scenario_generator,26006
2026-04-05,IND_DHA,2,5.53,2.99,True,synthetic_scenario_generator,26006
2026-04-06,IND_DHA,2,13.4,9.66,True,synthetic_scenario_generator,26006
2026-04-07,IND_DHA,5,26.27,20.57,True,synthetic_scenario_generator,26006
2026-04-08,IND_DHA,3,21.26,16.33,True,synthetic_scenario_generator,26006
2026-04-09,IND_DHA,2,17.2,12.89,True,synthetic_scenario_generator,26006
2026-04-10,IND_DHA,2,18.31,13.82,True,synthetic_scenario_generator,26006
2026-04-11,IND_DHA,3,12.76,9.12,True,synthetic_scenario_generator,26006
2026-04-12,IND_DHA,2,16.51,12.3,True,synthetic_scenario_generator,26006
2026-04-13,IND_DHA,1,20.56,15.73,True,synthetic_scenario_generator,26006
2026-04-14,IND_DHA,3,14.95,10.97,True,synthetic_scenario_generator,26006
2026-04-15,IND_DHA,4,12.87,9.22,True,synthetic_scenario_generator,26006
2026-04-16,IND_DHA,5,20.2,15.43,True,synthetic_scenario_generator,26006
2026-04-17,IND_DHA,2,17.0,12.71,True,synthetic_scenario_generator,26006
2026-04-18,IND_DHA,5,12.6,8.98,True,synthetic_scenario_generator,26006
2026-04-19,IND_DHA,2,13.82,10.02,True,synthetic_scenario_generator,26006
2026-04-20,IND_DHA,4,11.93,8.42,True,synthetic_scenario_generator,26006
2026-04-21,IND_DHA,3,25.66,20.05,True,synthetic_scenario_generator,26006
2026-04-22,IND_DHA,3,23.59,18.3,True,synthetic_scenario_generator,26006
2026-04-23,IND_DHA,3,15.37,11.33,True,synthetic_scenario_generator,26006
2026-04-24,IND_DHA,5,16.51,12.3,True,synthetic_scenario_generator,26006
2026-04-25,IND_DHA,2,19.56,14.88,True,synthetic_scenario_generator,26006
2026-04-26,IND_DHA,3,19.51,14.84,True,synthetic_scenario_generator,26006
2026-04-27,IND_DHA,6,19.24,14.61,True,synthetic_scenario_generator,26006
2026-04-28,IND_DHA,3,13.27,9.55,True,synthetic_scenario_generator,26006
2026-04-29,IND_DHA,4,18.12,13.66,True,synthetic_scenario_generator,26006
2026-04-30,IND_DHA,2,18.4,13.9,True,synthetic_scenario_generator,26006
2026-05-01,IND_DHA,5,30.7,24.32,True,synthetic_scenario_generator,26006
2026-05-02,IND_DHA,1,16.48,12.28,True,synthetic_scenario_generator,26006
2026-05-03,IND_DHA,3,19.15,14.54,True,synthetic_scenario_generator,26006
2026-05-04,IND_DHA,1,6.56,3.87,True,synthetic_scenario_generator,26006
2026-05-05,IND_DHA,4,35.2,28.13,True,synthetic_scenario_generator,26006
2026-05-06,IND_DHA,6,23.18,17.95,True,synthetic_scenario_generator,26006
2026-05-07,IND_DHA,5,26.75,20.98,True,synthetic_scenario_generator,26006
2026-05-08,IND_DHA,5,27.37,21.5,True,synthetic_scenario_generator,26006
2026-05-09,IND_DHA,3,22.7,17.54,True,synthetic_scenario_generator,26006
2026-05-10,IND_DHA,5,30.09,23.81,True,synthetic_scenario_generator,26006
2026-05-11,IND_DHA,4,35.5,28.39,True,synthetic_scenario_generator,26006
2026-05-12,IND_DHA,6,29.16,23.01,True,synthetic_scenario_generator,26006
2026-05-13,IND_DHA,4,21.16,16.24,True,synthetic_scenario_generator,26006
2026-05-14,IND_DHA,5,17.03,12.74,True,synthetic_scenario_generator,26006
2026-05-15,IND_DHA,6,17.94,13.51,True,synthetic_scenario_generator,26006
2026-05-16,IND_DHA,4,30.28,23.97,True,synthetic_scenario_generator,26006
2026-05-17,IND_DHA,3,30.48,24.14,True,synthetic_scenario_generator,26006
2026-05-18,IND_DHA,5,27.83,21.89,True,synthetic_scenario_generator,26006
2026-05-19,IND_DHA,3,38.09,30.58,True,synthetic_scenario_generator,26006
2026-05-20,IND_DHA,3,28.74,22.66,True,synthetic_scenario_generator,26006
2026-05-21,IND_DHA,4,38.3,30.76,True,synthetic_scenario_generator,26006
2026-05-22,IND_DHA,4,35.55,28.44,True,synthetic_scenario_generator,26006
2026-05-23,IND_DHA,4,33.5,26.69,True,synthetic_scenario_generator,26006
2026-05-24,IND_DHA,2,31.69,25.16,True,synthetic_scenario_generator,26006
2026-05-25,IND_DHA,3,21.61,16.62,True,synthetic_scenario_generator,26006
2026-05-26,IND_DHA,5,32.94,26.22,True,synthetic_scenario_generator,26006
2026-05-27,IND_DHA,4,36.47,29.21,True,synthetic_scenario_generator,26006
2026-05-28,IND_DHA,3,32.69,26.01,True,synthetic_scenario_generator,26006
2026-05-29,IND_DHA,3,28.11,22.13,True,synthetic_scenario_generator,26006
2026-05-30,IND_DHA,6,43.02,34.76,True,synthetic_scenario_generator,26006
2026-05-31,IND_DHA,6,29.01,22.89,True,synthetic_scenario_generator,26006
2026-06-01,IND_DHA,4,29.1,22.96,True,synthetic_scenario_generator,26006
2026-06-02,IND_DHA,5,30.43,24.09,True,synthetic_scenario_generator,26006
2026-06-03,IND_DHA,4,37.11,29.75,True,synthetic_scenario_generator,26006
2026-06-04,IND_DHA,4,39.38,31.68,True,synthetic_scenario_generator,26006
2026-06-05,IND_DHA,5,41.89,33.81,True,synthetic_scenario_generator,26006
2026-06-06,IND_DHA,3,33.31,26.53,True,synthetic_scenario_generator,26006
2026-06-07,IND_DHA,5,33.16,26.41,True,synthetic_scenario_generator,26006
2026-06-08,IND_DHA,2,32.66,25.99,True,synthetic_scenario_generator,26006
2026-06-09,IND_DHA,6,45.74,37.07,True,synthetic_scenario_generator,26006
2026-06-10,IND_DHA,7,40.32,32.48,True,synthetic_scenario_generator,26006
2026-06-11,IND_DHA,6,34.1,27.2,True,synthetic_scenario_generator,26006
2026-06-12,IND_DHA,4,32.44,25.8,True,synthetic_scenario_generator,26006
2026-06-13,IND_DHA,2,33.73,26.89,True,synthetic_scenario_generator,26006
2026-06-14,IND_DHA,3,28.92,22.81,True,synthetic_scenario_generator,26006
2026-06-15,IND_DHA,6,41.25,33.26,True,synthetic_scenario_generator,26006
2026-06-16,IND_DHA,5,30.24,23.94,True,synthetic_scenario_generator,26006
2026-06-17,IND_DHA,4,34.79,27.79,True,synthetic_scenario_generator,26006
2026-06-18,IND_DHA,4,22.98,17.78,True,synthetic_scenario_generator,26006
2026-06-19,IND_DHA,3,27.98,22.02,True,synthetic_scenario_generator,26006
2026-06-20,IND_DHA,3,33.6,26.78,True,synthetic_scenario_generator,26006
2026-06-21,IND_DHA,5,30.44,24.1,True,synthetic_scenario_generator,26006
2026-06-22,IND_DHA,2,24.43,19.01,True,synthetic_scenario_generator,26006
2026-06-23,IND_DHA,3,35.64,28.51,True,synthetic_scenario_generator,26006
2026-06-24,IND_DHA,3,21.15,16.23,True,synthetic_scenario_generator,26006
2026-06-25,IND_DHA,4,23.26,18.02,True,synthetic_scenario_generator,26006
2026-06-26,IND_DHA,5,26.86,21.07,True,synthetic_scenario_generator,26006
2026-06-27,IND_DHA,5,30.99,24.57,True,synthetic_scenario_generator,26006
2026-06-28,IND_DHA,4,18.89,14.31,True,synthetic_scenario_generator,26006
2026-06-29,IND_DHA,5,27.6,21.7,True,synthetic_scenario_generator,26006
2026-06-30,IND_DHA,3,21.22,16.29,True,synthetic_scenario_generator,26006
2026-07-01,IND_DHA,6,26.84,21.05,True,synthetic_scenario_generator,26006
2026-07-02,IND_DHA,4,22.44,17.32,True,synthetic_scenario_generator,26006
2026-07-03,IND_DHA,1,19.52,14.85,True,synthetic_scenario_generator,26006
2026-07-04,IND_DHA,1,15.09,11.1,True,synthetic_scenario_generator,26006
2026-07-05,IND_DHA,4,21.49,16.52,True,synthetic_scenario_generator,26006
2026-07-06,IND_DHA,3,14.3,10.42,True,synthetic_scenario_generator,26006
2026-07-07,IND_DHA,3,9.01,5.94,True,synthetic_scenario_generator,26006
2026-07-08,IND_DHA,4,20.81,15.94,True,synthetic_scenario_generator,26006
2026-07-09,IND_DHA,3,13.94,10.12,True,synthetic_scenario_generator,26006
2026-07-10,IND_DHA,5,16.74,12.49,True,synthetic_scenario_generator,26006
2026-07-11,IND_DHA,3,22.88,17.69,True,synthetic_scenario_generator,26006
2026-07-12,IND_DHA,4,17.53,13.16,True,synthetic_scenario_generator,26006
2026-07-13,IND_DHA,5,20.82,15.95,True,synthetic_scenario_generator,26006
2026-07-14,IND_DHA,3,13.01,9.33,True,synthetic_scenario_generator,26006
2026-07-15,IND_DHA,6,9.37,6.25,True,synthetic_scenario_generator,26006
2026-07-16,IND_DHA,2,14.78,10.83,True,synthetic_scenario_generator,26006
2026-07-17,IND_DHA,2,14.08,10.24,True,synthetic_scenario_generator,26006
2026-07-18,IND_DHA,4,13.98,10.15,True,synthetic_scenario_generator,26006
2026-07-19,IND_DHA,2,19.4,14.74,True,synthetic_scenario_generator,26006
2026-07-20,IND_DHA,3,14.93,10.96,True,synthetic_scenario_generator,26006
2026-07-21,IND_DHA,6,36.37,29.13,True,synthetic_scenario_generator,26006
2026-07-22,IND_DHA,4,22.7,17.55,True,synthetic_scenario_generator,26006
2026-07-23,IND_DHA,3,19.15,14.53,True,synthetic_scenario_generator,26006
2026-07-24,IND_DHA,3,21.1,16.19,True,synthetic_scenario_generator,26006
2026-07-25,IND_DHA,3,18.56,14.04,True,synthetic_scenario_generator,26006
2026-07-26,IND_DHA,4,17.95,13.52,True,synthetic_scenario_generator,26006
2026-07-27,IND_DHA,5,24.08,18.71,True,synthetic_scenario_generator,26006
2026-07-28,IND_DHA,4,29.92,23.66,True,synthetic_scenario_generator,26006
2026-07-29,IND_DHA,4,23.38,18.12,True,synthetic_scenario_generator,26006
2026-07-30,IND_DHA,3,27.56,21.66,True,synthetic_scenario_generator,26006
2026-07-31,IND_DHA,4,24.88,19.39,True,synthetic_scenario_generator,26006
2026-08-01,IND_DHA,4,28.59,22.54,True,synthetic_scenario_generator,26006
2026-08-02,IND_DHA,5,28.94,22.83,True,synthetic_scenario_generator,26006
2026-08-03,IND_DHA,3,26.48,20.75,True,synthetic_scenario_generator,26006
2026-08-04,IND_DHA,4,24.61,19.16,True,synthetic_scenario_generator,26006
2026-08-05,IND_DHA,4,27.93,21.97,True,synthetic_scenario_generator,26006
2026-08-06,IND_DHA,2,25.03,19.52,True,synthetic_scenario_generator,26006
2026-08-07,IND_DHA,4,26.85,21.06,True,synthetic_scenario_generator,26006
2026-08-08,IND_DHA,4,29.35,23.18,True,synthetic_scenario_generator,26006
2026-08-09,IND_DHA,5,34.91,27.89,True,synthetic_scenario_generator,26006
2026-08-10,IND_DHA,4,32.68,26.0,True,synthetic_scenario_generator,26006
2026-08-11,IND_DHA,5,38.7,31.1,True,synthetic_scenario_generator,26006
2026-08-12,IND_DHA,6,32.56,25.9,True,synthetic_scenario_generator,26006
2026-08-13,IND_DHA,5,37.08,29.73,True,synthetic_scenario_generator,26006
2026-08-14,IND_DHA,4,33.21,26.45,True,synthetic_scenario_generator,26006
2026-08-15,IND_DHA,5,36.42,29.17,True,synthetic_scenario_generator,26006
2026-08-16,IND_DHA,3,42.37,34.21,True,synthetic_scenario_generator,26006
2026-08-17,IND_DHA,4,32.89,26.18,True,synthetic_scenario_generator,26006
2026-08-18,IND_DHA,5,35.11,28.06,True,synthetic_scenario_generator,26006
2026-08-19,IND_DHA,1,31.37,24.89,True,synthetic_scenario_generator,26006
2026-08-20,IND_DHA,5,34.39,27.45,True,synthetic_scenario_generator,26006
2026-08-21,IND_DHA,6,31.57,25.06,True,synthetic_scenario_generator,26006
2026-08-22,IND_DHA,3,32.36,25.73,True,synthetic_scenario_generator,26006
2026-08-23,IND_DHA,4,31.76,25.22,True,synthetic_scenario_generator,26006
2026-08-24,IND_DHA,5,36.58,29.31,True,synthetic_scenario_generator,26006
2026-08-25,IND_DHA,2,37.18,29.81,True,synthetic_scenario_generator,26006
2026-08-26,IND_DHA,4,38.58,31.0,True,synthetic_scenario_generator,26006
2026-08-27,IND_DHA,3,37.74,30.29,True,synthetic_scenario_generator,26006
2026-08-28,IND_DHA,4,32.75,26.06,True,synthetic_scenario_generator,26006
2026-08-29,IND_DHA,3,30.65,24.28,True,synthetic_scenario_generator,26006
2026-08-30,IND_DHA,4,43.05,34.79,True,synthetic_scenario_generator,26006
2026-08-31,IND_DHA,3,31.91,25.35,True,synthetic_scenario_generator,26006
2020-01-01,IND_VIZ,4,21.68,16.68,True,synthetic_scenario_generator,26006
2020-01-02,IND_VIZ,3,12.49,8.89,True,synthetic_scenario_generator,26006
2020-01-03,IND_VIZ,5,20.43,15.62,True,synthetic_scenario_generator,26006
2020-01-04,IND_VIZ,4,23.01,17.81,True,synthetic_scenario_generator,26006
2020-01-05,IND_VIZ,2,20.34,15.54,True,synthetic_scenario_generator,26006
2020-01-06,IND_VIZ,5,22.17,17.09,True,synthetic_scenario_generator,26006
2020-01-07,IND_VIZ,2,10.17,6.93,True,synthetic_scenario_generator,26006
2020-01-08,IND_VIZ,5,14.87,10.91,True,synthetic_scenario_generator,26006
2020-01-09,IND_VIZ,2,14.27,10.4,True,synthetic_scenario_generator,26006
2020-01-10,IND_VIZ,3,19.34,14.7,True,synthetic_scenario_generator,26006
2020-01-11,IND_VIZ,3,11.42,7.98,True,synthetic_scenario_generator,26006
2020-01-12,IND_VIZ,3,16.3,12.12,True,synthetic_scenario_generator,26006
2020-01-13,IND_VIZ,3,11.09,7.7,True,synthetic_scenario_generator,26006
2020-01-14,IND_VIZ,2,24.3,18.9,True,synthetic_scenario_generator,26006
2020-01-15,IND_VIZ,2,17.64,13.26,True,synthetic_scenario_generator,26006
2020-01-16,IND_VIZ,0,9.87,6.67,True,synthetic_scenario_generator,26006
2020-01-17,IND_VIZ,2,23.77,18.45,True,synthetic_scenario_generator,26006
2020-01-18,IND_VIZ,3,9.48,6.34,True,synthetic_scenario_generator,26006
2020-01-19,IND_VIZ,2,11.77,8.28,True,synthetic_scenario_generator,26006
2020-01-20,IND_VIZ,3,19.04,14.44,True,synthetic_scenario_generator,26006
2020-01-21,IND_VIZ,1,14.55,10.63,True,synthetic_scenario_generator,26006
2020-01-22,IND_VIZ,5,17.94,13.51,True,synthetic_scenario_generator,26006
2020-01-23,IND_VIZ,3,9.53,6.38,True,synthetic_scenario_generator,26006
2020-01-24,IND_VIZ,1,9.29,6.18,True,synthetic_scenario_generator,26006
2020-01-25,IND_VIZ,3,16.55,12.33,True,synthetic_scenario_generator,26006
2020-01-26,IND_VIZ,2,16.25,12.08,True,synthetic_scenario_generator,26006
2020-01-27,IND_VIZ,3,12.43,8.84,True,synthetic_scenario_generator,26006
2020-01-28,IND_VIZ,4,18.15,13.69,True,synthetic_scenario_generator,26006
2020-01-29,IND_VIZ,3,7.3,4.49,True,synthetic_scenario_generator,26006
2020-01-30,IND_VIZ,2,7.88,4.98,True,synthetic_scenario_generator,26006
2020-01-31,IND_VIZ,6,15.93,11.81,True,synthetic_scenario_generator,26006
2020-02-01,IND_VIZ,5,12.13,8.58,True,synthetic_scenario_generator,26006
2020-02-02,IND_VIZ,4,20.56,15.73,True,synthetic_scenario_generator,26006
2020-02-03,IND_VIZ,3,11.16,7.77,True,synthetic_scenario_generator,26006
2020-02-04,IND_VIZ,2,18.7,14.15,True,synthetic_scenario_generator,26006
2020-02-05,IND_VIZ,3,21.58,16.59,True,synthetic_scenario_generator,26006
2020-02-06,IND_VIZ,4,15.22,11.21,True,synthetic_scenario_generator,26006
2020-02-07,IND_VIZ,2,13.06,9.37,True,synthetic_scenario_generator,26006
2020-02-08,IND_VIZ,2,26.82,21.04,True,synthetic_scenario_generator,26006
2020-02-09,IND_VIZ,5,22.65,17.5,True,synthetic_scenario_generator,26006
2020-02-10,IND_VIZ,4,23.26,18.02,True,synthetic_scenario_generator,26006
2020-02-11,IND_VIZ,4,17.59,13.21,True,synthetic_scenario_generator,26006
2020-02-12,IND_VIZ,4,16.97,12.69,True,synthetic_scenario_generator,26006
2020-02-13,IND_VIZ,3,2.0,0.0,True,synthetic_scenario_generator,26006
2020-02-14,IND_VIZ,3,24.18,18.8,True,synthetic_scenario_generator,26006
2020-02-15,IND_VIZ,5,23.54,18.26,True,synthetic_scenario_generator,26006
2020-02-16,IND_VIZ,4,18.4,13.9,True,synthetic_scenario_generator,26006
2020-02-17,IND_VIZ,2,16.27,12.1,True,synthetic_scenario_generator,26006
2020-02-18,IND_VIZ,5,9.26,6.15,True,synthetic_scenario_generator,26006
2020-02-19,IND_VIZ,4,25.21,19.67,True,synthetic_scenario_generator,26006
2020-02-20,IND_VIZ,3,21.76,16.75,True,synthetic_scenario_generator,26006
2020-02-21,IND_VIZ,2,19.89,15.16,True,synthetic_scenario_generator,26006
2020-02-22,IND_VIZ,4,25.37,19.81,True,synthetic_scenario_generator,26006
2020-02-23,IND_VIZ,1,25.37,19.81,True,synthetic_scenario_generator,26006
2020-02-24,IND_VIZ,3,14.38,10.49,True,synthetic_scenario_generator,26006
2020-02-25,IND_VIZ,3,29.12,22.98,True,synthetic_scenario_generator,26006
2020-02-26,IND_VIZ,3,30.05,23.77,True,synthetic_scenario_generator,26006
2020-02-27,IND_VIZ,4,36.8,29.49,True,synthetic_scenario_generator,26006
2020-02-28,IND_VIZ,4,22.95,17.75,True,synthetic_scenario_generator,26006
2020-02-29,IND_VIZ,3,29.79,23.55,True,synthetic_scenario_generator,26006
2020-03-01,IND_VIZ,5,28.86,22.76,True,synthetic_scenario_generator,26006
2020-03-02,IND_VIZ,5,31.99,25.41,True,synthetic_scenario_generator,26006
2020-03-03,IND_VIZ,4,33.0,26.27,True,synthetic_scenario_generator,26006
2020-03-04,IND_VIZ,6,26.05,20.38,True,synthetic_scenario_generator,26006
2020-03-05,IND_VIZ,4,31.47,24.98,True,synthetic_scenario_generator,26006
2020-03-06,IND_VIZ,4,33.65,26.82,True,synthetic_scenario_generator,26006
2020-03-07,IND_VIZ,5,32.29,25.67,True,synthetic_scenario_generator,26006
2020-03-08,IND_VIZ,5,36.9,29.57,True,synthetic_scenario_generator,26006
2020-03-09,IND_VIZ,4,32.07,25.49,True,synthetic_scenario_generator,26006
2020-03-10,IND_VIZ,7,34.73,27.74,True,synthetic_scenario_generator,26006
2020-03-11,IND_VIZ,6,28.79,22.7,True,synthetic_scenario_generator,26006
2020-03-12,IND_VIZ,5,29.23,23.08,True,synthetic_scenario_generator,26006
2020-03-13,IND_VIZ,4,30.15,23.86,True,synthetic_scenario_generator,26006
2020-03-14,IND_VIZ,2,29.51,23.31,True,synthetic_scenario_generator,26006
2020-03-15,IND_VIZ,5,31.86,25.31,True,synthetic_scenario_generator,26006
2020-03-16,IND_VIZ,3,26.5,20.77,True,synthetic_scenario_generator,26006
2020-03-17,IND_VIZ,5,28.57,22.51,True,synthetic_scenario_generator,26006
2020-03-18,IND_VIZ,2,26.64,20.88,True,synthetic_scenario_generator,26006
2020-03-19,IND_VIZ,4,25.65,20.04,True,synthetic_scenario_generator,26006
2020-03-20,IND_VIZ,4,33.92,27.05,True,synthetic_scenario_generator,26006
2020-03-21,IND_VIZ,7,33.75,26.9,True,synthetic_scenario_generator,26006
2020-03-22,IND_VIZ,6,32.49,25.84,True,synthetic_scenario_generator,26006
2020-03-23,IND_VIZ,0,23.55,18.26,True,synthetic_scenario_generator,26006
2020-03-24,IND_VIZ,4,32.1,25.51,True,synthetic_scenario_generator,26006
2020-03-25,IND_VIZ,5,21.3,16.36,True,synthetic_scenario_generator,26006
2020-03-26,IND_VIZ,5,24.95,19.45,True,synthetic_scenario_generator,26006
2020-03-27,IND_VIZ,3,20.25,15.47,True,synthetic_scenario_generator,26006
2020-03-28,IND_VIZ,3,24.52,19.08,True,synthetic_scenario_generator,26006
2020-03-29,IND_VIZ,5,24.78,19.31,True,synthetic_scenario_generator,26006
2020-03-30,IND_VIZ,3,19.07,14.47,True,synthetic_scenario_generator,26006
2020-03-31,IND_VIZ,5,20.29,15.5,True,synthetic_scenario_generator,26006
2020-04-01,IND_VIZ,5,25.57,19.97,True,synthetic_scenario_generator,26006
2020-04-02,IND_VIZ,3,26.23,20.54,True,synthetic_scenario_generator,26006
2020-04-03,IND_VIZ,5,22.1,17.03,True,synthetic_scenario_generator,26006
2020-04-04,IND_VIZ,3,27.45,21.57,True,synthetic_scenario_generator,26006
2020-04-05,IND_VIZ,3,21.99,16.94,True,synthetic_scenario_generator,26006
2020-04-06,IND_VIZ,3,20.15,15.38,True,synthetic_scenario_generator,26006
2020-04-07,IND_VIZ,3,23.04,17.83,True,synthetic_scenario_generator,26006
2020-04-08,IND_VIZ,4,19.94,15.2,True,synthetic_scenario_generator,26006
2020-04-09,IND_VIZ,4,7.06,4.29,True,synthetic_scenario_generator,26006
2020-04-10,IND_VIZ,0,19.62,14.93,True,synthetic_scenario_generator,26006
2020-04-11,IND_VIZ,4,20.93,16.04,True,synthetic_scenario_generator,26006
2020-04-12,IND_VIZ,2,14.05,10.21,True,synthetic_scenario_generator,26006
2020-04-13,IND_VIZ,3,9.42,6.29,True,synthetic_scenario_generator,26006
2020-04-14,IND_VIZ,3,15.79,11.68,True,synthetic_scenario_generator,26006
2020-04-15,IND_VIZ,4,22.3,17.2,True,synthetic_scenario_generator,26006
2020-04-16,IND_VIZ,3,23.3,18.05,True,synthetic_scenario_generator,26006
2020-04-17,IND_VIZ,4,14.6,10.67,True,synthetic_scenario_generator,26006
2020-04-18,IND_VIZ,3,15.4,11.36,True,synthetic_scenario_generator,26006
2020-04-19,IND_VIZ,2,6.98,4.22,True,synthetic_scenario_generator,26006
2020-04-20,IND_VIZ,3,17.56,13.18,True,synthetic_scenario_generator,26006
2020-04-21,IND_VIZ,4,24.57,19.13,True,synthetic_scenario_generator,26006
2020-04-22,IND_VIZ,3,19.84,15.11,True,synthetic_scenario_generator,26006
2020-04-23,IND_VIZ,1,5.53,2.99,True,synthetic_scenario_generator,26006
2020-04-24,IND_VIZ,3,15.98,11.85,True,synthetic_scenario_generator,26006
2020-04-25,IND_VIZ,5,17.14,12.83,True,synthetic_scenario_generator,26006
2020-04-26,IND_VIZ,1,18.76,14.2,True,synthetic_scenario_generator,26006
2020-04-27,IND_VIZ,3,26.35,20.64,True,synthetic_scenario_generator,26006
2020-04-28,IND_VIZ,2,14.17,10.31,True,synthetic_scenario_generator,26006
2020-04-29,IND_VIZ,4,15.6,11.52,True,synthetic_scenario_generator,26006
2020-04-30,IND_VIZ,3,29.9,23.65,True,synthetic_scenario_generator,26006
2020-05-01,IND_VIZ,3,16.85,12.58,True,synthetic_scenario_generator,26006
2020-05-02,IND_VIZ,3,24.27,18.88,True,synthetic_scenario_generator,26006
2020-05-03,IND_VIZ,4,13.41,9.67,True,synthetic_scenario_generator,26006
2020-05-04,IND_VIZ,2,12.4,8.81,True,synthetic_scenario_generator,26006
2020-05-05,IND_VIZ,3,18.99,14.4,True,synthetic_scenario_generator,26006
2020-05-06,IND_VIZ,3,16.4,12.21,True,synthetic_scenario_generator,26006
2020-05-07,IND_VIZ,5,19.78,15.07,True,synthetic_scenario_generator,26006
2020-05-08,IND_VIZ,3,18.16,13.7,True,synthetic_scenario_generator,26006
2020-05-09,IND_VIZ,5,32.11,25.52,True,synthetic_scenario_generator,26006
2020-05-10,IND_VIZ,4,21.79,16.77,True,synthetic_scenario_generator,26006
2020-05-11,IND_VIZ,3,17.33,12.99,True,synthetic_scenario_generator,26006
2020-05-12,IND_VIZ,4,23.0,17.8,True,synthetic_scenario_generator,26006
2020-05-13,IND_VIZ,2,15.1,11.1,True,synthetic_scenario_generator,26006
2020-05-14,IND_VIZ,4,24.51,19.08,True,synthetic_scenario_generator,26006
2020-05-15,IND_VIZ,1,25.15,19.62,True,synthetic_scenario_generator,26006
2020-05-16,IND_VIZ,4,29.44,23.25,True,synthetic_scenario_generator,26006
2020-05-17,IND_VIZ,4,17.65,13.27,True,synthetic_scenario_generator,26006
2020-05-18,IND_VIZ,5,26.0,20.34,True,synthetic_scenario_generator,26006
2020-05-19,IND_VIZ,2,28.08,22.1,True,synthetic_scenario_generator,26006
2020-05-20,IND_VIZ,4,24.8,19.32,True,synthetic_scenario_generator,26006
2020-05-21,IND_VIZ,6,35.85,28.69,True,synthetic_scenario_generator,26006
2020-05-22,IND_VIZ,3,21.3,16.35,True,synthetic_scenario_generator,26006
2020-05-23,IND_VIZ,5,28.73,22.66,True,synthetic_scenario_generator,26006
2020-05-24,IND_VIZ,2,33.66,26.83,True,synthetic_scenario_generator,26006
2020-05-25,IND_VIZ,3,38.82,31.21,True,synthetic_scenario_generator,26006
2020-05-26,IND_VIZ,4,27.93,21.98,True,synthetic_scenario_generator,26006
2020-05-27,IND_VIZ,3,25.83,20.19,True,synthetic_scenario_generator,26006
2020-05-28,IND_VIZ,5,31.77,25.23,True,synthetic_scenario_generator,26006
2020-05-29,IND_VIZ,6,35.03,27.99,True,synthetic_scenario_generator,26006
2020-05-30,IND_VIZ,6,37.07,29.72,True,synthetic_scenario_generator,26006
2020-05-31,IND_VIZ,4,42.09,33.97,True,synthetic_scenario_generator,26006
2020-06-01,IND_VIZ,4,43.08,34.82,True,synthetic_scenario_generator,26006
2020-06-02,IND_VIZ,4,36.54,29.27,True,synthetic_scenario_generator,26006
2020-06-03,IND_VIZ,4,30.34,24.02,True,synthetic_scenario_generator,26006
2020-06-04,IND_VIZ,5,34.33,27.4,True,synthetic_scenario_generator,26006
2020-06-05,IND_VIZ,5,41.58,33.54,True,synthetic_scenario_generator,26006
2020-06-06,IND_VIZ,3,37.63,30.19,True,synthetic_scenario_generator,26006
2020-06-07,IND_VIZ,4,46.85,38.01,True,synthetic_scenario_generator,26006
2020-06-08,IND_VIZ,5,23.68,18.37,True,synthetic_scenario_generator,26006
2020-06-09,IND_VIZ,4,37.99,30.5,True,synthetic_scenario_generator,26006
2020-06-10,IND_VIZ,5,41.4,33.39,True,synthetic_scenario_generator,26006
2020-06-11,IND_VIZ,4,25.17,19.63,True,synthetic_scenario_generator,26006
2020-06-12,IND_VIZ,4,42.01,33.9,True,synthetic_scenario_generator,26006
2020-06-13,IND_VIZ,6,41.42,33.41,True,synthetic_scenario_generator,26006
2020-06-14,IND_VIZ,4,31.85,25.29,True,synthetic_scenario_generator,26006
2020-06-15,IND_VIZ,4,33.01,26.28,True,synthetic_scenario_generator,26006
2020-06-16,IND_VIZ,5,39.49,31.77,True,synthetic_scenario_generator,26006
2020-06-17,IND_VIZ,5,36.04,28.85,True,synthetic_scenario_generator,26006
2020-06-18,IND_VIZ,4,24.21,18.83,True,synthetic_scenario_generator,26006
2020-06-19,IND_VIZ,3,27.35,21.48,True,synthetic_scenario_generator,26006
2020-06-20,IND_VIZ,6,33.14,26.39,True,synthetic_scenario_generator,26006
2020-06-21,IND_VIZ,7,40.96,33.02,True,synthetic_scenario_generator,26006
2020-06-22,IND_VIZ,3,29.98,23.71,True,synthetic_scenario_generator,26006
2020-06-23,IND_VIZ,5,30.92,24.51,True,synthetic_scenario_generator,26006
2020-06-24,IND_VIZ,4,35.76,28.61,True,synthetic_scenario_generator,26006
2020-06-25,IND_VIZ,5,29.53,23.33,True,synthetic_scenario_generator,26006
2020-06-26,IND_VIZ,6,30.82,24.42,True,synthetic_scenario_generator,26006
2020-06-27,IND_VIZ,4,33.06,26.32,True,synthetic_scenario_generator,26006
2020-06-28,IND_VIZ,4,28.21,22.21,True,synthetic_scenario_generator,26006
2020-06-29,IND_VIZ,4,37.41,30.01,True,synthetic_scenario_generator,26006
2020-06-30,IND_VIZ,5,30.0,23.73,True,synthetic_scenario_generator,26006
2020-07-01,IND_VIZ,4,18.17,13.7,True,synthetic_scenario_generator,26006
2020-07-02,IND_VIZ,3,19.73,15.02,True,synthetic_scenario_generator,26006
2020-07-03,IND_VIZ,4,28.41,22.38,True,synthetic_scenario_generator,26006
2020-07-04,IND_VIZ,6,18.9,14.32,True,synthetic_scenario_generator,26006
2020-07-05,IND_VIZ,6,28.39,22.37,True,synthetic_scenario_generator,26006
2020-07-06,IND_VIZ,3,17.86,13.44,True,synthetic_scenario_generator,26006
2020-07-07,IND_VIZ,2,30.53,24.18,True,synthetic_scenario_generator,26006
2020-07-08,IND_VIZ,2,20.12,15.36,True,synthetic_scenario_generator,26006
2020-07-09,IND_VIZ,2,17.57,13.19,True,synthetic_scenario_generator,26006
2020-07-10,IND_VIZ,3,15.87,11.75,True,synthetic_scenario_generator,26006
2020-07-11,IND_VIZ,5,22.26,17.17,True,synthetic_scenario_generator,26006
2020-07-12,IND_VIZ,4,14.18,10.32,True,synthetic_scenario_generator,26006
2020-07-13,IND_VIZ,3,20.2,15.42,True,synthetic_scenario_generator,26006
2020-07-14,IND_VIZ,1,21.57,16.59,True,synthetic_scenario_generator,26006
2020-07-15,IND_VIZ,4,17.87,13.45,True,synthetic_scenario_generator,26006
2020-07-16,IND_VIZ,4,21.81,16.79,True,synthetic_scenario_generator,26006
2020-07-17,IND_VIZ,3,11.04,7.66,True,synthetic_scenario_generator,26006
2020-07-18,IND_VIZ,2,21.56,16.58,True,synthetic_scenario_generator,26006
2020-07-19,IND_VIZ,3,16.16,12.0,True,synthetic_scenario_generator,26006
2020-07-20,IND_VIZ,4,16.34,12.15,True,synthetic_scenario_generator,26006
2020-07-21,IND_VIZ,3,18.34,13.84,True,synthetic_scenario_generator,26006
2020-07-22,IND_VIZ,4,13.03,9.35,True,synthetic_scenario_generator,26006
2020-07-23,IND_VIZ,4,21.86,16.83,True,synthetic_scenario_generator,26006
2020-07-24,IND_VIZ,3,23.3,18.05,True,synthetic_scenario_generator,26006
2020-07-25,IND_VIZ,2,12.2,8.64,True,synthetic_scenario_generator,26006
2020-07-26,IND_VIZ,4,11.08,7.7,True,synthetic_scenario_generator,26006
2020-07-27,IND_VIZ,0,10.11,6.87,True,synthetic_scenario_generator,26006
2020-07-28,IND_VIZ,4,21.92,16.88,True,synthetic_scenario_generator,26006
2020-07-29,IND_VIZ,4,17.68,13.29,True,synthetic_scenario_generator,26006
2020-07-30,IND_VIZ,4,19.22,14.59,True,synthetic_scenario_generator,26006
2020-07-31,IND_VIZ,3,21.57,16.58,True,synthetic_scenario_generator,26006
2020-08-01,IND_VIZ,3,21.08,16.17,True,synthetic_scenario_generator,26006
2020-08-02,IND_VIZ,5,27.71,21.79,True,synthetic_scenario_generator,26006
2020-08-03,IND_VIZ,4,18.21,13.74,True,synthetic_scenario_generator,26006
2020-08-04,IND_VIZ,4,27.78,21.85,True,synthetic_scenario_generator,26006
2020-08-05,IND_VIZ,3,24.14,18.76,True,synthetic_scenario_generator,26006
2020-08-06,IND_VIZ,4,24.02,18.66,True,synthetic_scenario_generator,26006
2020-08-07,IND_VIZ,5,30.98,24.56,True,synthetic_scenario_generator,26006
2020-08-08,IND_VIZ,6,31.52,25.01,True,synthetic_scenario_generator,26006
2020-08-09,IND_VIZ,3,31.27,24.81,True,synthetic_scenario_generator,26006
2020-08-10,IND_VIZ,2,19.36,14.71,True,synthetic_scenario_generator,26006
2020-08-11,IND_VIZ,1,14.36,10.48,True,synthetic_scenario_generator,26006
2020-08-12,IND_VIZ,2,23.69,18.38,True,synthetic_scenario_generator,26006
2020-08-13,IND_VIZ,4,29.22,23.07,True,synthetic_scenario_generator,26006
2020-08-14,IND_VIZ,4,26.61,20.86,True,synthetic_scenario_generator,26006
2020-08-15,IND_VIZ,4,26.89,21.1,True,synthetic_scenario_generator,26006
2020-08-16,IND_VIZ,4,28.37,22.35,True,synthetic_scenario_generator,26006
2020-08-17,IND_VIZ,3,28.43,22.4,True,synthetic_scenario_generator,26006
2020-08-18,IND_VIZ,4,32.71,26.03,True,synthetic_scenario_generator,26006
2020-08-19,IND_VIZ,3,32.32,25.69,True,synthetic_scenario_generator,26006
2020-08-20,IND_VIZ,6,34.87,27.86,True,synthetic_scenario_generator,26006
2020-08-21,IND_VIZ,7,27.6,21.69,True,synthetic_scenario_generator,26006
2020-08-22,IND_VIZ,4,29.41,23.23,True,synthetic_scenario_generator,26006
2020-08-23,IND_VIZ,5,37.31,29.93,True,synthetic_scenario_generator,26006
2020-08-24,IND_VIZ,3,26.87,21.08,True,synthetic_scenario_generator,26006
2020-08-25,IND_VIZ,2,29.69,23.47,True,synthetic_scenario_generator,26006
2020-08-26,IND_VIZ,4,39.98,32.19,True,synthetic_scenario_generator,26006
2020-08-27,IND_VIZ,5,31.48,24.99,True,synthetic_scenario_generator,26006
2020-08-28,IND_VIZ,5,37.82,30.36,True,synthetic_scenario_generator,26006
2020-08-29,IND_VIZ,5,31.12,24.68,True,synthetic_scenario_generator,26006
2020-08-30,IND_VIZ,4,39.82,32.05,True,synthetic_scenario_generator,26006
2020-08-31,IND_VIZ,4,40.82,32.9,True,synthetic_scenario_generator,26006
2020-09-01,IND_VIZ,3,23.93,18.58,True,synthetic_scenario_generator,26006
2020-09-02,IND_VIZ,6,37.59,30.16,True,synthetic_scenario_generator,26006
2020-09-03,IND_VIZ,5,32.16,25.56,True,synthetic_scenario_generator,26006
2020-09-04,IND_VIZ,6,39.38,31.67,True,synthetic_scenario_generator,26006
2020-09-05,IND_VIZ,3,31.34,24.86,True,synthetic_scenario_generator,26006
2020-09-06,IND_VIZ,6,40.42,32.56,True,synthetic_scenario_generator,26006
2020-09-07,IND_VIZ,3,27.41,21.53,True,synthetic_scenario_generator,26006
2020-09-08,IND_VIZ,6,39.33,31.63,True,synthetic_scenario_generator,26006
2020-09-09,IND_VIZ,6,26.47,20.74,True,synthetic_scenario_generator,26006
2020-09-10,IND_VIZ,3,31.83,25.28,True,synthetic_scenario_generator,26006
2020-09-11,IND_VIZ,4,29.13,22.99,True,synthetic_scenario_generator,26006
2020-09-12,IND_VIZ,6,39.63,31.89,True,synthetic_scenario_generator,26006
2020-09-13,IND_VIZ,4,37.87,30.4,True,synthetic_scenario_generator,26006
2020-09-14,IND_VIZ,4,30.78,24.39,True,synthetic_scenario_generator,26006
2020-09-15,IND_VIZ,3,31.43,24.94,True,synthetic_scenario_generator,26006
2020-09-16,IND_VIZ,4,31.3,24.83,True,synthetic_scenario_generator,26006
2020-09-17,IND_VIZ,5,39.94,32.15,True,synthetic_scenario_generator,26006
2020-09-18,IND_VIZ,5,35.91,28.73,True,synthetic_scenario_generator,26006
2020-09-19,IND_VIZ,3,28.18,22.18,True,synthetic_scenario_generator,26006
2020-09-20,IND_VIZ,6,33.38,26.59,True,synthetic_scenario_generator,26006
2020-09-21,IND_VIZ,4,30.32,24.0,True,synthetic_scenario_generator,26006
2020-09-22,IND_VIZ,3,22.83,17.65,True,synthetic_scenario_generator,26006
2020-09-23,IND_VIZ,3,38.65,31.06,True,synthetic_scenario_generator,26006
2020-09-24,IND_VIZ,6,35.14,28.08,True,synthetic_scenario_generator,26006
2020-09-25,IND_VIZ,1,25.1,19.58,True,synthetic_scenario_generator,26006
2020-09-26,IND_VIZ,3,23.15,17.92,True,synthetic_scenario_generator,26006
2020-09-27,IND_VIZ,4,24.53,19.09,True,synthetic_scenario_generator,26006
2020-09-28,IND_VIZ,5,27.17,21.33,True,synthetic_scenario_generator,26006
2020-09-29,IND_VIZ,3,18.28,13.8,True,synthetic_scenario_generator,26006
2020-09-30,IND_VIZ,3,20.03,15.28,True,synthetic_scenario_generator,26006
2020-10-01,IND_VIZ,3,21.4,16.44,True,synthetic_scenario_generator,26006
2020-10-02,IND_VIZ,2,25.25,19.7,True,synthetic_scenario_generator,26006
2020-10-03,IND_VIZ,3,13.21,9.5,True,synthetic_scenario_generator,26006
2020-10-04,IND_VIZ,4,22.46,17.34,True,synthetic_scenario_generator,26006
2020-10-05,IND_VIZ,4,18.52,14.0,True,synthetic_scenario_generator,26006
2020-10-06,IND_VIZ,4,15.09,11.09,True,synthetic_scenario_generator,26006
2020-10-07,IND_VIZ,5,22.64,17.49,True,synthetic_scenario_generator,26006
2020-10-08,IND_VIZ,5,27.25,21.4,True,synthetic_scenario_generator,26006
2020-10-09,IND_VIZ,3,15.88,11.76,True,synthetic_scenario_generator,26006
2020-10-10,IND_VIZ,3,15.11,11.11,True,synthetic_scenario_generator,26006
2020-10-11,IND_VIZ,3,13.88,10.07,True,synthetic_scenario_generator,26006
2020-10-12,IND_VIZ,3,16.39,12.19,True,synthetic_scenario_generator,26006
2020-10-13,IND_VIZ,2,17.1,12.8,True,synthetic_scenario_generator,26006
2020-10-14,IND_VIZ,3,13.37,9.63,True,synthetic_scenario_generator,26006
2020-10-15,IND_VIZ,3,12.22,8.66,True,synthetic_scenario_generator,26006
2020-10-16,IND_VIZ,4,8.14,5.2,True,synthetic_scenario_generator,26006
2020-10-17,IND_VIZ,2,15.19,11.18,True,synthetic_scenario_generator,26006
2020-10-18,IND_VIZ,2,17.76,13.36,True,synthetic_scenario_generator,26006
2020-10-19,IND_VIZ,3,18.08,13.63,True,synthetic_scenario_generator,26006
2020-10-20,IND_VIZ,2,14.72,10.78,True,synthetic_scenario_generator,26006
2020-10-21,IND_VIZ,4,16.75,12.5,True,synthetic_scenario_generator,26006
2020-10-22,IND_VIZ,4,8.88,5.83,True,synthetic_scenario_generator,26006
2020-10-23,IND_VIZ,4,19.6,14.91,True,synthetic_scenario_generator,26006
2020-10-24,IND_VIZ,3,21.62,16.63,True,synthetic_scenario_generator,26006
2020-10-25,IND_VIZ,3,17.73,13.33,True,synthetic_scenario_generator,26006
2020-10-26,IND_VIZ,3,15.27,11.25,True,synthetic_scenario_generator,26006
2020-10-27,IND_VIZ,4,22.56,17.42,True,synthetic_scenario_generator,26006
2020-10-28,IND_VIZ,3,20.68,15.83,True,synthetic_scenario_generator,26006
2020-10-29,IND_VIZ,5,19.43,14.77,True,synthetic_scenario_generator,26006
2020-10-30,IND_VIZ,4,20.57,15.74,True,synthetic_scenario_generator,26006
2020-10-31,IND_VIZ,3,14.67,10.74,True,synthetic_scenario_generator,26006
2020-11-01,IND_VIZ,4,15.74,11.64,True,synthetic_scenario_generator,26006
2020-11-02,IND_VIZ,3,21.28,16.34,True,synthetic_scenario_generator,26006
2020-11-03,IND_VIZ,4,18.92,14.34,True,synthetic_scenario_generator,26006
2020-11-04,IND_VIZ,6,17.86,13.44,True,synthetic_scenario_generator,26006
2020-11-05,IND_VIZ,2,25.26,19.71,True,synthetic_scenario_generator,26006
2020-11-06,IND_VIZ,3,24.48,19.05,True,synthetic_scenario_generator,26006
2020-11-07,IND_VIZ,3,30.48,24.13,True,synthetic_scenario_generator,26006
2020-11-08,IND_VIZ,2,16.92,12.65,True,synthetic_scenario_generator,26006
2020-11-09,IND_VIZ,3,27.55,21.65,True,synthetic_scenario_generator,26006
2020-11-10,IND_VIZ,5,20.56,15.73,True,synthetic_scenario_generator,26006
2020-11-11,IND_VIZ,3,21.77,16.76,True,synthetic_scenario_generator,26006
2020-11-12,IND_VIZ,3,32.51,25.85,True,synthetic_scenario_generator,26006
2020-11-13,IND_VIZ,5,30.02,23.74,True,synthetic_scenario_generator,26006
2020-11-14,IND_VIZ,3,34.1,27.2,True,synthetic_scenario_generator,26006
2020-11-15,IND_VIZ,4,29.24,23.08,True,synthetic_scenario_generator,26006
2020-11-16,IND_VIZ,5,31.44,24.95,True,synthetic_scenario_generator,26006
2020-11-17,IND_VIZ,2,14.04,10.2,True,synthetic_scenario_generator,26006
2020-11-18,IND_VIZ,5,32.3,25.68,True,synthetic_scenario_generator,26006
2020-11-19,IND_VIZ,7,41.15,33.18,True,synthetic_scenario_generator,26006
2020-11-20,IND_VIZ,5,32.73,26.05,True,synthetic_scenario_generator,26006
2020-11-21,IND_VIZ,5,36.33,29.09,True,synthetic_scenario_generator,26006
2020-11-22,IND_VIZ,4,36.76,29.46,True,synthetic_scenario_generator,26006
2020-11-23,IND_VIZ,3,33.1,26.36,True,synthetic_scenario_generator,26006
2020-11-24,IND_VIZ,3,33.75,26.91,True,synthetic_scenario_generator,26006
2020-11-25,IND_VIZ,5,36.35,29.11,True,synthetic_scenario_generator,26006
2020-11-26,IND_VIZ,4,35.68,28.55,True,synthetic_scenario_generator,26006
2020-11-27,IND_VIZ,4,30.7,24.32,True,synthetic_scenario_generator,26006
2020-11-28,IND_VIZ,5,28.32,22.3,True,synthetic_scenario_generator,26006
2020-11-29,IND_VIZ,5,32.3,25.67,True,synthetic_scenario_generator,26006
2020-11-30,IND_VIZ,5,32.4,25.76,True,synthetic_scenario_generator,26006
2020-12-01,IND_VIZ,3,42.56,34.38,True,synthetic_scenario_generator,26006
2020-12-02,IND_VIZ,6,31.77,25.23,True,synthetic_scenario_generator,26006
2020-12-03,IND_VIZ,4,35.71,28.56,True,synthetic_scenario_generator,26006
2020-12-04,IND_VIZ,4,19.37,14.72,True,synthetic_scenario_generator,26006
2020-12-05,IND_VIZ,2,30.3,23.99,True,synthetic_scenario_generator,26006
2020-12-06,IND_VIZ,2,32.84,26.14,True,synthetic_scenario_generator,26006
2020-12-07,IND_VIZ,5,36.13,28.93,True,synthetic_scenario_generator,26006
2020-12-08,IND_VIZ,5,41.81,33.73,True,synthetic_scenario_generator,26006
2020-12-09,IND_VIZ,4,35.18,28.12,True,synthetic_scenario_generator,26006
2020-12-10,IND_VIZ,6,39.11,31.45,True,synthetic_scenario_generator,26006
2020-12-11,IND_VIZ,4,30.04,23.76,True,synthetic_scenario_generator,26006
2020-12-12,IND_VIZ,5,36.89,29.57,True,synthetic_scenario_generator,26006
2020-12-13,IND_VIZ,3,19.64,14.95,True,synthetic_scenario_generator,26006
2020-12-14,IND_VIZ,4,29.9,23.65,True,synthetic_scenario_generator,26006
2020-12-15,IND_VIZ,5,21.78,16.76,True,synthetic_scenario_generator,26006
2020-12-16,IND_VIZ,5,35.2,28.14,True,synthetic_scenario_generator,26006
2020-12-17,IND_VIZ,4,34.7,27.71,True,synthetic_scenario_generator,26006
2020-12-18,IND_VIZ,4,20.45,15.64,True,synthetic_scenario_generator,26006
2020-12-19,IND_VIZ,3,26.53,20.79,True,synthetic_scenario_generator,26006
2020-12-20,IND_VIZ,2,35.54,28.43,True,synthetic_scenario_generator,26006
2020-12-21,IND_VIZ,3,24.45,19.02,True,synthetic_scenario_generator,26006
2020-12-22,IND_VIZ,5,32.86,26.15,True,synthetic_scenario_generator,26006
2020-12-23,IND_VIZ,3,34.69,27.71,True,synthetic_scenario_generator,26006
2020-12-24,IND_VIZ,3,12.92,9.26,True,synthetic_scenario_generator,26006
2020-12-25,IND_VIZ,5,20.57,15.74,True,synthetic_scenario_generator,26006
2020-12-26,IND_VIZ,4,24.99,19.48,True,synthetic_scenario_generator,26006
2020-12-27,IND_VIZ,3,30.97,24.55,True,synthetic_scenario_generator,26006
2020-12-28,IND_VIZ,2,21.39,16.43,True,synthetic_scenario_generator,26006
2020-12-29,IND_VIZ,3,21.89,16.85,True,synthetic_scenario_generator,26006
2020-12-30,IND_VIZ,5,14.34,10.46,True,synthetic_scenario_generator,26006
2020-12-31,IND_VIZ,3,16.57,12.35,True,synthetic_scenario_generator,26006
2021-01-01,IND_VIZ,4,29.06,22.93,True,synthetic_scenario_generator,26006
2021-01-02,IND_VIZ,3,18.83,14.26,True,synthetic_scenario_generator,26006
2021-01-03,IND_VIZ,4,13.5,9.74,True,synthetic_scenario_generator,26006
2021-01-04,IND_VIZ,2,11.52,8.06,True,synthetic_scenario_generator,26006
2021-01-05,IND_VIZ,3,23.91,18.57,True,synthetic_scenario_generator,26006
2021-01-06,IND_VIZ,4,19.08,14.47,True,synthetic_scenario_generator,26006
2021-01-07,IND_VIZ,2,6.71,3.99,True,synthetic_scenario_generator,26006
2021-01-08,IND_VIZ,4,25.23,19.69,True,synthetic_scenario_generator,26006
2021-01-09,IND_VIZ,4,23.99,18.64,True,synthetic_scenario_generator,26006
2021-01-10,IND_VIZ,2,17.33,12.99,True,synthetic_scenario_generator,26006
2021-01-11,IND_VIZ,2,11.04,7.66,True,synthetic_scenario_generator,26006
2021-01-12,IND_VIZ,2,2.42,0.35,True,synthetic_scenario_generator,26006
2021-01-13,IND_VIZ,2,13.83,10.03,True,synthetic_scenario_generator,26006
2021-01-14,IND_VIZ,2,15.36,11.32,True,synthetic_scenario_generator,26006
2021-01-15,IND_VIZ,3,10.95,7.58,True,synthetic_scenario_generator,26006
2021-01-16,IND_VIZ,3,5.2,2.72,True,synthetic_scenario_generator,26006
2021-01-17,IND_VIZ,4,12.7,9.07,True,synthetic_scenario_generator,26006
2021-01-18,IND_VIZ,0,10.7,7.37,True,synthetic_scenario_generator,26006
2021-01-19,IND_VIZ,2,20.3,15.51,True,synthetic_scenario_generator,26006
2021-01-20,IND_VIZ,3,13.58,9.81,True,synthetic_scenario_generator,26006
2021-01-21,IND_VIZ,2,7.51,4.67,True,synthetic_scenario_generator,26006
2021-01-22,IND_VIZ,4,5.37,2.85,True,synthetic_scenario_generator,26006
2021-01-23,IND_VIZ,3,12.98,9.31,True,synthetic_scenario_generator,26006
2021-01-24,IND_VIZ,3,19.73,15.03,True,synthetic_scenario_generator,26006
2021-01-25,IND_VIZ,3,23.25,18.01,True,synthetic_scenario_generator,26006
2021-01-26,IND_VIZ,5,28.95,22.84,True,synthetic_scenario_generator,26006
2021-01-27,IND_VIZ,4,18.82,14.26,True,synthetic_scenario_generator,26006
2021-01-28,IND_VIZ,1,8.22,5.27,True,synthetic_scenario_generator,26006
2021-01-29,IND_VIZ,2,17.32,12.99,True,synthetic_scenario_generator,26006
2021-01-30,IND_VIZ,2,13.54,9.78,True,synthetic_scenario_generator,26006
2021-01-31,IND_VIZ,2,15.33,11.29,True,synthetic_scenario_generator,26006
2021-02-01,IND_VIZ,1,15.05,11.06,True,synthetic_scenario_generator,26006
2021-02-02,IND_VIZ,4,20.33,15.54,True,synthetic_scenario_generator,26006
2021-02-03,IND_VIZ,4,21.59,16.6,True,synthetic_scenario_generator,26006
2021-02-04,IND_VIZ,6,20.7,15.85,True,synthetic_scenario_generator,26006
2021-02-05,IND_VIZ,3,16.27,12.09,True,synthetic_scenario_generator,26006
2021-02-06,IND_VIZ,2,25.22,19.68,True,synthetic_scenario_generator,26006
2021-02-07,IND_VIZ,3,24.13,18.75,True,synthetic_scenario_generator,26006
2021-02-08,IND_VIZ,3,18.73,14.18,True,synthetic_scenario_generator,26006
2021-02-09,IND_VIZ,6,27.52,21.62,True,synthetic_scenario_generator,26006
2021-02-10,IND_VIZ,3,25.58,19.98,True,synthetic_scenario_generator,26006
2021-02-11,IND_VIZ,5,31.98,25.41,True,synthetic_scenario_generator,26006
2021-02-12,IND_VIZ,5,25.87,20.23,True,synthetic_scenario_generator,26006
2021-02-13,IND_VIZ,4,29.37,23.2,True,synthetic_scenario_generator,26006
2021-02-14,IND_VIZ,4,24.64,19.18,True,synthetic_scenario_generator,26006
2021-02-15,IND_VIZ,4,23.27,18.03,True,synthetic_scenario_generator,26006
2021-02-16,IND_VIZ,5,23.59,18.3,True,synthetic_scenario_generator,26006
2021-02-17,IND_VIZ,4,31.47,24.98,True,synthetic_scenario_generator,26006
2021-02-18,IND_VIZ,3,27.17,21.33,True,synthetic_scenario_generator,26006
2021-02-19,IND_VIZ,6,39.5,31.78,True,synthetic_scenario_generator,26006
2021-02-20,IND_VIZ,2,31.65,25.13,True,synthetic_scenario_generator,26006
2021-02-21,IND_VIZ,3,33.83,26.98,True,synthetic_scenario_generator,26006
2021-02-22,IND_VIZ,4,21.46,16.49,True,synthetic_scenario_generator,26006
2021-02-23,IND_VIZ,3,30.14,23.85,True,synthetic_scenario_generator,26006
2021-02-24,IND_VIZ,5,29.15,23.01,True,synthetic_scenario_generator,26006
2021-02-25,IND_VIZ,6,34.78,27.78,True,synthetic_scenario_generator,26006
2021-02-26,IND_VIZ,3,24.27,18.87,True,synthetic_scenario_generator,26006
2021-02-27,IND_VIZ,5,32.07,25.48,True,synthetic_scenario_generator,26006
2021-02-28,IND_VIZ,5,32.33,25.7,True,synthetic_scenario_generator,26006
2021-03-01,IND_VIZ,4,30.93,24.52,True,synthetic_scenario_generator,26006
2021-03-02,IND_VIZ,6,37.49,30.08,True,synthetic_scenario_generator,26006
2021-03-03,IND_VIZ,4,34.42,27.47,True,synthetic_scenario_generator,26006
2021-03-04,IND_VIZ,4,21.71,16.7,True,synthetic_scenario_generator,26006
2021-03-05,IND_VIZ,5,33.31,26.53,True,synthetic_scenario_generator,26006
2021-03-06,IND_VIZ,4,32.63,25.96,True,synthetic_scenario_generator,26006
2021-03-07,IND_VIZ,4,35.37,28.28,True,synthetic_scenario_generator,26006
2021-03-08,IND_VIZ,3,31.07,24.64,True,synthetic_scenario_generator,26006
2021-03-09,IND_VIZ,3,25.39,19.83,True,synthetic_scenario_generator,26006
2021-03-10,IND_VIZ,4,24.86,19.38,True,synthetic_scenario_generator,26006
2021-03-11,IND_VIZ,5,37.59,30.16,True,synthetic_scenario_generator,26006
2021-03-12,IND_VIZ,4,34.57,27.6,True,synthetic_scenario_generator,26006
2021-03-13,IND_VIZ,3,30.68,24.3,True,synthetic_scenario_generator,26006
2021-03-14,IND_VIZ,4,25.36,19.8,True,synthetic_scenario_generator,26006
2021-03-15,IND_VIZ,5,35.95,28.77,True,synthetic_scenario_generator,26006
2021-03-16,IND_VIZ,4,18.85,14.28,True,synthetic_scenario_generator,26006
2021-03-17,IND_VIZ,2,36.89,29.57,True,synthetic_scenario_generator,26006
2021-03-18,IND_VIZ,3,12.25,8.68,True,synthetic_scenario_generator,26006
2021-03-19,IND_VIZ,5,27.77,21.84,True,synthetic_scenario_generator,26006
2021-03-20,IND_VIZ,5,30.93,24.52,True,synthetic_scenario_generator,26006
2021-03-21,IND_VIZ,5,21.0,16.1,True,synthetic_scenario_generator,26006
2021-03-22,IND_VIZ,3,25.42,19.85,True,synthetic_scenario_generator,26006
2021-03-23,IND_VIZ,2,18.73,14.18,True,synthetic_scenario_generator,26006
2021-03-24,IND_VIZ,3,23.08,17.86,True,synthetic_scenario_generator,26006
2021-03-25,IND_VIZ,3,17.6,13.22,True,synthetic_scenario_generator,26006
2021-03-26,IND_VIZ,2,32.54,25.88,True,synthetic_scenario_generator,26006
2021-03-27,IND_VIZ,5,29.42,23.23,True,synthetic_scenario_generator,26006
2021-03-28,IND_VIZ,3,13.3,9.58,True,synthetic_scenario_generator,26006
2021-03-29,IND_VIZ,2,15.53,11.46,True,synthetic_scenario_generator,26006
2021-03-30,IND_VIZ,4,16.09,11.94,True,synthetic_scenario_generator,26006
2021-03-31,IND_VIZ,5,21.46,16.49,True,synthetic_scenario_generator,26006
2021-04-01,IND_VIZ,6,22.8,17.63,True,synthetic_scenario_generator,26006
2021-04-02,IND_VIZ,3,22.63,17.48,True,synthetic_scenario_generator,26006
2021-04-03,IND_VIZ,5,19.33,14.69,True,synthetic_scenario_generator,26006
2021-04-04,IND_VIZ,1,5.72,3.15,True,synthetic_scenario_generator,26006
2021-04-05,IND_VIZ,5,18.09,13.64,True,synthetic_scenario_generator,26006
2021-04-06,IND_VIZ,0,14.89,10.93,True,synthetic_scenario_generator,26006
2021-04-07,IND_VIZ,4,19.11,14.5,True,synthetic_scenario_generator,26006
2021-04-08,IND_VIZ,5,19.87,15.14,True,synthetic_scenario_generator,26006
2021-04-09,IND_VIZ,3,14.45,10.55,True,synthetic_scenario_generator,26006
2021-04-10,IND_VIZ,3,13.73,9.94,True,synthetic_scenario_generator,26006
2021-04-11,IND_VIZ,4,24.12,18.74,True,synthetic_scenario_generator,26006
2021-04-12,IND_VIZ,3,19.98,15.24,True,synthetic_scenario_generator,26006
2021-04-13,IND_VIZ,4,15.22,11.2,True,synthetic_scenario_generator,26006
2021-04-14,IND_VIZ,2,18.51,13.99,True,synthetic_scenario_generator,26006
2021-04-15,IND_VIZ,4,15.52,11.46,True,synthetic_scenario_generator,26006
2021-04-16,IND_VIZ,3,15.56,11.49,True,synthetic_scenario_generator,26006
2021-04-17,IND_VIZ,2,11.48,8.04,True,synthetic_scenario_generator,26006
2021-04-18,IND_VIZ,3,17.56,13.19,True,synthetic_scenario_generator,26006
2021-04-19,IND_VIZ,3,17.67,13.28,True,synthetic_scenario_generator,26006
2021-04-20,IND_VIZ,4,13.26,9.54,True,synthetic_scenario_generator,26006
2021-04-21,IND_VIZ,3,15.68,11.6,True,synthetic_scenario_generator,26006
2021-04-22,IND_VIZ,3,12.51,8.91,True,synthetic_scenario_generator,26006
2021-04-23,IND_VIZ,3,10.31,7.05,True,synthetic_scenario_generator,26006
2021-04-24,IND_VIZ,3,10.65,7.33,True,synthetic_scenario_generator,26006
2021-04-25,IND_VIZ,5,14.74,10.8,True,synthetic_scenario_generator,26006
2021-04-26,IND_VIZ,2,18.65,14.11,True,synthetic_scenario_generator,26006
2021-04-27,IND_VIZ,4,15.69,11.6,True,synthetic_scenario_generator,26006
2021-04-28,IND_VIZ,4,19.21,14.59,True,synthetic_scenario_generator,26006
2021-04-29,IND_VIZ,3,21.76,16.74,True,synthetic_scenario_generator,26006
2021-04-30,IND_VIZ,3,27.03,21.21,True,synthetic_scenario_generator,26006
2021-05-01,IND_VIZ,3,20.29,15.5,True,synthetic_scenario_generator,26006
2021-05-02,IND_VIZ,5,25.85,20.21,True,synthetic_scenario_generator,26006
2021-05-03,IND_VIZ,2,20.25,15.47,True,synthetic_scenario_generator,26006
2021-05-04,IND_VIZ,4,30.58,24.22,True,synthetic_scenario_generator,26006
2021-05-05,IND_VIZ,1,16.6,12.37,True,synthetic_scenario_generator,26006
2021-05-06,IND_VIZ,5,31.82,25.28,True,synthetic_scenario_generator,26006
2021-05-07,IND_VIZ,5,16.32,12.13,True,synthetic_scenario_generator,26006
2021-05-08,IND_VIZ,4,25.4,19.83,True,synthetic_scenario_generator,26006
2021-05-09,IND_VIZ,4,21.76,16.74,True,synthetic_scenario_generator,26006
2021-05-10,IND_VIZ,4,21.44,16.48,True,synthetic_scenario_generator,26006
2021-05-11,IND_VIZ,3,29.74,23.51,True,synthetic_scenario_generator,26006
2021-05-12,IND_VIZ,3,25.06,19.54,True,synthetic_scenario_generator,26006
2021-05-13,IND_VIZ,5,31.67,25.15,True,synthetic_scenario_generator,26006
2021-05-14,IND_VIZ,4,33.85,26.99,True,synthetic_scenario_generator,26006
2021-05-15,IND_VIZ,5,21.13,16.22,True,synthetic_scenario_generator,26006
2021-05-16,IND_VIZ,5,30.64,24.27,True,synthetic_scenario_generator,26006
2021-05-17,IND_VIZ,4,19.49,14.82,True,synthetic_scenario_generator,26006
2021-05-18,IND_VIZ,4,34.38,27.44,True,synthetic_scenario_generator,26006
2021-05-19,IND_VIZ,4,25.31,19.75,True,synthetic_scenario_generator,26006
2021-05-20,IND_VIZ,3,25.94,20.29,True,synthetic_scenario_generator,26006
2021-05-21,IND_VIZ,6,33.42,26.63,True,synthetic_scenario_generator,26006
2021-05-22,IND_VIZ,5,37.75,30.3,True,synthetic_scenario_generator,26006
2021-05-23,IND_VIZ,6,31.49,25.0,True,synthetic_scenario_generator,26006
2021-05-24,IND_VIZ,4,27.67,21.75,True,synthetic_scenario_generator,26006
2021-05-25,IND_VIZ,3,27.15,21.31,True,synthetic_scenario_generator,26006
2021-05-26,IND_VIZ,6,25.29,19.73,True,synthetic_scenario_generator,26006
2021-05-27,IND_VIZ,3,29.82,23.57,True,synthetic_scenario_generator,26006
2021-05-28,IND_VIZ,5,43.17,34.89,True,synthetic_scenario_generator,26006
2021-05-29,IND_VIZ,4,30.18,23.88,True,synthetic_scenario_generator,26006
2021-05-30,IND_VIZ,6,32.02,25.44,True,synthetic_scenario_generator,26006
2021-05-31,IND_VIZ,3,39.94,32.16,True,synthetic_scenario_generator,26006
2021-06-01,IND_VIZ,7,47.85,38.85,True,synthetic_scenario_generator,26006
2021-06-02,IND_VIZ,5,37.67,30.23,True,synthetic_scenario_generator,26006
2021-06-03,IND_VIZ,5,29.92,23.66,True,synthetic_scenario_generator,26006
2021-06-04,IND_VIZ,3,44.66,36.16,True,synthetic_scenario_generator,26006
2021-06-05,IND_VIZ,6,36.74,29.44,True,synthetic_scenario_generator,26006
2021-06-06,IND_VIZ,6,47.7,38.73,True,synthetic_scenario_generator,26006
2021-06-07,IND_VIZ,4,34.31,27.38,True,synthetic_scenario_generator,26006
2021-06-08,IND_VIZ,6,38.79,31.18,True,synthetic_scenario_generator,26006
2021-06-09,IND_VIZ,1,33.24,26.47,True,synthetic_scenario_generator,26006
2021-06-10,IND_VIZ,4,30.5,24.16,True,synthetic_scenario_generator,26006
2021-06-11,IND_VIZ,5,32.68,26.0,True,synthetic_scenario_generator,26006
2021-06-12,IND_VIZ,5,46.05,37.33,True,synthetic_scenario_generator,26006
2021-06-13,IND_VIZ,3,30.54,24.19,True,synthetic_scenario_generator,26006
2021-06-14,IND_VIZ,5,45.46,36.83,True,synthetic_scenario_generator,26006
2021-06-15,IND_VIZ,4,46.42,37.65,True,synthetic_scenario_generator,26006
2021-06-16,IND_VIZ,5,29.65,23.43,True,synthetic_scenario_generator,26006
2021-06-17,IND_VIZ,4,37.03,29.69,True,synthetic_scenario_generator,26006
2021-06-18,IND_VIZ,5,28.68,22.61,True,synthetic_scenario_generator,26006
2021-06-19,IND_VIZ,5,28.55,22.5,True,synthetic_scenario_generator,26006
2021-06-20,IND_VIZ,6,36.18,28.97,True,synthetic_scenario_generator,26006
2021-06-21,IND_VIZ,3,24.54,19.1,True,synthetic_scenario_generator,26006
2021-06-22,IND_VIZ,4,30.88,24.47,True,synthetic_scenario_generator,26006
2021-06-23,IND_VIZ,5,20.2,15.42,True,synthetic_scenario_generator,26006
2021-06-24,IND_VIZ,5,31.37,24.89,True,synthetic_scenario_generator,26006
2021-06-25,IND_VIZ,3,27.06,21.24,True,synthetic_scenario_generator,26006
2021-06-26,IND_VIZ,4,33.06,26.32,True,synthetic_scenario_generator,26006
2021-06-27,IND_VIZ,4,35.64,28.51,True,synthetic_scenario_generator,26006
2021-06-28,IND_VIZ,2,24.89,19.4,True,synthetic_scenario_generator,26006
2021-06-29,IND_VIZ,5,29.86,23.61,True,synthetic_scenario_generator,26006
2021-06-30,IND_VIZ,6,16.92,12.64,True,synthetic_scenario_generator,26006
2021-07-01,IND_VIZ,4,28.9,22.8,True,synthetic_scenario_generator,26006
2021-07-02,IND_VIZ,2,28.89,22.79,True,synthetic_scenario_generator,26006
2021-07-03,IND_VIZ,3,25.05,19.54,True,synthetic_scenario_generator,26006
2021-07-04,IND_VIZ,2,15.83,11.72,True,synthetic_scenario_generator,26006
2021-07-05,IND_VIZ,4,32.36,25.73,True,synthetic_scenario_generator,26006
2021-07-06,IND_VIZ,3,16.5,12.28,True,synthetic_scenario_generator,26006
2021-07-07,IND_VIZ,3,17.86,13.44,True,synthetic_scenario_generator,26006
2021-07-08,IND_VIZ,2,11.23,7.82,True,synthetic_scenario_generator,26006
2021-07-09,IND_VIZ,4,21.48,16.51,True,synthetic_scenario_generator,26006
2021-07-10,IND_VIZ,4,21.04,16.14,True,synthetic_scenario_generator,26006
2021-07-11,IND_VIZ,5,27.16,21.33,True,synthetic_scenario_generator,26006
2021-07-12,IND_VIZ,1,13.68,9.9,True,synthetic_scenario_generator,26006
2021-07-13,IND_VIZ,1,9.03,5.96,True,synthetic_scenario_generator,26006
2021-07-14,IND_VIZ,2,18.6,14.07,True,synthetic_scenario_generator,26006
2021-07-15,IND_VIZ,5,8.56,5.56,True,synthetic_scenario_generator,26006
2021-07-16,IND_VIZ,3,21.82,16.79,True,synthetic_scenario_generator,26006
2021-07-17,IND_VIZ,4,11.51,8.06,True,synthetic_scenario_generator,26006
2021-07-18,IND_VIZ,3,19.98,15.24,True,synthetic_scenario_generator,26006
2021-07-19,IND_VIZ,2,13.28,9.56,True,synthetic_scenario_generator,26006
2021-07-20,IND_VIZ,4,13.82,10.01,True,synthetic_scenario_generator,26006
2021-07-21,IND_VIZ,3,12.14,8.6,True,synthetic_scenario_generator,26006
2021-07-22,IND_VIZ,4,19.78,15.07,True,synthetic_scenario_generator,26006
2021-07-23,IND_VIZ,3,24.58,19.14,True,synthetic_scenario_generator,26006
2021-07-24,IND_VIZ,4,21.77,16.76,True,synthetic_scenario_generator,26006
2021-07-25,IND_VIZ,1,23.31,18.06,True,synthetic_scenario_generator,26006
2021-07-26,IND_VIZ,3,24.47,19.04,True,synthetic_scenario_generator,26006
2021-07-27,IND_VIZ,5,27.46,21.58,True,synthetic_scenario_generator,26006
2021-07-28,IND_VIZ,3,13.65,9.87,True,synthetic_scenario_generator,26006
2021-07-29,IND_VIZ,3,27.33,21.46,True,synthetic_scenario_generator,26006
2021-07-30,IND_VIZ,2,23.98,18.63,True,synthetic_scenario_generator,26006
2021-07-31,IND_VIZ,2,15.12,11.12,True,synthetic_scenario_generator,26006
2021-08-01,IND_VIZ,2,17.78,13.37,True,synthetic_scenario_generator,26006
2021-08-02,IND_VIZ,3,26.06,20.39,True,synthetic_scenario_generator,26006
2021-08-03,IND_VIZ,4,32.36,25.73,True,synthetic_scenario_generator,26006
2021-08-04,IND_VIZ,5,29.39,23.21,True,synthetic_scenario_generator,26006
2021-08-05,IND_VIZ,4,30.16,23.86,True,synthetic_scenario_generator,26006
2021-08-06,IND_VIZ,1,24.98,19.47,True,synthetic_scenario_generator,26006
2021-08-07,IND_VIZ,5,23.67,18.36,True,synthetic_scenario_generator,26006
2021-08-08,IND_VIZ,3,30.49,24.15,True,synthetic_scenario_generator,26006
2021-08-09,IND_VIZ,3,21.97,16.93,True,synthetic_scenario_generator,26006
2021-08-10,IND_VIZ,4,41.37,33.37,True,synthetic_scenario_generator,26006
2021-08-11,IND_VIZ,4,16.7,12.46,True,synthetic_scenario_generator,26006
2021-08-12,IND_VIZ,4,28.41,22.38,True,synthetic_scenario_generator,26006
2021-08-13,IND_VIZ,4,22.77,17.6,True,synthetic_scenario_generator,26006
2021-08-14,IND_VIZ,5,33.96,27.09,True,synthetic_scenario_generator,26006
2021-08-15,IND_VIZ,4,32.34,25.71,True,synthetic_scenario_generator,26006
2021-08-16,IND_VIZ,4,34.49,27.53,True,synthetic_scenario_generator,26006
2021-08-17,IND_VIZ,4,30.0,23.72,True,synthetic_scenario_generator,26006
2021-08-18,IND_VIZ,5,36.45,29.2,True,synthetic_scenario_generator,26006
2021-08-19,IND_VIZ,2,31.23,24.77,True,synthetic_scenario_generator,26006
2021-08-20,IND_VIZ,4,36.84,29.52,True,synthetic_scenario_generator,26006
2021-08-21,IND_VIZ,6,39.0,31.36,True,synthetic_scenario_generator,26006
2021-08-22,IND_VIZ,5,39.61,31.87,True,synthetic_scenario_generator,26006
2021-08-23,IND_VIZ,2,29.79,23.55,True,synthetic_scenario_generator,26006
2021-08-24,IND_VIZ,4,39.78,32.02,True,synthetic_scenario_generator,26006
2021-08-25,IND_VIZ,4,32.29,25.67,True,synthetic_scenario_generator,26006
2021-08-26,IND_VIZ,5,41.8,33.73,True,synthetic_scenario_generator,26006
2021-08-27,IND_VIZ,6,35.18,28.12,True,synthetic_scenario_generator,26006
2021-08-28,IND_VIZ,4,29.88,23.62,True,synthetic_scenario_generator,26006
2021-08-29,IND_VIZ,3,34.04,27.15,True,synthetic_scenario_generator,26006
2021-08-30,IND_VIZ,3,33.38,26.59,True,synthetic_scenario_generator,26006
2021-08-31,IND_VIZ,2,34.96,27.93,True,synthetic_scenario_generator,26006
2021-09-01,IND_VIZ,4,36.26,29.04,True,synthetic_scenario_generator,26006
2021-09-02,IND_VIZ,5,32.34,25.71,True,synthetic_scenario_generator,26006
2021-09-03,IND_VIZ,5,35.38,28.29,True,synthetic_scenario_generator,26006
2021-09-04,IND_VIZ,5,36.05,28.86,True,synthetic_scenario_generator,26006
2021-09-05,IND_VIZ,4,39.36,31.66,True,synthetic_scenario_generator,26006
2021-09-06,IND_VIZ,3,23.72,18.4,True,synthetic_scenario_generator,26006
2021-09-07,IND_VIZ,3,39.32,31.63,True,synthetic_scenario_generator,26006
2021-09-08,IND_VIZ,5,34.36,27.43,True,synthetic_scenario_generator,26006
2021-09-09,IND_VIZ,3,35.0,27.97,True,synthetic_scenario_generator,26006
2021-09-10,IND_VIZ,3,32.97,26.25,True,synthetic_scenario_generator,26006
2021-09-11,IND_VIZ,5,39.84,32.07,True,synthetic_scenario_generator,26006
2021-09-12,IND_VIZ,2,28.59,22.53,True,synthetic_scenario_generator,26006
2021-09-13,IND_VIZ,5,26.99,21.18,True,synthetic_scenario_generator,26006
2021-09-14,IND_VIZ,3,29.7,23.47,True,synthetic_scenario_generator,26006
2021-09-15,IND_VIZ,3,38.02,30.53,True,synthetic_scenario_generator,26006
2021-09-16,IND_VIZ,3,28.04,22.06,True,synthetic_scenario_generator,26006
2021-09-17,IND_VIZ,3,26.93,21.13,True,synthetic_scenario_generator,26006
2021-09-18,IND_VIZ,4,28.0,22.04,True,synthetic_scenario_generator,26006
2021-09-19,IND_VIZ,6,29.1,22.97,True,synthetic_scenario_generator,26006
2021-09-20,IND_VIZ,4,32.27,25.65,True,synthetic_scenario_generator,26006
2021-09-21,IND_VIZ,4,24.4,18.98,True,synthetic_scenario_generator,26006
2021-09-22,IND_VIZ,3,31.14,24.69,True,synthetic_scenario_generator,26006
2021-09-23,IND_VIZ,3,32.49,25.84,True,synthetic_scenario_generator,26006
2021-09-24,IND_VIZ,3,27.11,21.28,True,synthetic_scenario_generator,26006
2021-09-25,IND_VIZ,4,34.39,27.45,True,synthetic_scenario_generator,26006
2021-09-26,IND_VIZ,2,19.48,14.81,True,synthetic_scenario_generator,26006
2021-09-27,IND_VIZ,4,30.78,24.39,True,synthetic_scenario_generator,26006
2021-09-28,IND_VIZ,3,27.69,21.77,True,synthetic_scenario_generator,26006
2021-09-29,IND_VIZ,4,30.4,24.07,True,synthetic_scenario_generator,26006
2021-09-30,IND_VIZ,3,20.2,15.42,True,synthetic_scenario_generator,26006
2021-10-01,IND_VIZ,2,27.41,21.54,True,synthetic_scenario_generator,26006
2021-10-02,IND_VIZ,4,19.22,14.6,True,synthetic_scenario_generator,26006
2021-10-03,IND_VIZ,2,13.53,9.77,True,synthetic_scenario_generator,26006
2021-10-04,IND_VIZ,4,11.27,7.86,True,synthetic_scenario_generator,26006
2021-10-05,IND_VIZ,3,7.41,4.58,True,synthetic_scenario_generator,26006
2021-10-06,IND_VIZ,4,17.37,13.03,True,synthetic_scenario_generator,26006
2021-10-07,IND_VIZ,2,7.91,5.01,True,synthetic_scenario_generator,26006
2021-10-08,IND_VIZ,4,13.49,9.74,True,synthetic_scenario_generator,26006
2021-10-09,IND_VIZ,2,12.0,8.47,True,synthetic_scenario_generator,26006
2021-10-10,IND_VIZ,5,19.71,15.01,True,synthetic_scenario_generator,26006
2021-10-11,IND_VIZ,5,19.74,15.04,True,synthetic_scenario_generator,26006
2021-10-12,IND_VIZ,3,12.49,8.89,True,synthetic_scenario_generator,26006
2021-10-13,IND_VIZ,5,18.02,13.58,True,synthetic_scenario_generator,26006
2021-10-14,IND_VIZ,2,13.87,10.06,True,synthetic_scenario_generator,26006
2021-10-15,IND_VIZ,3,7.24,4.44,True,synthetic_scenario_generator,26006
2021-10-16,IND_VIZ,5,20.23,15.45,True,synthetic_scenario_generator,26006
2021-10-17,IND_VIZ,4,24.33,18.92,True,synthetic_scenario_generator,26006
2021-10-18,IND_VIZ,3,16.74,12.49,True,synthetic_scenario_generator,26006
2021-10-19,IND_VIZ,3,15.71,11.62,True,synthetic_scenario_generator,26006
2021-10-20,IND_VIZ,3,15.42,11.37,True,synthetic_scenario_generator,26006
2021-10-21,IND_VIZ,4,11.0,7.63,True,synthetic_scenario_generator,26006
2021-10-22,IND_VIZ,5,20.08,15.33,True,synthetic_scenario_generator,26006
2021-10-23,IND_VIZ,3,3.18,1.0,True,synthetic_scenario_generator,26006
2021-10-24,IND_VIZ,2,13.44,9.7,True,synthetic_scenario_generator,26006
2021-10-25,IND_VIZ,6,16.97,12.69,True,synthetic_scenario_generator,26006
2021-10-26,IND_VIZ,3,13.51,9.75,True,synthetic_scenario_generator,26006
2021-10-27,IND_VIZ,3,22.43,17.32,True,synthetic_scenario_generator,26006
2021-10-28,IND_VIZ,3,14.63,10.71,True,synthetic_scenario_generator,26006
2021-10-29,IND_VIZ,2,16.92,12.65,True,synthetic_scenario_generator,26006
2021-10-30,IND_VIZ,4,26.44,20.71,True,synthetic_scenario_generator,26006
2021-10-31,IND_VIZ,4,21.55,16.56,True,synthetic_scenario_generator,26006
2021-11-01,IND_VIZ,3,28.21,22.21,True,synthetic_scenario_generator,26006
2021-11-02,IND_VIZ,2,22.74,17.57,True,synthetic_scenario_generator,26006
2021-11-03,IND_VIZ,4,27.16,21.32,True,synthetic_scenario_generator,26006
2021-11-04,IND_VIZ,4,28.24,22.24,True,synthetic_scenario_generator,26006
2021-11-05,IND_VIZ,2,23.88,18.54,True,synthetic_scenario_generator,26006
2021-11-06,IND_VIZ,4,29.07,22.94,True,synthetic_scenario_generator,26006
2021-11-07,IND_VIZ,3,30.04,23.77,True,synthetic_scenario_generator,26006
2021-11-08,IND_VIZ,4,18.56,14.03,True,synthetic_scenario_generator,26006
2021-11-09,IND_VIZ,3,24.35,18.94,True,synthetic_scenario_generator,26006
2021-11-10,IND_VIZ,4,24.26,18.86,True,synthetic_scenario_generator,26006
2021-11-11,IND_VIZ,5,26.42,20.7,True,synthetic_scenario_generator,26006
2021-11-12,IND_VIZ,4,31.56,25.05,True,synthetic_scenario_generator,26006
2021-11-13,IND_VIZ,2,32.28,25.66,True,synthetic_scenario_generator,26006
2021-11-14,IND_VIZ,4,31.31,24.84,True,synthetic_scenario_generator,26006
2021-11-15,IND_VIZ,5,34.83,27.82,True,synthetic_scenario_generator,26006
2021-11-16,IND_VIZ,4,37.85,30.38,True,synthetic_scenario_generator,26006
2021-11-17,IND_VIZ,4,33.86,27.0,True,synthetic_scenario_generator,26006
2021-11-18,IND_VIZ,6,38.1,30.59,True,synthetic_scenario_generator,26006
2021-11-19,IND_VIZ,4,34.51,27.55,True,synthetic_scenario_generator,26006
2021-11-20,IND_VIZ,3,34.08,27.18,True,synthetic_scenario_generator,26006
2021-11-21,IND_VIZ,4,35.06,28.02,True,synthetic_scenario_generator,26006
2021-11-22,IND_VIZ,4,23.02,17.81,True,synthetic_scenario_generator,26006
2021-11-23,IND_VIZ,4,41.57,33.53,True,synthetic_scenario_generator,26006
2021-11-24,IND_VIZ,5,34.17,27.26,True,synthetic_scenario_generator,26006
2021-11-25,IND_VIZ,3,34.36,27.43,True,synthetic_scenario_generator,26006
2021-11-26,IND_VIZ,5,38.56,30.98,True,synthetic_scenario_generator,26006
2021-11-27,IND_VIZ,5,25.96,20.31,True,synthetic_scenario_generator,26006
2021-11-28,IND_VIZ,4,35.31,28.23,True,synthetic_scenario_generator,26006
2021-11-29,IND_VIZ,3,35.63,28.5,True,synthetic_scenario_generator,26006
2021-11-30,IND_VIZ,5,36.99,29.65,True,synthetic_scenario_generator,26006
2021-12-01,IND_VIZ,5,39.53,31.8,True,synthetic_scenario_generator,26006
2021-12-02,IND_VIZ,5,30.5,24.16,True,synthetic_scenario_generator,26006
2021-12-03,IND_VIZ,5,29.23,23.08,True,synthetic_scenario_generator,26006
2021-12-04,IND_VIZ,3,28.48,22.44,True,synthetic_scenario_generator,26006
2021-12-05,IND_VIZ,5,28.06,22.08,True,synthetic_scenario_generator,26006
2021-12-06,IND_VIZ,3,32.06,25.48,True,synthetic_scenario_generator,26006
2021-12-07,IND_VIZ,6,31.33,24.86,True,synthetic_scenario_generator,26006
2021-12-08,IND_VIZ,5,28.11,22.12,True,synthetic_scenario_generator,26006
2021-12-09,IND_VIZ,4,30.59,24.23,True,synthetic_scenario_generator,26006
2021-12-10,IND_VIZ,3,17.04,12.74,True,synthetic_scenario_generator,26006
2021-12-11,IND_VIZ,4,37.39,29.99,True,synthetic_scenario_generator,26006
2021-12-12,IND_VIZ,3,28.73,22.65,True,synthetic_scenario_generator,26006
2021-12-13,IND_VIZ,3,24.88,19.39,True,synthetic_scenario_generator,26006
2021-12-14,IND_VIZ,4,29.95,23.69,True,synthetic_scenario_generator,26006
2021-12-15,IND_VIZ,4,27.89,21.94,True,synthetic_scenario_generator,26006
2021-12-16,IND_VIZ,6,29.77,23.53,True,synthetic_scenario_generator,26006
2021-12-17,IND_VIZ,4,20.41,15.6,True,synthetic_scenario_generator,26006
2021-12-18,IND_VIZ,4,21.2,16.27,True,synthetic_scenario_generator,26006
2021-12-19,IND_VIZ,5,27.88,21.93,True,synthetic_scenario_generator,26006
2021-12-20,IND_VIZ,4,24.85,19.36,True,synthetic_scenario_generator,26006
2021-12-21,IND_VIZ,3,16.42,12.22,True,synthetic_scenario_generator,26006
2021-12-22,IND_VIZ,3,20.4,15.6,True,synthetic_scenario_generator,26006
2021-12-23,IND_VIZ,4,12.49,8.89,True,synthetic_scenario_generator,26006
2021-12-24,IND_VIZ,5,22.0,16.95,True,synthetic_scenario_generator,26006
2021-12-25,IND_VIZ,4,13.24,9.52,True,synthetic_scenario_generator,26006
2021-12-26,IND_VIZ,4,14.27,10.4,True,synthetic_scenario_generator,26006
2021-12-27,IND_VIZ,4,29.55,23.35,True,synthetic_scenario_generator,26006
2021-12-28,IND_VIZ,1,22.72,17.56,True,synthetic_scenario_generator,26006
2021-12-29,IND_VIZ,3,6.7,3.99,True,synthetic_scenario_generator,26006
2021-12-30,IND_VIZ,1,16.19,12.03,True,synthetic_scenario_generator,26006
2021-12-31,IND_VIZ,4,20.0,15.25,True,synthetic_scenario_generator,26006
2022-01-01,IND_VIZ,5,13.32,9.6,True,synthetic_scenario_generator,26006
2022-01-02,IND_VIZ,2,19.13,14.51,True,synthetic_scenario_generator,26006
2022-01-03,IND_VIZ,4,18.24,13.76,True,synthetic_scenario_generator,26006
2022-01-04,IND_VIZ,3,10.1,6.86,True,synthetic_scenario_generator,26006
2022-01-05,IND_VIZ,2,14.92,10.95,True,synthetic_scenario_generator,26006
2022-01-06,IND_VIZ,6,19.4,14.75,True,synthetic_scenario_generator,26006
2022-01-07,IND_VIZ,3,8.04,5.12,True,synthetic_scenario_generator,26006
2022-01-08,IND_VIZ,2,7.93,5.03,True,synthetic_scenario_generator,26006
2022-01-09,IND_VIZ,4,15.84,11.73,True,synthetic_scenario_generator,26006
2022-01-10,IND_VIZ,3,8.1,5.17,True,synthetic_scenario_generator,26006
2022-01-11,IND_VIZ,2,13.5,9.74,True,synthetic_scenario_generator,26006
2022-01-12,IND_VIZ,2,6.74,4.02,True,synthetic_scenario_generator,26006
2022-01-13,IND_VIZ,1,11.28,7.86,True,synthetic_scenario_generator,26006
2022-01-14,IND_VIZ,2,15.32,11.29,True,synthetic_scenario_generator,26006
2022-01-15,IND_VIZ,2,2.0,0.0,True,synthetic_scenario_generator,26006
2022-01-16,IND_VIZ,2,14.4,10.51,True,synthetic_scenario_generator,26006
2022-01-17,IND_VIZ,3,14.34,10.45,True,synthetic_scenario_generator,26006
2022-01-18,IND_VIZ,3,18.61,14.08,True,synthetic_scenario_generator,26006
2022-01-19,IND_VIZ,3,12.54,8.93,True,synthetic_scenario_generator,26006
2022-01-20,IND_VIZ,3,9.22,6.12,True,synthetic_scenario_generator,26006
2022-01-21,IND_VIZ,3,14.46,10.56,True,synthetic_scenario_generator,26006
2022-01-22,IND_VIZ,3,14.61,10.68,True,synthetic_scenario_generator,26006
2022-01-23,IND_VIZ,3,16.09,11.94,True,synthetic_scenario_generator,26006
2022-01-24,IND_VIZ,3,25.51,19.93,True,synthetic_scenario_generator,26006
2022-01-25,IND_VIZ,3,14.4,10.51,True,synthetic_scenario_generator,26006
2022-01-26,IND_VIZ,4,18.43,13.92,True,synthetic_scenario_generator,26006
2022-01-27,IND_VIZ,3,14.0,10.17,True,synthetic_scenario_generator,26006
2022-01-28,IND_VIZ,5,14.98,11.0,True,synthetic_scenario_generator,26006
2022-01-29,IND_VIZ,5,15.6,11.52,True,synthetic_scenario_generator,26006
2022-01-30,IND_VIZ,4,20.1,15.34,True,synthetic_scenario_generator,26006
2022-01-31,IND_VIZ,4,19.91,15.18,True,synthetic_scenario_generator,26006
2022-02-01,IND_VIZ,4,19.71,15.01,True,synthetic_scenario_generator,26006
2022-02-02,IND_VIZ,4,22.32,17.22,True,synthetic_scenario_generator,26006
2022-02-03,IND_VIZ,0,14.87,10.91,True,synthetic_scenario_generator,26006
2022-02-04,IND_VIZ,4,13.65,9.87,True,synthetic_scenario_generator,26006
2022-02-05,IND_VIZ,5,25.62,20.02,True,synthetic_scenario_generator,26006
2022-02-06,IND_VIZ,4,27.33,21.46,True,synthetic_scenario_generator,26006
2022-02-07,IND_VIZ,5,13.62,9.85,True,synthetic_scenario_generator,26006
2022-02-08,IND_VIZ,3,19.44,14.78,True,synthetic_scenario_generator,26006
2022-02-09,IND_VIZ,4,24.67,19.21,True,synthetic_scenario_generator,26006
2022-02-10,IND_VIZ,4,21.8,16.78,True,synthetic_scenario_generator,26006
2022-02-11,IND_VIZ,2,24.56,19.12,True,synthetic_scenario_generator,26006
2022-02-12,IND_VIZ,4,22.9,17.71,True,synthetic_scenario_generator,26006
2022-02-13,IND_VIZ,3,24.67,19.21,True,synthetic_scenario_generator,26006
2022-02-14,IND_VIZ,5,28.93,22.82,True,synthetic_scenario_generator,26006
2022-02-15,IND_VIZ,5,26.66,20.9,True,synthetic_scenario_generator,26006
2022-02-16,IND_VIZ,4,32.25,25.64,True,synthetic_scenario_generator,26006
2022-02-17,IND_VIZ,4,33.23,26.47,True,synthetic_scenario_generator,26006
2022-02-18,IND_VIZ,6,28.09,22.11,True,synthetic_scenario_generator,26006
2022-02-19,IND_VIZ,4,22.47,17.35,True,synthetic_scenario_generator,26006
2022-02-20,IND_VIZ,5,24.21,18.82,True,synthetic_scenario_generator,26006
2022-02-21,IND_VIZ,3,31.65,25.13,True,synthetic_scenario_generator,26006
2022-02-22,IND_VIZ,4,28.5,22.46,True,synthetic_scenario_generator,26006
2022-02-23,IND_VIZ,5,27.94,21.98,True,synthetic_scenario_generator,26006
2022-02-24,IND_VIZ,7,41.46,33.44,True,synthetic_scenario_generator,26006
2022-02-25,IND_VIZ,4,22.69,17.53,True,synthetic_scenario_generator,26006
2022-02-26,IND_VIZ,4,29.1,22.96,True,synthetic_scenario_generator,26006
2022-02-27,IND_VIZ,5,44.75,36.23,True,synthetic_scenario_generator,26006
2022-02-28,IND_VIZ,4,32.1,25.51,True,synthetic_scenario_generator,26006
2022-03-01,IND_VIZ,2,27.58,21.68,True,synthetic_scenario_generator,26006
2022-03-02,IND_VIZ,4,32.6,25.93,True,synthetic_scenario_generator,26006
2022-03-03,IND_VIZ,5,31.55,25.04,True,synthetic_scenario_generator,26006
2022-03-04,IND_VIZ,4,27.64,21.73,True,synthetic_scenario_generator,26006
2022-03-05,IND_VIZ,4,31.08,24.64,True,synthetic_scenario_generator,26006
2022-03-06,IND_VIZ,4,40.36,32.5,True,synthetic_scenario_generator,26006
2022-03-07,IND_VIZ,4,27.37,21.5,True,synthetic_scenario_generator,26006
2022-03-08,IND_VIZ,4,30.69,24.31,True,synthetic_scenario_generator,26006
2022-03-09,IND_VIZ,4,34.9,27.88,True,synthetic_scenario_generator,26006
2022-03-10,IND_VIZ,3,20.44,15.63,True,synthetic_scenario_generator,26006
2022-03-11,IND_VIZ,6,28.23,22.23,True,synthetic_scenario_generator,26006
2022-03-12,IND_VIZ,5,24.52,19.08,True,synthetic_scenario_generator,26006
2022-03-13,IND_VIZ,3,25.44,19.87,True,synthetic_scenario_generator,26006
2022-03-14,IND_VIZ,5,26.53,20.79,True,synthetic_scenario_generator,26006
2022-03-15,IND_VIZ,5,32.97,26.25,True,synthetic_scenario_generator,26006
2022-03-16,IND_VIZ,4,23.34,18.08,True,synthetic_scenario_generator,26006
2022-03-17,IND_VIZ,4,30.16,23.86,True,synthetic_scenario_generator,26006
2022-03-18,IND_VIZ,5,13.94,10.12,True,synthetic_scenario_generator,26006
2022-03-19,IND_VIZ,4,22.56,17.43,True,synthetic_scenario_generator,26006
2022-03-20,IND_VIZ,3,30.99,24.57,True,synthetic_scenario_generator,26006
2022-03-21,IND_VIZ,1,21.4,16.44,True,synthetic_scenario_generator,26006
2022-03-22,IND_VIZ,2,13.13,9.43,True,synthetic_scenario_generator,26006
2022-03-23,IND_VIZ,3,13.41,9.67,True,synthetic_scenario_generator,26006
2022-03-24,IND_VIZ,1,20.72,15.86,True,synthetic_scenario_generator,26006
2022-03-25,IND_VIZ,4,28.96,22.84,True,synthetic_scenario_generator,26006
2022-03-26,IND_VIZ,2,16.91,12.64,True,synthetic_scenario_generator,26006
2022-03-27,IND_VIZ,5,26.49,20.75,True,synthetic_scenario_generator,26006
2022-03-28,IND_VIZ,2,19.51,14.84,True,synthetic_scenario_generator,26006
2022-03-29,IND_VIZ,4,22.09,17.03,True,synthetic_scenario_generator,26006
2022-03-30,IND_VIZ,0,8.29,5.33,True,synthetic_scenario_generator,26006
2022-03-31,IND_VIZ,3,11.6,8.14,True,synthetic_scenario_generator,26006
2022-04-01,IND_VIZ,4,18.97,14.38,True,synthetic_scenario_generator,26006
2022-04-02,IND_VIZ,3,18.46,13.95,True,synthetic_scenario_generator,26006
2022-04-03,IND_VIZ,4,18.0,13.56,True,synthetic_scenario_generator,26006
2022-04-04,IND_VIZ,1,20.68,15.83,True,synthetic_scenario_generator,26006
2022-04-05,IND_VIZ,4,6.95,4.19,True,synthetic_scenario_generator,26006
2022-04-06,IND_VIZ,2,5.39,2.88,True,synthetic_scenario_generator,26006
2022-04-07,IND_VIZ,1,8.87,5.82,True,synthetic_scenario_generator,26006
2022-04-08,IND_VIZ,4,14.72,10.78,True,synthetic_scenario_generator,26006
2022-04-09,IND_VIZ,3,5.01,2.55,True,synthetic_scenario_generator,26006
2022-04-10,IND_VIZ,4,11.38,7.95,True,synthetic_scenario_generator,26006
2022-04-11,IND_VIZ,2,11.58,8.12,True,synthetic_scenario_generator,26006
2022-04-12,IND_VIZ,4,13.58,9.82,True,synthetic_scenario_generator,26006
2022-04-13,IND_VIZ,4,12.94,9.27,True,synthetic_scenario_generator,26006
2022-04-14,IND_VIZ,6,20.35,15.55,True,synthetic_scenario_generator,26006
2022-04-15,IND_VIZ,5,17.84,13.43,True,synthetic_scenario_generator,26006
2022-04-16,IND_VIZ,5,28.42,22.39,True,synthetic_scenario_generator,26006
2022-04-17,IND_VIZ,4,8.93,5.87,True,synthetic_scenario_generator,26006
2022-04-18,IND_VIZ,2,15.54,11.47,True,synthetic_scenario_generator,26006
2022-04-19,IND_VIZ,3,5.64,3.08,True,synthetic_scenario_generator,26006
2022-04-20,IND_VIZ,5,21.89,16.85,True,synthetic_scenario_generator,26006
2022-04-21,IND_VIZ,2,9.12,6.03,True,synthetic_scenario_generator,26006
2022-04-22,IND_VIZ,2,13.98,10.16,True,synthetic_scenario_generator,26006
2022-04-23,IND_VIZ,5,20.9,16.01,True,synthetic_scenario_generator,26006
2022-04-24,IND_VIZ,3,19.51,14.84,True,synthetic_scenario_generator,26006
2022-04-25,IND_VIZ,4,19.8,15.08,True,synthetic_scenario_generator,26006
2022-04-26,IND_VIZ,5,18.01,13.57,True,synthetic_scenario_generator,26006
2022-04-27,IND_VIZ,3,15.69,11.6,True,synthetic_scenario_generator,26006
2022-04-28,IND_VIZ,4,14.06,10.22,True,synthetic_scenario_generator,26006
2022-04-29,IND_VIZ,4,21.92,16.88,True,synthetic_scenario_generator,26006
2022-04-30,IND_VIZ,3,22.2,17.12,True,synthetic_scenario_generator,26006
2022-05-01,IND_VIZ,2,23.47,18.19,True,synthetic_scenario_generator,26006
2022-05-02,IND_VIZ,4,26.99,21.18,True,synthetic_scenario_generator,26006
2022-05-03,IND_VIZ,6,18.0,13.56,True,synthetic_scenario_generator,26006
2022-05-04,IND_VIZ,5,29.08,22.95,True,synthetic_scenario_generator,26006
2022-05-05,IND_VIZ,4,20.54,15.72,True,synthetic_scenario_generator,26006
2022-05-06,IND_VIZ,6,32.87,26.16,True,synthetic_scenario_generator,26006
2022-05-07,IND_VIZ,4,28.64,22.58,True,synthetic_scenario_generator,26006
2022-05-08,IND_VIZ,4,30.87,24.47,True,synthetic_scenario_generator,26006
2022-05-09,IND_VIZ,2,23.15,17.92,True,synthetic_scenario_generator,26006
2022-05-10,IND_VIZ,7,33.67,26.84,True,synthetic_scenario_generator,26006
2022-05-11,IND_VIZ,3,32.57,25.91,True,synthetic_scenario_generator,26006
2022-05-12,IND_VIZ,4,30.6,24.24,True,synthetic_scenario_generator,26006
2022-05-13,IND_VIZ,3,26.55,20.81,True,synthetic_scenario_generator,26006
2022-05-14,IND_VIZ,4,33.14,26.39,True,synthetic_scenario_generator,26006
2022-05-15,IND_VIZ,4,32.7,26.02,True,synthetic_scenario_generator,26006
2022-05-16,IND_VIZ,5,28.87,22.77,True,synthetic_scenario_generator,26006
2022-05-17,IND_VIZ,4,29.63,23.41,True,synthetic_scenario_generator,26006
2022-05-18,IND_VIZ,3,27.57,21.67,True,synthetic_scenario_generator,26006
2022-05-19,IND_VIZ,4,24.48,19.05,True,synthetic_scenario_generator,26006
2022-05-20,IND_VIZ,3,37.1,29.74,True,synthetic_scenario_generator,26006
2022-05-21,IND_VIZ,4,41.51,33.48,True,synthetic_scenario_generator,26006
2022-05-22,IND_VIZ,3,31.89,25.33,True,synthetic_scenario_generator,26006
2022-05-23,IND_VIZ,7,16.47,12.27,True,synthetic_scenario_generator,26006
2022-05-24,IND_VIZ,4,38.97,31.33,True,synthetic_scenario_generator,26006
2022-05-25,IND_VIZ,4,36.67,29.38,True,synthetic_scenario_generator,26006
2022-05-26,IND_VIZ,3,33.36,26.57,True,synthetic_scenario_generator,26006
2022-05-27,IND_VIZ,4,30.48,24.13,True,synthetic_scenario_generator,26006
2022-05-28,IND_VIZ,6,41.5,33.48,True,synthetic_scenario_generator,26006
2022-05-29,IND_VIZ,4,35.42,28.32,True,synthetic_scenario_generator,26006
2022-05-30,IND_VIZ,3,26.01,20.35,True,synthetic_scenario_generator,26006
2022-05-31,IND_VIZ,4,35.83,28.67,True,synthetic_scenario_generator,26006
2022-06-01,IND_VIZ,2,41.25,33.27,True,synthetic_scenario_generator,26006
2022-06-02,IND_VIZ,5,35.18,28.12,True,synthetic_scenario_generator,26006
2022-06-03,IND_VIZ,4,45.0,36.44,True,synthetic_scenario_generator,26006
2022-06-04,IND_VIZ,4,35.01,27.97,True,synthetic_scenario_generator,26006
2022-06-05,IND_VIZ,8,39.78,32.02,True,synthetic_scenario_generator,26006
2022-06-06,IND_VIZ,4,29.08,22.95,True,synthetic_scenario_generator,26006
2022-06-07,IND_VIZ,4,31.63,25.11,True,synthetic_scenario_generator,26006
2022-06-08,IND_VIZ,4,44.9,36.36,True,synthetic_scenario_generator,26006
2022-06-09,IND_VIZ,1,36.62,29.34,True,synthetic_scenario_generator,26006
2022-06-10,IND_VIZ,4,36.24,29.02,True,synthetic_scenario_generator,26006
2022-06-11,IND_VIZ,5,40.88,32.95,True,synthetic_scenario_generator,26006
2022-06-12,IND_VIZ,4,30.76,24.37,True,synthetic_scenario_generator,26006
2022-06-13,IND_VIZ,5,23.36,18.1,True,synthetic_scenario_generator,26006
2022-06-14,IND_VIZ,5,32.02,25.44,True,synthetic_scenario_generator,26006
2022-06-15,IND_VIZ,3,38.41,30.86,True,synthetic_scenario_generator,26006
2022-06-16,IND_VIZ,3,31.96,25.39,True,synthetic_scenario_generator,26006
2022-06-17,IND_VIZ,6,35.44,28.34,True,synthetic_scenario_generator,26006
2022-06-18,IND_VIZ,3,29.82,23.57,True,synthetic_scenario_generator,26006
2022-06-19,IND_VIZ,5,39.19,31.52,True,synthetic_scenario_generator,26006
2022-06-20,IND_VIZ,2,21.48,16.51,True,synthetic_scenario_generator,26006
2022-06-21,IND_VIZ,3,15.81,11.71,True,synthetic_scenario_generator,26006
2022-06-22,IND_VIZ,4,27.39,21.52,True,synthetic_scenario_generator,26006
2022-06-23,IND_VIZ,1,28.8,22.72,True,synthetic_scenario_generator,26006
2022-06-24,IND_VIZ,4,21.1,16.18,True,synthetic_scenario_generator,26006
2022-06-25,IND_VIZ,3,35.52,28.4,True,synthetic_scenario_generator,26006
2022-06-26,IND_VIZ,4,19.49,14.82,True,synthetic_scenario_generator,26006
2022-06-27,IND_VIZ,2,17.59,13.21,True,synthetic_scenario_generator,26006
2022-06-28,IND_VIZ,3,30.14,23.85,True,synthetic_scenario_generator,26006
2022-06-29,IND_VIZ,4,26.16,20.47,True,synthetic_scenario_generator,26006
2022-06-30,IND_VIZ,3,13.29,9.57,True,synthetic_scenario_generator,26006
2022-07-01,IND_VIZ,5,19.93,15.2,True,synthetic_scenario_generator,26006
2022-07-02,IND_VIZ,1,18.34,13.85,True,synthetic_scenario_generator,26006
2022-07-03,IND_VIZ,3,17.57,13.19,True,synthetic_scenario_generator,26006
2022-07-04,IND_VIZ,5,15.65,11.57,True,synthetic_scenario_generator,26006
2022-07-05,IND_VIZ,3,10.66,7.34,True,synthetic_scenario_generator,26006
2022-07-06,IND_VIZ,2,15.48,11.42,True,synthetic_scenario_generator,26006
2022-07-07,IND_VIZ,3,14.01,10.18,True,synthetic_scenario_generator,26006
2022-07-08,IND_VIZ,3,12.13,8.58,True,synthetic_scenario_generator,26006
2022-07-09,IND_VIZ,4,21.06,16.15,True,synthetic_scenario_generator,26006
2022-07-10,IND_VIZ,2,17.29,12.96,True,synthetic_scenario_generator,26006
2022-07-11,IND_VIZ,4,20.29,15.5,True,synthetic_scenario_generator,26006
2022-07-12,IND_VIZ,5,23.62,18.32,True,synthetic_scenario_generator,26006
2022-07-13,IND_VIZ,4,12.89,9.23,True,synthetic_scenario_generator,26006
2022-07-14,IND_VIZ,4,17.37,13.03,True,synthetic_scenario_generator,26006
2022-07-15,IND_VIZ,2,10.99,7.62,True,synthetic_scenario_generator,26006
2022-07-16,IND_VIZ,4,14.96,10.99,True,synthetic_scenario_generator,26006
2022-07-17,IND_VIZ,4,19.17,14.55,True,synthetic_scenario_generator,26006
2022-07-18,IND_VIZ,3,16.63,12.4,True,synthetic_scenario_generator,26006
2022-07-19,IND_VIZ,3,18.04,13.6,True,synthetic_scenario_generator,26006
2022-07-20,IND_VIZ,3,21.81,16.79,True,synthetic_scenario_generator,26006
2022-07-21,IND_VIZ,6,21.14,16.22,True,synthetic_scenario_generator,26006
2022-07-22,IND_VIZ,3,19.4,14.75,True,synthetic_scenario_generator,26006
2022-07-23,IND_VIZ,3,20.38,15.58,True,synthetic_scenario_generator,26006
2022-07-24,IND_VIZ,2,14.29,10.42,True,synthetic_scenario_generator,26006
2022-07-25,IND_VIZ,3,24.16,18.78,True,synthetic_scenario_generator,26006
2022-07-26,IND_VIZ,3,20.66,15.81,True,synthetic_scenario_generator,26006
2022-07-27,IND_VIZ,3,17.65,13.27,True,synthetic_scenario_generator,26006
2022-07-28,IND_VIZ,3,22.99,17.79,True,synthetic_scenario_generator,26006
2022-07-29,IND_VIZ,3,19.76,15.05,True,synthetic_scenario_generator,26006
2022-07-30,IND_VIZ,4,22.36,17.25,True,synthetic_scenario_generator,26006
2022-07-31,IND_VIZ,3,28.01,22.04,True,synthetic_scenario_generator,26006
2022-08-01,IND_VIZ,4,25.18,19.64,True,synthetic_scenario_generator,26006
2022-08-02,IND_VIZ,5,17.71,13.31,True,synthetic_scenario_generator,26006
2022-08-03,IND_VIZ,4,35.93,28.75,True,synthetic_scenario_generator,26006
2022-08-04,IND_VIZ,6,32.37,25.74,True,synthetic_scenario_generator,26006
2022-08-05,IND_VIZ,2,17.82,13.41,True,synthetic_scenario_generator,26006
2022-08-06,IND_VIZ,4,24.98,19.47,True,synthetic_scenario_generator,26006
2022-08-07,IND_VIZ,4,27.66,21.75,True,synthetic_scenario_generator,26006
2022-08-08,IND_VIZ,6,38.83,31.21,True,synthetic_scenario_generator,26006
2022-08-09,IND_VIZ,5,28.31,22.29,True,synthetic_scenario_generator,26006
2022-08-10,IND_VIZ,3,25.75,20.13,True,synthetic_scenario_generator,26006
2022-08-11,IND_VIZ,4,34.93,27.91,True,synthetic_scenario_generator,26006
2022-08-12,IND_VIZ,4,30.09,23.81,True,synthetic_scenario_generator,26006
2022-08-13,IND_VIZ,4,30.92,24.51,True,synthetic_scenario_generator,26006
2022-08-14,IND_VIZ,5,35.09,28.04,True,synthetic_scenario_generator,26006
2022-08-15,IND_VIZ,4,39.48,31.76,True,synthetic_scenario_generator,26006
2022-08-16,IND_VIZ,3,32.09,25.5,True,synthetic_scenario_generator,26006
2022-08-17,IND_VIZ,3,32.11,25.52,True,synthetic_scenario_generator,26006
2022-08-18,IND_VIZ,3,32.41,25.77,True,synthetic_scenario_generator,26006
2022-08-19,IND_VIZ,5,33.69,26.86,True,synthetic_scenario_generator,26006
2022-08-20,IND_VIZ,5,42.6,34.41,True,synthetic_scenario_generator,26006
2022-08-21,IND_VIZ,5,36.65,29.36,True,synthetic_scenario_generator,26006
2022-08-22,IND_VIZ,3,35.18,28.12,True,synthetic_scenario_generator,26006
2022-08-23,IND_VIZ,4,36.31,29.08,True,synthetic_scenario_generator,26006
2022-08-24,IND_VIZ,4,26.13,20.45,True,synthetic_scenario_generator,26006
2022-08-25,IND_VIZ,2,30.15,23.85,True,synthetic_scenario_generator,26006
2022-08-26,IND_VIZ,5,25.19,19.65,True,synthetic_scenario_generator,26006
2022-08-27,IND_VIZ,5,41.58,33.54,True,synthetic_scenario_generator,26006
2022-08-28,IND_VIZ,5,31.51,25.0,True,synthetic_scenario_generator,26006
2022-08-29,IND_VIZ,5,43.28,34.99,True,synthetic_scenario_generator,26006
2022-08-30,IND_VIZ,5,39.18,31.51,True,synthetic_scenario_generator,26006
2022-08-31,IND_VIZ,5,35.64,28.51,True,synthetic_scenario_generator,26006
2022-09-01,IND_VIZ,5,26.09,20.41,True,synthetic_scenario_generator,26006
2022-09-02,IND_VIZ,2,25.96,20.3,True,synthetic_scenario_generator,26006
2022-09-03,IND_VIZ,6,42.27,34.13,True,synthetic_scenario_generator,26006
2022-09-04,IND_VIZ,4,38.8,31.18,True,synthetic_scenario_generator,26006
2022-09-05,IND_VIZ,5,34.9,27.88,True,synthetic_scenario_generator,26006
2022-09-06,IND_VIZ,5,25.75,20.13,True,synthetic_scenario_generator,26006
2022-09-07,IND_VIZ,4,29.1,22.96,True,synthetic_scenario_generator,26006
2022-09-08,IND_VIZ,3,30.84,24.44,True,synthetic_scenario_generator,26006
2022-09-09,IND_VIZ,4,36.28,29.05,True,synthetic_scenario_generator,26006
2022-09-10,IND_VIZ,6,40.14,32.33,True,synthetic_scenario_generator,26006
2022-09-11,IND_VIZ,4,24.26,18.87,True,synthetic_scenario_generator,26006
2022-09-12,IND_VIZ,5,24.64,19.19,True,synthetic_scenario_generator,26006
2022-09-13,IND_VIZ,6,37.9,30.42,True,synthetic_scenario_generator,26006
2022-09-14,IND_VIZ,4,24.96,19.46,True,synthetic_scenario_generator,26006
2022-09-15,IND_VIZ,2,33.67,26.84,True,synthetic_scenario_generator,26006
2022-09-16,IND_VIZ,2,26.08,20.41,True,synthetic_scenario_generator,26006
2022-09-17,IND_VIZ,4,37.33,29.94,True,synthetic_scenario_generator,26006
2022-09-18,IND_VIZ,4,25.34,19.78,True,synthetic_scenario_generator,26006
2022-09-19,IND_VIZ,1,18.65,14.11,True,synthetic_scenario_generator,26006
2022-09-20,IND_VIZ,3,18.14,13.68,True,synthetic_scenario_generator,26006
2022-09-21,IND_VIZ,1,20.56,15.73,True,synthetic_scenario_generator,26006
2022-09-22,IND_VIZ,3,24.83,19.35,True,synthetic_scenario_generator,26006
2022-09-23,IND_VIZ,4,17.0,12.71,True,synthetic_scenario_generator,26006
2022-09-24,IND_VIZ,4,26.13,20.45,True,synthetic_scenario_generator,26006
2022-09-25,IND_VIZ,4,23.46,18.18,True,synthetic_scenario_generator,26006
2022-09-26,IND_VIZ,3,24.44,19.02,True,synthetic_scenario_generator,26006
2022-09-27,IND_VIZ,2,18.89,14.32,True,synthetic_scenario_generator,26006
2022-09-28,IND_VIZ,4,26.98,21.17,True,synthetic_scenario_generator,26006
2022-09-29,IND_VIZ,1,14.16,10.31,True,synthetic_scenario_generator,26006
2022-09-30,IND_VIZ,3,10.21,6.95,True,synthetic_scenario_generator,26006
2022-10-01,IND_VIZ,4,16.75,12.5,True,synthetic_scenario_generator,26006
2022-10-02,IND_VIZ,1,5.01,2.55,True,synthetic_scenario_generator,26006
2022-10-03,IND_VIZ,4,13.06,9.37,True,synthetic_scenario_generator,26006
2022-10-04,IND_VIZ,3,26.05,20.38,True,synthetic_scenario_generator,26006
2022-10-05,IND_VIZ,3,12.08,8.55,True,synthetic_scenario_generator,26006
2022-10-06,IND_VIZ,3,16.73,12.48,True,synthetic_scenario_generator,26006
2022-10-07,IND_VIZ,5,7.76,4.88,True,synthetic_scenario_generator,26006
2022-10-08,IND_VIZ,3,21.49,16.52,True,synthetic_scenario_generator,26006
2022-10-09,IND_VIZ,5,12.32,8.75,True,synthetic_scenario_generator,26006
2022-10-10,IND_VIZ,5,31.48,24.98,True,synthetic_scenario_generator,26006
2022-10-11,IND_VIZ,3,14.62,10.69,True,synthetic_scenario_generator,26006
2022-10-12,IND_VIZ,1,12.61,8.99,True,synthetic_scenario_generator,26006
2022-10-13,IND_VIZ,3,20.73,15.87,True,synthetic_scenario_generator,26006
2022-10-14,IND_VIZ,6,21.91,16.87,True,synthetic_scenario_generator,26006
2022-10-15,IND_VIZ,0,12.05,8.52,True,synthetic_scenario_generator,26006
2022-10-16,IND_VIZ,3,20.75,15.89,True,synthetic_scenario_generator,26006
2022-10-17,IND_VIZ,4,22.26,17.17,True,synthetic_scenario_generator,26006
2022-10-18,IND_VIZ,4,13.79,9.99,True,synthetic_scenario_generator,26006
2022-10-19,IND_VIZ,3,9.06,5.98,True,synthetic_scenario_generator,26006
2022-10-20,IND_VIZ,3,18.53,14.01,True,synthetic_scenario_generator,26006
2022-10-21,IND_VIZ,4,17.74,13.34,True,synthetic_scenario_generator,26006
2022-10-22,IND_VIZ,5,19.58,14.9,True,synthetic_scenario_generator,26006
2022-10-23,IND_VIZ,4,11.8,8.3,True,synthetic_scenario_generator,26006
2022-10-24,IND_VIZ,1,19.9,15.17,True,synthetic_scenario_generator,26006
2022-10-25,IND_VIZ,2,16.59,12.37,True,synthetic_scenario_generator,26006
2022-10-26,IND_VIZ,1,13.67,9.89,True,synthetic_scenario_generator,26006
2022-10-27,IND_VIZ,3,17.53,13.16,True,synthetic_scenario_generator,26006
2022-10-28,IND_VIZ,2,14.22,10.36,True,synthetic_scenario_generator,26006
2022-10-29,IND_VIZ,3,25.07,19.55,True,synthetic_scenario_generator,26006
2022-10-30,IND_VIZ,4,15.92,11.8,True,synthetic_scenario_generator,26006
2022-10-31,IND_VIZ,3,21.82,16.8,True,synthetic_scenario_generator,26006
2022-11-01,IND_VIZ,4,23.9,18.56,True,synthetic_scenario_generator,26006
2022-11-02,IND_VIZ,4,28.01,22.05,True,synthetic_scenario_generator,26006
2022-11-03,IND_VIZ,3,29.57,23.37,True,synthetic_scenario_generator,26006
2022-11-04,IND_VIZ,2,24.39,18.98,True,synthetic_scenario_generator,26006
2022-11-05,IND_VIZ,1,19.43,14.77,True,synthetic_scenario_generator,26006
2022-11-06,IND_VIZ,5,31.8,25.25,True,synthetic_scenario_generator,26006
2022-11-07,IND_VIZ,4,28.58,22.53,True,synthetic_scenario_generator,26006
2022-11-08,IND_VIZ,3,25.67,20.06,True,synthetic_scenario_generator,26006
2022-11-09,IND_VIZ,4,22.01,16.96,True,synthetic_scenario_generator,26006
2022-11-10,IND_VIZ,4,34.0,27.12,True,synthetic_scenario_generator,26006
2022-11-11,IND_VIZ,3,32.81,26.11,True,synthetic_scenario_generator,26006
2022-11-12,IND_VIZ,6,23.38,18.11,True,synthetic_scenario_generator,26006
2022-11-13,IND_VIZ,5,37.11,29.76,True,synthetic_scenario_generator,26006
2022-11-14,IND_VIZ,4,29.09,22.96,True,synthetic_scenario_generator,26006
2022-11-15,IND_VIZ,3,23.83,18.5,True,synthetic_scenario_generator,26006
2022-11-16,IND_VIZ,4,37.89,30.41,True,synthetic_scenario_generator,26006
2022-11-17,IND_VIZ,4,34.06,27.17,True,synthetic_scenario_generator,26006
2022-11-18,IND_VIZ,3,30.63,24.26,True,synthetic_scenario_generator,26006
2022-11-19,IND_VIZ,4,31.76,25.22,True,synthetic_scenario_generator,26006
2022-11-20,IND_VIZ,4,33.78,26.93,True,synthetic_scenario_generator,26006
2022-11-21,IND_VIZ,5,40.68,32.78,True,synthetic_scenario_generator,26006
2022-11-22,IND_VIZ,5,32.52,25.87,True,synthetic_scenario_generator,26006
2022-11-23,IND_VIZ,4,41.26,33.27,True,synthetic_scenario_generator,26006
2022-11-24,IND_VIZ,4,37.4,30.0,True,synthetic_scenario_generator,26006
2022-11-25,IND_VIZ,3,35.64,28.51,True,synthetic_scenario_generator,26006
2022-11-26,IND_VIZ,5,37.77,30.31,True,synthetic_scenario_generator,26006
2022-11-27,IND_VIZ,5,44.75,36.23,True,synthetic_scenario_generator,26006
2022-11-28,IND_VIZ,3,18.19,13.72,True,synthetic_scenario_generator,26006
2022-11-29,IND_VIZ,3,34.86,27.85,True,synthetic_scenario_generator,26006
2022-11-30,IND_VIZ,3,28.0,22.03,True,synthetic_scenario_generator,26006
2022-12-01,IND_VIZ,4,31.1,24.66,True,synthetic_scenario_generator,26006
2022-12-02,IND_VIZ,4,29.05,22.92,True,synthetic_scenario_generator,26006
2022-12-03,IND_VIZ,3,28.11,22.12,True,synthetic_scenario_generator,26006
2022-12-04,IND_VIZ,6,43.52,35.18,True,synthetic_scenario_generator,26006
2022-12-05,IND_VIZ,5,27.24,21.39,True,synthetic_scenario_generator,26006
2022-12-06,IND_VIZ,5,34.18,27.27,True,synthetic_scenario_generator,26006
2022-12-07,IND_VIZ,5,27.49,21.6,True,synthetic_scenario_generator,26006
2022-12-08,IND_VIZ,3,20.99,16.09,True,synthetic_scenario_generator,26006
2022-12-09,IND_VIZ,3,29.39,23.21,True,synthetic_scenario_generator,26006
2022-12-10,IND_VIZ,4,28.94,22.83,True,synthetic_scenario_generator,26006
2022-12-11,IND_VIZ,2,20.23,15.45,True,synthetic_scenario_generator,26006
2022-12-12,IND_VIZ,4,29.77,23.54,True,synthetic_scenario_generator,26006
2022-12-13,IND_VIZ,4,32.16,25.56,True,synthetic_scenario_generator,26006
2022-12-14,IND_VIZ,0,19.95,15.21,True,synthetic_scenario_generator,26006
2022-12-15,IND_VIZ,4,27.71,21.79,True,synthetic_scenario_generator,26006
2022-12-16,IND_VIZ,5,29.0,22.88,True,synthetic_scenario_generator,26006
2022-12-17,IND_VIZ,2,28.66,22.6,True,synthetic_scenario_generator,26006
2022-12-18,IND_VIZ,4,17.98,13.55,True,synthetic_scenario_generator,26006
2022-12-19,IND_VIZ,2,20.25,15.47,True,synthetic_scenario_generator,26006
2022-12-20,IND_VIZ,3,15.21,11.2,True,synthetic_scenario_generator,26006
2022-12-21,IND_VIZ,4,21.06,16.15,True,synthetic_scenario_generator,26006
2022-12-22,IND_VIZ,4,28.73,22.65,True,synthetic_scenario_generator,26006
2022-12-23,IND_VIZ,3,19.64,14.95,True,synthetic_scenario_generator,26006
2022-12-24,IND_VIZ,3,21.34,16.39,True,synthetic_scenario_generator,26006
2022-12-25,IND_VIZ,3,20.87,15.99,True,synthetic_scenario_generator,26006
2022-12-26,IND_VIZ,4,9.37,6.25,True,synthetic_scenario_generator,26006
2022-12-27,IND_VIZ,1,12.63,9.01,True,synthetic_scenario_generator,26006
2022-12-28,IND_VIZ,3,18.18,13.71,True,synthetic_scenario_generator,26006
2022-12-29,IND_VIZ,4,24.36,18.95,True,synthetic_scenario_generator,26006
2022-12-30,IND_VIZ,5,19.85,15.13,True,synthetic_scenario_generator,26006
2022-12-31,IND_VIZ,4,19.44,14.78,True,synthetic_scenario_generator,26006
2023-01-01,IND_VIZ,2,21.93,16.89,True,synthetic_scenario_generator,26006
2023-01-02,IND_VIZ,4,9.07,5.99,True,synthetic_scenario_generator,26006
2023-01-03,IND_VIZ,4,19.01,14.41,True,synthetic_scenario_generator,26006
2023-01-04,IND_VIZ,2,10.65,7.33,True,synthetic_scenario_generator,26006
2023-01-05,IND_VIZ,3,14.62,10.69,True,synthetic_scenario_generator,26006
2023-01-06,IND_VIZ,3,12.7,9.07,True,synthetic_scenario_generator,26006
2023-01-07,IND_VIZ,1,8.63,5.62,True,synthetic_scenario_generator,26006
2023-01-08,IND_VIZ,4,20.35,15.55,True,synthetic_scenario_generator,26006
2023-01-09,IND_VIZ,4,17.99,13.55,True,synthetic_scenario_generator,26006
2023-01-10,IND_VIZ,4,15.72,11.63,True,synthetic_scenario_generator,26006
2023-01-11,IND_VIZ,2,13.58,9.81,True,synthetic_scenario_generator,26006
2023-01-12,IND_VIZ,1,4.91,2.47,True,synthetic_scenario_generator,26006
2023-01-13,IND_VIZ,4,14.88,10.92,True,synthetic_scenario_generator,26006
2023-01-14,IND_VIZ,4,7.38,4.56,True,synthetic_scenario_generator,26006
2023-01-15,IND_VIZ,2,15.18,11.17,True,synthetic_scenario_generator,26006
2023-01-16,IND_VIZ,2,16.96,12.68,True,synthetic_scenario_generator,26006
2023-01-17,IND_VIZ,4,16.65,12.41,True,synthetic_scenario_generator,26006
2023-01-18,IND_VIZ,3,9.52,6.37,True,synthetic_scenario_generator,26006
2023-01-19,IND_VIZ,0,7.65,4.79,True,synthetic_scenario_generator,26006
2023-01-20,IND_VIZ,3,17.74,13.34,True,synthetic_scenario_generator,26006
2023-01-21,IND_VIZ,3,32.64,25.97,True,synthetic_scenario_generator,26006
2023-01-22,IND_VIZ,2,15.19,11.18,True,synthetic_scenario_generator,26006
2023-01-23,IND_VIZ,2,18.26,13.78,True,synthetic_scenario_generator,26006
2023-01-24,IND_VIZ,3,14.31,10.43,True,synthetic_scenario_generator,26006
2023-01-25,IND_VIZ,4,22.05,16.99,True,synthetic_scenario_generator,26006
2023-01-26,IND_VIZ,3,18.87,14.3,True,synthetic_scenario_generator,26006
2023-01-27,IND_VIZ,3,23.68,18.37,True,synthetic_scenario_generator,26006
2023-01-28,IND_VIZ,6,16.84,12.58,True,synthetic_scenario_generator,26006
2023-01-29,IND_VIZ,2,12.33,8.75,True,synthetic_scenario_generator,26006
2023-01-30,IND_VIZ,3,15.37,11.33,True,synthetic_scenario_generator,26006
2023-01-31,IND_VIZ,2,26.7,20.93,True,synthetic_scenario_generator,26006
2023-02-01,IND_VIZ,2,23.2,17.96,True,synthetic_scenario_generator,26006
2023-02-02,IND_VIZ,3,24.41,19.0,True,synthetic_scenario_generator,26006
2023-02-03,IND_VIZ,3,23.31,18.06,True,synthetic_scenario_generator,26006
2023-02-04,IND_VIZ,4,28.45,22.42,True,synthetic_scenario_generator,26006
2023-02-05,IND_VIZ,3,24.26,18.86,True,synthetic_scenario_generator,26006
2023-02-06,IND_VIZ,5,38.48,30.91,True,synthetic_scenario_generator,26006
2023-02-07,IND_VIZ,5,21.38,16.42,True,synthetic_scenario_generator,26006
2023-02-08,IND_VIZ,5,31.23,24.77,True,synthetic_scenario_generator,26006
2023-02-09,IND_VIZ,2,28.89,22.79,True,synthetic_scenario_generator,26006
2023-02-10,IND_VIZ,3,24.81,19.33,True,synthetic_scenario_generator,26006
2023-02-11,IND_VIZ,5,33.16,26.4,True,synthetic_scenario_generator,26006
2023-02-12,IND_VIZ,4,36.64,29.35,True,synthetic_scenario_generator,26006
2023-02-13,IND_VIZ,4,32.66,25.98,True,synthetic_scenario_generator,26006
2023-02-14,IND_VIZ,4,22.71,17.55,True,synthetic_scenario_generator,26006
2023-02-15,IND_VIZ,2,28.63,22.56,True,synthetic_scenario_generator,26006
2023-02-16,IND_VIZ,4,30.26,23.95,True,synthetic_scenario_generator,26006
2023-02-17,IND_VIZ,4,17.47,13.11,True,synthetic_scenario_generator,26006
2023-02-18,IND_VIZ,5,33.89,27.03,True,synthetic_scenario_generator,26006
2023-02-19,IND_VIZ,3,26.96,21.15,True,synthetic_scenario_generator,26006
2023-02-20,IND_VIZ,5,34.44,27.49,True,synthetic_scenario_generator,26006
2023-02-21,IND_VIZ,3,28.3,22.29,True,synthetic_scenario_generator,26006
2023-02-22,IND_VIZ,5,24.62,19.17,True,synthetic_scenario_generator,26006
2023-02-23,IND_VIZ,3,28.73,22.66,True,synthetic_scenario_generator,26006
2023-02-24,IND_VIZ,5,33.54,26.73,True,synthetic_scenario_generator,26006
2023-02-25,IND_VIZ,5,25.72,20.1,True,synthetic_scenario_generator,26006
2023-02-26,IND_VIZ,5,25.24,19.7,True,synthetic_scenario_generator,26006
2023-02-27,IND_VIZ,4,25.93,20.28,True,synthetic_scenario_generator,26006
2023-02-28,IND_VIZ,2,18.99,14.4,True,synthetic_scenario_generator,26006
2023-03-01,IND_VIZ,4,24.04,18.67,True,synthetic_scenario_generator,26006
2023-03-02,IND_VIZ,5,18.72,14.17,True,synthetic_scenario_generator,26006
2023-03-03,IND_VIZ,6,30.94,24.53,True,synthetic_scenario_generator,26006
2023-03-04,IND_VIZ,4,28.37,22.35,True,synthetic_scenario_generator,26006
2023-03-05,IND_VIZ,4,30.13,23.84,True,synthetic_scenario_generator,26006
2023-03-06,IND_VIZ,5,30.4,24.06,True,synthetic_scenario_generator,26006
2023-03-07,IND_VIZ,4,21.72,16.71,True,synthetic_scenario_generator,26006
2023-03-08,IND_VIZ,4,25.37,19.8,True,synthetic_scenario_generator,26006
2023-03-09,IND_VIZ,4,19.66,14.96,True,synthetic_scenario_generator,26006
2023-03-10,IND_VIZ,5,27.98,22.02,True,synthetic_scenario_generator,26006
2023-03-11,IND_VIZ,3,19.75,15.05,True,synthetic_scenario_generator,26006
2023-03-12,IND_VIZ,2,25.63,20.03,True,synthetic_scenario_generator,26006
2023-03-13,IND_VIZ,5,21.77,16.75,True,synthetic_scenario_generator,26006
2023-03-14,IND_VIZ,4,18.36,13.87,True,synthetic_scenario_generator,26006
2023-03-15,IND_VIZ,3,21.57,16.58,True,synthetic_scenario_generator,26006
2023-03-16,IND_VIZ,3,25.11,19.59,True,synthetic_scenario_generator,26006
2023-03-17,IND_VIZ,4,14.34,10.46,True,synthetic_scenario_generator,26006
2023-03-18,IND_VIZ,3,12.47,8.87,True,synthetic_scenario_generator,26006
2023-03-19,IND_VIZ,4,18.75,14.19,True,synthetic_scenario_generator,26006
2023-03-20,IND_VIZ,4,10.99,7.62,True,synthetic_scenario_generator,26006
2023-03-21,IND_VIZ,2,24.48,19.06,True,synthetic_scenario_generator,26006
2023-03-22,IND_VIZ,2,16.46,12.25,True,synthetic_scenario_generator,26006
2023-03-23,IND_VIZ,4,21.54,16.56,True,synthetic_scenario_generator,26006
2023-03-24,IND_VIZ,3,12.85,9.19,True,synthetic_scenario_generator,26006
2023-03-25,IND_VIZ,3,10.05,6.82,True,synthetic_scenario_generator,26006
2023-03-26,IND_VIZ,2,20.54,15.71,True,synthetic_scenario_generator,26006
2023-03-27,IND_VIZ,3,19.83,15.11,True,synthetic_scenario_generator,26006
2023-03-28,IND_VIZ,1,14.67,10.73,True,synthetic_scenario_generator,26006
2023-03-29,IND_VIZ,2,12.46,8.86,True,synthetic_scenario_generator,26006
2023-03-30,IND_VIZ,3,15.49,11.43,True,synthetic_scenario_generator,26006
2023-03-31,IND_VIZ,1,16.05,11.9,True,synthetic_scenario_generator,26006
2023-04-01,IND_VIZ,5,19.63,14.94,True,synthetic_scenario_generator,26006
2023-04-02,IND_VIZ,2,17.54,13.17,True,synthetic_scenario_generator,26006
2023-04-03,IND_VIZ,2,17.44,13.08,True,synthetic_scenario_generator,26006
2023-04-04,IND_VIZ,4,32.49,25.84,True,synthetic_scenario_generator,26006
2023-04-05,IND_VIZ,3,26.73,20.96,True,synthetic_scenario_generator,26006
2023-04-06,IND_VIZ,3,14.61,10.69,True,synthetic_scenario_generator,26006
2023-04-07,IND_VIZ,3,7.05,4.28,True,synthetic_scenario_generator,26006
2023-04-08,IND_VIZ,2,10.72,7.39,True,synthetic_scenario_generator,26006
2023-04-09,IND_VIZ,5,24.25,18.86,True,synthetic_scenario_generator,26006
2023-04-10,IND_VIZ,1,4.51,2.13,True,synthetic_scenario_generator,26006
2023-04-11,IND_VIZ,3,17.84,13.42,True,synthetic_scenario_generator,26006
2023-04-12,IND_VIZ,3,10.59,7.28,True,synthetic_scenario_generator,26006
2023-04-13,IND_VIZ,2,10.5,7.21,True,synthetic_scenario_generator,26006
2023-04-14,IND_VIZ,2,10.51,7.21,True,synthetic_scenario_generator,26006
2023-04-15,IND_VIZ,3,11.93,8.41,True,synthetic_scenario_generator,26006
2023-04-16,IND_VIZ,2,14.85,10.89,True,synthetic_scenario_generator,26006
2023-04-17,IND_VIZ,4,20.49,15.67,True,synthetic_scenario_generator,26006
2023-04-18,IND_VIZ,5,24.91,19.41,True,synthetic_scenario_generator,26006
2023-04-19,IND_VIZ,2,23.89,18.55,True,synthetic_scenario_generator,26006
2023-04-20,IND_VIZ,2,11.43,7.99,True,synthetic_scenario_generator,26006
2023-04-21,IND_VIZ,3,19.89,15.16,True,synthetic_scenario_generator,26006
2023-04-22,IND_VIZ,4,26.38,20.66,True,synthetic_scenario_generator,26006
2023-04-23,IND_VIZ,4,28.42,22.39,True,synthetic_scenario_generator,26006
2023-04-24,IND_VIZ,3,20.44,15.63,True,synthetic_scenario_generator,26006
2023-04-25,IND_VIZ,4,26.17,20.48,True,synthetic_scenario_generator,26006
2023-04-26,IND_VIZ,4,27.62,21.71,True,synthetic_scenario_generator,26006
2023-04-27,IND_VIZ,3,25.52,19.94,True,synthetic_scenario_generator,26006
2023-04-28,IND_VIZ,5,28.33,22.31,True,synthetic_scenario_generator,26006
2023-04-29,IND_VIZ,3,20.08,15.32,True,synthetic_scenario_generator,26006
2023-04-30,IND_VIZ,5,18.6,14.06,True,synthetic_scenario_generator,26006
2023-05-01,IND_VIZ,3,29.87,23.62,True,synthetic_scenario_generator,26006
2023-05-02,IND_VIZ,2,21.12,16.2,True,synthetic_scenario_generator,26006
2023-05-03,IND_VIZ,5,20.67,15.82,True,synthetic_scenario_generator,26006
2023-05-04,IND_VIZ,3,28.01,22.04,True,synthetic_scenario_generator,26006
2023-05-05,IND_VIZ,4,27.94,21.98,True,synthetic_scenario_generator,26006
2023-05-06,IND_VIZ,3,31.28,24.82,True,synthetic_scenario_generator,26006
2023-05-07,IND_VIZ,4,27.73,21.8,True,synthetic_scenario_generator,26006
2023-05-08,IND_VIZ,2,23.24,18.0,True,synthetic_scenario_generator,26006
2023-05-09,IND_VIZ,6,27.87,21.92,True,synthetic_scenario_generator,26006
2023-05-10,IND_VIZ,4,28.42,22.39,True,synthetic_scenario_generator,26006
2023-05-11,IND_VIZ,4,20.98,16.08,True,synthetic_scenario_generator,26006
2023-05-12,IND_VIZ,5,36.78,29.48,True,synthetic_scenario_generator,26006
2023-05-13,IND_VIZ,4,35.61,28.48,True,synthetic_scenario_generator,26006
2023-05-14,IND_VIZ,3,36.59,29.31,True,synthetic_scenario_generator,26006
2023-05-15,IND_VIZ,4,34.53,27.56,True,synthetic_scenario_generator,26006
2023-05-16,IND_VIZ,5,31.62,25.1,True,synthetic_scenario_generator,26006
2023-05-17,IND_VIZ,3,36.8,29.49,True,synthetic_scenario_generator,26006
2023-05-18,IND_VIZ,2,28.66,22.59,True,synthetic_scenario_generator,26006
2023-05-19,IND_VIZ,2,29.17,23.03,True,synthetic_scenario_generator,26006
2023-05-20,IND_VIZ,5,27.15,21.31,True,synthetic_scenario_generator,26006
2023-05-21,IND_VIZ,5,34.42,27.48,True,synthetic_scenario_generator,26006
2023-05-22,IND_VIZ,4,27.67,21.76,True,synthetic_scenario_generator,26006
2023-05-23,IND_VIZ,3,33.42,26.63,True,synthetic_scenario_generator,26006
2023-05-24,IND_VIZ,5,37.78,30.33,True,synthetic_scenario_generator,26006
2023-05-25,IND_VIZ,4,37.79,30.33,True,synthetic_scenario_generator,26006
2023-05-26,IND_VIZ,4,34.8,27.79,True,synthetic_scenario_generator,26006
2023-05-27,IND_VIZ,2,27.49,21.6,True,synthetic_scenario_generator,26006
2023-05-28,IND_VIZ,6,35.5,28.39,True,synthetic_scenario_generator,26006
2023-05-29,IND_VIZ,4,33.55,26.74,True,synthetic_scenario_generator,26006
2023-05-30,IND_VIZ,8,43.13,34.85,True,synthetic_scenario_generator,26006
2023-05-31,IND_VIZ,5,37.62,30.18,True,synthetic_scenario_generator,26006
2023-06-01,IND_VIZ,7,48.48,39.39,True,synthetic_scenario_generator,26006
2023-06-02,IND_VIZ,5,21.51,16.54,True,synthetic_scenario_generator,26006
2023-06-03,IND_VIZ,4,30.84,24.44,True,synthetic_scenario_generator,26006
2023-06-04,IND_VIZ,3,35.19,28.13,True,synthetic_scenario_generator,26006
2023-06-05,IND_VIZ,4,40.72,32.81,True,synthetic_scenario_generator,26006
2023-06-06,IND_VIZ,6,43.46,35.14,True,synthetic_scenario_generator,26006
2023-06-07,IND_VIZ,3,28.62,22.56,True,synthetic_scenario_generator,26006
2023-06-08,IND_VIZ,3,31.37,24.89,True,synthetic_scenario_generator,26006
2023-06-09,IND_VIZ,4,43.65,35.29,True,synthetic_scenario_generator,26006
2023-06-10,IND_VIZ,3,33.2,26.44,True,synthetic_scenario_generator,26006
2023-06-11,IND_VIZ,5,20.88,16.0,True,synthetic_scenario_generator,26006
2023-06-12,IND_VIZ,4,26.02,20.36,True,synthetic_scenario_generator,26006
2023-06-13,IND_VIZ,3,28.64,22.58,True,synthetic_scenario_generator,26006
2023-06-14,IND_VIZ,1,29.88,23.63,True,synthetic_scenario_generator,26006
2023-06-15,IND_VIZ,4,32.95,26.23,True,synthetic_scenario_generator,26006
2023-06-16,IND_VIZ,4,27.72,21.8,True,synthetic_scenario_generator,26006
2023-06-17,IND_VIZ,2,18.57,14.05,True,synthetic_scenario_generator,26006
2023-06-18,IND_VIZ,3,20.71,15.86,True,synthetic_scenario_generator,26006
2023-06-19,IND_VIZ,2,25.8,20.17,True,synthetic_scenario_generator,26006
2023-06-20,IND_VIZ,4,28.25,22.25,True,synthetic_scenario_generator,26006
2023-06-21,IND_VIZ,3,26.17,20.48,True,synthetic_scenario_generator,26006
2023-06-22,IND_VIZ,3,20.09,15.33,True,synthetic_scenario_generator,26006
2023-06-23,IND_VIZ,3,18.17,13.7,True,synthetic_scenario_generator,26006
2023-06-24,IND_VIZ,5,25.49,19.9,True,synthetic_scenario_generator,26006
2023-06-25,IND_VIZ,1,20.63,15.79,True,synthetic_scenario_generator,26006
2023-06-26,IND_VIZ,3,27.22,21.37,True,synthetic_scenario_generator,26006
2023-06-27,IND_VIZ,4,13.49,9.73,True,synthetic_scenario_generator,26006
2023-06-28,IND_VIZ,4,29.98,23.72,True,synthetic_scenario_generator,26006
2023-06-29,IND_VIZ,1,9.25,6.15,True,synthetic_scenario_generator,26006
2023-06-30,IND_VIZ,4,26.57,20.82,True,synthetic_scenario_generator,26006
2023-07-01,IND_VIZ,3,19.59,14.91,True,synthetic_scenario_generator,26006
2023-07-02,IND_VIZ,2,18.13,13.67,True,synthetic_scenario_generator,26006
2023-07-03,IND_VIZ,4,17.48,13.12,True,synthetic_scenario_generator,26006
2023-07-04,IND_VIZ,2,14.07,10.23,True,synthetic_scenario_generator,26006
2023-07-05,IND_VIZ,3,22.11,17.04,True,synthetic_scenario_generator,26006
2023-07-06,IND_VIZ,2,18.07,13.62,True,synthetic_scenario_generator,26006
2023-07-07,IND_VIZ,4,17.08,12.78,True,synthetic_scenario_generator,26006
2023-07-08,IND_VIZ,4,15.83,11.72,True,synthetic_scenario_generator,26006
2023-07-09,IND_VIZ,4,21.27,16.33,True,synthetic_scenario_generator,26006
2023-07-10,IND_VIZ,2,19.76,15.05,True,synthetic_scenario_generator,26006
2023-07-11,IND_VIZ,3,25.7,20.09,True,synthetic_scenario_generator,26006
2023-07-12,IND_VIZ,5,17.25,12.93,True,synthetic_scenario_generator,26006
2023-07-13,IND_VIZ,3,13.0,9.32,True,synthetic_scenario_generator,26006
2023-07-14,IND_VIZ,4,24.88,19.39,True,synthetic_scenario_generator,26006
2023-07-15,IND_VIZ,3,20.35,15.55,True,synthetic_scenario_generator,26006
2023-07-16,IND_VIZ,4,30.59,24.23,True,synthetic_scenario_generator,26006
2023-07-17,IND_VIZ,3,21.17,16.24,True,synthetic_scenario_generator,26006
2023-07-18,IND_VIZ,5,29.39,23.22,True,synthetic_scenario_generator,26006
2023-07-19,IND_VIZ,3,14.98,11.0,True,synthetic_scenario_generator,26006
2023-07-20,IND_VIZ,3,19.61,14.92,True,synthetic_scenario_generator,26006
2023-07-21,IND_VIZ,4,18.81,14.24,True,synthetic_scenario_generator,26006
2023-07-22,IND_VIZ,3,15.5,11.44,True,synthetic_scenario_generator,26006
2023-07-23,IND_VIZ,3,19.59,14.91,True,synthetic_scenario_generator,26006
2023-07-24,IND_VIZ,4,22.75,17.58,True,synthetic_scenario_generator,26006
2023-07-25,IND_VIZ,4,27.61,21.7,True,synthetic_scenario_generator,26006
2023-07-26,IND_VIZ,4,26.43,20.71,True,synthetic_scenario_generator,26006
2023-07-27,IND_VIZ,1,18.61,14.07,True,synthetic_scenario_generator,26006
2023-07-28,IND_VIZ,2,26.27,20.57,True,synthetic_scenario_generator,26006
2023-07-29,IND_VIZ,5,31.77,25.23,True,synthetic_scenario_generator,26006
2023-07-30,IND_VIZ,4,31.05,24.62,True,synthetic_scenario_generator,26006
2023-07-31,IND_VIZ,5,29.74,23.51,True,synthetic_scenario_generator,26006
2023-08-01,IND_VIZ,3,20.42,15.61,True,synthetic_scenario_generator,26006
2023-08-02,IND_VIZ,3,28.52,22.47,True,synthetic_scenario_generator,26006
2023-08-03,IND_VIZ,5,39.7,31.95,True,synthetic_scenario_generator,26006
2023-08-04,IND_VIZ,3,26.96,21.15,True,synthetic_scenario_generator,26006
2023-08-05,IND_VIZ,4,31.1,24.66,True,synthetic_scenario_generator,26006
2023-08-06,IND_VIZ,3,33.85,26.99,True,synthetic_scenario_generator,26006
2023-08-07,IND_VIZ,3,32.97,26.25,True,synthetic_scenario_generator,26006
2023-08-08,IND_VIZ,5,26.92,21.11,True,synthetic_scenario_generator,26006
2023-08-09,IND_VIZ,6,34.12,27.22,True,synthetic_scenario_generator,26006
2023-08-10,IND_VIZ,4,41.78,33.71,True,synthetic_scenario_generator,26006
2023-08-11,IND_VIZ,3,32.23,25.62,True,synthetic_scenario_generator,26006
2023-08-12,IND_VIZ,5,41.79,33.72,True,synthetic_scenario_generator,26006
2023-08-13,IND_VIZ,2,28.54,22.49,True,synthetic_scenario_generator,26006
2023-08-14,IND_VIZ,6,49.22,40.01,True,synthetic_scenario_generator,26006
2023-08-15,IND_VIZ,6,44.0,35.59,True,synthetic_scenario_generator,26006
2023-08-16,IND_VIZ,4,31.41,24.92,True,synthetic_scenario_generator,26006
2023-08-17,IND_VIZ,5,46.66,37.85,True,synthetic_scenario_generator,26006
2023-08-18,IND_VIZ,4,44.59,36.09,True,synthetic_scenario_generator,26006
2023-08-19,IND_VIZ,4,38.59,31.01,True,synthetic_scenario_generator,26006
2023-08-20,IND_VIZ,4,27.96,22.0,True,synthetic_scenario_generator,26006
2023-08-21,IND_VIZ,6,33.09,26.35,True,synthetic_scenario_generator,26006
2023-08-22,IND_VIZ,5,35.9,28.73,True,synthetic_scenario_generator,26006
2023-08-23,IND_VIZ,4,30.72,24.34,True,synthetic_scenario_generator,26006
2023-08-24,IND_VIZ,3,36.06,28.86,True,synthetic_scenario_generator,26006
2023-08-25,IND_VIZ,4,38.17,30.65,True,synthetic_scenario_generator,26006
2023-08-26,IND_VIZ,3,35.73,28.58,True,synthetic_scenario_generator,26006
2023-08-27,IND_VIZ,4,27.73,21.8,True,synthetic_scenario_generator,26006
2023-08-28,IND_VIZ,6,45.38,36.76,True,synthetic_scenario_generator,26006
2023-08-29,IND_VIZ,3,20.17,15.4,True,synthetic_scenario_generator,26006
2023-08-30,IND_VIZ,6,33.63,26.8,True,synthetic_scenario_generator,26006
2023-08-31,IND_VIZ,4,31.37,24.89,True,synthetic_scenario_generator,26006
2023-09-01,IND_VIZ,5,39.25,31.56,True,synthetic_scenario_generator,26006
2023-09-02,IND_VIZ,4,30.77,24.38,True,synthetic_scenario_generator,26006
2023-09-03,IND_VIZ,4,27.73,21.81,True,synthetic_scenario_generator,26006
2023-09-04,IND_VIZ,4,30.64,24.27,True,synthetic_scenario_generator,26006
2023-09-05,IND_VIZ,4,37.07,29.72,True,synthetic_scenario_generator,26006
2023-09-06,IND_VIZ,2,21.99,16.94,True,synthetic_scenario_generator,26006
2023-09-07,IND_VIZ,4,31.74,25.2,True,synthetic_scenario_generator,26006
2023-09-08,IND_VIZ,3,30.66,24.29,True,synthetic_scenario_generator,26006
2023-09-09,IND_VIZ,3,32.08,25.49,True,synthetic_scenario_generator,26006
2023-09-10,IND_VIZ,5,38.22,30.69,True,synthetic_scenario_generator,26006
2023-09-11,IND_VIZ,3,33.61,26.78,True,synthetic_scenario_generator,26006
2023-09-12,IND_VIZ,4,29.94,23.68,True,synthetic_scenario_generator,26006
2023-09-13,IND_VIZ,3,21.87,16.84,True,synthetic_scenario_generator,26006
2023-09-14,IND_VIZ,4,31.76,25.22,True,synthetic_scenario_generator,26006
2023-09-15,IND_VIZ,3,17.86,13.44,True,synthetic_scenario_generator,26006
2023-09-16,IND_VIZ,4,23.18,17.95,True,synthetic_scenario_generator,26006
2023-09-17,IND_VIZ,4,23.49,18.21,True,synthetic_scenario_generator,26006
2023-09-18,IND_VIZ,0,19.38,14.73,True,synthetic_scenario_generator,26006
2023-09-19,IND_VIZ,4,27.91,21.96,True,synthetic_scenario_generator,26006
2023-09-20,IND_VIZ,2,22.58,17.44,True,synthetic_scenario_generator,26006
2023-09-21,IND_VIZ,3,16.7,12.46,True,synthetic_scenario_generator,26006
2023-09-22,IND_VIZ,2,17.09,12.79,True,synthetic_scenario_generator,26006
2023-09-23,IND_VIZ,3,21.05,16.15,True,synthetic_scenario_generator,26006
2023-09-24,IND_VIZ,3,25.64,20.04,True,synthetic_scenario_generator,26006
2023-09-25,IND_VIZ,2,18.41,13.9,True,synthetic_scenario_generator,26006
2023-09-26,IND_VIZ,3,13.13,9.43,True,synthetic_scenario_generator,26006
2023-09-27,IND_VIZ,3,11.41,7.97,True,synthetic_scenario_generator,26006
2023-09-28,IND_VIZ,2,20.12,15.35,True,synthetic_scenario_generator,26006
2023-09-29,IND_VIZ,4,20.72,15.86,True,synthetic_scenario_generator,26006
2023-09-30,IND_VIZ,5,14.4,10.51,True,synthetic_scenario_generator,26006
2023-10-01,IND_VIZ,3,11.51,8.06,True,synthetic_scenario_generator,26006
2023-10-02,IND_VIZ,4,12.46,8.86,True,synthetic_scenario_generator,26006
2023-10-03,IND_VIZ,3,13.96,10.14,True,synthetic_scenario_generator,26006
2023-10-04,IND_VIZ,3,26.21,20.52,True,synthetic_scenario_generator,26006
2023-10-05,IND_VIZ,2,14.23,10.37,True,synthetic_scenario_generator,26006
2023-10-06,IND_VIZ,4,16.37,12.18,True,synthetic_scenario_generator,26006
2023-10-07,IND_VIZ,3,14.64,10.71,True,synthetic_scenario_generator,26006
2023-10-08,IND_VIZ,4,26.13,20.45,True,synthetic_scenario_generator,26006
2023-10-09,IND_VIZ,4,18.64,14.1,True,synthetic_scenario_generator,26006
2023-10-10,IND_VIZ,4,20.04,15.29,True,synthetic_scenario_generator,26006
2023-10-11,IND_VIZ,1,6.71,3.99,True,synthetic_scenario_generator,26006
2023-10-12,IND_VIZ,4,21.26,16.32,True,synthetic_scenario_generator,26006
2023-10-13,IND_VIZ,5,17.15,12.84,True,synthetic_scenario_generator,26006
2023-10-14,IND_VIZ,3,24.33,18.92,True,synthetic_scenario_generator,26006
2023-10-15,IND_VIZ,2,22.49,17.37,True,synthetic_scenario_generator,26006
2023-10-16,IND_VIZ,5,17.51,13.14,True,synthetic_scenario_generator,26006
2023-10-17,IND_VIZ,3,22.13,17.06,True,synthetic_scenario_generator,26006
2023-10-18,IND_VIZ,3,7.23,4.43,True,synthetic_scenario_generator,26006
2023-10-19,IND_VIZ,3,23.52,18.24,True,synthetic_scenario_generator,26006
2023-10-20,IND_VIZ,4,20.2,15.42,True,synthetic_scenario_generator,26006
2023-10-21,IND_VIZ,2,7.36,4.54,True,synthetic_scenario_generator,26006
2023-10-22,IND_VIZ,5,20.38,15.58,True,synthetic_scenario_generator,26006
2023-10-23,IND_VIZ,4,30.18,23.88,True,synthetic_scenario_generator,26006
2023-10-24,IND_VIZ,5,25.69,20.07,True,synthetic_scenario_generator,26006
2023-10-25,IND_VIZ,3,15.56,11.49,True,synthetic_scenario_generator,26006
2023-10-26,IND_VIZ,3,29.41,23.23,True,synthetic_scenario_generator,26006
2023-10-27,IND_VIZ,3,19.4,14.75,True,synthetic_scenario_generator,26006
2023-10-28,IND_VIZ,6,21.07,16.16,True,synthetic_scenario_generator,26006
2023-10-29,IND_VIZ,4,23.47,18.2,True,synthetic_scenario_generator,26006
2023-10-30,IND_VIZ,5,35.97,28.79,True,synthetic_scenario_generator,26006
2023-10-31,IND_VIZ,5,27.0,21.19,True,synthetic_scenario_generator,26006
2023-11-01,IND_VIZ,6,27.49,21.6,True,synthetic_scenario_generator,26006
2023-11-02,IND_VIZ,3,21.29,16.34,True,synthetic_scenario_generator,26006
2023-11-03,IND_VIZ,6,25.16,19.63,True,synthetic_scenario_generator,26006
2023-11-04,IND_VIZ,2,20.45,15.63,True,synthetic_scenario_generator,26006
2023-11-05,IND_VIZ,5,32.9,26.19,True,synthetic_scenario_generator,26006
2023-11-06,IND_VIZ,3,37.11,29.75,True,synthetic_scenario_generator,26006
2023-11-07,IND_VIZ,4,38.84,31.22,True,synthetic_scenario_generator,26006
2023-11-08,IND_VIZ,5,36.94,29.61,True,synthetic_scenario_generator,26006
2023-11-09,IND_VIZ,4,30.95,24.54,True,synthetic_scenario_generator,26006
2023-11-10,IND_VIZ,3,26.81,21.03,True,synthetic_scenario_generator,26006
2023-11-11,IND_VIZ,4,21.95,16.91,True,synthetic_scenario_generator,26006
2023-11-12,IND_VIZ,5,35.18,28.12,True,synthetic_scenario_generator,26006
2023-11-13,IND_VIZ,5,26.51,20.77,True,synthetic_scenario_generator,26006
2023-11-14,IND_VIZ,5,31.64,25.12,True,synthetic_scenario_generator,26006
2023-11-15,IND_VIZ,4,31.58,25.07,True,synthetic_scenario_generator,26006
2023-11-16,IND_VIZ,4,34.56,27.59,True,synthetic_scenario_generator,26006
2023-11-17,IND_VIZ,3,25.67,20.06,True,synthetic_scenario_generator,26006
2023-11-18,IND_VIZ,5,37.63,30.19,True,synthetic_scenario_generator,26006
2023-11-19,IND_VIZ,2,32.52,25.87,True,synthetic_scenario_generator,26006
2023-11-20,IND_VIZ,4,29.75,23.52,True,synthetic_scenario_generator,26006
2023-11-21,IND_VIZ,5,44.55,36.06,True,synthetic_scenario_generator,26006
2023-11-22,IND_VIZ,4,38.38,30.83,True,synthetic_scenario_generator,26006
2023-11-23,IND_VIZ,5,34.97,27.94,True,synthetic_scenario_generator,26006
2023-11-24,IND_VIZ,5,34.35,27.42,True,synthetic_scenario_generator,26006
2023-11-25,IND_VIZ,3,24.85,19.36,True,synthetic_scenario_generator,26006
2023-11-26,IND_VIZ,4,28.65,22.59,True,synthetic_scenario_generator,26006
2023-11-27,IND_VIZ,3,26.5,20.76,True,synthetic_scenario_generator,26006
2023-11-28,IND_VIZ,3,26.9,21.1,True,synthetic_scenario_generator,26006
2023-11-29,IND_VIZ,4,33.02,26.29,True,synthetic_scenario_generator,26006
2023-11-30,IND_VIZ,2,29.85,23.6,True,synthetic_scenario_generator,26006
2023-12-01,IND_VIZ,4,19.26,14.63,True,synthetic_scenario_generator,26006
2023-12-02,IND_VIZ,3,33.75,26.9,True,synthetic_scenario_generator,26006
2023-12-03,IND_VIZ,4,22.87,17.68,True,synthetic_scenario_generator,26006
2023-12-04,IND_VIZ,5,32.14,25.54,True,synthetic_scenario_generator,26006
2023-12-05,IND_VIZ,3,25.46,19.88,True,synthetic_scenario_generator,26006
2023-12-06,IND_VIZ,4,29.87,23.62,True,synthetic_scenario_generator,26006
2023-12-07,IND_VIZ,5,34.39,27.45,True,synthetic_scenario_generator,26006
2023-12-08,IND_VIZ,4,19.27,14.63,True,synthetic_scenario_generator,26006
2023-12-09,IND_VIZ,5,27.48,21.59,True,synthetic_scenario_generator,26006
2023-12-10,IND_VIZ,4,18.95,14.36,True,synthetic_scenario_generator,26006
2023-12-11,IND_VIZ,1,17.02,12.73,True,synthetic_scenario_generator,26006
2023-12-12,IND_VIZ,2,17.11,12.81,True,synthetic_scenario_generator,26006
2023-12-13,IND_VIZ,4,21.15,16.23,True,synthetic_scenario_generator,26006
2023-12-14,IND_VIZ,2,18.34,13.84,True,synthetic_scenario_generator,26006
2023-12-15,IND_VIZ,6,34.75,27.75,True,synthetic_scenario_generator,26006
2023-12-16,IND_VIZ,7,23.03,17.82,True,synthetic_scenario_generator,26006
2023-12-17,IND_VIZ,3,17.72,13.32,True,synthetic_scenario_generator,26006
2023-12-18,IND_VIZ,2,24.9,19.41,True,synthetic_scenario_generator,26006
2023-12-19,IND_VIZ,5,14.76,10.81,True,synthetic_scenario_generator,26006
2023-12-20,IND_VIZ,4,18.71,14.16,True,synthetic_scenario_generator,26006
2023-12-21,IND_VIZ,3,23.79,18.47,True,synthetic_scenario_generator,26006
2023-12-22,IND_VIZ,3,8.94,5.88,True,synthetic_scenario_generator,26006
2023-12-23,IND_VIZ,3,12.96,9.29,True,synthetic_scenario_generator,26006
2023-12-24,IND_VIZ,4,12.08,8.54,True,synthetic_scenario_generator,26006
2023-12-25,IND_VIZ,2,15.07,11.08,True,synthetic_scenario_generator,26006
2023-12-26,IND_VIZ,3,14.75,10.81,True,synthetic_scenario_generator,26006
2023-12-27,IND_VIZ,2,14.95,10.97,True,synthetic_scenario_generator,26006
2023-12-28,IND_VIZ,3,16.85,12.59,True,synthetic_scenario_generator,26006
2023-12-29,IND_VIZ,3,9.19,6.1,True,synthetic_scenario_generator,26006
2023-12-30,IND_VIZ,2,17.84,13.42,True,synthetic_scenario_generator,26006
2023-12-31,IND_VIZ,3,17.33,12.99,True,synthetic_scenario_generator,26006
2024-01-01,IND_VIZ,4,11.09,7.71,True,synthetic_scenario_generator,26006
2024-01-02,IND_VIZ,4,15.65,11.56,True,synthetic_scenario_generator,26006
2024-01-03,IND_VIZ,4,2.0,0.0,True,synthetic_scenario_generator,26006
2024-01-04,IND_VIZ,4,17.76,13.36,True,synthetic_scenario_generator,26006
2024-01-05,IND_VIZ,5,9.16,6.07,True,synthetic_scenario_generator,26006
2024-01-06,IND_VIZ,3,20.83,15.96,True,synthetic_scenario_generator,26006
2024-01-07,IND_VIZ,3,22.81,17.63,True,synthetic_scenario_generator,26006
2024-01-08,IND_VIZ,2,5.26,2.76,True,synthetic_scenario_generator,26006
2024-01-09,IND_VIZ,4,23.53,18.24,True,synthetic_scenario_generator,26006
2024-01-10,IND_VIZ,4,13.07,9.38,True,synthetic_scenario_generator,26006
2024-01-11,IND_VIZ,2,20.75,15.89,True,synthetic_scenario_generator,26006
2024-01-12,IND_VIZ,3,19.17,14.55,True,synthetic_scenario_generator,26006
2024-01-13,IND_VIZ,6,15.25,11.23,True,synthetic_scenario_generator,26006
2024-01-14,IND_VIZ,5,13.4,9.66,True,synthetic_scenario_generator,26006
2024-01-15,IND_VIZ,1,12.45,8.86,True,synthetic_scenario_generator,26006
2024-01-16,IND_VIZ,4,16.31,12.12,True,synthetic_scenario_generator,26006
2024-01-17,IND_VIZ,3,20.23,15.45,True,synthetic_scenario_generator,26006
2024-01-18,IND_VIZ,4,29.14,23.0,True,synthetic_scenario_generator,26006
2024-01-19,IND_VIZ,3,21.44,16.48,True,synthetic_scenario_generator,26006
2024-01-20,IND_VIZ,3,19.17,14.55,True,synthetic_scenario_generator,26006
2024-01-21,IND_VIZ,3,17.6,13.22,True,synthetic_scenario_generator,26006
2024-01-22,IND_VIZ,1,20.48,15.66,True,synthetic_scenario_generator,26006
2024-01-23,IND_VIZ,5,19.84,15.12,True,synthetic_scenario_generator,26006
2024-01-24,IND_VIZ,4,24.48,19.05,True,synthetic_scenario_generator,26006
2024-01-25,IND_VIZ,2,18.94,14.35,True,synthetic_scenario_generator,26006
2024-01-26,IND_VIZ,5,15.28,11.25,True,synthetic_scenario_generator,26006
2024-01-27,IND_VIZ,5,24.23,18.84,True,synthetic_scenario_generator,26006
2024-01-28,IND_VIZ,3,16.93,12.65,True,synthetic_scenario_generator,26006
2024-01-29,IND_VIZ,5,24.49,19.06,True,synthetic_scenario_generator,26006
2024-01-30,IND_VIZ,5,33.41,26.62,True,synthetic_scenario_generator,26006
2024-01-31,IND_VIZ,4,32.33,25.7,True,synthetic_scenario_generator,26006
2024-02-01,IND_VIZ,5,24.7,19.23,True,synthetic_scenario_generator,26006
2024-02-02,IND_VIZ,4,24.35,18.94,True,synthetic_scenario_generator,26006
2024-02-03,IND_VIZ,4,26.62,20.87,True,synthetic_scenario_generator,26006
2024-02-04,IND_VIZ,5,29.57,23.37,True,synthetic_scenario_generator,26006
2024-02-05,IND_VIZ,2,18.96,14.37,True,synthetic_scenario_generator,26006
2024-02-06,IND_VIZ,3,30.07,23.79,True,synthetic_scenario_generator,26006
2024-02-07,IND_VIZ,3,31.33,24.86,True,synthetic_scenario_generator,26006
2024-02-08,IND_VIZ,5,28.32,22.3,True,synthetic_scenario_generator,26006
2024-02-09,IND_VIZ,5,35.24,28.17,True,synthetic_scenario_generator,26006
2024-02-10,IND_VIZ,4,23.33,18.08,True,synthetic_scenario_generator,26006
2024-02-11,IND_VIZ,4,26.8,21.01,True,synthetic_scenario_generator,26006
2024-02-12,IND_VIZ,5,34.27,27.35,True,synthetic_scenario_generator,26006
2024-02-13,IND_VIZ,5,23.83,18.5,True,synthetic_scenario_generator,26006
2024-02-14,IND_VIZ,4,33.14,26.39,True,synthetic_scenario_generator,26006
2024-02-15,IND_VIZ,1,28.36,22.34,True,synthetic_scenario_generator,26006
2024-02-16,IND_VIZ,4,35.81,28.65,True,synthetic_scenario_generator,26006
2024-02-17,IND_VIZ,3,24.83,19.35,True,synthetic_scenario_generator,26006
2024-02-18,IND_VIZ,4,34.11,27.21,True,synthetic_scenario_generator,26006
2024-02-19,IND_VIZ,2,22.72,17.56,True,synthetic_scenario_generator,26006
2024-02-20,IND_VIZ,5,36.56,29.29,True,synthetic_scenario_generator,26006
2024-02-21,IND_VIZ,5,28.75,22.67,True,synthetic_scenario_generator,26006
2024-02-22,IND_VIZ,5,25.91,20.27,True,synthetic_scenario_generator,26006
2024-02-23,IND_VIZ,3,29.24,23.09,True,synthetic_scenario_generator,26006
2024-02-24,IND_VIZ,6,31.82,25.28,True,synthetic_scenario_generator,26006
2024-02-25,IND_VIZ,4,34.28,27.35,True,synthetic_scenario_generator,26006
2024-02-26,IND_VIZ,5,30.9,24.49,True,synthetic_scenario_generator,26006
2024-02-27,IND_VIZ,4,20.4,15.59,True,synthetic_scenario_generator,26006
2024-02-28,IND_VIZ,3,22.34,17.24,True,synthetic_scenario_generator,26006
2024-02-29,IND_VIZ,4,23.0,17.8,True,synthetic_scenario_generator,26006
2024-03-01,IND_VIZ,4,36.61,29.33,True,synthetic_scenario_generator,26006
2024-03-02,IND_VIZ,4,26.99,21.18,True,synthetic_scenario_generator,26006
2024-03-03,IND_VIZ,5,23.15,17.92,True,synthetic_scenario_generator,26006
2024-03-04,IND_VIZ,6,28.98,22.86,True,synthetic_scenario_generator,26006
2024-03-05,IND_VIZ,4,23.86,18.53,True,synthetic_scenario_generator,26006
2024-03-06,IND_VIZ,4,17.08,12.78,True,synthetic_scenario_generator,26006
2024-03-07,IND_VIZ,5,25.34,19.78,True,synthetic_scenario_generator,26006
2024-03-08,IND_VIZ,5,19.48,14.81,True,synthetic_scenario_generator,26006
2024-03-09,IND_VIZ,5,13.03,9.35,True,synthetic_scenario_generator,26006
2024-03-10,IND_VIZ,4,25.84,20.2,True,synthetic_scenario_generator,26006
2024-03-11,IND_VIZ,2,24.71,19.25,True,synthetic_scenario_generator,26006
2024-03-12,IND_VIZ,5,24.14,18.77,True,synthetic_scenario_generator,26006
2024-03-13,IND_VIZ,3,25.72,20.1,True,synthetic_scenario_generator,26006
2024-03-14,IND_VIZ,3,28.12,22.14,True,synthetic_scenario_generator,26006
2024-03-15,IND_VIZ,4,23.75,18.43,True,synthetic_scenario_generator,26006
2024-03-16,IND_VIZ,4,13.39,9.65,True,synthetic_scenario_generator,26006
2024-03-17,IND_VIZ,2,24.24,18.85,True,synthetic_scenario_generator,26006
2024-03-18,IND_VIZ,4,16.35,12.16,True,synthetic_scenario_generator,26006
2024-03-19,IND_VIZ,4,9.79,6.6,True,synthetic_scenario_generator,26006
2024-03-20,IND_VIZ,1,13.01,9.33,True,synthetic_scenario_generator,26006
2024-03-21,IND_VIZ,3,7.54,4.69,True,synthetic_scenario_generator,26006
2024-03-22,IND_VIZ,1,5.33,2.82,True,synthetic_scenario_generator,26006
2024-03-23,IND_VIZ,6,19.15,14.53,True,synthetic_scenario_generator,26006
2024-03-24,IND_VIZ,4,10.73,7.4,True,synthetic_scenario_generator,26006
2024-03-25,IND_VIZ,3,8.3,5.34,True,synthetic_scenario_generator,26006
2024-03-26,IND_VIZ,3,18.87,14.3,True,synthetic_scenario_generator,26006
2024-03-27,IND_VIZ,4,13.86,10.05,True,synthetic_scenario_generator,26006
2024-03-28,IND_VIZ,3,5.37,2.85,True,synthetic_scenario_generator,26006
2024-03-29,IND_VIZ,2,9.79,6.6,True,synthetic_scenario_generator,26006
2024-03-30,IND_VIZ,2,16.86,12.59,True,synthetic_scenario_generator,26006
2024-03-31,IND_VIZ,2,5.59,3.04,True,synthetic_scenario_generator,26006
2024-04-01,IND_VIZ,4,14.84,10.88,True,synthetic_scenario_generator,26006
2024-04-02,IND_VIZ,3,15.86,11.75,True,synthetic_scenario_generator,26006
2024-04-03,IND_VIZ,3,8.92,5.86,True,synthetic_scenario_generator,26006
2024-04-04,IND_VIZ,2,19.92,15.19,True,synthetic_scenario_generator,26006
2024-04-05,IND_VIZ,0,13.1,9.41,True,synthetic_scenario_generator,26006
2024-04-06,IND_VIZ,2,8.98,5.92,True,synthetic_scenario_generator,26006
2024-04-07,IND_VIZ,3,16.17,12.01,True,synthetic_scenario_generator,26006
2024-04-08,IND_VIZ,2,13.89,10.07,True,synthetic_scenario_generator,26006
2024-04-09,IND_VIZ,2,14.61,10.69,True,synthetic_scenario_generator,26006
2024-04-10,IND_VIZ,1,12.76,9.12,True,synthetic_scenario_generator,26006
2024-04-11,IND_VIZ,4,18.95,14.37,True,synthetic_scenario_generator,26006
2024-04-12,IND_VIZ,3,16.08,11.93,True,synthetic_scenario_generator,26006
2024-04-13,IND_VIZ,3,18.17,13.71,True,synthetic_scenario_generator,26006
2024-04-14,IND_VIZ,3,22.46,17.34,True,synthetic_scenario_generator,26006
2024-04-15,IND_VIZ,4,13.45,9.71,True,synthetic_scenario_generator,26006
2024-04-16,IND_VIZ,2,13.83,10.02,True,synthetic_scenario_generator,26006
2024-04-17,IND_VIZ,2,17.96,13.53,True,synthetic_scenario_generator,26006
2024-04-18,IND_VIZ,1,26.62,20.87,True,synthetic_scenario_generator,26006
2024-04-19,IND_VIZ,3,16.93,12.65,True,synthetic_scenario_generator,26006
2024-04-20,IND_VIZ,4,15.23,11.21,True,synthetic_scenario_generator,26006
2024-04-21,IND_VIZ,6,23.26,18.02,True,synthetic_scenario_generator,26006
2024-04-22,IND_VIZ,3,30.97,24.55,True,synthetic_scenario_generator,26006
2024-04-23,IND_VIZ,5,29.51,23.32,True,synthetic_scenario_generator,26006
2024-04-24,IND_VIZ,5,31.84,25.28,True,synthetic_scenario_generator,26006
2024-04-25,IND_VIZ,3,26.83,21.04,True,synthetic_scenario_generator,26006
2024-04-26,IND_VIZ,4,27.93,21.98,True,synthetic_scenario_generator,26006
2024-04-27,IND_VIZ,3,24.75,19.28,True,synthetic_scenario_generator,26006
2024-04-28,IND_VIZ,4,27.41,21.53,True,synthetic_scenario_generator,26006
2024-04-29,IND_VIZ,6,30.3,23.99,True,synthetic_scenario_generator,26006
2024-04-30,IND_VIZ,4,26.58,20.83,True,synthetic_scenario_generator,26006
2024-05-01,IND_VIZ,3,27.29,21.43,True,synthetic_scenario_generator,26006
2024-05-02,IND_VIZ,4,28.08,22.1,True,synthetic_scenario_generator,26006
2024-05-03,IND_VIZ,4,28.43,22.4,True,synthetic_scenario_generator,26006
2024-05-04,IND_VIZ,3,29.87,23.62,True,synthetic_scenario_generator,26006
2024-05-05,IND_VIZ,4,26.22,20.53,True,synthetic_scenario_generator,26006
2024-05-06,IND_VIZ,5,27.76,21.83,True,synthetic_scenario_generator,26006
2024-05-07,IND_VIZ,4,41.52,33.49,True,synthetic_scenario_generator,26006
2024-05-08,IND_VIZ,5,35.61,28.49,True,synthetic_scenario_generator,26006
2024-05-09,IND_VIZ,5,40.45,32.59,True,synthetic_scenario_generator,26006
2024-05-10,IND_VIZ,5,34.53,27.57,True,synthetic_scenario_generator,26006
2024-05-11,IND_VIZ,2,32.82,26.12,True,synthetic_scenario_generator,26006
2024-05-12,IND_VIZ,4,28.9,22.8,True,synthetic_scenario_generator,26006
2024-05-13,IND_VIZ,3,31.13,24.69,True,synthetic_scenario_generator,26006
2024-05-14,IND_VIZ,4,21.59,16.6,True,synthetic_scenario_generator,26006
2024-05-15,IND_VIZ,3,24.38,18.97,True,synthetic_scenario_generator,26006
2024-05-16,IND_VIZ,4,32.86,26.16,True,synthetic_scenario_generator,26006
2024-05-17,IND_VIZ,6,31.38,24.9,True,synthetic_scenario_generator,26006
2024-05-18,IND_VIZ,5,24.57,19.12,True,synthetic_scenario_generator,26006
2024-05-19,IND_VIZ,4,21.54,16.56,True,synthetic_scenario_generator,26006
2024-05-20,IND_VIZ,3,26.58,20.83,True,synthetic_scenario_generator,26006
2024-05-21,IND_VIZ,6,30.28,23.96,True,synthetic_scenario_generator,26006
2024-05-22,IND_VIZ,6,18.77,14.21,True,synthetic_scenario_generator,26006
2024-05-23,IND_VIZ,4,30.7,24.32,True,synthetic_scenario_generator,26006
2024-05-24,IND_VIZ,2,25.72,20.1,True,synthetic_scenario_generator,26006
2024-05-25,IND_VIZ,2,23.02,17.81,True,synthetic_scenario_generator,26006
2024-05-26,IND_VIZ,3,22.17,17.09,True,synthetic_scenario_generator,26006
2024-05-27,IND_VIZ,4,26.59,20.84,True,synthetic_scenario_generator,26006
2024-05-28,IND_VIZ,2,26.28,20.58,True,synthetic_scenario_generator,26006
2024-05-29,IND_VIZ,3,19.39,14.74,True,synthetic_scenario_generator,26006
2024-05-30,IND_VIZ,3,28.35,22.33,True,synthetic_scenario_generator,26006
2024-05-31,IND_VIZ,6,23.52,18.24,True,synthetic_scenario_generator,26006
2024-06-01,IND_VIZ,4,27.3,21.44,True,synthetic_scenario_generator,26006
2024-06-02,IND_VIZ,4,32.27,25.66,True,synthetic_scenario_generator,26006
2024-06-03,IND_VIZ,5,30.07,23.79,True,synthetic_scenario_generator,26006
2024-06-04,IND_VIZ,3,32.0,25.42,True,synthetic_scenario_generator,26006
2024-06-05,IND_VIZ,2,37.45,30.04,True,synthetic_scenario_generator,26006
2024-06-06,IND_VIZ,3,28.93,22.82,True,synthetic_scenario_generator,26006
2024-06-07,IND_VIZ,2,26.26,20.56,True,synthetic_scenario_generator,26006
2024-06-08,IND_VIZ,3,25.06,19.54,True,synthetic_scenario_generator,26006
2024-06-09,IND_VIZ,6,32.97,26.25,True,synthetic_scenario_generator,26006
2024-06-10,IND_VIZ,5,30.46,24.12,True,synthetic_scenario_generator,26006
2024-06-11,IND_VIZ,4,24.49,19.06,True,synthetic_scenario_generator,26006
2024-06-12,IND_VIZ,3,27.35,21.48,True,synthetic_scenario_generator,26006
2024-06-13,IND_VIZ,4,27.07,21.24,True,synthetic_scenario_generator,26006
2024-06-14,IND_VIZ,4,33.15,26.4,True,synthetic_scenario_generator,26006
2024-06-15,IND_VIZ,3,20.1,15.34,True,synthetic_scenario_generator,26006
2024-06-16,IND_VIZ,3,11.74,8.25,True,synthetic_scenario_generator,26006
2024-06-17,IND_VIZ,2,18.22,13.74,True,synthetic_scenario_generator,26006
2024-06-18,IND_VIZ,4,23.98,18.63,True,synthetic_scenario_generator,26006
2024-06-19,IND_VIZ,5,29.47,23.28,True,synthetic_scenario_generator,26006
2024-06-20,IND_VIZ,4,25.69,20.08,True,synthetic_scenario_generator,26006
2024-06-21,IND_VIZ,3,19.76,15.05,True,synthetic_scenario_generator,26006
2024-06-22,IND_VIZ,2,16.44,12.24,True,synthetic_scenario_generator,26006
2024-06-23,IND_VIZ,3,17.2,12.88,True,synthetic_scenario_generator,26006
2024-06-24,IND_VIZ,4,23.9,18.56,True,synthetic_scenario_generator,26006
2024-06-25,IND_VIZ,3,22.98,17.78,True,synthetic_scenario_generator,26006
2024-06-26,IND_VIZ,5,27.88,21.93,True,synthetic_scenario_generator,26006
2024-06-27,IND_VIZ,4,19.13,14.51,True,synthetic_scenario_generator,26006
2024-06-28,IND_VIZ,5,15.85,11.73,True,synthetic_scenario_generator,26006
2024-06-29,IND_VIZ,3,14.15,10.3,True,synthetic_scenario_generator,26006
2024-06-30,IND_VIZ,2,16.69,12.45,True,synthetic_scenario_generator,26006
2024-07-01,IND_VIZ,3,7.9,5.0,True,synthetic_scenario_generator,26006
2024-07-02,IND_VIZ,3,10.41,7.13,True,synthetic_scenario_generator,26006
2024-07-03,IND_VIZ,5,18.99,14.4,True,synthetic_scenario_generator,26006
2024-07-04,IND_VIZ,4,17.46,13.1,True,synthetic_scenario_generator,26006
2024-07-05,IND_VIZ,2,11.32,7.9,True,synthetic_scenario_generator,26006
2024-07-06,IND_VIZ,4,25.79,20.16,True,synthetic_scenario_generator,26006
2024-07-07,IND_VIZ,4,18.51,13.99,True,synthetic_scenario_generator,26006
2024-07-08,IND_VIZ,5,22.52,17.39,True,synthetic_scenario_generator,26006
2024-07-09,IND_VIZ,1,18.64,14.1,True,synthetic_scenario_generator,26006
2024-07-10,IND_VIZ,5,16.24,12.07,True,synthetic_scenario_generator,26006
2024-07-11,IND_VIZ,2,14.95,10.97,True,synthetic_scenario_generator,26006
2024-07-12,IND_VIZ,2,16.21,12.04,True,synthetic_scenario_generator,26006
2024-07-13,IND_VIZ,5,26.48,20.75,True,synthetic_scenario_generator,26006
2024-07-14,IND_VIZ,3,25.47,19.89,True,synthetic_scenario_generator,26006
2024-07-15,IND_VIZ,1,22.48,17.36,True,synthetic_scenario_generator,26006
2024-07-16,IND_VIZ,3,21.51,16.53,True,synthetic_scenario_generator,26006
2024-07-17,IND_VIZ,3,14.38,10.49,True,synthetic_scenario_generator,26006
2024-07-18,IND_VIZ,3,23.66,18.36,True,synthetic_scenario_generator,26006
2024-07-19,IND_VIZ,2,18.58,14.05,True,synthetic_scenario_generator,26006
2024-07-20,IND_VIZ,5,35.97,28.79,True,synthetic_scenario_generator,26006
2024-07-21,IND_VIZ,2,13.63,9.85,True,synthetic_scenario_generator,26006
2024-07-22,IND_VIZ,3,28.63,22.57,True,synthetic_scenario_generator,26006
2024-07-23,IND_VIZ,5,27.74,21.81,True,synthetic_scenario_generator,26006
2024-07-24,IND_VIZ,4,22.91,17.72,True,synthetic_scenario_generator,26006
2024-07-25,IND_VIZ,5,38.7,31.11,True,synthetic_scenario_generator,26006
2024-07-26,IND_VIZ,3,21.34,16.39,True,synthetic_scenario_generator,26006
2024-07-27,IND_VIZ,4,40.11,32.3,True,synthetic_scenario_generator,26006
2024-07-28,IND_VIZ,2,13.97,10.14,True,synthetic_scenario_generator,26006
2024-07-29,IND_VIZ,3,34.63,27.65,True,synthetic_scenario_generator,26006
2024-07-30,IND_VIZ,4,36.7,29.41,True,synthetic_scenario_generator,26006
2024-07-31,IND_VIZ,5,36.57,29.29,True,synthetic_scenario_generator,26006
2024-08-01,IND_VIZ,4,27.59,21.69,True,synthetic_scenario_generator,26006
2024-08-02,IND_VIZ,4,33.29,26.52,True,synthetic_scenario_generator,26006
2024-08-03,IND_VIZ,4,35.53,28.41,True,synthetic_scenario_generator,26006
2024-08-04,IND_VIZ,4,37.13,29.77,True,synthetic_scenario_generator,26006
2024-08-05,IND_VIZ,5,35.0,27.97,True,synthetic_scenario_generator,26006
2024-08-06,IND_VIZ,5,42.3,34.15,True,synthetic_scenario_generator,26006
2024-08-07,IND_VIZ,4,32.32,25.7,True,synthetic_scenario_generator,26006
2024-08-08,IND_VIZ,4,38.69,31.09,True,synthetic_scenario_generator,26006
2024-08-09,IND_VIZ,5,37.36,29.97,True,synthetic_scenario_generator,26006
2024-08-10,IND_VIZ,5,35.94,28.76,True,synthetic_scenario_generator,26006
2024-08-11,IND_VIZ,5,26.75,20.97,True,synthetic_scenario_generator,26006
2024-08-12,IND_VIZ,4,34.54,27.58,True,synthetic_scenario_generator,26006
2024-08-13,IND_VIZ,4,31.4,24.92,True,synthetic_scenario_generator,26006
2024-08-14,IND_VIZ,5,45.6,36.95,True,synthetic_scenario_generator,26006
2024-08-15,IND_VIZ,5,42.48,34.3,True,synthetic_scenario_generator,26006
2024-08-16,IND_VIZ,6,34.47,27.52,True,synthetic_scenario_generator,26006
2024-08-17,IND_VIZ,6,30.67,24.3,True,synthetic_scenario_generator,26006
2024-08-18,IND_VIZ,5,37.23,29.86,True,synthetic_scenario_generator,26006
2024-08-19,IND_VIZ,5,36.34,29.1,True,synthetic_scenario_generator,26006
2024-08-20,IND_VIZ,3,34.2,27.29,True,synthetic_scenario_generator,26006
2024-08-21,IND_VIZ,6,44.19,35.75,True,synthetic_scenario_generator,26006
2024-08-22,IND_VIZ,5,33.75,26.9,True,synthetic_scenario_generator,26006
2024-08-23,IND_VIZ,4,34.28,27.36,True,synthetic_scenario_generator,26006
2024-08-24,IND_VIZ,4,34.16,27.26,True,synthetic_scenario_generator,26006
2024-08-25,IND_VIZ,5,24.85,19.37,True,synthetic_scenario_generator,26006
2024-08-26,IND_VIZ,2,27.21,21.36,True,synthetic_scenario_generator,26006
2024-08-27,IND_VIZ,5,34.05,27.16,True,synthetic_scenario_generator,26006
2024-08-28,IND_VIZ,5,31.83,25.28,True,synthetic_scenario_generator,26006
2024-08-29,IND_VIZ,5,35.18,28.12,True,synthetic_scenario_generator,26006
2024-08-30,IND_VIZ,3,33.63,26.81,True,synthetic_scenario_generator,26006
2024-08-31,IND_VIZ,3,31.45,24.95,True,synthetic_scenario_generator,26006
2024-09-01,IND_VIZ,4,39.36,31.66,True,synthetic_scenario_generator,26006
2024-09-02,IND_VIZ,6,28.54,22.49,True,synthetic_scenario_generator,26006
2024-09-03,IND_VIZ,3,34.36,27.42,True,synthetic_scenario_generator,26006
2024-09-04,IND_VIZ,5,26.79,21.0,True,synthetic_scenario_generator,26006
2024-09-05,IND_VIZ,4,32.51,25.85,True,synthetic_scenario_generator,26006
2024-09-06,IND_VIZ,5,16.35,12.16,True,synthetic_scenario_generator,26006
2024-09-07,IND_VIZ,5,31.28,24.81,True,synthetic_scenario_generator,26006
2024-09-08,IND_VIZ,4,31.52,25.02,True,synthetic_scenario_generator,26006
2024-09-09,IND_VIZ,4,24.48,19.05,True,synthetic_scenario_generator,26006
2024-09-10,IND_VIZ,5,32.35,25.72,True,synthetic_scenario_generator,26006
2024-09-11,IND_VIZ,5,28.17,22.18,True,synthetic_scenario_generator,26006
2024-09-12,IND_VIZ,4,21.2,16.27,True,synthetic_scenario_generator,26006
2024-09-13,IND_VIZ,4,22.16,17.09,True,synthetic_scenario_generator,26006
2024-09-14,IND_VIZ,4,21.87,16.84,True,synthetic_scenario_generator,26006
2024-09-15,IND_VIZ,3,19.48,14.81,True,synthetic_scenario_generator,26006
2024-09-16,IND_VIZ,2,21.56,16.57,True,synthetic_scenario_generator,26006
2024-09-17,IND_VIZ,1,20.19,15.42,True,synthetic_scenario_generator,26006
2024-09-18,IND_VIZ,4,22.24,17.16,True,synthetic_scenario_generator,26006
2024-09-19,IND_VIZ,3,5.37,2.85,True,synthetic_scenario_generator,26006
2024-09-20,IND_VIZ,3,16.28,12.1,True,synthetic_scenario_generator,26006
2024-09-21,IND_VIZ,3,9.07,5.99,True,synthetic_scenario_generator,26006
2024-09-22,IND_VIZ,2,17.57,13.19,True,synthetic_scenario_generator,26006
2024-09-23,IND_VIZ,5,14.91,10.94,True,synthetic_scenario_generator,26006
2024-09-24,IND_VIZ,2,16.58,12.35,True,synthetic_scenario_generator,26006
2024-09-25,IND_VIZ,3,24.52,19.09,True,synthetic_scenario_generator,26006
2024-09-26,IND_VIZ,4,19.02,14.42,True,synthetic_scenario_generator,26006
2024-09-27,IND_VIZ,3,24.0,18.65,True,synthetic_scenario_generator,26006
2024-09-28,IND_VIZ,4,30.14,23.85,True,synthetic_scenario_generator,26006
2024-09-29,IND_VIZ,5,24.33,18.92,True,synthetic_scenario_generator,26006
2024-09-30,IND_VIZ,3,7.34,4.53,True,synthetic_scenario_generator,26006
2024-10-01,IND_VIZ,5,17.3,12.96,True,synthetic_scenario_generator,26006
2024-10-02,IND_VIZ,4,28.29,22.28,True,synthetic_scenario_generator,26006
2024-10-03,IND_VIZ,1,17.46,13.1,True,synthetic_scenario_generator,26006
2024-10-04,IND_VIZ,4,18.15,13.69,True,synthetic_scenario_generator,26006
2024-10-05,IND_VIZ,3,25.72,20.1,True,synthetic_scenario_generator,26006
2024-10-06,IND_VIZ,4,15.43,11.38,True,synthetic_scenario_generator,26006
2024-10-07,IND_VIZ,5,18.94,14.36,True,synthetic_scenario_generator,26006
2024-10-08,IND_VIZ,3,6.62,3.92,True,synthetic_scenario_generator,26006
2024-10-09,IND_VIZ,4,29.33,23.16,True,synthetic_scenario_generator,26006
2024-10-10,IND_VIZ,3,18.38,13.88,True,synthetic_scenario_generator,26006
2024-10-11,IND_VIZ,2,22.14,17.07,True,synthetic_scenario_generator,26006
2024-10-12,IND_VIZ,2,10.04,6.81,True,synthetic_scenario_generator,26006
2024-10-13,IND_VIZ,5,27.28,21.43,True,synthetic_scenario_generator,26006
2024-10-14,IND_VIZ,3,16.53,12.32,True,synthetic_scenario_generator,26006
2024-10-15,IND_VIZ,3,23.82,18.49,True,synthetic_scenario_generator,26006
2024-10-16,IND_VIZ,3,24.19,18.8,True,synthetic_scenario_generator,26006
2024-10-17,IND_VIZ,2,18.24,13.76,True,synthetic_scenario_generator,26006
2024-10-18,IND_VIZ,3,13.44,9.7,True,synthetic_scenario_generator,26006
2024-10-19,IND_VIZ,3,18.54,14.02,True,synthetic_scenario_generator,26006
2024-10-20,IND_VIZ,3,19.27,14.64,True,synthetic_scenario_generator,26006
2024-10-21,IND_VIZ,4,16.81,12.55,True,synthetic_scenario_generator,26006
2024-10-22,IND_VIZ,7,36.06,28.87,True,synthetic_scenario_generator,26006
2024-10-23,IND_VIZ,4,32.79,26.1,True,synthetic_scenario_generator,26006
2024-10-24,IND_VIZ,3,33.13,26.38,True,synthetic_scenario_generator,26006
2024-10-25,IND_VIZ,3,26.99,21.17,True,synthetic_scenario_generator,26006
2024-10-26,IND_VIZ,3,16.09,11.94,True,synthetic_scenario_generator,26006
2024-10-27,IND_VIZ,2,22.64,17.5,True,synthetic_scenario_generator,26006
2024-10-28,IND_VIZ,4,41.46,33.44,True,synthetic_scenario_generator,26006
2024-10-29,IND_VIZ,3,22.86,17.68,True,synthetic_scenario_generator,26006
2024-10-30,IND_VIZ,2,31.94,25.37,True,synthetic_scenario_generator,26006
2024-10-31,IND_VIZ,4,24.53,19.09,True,synthetic_scenario_generator,26006
2024-11-01,IND_VIZ,6,33.97,27.09,True,synthetic_scenario_generator,26006
2024-11-02,IND_VIZ,4,35.57,28.45,True,synthetic_scenario_generator,26006
2024-11-03,IND_VIZ,5,29.2,23.05,True,synthetic_scenario_generator,26006
2024-11-04,IND_VIZ,4,29.32,23.15,True,synthetic_scenario_generator,26006
2024-11-05,IND_VIZ,6,37.28,29.9,True,synthetic_scenario_generator,26006
2024-11-06,IND_VIZ,6,31.38,24.9,True,synthetic_scenario_generator,26006
2024-11-07,IND_VIZ,5,27.51,21.62,True,synthetic_scenario_generator,26006
2024-11-08,IND_VIZ,3,32.18,25.58,True,synthetic_scenario_generator,26006
2024-11-09,IND_VIZ,5,32.49,25.84,True,synthetic_scenario_generator,26006
2024-11-10,IND_VIZ,3,15.81,11.7,True,synthetic_scenario_generator,26006
2024-11-11,IND_VIZ,6,33.97,27.09,True,synthetic_scenario_generator,26006
2024-11-12,IND_VIZ,3,34.92,27.9,True,synthetic_scenario_generator,26006
2024-11-13,IND_VIZ,3,26.53,20.79,True,synthetic_scenario_generator,26006
2024-11-14,IND_VIZ,5,35.18,28.12,True,synthetic_scenario_generator,26006
2024-11-15,IND_VIZ,2,35.77,28.62,True,synthetic_scenario_generator,26006
2024-11-16,IND_VIZ,5,37.56,30.14,True,synthetic_scenario_generator,26006
2024-11-17,IND_VIZ,3,36.46,29.2,True,synthetic_scenario_generator,26006
2024-11-18,IND_VIZ,5,37.0,29.66,True,synthetic_scenario_generator,26006
2024-11-19,IND_VIZ,2,40.46,32.59,True,synthetic_scenario_generator,26006
2024-11-20,IND_VIZ,5,31.23,24.77,True,synthetic_scenario_generator,26006
2024-11-21,IND_VIZ,6,33.64,26.82,True,synthetic_scenario_generator,26006
2024-11-22,IND_VIZ,4,35.99,28.8,True,synthetic_scenario_generator,26006
2024-11-23,IND_VIZ,4,38.96,31.32,True,synthetic_scenario_generator,26006
2024-11-24,IND_VIZ,2,22.63,17.49,True,synthetic_scenario_generator,26006
2024-11-25,IND_VIZ,2,25.57,19.97,True,synthetic_scenario_generator,26006
2024-11-26,IND_VIZ,4,21.73,16.72,True,synthetic_scenario_generator,26006
2024-11-27,IND_VIZ,5,18.31,13.83,True,synthetic_scenario_generator,26006
2024-11-28,IND_VIZ,5,34.36,27.43,True,synthetic_scenario_generator,26006
2024-11-29,IND_VIZ,4,23.02,17.82,True,synthetic_scenario_generator,26006
2024-11-30,IND_VIZ,4,20.42,15.61,True,synthetic_scenario_generator,26006
2024-12-01,IND_VIZ,5,31.0,24.58,True,synthetic_scenario_generator,26006
2024-12-02,IND_VIZ,3,30.68,24.31,True,synthetic_scenario_generator,26006
2024-12-03,IND_VIZ,6,26.61,20.86,True,synthetic_scenario_generator,26006
2024-12-04,IND_VIZ,4,32.98,26.26,True,synthetic_scenario_generator,26006
2024-12-05,IND_VIZ,3,24.03,18.67,True,synthetic_scenario_generator,26006
2024-12-06,IND_VIZ,4,34.02,27.14,True,synthetic_scenario_generator,26006
2024-12-07,IND_VIZ,1,25.94,20.29,True,synthetic_scenario_generator,26006
2024-12-08,IND_VIZ,1,22.96,17.76,True,synthetic_scenario_generator,26006
2024-12-09,IND_VIZ,1,23.26,18.01,True,synthetic_scenario_generator,26006
2024-12-10,IND_VIZ,5,33.7,26.87,True,synthetic_scenario_generator,26006
2024-12-11,IND_VIZ,4,14.89,10.92,True,synthetic_scenario_generator,26006
2024-12-12,IND_VIZ,4,20.53,15.7,True,synthetic_scenario_generator,26006
2024-12-13,IND_VIZ,2,12.82,9.17,True,synthetic_scenario_generator,26006
2024-12-14,IND_VIZ,4,19.2,14.58,True,synthetic_scenario_generator,26006
2024-12-15,IND_VIZ,2,28.11,22.13,True,synthetic_scenario_generator,26006
2024-12-16,IND_VIZ,1,12.66,9.04,True,synthetic_scenario_generator,26006
2024-12-17,IND_VIZ,2,13.8,10.0,True,synthetic_scenario_generator,26006
2024-12-18,IND_VIZ,5,25.49,19.91,True,synthetic_scenario_generator,26006
2024-12-19,IND_VIZ,4,14.09,10.24,True,synthetic_scenario_generator,26006
2024-12-20,IND_VIZ,0,18.96,14.37,True,synthetic_scenario_generator,26006
2024-12-21,IND_VIZ,3,10.71,7.38,True,synthetic_scenario_generator,26006
2024-12-22,IND_VIZ,3,13.97,10.14,True,synthetic_scenario_generator,26006
2024-12-23,IND_VIZ,4,12.78,9.13,True,synthetic_scenario_generator,26006
2024-12-24,IND_VIZ,0,6.54,3.84,True,synthetic_scenario_generator,26006
2024-12-25,IND_VIZ,3,12.12,8.58,True,synthetic_scenario_generator,26006
2024-12-26,IND_VIZ,3,20.09,15.33,True,synthetic_scenario_generator,26006
2024-12-27,IND_VIZ,3,20.44,15.62,True,synthetic_scenario_generator,26006
2024-12-28,IND_VIZ,3,23.47,18.2,True,synthetic_scenario_generator,26006
2024-12-29,IND_VIZ,5,13.45,9.7,True,synthetic_scenario_generator,26006
2024-12-30,IND_VIZ,1,14.33,10.45,True,synthetic_scenario_generator,26006
2024-12-31,IND_VIZ,3,17.2,12.88,True,synthetic_scenario_generator,26006
2025-01-01,IND_VIZ,3,13.74,9.95,True,synthetic_scenario_generator,26006
2025-01-02,IND_VIZ,3,14.74,10.8,True,synthetic_scenario_generator,26006
2025-01-03,IND_VIZ,5,12.33,8.76,True,synthetic_scenario_generator,26006
2025-01-04,IND_VIZ,1,14.38,10.49,True,synthetic_scenario_generator,26006
2025-01-05,IND_VIZ,3,13.91,10.09,True,synthetic_scenario_generator,26006
2025-01-06,IND_VIZ,5,3.37,1.16,True,synthetic_scenario_generator,26006
2025-01-07,IND_VIZ,3,13.12,9.42,True,synthetic_scenario_generator,26006
2025-01-08,IND_VIZ,3,14.92,10.95,True,synthetic_scenario_generator,26006
2025-01-09,IND_VIZ,2,13.92,10.1,True,synthetic_scenario_generator,26006
2025-01-10,IND_VIZ,3,17.25,12.93,True,synthetic_scenario_generator,26006
2025-01-11,IND_VIZ,1,15.63,11.55,True,synthetic_scenario_generator,26006
2025-01-12,IND_VIZ,3,16.5,12.28,True,synthetic_scenario_generator,26006
2025-01-13,IND_VIZ,3,24.05,18.69,True,synthetic_scenario_generator,26006
2025-01-14,IND_VIZ,5,29.72,23.49,True,synthetic_scenario_generator,26006
2025-01-15,IND_VIZ,2,17.58,13.2,True,synthetic_scenario_generator,26006
2025-01-16,IND_VIZ,3,14.51,10.6,True,synthetic_scenario_generator,26006
2025-01-17,IND_VIZ,4,19.93,15.19,True,synthetic_scenario_generator,26006
2025-01-18,IND_VIZ,4,17.87,13.45,True,synthetic_scenario_generator,26006
2025-01-19,IND_VIZ,4,12.52,8.92,True,synthetic_scenario_generator,26006
2025-01-20,IND_VIZ,5,23.03,17.82,True,synthetic_scenario_generator,26006
2025-01-21,IND_VIZ,4,41.86,33.78,True,synthetic_scenario_generator,26006
2025-01-22,IND_VIZ,3,24.86,19.37,True,synthetic_scenario_generator,26006
2025-01-23,IND_VIZ,4,25.68,20.07,True,synthetic_scenario_generator,26006
2025-01-24,IND_VIZ,6,28.94,22.83,True,synthetic_scenario_generator,26006
2025-01-25,IND_VIZ,6,22.5,17.37,True,synthetic_scenario_generator,26006
2025-01-26,IND_VIZ,5,25.27,19.72,True,synthetic_scenario_generator,26006
2025-01-27,IND_VIZ,3,27.93,21.97,True,synthetic_scenario_generator,26006
2025-01-28,IND_VIZ,4,32.23,25.62,True,synthetic_scenario_generator,26006
2025-01-29,IND_VIZ,5,33.39,26.6,True,synthetic_scenario_generator,26006
2025-01-30,IND_VIZ,6,37.1,29.74,True,synthetic_scenario_generator,26006
2025-01-31,IND_VIZ,5,33.25,26.48,True,synthetic_scenario_generator,26006
2025-02-01,IND_VIZ,4,30.26,23.95,True,synthetic_scenario_generator,26006
2025-02-02,IND_VIZ,5,32.55,25.89,True,synthetic_scenario_generator,26006
2025-02-03,IND_VIZ,4,33.73,26.89,True,synthetic_scenario_generator,26006
2025-02-04,IND_VIZ,3,29.91,23.65,True,synthetic_scenario_generator,26006
2025-02-05,IND_VIZ,5,34.6,27.63,True,synthetic_scenario_generator,26006
2025-02-06,IND_VIZ,5,30.97,24.55,True,synthetic_scenario_generator,26006
2025-02-07,IND_VIZ,5,37.84,30.37,True,synthetic_scenario_generator,26006
2025-02-08,IND_VIZ,4,31.05,24.62,True,synthetic_scenario_generator,26006
2025-02-09,IND_VIZ,3,23.59,18.3,True,synthetic_scenario_generator,26006
2025-02-10,IND_VIZ,4,27.35,21.48,True,synthetic_scenario_generator,26006
2025-02-11,IND_VIZ,2,33.93,27.06,True,synthetic_scenario_generator,26006
2025-02-12,IND_VIZ,2,30.65,24.28,True,synthetic_scenario_generator,26006
2025-02-13,IND_VIZ,5,31.84,25.29,True,synthetic_scenario_generator,26006
2025-02-14,IND_VIZ,3,21.33,16.38,True,synthetic_scenario_generator,26006
2025-02-15,IND_VIZ,5,33.54,26.73,True,synthetic_scenario_generator,26006
2025-02-16,IND_VIZ,5,34.06,27.17,True,synthetic_scenario_generator,26006
2025-02-17,IND_VIZ,3,31.1,24.66,True,synthetic_scenario_generator,26006
2025-02-18,IND_VIZ,4,21.56,16.57,True,synthetic_scenario_generator,26006
2025-02-19,IND_VIZ,4,30.56,24.21,True,synthetic_scenario_generator,26006
2025-02-20,IND_VIZ,3,39.26,31.58,True,synthetic_scenario_generator,26006
2025-02-21,IND_VIZ,5,30.45,24.11,True,synthetic_scenario_generator,26006
2025-02-22,IND_VIZ,4,28.06,22.09,True,synthetic_scenario_generator,26006
2025-02-23,IND_VIZ,5,30.63,24.26,True,synthetic_scenario_generator,26006
2025-02-24,IND_VIZ,4,30.11,23.83,True,synthetic_scenario_generator,26006
2025-02-25,IND_VIZ,3,29.8,23.56,True,synthetic_scenario_generator,26006
2025-02-26,IND_VIZ,2,18.74,14.19,True,synthetic_scenario_generator,26006
2025-02-27,IND_VIZ,3,25.72,20.1,True,synthetic_scenario_generator,26006
2025-02-28,IND_VIZ,2,29.7,23.48,True,synthetic_scenario_generator,26006
2025-03-01,IND_VIZ,4,24.81,19.33,True,synthetic_scenario_generator,26006
2025-03-02,IND_VIZ,3,30.89,24.48,True,synthetic_scenario_generator,26006
2025-03-03,IND_VIZ,2,19.79,15.07,True,synthetic_scenario_generator,26006
2025-03-04,IND_VIZ,4,18.72,14.17,True,synthetic_scenario_generator,26006
2025-03-05,IND_VIZ,6,28.85,22.75,True,synthetic_scenario_generator,26006
2025-03-06,IND_VIZ,5,26.11,20.43,True,synthetic_scenario_generator,26006
2025-03-07,IND_VIZ,3,22.97,17.77,True,synthetic_scenario_generator,26006
2025-03-08,IND_VIZ,4,22.74,17.58,True,synthetic_scenario_generator,26006
2025-03-09,IND_VIZ,2,11.61,8.15,True,synthetic_scenario_generator,26006
2025-03-10,IND_VIZ,2,15.52,11.46,True,synthetic_scenario_generator,26006
2025-03-11,IND_VIZ,3,18.83,14.26,True,synthetic_scenario_generator,26006
2025-03-12,IND_VIZ,5,11.07,7.69,True,synthetic_scenario_generator,26006
2025-03-13,IND_VIZ,2,14.72,10.78,True,synthetic_scenario_generator,26006
2025-03-14,IND_VIZ,3,21.53,16.55,True,synthetic_scenario_generator,26006
2025-03-15,IND_VIZ,5,15.86,11.74,True,synthetic_scenario_generator,26006
2025-03-16,IND_VIZ,1,2.0,0.0,True,synthetic_scenario_generator,26006
2025-03-17,IND_VIZ,4,10.91,7.55,True,synthetic_scenario_generator,26006
2025-03-18,IND_VIZ,3,16.46,12.25,True,synthetic_scenario_generator,26006
2025-03-19,IND_VIZ,4,7.56,4.72,True,synthetic_scenario_generator,26006
2025-03-20,IND_VIZ,3,5.56,3.01,True,synthetic_scenario_generator,26006
2025-03-21,IND_VIZ,5,25.82,20.19,True,synthetic_scenario_generator,26006
2025-03-22,IND_VIZ,2,14.25,10.39,True,synthetic_scenario_generator,26006
2025-03-23,IND_VIZ,4,11.46,8.01,True,synthetic_scenario_generator,26006
2025-03-24,IND_VIZ,3,6.22,3.57,True,synthetic_scenario_generator,26006
2025-03-25,IND_VIZ,4,11.96,8.44,True,synthetic_scenario_generator,26006
2025-03-26,IND_VIZ,2,9.48,6.34,True,synthetic_scenario_generator,26006
2025-03-27,IND_VIZ,4,16.38,12.19,True,synthetic_scenario_generator,26006
2025-03-28,IND_VIZ,4,9.26,6.15,True,synthetic_scenario_generator,26006
2025-03-29,IND_VIZ,1,17.34,13.0,True,synthetic_scenario_generator,26006
2025-03-30,IND_VIZ,3,7.76,4.88,True,synthetic_scenario_generator,26006
2025-03-31,IND_VIZ,3,14.61,10.69,True,synthetic_scenario_generator,26006
2025-04-01,IND_VIZ,3,24.29,18.89,True,synthetic_scenario_generator,26006
2025-04-02,IND_VIZ,2,18.72,14.17,True,synthetic_scenario_generator,26006
2025-04-03,IND_VIZ,3,25.13,19.6,True,synthetic_scenario_generator,26006
2025-04-04,IND_VIZ,4,23.86,18.52,True,synthetic_scenario_generator,26006
2025-04-05,IND_VIZ,4,26.26,20.56,True,synthetic_scenario_generator,26006
2025-04-06,IND_VIZ,1,23.84,18.51,True,synthetic_scenario_generator,26006
2025-04-07,IND_VIZ,3,22.25,17.16,True,synthetic_scenario_generator,26006
2025-04-08,IND_VIZ,3,10.4,7.12,True,synthetic_scenario_generator,26006
2025-04-09,IND_VIZ,2,15.31,11.28,True,synthetic_scenario_generator,26006
2025-04-10,IND_VIZ,1,13.29,9.57,True,synthetic_scenario_generator,26006
2025-04-11,IND_VIZ,3,18.13,13.67,True,synthetic_scenario_generator,26006
2025-04-12,IND_VIZ,3,10.83,7.48,True,synthetic_scenario_generator,26006
2025-04-13,IND_VIZ,3,26.31,20.6,True,synthetic_scenario_generator,26006
2025-04-14,IND_VIZ,2,15.87,11.76,True,synthetic_scenario_generator,26006
2025-04-15,IND_VIZ,3,28.62,22.56,True,synthetic_scenario_generator,26006
2025-04-16,IND_VIZ,3,31.83,25.28,True,synthetic_scenario_generator,26006
2025-04-17,IND_VIZ,4,35.2,28.14,True,synthetic_scenario_generator,26006
2025-04-18,IND_VIZ,1,22.04,16.98,True,synthetic_scenario_generator,26006
2025-04-19,IND_VIZ,6,31.17,24.72,True,synthetic_scenario_generator,26006
2025-04-20,IND_VIZ,2,19.37,14.72,True,synthetic_scenario_generator,26006
2025-04-21,IND_VIZ,4,34.05,27.16,True,synthetic_scenario_generator,26006
2025-04-22,IND_VIZ,3,25.13,19.61,True,synthetic_scenario_generator,26006
2025-04-23,IND_VIZ,4,29.76,23.52,True,synthetic_scenario_generator,26006
2025-04-24,IND_VIZ,3,28.47,22.43,True,synthetic_scenario_generator,26006
2025-04-25,IND_VIZ,3,23.01,17.8,True,synthetic_scenario_generator,26006
2025-04-26,IND_VIZ,6,27.44,21.56,True,synthetic_scenario_generator,26006
2025-04-27,IND_VIZ,2,21.4,16.44,True,synthetic_scenario_generator,26006
2025-04-28,IND_VIZ,3,30.15,23.85,True,synthetic_scenario_generator,26006
2025-04-29,IND_VIZ,5,32.3,25.67,True,synthetic_scenario_generator,26006
2025-04-30,IND_VIZ,4,28.0,22.03,True,synthetic_scenario_generator,26006
2025-05-01,IND_VIZ,5,28.01,22.04,True,synthetic_scenario_generator,26006
2025-05-02,IND_VIZ,4,35.45,28.35,True,synthetic_scenario_generator,26006
2025-05-03,IND_VIZ,3,27.89,21.94,True,synthetic_scenario_generator,26006
2025-05-04,IND_VIZ,5,32.84,26.13,True,synthetic_scenario_generator,26006
2025-05-05,IND_VIZ,5,33.74,26.9,True,synthetic_scenario_generator,26006
2025-05-06,IND_VIZ,5,32.32,25.7,True,synthetic_scenario_generator,26006
2025-05-07,IND_VIZ,2,31.12,24.68,True,synthetic_scenario_generator,26006
2025-05-08,IND_VIZ,6,39.15,31.49,True,synthetic_scenario_generator,26006
2025-05-09,IND_VIZ,2,41.38,33.37,True,synthetic_scenario_generator,26006
2025-05-10,IND_VIZ,4,26.55,20.81,True,synthetic_scenario_generator,26006
2025-05-11,IND_VIZ,4,36.46,29.21,True,synthetic_scenario_generator,26006
2025-05-12,IND_VIZ,5,39.0,31.35,True,synthetic_scenario_generator,26006
2025-05-13,IND_VIZ,3,23.1,17.88,True,synthetic_scenario_generator,26006
2025-05-14,IND_VIZ,4,33.73,26.89,True,synthetic_scenario_generator,26006
2025-05-15,IND_VIZ,4,23.58,18.28,True,synthetic_scenario_generator,26006
2025-05-16,IND_VIZ,5,32.04,25.45,True,synthetic_scenario_generator,26006
2025-05-17,IND_VIZ,5,21.61,16.62,True,synthetic_scenario_generator,26006
2025-05-18,IND_VIZ,3,21.37,16.41,True,synthetic_scenario_generator,26006
2025-05-19,IND_VIZ,4,32.08,25.5,True,synthetic_scenario_generator,26006
2025-05-20,IND_VIZ,3,32.1,25.51,True,synthetic_scenario_generator,26006
2025-05-21,IND_VIZ,3,32.67,25.99,True,synthetic_scenario_generator,26006
2025-05-22,IND_VIZ,3,24.56,19.12,True,synthetic_scenario_generator,26006
2025-05-23,IND_VIZ,5,28.31,22.3,True,synthetic_scenario_generator,26006
2025-05-24,IND_VIZ,5,32.03,25.45,True,synthetic_scenario_generator,26006
2025-05-25,IND_VIZ,3,25.18,19.65,True,synthetic_scenario_generator,26006
2025-05-26,IND_VIZ,4,34.29,27.36,True,synthetic_scenario_generator,26006
2025-05-27,IND_VIZ,5,27.39,21.52,True,synthetic_scenario_generator,26006
2025-05-28,IND_VIZ,4,31.68,25.15,True,synthetic_scenario_generator,26006
2025-05-29,IND_VIZ,4,25.59,19.99,True,synthetic_scenario_generator,26006
2025-05-30,IND_VIZ,4,19.79,15.08,True,synthetic_scenario_generator,26006
2025-05-31,IND_VIZ,2,20.3,15.51,True,synthetic_scenario_generator,26006
2025-06-01,IND_VIZ,3,27.55,21.66,True,synthetic_scenario_generator,26006
2025-06-02,IND_VIZ,2,23.95,18.6,True,synthetic_scenario_generator,26006
2025-06-03,IND_VIZ,4,21.82,16.8,True,synthetic_scenario_generator,26006
2025-06-04,IND_VIZ,6,20.14,15.37,True,synthetic_scenario_generator,26006
2025-06-05,IND_VIZ,3,37.67,30.23,True,synthetic_scenario_generator,26006
2025-06-06,IND_VIZ,4,15.07,11.07,True,synthetic_scenario_generator,26006
2025-06-07,IND_VIZ,5,38.38,30.83,True,synthetic_scenario_generator,26006
2025-06-08,IND_VIZ,4,20.13,15.37,True,synthetic_scenario_generator,26006
2025-06-09,IND_VIZ,3,21.46,16.49,True,synthetic_scenario_generator,26006
2025-06-10,IND_VIZ,5,17.66,13.27,True,synthetic_scenario_generator,26006
2025-06-11,IND_VIZ,3,25.43,19.85,True,synthetic_scenario_generator,26006
2025-06-12,IND_VIZ,4,20.68,15.83,True,synthetic_scenario_generator,26006
2025-06-13,IND_VIZ,4,16.77,12.52,True,synthetic_scenario_generator,26006
2025-06-14,IND_VIZ,6,28.88,22.78,True,synthetic_scenario_generator,26006
2025-06-15,IND_VIZ,4,16.56,12.34,True,synthetic_scenario_generator,26006
2025-06-16,IND_VIZ,4,16.43,12.23,True,synthetic_scenario_generator,26006
2025-06-17,IND_VIZ,2,18.25,13.77,True,synthetic_scenario_generator,26006
2025-06-18,IND_VIZ,3,32.05,25.46,True,synthetic_scenario_generator,26006
2025-06-19,IND_VIZ,2,16.35,12.16,True,synthetic_scenario_generator,26006
2025-06-20,IND_VIZ,2,12.23,8.67,True,synthetic_scenario_generator,26006
2025-06-21,IND_VIZ,3,15.59,11.52,True,synthetic_scenario_generator,26006
2025-06-22,IND_VIZ,4,19.47,14.8,True,synthetic_scenario_generator,26006
2025-06-23,IND_VIZ,4,21.78,16.76,True,synthetic_scenario_generator,26006
2025-06-24,IND_VIZ,3,16.15,12.0,True,synthetic_scenario_generator,26006
2025-06-25,IND_VIZ,4,19.53,14.85,True,synthetic_scenario_generator,26006
2025-06-26,IND_VIZ,2,9.82,6.63,True,synthetic_scenario_generator,26006
2025-06-27,IND_VIZ,4,20.65,15.8,True,synthetic_scenario_generator,26006
2025-06-28,IND_VIZ,2,19.46,14.8,True,synthetic_scenario_generator,26006
2025-06-29,IND_VIZ,2,15.25,11.23,True,synthetic_scenario_generator,26006
2025-06-30,IND_VIZ,3,22.94,17.75,True,synthetic_scenario_generator,26006
2025-07-01,IND_VIZ,3,12.01,8.49,True,synthetic_scenario_generator,26006
2025-07-02,IND_VIZ,1,11.76,8.28,True,synthetic_scenario_generator,26006
2025-07-03,IND_VIZ,2,17.55,13.18,True,synthetic_scenario_generator,26006
2025-07-04,IND_VIZ,3,30.72,24.34,True,synthetic_scenario_generator,26006
2025-07-05,IND_VIZ,3,18.55,14.02,True,synthetic_scenario_generator,26006
2025-07-06,IND_VIZ,3,21.68,16.68,True,synthetic_scenario_generator,26006
2025-07-07,IND_VIZ,3,13.86,10.05,True,synthetic_scenario_generator,26006
2025-07-08,IND_VIZ,4,28.02,22.05,True,synthetic_scenario_generator,26006
2025-07-09,IND_VIZ,4,25.11,19.58,True,synthetic_scenario_generator,26006
2025-07-10,IND_VIZ,5,24.57,19.13,True,synthetic_scenario_generator,26006
2025-07-11,IND_VIZ,4,21.85,16.82,True,synthetic_scenario_generator,26006
2025-07-12,IND_VIZ,5,27.72,21.8,True,synthetic_scenario_generator,26006
2025-07-13,IND_VIZ,2,27.91,21.96,True,synthetic_scenario_generator,26006
2025-07-14,IND_VIZ,4,29.19,23.05,True,synthetic_scenario_generator,26006
2025-07-15,IND_VIZ,5,28.1,22.11,True,synthetic_scenario_generator,26006
2025-07-16,IND_VIZ,5,23.86,18.52,True,synthetic_scenario_generator,26006
2025-07-17,IND_VIZ,4,22.65,17.5,True,synthetic_scenario_generator,26006
2025-07-18,IND_VIZ,3,19.0,14.41,True,synthetic_scenario_generator,26006
2025-07-19,IND_VIZ,4,28.92,22.82,True,synthetic_scenario_generator,26006
2025-07-20,IND_VIZ,3,17.8,13.39,True,synthetic_scenario_generator,26006
2025-07-21,IND_VIZ,4,25.1,19.58,True,synthetic_scenario_generator,26006
2025-07-22,IND_VIZ,6,28.91,22.8,True,synthetic_scenario_generator,26006
2025-07-23,IND_VIZ,3,31.29,24.82,True,synthetic_scenario_generator,26006
2025-07-24,IND_VIZ,4,34.36,27.42,True,synthetic_scenario_generator,26006
2025-07-25,IND_VIZ,4,33.64,26.81,True,synthetic_scenario_generator,26006
2025-07-26,IND_VIZ,3,24.67,19.21,True,synthetic_scenario_generator,26006
2025-07-27,IND_VIZ,3,29.88,23.63,True,synthetic_scenario_generator,26006
2025-07-28,IND_VIZ,4,38.73,31.13,True,synthetic_scenario_generator,26006
2025-07-29,IND_VIZ,6,32.79,26.09,True,synthetic_scenario_generator,26006
2025-07-30,IND_VIZ,3,26.86,21.06,True,synthetic_scenario_generator,26006
2025-07-31,IND_VIZ,6,34.31,27.38,True,synthetic_scenario_generator,26006
2025-08-01,IND_VIZ,5,35.0,27.97,True,synthetic_scenario_generator,26006
2025-08-02,IND_VIZ,5,35.14,28.09,True,synthetic_scenario_generator,26006
2025-08-03,IND_VIZ,6,40.16,32.34,True,synthetic_scenario_generator,26006
2025-08-04,IND_VIZ,4,40.41,32.55,True,synthetic_scenario_generator,26006
2025-08-05,IND_VIZ,4,39.36,31.66,True,synthetic_scenario_generator,26006
2025-08-06,IND_VIZ,4,36.39,29.14,True,synthetic_scenario_generator,26006
2025-08-07,IND_VIZ,4,32.21,25.6,True,synthetic_scenario_generator,26006
2025-08-08,IND_VIZ,4,31.67,25.15,True,synthetic_scenario_generator,26006
2025-08-09,IND_VIZ,2,34.51,27.55,True,synthetic_scenario_generator,26006
2025-08-10,IND_VIZ,3,32.74,26.05,True,synthetic_scenario_generator,26006
2025-08-11,IND_VIZ,4,26.29,20.58,True,synthetic_scenario_generator,26006
2025-08-12,IND_VIZ,3,36.08,28.88,True,synthetic_scenario_generator,26006
2025-08-13,IND_VIZ,5,35.06,28.02,True,synthetic_scenario_generator,26006
2025-08-14,IND_VIZ,6,31.36,24.88,True,synthetic_scenario_generator,26006
2025-08-15,IND_VIZ,5,21.07,16.16,True,synthetic_scenario_generator,26006
2025-08-16,IND_VIZ,5,31.47,24.97,True,synthetic_scenario_generator,26006
2025-08-17,IND_VIZ,3,34.55,27.59,True,synthetic_scenario_generator,26006
2025-08-18,IND_VIZ,4,19.33,14.69,True,synthetic_scenario_generator,26006
2025-08-19,IND_VIZ,5,31.73,25.19,True,synthetic_scenario_generator,26006
2025-08-20,IND_VIZ,5,31.3,24.83,True,synthetic_scenario_generator,26006
2025-08-21,IND_VIZ,6,41.47,33.45,True,synthetic_scenario_generator,26006
2025-08-22,IND_VIZ,3,37.83,30.37,True,synthetic_scenario_generator,26006
2025-08-23,IND_VIZ,5,34.21,27.3,True,synthetic_scenario_generator,26006
2025-08-24,IND_VIZ,4,31.45,24.96,True,synthetic_scenario_generator,26006
2025-08-25,IND_VIZ,5,31.4,24.92,True,synthetic_scenario_generator,26006
2025-08-26,IND_VIZ,4,23.15,17.92,True,synthetic_scenario_generator,26006
2025-08-27,IND_VIZ,5,28.25,22.25,True,synthetic_scenario_generator,26006
2025-08-28,IND_VIZ,4,31.65,25.13,True,synthetic_scenario_generator,26006
2025-08-29,IND_VIZ,3,32.79,26.1,True,synthetic_scenario_generator,26006
2025-08-30,IND_VIZ,4,22.67,17.52,True,synthetic_scenario_generator,26006
2025-08-31,IND_VIZ,5,30.91,24.5,True,synthetic_scenario_generator,26006
2025-09-01,IND_VIZ,1,16.96,12.68,True,synthetic_scenario_generator,26006
2025-09-02,IND_VIZ,3,17.81,13.4,True,synthetic_scenario_generator,26006
2025-09-03,IND_VIZ,8,35.03,27.99,True,synthetic_scenario_generator,26006
2025-09-04,IND_VIZ,3,29.16,23.02,True,synthetic_scenario_generator,26006
2025-09-05,IND_VIZ,2,23.06,17.85,True,synthetic_scenario_generator,26006
2025-09-06,IND_VIZ,5,23.78,18.45,True,synthetic_scenario_generator,26006
2025-09-07,IND_VIZ,4,19.34,14.7,True,synthetic_scenario_generator,26006
2025-09-08,IND_VIZ,6,31.43,24.94,True,synthetic_scenario_generator,26006
2025-09-09,IND_VIZ,4,33.44,26.64,True,synthetic_scenario_generator,26006
2025-09-10,IND_VIZ,3,23.32,18.07,True,synthetic_scenario_generator,26006
2025-09-11,IND_VIZ,4,19.26,14.62,True,synthetic_scenario_generator,26006
2025-09-12,IND_VIZ,4,22.66,17.51,True,synthetic_scenario_generator,26006
2025-09-13,IND_VIZ,4,18.34,13.85,True,synthetic_scenario_generator,26006
2025-09-14,IND_VIZ,4,9.1,6.02,True,synthetic_scenario_generator,26006
2025-09-15,IND_VIZ,2,21.02,16.12,True,synthetic_scenario_generator,26006
2025-09-16,IND_VIZ,4,13.28,9.56,True,synthetic_scenario_generator,26006
2025-09-17,IND_VIZ,2,17.47,13.11,True,synthetic_scenario_generator,26006
2025-09-18,IND_VIZ,2,15.25,11.23,True,synthetic_scenario_generator,26006
2025-09-19,IND_VIZ,4,18.31,13.83,True,synthetic_scenario_generator,26006
2025-09-20,IND_VIZ,4,16.11,11.96,True,synthetic_scenario_generator,26006
2025-09-21,IND_VIZ,5,17.53,13.16,True,synthetic_scenario_generator,26006
2025-09-22,IND_VIZ,2,15.29,11.26,True,synthetic_scenario_generator,26006
2025-09-23,IND_VIZ,2,11.76,8.27,True,synthetic_scenario_generator,26006
2025-09-24,IND_VIZ,2,20.39,15.59,True,synthetic_scenario_generator,26006
2025-09-25,IND_VIZ,3,25.31,19.75,True,synthetic_scenario_generator,26006
2025-09-26,IND_VIZ,2,16.75,12.5,True,synthetic_scenario_generator,26006
2025-09-27,IND_VIZ,2,10.98,7.61,True,synthetic_scenario_generator,26006
2025-09-28,IND_VIZ,4,21.46,16.49,True,synthetic_scenario_generator,26006
2025-09-29,IND_VIZ,5,24.43,19.01,True,synthetic_scenario_generator,26006
2025-09-30,IND_VIZ,4,32.49,25.84,True,synthetic_scenario_generator,26006
2025-10-01,IND_VIZ,3,16.97,12.69,True,synthetic_scenario_generator,26006
2025-10-02,IND_VIZ,5,21.89,16.85,True,synthetic_scenario_generator,26006
2025-10-03,IND_VIZ,3,26.01,20.35,True,synthetic_scenario_generator,26006
2025-10-04,IND_VIZ,2,12.72,9.08,True,synthetic_scenario_generator,26006
2025-10-05,IND_VIZ,3,3.47,1.24,True,synthetic_scenario_generator,26006
2025-10-06,IND_VIZ,1,16.66,12.43,True,synthetic_scenario_generator,26006
2025-10-07,IND_VIZ,2,11.6,8.13,True,synthetic_scenario_generator,26006
2025-10-08,IND_VIZ,5,14.03,10.2,True,synthetic_scenario_generator,26006
2025-10-09,IND_VIZ,2,17.89,13.47,True,synthetic_scenario_generator,26006
2025-10-10,IND_VIZ,7,28.06,22.09,True,synthetic_scenario_generator,26006
2025-10-11,IND_VIZ,7,23.48,18.2,True,synthetic_scenario_generator,26006
2025-10-12,IND_VIZ,2,22.52,17.39,True,synthetic_scenario_generator,26006
2025-10-13,IND_VIZ,5,28.35,22.33,True,synthetic_scenario_generator,26006
2025-10-14,IND_VIZ,4,24.35,18.94,True,synthetic_scenario_generator,26006
2025-10-15,IND_VIZ,6,27.2,21.36,True,synthetic_scenario_generator,26006
2025-10-16,IND_VIZ,4,22.48,17.36,True,synthetic_scenario_generator,26006
2025-10-17,IND_VIZ,4,18.11,13.65,True,synthetic_scenario_generator,26006
2025-10-18,IND_VIZ,4,26.01,20.35,True,synthetic_scenario_generator,26006
2025-10-19,IND_VIZ,4,26.09,20.42,True,synthetic_scenario_generator,26006
2025-10-20,IND_VIZ,5,20.74,15.88,True,synthetic_scenario_generator,26006
2025-10-21,IND_VIZ,2,30.69,24.31,True,synthetic_scenario_generator,26006
2025-10-22,IND_VIZ,5,29.96,23.7,True,synthetic_scenario_generator,26006
2025-10-23,IND_VIZ,4,30.15,23.85,True,synthetic_scenario_generator,26006
2025-10-24,IND_VIZ,3,29.87,23.62,True,synthetic_scenario_generator,26006
2025-10-25,IND_VIZ,5,41.11,33.15,True,synthetic_scenario_generator,26006
2025-10-26,IND_VIZ,5,33.3,26.52,True,synthetic_scenario_generator,26006
2025-10-27,IND_VIZ,6,30.45,24.11,True,synthetic_scenario_generator,26006
2025-10-28,IND_VIZ,4,26.97,21.16,True,synthetic_scenario_generator,26006
2025-10-29,IND_VIZ,3,26.65,20.89,True,synthetic_scenario_generator,26006
2025-10-30,IND_VIZ,3,29.93,23.67,True,synthetic_scenario_generator,26006
2025-10-31,IND_VIZ,3,28.13,22.14,True,synthetic_scenario_generator,26006
2025-11-01,IND_VIZ,4,34.87,27.85,True,synthetic_scenario_generator,26006
2025-11-02,IND_VIZ,2,36.47,29.21,True,synthetic_scenario_generator,26006
2025-11-03,IND_VIZ,6,38.67,31.07,True,synthetic_scenario_generator,26006
2025-11-04,IND_VIZ,3,30.5,24.16,True,synthetic_scenario_generator,26006
2025-11-05,IND_VIZ,6,34.98,27.95,True,synthetic_scenario_generator,26006
2025-11-06,IND_VIZ,4,31.13,24.69,True,synthetic_scenario_generator,26006
2025-11-07,IND_VIZ,5,43.59,35.25,True,synthetic_scenario_generator,26006
2025-11-08,IND_VIZ,4,31.89,25.33,True,synthetic_scenario_generator,26006
2025-11-09,IND_VIZ,6,27.48,21.59,True,synthetic_scenario_generator,26006
2025-11-10,IND_VIZ,4,27.82,21.89,True,synthetic_scenario_generator,26006
2025-11-11,IND_VIZ,4,38.37,30.83,True,synthetic_scenario_generator,26006
2025-11-12,IND_VIZ,4,28.66,22.6,True,synthetic_scenario_generator,26006
2025-11-13,IND_VIZ,3,31.36,24.88,True,synthetic_scenario_generator,26006
2025-11-14,IND_VIZ,3,40.83,32.9,True,synthetic_scenario_generator,26006
2025-11-15,IND_VIZ,5,22.86,17.68,True,synthetic_scenario_generator,26006
2025-11-16,IND_VIZ,2,35.93,28.75,True,synthetic_scenario_generator,26006
2025-11-17,IND_VIZ,4,30.95,24.53,True,synthetic_scenario_generator,26006
2025-11-18,IND_VIZ,3,29.42,23.24,True,synthetic_scenario_generator,26006
2025-11-19,IND_VIZ,6,34.18,27.27,True,synthetic_scenario_generator,26006
2025-11-20,IND_VIZ,4,25.13,19.6,True,synthetic_scenario_generator,26006
2025-11-21,IND_VIZ,2,26.46,20.73,True,synthetic_scenario_generator,26006
2025-11-22,IND_VIZ,5,17.95,13.51,True,synthetic_scenario_generator,26006
2025-11-23,IND_VIZ,4,25.66,20.05,True,synthetic_scenario_generator,26006
2025-11-24,IND_VIZ,4,30.24,23.93,True,synthetic_scenario_generator,26006
2025-11-25,IND_VIZ,6,34.06,27.17,True,synthetic_scenario_generator,26006
2025-11-26,IND_VIZ,3,26.14,20.46,True,synthetic_scenario_generator,26006
2025-11-27,IND_VIZ,5,30.01,23.74,True,synthetic_scenario_generator,26006
2025-11-28,IND_VIZ,4,13.32,9.6,True,synthetic_scenario_generator,26006
2025-11-29,IND_VIZ,2,23.82,18.49,True,synthetic_scenario_generator,26006
2025-11-30,IND_VIZ,3,28.71,22.64,True,synthetic_scenario_generator,26006
2025-12-01,IND_VIZ,3,20.65,15.8,True,synthetic_scenario_generator,26006
2025-12-02,IND_VIZ,3,21.59,16.6,True,synthetic_scenario_generator,26006
2025-12-03,IND_VIZ,5,13.67,9.89,True,synthetic_scenario_generator,26006
2025-12-04,IND_VIZ,4,20.5,15.68,True,synthetic_scenario_generator,26006
2025-12-05,IND_VIZ,2,18.47,13.95,True,synthetic_scenario_generator,26006
2025-12-06,IND_VIZ,4,19.0,14.41,True,synthetic_scenario_generator,26006
2025-12-07,IND_VIZ,3,22.23,17.14,True,synthetic_scenario_generator,26006
2025-12-08,IND_VIZ,2,20.21,15.43,True,synthetic_scenario_generator,26006
2025-12-09,IND_VIZ,2,20.14,15.37,True,synthetic_scenario_generator,26006
2025-12-10,IND_VIZ,3,29.16,23.02,True,synthetic_scenario_generator,26006
2025-12-11,IND_VIZ,3,3.9,1.61,True,synthetic_scenario_generator,26006
2025-12-12,IND_VIZ,2,12.47,8.87,True,synthetic_scenario_generator,26006
2025-12-13,IND_VIZ,2,23.48,18.21,True,synthetic_scenario_generator,26006
2025-12-14,IND_VIZ,5,20.63,15.79,True,synthetic_scenario_generator,26006
2025-12-15,IND_VIZ,2,14.96,10.98,True,synthetic_scenario_generator,26006
2025-12-16,IND_VIZ,5,17.27,12.94,True,synthetic_scenario_generator,26006
2025-12-17,IND_VIZ,4,25.13,19.6,True,synthetic_scenario_generator,26006
2025-12-18,IND_VIZ,3,15.32,11.29,True,synthetic_scenario_generator,26006
2025-12-19,IND_VIZ,2,7.66,4.79,True,synthetic_scenario_generator,26006
2025-12-20,IND_VIZ,2,21.47,16.5,True,synthetic_scenario_generator,26006
2025-12-21,IND_VIZ,0,6.11,3.48,True,synthetic_scenario_generator,26006
2025-12-22,IND_VIZ,3,10.64,7.32,True,synthetic_scenario_generator,26006
2025-12-23,IND_VIZ,3,24.5,19.07,True,synthetic_scenario_generator,26006
2025-12-24,IND_VIZ,2,11.21,7.8,True,synthetic_scenario_generator,26006
2025-12-25,IND_VIZ,1,13.67,9.89,True,synthetic_scenario_generator,26006
2025-12-26,IND_VIZ,3,14.94,10.97,True,synthetic_scenario_generator,26006
2025-12-27,IND_VIZ,2,10.89,7.53,True,synthetic_scenario_generator,26006
2025-12-28,IND_VIZ,2,16.36,12.17,True,synthetic_scenario_generator,26006
2025-12-29,IND_VIZ,4,17.25,12.92,True,synthetic_scenario_generator,26006
2025-12-30,IND_VIZ,3,12.94,9.28,True,synthetic_scenario_generator,26006
2025-12-31,IND_VIZ,2,30.91,24.5,True,synthetic_scenario_generator,26006
2026-01-01,IND_VIZ,2,17.68,13.29,True,synthetic_scenario_generator,26006
2026-01-02,IND_VIZ,6,25.03,19.52,True,synthetic_scenario_generator,26006
2026-01-03,IND_VIZ,3,11.25,7.84,True,synthetic_scenario_generator,26006
2026-01-04,IND_VIZ,1,18.24,13.76,True,synthetic_scenario_generator,26006
2026-01-05,IND_VIZ,4,17.22,12.9,True,synthetic_scenario_generator,26006
2026-01-06,IND_VIZ,1,10.92,7.56,True,synthetic_scenario_generator,26006
2026-01-07,IND_VIZ,2,18.81,14.24,True,synthetic_scenario_generator,26006
2026-01-08,IND_VIZ,5,14.24,10.38,True,synthetic_scenario_generator,26006
2026-01-09,IND_VIZ,1,24.01,18.66,True,synthetic_scenario_generator,26006
2026-01-10,IND_VIZ,3,27.93,21.98,True,synthetic_scenario_generator,26006
2026-01-11,IND_VIZ,2,16.97,12.69,True,synthetic_scenario_generator,26006
2026-01-12,IND_VIZ,4,20.61,15.77,True,synthetic_scenario_generator,26006
2026-01-13,IND_VIZ,5,29.2,23.05,True,synthetic_scenario_generator,26006
2026-01-14,IND_VIZ,4,17.99,13.55,True,synthetic_scenario_generator,26006
2026-01-15,IND_VIZ,3,27.99,22.03,True,synthetic_scenario_generator,26006
2026-01-16,IND_VIZ,4,24.06,18.7,True,synthetic_scenario_generator,26006
2026-01-17,IND_VIZ,5,25.51,19.92,True,synthetic_scenario_generator,26006
2026-01-18,IND_VIZ,6,14.57,10.65,True,synthetic_scenario_generator,26006
2026-01-19,IND_VIZ,2,21.26,16.32,True,synthetic_scenario_generator,26006
2026-01-20,IND_VIZ,3,24.7,19.24,True,synthetic_scenario_generator,26006
2026-01-21,IND_VIZ,3,36.73,29.44,True,synthetic_scenario_generator,26006
2026-01-22,IND_VIZ,5,29.49,23.29,True,synthetic_scenario_generator,26006
2026-01-23,IND_VIZ,3,32.45,25.81,True,synthetic_scenario_generator,26006
2026-01-24,IND_VIZ,3,34.24,27.32,True,synthetic_scenario_generator,26006
2026-01-25,IND_VIZ,3,32.17,25.56,True,synthetic_scenario_generator,26006
2026-01-26,IND_VIZ,4,23.8,18.48,True,synthetic_scenario_generator,26006
2026-01-27,IND_VIZ,5,32.6,25.93,True,synthetic_scenario_generator,26006
2026-01-28,IND_VIZ,5,34.55,27.59,True,synthetic_scenario_generator,26006
2026-01-29,IND_VIZ,2,21.19,16.27,True,synthetic_scenario_generator,26006
2026-01-30,IND_VIZ,3,22.83,17.66,True,synthetic_scenario_generator,26006
2026-01-31,IND_VIZ,6,26.37,20.65,True,synthetic_scenario_generator,26006
2026-02-01,IND_VIZ,5,39.44,31.73,True,synthetic_scenario_generator,26006
2026-02-02,IND_VIZ,4,35.14,28.09,True,synthetic_scenario_generator,26006
2026-02-03,IND_VIZ,4,32.98,26.25,True,synthetic_scenario_generator,26006
2026-02-04,IND_VIZ,5,33.58,26.77,True,synthetic_scenario_generator,26006
2026-02-05,IND_VIZ,3,24.96,19.46,True,synthetic_scenario_generator,26006
2026-02-06,IND_VIZ,5,38.58,31.0,True,synthetic_scenario_generator,26006
2026-02-07,IND_VIZ,5,29.83,23.58,True,synthetic_scenario_generator,26006
2026-02-08,IND_VIZ,4,27.88,21.93,True,synthetic_scenario_generator,26006
2026-02-09,IND_VIZ,4,28.03,22.06,True,synthetic_scenario_generator,26006
2026-02-10,IND_VIZ,5,33.78,26.94,True,synthetic_scenario_generator,26006
2026-02-11,IND_VIZ,5,28.7,22.62,True,synthetic_scenario_generator,26006
2026-02-12,IND_VIZ,3,25.98,20.32,True,synthetic_scenario_generator,26006
2026-02-13,IND_VIZ,5,19.7,15.0,True,synthetic_scenario_generator,26006
2026-02-14,IND_VIZ,6,34.81,27.81,True,synthetic_scenario_generator,26006
2026-02-15,IND_VIZ,4,30.41,24.08,True,synthetic_scenario_generator,26006
2026-02-16,IND_VIZ,4,19.49,14.82,True,synthetic_scenario_generator,26006
2026-02-17,IND_VIZ,4,30.12,23.83,True,synthetic_scenario_generator,26006
2026-02-18,IND_VIZ,5,28.27,22.26,True,synthetic_scenario_generator,26006
2026-02-19,IND_VIZ,3,31.51,25.01,True,synthetic_scenario_generator,26006
2026-02-20,IND_VIZ,5,25.07,19.55,True,synthetic_scenario_generator,26006
2026-02-21,IND_VIZ,3,22.34,17.24,True,synthetic_scenario_generator,26006
2026-02-22,IND_VIZ,4,21.2,16.27,True,synthetic_scenario_generator,26006
2026-02-23,IND_VIZ,5,31.38,24.9,True,synthetic_scenario_generator,26006
2026-02-24,IND_VIZ,2,14.54,10.63,True,synthetic_scenario_generator,26006
2026-02-25,IND_VIZ,4,23.11,17.89,True,synthetic_scenario_generator,26006
2026-02-26,IND_VIZ,4,25.51,19.92,True,synthetic_scenario_generator,26006
2026-02-27,IND_VIZ,4,20.32,15.53,True,synthetic_scenario_generator,26006
2026-02-28,IND_VIZ,3,31.75,25.21,True,synthetic_scenario_generator,26006
2026-03-01,IND_VIZ,3,17.57,13.19,True,synthetic_scenario_generator,26006
2026-03-02,IND_VIZ,3,20.2,15.43,True,synthetic_scenario_generator,26006
2026-03-03,IND_VIZ,4,29.57,23.36,True,synthetic_scenario_generator,26006
2026-03-04,IND_VIZ,3,13.13,9.44,True,synthetic_scenario_generator,26006
2026-03-05,IND_VIZ,4,11.81,8.31,True,synthetic_scenario_generator,26006
2026-03-06,IND_VIZ,2,13.87,10.06,True,synthetic_scenario_generator,26006
2026-03-07,IND_VIZ,4,23.55,18.26,True,synthetic_scenario_generator,26006
2026-03-08,IND_VIZ,3,23.73,18.41,True,synthetic_scenario_generator,26006
2026-03-09,IND_VIZ,4,15.67,11.59,True,synthetic_scenario_generator,26006
2026-03-10,IND_VIZ,2,24.98,19.47,True,synthetic_scenario_generator,26006
2026-03-11,IND_VIZ,2,12.04,8.51,True,synthetic_scenario_generator,26006
2026-03-12,IND_VIZ,2,17.75,13.35,True,synthetic_scenario_generator,26006
2026-03-13,IND_VIZ,5,26.08,20.41,True,synthetic_scenario_generator,26006
2026-03-14,IND_VIZ,3,8.98,5.91,True,synthetic_scenario_generator,26006
2026-03-15,IND_VIZ,3,8.98,5.91,True,synthetic_scenario_generator,26006
2026-03-16,IND_VIZ,2,8.22,5.27,True,synthetic_scenario_generator,26006
2026-03-17,IND_VIZ,3,20.41,15.6,True,synthetic_scenario_generator,26006
2026-03-18,IND_VIZ,5,18.66,14.12,True,synthetic_scenario_generator,26006
2026-03-19,IND_VIZ,5,13.41,9.67,True,synthetic_scenario_generator,26006
2026-03-20,IND_VIZ,5,15.42,11.37,True,synthetic_scenario_generator,26006
2026-03-21,IND_VIZ,4,12.72,9.09,True,synthetic_scenario_generator,26006
2026-03-22,IND_VIZ,2,11.58,8.12,True,synthetic_scenario_generator,26006
2026-03-23,IND_VIZ,4,12.69,9.06,True,synthetic_scenario_generator,26006
2026-03-24,IND_VIZ,3,18.41,13.91,True,synthetic_scenario_generator,26006
2026-03-25,IND_VIZ,2,16.46,12.26,True,synthetic_scenario_generator,26006
2026-03-26,IND_VIZ,2,18.57,14.04,True,synthetic_scenario_generator,26006
2026-03-27,IND_VIZ,4,20.96,16.07,True,synthetic_scenario_generator,26006
2026-03-28,IND_VIZ,2,9.72,6.54,True,synthetic_scenario_generator,26006
2026-03-29,IND_VIZ,4,19.44,14.78,True,synthetic_scenario_generator,26006
2026-03-30,IND_VIZ,3,5.5,2.96,True,synthetic_scenario_generator,26006
2026-03-31,IND_VIZ,1,13.12,9.42,True,synthetic_scenario_generator,26006
2026-04-01,IND_VIZ,3,10.68,7.35,True,synthetic_scenario_generator,26006
2026-04-02,IND_VIZ,4,25.64,20.03,True,synthetic_scenario_generator,26006
2026-04-03,IND_VIZ,4,20.5,15.67,True,synthetic_scenario_generator,26006
2026-04-04,IND_VIZ,2,15.78,11.67,True,synthetic_scenario_generator,26006
2026-04-05,IND_VIZ,2,25.81,20.18,True,synthetic_scenario_generator,26006
2026-04-06,IND_VIZ,5,32.09,25.5,True,synthetic_scenario_generator,26006
2026-04-07,IND_VIZ,1,22.72,17.56,True,synthetic_scenario_generator,26006
2026-04-08,IND_VIZ,3,21.33,16.38,True,synthetic_scenario_generator,26006
2026-04-09,IND_VIZ,4,23.74,18.43,True,synthetic_scenario_generator,26006
2026-04-10,IND_VIZ,4,14.37,10.48,True,synthetic_scenario_generator,26006
2026-04-11,IND_VIZ,5,23.64,18.34,True,synthetic_scenario_generator,26006
2026-04-12,IND_VIZ,3,35.18,28.12,True,synthetic_scenario_generator,26006
2026-04-13,IND_VIZ,4,21.68,16.68,True,synthetic_scenario_generator,26006
2026-04-14,IND_VIZ,3,20.09,15.33,True,synthetic_scenario_generator,26006
2026-04-15,IND_VIZ,5,20.58,15.74,True,synthetic_scenario_generator,26006
2026-04-16,IND_VIZ,2,13.67,9.89,True,synthetic_scenario_generator,26006
2026-04-17,IND_VIZ,4,27.66,21.75,True,synthetic_scenario_generator,26006
2026-04-18,IND_VIZ,4,25.29,19.74,True,synthetic_scenario_generator,26006
2026-04-19,IND_VIZ,5,33.04,26.31,True,synthetic_scenario_generator,26006
2026-04-20,IND_VIZ,4,22.11,17.05,True,synthetic_scenario_generator,26006
2026-04-21,IND_VIZ,5,32.75,26.06,True,synthetic_scenario_generator,26006
2026-04-22,IND_VIZ,3,29.46,23.27,True,synthetic_scenario_generator,26006
2026-04-23,IND_VIZ,3,19.7,15.0,True,synthetic_scenario_generator,26006
2026-04-24,IND_VIZ,3,21.86,16.83,True,synthetic_scenario_generator,26006
2026-04-25,IND_VIZ,5,37.74,30.29,True,synthetic_scenario_generator,26006
2026-04-26,IND_VIZ,5,27.13,21.3,True,synthetic_scenario_generator,26006
2026-04-27,IND_VIZ,2,32.65,25.97,True,synthetic_scenario_generator,26006
2026-04-28,IND_VIZ,4,33.71,26.88,True,synthetic_scenario_generator,26006
2026-04-29,IND_VIZ,4,32.39,25.76,True,synthetic_scenario_generator,26006
2026-04-30,IND_VIZ,3,31.02,24.59,True,synthetic_scenario_generator,26006
2026-05-01,IND_VIZ,3,30.73,24.35,True,synthetic_scenario_generator,26006
2026-05-02,IND_VIZ,5,37.82,30.36,True,synthetic_scenario_generator,26006
2026-05-03,IND_VIZ,4,29.84,23.59,True,synthetic_scenario_generator,26006
2026-05-04,IND_VIZ,5,34.05,27.16,True,synthetic_scenario_generator,26006
2026-05-05,IND_VIZ,4,34.56,27.6,True,synthetic_scenario_generator,26006
2026-05-06,IND_VIZ,5,26.67,20.9,True,synthetic_scenario_generator,26006
2026-05-07,IND_VIZ,3,31.96,25.39,True,synthetic_scenario_generator,26006
2026-05-08,IND_VIZ,5,31.47,24.97,True,synthetic_scenario_generator,26006
2026-05-09,IND_VIZ,6,40.41,32.55,True,synthetic_scenario_generator,26006
2026-05-10,IND_VIZ,4,38.95,31.31,True,synthetic_scenario_generator,26006
2026-05-11,IND_VIZ,5,37.36,29.97,True,synthetic_scenario_generator,26006
2026-05-12,IND_VIZ,4,38.55,30.97,True,synthetic_scenario_generator,26006
2026-05-13,IND_VIZ,5,31.15,24.7,True,synthetic_scenario_generator,26006
2026-05-14,IND_VIZ,4,22.48,17.35,True,synthetic_scenario_generator,26006
2026-05-15,IND_VIZ,3,23.73,18.42,True,synthetic_scenario_generator,26006
2026-05-16,IND_VIZ,6,39.65,31.91,True,synthetic_scenario_generator,26006
2026-05-17,IND_VIZ,3,32.72,26.04,True,synthetic_scenario_generator,26006
2026-05-18,IND_VIZ,2,17.81,13.4,True,synthetic_scenario_generator,26006
2026-05-19,IND_VIZ,4,24.27,18.88,True,synthetic_scenario_generator,26006
2026-05-20,IND_VIZ,3,19.65,14.96,True,synthetic_scenario_generator,26006
2026-05-21,IND_VIZ,2,22.71,17.55,True,synthetic_scenario_generator,26006
2026-05-22,IND_VIZ,4,31.85,25.3,True,synthetic_scenario_generator,26006
2026-05-23,IND_VIZ,3,20.67,15.82,True,synthetic_scenario_generator,26006
2026-05-24,IND_VIZ,2,30.89,24.49,True,synthetic_scenario_generator,26006
2026-05-25,IND_VIZ,4,27.34,21.48,True,synthetic_scenario_generator,26006
2026-05-26,IND_VIZ,3,28.17,22.18,True,synthetic_scenario_generator,26006
2026-05-27,IND_VIZ,1,24.29,18.89,True,synthetic_scenario_generator,26006
2026-05-28,IND_VIZ,4,29.15,23.01,True,synthetic_scenario_generator,26006
2026-05-29,IND_VIZ,3,17.59,13.21,True,synthetic_scenario_generator,26006
2026-05-30,IND_VIZ,4,20.75,15.89,True,synthetic_scenario_generator,26006
2026-05-31,IND_VIZ,3,27.46,21.58,True,synthetic_scenario_generator,26006
2026-06-01,IND_VIZ,4,24.03,18.67,True,synthetic_scenario_generator,26006
2026-06-02,IND_VIZ,4,27.41,21.54,True,synthetic_scenario_generator,26006
2026-06-03,IND_VIZ,2,27.27,21.41,True,synthetic_scenario_generator,26006
2026-06-04,IND_VIZ,3,17.68,13.28,True,synthetic_scenario_generator,26006
2026-06-05,IND_VIZ,2,15.23,11.21,True,synthetic_scenario_generator,26006
2026-06-06,IND_VIZ,5,27.84,21.9,True,synthetic_scenario_generator,26006
2026-06-07,IND_VIZ,5,20.69,15.84,True,synthetic_scenario_generator,26006
2026-06-08,IND_VIZ,4,24.32,18.92,True,synthetic_scenario_generator,26006
2026-06-09,IND_VIZ,3,15.92,11.79,True,synthetic_scenario_generator,26006
2026-06-10,IND_VIZ,4,36.01,28.83,True,synthetic_scenario_generator,26006
2026-06-11,IND_VIZ,3,22.35,17.25,True,synthetic_scenario_generator,26006
2026-06-12,IND_VIZ,4,24.71,19.25,True,synthetic_scenario_generator,26006
2026-06-13,IND_VIZ,5,23.27,18.03,True,synthetic_scenario_generator,26006
2026-06-14,IND_VIZ,6,30.97,24.55,True,synthetic_scenario_generator,26006
2026-06-15,IND_VIZ,4,25.75,20.12,True,synthetic_scenario_generator,26006
2026-06-16,IND_VIZ,3,27.61,21.7,True,synthetic_scenario_generator,26006
2026-06-17,IND_VIZ,3,28.74,22.66,True,synthetic_scenario_generator,26006
2026-06-18,IND_VIZ,2,15.34,11.31,True,synthetic_scenario_generator,26006
2026-06-19,IND_VIZ,2,21.64,16.65,True,synthetic_scenario_generator,26006
2026-06-20,IND_VIZ,3,22.05,16.99,True,synthetic_scenario_generator,26006
2026-06-21,IND_VIZ,3,27.42,21.54,True,synthetic_scenario_generator,26006
2026-06-22,IND_VIZ,1,11.05,7.67,True,synthetic_scenario_generator,26006
2026-06-23,IND_VIZ,5,16.0,11.87,True,synthetic_scenario_generator,26006
2026-06-24,IND_VIZ,3,19.67,14.98,True,synthetic_scenario_generator,26006
2026-06-25,IND_VIZ,2,17.26,12.93,True,synthetic_scenario_generator,26006
2026-06-26,IND_VIZ,4,17.65,13.27,True,synthetic_scenario_generator,26006
2026-06-27,IND_VIZ,4,18.67,14.13,True,synthetic_scenario_generator,26006
2026-06-28,IND_VIZ,5,23.46,18.18,True,synthetic_scenario_generator,26006
2026-06-29,IND_VIZ,4,16.51,12.3,True,synthetic_scenario_generator,26006
2026-06-30,IND_VIZ,3,17.65,13.26,True,synthetic_scenario_generator,26006
2026-07-01,IND_VIZ,4,20.8,15.93,True,synthetic_scenario_generator,26006
2026-07-02,IND_VIZ,1,13.35,9.62,True,synthetic_scenario_generator,26006
2026-07-03,IND_VIZ,4,22.87,17.68,True,synthetic_scenario_generator,26006
2026-07-04,IND_VIZ,5,22.43,17.32,True,synthetic_scenario_generator,26006
2026-07-05,IND_VIZ,5,24.17,18.79,True,synthetic_scenario_generator,26006
2026-07-06,IND_VIZ,4,27.83,21.89,True,synthetic_scenario_generator,26006
2026-07-07,IND_VIZ,4,23.01,17.81,True,synthetic_scenario_generator,26006
2026-07-08,IND_VIZ,4,27.79,21.86,True,synthetic_scenario_generator,26006
2026-07-09,IND_VIZ,4,28.0,22.03,True,synthetic_scenario_generator,26006
2026-07-10,IND_VIZ,4,24.22,18.83,True,synthetic_scenario_generator,26006
2026-07-11,IND_VIZ,2,29.08,22.95,True,synthetic_scenario_generator,26006
2026-07-12,IND_VIZ,3,20.21,15.43,True,synthetic_scenario_generator,26006
2026-07-13,IND_VIZ,2,20.71,15.86,True,synthetic_scenario_generator,26006
2026-07-14,IND_VIZ,6,31.4,24.92,True,synthetic_scenario_generator,26006
2026-07-15,IND_VIZ,4,27.93,21.97,True,synthetic_scenario_generator,26006
2026-07-16,IND_VIZ,6,28.07,22.09,True,synthetic_scenario_generator,26006
2026-07-17,IND_VIZ,4,28.15,22.16,True,synthetic_scenario_generator,26006
2026-07-18,IND_VIZ,5,26.76,20.98,True,synthetic_scenario_generator,26006
2026-07-19,IND_VIZ,5,25.79,20.16,True,synthetic_scenario_generator,26006
2026-07-20,IND_VIZ,4,35.7,28.56,True,synthetic_scenario_generator,26006
2026-07-21,IND_VIZ,3,29.22,23.06,True,synthetic_scenario_generator,26006
2026-07-22,IND_VIZ,5,33.33,26.55,True,synthetic_scenario_generator,26006
2026-07-23,IND_VIZ,5,35.34,28.25,True,synthetic_scenario_generator,26006
2026-07-24,IND_VIZ,3,31.0,24.58,True,synthetic_scenario_generator,26006
2026-07-25,IND_VIZ,4,25.32,19.76,True,synthetic_scenario_generator,26006
2026-07-26,IND_VIZ,4,36.09,28.89,True,synthetic_scenario_generator,26006
2026-07-27,IND_VIZ,4,26.21,20.51,True,synthetic_scenario_generator,26006
2026-07-28,IND_VIZ,6,33.44,26.65,True,synthetic_scenario_generator,26006
2026-07-29,IND_VIZ,4,34.37,27.43,True,synthetic_scenario_generator,26006
2026-07-30,IND_VIZ,5,39.77,32.01,True,synthetic_scenario_generator,26006
2026-07-31,IND_VIZ,6,44.32,35.86,True,synthetic_scenario_generator,26006
2026-08-01,IND_VIZ,6,44.59,36.09,True,synthetic_scenario_generator,26006
2026-08-02,IND_VIZ,5,38.12,30.61,True,synthetic_scenario_generator,26006
2026-08-03,IND_VIZ,5,36.23,29.01,True,synthetic_scenario_generator,26006
2026-08-04,IND_VIZ,3,31.28,24.81,True,synthetic_scenario_generator,26006
2026-08-05,IND_VIZ,3,31.71,25.17,True,synthetic_scenario_generator,26006
2026-08-06,IND_VIZ,3,38.94,31.3,True,synthetic_scenario_generator,26006
2026-08-07,IND_VIZ,4,37.72,30.28,True,synthetic_scenario_generator,26006
2026-08-08,IND_VIZ,5,34.5,27.54,True,synthetic_scenario_generator,26006
2026-08-09,IND_VIZ,4,26.78,21.0,True,synthetic_scenario_generator,26006
2026-08-10,IND_VIZ,4,26.57,20.82,True,synthetic_scenario_generator,26006
2026-08-11,IND_VIZ,5,33.07,26.33,True,synthetic_scenario_generator,26006
2026-08-12,IND_VIZ,3,34.79,27.79,True,synthetic_scenario_generator,26006
2026-08-13,IND_VIZ,5,26.0,20.34,True,synthetic_scenario_generator,26006
2026-08-14,IND_VIZ,3,35.64,28.51,True,synthetic_scenario_generator,26006
2026-08-15,IND_VIZ,4,28.46,22.42,True,synthetic_scenario_generator,26006
2026-08-16,IND_VIZ,5,28.96,22.85,True,synthetic_scenario_generator,26006
2026-08-17,IND_VIZ,4,24.04,18.68,True,synthetic_scenario_generator,26006
2026-08-18,IND_VIZ,5,36.71,29.42,True,synthetic_scenario_generator,26006
2026-08-19,IND_VIZ,5,27.56,21.66,True,synthetic_scenario_generator,26006
2026-08-20,IND_VIZ,3,24.86,19.37,True,synthetic_scenario_generator,26006
2026-08-21,IND_VIZ,5,30.7,24.32,True,synthetic_scenario_generator,26006
2026-08-22,IND_VIZ,4,25.33,19.77,True,synthetic_scenario_generator,26006
2026-08-23,IND_VIZ,3,27.86,21.92,True,synthetic_scenario_generator,26006
2026-08-24,IND_VIZ,4,29.14,23.0,True,synthetic_scenario_generator,26006
2026-08-25,IND_VIZ,3,28.29,22.28,True,synthetic_scenario_generator,26006
2026-08-26,IND_VIZ,2,15.84,11.73,True,synthetic_scenario_generator,26006
2026-08-27,IND_VIZ,2,21.29,16.35,True,synthetic_scenario_generator,26006
2026-08-28,IND_VIZ,4,29.82,23.57,True,synthetic_scenario_generator,26006
2026-08-29,IND_VIZ,4,29.66,23.44,True,synthetic_scenario_generator,26006
2026-08-30,IND_VIZ,4,26.24,20.54,True,synthetic_scenario_generator,26006
2026-08-31,IND_VIZ,4,27.47,21.59,True,synthetic_scenario_generator,26006
2020-01-01,IND_GAN,3,14.66,10.73,True,synthetic_scenario_generator,26006
2020-01-02,IND_GAN,3,12.18,8.63,True,synthetic_scenario_generator,26006
2020-01-03,IND_GAN,4,14.8,10.84,True,synthetic_scenario_generator,26006
2020-01-04,IND_GAN,4,7.2,4.41,True,synthetic_scenario_generator,26006
2020-01-05,IND_GAN,4,12.8,9.15,True,synthetic_scenario_generator,26006
2020-01-06,IND_GAN,2,17.45,13.1,True,synthetic_scenario_generator,26006
2020-01-07,IND_GAN,4,14.58,10.66,True,synthetic_scenario_generator,26006
2020-01-08,IND_GAN,2,18.08,13.62,True,synthetic_scenario_generator,26006
2020-01-09,IND_GAN,3,22.83,17.65,True,synthetic_scenario_generator,26006
2020-01-10,IND_GAN,2,17.41,13.06,True,synthetic_scenario_generator,26006
2020-01-11,IND_GAN,3,16.11,11.96,True,synthetic_scenario_generator,26006
2020-01-12,IND_GAN,2,12.8,9.15,True,synthetic_scenario_generator,26006
2020-01-13,IND_GAN,5,18.15,13.68,True,synthetic_scenario_generator,26006
2020-01-14,IND_GAN,4,20.68,15.83,True,synthetic_scenario_generator,26006
2020-01-15,IND_GAN,2,12.38,8.79,True,synthetic_scenario_generator,26006
2020-01-16,IND_GAN,4,24.42,19.0,True,synthetic_scenario_generator,26006
2020-01-17,IND_GAN,2,8.1,5.17,True,synthetic_scenario_generator,26006
2020-01-18,IND_GAN,3,22.4,17.29,True,synthetic_scenario_generator,26006
2020-01-19,IND_GAN,3,17.85,13.43,True,synthetic_scenario_generator,26006
2020-01-20,IND_GAN,2,29.29,23.13,True,synthetic_scenario_generator,26006
2020-01-21,IND_GAN,5,21.09,16.18,True,synthetic_scenario_generator,26006
2020-01-22,IND_GAN,3,26.58,20.83,True,synthetic_scenario_generator,26006
2020-01-23,IND_GAN,5,22.01,16.95,True,synthetic_scenario_generator,26006
2020-01-24,IND_GAN,5,24.15,18.77,True,synthetic_scenario_generator,26006
2020-01-25,IND_GAN,4,23.6,18.31,True,synthetic_scenario_generator,26006
2020-01-26,IND_GAN,2,18.02,13.57,True,synthetic_scenario_generator,26006
2020-01-27,IND_GAN,4,33.51,26.7,True,synthetic_scenario_generator,26006
2020-01-28,IND_GAN,6,21.8,16.78,True,synthetic_scenario_generator,26006
2020-01-29,IND_GAN,4,29.83,23.59,True,synthetic_scenario_generator,26006
2020-01-30,IND_GAN,4,24.88,19.39,True,synthetic_scenario_generator,26006
2020-01-31,IND_GAN,4,25.37,19.81,True,synthetic_scenario_generator,26006
2020-02-01,IND_GAN,3,28.71,22.64,True,synthetic_scenario_generator,26006
2020-02-02,IND_GAN,6,28.97,22.86,True,synthetic_scenario_generator,26006
2020-02-03,IND_GAN,4,22.11,17.04,True,synthetic_scenario_generator,26006
2020-02-04,IND_GAN,6,35.81,28.65,True,synthetic_scenario_generator,26006
2020-02-05,IND_GAN,3,33.48,26.68,True,synthetic_scenario_generator,26006
2020-02-06,IND_GAN,3,27.71,21.79,True,synthetic_scenario_generator,26006
2020-02-07,IND_GAN,2,27.6,21.7,True,synthetic_scenario_generator,26006
2020-02-08,IND_GAN,4,31.81,25.26,True,synthetic_scenario_generator,26006
2020-02-09,IND_GAN,5,26.61,20.86,True,synthetic_scenario_generator,26006
2020-02-10,IND_GAN,4,30.1,23.81,True,synthetic_scenario_generator,26006
2020-02-11,IND_GAN,5,37.04,29.7,True,synthetic_scenario_generator,26006
2020-02-12,IND_GAN,3,24.32,18.92,True,synthetic_scenario_generator,26006
2020-02-13,IND_GAN,4,21.99,16.94,True,synthetic_scenario_generator,26006
2020-02-14,IND_GAN,3,25.54,19.95,True,synthetic_scenario_generator,26006
2020-02-15,IND_GAN,2,28.39,22.36,True,synthetic_scenario_generator,26006
2020-02-16,IND_GAN,5,36.95,29.62,True,synthetic_scenario_generator,26006
2020-02-17,IND_GAN,4,28.37,22.35,True,synthetic_scenario_generator,26006
2020-02-18,IND_GAN,5,18.58,14.05,True,synthetic_scenario_generator,26006
2020-02-19,IND_GAN,2,22.92,17.73,True,synthetic_scenario_generator,26006
2020-02-20,IND_GAN,5,36.39,29.14,True,synthetic_scenario_generator,26006
2020-02-21,IND_GAN,4,32.23,25.62,True,synthetic_scenario_generator,26006
2020-02-22,IND_GAN,4,38.38,30.83,True,synthetic_scenario_generator,26006
2020-02-23,IND_GAN,3,20.18,15.41,True,synthetic_scenario_generator,26006
2020-02-24,IND_GAN,5,27.07,21.24,True,synthetic_scenario_generator,26006
2020-02-25,IND_GAN,6,33.56,26.74,True,synthetic_scenario_generator,26006
2020-02-26,IND_GAN,3,35.21,28.15,True,synthetic_scenario_generator,26006
2020-02-27,IND_GAN,2,28.13,22.15,True,synthetic_scenario_generator,26006
2020-02-28,IND_GAN,5,29.24,23.09,True,synthetic_scenario_generator,26006
2020-02-29,IND_GAN,4,31.8,25.26,True,synthetic_scenario_generator,26006
2020-03-01,IND_GAN,2,31.93,25.36,True,synthetic_scenario_generator,26006
2020-03-02,IND_GAN,3,21.41,16.45,True,synthetic_scenario_generator,26006
2020-03-03,IND_GAN,3,22.4,17.29,True,synthetic_scenario_generator,26006
2020-03-04,IND_GAN,3,18.75,14.2,True,synthetic_scenario_generator,26006
2020-03-05,IND_GAN,4,18.52,14.0,True,synthetic_scenario_generator,26006
2020-03-06,IND_GAN,5,44.57,36.08,True,synthetic_scenario_generator,26006
2020-03-07,IND_GAN,3,27.19,21.35,True,synthetic_scenario_generator,26006
2020-03-08,IND_GAN,4,19.71,15.01,True,synthetic_scenario_generator,26006
2020-03-09,IND_GAN,1,14.56,10.64,True,synthetic_scenario_generator,26006
2020-03-10,IND_GAN,0,19.43,14.77,True,synthetic_scenario_generator,26006
2020-03-11,IND_GAN,2,10.62,7.31,True,synthetic_scenario_generator,26006
2020-03-12,IND_GAN,4,21.63,16.64,True,synthetic_scenario_generator,26006
2020-03-13,IND_GAN,2,8.33,5.37,True,synthetic_scenario_generator,26006
2020-03-14,IND_GAN,5,26.04,20.37,True,synthetic_scenario_generator,26006
2020-03-15,IND_GAN,2,26.97,21.16,True,synthetic_scenario_generator,26006
2020-03-16,IND_GAN,4,20.16,15.39,True,synthetic_scenario_generator,26006
2020-03-17,IND_GAN,2,8.08,5.15,True,synthetic_scenario_generator,26006
2020-03-18,IND_GAN,5,17.61,13.23,True,synthetic_scenario_generator,26006
2020-03-19,IND_GAN,4,20.69,15.84,True,synthetic_scenario_generator,26006
2020-03-20,IND_GAN,3,11.64,8.17,True,synthetic_scenario_generator,26006
2020-03-21,IND_GAN,3,20.14,15.37,True,synthetic_scenario_generator,26006
2020-03-22,IND_GAN,5,18.94,14.35,True,synthetic_scenario_generator,26006
2020-03-23,IND_GAN,3,27.66,21.74,True,synthetic_scenario_generator,26006
2020-03-24,IND_GAN,1,13.06,9.37,True,synthetic_scenario_generator,26006
2020-03-25,IND_GAN,1,18.77,14.22,True,synthetic_scenario_generator,26006
2020-03-26,IND_GAN,4,14.55,10.64,True,synthetic_scenario_generator,26006
2020-03-27,IND_GAN,4,19.69,14.99,True,synthetic_scenario_generator,26006
2020-03-28,IND_GAN,2,9.55,6.4,True,synthetic_scenario_generator,26006
2020-03-29,IND_GAN,4,12.76,9.12,True,synthetic_scenario_generator,26006
2020-03-30,IND_GAN,3,10.69,7.37,True,synthetic_scenario_generator,26006
2020-03-31,IND_GAN,4,17.19,12.87,True,synthetic_scenario_generator,26006
2020-04-01,IND_GAN,3,14.19,10.33,True,synthetic_scenario_generator,26006
2020-04-02,IND_GAN,1,9.28,6.17,True,synthetic_scenario_generator,26006
2020-04-03,IND_GAN,4,14.63,10.7,True,synthetic_scenario_generator,26006
2020-04-04,IND_GAN,4,20.16,15.39,True,synthetic_scenario_generator,26006
2020-04-05,IND_GAN,3,6.76,4.03,True,synthetic_scenario_generator,26006
2020-04-06,IND_GAN,1,17.96,13.53,True,synthetic_scenario_generator,26006
2020-04-07,IND_GAN,4,19.45,14.78,True,synthetic_scenario_generator,26006
2020-04-08,IND_GAN,3,11.19,7.79,True,synthetic_scenario_generator,26006
2020-04-09,IND_GAN,3,22.89,17.71,True,synthetic_scenario_generator,26006
2020-04-10,IND_GAN,4,17.58,13.2,True,synthetic_scenario_generator,26006
2020-04-11,IND_GAN,5,5.91,3.32,True,synthetic_scenario_generator,26006
2020-04-12,IND_GAN,4,18.42,13.92,True,synthetic_scenario_generator,26006
2020-04-13,IND_GAN,4,21.99,16.94,True,synthetic_scenario_generator,26006
2020-04-14,IND_GAN,5,12.26,8.69,True,synthetic_scenario_generator,26006
2020-04-15,IND_GAN,3,24.77,19.3,True,synthetic_scenario_generator,26006
2020-04-16,IND_GAN,4,22.63,17.49,True,synthetic_scenario_generator,26006
2020-04-17,IND_GAN,4,29.66,23.44,True,synthetic_scenario_generator,26006
2020-04-18,IND_GAN,4,13.05,9.36,True,synthetic_scenario_generator,26006
2020-04-19,IND_GAN,3,23.35,18.09,True,synthetic_scenario_generator,26006
2020-04-20,IND_GAN,4,28.36,22.34,True,synthetic_scenario_generator,26006
2020-04-21,IND_GAN,4,24.88,19.39,True,synthetic_scenario_generator,26006
2020-04-22,IND_GAN,1,21.05,16.14,True,synthetic_scenario_generator,26006
2020-04-23,IND_GAN,4,28.47,22.43,True,synthetic_scenario_generator,26006
2020-04-24,IND_GAN,2,24.16,18.78,True,synthetic_scenario_generator,26006
2020-04-25,IND_GAN,3,26.06,20.39,True,synthetic_scenario_generator,26006
2020-04-26,IND_GAN,5,19.37,14.72,True,synthetic_scenario_generator,26006
2020-04-27,IND_GAN,5,22.52,17.39,True,synthetic_scenario_generator,26006
2020-04-28,IND_GAN,3,31.29,24.82,True,synthetic_scenario_generator,26006
2020-04-29,IND_GAN,4,30.76,24.37,True,synthetic_scenario_generator,26006
2020-04-30,IND_GAN,5,20.92,16.04,True,synthetic_scenario_generator,26006
2020-05-01,IND_GAN,7,32.87,26.16,True,synthetic_scenario_generator,26006
2020-05-02,IND_GAN,2,25.15,19.62,True,synthetic_scenario_generator,26006
2020-05-03,IND_GAN,3,26.66,20.9,True,synthetic_scenario_generator,26006
2020-05-04,IND_GAN,3,36.07,28.87,True,synthetic_scenario_generator,26006
2020-05-05,IND_GAN,4,35.02,27.98,True,synthetic_scenario_generator,26006
2020-05-06,IND_GAN,4,31.06,24.63,True,synthetic_scenario_generator,26006
2020-05-07,IND_GAN,4,26.0,20.34,True,synthetic_scenario_generator,26006
2020-05-08,IND_GAN,5,31.23,24.77,True,synthetic_scenario_generator,26006
2020-05-09,IND_GAN,5,37.06,29.71,True,synthetic_scenario_generator,26006
2020-05-10,IND_GAN,4,27.92,21.96,True,synthetic_scenario_generator,26006
2020-05-11,IND_GAN,4,19.4,14.74,True,synthetic_scenario_generator,26006
2020-05-12,IND_GAN,5,35.28,28.2,True,synthetic_scenario_generator,26006
2020-05-13,IND_GAN,2,36.67,29.38,True,synthetic_scenario_generator,26006
2020-05-14,IND_GAN,4,35.43,28.33,True,synthetic_scenario_generator,26006
2020-05-15,IND_GAN,2,33.83,26.98,True,synthetic_scenario_generator,26006
2020-05-16,IND_GAN,4,33.77,26.92,True,synthetic_scenario_generator,26006
2020-05-17,IND_GAN,4,29.64,23.42,True,synthetic_scenario_generator,26006
2020-05-18,IND_GAN,3,21.01,16.11,True,synthetic_scenario_generator,26006
2020-05-19,IND_GAN,4,28.55,22.5,True,synthetic_scenario_generator,26006
2020-05-20,IND_GAN,4,34.03,27.14,True,synthetic_scenario_generator,26006
2020-05-21,IND_GAN,4,31.55,25.04,True,synthetic_scenario_generator,26006
2020-05-22,IND_GAN,3,36.84,29.52,True,synthetic_scenario_generator,26006
2020-05-23,IND_GAN,3,33.97,27.09,True,synthetic_scenario_generator,26006
2020-05-24,IND_GAN,3,24.07,18.7,True,synthetic_scenario_generator,26006
2020-05-25,IND_GAN,5,32.52,25.86,True,synthetic_scenario_generator,26006
2020-05-26,IND_GAN,1,30.41,24.08,True,synthetic_scenario_generator,26006
2020-05-27,IND_GAN,4,27.47,21.59,True,synthetic_scenario_generator,26006
2020-05-28,IND_GAN,4,30.22,23.92,True,synthetic_scenario_generator,26006
2020-05-29,IND_GAN,3,30.84,24.44,True,synthetic_scenario_generator,26006
2020-05-30,IND_GAN,4,33.63,26.81,True,synthetic_scenario_generator,26006
2020-05-31,IND_GAN,2,27.91,21.95,True,synthetic_scenario_generator,26006
2020-06-01,IND_GAN,2,32.0,25.42,True,synthetic_scenario_generator,26006
2020-06-02,IND_GAN,4,19.58,14.9,True,synthetic_scenario_generator,26006
2020-06-03,IND_GAN,4,22.04,16.98,True,synthetic_scenario_generator,26006
2020-06-04,IND_GAN,3,23.45,18.18,True,synthetic_scenario_generator,26006
2020-06-05,IND_GAN,6,30.23,23.92,True,synthetic_scenario_generator,26006
2020-06-06,IND_GAN,3,34.05,27.16,True,synthetic_scenario_generator,26006
2020-06-07,IND_GAN,3,19.57,14.89,True,synthetic_scenario_generator,26006
2020-06-08,IND_GAN,4,20.96,16.07,True,synthetic_scenario_generator,26006
2020-06-09,IND_GAN,3,19.95,15.22,True,synthetic_scenario_generator,26006
2020-06-10,IND_GAN,4,17.82,13.41,True,synthetic_scenario_generator,26006
2020-06-11,IND_GAN,1,16.56,12.34,True,synthetic_scenario_generator,26006
2020-06-12,IND_GAN,4,27.25,21.4,True,synthetic_scenario_generator,26006
2020-06-13,IND_GAN,4,21.95,16.91,True,synthetic_scenario_generator,26006
2020-06-14,IND_GAN,2,26.2,20.51,True,synthetic_scenario_generator,26006
2020-06-15,IND_GAN,3,33.44,26.64,True,synthetic_scenario_generator,26006
2020-06-16,IND_GAN,2,23.12,17.9,True,synthetic_scenario_generator,26006
2020-06-17,IND_GAN,4,23.9,18.56,True,synthetic_scenario_generator,26006
2020-06-18,IND_GAN,5,23.6,18.3,True,synthetic_scenario_generator,26006
2020-06-19,IND_GAN,3,33.64,26.82,True,synthetic_scenario_generator,26006
2020-06-20,IND_GAN,3,5.41,2.89,True,synthetic_scenario_generator,26006
2020-06-21,IND_GAN,3,16.0,11.87,True,synthetic_scenario_generator,26006
2020-06-22,IND_GAN,3,11.35,7.93,True,synthetic_scenario_generator,26006
2020-06-23,IND_GAN,4,20.4,15.59,True,synthetic_scenario_generator,26006
2020-06-24,IND_GAN,3,15.87,11.75,True,synthetic_scenario_generator,26006
2020-06-25,IND_GAN,1,8.14,5.21,True,synthetic_scenario_generator,26006
2020-06-26,IND_GAN,4,17.37,13.02,True,synthetic_scenario_generator,26006
2020-06-27,IND_GAN,3,22.48,17.35,True,synthetic_scenario_generator,26006
2020-06-28,IND_GAN,2,9.55,6.4,True,synthetic_scenario_generator,26006
2020-06-29,IND_GAN,2,14.21,10.35,True,synthetic_scenario_generator,26006
2020-06-30,IND_GAN,4,13.72,9.93,True,synthetic_scenario_generator,26006
2020-07-01,IND_GAN,3,9.84,6.64,True,synthetic_scenario_generator,26006
2020-07-02,IND_GAN,4,17.38,13.03,True,synthetic_scenario_generator,26006
2020-07-03,IND_GAN,4,15.14,11.13,True,synthetic_scenario_generator,26006
2020-07-04,IND_GAN,2,20.54,15.72,True,synthetic_scenario_generator,26006
2020-07-05,IND_GAN,3,10.14,6.9,True,synthetic_scenario_generator,26006
2020-07-06,IND_GAN,4,13.29,9.57,True,synthetic_scenario_generator,26006
2020-07-07,IND_GAN,3,15.84,11.73,True,synthetic_scenario_generator,26006
2020-07-08,IND_GAN,2,26.52,20.78,True,synthetic_scenario_generator,26006
2020-07-09,IND_GAN,4,19.72,15.02,True,synthetic_scenario_generator,26006
2020-07-10,IND_GAN,5,17.96,13.53,True,synthetic_scenario_generator,26006
2020-07-11,IND_GAN,3,24.52,19.08,True,synthetic_scenario_generator,26006
2020-07-12,IND_GAN,4,16.24,12.07,True,synthetic_scenario_generator,26006
2020-07-13,IND_GAN,5,16.17,12.01,True,synthetic_scenario_generator,26006
2020-07-14,IND_GAN,3,20.54,15.71,True,synthetic_scenario_generator,26006
2020-07-15,IND_GAN,5,26.16,20.47,True,synthetic_scenario_generator,26006
2020-07-16,IND_GAN,4,14.32,10.44,True,synthetic_scenario_generator,26006
2020-07-17,IND_GAN,5,28.8,22.71,True,synthetic_scenario_generator,26006
2020-07-18,IND_GAN,2,17.74,13.34,True,synthetic_scenario_generator,26006
2020-07-19,IND_GAN,5,19.21,14.59,True,synthetic_scenario_generator,26006
2020-07-20,IND_GAN,4,25.49,19.91,True,synthetic_scenario_generator,26006
2020-07-21,IND_GAN,5,30.61,24.24,True,synthetic_scenario_generator,26006
2020-07-22,IND_GAN,3,27.66,21.74,True,synthetic_scenario_generator,26006
2020-07-23,IND_GAN,2,22.62,17.47,True,synthetic_scenario_generator,26006
2020-07-24,IND_GAN,4,29.51,23.31,True,synthetic_scenario_generator,26006
2020-07-25,IND_GAN,6,41.25,33.27,True,synthetic_scenario_generator,26006
2020-07-26,IND_GAN,3,29.39,23.21,True,synthetic_scenario_generator,26006
2020-07-27,IND_GAN,2,33.4,26.61,True,synthetic_scenario_generator,26006
2020-07-28,IND_GAN,6,37.35,29.95,True,synthetic_scenario_generator,26006
2020-07-29,IND_GAN,3,25.65,20.04,True,synthetic_scenario_generator,26006
2020-07-30,IND_GAN,6,32.27,25.65,True,synthetic_scenario_generator,26006
2020-07-31,IND_GAN,4,32.35,25.72,True,synthetic_scenario_generator,26006
2020-08-01,IND_GAN,5,32.3,25.68,True,synthetic_scenario_generator,26006
2020-08-02,IND_GAN,5,26.51,20.77,True,synthetic_scenario_generator,26006
2020-08-03,IND_GAN,3,30.59,24.23,True,synthetic_scenario_generator,26006
2020-08-04,IND_GAN,5,26.94,21.14,True,synthetic_scenario_generator,26006
2020-08-05,IND_GAN,5,31.98,25.41,True,synthetic_scenario_generator,26006
2020-08-06,IND_GAN,4,40.03,32.23,True,synthetic_scenario_generator,26006
2020-08-07,IND_GAN,6,32.58,25.92,True,synthetic_scenario_generator,26006
2020-08-08,IND_GAN,4,29.23,23.07,True,synthetic_scenario_generator,26006
2020-08-09,IND_GAN,5,40.28,32.44,True,synthetic_scenario_generator,26006
2020-08-10,IND_GAN,5,38.22,30.7,True,synthetic_scenario_generator,26006
2020-08-11,IND_GAN,6,29.33,23.16,True,synthetic_scenario_generator,26006
2020-08-12,IND_GAN,6,35.17,28.11,True,synthetic_scenario_generator,26006
2020-08-13,IND_GAN,5,24.06,18.69,True,synthetic_scenario_generator,26006
2020-08-14,IND_GAN,6,40.63,32.73,True,synthetic_scenario_generator,26006
2020-08-15,IND_GAN,3,30.52,24.17,True,synthetic_scenario_generator,26006
2020-08-16,IND_GAN,5,38.63,31.04,True,synthetic_scenario_generator,26006
2020-08-17,IND_GAN,2,34.43,27.48,True,synthetic_scenario_generator,26006
2020-08-18,IND_GAN,3,33.61,26.79,True,synthetic_scenario_generator,26006
2020-08-19,IND_GAN,3,40.3,32.46,True,synthetic_scenario_generator,26006
2020-08-20,IND_GAN,4,22.43,17.31,True,synthetic_scenario_generator,26006
2020-08-21,IND_GAN,4,30.75,24.36,True,synthetic_scenario_generator,26006
2020-08-22,IND_GAN,4,29.42,23.24,True,synthetic_scenario_generator,26006
2020-08-23,IND_GAN,2,27.59,21.69,True,synthetic_scenario_generator,26006
2020-08-24,IND_GAN,3,24.09,18.72,True,synthetic_scenario_generator,26006
2020-08-25,IND_GAN,5,37.94,30.45,True,synthetic_scenario_generator,26006
2020-08-26,IND_GAN,3,36.38,29.13,True,synthetic_scenario_generator,26006
2020-08-27,IND_GAN,6,33.7,26.87,True,synthetic_scenario_generator,26006
2020-08-28,IND_GAN,3,39.8,32.03,True,synthetic_scenario_generator,26006
2020-08-29,IND_GAN,6,38.16,30.64,True,synthetic_scenario_generator,26006
2020-08-30,IND_GAN,2,27.32,21.45,True,synthetic_scenario_generator,26006
2020-08-31,IND_GAN,4,30.88,24.48,True,synthetic_scenario_generator,26006
2020-09-01,IND_GAN,2,19.69,15.0,True,synthetic_scenario_generator,26006
2020-09-02,IND_GAN,5,25.72,20.1,True,synthetic_scenario_generator,26006
2020-09-03,IND_GAN,4,28.49,22.44,True,synthetic_scenario_generator,26006
2020-09-04,IND_GAN,5,29.11,22.98,True,synthetic_scenario_generator,26006
2020-09-05,IND_GAN,3,33.38,26.6,True,synthetic_scenario_generator,26006
2020-09-06,IND_GAN,4,30.81,24.42,True,synthetic_scenario_generator,26006
2020-09-07,IND_GAN,5,34.58,27.61,True,synthetic_scenario_generator,26006
2020-09-08,IND_GAN,3,33.57,26.75,True,synthetic_scenario_generator,26006
2020-09-09,IND_GAN,2,33.07,26.33,True,synthetic_scenario_generator,26006
2020-09-10,IND_GAN,2,21.88,16.84,True,synthetic_scenario_generator,26006
2020-09-11,IND_GAN,3,24.76,19.29,True,synthetic_scenario_generator,26006
2020-09-12,IND_GAN,3,19.83,15.11,True,synthetic_scenario_generator,26006
2020-09-13,IND_GAN,4,21.57,16.59,True,synthetic_scenario_generator,26006
2020-09-14,IND_GAN,4,22.31,17.21,True,synthetic_scenario_generator,26006
2020-09-15,IND_GAN,6,27.39,21.51,True,synthetic_scenario_generator,26006
2020-09-16,IND_GAN,3,24.51,19.08,True,synthetic_scenario_generator,26006
2020-09-17,IND_GAN,3,17.72,13.33,True,synthetic_scenario_generator,26006
2020-09-18,IND_GAN,1,17.78,13.37,True,synthetic_scenario_generator,26006
2020-09-19,IND_GAN,4,18.59,14.06,True,synthetic_scenario_generator,26006
2020-09-20,IND_GAN,1,21.16,16.24,True,synthetic_scenario_generator,26006
2020-09-21,IND_GAN,2,14.1,10.25,True,synthetic_scenario_generator,26006
2020-09-22,IND_GAN,4,16.04,11.9,True,synthetic_scenario_generator,26006
2020-09-23,IND_GAN,1,5.48,2.95,True,synthetic_scenario_generator,26006
2020-09-24,IND_GAN,4,18.41,13.91,True,synthetic_scenario_generator,26006
2020-09-25,IND_GAN,3,24.04,18.68,True,synthetic_scenario_generator,26006
2020-09-26,IND_GAN,1,4.9,2.45,True,synthetic_scenario_generator,26006
2020-09-27,IND_GAN,1,12.24,8.68,True,synthetic_scenario_generator,26006
2020-09-28,IND_GAN,3,18.04,13.59,True,synthetic_scenario_generator,26006
2020-09-29,IND_GAN,5,29.38,23.2,True,synthetic_scenario_generator,26006
2020-09-30,IND_GAN,0,9.29,6.18,True,synthetic_scenario_generator,26006
2020-10-01,IND_GAN,3,24.31,18.91,True,synthetic_scenario_generator,26006
2020-10-02,IND_GAN,3,20.24,15.46,True,synthetic_scenario_generator,26006
2020-10-03,IND_GAN,6,24.26,18.87,True,synthetic_scenario_generator,26006
2020-10-04,IND_GAN,2,22.47,17.35,True,synthetic_scenario_generator,26006
2020-10-05,IND_GAN,4,17.01,12.72,True,synthetic_scenario_generator,26006
2020-10-06,IND_GAN,3,14.37,10.48,True,synthetic_scenario_generator,26006
2020-10-07,IND_GAN,1,10.79,7.45,True,synthetic_scenario_generator,26006
2020-10-08,IND_GAN,5,22.47,17.35,True,synthetic_scenario_generator,26006
2020-10-09,IND_GAN,2,12.48,8.88,True,synthetic_scenario_generator,26006
2020-10-10,IND_GAN,4,24.61,19.16,True,synthetic_scenario_generator,26006
2020-10-11,IND_GAN,4,16.47,12.26,True,synthetic_scenario_generator,26006
2020-10-12,IND_GAN,3,19.8,15.08,True,synthetic_scenario_generator,26006
2020-10-13,IND_GAN,3,22.81,17.64,True,synthetic_scenario_generator,26006
2020-10-14,IND_GAN,3,26.02,20.35,True,synthetic_scenario_generator,26006
2020-10-15,IND_GAN,3,10.86,7.51,True,synthetic_scenario_generator,26006
2020-10-16,IND_GAN,4,28.14,22.16,True,synthetic_scenario_generator,26006
2020-10-17,IND_GAN,4,28.78,22.69,True,synthetic_scenario_generator,26006
2020-10-18,IND_GAN,8,27.94,21.99,True,synthetic_scenario_generator,26006
2020-10-19,IND_GAN,3,26.74,20.97,True,synthetic_scenario_generator,26006
2020-10-20,IND_GAN,2,27.34,21.48,True,synthetic_scenario_generator,26006
2020-10-21,IND_GAN,4,27.85,21.91,True,synthetic_scenario_generator,26006
2020-10-22,IND_GAN,3,24.1,18.73,True,synthetic_scenario_generator,26006
2020-10-23,IND_GAN,5,27.54,21.65,True,synthetic_scenario_generator,26006
2020-10-24,IND_GAN,1,24.58,19.14,True,synthetic_scenario_generator,26006
2020-10-25,IND_GAN,3,36.06,28.86,True,synthetic_scenario_generator,26006
2020-10-26,IND_GAN,4,22.62,17.47,True,synthetic_scenario_generator,26006
2020-10-27,IND_GAN,4,32.3,25.68,True,synthetic_scenario_generator,26006
2020-10-28,IND_GAN,4,28.35,22.33,True,synthetic_scenario_generator,26006
2020-10-29,IND_GAN,1,28.1,22.12,True,synthetic_scenario_generator,26006
2020-10-30,IND_GAN,5,28.43,22.4,True,synthetic_scenario_generator,26006
2020-10-31,IND_GAN,3,25.66,20.05,True,synthetic_scenario_generator,26006
2020-11-01,IND_GAN,4,23.77,18.45,True,synthetic_scenario_generator,26006
2020-11-02,IND_GAN,4,35.17,28.11,True,synthetic_scenario_generator,26006
2020-11-03,IND_GAN,5,30.34,24.01,True,synthetic_scenario_generator,26006
2020-11-04,IND_GAN,4,32.36,25.73,True,synthetic_scenario_generator,26006
2020-11-05,IND_GAN,3,34.53,27.57,True,synthetic_scenario_generator,26006
2020-11-06,IND_GAN,3,21.65,16.65,True,synthetic_scenario_generator,26006
2020-11-07,IND_GAN,4,36.5,29.23,True,synthetic_scenario_generator,26006
2020-11-08,IND_GAN,4,49.86,40.56,True,synthetic_scenario_generator,26006
2020-11-09,IND_GAN,5,31.33,24.86,True,synthetic_scenario_generator,26006
2020-11-10,IND_GAN,6,35.49,28.38,True,synthetic_scenario_generator,26006
2020-11-11,IND_GAN,4,34.38,27.44,True,synthetic_scenario_generator,26006
2020-11-12,IND_GAN,6,36.1,28.9,True,synthetic_scenario_generator,26006
2020-11-13,IND_GAN,5,28.11,22.13,True,synthetic_scenario_generator,26006
2020-11-14,IND_GAN,6,42.29,34.15,True,synthetic_scenario_generator,26006
2020-11-15,IND_GAN,5,36.52,29.25,True,synthetic_scenario_generator,26006
2020-11-16,IND_GAN,3,26.33,20.62,True,synthetic_scenario_generator,26006
2020-11-17,IND_GAN,5,38.62,31.03,True,synthetic_scenario_generator,26006
2020-11-18,IND_GAN,5,33.79,26.94,True,synthetic_scenario_generator,26006
2020-11-19,IND_GAN,2,33.12,26.37,True,synthetic_scenario_generator,26006
2020-11-20,IND_GAN,5,39.01,31.37,True,synthetic_scenario_generator,26006
2020-11-21,IND_GAN,5,29.03,22.9,True,synthetic_scenario_generator,26006
2020-11-22,IND_GAN,5,29.44,23.26,True,synthetic_scenario_generator,26006
2020-11-23,IND_GAN,5,24.73,19.27,True,synthetic_scenario_generator,26006
2020-11-24,IND_GAN,5,32.21,25.6,True,synthetic_scenario_generator,26006
2020-11-25,IND_GAN,3,26.89,21.09,True,synthetic_scenario_generator,26006
2020-11-26,IND_GAN,4,24.68,19.22,True,synthetic_scenario_generator,26006
2020-11-27,IND_GAN,4,26.22,20.52,True,synthetic_scenario_generator,26006
2020-11-28,IND_GAN,4,25.47,19.89,True,synthetic_scenario_generator,26006
2020-11-29,IND_GAN,5,26.72,20.95,True,synthetic_scenario_generator,26006
2020-11-30,IND_GAN,4,21.23,16.3,True,synthetic_scenario_generator,26006
2020-12-01,IND_GAN,3,24.28,18.88,True,synthetic_scenario_generator,26006
2020-12-02,IND_GAN,4,22.41,17.3,True,synthetic_scenario_generator,26006
2020-12-03,IND_GAN,4,19.69,14.99,True,synthetic_scenario_generator,26006
2020-12-04,IND_GAN,3,21.31,16.36,True,synthetic_scenario_generator,26006
2020-12-05,IND_GAN,5,20.37,15.56,True,synthetic_scenario_generator,26006
2020-12-06,IND_GAN,4,28.12,22.14,True,synthetic_scenario_generator,26006
2020-12-07,IND_GAN,5,27.66,21.74,True,synthetic_scenario_generator,26006
2020-12-08,IND_GAN,3,25.06,19.54,True,synthetic_scenario_generator,26006
2020-12-09,IND_GAN,2,18.0,13.56,True,synthetic_scenario_generator,26006
2020-12-10,IND_GAN,4,19.33,14.68,True,synthetic_scenario_generator,26006
2020-12-11,IND_GAN,4,21.28,16.34,True,synthetic_scenario_generator,26006
2020-12-12,IND_GAN,1,17.58,13.2,True,synthetic_scenario_generator,26006
2020-12-13,IND_GAN,5,23.13,17.91,True,synthetic_scenario_generator,26006
2020-12-14,IND_GAN,2,14.27,10.4,True,synthetic_scenario_generator,26006
2020-12-15,IND_GAN,3,17.52,13.16,True,synthetic_scenario_generator,26006
2020-12-16,IND_GAN,4,32.18,25.58,True,synthetic_scenario_generator,26006
2020-12-17,IND_GAN,1,6.52,3.83,True,synthetic_scenario_generator,26006
2020-12-18,IND_GAN,1,17.6,13.22,True,synthetic_scenario_generator,26006
2020-12-19,IND_GAN,3,19.65,14.96,True,synthetic_scenario_generator,26006
2020-12-20,IND_GAN,1,9.81,6.62,True,synthetic_scenario_generator,26006
2020-12-21,IND_GAN,3,10.3,7.04,True,synthetic_scenario_generator,26006
2020-12-22,IND_GAN,3,8.69,5.67,True,synthetic_scenario_generator,26006
2020-12-23,IND_GAN,5,20.38,15.57,True,synthetic_scenario_generator,26006
2020-12-24,IND_GAN,1,16.16,12.0,True,synthetic_scenario_generator,26006
2020-12-25,IND_GAN,2,8.69,5.67,True,synthetic_scenario_generator,26006
2020-12-26,IND_GAN,4,17.36,13.01,True,synthetic_scenario_generator,26006
2020-12-27,IND_GAN,3,16.43,12.22,True,synthetic_scenario_generator,26006
2020-12-28,IND_GAN,3,13.59,9.82,True,synthetic_scenario_generator,26006
2020-12-29,IND_GAN,7,26.05,20.38,True,synthetic_scenario_generator,26006
2020-12-30,IND_GAN,3,14.03,10.2,True,synthetic_scenario_generator,26006
2020-12-31,IND_GAN,2,14.94,10.96,True,synthetic_scenario_generator,26006
2021-01-01,IND_GAN,3,20.79,15.92,True,synthetic_scenario_generator,26006
2021-01-02,IND_GAN,3,9.21,6.11,True,synthetic_scenario_generator,26006
2021-01-03,IND_GAN,0,11.22,7.81,True,synthetic_scenario_generator,26006
2021-01-04,IND_GAN,4,12.54,8.93,True,synthetic_scenario_generator,26006
2021-01-05,IND_GAN,0,9.16,6.07,True,synthetic_scenario_generator,26006
2021-01-06,IND_GAN,3,16.39,12.19,True,synthetic_scenario_generator,26006
2021-01-07,IND_GAN,3,14.26,10.39,True,synthetic_scenario_generator,26006
2021-01-08,IND_GAN,1,14.68,10.75,True,synthetic_scenario_generator,26006
2021-01-09,IND_GAN,2,15.8,11.69,True,synthetic_scenario_generator,26006
2021-01-10,IND_GAN,3,13.28,9.56,True,synthetic_scenario_generator,26006
2021-01-11,IND_GAN,3,22.44,17.32,True,synthetic_scenario_generator,26006
2021-01-12,IND_GAN,2,26.32,20.61,True,synthetic_scenario_generator,26006
2021-01-13,IND_GAN,3,21.73,16.72,True,synthetic_scenario_generator,26006
2021-01-14,IND_GAN,3,18.62,14.09,True,synthetic_scenario_generator,26006
2021-01-15,IND_GAN,2,24.11,18.74,True,synthetic_scenario_generator,26006
2021-01-16,IND_GAN,4,26.13,20.45,True,synthetic_scenario_generator,26006
2021-01-17,IND_GAN,3,16.59,12.37,True,synthetic_scenario_generator,26006
2021-01-18,IND_GAN,4,25.82,20.18,True,synthetic_scenario_generator,26006
2021-01-19,IND_GAN,2,19.99,15.25,True,synthetic_scenario_generator,26006
2021-01-20,IND_GAN,2,25.81,20.18,True,synthetic_scenario_generator,26006
2021-01-21,IND_GAN,3,35.39,28.3,True,synthetic_scenario_generator,26006
2021-01-22,IND_GAN,2,26.57,20.82,True,synthetic_scenario_generator,26006
2021-01-23,IND_GAN,2,18.14,13.68,True,synthetic_scenario_generator,26006
2021-01-24,IND_GAN,3,15.35,11.32,True,synthetic_scenario_generator,26006
2021-01-25,IND_GAN,3,24.14,18.76,True,synthetic_scenario_generator,26006
2021-01-26,IND_GAN,4,26.74,20.96,True,synthetic_scenario_generator,26006
2021-01-27,IND_GAN,4,31.22,24.76,True,synthetic_scenario_generator,26006
2021-01-28,IND_GAN,3,24.72,19.25,True,synthetic_scenario_generator,26006
2021-01-29,IND_GAN,5,35.6,28.48,True,synthetic_scenario_generator,26006
2021-01-30,IND_GAN,3,30.98,24.56,True,synthetic_scenario_generator,26006
2021-01-31,IND_GAN,4,28.8,22.71,True,synthetic_scenario_generator,26006
2021-02-01,IND_GAN,3,23.25,18.01,True,synthetic_scenario_generator,26006
2021-02-02,IND_GAN,6,32.38,25.74,True,synthetic_scenario_generator,26006
2021-02-03,IND_GAN,3,27.6,21.69,True,synthetic_scenario_generator,26006
2021-02-04,IND_GAN,4,35.75,28.6,True,synthetic_scenario_generator,26006
2021-02-05,IND_GAN,4,27.45,21.57,True,synthetic_scenario_generator,26006
2021-02-06,IND_GAN,3,33.71,26.87,True,synthetic_scenario_generator,26006
2021-02-07,IND_GAN,3,25.74,20.12,True,synthetic_scenario_generator,26006
2021-02-08,IND_GAN,5,29.66,23.44,True,synthetic_scenario_generator,26006
2021-02-09,IND_GAN,3,28.01,22.04,True,synthetic_scenario_generator,26006
2021-02-10,IND_GAN,6,37.79,30.33,True,synthetic_scenario_generator,26006
2021-02-11,IND_GAN,4,29.21,23.06,True,synthetic_scenario_generator,26006
2021-02-12,IND_GAN,4,35.03,27.99,True,synthetic_scenario_generator,26006
2021-02-13,IND_GAN,6,30.28,23.97,True,synthetic_scenario_generator,26006
2021-02-14,IND_GAN,4,22.79,17.62,True,synthetic_scenario_generator,26006
2021-02-15,IND_GAN,3,31.02,24.59,True,synthetic_scenario_generator,26006
2021-02-16,IND_GAN,4,24.25,18.85,True,synthetic_scenario_generator,26006
2021-02-17,IND_GAN,4,27.75,21.82,True,synthetic_scenario_generator,26006
2021-02-18,IND_GAN,5,24.82,19.34,True,synthetic_scenario_generator,26006
2021-02-19,IND_GAN,4,28.75,22.67,True,synthetic_scenario_generator,26006
2021-02-20,IND_GAN,5,36.43,29.18,True,synthetic_scenario_generator,26006
2021-02-21,IND_GAN,3,30.33,24.01,True,synthetic_scenario_generator,26006
2021-02-22,IND_GAN,4,23.83,18.5,True,synthetic_scenario_generator,26006
2021-02-23,IND_GAN,4,29.26,23.1,True,synthetic_scenario_generator,26006
2021-02-24,IND_GAN,4,19.01,14.42,True,synthetic_scenario_generator,26006
2021-02-25,IND_GAN,3,34.48,27.53,True,synthetic_scenario_generator,26006
2021-02-26,IND_GAN,3,24.51,19.07,True,synthetic_scenario_generator,26006
2021-02-27,IND_GAN,3,20.28,15.5,True,synthetic_scenario_generator,26006
2021-02-28,IND_GAN,5,18.67,14.13,True,synthetic_scenario_generator,26006
2021-03-01,IND_GAN,3,23.42,18.15,True,synthetic_scenario_generator,26006
2021-03-02,IND_GAN,2,17.43,13.08,True,synthetic_scenario_generator,26006
2021-03-03,IND_GAN,3,18.08,13.63,True,synthetic_scenario_generator,26006
2021-03-04,IND_GAN,4,17.66,13.27,True,synthetic_scenario_generator,26006
2021-03-05,IND_GAN,4,21.77,16.75,True,synthetic_scenario_generator,26006
2021-03-06,IND_GAN,3,26.39,20.67,True,synthetic_scenario_generator,26006
2021-03-07,IND_GAN,3,10.2,6.95,True,synthetic_scenario_generator,26006
2021-03-08,IND_GAN,5,18.48,13.97,True,synthetic_scenario_generator,26006
2021-03-09,IND_GAN,3,20.57,15.74,True,synthetic_scenario_generator,26006
2021-03-10,IND_GAN,2,16.51,12.29,True,synthetic_scenario_generator,26006
2021-03-11,IND_GAN,3,21.84,16.81,True,synthetic_scenario_generator,26006
2021-03-12,IND_GAN,4,12.05,8.52,True,synthetic_scenario_generator,26006
2021-03-13,IND_GAN,4,26.18,20.49,True,synthetic_scenario_generator,26006
2021-03-14,IND_GAN,4,13.29,9.57,True,synthetic_scenario_generator,26006
2021-03-15,IND_GAN,3,16.36,12.17,True,synthetic_scenario_generator,26006
2021-03-16,IND_GAN,3,20.26,15.47,True,synthetic_scenario_generator,26006
2021-03-17,IND_GAN,2,6.34,3.68,True,synthetic_scenario_generator,26006
2021-03-18,IND_GAN,4,9.19,6.09,True,synthetic_scenario_generator,26006
2021-03-19,IND_GAN,4,13.6,9.83,True,synthetic_scenario_generator,26006
2021-03-20,IND_GAN,2,24.22,18.83,True,synthetic_scenario_generator,26006
2021-03-21,IND_GAN,4,18.62,14.09,True,synthetic_scenario_generator,26006
2021-03-22,IND_GAN,2,18.74,14.19,True,synthetic_scenario_generator,26006
2021-03-23,IND_GAN,3,23.21,17.98,True,synthetic_scenario_generator,26006
2021-03-24,IND_GAN,3,17.53,13.16,True,synthetic_scenario_generator,26006
2021-03-25,IND_GAN,4,11.81,8.31,True,synthetic_scenario_generator,26006
2021-03-26,IND_GAN,3,14.53,10.62,True,synthetic_scenario_generator,26006
2021-03-27,IND_GAN,3,20.05,15.29,True,synthetic_scenario_generator,26006
2021-03-28,IND_GAN,2,6.96,4.21,True,synthetic_scenario_generator,26006
2021-03-29,IND_GAN,5,15.18,11.17,True,synthetic_scenario_generator,26006
2021-03-30,IND_GAN,3,14.18,10.32,True,synthetic_scenario_generator,26006
2021-03-31,IND_GAN,1,10.5,7.2,True,synthetic_scenario_generator,26006
2021-04-01,IND_GAN,2,14.45,10.55,True,synthetic_scenario_generator,26006
2021-04-02,IND_GAN,3,13.95,10.12,True,synthetic_scenario_generator,26006
2021-04-03,IND_GAN,2,11.31,7.89,True,synthetic_scenario_generator,26006
2021-04-04,IND_GAN,4,18.19,13.72,True,synthetic_scenario_generator,26006
2021-04-05,IND_GAN,2,10.95,7.59,True,synthetic_scenario_generator,26006
2021-04-06,IND_GAN,2,13.16,9.45,True,synthetic_scenario_generator,26006
2021-04-07,IND_GAN,5,26.44,20.71,True,synthetic_scenario_generator,26006
2021-04-08,IND_GAN,2,24.58,19.13,True,synthetic_scenario_generator,26006
2021-04-09,IND_GAN,3,17.35,13.01,True,synthetic_scenario_generator,26006
2021-04-10,IND_GAN,2,23.61,18.31,True,synthetic_scenario_generator,26006
2021-04-11,IND_GAN,2,18.94,14.36,True,synthetic_scenario_generator,26006
2021-04-12,IND_GAN,2,29.37,23.19,True,synthetic_scenario_generator,26006
2021-04-13,IND_GAN,3,21.4,16.44,True,synthetic_scenario_generator,26006
2021-04-14,IND_GAN,4,30.58,24.22,True,synthetic_scenario_generator,26006
2021-04-15,IND_GAN,5,30.92,24.5,True,synthetic_scenario_generator,26006
2021-04-16,IND_GAN,3,26.89,21.09,True,synthetic_scenario_generator,26006
2021-04-17,IND_GAN,2,27.48,21.59,True,synthetic_scenario_generator,26006
2021-04-18,IND_GAN,4,28.28,22.27,True,synthetic_scenario_generator,26006
2021-04-19,IND_GAN,0,22.43,17.31,True,synthetic_scenario_generator,26006
2021-04-20,IND_GAN,2,20.42,15.61,True,synthetic_scenario_generator,26006
2021-04-21,IND_GAN,2,19.13,14.51,True,synthetic_scenario_generator,26006
2021-04-22,IND_GAN,3,33.03,26.3,True,synthetic_scenario_generator,26006
2021-04-23,IND_GAN,3,27.48,21.6,True,synthetic_scenario_generator,26006
2021-04-24,IND_GAN,3,18.7,14.16,True,synthetic_scenario_generator,26006
2021-04-25,IND_GAN,4,29.47,23.28,True,synthetic_scenario_generator,26006
2021-04-26,IND_GAN,4,29.67,23.45,True,synthetic_scenario_generator,26006
2021-04-27,IND_GAN,2,22.21,17.13,True,synthetic_scenario_generator,26006
2021-04-28,IND_GAN,7,37.3,29.92,True,synthetic_scenario_generator,26006
2021-04-29,IND_GAN,5,33.17,26.42,True,synthetic_scenario_generator,26006
2021-04-30,IND_GAN,4,34.35,27.42,True,synthetic_scenario_generator,26006
2021-05-01,IND_GAN,4,21.21,16.28,True,synthetic_scenario_generator,26006
2021-05-02,IND_GAN,4,22.59,17.45,True,synthetic_scenario_generator,26006
2021-05-03,IND_GAN,4,26.52,20.78,True,synthetic_scenario_generator,26006
2021-05-04,IND_GAN,3,34.38,27.44,True,synthetic_scenario_generator,26006
2021-05-05,IND_GAN,7,34.76,27.76,True,synthetic_scenario_generator,26006
2021-05-06,IND_GAN,5,35.12,28.07,True,synthetic_scenario_generator,26006
2021-05-07,IND_GAN,5,33.66,26.83,True,synthetic_scenario_generator,26006
2021-05-08,IND_GAN,5,24.63,19.18,True,synthetic_scenario_generator,26006
2021-05-09,IND_GAN,6,37.42,30.02,True,synthetic_scenario_generator,26006
2021-05-10,IND_GAN,5,28.71,22.64,True,synthetic_scenario_generator,26006
2021-05-11,IND_GAN,6,36.66,29.37,True,synthetic_scenario_generator,26006
2021-05-12,IND_GAN,4,37.68,30.24,True,synthetic_scenario_generator,26006
2021-05-13,IND_GAN,4,28.87,22.77,True,synthetic_scenario_generator,26006
2021-05-14,IND_GAN,3,21.87,16.84,True,synthetic_scenario_generator,26006
2021-05-15,IND_GAN,4,29.88,23.63,True,synthetic_scenario_generator,26006
2021-05-16,IND_GAN,5,38.83,31.21,True,synthetic_scenario_generator,26006
2021-05-17,IND_GAN,4,36.26,29.03,True,synthetic_scenario_generator,26006
2021-05-18,IND_GAN,2,25.79,20.17,True,synthetic_scenario_generator,26006
2021-05-19,IND_GAN,4,31.44,24.95,True,synthetic_scenario_generator,26006
2021-05-20,IND_GAN,3,22.48,17.36,True,synthetic_scenario_generator,26006
2021-05-21,IND_GAN,3,29.1,22.97,True,synthetic_scenario_generator,26006
2021-05-22,IND_GAN,4,27.64,21.73,True,synthetic_scenario_generator,26006
2021-05-23,IND_GAN,3,29.06,22.93,True,synthetic_scenario_generator,26006
2021-05-24,IND_GAN,4,19.41,14.76,True,synthetic_scenario_generator,26006
2021-05-25,IND_GAN,4,36.42,29.17,True,synthetic_scenario_generator,26006
2021-05-26,IND_GAN,5,37.79,30.33,True,synthetic_scenario_generator,26006
2021-05-27,IND_GAN,4,19.93,15.2,True,synthetic_scenario_generator,26006
2021-05-28,IND_GAN,5,29.34,23.17,True,synthetic_scenario_generator,26006
2021-05-29,IND_GAN,2,21.69,16.69,True,synthetic_scenario_generator,26006
2021-05-30,IND_GAN,2,21.36,16.41,True,synthetic_scenario_generator,26006
2021-05-31,IND_GAN,4,20.5,15.68,True,synthetic_scenario_generator,26006
2021-06-01,IND_GAN,4,33.87,27.01,True,synthetic_scenario_generator,26006
2021-06-02,IND_GAN,3,27.96,22.0,True,synthetic_scenario_generator,26006
2021-06-03,IND_GAN,4,24.3,18.9,True,synthetic_scenario_generator,26006
2021-06-04,IND_GAN,3,30.62,24.25,True,synthetic_scenario_generator,26006
2021-06-05,IND_GAN,1,18.65,14.11,True,synthetic_scenario_generator,26006
2021-06-06,IND_GAN,2,21.24,16.3,True,synthetic_scenario_generator,26006
2021-06-07,IND_GAN,3,20.05,15.3,True,synthetic_scenario_generator,26006
2021-06-08,IND_GAN,2,28.57,22.51,True,synthetic_scenario_generator,26006
2021-06-09,IND_GAN,3,20.89,16.01,True,synthetic_scenario_generator,26006
2021-06-10,IND_GAN,5,29.55,23.35,True,synthetic_scenario_generator,26006
2021-06-11,IND_GAN,2,22.17,17.09,True,synthetic_scenario_generator,26006
2021-06-12,IND_GAN,3,18.62,14.08,True,synthetic_scenario_generator,26006
2021-06-13,IND_GAN,6,25.32,19.76,True,synthetic_scenario_generator,26006
2021-06-14,IND_GAN,4,27.33,21.46,True,synthetic_scenario_generator,26006
2021-06-15,IND_GAN,4,21.31,16.36,True,synthetic_scenario_generator,26006
2021-06-16,IND_GAN,3,22.68,17.52,True,synthetic_scenario_generator,26006
2021-06-17,IND_GAN,4,30.13,23.84,True,synthetic_scenario_generator,26006
2021-06-18,IND_GAN,4,14.11,10.26,True,synthetic_scenario_generator,26006
2021-06-19,IND_GAN,2,28.23,22.23,True,synthetic_scenario_generator,26006
2021-06-20,IND_GAN,4,17.69,13.29,True,synthetic_scenario_generator,26006
2021-06-21,IND_GAN,3,15.12,11.12,True,synthetic_scenario_generator,26006
2021-06-22,IND_GAN,4,21.74,16.73,True,synthetic_scenario_generator,26006
2021-06-23,IND_GAN,4,19.9,15.17,True,synthetic_scenario_generator,26006
2021-06-24,IND_GAN,4,25.05,19.53,True,synthetic_scenario_generator,26006
2021-06-25,IND_GAN,5,21.14,16.22,True,synthetic_scenario_generator,26006
2021-06-26,IND_GAN,4,23.7,18.39,True,synthetic_scenario_generator,26006
2021-06-27,IND_GAN,4,23.91,18.57,True,synthetic_scenario_generator,26006
2021-06-28,IND_GAN,2,14.39,10.5,True,synthetic_scenario_generator,26006
2021-06-29,IND_GAN,3,27.15,21.32,True,synthetic_scenario_generator,26006
2021-06-30,IND_GAN,3,14.29,10.42,True,synthetic_scenario_generator,26006
2021-07-01,IND_GAN,3,19.31,14.67,True,synthetic_scenario_generator,26006
2021-07-02,IND_GAN,4,15.73,11.64,True,synthetic_scenario_generator,26006
2021-07-03,IND_GAN,4,24.14,18.76,True,synthetic_scenario_generator,26006
2021-07-04,IND_GAN,2,22.28,17.19,True,synthetic_scenario_generator,26006
2021-07-05,IND_GAN,5,25.42,19.84,True,synthetic_scenario_generator,26006
2021-07-06,IND_GAN,5,26.47,20.74,True,synthetic_scenario_generator,26006
2021-07-07,IND_GAN,0,19.11,14.5,True,synthetic_scenario_generator,26006
2021-07-08,IND_GAN,4,25.49,19.91,True,synthetic_scenario_generator,26006
2021-07-09,IND_GAN,2,20.32,15.52,True,synthetic_scenario_generator,26006
2021-07-10,IND_GAN,6,32.54,25.88,True,synthetic_scenario_generator,26006
2021-07-11,IND_GAN,5,21.4,16.44,True,synthetic_scenario_generator,26006
2021-07-12,IND_GAN,3,27.24,21.39,True,synthetic_scenario_generator,26006
2021-07-13,IND_GAN,3,20.6,15.76,True,synthetic_scenario_generator,26006
2021-07-14,IND_GAN,2,23.32,18.07,True,synthetic_scenario_generator,26006
2021-07-15,IND_GAN,5,21.94,16.9,True,synthetic_scenario_generator,26006
2021-07-16,IND_GAN,4,26.42,20.69,True,synthetic_scenario_generator,26006
2021-07-17,IND_GAN,4,28.62,22.56,True,synthetic_scenario_generator,26006
2021-07-18,IND_GAN,4,27.32,21.46,True,synthetic_scenario_generator,26006
2021-07-19,IND_GAN,4,25.43,19.85,True,synthetic_scenario_generator,26006
2021-07-20,IND_GAN,5,37.7,30.25,True,synthetic_scenario_generator,26006
2021-07-21,IND_GAN,4,40.19,32.37,True,synthetic_scenario_generator,26006
2021-07-22,IND_GAN,4,31.55,25.04,True,synthetic_scenario_generator,26006
2021-07-23,IND_GAN,5,33.2,26.44,True,synthetic_scenario_generator,26006
2021-07-24,IND_GAN,5,32.34,25.71,True,synthetic_scenario_generator,26006
2021-07-25,IND_GAN,4,37.13,29.77,True,synthetic_scenario_generator,26006
2021-07-26,IND_GAN,4,34.36,27.43,True,synthetic_scenario_generator,26006
2021-07-27,IND_GAN,4,31.34,24.86,True,synthetic_scenario_generator,26006
2021-07-28,IND_GAN,4,40.06,32.25,True,synthetic_scenario_generator,26006
2021-07-29,IND_GAN,5,35.24,28.17,True,synthetic_scenario_generator,26006
2021-07-30,IND_GAN,4,32.33,25.71,True,synthetic_scenario_generator,26006
2021-07-31,IND_GAN,4,27.57,21.67,True,synthetic_scenario_generator,26006
2021-08-01,IND_GAN,3,29.28,23.12,True,synthetic_scenario_generator,26006
2021-08-02,IND_GAN,2,22.95,17.76,True,synthetic_scenario_generator,26006
2021-08-03,IND_GAN,4,23.71,18.4,True,synthetic_scenario_generator,26006
2021-08-04,IND_GAN,3,33.84,26.98,True,synthetic_scenario_generator,26006
2021-08-05,IND_GAN,6,31.33,24.85,True,synthetic_scenario_generator,26006
2021-08-06,IND_GAN,5,42.19,34.06,True,synthetic_scenario_generator,26006
2021-08-07,IND_GAN,5,29.44,23.25,True,synthetic_scenario_generator,26006
2021-08-08,IND_GAN,5,32.0,25.43,True,synthetic_scenario_generator,26006
2021-08-09,IND_GAN,3,47.27,38.36,True,synthetic_scenario_generator,26006
2021-08-10,IND_GAN,8,44.87,36.33,True,synthetic_scenario_generator,26006
2021-08-11,IND_GAN,5,39.38,31.68,True,synthetic_scenario_generator,26006
2021-08-12,IND_GAN,4,38.91,31.28,True,synthetic_scenario_generator,26006
2021-08-13,IND_GAN,2,36.28,29.05,True,synthetic_scenario_generator,26006
2021-08-14,IND_GAN,5,44.12,35.7,True,synthetic_scenario_generator,26006
2021-08-15,IND_GAN,7,41.62,33.58,True,synthetic_scenario_generator,26006
2021-08-16,IND_GAN,5,27.99,22.03,True,synthetic_scenario_generator,26006
2021-08-17,IND_GAN,5,28.97,22.85,True,synthetic_scenario_generator,26006
2021-08-18,IND_GAN,4,39.02,31.38,True,synthetic_scenario_generator,26006
2021-08-19,IND_GAN,4,39.97,32.18,True,synthetic_scenario_generator,26006
2021-08-20,IND_GAN,4,27.3,21.44,True,synthetic_scenario_generator,26006
2021-08-21,IND_GAN,3,37.75,30.3,True,synthetic_scenario_generator,26006
2021-08-22,IND_GAN,5,38.1,30.59,True,synthetic_scenario_generator,26006
2021-08-23,IND_GAN,5,25.61,20.01,True,synthetic_scenario_generator,26006
2021-08-24,IND_GAN,4,34.21,27.29,True,synthetic_scenario_generator,26006
2021-08-25,IND_GAN,5,37.21,29.84,True,synthetic_scenario_generator,26006
2021-08-26,IND_GAN,5,33.87,27.01,True,synthetic_scenario_generator,26006
2021-08-27,IND_GAN,3,17.94,13.51,True,synthetic_scenario_generator,26006
2021-08-28,IND_GAN,4,28.82,22.73,True,synthetic_scenario_generator,26006
2021-08-29,IND_GAN,4,26.6,20.84,True,synthetic_scenario_generator,26006
2021-08-30,IND_GAN,3,24.34,18.93,True,synthetic_scenario_generator,26006
2021-08-31,IND_GAN,3,14.83,10.88,True,synthetic_scenario_generator,26006
2021-09-01,IND_GAN,3,28.44,22.41,True,synthetic_scenario_generator,26006
2021-09-02,IND_GAN,5,25.02,19.51,True,synthetic_scenario_generator,26006
2021-09-03,IND_GAN,3,17.91,13.49,True,synthetic_scenario_generator,26006
2021-09-04,IND_GAN,5,19.45,14.79,True,synthetic_scenario_generator,26006
2021-09-05,IND_GAN,4,19.88,15.16,True,synthetic_scenario_generator,26006
2021-09-06,IND_GAN,4,14.6,10.67,True,synthetic_scenario_generator,26006
2021-09-07,IND_GAN,3,18.95,14.37,True,synthetic_scenario_generator,26006
2021-09-08,IND_GAN,3,22.87,17.68,True,synthetic_scenario_generator,26006
2021-09-09,IND_GAN,7,24.5,19.06,True,synthetic_scenario_generator,26006
2021-09-10,IND_GAN,3,21.18,16.26,True,synthetic_scenario_generator,26006
2021-09-11,IND_GAN,3,23.96,18.61,True,synthetic_scenario_generator,26006
2021-09-12,IND_GAN,5,20.43,15.62,True,synthetic_scenario_generator,26006
2021-09-13,IND_GAN,1,22.41,17.3,True,synthetic_scenario_generator,26006
2021-09-14,IND_GAN,3,28.54,22.5,True,synthetic_scenario_generator,26006
2021-09-15,IND_GAN,3,24.69,19.23,True,synthetic_scenario_generator,26006
2021-09-16,IND_GAN,3,15.44,11.39,True,synthetic_scenario_generator,26006
2021-09-17,IND_GAN,5,8.71,5.69,True,synthetic_scenario_generator,26006
2021-09-18,IND_GAN,3,22.46,17.34,True,synthetic_scenario_generator,26006
2021-09-19,IND_GAN,0,10.77,7.43,True,synthetic_scenario_generator,26006
2021-09-20,IND_GAN,3,22.48,17.36,True,synthetic_scenario_generator,26006
2021-09-21,IND_GAN,2,26.96,21.15,True,synthetic_scenario_generator,26006
2021-09-22,IND_GAN,4,28.82,22.73,True,synthetic_scenario_generator,26006
2021-09-23,IND_GAN,1,2.22,0.18,True,synthetic_scenario_generator,26006
2021-09-24,IND_GAN,3,21.96,16.92,True,synthetic_scenario_generator,26006
2021-09-25,IND_GAN,1,10.32,7.05,True,synthetic_scenario_generator,26006
2021-09-26,IND_GAN,3,21.09,16.18,True,synthetic_scenario_generator,26006
2021-09-27,IND_GAN,0,21.58,16.59,True,synthetic_scenario_generator,26006
2021-09-28,IND_GAN,2,17.13,12.83,True,synthetic_scenario_generator,26006
2021-09-29,IND_GAN,3,14.48,10.57,True,synthetic_scenario_generator,26006
2021-09-30,IND_GAN,3,21.36,16.41,True,synthetic_scenario_generator,26006
2021-10-01,IND_GAN,2,19.41,14.75,True,synthetic_scenario_generator,26006
2021-10-02,IND_GAN,2,18.5,13.98,True,synthetic_scenario_generator,26006
2021-10-03,IND_GAN,5,32.61,25.94,True,synthetic_scenario_generator,26006
2021-10-04,IND_GAN,3,22.12,17.05,True,synthetic_scenario_generator,26006
2021-10-05,IND_GAN,3,18.15,13.69,True,synthetic_scenario_generator,26006
2021-10-06,IND_GAN,3,16.42,12.22,True,synthetic_scenario_generator,26006
2021-10-07,IND_GAN,4,22.76,17.6,True,synthetic_scenario_generator,26006
2021-10-08,IND_GAN,3,14.95,10.97,True,synthetic_scenario_generator,26006
2021-10-09,IND_GAN,5,9.83,6.63,True,synthetic_scenario_generator,26006
2021-10-10,IND_GAN,3,21.29,16.35,True,synthetic_scenario_generator,26006
2021-10-11,IND_GAN,3,17.37,13.02,True,synthetic_scenario_generator,26006
2021-10-12,IND_GAN,2,20.61,15.77,True,synthetic_scenario_generator,26006
2021-10-13,IND_GAN,4,24.07,18.7,True,synthetic_scenario_generator,26006
2021-10-14,IND_GAN,3,19.39,14.74,True,synthetic_scenario_generator,26006
2021-10-15,IND_GAN,4,29.4,23.22,True,synthetic_scenario_generator,26006
2021-10-16,IND_GAN,2,23.49,18.21,True,synthetic_scenario_generator,26006
2021-10-17,IND_GAN,6,26.66,20.9,True,synthetic_scenario_generator,26006
2021-10-18,IND_GAN,3,28.68,22.61,True,synthetic_scenario_generator,26006
2021-10-19,IND_GAN,3,15.26,11.24,True,synthetic_scenario_generator,26006
2021-10-20,IND_GAN,4,25.1,19.58,True,synthetic_scenario_generator,26006
2021-10-21,IND_GAN,5,20.56,15.72,True,synthetic_scenario_generator,26006
2021-10-22,IND_GAN,2,26.97,21.16,True,synthetic_scenario_generator,26006
2021-10-23,IND_GAN,6,35.11,28.06,True,synthetic_scenario_generator,26006
2021-10-24,IND_GAN,4,35.71,28.57,True,synthetic_scenario_generator,26006
2021-10-25,IND_GAN,4,32.47,25.82,True,synthetic_scenario_generator,26006
2021-10-26,IND_GAN,4,25.55,19.96,True,synthetic_scenario_generator,26006
2021-10-27,IND_GAN,5,36.65,29.37,True,synthetic_scenario_generator,26006
2021-10-28,IND_GAN,5,38.3,30.76,True,synthetic_scenario_generator,26006
2021-10-29,IND_GAN,6,34.37,27.43,True,synthetic_scenario_generator,26006
2021-10-30,IND_GAN,4,33.73,26.89,True,synthetic_scenario_generator,26006
2021-10-31,IND_GAN,2,33.78,26.93,True,synthetic_scenario_generator,26006
2021-11-01,IND_GAN,4,29.1,22.96,True,synthetic_scenario_generator,26006
2021-11-02,IND_GAN,6,33.29,26.52,True,synthetic_scenario_generator,26006
2021-11-03,IND_GAN,5,35.65,28.51,True,synthetic_scenario_generator,26006
2021-11-04,IND_GAN,6,34.55,27.58,True,synthetic_scenario_generator,26006
2021-11-05,IND_GAN,1,26.61,20.85,True,synthetic_scenario_generator,26006
2021-11-06,IND_GAN,5,32.99,26.27,True,synthetic_scenario_generator,26006
2021-11-07,IND_GAN,5,31.45,24.96,True,synthetic_scenario_generator,26006
2021-11-08,IND_GAN,4,33.39,26.6,True,synthetic_scenario_generator,26006
2021-11-09,IND_GAN,4,34.48,27.53,True,synthetic_scenario_generator,26006
2021-11-10,IND_GAN,4,37.07,29.72,True,synthetic_scenario_generator,26006
2021-11-11,IND_GAN,6,32.47,25.82,True,synthetic_scenario_generator,26006
2021-11-12,IND_GAN,3,34.72,27.73,True,synthetic_scenario_generator,26006
2021-11-13,IND_GAN,4,34.49,27.54,True,synthetic_scenario_generator,26006
2021-11-14,IND_GAN,3,35.01,27.97,True,synthetic_scenario_generator,26006
2021-11-15,IND_GAN,3,25.29,19.74,True,synthetic_scenario_generator,26006
2021-11-16,IND_GAN,5,35.01,27.97,True,synthetic_scenario_generator,26006
2021-11-17,IND_GAN,4,25.77,20.14,True,synthetic_scenario_generator,26006
2021-11-18,IND_GAN,5,28.97,22.85,True,synthetic_scenario_generator,26006
2021-11-19,IND_GAN,4,27.7,21.78,True,synthetic_scenario_generator,26006
2021-11-20,IND_GAN,4,33.14,26.39,True,synthetic_scenario_generator,26006
2021-11-21,IND_GAN,5,23.61,18.32,True,synthetic_scenario_generator,26006
2021-11-22,IND_GAN,4,31.09,24.65,True,synthetic_scenario_generator,26006
2021-11-23,IND_GAN,5,21.57,16.58,True,synthetic_scenario_generator,26006
2021-11-24,IND_GAN,4,26.49,20.75,True,synthetic_scenario_generator,26006
2021-11-25,IND_GAN,4,28.53,22.48,True,synthetic_scenario_generator,26006
2021-11-26,IND_GAN,3,23.6,18.3,True,synthetic_scenario_generator,26006
2021-11-27,IND_GAN,2,23.17,17.94,True,synthetic_scenario_generator,26006
2021-11-28,IND_GAN,3,28.06,22.09,True,synthetic_scenario_generator,26006
2021-11-29,IND_GAN,4,21.25,16.32,True,synthetic_scenario_generator,26006
2021-11-30,IND_GAN,4,20.65,15.81,True,synthetic_scenario_generator,26006
2021-12-01,IND_GAN,4,28.76,22.68,True,synthetic_scenario_generator,26006
2021-12-02,IND_GAN,5,31.77,25.23,True,synthetic_scenario_generator,26006
2021-12-03,IND_GAN,1,19.08,14.48,True,synthetic_scenario_generator,26006
2021-12-04,IND_GAN,6,22.27,17.18,True,synthetic_scenario_generator,26006
2021-12-05,IND_GAN,2,17.12,12.81,True,synthetic_scenario_generator,26006
2021-12-06,IND_GAN,5,17.35,13.01,True,synthetic_scenario_generator,26006
2021-12-07,IND_GAN,4,9.69,6.52,True,synthetic_scenario_generator,26006
2021-12-08,IND_GAN,4,20.1,15.34,True,synthetic_scenario_generator,26006
2021-12-09,IND_GAN,4,28.06,22.08,True,synthetic_scenario_generator,26006
2021-12-10,IND_GAN,5,16.76,12.51,True,synthetic_scenario_generator,26006
2021-12-11,IND_GAN,4,15.35,11.31,True,synthetic_scenario_generator,26006
2021-12-12,IND_GAN,0,24.06,18.69,True,synthetic_scenario_generator,26006
2021-12-13,IND_GAN,1,6.85,4.11,True,synthetic_scenario_generator,26006
2021-12-14,IND_GAN,3,22.76,17.59,True,synthetic_scenario_generator,26006
2021-12-15,IND_GAN,3,20.53,15.7,True,synthetic_scenario_generator,26006
2021-12-16,IND_GAN,2,19.39,14.74,True,synthetic_scenario_generator,26006
2021-12-17,IND_GAN,2,10.3,7.04,True,synthetic_scenario_generator,26006
2021-12-18,IND_GAN,3,20.03,15.28,True,synthetic_scenario_generator,26006
2021-12-19,IND_GAN,3,15.22,11.2,True,synthetic_scenario_generator,26006
2021-12-20,IND_GAN,4,17.49,13.13,True,synthetic_scenario_generator,26006
2021-12-21,IND_GAN,4,11.16,7.76,True,synthetic_scenario_generator,26006
2021-12-22,IND_GAN,4,13.6,9.83,True,synthetic_scenario_generator,26006
2021-12-23,IND_GAN,3,9.34,6.22,True,synthetic_scenario_generator,26006
2021-12-24,IND_GAN,2,24.05,18.68,True,synthetic_scenario_generator,26006
2021-12-25,IND_GAN,4,13.99,10.16,True,synthetic_scenario_generator,26006
2021-12-26,IND_GAN,5,25.29,19.74,True,synthetic_scenario_generator,26006
2021-12-27,IND_GAN,3,17.79,13.38,True,synthetic_scenario_generator,26006
2021-12-28,IND_GAN,3,16.55,12.33,True,synthetic_scenario_generator,26006
2021-12-29,IND_GAN,4,20.51,15.68,True,synthetic_scenario_generator,26006
2021-12-30,IND_GAN,3,16.36,12.17,True,synthetic_scenario_generator,26006
2021-12-31,IND_GAN,3,2.0,0.0,True,synthetic_scenario_generator,26006
2022-01-01,IND_GAN,4,16.12,11.97,True,synthetic_scenario_generator,26006
2022-01-02,IND_GAN,1,14.77,10.82,True,synthetic_scenario_generator,26006
2022-01-03,IND_GAN,5,27.34,21.48,True,synthetic_scenario_generator,26006
2022-01-04,IND_GAN,4,27.55,21.65,True,synthetic_scenario_generator,26006
2022-01-05,IND_GAN,4,13.48,9.73,True,synthetic_scenario_generator,26006
2022-01-06,IND_GAN,2,20.34,15.54,True,synthetic_scenario_generator,26006
2022-01-07,IND_GAN,4,22.75,17.58,True,synthetic_scenario_generator,26006
2022-01-08,IND_GAN,5,30.27,23.96,True,synthetic_scenario_generator,26006
2022-01-09,IND_GAN,1,14.02,10.18,True,synthetic_scenario_generator,26006
2022-01-10,IND_GAN,5,22.07,17.01,True,synthetic_scenario_generator,26006
2022-01-11,IND_GAN,3,19.11,14.5,True,synthetic_scenario_generator,26006
2022-01-12,IND_GAN,3,17.01,12.72,True,synthetic_scenario_generator,26006
2022-01-13,IND_GAN,5,26.89,21.09,True,synthetic_scenario_generator,26006
2022-01-14,IND_GAN,3,21.1,16.19,True,synthetic_scenario_generator,26006
2022-01-15,IND_GAN,4,25.46,19.88,True,synthetic_scenario_generator,26006
2022-01-16,IND_GAN,3,20.35,15.55,True,synthetic_scenario_generator,26006
2022-01-17,IND_GAN,4,20.92,16.04,True,synthetic_scenario_generator,26006
2022-01-18,IND_GAN,6,40.58,32.69,True,synthetic_scenario_generator,26006
2022-01-19,IND_GAN,4,28.91,22.81,True,synthetic_scenario_generator,26006
2022-01-20,IND_GAN,4,33.83,26.98,True,synthetic_scenario_generator,26006
2022-01-21,IND_GAN,5,32.05,25.46,True,synthetic_scenario_generator,26006
2022-01-22,IND_GAN,4,28.76,22.67,True,synthetic_scenario_generator,26006
2022-01-23,IND_GAN,4,39.06,31.4,True,synthetic_scenario_generator,26006
2022-01-24,IND_GAN,4,21.1,16.19,True,synthetic_scenario_generator,26006
2022-01-25,IND_GAN,2,34.44,27.5,True,synthetic_scenario_generator,26006
2022-01-26,IND_GAN,4,31.35,24.87,True,synthetic_scenario_generator,26006
2022-01-27,IND_GAN,4,29.82,23.57,True,synthetic_scenario_generator,26006
2022-01-28,IND_GAN,4,26.86,21.07,True,synthetic_scenario_generator,26006
2022-01-29,IND_GAN,7,28.71,22.64,True,synthetic_scenario_generator,26006
2022-01-30,IND_GAN,3,25.59,19.99,True,synthetic_scenario_generator,26006
2022-01-31,IND_GAN,2,27.94,21.98,True,synthetic_scenario_generator,26006
2022-02-01,IND_GAN,3,28.56,22.51,True,synthetic_scenario_generator,26006
2022-02-02,IND_GAN,5,31.53,25.02,True,synthetic_scenario_generator,26006
2022-02-03,IND_GAN,3,27.98,22.02,True,synthetic_scenario_generator,26006
2022-02-04,IND_GAN,5,37.85,30.38,True,synthetic_scenario_generator,26006
2022-02-05,IND_GAN,4,22.73,17.57,True,synthetic_scenario_generator,26006
2022-02-06,IND_GAN,2,20.78,15.91,True,synthetic_scenario_generator,26006
2022-02-07,IND_GAN,3,32.56,25.9,True,synthetic_scenario_generator,26006
2022-02-08,IND_GAN,6,26.12,20.44,True,synthetic_scenario_generator,26006
2022-02-09,IND_GAN,4,23.65,18.35,True,synthetic_scenario_generator,26006
2022-02-10,IND_GAN,3,17.41,13.06,True,synthetic_scenario_generator,26006
2022-02-11,IND_GAN,5,31.45,24.96,True,synthetic_scenario_generator,26006
2022-02-12,IND_GAN,3,34.99,27.96,True,synthetic_scenario_generator,26006
2022-02-13,IND_GAN,5,30.67,24.3,True,synthetic_scenario_generator,26006
2022-02-14,IND_GAN,4,41.76,33.69,True,synthetic_scenario_generator,26006
2022-02-15,IND_GAN,3,25.8,20.17,True,synthetic_scenario_generator,26006
2022-02-16,IND_GAN,3,26.92,21.12,True,synthetic_scenario_generator,26006
2022-02-17,IND_GAN,2,33.76,26.91,True,synthetic_scenario_generator,26006
2022-02-18,IND_GAN,3,19.97,15.23,True,synthetic_scenario_generator,26006
2022-02-19,IND_GAN,4,26.78,21.0,True,synthetic_scenario_generator,26006
2022-02-20,IND_GAN,4,14.47,10.57,True,synthetic_scenario_generator,26006
2022-02-21,IND_GAN,6,32.23,25.62,True,synthetic_scenario_generator,26006
2022-02-22,IND_GAN,3,22.8,17.63,True,synthetic_scenario_generator,26006
2022-02-23,IND_GAN,3,25.38,19.82,True,synthetic_scenario_generator,26006
2022-02-24,IND_GAN,1,24.68,19.22,True,synthetic_scenario_generator,26006
2022-02-25,IND_GAN,4,31.66,25.14,True,synthetic_scenario_generator,26006
2022-02-26,IND_GAN,2,16.75,12.5,True,synthetic_scenario_generator,26006
2022-02-27,IND_GAN,3,24.49,19.06,True,synthetic_scenario_generator,26006
2022-02-28,IND_GAN,1,16.59,12.36,True,synthetic_scenario_generator,26006
2022-03-01,IND_GAN,4,11.94,8.42,True,synthetic_scenario_generator,26006
2022-03-02,IND_GAN,2,20.89,16.01,True,synthetic_scenario_generator,26006
2022-03-03,IND_GAN,5,20.03,15.28,True,synthetic_scenario_generator,26006
2022-03-04,IND_GAN,4,21.63,16.64,True,synthetic_scenario_generator,26006
2022-03-05,IND_GAN,2,23.38,18.12,True,synthetic_scenario_generator,26006
2022-03-06,IND_GAN,5,16.76,12.51,True,synthetic_scenario_generator,26006
2022-03-07,IND_GAN,4,22.44,17.32,True,synthetic_scenario_generator,26006
2022-03-08,IND_GAN,5,15.63,11.55,True,synthetic_scenario_generator,26006
2022-03-09,IND_GAN,3,10.47,7.18,True,synthetic_scenario_generator,26006
2022-03-10,IND_GAN,5,22.63,17.48,True,synthetic_scenario_generator,26006
2022-03-11,IND_GAN,5,22.8,17.63,True,synthetic_scenario_generator,26006
2022-03-12,IND_GAN,3,17.98,13.55,True,synthetic_scenario_generator,26006
2022-03-13,IND_GAN,3,16.35,12.16,True,synthetic_scenario_generator,26006
2022-03-14,IND_GAN,0,6.53,3.84,True,synthetic_scenario_generator,26006
2022-03-15,IND_GAN,4,26.83,21.04,True,synthetic_scenario_generator,26006
2022-03-16,IND_GAN,2,12.23,8.67,True,synthetic_scenario_generator,26006
2022-03-17,IND_GAN,5,10.98,7.61,True,synthetic_scenario_generator,26006
2022-03-18,IND_GAN,2,2.74,0.62,True,synthetic_scenario_generator,26006
2022-03-19,IND_GAN,1,7.66,4.8,True,synthetic_scenario_generator,26006
2022-03-20,IND_GAN,2,5.67,3.11,True,synthetic_scenario_generator,26006
2022-03-21,IND_GAN,1,19.12,14.51,True,synthetic_scenario_generator,26006
2022-03-22,IND_GAN,5,24.91,19.41,True,synthetic_scenario_generator,26006
2022-03-23,IND_GAN,3,10.51,7.21,True,synthetic_scenario_generator,26006
2022-03-24,IND_GAN,5,15.9,11.78,True,synthetic_scenario_generator,26006
2022-03-25,IND_GAN,2,13.45,9.7,True,synthetic_scenario_generator,26006
2022-03-26,IND_GAN,1,14.74,10.8,True,synthetic_scenario_generator,26006
2022-03-27,IND_GAN,2,18.63,14.09,True,synthetic_scenario_generator,26006
2022-03-28,IND_GAN,4,19.76,15.05,True,synthetic_scenario_generator,26006
2022-03-29,IND_GAN,3,20.67,15.82,True,synthetic_scenario_generator,26006
2022-03-30,IND_GAN,7,19.76,15.05,True,synthetic_scenario_generator,26006
2022-03-31,IND_GAN,3,16.51,12.3,True,synthetic_scenario_generator,26006
2022-04-01,IND_GAN,2,10.91,7.55,True,synthetic_scenario_generator,26006
2022-04-02,IND_GAN,4,12.39,8.81,True,synthetic_scenario_generator,26006
2022-04-03,IND_GAN,3,17.38,13.03,True,synthetic_scenario_generator,26006
2022-04-04,IND_GAN,5,30.99,24.57,True,synthetic_scenario_generator,26006
2022-04-05,IND_GAN,1,10.5,7.2,True,synthetic_scenario_generator,26006
2022-04-06,IND_GAN,2,17.2,12.88,True,synthetic_scenario_generator,26006
2022-04-07,IND_GAN,4,26.15,20.46,True,synthetic_scenario_generator,26006
2022-04-08,IND_GAN,4,20.45,15.63,True,synthetic_scenario_generator,26006
2022-04-09,IND_GAN,4,22.37,17.27,True,synthetic_scenario_generator,26006
2022-04-10,IND_GAN,3,19.33,14.69,True,synthetic_scenario_generator,26006
2022-04-11,IND_GAN,4,25.82,20.19,True,synthetic_scenario_generator,26006
2022-04-12,IND_GAN,2,16.41,12.21,True,synthetic_scenario_generator,26006
2022-04-13,IND_GAN,5,21.39,16.43,True,synthetic_scenario_generator,26006
2022-04-14,IND_GAN,4,18.21,13.74,True,synthetic_scenario_generator,26006
2022-04-15,IND_GAN,6,25.92,20.27,True,synthetic_scenario_generator,26006
2022-04-16,IND_GAN,4,23.98,18.63,True,synthetic_scenario_generator,26006
2022-04-17,IND_GAN,2,23.72,18.41,True,synthetic_scenario_generator,26006
2022-04-18,IND_GAN,4,29.8,23.56,True,synthetic_scenario_generator,26006
2022-04-19,IND_GAN,2,35.71,28.57,True,synthetic_scenario_generator,26006
2022-04-20,IND_GAN,5,32.91,26.2,True,synthetic_scenario_generator,26006
2022-04-21,IND_GAN,2,20.73,15.87,True,synthetic_scenario_generator,26006
2022-04-22,IND_GAN,4,32.64,25.97,True,synthetic_scenario_generator,26006
2022-04-23,IND_GAN,4,35.23,28.16,True,synthetic_scenario_generator,26006
2022-04-24,IND_GAN,4,24.24,18.85,True,synthetic_scenario_generator,26006
2022-04-25,IND_GAN,5,26.37,20.66,True,synthetic_scenario_generator,26006
2022-04-26,IND_GAN,1,22.35,17.25,True,synthetic_scenario_generator,26006
2022-04-27,IND_GAN,3,31.55,25.04,True,synthetic_scenario_generator,26006
2022-04-28,IND_GAN,4,35.82,28.66,True,synthetic_scenario_generator,26006
2022-04-29,IND_GAN,7,34.36,27.42,True,synthetic_scenario_generator,26006
2022-04-30,IND_GAN,2,23.22,17.98,True,synthetic_scenario_generator,26006
2022-05-01,IND_GAN,4,36.53,29.26,True,synthetic_scenario_generator,26006
2022-05-02,IND_GAN,6,31.05,24.62,True,synthetic_scenario_generator,26006
2022-05-03,IND_GAN,5,36.44,29.19,True,synthetic_scenario_generator,26006
2022-05-04,IND_GAN,2,35.13,28.07,True,synthetic_scenario_generator,26006
2022-05-05,IND_GAN,4,30.14,23.85,True,synthetic_scenario_generator,26006
2022-05-06,IND_GAN,3,26.49,20.76,True,synthetic_scenario_generator,26006
2022-05-07,IND_GAN,4,33.92,27.05,True,synthetic_scenario_generator,26006
2022-05-08,IND_GAN,6,39.03,31.38,True,synthetic_scenario_generator,26006
2022-05-09,IND_GAN,5,34.49,27.53,True,synthetic_scenario_generator,26006
2022-05-10,IND_GAN,4,29.52,23.32,True,synthetic_scenario_generator,26006
2022-05-11,IND_GAN,5,38.7,31.1,True,synthetic_scenario_generator,26006
2022-05-12,IND_GAN,3,41.45,33.43,True,synthetic_scenario_generator,26006
2022-05-13,IND_GAN,6,35.35,28.26,True,synthetic_scenario_generator,26006
2022-05-14,IND_GAN,4,32.42,25.78,True,synthetic_scenario_generator,26006
2022-05-15,IND_GAN,5,33.25,26.48,True,synthetic_scenario_generator,26006
2022-05-16,IND_GAN,3,34.63,27.65,True,synthetic_scenario_generator,26006
2022-05-17,IND_GAN,3,31.61,25.1,True,synthetic_scenario_generator,26006
2022-05-18,IND_GAN,4,34.13,27.23,True,synthetic_scenario_generator,26006
2022-05-19,IND_GAN,5,28.59,22.54,True,synthetic_scenario_generator,26006
2022-05-20,IND_GAN,5,24.7,19.24,True,synthetic_scenario_generator,26006
2022-05-21,IND_GAN,3,24.32,18.92,True,synthetic_scenario_generator,26006
2022-05-22,IND_GAN,2,29.17,23.03,True,synthetic_scenario_generator,26006
2022-05-23,IND_GAN,6,33.53,26.72,True,synthetic_scenario_generator,26006
2022-05-24,IND_GAN,5,31.86,25.31,True,synthetic_scenario_generator,26006
2022-05-25,IND_GAN,3,16.88,12.61,True,synthetic_scenario_generator,26006
2022-05-26,IND_GAN,3,23.45,18.18,True,synthetic_scenario_generator,26006
2022-05-27,IND_GAN,3,14.3,10.43,True,synthetic_scenario_generator,26006
2022-05-28,IND_GAN,6,22.09,17.02,True,synthetic_scenario_generator,26006
2022-05-29,IND_GAN,3,30.32,24.0,True,synthetic_scenario_generator,26006
2022-05-30,IND_GAN,4,23.72,18.41,True,synthetic_scenario_generator,26006
2022-05-31,IND_GAN,2,22.55,17.41,True,synthetic_scenario_generator,26006
2022-06-01,IND_GAN,3,15.64,11.56,True,synthetic_scenario_generator,26006
2022-06-02,IND_GAN,5,22.44,17.32,True,synthetic_scenario_generator,26006
2022-06-03,IND_GAN,5,22.43,17.32,True,synthetic_scenario_generator,26006
2022-06-04,IND_GAN,3,24.56,19.12,True,synthetic_scenario_generator,26006
2022-06-05,IND_GAN,3,32.03,25.45,True,synthetic_scenario_generator,26006
2022-06-06,IND_GAN,3,29.9,23.65,True,synthetic_scenario_generator,26006
2022-06-07,IND_GAN,4,24.56,19.12,True,synthetic_scenario_generator,26006
2022-06-08,IND_GAN,5,27.66,21.74,True,synthetic_scenario_generator,26006
2022-06-09,IND_GAN,3,26.98,21.17,True,synthetic_scenario_generator,26006
2022-06-10,IND_GAN,5,29.34,23.17,True,synthetic_scenario_generator,26006
2022-06-11,IND_GAN,3,29.7,23.48,True,synthetic_scenario_generator,26006
2022-06-12,IND_GAN,3,15.62,11.54,True,synthetic_scenario_generator,26006
2022-06-13,IND_GAN,5,19.38,14.73,True,synthetic_scenario_generator,26006
2022-06-14,IND_GAN,3,31.39,24.91,True,synthetic_scenario_generator,26006
2022-06-15,IND_GAN,4,26.79,21.01,True,synthetic_scenario_generator,26006
2022-06-16,IND_GAN,5,17.51,13.15,True,synthetic_scenario_generator,26006
2022-06-17,IND_GAN,1,16.42,12.22,True,synthetic_scenario_generator,26006
2022-06-18,IND_GAN,3,21.72,16.71,True,synthetic_scenario_generator,26006
2022-06-19,IND_GAN,3,21.09,16.18,True,synthetic_scenario_generator,26006
2022-06-20,IND_GAN,5,23.78,18.46,True,synthetic_scenario_generator,26006
2022-06-21,IND_GAN,4,26.67,20.91,True,synthetic_scenario_generator,26006
2022-06-22,IND_GAN,4,17.6,13.22,True,synthetic_scenario_generator,26006
2022-06-23,IND_GAN,4,14.62,10.69,True,synthetic_scenario_generator,26006
2022-06-24,IND_GAN,3,28.26,22.25,True,synthetic_scenario_generator,26006
2022-06-25,IND_GAN,3,25.54,19.95,True,synthetic_scenario_generator,26006
2022-06-26,IND_GAN,4,35.46,28.36,True,synthetic_scenario_generator,26006
2022-06-27,IND_GAN,3,21.5,16.53,True,synthetic_scenario_generator,26006
2022-06-28,IND_GAN,4,20.87,15.99,True,synthetic_scenario_generator,26006
2022-06-29,IND_GAN,3,26.37,20.65,True,synthetic_scenario_generator,26006
2022-06-30,IND_GAN,6,24.17,18.79,True,synthetic_scenario_generator,26006
2022-07-01,IND_GAN,5,25.2,19.66,True,synthetic_scenario_generator,26006
2022-07-02,IND_GAN,4,25.42,19.84,True,synthetic_scenario_generator,26006
2022-07-03,IND_GAN,2,29.8,23.56,True,synthetic_scenario_generator,26006
2022-07-04,IND_GAN,5,32.51,25.86,True,synthetic_scenario_generator,26006
2022-07-05,IND_GAN,4,17.44,13.09,True,synthetic_scenario_generator,26006
2022-07-06,IND_GAN,3,26.24,20.55,True,synthetic_scenario_generator,26006
2022-07-07,IND_GAN,4,32.55,25.89,True,synthetic_scenario_generator,26006
2022-07-08,IND_GAN,3,24.15,18.77,True,synthetic_scenario_generator,26006
2022-07-09,IND_GAN,2,30.46,24.12,True,synthetic_scenario_generator,26006
2022-07-10,IND_GAN,4,33.17,26.42,True,synthetic_scenario_generator,26006
2022-07-11,IND_GAN,7,29.58,23.37,True,synthetic_scenario_generator,26006
2022-07-12,IND_GAN,5,24.16,18.78,True,synthetic_scenario_generator,26006
2022-07-13,IND_GAN,3,23.27,18.02,True,synthetic_scenario_generator,26006
2022-07-14,IND_GAN,4,26.5,20.76,True,synthetic_scenario_generator,26006
2022-07-15,IND_GAN,4,23.3,18.05,True,synthetic_scenario_generator,26006
2022-07-16,IND_GAN,4,33.79,26.94,True,synthetic_scenario_generator,26006
2022-07-17,IND_GAN,3,30.49,24.14,True,synthetic_scenario_generator,26006
2022-07-18,IND_GAN,3,33.22,26.46,True,synthetic_scenario_generator,26006
2022-07-19,IND_GAN,5,36.42,29.17,True,synthetic_scenario_generator,26006
2022-07-20,IND_GAN,6,36.74,29.44,True,synthetic_scenario_generator,26006
2022-07-21,IND_GAN,4,38.41,30.85,True,synthetic_scenario_generator,26006
2022-07-22,IND_GAN,8,40.87,32.94,True,synthetic_scenario_generator,26006
2022-07-23,IND_GAN,3,29.35,23.18,True,synthetic_scenario_generator,26006
2022-07-24,IND_GAN,4,35.87,28.71,True,synthetic_scenario_generator,26006
2022-07-25,IND_GAN,4,31.84,25.29,True,synthetic_scenario_generator,26006
2022-07-26,IND_GAN,5,28.08,22.1,True,synthetic_scenario_generator,26006
2022-07-27,IND_GAN,4,45.81,37.13,True,synthetic_scenario_generator,26006
2022-07-28,IND_GAN,5,32.73,26.04,True,synthetic_scenario_generator,26006
2022-07-29,IND_GAN,5,31.45,24.96,True,synthetic_scenario_generator,26006
2022-07-30,IND_GAN,1,27.27,21.42,True,synthetic_scenario_generator,26006
2022-07-31,IND_GAN,6,38.73,31.13,True,synthetic_scenario_generator,26006
2022-08-01,IND_GAN,4,40.06,32.25,True,synthetic_scenario_generator,26006
2022-08-02,IND_GAN,5,31.19,24.74,True,synthetic_scenario_generator,26006
2022-08-03,IND_GAN,4,34.33,27.4,True,synthetic_scenario_generator,26006
2022-08-04,IND_GAN,5,33.72,26.89,True,synthetic_scenario_generator,26006
2022-08-05,IND_GAN,3,44.31,35.85,True,synthetic_scenario_generator,26006
2022-08-06,IND_GAN,5,33.1,26.35,True,synthetic_scenario_generator,26006
2022-08-07,IND_GAN,3,35.48,28.37,True,synthetic_scenario_generator,26006
2022-08-08,IND_GAN,4,41.64,33.59,True,synthetic_scenario_generator,26006
2022-08-09,IND_GAN,4,32.99,26.26,True,synthetic_scenario_generator,26006
2022-08-10,IND_GAN,5,40.12,32.31,True,synthetic_scenario_generator,26006
2022-08-11,IND_GAN,6,32.6,25.94,True,synthetic_scenario_generator,26006
2022-08-12,IND_GAN,6,45.13,36.55,True,synthetic_scenario_generator,26006
2022-08-13,IND_GAN,3,24.03,18.67,True,synthetic_scenario_generator,26006
2022-08-14,IND_GAN,5,33.3,26.52,True,synthetic_scenario_generator,26006
2022-08-15,IND_GAN,5,25.04,19.53,True,synthetic_scenario_generator,26006
2022-08-16,IND_GAN,4,25.08,19.56,True,synthetic_scenario_generator,26006
2022-08-17,IND_GAN,4,30.16,23.86,True,synthetic_scenario_generator,26006
2022-08-18,IND_GAN,3,31.41,24.92,True,synthetic_scenario_generator,26006
2022-08-19,IND_GAN,3,26.42,20.7,True,synthetic_scenario_generator,26006
2022-08-20,IND_GAN,3,24.9,19.41,True,synthetic_scenario_generator,26006
2022-08-21,IND_GAN,4,19.66,14.96,True,synthetic_scenario_generator,26006
2022-08-22,IND_GAN,3,29.66,23.44,True,synthetic_scenario_generator,26006
2022-08-23,IND_GAN,4,29.43,23.24,True,synthetic_scenario_generator,26006
2022-08-24,IND_GAN,4,29.25,23.09,True,synthetic_scenario_generator,26006
2022-08-25,IND_GAN,4,28.36,22.34,True,synthetic_scenario_generator,26006
2022-08-26,IND_GAN,6,30.12,23.83,True,synthetic_scenario_generator,26006
2022-08-27,IND_GAN,2,25.81,20.18,True,synthetic_scenario_generator,26006
2022-08-28,IND_GAN,2,22.78,17.61,True,synthetic_scenario_generator,26006
2022-08-29,IND_GAN,3,26.72,20.95,True,synthetic_scenario_generator,26006
2022-08-30,IND_GAN,5,31.58,25.07,True,synthetic_scenario_generator,26006
2022-08-31,IND_GAN,2,18.21,13.74,True,synthetic_scenario_generator,26006
2022-09-01,IND_GAN,4,19.02,14.43,True,synthetic_scenario_generator,26006
2022-09-02,IND_GAN,4,26.92,21.12,True,synthetic_scenario_generator,26006
2022-09-03,IND_GAN,5,27.79,21.85,True,synthetic_scenario_generator,26006
2022-09-04,IND_GAN,5,17.16,12.84,True,synthetic_scenario_generator,26006
2022-09-05,IND_GAN,5,21.75,16.74,True,synthetic_scenario_generator,26006
2022-09-06,IND_GAN,3,19.34,14.69,True,synthetic_scenario_generator,26006
2022-09-07,IND_GAN,2,16.96,12.67,True,synthetic_scenario_generator,26006
2022-09-08,IND_GAN,2,20.55,15.72,True,synthetic_scenario_generator,26006
2022-09-09,IND_GAN,3,25.4,19.83,True,synthetic_scenario_generator,26006
2022-09-10,IND_GAN,3,17.24,12.92,True,synthetic_scenario_generator,26006
2022-09-11,IND_GAN,5,16.42,12.22,True,synthetic_scenario_generator,26006
2022-09-12,IND_GAN,5,23.73,18.42,True,synthetic_scenario_generator,26006
2022-09-13,IND_GAN,5,11.95,8.43,True,synthetic_scenario_generator,26006
2022-09-14,IND_GAN,4,12.96,9.29,True,synthetic_scenario_generator,26006
2022-09-15,IND_GAN,3,11.85,8.35,True,synthetic_scenario_generator,26006
2022-09-16,IND_GAN,5,13.59,9.82,True,synthetic_scenario_generator,26006
2022-09-17,IND_GAN,3,19.05,14.45,True,synthetic_scenario_generator,26006
2022-09-18,IND_GAN,2,15.65,11.57,True,synthetic_scenario_generator,26006
2022-09-19,IND_GAN,2,14.98,11.0,True,synthetic_scenario_generator,26006
2022-09-20,IND_GAN,3,20.21,15.43,True,synthetic_scenario_generator,26006
2022-09-21,IND_GAN,2,13.0,9.32,True,synthetic_scenario_generator,26006
2022-09-22,IND_GAN,3,15.73,11.64,True,synthetic_scenario_generator,26006
2022-09-23,IND_GAN,3,21.35,16.4,True,synthetic_scenario_generator,26006
2022-09-24,IND_GAN,6,28.41,22.38,True,synthetic_scenario_generator,26006
2022-09-25,IND_GAN,3,11.69,8.21,True,synthetic_scenario_generator,26006
2022-09-26,IND_GAN,3,8.75,5.72,True,synthetic_scenario_generator,26006
2022-09-27,IND_GAN,4,22.33,17.23,True,synthetic_scenario_generator,26006
2022-09-28,IND_GAN,3,22.84,17.66,True,synthetic_scenario_generator,26006
2022-09-29,IND_GAN,2,16.65,12.42,True,synthetic_scenario_generator,26006
2022-09-30,IND_GAN,3,19.72,15.02,True,synthetic_scenario_generator,26006
2022-10-01,IND_GAN,3,19.09,14.48,True,synthetic_scenario_generator,26006
2022-10-02,IND_GAN,4,21.06,16.16,True,synthetic_scenario_generator,26006
2022-10-03,IND_GAN,4,19.2,14.57,True,synthetic_scenario_generator,26006
2022-10-04,IND_GAN,4,12.61,8.99,True,synthetic_scenario_generator,26006
2022-10-05,IND_GAN,3,13.95,10.13,True,synthetic_scenario_generator,26006
2022-10-06,IND_GAN,3,28.2,22.2,True,synthetic_scenario_generator,26006
2022-10-07,IND_GAN,4,20.3,15.5,True,synthetic_scenario_generator,26006
2022-10-08,IND_GAN,4,24.36,18.95,True,synthetic_scenario_generator,26006
2022-10-09,IND_GAN,4,18.91,14.33,True,synthetic_scenario_generator,26006
2022-10-10,IND_GAN,5,31.98,25.41,True,synthetic_scenario_generator,26006
2022-10-11,IND_GAN,3,25.93,20.28,True,synthetic_scenario_generator,26006
2022-10-12,IND_GAN,5,27.44,21.56,True,synthetic_scenario_generator,26006
2022-10-13,IND_GAN,4,25.67,20.06,True,synthetic_scenario_generator,26006
2022-10-14,IND_GAN,6,24.83,19.35,True,synthetic_scenario_generator,26006
2022-10-15,IND_GAN,4,24.72,19.25,True,synthetic_scenario_generator,26006
2022-10-16,IND_GAN,3,31.36,24.88,True,synthetic_scenario_generator,26006
2022-10-17,IND_GAN,4,27.4,21.52,True,synthetic_scenario_generator,26006
2022-10-18,IND_GAN,4,24.5,19.06,True,synthetic_scenario_generator,26006
2022-10-19,IND_GAN,5,36.3,29.07,True,synthetic_scenario_generator,26006
2022-10-20,IND_GAN,4,37.89,30.41,True,synthetic_scenario_generator,26006
2022-10-21,IND_GAN,3,20.27,15.49,True,synthetic_scenario_generator,26006
2022-10-22,IND_GAN,3,33.79,26.94,True,synthetic_scenario_generator,26006
2022-10-23,IND_GAN,2,23.88,18.54,True,synthetic_scenario_generator,26006
2022-10-24,IND_GAN,5,34.02,27.14,True,synthetic_scenario_generator,26006
2022-10-25,IND_GAN,5,28.99,22.87,True,synthetic_scenario_generator,26006
2022-10-26,IND_GAN,4,27.59,21.69,True,synthetic_scenario_generator,26006
2022-10-27,IND_GAN,6,37.25,29.87,True,synthetic_scenario_generator,26006
2022-10-28,IND_GAN,5,25.94,20.29,True,synthetic_scenario_generator,26006
2022-10-29,IND_GAN,2,25.32,19.76,True,synthetic_scenario_generator,26006
2022-10-30,IND_GAN,4,19.4,14.74,True,synthetic_scenario_generator,26006
2022-10-31,IND_GAN,4,34.33,27.4,True,synthetic_scenario_generator,26006
2022-11-01,IND_GAN,4,27.3,21.44,True,synthetic_scenario_generator,26006
2022-11-02,IND_GAN,4,25.67,20.06,True,synthetic_scenario_generator,26006
2022-11-03,IND_GAN,2,36.66,29.38,True,synthetic_scenario_generator,26006
2022-11-04,IND_GAN,4,22.95,17.76,True,synthetic_scenario_generator,26006
2022-11-05,IND_GAN,4,33.42,26.63,True,synthetic_scenario_generator,26006
2022-11-06,IND_GAN,3,22.71,17.55,True,synthetic_scenario_generator,26006
2022-11-07,IND_GAN,5,25.1,19.58,True,synthetic_scenario_generator,26006
2022-11-08,IND_GAN,4,26.26,20.56,True,synthetic_scenario_generator,26006
2022-11-09,IND_GAN,2,26.82,21.04,True,synthetic_scenario_generator,26006
2022-11-10,IND_GAN,5,31.04,24.61,True,synthetic_scenario_generator,26006
2022-11-11,IND_GAN,4,29.05,22.93,True,synthetic_scenario_generator,26006
2022-11-12,IND_GAN,4,17.69,13.3,True,synthetic_scenario_generator,26006
2022-11-13,IND_GAN,4,33.87,27.01,True,synthetic_scenario_generator,26006
2022-11-14,IND_GAN,4,39.32,31.63,True,synthetic_scenario_generator,26006
2022-11-15,IND_GAN,5,24.99,19.49,True,synthetic_scenario_generator,26006
2022-11-16,IND_GAN,5,25.54,19.95,True,synthetic_scenario_generator,26006
2022-11-17,IND_GAN,2,21.84,16.82,True,synthetic_scenario_generator,26006
2022-11-18,IND_GAN,4,30.51,24.16,True,synthetic_scenario_generator,26006
2022-11-19,IND_GAN,5,18.08,13.62,True,synthetic_scenario_generator,26006
2022-11-20,IND_GAN,5,18.16,13.69,True,synthetic_scenario_generator,26006
2022-11-21,IND_GAN,4,33.6,26.78,True,synthetic_scenario_generator,26006
2022-11-22,IND_GAN,4,36.59,29.32,True,synthetic_scenario_generator,26006
2022-11-23,IND_GAN,3,24.01,18.65,True,synthetic_scenario_generator,26006
2022-11-24,IND_GAN,4,15.04,11.05,True,synthetic_scenario_generator,26006
2022-11-25,IND_GAN,2,21.89,16.86,True,synthetic_scenario_generator,26006
2022-11-26,IND_GAN,4,30.6,24.24,True,synthetic_scenario_generator,26006
2022-11-27,IND_GAN,4,15.3,11.27,True,synthetic_scenario_generator,26006
2022-11-28,IND_GAN,4,19.31,14.67,True,synthetic_scenario_generator,26006
2022-11-29,IND_GAN,4,19.2,14.58,True,synthetic_scenario_generator,26006
2022-11-30,IND_GAN,4,22.41,17.3,True,synthetic_scenario_generator,26006
2022-12-01,IND_GAN,4,16.9,12.63,True,synthetic_scenario_generator,26006
2022-12-02,IND_GAN,4,12.66,9.03,True,synthetic_scenario_generator,26006
2022-12-03,IND_GAN,2,9.65,6.48,True,synthetic_scenario_generator,26006
2022-12-04,IND_GAN,6,25.83,20.2,True,synthetic_scenario_generator,26006
2022-12-05,IND_GAN,3,9.44,6.31,True,synthetic_scenario_generator,26006
2022-12-06,IND_GAN,3,19.97,15.23,True,synthetic_scenario_generator,26006
2022-12-07,IND_GAN,4,12.14,8.6,True,synthetic_scenario_generator,26006
2022-12-08,IND_GAN,2,7.12,4.34,True,synthetic_scenario_generator,26006
2022-12-09,IND_GAN,5,25.71,20.09,True,synthetic_scenario_generator,26006
2022-12-10,IND_GAN,1,9.59,6.43,True,synthetic_scenario_generator,26006
2022-12-11,IND_GAN,2,13.17,9.46,True,synthetic_scenario_generator,26006
2022-12-12,IND_GAN,2,8.75,5.72,True,synthetic_scenario_generator,26006
2022-12-13,IND_GAN,3,16.81,12.55,True,synthetic_scenario_generator,26006
2022-12-14,IND_GAN,3,22.92,17.73,True,synthetic_scenario_generator,26006
2022-12-15,IND_GAN,3,11.16,7.76,True,synthetic_scenario_generator,26006
2022-12-16,IND_GAN,2,4.67,2.26,True,synthetic_scenario_generator,26006
2022-12-17,IND_GAN,1,18.72,14.17,True,synthetic_scenario_generator,26006
2022-12-18,IND_GAN,3,19.42,14.76,True,synthetic_scenario_generator,26006
2022-12-19,IND_GAN,4,2.0,0.0,True,synthetic_scenario_generator,26006
2022-12-20,IND_GAN,5,22.77,17.6,True,synthetic_scenario_generator,26006
2022-12-21,IND_GAN,4,12.22,8.66,True,synthetic_scenario_generator,26006
2022-12-22,IND_GAN,2,13.81,10.01,True,synthetic_scenario_generator,26006
2022-12-23,IND_GAN,2,16.2,12.03,True,synthetic_scenario_generator,26006
2022-12-24,IND_GAN,2,14.33,10.45,True,synthetic_scenario_generator,26006
2022-12-25,IND_GAN,1,8.24,5.28,True,synthetic_scenario_generator,26006
2022-12-26,IND_GAN,3,19.91,15.18,True,synthetic_scenario_generator,26006
2022-12-27,IND_GAN,0,9.88,6.68,True,synthetic_scenario_generator,26006
2022-12-28,IND_GAN,1,14.32,10.44,True,synthetic_scenario_generator,26006
2022-12-29,IND_GAN,2,13.71,9.93,True,synthetic_scenario_generator,26006
2022-12-30,IND_GAN,2,15.26,11.24,True,synthetic_scenario_generator,26006
2022-12-31,IND_GAN,3,14.8,10.85,True,synthetic_scenario_generator,26006
2023-01-01,IND_GAN,2,17.66,13.27,True,synthetic_scenario_generator,26006
2023-01-02,IND_GAN,4,33.65,26.82,True,synthetic_scenario_generator,26006
2023-01-03,IND_GAN,2,10.34,7.07,True,synthetic_scenario_generator,26006
2023-01-04,IND_GAN,2,17.43,13.08,True,synthetic_scenario_generator,26006
2023-01-05,IND_GAN,2,12.64,9.01,True,synthetic_scenario_generator,26006
2023-01-06,IND_GAN,4,21.53,16.55,True,synthetic_scenario_generator,26006
2023-01-07,IND_GAN,4,17.07,12.77,True,synthetic_scenario_generator,26006
2023-01-08,IND_GAN,5,27.78,21.85,True,synthetic_scenario_generator,26006
2023-01-09,IND_GAN,1,17.71,13.32,True,synthetic_scenario_generator,26006
2023-01-10,IND_GAN,5,28.27,22.27,True,synthetic_scenario_generator,26006
2023-01-11,IND_GAN,3,25.05,19.54,True,synthetic_scenario_generator,26006
2023-01-12,IND_GAN,4,20.96,16.06,True,synthetic_scenario_generator,26006
2023-01-13,IND_GAN,4,18.0,13.56,True,synthetic_scenario_generator,26006
2023-01-14,IND_GAN,2,33.63,26.81,True,synthetic_scenario_generator,26006
2023-01-15,IND_GAN,4,29.21,23.06,True,synthetic_scenario_generator,26006
2023-01-16,IND_GAN,4,23.1,17.88,True,synthetic_scenario_generator,26006
2023-01-17,IND_GAN,3,28.53,22.48,True,synthetic_scenario_generator,26006
2023-01-18,IND_GAN,5,27.51,21.62,True,synthetic_scenario_generator,26006
2023-01-19,IND_GAN,4,25.16,19.62,True,synthetic_scenario_generator,26006
2023-01-20,IND_GAN,2,21.12,16.2,True,synthetic_scenario_generator,26006
2023-01-21,IND_GAN,3,36.39,29.15,True,synthetic_scenario_generator,26006
2023-01-22,IND_GAN,2,24.06,18.7,True,synthetic_scenario_generator,26006
2023-01-23,IND_GAN,6,24.68,19.22,True,synthetic_scenario_generator,26006
2023-01-24,IND_GAN,6,40.96,33.01,True,synthetic_scenario_generator,26006
2023-01-25,IND_GAN,3,28.71,22.64,True,synthetic_scenario_generator,26006
2023-01-26,IND_GAN,4,36.85,29.53,True,synthetic_scenario_generator,26006
2023-01-27,IND_GAN,4,24.69,19.23,True,synthetic_scenario_generator,26006
2023-01-28,IND_GAN,4,27.23,21.38,True,synthetic_scenario_generator,26006
2023-01-29,IND_GAN,6,28.98,22.87,True,synthetic_scenario_generator,26006
2023-01-30,IND_GAN,2,30.36,24.03,True,synthetic_scenario_generator,26006
2023-01-31,IND_GAN,5,29.25,23.09,True,synthetic_scenario_generator,26006
2023-02-01,IND_GAN,2,24.6,19.16,True,synthetic_scenario_generator,26006
2023-02-02,IND_GAN,2,33.94,27.07,True,synthetic_scenario_generator,26006
2023-02-03,IND_GAN,4,31.84,25.29,True,synthetic_scenario_generator,26006
2023-02-04,IND_GAN,5,27.04,21.22,True,synthetic_scenario_generator,26006
2023-02-05,IND_GAN,3,21.03,16.13,True,synthetic_scenario_generator,26006
2023-02-06,IND_GAN,6,32.21,25.6,True,synthetic_scenario_generator,26006
2023-02-07,IND_GAN,3,26.1,20.42,True,synthetic_scenario_generator,26006
2023-02-08,IND_GAN,4,24.47,19.04,True,synthetic_scenario_generator,26006
2023-02-09,IND_GAN,3,19.14,14.53,True,synthetic_scenario_generator,26006
2023-02-10,IND_GAN,3,36.08,28.88,True,synthetic_scenario_generator,26006
2023-02-11,IND_GAN,3,26.88,21.09,True,synthetic_scenario_generator,26006
2023-02-12,IND_GAN,5,22.37,17.27,True,synthetic_scenario_generator,26006
2023-02-13,IND_GAN,3,20.11,15.35,True,synthetic_scenario_generator,26006
2023-02-14,IND_GAN,2,24.15,18.77,True,synthetic_scenario_generator,26006
2023-02-15,IND_GAN,6,30.53,24.18,True,synthetic_scenario_generator,26006
2023-02-16,IND_GAN,6,27.75,21.82,True,synthetic_scenario_generator,26006
2023-02-17,IND_GAN,3,18.37,13.87,True,synthetic_scenario_generator,26006
2023-02-18,IND_GAN,4,15.31,11.28,True,synthetic_scenario_generator,26006
2023-02-19,IND_GAN,2,26.49,20.76,True,synthetic_scenario_generator,26006
2023-02-20,IND_GAN,4,18.88,14.3,True,synthetic_scenario_generator,26006
2023-02-21,IND_GAN,3,25.45,19.88,True,synthetic_scenario_generator,26006
2023-02-22,IND_GAN,4,32.57,25.91,True,synthetic_scenario_generator,26006
2023-02-23,IND_GAN,3,21.33,16.38,True,synthetic_scenario_generator,26006
2023-02-24,IND_GAN,3,26.43,20.7,True,synthetic_scenario_generator,26006
2023-02-25,IND_GAN,5,15.07,11.07,True,synthetic_scenario_generator,26006
2023-02-26,IND_GAN,2,24.23,18.84,True,synthetic_scenario_generator,26006
2023-02-27,IND_GAN,2,22.36,17.26,True,synthetic_scenario_generator,26006
2023-02-28,IND_GAN,4,20.35,15.55,True,synthetic_scenario_generator,26006
2023-03-01,IND_GAN,4,20.65,15.8,True,synthetic_scenario_generator,26006
2023-03-02,IND_GAN,4,18.78,14.22,True,synthetic_scenario_generator,26006
2023-03-03,IND_GAN,2,14.47,10.57,True,synthetic_scenario_generator,26006
2023-03-04,IND_GAN,4,19.02,14.42,True,synthetic_scenario_generator,26006
2023-03-05,IND_GAN,2,14.98,11.0,True,synthetic_scenario_generator,26006
2023-03-06,IND_GAN,3,20.3,15.51,True,synthetic_scenario_generator,26006
2023-03-07,IND_GAN,2,7.03,4.27,True,synthetic_scenario_generator,26006
2023-03-08,IND_GAN,2,12.73,9.09,True,synthetic_scenario_generator,26006
2023-03-09,IND_GAN,3,15.58,11.51,True,synthetic_scenario_generator,26006
2023-03-10,IND_GAN,4,7.35,4.53,True,synthetic_scenario_generator,26006
2023-03-11,IND_GAN,0,14.81,10.86,True,synthetic_scenario_generator,26006
2023-03-12,IND_GAN,1,13.68,9.9,True,synthetic_scenario_generator,26006
2023-03-13,IND_GAN,4,11.38,7.95,True,synthetic_scenario_generator,26006
2023-03-14,IND_GAN,1,7.11,4.33,True,synthetic_scenario_generator,26006
2023-03-15,IND_GAN,2,25.48,19.9,True,synthetic_scenario_generator,26006
2023-03-16,IND_GAN,1,12.62,9.0,True,synthetic_scenario_generator,26006
2023-03-17,IND_GAN,1,12.86,9.2,True,synthetic_scenario_generator,26006
2023-03-18,IND_GAN,3,17.8,13.39,True,synthetic_scenario_generator,26006
2023-03-19,IND_GAN,3,6.89,4.14,True,synthetic_scenario_generator,26006
2023-03-20,IND_GAN,4,16.13,11.97,True,synthetic_scenario_generator,26006
2023-03-21,IND_GAN,1,13.09,9.4,True,synthetic_scenario_generator,26006
2023-03-22,IND_GAN,3,11.9,8.39,True,synthetic_scenario_generator,26006
2023-03-23,IND_GAN,3,11.44,8.0,True,synthetic_scenario_generator,26006
2023-03-24,IND_GAN,3,15.88,11.76,True,synthetic_scenario_generator,26006
2023-03-25,IND_GAN,1,19.48,14.82,True,synthetic_scenario_generator,26006
2023-03-26,IND_GAN,2,11.58,8.11,True,synthetic_scenario_generator,26006
2023-03-27,IND_GAN,2,13.45,9.71,True,synthetic_scenario_generator,26006
2023-03-28,IND_GAN,3,26.34,20.63,True,synthetic_scenario_generator,26006
2023-03-29,IND_GAN,3,18.29,13.8,True,synthetic_scenario_generator,26006
2023-03-30,IND_GAN,3,21.43,16.47,True,synthetic_scenario_generator,26006
2023-03-31,IND_GAN,4,13.28,9.56,True,synthetic_scenario_generator,26006
2023-04-01,IND_GAN,2,24.12,18.74,True,synthetic_scenario_generator,26006
2023-04-02,IND_GAN,4,23.43,18.16,True,synthetic_scenario_generator,26006
2023-04-03,IND_GAN,4,25.71,20.09,True,synthetic_scenario_generator,26006
2023-04-04,IND_GAN,3,27.22,21.37,True,synthetic_scenario_generator,26006
2023-04-05,IND_GAN,4,25.34,19.78,True,synthetic_scenario_generator,26006
2023-04-06,IND_GAN,6,27.69,21.77,True,synthetic_scenario_generator,26006
2023-04-07,IND_GAN,5,20.99,16.09,True,synthetic_scenario_generator,26006
2023-04-08,IND_GAN,4,22.85,17.67,True,synthetic_scenario_generator,26006
2023-04-09,IND_GAN,4,27.91,21.96,True,synthetic_scenario_generator,26006
2023-04-10,IND_GAN,5,38.73,31.13,True,synthetic_scenario_generator,26006
2023-04-11,IND_GAN,4,34.73,27.74,True,synthetic_scenario_generator,26006
2023-04-12,IND_GAN,5,28.93,22.82,True,synthetic_scenario_generator,26006
2023-04-13,IND_GAN,3,21.67,16.67,True,synthetic_scenario_generator,26006
2023-04-14,IND_GAN,6,26.32,20.61,True,synthetic_scenario_generator,26006
2023-04-15,IND_GAN,4,22.59,17.45,True,synthetic_scenario_generator,26006
2023-04-16,IND_GAN,4,32.64,25.97,True,synthetic_scenario_generator,26006
2023-04-17,IND_GAN,7,36.43,29.18,True,synthetic_scenario_generator,26006
2023-04-18,IND_GAN,7,28.04,22.07,True,synthetic_scenario_generator,26006
2023-04-19,IND_GAN,4,38.83,31.21,True,synthetic_scenario_generator,26006
2023-04-20,IND_GAN,5,44.1,35.67,True,synthetic_scenario_generator,26006
2023-04-21,IND_GAN,5,35.3,28.22,True,synthetic_scenario_generator,26006
2023-04-22,IND_GAN,3,28.95,22.84,True,synthetic_scenario_generator,26006
2023-04-23,IND_GAN,3,32.38,25.75,True,synthetic_scenario_generator,26006
2023-04-24,IND_GAN,5,40.35,32.5,True,synthetic_scenario_generator,26006
2023-04-25,IND_GAN,5,38.82,31.2,True,synthetic_scenario_generator,26006
2023-04-26,IND_GAN,3,32.08,25.49,True,synthetic_scenario_generator,26006
2023-04-27,IND_GAN,4,27.64,21.73,True,synthetic_scenario_generator,26006
2023-04-28,IND_GAN,3,33.84,26.98,True,synthetic_scenario_generator,26006
2023-04-29,IND_GAN,5,35.43,28.33,True,synthetic_scenario_generator,26006
2023-04-30,IND_GAN,5,36.26,29.04,True,synthetic_scenario_generator,26006
2023-05-01,IND_GAN,3,25.02,19.51,True,synthetic_scenario_generator,26006
2023-05-02,IND_GAN,6,35.37,28.28,True,synthetic_scenario_generator,26006
2023-05-03,IND_GAN,2,25.48,19.89,True,synthetic_scenario_generator,26006
2023-05-04,IND_GAN,1,32.6,25.93,True,synthetic_scenario_generator,26006
2023-05-05,IND_GAN,5,36.13,28.93,True,synthetic_scenario_generator,26006
2023-05-06,IND_GAN,6,48.07,39.04,True,synthetic_scenario_generator,26006
2023-05-07,IND_GAN,4,35.52,28.41,True,synthetic_scenario_generator,26006
2023-05-08,IND_GAN,5,31.18,24.73,True,synthetic_scenario_generator,26006
2023-05-09,IND_GAN,3,37.05,29.7,True,synthetic_scenario_generator,26006
2023-05-10,IND_GAN,6,30.1,23.81,True,synthetic_scenario_generator,26006
2023-05-11,IND_GAN,5,37.8,30.34,True,synthetic_scenario_generator,26006
2023-05-12,IND_GAN,4,24.79,19.31,True,synthetic_scenario_generator,26006
2023-05-13,IND_GAN,4,31.25,24.79,True,synthetic_scenario_generator,26006
2023-05-14,IND_GAN,5,29.12,22.99,True,synthetic_scenario_generator,26006
2023-05-15,IND_GAN,5,29.8,23.56,True,synthetic_scenario_generator,26006
2023-05-16,IND_GAN,5,30.27,23.95,True,synthetic_scenario_generator,26006
2023-05-17,IND_GAN,5,34.94,27.91,True,synthetic_scenario_generator,26006
2023-05-18,IND_GAN,4,19.66,14.97,True,synthetic_scenario_generator,26006
2023-05-19,IND_GAN,4,28.06,22.09,True,synthetic_scenario_generator,26006
2023-05-20,IND_GAN,5,27.98,22.02,True,synthetic_scenario_generator,26006
2023-05-21,IND_GAN,4,24.7,19.23,True,synthetic_scenario_generator,26006
2023-05-22,IND_GAN,4,28.34,22.32,True,synthetic_scenario_generator,26006
2023-05-23,IND_GAN,6,29.17,23.02,True,synthetic_scenario_generator,26006
2023-05-24,IND_GAN,4,25.47,19.89,True,synthetic_scenario_generator,26006
2023-05-25,IND_GAN,2,18.95,14.36,True,synthetic_scenario_generator,26006
2023-05-26,IND_GAN,2,26.06,20.39,True,synthetic_scenario_generator,26006
2023-05-27,IND_GAN,3,38.24,30.71,True,synthetic_scenario_generator,26006
2023-05-28,IND_GAN,4,24.62,19.17,True,synthetic_scenario_generator,26006
2023-05-29,IND_GAN,5,17.24,12.91,True,synthetic_scenario_generator,26006
2023-05-30,IND_GAN,3,19.78,15.07,True,synthetic_scenario_generator,26006
2023-05-31,IND_GAN,4,15.12,11.12,True,synthetic_scenario_generator,26006
2023-06-01,IND_GAN,3,25.41,19.84,True,synthetic_scenario_generator,26006
2023-06-02,IND_GAN,4,11.83,8.33,True,synthetic_scenario_generator,26006
2023-06-03,IND_GAN,4,17.89,13.47,True,synthetic_scenario_generator,26006
2023-06-04,IND_GAN,3,15.95,11.82,True,synthetic_scenario_generator,26006
2023-06-05,IND_GAN,4,18.72,14.17,True,synthetic_scenario_generator,26006
2023-06-06,IND_GAN,4,20.14,15.38,True,synthetic_scenario_generator,26006
2023-06-07,IND_GAN,5,22.23,17.15,True,synthetic_scenario_generator,26006
2023-06-08,IND_GAN,4,15.64,11.56,True,synthetic_scenario_generator,26006
2023-06-09,IND_GAN,3,15.48,11.43,True,synthetic_scenario_generator,26006
2023-06-10,IND_GAN,4,23.24,18.0,True,synthetic_scenario_generator,26006
2023-06-11,IND_GAN,4,30.29,23.97,True,synthetic_scenario_generator,26006
2023-06-12,IND_GAN,3,21.41,16.45,True,synthetic_scenario_generator,26006
2023-06-13,IND_GAN,1,21.59,16.6,True,synthetic_scenario_generator,26006
2023-06-14,IND_GAN,1,26.52,20.78,True,synthetic_scenario_generator,26006
2023-06-15,IND_GAN,3,8.83,5.79,True,synthetic_scenario_generator,26006
2023-06-16,IND_GAN,4,19.34,14.7,True,synthetic_scenario_generator,26006
2023-06-17,IND_GAN,4,23.33,18.08,True,synthetic_scenario_generator,26006
2023-06-18,IND_GAN,5,20.81,15.94,True,synthetic_scenario_generator,26006
2023-06-19,IND_GAN,5,24.65,19.2,True,synthetic_scenario_generator,26006
2023-06-20,IND_GAN,5,23.96,18.61,True,synthetic_scenario_generator,26006
2023-06-21,IND_GAN,2,12.11,8.56,True,synthetic_scenario_generator,26006
2023-06-22,IND_GAN,4,23.19,17.96,True,synthetic_scenario_generator,26006
2023-06-23,IND_GAN,2,17.34,13.0,True,synthetic_scenario_generator,26006
2023-06-24,IND_GAN,3,18.47,13.96,True,synthetic_scenario_generator,26006
2023-06-25,IND_GAN,3,19.95,15.21,True,synthetic_scenario_generator,26006
2023-06-26,IND_GAN,2,30.1,23.81,True,synthetic_scenario_generator,26006
2023-06-27,IND_GAN,6,29.65,23.43,True,synthetic_scenario_generator,26006
2023-06-28,IND_GAN,8,35.57,28.45,True,synthetic_scenario_generator,26006
2023-06-29,IND_GAN,5,21.5,16.52,True,synthetic_scenario_generator,26006
2023-06-30,IND_GAN,3,15.03,11.05,True,synthetic_scenario_generator,26006
2023-07-01,IND_GAN,3,25.4,19.83,True,synthetic_scenario_generator,26006
2023-07-02,IND_GAN,4,27.27,21.41,True,synthetic_scenario_generator,26006
2023-07-03,IND_GAN,6,22.22,17.13,True,synthetic_scenario_generator,26006
2023-07-04,IND_GAN,6,26.07,20.4,True,synthetic_scenario_generator,26006
2023-07-05,IND_GAN,4,32.27,25.65,True,synthetic_scenario_generator,26006
2023-07-06,IND_GAN,3,17.59,13.21,True,synthetic_scenario_generator,26006
2023-07-07,IND_GAN,3,32.35,25.72,True,synthetic_scenario_generator,26006
2023-07-08,IND_GAN,3,21.23,16.3,True,synthetic_scenario_generator,26006
2023-07-09,IND_GAN,4,35.7,28.56,True,synthetic_scenario_generator,26006
2023-07-10,IND_GAN,6,22.49,17.36,True,synthetic_scenario_generator,26006
2023-07-11,IND_GAN,5,36.29,29.06,True,synthetic_scenario_generator,26006
2023-07-12,IND_GAN,5,27.41,21.54,True,synthetic_scenario_generator,26006
2023-07-13,IND_GAN,4,37.39,29.99,True,synthetic_scenario_generator,26006
2023-07-14,IND_GAN,3,31.78,25.23,True,synthetic_scenario_generator,26006
2023-07-15,IND_GAN,3,28.75,22.67,True,synthetic_scenario_generator,26006
2023-07-16,IND_GAN,4,33.53,26.72,True,synthetic_scenario_generator,26006
2023-07-17,IND_GAN,3,36.4,29.15,True,synthetic_scenario_generator,26006
2023-07-18,IND_GAN,3,33.13,26.39,True,synthetic_scenario_generator,26006
2023-07-19,IND_GAN,3,31.22,24.77,True,synthetic_scenario_generator,26006
2023-07-20,IND_GAN,5,39.57,31.84,True,synthetic_scenario_generator,26006
2023-07-21,IND_GAN,1,29.04,22.92,True,synthetic_scenario_generator,26006
2023-07-22,IND_GAN,3,32.43,25.78,True,synthetic_scenario_generator,26006
2023-07-23,IND_GAN,4,31.7,25.17,True,synthetic_scenario_generator,26006
2023-07-24,IND_GAN,4,31.08,24.64,True,synthetic_scenario_generator,26006
2023-07-25,IND_GAN,4,35.92,28.75,True,synthetic_scenario_generator,26006
2023-07-26,IND_GAN,3,38.22,30.69,True,synthetic_scenario_generator,26006
2023-07-27,IND_GAN,3,27.08,21.25,True,synthetic_scenario_generator,26006
2023-07-28,IND_GAN,5,44.2,35.76,True,synthetic_scenario_generator,26006
2023-07-29,IND_GAN,4,32.19,25.59,True,synthetic_scenario_generator,26006
2023-07-30,IND_GAN,5,32.74,26.05,True,synthetic_scenario_generator,26006
2023-07-31,IND_GAN,3,38.68,31.08,True,synthetic_scenario_generator,26006
2023-08-01,IND_GAN,4,35.09,28.04,True,synthetic_scenario_generator,26006
2023-08-02,IND_GAN,4,33.69,26.85,True,synthetic_scenario_generator,26006
2023-08-03,IND_GAN,5,35.64,28.51,True,synthetic_scenario_generator,26006
2023-08-04,IND_GAN,6,36.47,29.22,True,synthetic_scenario_generator,26006
2023-08-05,IND_GAN,4,35.16,28.1,True,synthetic_scenario_generator,26006
2023-08-06,IND_GAN,4,38.63,31.05,True,synthetic_scenario_generator,26006
2023-08-07,IND_GAN,3,37.47,30.06,True,synthetic_scenario_generator,26006
2023-08-08,IND_GAN,4,25.92,20.27,True,synthetic_scenario_generator,26006
2023-08-09,IND_GAN,4,22.11,17.04,True,synthetic_scenario_generator,26006
2023-08-10,IND_GAN,6,25.63,20.03,True,synthetic_scenario_generator,26006
2023-08-11,IND_GAN,5,36.76,29.45,True,synthetic_scenario_generator,26006
2023-08-12,IND_GAN,7,33.25,26.48,True,synthetic_scenario_generator,26006
2023-08-13,IND_GAN,5,28.1,22.12,True,synthetic_scenario_generator,26006
2023-08-14,IND_GAN,4,34.11,27.21,True,synthetic_scenario_generator,26006
2023-08-15,IND_GAN,5,33.48,26.68,True,synthetic_scenario_generator,26006
2023-08-16,IND_GAN,3,30.18,23.88,True,synthetic_scenario_generator,26006
2023-08-17,IND_GAN,4,26.83,21.04,True,synthetic_scenario_generator,26006
2023-08-18,IND_GAN,2,34.07,27.18,True,synthetic_scenario_generator,26006
2023-08-19,IND_GAN,5,31.58,25.06,True,synthetic_scenario_generator,26006
2023-08-20,IND_GAN,4,33.19,26.44,True,synthetic_scenario_generator,26006
2023-08-21,IND_GAN,3,15.43,11.38,True,synthetic_scenario_generator,26006
2023-08-22,IND_GAN,4,16.51,12.3,True,synthetic_scenario_generator,26006
2023-08-23,IND_GAN,4,22.96,17.76,True,synthetic_scenario_generator,26006
2023-08-24,IND_GAN,4,32.14,25.54,True,synthetic_scenario_generator,26006
2023-08-25,IND_GAN,5,29.14,23.0,True,synthetic_scenario_generator,26006
2023-08-26,IND_GAN,3,26.85,21.06,True,synthetic_scenario_generator,26006
2023-08-27,IND_GAN,3,26.34,20.63,True,synthetic_scenario_generator,26006
2023-08-28,IND_GAN,3,13.28,9.56,True,synthetic_scenario_generator,26006
2023-08-29,IND_GAN,1,15.17,11.16,True,synthetic_scenario_generator,26006
2023-08-30,IND_GAN,4,20.16,15.39,True,synthetic_scenario_generator,26006
2023-08-31,IND_GAN,5,28.12,22.13,True,synthetic_scenario_generator,26006
2023-09-01,IND_GAN,2,19.35,14.7,True,synthetic_scenario_generator,26006
2023-09-02,IND_GAN,4,14.32,10.44,True,synthetic_scenario_generator,26006
2023-09-03,IND_GAN,4,17.48,13.12,True,synthetic_scenario_generator,26006
2023-09-04,IND_GAN,3,20.68,15.83,True,synthetic_scenario_generator,26006
2023-09-05,IND_GAN,3,22.55,17.42,True,synthetic_scenario_generator,26006
2023-09-06,IND_GAN,3,8.39,5.41,True,synthetic_scenario_generator,26006
2023-09-07,IND_GAN,4,10.12,6.88,True,synthetic_scenario_generator,26006
2023-09-08,IND_GAN,2,24.92,19.43,True,synthetic_scenario_generator,26006
2023-09-09,IND_GAN,5,13.39,9.66,True,synthetic_scenario_generator,26006
2023-09-10,IND_GAN,2,12.03,8.5,True,synthetic_scenario_generator,26006
2023-09-11,IND_GAN,2,15.59,11.52,True,synthetic_scenario_generator,26006
2023-09-12,IND_GAN,3,14.49,10.58,True,synthetic_scenario_generator,26006
2023-09-13,IND_GAN,3,14.66,10.72,True,synthetic_scenario_generator,26006
2023-09-14,IND_GAN,2,21.94,16.9,True,synthetic_scenario_generator,26006
2023-09-15,IND_GAN,1,7.74,4.86,True,synthetic_scenario_generator,26006
2023-09-16,IND_GAN,3,23.64,18.34,True,synthetic_scenario_generator,26006
2023-09-17,IND_GAN,4,17.71,13.31,True,synthetic_scenario_generator,26006
2023-09-18,IND_GAN,4,8.67,5.65,True,synthetic_scenario_generator,26006
2023-09-19,IND_GAN,5,27.33,21.47,True,synthetic_scenario_generator,26006
2023-09-20,IND_GAN,1,18.57,14.04,True,synthetic_scenario_generator,26006
2023-09-21,IND_GAN,5,25.84,20.21,True,synthetic_scenario_generator,26006
2023-09-22,IND_GAN,3,18.67,14.12,True,synthetic_scenario_generator,26006
2023-09-23,IND_GAN,3,21.57,16.58,True,synthetic_scenario_generator,26006
2023-09-24,IND_GAN,3,25.43,19.86,True,synthetic_scenario_generator,26006
2023-09-25,IND_GAN,3,24.43,19.01,True,synthetic_scenario_generator,26006
2023-09-26,IND_GAN,4,21.27,16.33,True,synthetic_scenario_generator,26006
2023-09-27,IND_GAN,4,29.27,23.11,True,synthetic_scenario_generator,26006
2023-09-28,IND_GAN,3,21.9,16.87,True,synthetic_scenario_generator,26006
2023-09-29,IND_GAN,4,25.92,20.27,True,synthetic_scenario_generator,26006
2023-09-30,IND_GAN,3,21.97,16.93,True,synthetic_scenario_generator,26006
2023-10-01,IND_GAN,4,22.87,17.69,True,synthetic_scenario_generator,26006
2023-10-02,IND_GAN,2,20.29,15.5,True,synthetic_scenario_generator,26006
2023-10-03,IND_GAN,3,19.44,14.78,True,synthetic_scenario_generator,26006
2023-10-04,IND_GAN,3,16.8,12.54,True,synthetic_scenario_generator,26006
2023-10-05,IND_GAN,5,24.55,19.11,True,synthetic_scenario_generator,26006
2023-10-06,IND_GAN,4,30.03,23.76,True,synthetic_scenario_generator,26006
2023-10-07,IND_GAN,5,28.05,22.07,True,synthetic_scenario_generator,26006
2023-10-08,IND_GAN,3,28.27,22.26,True,synthetic_scenario_generator,26006
2023-10-09,IND_GAN,4,18.3,13.82,True,synthetic_scenario_generator,26006
2023-10-10,IND_GAN,4,29.74,23.51,True,synthetic_scenario_generator,26006
2023-10-11,IND_GAN,5,31.06,24.63,True,synthetic_scenario_generator,26006
2023-10-12,IND_GAN,5,23.65,18.35,True,synthetic_scenario_generator,26006
2023-10-13,IND_GAN,5,37.94,30.46,True,synthetic_scenario_generator,26006
2023-10-14,IND_GAN,2,23.13,17.91,True,synthetic_scenario_generator,26006
2023-10-15,IND_GAN,5,32.07,25.48,True,synthetic_scenario_generator,26006
2023-10-16,IND_GAN,5,30.48,24.14,True,synthetic_scenario_generator,26006
2023-10-17,IND_GAN,5,28.56,22.51,True,synthetic_scenario_generator,26006
2023-10-18,IND_GAN,2,30.98,24.56,True,synthetic_scenario_generator,26006
2023-10-19,IND_GAN,4,32.59,25.93,True,synthetic_scenario_generator,26006
2023-10-20,IND_GAN,3,31.79,25.25,True,synthetic_scenario_generator,26006
2023-10-21,IND_GAN,5,33.68,26.85,True,synthetic_scenario_generator,26006
2023-10-22,IND_GAN,3,35.74,28.59,True,synthetic_scenario_generator,26006
2023-10-23,IND_GAN,5,32.58,25.91,True,synthetic_scenario_generator,26006
2023-10-24,IND_GAN,4,32.58,25.91,True,synthetic_scenario_generator,26006
2023-10-25,IND_GAN,6,31.86,25.31,True,synthetic_scenario_generator,26006
2023-10-26,IND_GAN,6,28.01,22.05,True,synthetic_scenario_generator,26006
2023-10-27,IND_GAN,4,26.12,20.44,True,synthetic_scenario_generator,26006
2023-10-28,IND_GAN,6,34.96,27.93,True,synthetic_scenario_generator,26006
2023-10-29,IND_GAN,4,27.76,21.83,True,synthetic_scenario_generator,26006
2023-10-30,IND_GAN,5,30.32,24.0,True,synthetic_scenario_generator,26006
2023-10-31,IND_GAN,4,35.08,28.04,True,synthetic_scenario_generator,26006
2023-11-01,IND_GAN,4,36.5,29.23,True,synthetic_scenario_generator,26006
2023-11-02,IND_GAN,7,43.34,35.03,True,synthetic_scenario_generator,26006
2023-11-03,IND_GAN,3,26.17,20.49,True,synthetic_scenario_generator,26006
2023-11-04,IND_GAN,3,25.86,20.22,True,synthetic_scenario_generator,26006
2023-11-05,IND_GAN,2,26.58,20.83,True,synthetic_scenario_generator,26006
2023-11-06,IND_GAN,2,19.39,14.73,True,synthetic_scenario_generator,26006
2023-11-07,IND_GAN,5,27.13,21.3,True,synthetic_scenario_generator,26006
2023-11-08,IND_GAN,2,28.08,22.1,True,synthetic_scenario_generator,26006
2023-11-09,IND_GAN,4,33.11,26.36,True,synthetic_scenario_generator,26006
2023-11-10,IND_GAN,4,26.81,21.02,True,synthetic_scenario_generator,26006
2023-11-11,IND_GAN,6,30.61,24.25,True,synthetic_scenario_generator,26006
2023-11-12,IND_GAN,4,29.82,23.58,True,synthetic_scenario_generator,26006
2023-11-13,IND_GAN,2,25.51,19.92,True,synthetic_scenario_generator,26006
2023-11-14,IND_GAN,2,20.07,15.31,True,synthetic_scenario_generator,26006
2023-11-15,IND_GAN,5,20.89,16.01,True,synthetic_scenario_generator,26006
2023-11-16,IND_GAN,4,27.55,21.66,True,synthetic_scenario_generator,26006
2023-11-17,IND_GAN,5,27.79,21.85,True,synthetic_scenario_generator,26006
2023-11-18,IND_GAN,5,23.73,18.42,True,synthetic_scenario_generator,26006
2023-11-19,IND_GAN,6,30.95,24.53,True,synthetic_scenario_generator,26006
2023-11-20,IND_GAN,3,17.96,13.52,True,synthetic_scenario_generator,26006
2023-11-21,IND_GAN,3,23.39,18.13,True,synthetic_scenario_generator,26006
2023-11-22,IND_GAN,3,21.05,16.15,True,synthetic_scenario_generator,26006
2023-11-23,IND_GAN,4,21.23,16.3,True,synthetic_scenario_generator,26006
2023-11-24,IND_GAN,2,16.43,12.23,True,synthetic_scenario_generator,26006
2023-11-25,IND_GAN,4,21.22,16.29,True,synthetic_scenario_generator,26006
2023-11-26,IND_GAN,3,22.65,17.5,True,synthetic_scenario_generator,26006
2023-11-27,IND_GAN,4,20.6,15.76,True,synthetic_scenario_generator,26006
2023-11-28,IND_GAN,3,14.72,10.78,True,synthetic_scenario_generator,26006
2023-11-29,IND_GAN,3,18.74,14.19,True,synthetic_scenario_generator,26006
2023-11-30,IND_GAN,2,7.84,4.95,True,synthetic_scenario_generator,26006
2023-12-01,IND_GAN,5,24.42,19.0,True,synthetic_scenario_generator,26006
2023-12-02,IND_GAN,2,5.87,3.28,True,synthetic_scenario_generator,26006
2023-12-03,IND_GAN,4,19.55,14.87,True,synthetic_scenario_generator,26006
2023-12-04,IND_GAN,3,16.24,12.07,True,synthetic_scenario_generator,26006
2023-12-05,IND_GAN,3,19.5,14.83,True,synthetic_scenario_generator,26006
2023-12-06,IND_GAN,3,2.31,0.26,True,synthetic_scenario_generator,26006
2023-12-07,IND_GAN,2,3.77,1.5,True,synthetic_scenario_generator,26006
2023-12-08,IND_GAN,1,23.37,18.11,True,synthetic_scenario_generator,26006
2023-12-09,IND_GAN,3,8.03,5.11,True,synthetic_scenario_generator,26006
2023-12-10,IND_GAN,2,14.96,10.98,True,synthetic_scenario_generator,26006
2023-12-11,IND_GAN,1,11.95,8.43,True,synthetic_scenario_generator,26006
2023-12-12,IND_GAN,2,19.69,14.99,True,synthetic_scenario_generator,26006
2023-12-13,IND_GAN,5,7.51,4.67,True,synthetic_scenario_generator,26006
2023-12-14,IND_GAN,3,14.54,10.62,True,synthetic_scenario_generator,26006
2023-12-15,IND_GAN,4,20.06,15.31,True,synthetic_scenario_generator,26006
2023-12-16,IND_GAN,2,16.25,12.08,True,synthetic_scenario_generator,26006
2023-12-17,IND_GAN,4,22.8,17.63,True,synthetic_scenario_generator,26006
2023-12-18,IND_GAN,4,22.99,17.79,True,synthetic_scenario_generator,26006
2023-12-19,IND_GAN,2,15.76,11.66,True,synthetic_scenario_generator,26006
2023-12-20,IND_GAN,6,22.71,17.55,True,synthetic_scenario_generator,26006
2023-12-21,IND_GAN,4,15.89,11.77,True,synthetic_scenario_generator,26006
2023-12-22,IND_GAN,2,20.16,15.39,True,synthetic_scenario_generator,26006
2023-12-23,IND_GAN,5,17.89,13.47,True,synthetic_scenario_generator,26006
2023-12-24,IND_GAN,3,20.46,15.64,True,synthetic_scenario_generator,26006
2023-12-25,IND_GAN,3,15.05,11.06,True,synthetic_scenario_generator,26006
2023-12-26,IND_GAN,3,19.88,15.16,True,synthetic_scenario_generator,26006
2023-12-27,IND_GAN,2,21.55,16.56,True,synthetic_scenario_generator,26006
2023-12-28,IND_GAN,2,24.03,18.67,True,synthetic_scenario_generator,26006
2023-12-29,IND_GAN,2,12.81,9.16,True,synthetic_scenario_generator,26006
2023-12-30,IND_GAN,4,24.64,19.19,True,synthetic_scenario_generator,26006
2023-12-31,IND_GAN,4,20.12,15.36,True,synthetic_scenario_generator,26006
2024-01-01,IND_GAN,5,25.46,19.88,True,synthetic_scenario_generator,26006
2024-01-02,IND_GAN,4,26.52,20.78,True,synthetic_scenario_generator,26006
2024-01-03,IND_GAN,6,26.05,20.38,True,synthetic_scenario_generator,26006
2024-01-04,IND_GAN,2,13.55,9.79,True,synthetic_scenario_generator,26006
2024-01-05,IND_GAN,5,18.85,14.28,True,synthetic_scenario_generator,26006
2024-01-06,IND_GAN,3,22.31,17.21,True,synthetic_scenario_generator,26006
2024-01-07,IND_GAN,5,20.23,15.45,True,synthetic_scenario_generator,26006
2024-01-08,IND_GAN,5,28.5,22.45,True,synthetic_scenario_generator,26006
2024-01-09,IND_GAN,2,29.87,23.62,True,synthetic_scenario_generator,26006
2024-01-10,IND_GAN,2,12.94,9.27,True,synthetic_scenario_generator,26006
2024-01-11,IND_GAN,4,16.12,11.97,True,synthetic_scenario_generator,26006
2024-01-12,IND_GAN,3,29.24,23.09,True,synthetic_scenario_generator,26006
2024-01-13,IND_GAN,2,23.91,18.56,True,synthetic_scenario_generator,26006
2024-01-14,IND_GAN,4,24.88,19.39,True,synthetic_scenario_generator,26006
2024-01-15,IND_GAN,7,47.43,38.5,True,synthetic_scenario_generator,26006
2024-01-16,IND_GAN,3,30.55,24.2,True,synthetic_scenario_generator,26006
2024-01-17,IND_GAN,5,29.33,23.16,True,synthetic_scenario_generator,26006
2024-01-18,IND_GAN,7,31.76,25.22,True,synthetic_scenario_generator,26006
2024-01-19,IND_GAN,4,23.71,18.39,True,synthetic_scenario_generator,26006
2024-01-20,IND_GAN,6,32.3,25.68,True,synthetic_scenario_generator,26006
2024-01-21,IND_GAN,4,30.65,24.28,True,synthetic_scenario_generator,26006
2024-01-22,IND_GAN,3,31.75,25.22,True,synthetic_scenario_generator,26006
2024-01-23,IND_GAN,4,31.53,25.03,True,synthetic_scenario_generator,26006
2024-01-24,IND_GAN,4,38.25,30.72,True,synthetic_scenario_generator,26006
2024-01-25,IND_GAN,4,32.22,25.61,True,synthetic_scenario_generator,26006
2024-01-26,IND_GAN,3,35.61,28.48,True,synthetic_scenario_generator,26006
2024-01-27,IND_GAN,4,31.23,24.77,True,synthetic_scenario_generator,26006
2024-01-28,IND_GAN,5,27.45,21.57,True,synthetic_scenario_generator,26006
2024-01-29,IND_GAN,5,30.73,24.35,True,synthetic_scenario_generator,26006
2024-01-30,IND_GAN,2,32.13,25.53,True,synthetic_scenario_generator,26006
2024-01-31,IND_GAN,2,20.58,15.74,True,synthetic_scenario_generator,26006
2024-02-01,IND_GAN,4,28.05,22.08,True,synthetic_scenario_generator,26006
2024-02-02,IND_GAN,3,34.78,27.78,True,synthetic_scenario_generator,26006
2024-02-03,IND_GAN,2,18.8,14.24,True,synthetic_scenario_generator,26006
2024-02-04,IND_GAN,5,25.5,19.91,True,synthetic_scenario_generator,26006
2024-02-05,IND_GAN,5,27.59,21.69,True,synthetic_scenario_generator,26006
2024-02-06,IND_GAN,4,17.32,12.98,True,synthetic_scenario_generator,26006
2024-02-07,IND_GAN,4,26.0,20.34,True,synthetic_scenario_generator,26006
2024-02-08,IND_GAN,4,29.42,23.24,True,synthetic_scenario_generator,26006
2024-02-09,IND_GAN,4,25.8,20.17,True,synthetic_scenario_generator,26006
2024-02-10,IND_GAN,5,18.65,14.11,True,synthetic_scenario_generator,26006
2024-02-11,IND_GAN,3,23.78,18.46,True,synthetic_scenario_generator,26006
2024-02-12,IND_GAN,3,26.46,20.73,True,synthetic_scenario_generator,26006
2024-02-13,IND_GAN,3,13.14,9.44,True,synthetic_scenario_generator,26006
2024-02-14,IND_GAN,3,23.18,17.95,True,synthetic_scenario_generator,26006
2024-02-15,IND_GAN,4,15.73,11.64,True,synthetic_scenario_generator,26006
2024-02-16,IND_GAN,4,23.67,18.36,True,synthetic_scenario_generator,26006
2024-02-17,IND_GAN,2,21.09,16.18,True,synthetic_scenario_generator,26006
2024-02-18,IND_GAN,4,20.46,15.64,True,synthetic_scenario_generator,26006
2024-02-19,IND_GAN,3,14.49,10.58,True,synthetic_scenario_generator,26006
2024-02-20,IND_GAN,2,6.17,3.53,True,synthetic_scenario_generator,26006
2024-02-21,IND_GAN,4,8.42,5.44,True,synthetic_scenario_generator,26006
2024-02-22,IND_GAN,4,23.52,18.24,True,synthetic_scenario_generator,26006
2024-02-23,IND_GAN,3,22.39,17.28,True,synthetic_scenario_generator,26006
2024-02-24,IND_GAN,4,15.41,11.36,True,synthetic_scenario_generator,26006
2024-02-25,IND_GAN,3,12.18,8.62,True,synthetic_scenario_generator,26006
2024-02-26,IND_GAN,2,13.92,10.1,True,synthetic_scenario_generator,26006
2024-02-27,IND_GAN,4,11.67,8.2,True,synthetic_scenario_generator,26006
2024-02-28,IND_GAN,3,11.39,7.96,True,synthetic_scenario_generator,26006
2024-02-29,IND_GAN,2,11.8,8.3,True,synthetic_scenario_generator,26006
2024-03-01,IND_GAN,4,7.67,4.8,True,synthetic_scenario_generator,26006
2024-03-02,IND_GAN,7,21.37,16.41,True,synthetic_scenario_generator,26006
2024-03-03,IND_GAN,4,12.53,8.92,True,synthetic_scenario_generator,26006
2024-03-04,IND_GAN,2,4.32,1.97,True,synthetic_scenario_generator,26006
2024-03-05,IND_GAN,1,8.84,5.8,True,synthetic_scenario_generator,26006
2024-03-06,IND_GAN,0,6.62,3.92,True,synthetic_scenario_generator,26006
2024-03-07,IND_GAN,1,6.78,4.05,True,synthetic_scenario_generator,26006
2024-03-08,IND_GAN,2,4.95,2.5,True,synthetic_scenario_generator,26006
2024-03-09,IND_GAN,2,16.7,12.46,True,synthetic_scenario_generator,26006
2024-03-10,IND_GAN,5,20.18,15.4,True,synthetic_scenario_generator,26006
2024-03-11,IND_GAN,3,8.77,5.74,True,synthetic_scenario_generator,26006
2024-03-12,IND_GAN,3,2.0,0.0,True,synthetic_scenario_generator,26006
2024-03-13,IND_GAN,3,12.22,8.67,True,synthetic_scenario_generator,26006
2024-03-14,IND_GAN,4,13.46,9.71,True,synthetic_scenario_generator,26006
2024-03-15,IND_GAN,0,11.84,8.34,True,synthetic_scenario_generator,26006
2024-03-16,IND_GAN,4,21.12,16.2,True,synthetic_scenario_generator,26006
2024-03-17,IND_GAN,4,16.53,12.31,True,synthetic_scenario_generator,26006
2024-03-18,IND_GAN,3,7.46,4.63,True,synthetic_scenario_generator,26006
2024-03-19,IND_GAN,5,22.69,17.53,True,synthetic_scenario_generator,26006
2024-03-20,IND_GAN,3,20.64,15.79,True,synthetic_scenario_generator,26006
2024-03-21,IND_GAN,1,19.73,15.02,True,synthetic_scenario_generator,26006
2024-03-22,IND_GAN,1,14.01,10.18,True,synthetic_scenario_generator,26006
2024-03-23,IND_GAN,3,17.04,12.75,True,synthetic_scenario_generator,26006
2024-03-24,IND_GAN,1,13.11,9.42,True,synthetic_scenario_generator,26006
2024-03-25,IND_GAN,2,17.82,13.41,True,synthetic_scenario_generator,26006
2024-03-26,IND_GAN,5,21.68,16.68,True,synthetic_scenario_generator,26006
2024-03-27,IND_GAN,2,18.97,14.38,True,synthetic_scenario_generator,26006
2024-03-28,IND_GAN,3,27.1,21.27,True,synthetic_scenario_generator,26006
2024-03-29,IND_GAN,4,21.33,16.38,True,synthetic_scenario_generator,26006
2024-03-30,IND_GAN,3,22.92,17.73,True,synthetic_scenario_generator,26006
2024-03-31,IND_GAN,5,23.97,18.62,True,synthetic_scenario_generator,26006
2024-04-01,IND_GAN,4,22.32,17.22,True,synthetic_scenario_generator,26006
2024-04-02,IND_GAN,3,17.03,12.74,True,synthetic_scenario_generator,26006
2024-04-03,IND_GAN,5,26.94,21.13,True,synthetic_scenario_generator,26006
2024-04-04,IND_GAN,3,20.82,15.95,True,synthetic_scenario_generator,26006
2024-04-05,IND_GAN,4,26.76,20.98,True,synthetic_scenario_generator,26006
2024-04-06,IND_GAN,4,21.68,16.67,True,synthetic_scenario_generator,26006
2024-04-07,IND_GAN,3,21.6,16.61,True,synthetic_scenario_generator,26006
2024-04-08,IND_GAN,2,23.15,17.92,True,synthetic_scenario_generator,26006
2024-04-09,IND_GAN,4,25.28,19.73,True,synthetic_scenario_generator,26006
2024-04-10,IND_GAN,3,33.88,27.02,True,synthetic_scenario_generator,26006
2024-04-11,IND_GAN,5,35.26,28.18,True,synthetic_scenario_generator,26006
2024-04-12,IND_GAN,6,30.56,24.2,True,synthetic_scenario_generator,26006
2024-04-13,IND_GAN,4,34.52,27.56,True,synthetic_scenario_generator,26006
2024-04-14,IND_GAN,4,37.73,30.28,True,synthetic_scenario_generator,26006
2024-04-15,IND_GAN,5,35.03,27.99,True,synthetic_scenario_generator,26006
2024-04-16,IND_GAN,3,30.84,24.44,True,synthetic_scenario_generator,26006
2024-04-17,IND_GAN,6,24.62,19.17,True,synthetic_scenario_generator,26006
2024-04-18,IND_GAN,2,27.06,21.24,True,synthetic_scenario_generator,26006
2024-04-19,IND_GAN,5,25.52,19.94,True,synthetic_scenario_generator,26006
2024-04-20,IND_GAN,2,36.54,29.27,True,synthetic_scenario_generator,26006
2024-04-21,IND_GAN,6,29.09,22.96,True,synthetic_scenario_generator,26006
2024-04-22,IND_GAN,3,27.69,21.77,True,synthetic_scenario_generator,26006
2024-04-23,IND_GAN,4,37.15,29.79,True,synthetic_scenario_generator,26006
2024-04-24,IND_GAN,4,40.45,32.59,True,synthetic_scenario_generator,26006
2024-04-25,IND_GAN,4,37.5,30.08,True,synthetic_scenario_generator,26006
2024-04-26,IND_GAN,4,40.3,32.46,True,synthetic_scenario_generator,26006
2024-04-27,IND_GAN,3,33.26,26.49,True,synthetic_scenario_generator,26006
2024-04-28,IND_GAN,3,32.06,25.47,True,synthetic_scenario_generator,26006
2024-04-29,IND_GAN,5,32.89,26.18,True,synthetic_scenario_generator,26006
2024-04-30,IND_GAN,5,34.38,27.44,True,synthetic_scenario_generator,26006
2024-05-01,IND_GAN,6,30.93,24.51,True,synthetic_scenario_generator,26006
2024-05-02,IND_GAN,5,35.46,28.36,True,synthetic_scenario_generator,26006
2024-05-03,IND_GAN,3,37.63,30.2,True,synthetic_scenario_generator,26006
2024-05-04,IND_GAN,2,28.2,22.21,True,synthetic_scenario_generator,26006
2024-05-05,IND_GAN,5,32.78,26.09,True,synthetic_scenario_generator,26006
2024-05-06,IND_GAN,6,31.02,24.59,True,synthetic_scenario_generator,26006
2024-05-07,IND_GAN,5,35.69,28.55,True,synthetic_scenario_generator,26006
2024-05-08,IND_GAN,3,33.46,26.66,True,synthetic_scenario_generator,26006
2024-05-09,IND_GAN,7,19.79,15.07,True,synthetic_scenario_generator,26006
2024-05-10,IND_GAN,4,16.52,12.31,True,synthetic_scenario_generator,26006
2024-05-11,IND_GAN,3,30.32,24.0,True,synthetic_scenario_generator,26006
2024-05-12,IND_GAN,3,14.5,10.59,True,synthetic_scenario_generator,26006
2024-05-13,IND_GAN,4,20.87,15.99,True,synthetic_scenario_generator,26006
2024-05-14,IND_GAN,3,25.62,20.02,True,synthetic_scenario_generator,26006
2024-05-15,IND_GAN,3,23.88,18.54,True,synthetic_scenario_generator,26006
2024-05-16,IND_GAN,3,26.95,21.15,True,synthetic_scenario_generator,26006
2024-05-17,IND_GAN,3,21.78,16.76,True,synthetic_scenario_generator,26006
2024-05-18,IND_GAN,3,15.02,11.03,True,synthetic_scenario_generator,26006
2024-05-19,IND_GAN,3,21.99,16.94,True,synthetic_scenario_generator,26006
2024-05-20,IND_GAN,5,24.92,19.43,True,synthetic_scenario_generator,26006
2024-05-21,IND_GAN,3,20.33,15.53,True,synthetic_scenario_generator,26006
2024-05-22,IND_GAN,4,30.59,24.23,True,synthetic_scenario_generator,26006
2024-05-23,IND_GAN,3,13.29,9.57,True,synthetic_scenario_generator,26006
2024-05-24,IND_GAN,3,17.46,13.1,True,synthetic_scenario_generator,26006
2024-05-25,IND_GAN,1,10.55,7.24,True,synthetic_scenario_generator,26006
2024-05-26,IND_GAN,4,19.19,14.57,True,synthetic_scenario_generator,26006
2024-05-27,IND_GAN,3,12.49,8.89,True,synthetic_scenario_generator,26006
2024-05-28,IND_GAN,5,16.58,12.36,True,synthetic_scenario_generator,26006
2024-05-29,IND_GAN,3,15.64,11.56,True,synthetic_scenario_generator,26006
2024-05-30,IND_GAN,1,12.98,9.3,True,synthetic_scenario_generator,26006
2024-05-31,IND_GAN,3,24.74,19.27,True,synthetic_scenario_generator,26006
2024-06-01,IND_GAN,4,17.68,13.29,True,synthetic_scenario_generator,26006
2024-06-02,IND_GAN,5,16.42,12.22,True,synthetic_scenario_generator,26006
2024-06-03,IND_GAN,3,18.54,14.02,True,synthetic_scenario_generator,26006
2024-06-04,IND_GAN,2,27.88,21.93,True,synthetic_scenario_generator,26006
2024-06-05,IND_GAN,4,24.22,18.83,True,synthetic_scenario_generator,26006
2024-06-06,IND_GAN,5,31.37,24.89,True,synthetic_scenario_generator,26006
2024-06-07,IND_GAN,3,9.69,6.52,True,synthetic_scenario_generator,26006
2024-06-08,IND_GAN,3,24.42,19.0,True,synthetic_scenario_generator,26006
2024-06-09,IND_GAN,2,16.66,12.43,True,synthetic_scenario_generator,26006
2024-06-10,IND_GAN,3,22.99,17.79,True,synthetic_scenario_generator,26006
2024-06-11,IND_GAN,5,19.87,15.14,True,synthetic_scenario_generator,26006
2024-06-12,IND_GAN,5,20.18,15.4,True,synthetic_scenario_generator,26006
2024-06-13,IND_GAN,4,13.74,9.95,True,synthetic_scenario_generator,26006
2024-06-14,IND_GAN,3,25.79,20.16,True,synthetic_scenario_generator,26006
2024-06-15,IND_GAN,3,23.27,18.02,True,synthetic_scenario_generator,26006
2024-06-16,IND_GAN,3,22.58,17.44,True,synthetic_scenario_generator,26006
2024-06-17,IND_GAN,3,27.99,22.02,True,synthetic_scenario_generator,26006
2024-06-18,IND_GAN,2,14.91,10.94,True,synthetic_scenario_generator,26006
2024-06-19,IND_GAN,2,20.21,15.43,True,synthetic_scenario_generator,26006
2024-06-20,IND_GAN,2,16.51,12.3,True,synthetic_scenario_generator,26006
2024-06-21,IND_GAN,4,20.5,15.68,True,synthetic_scenario_generator,26006
2024-06-22,IND_GAN,5,20.19,15.41,True,synthetic_scenario_generator,26006
2024-06-23,IND_GAN,4,28.17,22.18,True,synthetic_scenario_generator,26006
2024-06-24,IND_GAN,5,26.4,20.68,True,synthetic_scenario_generator,26006
2024-06-25,IND_GAN,5,30.39,24.06,True,synthetic_scenario_generator,26006
2024-06-26,IND_GAN,5,26.64,20.88,True,synthetic_scenario_generator,26006
2024-06-27,IND_GAN,5,26.92,21.11,True,synthetic_scenario_generator,26006
2024-06-28,IND_GAN,2,17.84,13.43,True,synthetic_scenario_generator,26006
2024-06-29,IND_GAN,4,28.68,22.61,True,synthetic_scenario_generator,26006
2024-06-30,IND_GAN,4,33.15,26.4,True,synthetic_scenario_generator,26006
2024-07-01,IND_GAN,6,26.22,20.52,True,synthetic_scenario_generator,26006
2024-07-02,IND_GAN,4,35.32,28.24,True,synthetic_scenario_generator,26006
2024-07-03,IND_GAN,5,22.4,17.29,True,synthetic_scenario_generator,26006
2024-07-04,IND_GAN,4,32.94,26.22,True,synthetic_scenario_generator,26006
2024-07-05,IND_GAN,4,23.43,18.16,True,synthetic_scenario_generator,26006
2024-07-06,IND_GAN,5,41.86,33.78,True,synthetic_scenario_generator,26006
2024-07-07,IND_GAN,3,28.47,22.43,True,synthetic_scenario_generator,26006
2024-07-08,IND_GAN,4,35.67,28.53,True,synthetic_scenario_generator,26006
2024-07-09,IND_GAN,5,29.58,23.38,True,synthetic_scenario_generator,26006
2024-07-10,IND_GAN,2,30.35,24.02,True,synthetic_scenario_generator,26006
2024-07-11,IND_GAN,4,32.91,26.2,True,synthetic_scenario_generator,26006
2024-07-12,IND_GAN,5,35.68,28.54,True,synthetic_scenario_generator,26006
2024-07-13,IND_GAN,3,35.94,28.76,True,synthetic_scenario_generator,26006
2024-07-14,IND_GAN,5,28.36,22.34,True,synthetic_scenario_generator,26006
2024-07-15,IND_GAN,4,36.04,28.84,True,synthetic_scenario_generator,26006
2024-07-16,IND_GAN,2,28.23,22.23,True,synthetic_scenario_generator,26006
2024-07-17,IND_GAN,3,33.7,26.86,True,synthetic_scenario_generator,26006
2024-07-18,IND_GAN,4,28.11,22.13,True,synthetic_scenario_generator,26006
2024-07-19,IND_GAN,6,42.34,34.19,True,synthetic_scenario_generator,26006
2024-07-20,IND_GAN,4,31.14,24.69,True,synthetic_scenario_generator,26006
2024-07-21,IND_GAN,5,33.5,26.69,True,synthetic_scenario_generator,26006
2024-07-22,IND_GAN,6,39.26,31.58,True,synthetic_scenario_generator,26006
2024-07-23,IND_GAN,5,30.95,24.53,True,synthetic_scenario_generator,26006
2024-07-24,IND_GAN,5,36.44,29.18,True,synthetic_scenario_generator,26006
2024-07-25,IND_GAN,5,44.26,35.82,True,synthetic_scenario_generator,26006
2024-07-26,IND_GAN,5,30.32,24.0,True,synthetic_scenario_generator,26006
2024-07-27,IND_GAN,4,43.18,34.89,True,synthetic_scenario_generator,26006
2024-07-28,IND_GAN,3,36.42,29.17,True,synthetic_scenario_generator,26006
2024-07-29,IND_GAN,3,39.12,31.46,True,synthetic_scenario_generator,26006
2024-07-30,IND_GAN,3,32.18,25.58,True,synthetic_scenario_generator,26006
2024-07-31,IND_GAN,3,32.16,25.56,True,synthetic_scenario_generator,26006
2024-08-01,IND_GAN,3,31.22,24.77,True,synthetic_scenario_generator,26006
2024-08-02,IND_GAN,3,34.77,27.77,True,synthetic_scenario_generator,26006
2024-08-03,IND_GAN,2,26.9,21.11,True,synthetic_scenario_generator,26006
2024-08-04,IND_GAN,6,30.68,24.3,True,synthetic_scenario_generator,26006
2024-08-05,IND_GAN,6,28.65,22.58,True,synthetic_scenario_generator,26006
2024-08-06,IND_GAN,4,37.05,29.7,True,synthetic_scenario_generator,26006
2024-08-07,IND_GAN,5,31.81,25.26,True,synthetic_scenario_generator,26006
2024-08-08,IND_GAN,5,27.15,21.31,True,synthetic_scenario_generator,26006
2024-08-09,IND_GAN,4,30.08,23.79,True,synthetic_scenario_generator,26006
2024-08-10,IND_GAN,2,29.33,23.16,True,synthetic_scenario_generator,26006
2024-08-11,IND_GAN,5,19.06,14.45,True,synthetic_scenario_generator,26006
2024-08-12,IND_GAN,5,38.55,30.97,True,synthetic_scenario_generator,26006
2024-08-13,IND_GAN,3,26.76,20.98,True,synthetic_scenario_generator,26006
2024-08-14,IND_GAN,2,16.42,12.22,True,synthetic_scenario_generator,26006
2024-08-15,IND_GAN,6,33.18,26.42,True,synthetic_scenario_generator,26006
2024-08-16,IND_GAN,2,22.39,17.28,True,synthetic_scenario_generator,26006
2024-08-17,IND_GAN,2,16.42,12.22,True,synthetic_scenario_generator,26006
2024-08-18,IND_GAN,3,27.46,21.58,True,synthetic_scenario_generator,26006
2024-08-19,IND_GAN,5,22.82,17.65,True,synthetic_scenario_generator,26006
2024-08-20,IND_GAN,3,26.35,20.64,True,synthetic_scenario_generator,26006
2024-08-21,IND_GAN,0,18.16,13.69,True,synthetic_scenario_generator,26006
2024-08-22,IND_GAN,5,35.87,28.7,True,synthetic_scenario_generator,26006
2024-08-23,IND_GAN,5,12.85,9.19,True,synthetic_scenario_generator,26006
2024-08-24,IND_GAN,3,14.98,11.0,True,synthetic_scenario_generator,26006
2024-08-25,IND_GAN,2,15.12,11.12,True,synthetic_scenario_generator,26006
2024-08-26,IND_GAN,5,22.66,17.51,True,synthetic_scenario_generator,26006
2024-08-27,IND_GAN,5,17.9,13.48,True,synthetic_scenario_generator,26006
2024-08-28,IND_GAN,4,16.31,12.13,True,synthetic_scenario_generator,26006
2024-08-29,IND_GAN,4,15.93,11.8,True,synthetic_scenario_generator,26006
2024-08-30,IND_GAN,2,17.87,13.45,True,synthetic_scenario_generator,26006
2024-08-31,IND_GAN,5,22.76,17.59,True,synthetic_scenario_generator,26006
2024-09-01,IND_GAN,3,13.8,10.0,True,synthetic_scenario_generator,26006
2024-09-02,IND_GAN,1,17.51,13.15,True,synthetic_scenario_generator,26006
2024-09-03,IND_GAN,5,14.0,10.17,True,synthetic_scenario_generator,26006
2024-09-04,IND_GAN,4,13.12,9.43,True,synthetic_scenario_generator,26006
2024-09-05,IND_GAN,1,7.19,4.4,True,synthetic_scenario_generator,26006
2024-09-06,IND_GAN,5,14.43,10.53,True,synthetic_scenario_generator,26006
2024-09-07,IND_GAN,2,21.95,16.9,True,synthetic_scenario_generator,26006
2024-09-08,IND_GAN,2,14.79,10.84,True,synthetic_scenario_generator,26006
2024-09-09,IND_GAN,3,12.11,8.57,True,synthetic_scenario_generator,26006
2024-09-10,IND_GAN,1,7.91,5.01,True,synthetic_scenario_generator,26006
2024-09-11,IND_GAN,2,17.76,13.35,True,synthetic_scenario_generator,26006
2024-09-12,IND_GAN,6,28.17,22.17,True,synthetic_scenario_generator,26006
2024-09-13,IND_GAN,3,11.93,8.42,True,synthetic_scenario_generator,26006
2024-09-14,IND_GAN,4,19.86,15.14,True,synthetic_scenario_generator,26006
2024-09-15,IND_GAN,3,14.37,10.49,True,synthetic_scenario_generator,26006
2024-09-16,IND_GAN,3,11.87,8.36,True,synthetic_scenario_generator,26006
2024-09-17,IND_GAN,3,23.4,18.14,True,synthetic_scenario_generator,26006
2024-09-18,IND_GAN,2,19.91,15.18,True,synthetic_scenario_generator,26006
2024-09-19,IND_GAN,4,14.54,10.63,True,synthetic_scenario_generator,26006
2024-09-20,IND_GAN,0,16.19,12.03,True,synthetic_scenario_generator,26006
2024-09-21,IND_GAN,6,22.41,17.29,True,synthetic_scenario_generator,26006
2024-09-22,IND_GAN,2,21.3,16.35,True,synthetic_scenario_generator,26006
2024-09-23,IND_GAN,5,23.66,18.35,True,synthetic_scenario_generator,26006
2024-09-24,IND_GAN,4,26.7,20.93,True,synthetic_scenario_generator,26006
2024-09-25,IND_GAN,4,27.11,21.28,True,synthetic_scenario_generator,26006
2024-09-26,IND_GAN,5,28.79,22.7,True,synthetic_scenario_generator,26006
2024-09-27,IND_GAN,1,18.2,13.73,True,synthetic_scenario_generator,26006
2024-09-28,IND_GAN,2,26.78,21.0,True,synthetic_scenario_generator,26006
2024-09-29,IND_GAN,3,32.37,25.74,True,synthetic_scenario_generator,26006
2024-09-30,IND_GAN,4,36.49,29.23,True,synthetic_scenario_generator,26006
2024-10-01,IND_GAN,1,19.85,15.12,True,synthetic_scenario_generator,26006
2024-10-02,IND_GAN,3,25.97,20.31,True,synthetic_scenario_generator,26006
2024-10-03,IND_GAN,2,27.37,21.5,True,synthetic_scenario_generator,26006
2024-10-04,IND_GAN,3,27.0,21.18,True,synthetic_scenario_generator,26006
2024-10-05,IND_GAN,5,28.55,22.5,True,synthetic_scenario_generator,26006
2024-10-06,IND_GAN,5,42.22,34.09,True,synthetic_scenario_generator,26006
2024-10-07,IND_GAN,7,21.83,16.8,True,synthetic_scenario_generator,26006
2024-10-08,IND_GAN,4,30.84,24.44,True,synthetic_scenario_generator,26006
2024-10-09,IND_GAN,3,37.21,29.84,True,synthetic_scenario_generator,26006
2024-10-10,IND_GAN,5,40.3,32.46,True,synthetic_scenario_generator,26006
2024-10-11,IND_GAN,7,31.49,24.99,True,synthetic_scenario_generator,26006
2024-10-12,IND_GAN,5,28.97,22.86,True,synthetic_scenario_generator,26006
2024-10-13,IND_GAN,4,32.7,26.02,True,synthetic_scenario_generator,26006
2024-10-14,IND_GAN,4,29.21,23.06,True,synthetic_scenario_generator,26006
2024-10-15,IND_GAN,3,30.17,23.87,True,synthetic_scenario_generator,26006
2024-10-16,IND_GAN,5,30.58,24.22,True,synthetic_scenario_generator,26006
2024-10-17,IND_GAN,5,36.83,29.51,True,synthetic_scenario_generator,26006
2024-10-18,IND_GAN,5,25.79,20.16,True,synthetic_scenario_generator,26006
2024-10-19,IND_GAN,5,32.36,25.73,True,synthetic_scenario_generator,26006
2024-10-20,IND_GAN,3,25.79,20.16,True,synthetic_scenario_generator,26006
2024-10-21,IND_GAN,3,31.32,24.85,True,synthetic_scenario_generator,26006
2024-10-22,IND_GAN,4,32.97,26.24,True,synthetic_scenario_generator,26006
2024-10-23,IND_GAN,6,39.77,32.01,True,synthetic_scenario_generator,26006
2024-10-24,IND_GAN,4,22.91,17.72,True,synthetic_scenario_generator,26006
2024-10-25,IND_GAN,4,26.54,20.8,True,synthetic_scenario_generator,26006
2024-10-26,IND_GAN,5,33.25,26.48,True,synthetic_scenario_generator,26006
2024-10-27,IND_GAN,5,37.73,30.28,True,synthetic_scenario_generator,26006
2024-10-28,IND_GAN,5,29.65,23.43,True,synthetic_scenario_generator,26006
2024-10-29,IND_GAN,3,33.8,26.95,True,synthetic_scenario_generator,26006
2024-10-30,IND_GAN,4,21.45,16.48,True,synthetic_scenario_generator,26006
2024-10-31,IND_GAN,5,28.34,22.32,True,synthetic_scenario_generator,26006
2024-11-01,IND_GAN,6,29.46,23.27,True,synthetic_scenario_generator,26006
2024-11-02,IND_GAN,4,25.43,19.85,True,synthetic_scenario_generator,26006
2024-11-03,IND_GAN,2,25.33,19.77,True,synthetic_scenario_generator,26006
2024-11-04,IND_GAN,4,32.2,25.59,True,synthetic_scenario_generator,26006
2024-11-05,IND_GAN,4,27.57,21.67,True,synthetic_scenario_generator,26006
2024-11-06,IND_GAN,6,34.71,27.72,True,synthetic_scenario_generator,26006
2024-11-07,IND_GAN,4,32.88,26.17,True,synthetic_scenario_generator,26006
2024-11-08,IND_GAN,6,22.73,17.57,True,synthetic_scenario_generator,26006
2024-11-09,IND_GAN,4,27.98,22.01,True,synthetic_scenario_generator,26006
2024-11-10,IND_GAN,3,18.84,14.27,True,synthetic_scenario_generator,26006
2024-11-11,IND_GAN,4,25.37,19.81,True,synthetic_scenario_generator,26006
2024-11-12,IND_GAN,4,20.71,15.85,True,synthetic_scenario_generator,26006
2024-11-13,IND_GAN,5,24.29,18.89,True,synthetic_scenario_generator,26006
2024-11-14,IND_GAN,3,21.35,16.4,True,synthetic_scenario_generator,26006
2024-11-15,IND_GAN,3,22.01,16.96,True,synthetic_scenario_generator,26006
2024-11-16,IND_GAN,4,21.18,16.25,True,synthetic_scenario_generator,26006
2024-11-17,IND_GAN,5,22.2,17.12,True,synthetic_scenario_generator,26006
2024-11-18,IND_GAN,4,24.68,19.22,True,synthetic_scenario_generator,26006
2024-11-19,IND_GAN,3,19.31,14.67,True,synthetic_scenario_generator,26006
2024-11-20,IND_GAN,3,8.73,5.7,True,synthetic_scenario_generator,26006
2024-11-21,IND_GAN,2,16.34,12.15,True,synthetic_scenario_generator,26006
2024-11-22,IND_GAN,3,18.28,13.79,True,synthetic_scenario_generator,26006
2024-11-23,IND_GAN,4,23.99,18.63,True,synthetic_scenario_generator,26006
2024-11-24,IND_GAN,4,23.74,18.43,True,synthetic_scenario_generator,26006
2024-11-25,IND_GAN,4,19.84,15.12,True,synthetic_scenario_generator,26006
2024-11-26,IND_GAN,4,18.68,14.13,True,synthetic_scenario_generator,26006
2024-11-27,IND_GAN,2,17.79,13.38,True,synthetic_scenario_generator,26006
2024-11-28,IND_GAN,1,2.0,0.0,True,synthetic_scenario_generator,26006
2024-11-29,IND_GAN,2,9.21,6.11,True,synthetic_scenario_generator,26006
2024-11-30,IND_GAN,3,21.17,16.25,True,synthetic_scenario_generator,26006
2024-12-01,IND_GAN,2,13.58,9.81,True,synthetic_scenario_generator,26006
2024-12-02,IND_GAN,4,15.65,11.56,True,synthetic_scenario_generator,26006
2024-12-03,IND_GAN,4,17.88,13.46,True,synthetic_scenario_generator,26006
2024-12-04,IND_GAN,0,6.89,4.15,True,synthetic_scenario_generator,26006
2024-12-05,IND_GAN,2,12.29,8.72,True,synthetic_scenario_generator,26006
2024-12-06,IND_GAN,3,21.54,16.56,True,synthetic_scenario_generator,26006
2024-12-07,IND_GAN,0,17.88,13.45,True,synthetic_scenario_generator,26006
2024-12-08,IND_GAN,5,21.07,16.16,True,synthetic_scenario_generator,26006
2024-12-09,IND_GAN,4,11.89,8.38,True,synthetic_scenario_generator,26006
2024-12-10,IND_GAN,4,12.19,8.64,True,synthetic_scenario_generator,26006
2024-12-11,IND_GAN,2,16.16,12.0,True,synthetic_scenario_generator,26006
2024-12-12,IND_GAN,1,7.18,4.39,True,synthetic_scenario_generator,26006
2024-12-13,IND_GAN,2,18.83,14.26,True,synthetic_scenario_generator,26006
2024-12-14,IND_GAN,1,14.67,10.73,True,synthetic_scenario_generator,26006
2024-12-15,IND_GAN,3,17.15,12.84,True,synthetic_scenario_generator,26006
2024-12-16,IND_GAN,3,20.28,15.49,True,synthetic_scenario_generator,26006
2024-12-17,IND_GAN,5,25.75,20.13,True,synthetic_scenario_generator,26006
2024-12-18,IND_GAN,2,18.43,13.92,True,synthetic_scenario_generator,26006
2024-12-19,IND_GAN,3,18.11,13.66,True,synthetic_scenario_generator,26006
2024-12-20,IND_GAN,5,22.74,17.57,True,synthetic_scenario_generator,26006
2024-12-21,IND_GAN,4,22.1,17.04,True,synthetic_scenario_generator,26006
2024-12-22,IND_GAN,2,4.43,2.06,True,synthetic_scenario_generator,26006
2024-12-23,IND_GAN,3,23.34,18.08,True,synthetic_scenario_generator,26006
2024-12-24,IND_GAN,6,8.72,5.69,True,synthetic_scenario_generator,26006
2024-12-25,IND_GAN,3,22.14,17.07,True,synthetic_scenario_generator,26006
2024-12-26,IND_GAN,4,23.34,18.08,True,synthetic_scenario_generator,26006
2024-12-27,IND_GAN,2,18.02,13.57,True,synthetic_scenario_generator,26006
2024-12-28,IND_GAN,4,25.35,19.78,True,synthetic_scenario_generator,26006
2024-12-29,IND_GAN,4,23.97,18.62,True,synthetic_scenario_generator,26006
2024-12-30,IND_GAN,1,22.46,17.34,True,synthetic_scenario_generator,26006
2024-12-31,IND_GAN,5,17.31,12.98,True,synthetic_scenario_generator,26006
2025-01-01,IND_GAN,4,34.98,27.95,True,synthetic_scenario_generator,26006
2025-01-02,IND_GAN,4,34.95,27.93,True,synthetic_scenario_generator,26006
2025-01-03,IND_GAN,2,29.81,23.57,True,synthetic_scenario_generator,26006
2025-01-04,IND_GAN,5,35.38,28.29,True,synthetic_scenario_generator,26006
2025-01-05,IND_GAN,2,16.74,12.49,True,synthetic_scenario_generator,26006
2025-01-06,IND_GAN,5,30.82,24.42,True,synthetic_scenario_generator,26006
2025-01-07,IND_GAN,5,34.53,27.57,True,synthetic_scenario_generator,26006
2025-01-08,IND_GAN,2,26.18,20.49,True,synthetic_scenario_generator,26006
2025-01-09,IND_GAN,4,27.65,21.74,True,synthetic_scenario_generator,26006
2025-01-10,IND_GAN,6,29.11,22.97,True,synthetic_scenario_generator,26006
2025-01-11,IND_GAN,4,23.5,18.22,True,synthetic_scenario_generator,26006
2025-01-12,IND_GAN,3,24.11,18.74,True,synthetic_scenario_generator,26006
2025-01-13,IND_GAN,4,22.21,17.13,True,synthetic_scenario_generator,26006
2025-01-14,IND_GAN,4,23.49,18.21,True,synthetic_scenario_generator,26006
2025-01-15,IND_GAN,3,28.0,22.03,True,synthetic_scenario_generator,26006
2025-01-16,IND_GAN,5,32.61,25.94,True,synthetic_scenario_generator,26006
2025-01-17,IND_GAN,5,36.54,29.27,True,synthetic_scenario_generator,26006
2025-01-18,IND_GAN,4,28.95,22.84,True,synthetic_scenario_generator,26006
2025-01-19,IND_GAN,5,35.24,28.17,True,synthetic_scenario_generator,26006
2025-01-20,IND_GAN,5,41.48,33.46,True,synthetic_scenario_generator,26006
2025-01-21,IND_GAN,4,28.05,22.08,True,synthetic_scenario_generator,26006
2025-01-22,IND_GAN,2,23.56,18.27,True,synthetic_scenario_generator,26006
2025-01-23,IND_GAN,7,26.2,20.51,True,synthetic_scenario_generator,26006
2025-01-24,IND_GAN,4,38.41,30.85,True,synthetic_scenario_generator,26006
2025-01-25,IND_GAN,3,27.59,21.69,True,synthetic_scenario_generator,26006
2025-01-26,IND_GAN,5,27.49,21.6,True,synthetic_scenario_generator,26006
2025-01-27,IND_GAN,3,25.87,20.23,True,synthetic_scenario_generator,26006
2025-01-28,IND_GAN,4,25.1,19.58,True,synthetic_scenario_generator,26006
2025-01-29,IND_GAN,3,25.7,20.08,True,synthetic_scenario_generator,26006
2025-01-30,IND_GAN,5,32.02,25.44,True,synthetic_scenario_generator,26006
2025-01-31,IND_GAN,5,23.11,17.89,True,synthetic_scenario_generator,26006
2025-02-01,IND_GAN,3,24.93,19.43,True,synthetic_scenario_generator,26006
2025-02-02,IND_GAN,5,28.39,22.36,True,synthetic_scenario_generator,26006
2025-02-03,IND_GAN,3,22.04,16.98,True,synthetic_scenario_generator,26006
2025-02-04,IND_GAN,3,23.35,18.09,True,synthetic_scenario_generator,26006
2025-02-05,IND_GAN,4,28.53,22.48,True,synthetic_scenario_generator,26006
2025-02-06,IND_GAN,3,29.64,23.42,True,synthetic_scenario_generator,26006
2025-02-07,IND_GAN,6,21.03,16.13,True,synthetic_scenario_generator,26006
2025-02-08,IND_GAN,3,18.19,13.72,True,synthetic_scenario_generator,26006
2025-02-09,IND_GAN,4,27.22,21.37,True,synthetic_scenario_generator,26006
2025-02-10,IND_GAN,3,17.94,13.51,True,synthetic_scenario_generator,26006
2025-02-11,IND_GAN,4,27.74,21.82,True,synthetic_scenario_generator,26006
2025-02-12,IND_GAN,5,23.39,18.13,True,synthetic_scenario_generator,26006
2025-02-13,IND_GAN,4,22.12,17.05,True,synthetic_scenario_generator,26006
2025-02-14,IND_GAN,2,19.91,15.18,True,synthetic_scenario_generator,26006
2025-02-15,IND_GAN,2,21.38,16.42,True,synthetic_scenario_generator,26006
2025-02-16,IND_GAN,3,11.6,8.14,True,synthetic_scenario_generator,26006
2025-02-17,IND_GAN,0,18.18,13.71,True,synthetic_scenario_generator,26006
2025-02-18,IND_GAN,4,24.33,18.92,True,synthetic_scenario_generator,26006
2025-02-19,IND_GAN,3,17.13,12.83,True,synthetic_scenario_generator,26006
2025-02-20,IND_GAN,5,11.55,8.1,True,synthetic_scenario_generator,26006
2025-02-21,IND_GAN,3,11.21,7.81,True,synthetic_scenario_generator,26006
2025-02-22,IND_GAN,4,12.12,8.58,True,synthetic_scenario_generator,26006
2025-02-23,IND_GAN,4,5.93,3.33,True,synthetic_scenario_generator,26006
2025-02-24,IND_GAN,1,15.32,11.29,True,synthetic_scenario_generator,26006
2025-02-25,IND_GAN,3,24.7,19.24,True,synthetic_scenario_generator,26006
2025-02-26,IND_GAN,3,18.25,13.77,True,synthetic_scenario_generator,26006
2025-02-27,IND_GAN,4,20.48,15.66,True,synthetic_scenario_generator,26006
2025-02-28,IND_GAN,2,12.82,9.17,True,synthetic_scenario_generator,26006
2025-03-01,IND_GAN,2,11.48,8.03,True,synthetic_scenario_generator,26006
2025-03-02,IND_GAN,3,6.78,4.05,True,synthetic_scenario_generator,26006
2025-03-03,IND_GAN,6,9.47,6.33,True,synthetic_scenario_generator,26006
2025-03-04,IND_GAN,5,16.32,12.13,True,synthetic_scenario_generator,26006
2025-03-05,IND_GAN,3,11.23,7.82,True,synthetic_scenario_generator,26006
2025-03-06,IND_GAN,2,10.97,7.61,True,synthetic_scenario_generator,26006
2025-03-07,IND_GAN,4,19.15,14.53,True,synthetic_scenario_generator,26006
2025-03-08,IND_GAN,5,18.16,13.7,True,synthetic_scenario_generator,26006
2025-03-09,IND_GAN,2,8.88,5.83,True,synthetic_scenario_generator,26006
2025-03-10,IND_GAN,0,13.13,9.43,True,synthetic_scenario_generator,26006
2025-03-11,IND_GAN,4,13.67,9.89,True,synthetic_scenario_generator,26006
2025-03-12,IND_GAN,2,27.57,21.67,True,synthetic_scenario_generator,26006
2025-03-13,IND_GAN,3,18.26,13.78,True,synthetic_scenario_generator,26006
2025-03-14,IND_GAN,2,11.06,7.67,True,synthetic_scenario_generator,26006
2025-03-15,IND_GAN,3,12.08,8.54,True,synthetic_scenario_generator,26006
2025-03-16,IND_GAN,4,18.23,13.75,True,synthetic_scenario_generator,26006
2025-03-17,IND_GAN,4,21.37,16.42,True,synthetic_scenario_generator,26006
2025-03-18,IND_GAN,4,25.53,19.94,True,synthetic_scenario_generator,26006
2025-03-19,IND_GAN,3,22.07,17.01,True,synthetic_scenario_generator,26006
2025-03-20,IND_GAN,4,16.81,12.55,True,synthetic_scenario_generator,26006
2025-03-21,IND_GAN,5,17.77,13.37,True,synthetic_scenario_generator,26006
2025-03-22,IND_GAN,5,13.86,10.05,True,synthetic_scenario_generator,26006
2025-03-23,IND_GAN,1,19.16,14.54,True,synthetic_scenario_generator,26006
2025-03-24,IND_GAN,5,26.74,20.97,True,synthetic_scenario_generator,26006
2025-03-25,IND_GAN,3,17.13,12.82,True,synthetic_scenario_generator,26006
2025-03-26,IND_GAN,3,24.6,19.15,True,synthetic_scenario_generator,26006
2025-03-27,IND_GAN,2,26.37,20.65,True,synthetic_scenario_generator,26006
2025-03-28,IND_GAN,3,16.89,12.62,True,synthetic_scenario_generator,26006
2025-03-29,IND_GAN,3,12.24,8.68,True,synthetic_scenario_generator,26006
2025-03-30,IND_GAN,6,27.79,21.85,True,synthetic_scenario_generator,26006
2025-03-31,IND_GAN,3,24.58,19.13,True,synthetic_scenario_generator,26006
2025-04-01,IND_GAN,5,24.03,18.67,True,synthetic_scenario_generator,26006
2025-04-02,IND_GAN,7,29.75,23.52,True,synthetic_scenario_generator,26006
2025-04-03,IND_GAN,5,31.26,24.8,True,synthetic_scenario_generator,26006
2025-04-04,IND_GAN,4,26.15,20.47,True,synthetic_scenario_generator,26006
2025-04-05,IND_GAN,5,26.43,20.7,True,synthetic_scenario_generator,26006
2025-04-06,IND_GAN,4,26.49,20.76,True,synthetic_scenario_generator,26006
2025-04-07,IND_GAN,4,38.27,30.74,True,synthetic_scenario_generator,26006
2025-04-08,IND_GAN,3,41.26,33.27,True,synthetic_scenario_generator,26006
2025-04-09,IND_GAN,1,28.45,22.42,True,synthetic_scenario_generator,26006
2025-04-10,IND_GAN,7,38.13,30.62,True,synthetic_scenario_generator,26006
2025-04-11,IND_GAN,4,34.53,27.57,True,synthetic_scenario_generator,26006
2025-04-12,IND_GAN,5,38.51,30.94,True,synthetic_scenario_generator,26006
2025-04-13,IND_GAN,4,41.09,33.13,True,synthetic_scenario_generator,26006
2025-04-14,IND_GAN,4,31.31,24.84,True,synthetic_scenario_generator,26006
2025-04-15,IND_GAN,4,32.48,25.83,True,synthetic_scenario_generator,26006
2025-04-16,IND_GAN,3,23.72,18.41,True,synthetic_scenario_generator,26006
2025-04-17,IND_GAN,4,31.01,24.59,True,synthetic_scenario_generator,26006
2025-04-18,IND_GAN,5,28.04,22.06,True,synthetic_scenario_generator,26006
2025-04-19,IND_GAN,6,36.37,29.12,True,synthetic_scenario_generator,26006
2025-04-20,IND_GAN,5,38.65,31.06,True,synthetic_scenario_generator,26006
2025-04-21,IND_GAN,5,30.97,24.55,True,synthetic_scenario_generator,26006
2025-04-22,IND_GAN,5,42.44,34.27,True,synthetic_scenario_generator,26006
2025-04-23,IND_GAN,4,41.65,33.61,True,synthetic_scenario_generator,26006
2025-04-24,IND_GAN,4,29.32,23.15,True,synthetic_scenario_generator,26006
2025-04-25,IND_GAN,4,31.94,25.38,True,synthetic_scenario_generator,26006
2025-04-26,IND_GAN,3,30.66,24.29,True,synthetic_scenario_generator,26006
2025-04-27,IND_GAN,4,22.78,17.61,True,synthetic_scenario_generator,26006
2025-04-28,IND_GAN,4,31.26,24.8,True,synthetic_scenario_generator,26006
2025-04-29,IND_GAN,4,37.13,29.77,True,synthetic_scenario_generator,26006
2025-04-30,IND_GAN,4,35.67,28.53,True,synthetic_scenario_generator,26006
2025-05-01,IND_GAN,4,32.13,25.53,True,synthetic_scenario_generator,26006
2025-05-02,IND_GAN,3,34.75,27.75,True,synthetic_scenario_generator,26006
2025-05-03,IND_GAN,5,27.51,21.62,True,synthetic_scenario_generator,26006
2025-05-04,IND_GAN,2,20.0,15.26,True,synthetic_scenario_generator,26006
2025-05-05,IND_GAN,6,31.52,25.02,True,synthetic_scenario_generator,26006
2025-05-06,IND_GAN,3,33.47,26.67,True,synthetic_scenario_generator,26006
2025-05-07,IND_GAN,4,33.25,26.48,True,synthetic_scenario_generator,26006
2025-05-08,IND_GAN,3,17.83,13.41,True,synthetic_scenario_generator,26006
2025-05-09,IND_GAN,2,19.58,14.89,True,synthetic_scenario_generator,26006
2025-05-10,IND_GAN,5,34.21,27.3,True,synthetic_scenario_generator,26006
2025-05-11,IND_GAN,4,28.46,22.43,True,synthetic_scenario_generator,26006
2025-05-12,IND_GAN,3,11.78,8.29,True,synthetic_scenario_generator,26006
2025-05-13,IND_GAN,3,23.02,17.81,True,synthetic_scenario_generator,26006
2025-05-14,IND_GAN,4,28.14,22.15,True,synthetic_scenario_generator,26006
2025-05-15,IND_GAN,2,20.11,15.34,True,synthetic_scenario_generator,26006
2025-05-16,IND_GAN,2,14.54,10.63,True,synthetic_scenario_generator,26006
2025-05-17,IND_GAN,2,23.31,18.06,True,synthetic_scenario_generator,26006
2025-05-18,IND_GAN,2,20.62,15.78,True,synthetic_scenario_generator,26006
2025-05-19,IND_GAN,3,9.78,6.6,True,synthetic_scenario_generator,26006
2025-05-20,IND_GAN,1,11.4,7.96,True,synthetic_scenario_generator,26006
2025-05-21,IND_GAN,5,22.63,17.48,True,synthetic_scenario_generator,26006
2025-05-22,IND_GAN,1,16.71,12.47,True,synthetic_scenario_generator,26006
2025-05-23,IND_GAN,3,14.57,10.65,True,synthetic_scenario_generator,26006
2025-05-24,IND_GAN,5,12.62,9.0,True,synthetic_scenario_generator,26006
2025-05-25,IND_GAN,4,26.25,20.55,True,synthetic_scenario_generator,26006
2025-05-26,IND_GAN,5,15.88,11.76,True,synthetic_scenario_generator,26006
2025-05-27,IND_GAN,6,12.35,8.77,True,synthetic_scenario_generator,26006
2025-05-28,IND_GAN,1,10.63,7.31,True,synthetic_scenario_generator,26006
2025-05-29,IND_GAN,3,2.0,0.0,True,synthetic_scenario_generator,26006
2025-05-30,IND_GAN,1,15.5,11.44,True,synthetic_scenario_generator,26006
2025-05-31,IND_GAN,4,14.85,10.89,True,synthetic_scenario_generator,26006
2025-06-01,IND_GAN,3,15.99,11.85,True,synthetic_scenario_generator,26006
2025-06-02,IND_GAN,3,17.21,12.89,True,synthetic_scenario_generator,26006
2025-06-03,IND_GAN,2,19.78,15.07,True,synthetic_scenario_generator,26006
2025-06-04,IND_GAN,3,13.17,9.46,True,synthetic_scenario_generator,26006
2025-06-05,IND_GAN,2,27.78,21.85,True,synthetic_scenario_generator,26006
2025-06-06,IND_GAN,3,23.31,18.06,True,synthetic_scenario_generator,26006
2025-06-07,IND_GAN,3,13.11,9.42,True,synthetic_scenario_generator,26006
2025-06-08,IND_GAN,4,14.79,10.84,True,synthetic_scenario_generator,26006
2025-06-09,IND_GAN,5,13.1,9.41,True,synthetic_scenario_generator,26006
2025-06-10,IND_GAN,3,23.75,18.43,True,synthetic_scenario_generator,26006
2025-06-11,IND_GAN,3,19.63,14.94,True,synthetic_scenario_generator,26006
2025-06-12,IND_GAN,4,16.15,11.99,True,synthetic_scenario_generator,26006
2025-06-13,IND_GAN,6,31.73,25.19,True,synthetic_scenario_generator,26006
2025-06-14,IND_GAN,3,29.82,23.58,True,synthetic_scenario_generator,26006
2025-06-15,IND_GAN,3,24.39,18.97,True,synthetic_scenario_generator,26006
2025-06-16,IND_GAN,3,22.22,17.14,True,synthetic_scenario_generator,26006
2025-06-17,IND_GAN,2,25.28,19.73,True,synthetic_scenario_generator,26006
2025-06-18,IND_GAN,2,21.99,16.94,True,synthetic_scenario_generator,26006
2025-06-19,IND_GAN,3,18.03,13.59,True,synthetic_scenario_generator,26006
2025-06-20,IND_GAN,5,31.4,24.92,True,synthetic_scenario_generator,26006
2025-06-21,IND_GAN,5,29.69,23.47,True,synthetic_scenario_generator,26006
2025-06-22,IND_GAN,3,19.86,15.14,True,synthetic_scenario_generator,26006
2025-06-23,IND_GAN,5,27.57,21.67,True,synthetic_scenario_generator,26006
2025-06-24,IND_GAN,4,35.06,28.02,True,synthetic_scenario_generator,26006
2025-06-25,IND_GAN,3,33.82,26.97,True,synthetic_scenario_generator,26006
2025-06-26,IND_GAN,5,25.83,20.2,True,synthetic_scenario_generator,26006
2025-06-27,IND_GAN,3,24.19,18.81,True,synthetic_scenario_generator,26006
2025-06-28,IND_GAN,5,23.05,17.84,True,synthetic_scenario_generator,26006
2025-06-29,IND_GAN,4,38.13,30.62,True,synthetic_scenario_generator,26006
2025-06-30,IND_GAN,4,39.55,31.82,True,synthetic_scenario_generator,26006
2025-07-01,IND_GAN,4,29.0,22.88,True,synthetic_scenario_generator,26006
2025-07-02,IND_GAN,4,37.06,29.72,True,synthetic_scenario_generator,26006
2025-07-03,IND_GAN,3,29.12,22.98,True,synthetic_scenario_generator,26006
2025-07-04,IND_GAN,5,32.53,25.87,True,synthetic_scenario_generator,26006
2025-07-05,IND_GAN,4,30.95,24.53,True,synthetic_scenario_generator,26006
2025-07-06,IND_GAN,5,30.7,24.33,True,synthetic_scenario_generator,26006
2025-07-07,IND_GAN,4,43.22,34.93,True,synthetic_scenario_generator,26006
2025-07-08,IND_GAN,2,24.64,19.18,True,synthetic_scenario_generator,26006
2025-07-09,IND_GAN,7,37.57,30.14,True,synthetic_scenario_generator,26006
2025-07-10,IND_GAN,3,31.35,24.87,True,synthetic_scenario_generator,26006
2025-07-11,IND_GAN,4,27.85,21.9,True,synthetic_scenario_generator,26006
2025-07-12,IND_GAN,5,34.96,27.93,True,synthetic_scenario_generator,26006
2025-07-13,IND_GAN,4,27.43,21.55,True,synthetic_scenario_generator,26006
2025-07-14,IND_GAN,3,28.34,22.32,True,synthetic_scenario_generator,26006
2025-07-15,IND_GAN,4,32.59,25.92,True,synthetic_scenario_generator,26006
2025-07-16,IND_GAN,7,42.38,34.22,True,synthetic_scenario_generator,26006
2025-07-17,IND_GAN,5,23.41,18.15,True,synthetic_scenario_generator,26006
2025-07-18,IND_GAN,6,28.57,22.52,True,synthetic_scenario_generator,26006
2025-07-19,IND_GAN,3,35.7,28.56,True,synthetic_scenario_generator,26006
2025-07-20,IND_GAN,3,28.7,22.63,True,synthetic_scenario_generator,26006
2025-07-21,IND_GAN,4,45.37,36.75,True,synthetic_scenario_generator,26006
2025-07-22,IND_GAN,5,30.7,24.32,True,synthetic_scenario_generator,26006
2025-07-23,IND_GAN,4,37.55,30.13,True,synthetic_scenario_generator,26006
2025-07-24,IND_GAN,5,29.91,23.65,True,synthetic_scenario_generator,26006
2025-07-25,IND_GAN,4,42.81,34.58,True,synthetic_scenario_generator,26006
2025-07-26,IND_GAN,3,26.41,20.69,True,synthetic_scenario_generator,26006
2025-07-27,IND_GAN,4,27.62,21.71,True,synthetic_scenario_generator,26006
2025-07-28,IND_GAN,4,31.87,25.31,True,synthetic_scenario_generator,26006
2025-07-29,IND_GAN,5,32.37,25.74,True,synthetic_scenario_generator,26006
2025-07-30,IND_GAN,3,30.63,24.26,True,synthetic_scenario_generator,26006
2025-07-31,IND_GAN,3,28.01,22.04,True,synthetic_scenario_generator,26006
2025-08-01,IND_GAN,4,18.95,14.36,True,synthetic_scenario_generator,26006
2025-08-02,IND_GAN,4,32.84,26.14,True,synthetic_scenario_generator,26006
2025-08-03,IND_GAN,3,28.55,22.5,True,synthetic_scenario_generator,26006
2025-08-04,IND_GAN,3,36.48,29.22,True,synthetic_scenario_generator,26006
2025-08-05,IND_GAN,5,23.03,17.82,True,synthetic_scenario_generator,26006
2025-08-06,IND_GAN,5,28.12,22.14,True,synthetic_scenario_generator,26006
2025-08-07,IND_GAN,6,37.72,30.27,True,synthetic_scenario_generator,26006
2025-08-08,IND_GAN,2,29.28,23.12,True,synthetic_scenario_generator,26006
2025-08-09,IND_GAN,5,25.44,19.86,True,synthetic_scenario_generator,26006
2025-08-10,IND_GAN,5,18.65,14.11,True,synthetic_scenario_generator,26006
2025-08-11,IND_GAN,4,24.31,18.9,True,synthetic_scenario_generator,26006
2025-08-12,IND_GAN,5,28.3,22.29,True,synthetic_scenario_generator,26006
2025-08-13,IND_GAN,4,28.6,22.54,True,synthetic_scenario_generator,26006
2025-08-14,IND_GAN,2,30.42,24.09,True,synthetic_scenario_generator,26006
2025-08-15,IND_GAN,3,17.72,13.32,True,synthetic_scenario_generator,26006
2025-08-16,IND_GAN,5,23.57,18.28,True,synthetic_scenario_generator,26006
2025-08-17,IND_GAN,3,24.07,18.71,True,synthetic_scenario_generator,26006
2025-08-18,IND_GAN,5,22.49,17.37,True,synthetic_scenario_generator,26006
2025-08-19,IND_GAN,3,14.48,10.57,True,synthetic_scenario_generator,26006
2025-08-20,IND_GAN,6,13.46,9.71,True,synthetic_scenario_generator,26006
2025-08-21,IND_GAN,4,22.7,17.54,True,synthetic_scenario_generator,26006
2025-08-22,IND_GAN,1,17.63,13.24,True,synthetic_scenario_generator,26006
2025-08-23,IND_GAN,3,12.1,8.56,True,synthetic_scenario_generator,26006
2025-08-24,IND_GAN,4,18.74,14.19,True,synthetic_scenario_generator,26006
2025-08-25,IND_GAN,3,14.35,10.47,True,synthetic_scenario_generator,26006
2025-08-26,IND_GAN,2,18.91,14.33,True,synthetic_scenario_generator,26006
2025-08-27,IND_GAN,4,22.94,17.75,True,synthetic_scenario_generator,26006
2025-08-28,IND_GAN,2,11.41,7.98,True,synthetic_scenario_generator,26006
2025-08-29,IND_GAN,4,15.77,11.67,True,synthetic_scenario_generator,26006
2025-08-30,IND_GAN,3,10.03,6.81,True,synthetic_scenario_generator,26006
2025-08-31,IND_GAN,4,24.19,18.81,True,synthetic_scenario_generator,26006
2025-09-01,IND_GAN,2,14.25,10.38,True,synthetic_scenario_generator,26006
2025-09-02,IND_GAN,3,19.4,14.74,True,synthetic_scenario_generator,26006
2025-09-03,IND_GAN,1,19.41,14.76,True,synthetic_scenario_generator,26006
2025-09-04,IND_GAN,4,11.83,8.33,True,synthetic_scenario_generator,26006
2025-09-05,IND_GAN,4,13.56,9.8,True,synthetic_scenario_generator,26006
2025-09-06,IND_GAN,1,6.73,4.01,True,synthetic_scenario_generator,26006
2025-09-07,IND_GAN,2,26.19,20.5,True,synthetic_scenario_generator,26006
2025-09-08,IND_GAN,3,4.97,2.52,True,synthetic_scenario_generator,26006
2025-09-09,IND_GAN,5,16.37,12.18,True,synthetic_scenario_generator,26006
2025-09-10,IND_GAN,5,28.15,22.16,True,synthetic_scenario_generator,26006
2025-09-11,IND_GAN,5,29.07,22.94,True,synthetic_scenario_generator,26006
2025-09-12,IND_GAN,3,21.81,16.79,True,synthetic_scenario_generator,26006
2025-09-13,IND_GAN,4,9.79,6.6,True,synthetic_scenario_generator,26006
2025-09-14,IND_GAN,4,18.29,13.81,True,synthetic_scenario_generator,26006
2025-09-15,IND_GAN,4,20.31,15.52,True,synthetic_scenario_generator,26006
2025-09-16,IND_GAN,4,26.28,20.58,True,synthetic_scenario_generator,26006
2025-09-17,IND_GAN,5,20.63,15.79,True,synthetic_scenario_generator,26006
2025-09-18,IND_GAN,2,30.71,24.33,True,synthetic_scenario_generator,26006
2025-09-19,IND_GAN,5,34.42,27.47,True,synthetic_scenario_generator,26006
2025-09-20,IND_GAN,5,23.28,18.03,True,synthetic_scenario_generator,26006
2025-09-21,IND_GAN,4,25.23,19.68,True,synthetic_scenario_generator,26006
2025-09-22,IND_GAN,4,23.54,18.26,True,synthetic_scenario_generator,26006
2025-09-23,IND_GAN,4,19.13,14.52,True,synthetic_scenario_generator,26006
2025-09-24,IND_GAN,5,23.72,18.4,True,synthetic_scenario_generator,26006
2025-09-25,IND_GAN,3,25.46,19.88,True,synthetic_scenario_generator,26006
2025-09-26,IND_GAN,5,22.03,16.98,True,synthetic_scenario_generator,26006
2025-09-27,IND_GAN,5,31.66,25.14,True,synthetic_scenario_generator,26006
2025-09-28,IND_GAN,5,34.13,27.23,True,synthetic_scenario_generator,26006
2025-09-29,IND_GAN,5,31.77,25.23,True,synthetic_scenario_generator,26006
2025-09-30,IND_GAN,4,31.89,25.33,True,synthetic_scenario_generator,26006
2025-10-01,IND_GAN,6,27.98,22.02,True,synthetic_scenario_generator,26006
2025-10-02,IND_GAN,4,38.3,30.77,True,synthetic_scenario_generator,26006
2025-10-03,IND_GAN,2,24.91,19.42,True,synthetic_scenario_generator,26006
2025-10-04,IND_GAN,5,32.16,25.56,True,synthetic_scenario_generator,26006
2025-10-05,IND_GAN,3,29.39,23.21,True,synthetic_scenario_generator,26006
2025-10-06,IND_GAN,4,30.81,24.42,True,synthetic_scenario_generator,26006
2025-10-07,IND_GAN,3,33.82,26.97,True,synthetic_scenario_generator,26006
2025-10-08,IND_GAN,6,29.84,23.6,True,synthetic_scenario_generator,26006
2025-10-09,IND_GAN,5,25.81,20.18,True,synthetic_scenario_generator,26006
2025-10-10,IND_GAN,5,37.51,30.1,True,synthetic_scenario_generator,26006
2025-10-11,IND_GAN,4,32.5,25.84,True,synthetic_scenario_generator,26006
2025-10-12,IND_GAN,5,31.83,25.28,True,synthetic_scenario_generator,26006
2025-10-13,IND_GAN,4,35.92,28.75,True,synthetic_scenario_generator,26006
2025-10-14,IND_GAN,3,41.77,33.7,True,synthetic_scenario_generator,26006
2025-10-15,IND_GAN,5,30.92,24.51,True,synthetic_scenario_generator,26006
2025-10-16,IND_GAN,1,31.84,25.29,True,synthetic_scenario_generator,26006
2025-10-17,IND_GAN,5,37.8,30.34,True,synthetic_scenario_generator,26006
2025-10-18,IND_GAN,4,32.45,25.8,True,synthetic_scenario_generator,26006
2025-10-19,IND_GAN,4,28.48,22.44,True,synthetic_scenario_generator,26006
2025-10-20,IND_GAN,5,27.87,21.92,True,synthetic_scenario_generator,26006
2025-10-21,IND_GAN,3,30.73,24.35,True,synthetic_scenario_generator,26006
2025-10-22,IND_GAN,4,32.76,26.07,True,synthetic_scenario_generator,26006
2025-10-23,IND_GAN,6,28.61,22.55,True,synthetic_scenario_generator,26006
2025-10-24,IND_GAN,2,30.76,24.38,True,synthetic_scenario_generator,26006
2025-10-25,IND_GAN,4,38.6,31.02,True,synthetic_scenario_generator,26006
2025-10-26,IND_GAN,5,25.42,19.85,True,synthetic_scenario_generator,26006
2025-10-27,IND_GAN,4,27.75,21.82,True,synthetic_scenario_generator,26006
2025-10-28,IND_GAN,3,25.65,20.04,True,synthetic_scenario_generator,26006
2025-10-29,IND_GAN,5,25.42,19.85,True,synthetic_scenario_generator,26006
2025-10-30,IND_GAN,6,24.79,19.31,True,synthetic_scenario_generator,26006
2025-10-31,IND_GAN,3,16.43,12.23,True,synthetic_scenario_generator,26006
2025-11-01,IND_GAN,3,19.73,15.02,True,synthetic_scenario_generator,26006
2025-11-02,IND_GAN,4,30.56,24.2,True,synthetic_scenario_generator,26006
2025-11-03,IND_GAN,4,20.55,15.72,True,synthetic_scenario_generator,26006
2025-11-04,IND_GAN,2,21.55,16.56,True,synthetic_scenario_generator,26006
2025-11-05,IND_GAN,4,20.1,15.34,True,synthetic_scenario_generator,26006
2025-11-06,IND_GAN,5,29.3,23.13,True,synthetic_scenario_generator,26006
2025-11-07,IND_GAN,3,15.39,11.35,True,synthetic_scenario_generator,26006
2025-11-08,IND_GAN,3,23.68,18.37,True,synthetic_scenario_generator,26006
2025-11-09,IND_GAN,5,31.23,24.77,True,synthetic_scenario_generator,26006
2025-11-10,IND_GAN,2,17.9,13.47,True,synthetic_scenario_generator,26006
2025-11-11,IND_GAN,2,16.56,12.34,True,synthetic_scenario_generator,26006
2025-11-12,IND_GAN,4,19.03,14.43,True,synthetic_scenario_generator,26006
2025-11-13,IND_GAN,4,16.05,11.91,True,synthetic_scenario_generator,26006
2025-11-14,IND_GAN,4,23.34,18.09,True,synthetic_scenario_generator,26006
2025-11-15,IND_GAN,5,17.58,13.21,True,synthetic_scenario_generator,26006
2025-11-16,IND_GAN,4,25.93,20.28,True,synthetic_scenario_generator,26006
2025-11-17,IND_GAN,2,15.34,11.31,True,synthetic_scenario_generator,26006
2025-11-18,IND_GAN,4,10.65,7.33,True,synthetic_scenario_generator,26006
2025-11-19,IND_GAN,2,11.4,7.96,True,synthetic_scenario_generator,26006
2025-11-20,IND_GAN,4,20.1,15.34,True,synthetic_scenario_generator,26006
2025-11-21,IND_GAN,2,25.41,19.84,True,synthetic_scenario_generator,26006
2025-11-22,IND_GAN,2,15.28,11.25,True,synthetic_scenario_generator,26006
2025-11-23,IND_GAN,5,24.49,19.06,True,synthetic_scenario_generator,26006
2025-11-24,IND_GAN,3,11.72,8.23,True,synthetic_scenario_generator,26006
2025-11-25,IND_GAN,3,14.96,10.99,True,synthetic_scenario_generator,26006
2025-11-26,IND_GAN,4,21.7,16.7,True,synthetic_scenario_generator,26006
2025-11-27,IND_GAN,2,12.72,9.09,True,synthetic_scenario_generator,26006
2025-11-28,IND_GAN,5,18.45,13.94,True,synthetic_scenario_generator,26006
2025-11-29,IND_GAN,3,17.62,13.23,True,synthetic_scenario_generator,26006
2025-11-30,IND_GAN,3,10.7,7.37,True,synthetic_scenario_generator,26006
2025-12-01,IND_GAN,4,17.87,13.45,True,synthetic_scenario_generator,26006
2025-12-02,IND_GAN,3,12.09,8.55,True,synthetic_scenario_generator,26006
2025-12-03,IND_GAN,4,2.6,0.51,True,synthetic_scenario_generator,26006
2025-12-04,IND_GAN,3,18.55,14.03,True,synthetic_scenario_generator,26006
2025-12-05,IND_GAN,2,17.65,13.26,True,synthetic_scenario_generator,26006
2025-12-06,IND_GAN,5,12.03,8.5,True,synthetic_scenario_generator,26006
2025-12-07,IND_GAN,3,17.16,12.85,True,synthetic_scenario_generator,26006
2025-12-08,IND_GAN,3,18.16,13.69,True,synthetic_scenario_generator,26006
2025-12-09,IND_GAN,5,28.33,22.32,True,synthetic_scenario_generator,26006
2025-12-10,IND_GAN,3,16.31,12.13,True,synthetic_scenario_generator,26006
2025-12-11,IND_GAN,4,17.44,13.09,True,synthetic_scenario_generator,26006
2025-12-12,IND_GAN,2,23.88,18.55,True,synthetic_scenario_generator,26006
2025-12-13,IND_GAN,5,28.02,22.05,True,synthetic_scenario_generator,26006
2025-12-14,IND_GAN,0,18.76,14.2,True,synthetic_scenario_generator,26006
2025-12-15,IND_GAN,6,22.81,17.63,True,synthetic_scenario_generator,26006
2025-12-16,IND_GAN,3,25.53,19.94,True,synthetic_scenario_generator,26006
2025-12-17,IND_GAN,4,27.19,21.34,True,synthetic_scenario_generator,26006
2025-12-18,IND_GAN,5,24.11,18.73,True,synthetic_scenario_generator,26006
2025-12-19,IND_GAN,3,29.7,23.47,True,synthetic_scenario_generator,26006
2025-12-20,IND_GAN,2,20.71,15.86,True,synthetic_scenario_generator,26006
2025-12-21,IND_GAN,4,13.61,9.84,True,synthetic_scenario_generator,26006
2025-12-22,IND_GAN,3,26.09,20.41,True,synthetic_scenario_generator,26006
2025-12-23,IND_GAN,4,39.25,31.57,True,synthetic_scenario_generator,26006
2025-12-24,IND_GAN,3,16.18,12.02,True,synthetic_scenario_generator,26006
2025-12-25,IND_GAN,3,25.27,19.72,True,synthetic_scenario_generator,26006
2025-12-26,IND_GAN,4,34.96,27.93,True,synthetic_scenario_generator,26006
2025-12-27,IND_GAN,5,28.98,22.87,True,synthetic_scenario_generator,26006
2025-12-28,IND_GAN,5,34.6,27.62,True,synthetic_scenario_generator,26006
2025-12-29,IND_GAN,1,27.68,21.76,True,synthetic_scenario_generator,26006
2025-12-30,IND_GAN,4,35.28,28.2,True,synthetic_scenario_generator,26006
2025-12-31,IND_GAN,3,30.43,24.09,True,synthetic_scenario_generator,26006
2026-01-01,IND_GAN,3,24.24,18.85,True,synthetic_scenario_generator,26006
2026-01-02,IND_GAN,2,28.17,22.17,True,synthetic_scenario_generator,26006
2026-01-03,IND_GAN,4,28.97,22.86,True,synthetic_scenario_generator,26006
2026-01-04,IND_GAN,2,30.58,24.22,True,synthetic_scenario_generator,26006
2026-01-05,IND_GAN,7,29.22,23.07,True,synthetic_scenario_generator,26006
2026-01-06,IND_GAN,4,41.32,33.32,True,synthetic_scenario_generator,26006
2026-01-07,IND_GAN,3,31.01,24.58,True,synthetic_scenario_generator,26006
2026-01-08,IND_GAN,4,37.49,30.07,True,synthetic_scenario_generator,26006
2026-01-09,IND_GAN,3,34.74,27.75,True,synthetic_scenario_generator,26006
2026-01-10,IND_GAN,4,33.0,26.27,True,synthetic_scenario_generator,26006
2026-01-11,IND_GAN,2,25.98,20.33,True,synthetic_scenario_generator,26006
2026-01-12,IND_GAN,2,26.89,21.1,True,synthetic_scenario_generator,26006
2026-01-13,IND_GAN,6,36.94,29.61,True,synthetic_scenario_generator,26006
2026-01-14,IND_GAN,5,30.63,24.26,True,synthetic_scenario_generator,26006
2026-01-15,IND_GAN,3,25.42,19.85,True,synthetic_scenario_generator,26006
2026-01-16,IND_GAN,2,34.05,27.16,True,synthetic_scenario_generator,26006
2026-01-17,IND_GAN,3,33.74,26.9,True,synthetic_scenario_generator,26006
2026-01-18,IND_GAN,5,30.65,24.28,True,synthetic_scenario_generator,26006
2026-01-19,IND_GAN,2,29.82,23.58,True,synthetic_scenario_generator,26006
2026-01-20,IND_GAN,5,31.07,24.64,True,synthetic_scenario_generator,26006
2026-01-21,IND_GAN,6,32.78,26.08,True,synthetic_scenario_generator,26006
2026-01-22,IND_GAN,4,33.55,26.74,True,synthetic_scenario_generator,26006
2026-01-23,IND_GAN,2,26.24,20.54,True,synthetic_scenario_generator,26006
2026-01-24,IND_GAN,2,23.34,18.08,True,synthetic_scenario_generator,26006
2026-01-25,IND_GAN,6,29.68,23.46,True,synthetic_scenario_generator,26006
2026-01-26,IND_GAN,1,23.74,18.42,True,synthetic_scenario_generator,26006
2026-01-27,IND_GAN,6,30.24,23.93,True,synthetic_scenario_generator,26006
2026-01-28,IND_GAN,6,18.98,14.39,True,synthetic_scenario_generator,26006
2026-01-29,IND_GAN,4,32.18,25.57,True,synthetic_scenario_generator,26006
2026-01-30,IND_GAN,4,25.38,19.81,True,synthetic_scenario_generator,26006
2026-01-31,IND_GAN,1,16.63,12.4,True,synthetic_scenario_generator,26006
2026-02-01,IND_GAN,5,28.74,22.66,True,synthetic_scenario_generator,26006
2026-02-02,IND_GAN,4,18.2,13.73,True,synthetic_scenario_generator,26006
2026-02-03,IND_GAN,4,20.44,15.63,True,synthetic_scenario_generator,26006
2026-02-04,IND_GAN,5,25.55,19.96,True,synthetic_scenario_generator,26006
2026-02-05,IND_GAN,4,20.3,15.51,True,synthetic_scenario_generator,26006
2026-02-06,IND_GAN,4,21.85,16.82,True,synthetic_scenario_generator,26006
2026-02-07,IND_GAN,5,26.94,21.14,True,synthetic_scenario_generator,26006
2026-02-08,IND_GAN,4,22.42,17.31,True,synthetic_scenario_generator,26006
2026-02-09,IND_GAN,3,13.31,9.58,True,synthetic_scenario_generator,26006
2026-02-10,IND_GAN,6,26.85,21.06,True,synthetic_scenario_generator,26006
2026-02-11,IND_GAN,3,19.97,15.23,True,synthetic_scenario_generator,26006
2026-02-12,IND_GAN,3,14.9,10.93,True,synthetic_scenario_generator,26006
2026-02-13,IND_GAN,5,16.7,12.46,True,synthetic_scenario_generator,26006
2026-02-14,IND_GAN,3,15.85,11.73,True,synthetic_scenario_generator,26006
2026-02-15,IND_GAN,4,8.59,5.59,True,synthetic_scenario_generator,26006
2026-02-16,IND_GAN,4,14.71,10.77,True,synthetic_scenario_generator,26006
2026-02-17,IND_GAN,3,11.99,8.47,True,synthetic_scenario_generator,26006
2026-02-18,IND_GAN,3,15.26,11.24,True,synthetic_scenario_generator,26006
2026-02-19,IND_GAN,4,17.69,13.29,True,synthetic_scenario_generator,26006
2026-02-20,IND_GAN,4,9.21,6.11,True,synthetic_scenario_generator,26006
2026-02-21,IND_GAN,5,16.11,11.96,True,synthetic_scenario_generator,26006
2026-02-22,IND_GAN,4,16.69,12.45,True,synthetic_scenario_generator,26006
2026-02-23,IND_GAN,5,8.05,5.13,True,synthetic_scenario_generator,26006
2026-02-24,IND_GAN,1,12.24,8.68,True,synthetic_scenario_generator,26006
2026-02-25,IND_GAN,2,2.0,0.0,True,synthetic_scenario_generator,26006
2026-02-26,IND_GAN,0,14.3,10.42,True,synthetic_scenario_generator,26006
2026-02-27,IND_GAN,3,16.24,12.07,True,synthetic_scenario_generator,26006
2026-02-28,IND_GAN,3,18.68,14.14,True,synthetic_scenario_generator,26006
2026-03-01,IND_GAN,3,10.74,7.41,True,synthetic_scenario_generator,26006
2026-03-02,IND_GAN,3,10.35,7.07,True,synthetic_scenario_generator,26006
2026-03-03,IND_GAN,6,18.65,14.11,True,synthetic_scenario_generator,26006
2026-03-04,IND_GAN,3,14.62,10.7,True,synthetic_scenario_generator,26006
2026-03-05,IND_GAN,4,5.07,2.61,True,synthetic_scenario_generator,26006
2026-03-06,IND_GAN,2,2.98,0.83,True,synthetic_scenario_generator,26006
2026-03-07,IND_GAN,3,11.7,8.22,True,synthetic_scenario_generator,26006
2026-03-08,IND_GAN,3,13.47,9.72,True,synthetic_scenario_generator,26006
2026-03-09,IND_GAN,3,19.31,14.67,True,synthetic_scenario_generator,26006
2026-03-10,IND_GAN,2,10.5,7.21,True,synthetic_scenario_generator,26006
2026-03-11,IND_GAN,2,16.23,12.06,True,synthetic_scenario_generator,26006
2026-03-12,IND_GAN,3,19.36,14.71,True,synthetic_scenario_generator,26006
2026-03-13,IND_GAN,2,10.1,6.87,True,synthetic_scenario_generator,26006
2026-03-14,IND_GAN,4,13.99,10.16,True,synthetic_scenario_generator,26006
2026-03-15,IND_GAN,3,14.18,10.32,True,synthetic_scenario_generator,26006
2026-03-16,IND_GAN,4,11.2,7.8,True,synthetic_scenario_generator,26006
2026-03-17,IND_GAN,3,25.41,19.84,True,synthetic_scenario_generator,26006
2026-03-18,IND_GAN,4,23.72,18.41,True,synthetic_scenario_generator,26006
2026-03-19,IND_GAN,3,25.31,19.76,True,synthetic_scenario_generator,26006
2026-03-20,IND_GAN,3,19.49,14.82,True,synthetic_scenario_generator,26006
2026-03-21,IND_GAN,4,18.4,13.9,True,synthetic_scenario_generator,26006
2026-03-22,IND_GAN,4,20.23,15.45,True,synthetic_scenario_generator,26006
2026-03-23,IND_GAN,3,20.46,15.64,True,synthetic_scenario_generator,26006
2026-03-24,IND_GAN,5,21.46,16.49,True,synthetic_scenario_generator,26006
2026-03-25,IND_GAN,4,22.83,17.65,True,synthetic_scenario_generator,26006
2026-03-26,IND_GAN,5,27.3,21.44,True,synthetic_scenario_generator,26006
2026-03-27,IND_GAN,2,11.66,8.19,True,synthetic_scenario_generator,26006
2026-03-28,IND_GAN,2,18.46,13.95,True,synthetic_scenario_generator,26006
2026-03-29,IND_GAN,3,24.91,19.41,True,synthetic_scenario_generator,26006
2026-03-30,IND_GAN,2,21.37,16.42,True,synthetic_scenario_generator,26006
2026-03-31,IND_GAN,3,29.64,23.43,True,synthetic_scenario_generator,26006
2026-04-01,IND_GAN,3,28.95,22.84,True,synthetic_scenario_generator,26006
2026-04-02,IND_GAN,3,33.94,27.07,True,synthetic_scenario_generator,26006
2026-04-03,IND_GAN,3,30.42,24.08,True,synthetic_scenario_generator,26006
2026-04-04,IND_GAN,5,36.79,29.49,True,synthetic_scenario_generator,26006
2026-04-05,IND_GAN,4,23.61,18.31,True,synthetic_scenario_generator,26006
2026-04-06,IND_GAN,4,36.81,29.5,True,synthetic_scenario_generator,26006
2026-04-07,IND_GAN,5,40.89,32.96,True,synthetic_scenario_generator,26006
2026-04-08,IND_GAN,3,31.95,25.38,True,synthetic_scenario_generator,26006
2026-04-09,IND_GAN,4,33.23,26.47,True,synthetic_scenario_generator,26006
2026-04-10,IND_GAN,3,37.14,29.78,True,synthetic_scenario_generator,26006
2026-04-11,IND_GAN,5,34.01,27.13,True,synthetic_scenario_generator,26006
2026-04-12,IND_GAN,0,23.26,18.02,True,synthetic_scenario_generator,26006
2026-04-13,IND_GAN,6,34.73,27.73,True,synthetic_scenario_generator,26006
2026-04-14,IND_GAN,5,38.47,30.91,True,synthetic_scenario_generator,26006
2026-04-15,IND_GAN,7,36.99,29.65,True,synthetic_scenario_generator,26006
2026-04-16,IND_GAN,4,30.49,24.15,True,synthetic_scenario_generator,26006
2026-04-17,IND_GAN,6,39.42,31.71,True,synthetic_scenario_generator,26006
2026-04-18,IND_GAN,4,29.89,23.63,True,synthetic_scenario_generator,26006
2026-04-19,IND_GAN,4,29.66,23.44,True,synthetic_scenario_generator,26006
2026-04-20,IND_GAN,6,35.99,28.8,True,synthetic_scenario_generator,26006
2026-04-21,IND_GAN,5,25.08,19.56,True,synthetic_scenario_generator,26006
2026-04-22,IND_GAN,4,38.23,30.7,True,synthetic_scenario_generator,26006
2026-04-23,IND_GAN,7,33.11,26.37,True,synthetic_scenario_generator,26006
2026-04-24,IND_GAN,6,34.11,27.21,True,synthetic_scenario_generator,26006
2026-04-25,IND_GAN,6,26.7,20.93,True,synthetic_scenario_generator,26006
2026-04-26,IND_GAN,4,26.4,20.68,True,synthetic_scenario_generator,26006
2026-04-27,IND_GAN,5,28.22,22.22,True,synthetic_scenario_generator,26006
2026-04-28,IND_GAN,4,32.38,25.74,True,synthetic_scenario_generator,26006
2026-04-29,IND_GAN,2,21.28,16.34,True,synthetic_scenario_generator,26006
2026-04-30,IND_GAN,5,27.95,21.99,True,synthetic_scenario_generator,26006
2026-05-01,IND_GAN,5,29.44,23.25,True,synthetic_scenario_generator,26006
2026-05-02,IND_GAN,4,26.59,20.84,True,synthetic_scenario_generator,26006
2026-05-03,IND_GAN,3,21.31,16.37,True,synthetic_scenario_generator,26006
2026-05-04,IND_GAN,2,15.65,11.56,True,synthetic_scenario_generator,26006
2026-05-05,IND_GAN,3,25.67,20.06,True,synthetic_scenario_generator,26006
2026-05-06,IND_GAN,4,22.54,17.41,True,synthetic_scenario_generator,26006
2026-05-07,IND_GAN,3,22.22,17.13,True,synthetic_scenario_generator,26006
2026-05-08,IND_GAN,2,15.53,11.47,True,synthetic_scenario_generator,26006
2026-05-09,IND_GAN,3,19.63,14.94,True,synthetic_scenario_generator,26006
2026-05-10,IND_GAN,3,24.88,19.39,True,synthetic_scenario_generator,26006
2026-05-11,IND_GAN,5,28.15,22.16,True,synthetic_scenario_generator,26006
2026-05-12,IND_GAN,2,16.8,12.54,True,synthetic_scenario_generator,26006
2026-05-13,IND_GAN,3,23.08,17.87,True,synthetic_scenario_generator,26006
2026-05-14,IND_GAN,4,22.58,17.44,True,synthetic_scenario_generator,26006
2026-05-15,IND_GAN,4,17.61,13.23,True,synthetic_scenario_generator,26006
2026-05-16,IND_GAN,4,14.12,10.27,True,synthetic_scenario_generator,26006
2026-05-17,IND_GAN,3,10.2,6.95,True,synthetic_scenario_generator,26006
2026-05-18,IND_GAN,4,17.37,13.03,True,synthetic_scenario_generator,26006
2026-05-19,IND_GAN,3,3.54,1.3,True,synthetic_scenario_generator,26006
2026-05-20,IND_GAN,4,14.07,10.23,True,synthetic_scenario_generator,26006
2026-05-21,IND_GAN,2,17.38,13.04,True,synthetic_scenario_generator,26006
2026-05-22,IND_GAN,4,14.63,10.71,True,synthetic_scenario_generator,26006
2026-05-23,IND_GAN,3,18.44,13.93,True,synthetic_scenario_generator,26006
2026-05-24,IND_GAN,2,17.68,13.29,True,synthetic_scenario_generator,26006
2026-05-25,IND_GAN,3,6.54,3.85,True,synthetic_scenario_generator,26006
2026-05-26,IND_GAN,3,11.63,8.16,True,synthetic_scenario_generator,26006
2026-05-27,IND_GAN,2,11.99,8.47,True,synthetic_scenario_generator,26006
2026-05-28,IND_GAN,2,12.24,8.68,True,synthetic_scenario_generator,26006
2026-05-29,IND_GAN,3,10.43,7.15,True,synthetic_scenario_generator,26006
2026-05-30,IND_GAN,2,16.8,12.54,True,synthetic_scenario_generator,26006
2026-05-31,IND_GAN,2,11.82,8.32,True,synthetic_scenario_generator,26006
2026-06-01,IND_GAN,3,17.4,13.05,True,synthetic_scenario_generator,26006
2026-06-02,IND_GAN,3,20.61,15.77,True,synthetic_scenario_generator,26006
2026-06-03,IND_GAN,5,23.04,17.83,True,synthetic_scenario_generator,26006
2026-06-04,IND_GAN,5,18.82,14.25,True,synthetic_scenario_generator,26006
2026-06-05,IND_GAN,2,13.27,9.55,True,synthetic_scenario_generator,26006
2026-06-06,IND_GAN,5,19.38,14.73,True,synthetic_scenario_generator,26006
2026-06-07,IND_GAN,5,31.84,25.29,True,synthetic_scenario_generator,26006
2026-06-08,IND_GAN,3,16.81,12.55,True,synthetic_scenario_generator,26006
2026-06-09,IND_GAN,4,19.25,14.62,True,synthetic_scenario_generator,26006
2026-06-10,IND_GAN,6,26.23,20.53,True,synthetic_scenario_generator,26006
2026-06-11,IND_GAN,5,15.47,11.41,True,synthetic_scenario_generator,26006
2026-06-12,IND_GAN,3,33.16,26.41,True,synthetic_scenario_generator,26006
2026-06-13,IND_GAN,4,24.83,19.35,True,synthetic_scenario_generator,26006
2026-06-14,IND_GAN,3,20.89,16.01,True,synthetic_scenario_generator,26006
2026-06-15,IND_GAN,5,36.39,29.15,True,synthetic_scenario_generator,26006
2026-06-16,IND_GAN,3,37.84,30.37,True,synthetic_scenario_generator,26006
2026-06-17,IND_GAN,6,33.3,26.53,True,synthetic_scenario_generator,26006
2026-06-18,IND_GAN,5,32.95,26.23,True,synthetic_scenario_generator,26006
2026-06-19,IND_GAN,4,28.15,22.16,True,synthetic_scenario_generator,26006
2026-06-20,IND_GAN,2,24.73,19.26,True,synthetic_scenario_generator,26006
2026-06-21,IND_GAN,4,15.65,11.57,True,synthetic_scenario_generator,26006
2026-06-22,IND_GAN,6,29.39,23.21,True,synthetic_scenario_generator,26006
2026-06-23,IND_GAN,4,34.98,27.95,True,synthetic_scenario_generator,26006
2026-06-24,IND_GAN,2,24.65,19.19,True,synthetic_scenario_generator,26006
2026-06-25,IND_GAN,5,25.92,20.27,True,synthetic_scenario_generator,26006
2026-06-26,IND_GAN,5,39.48,31.76,True,synthetic_scenario_generator,26006
2026-06-27,IND_GAN,5,30.28,23.97,True,synthetic_scenario_generator,26006
2026-06-28,IND_GAN,4,32.3,25.68,True,synthetic_scenario_generator,26006
2026-06-29,IND_GAN,5,26.87,21.07,True,synthetic_scenario_generator,26006
2026-06-30,IND_GAN,4,39.39,31.69,True,synthetic_scenario_generator,26006
2026-07-01,IND_GAN,7,39.85,32.07,True,synthetic_scenario_generator,26006
2026-07-02,IND_GAN,5,24.61,19.16,True,synthetic_scenario_generator,26006
2026-07-03,IND_GAN,3,29.66,23.44,True,synthetic_scenario_generator,26006
2026-07-04,IND_GAN,4,34.57,27.61,True,synthetic_scenario_generator,26006
2026-07-05,IND_GAN,5,35.29,28.21,True,synthetic_scenario_generator,26006
2026-07-06,IND_GAN,3,36.78,29.47,True,synthetic_scenario_generator,26006
2026-07-07,IND_GAN,2,33.58,26.76,True,synthetic_scenario_generator,26006
2026-07-08,IND_GAN,5,34.65,27.67,True,synthetic_scenario_generator,26006
2026-07-09,IND_GAN,5,36.56,29.29,True,synthetic_scenario_generator,26006
2026-07-10,IND_GAN,5,33.7,26.86,True,synthetic_scenario_generator,26006
2026-07-11,IND_GAN,4,44.11,35.69,True,synthetic_scenario_generator,26006
2026-07-12,IND_GAN,5,35.11,28.06,True,synthetic_scenario_generator,26006
2026-07-13,IND_GAN,5,39.11,31.45,True,synthetic_scenario_generator,26006
2026-07-14,IND_GAN,3,27.29,21.44,True,synthetic_scenario_generator,26006
2026-07-15,IND_GAN,6,25.11,19.59,True,synthetic_scenario_generator,26006
2026-07-16,IND_GAN,4,41.32,33.32,True,synthetic_scenario_generator,26006
2026-07-17,IND_GAN,5,28.33,22.31,True,synthetic_scenario_generator,26006
2026-07-18,IND_GAN,4,31.93,25.36,True,synthetic_scenario_generator,26006
2026-07-19,IND_GAN,4,26.68,20.92,True,synthetic_scenario_generator,26006
2026-07-20,IND_GAN,6,37.7,30.26,True,synthetic_scenario_generator,26006
2026-07-21,IND_GAN,5,27.71,21.79,True,synthetic_scenario_generator,26006
2026-07-22,IND_GAN,5,34.7,27.71,True,synthetic_scenario_generator,26006
2026-07-23,IND_GAN,4,33.78,26.94,True,synthetic_scenario_generator,26006
2026-07-24,IND_GAN,4,29.02,22.9,True,synthetic_scenario_generator,26006
2026-07-25,IND_GAN,6,21.34,16.39,True,synthetic_scenario_generator,26006
2026-07-26,IND_GAN,6,37.17,29.8,True,synthetic_scenario_generator,26006
2026-07-27,IND_GAN,2,34.45,27.5,True,synthetic_scenario_generator,26006
2026-07-28,IND_GAN,5,32.96,26.24,True,synthetic_scenario_generator,26006
2026-07-29,IND_GAN,5,37.42,30.02,True,synthetic_scenario_generator,26006
2026-07-30,IND_GAN,2,26.03,20.36,True,synthetic_scenario_generator,26006
2026-07-31,IND_GAN,6,30.26,23.95,True,synthetic_scenario_generator,26006
2026-08-01,IND_GAN,3,21.03,16.13,True,synthetic_scenario_generator,26006
2026-08-02,IND_GAN,5,25.74,20.12,True,synthetic_scenario_generator,26006
2026-08-03,IND_GAN,5,34.81,27.8,True,synthetic_scenario_generator,26006
2026-08-04,IND_GAN,3,22.95,17.76,True,synthetic_scenario_generator,26006
2026-08-05,IND_GAN,4,24.57,19.12,True,synthetic_scenario_generator,26006
2026-08-06,IND_GAN,3,20.73,15.88,True,synthetic_scenario_generator,26006
2026-08-07,IND_GAN,1,24.48,19.05,True,synthetic_scenario_generator,26006
2026-08-08,IND_GAN,6,24.75,19.28,True,synthetic_scenario_generator,26006
2026-08-09,IND_GAN,3,23.34,18.08,True,synthetic_scenario_generator,26006
2026-08-10,IND_GAN,3,26.24,20.54,True,synthetic_scenario_generator,26006
2026-08-11,IND_GAN,5,27.97,22.01,True,synthetic_scenario_generator,26006
2026-08-12,IND_GAN,2,19.72,15.02,True,synthetic_scenario_generator,26006
2026-08-13,IND_GAN,4,26.49,20.76,True,synthetic_scenario_generator,26006
2026-08-14,IND_GAN,1,15.13,11.13,True,synthetic_scenario_generator,26006
2026-08-15,IND_GAN,5,20.34,15.54,True,synthetic_scenario_generator,26006
2026-08-16,IND_GAN,2,12.83,9.18,True,synthetic_scenario_generator,26006
2026-08-17,IND_GAN,4,15.9,11.78,True,synthetic_scenario_generator,26006
2026-08-18,IND_GAN,5,22.22,17.14,True,synthetic_scenario_generator,26006
2026-08-19,IND_GAN,4,16.24,12.07,True,synthetic_scenario_generator,26006
2026-08-20,IND_GAN,2,17.34,13.0,True,synthetic_scenario_generator,26006
2026-08-21,IND_GAN,3,14.46,10.56,True,synthetic_scenario_generator,26006
2026-08-22,IND_GAN,5,20.17,15.4,True,synthetic_scenario_generator,26006
2026-08-23,IND_GAN,1,5.95,3.35,True,synthetic_scenario_generator,26006
2026-08-24,IND_GAN,3,12.57,8.96,True,synthetic_scenario_generator,26006
2026-08-25,IND_GAN,4,22.6,17.46,True,synthetic_scenario_generator,26006
2026-08-26,IND_GAN,4,20.25,15.46,True,synthetic_scenario_generator,26006
2026-08-27,IND_GAN,3,19.49,14.82,True,synthetic_scenario_generator,26006
2026-08-28,IND_GAN,1,15.14,11.14,True,synthetic_scenario_generator,26006
2026-08-29,IND_GAN,4,17.87,13.45,True,synthetic_scenario_generator,26006
2026-08-30,IND_GAN,5,29.2,23.05,True,synthetic_scenario_generator,26006
2026-08-31,IND_GAN,2,18.1,13.65,True,synthetic_scenario_generator,26006
