date,port_id,berth_id,available_flag,maintenance_flag,expected_queue_hours,is_synthetic,source_origin,synthetic_seed
2020-01-01,IND_PAR,BULK_01,True,False,13.15,True,synthetic_scenario_generator,26006
2020-01-02,IND_PAR,BULK_01,True,False,24.58,True,synthetic_scenario_generator,26006
2020-01-03,IND_PAR,BULK_01,True,False,16.23,True,synthetic_scenario_generator,26006
2020-01-04,IND_PAR,BULK_01,True,False,23.56,True,synthetic_scenario_generator,26006
2020-01-05,IND_PAR,BULK_01,True,False,26.66,True,synthetic_scenario_generator,26006
2020-01-06,IND_PAR,BULK_01,True,False,22.14,True,synthetic_scenario_generator,26006
2020-01-07,IND_PAR,BULK_01,True,False,28.75,True,synthetic_scenario_generator,26006
2020-01-08,IND_PAR,BULK_01,True,False,10.65,True,synthetic_scenario_generator,26006
2020-01-09,IND_PAR,BULK_01,True,False,22.2,True,synthetic_scenario_generator,26006
2020-01-10,IND_PAR,BULK_01,True,False,23.9,True,synthetic_scenario_generator,26006
2020-01-11,IND_PAR,BULK_01,True,False,28.54,True,synthetic_scenario_generator,26006
2020-01-12,IND_PAR,BULK_01,True,False,22.46,True,synthetic_scenario_generator,26006
2020-01-13,IND_PAR,BULK_01,True,False,16.62,True,synthetic_scenario_generator,26006
2020-01-14,IND_PAR,BULK_01,True,False,36.01,True,synthetic_scenario_generator,26006
2020-01-15,IND_PAR,BULK_01,True,False,35.19,True,synthetic_scenario_generator,26006
2020-01-16,IND_PAR,BULK_01,True,False,14.13,True,synthetic_scenario_generator,26006
2020-01-17,IND_PAR,BULK_01,True,False,22.65,True,synthetic_scenario_generator,26006
2020-01-18,IND_PAR,BULK_01,True,False,28.95,True,synthetic_scenario_generator,26006
2020-01-19,IND_PAR,BULK_01,True,False,30.6,True,synthetic_scenario_generator,26006
2020-01-20,IND_PAR,BULK_01,True,False,31.48,True,synthetic_scenario_generator,26006
2020-01-21,IND_PAR,BULK_01,True,False,34.61,True,synthetic_scenario_generator,26006
2020-01-22,IND_PAR,BULK_01,True,False,30.05,True,synthetic_scenario_generator,26006
2020-01-23,IND_PAR,BULK_01,True,False,21.02,True,synthetic_scenario_generator,26006
2020-01-24,IND_PAR,BULK_01,True,False,28.07,True,synthetic_scenario_generator,26006
2020-01-25,IND_PAR,BULK_01,True,False,32.43,True,synthetic_scenario_generator,26006
2020-01-26,IND_PAR,BULK_01,True,False,35.55,True,synthetic_scenario_generator,26006
2020-01-27,IND_PAR,BULK_01,True,False,32.03,True,synthetic_scenario_generator,26006
2020-01-28,IND_PAR,BULK_01,True,False,32.23,True,synthetic_scenario_generator,26006
2020-01-29,IND_PAR,BULK_01,True,False,25.31,True,synthetic_scenario_generator,26006
2020-01-30,IND_PAR,BULK_01,True,False,23.18,True,synthetic_scenario_generator,26006
2020-01-31,IND_PAR,BULK_01,True,False,35.86,True,synthetic_scenario_generator,26006
2020-02-01,IND_PAR,BULK_01,True,False,33.63,True,synthetic_scenario_generator,26006
2020-02-02,IND_PAR,BULK_01,True,False,35.44,True,synthetic_scenario_generator,26006
2020-02-03,IND_PAR,BULK_01,True,False,28.42,True,synthetic_scenario_generator,26006
2020-02-04,IND_PAR,BULK_01,True,False,32.67,True,synthetic_scenario_generator,26006
2020-02-05,IND_PAR,BULK_01,True,False,26.95,True,synthetic_scenario_generator,26006
2020-02-06,IND_PAR,BULK_01,True,False,26.08,True,synthetic_scenario_generator,26006
2020-02-07,IND_PAR,BULK_01,True,False,29.37,True,synthetic_scenario_generator,26006
2020-02-08,IND_PAR,BULK_01,True,False,23.29,True,synthetic_scenario_generator,26006
2020-02-09,IND_PAR,BULK_01,True,False,25.49,True,synthetic_scenario_generator,26006
2020-02-10,IND_PAR,BULK_01,True,False,29.22,True,synthetic_scenario_generator,26006
2020-02-11,IND_PAR,BULK_01,True,False,26.82,True,synthetic_scenario_generator,26006
2020-02-12,IND_PAR,BULK_01,True,False,23.52,True,synthetic_scenario_generator,26006
2020-02-13,IND_PAR,BULK_01,True,False,19.78,True,synthetic_scenario_generator,26006
2020-02-14,IND_PAR,BULK_01,True,False,23.74,True,synthetic_scenario_generator,26006
2020-02-15,IND_PAR,BULK_01,True,False,19.24,True,synthetic_scenario_generator,26006
2020-02-16,IND_PAR,BULK_01,True,False,17.92,True,synthetic_scenario_generator,26006
2020-02-17,IND_PAR,BULK_01,True,False,18.93,True,synthetic_scenario_generator,26006
2020-02-18,IND_PAR,BULK_01,True,False,22.91,True,synthetic_scenario_generator,26006
2020-02-19,IND_PAR,BULK_01,True,False,20.59,True,synthetic_scenario_generator,26006
2020-02-20,IND_PAR,BULK_01,True,False,17.29,True,synthetic_scenario_generator,26006
2020-02-21,IND_PAR,BULK_01,True,False,18.41,True,synthetic_scenario_generator,26006
2020-02-22,IND_PAR,BULK_01,True,False,25.47,True,synthetic_scenario_generator,26006
2020-02-23,IND_PAR,BULK_01,True,False,23.15,True,synthetic_scenario_generator,26006
2020-02-24,IND_PAR,BULK_01,True,False,2.07,True,synthetic_scenario_generator,26006
2020-02-25,IND_PAR,BULK_01,True,False,22.05,True,synthetic_scenario_generator,26006
2020-02-26,IND_PAR,BULK_01,True,False,5.02,True,synthetic_scenario_generator,26006
2020-02-27,IND_PAR,BULK_01,True,False,15.33,True,synthetic_scenario_generator,26006
2020-02-28,IND_PAR,BULK_01,True,False,15.6,True,synthetic_scenario_generator,26006
2020-02-29,IND_PAR,BULK_01,True,False,25.35,True,synthetic_scenario_generator,26006
2020-03-01,IND_PAR,BULK_01,True,False,15.13,True,synthetic_scenario_generator,26006
2020-03-02,IND_PAR,BULK_01,True,False,5.36,True,synthetic_scenario_generator,26006
2020-03-03,IND_PAR,BULK_01,True,False,12.91,True,synthetic_scenario_generator,26006
2020-03-04,IND_PAR,BULK_01,True,False,7.63,True,synthetic_scenario_generator,26006
2020-03-05,IND_PAR,BULK_01,True,False,17.03,True,synthetic_scenario_generator,26006
2020-03-06,IND_PAR,BULK_01,True,False,18.99,True,synthetic_scenario_generator,26006
2020-03-07,IND_PAR,BULK_01,True,False,2.97,True,synthetic_scenario_generator,26006
2020-03-08,IND_PAR,BULK_01,True,False,7.81,True,synthetic_scenario_generator,26006
2020-03-09,IND_PAR,BULK_01,True,False,19.15,True,synthetic_scenario_generator,26006
2020-03-10,IND_PAR,BULK_01,True,False,11.82,True,synthetic_scenario_generator,26006
2020-03-11,IND_PAR,BULK_01,True,False,7.1,True,synthetic_scenario_generator,26006
2020-03-12,IND_PAR,BULK_01,True,False,18.41,True,synthetic_scenario_generator,26006
2020-03-13,IND_PAR,BULK_01,True,False,14.78,True,synthetic_scenario_generator,26006
2020-03-14,IND_PAR,BULK_01,True,False,10.02,True,synthetic_scenario_generator,26006
2020-03-15,IND_PAR,BULK_01,False,True,16.21,True,synthetic_scenario_generator,26006
2020-03-16,IND_PAR,BULK_01,True,False,12.24,True,synthetic_scenario_generator,26006
2020-03-17,IND_PAR,BULK_01,True,False,12.72,True,synthetic_scenario_generator,26006
2020-03-18,IND_PAR,BULK_01,True,False,17.37,True,synthetic_scenario_generator,26006
2020-03-19,IND_PAR,BULK_01,True,False,17.14,True,synthetic_scenario_generator,26006
2020-03-20,IND_PAR,BULK_01,True,False,15.51,True,synthetic_scenario_generator,26006
2020-03-21,IND_PAR,BULK_01,True,False,16.48,True,synthetic_scenario_generator,26006
2020-03-22,IND_PAR,BULK_01,True,False,19.83,True,synthetic_scenario_generator,26006
2020-03-23,IND_PAR,BULK_01,True,False,15.25,True,synthetic_scenario_generator,26006
2020-03-24,IND_PAR,BULK_01,True,False,21.07,True,synthetic_scenario_generator,26006
2020-03-25,IND_PAR,BULK_01,True,False,18.79,True,synthetic_scenario_generator,26006
2020-03-26,IND_PAR,BULK_01,True,False,14.97,True,synthetic_scenario_generator,26006
2020-03-27,IND_PAR,BULK_01,True,False,14.54,True,synthetic_scenario_generator,26006
2020-03-28,IND_PAR,BULK_01,True,False,22.55,True,synthetic_scenario_generator,26006
2020-03-29,IND_PAR,BULK_01,True,False,27.31,True,synthetic_scenario_generator,26006
2020-03-30,IND_PAR,BULK_01,True,False,17.36,True,synthetic_scenario_generator,26006
2020-03-31,IND_PAR,BULK_01,True,False,10.71,True,synthetic_scenario_generator,26006
2020-04-01,IND_PAR,BULK_01,True,False,25.07,True,synthetic_scenario_generator,26006
2020-04-02,IND_PAR,BULK_01,True,False,26.0,True,synthetic_scenario_generator,26006
2020-04-03,IND_PAR,BULK_01,True,False,17.83,True,synthetic_scenario_generator,26006
2020-04-04,IND_PAR,BULK_01,True,False,22.48,True,synthetic_scenario_generator,26006
2020-04-05,IND_PAR,BULK_01,True,False,28.01,True,synthetic_scenario_generator,26006
2020-04-06,IND_PAR,BULK_01,True,False,30.18,True,synthetic_scenario_generator,26006
2020-04-07,IND_PAR,BULK_01,True,False,27.99,True,synthetic_scenario_generator,26006
2020-04-08,IND_PAR,BULK_01,True,False,34.78,True,synthetic_scenario_generator,26006
2020-04-09,IND_PAR,BULK_01,True,False,31.53,True,synthetic_scenario_generator,26006
2020-04-10,IND_PAR,BULK_01,True,False,36.44,True,synthetic_scenario_generator,26006
2020-04-11,IND_PAR,BULK_01,True,False,29.79,True,synthetic_scenario_generator,26006
2020-04-12,IND_PAR,BULK_01,True,False,23.89,True,synthetic_scenario_generator,26006
2020-04-13,IND_PAR,BULK_01,True,False,38.83,True,synthetic_scenario_generator,26006
2020-04-14,IND_PAR,BULK_01,True,False,32.16,True,synthetic_scenario_generator,26006
2020-04-15,IND_PAR,BULK_01,True,False,35.22,True,synthetic_scenario_generator,26006
2020-04-16,IND_PAR,BULK_01,True,False,29.64,True,synthetic_scenario_generator,26006
2020-04-17,IND_PAR,BULK_01,True,False,31.26,True,synthetic_scenario_generator,26006
2020-04-18,IND_PAR,BULK_01,True,False,28.51,True,synthetic_scenario_generator,26006
2020-04-19,IND_PAR,BULK_01,True,False,32.99,True,synthetic_scenario_generator,26006
2020-04-20,IND_PAR,BULK_01,True,False,27.7,True,synthetic_scenario_generator,26006
2020-04-21,IND_PAR,BULK_01,True,False,34.45,True,synthetic_scenario_generator,26006
2020-04-22,IND_PAR,BULK_01,True,False,38.18,True,synthetic_scenario_generator,26006
2020-04-23,IND_PAR,BULK_01,True,False,32.93,True,synthetic_scenario_generator,26006
2020-04-24,IND_PAR,BULK_01,True,False,33.48,True,synthetic_scenario_generator,26006
2020-04-25,IND_PAR,BULK_01,True,False,31.47,True,synthetic_scenario_generator,26006
2020-04-26,IND_PAR,BULK_01,True,False,44.47,True,synthetic_scenario_generator,26006
2020-04-27,IND_PAR,BULK_01,True,False,29.11,True,synthetic_scenario_generator,26006
2020-04-28,IND_PAR,BULK_01,True,False,33.04,True,synthetic_scenario_generator,26006
2020-04-29,IND_PAR,BULK_01,True,False,34.87,True,synthetic_scenario_generator,26006
2020-04-30,IND_PAR,BULK_01,True,False,24.61,True,synthetic_scenario_generator,26006
2020-05-01,IND_PAR,BULK_01,True,False,28.76,True,synthetic_scenario_generator,26006
2020-05-02,IND_PAR,BULK_01,True,False,29.3,True,synthetic_scenario_generator,26006
2020-05-03,IND_PAR,BULK_01,True,False,32.42,True,synthetic_scenario_generator,26006
2020-05-04,IND_PAR,BULK_01,True,False,18.43,True,synthetic_scenario_generator,26006
2020-05-05,IND_PAR,BULK_01,True,False,31.62,True,synthetic_scenario_generator,26006
2020-05-06,IND_PAR,BULK_01,True,False,26.23,True,synthetic_scenario_generator,26006
2020-05-07,IND_PAR,BULK_01,True,False,29.11,True,synthetic_scenario_generator,26006
2020-05-08,IND_PAR,BULK_01,True,False,33.32,True,synthetic_scenario_generator,26006
2020-05-09,IND_PAR,BULK_01,True,False,36.85,True,synthetic_scenario_generator,26006
2020-05-10,IND_PAR,BULK_01,True,False,28.06,True,synthetic_scenario_generator,26006
2020-05-11,IND_PAR,BULK_01,True,False,32.45,True,synthetic_scenario_generator,26006
2020-05-12,IND_PAR,BULK_01,True,False,26.78,True,synthetic_scenario_generator,26006
2020-05-13,IND_PAR,BULK_01,True,False,31.07,True,synthetic_scenario_generator,26006
2020-05-14,IND_PAR,BULK_01,True,False,20.29,True,synthetic_scenario_generator,26006
2020-05-15,IND_PAR,BULK_01,True,False,30.55,True,synthetic_scenario_generator,26006
2020-05-16,IND_PAR,BULK_01,True,False,18.94,True,synthetic_scenario_generator,26006
2020-05-17,IND_PAR,BULK_01,True,False,25.04,True,synthetic_scenario_generator,26006
2020-05-18,IND_PAR,BULK_01,True,False,22.66,True,synthetic_scenario_generator,26006
2020-05-19,IND_PAR,BULK_01,True,False,21.3,True,synthetic_scenario_generator,26006
2020-05-20,IND_PAR,BULK_01,True,False,24.58,True,synthetic_scenario_generator,26006
2020-05-21,IND_PAR,BULK_01,True,False,5.13,True,synthetic_scenario_generator,26006
2020-05-22,IND_PAR,BULK_01,True,False,19.77,True,synthetic_scenario_generator,26006
2020-05-23,IND_PAR,BULK_01,True,False,18.69,True,synthetic_scenario_generator,26006
2020-05-24,IND_PAR,BULK_01,True,False,16.61,True,synthetic_scenario_generator,26006
2020-05-25,IND_PAR,BULK_01,True,False,21.16,True,synthetic_scenario_generator,26006
2020-05-26,IND_PAR,BULK_01,True,False,17.31,True,synthetic_scenario_generator,26006
2020-05-27,IND_PAR,BULK_01,True,False,12.79,True,synthetic_scenario_generator,26006
2020-05-28,IND_PAR,BULK_01,True,False,13.62,True,synthetic_scenario_generator,26006
2020-05-29,IND_PAR,BULK_01,True,False,10.83,True,synthetic_scenario_generator,26006
2020-05-30,IND_PAR,BULK_01,True,False,19.38,True,synthetic_scenario_generator,26006
2020-05-31,IND_PAR,BULK_01,True,False,24.21,True,synthetic_scenario_generator,26006
2020-06-01,IND_PAR,BULK_01,True,False,17.69,True,synthetic_scenario_generator,26006
2020-06-02,IND_PAR,BULK_01,True,False,14.38,True,synthetic_scenario_generator,26006
2020-06-03,IND_PAR,BULK_01,True,False,15.09,True,synthetic_scenario_generator,26006
2020-06-04,IND_PAR,BULK_01,True,False,29.81,True,synthetic_scenario_generator,26006
2020-06-05,IND_PAR,BULK_01,True,False,24.96,True,synthetic_scenario_generator,26006
2020-06-06,IND_PAR,BULK_01,True,False,24.53,True,synthetic_scenario_generator,26006
2020-06-07,IND_PAR,BULK_01,True,False,26.05,True,synthetic_scenario_generator,26006
2020-06-08,IND_PAR,BULK_01,True,False,18.36,True,synthetic_scenario_generator,26006
2020-06-09,IND_PAR,BULK_01,True,False,21.96,True,synthetic_scenario_generator,26006
2020-06-10,IND_PAR,BULK_01,True,False,23.37,True,synthetic_scenario_generator,26006
2020-06-11,IND_PAR,BULK_01,True,False,16.23,True,synthetic_scenario_generator,26006
2020-06-12,IND_PAR,BULK_01,True,False,25.17,True,synthetic_scenario_generator,26006
2020-06-13,IND_PAR,BULK_01,True,False,24.23,True,synthetic_scenario_generator,26006
2020-06-14,IND_PAR,BULK_01,True,False,25.91,True,synthetic_scenario_generator,26006
2020-06-15,IND_PAR,BULK_01,True,False,21.68,True,synthetic_scenario_generator,26006
2020-06-16,IND_PAR,BULK_01,True,False,21.85,True,synthetic_scenario_generator,26006
2020-06-17,IND_PAR,BULK_01,True,False,16.79,True,synthetic_scenario_generator,26006
2020-06-18,IND_PAR,BULK_01,True,False,26.52,True,synthetic_scenario_generator,26006
2020-06-19,IND_PAR,BULK_01,True,False,23.64,True,synthetic_scenario_generator,26006
2020-06-20,IND_PAR,BULK_01,True,False,22.02,True,synthetic_scenario_generator,26006
2020-06-21,IND_PAR,BULK_01,True,False,19.53,True,synthetic_scenario_generator,26006
2020-06-22,IND_PAR,BULK_01,True,False,23.6,True,synthetic_scenario_generator,26006
2020-06-23,IND_PAR,BULK_01,True,False,27.49,True,synthetic_scenario_generator,26006
2020-06-24,IND_PAR,BULK_01,True,False,29.35,True,synthetic_scenario_generator,26006
2020-06-25,IND_PAR,BULK_01,True,False,24.43,True,synthetic_scenario_generator,26006
2020-06-26,IND_PAR,BULK_01,True,False,30.37,True,synthetic_scenario_generator,26006
2020-06-27,IND_PAR,BULK_01,True,False,16.35,True,synthetic_scenario_generator,26006
2020-06-28,IND_PAR,BULK_01,True,False,24.92,True,synthetic_scenario_generator,26006
2020-06-29,IND_PAR,BULK_01,True,False,26.82,True,synthetic_scenario_generator,26006
2020-06-30,IND_PAR,BULK_01,True,False,28.37,True,synthetic_scenario_generator,26006
2020-07-01,IND_PAR,BULK_01,True,False,33.15,True,synthetic_scenario_generator,26006
2020-07-02,IND_PAR,BULK_01,True,False,28.49,True,synthetic_scenario_generator,26006
2020-07-03,IND_PAR,BULK_01,True,False,27.89,True,synthetic_scenario_generator,26006
2020-07-04,IND_PAR,BULK_01,True,False,28.35,True,synthetic_scenario_generator,26006
2020-07-05,IND_PAR,BULK_01,True,False,41.84,True,synthetic_scenario_generator,26006
2020-07-06,IND_PAR,BULK_01,True,False,34.75,True,synthetic_scenario_generator,26006
2020-07-07,IND_PAR,BULK_01,True,False,26.89,True,synthetic_scenario_generator,26006
2020-07-08,IND_PAR,BULK_01,True,False,35.71,True,synthetic_scenario_generator,26006
2020-07-09,IND_PAR,BULK_01,True,False,27.76,True,synthetic_scenario_generator,26006
2020-07-10,IND_PAR,BULK_01,True,False,35.42,True,synthetic_scenario_generator,26006
2020-07-11,IND_PAR,BULK_01,True,False,40.51,True,synthetic_scenario_generator,26006
2020-07-12,IND_PAR,BULK_01,True,False,39.39,True,synthetic_scenario_generator,26006
2020-07-13,IND_PAR,BULK_01,True,False,35.86,True,synthetic_scenario_generator,26006
2020-07-14,IND_PAR,BULK_01,True,False,37.67,True,synthetic_scenario_generator,26006
2020-07-15,IND_PAR,BULK_01,True,False,39.71,True,synthetic_scenario_generator,26006
2020-07-16,IND_PAR,BULK_01,True,False,40.9,True,synthetic_scenario_generator,26006
2020-07-17,IND_PAR,BULK_01,True,False,44.61,True,synthetic_scenario_generator,26006
2020-07-18,IND_PAR,BULK_01,True,False,32.99,True,synthetic_scenario_generator,26006
2020-07-19,IND_PAR,BULK_01,True,False,24.12,True,synthetic_scenario_generator,26006
2020-07-20,IND_PAR,BULK_01,True,False,28.56,True,synthetic_scenario_generator,26006
2020-07-21,IND_PAR,BULK_01,True,False,37.83,True,synthetic_scenario_generator,26006
2020-07-22,IND_PAR,BULK_01,True,False,48.92,True,synthetic_scenario_generator,26006
2020-07-23,IND_PAR,BULK_01,True,False,46.54,True,synthetic_scenario_generator,26006
2020-07-24,IND_PAR,BULK_01,True,False,37.19,True,synthetic_scenario_generator,26006
2020-07-25,IND_PAR,BULK_01,True,False,36.05,True,synthetic_scenario_generator,26006
2020-07-26,IND_PAR,BULK_01,True,False,38.94,True,synthetic_scenario_generator,26006
2020-07-27,IND_PAR,BULK_01,True,False,33.21,True,synthetic_scenario_generator,26006
2020-07-28,IND_PAR,BULK_01,True,False,30.41,True,synthetic_scenario_generator,26006
2020-07-29,IND_PAR,BULK_01,True,False,32.72,True,synthetic_scenario_generator,26006
2020-07-30,IND_PAR,BULK_01,True,False,25.63,True,synthetic_scenario_generator,26006
2020-07-31,IND_PAR,BULK_01,True,False,31.5,True,synthetic_scenario_generator,26006
2020-08-01,IND_PAR,BULK_01,True,False,41.06,True,synthetic_scenario_generator,26006
2020-08-02,IND_PAR,BULK_01,True,False,39.46,True,synthetic_scenario_generator,26006
2020-08-03,IND_PAR,BULK_01,True,False,31.79,True,synthetic_scenario_generator,26006
2020-08-04,IND_PAR,BULK_01,True,False,24.75,True,synthetic_scenario_generator,26006
2020-08-05,IND_PAR,BULK_01,True,False,18.14,True,synthetic_scenario_generator,26006
2020-08-06,IND_PAR,BULK_01,True,False,38.93,True,synthetic_scenario_generator,26006
2020-08-07,IND_PAR,BULK_01,True,False,28.83,True,synthetic_scenario_generator,26006
2020-08-08,IND_PAR,BULK_01,True,False,12.34,True,synthetic_scenario_generator,26006
2020-08-09,IND_PAR,BULK_01,True,False,30.99,True,synthetic_scenario_generator,26006
2020-08-10,IND_PAR,BULK_01,True,False,29.5,True,synthetic_scenario_generator,26006
2020-08-11,IND_PAR,BULK_01,True,False,30.15,True,synthetic_scenario_generator,26006
2020-08-12,IND_PAR,BULK_01,True,False,13.29,True,synthetic_scenario_generator,26006
2020-08-13,IND_PAR,BULK_01,True,False,23.24,True,synthetic_scenario_generator,26006
2020-08-14,IND_PAR,BULK_01,True,False,23.05,True,synthetic_scenario_generator,26006
2020-08-15,IND_PAR,BULK_01,True,False,21.92,True,synthetic_scenario_generator,26006
2020-08-16,IND_PAR,BULK_01,True,False,39.82,True,synthetic_scenario_generator,26006
2020-08-17,IND_PAR,BULK_01,True,False,18.46,True,synthetic_scenario_generator,26006
2020-08-18,IND_PAR,BULK_01,True,False,27.53,True,synthetic_scenario_generator,26006
2020-08-19,IND_PAR,BULK_01,True,False,22.0,True,synthetic_scenario_generator,26006
2020-08-20,IND_PAR,BULK_01,True,False,14.39,True,synthetic_scenario_generator,26006
2020-08-21,IND_PAR,BULK_01,True,False,13.11,True,synthetic_scenario_generator,26006
2020-08-22,IND_PAR,BULK_01,True,False,22.46,True,synthetic_scenario_generator,26006
2020-08-23,IND_PAR,BULK_01,True,False,18.8,True,synthetic_scenario_generator,26006
2020-08-24,IND_PAR,BULK_01,True,False,22.24,True,synthetic_scenario_generator,26006
2020-08-25,IND_PAR,BULK_01,True,False,18.43,True,synthetic_scenario_generator,26006
2020-08-26,IND_PAR,BULK_01,True,False,20.61,True,synthetic_scenario_generator,26006
2020-08-27,IND_PAR,BULK_01,True,False,19.91,True,synthetic_scenario_generator,26006
2020-08-28,IND_PAR,BULK_01,True,False,20.92,True,synthetic_scenario_generator,26006
2020-08-29,IND_PAR,BULK_01,True,False,19.78,True,synthetic_scenario_generator,26006
2020-08-30,IND_PAR,BULK_01,True,False,11.33,True,synthetic_scenario_generator,26006
2020-08-31,IND_PAR,BULK_01,True,False,30.03,True,synthetic_scenario_generator,26006
2020-09-01,IND_PAR,BULK_01,True,False,11.45,True,synthetic_scenario_generator,26006
2020-09-02,IND_PAR,BULK_01,True,False,22.29,True,synthetic_scenario_generator,26006
2020-09-03,IND_PAR,BULK_01,True,False,14.88,True,synthetic_scenario_generator,26006
2020-09-04,IND_PAR,BULK_01,True,False,32.34,True,synthetic_scenario_generator,26006
2020-09-05,IND_PAR,BULK_01,True,False,17.69,True,synthetic_scenario_generator,26006
2020-09-06,IND_PAR,BULK_01,True,False,14.02,True,synthetic_scenario_generator,26006
2020-09-07,IND_PAR,BULK_01,True,False,20.87,True,synthetic_scenario_generator,26006
2020-09-08,IND_PAR,BULK_01,True,False,31.83,True,synthetic_scenario_generator,26006
2020-09-09,IND_PAR,BULK_01,True,False,20.88,True,synthetic_scenario_generator,26006
2020-09-10,IND_PAR,BULK_01,True,False,15.45,True,synthetic_scenario_generator,26006
2020-09-11,IND_PAR,BULK_01,True,False,17.82,True,synthetic_scenario_generator,26006
2020-09-12,IND_PAR,BULK_01,True,False,16.8,True,synthetic_scenario_generator,26006
2020-09-13,IND_PAR,BULK_01,True,False,15.01,True,synthetic_scenario_generator,26006
2020-09-14,IND_PAR,BULK_01,True,False,14.18,True,synthetic_scenario_generator,26006
2020-09-15,IND_PAR,BULK_01,False,True,20.67,True,synthetic_scenario_generator,26006
2020-09-16,IND_PAR,BULK_01,True,False,13.15,True,synthetic_scenario_generator,26006
2020-09-17,IND_PAR,BULK_01,True,False,28.4,True,synthetic_scenario_generator,26006
2020-09-18,IND_PAR,BULK_01,True,False,19.71,True,synthetic_scenario_generator,26006
2020-09-19,IND_PAR,BULK_01,True,False,17.89,True,synthetic_scenario_generator,26006
2020-09-20,IND_PAR,BULK_01,True,False,16.29,True,synthetic_scenario_generator,26006
2020-09-21,IND_PAR,BULK_01,True,False,20.46,True,synthetic_scenario_generator,26006
2020-09-22,IND_PAR,BULK_01,True,False,22.84,True,synthetic_scenario_generator,26006
2020-09-23,IND_PAR,BULK_01,True,False,22.83,True,synthetic_scenario_generator,26006
2020-09-24,IND_PAR,BULK_01,True,False,15.46,True,synthetic_scenario_generator,26006
2020-09-25,IND_PAR,BULK_01,True,False,25.46,True,synthetic_scenario_generator,26006
2020-09-26,IND_PAR,BULK_01,True,False,26.02,True,synthetic_scenario_generator,26006
2020-09-27,IND_PAR,BULK_01,True,False,23.75,True,synthetic_scenario_generator,26006
2020-09-28,IND_PAR,BULK_01,True,False,17.43,True,synthetic_scenario_generator,26006
2020-09-29,IND_PAR,BULK_01,True,False,26.13,True,synthetic_scenario_generator,26006
2020-09-30,IND_PAR,BULK_01,True,False,32.66,True,synthetic_scenario_generator,26006
2020-10-01,IND_PAR,BULK_01,True,False,29.91,True,synthetic_scenario_generator,26006
2020-10-02,IND_PAR,BULK_01,True,False,25.02,True,synthetic_scenario_generator,26006
2020-10-03,IND_PAR,BULK_01,True,False,25.72,True,synthetic_scenario_generator,26006
2020-10-04,IND_PAR,BULK_01,True,False,26.95,True,synthetic_scenario_generator,26006
2020-10-05,IND_PAR,BULK_01,True,False,32.7,True,synthetic_scenario_generator,26006
2020-10-06,IND_PAR,BULK_01,True,False,35.27,True,synthetic_scenario_generator,26006
2020-10-07,IND_PAR,BULK_01,True,False,39.32,True,synthetic_scenario_generator,26006
2020-10-08,IND_PAR,BULK_01,True,False,26.5,True,synthetic_scenario_generator,26006
2020-10-09,IND_PAR,BULK_01,True,False,30.69,True,synthetic_scenario_generator,26006
2020-10-10,IND_PAR,BULK_01,True,False,31.24,True,synthetic_scenario_generator,26006
2020-10-11,IND_PAR,BULK_01,True,False,31.46,True,synthetic_scenario_generator,26006
2020-10-12,IND_PAR,BULK_01,True,False,34.97,True,synthetic_scenario_generator,26006
2020-10-13,IND_PAR,BULK_01,True,False,30.04,True,synthetic_scenario_generator,26006
2020-10-14,IND_PAR,BULK_01,True,False,24.55,True,synthetic_scenario_generator,26006
2020-10-15,IND_PAR,BULK_01,True,False,38.38,True,synthetic_scenario_generator,26006
2020-10-16,IND_PAR,BULK_01,True,False,38.34,True,synthetic_scenario_generator,26006
2020-10-17,IND_PAR,BULK_01,True,False,33.68,True,synthetic_scenario_generator,26006
2020-10-18,IND_PAR,BULK_01,True,False,31.18,True,synthetic_scenario_generator,26006
2020-10-19,IND_PAR,BULK_01,True,False,31.89,True,synthetic_scenario_generator,26006
2020-10-20,IND_PAR,BULK_01,True,False,36.84,True,synthetic_scenario_generator,26006
2020-10-21,IND_PAR,BULK_01,True,False,33.23,True,synthetic_scenario_generator,26006
2020-10-22,IND_PAR,BULK_01,True,False,33.84,True,synthetic_scenario_generator,26006
2020-10-23,IND_PAR,BULK_01,True,False,32.52,True,synthetic_scenario_generator,26006
2020-10-24,IND_PAR,BULK_01,True,False,34.89,True,synthetic_scenario_generator,26006
2020-10-25,IND_PAR,BULK_01,True,False,34.64,True,synthetic_scenario_generator,26006
2020-10-26,IND_PAR,BULK_01,True,False,39.65,True,synthetic_scenario_generator,26006
2020-10-27,IND_PAR,BULK_01,True,False,36.13,True,synthetic_scenario_generator,26006
2020-10-28,IND_PAR,BULK_01,True,False,27.17,True,synthetic_scenario_generator,26006
2020-10-29,IND_PAR,BULK_01,True,False,33.08,True,synthetic_scenario_generator,26006
2020-10-30,IND_PAR,BULK_01,True,False,29.85,True,synthetic_scenario_generator,26006
2020-10-31,IND_PAR,BULK_01,True,False,32.35,True,synthetic_scenario_generator,26006
2020-11-01,IND_PAR,BULK_01,True,False,36.61,True,synthetic_scenario_generator,26006
2020-11-02,IND_PAR,BULK_01,True,False,29.7,True,synthetic_scenario_generator,26006
2020-11-03,IND_PAR,BULK_01,True,False,36.01,True,synthetic_scenario_generator,26006
2020-11-04,IND_PAR,BULK_01,True,False,38.81,True,synthetic_scenario_generator,26006
2020-11-05,IND_PAR,BULK_01,True,False,24.54,True,synthetic_scenario_generator,26006
2020-11-06,IND_PAR,BULK_01,True,False,24.79,True,synthetic_scenario_generator,26006
2020-11-07,IND_PAR,BULK_01,True,False,20.77,True,synthetic_scenario_generator,26006
2020-11-08,IND_PAR,BULK_01,True,False,28.98,True,synthetic_scenario_generator,26006
2020-11-09,IND_PAR,BULK_01,True,False,26.46,True,synthetic_scenario_generator,26006
2020-11-10,IND_PAR,BULK_01,True,False,29.21,True,synthetic_scenario_generator,26006
2020-11-11,IND_PAR,BULK_01,True,False,24.79,True,synthetic_scenario_generator,26006
2020-11-12,IND_PAR,BULK_01,True,False,21.21,True,synthetic_scenario_generator,26006
2020-11-13,IND_PAR,BULK_01,True,False,26.64,True,synthetic_scenario_generator,26006
2020-11-14,IND_PAR,BULK_01,True,False,27.92,True,synthetic_scenario_generator,26006
2020-11-15,IND_PAR,BULK_01,True,False,22.4,True,synthetic_scenario_generator,26006
2020-11-16,IND_PAR,BULK_01,True,False,10.47,True,synthetic_scenario_generator,26006
2020-11-17,IND_PAR,BULK_01,True,False,17.35,True,synthetic_scenario_generator,26006
2020-11-18,IND_PAR,BULK_01,True,False,33.14,True,synthetic_scenario_generator,26006
2020-11-19,IND_PAR,BULK_01,True,False,14.96,True,synthetic_scenario_generator,26006
2020-11-20,IND_PAR,BULK_01,True,False,27.2,True,synthetic_scenario_generator,26006
2020-11-21,IND_PAR,BULK_01,True,False,25.22,True,synthetic_scenario_generator,26006
2020-11-22,IND_PAR,BULK_01,True,False,12.16,True,synthetic_scenario_generator,26006
2020-11-23,IND_PAR,BULK_01,True,False,23.6,True,synthetic_scenario_generator,26006
2020-11-24,IND_PAR,BULK_01,True,False,16.84,True,synthetic_scenario_generator,26006
2020-11-25,IND_PAR,BULK_01,True,False,21.97,True,synthetic_scenario_generator,26006
2020-11-26,IND_PAR,BULK_01,True,False,16.81,True,synthetic_scenario_generator,26006
2020-11-27,IND_PAR,BULK_01,True,False,21.39,True,synthetic_scenario_generator,26006
2020-11-28,IND_PAR,BULK_01,True,False,18.57,True,synthetic_scenario_generator,26006
2020-11-29,IND_PAR,BULK_01,True,False,15.43,True,synthetic_scenario_generator,26006
2020-11-30,IND_PAR,BULK_01,True,False,22.0,True,synthetic_scenario_generator,26006
2020-12-01,IND_PAR,BULK_01,True,False,19.3,True,synthetic_scenario_generator,26006
2020-12-02,IND_PAR,BULK_01,True,False,23.62,True,synthetic_scenario_generator,26006
2020-12-03,IND_PAR,BULK_01,True,False,9.4,True,synthetic_scenario_generator,26006
2020-12-04,IND_PAR,BULK_01,True,False,21.57,True,synthetic_scenario_generator,26006
2020-12-05,IND_PAR,BULK_01,True,False,17.44,True,synthetic_scenario_generator,26006
2020-12-06,IND_PAR,BULK_01,True,False,12.23,True,synthetic_scenario_generator,26006
2020-12-07,IND_PAR,BULK_01,True,False,11.16,True,synthetic_scenario_generator,26006
2020-12-08,IND_PAR,BULK_01,True,False,17.24,True,synthetic_scenario_generator,26006
2020-12-09,IND_PAR,BULK_01,True,False,12.0,True,synthetic_scenario_generator,26006
2020-12-10,IND_PAR,BULK_01,True,False,22.8,True,synthetic_scenario_generator,26006
2020-12-11,IND_PAR,BULK_01,True,False,9.03,True,synthetic_scenario_generator,26006
2020-12-12,IND_PAR,BULK_01,True,False,18.87,True,synthetic_scenario_generator,26006
2020-12-13,IND_PAR,BULK_01,True,False,13.79,True,synthetic_scenario_generator,26006
2020-12-14,IND_PAR,BULK_01,True,False,15.61,True,synthetic_scenario_generator,26006
2020-12-15,IND_PAR,BULK_01,True,False,19.2,True,synthetic_scenario_generator,26006
2020-12-16,IND_PAR,BULK_01,True,False,21.71,True,synthetic_scenario_generator,26006
2020-12-17,IND_PAR,BULK_01,True,False,23.75,True,synthetic_scenario_generator,26006
2020-12-18,IND_PAR,BULK_01,True,False,30.26,True,synthetic_scenario_generator,26006
2020-12-19,IND_PAR,BULK_01,True,False,36.23,True,synthetic_scenario_generator,26006
2020-12-20,IND_PAR,BULK_01,True,False,10.91,True,synthetic_scenario_generator,26006
2020-12-21,IND_PAR,BULK_01,True,False,22.21,True,synthetic_scenario_generator,26006
2020-12-22,IND_PAR,BULK_01,True,False,15.33,True,synthetic_scenario_generator,26006
2020-12-23,IND_PAR,BULK_01,True,False,19.43,True,synthetic_scenario_generator,26006
2020-12-24,IND_PAR,BULK_01,True,False,19.83,True,synthetic_scenario_generator,26006
2020-12-25,IND_PAR,BULK_01,True,False,18.62,True,synthetic_scenario_generator,26006
2020-12-26,IND_PAR,BULK_01,True,False,31.28,True,synthetic_scenario_generator,26006
2020-12-27,IND_PAR,BULK_01,True,False,28.95,True,synthetic_scenario_generator,26006
2020-12-28,IND_PAR,BULK_01,True,False,33.72,True,synthetic_scenario_generator,26006
2020-12-29,IND_PAR,BULK_01,True,False,26.36,True,synthetic_scenario_generator,26006
2020-12-30,IND_PAR,BULK_01,True,False,31.06,True,synthetic_scenario_generator,26006
2020-12-31,IND_PAR,BULK_01,True,False,27.13,True,synthetic_scenario_generator,26006
2021-01-01,IND_PAR,BULK_01,True,False,27.81,True,synthetic_scenario_generator,26006
2021-01-02,IND_PAR,BULK_01,True,False,24.93,True,synthetic_scenario_generator,26006
2021-01-03,IND_PAR,BULK_01,True,False,33.89,True,synthetic_scenario_generator,26006
2021-01-04,IND_PAR,BULK_01,True,False,21.5,True,synthetic_scenario_generator,26006
2021-01-05,IND_PAR,BULK_01,True,False,24.67,True,synthetic_scenario_generator,26006
2021-01-06,IND_PAR,BULK_01,True,False,21.42,True,synthetic_scenario_generator,26006
2021-01-07,IND_PAR,BULK_01,True,False,27.26,True,synthetic_scenario_generator,26006
2021-01-08,IND_PAR,BULK_01,True,False,32.79,True,synthetic_scenario_generator,26006
2021-01-09,IND_PAR,BULK_01,True,False,31.12,True,synthetic_scenario_generator,26006
2021-01-10,IND_PAR,BULK_01,True,False,30.29,True,synthetic_scenario_generator,26006
2021-01-11,IND_PAR,BULK_01,True,False,24.42,True,synthetic_scenario_generator,26006
2021-01-12,IND_PAR,BULK_01,True,False,33.04,True,synthetic_scenario_generator,26006
2021-01-13,IND_PAR,BULK_01,True,False,19.68,True,synthetic_scenario_generator,26006
2021-01-14,IND_PAR,BULK_01,True,False,38.61,True,synthetic_scenario_generator,26006
2021-01-15,IND_PAR,BULK_01,True,False,33.04,True,synthetic_scenario_generator,26006
2021-01-16,IND_PAR,BULK_01,True,False,33.06,True,synthetic_scenario_generator,26006
2021-01-17,IND_PAR,BULK_01,True,False,33.74,True,synthetic_scenario_generator,26006
2021-01-18,IND_PAR,BULK_01,True,False,32.48,True,synthetic_scenario_generator,26006
2021-01-19,IND_PAR,BULK_01,True,False,28.24,True,synthetic_scenario_generator,26006
2021-01-20,IND_PAR,BULK_01,True,False,32.16,True,synthetic_scenario_generator,26006
2021-01-21,IND_PAR,BULK_01,True,False,32.11,True,synthetic_scenario_generator,26006
2021-01-22,IND_PAR,BULK_01,True,False,24.45,True,synthetic_scenario_generator,26006
2021-01-23,IND_PAR,BULK_01,True,False,36.39,True,synthetic_scenario_generator,26006
2021-01-24,IND_PAR,BULK_01,True,False,33.62,True,synthetic_scenario_generator,26006
2021-01-25,IND_PAR,BULK_01,True,False,31.21,True,synthetic_scenario_generator,26006
2021-01-26,IND_PAR,BULK_01,True,False,31.61,True,synthetic_scenario_generator,26006
2021-01-27,IND_PAR,BULK_01,True,False,17.65,True,synthetic_scenario_generator,26006
2021-01-28,IND_PAR,BULK_01,True,False,33.67,True,synthetic_scenario_generator,26006
2021-01-29,IND_PAR,BULK_01,True,False,30.55,True,synthetic_scenario_generator,26006
2021-01-30,IND_PAR,BULK_01,True,False,14.5,True,synthetic_scenario_generator,26006
2021-01-31,IND_PAR,BULK_01,True,False,29.29,True,synthetic_scenario_generator,26006
2021-02-01,IND_PAR,BULK_01,True,False,21.13,True,synthetic_scenario_generator,26006
2021-02-02,IND_PAR,BULK_01,True,False,13.83,True,synthetic_scenario_generator,26006
2021-02-03,IND_PAR,BULK_01,True,False,28.09,True,synthetic_scenario_generator,26006
2021-02-04,IND_PAR,BULK_01,True,False,18.56,True,synthetic_scenario_generator,26006
2021-02-05,IND_PAR,BULK_01,True,False,25.15,True,synthetic_scenario_generator,26006
2021-02-06,IND_PAR,BULK_01,True,False,21.46,True,synthetic_scenario_generator,26006
2021-02-07,IND_PAR,BULK_01,True,False,20.66,True,synthetic_scenario_generator,26006
2021-02-08,IND_PAR,BULK_01,True,False,23.46,True,synthetic_scenario_generator,26006
2021-02-09,IND_PAR,BULK_01,True,False,27.6,True,synthetic_scenario_generator,26006
2021-02-10,IND_PAR,BULK_01,True,False,29.48,True,synthetic_scenario_generator,26006
2021-02-11,IND_PAR,BULK_01,True,False,21.46,True,synthetic_scenario_generator,26006
2021-02-12,IND_PAR,BULK_01,True,False,15.86,True,synthetic_scenario_generator,26006
2021-02-13,IND_PAR,BULK_01,True,False,25.91,True,synthetic_scenario_generator,26006
2021-02-14,IND_PAR,BULK_01,True,False,8.93,True,synthetic_scenario_generator,26006
2021-02-15,IND_PAR,BULK_01,True,False,9.69,True,synthetic_scenario_generator,26006
2021-02-16,IND_PAR,BULK_01,True,False,22.19,True,synthetic_scenario_generator,26006
2021-02-17,IND_PAR,BULK_01,True,False,13.39,True,synthetic_scenario_generator,26006
2021-02-18,IND_PAR,BULK_01,True,False,18.56,True,synthetic_scenario_generator,26006
2021-02-19,IND_PAR,BULK_01,True,False,4.45,True,synthetic_scenario_generator,26006
2021-02-20,IND_PAR,BULK_01,True,False,16.98,True,synthetic_scenario_generator,26006
2021-02-21,IND_PAR,BULK_01,True,False,12.53,True,synthetic_scenario_generator,26006
2021-02-22,IND_PAR,BULK_01,True,False,17.69,True,synthetic_scenario_generator,26006
2021-02-23,IND_PAR,BULK_01,True,False,10.84,True,synthetic_scenario_generator,26006
2021-02-24,IND_PAR,BULK_01,True,False,15.69,True,synthetic_scenario_generator,26006
2021-02-25,IND_PAR,BULK_01,True,False,11.76,True,synthetic_scenario_generator,26006
2021-02-26,IND_PAR,BULK_01,True,False,12.85,True,synthetic_scenario_generator,26006
2021-02-27,IND_PAR,BULK_01,True,False,14.99,True,synthetic_scenario_generator,26006
2021-02-28,IND_PAR,BULK_01,True,False,16.04,True,synthetic_scenario_generator,26006
2021-03-01,IND_PAR,BULK_01,True,False,25.61,True,synthetic_scenario_generator,26006
2021-03-02,IND_PAR,BULK_01,True,False,8.91,True,synthetic_scenario_generator,26006
2021-03-03,IND_PAR,BULK_01,True,False,10.23,True,synthetic_scenario_generator,26006
2021-03-04,IND_PAR,BULK_01,True,False,10.01,True,synthetic_scenario_generator,26006
2021-03-05,IND_PAR,BULK_01,True,False,14.14,True,synthetic_scenario_generator,26006
2021-03-06,IND_PAR,BULK_01,True,False,12.04,True,synthetic_scenario_generator,26006
2021-03-07,IND_PAR,BULK_01,True,False,8.24,True,synthetic_scenario_generator,26006
2021-03-08,IND_PAR,BULK_01,True,False,19.39,True,synthetic_scenario_generator,26006
2021-03-09,IND_PAR,BULK_01,True,False,16.04,True,synthetic_scenario_generator,26006
2021-03-10,IND_PAR,BULK_01,True,False,2.0,True,synthetic_scenario_generator,26006
2021-03-11,IND_PAR,BULK_01,True,False,16.0,True,synthetic_scenario_generator,26006
2021-03-12,IND_PAR,BULK_01,True,False,16.81,True,synthetic_scenario_generator,26006
2021-03-13,IND_PAR,BULK_01,True,False,8.52,True,synthetic_scenario_generator,26006
2021-03-14,IND_PAR,BULK_01,True,False,15.02,True,synthetic_scenario_generator,26006
2021-03-15,IND_PAR,BULK_01,False,True,21.08,True,synthetic_scenario_generator,26006
2021-03-16,IND_PAR,BULK_01,True,False,22.51,True,synthetic_scenario_generator,26006
2021-03-17,IND_PAR,BULK_01,True,False,10.76,True,synthetic_scenario_generator,26006
2021-03-18,IND_PAR,BULK_01,True,False,14.69,True,synthetic_scenario_generator,26006
2021-03-19,IND_PAR,BULK_01,True,False,6.33,True,synthetic_scenario_generator,26006
2021-03-20,IND_PAR,BULK_01,True,False,7.78,True,synthetic_scenario_generator,26006
2021-03-21,IND_PAR,BULK_01,True,False,23.14,True,synthetic_scenario_generator,26006
2021-03-22,IND_PAR,BULK_01,True,False,2.04,True,synthetic_scenario_generator,26006
2021-03-23,IND_PAR,BULK_01,True,False,17.75,True,synthetic_scenario_generator,26006
2021-03-24,IND_PAR,BULK_01,True,False,19.27,True,synthetic_scenario_generator,26006
2021-03-25,IND_PAR,BULK_01,True,False,19.2,True,synthetic_scenario_generator,26006
2021-03-26,IND_PAR,BULK_01,True,False,19.79,True,synthetic_scenario_generator,26006
2021-03-27,IND_PAR,BULK_01,True,False,24.7,True,synthetic_scenario_generator,26006
2021-03-28,IND_PAR,BULK_01,True,False,20.06,True,synthetic_scenario_generator,26006
2021-03-29,IND_PAR,BULK_01,True,False,20.79,True,synthetic_scenario_generator,26006
2021-03-30,IND_PAR,BULK_01,True,False,19.49,True,synthetic_scenario_generator,26006
2021-03-31,IND_PAR,BULK_01,True,False,27.41,True,synthetic_scenario_generator,26006
2021-04-01,IND_PAR,BULK_01,True,False,28.9,True,synthetic_scenario_generator,26006
2021-04-02,IND_PAR,BULK_01,True,False,23.88,True,synthetic_scenario_generator,26006
2021-04-03,IND_PAR,BULK_01,True,False,26.08,True,synthetic_scenario_generator,26006
2021-04-04,IND_PAR,BULK_01,True,False,38.63,True,synthetic_scenario_generator,26006
2021-04-05,IND_PAR,BULK_01,True,False,26.91,True,synthetic_scenario_generator,26006
2021-04-06,IND_PAR,BULK_01,True,False,36.64,True,synthetic_scenario_generator,26006
2021-04-07,IND_PAR,BULK_01,True,False,29.54,True,synthetic_scenario_generator,26006
2021-04-08,IND_PAR,BULK_01,True,False,35.35,True,synthetic_scenario_generator,26006
2021-04-09,IND_PAR,BULK_01,True,False,26.01,True,synthetic_scenario_generator,26006
2021-04-10,IND_PAR,BULK_01,True,False,31.78,True,synthetic_scenario_generator,26006
2021-04-11,IND_PAR,BULK_01,True,False,30.56,True,synthetic_scenario_generator,26006
2021-04-12,IND_PAR,BULK_01,True,False,30.43,True,synthetic_scenario_generator,26006
2021-04-13,IND_PAR,BULK_01,True,False,37.04,True,synthetic_scenario_generator,26006
2021-04-14,IND_PAR,BULK_01,True,False,41.02,True,synthetic_scenario_generator,26006
2021-04-15,IND_PAR,BULK_01,True,False,35.58,True,synthetic_scenario_generator,26006
2021-04-16,IND_PAR,BULK_01,True,False,33.4,True,synthetic_scenario_generator,26006
2021-04-17,IND_PAR,BULK_01,True,False,45.54,True,synthetic_scenario_generator,26006
2021-04-18,IND_PAR,BULK_01,True,False,35.06,True,synthetic_scenario_generator,26006
2021-04-19,IND_PAR,BULK_01,True,False,24.36,True,synthetic_scenario_generator,26006
2021-04-20,IND_PAR,BULK_01,True,False,24.27,True,synthetic_scenario_generator,26006
2021-04-21,IND_PAR,BULK_01,True,False,33.1,True,synthetic_scenario_generator,26006
2021-04-22,IND_PAR,BULK_01,True,False,37.72,True,synthetic_scenario_generator,26006
2021-04-23,IND_PAR,BULK_01,True,False,31.39,True,synthetic_scenario_generator,26006
2021-04-24,IND_PAR,BULK_01,True,False,32.45,True,synthetic_scenario_generator,26006
2021-04-25,IND_PAR,BULK_01,True,False,32.53,True,synthetic_scenario_generator,26006
2021-04-26,IND_PAR,BULK_01,True,False,24.66,True,synthetic_scenario_generator,26006
2021-04-27,IND_PAR,BULK_01,True,False,26.08,True,synthetic_scenario_generator,26006
2021-04-28,IND_PAR,BULK_01,True,False,30.06,True,synthetic_scenario_generator,26006
2021-04-29,IND_PAR,BULK_01,True,False,25.06,True,synthetic_scenario_generator,26006
2021-04-30,IND_PAR,BULK_01,True,False,34.29,True,synthetic_scenario_generator,26006
2021-05-01,IND_PAR,BULK_01,True,False,28.5,True,synthetic_scenario_generator,26006
2021-05-02,IND_PAR,BULK_01,True,False,28.66,True,synthetic_scenario_generator,26006
2021-05-03,IND_PAR,BULK_01,True,False,20.1,True,synthetic_scenario_generator,26006
2021-05-04,IND_PAR,BULK_01,True,False,29.29,True,synthetic_scenario_generator,26006
2021-05-05,IND_PAR,BULK_01,True,False,21.96,True,synthetic_scenario_generator,26006
2021-05-06,IND_PAR,BULK_01,True,False,32.42,True,synthetic_scenario_generator,26006
2021-05-07,IND_PAR,BULK_01,True,False,23.62,True,synthetic_scenario_generator,26006
2021-05-08,IND_PAR,BULK_01,True,False,31.79,True,synthetic_scenario_generator,26006
2021-05-09,IND_PAR,BULK_01,True,False,23.93,True,synthetic_scenario_generator,26006
2021-05-10,IND_PAR,BULK_01,True,False,28.09,True,synthetic_scenario_generator,26006
2021-05-11,IND_PAR,BULK_01,True,False,17.79,True,synthetic_scenario_generator,26006
2021-05-12,IND_PAR,BULK_01,True,False,24.05,True,synthetic_scenario_generator,26006
2021-05-13,IND_PAR,BULK_01,True,False,18.08,True,synthetic_scenario_generator,26006
2021-05-14,IND_PAR,BULK_01,True,False,33.13,True,synthetic_scenario_generator,26006
2021-05-15,IND_PAR,BULK_01,True,False,23.26,True,synthetic_scenario_generator,26006
2021-05-16,IND_PAR,BULK_01,True,False,20.98,True,synthetic_scenario_generator,26006
2021-05-17,IND_PAR,BULK_01,True,False,22.1,True,synthetic_scenario_generator,26006
2021-05-18,IND_PAR,BULK_01,True,False,20.38,True,synthetic_scenario_generator,26006
2021-05-19,IND_PAR,BULK_01,True,False,20.64,True,synthetic_scenario_generator,26006
2021-05-20,IND_PAR,BULK_01,True,False,20.88,True,synthetic_scenario_generator,26006
2021-05-21,IND_PAR,BULK_01,True,False,17.18,True,synthetic_scenario_generator,26006
2021-05-22,IND_PAR,BULK_01,True,False,16.8,True,synthetic_scenario_generator,26006
2021-05-23,IND_PAR,BULK_01,True,False,18.67,True,synthetic_scenario_generator,26006
2021-05-24,IND_PAR,BULK_01,True,False,15.72,True,synthetic_scenario_generator,26006
2021-05-25,IND_PAR,BULK_01,True,False,13.42,True,synthetic_scenario_generator,26006
2021-05-26,IND_PAR,BULK_01,True,False,14.29,True,synthetic_scenario_generator,26006
2021-05-27,IND_PAR,BULK_01,True,False,18.67,True,synthetic_scenario_generator,26006
2021-05-28,IND_PAR,BULK_01,True,False,29.79,True,synthetic_scenario_generator,26006
2021-05-29,IND_PAR,BULK_01,True,False,10.02,True,synthetic_scenario_generator,26006
2021-05-30,IND_PAR,BULK_01,True,False,16.14,True,synthetic_scenario_generator,26006
2021-05-31,IND_PAR,BULK_01,True,False,11.23,True,synthetic_scenario_generator,26006
2021-06-01,IND_PAR,BULK_01,True,False,19.85,True,synthetic_scenario_generator,26006
2021-06-02,IND_PAR,BULK_01,True,False,20.2,True,synthetic_scenario_generator,26006
2021-06-03,IND_PAR,BULK_01,True,False,21.44,True,synthetic_scenario_generator,26006
2021-06-04,IND_PAR,BULK_01,True,False,12.89,True,synthetic_scenario_generator,26006
2021-06-05,IND_PAR,BULK_01,True,False,19.65,True,synthetic_scenario_generator,26006
2021-06-06,IND_PAR,BULK_01,True,False,16.55,True,synthetic_scenario_generator,26006
2021-06-07,IND_PAR,BULK_01,True,False,16.22,True,synthetic_scenario_generator,26006
2021-06-08,IND_PAR,BULK_01,True,False,23.41,True,synthetic_scenario_generator,26006
2021-06-09,IND_PAR,BULK_01,True,False,23.7,True,synthetic_scenario_generator,26006
2021-06-10,IND_PAR,BULK_01,True,False,31.08,True,synthetic_scenario_generator,26006
2021-06-11,IND_PAR,BULK_01,True,False,29.82,True,synthetic_scenario_generator,26006
2021-06-12,IND_PAR,BULK_01,True,False,29.79,True,synthetic_scenario_generator,26006
2021-06-13,IND_PAR,BULK_01,True,False,25.49,True,synthetic_scenario_generator,26006
2021-06-14,IND_PAR,BULK_01,True,False,35.11,True,synthetic_scenario_generator,26006
2021-06-15,IND_PAR,BULK_01,True,False,26.93,True,synthetic_scenario_generator,26006
2021-06-16,IND_PAR,BULK_01,True,False,22.06,True,synthetic_scenario_generator,26006
2021-06-17,IND_PAR,BULK_01,True,False,24.23,True,synthetic_scenario_generator,26006
2021-06-18,IND_PAR,BULK_01,True,False,14.89,True,synthetic_scenario_generator,26006
2021-06-19,IND_PAR,BULK_01,True,False,34.6,True,synthetic_scenario_generator,26006
2021-06-20,IND_PAR,BULK_01,True,False,26.06,True,synthetic_scenario_generator,26006
2021-06-21,IND_PAR,BULK_01,True,False,31.58,True,synthetic_scenario_generator,26006
2021-06-22,IND_PAR,BULK_01,True,False,23.14,True,synthetic_scenario_generator,26006
2021-06-23,IND_PAR,BULK_01,True,False,34.27,True,synthetic_scenario_generator,26006
2021-06-24,IND_PAR,BULK_01,True,False,20.92,True,synthetic_scenario_generator,26006
2021-06-25,IND_PAR,BULK_01,True,False,31.91,True,synthetic_scenario_generator,26006
2021-06-26,IND_PAR,BULK_01,True,False,34.41,True,synthetic_scenario_generator,26006
2021-06-27,IND_PAR,BULK_01,True,False,21.16,True,synthetic_scenario_generator,26006
2021-06-28,IND_PAR,BULK_01,True,False,38.03,True,synthetic_scenario_generator,26006
2021-06-29,IND_PAR,BULK_01,True,False,20.11,True,synthetic_scenario_generator,26006
2021-06-30,IND_PAR,BULK_01,True,False,43.35,True,synthetic_scenario_generator,26006
2021-07-01,IND_PAR,BULK_01,True,False,37.09,True,synthetic_scenario_generator,26006
2021-07-02,IND_PAR,BULK_01,True,False,31.11,True,synthetic_scenario_generator,26006
2021-07-03,IND_PAR,BULK_01,True,False,26.68,True,synthetic_scenario_generator,26006
2021-07-04,IND_PAR,BULK_01,True,False,28.1,True,synthetic_scenario_generator,26006
2021-07-05,IND_PAR,BULK_01,True,False,30.92,True,synthetic_scenario_generator,26006
2021-07-06,IND_PAR,BULK_01,True,False,27.2,True,synthetic_scenario_generator,26006
2021-07-07,IND_PAR,BULK_01,True,False,35.39,True,synthetic_scenario_generator,26006
2021-07-08,IND_PAR,BULK_01,True,False,40.15,True,synthetic_scenario_generator,26006
2021-07-09,IND_PAR,BULK_01,True,False,35.99,True,synthetic_scenario_generator,26006
2021-07-10,IND_PAR,BULK_01,True,False,40.01,True,synthetic_scenario_generator,26006
2021-07-11,IND_PAR,BULK_01,True,False,35.71,True,synthetic_scenario_generator,26006
2021-07-12,IND_PAR,BULK_01,True,False,40.26,True,synthetic_scenario_generator,26006
2021-07-13,IND_PAR,BULK_01,True,False,35.16,True,synthetic_scenario_generator,26006
2021-07-14,IND_PAR,BULK_01,True,False,34.15,True,synthetic_scenario_generator,26006
2021-07-15,IND_PAR,BULK_01,True,False,32.4,True,synthetic_scenario_generator,26006
2021-07-16,IND_PAR,BULK_01,True,False,29.11,True,synthetic_scenario_generator,26006
2021-07-17,IND_PAR,BULK_01,True,False,31.55,True,synthetic_scenario_generator,26006
2021-07-18,IND_PAR,BULK_01,True,False,32.77,True,synthetic_scenario_generator,26006
2021-07-19,IND_PAR,BULK_01,True,False,30.5,True,synthetic_scenario_generator,26006
2021-07-20,IND_PAR,BULK_01,True,False,34.58,True,synthetic_scenario_generator,26006
2021-07-21,IND_PAR,BULK_01,True,False,35.26,True,synthetic_scenario_generator,26006
2021-07-22,IND_PAR,BULK_01,True,False,38.48,True,synthetic_scenario_generator,26006
2021-07-23,IND_PAR,BULK_01,True,False,37.62,True,synthetic_scenario_generator,26006
2021-07-24,IND_PAR,BULK_01,True,False,32.39,True,synthetic_scenario_generator,26006
2021-07-25,IND_PAR,BULK_01,True,False,32.8,True,synthetic_scenario_generator,26006
2021-07-26,IND_PAR,BULK_01,True,False,30.88,True,synthetic_scenario_generator,26006
2021-07-27,IND_PAR,BULK_01,True,False,34.49,True,synthetic_scenario_generator,26006
2021-07-28,IND_PAR,BULK_01,True,False,32.76,True,synthetic_scenario_generator,26006
2021-07-29,IND_PAR,BULK_01,True,False,32.94,True,synthetic_scenario_generator,26006
2021-07-30,IND_PAR,BULK_01,True,False,23.28,True,synthetic_scenario_generator,26006
2021-07-31,IND_PAR,BULK_01,True,False,36.59,True,synthetic_scenario_generator,26006
2021-08-01,IND_PAR,BULK_01,True,False,29.05,True,synthetic_scenario_generator,26006
2021-08-02,IND_PAR,BULK_01,True,False,27.59,True,synthetic_scenario_generator,26006
2021-08-03,IND_PAR,BULK_01,True,False,34.26,True,synthetic_scenario_generator,26006
2021-08-04,IND_PAR,BULK_01,True,False,33.28,True,synthetic_scenario_generator,26006
2021-08-05,IND_PAR,BULK_01,True,False,26.0,True,synthetic_scenario_generator,26006
2021-08-06,IND_PAR,BULK_01,True,False,31.3,True,synthetic_scenario_generator,26006
2021-08-07,IND_PAR,BULK_01,True,False,23.95,True,synthetic_scenario_generator,26006
2021-08-08,IND_PAR,BULK_01,True,False,34.85,True,synthetic_scenario_generator,26006
2021-08-09,IND_PAR,BULK_01,True,False,26.5,True,synthetic_scenario_generator,26006
2021-08-10,IND_PAR,BULK_01,True,False,22.09,True,synthetic_scenario_generator,26006
2021-08-11,IND_PAR,BULK_01,True,False,23.6,True,synthetic_scenario_generator,26006
2021-08-12,IND_PAR,BULK_01,True,False,24.7,True,synthetic_scenario_generator,26006
2021-08-13,IND_PAR,BULK_01,True,False,16.19,True,synthetic_scenario_generator,26006
2021-08-14,IND_PAR,BULK_01,True,False,20.66,True,synthetic_scenario_generator,26006
2021-08-15,IND_PAR,BULK_01,True,False,25.24,True,synthetic_scenario_generator,26006
2021-08-16,IND_PAR,BULK_01,True,False,24.9,True,synthetic_scenario_generator,26006
2021-08-17,IND_PAR,BULK_01,True,False,23.21,True,synthetic_scenario_generator,26006
2021-08-18,IND_PAR,BULK_01,True,False,23.87,True,synthetic_scenario_generator,26006
2021-08-19,IND_PAR,BULK_01,True,False,22.57,True,synthetic_scenario_generator,26006
2021-08-20,IND_PAR,BULK_01,True,False,18.66,True,synthetic_scenario_generator,26006
2021-08-21,IND_PAR,BULK_01,True,False,18.56,True,synthetic_scenario_generator,26006
2021-08-22,IND_PAR,BULK_01,True,False,20.75,True,synthetic_scenario_generator,26006
2021-08-23,IND_PAR,BULK_01,True,False,17.45,True,synthetic_scenario_generator,26006
2021-08-24,IND_PAR,BULK_01,True,False,18.38,True,synthetic_scenario_generator,26006
2021-08-25,IND_PAR,BULK_01,True,False,19.35,True,synthetic_scenario_generator,26006
2021-08-26,IND_PAR,BULK_01,True,False,13.15,True,synthetic_scenario_generator,26006
2021-08-27,IND_PAR,BULK_01,True,False,17.97,True,synthetic_scenario_generator,26006
2021-08-28,IND_PAR,BULK_01,True,False,12.01,True,synthetic_scenario_generator,26006
2021-08-29,IND_PAR,BULK_01,True,False,23.67,True,synthetic_scenario_generator,26006
2021-08-30,IND_PAR,BULK_01,True,False,19.9,True,synthetic_scenario_generator,26006
2021-08-31,IND_PAR,BULK_01,True,False,25.97,True,synthetic_scenario_generator,26006
2021-09-01,IND_PAR,BULK_01,True,False,12.83,True,synthetic_scenario_generator,26006
2021-09-02,IND_PAR,BULK_01,True,False,23.47,True,synthetic_scenario_generator,26006
2021-09-03,IND_PAR,BULK_01,True,False,26.21,True,synthetic_scenario_generator,26006
2021-09-04,IND_PAR,BULK_01,True,False,12.79,True,synthetic_scenario_generator,26006
2021-09-05,IND_PAR,BULK_01,True,False,22.19,True,synthetic_scenario_generator,26006
2021-09-06,IND_PAR,BULK_01,True,False,12.75,True,synthetic_scenario_generator,26006
2021-09-07,IND_PAR,BULK_01,True,False,18.8,True,synthetic_scenario_generator,26006
2021-09-08,IND_PAR,BULK_01,True,False,18.22,True,synthetic_scenario_generator,26006
2021-09-09,IND_PAR,BULK_01,True,False,13.98,True,synthetic_scenario_generator,26006
2021-09-10,IND_PAR,BULK_01,True,False,27.25,True,synthetic_scenario_generator,26006
2021-09-11,IND_PAR,BULK_01,True,False,16.26,True,synthetic_scenario_generator,26006
2021-09-12,IND_PAR,BULK_01,True,False,18.9,True,synthetic_scenario_generator,26006
2021-09-13,IND_PAR,BULK_01,True,False,20.58,True,synthetic_scenario_generator,26006
2021-09-14,IND_PAR,BULK_01,True,False,23.13,True,synthetic_scenario_generator,26006
2021-09-15,IND_PAR,BULK_01,False,True,26.32,True,synthetic_scenario_generator,26006
2021-09-16,IND_PAR,BULK_01,True,False,28.37,True,synthetic_scenario_generator,26006
2021-09-17,IND_PAR,BULK_01,True,False,16.35,True,synthetic_scenario_generator,26006
2021-09-18,IND_PAR,BULK_01,True,False,20.9,True,synthetic_scenario_generator,26006
2021-09-19,IND_PAR,BULK_01,True,False,23.72,True,synthetic_scenario_generator,26006
2021-09-20,IND_PAR,BULK_01,True,False,25.76,True,synthetic_scenario_generator,26006
2021-09-21,IND_PAR,BULK_01,True,False,19.74,True,synthetic_scenario_generator,26006
2021-09-22,IND_PAR,BULK_01,True,False,24.92,True,synthetic_scenario_generator,26006
2021-09-23,IND_PAR,BULK_01,True,False,33.64,True,synthetic_scenario_generator,26006
2021-09-24,IND_PAR,BULK_01,True,False,34.79,True,synthetic_scenario_generator,26006
2021-09-25,IND_PAR,BULK_01,True,False,29.33,True,synthetic_scenario_generator,26006
2021-09-26,IND_PAR,BULK_01,True,False,34.16,True,synthetic_scenario_generator,26006
2021-09-27,IND_PAR,BULK_01,True,False,29.12,True,synthetic_scenario_generator,26006
2021-09-28,IND_PAR,BULK_01,True,False,30.79,True,synthetic_scenario_generator,26006
2021-09-29,IND_PAR,BULK_01,True,False,31.62,True,synthetic_scenario_generator,26006
2021-09-30,IND_PAR,BULK_01,True,False,19.02,True,synthetic_scenario_generator,26006
2021-10-01,IND_PAR,BULK_01,True,False,32.36,True,synthetic_scenario_generator,26006
2021-10-02,IND_PAR,BULK_01,True,False,38.34,True,synthetic_scenario_generator,26006
2021-10-03,IND_PAR,BULK_01,True,False,31.94,True,synthetic_scenario_generator,26006
2021-10-04,IND_PAR,BULK_01,True,False,26.98,True,synthetic_scenario_generator,26006
2021-10-05,IND_PAR,BULK_01,True,False,25.15,True,synthetic_scenario_generator,26006
2021-10-06,IND_PAR,BULK_01,True,False,29.42,True,synthetic_scenario_generator,26006
2021-10-07,IND_PAR,BULK_01,True,False,33.31,True,synthetic_scenario_generator,26006
2021-10-08,IND_PAR,BULK_01,True,False,35.65,True,synthetic_scenario_generator,26006
2021-10-09,IND_PAR,BULK_01,True,False,46.34,True,synthetic_scenario_generator,26006
2021-10-10,IND_PAR,BULK_01,True,False,25.76,True,synthetic_scenario_generator,26006
2021-10-11,IND_PAR,BULK_01,True,False,34.46,True,synthetic_scenario_generator,26006
2021-10-12,IND_PAR,BULK_01,True,False,23.89,True,synthetic_scenario_generator,26006
2021-10-13,IND_PAR,BULK_01,True,False,31.35,True,synthetic_scenario_generator,26006
2021-10-14,IND_PAR,BULK_01,True,False,35.53,True,synthetic_scenario_generator,26006
2021-10-15,IND_PAR,BULK_01,True,False,37.95,True,synthetic_scenario_generator,26006
2021-10-16,IND_PAR,BULK_01,True,False,32.72,True,synthetic_scenario_generator,26006
2021-10-17,IND_PAR,BULK_01,True,False,31.6,True,synthetic_scenario_generator,26006
2021-10-18,IND_PAR,BULK_01,True,False,47.88,True,synthetic_scenario_generator,26006
2021-10-19,IND_PAR,BULK_01,True,False,39.83,True,synthetic_scenario_generator,26006
2021-10-20,IND_PAR,BULK_01,True,False,38.69,True,synthetic_scenario_generator,26006
2021-10-21,IND_PAR,BULK_01,True,False,32.17,True,synthetic_scenario_generator,26006
2021-10-22,IND_PAR,BULK_01,True,False,30.02,True,synthetic_scenario_generator,26006
2021-10-23,IND_PAR,BULK_01,True,False,38.95,True,synthetic_scenario_generator,26006
2021-10-24,IND_PAR,BULK_01,True,False,32.72,True,synthetic_scenario_generator,26006
2021-10-25,IND_PAR,BULK_01,True,False,35.76,True,synthetic_scenario_generator,26006
2021-10-26,IND_PAR,BULK_01,True,False,33.9,True,synthetic_scenario_generator,26006
2021-10-27,IND_PAR,BULK_01,True,False,38.45,True,synthetic_scenario_generator,26006
2021-10-28,IND_PAR,BULK_01,True,False,19.19,True,synthetic_scenario_generator,26006
2021-10-29,IND_PAR,BULK_01,True,False,34.46,True,synthetic_scenario_generator,26006
2021-10-30,IND_PAR,BULK_01,True,False,28.43,True,synthetic_scenario_generator,26006
2021-10-31,IND_PAR,BULK_01,True,False,26.61,True,synthetic_scenario_generator,26006
2021-11-01,IND_PAR,BULK_01,True,False,35.27,True,synthetic_scenario_generator,26006
2021-11-02,IND_PAR,BULK_01,True,False,27.6,True,synthetic_scenario_generator,26006
2021-11-03,IND_PAR,BULK_01,True,False,25.7,True,synthetic_scenario_generator,26006
2021-11-04,IND_PAR,BULK_01,True,False,34.31,True,synthetic_scenario_generator,26006
2021-11-05,IND_PAR,BULK_01,True,False,32.97,True,synthetic_scenario_generator,26006
2021-11-06,IND_PAR,BULK_01,True,False,23.57,True,synthetic_scenario_generator,26006
2021-11-07,IND_PAR,BULK_01,True,False,22.05,True,synthetic_scenario_generator,26006
2021-11-08,IND_PAR,BULK_01,True,False,21.5,True,synthetic_scenario_generator,26006
2021-11-09,IND_PAR,BULK_01,True,False,22.17,True,synthetic_scenario_generator,26006
2021-11-10,IND_PAR,BULK_01,True,False,26.8,True,synthetic_scenario_generator,26006
2021-11-11,IND_PAR,BULK_01,True,False,10.25,True,synthetic_scenario_generator,26006
2021-11-12,IND_PAR,BULK_01,True,False,21.56,True,synthetic_scenario_generator,26006
2021-11-13,IND_PAR,BULK_01,True,False,23.77,True,synthetic_scenario_generator,26006
2021-11-14,IND_PAR,BULK_01,True,False,23.78,True,synthetic_scenario_generator,26006
2021-11-15,IND_PAR,BULK_01,True,False,14.69,True,synthetic_scenario_generator,26006
2021-11-16,IND_PAR,BULK_01,True,False,20.43,True,synthetic_scenario_generator,26006
2021-11-17,IND_PAR,BULK_01,True,False,32.14,True,synthetic_scenario_generator,26006
2021-11-18,IND_PAR,BULK_01,True,False,10.11,True,synthetic_scenario_generator,26006
2021-11-19,IND_PAR,BULK_01,True,False,9.96,True,synthetic_scenario_generator,26006
2021-11-20,IND_PAR,BULK_01,True,False,19.81,True,synthetic_scenario_generator,26006
2021-11-21,IND_PAR,BULK_01,True,False,14.41,True,synthetic_scenario_generator,26006
2021-11-22,IND_PAR,BULK_01,True,False,10.67,True,synthetic_scenario_generator,26006
2021-11-23,IND_PAR,BULK_01,True,False,16.49,True,synthetic_scenario_generator,26006
2021-11-24,IND_PAR,BULK_01,True,False,12.54,True,synthetic_scenario_generator,26006
2021-11-25,IND_PAR,BULK_01,True,False,14.3,True,synthetic_scenario_generator,26006
2021-11-26,IND_PAR,BULK_01,True,False,11.89,True,synthetic_scenario_generator,26006
2021-11-27,IND_PAR,BULK_01,True,False,11.54,True,synthetic_scenario_generator,26006
2021-11-28,IND_PAR,BULK_01,True,False,12.64,True,synthetic_scenario_generator,26006
2021-11-29,IND_PAR,BULK_01,True,False,13.66,True,synthetic_scenario_generator,26006
2021-11-30,IND_PAR,BULK_01,True,False,23.55,True,synthetic_scenario_generator,26006
2021-12-01,IND_PAR,BULK_01,True,False,14.72,True,synthetic_scenario_generator,26006
2021-12-02,IND_PAR,BULK_01,True,False,4.57,True,synthetic_scenario_generator,26006
2021-12-03,IND_PAR,BULK_01,True,False,14.8,True,synthetic_scenario_generator,26006
2021-12-04,IND_PAR,BULK_01,True,False,18.36,True,synthetic_scenario_generator,26006
2021-12-05,IND_PAR,BULK_01,True,False,14.63,True,synthetic_scenario_generator,26006
2021-12-06,IND_PAR,BULK_01,True,False,22.61,True,synthetic_scenario_generator,26006
2021-12-07,IND_PAR,BULK_01,True,False,10.39,True,synthetic_scenario_generator,26006
2021-12-08,IND_PAR,BULK_01,True,False,11.92,True,synthetic_scenario_generator,26006
2021-12-09,IND_PAR,BULK_01,True,False,16.0,True,synthetic_scenario_generator,26006
2021-12-10,IND_PAR,BULK_01,True,False,28.65,True,synthetic_scenario_generator,26006
2021-12-11,IND_PAR,BULK_01,True,False,16.99,True,synthetic_scenario_generator,26006
2021-12-12,IND_PAR,BULK_01,True,False,21.53,True,synthetic_scenario_generator,26006
2021-12-13,IND_PAR,BULK_01,True,False,17.57,True,synthetic_scenario_generator,26006
2021-12-14,IND_PAR,BULK_01,True,False,16.57,True,synthetic_scenario_generator,26006
2021-12-15,IND_PAR,BULK_01,True,False,25.72,True,synthetic_scenario_generator,26006
2021-12-16,IND_PAR,BULK_01,True,False,17.3,True,synthetic_scenario_generator,26006
2021-12-17,IND_PAR,BULK_01,True,False,33.59,True,synthetic_scenario_generator,26006
2021-12-18,IND_PAR,BULK_01,True,False,18.45,True,synthetic_scenario_generator,26006
2021-12-19,IND_PAR,BULK_01,True,False,20.29,True,synthetic_scenario_generator,26006
2021-12-20,IND_PAR,BULK_01,True,False,15.47,True,synthetic_scenario_generator,26006
2021-12-21,IND_PAR,BULK_01,True,False,28.53,True,synthetic_scenario_generator,26006
2021-12-22,IND_PAR,BULK_01,True,False,19.7,True,synthetic_scenario_generator,26006
2021-12-23,IND_PAR,BULK_01,True,False,16.25,True,synthetic_scenario_generator,26006
2021-12-24,IND_PAR,BULK_01,True,False,22.68,True,synthetic_scenario_generator,26006
2021-12-25,IND_PAR,BULK_01,True,False,24.02,True,synthetic_scenario_generator,26006
2021-12-26,IND_PAR,BULK_01,True,False,28.65,True,synthetic_scenario_generator,26006
2021-12-27,IND_PAR,BULK_01,True,False,30.71,True,synthetic_scenario_generator,26006
2021-12-28,IND_PAR,BULK_01,True,False,32.0,True,synthetic_scenario_generator,26006
2021-12-29,IND_PAR,BULK_01,True,False,28.52,True,synthetic_scenario_generator,26006
2021-12-30,IND_PAR,BULK_01,True,False,23.72,True,synthetic_scenario_generator,26006
2021-12-31,IND_PAR,BULK_01,True,False,36.43,True,synthetic_scenario_generator,26006
2022-01-01,IND_PAR,BULK_01,True,False,17.01,True,synthetic_scenario_generator,26006
2022-01-02,IND_PAR,BULK_01,True,False,31.19,True,synthetic_scenario_generator,26006
2022-01-03,IND_PAR,BULK_01,True,False,33.86,True,synthetic_scenario_generator,26006
2022-01-04,IND_PAR,BULK_01,True,False,32.89,True,synthetic_scenario_generator,26006
2022-01-05,IND_PAR,BULK_01,True,False,28.74,True,synthetic_scenario_generator,26006
2022-01-06,IND_PAR,BULK_01,True,False,32.6,True,synthetic_scenario_generator,26006
2022-01-07,IND_PAR,BULK_01,True,False,28.49,True,synthetic_scenario_generator,26006
2022-01-08,IND_PAR,BULK_01,True,False,31.05,True,synthetic_scenario_generator,26006
2022-01-09,IND_PAR,BULK_01,True,False,23.98,True,synthetic_scenario_generator,26006
2022-01-10,IND_PAR,BULK_01,True,False,38.89,True,synthetic_scenario_generator,26006
2022-01-11,IND_PAR,BULK_01,True,False,24.26,True,synthetic_scenario_generator,26006
2022-01-12,IND_PAR,BULK_01,True,False,23.96,True,synthetic_scenario_generator,26006
2022-01-13,IND_PAR,BULK_01,True,False,32.13,True,synthetic_scenario_generator,26006
2022-01-14,IND_PAR,BULK_01,True,False,37.0,True,synthetic_scenario_generator,26006
2022-01-15,IND_PAR,BULK_01,True,False,34.33,True,synthetic_scenario_generator,26006
2022-01-16,IND_PAR,BULK_01,True,False,30.73,True,synthetic_scenario_generator,26006
2022-01-17,IND_PAR,BULK_01,True,False,24.58,True,synthetic_scenario_generator,26006
2022-01-18,IND_PAR,BULK_01,True,False,25.96,True,synthetic_scenario_generator,26006
2022-01-19,IND_PAR,BULK_01,True,False,26.55,True,synthetic_scenario_generator,26006
2022-01-20,IND_PAR,BULK_01,True,False,24.87,True,synthetic_scenario_generator,26006
2022-01-21,IND_PAR,BULK_01,True,False,30.15,True,synthetic_scenario_generator,26006
2022-01-22,IND_PAR,BULK_01,True,False,27.25,True,synthetic_scenario_generator,26006
2022-01-23,IND_PAR,BULK_01,True,False,28.68,True,synthetic_scenario_generator,26006
2022-01-24,IND_PAR,BULK_01,True,False,33.46,True,synthetic_scenario_generator,26006
2022-01-25,IND_PAR,BULK_01,True,False,26.51,True,synthetic_scenario_generator,26006
2022-01-26,IND_PAR,BULK_01,True,False,25.58,True,synthetic_scenario_generator,26006
2022-01-27,IND_PAR,BULK_01,True,False,24.14,True,synthetic_scenario_generator,26006
2022-01-28,IND_PAR,BULK_01,True,False,27.92,True,synthetic_scenario_generator,26006
2022-01-29,IND_PAR,BULK_01,True,False,16.38,True,synthetic_scenario_generator,26006
2022-01-30,IND_PAR,BULK_01,True,False,6.83,True,synthetic_scenario_generator,26006
2022-01-31,IND_PAR,BULK_01,True,False,26.35,True,synthetic_scenario_generator,26006
2022-02-01,IND_PAR,BULK_01,True,False,36.19,True,synthetic_scenario_generator,26006
2022-02-02,IND_PAR,BULK_01,True,False,18.18,True,synthetic_scenario_generator,26006
2022-02-03,IND_PAR,BULK_01,True,False,20.56,True,synthetic_scenario_generator,26006
2022-02-04,IND_PAR,BULK_01,True,False,15.55,True,synthetic_scenario_generator,26006
2022-02-05,IND_PAR,BULK_01,True,False,19.68,True,synthetic_scenario_generator,26006
2022-02-06,IND_PAR,BULK_01,True,False,5.94,True,synthetic_scenario_generator,26006
2022-02-07,IND_PAR,BULK_01,True,False,23.45,True,synthetic_scenario_generator,26006
2022-02-08,IND_PAR,BULK_01,True,False,2.0,True,synthetic_scenario_generator,26006
2022-02-09,IND_PAR,BULK_01,True,False,21.53,True,synthetic_scenario_generator,26006
2022-02-10,IND_PAR,BULK_01,True,False,29.67,True,synthetic_scenario_generator,26006
2022-02-11,IND_PAR,BULK_01,True,False,20.94,True,synthetic_scenario_generator,26006
2022-02-12,IND_PAR,BULK_01,True,False,18.78,True,synthetic_scenario_generator,26006
2022-02-13,IND_PAR,BULK_01,True,False,7.67,True,synthetic_scenario_generator,26006
2022-02-14,IND_PAR,BULK_01,True,False,16.54,True,synthetic_scenario_generator,26006
2022-02-15,IND_PAR,BULK_01,True,False,18.53,True,synthetic_scenario_generator,26006
2022-02-16,IND_PAR,BULK_01,True,False,7.51,True,synthetic_scenario_generator,26006
2022-02-17,IND_PAR,BULK_01,True,False,10.64,True,synthetic_scenario_generator,26006
2022-02-18,IND_PAR,BULK_01,True,False,15.43,True,synthetic_scenario_generator,26006
2022-02-19,IND_PAR,BULK_01,True,False,18.85,True,synthetic_scenario_generator,26006
2022-02-20,IND_PAR,BULK_01,True,False,16.24,True,synthetic_scenario_generator,26006
2022-02-21,IND_PAR,BULK_01,True,False,22.49,True,synthetic_scenario_generator,26006
2022-02-22,IND_PAR,BULK_01,True,False,20.27,True,synthetic_scenario_generator,26006
2022-02-23,IND_PAR,BULK_01,True,False,15.83,True,synthetic_scenario_generator,26006
2022-02-24,IND_PAR,BULK_01,True,False,23.95,True,synthetic_scenario_generator,26006
2022-02-25,IND_PAR,BULK_01,True,False,13.0,True,synthetic_scenario_generator,26006
2022-02-26,IND_PAR,BULK_01,True,False,18.05,True,synthetic_scenario_generator,26006
2022-02-27,IND_PAR,BULK_01,True,False,8.83,True,synthetic_scenario_generator,26006
2022-02-28,IND_PAR,BULK_01,True,False,13.22,True,synthetic_scenario_generator,26006
2022-03-01,IND_PAR,BULK_01,True,False,19.02,True,synthetic_scenario_generator,26006
2022-03-02,IND_PAR,BULK_01,True,False,11.76,True,synthetic_scenario_generator,26006
2022-03-03,IND_PAR,BULK_01,True,False,16.21,True,synthetic_scenario_generator,26006
2022-03-04,IND_PAR,BULK_01,True,False,5.76,True,synthetic_scenario_generator,26006
2022-03-05,IND_PAR,BULK_01,True,False,18.27,True,synthetic_scenario_generator,26006
2022-03-06,IND_PAR,BULK_01,True,False,11.68,True,synthetic_scenario_generator,26006
2022-03-07,IND_PAR,BULK_01,True,False,17.79,True,synthetic_scenario_generator,26006
2022-03-08,IND_PAR,BULK_01,True,False,6.21,True,synthetic_scenario_generator,26006
2022-03-09,IND_PAR,BULK_01,True,False,15.72,True,synthetic_scenario_generator,26006
2022-03-10,IND_PAR,BULK_01,True,False,14.82,True,synthetic_scenario_generator,26006
2022-03-11,IND_PAR,BULK_01,True,False,17.87,True,synthetic_scenario_generator,26006
2022-03-12,IND_PAR,BULK_01,True,False,16.12,True,synthetic_scenario_generator,26006
2022-03-13,IND_PAR,BULK_01,True,False,26.37,True,synthetic_scenario_generator,26006
2022-03-14,IND_PAR,BULK_01,True,False,10.11,True,synthetic_scenario_generator,26006
2022-03-15,IND_PAR,BULK_01,False,True,22.22,True,synthetic_scenario_generator,26006
2022-03-16,IND_PAR,BULK_01,True,False,28.24,True,synthetic_scenario_generator,26006
2022-03-17,IND_PAR,BULK_01,True,False,17.21,True,synthetic_scenario_generator,26006
2022-03-18,IND_PAR,BULK_01,True,False,22.11,True,synthetic_scenario_generator,26006
2022-03-19,IND_PAR,BULK_01,True,False,20.18,True,synthetic_scenario_generator,26006
2022-03-20,IND_PAR,BULK_01,True,False,16.38,True,synthetic_scenario_generator,26006
2022-03-21,IND_PAR,BULK_01,True,False,23.81,True,synthetic_scenario_generator,26006
2022-03-22,IND_PAR,BULK_01,True,False,16.41,True,synthetic_scenario_generator,26006
2022-03-23,IND_PAR,BULK_01,True,False,33.79,True,synthetic_scenario_generator,26006
2022-03-24,IND_PAR,BULK_01,True,False,31.65,True,synthetic_scenario_generator,26006
2022-03-25,IND_PAR,BULK_01,True,False,22.11,True,synthetic_scenario_generator,26006
2022-03-26,IND_PAR,BULK_01,True,False,19.82,True,synthetic_scenario_generator,26006
2022-03-27,IND_PAR,BULK_01,True,False,21.97,True,synthetic_scenario_generator,26006
2022-03-28,IND_PAR,BULK_01,True,False,12.3,True,synthetic_scenario_generator,26006
2022-03-29,IND_PAR,BULK_01,True,False,24.59,True,synthetic_scenario_generator,26006
2022-03-30,IND_PAR,BULK_01,True,False,26.55,True,synthetic_scenario_generator,26006
2022-03-31,IND_PAR,BULK_01,True,False,24.05,True,synthetic_scenario_generator,26006
2022-04-01,IND_PAR,BULK_01,True,False,25.57,True,synthetic_scenario_generator,26006
2022-04-02,IND_PAR,BULK_01,True,False,29.11,True,synthetic_scenario_generator,26006
2022-04-03,IND_PAR,BULK_01,True,False,35.0,True,synthetic_scenario_generator,26006
2022-04-04,IND_PAR,BULK_01,True,False,31.79,True,synthetic_scenario_generator,26006
2022-04-05,IND_PAR,BULK_01,True,False,27.79,True,synthetic_scenario_generator,26006
2022-04-06,IND_PAR,BULK_01,True,False,36.77,True,synthetic_scenario_generator,26006
2022-04-07,IND_PAR,BULK_01,True,False,21.72,True,synthetic_scenario_generator,26006
2022-04-08,IND_PAR,BULK_01,True,False,33.06,True,synthetic_scenario_generator,26006
2022-04-09,IND_PAR,BULK_01,True,False,42.78,True,synthetic_scenario_generator,26006
2022-04-10,IND_PAR,BULK_01,True,False,35.35,True,synthetic_scenario_generator,26006
2022-04-11,IND_PAR,BULK_01,True,False,38.69,True,synthetic_scenario_generator,26006
2022-04-12,IND_PAR,BULK_01,True,False,34.46,True,synthetic_scenario_generator,26006
2022-04-13,IND_PAR,BULK_01,True,False,29.38,True,synthetic_scenario_generator,26006
2022-04-14,IND_PAR,BULK_01,True,False,43.56,True,synthetic_scenario_generator,26006
2022-04-15,IND_PAR,BULK_01,True,False,24.65,True,synthetic_scenario_generator,26006
2022-04-16,IND_PAR,BULK_01,True,False,31.91,True,synthetic_scenario_generator,26006
2022-04-17,IND_PAR,BULK_01,True,False,29.61,True,synthetic_scenario_generator,26006
2022-04-18,IND_PAR,BULK_01,True,False,36.4,True,synthetic_scenario_generator,26006
2022-04-19,IND_PAR,BULK_01,True,False,18.44,True,synthetic_scenario_generator,26006
2022-04-20,IND_PAR,BULK_01,True,False,35.19,True,synthetic_scenario_generator,26006
2022-04-21,IND_PAR,BULK_01,True,False,31.12,True,synthetic_scenario_generator,26006
2022-04-22,IND_PAR,BULK_01,True,False,27.84,True,synthetic_scenario_generator,26006
2022-04-23,IND_PAR,BULK_01,True,False,28.2,True,synthetic_scenario_generator,26006
2022-04-24,IND_PAR,BULK_01,True,False,36.86,True,synthetic_scenario_generator,26006
2022-04-25,IND_PAR,BULK_01,True,False,25.54,True,synthetic_scenario_generator,26006
2022-04-26,IND_PAR,BULK_01,True,False,23.36,True,synthetic_scenario_generator,26006
2022-04-27,IND_PAR,BULK_01,True,False,27.15,True,synthetic_scenario_generator,26006
2022-04-28,IND_PAR,BULK_01,True,False,32.16,True,synthetic_scenario_generator,26006
2022-04-29,IND_PAR,BULK_01,True,False,30.44,True,synthetic_scenario_generator,26006
2022-04-30,IND_PAR,BULK_01,True,False,24.81,True,synthetic_scenario_generator,26006
2022-05-01,IND_PAR,BULK_01,True,False,24.82,True,synthetic_scenario_generator,26006
2022-05-02,IND_PAR,BULK_01,True,False,27.57,True,synthetic_scenario_generator,26006
2022-05-03,IND_PAR,BULK_01,True,False,25.22,True,synthetic_scenario_generator,26006
2022-05-04,IND_PAR,BULK_01,True,False,28.3,True,synthetic_scenario_generator,26006
2022-05-05,IND_PAR,BULK_01,True,False,29.15,True,synthetic_scenario_generator,26006
2022-05-06,IND_PAR,BULK_01,True,False,20.16,True,synthetic_scenario_generator,26006
2022-05-07,IND_PAR,BULK_01,True,False,26.44,True,synthetic_scenario_generator,26006
2022-05-08,IND_PAR,BULK_01,True,False,22.62,True,synthetic_scenario_generator,26006
2022-05-09,IND_PAR,BULK_01,True,False,19.7,True,synthetic_scenario_generator,26006
2022-05-10,IND_PAR,BULK_01,True,False,22.35,True,synthetic_scenario_generator,26006
2022-05-11,IND_PAR,BULK_01,True,False,11.89,True,synthetic_scenario_generator,26006
2022-05-12,IND_PAR,BULK_01,True,False,31.33,True,synthetic_scenario_generator,26006
2022-05-13,IND_PAR,BULK_01,True,False,13.11,True,synthetic_scenario_generator,26006
2022-05-14,IND_PAR,BULK_01,True,False,22.45,True,synthetic_scenario_generator,26006
2022-05-15,IND_PAR,BULK_01,True,False,20.06,True,synthetic_scenario_generator,26006
2022-05-16,IND_PAR,BULK_01,True,False,18.53,True,synthetic_scenario_generator,26006
2022-05-17,IND_PAR,BULK_01,True,False,20.68,True,synthetic_scenario_generator,26006
2022-05-18,IND_PAR,BULK_01,True,False,14.51,True,synthetic_scenario_generator,26006
2022-05-19,IND_PAR,BULK_01,True,False,18.16,True,synthetic_scenario_generator,26006
2022-05-20,IND_PAR,BULK_01,True,False,19.35,True,synthetic_scenario_generator,26006
2022-05-21,IND_PAR,BULK_01,True,False,16.09,True,synthetic_scenario_generator,26006
2022-05-22,IND_PAR,BULK_01,True,False,25.14,True,synthetic_scenario_generator,26006
2022-05-23,IND_PAR,BULK_01,True,False,24.96,True,synthetic_scenario_generator,26006
2022-05-24,IND_PAR,BULK_01,True,False,16.97,True,synthetic_scenario_generator,26006
2022-05-25,IND_PAR,BULK_01,True,False,16.38,True,synthetic_scenario_generator,26006
2022-05-26,IND_PAR,BULK_01,True,False,13.44,True,synthetic_scenario_generator,26006
2022-05-27,IND_PAR,BULK_01,True,False,13.36,True,synthetic_scenario_generator,26006
2022-05-28,IND_PAR,BULK_01,True,False,15.12,True,synthetic_scenario_generator,26006
2022-05-29,IND_PAR,BULK_01,True,False,15.2,True,synthetic_scenario_generator,26006
2022-05-30,IND_PAR,BULK_01,True,False,16.48,True,synthetic_scenario_generator,26006
2022-05-31,IND_PAR,BULK_01,True,False,18.51,True,synthetic_scenario_generator,26006
2022-06-01,IND_PAR,BULK_01,True,False,17.61,True,synthetic_scenario_generator,26006
2022-06-02,IND_PAR,BULK_01,True,False,21.72,True,synthetic_scenario_generator,26006
2022-06-03,IND_PAR,BULK_01,True,False,18.98,True,synthetic_scenario_generator,26006
2022-06-04,IND_PAR,BULK_01,True,False,15.55,True,synthetic_scenario_generator,26006
2022-06-05,IND_PAR,BULK_01,True,False,23.53,True,synthetic_scenario_generator,26006
2022-06-06,IND_PAR,BULK_01,True,False,26.07,True,synthetic_scenario_generator,26006
2022-06-07,IND_PAR,BULK_01,True,False,27.76,True,synthetic_scenario_generator,26006
2022-06-08,IND_PAR,BULK_01,True,False,20.83,True,synthetic_scenario_generator,26006
2022-06-09,IND_PAR,BULK_01,True,False,26.09,True,synthetic_scenario_generator,26006
2022-06-10,IND_PAR,BULK_01,True,False,30.7,True,synthetic_scenario_generator,26006
2022-06-11,IND_PAR,BULK_01,True,False,30.95,True,synthetic_scenario_generator,26006
2022-06-12,IND_PAR,BULK_01,True,False,32.24,True,synthetic_scenario_generator,26006
2022-06-13,IND_PAR,BULK_01,True,False,28.68,True,synthetic_scenario_generator,26006
2022-06-14,IND_PAR,BULK_01,True,False,31.11,True,synthetic_scenario_generator,26006
2022-06-15,IND_PAR,BULK_01,True,False,34.14,True,synthetic_scenario_generator,26006
2022-06-16,IND_PAR,BULK_01,True,False,29.82,True,synthetic_scenario_generator,26006
2022-06-17,IND_PAR,BULK_01,True,False,17.01,True,synthetic_scenario_generator,26006
2022-06-18,IND_PAR,BULK_01,True,False,29.15,True,synthetic_scenario_generator,26006
2022-06-19,IND_PAR,BULK_01,True,False,35.67,True,synthetic_scenario_generator,26006
2022-06-20,IND_PAR,BULK_01,True,False,28.67,True,synthetic_scenario_generator,26006
2022-06-21,IND_PAR,BULK_01,True,False,25.89,True,synthetic_scenario_generator,26006
2022-06-22,IND_PAR,BULK_01,True,False,30.49,True,synthetic_scenario_generator,26006
2022-06-23,IND_PAR,BULK_01,True,False,33.12,True,synthetic_scenario_generator,26006
2022-06-24,IND_PAR,BULK_01,True,False,27.33,True,synthetic_scenario_generator,26006
2022-06-25,IND_PAR,BULK_01,True,False,22.84,True,synthetic_scenario_generator,26006
2022-06-26,IND_PAR,BULK_01,True,False,35.94,True,synthetic_scenario_generator,26006
2022-06-27,IND_PAR,BULK_01,True,False,31.42,True,synthetic_scenario_generator,26006
2022-06-28,IND_PAR,BULK_01,True,False,35.76,True,synthetic_scenario_generator,26006
2022-06-29,IND_PAR,BULK_01,True,False,28.78,True,synthetic_scenario_generator,26006
2022-06-30,IND_PAR,BULK_01,True,False,29.98,True,synthetic_scenario_generator,26006
2022-07-01,IND_PAR,BULK_01,True,False,19.1,True,synthetic_scenario_generator,26006
2022-07-02,IND_PAR,BULK_01,True,False,37.06,True,synthetic_scenario_generator,26006
2022-07-03,IND_PAR,BULK_01,True,False,30.71,True,synthetic_scenario_generator,26006
2022-07-04,IND_PAR,BULK_01,True,False,31.71,True,synthetic_scenario_generator,26006
2022-07-05,IND_PAR,BULK_01,True,False,27.14,True,synthetic_scenario_generator,26006
2022-07-06,IND_PAR,BULK_01,True,False,30.91,True,synthetic_scenario_generator,26006
2022-07-07,IND_PAR,BULK_01,True,False,42.79,True,synthetic_scenario_generator,26006
2022-07-08,IND_PAR,BULK_01,True,False,34.53,True,synthetic_scenario_generator,26006
2022-07-09,IND_PAR,BULK_01,True,False,33.23,True,synthetic_scenario_generator,26006
2022-07-10,IND_PAR,BULK_01,True,False,31.97,True,synthetic_scenario_generator,26006
2022-07-11,IND_PAR,BULK_01,True,False,42.03,True,synthetic_scenario_generator,26006
2022-07-12,IND_PAR,BULK_01,True,False,39.67,True,synthetic_scenario_generator,26006
2022-07-13,IND_PAR,BULK_01,True,False,44.92,True,synthetic_scenario_generator,26006
2022-07-14,IND_PAR,BULK_01,True,False,36.51,True,synthetic_scenario_generator,26006
2022-07-15,IND_PAR,BULK_01,True,False,35.1,True,synthetic_scenario_generator,26006
2022-07-16,IND_PAR,BULK_01,True,False,40.82,True,synthetic_scenario_generator,26006
2022-07-17,IND_PAR,BULK_01,True,False,34.67,True,synthetic_scenario_generator,26006
2022-07-18,IND_PAR,BULK_01,True,False,44.7,True,synthetic_scenario_generator,26006
2022-07-19,IND_PAR,BULK_01,True,False,32.73,True,synthetic_scenario_generator,26006
2022-07-20,IND_PAR,BULK_01,True,False,27.22,True,synthetic_scenario_generator,26006
2022-07-21,IND_PAR,BULK_01,True,False,40.58,True,synthetic_scenario_generator,26006
2022-07-22,IND_PAR,BULK_01,True,False,36.35,True,synthetic_scenario_generator,26006
2022-07-23,IND_PAR,BULK_01,True,False,38.93,True,synthetic_scenario_generator,26006
2022-07-24,IND_PAR,BULK_01,True,False,30.95,True,synthetic_scenario_generator,26006
2022-07-25,IND_PAR,BULK_01,True,False,25.98,True,synthetic_scenario_generator,26006
2022-07-26,IND_PAR,BULK_01,True,False,32.52,True,synthetic_scenario_generator,26006
2022-07-27,IND_PAR,BULK_01,True,False,29.35,True,synthetic_scenario_generator,26006
2022-07-28,IND_PAR,BULK_01,True,False,27.1,True,synthetic_scenario_generator,26006
2022-07-29,IND_PAR,BULK_01,True,False,33.12,True,synthetic_scenario_generator,26006
2022-07-30,IND_PAR,BULK_01,True,False,19.2,True,synthetic_scenario_generator,26006
2022-07-31,IND_PAR,BULK_01,True,False,29.92,True,synthetic_scenario_generator,26006
2022-08-01,IND_PAR,BULK_01,True,False,25.05,True,synthetic_scenario_generator,26006
2022-08-02,IND_PAR,BULK_01,True,False,23.05,True,synthetic_scenario_generator,26006
2022-08-03,IND_PAR,BULK_01,True,False,28.77,True,synthetic_scenario_generator,26006
2022-08-04,IND_PAR,BULK_01,True,False,32.58,True,synthetic_scenario_generator,26006
2022-08-05,IND_PAR,BULK_01,True,False,24.32,True,synthetic_scenario_generator,26006
2022-08-06,IND_PAR,BULK_01,True,False,21.35,True,synthetic_scenario_generator,26006
2022-08-07,IND_PAR,BULK_01,True,False,13.54,True,synthetic_scenario_generator,26006
2022-08-08,IND_PAR,BULK_01,True,False,24.19,True,synthetic_scenario_generator,26006
2022-08-09,IND_PAR,BULK_01,True,False,15.36,True,synthetic_scenario_generator,26006
2022-08-10,IND_PAR,BULK_01,True,False,25.68,True,synthetic_scenario_generator,26006
2022-08-11,IND_PAR,BULK_01,True,False,13.57,True,synthetic_scenario_generator,26006
2022-08-12,IND_PAR,BULK_01,True,False,25.93,True,synthetic_scenario_generator,26006
2022-08-13,IND_PAR,BULK_01,True,False,19.18,True,synthetic_scenario_generator,26006
2022-08-14,IND_PAR,BULK_01,True,False,7.45,True,synthetic_scenario_generator,26006
2022-08-15,IND_PAR,BULK_01,True,False,18.67,True,synthetic_scenario_generator,26006
2022-08-16,IND_PAR,BULK_01,True,False,23.17,True,synthetic_scenario_generator,26006
2022-08-17,IND_PAR,BULK_01,True,False,21.26,True,synthetic_scenario_generator,26006
2022-08-18,IND_PAR,BULK_01,True,False,21.67,True,synthetic_scenario_generator,26006
2022-08-19,IND_PAR,BULK_01,True,False,9.28,True,synthetic_scenario_generator,26006
2022-08-20,IND_PAR,BULK_01,True,False,17.74,True,synthetic_scenario_generator,26006
2022-08-21,IND_PAR,BULK_01,True,False,19.53,True,synthetic_scenario_generator,26006
2022-08-22,IND_PAR,BULK_01,True,False,20.1,True,synthetic_scenario_generator,26006
2022-08-23,IND_PAR,BULK_01,True,False,21.59,True,synthetic_scenario_generator,26006
2022-08-24,IND_PAR,BULK_01,True,False,11.96,True,synthetic_scenario_generator,26006
2022-08-25,IND_PAR,BULK_01,True,False,7.58,True,synthetic_scenario_generator,26006
2022-08-26,IND_PAR,BULK_01,True,False,16.89,True,synthetic_scenario_generator,26006
2022-08-27,IND_PAR,BULK_01,True,False,23.47,True,synthetic_scenario_generator,26006
2022-08-28,IND_PAR,BULK_01,True,False,21.37,True,synthetic_scenario_generator,26006
2022-08-29,IND_PAR,BULK_01,True,False,19.06,True,synthetic_scenario_generator,26006
2022-08-30,IND_PAR,BULK_01,True,False,13.98,True,synthetic_scenario_generator,26006
2022-08-31,IND_PAR,BULK_01,True,False,20.15,True,synthetic_scenario_generator,26006
2022-09-01,IND_PAR,BULK_01,True,False,27.12,True,synthetic_scenario_generator,26006
2022-09-02,IND_PAR,BULK_01,True,False,20.84,True,synthetic_scenario_generator,26006
2022-09-03,IND_PAR,BULK_01,True,False,20.42,True,synthetic_scenario_generator,26006
2022-09-04,IND_PAR,BULK_01,True,False,20.72,True,synthetic_scenario_generator,26006
2022-09-05,IND_PAR,BULK_01,True,False,17.82,True,synthetic_scenario_generator,26006
2022-09-06,IND_PAR,BULK_01,True,False,14.93,True,synthetic_scenario_generator,26006
2022-09-07,IND_PAR,BULK_01,True,False,22.5,True,synthetic_scenario_generator,26006
2022-09-08,IND_PAR,BULK_01,True,False,19.55,True,synthetic_scenario_generator,26006
2022-09-09,IND_PAR,BULK_01,True,False,21.83,True,synthetic_scenario_generator,26006
2022-09-10,IND_PAR,BULK_01,True,False,20.96,True,synthetic_scenario_generator,26006
2022-09-11,IND_PAR,BULK_01,True,False,19.88,True,synthetic_scenario_generator,26006
2022-09-12,IND_PAR,BULK_01,True,False,19.79,True,synthetic_scenario_generator,26006
2022-09-13,IND_PAR,BULK_01,True,False,19.28,True,synthetic_scenario_generator,26006
2022-09-14,IND_PAR,BULK_01,True,False,36.27,True,synthetic_scenario_generator,26006
2022-09-15,IND_PAR,BULK_01,False,True,31.72,True,synthetic_scenario_generator,26006
2022-09-16,IND_PAR,BULK_01,True,False,36.31,True,synthetic_scenario_generator,26006
2022-09-17,IND_PAR,BULK_01,True,False,31.45,True,synthetic_scenario_generator,26006
2022-09-18,IND_PAR,BULK_01,True,False,32.43,True,synthetic_scenario_generator,26006
2022-09-19,IND_PAR,BULK_01,True,False,24.15,True,synthetic_scenario_generator,26006
2022-09-20,IND_PAR,BULK_01,True,False,36.48,True,synthetic_scenario_generator,26006
2022-09-21,IND_PAR,BULK_01,True,False,33.1,True,synthetic_scenario_generator,26006
2022-09-22,IND_PAR,BULK_01,True,False,30.29,True,synthetic_scenario_generator,26006
2022-09-23,IND_PAR,BULK_01,True,False,30.2,True,synthetic_scenario_generator,26006
2022-09-24,IND_PAR,BULK_01,True,False,22.2,True,synthetic_scenario_generator,26006
2022-09-25,IND_PAR,BULK_01,True,False,16.39,True,synthetic_scenario_generator,26006
2022-09-26,IND_PAR,BULK_01,True,False,47.25,True,synthetic_scenario_generator,26006
2022-09-27,IND_PAR,BULK_01,True,False,34.36,True,synthetic_scenario_generator,26006
2022-09-28,IND_PAR,BULK_01,True,False,37.3,True,synthetic_scenario_generator,26006
2022-09-29,IND_PAR,BULK_01,True,False,35.88,True,synthetic_scenario_generator,26006
2022-09-30,IND_PAR,BULK_01,True,False,24.85,True,synthetic_scenario_generator,26006
2022-10-01,IND_PAR,BULK_01,True,False,26.04,True,synthetic_scenario_generator,26006
2022-10-02,IND_PAR,BULK_01,True,False,29.15,True,synthetic_scenario_generator,26006
2022-10-03,IND_PAR,BULK_01,True,False,23.27,True,synthetic_scenario_generator,26006
2022-10-04,IND_PAR,BULK_01,True,False,32.14,True,synthetic_scenario_generator,26006
2022-10-05,IND_PAR,BULK_01,True,False,34.56,True,synthetic_scenario_generator,26006
2022-10-06,IND_PAR,BULK_01,True,False,30.25,True,synthetic_scenario_generator,26006
2022-10-07,IND_PAR,BULK_01,True,False,24.46,True,synthetic_scenario_generator,26006
2022-10-08,IND_PAR,BULK_01,True,False,33.55,True,synthetic_scenario_generator,26006
2022-10-09,IND_PAR,BULK_01,True,False,39.4,True,synthetic_scenario_generator,26006
2022-10-10,IND_PAR,BULK_01,True,False,27.15,True,synthetic_scenario_generator,26006
2022-10-11,IND_PAR,BULK_01,True,False,42.3,True,synthetic_scenario_generator,26006
2022-10-12,IND_PAR,BULK_01,True,False,34.59,True,synthetic_scenario_generator,26006
2022-10-13,IND_PAR,BULK_01,True,False,40.7,True,synthetic_scenario_generator,26006
2022-10-14,IND_PAR,BULK_01,True,False,38.05,True,synthetic_scenario_generator,26006
2022-10-15,IND_PAR,BULK_01,True,False,28.51,True,synthetic_scenario_generator,26006
2022-10-16,IND_PAR,BULK_01,True,False,34.35,True,synthetic_scenario_generator,26006
2022-10-17,IND_PAR,BULK_01,True,False,23.53,True,synthetic_scenario_generator,26006
2022-10-18,IND_PAR,BULK_01,True,False,27.97,True,synthetic_scenario_generator,26006
2022-10-19,IND_PAR,BULK_01,True,False,35.09,True,synthetic_scenario_generator,26006
2022-10-20,IND_PAR,BULK_01,True,False,14.62,True,synthetic_scenario_generator,26006
2022-10-21,IND_PAR,BULK_01,True,False,34.51,True,synthetic_scenario_generator,26006
2022-10-22,IND_PAR,BULK_01,True,False,29.45,True,synthetic_scenario_generator,26006
2022-10-23,IND_PAR,BULK_01,True,False,13.8,True,synthetic_scenario_generator,26006
2022-10-24,IND_PAR,BULK_01,True,False,31.39,True,synthetic_scenario_generator,26006
2022-10-25,IND_PAR,BULK_01,True,False,29.28,True,synthetic_scenario_generator,26006
2022-10-26,IND_PAR,BULK_01,True,False,35.37,True,synthetic_scenario_generator,26006
2022-10-27,IND_PAR,BULK_01,True,False,30.1,True,synthetic_scenario_generator,26006
2022-10-28,IND_PAR,BULK_01,True,False,21.94,True,synthetic_scenario_generator,26006
2022-10-29,IND_PAR,BULK_01,True,False,36.14,True,synthetic_scenario_generator,26006
2022-10-30,IND_PAR,BULK_01,True,False,18.09,True,synthetic_scenario_generator,26006
2022-10-31,IND_PAR,BULK_01,True,False,22.51,True,synthetic_scenario_generator,26006
2022-11-01,IND_PAR,BULK_01,True,False,25.23,True,synthetic_scenario_generator,26006
2022-11-02,IND_PAR,BULK_01,True,False,20.75,True,synthetic_scenario_generator,26006
2022-11-03,IND_PAR,BULK_01,True,False,23.76,True,synthetic_scenario_generator,26006
2022-11-04,IND_PAR,BULK_01,True,False,21.19,True,synthetic_scenario_generator,26006
2022-11-05,IND_PAR,BULK_01,True,False,15.9,True,synthetic_scenario_generator,26006
2022-11-06,IND_PAR,BULK_01,True,False,21.43,True,synthetic_scenario_generator,26006
2022-11-07,IND_PAR,BULK_01,True,False,30.75,True,synthetic_scenario_generator,26006
2022-11-08,IND_PAR,BULK_01,True,False,12.22,True,synthetic_scenario_generator,26006
2022-11-09,IND_PAR,BULK_01,True,False,14.47,True,synthetic_scenario_generator,26006
2022-11-10,IND_PAR,BULK_01,True,False,22.81,True,synthetic_scenario_generator,26006
2022-11-11,IND_PAR,BULK_01,True,False,26.19,True,synthetic_scenario_generator,26006
2022-11-12,IND_PAR,BULK_01,True,False,21.57,True,synthetic_scenario_generator,26006
2022-11-13,IND_PAR,BULK_01,True,False,15.1,True,synthetic_scenario_generator,26006
2022-11-14,IND_PAR,BULK_01,True,False,20.83,True,synthetic_scenario_generator,26006
2022-11-15,IND_PAR,BULK_01,True,False,15.7,True,synthetic_scenario_generator,26006
2022-11-16,IND_PAR,BULK_01,True,False,13.65,True,synthetic_scenario_generator,26006
2022-11-17,IND_PAR,BULK_01,True,False,20.74,True,synthetic_scenario_generator,26006
2022-11-18,IND_PAR,BULK_01,True,False,15.92,True,synthetic_scenario_generator,26006
2022-11-19,IND_PAR,BULK_01,True,False,17.1,True,synthetic_scenario_generator,26006
2022-11-20,IND_PAR,BULK_01,True,False,13.8,True,synthetic_scenario_generator,26006
2022-11-21,IND_PAR,BULK_01,True,False,10.44,True,synthetic_scenario_generator,26006
2022-11-22,IND_PAR,BULK_01,True,False,13.34,True,synthetic_scenario_generator,26006
2022-11-23,IND_PAR,BULK_01,True,False,19.65,True,synthetic_scenario_generator,26006
2022-11-24,IND_PAR,BULK_01,True,False,14.36,True,synthetic_scenario_generator,26006
2022-11-25,IND_PAR,BULK_01,True,False,12.38,True,synthetic_scenario_generator,26006
2022-11-26,IND_PAR,BULK_01,True,False,14.74,True,synthetic_scenario_generator,26006
2022-11-27,IND_PAR,BULK_01,True,False,9.06,True,synthetic_scenario_generator,26006
2022-11-28,IND_PAR,BULK_01,True,False,13.64,True,synthetic_scenario_generator,26006
2022-11-29,IND_PAR,BULK_01,True,False,14.48,True,synthetic_scenario_generator,26006
2022-11-30,IND_PAR,BULK_01,True,False,12.03,True,synthetic_scenario_generator,26006
2022-12-01,IND_PAR,BULK_01,True,False,18.4,True,synthetic_scenario_generator,26006
2022-12-02,IND_PAR,BULK_01,True,False,23.55,True,synthetic_scenario_generator,26006
2022-12-03,IND_PAR,BULK_01,True,False,23.24,True,synthetic_scenario_generator,26006
2022-12-04,IND_PAR,BULK_01,True,False,19.88,True,synthetic_scenario_generator,26006
2022-12-05,IND_PAR,BULK_01,True,False,16.58,True,synthetic_scenario_generator,26006
2022-12-06,IND_PAR,BULK_01,True,False,16.91,True,synthetic_scenario_generator,26006
2022-12-07,IND_PAR,BULK_01,True,False,24.41,True,synthetic_scenario_generator,26006
2022-12-08,IND_PAR,BULK_01,True,False,17.67,True,synthetic_scenario_generator,26006
2022-12-09,IND_PAR,BULK_01,True,False,14.7,True,synthetic_scenario_generator,26006
2022-12-10,IND_PAR,BULK_01,True,False,18.62,True,synthetic_scenario_generator,26006
2022-12-11,IND_PAR,BULK_01,True,False,26.79,True,synthetic_scenario_generator,26006
2022-12-12,IND_PAR,BULK_01,True,False,16.71,True,synthetic_scenario_generator,26006
2022-12-13,IND_PAR,BULK_01,True,False,18.5,True,synthetic_scenario_generator,26006
2022-12-14,IND_PAR,BULK_01,True,False,27.64,True,synthetic_scenario_generator,26006
2022-12-15,IND_PAR,BULK_01,True,False,26.46,True,synthetic_scenario_generator,26006
2022-12-16,IND_PAR,BULK_01,True,False,24.4,True,synthetic_scenario_generator,26006
2022-12-17,IND_PAR,BULK_01,True,False,18.7,True,synthetic_scenario_generator,26006
2022-12-18,IND_PAR,BULK_01,True,False,20.51,True,synthetic_scenario_generator,26006
2022-12-19,IND_PAR,BULK_01,True,False,29.76,True,synthetic_scenario_generator,26006
2022-12-20,IND_PAR,BULK_01,True,False,21.11,True,synthetic_scenario_generator,26006
2022-12-21,IND_PAR,BULK_01,True,False,27.31,True,synthetic_scenario_generator,26006
2022-12-22,IND_PAR,BULK_01,True,False,21.51,True,synthetic_scenario_generator,26006
2022-12-23,IND_PAR,BULK_01,True,False,26.11,True,synthetic_scenario_generator,26006
2022-12-24,IND_PAR,BULK_01,True,False,34.78,True,synthetic_scenario_generator,26006
2022-12-25,IND_PAR,BULK_01,True,False,42.03,True,synthetic_scenario_generator,26006
2022-12-26,IND_PAR,BULK_01,True,False,32.42,True,synthetic_scenario_generator,26006
2022-12-27,IND_PAR,BULK_01,True,False,32.47,True,synthetic_scenario_generator,26006
2022-12-28,IND_PAR,BULK_01,True,False,33.9,True,synthetic_scenario_generator,26006
2022-12-29,IND_PAR,BULK_01,True,False,31.8,True,synthetic_scenario_generator,26006
2022-12-30,IND_PAR,BULK_01,True,False,33.41,True,synthetic_scenario_generator,26006
2022-12-31,IND_PAR,BULK_01,True,False,31.71,True,synthetic_scenario_generator,26006
2023-01-01,IND_PAR,BULK_01,True,False,29.78,True,synthetic_scenario_generator,26006
2023-01-02,IND_PAR,BULK_01,True,False,24.32,True,synthetic_scenario_generator,26006
2023-01-03,IND_PAR,BULK_01,True,False,25.07,True,synthetic_scenario_generator,26006
2023-01-04,IND_PAR,BULK_01,True,False,33.7,True,synthetic_scenario_generator,26006
2023-01-05,IND_PAR,BULK_01,True,False,38.23,True,synthetic_scenario_generator,26006
2023-01-06,IND_PAR,BULK_01,True,False,43.46,True,synthetic_scenario_generator,26006
2023-01-07,IND_PAR,BULK_01,True,False,33.04,True,synthetic_scenario_generator,26006
2023-01-08,IND_PAR,BULK_01,True,False,38.06,True,synthetic_scenario_generator,26006
2023-01-09,IND_PAR,BULK_01,True,False,32.36,True,synthetic_scenario_generator,26006
2023-01-10,IND_PAR,BULK_01,True,False,34.65,True,synthetic_scenario_generator,26006
2023-01-11,IND_PAR,BULK_01,True,False,37.91,True,synthetic_scenario_generator,26006
2023-01-12,IND_PAR,BULK_01,True,False,36.07,True,synthetic_scenario_generator,26006
2023-01-13,IND_PAR,BULK_01,True,False,34.15,True,synthetic_scenario_generator,26006
2023-01-14,IND_PAR,BULK_01,True,False,29.12,True,synthetic_scenario_generator,26006
2023-01-15,IND_PAR,BULK_01,True,False,28.58,True,synthetic_scenario_generator,26006
2023-01-16,IND_PAR,BULK_01,True,False,21.29,True,synthetic_scenario_generator,26006
2023-01-17,IND_PAR,BULK_01,True,False,28.04,True,synthetic_scenario_generator,26006
2023-01-18,IND_PAR,BULK_01,True,False,27.09,True,synthetic_scenario_generator,26006
2023-01-19,IND_PAR,BULK_01,True,False,18.24,True,synthetic_scenario_generator,26006
2023-01-20,IND_PAR,BULK_01,True,False,31.52,True,synthetic_scenario_generator,26006
2023-01-21,IND_PAR,BULK_01,True,False,17.47,True,synthetic_scenario_generator,26006
2023-01-22,IND_PAR,BULK_01,True,False,19.24,True,synthetic_scenario_generator,26006
2023-01-23,IND_PAR,BULK_01,True,False,24.01,True,synthetic_scenario_generator,26006
2023-01-24,IND_PAR,BULK_01,True,False,24.44,True,synthetic_scenario_generator,26006
2023-01-25,IND_PAR,BULK_01,True,False,28.39,True,synthetic_scenario_generator,26006
2023-01-26,IND_PAR,BULK_01,True,False,28.0,True,synthetic_scenario_generator,26006
2023-01-27,IND_PAR,BULK_01,True,False,16.26,True,synthetic_scenario_generator,26006
2023-01-28,IND_PAR,BULK_01,True,False,12.23,True,synthetic_scenario_generator,26006
2023-01-29,IND_PAR,BULK_01,True,False,20.08,True,synthetic_scenario_generator,26006
2023-01-30,IND_PAR,BULK_01,True,False,18.83,True,synthetic_scenario_generator,26006
2023-01-31,IND_PAR,BULK_01,True,False,23.7,True,synthetic_scenario_generator,26006
2023-02-01,IND_PAR,BULK_01,True,False,28.27,True,synthetic_scenario_generator,26006
2023-02-02,IND_PAR,BULK_01,True,False,17.25,True,synthetic_scenario_generator,26006
2023-02-03,IND_PAR,BULK_01,True,False,18.73,True,synthetic_scenario_generator,26006
2023-02-04,IND_PAR,BULK_01,True,False,23.77,True,synthetic_scenario_generator,26006
2023-02-05,IND_PAR,BULK_01,True,False,22.5,True,synthetic_scenario_generator,26006
2023-02-06,IND_PAR,BULK_01,True,False,12.8,True,synthetic_scenario_generator,26006
2023-02-07,IND_PAR,BULK_01,True,False,14.16,True,synthetic_scenario_generator,26006
2023-02-08,IND_PAR,BULK_01,True,False,14.93,True,synthetic_scenario_generator,26006
2023-02-09,IND_PAR,BULK_01,True,False,16.26,True,synthetic_scenario_generator,26006
2023-02-10,IND_PAR,BULK_01,True,False,5.53,True,synthetic_scenario_generator,26006
2023-02-11,IND_PAR,BULK_01,True,False,4.64,True,synthetic_scenario_generator,26006
2023-02-12,IND_PAR,BULK_01,True,False,16.22,True,synthetic_scenario_generator,26006
2023-02-13,IND_PAR,BULK_01,True,False,8.02,True,synthetic_scenario_generator,26006
2023-02-14,IND_PAR,BULK_01,True,False,14.68,True,synthetic_scenario_generator,26006
2023-02-15,IND_PAR,BULK_01,True,False,13.45,True,synthetic_scenario_generator,26006
2023-02-16,IND_PAR,BULK_01,True,False,17.56,True,synthetic_scenario_generator,26006
2023-02-17,IND_PAR,BULK_01,True,False,11.73,True,synthetic_scenario_generator,26006
2023-02-18,IND_PAR,BULK_01,True,False,19.55,True,synthetic_scenario_generator,26006
2023-02-19,IND_PAR,BULK_01,True,False,11.65,True,synthetic_scenario_generator,26006
2023-02-20,IND_PAR,BULK_01,True,False,10.38,True,synthetic_scenario_generator,26006
2023-02-21,IND_PAR,BULK_01,True,False,8.95,True,synthetic_scenario_generator,26006
2023-02-22,IND_PAR,BULK_01,True,False,8.12,True,synthetic_scenario_generator,26006
2023-02-23,IND_PAR,BULK_01,True,False,13.08,True,synthetic_scenario_generator,26006
2023-02-24,IND_PAR,BULK_01,True,False,15.76,True,synthetic_scenario_generator,26006
2023-02-25,IND_PAR,BULK_01,True,False,4.97,True,synthetic_scenario_generator,26006
2023-02-26,IND_PAR,BULK_01,True,False,17.28,True,synthetic_scenario_generator,26006
2023-02-27,IND_PAR,BULK_01,True,False,27.82,True,synthetic_scenario_generator,26006
2023-02-28,IND_PAR,BULK_01,True,False,17.75,True,synthetic_scenario_generator,26006
2023-03-01,IND_PAR,BULK_01,True,False,8.58,True,synthetic_scenario_generator,26006
2023-03-02,IND_PAR,BULK_01,True,False,9.99,True,synthetic_scenario_generator,26006
2023-03-03,IND_PAR,BULK_01,True,False,13.67,True,synthetic_scenario_generator,26006
2023-03-04,IND_PAR,BULK_01,True,False,13.85,True,synthetic_scenario_generator,26006
2023-03-05,IND_PAR,BULK_01,True,False,25.24,True,synthetic_scenario_generator,26006
2023-03-06,IND_PAR,BULK_01,True,False,16.29,True,synthetic_scenario_generator,26006
2023-03-07,IND_PAR,BULK_01,True,False,11.3,True,synthetic_scenario_generator,26006
2023-03-08,IND_PAR,BULK_01,True,False,14.55,True,synthetic_scenario_generator,26006
2023-03-09,IND_PAR,BULK_01,True,False,30.5,True,synthetic_scenario_generator,26006
2023-03-10,IND_PAR,BULK_01,True,False,20.46,True,synthetic_scenario_generator,26006
2023-03-11,IND_PAR,BULK_01,True,False,19.29,True,synthetic_scenario_generator,26006
2023-03-12,IND_PAR,BULK_01,True,False,24.15,True,synthetic_scenario_generator,26006
2023-03-13,IND_PAR,BULK_01,True,False,25.79,True,synthetic_scenario_generator,26006
2023-03-14,IND_PAR,BULK_01,True,False,22.67,True,synthetic_scenario_generator,26006
2023-03-15,IND_PAR,BULK_01,False,True,13.26,True,synthetic_scenario_generator,26006
2023-03-16,IND_PAR,BULK_01,True,False,15.68,True,synthetic_scenario_generator,26006
2023-03-17,IND_PAR,BULK_01,True,False,23.79,True,synthetic_scenario_generator,26006
2023-03-18,IND_PAR,BULK_01,True,False,25.89,True,synthetic_scenario_generator,26006
2023-03-19,IND_PAR,BULK_01,True,False,18.02,True,synthetic_scenario_generator,26006
2023-03-20,IND_PAR,BULK_01,True,False,20.66,True,synthetic_scenario_generator,26006
2023-03-21,IND_PAR,BULK_01,True,False,30.53,True,synthetic_scenario_generator,26006
2023-03-22,IND_PAR,BULK_01,True,False,21.8,True,synthetic_scenario_generator,26006
2023-03-23,IND_PAR,BULK_01,True,False,26.41,True,synthetic_scenario_generator,26006
2023-03-24,IND_PAR,BULK_01,True,False,25.73,True,synthetic_scenario_generator,26006
2023-03-25,IND_PAR,BULK_01,True,False,23.56,True,synthetic_scenario_generator,26006
2023-03-26,IND_PAR,BULK_01,True,False,30.78,True,synthetic_scenario_generator,26006
2023-03-27,IND_PAR,BULK_01,True,False,22.36,True,synthetic_scenario_generator,26006
2023-03-28,IND_PAR,BULK_01,True,False,29.41,True,synthetic_scenario_generator,26006
2023-03-29,IND_PAR,BULK_01,True,False,26.9,True,synthetic_scenario_generator,26006
2023-03-30,IND_PAR,BULK_01,True,False,30.93,True,synthetic_scenario_generator,26006
2023-03-31,IND_PAR,BULK_01,True,False,39.32,True,synthetic_scenario_generator,26006
2023-04-01,IND_PAR,BULK_01,True,False,28.77,True,synthetic_scenario_generator,26006
2023-04-02,IND_PAR,BULK_01,True,False,36.0,True,synthetic_scenario_generator,26006
2023-04-03,IND_PAR,BULK_01,True,False,31.64,True,synthetic_scenario_generator,26006
2023-04-04,IND_PAR,BULK_01,True,False,33.42,True,synthetic_scenario_generator,26006
2023-04-05,IND_PAR,BULK_01,True,False,30.39,True,synthetic_scenario_generator,26006
2023-04-06,IND_PAR,BULK_01,True,False,30.61,True,synthetic_scenario_generator,26006
2023-04-07,IND_PAR,BULK_01,True,False,21.35,True,synthetic_scenario_generator,26006
2023-04-08,IND_PAR,BULK_01,True,False,30.78,True,synthetic_scenario_generator,26006
2023-04-09,IND_PAR,BULK_01,True,False,29.4,True,synthetic_scenario_generator,26006
2023-04-10,IND_PAR,BULK_01,True,False,35.03,True,synthetic_scenario_generator,26006
2023-04-11,IND_PAR,BULK_01,True,False,33.85,True,synthetic_scenario_generator,26006
2023-04-12,IND_PAR,BULK_01,True,False,35.93,True,synthetic_scenario_generator,26006
2023-04-13,IND_PAR,BULK_01,True,False,31.99,True,synthetic_scenario_generator,26006
2023-04-14,IND_PAR,BULK_01,True,False,30.65,True,synthetic_scenario_generator,26006
2023-04-15,IND_PAR,BULK_01,True,False,36.74,True,synthetic_scenario_generator,26006
2023-04-16,IND_PAR,BULK_01,True,False,26.3,True,synthetic_scenario_generator,26006
2023-04-17,IND_PAR,BULK_01,True,False,27.61,True,synthetic_scenario_generator,26006
2023-04-18,IND_PAR,BULK_01,True,False,34.02,True,synthetic_scenario_generator,26006
2023-04-19,IND_PAR,BULK_01,True,False,33.29,True,synthetic_scenario_generator,26006
2023-04-20,IND_PAR,BULK_01,True,False,29.47,True,synthetic_scenario_generator,26006
2023-04-21,IND_PAR,BULK_01,True,False,38.41,True,synthetic_scenario_generator,26006
2023-04-22,IND_PAR,BULK_01,True,False,33.88,True,synthetic_scenario_generator,26006
2023-04-23,IND_PAR,BULK_01,True,False,24.86,True,synthetic_scenario_generator,26006
2023-04-24,IND_PAR,BULK_01,True,False,33.47,True,synthetic_scenario_generator,26006
2023-04-25,IND_PAR,BULK_01,True,False,17.26,True,synthetic_scenario_generator,26006
2023-04-26,IND_PAR,BULK_01,True,False,24.72,True,synthetic_scenario_generator,26006
2023-04-27,IND_PAR,BULK_01,True,False,22.66,True,synthetic_scenario_generator,26006
2023-04-28,IND_PAR,BULK_01,True,False,23.18,True,synthetic_scenario_generator,26006
2023-04-29,IND_PAR,BULK_01,True,False,26.26,True,synthetic_scenario_generator,26006
2023-04-30,IND_PAR,BULK_01,True,False,38.15,True,synthetic_scenario_generator,26006
2023-05-01,IND_PAR,BULK_01,True,False,23.96,True,synthetic_scenario_generator,26006
2023-05-02,IND_PAR,BULK_01,True,False,19.87,True,synthetic_scenario_generator,26006
2023-05-03,IND_PAR,BULK_01,True,False,14.98,True,synthetic_scenario_generator,26006
2023-05-04,IND_PAR,BULK_01,True,False,24.72,True,synthetic_scenario_generator,26006
2023-05-05,IND_PAR,BULK_01,True,False,21.45,True,synthetic_scenario_generator,26006
2023-05-06,IND_PAR,BULK_01,True,False,22.13,True,synthetic_scenario_generator,26006
2023-05-07,IND_PAR,BULK_01,True,False,21.96,True,synthetic_scenario_generator,26006
2023-05-08,IND_PAR,BULK_01,True,False,24.9,True,synthetic_scenario_generator,26006
2023-05-09,IND_PAR,BULK_01,True,False,20.09,True,synthetic_scenario_generator,26006
2023-05-10,IND_PAR,BULK_01,True,False,15.55,True,synthetic_scenario_generator,26006
2023-05-11,IND_PAR,BULK_01,True,False,25.92,True,synthetic_scenario_generator,26006
2023-05-12,IND_PAR,BULK_01,True,False,19.87,True,synthetic_scenario_generator,26006
2023-05-13,IND_PAR,BULK_01,True,False,19.44,True,synthetic_scenario_generator,26006
2023-05-14,IND_PAR,BULK_01,True,False,26.0,True,synthetic_scenario_generator,26006
2023-05-15,IND_PAR,BULK_01,True,False,8.8,True,synthetic_scenario_generator,26006
2023-05-16,IND_PAR,BULK_01,True,False,21.34,True,synthetic_scenario_generator,26006
2023-05-17,IND_PAR,BULK_01,True,False,18.72,True,synthetic_scenario_generator,26006
2023-05-18,IND_PAR,BULK_01,True,False,11.8,True,synthetic_scenario_generator,26006
2023-05-19,IND_PAR,BULK_01,True,False,25.3,True,synthetic_scenario_generator,26006
2023-05-20,IND_PAR,BULK_01,True,False,10.77,True,synthetic_scenario_generator,26006
2023-05-21,IND_PAR,BULK_01,True,False,20.47,True,synthetic_scenario_generator,26006
2023-05-22,IND_PAR,BULK_01,True,False,21.54,True,synthetic_scenario_generator,26006
2023-05-23,IND_PAR,BULK_01,True,False,16.47,True,synthetic_scenario_generator,26006
2023-05-24,IND_PAR,BULK_01,True,False,2.0,True,synthetic_scenario_generator,26006
2023-05-25,IND_PAR,BULK_01,True,False,2.0,True,synthetic_scenario_generator,26006
2023-05-26,IND_PAR,BULK_01,True,False,3.2,True,synthetic_scenario_generator,26006
2023-05-27,IND_PAR,BULK_01,True,False,15.88,True,synthetic_scenario_generator,26006
2023-05-28,IND_PAR,BULK_01,True,False,13.38,True,synthetic_scenario_generator,26006
2023-05-29,IND_PAR,BULK_01,True,False,11.72,True,synthetic_scenario_generator,26006
2023-05-30,IND_PAR,BULK_01,True,False,2.0,True,synthetic_scenario_generator,26006
2023-05-31,IND_PAR,BULK_01,True,False,15.87,True,synthetic_scenario_generator,26006
2023-06-01,IND_PAR,BULK_01,True,False,11.43,True,synthetic_scenario_generator,26006
2023-06-02,IND_PAR,BULK_01,True,False,23.16,True,synthetic_scenario_generator,26006
2023-06-03,IND_PAR,BULK_01,True,False,18.59,True,synthetic_scenario_generator,26006
2023-06-04,IND_PAR,BULK_01,True,False,24.93,True,synthetic_scenario_generator,26006
2023-06-05,IND_PAR,BULK_01,True,False,20.4,True,synthetic_scenario_generator,26006
2023-06-06,IND_PAR,BULK_01,True,False,22.61,True,synthetic_scenario_generator,26006
2023-06-07,IND_PAR,BULK_01,True,False,26.53,True,synthetic_scenario_generator,26006
2023-06-08,IND_PAR,BULK_01,True,False,33.25,True,synthetic_scenario_generator,26006
2023-06-09,IND_PAR,BULK_01,True,False,45.24,True,synthetic_scenario_generator,26006
2023-06-10,IND_PAR,BULK_01,True,False,25.15,True,synthetic_scenario_generator,26006
2023-06-11,IND_PAR,BULK_01,True,False,33.78,True,synthetic_scenario_generator,26006
2023-06-12,IND_PAR,BULK_01,True,False,27.43,True,synthetic_scenario_generator,26006
2023-06-13,IND_PAR,BULK_01,True,False,25.25,True,synthetic_scenario_generator,26006
2023-06-14,IND_PAR,BULK_01,True,False,23.51,True,synthetic_scenario_generator,26006
2023-06-15,IND_PAR,BULK_01,True,False,33.41,True,synthetic_scenario_generator,26006
2023-06-16,IND_PAR,BULK_01,True,False,35.32,True,synthetic_scenario_generator,26006
2023-06-17,IND_PAR,BULK_01,True,False,28.13,True,synthetic_scenario_generator,26006
2023-06-18,IND_PAR,BULK_01,True,False,32.19,True,synthetic_scenario_generator,26006
2023-06-19,IND_PAR,BULK_01,True,False,46.26,True,synthetic_scenario_generator,26006
2023-06-20,IND_PAR,BULK_01,True,False,25.79,True,synthetic_scenario_generator,26006
2023-06-21,IND_PAR,BULK_01,True,False,26.16,True,synthetic_scenario_generator,26006
2023-06-22,IND_PAR,BULK_01,True,False,43.11,True,synthetic_scenario_generator,26006
2023-06-23,IND_PAR,BULK_01,True,False,37.24,True,synthetic_scenario_generator,26006
2023-06-24,IND_PAR,BULK_01,True,False,37.35,True,synthetic_scenario_generator,26006
2023-06-25,IND_PAR,BULK_01,True,False,33.78,True,synthetic_scenario_generator,26006
2023-06-26,IND_PAR,BULK_01,True,False,36.17,True,synthetic_scenario_generator,26006
2023-06-27,IND_PAR,BULK_01,True,False,35.11,True,synthetic_scenario_generator,26006
2023-06-28,IND_PAR,BULK_01,True,False,33.85,True,synthetic_scenario_generator,26006
2023-06-29,IND_PAR,BULK_01,True,False,33.03,True,synthetic_scenario_generator,26006
2023-06-30,IND_PAR,BULK_01,True,False,35.17,True,synthetic_scenario_generator,26006
2023-07-01,IND_PAR,BULK_01,True,False,36.03,True,synthetic_scenario_generator,26006
2023-07-02,IND_PAR,BULK_01,True,False,31.57,True,synthetic_scenario_generator,26006
2023-07-03,IND_PAR,BULK_01,True,False,40.15,True,synthetic_scenario_generator,26006
2023-07-04,IND_PAR,BULK_01,True,False,32.44,True,synthetic_scenario_generator,26006
2023-07-05,IND_PAR,BULK_01,True,False,27.53,True,synthetic_scenario_generator,26006
2023-07-06,IND_PAR,BULK_01,True,False,36.78,True,synthetic_scenario_generator,26006
2023-07-07,IND_PAR,BULK_01,True,False,35.49,True,synthetic_scenario_generator,26006
2023-07-08,IND_PAR,BULK_01,True,False,38.7,True,synthetic_scenario_generator,26006
2023-07-09,IND_PAR,BULK_01,True,False,44.03,True,synthetic_scenario_generator,26006
2023-07-10,IND_PAR,BULK_01,True,False,27.07,True,synthetic_scenario_generator,26006
2023-07-11,IND_PAR,BULK_01,True,False,34.49,True,synthetic_scenario_generator,26006
2023-07-12,IND_PAR,BULK_01,True,False,40.99,True,synthetic_scenario_generator,26006
2023-07-13,IND_PAR,BULK_01,True,False,26.82,True,synthetic_scenario_generator,26006
2023-07-14,IND_PAR,BULK_01,True,False,32.77,True,synthetic_scenario_generator,26006
2023-07-15,IND_PAR,BULK_01,True,False,33.95,True,synthetic_scenario_generator,26006
2023-07-16,IND_PAR,BULK_01,True,False,35.72,True,synthetic_scenario_generator,26006
2023-07-17,IND_PAR,BULK_01,True,False,34.37,True,synthetic_scenario_generator,26006
2023-07-18,IND_PAR,BULK_01,True,False,32.58,True,synthetic_scenario_generator,26006
2023-07-19,IND_PAR,BULK_01,True,False,24.71,True,synthetic_scenario_generator,26006
2023-07-20,IND_PAR,BULK_01,True,False,37.93,True,synthetic_scenario_generator,26006
2023-07-21,IND_PAR,BULK_01,True,False,41.13,True,synthetic_scenario_generator,26006
2023-07-22,IND_PAR,BULK_01,True,False,34.41,True,synthetic_scenario_generator,26006
2023-07-23,IND_PAR,BULK_01,True,False,22.92,True,synthetic_scenario_generator,26006
2023-07-24,IND_PAR,BULK_01,True,False,26.13,True,synthetic_scenario_generator,26006
2023-07-25,IND_PAR,BULK_01,True,False,24.1,True,synthetic_scenario_generator,26006
2023-07-26,IND_PAR,BULK_01,True,False,43.57,True,synthetic_scenario_generator,26006
2023-07-27,IND_PAR,BULK_01,True,False,34.19,True,synthetic_scenario_generator,26006
2023-07-28,IND_PAR,BULK_01,True,False,30.16,True,synthetic_scenario_generator,26006
2023-07-29,IND_PAR,BULK_01,True,False,27.69,True,synthetic_scenario_generator,26006
2023-07-30,IND_PAR,BULK_01,True,False,26.34,True,synthetic_scenario_generator,26006
2023-07-31,IND_PAR,BULK_01,True,False,23.81,True,synthetic_scenario_generator,26006
2023-08-01,IND_PAR,BULK_01,True,False,34.89,True,synthetic_scenario_generator,26006
2023-08-02,IND_PAR,BULK_01,True,False,16.58,True,synthetic_scenario_generator,26006
2023-08-03,IND_PAR,BULK_01,True,False,17.39,True,synthetic_scenario_generator,26006
2023-08-04,IND_PAR,BULK_01,True,False,20.43,True,synthetic_scenario_generator,26006
2023-08-05,IND_PAR,BULK_01,True,False,25.17,True,synthetic_scenario_generator,26006
2023-08-06,IND_PAR,BULK_01,True,False,21.81,True,synthetic_scenario_generator,26006
2023-08-07,IND_PAR,BULK_01,True,False,27.25,True,synthetic_scenario_generator,26006
2023-08-08,IND_PAR,BULK_01,True,False,23.67,True,synthetic_scenario_generator,26006
2023-08-09,IND_PAR,BULK_01,True,False,16.02,True,synthetic_scenario_generator,26006
2023-08-10,IND_PAR,BULK_01,True,False,22.71,True,synthetic_scenario_generator,26006
2023-08-11,IND_PAR,BULK_01,True,False,19.86,True,synthetic_scenario_generator,26006
2023-08-12,IND_PAR,BULK_01,True,False,14.34,True,synthetic_scenario_generator,26006
2023-08-13,IND_PAR,BULK_01,True,False,19.87,True,synthetic_scenario_generator,26006
2023-08-14,IND_PAR,BULK_01,True,False,19.21,True,synthetic_scenario_generator,26006
2023-08-15,IND_PAR,BULK_01,True,False,7.78,True,synthetic_scenario_generator,26006
2023-08-16,IND_PAR,BULK_01,True,False,15.94,True,synthetic_scenario_generator,26006
2023-08-17,IND_PAR,BULK_01,True,False,25.53,True,synthetic_scenario_generator,26006
2023-08-18,IND_PAR,BULK_01,True,False,14.96,True,synthetic_scenario_generator,26006
2023-08-19,IND_PAR,BULK_01,True,False,21.38,True,synthetic_scenario_generator,26006
2023-08-20,IND_PAR,BULK_01,True,False,14.75,True,synthetic_scenario_generator,26006
2023-08-21,IND_PAR,BULK_01,True,False,10.32,True,synthetic_scenario_generator,26006
2023-08-22,IND_PAR,BULK_01,True,False,15.81,True,synthetic_scenario_generator,26006
2023-08-23,IND_PAR,BULK_01,True,False,22.15,True,synthetic_scenario_generator,26006
2023-08-24,IND_PAR,BULK_01,True,False,9.3,True,synthetic_scenario_generator,26006
2023-08-25,IND_PAR,BULK_01,True,False,15.94,True,synthetic_scenario_generator,26006
2023-08-26,IND_PAR,BULK_01,True,False,17.46,True,synthetic_scenario_generator,26006
2023-08-27,IND_PAR,BULK_01,True,False,19.52,True,synthetic_scenario_generator,26006
2023-08-28,IND_PAR,BULK_01,True,False,20.33,True,synthetic_scenario_generator,26006
2023-08-29,IND_PAR,BULK_01,True,False,22.72,True,synthetic_scenario_generator,26006
2023-08-30,IND_PAR,BULK_01,True,False,29.49,True,synthetic_scenario_generator,26006
2023-08-31,IND_PAR,BULK_01,True,False,28.74,True,synthetic_scenario_generator,26006
2023-09-01,IND_PAR,BULK_01,True,False,13.25,True,synthetic_scenario_generator,26006
2023-09-02,IND_PAR,BULK_01,True,False,10.28,True,synthetic_scenario_generator,26006
2023-09-03,IND_PAR,BULK_01,True,False,19.55,True,synthetic_scenario_generator,26006
2023-09-04,IND_PAR,BULK_01,True,False,13.86,True,synthetic_scenario_generator,26006
2023-09-05,IND_PAR,BULK_01,True,False,22.65,True,synthetic_scenario_generator,26006
2023-09-06,IND_PAR,BULK_01,True,False,15.45,True,synthetic_scenario_generator,26006
2023-09-07,IND_PAR,BULK_01,True,False,18.94,True,synthetic_scenario_generator,26006
2023-09-08,IND_PAR,BULK_01,True,False,31.27,True,synthetic_scenario_generator,26006
2023-09-09,IND_PAR,BULK_01,True,False,23.0,True,synthetic_scenario_generator,26006
2023-09-10,IND_PAR,BULK_01,True,False,23.04,True,synthetic_scenario_generator,26006
2023-09-11,IND_PAR,BULK_01,True,False,18.37,True,synthetic_scenario_generator,26006
2023-09-12,IND_PAR,BULK_01,True,False,23.11,True,synthetic_scenario_generator,26006
2023-09-13,IND_PAR,BULK_01,True,False,28.13,True,synthetic_scenario_generator,26006
2023-09-14,IND_PAR,BULK_01,True,False,27.49,True,synthetic_scenario_generator,26006
2023-09-15,IND_PAR,BULK_01,False,True,25.37,True,synthetic_scenario_generator,26006
2023-09-16,IND_PAR,BULK_01,True,False,33.75,True,synthetic_scenario_generator,26006
2023-09-17,IND_PAR,BULK_01,True,False,37.57,True,synthetic_scenario_generator,26006
2023-09-18,IND_PAR,BULK_01,True,False,26.66,True,synthetic_scenario_generator,26006
2023-09-19,IND_PAR,BULK_01,True,False,27.09,True,synthetic_scenario_generator,26006
2023-09-20,IND_PAR,BULK_01,True,False,34.67,True,synthetic_scenario_generator,26006
2023-09-21,IND_PAR,BULK_01,True,False,37.1,True,synthetic_scenario_generator,26006
2023-09-22,IND_PAR,BULK_01,True,False,29.12,True,synthetic_scenario_generator,26006
2023-09-23,IND_PAR,BULK_01,True,False,33.91,True,synthetic_scenario_generator,26006
2023-09-24,IND_PAR,BULK_01,True,False,31.78,True,synthetic_scenario_generator,26006
2023-09-25,IND_PAR,BULK_01,True,False,31.51,True,synthetic_scenario_generator,26006
2023-09-26,IND_PAR,BULK_01,True,False,30.11,True,synthetic_scenario_generator,26006
2023-09-27,IND_PAR,BULK_01,True,False,31.23,True,synthetic_scenario_generator,26006
2023-09-28,IND_PAR,BULK_01,True,False,37.88,True,synthetic_scenario_generator,26006
2023-09-29,IND_PAR,BULK_01,True,False,44.63,True,synthetic_scenario_generator,26006
2023-09-30,IND_PAR,BULK_01,True,False,41.75,True,synthetic_scenario_generator,26006
2023-10-01,IND_PAR,BULK_01,True,False,38.54,True,synthetic_scenario_generator,26006
2023-10-02,IND_PAR,BULK_01,True,False,26.83,True,synthetic_scenario_generator,26006
2023-10-03,IND_PAR,BULK_01,True,False,30.06,True,synthetic_scenario_generator,26006
2023-10-04,IND_PAR,BULK_01,True,False,28.27,True,synthetic_scenario_generator,26006
2023-10-05,IND_PAR,BULK_01,True,False,36.36,True,synthetic_scenario_generator,26006
2023-10-06,IND_PAR,BULK_01,True,False,38.2,True,synthetic_scenario_generator,26006
2023-10-07,IND_PAR,BULK_01,True,False,31.13,True,synthetic_scenario_generator,26006
2023-10-08,IND_PAR,BULK_01,True,False,34.67,True,synthetic_scenario_generator,26006
2023-10-09,IND_PAR,BULK_01,True,False,34.63,True,synthetic_scenario_generator,26006
2023-10-10,IND_PAR,BULK_01,True,False,42.39,True,synthetic_scenario_generator,26006
2023-10-11,IND_PAR,BULK_01,True,False,29.63,True,synthetic_scenario_generator,26006
2023-10-12,IND_PAR,BULK_01,True,False,25.16,True,synthetic_scenario_generator,26006
2023-10-13,IND_PAR,BULK_01,True,False,37.4,True,synthetic_scenario_generator,26006
2023-10-14,IND_PAR,BULK_01,True,False,21.6,True,synthetic_scenario_generator,26006
2023-10-15,IND_PAR,BULK_01,True,False,24.0,True,synthetic_scenario_generator,26006
2023-10-16,IND_PAR,BULK_01,True,False,24.89,True,synthetic_scenario_generator,26006
2023-10-17,IND_PAR,BULK_01,True,False,28.69,True,synthetic_scenario_generator,26006
2023-10-18,IND_PAR,BULK_01,True,False,15.02,True,synthetic_scenario_generator,26006
2023-10-19,IND_PAR,BULK_01,True,False,23.54,True,synthetic_scenario_generator,26006
2023-10-20,IND_PAR,BULK_01,True,False,30.6,True,synthetic_scenario_generator,26006
2023-10-21,IND_PAR,BULK_01,True,False,21.92,True,synthetic_scenario_generator,26006
2023-10-22,IND_PAR,BULK_01,True,False,31.21,True,synthetic_scenario_generator,26006
2023-10-23,IND_PAR,BULK_01,True,False,23.91,True,synthetic_scenario_generator,26006
2023-10-24,IND_PAR,BULK_01,True,False,29.46,True,synthetic_scenario_generator,26006
2023-10-25,IND_PAR,BULK_01,True,False,25.97,True,synthetic_scenario_generator,26006
2023-10-26,IND_PAR,BULK_01,True,False,16.66,True,synthetic_scenario_generator,26006
2023-10-27,IND_PAR,BULK_01,True,False,18.13,True,synthetic_scenario_generator,26006
2023-10-28,IND_PAR,BULK_01,True,False,29.14,True,synthetic_scenario_generator,26006
2023-10-29,IND_PAR,BULK_01,True,False,17.87,True,synthetic_scenario_generator,26006
2023-10-30,IND_PAR,BULK_01,True,False,22.44,True,synthetic_scenario_generator,26006
2023-10-31,IND_PAR,BULK_01,True,False,23.46,True,synthetic_scenario_generator,26006
2023-11-01,IND_PAR,BULK_01,True,False,21.97,True,synthetic_scenario_generator,26006
2023-11-02,IND_PAR,BULK_01,True,False,19.18,True,synthetic_scenario_generator,26006
2023-11-03,IND_PAR,BULK_01,True,False,13.6,True,synthetic_scenario_generator,26006
2023-11-04,IND_PAR,BULK_01,True,False,19.11,True,synthetic_scenario_generator,26006
2023-11-05,IND_PAR,BULK_01,True,False,16.88,True,synthetic_scenario_generator,26006
2023-11-06,IND_PAR,BULK_01,True,False,9.18,True,synthetic_scenario_generator,26006
2023-11-07,IND_PAR,BULK_01,True,False,27.68,True,synthetic_scenario_generator,26006
2023-11-08,IND_PAR,BULK_01,True,False,14.5,True,synthetic_scenario_generator,26006
2023-11-09,IND_PAR,BULK_01,True,False,15.63,True,synthetic_scenario_generator,26006
2023-11-10,IND_PAR,BULK_01,True,False,23.9,True,synthetic_scenario_generator,26006
2023-11-11,IND_PAR,BULK_01,True,False,9.74,True,synthetic_scenario_generator,26006
2023-11-12,IND_PAR,BULK_01,True,False,20.72,True,synthetic_scenario_generator,26006
2023-11-13,IND_PAR,BULK_01,True,False,13.74,True,synthetic_scenario_generator,26006
2023-11-14,IND_PAR,BULK_01,True,False,16.3,True,synthetic_scenario_generator,26006
2023-11-15,IND_PAR,BULK_01,True,False,26.86,True,synthetic_scenario_generator,26006
2023-11-16,IND_PAR,BULK_01,True,False,18.39,True,synthetic_scenario_generator,26006
2023-11-17,IND_PAR,BULK_01,True,False,8.71,True,synthetic_scenario_generator,26006
2023-11-18,IND_PAR,BULK_01,True,False,12.06,True,synthetic_scenario_generator,26006
2023-11-19,IND_PAR,BULK_01,True,False,13.44,True,synthetic_scenario_generator,26006
2023-11-20,IND_PAR,BULK_01,True,False,9.24,True,synthetic_scenario_generator,26006
2023-11-21,IND_PAR,BULK_01,True,False,7.9,True,synthetic_scenario_generator,26006
2023-11-22,IND_PAR,BULK_01,True,False,17.52,True,synthetic_scenario_generator,26006
2023-11-23,IND_PAR,BULK_01,True,False,19.38,True,synthetic_scenario_generator,26006
2023-11-24,IND_PAR,BULK_01,True,False,20.22,True,synthetic_scenario_generator,26006
2023-11-25,IND_PAR,BULK_01,True,False,14.25,True,synthetic_scenario_generator,26006
2023-11-26,IND_PAR,BULK_01,True,False,14.61,True,synthetic_scenario_generator,26006
2023-11-27,IND_PAR,BULK_01,True,False,15.92,True,synthetic_scenario_generator,26006
2023-11-28,IND_PAR,BULK_01,True,False,18.32,True,synthetic_scenario_generator,26006
2023-11-29,IND_PAR,BULK_01,True,False,28.88,True,synthetic_scenario_generator,26006
2023-11-30,IND_PAR,BULK_01,True,False,19.96,True,synthetic_scenario_generator,26006
2023-12-01,IND_PAR,BULK_01,True,False,22.47,True,synthetic_scenario_generator,26006
2023-12-02,IND_PAR,BULK_01,True,False,21.01,True,synthetic_scenario_generator,26006
2023-12-03,IND_PAR,BULK_01,True,False,18.39,True,synthetic_scenario_generator,26006
2023-12-04,IND_PAR,BULK_01,True,False,17.24,True,synthetic_scenario_generator,26006
2023-12-05,IND_PAR,BULK_01,True,False,20.49,True,synthetic_scenario_generator,26006
2023-12-06,IND_PAR,BULK_01,True,False,22.72,True,synthetic_scenario_generator,26006
2023-12-07,IND_PAR,BULK_01,True,False,18.76,True,synthetic_scenario_generator,26006
2023-12-08,IND_PAR,BULK_01,True,False,27.48,True,synthetic_scenario_generator,26006
2023-12-09,IND_PAR,BULK_01,True,False,11.4,True,synthetic_scenario_generator,26006
2023-12-10,IND_PAR,BULK_01,True,False,15.15,True,synthetic_scenario_generator,26006
2023-12-11,IND_PAR,BULK_01,True,False,30.33,True,synthetic_scenario_generator,26006
2023-12-12,IND_PAR,BULK_01,True,False,18.5,True,synthetic_scenario_generator,26006
2023-12-13,IND_PAR,BULK_01,True,False,30.88,True,synthetic_scenario_generator,26006
2023-12-14,IND_PAR,BULK_01,True,False,31.14,True,synthetic_scenario_generator,26006
2023-12-15,IND_PAR,BULK_01,True,False,18.43,True,synthetic_scenario_generator,26006
2023-12-16,IND_PAR,BULK_01,True,False,31.86,True,synthetic_scenario_generator,26006
2023-12-17,IND_PAR,BULK_01,True,False,23.49,True,synthetic_scenario_generator,26006
2023-12-18,IND_PAR,BULK_01,True,False,36.74,True,synthetic_scenario_generator,26006
2023-12-19,IND_PAR,BULK_01,True,False,42.71,True,synthetic_scenario_generator,26006
2023-12-20,IND_PAR,BULK_01,True,False,20.09,True,synthetic_scenario_generator,26006
2023-12-21,IND_PAR,BULK_01,True,False,30.45,True,synthetic_scenario_generator,26006
2023-12-22,IND_PAR,BULK_01,True,False,28.32,True,synthetic_scenario_generator,26006
2023-12-23,IND_PAR,BULK_01,True,False,31.04,True,synthetic_scenario_generator,26006
2023-12-24,IND_PAR,BULK_01,True,False,32.83,True,synthetic_scenario_generator,26006
2023-12-25,IND_PAR,BULK_01,True,False,37.18,True,synthetic_scenario_generator,26006
2023-12-26,IND_PAR,BULK_01,True,False,35.45,True,synthetic_scenario_generator,26006
2023-12-27,IND_PAR,BULK_01,True,False,26.8,True,synthetic_scenario_generator,26006
2023-12-28,IND_PAR,BULK_01,True,False,27.95,True,synthetic_scenario_generator,26006
2023-12-29,IND_PAR,BULK_01,True,False,30.96,True,synthetic_scenario_generator,26006
2023-12-30,IND_PAR,BULK_01,True,False,35.79,True,synthetic_scenario_generator,26006
2023-12-31,IND_PAR,BULK_01,True,False,39.68,True,synthetic_scenario_generator,26006
2024-01-01,IND_PAR,BULK_01,True,False,26.72,True,synthetic_scenario_generator,26006
2024-01-02,IND_PAR,BULK_01,True,False,25.1,True,synthetic_scenario_generator,26006
2024-01-03,IND_PAR,BULK_01,True,False,25.74,True,synthetic_scenario_generator,26006
2024-01-04,IND_PAR,BULK_01,True,False,42.45,True,synthetic_scenario_generator,26006
2024-01-05,IND_PAR,BULK_01,True,False,33.94,True,synthetic_scenario_generator,26006
2024-01-06,IND_PAR,BULK_01,True,False,30.73,True,synthetic_scenario_generator,26006
2024-01-07,IND_PAR,BULK_01,True,False,32.12,True,synthetic_scenario_generator,26006
2024-01-08,IND_PAR,BULK_01,True,False,32.03,True,synthetic_scenario_generator,26006
2024-01-09,IND_PAR,BULK_01,True,False,34.74,True,synthetic_scenario_generator,26006
2024-01-10,IND_PAR,BULK_01,True,False,36.27,True,synthetic_scenario_generator,26006
2024-01-11,IND_PAR,BULK_01,True,False,25.44,True,synthetic_scenario_generator,26006
2024-01-12,IND_PAR,BULK_01,True,False,20.03,True,synthetic_scenario_generator,26006
2024-01-13,IND_PAR,BULK_01,True,False,17.12,True,synthetic_scenario_generator,26006
2024-01-14,IND_PAR,BULK_01,True,False,29.76,True,synthetic_scenario_generator,26006
2024-01-15,IND_PAR,BULK_01,True,False,29.93,True,synthetic_scenario_generator,26006
2024-01-16,IND_PAR,BULK_01,True,False,21.68,True,synthetic_scenario_generator,26006
2024-01-17,IND_PAR,BULK_01,True,False,23.89,True,synthetic_scenario_generator,26006
2024-01-18,IND_PAR,BULK_01,True,False,12.28,True,synthetic_scenario_generator,26006
2024-01-19,IND_PAR,BULK_01,True,False,31.22,True,synthetic_scenario_generator,26006
2024-01-20,IND_PAR,BULK_01,True,False,26.69,True,synthetic_scenario_generator,26006
2024-01-21,IND_PAR,BULK_01,True,False,22.26,True,synthetic_scenario_generator,26006
2024-01-22,IND_PAR,BULK_01,True,False,20.72,True,synthetic_scenario_generator,26006
2024-01-23,IND_PAR,BULK_01,True,False,23.31,True,synthetic_scenario_generator,26006
2024-01-24,IND_PAR,BULK_01,True,False,20.39,True,synthetic_scenario_generator,26006
2024-01-25,IND_PAR,BULK_01,True,False,14.95,True,synthetic_scenario_generator,26006
2024-01-26,IND_PAR,BULK_01,True,False,14.41,True,synthetic_scenario_generator,26006
2024-01-27,IND_PAR,BULK_01,True,False,27.76,True,synthetic_scenario_generator,26006
2024-01-28,IND_PAR,BULK_01,True,False,12.02,True,synthetic_scenario_generator,26006
2024-01-29,IND_PAR,BULK_01,True,False,22.04,True,synthetic_scenario_generator,26006
2024-01-30,IND_PAR,BULK_01,True,False,18.68,True,synthetic_scenario_generator,26006
2024-01-31,IND_PAR,BULK_01,True,False,25.83,True,synthetic_scenario_generator,26006
2024-02-01,IND_PAR,BULK_01,True,False,22.04,True,synthetic_scenario_generator,26006
2024-02-02,IND_PAR,BULK_01,True,False,16.09,True,synthetic_scenario_generator,26006
2024-02-03,IND_PAR,BULK_01,True,False,8.84,True,synthetic_scenario_generator,26006
2024-02-04,IND_PAR,BULK_01,True,False,23.08,True,synthetic_scenario_generator,26006
2024-02-05,IND_PAR,BULK_01,True,False,22.47,True,synthetic_scenario_generator,26006
2024-02-06,IND_PAR,BULK_01,True,False,19.74,True,synthetic_scenario_generator,26006
2024-02-07,IND_PAR,BULK_01,True,False,17.74,True,synthetic_scenario_generator,26006
2024-02-08,IND_PAR,BULK_01,True,False,2.0,True,synthetic_scenario_generator,26006
2024-02-09,IND_PAR,BULK_01,True,False,19.71,True,synthetic_scenario_generator,26006
2024-02-10,IND_PAR,BULK_01,True,False,8.56,True,synthetic_scenario_generator,26006
2024-02-11,IND_PAR,BULK_01,True,False,14.79,True,synthetic_scenario_generator,26006
2024-02-12,IND_PAR,BULK_01,True,False,15.08,True,synthetic_scenario_generator,26006
2024-02-13,IND_PAR,BULK_01,True,False,13.2,True,synthetic_scenario_generator,26006
2024-02-14,IND_PAR,BULK_01,True,False,7.15,True,synthetic_scenario_generator,26006
2024-02-15,IND_PAR,BULK_01,True,False,4.43,True,synthetic_scenario_generator,26006
2024-02-16,IND_PAR,BULK_01,True,False,15.8,True,synthetic_scenario_generator,26006
2024-02-17,IND_PAR,BULK_01,True,False,22.43,True,synthetic_scenario_generator,26006
2024-02-18,IND_PAR,BULK_01,True,False,11.4,True,synthetic_scenario_generator,26006
2024-02-19,IND_PAR,BULK_01,True,False,8.32,True,synthetic_scenario_generator,26006
2024-02-20,IND_PAR,BULK_01,True,False,16.07,True,synthetic_scenario_generator,26006
2024-02-21,IND_PAR,BULK_01,True,False,13.79,True,synthetic_scenario_generator,26006
2024-02-22,IND_PAR,BULK_01,True,False,7.43,True,synthetic_scenario_generator,26006
2024-02-23,IND_PAR,BULK_01,True,False,16.03,True,synthetic_scenario_generator,26006
2024-02-24,IND_PAR,BULK_01,True,False,5.01,True,synthetic_scenario_generator,26006
2024-02-25,IND_PAR,BULK_01,True,False,17.7,True,synthetic_scenario_generator,26006
2024-02-26,IND_PAR,BULK_01,True,False,14.18,True,synthetic_scenario_generator,26006
2024-02-27,IND_PAR,BULK_01,True,False,17.45,True,synthetic_scenario_generator,26006
2024-02-28,IND_PAR,BULK_01,True,False,11.92,True,synthetic_scenario_generator,26006
2024-02-29,IND_PAR,BULK_01,True,False,15.59,True,synthetic_scenario_generator,26006
2024-03-01,IND_PAR,BULK_01,True,False,20.24,True,synthetic_scenario_generator,26006
2024-03-02,IND_PAR,BULK_01,True,False,32.68,True,synthetic_scenario_generator,26006
2024-03-03,IND_PAR,BULK_01,True,False,12.03,True,synthetic_scenario_generator,26006
2024-03-04,IND_PAR,BULK_01,True,False,18.45,True,synthetic_scenario_generator,26006
2024-03-05,IND_PAR,BULK_01,True,False,14.36,True,synthetic_scenario_generator,26006
2024-03-06,IND_PAR,BULK_01,True,False,7.02,True,synthetic_scenario_generator,26006
2024-03-07,IND_PAR,BULK_01,True,False,22.72,True,synthetic_scenario_generator,26006
2024-03-08,IND_PAR,BULK_01,True,False,21.56,True,synthetic_scenario_generator,26006
2024-03-09,IND_PAR,BULK_01,True,False,18.95,True,synthetic_scenario_generator,26006
2024-03-10,IND_PAR,BULK_01,True,False,11.81,True,synthetic_scenario_generator,26006
2024-03-11,IND_PAR,BULK_01,True,False,23.31,True,synthetic_scenario_generator,26006
2024-03-12,IND_PAR,BULK_01,True,False,24.67,True,synthetic_scenario_generator,26006
2024-03-13,IND_PAR,BULK_01,True,False,21.12,True,synthetic_scenario_generator,26006
2024-03-14,IND_PAR,BULK_01,True,False,24.38,True,synthetic_scenario_generator,26006
2024-03-15,IND_PAR,BULK_01,False,True,45.11,True,synthetic_scenario_generator,26006
2024-03-16,IND_PAR,BULK_01,True,False,26.01,True,synthetic_scenario_generator,26006
2024-03-17,IND_PAR,BULK_01,True,False,23.3,True,synthetic_scenario_generator,26006
2024-03-18,IND_PAR,BULK_01,True,False,30.47,True,synthetic_scenario_generator,26006
2024-03-19,IND_PAR,BULK_01,True,False,24.01,True,synthetic_scenario_generator,26006
2024-03-20,IND_PAR,BULK_01,True,False,28.56,True,synthetic_scenario_generator,26006
2024-03-21,IND_PAR,BULK_01,True,False,32.29,True,synthetic_scenario_generator,26006
2024-03-22,IND_PAR,BULK_01,True,False,31.37,True,synthetic_scenario_generator,26006
2024-03-23,IND_PAR,BULK_01,True,False,31.26,True,synthetic_scenario_generator,26006
2024-03-24,IND_PAR,BULK_01,True,False,19.08,True,synthetic_scenario_generator,26006
2024-03-25,IND_PAR,BULK_01,True,False,33.2,True,synthetic_scenario_generator,26006
2024-03-26,IND_PAR,BULK_01,True,False,27.18,True,synthetic_scenario_generator,26006
2024-03-27,IND_PAR,BULK_01,True,False,37.88,True,synthetic_scenario_generator,26006
2024-03-28,IND_PAR,BULK_01,True,False,24.74,True,synthetic_scenario_generator,26006
2024-03-29,IND_PAR,BULK_01,True,False,31.71,True,synthetic_scenario_generator,26006
2024-03-30,IND_PAR,BULK_01,True,False,33.89,True,synthetic_scenario_generator,26006
2024-03-31,IND_PAR,BULK_01,True,False,32.48,True,synthetic_scenario_generator,26006
2024-04-01,IND_PAR,BULK_01,True,False,32.36,True,synthetic_scenario_generator,26006
2024-04-02,IND_PAR,BULK_01,True,False,41.5,True,synthetic_scenario_generator,26006
2024-04-03,IND_PAR,BULK_01,True,False,27.71,True,synthetic_scenario_generator,26006
2024-04-04,IND_PAR,BULK_01,True,False,31.88,True,synthetic_scenario_generator,26006
2024-04-05,IND_PAR,BULK_01,True,False,35.3,True,synthetic_scenario_generator,26006
2024-04-06,IND_PAR,BULK_01,True,False,39.99,True,synthetic_scenario_generator,26006
2024-04-07,IND_PAR,BULK_01,True,False,30.61,True,synthetic_scenario_generator,26006
2024-04-08,IND_PAR,BULK_01,True,False,27.56,True,synthetic_scenario_generator,26006
2024-04-09,IND_PAR,BULK_01,True,False,35.91,True,synthetic_scenario_generator,26006
2024-04-10,IND_PAR,BULK_01,True,False,22.93,True,synthetic_scenario_generator,26006
2024-04-11,IND_PAR,BULK_01,True,False,42.88,True,synthetic_scenario_generator,26006
2024-04-12,IND_PAR,BULK_01,True,False,17.23,True,synthetic_scenario_generator,26006
2024-04-13,IND_PAR,BULK_01,True,False,33.42,True,synthetic_scenario_generator,26006
2024-04-14,IND_PAR,BULK_01,True,False,26.61,True,synthetic_scenario_generator,26006
2024-04-15,IND_PAR,BULK_01,True,False,27.83,True,synthetic_scenario_generator,26006
2024-04-16,IND_PAR,BULK_01,True,False,34.76,True,synthetic_scenario_generator,26006
2024-04-17,IND_PAR,BULK_01,True,False,25.83,True,synthetic_scenario_generator,26006
2024-04-18,IND_PAR,BULK_01,True,False,33.65,True,synthetic_scenario_generator,26006
2024-04-19,IND_PAR,BULK_01,True,False,30.5,True,synthetic_scenario_generator,26006
2024-04-20,IND_PAR,BULK_01,True,False,17.19,True,synthetic_scenario_generator,26006
2024-04-21,IND_PAR,BULK_01,True,False,30.1,True,synthetic_scenario_generator,26006
2024-04-22,IND_PAR,BULK_01,True,False,27.26,True,synthetic_scenario_generator,26006
2024-04-23,IND_PAR,BULK_01,True,False,17.92,True,synthetic_scenario_generator,26006
2024-04-24,IND_PAR,BULK_01,True,False,13.72,True,synthetic_scenario_generator,26006
2024-04-25,IND_PAR,BULK_01,True,False,13.8,True,synthetic_scenario_generator,26006
2024-04-26,IND_PAR,BULK_01,True,False,28.38,True,synthetic_scenario_generator,26006
2024-04-27,IND_PAR,BULK_01,True,False,19.63,True,synthetic_scenario_generator,26006
2024-04-28,IND_PAR,BULK_01,True,False,12.43,True,synthetic_scenario_generator,26006
2024-04-29,IND_PAR,BULK_01,True,False,20.43,True,synthetic_scenario_generator,26006
2024-04-30,IND_PAR,BULK_01,True,False,19.02,True,synthetic_scenario_generator,26006
2024-05-01,IND_PAR,BULK_01,True,False,23.21,True,synthetic_scenario_generator,26006
2024-05-02,IND_PAR,BULK_01,True,False,17.39,True,synthetic_scenario_generator,26006
2024-05-03,IND_PAR,BULK_01,True,False,16.56,True,synthetic_scenario_generator,26006
2024-05-04,IND_PAR,BULK_01,True,False,28.42,True,synthetic_scenario_generator,26006
2024-05-05,IND_PAR,BULK_01,True,False,16.28,True,synthetic_scenario_generator,26006
2024-05-06,IND_PAR,BULK_01,True,False,15.13,True,synthetic_scenario_generator,26006
2024-05-07,IND_PAR,BULK_01,True,False,13.78,True,synthetic_scenario_generator,26006
2024-05-08,IND_PAR,BULK_01,True,False,15.89,True,synthetic_scenario_generator,26006
2024-05-09,IND_PAR,BULK_01,True,False,16.5,True,synthetic_scenario_generator,26006
2024-05-10,IND_PAR,BULK_01,True,False,22.34,True,synthetic_scenario_generator,26006
2024-05-11,IND_PAR,BULK_01,True,False,17.89,True,synthetic_scenario_generator,26006
2024-05-12,IND_PAR,BULK_01,True,False,16.53,True,synthetic_scenario_generator,26006
2024-05-13,IND_PAR,BULK_01,True,False,15.31,True,synthetic_scenario_generator,26006
2024-05-14,IND_PAR,BULK_01,True,False,12.4,True,synthetic_scenario_generator,26006
2024-05-15,IND_PAR,BULK_01,True,False,12.97,True,synthetic_scenario_generator,26006
2024-05-16,IND_PAR,BULK_01,True,False,21.59,True,synthetic_scenario_generator,26006
2024-05-17,IND_PAR,BULK_01,True,False,19.86,True,synthetic_scenario_generator,26006
2024-05-18,IND_PAR,BULK_01,True,False,11.49,True,synthetic_scenario_generator,26006
2024-05-19,IND_PAR,BULK_01,True,False,19.22,True,synthetic_scenario_generator,26006
2024-05-20,IND_PAR,BULK_01,True,False,21.67,True,synthetic_scenario_generator,26006
2024-05-21,IND_PAR,BULK_01,True,False,14.47,True,synthetic_scenario_generator,26006
2024-05-22,IND_PAR,BULK_01,True,False,18.21,True,synthetic_scenario_generator,26006
2024-05-23,IND_PAR,BULK_01,True,False,8.43,True,synthetic_scenario_generator,26006
2024-05-24,IND_PAR,BULK_01,True,False,15.2,True,synthetic_scenario_generator,26006
2024-05-25,IND_PAR,BULK_01,True,False,11.95,True,synthetic_scenario_generator,26006
2024-05-26,IND_PAR,BULK_01,True,False,14.86,True,synthetic_scenario_generator,26006
2024-05-27,IND_PAR,BULK_01,True,False,18.27,True,synthetic_scenario_generator,26006
2024-05-28,IND_PAR,BULK_01,True,False,9.06,True,synthetic_scenario_generator,26006
2024-05-29,IND_PAR,BULK_01,True,False,21.6,True,synthetic_scenario_generator,26006
2024-05-30,IND_PAR,BULK_01,True,False,18.33,True,synthetic_scenario_generator,26006
2024-05-31,IND_PAR,BULK_01,True,False,27.71,True,synthetic_scenario_generator,26006
2024-06-01,IND_PAR,BULK_01,True,False,27.38,True,synthetic_scenario_generator,26006
2024-06-02,IND_PAR,BULK_01,True,False,23.36,True,synthetic_scenario_generator,26006
2024-06-03,IND_PAR,BULK_01,True,False,26.41,True,synthetic_scenario_generator,26006
2024-06-04,IND_PAR,BULK_01,True,False,26.89,True,synthetic_scenario_generator,26006
2024-06-05,IND_PAR,BULK_01,True,False,24.06,True,synthetic_scenario_generator,26006
2024-06-06,IND_PAR,BULK_01,True,False,30.75,True,synthetic_scenario_generator,26006
2024-06-07,IND_PAR,BULK_01,True,False,27.14,True,synthetic_scenario_generator,26006
2024-06-08,IND_PAR,BULK_01,True,False,30.31,True,synthetic_scenario_generator,26006
2024-06-09,IND_PAR,BULK_01,True,False,28.07,True,synthetic_scenario_generator,26006
2024-06-10,IND_PAR,BULK_01,True,False,36.38,True,synthetic_scenario_generator,26006
2024-06-11,IND_PAR,BULK_01,True,False,29.07,True,synthetic_scenario_generator,26006
2024-06-12,IND_PAR,BULK_01,True,False,26.64,True,synthetic_scenario_generator,26006
2024-06-13,IND_PAR,BULK_01,True,False,30.12,True,synthetic_scenario_generator,26006
2024-06-14,IND_PAR,BULK_01,True,False,43.23,True,synthetic_scenario_generator,26006
2024-06-15,IND_PAR,BULK_01,True,False,26.13,True,synthetic_scenario_generator,26006
2024-06-16,IND_PAR,BULK_01,True,False,27.59,True,synthetic_scenario_generator,26006
2024-06-17,IND_PAR,BULK_01,True,False,31.54,True,synthetic_scenario_generator,26006
2024-06-18,IND_PAR,BULK_01,True,False,38.87,True,synthetic_scenario_generator,26006
2024-06-19,IND_PAR,BULK_01,True,False,46.87,True,synthetic_scenario_generator,26006
2024-06-20,IND_PAR,BULK_01,True,False,34.07,True,synthetic_scenario_generator,26006
2024-06-21,IND_PAR,BULK_01,True,False,44.04,True,synthetic_scenario_generator,26006
2024-06-22,IND_PAR,BULK_01,True,False,42.66,True,synthetic_scenario_generator,26006
2024-06-23,IND_PAR,BULK_01,True,False,45.21,True,synthetic_scenario_generator,26006
2024-06-24,IND_PAR,BULK_01,True,False,44.65,True,synthetic_scenario_generator,26006
2024-06-25,IND_PAR,BULK_01,True,False,37.86,True,synthetic_scenario_generator,26006
2024-06-26,IND_PAR,BULK_01,True,False,42.96,True,synthetic_scenario_generator,26006
2024-06-27,IND_PAR,BULK_01,True,False,41.25,True,synthetic_scenario_generator,26006
2024-06-28,IND_PAR,BULK_01,True,False,39.31,True,synthetic_scenario_generator,26006
2024-06-29,IND_PAR,BULK_01,True,False,40.9,True,synthetic_scenario_generator,26006
2024-06-30,IND_PAR,BULK_01,True,False,39.57,True,synthetic_scenario_generator,26006
2024-07-01,IND_PAR,BULK_01,True,False,33.24,True,synthetic_scenario_generator,26006
2024-07-02,IND_PAR,BULK_01,True,False,36.23,True,synthetic_scenario_generator,26006
2024-07-03,IND_PAR,BULK_01,True,False,34.71,True,synthetic_scenario_generator,26006
2024-07-04,IND_PAR,BULK_01,True,False,31.76,True,synthetic_scenario_generator,26006
2024-07-05,IND_PAR,BULK_01,True,False,36.35,True,synthetic_scenario_generator,26006
2024-07-06,IND_PAR,BULK_01,True,False,30.59,True,synthetic_scenario_generator,26006
2024-07-07,IND_PAR,BULK_01,True,False,34.96,True,synthetic_scenario_generator,26006
2024-07-08,IND_PAR,BULK_01,True,False,26.32,True,synthetic_scenario_generator,26006
2024-07-09,IND_PAR,BULK_01,True,False,42.21,True,synthetic_scenario_generator,26006
2024-07-10,IND_PAR,BULK_01,True,False,38.31,True,synthetic_scenario_generator,26006
2024-07-11,IND_PAR,BULK_01,True,False,29.63,True,synthetic_scenario_generator,26006
2024-07-12,IND_PAR,BULK_01,True,False,39.15,True,synthetic_scenario_generator,26006
2024-07-13,IND_PAR,BULK_01,True,False,44.03,True,synthetic_scenario_generator,26006
2024-07-14,IND_PAR,BULK_01,True,False,31.67,True,synthetic_scenario_generator,26006
2024-07-15,IND_PAR,BULK_01,True,False,30.71,True,synthetic_scenario_generator,26006
2024-07-16,IND_PAR,BULK_01,True,False,32.66,True,synthetic_scenario_generator,26006
2024-07-17,IND_PAR,BULK_01,True,False,32.2,True,synthetic_scenario_generator,26006
2024-07-18,IND_PAR,BULK_01,True,False,32.23,True,synthetic_scenario_generator,26006
2024-07-19,IND_PAR,BULK_01,True,False,30.88,True,synthetic_scenario_generator,26006
2024-07-20,IND_PAR,BULK_01,True,False,24.71,True,synthetic_scenario_generator,26006
2024-07-21,IND_PAR,BULK_01,True,False,27.0,True,synthetic_scenario_generator,26006
2024-07-22,IND_PAR,BULK_01,True,False,25.63,True,synthetic_scenario_generator,26006
2024-07-23,IND_PAR,BULK_01,True,False,32.29,True,synthetic_scenario_generator,26006
2024-07-24,IND_PAR,BULK_01,True,False,20.31,True,synthetic_scenario_generator,26006
2024-07-25,IND_PAR,BULK_01,True,False,21.03,True,synthetic_scenario_generator,26006
2024-07-26,IND_PAR,BULK_01,True,False,28.34,True,synthetic_scenario_generator,26006
2024-07-27,IND_PAR,BULK_01,True,False,18.18,True,synthetic_scenario_generator,26006
2024-07-28,IND_PAR,BULK_01,True,False,19.02,True,synthetic_scenario_generator,26006
2024-07-29,IND_PAR,BULK_01,True,False,16.68,True,synthetic_scenario_generator,26006
2024-07-30,IND_PAR,BULK_01,True,False,25.86,True,synthetic_scenario_generator,26006
2024-07-31,IND_PAR,BULK_01,True,False,24.62,True,synthetic_scenario_generator,26006
2024-08-01,IND_PAR,BULK_01,True,False,14.69,True,synthetic_scenario_generator,26006
2024-08-02,IND_PAR,BULK_01,True,False,13.72,True,synthetic_scenario_generator,26006
2024-08-03,IND_PAR,BULK_01,True,False,18.55,True,synthetic_scenario_generator,26006
2024-08-04,IND_PAR,BULK_01,True,False,21.11,True,synthetic_scenario_generator,26006
2024-08-05,IND_PAR,BULK_01,True,False,19.39,True,synthetic_scenario_generator,26006
2024-08-06,IND_PAR,BULK_01,True,False,23.46,True,synthetic_scenario_generator,26006
2024-08-07,IND_PAR,BULK_01,True,False,21.96,True,synthetic_scenario_generator,26006
2024-08-08,IND_PAR,BULK_01,True,False,26.63,True,synthetic_scenario_generator,26006
2024-08-09,IND_PAR,BULK_01,True,False,26.79,True,synthetic_scenario_generator,26006
2024-08-10,IND_PAR,BULK_01,True,False,20.98,True,synthetic_scenario_generator,26006
2024-08-11,IND_PAR,BULK_01,True,False,19.98,True,synthetic_scenario_generator,26006
2024-08-12,IND_PAR,BULK_01,True,False,22.03,True,synthetic_scenario_generator,26006
2024-08-13,IND_PAR,BULK_01,True,False,18.76,True,synthetic_scenario_generator,26006
2024-08-14,IND_PAR,BULK_01,True,False,17.14,True,synthetic_scenario_generator,26006
2024-08-15,IND_PAR,BULK_01,True,False,20.22,True,synthetic_scenario_generator,26006
2024-08-16,IND_PAR,BULK_01,True,False,15.3,True,synthetic_scenario_generator,26006
2024-08-17,IND_PAR,BULK_01,True,False,26.81,True,synthetic_scenario_generator,26006
2024-08-18,IND_PAR,BULK_01,True,False,18.48,True,synthetic_scenario_generator,26006
2024-08-19,IND_PAR,BULK_01,True,False,21.53,True,synthetic_scenario_generator,26006
2024-08-20,IND_PAR,BULK_01,True,False,13.51,True,synthetic_scenario_generator,26006
2024-08-21,IND_PAR,BULK_01,True,False,23.34,True,synthetic_scenario_generator,26006
2024-08-22,IND_PAR,BULK_01,True,False,16.28,True,synthetic_scenario_generator,26006
2024-08-23,IND_PAR,BULK_01,True,False,19.92,True,synthetic_scenario_generator,26006
2024-08-24,IND_PAR,BULK_01,True,False,26.67,True,synthetic_scenario_generator,26006
2024-08-25,IND_PAR,BULK_01,True,False,15.86,True,synthetic_scenario_generator,26006
2024-08-26,IND_PAR,BULK_01,True,False,26.75,True,synthetic_scenario_generator,26006
2024-08-27,IND_PAR,BULK_01,True,False,16.34,True,synthetic_scenario_generator,26006
2024-08-28,IND_PAR,BULK_01,True,False,17.9,True,synthetic_scenario_generator,26006
2024-08-29,IND_PAR,BULK_01,True,False,13.02,True,synthetic_scenario_generator,26006
2024-08-30,IND_PAR,BULK_01,True,False,22.42,True,synthetic_scenario_generator,26006
2024-08-31,IND_PAR,BULK_01,True,False,20.12,True,synthetic_scenario_generator,26006
2024-09-01,IND_PAR,BULK_01,True,False,22.06,True,synthetic_scenario_generator,26006
2024-09-02,IND_PAR,BULK_01,True,False,25.86,True,synthetic_scenario_generator,26006
2024-09-03,IND_PAR,BULK_01,True,False,19.32,True,synthetic_scenario_generator,26006
2024-09-04,IND_PAR,BULK_01,True,False,28.76,True,synthetic_scenario_generator,26006
2024-09-05,IND_PAR,BULK_01,True,False,18.52,True,synthetic_scenario_generator,26006
2024-09-06,IND_PAR,BULK_01,True,False,28.08,True,synthetic_scenario_generator,26006
2024-09-07,IND_PAR,BULK_01,True,False,24.33,True,synthetic_scenario_generator,26006
2024-09-08,IND_PAR,BULK_01,True,False,27.48,True,synthetic_scenario_generator,26006
2024-09-09,IND_PAR,BULK_01,True,False,29.69,True,synthetic_scenario_generator,26006
2024-09-10,IND_PAR,BULK_01,True,False,31.46,True,synthetic_scenario_generator,26006
2024-09-11,IND_PAR,BULK_01,True,False,39.01,True,synthetic_scenario_generator,26006
2024-09-12,IND_PAR,BULK_01,True,False,27.9,True,synthetic_scenario_generator,26006
2024-09-13,IND_PAR,BULK_01,True,False,27.85,True,synthetic_scenario_generator,26006
2024-09-14,IND_PAR,BULK_01,True,False,28.47,True,synthetic_scenario_generator,26006
2024-09-15,IND_PAR,BULK_01,False,True,46.1,True,synthetic_scenario_generator,26006
2024-09-16,IND_PAR,BULK_01,True,False,33.31,True,synthetic_scenario_generator,26006
2024-09-17,IND_PAR,BULK_01,True,False,25.69,True,synthetic_scenario_generator,26006
2024-09-18,IND_PAR,BULK_01,True,False,36.93,True,synthetic_scenario_generator,26006
2024-09-19,IND_PAR,BULK_01,True,False,37.2,True,synthetic_scenario_generator,26006
2024-09-20,IND_PAR,BULK_01,True,False,27.17,True,synthetic_scenario_generator,26006
2024-09-21,IND_PAR,BULK_01,True,False,33.49,True,synthetic_scenario_generator,26006
2024-09-22,IND_PAR,BULK_01,True,False,24.78,True,synthetic_scenario_generator,26006
2024-09-23,IND_PAR,BULK_01,True,False,43.92,True,synthetic_scenario_generator,26006
2024-09-24,IND_PAR,BULK_01,True,False,35.55,True,synthetic_scenario_generator,26006
2024-09-25,IND_PAR,BULK_01,True,False,35.97,True,synthetic_scenario_generator,26006
2024-09-26,IND_PAR,BULK_01,True,False,29.8,True,synthetic_scenario_generator,26006
2024-09-27,IND_PAR,BULK_01,True,False,32.52,True,synthetic_scenario_generator,26006
2024-09-28,IND_PAR,BULK_01,True,False,43.65,True,synthetic_scenario_generator,26006
2024-09-29,IND_PAR,BULK_01,True,False,30.37,True,synthetic_scenario_generator,26006
2024-09-30,IND_PAR,BULK_01,True,False,29.62,True,synthetic_scenario_generator,26006
2024-10-01,IND_PAR,BULK_01,True,False,38.23,True,synthetic_scenario_generator,26006
2024-10-02,IND_PAR,BULK_01,True,False,37.52,True,synthetic_scenario_generator,26006
2024-10-03,IND_PAR,BULK_01,True,False,25.17,True,synthetic_scenario_generator,26006
2024-10-04,IND_PAR,BULK_01,True,False,36.24,True,synthetic_scenario_generator,26006
2024-10-05,IND_PAR,BULK_01,True,False,30.48,True,synthetic_scenario_generator,26006
2024-10-06,IND_PAR,BULK_01,True,False,16.43,True,synthetic_scenario_generator,26006
2024-10-07,IND_PAR,BULK_01,True,False,36.14,True,synthetic_scenario_generator,26006
2024-10-08,IND_PAR,BULK_01,True,False,34.41,True,synthetic_scenario_generator,26006
2024-10-09,IND_PAR,BULK_01,True,False,28.59,True,synthetic_scenario_generator,26006
2024-10-10,IND_PAR,BULK_01,True,False,36.21,True,synthetic_scenario_generator,26006
2024-10-11,IND_PAR,BULK_01,True,False,39.06,True,synthetic_scenario_generator,26006
2024-10-12,IND_PAR,BULK_01,True,False,26.0,True,synthetic_scenario_generator,26006
2024-10-13,IND_PAR,BULK_01,True,False,19.41,True,synthetic_scenario_generator,26006
2024-10-14,IND_PAR,BULK_01,True,False,31.07,True,synthetic_scenario_generator,26006
2024-10-15,IND_PAR,BULK_01,True,False,33.39,True,synthetic_scenario_generator,26006
2024-10-16,IND_PAR,BULK_01,True,False,26.12,True,synthetic_scenario_generator,26006
2024-10-17,IND_PAR,BULK_01,True,False,22.84,True,synthetic_scenario_generator,26006
2024-10-18,IND_PAR,BULK_01,True,False,22.79,True,synthetic_scenario_generator,26006
2024-10-19,IND_PAR,BULK_01,True,False,28.1,True,synthetic_scenario_generator,26006
2024-10-20,IND_PAR,BULK_01,True,False,20.04,True,synthetic_scenario_generator,26006
2024-10-21,IND_PAR,BULK_01,True,False,19.04,True,synthetic_scenario_generator,26006
2024-10-22,IND_PAR,BULK_01,True,False,26.19,True,synthetic_scenario_generator,26006
2024-10-23,IND_PAR,BULK_01,True,False,30.19,True,synthetic_scenario_generator,26006
2024-10-24,IND_PAR,BULK_01,True,False,23.17,True,synthetic_scenario_generator,26006
2024-10-25,IND_PAR,BULK_01,True,False,36.46,True,synthetic_scenario_generator,26006
2024-10-26,IND_PAR,BULK_01,True,False,21.17,True,synthetic_scenario_generator,26006
2024-10-27,IND_PAR,BULK_01,True,False,12.94,True,synthetic_scenario_generator,26006
2024-10-28,IND_PAR,BULK_01,True,False,10.92,True,synthetic_scenario_generator,26006
2024-10-29,IND_PAR,BULK_01,True,False,18.69,True,synthetic_scenario_generator,26006
2024-10-30,IND_PAR,BULK_01,True,False,17.06,True,synthetic_scenario_generator,26006
2024-10-31,IND_PAR,BULK_01,True,False,19.36,True,synthetic_scenario_generator,26006
2024-11-01,IND_PAR,BULK_01,True,False,19.02,True,synthetic_scenario_generator,26006
2024-11-02,IND_PAR,BULK_01,True,False,11.53,True,synthetic_scenario_generator,26006
2024-11-03,IND_PAR,BULK_01,True,False,8.54,True,synthetic_scenario_generator,26006
2024-11-04,IND_PAR,BULK_01,True,False,8.66,True,synthetic_scenario_generator,26006
2024-11-05,IND_PAR,BULK_01,True,False,15.29,True,synthetic_scenario_generator,26006
2024-11-06,IND_PAR,BULK_01,True,False,19.48,True,synthetic_scenario_generator,26006
2024-11-07,IND_PAR,BULK_01,True,False,15.8,True,synthetic_scenario_generator,26006
2024-11-08,IND_PAR,BULK_01,True,False,13.97,True,synthetic_scenario_generator,26006
2024-11-09,IND_PAR,BULK_01,True,False,13.62,True,synthetic_scenario_generator,26006
2024-11-10,IND_PAR,BULK_01,True,False,16.52,True,synthetic_scenario_generator,26006
2024-11-11,IND_PAR,BULK_01,True,False,8.8,True,synthetic_scenario_generator,26006
2024-11-12,IND_PAR,BULK_01,True,False,13.27,True,synthetic_scenario_generator,26006
2024-11-13,IND_PAR,BULK_01,True,False,8.05,True,synthetic_scenario_generator,26006
2024-11-14,IND_PAR,BULK_01,True,False,20.93,True,synthetic_scenario_generator,26006
2024-11-15,IND_PAR,BULK_01,True,False,13.67,True,synthetic_scenario_generator,26006
2024-11-16,IND_PAR,BULK_01,True,False,18.19,True,synthetic_scenario_generator,26006
2024-11-17,IND_PAR,BULK_01,True,False,17.39,True,synthetic_scenario_generator,26006
2024-11-18,IND_PAR,BULK_01,True,False,23.86,True,synthetic_scenario_generator,26006
2024-11-19,IND_PAR,BULK_01,True,False,12.29,True,synthetic_scenario_generator,26006
2024-11-20,IND_PAR,BULK_01,True,False,20.14,True,synthetic_scenario_generator,26006
2024-11-21,IND_PAR,BULK_01,True,False,15.78,True,synthetic_scenario_generator,26006
2024-11-22,IND_PAR,BULK_01,True,False,9.8,True,synthetic_scenario_generator,26006
2024-11-23,IND_PAR,BULK_01,True,False,18.37,True,synthetic_scenario_generator,26006
2024-11-24,IND_PAR,BULK_01,True,False,16.18,True,synthetic_scenario_generator,26006
2024-11-25,IND_PAR,BULK_01,True,False,15.85,True,synthetic_scenario_generator,26006
2024-11-26,IND_PAR,BULK_01,True,False,18.72,True,synthetic_scenario_generator,26006
2024-11-27,IND_PAR,BULK_01,True,False,19.03,True,synthetic_scenario_generator,26006
2024-11-28,IND_PAR,BULK_01,True,False,19.39,True,synthetic_scenario_generator,26006
2024-11-29,IND_PAR,BULK_01,True,False,19.97,True,synthetic_scenario_generator,26006
2024-11-30,IND_PAR,BULK_01,True,False,18.61,True,synthetic_scenario_generator,26006
2024-12-01,IND_PAR,BULK_01,True,False,25.88,True,synthetic_scenario_generator,26006
2024-12-02,IND_PAR,BULK_01,True,False,17.19,True,synthetic_scenario_generator,26006
2024-12-03,IND_PAR,BULK_01,True,False,15.93,True,synthetic_scenario_generator,26006
2024-12-04,IND_PAR,BULK_01,True,False,28.84,True,synthetic_scenario_generator,26006
2024-12-05,IND_PAR,BULK_01,True,False,32.25,True,synthetic_scenario_generator,26006
2024-12-06,IND_PAR,BULK_01,True,False,21.67,True,synthetic_scenario_generator,26006
2024-12-07,IND_PAR,BULK_01,True,False,22.24,True,synthetic_scenario_generator,26006
2024-12-08,IND_PAR,BULK_01,True,False,24.8,True,synthetic_scenario_generator,26006
2024-12-09,IND_PAR,BULK_01,True,False,40.85,True,synthetic_scenario_generator,26006
2024-12-10,IND_PAR,BULK_01,True,False,26.68,True,synthetic_scenario_generator,26006
2024-12-11,IND_PAR,BULK_01,True,False,23.09,True,synthetic_scenario_generator,26006
2024-12-12,IND_PAR,BULK_01,True,False,30.05,True,synthetic_scenario_generator,26006
2024-12-13,IND_PAR,BULK_01,True,False,24.53,True,synthetic_scenario_generator,26006
2024-12-14,IND_PAR,BULK_01,True,False,30.98,True,synthetic_scenario_generator,26006
2024-12-15,IND_PAR,BULK_01,True,False,29.76,True,synthetic_scenario_generator,26006
2024-12-16,IND_PAR,BULK_01,True,False,31.69,True,synthetic_scenario_generator,26006
2024-12-17,IND_PAR,BULK_01,True,False,26.5,True,synthetic_scenario_generator,26006
2024-12-18,IND_PAR,BULK_01,True,False,38.56,True,synthetic_scenario_generator,26006
2024-12-19,IND_PAR,BULK_01,True,False,34.61,True,synthetic_scenario_generator,26006
2024-12-20,IND_PAR,BULK_01,True,False,44.96,True,synthetic_scenario_generator,26006
2024-12-21,IND_PAR,BULK_01,True,False,34.77,True,synthetic_scenario_generator,26006
2024-12-22,IND_PAR,BULK_01,True,False,20.38,True,synthetic_scenario_generator,26006
2024-12-23,IND_PAR,BULK_01,True,False,30.72,True,synthetic_scenario_generator,26006
2024-12-24,IND_PAR,BULK_01,True,False,34.73,True,synthetic_scenario_generator,26006
2024-12-25,IND_PAR,BULK_01,True,False,36.13,True,synthetic_scenario_generator,26006
2024-12-26,IND_PAR,BULK_01,True,False,22.52,True,synthetic_scenario_generator,26006
2024-12-27,IND_PAR,BULK_01,True,False,31.81,True,synthetic_scenario_generator,26006
2024-12-28,IND_PAR,BULK_01,True,False,32.08,True,synthetic_scenario_generator,26006
2024-12-29,IND_PAR,BULK_01,True,False,27.21,True,synthetic_scenario_generator,26006
2024-12-30,IND_PAR,BULK_01,True,False,33.99,True,synthetic_scenario_generator,26006
2024-12-31,IND_PAR,BULK_01,True,False,27.58,True,synthetic_scenario_generator,26006
2025-01-01,IND_PAR,BULK_01,True,False,30.16,True,synthetic_scenario_generator,26006
2025-01-02,IND_PAR,BULK_01,True,False,36.27,True,synthetic_scenario_generator,26006
2025-01-03,IND_PAR,BULK_01,True,False,34.71,True,synthetic_scenario_generator,26006
2025-01-04,IND_PAR,BULK_01,True,False,25.37,True,synthetic_scenario_generator,26006
2025-01-05,IND_PAR,BULK_01,True,False,32.15,True,synthetic_scenario_generator,26006
2025-01-06,IND_PAR,BULK_01,True,False,32.89,True,synthetic_scenario_generator,26006
2025-01-07,IND_PAR,BULK_01,True,False,32.58,True,synthetic_scenario_generator,26006
2025-01-08,IND_PAR,BULK_01,True,False,30.51,True,synthetic_scenario_generator,26006
2025-01-09,IND_PAR,BULK_01,True,False,41.92,True,synthetic_scenario_generator,26006
2025-01-10,IND_PAR,BULK_01,True,False,25.57,True,synthetic_scenario_generator,26006
2025-01-11,IND_PAR,BULK_01,True,False,30.23,True,synthetic_scenario_generator,26006
2025-01-12,IND_PAR,BULK_01,True,False,29.07,True,synthetic_scenario_generator,26006
2025-01-13,IND_PAR,BULK_01,True,False,19.67,True,synthetic_scenario_generator,26006
2025-01-14,IND_PAR,BULK_01,True,False,32.08,True,synthetic_scenario_generator,26006
2025-01-15,IND_PAR,BULK_01,True,False,23.98,True,synthetic_scenario_generator,26006
2025-01-16,IND_PAR,BULK_01,True,False,24.06,True,synthetic_scenario_generator,26006
2025-01-17,IND_PAR,BULK_01,True,False,28.6,True,synthetic_scenario_generator,26006
2025-01-18,IND_PAR,BULK_01,True,False,21.31,True,synthetic_scenario_generator,26006
2025-01-19,IND_PAR,BULK_01,True,False,29.83,True,synthetic_scenario_generator,26006
2025-01-20,IND_PAR,BULK_01,True,False,31.95,True,synthetic_scenario_generator,26006
2025-01-21,IND_PAR,BULK_01,True,False,16.51,True,synthetic_scenario_generator,26006
2025-01-22,IND_PAR,BULK_01,True,False,15.91,True,synthetic_scenario_generator,26006
2025-01-23,IND_PAR,BULK_01,True,False,18.99,True,synthetic_scenario_generator,26006
2025-01-24,IND_PAR,BULK_01,True,False,30.82,True,synthetic_scenario_generator,26006
2025-01-25,IND_PAR,BULK_01,True,False,9.48,True,synthetic_scenario_generator,26006
2025-01-26,IND_PAR,BULK_01,True,False,23.43,True,synthetic_scenario_generator,26006
2025-01-27,IND_PAR,BULK_01,True,False,15.64,True,synthetic_scenario_generator,26006
2025-01-28,IND_PAR,BULK_01,True,False,8.92,True,synthetic_scenario_generator,26006
2025-01-29,IND_PAR,BULK_01,True,False,21.45,True,synthetic_scenario_generator,26006
2025-01-30,IND_PAR,BULK_01,True,False,17.16,True,synthetic_scenario_generator,26006
2025-01-31,IND_PAR,BULK_01,True,False,21.41,True,synthetic_scenario_generator,26006
2025-02-01,IND_PAR,BULK_01,True,False,19.73,True,synthetic_scenario_generator,26006
2025-02-02,IND_PAR,BULK_01,True,False,9.05,True,synthetic_scenario_generator,26006
2025-02-03,IND_PAR,BULK_01,True,False,9.84,True,synthetic_scenario_generator,26006
2025-02-04,IND_PAR,BULK_01,True,False,16.91,True,synthetic_scenario_generator,26006
2025-02-05,IND_PAR,BULK_01,True,False,26.81,True,synthetic_scenario_generator,26006
2025-02-06,IND_PAR,BULK_01,True,False,18.98,True,synthetic_scenario_generator,26006
2025-02-07,IND_PAR,BULK_01,True,False,11.21,True,synthetic_scenario_generator,26006
2025-02-08,IND_PAR,BULK_01,True,False,8.27,True,synthetic_scenario_generator,26006
2025-02-09,IND_PAR,BULK_01,True,False,10.99,True,synthetic_scenario_generator,26006
2025-02-10,IND_PAR,BULK_01,True,False,5.31,True,synthetic_scenario_generator,26006
2025-02-11,IND_PAR,BULK_01,True,False,18.44,True,synthetic_scenario_generator,26006
2025-02-12,IND_PAR,BULK_01,True,False,22.95,True,synthetic_scenario_generator,26006
2025-02-13,IND_PAR,BULK_01,True,False,11.0,True,synthetic_scenario_generator,26006
2025-02-14,IND_PAR,BULK_01,True,False,19.7,True,synthetic_scenario_generator,26006
2025-02-15,IND_PAR,BULK_01,True,False,19.19,True,synthetic_scenario_generator,26006
2025-02-16,IND_PAR,BULK_01,True,False,18.79,True,synthetic_scenario_generator,26006
2025-02-17,IND_PAR,BULK_01,True,False,18.35,True,synthetic_scenario_generator,26006
2025-02-18,IND_PAR,BULK_01,True,False,9.25,True,synthetic_scenario_generator,26006
2025-02-19,IND_PAR,BULK_01,True,False,12.18,True,synthetic_scenario_generator,26006
2025-02-20,IND_PAR,BULK_01,True,False,15.78,True,synthetic_scenario_generator,26006
2025-02-21,IND_PAR,BULK_01,True,False,23.04,True,synthetic_scenario_generator,26006
2025-02-22,IND_PAR,BULK_01,True,False,17.41,True,synthetic_scenario_generator,26006
2025-02-23,IND_PAR,BULK_01,True,False,19.82,True,synthetic_scenario_generator,26006
2025-02-24,IND_PAR,BULK_01,True,False,19.02,True,synthetic_scenario_generator,26006
2025-02-25,IND_PAR,BULK_01,True,False,25.45,True,synthetic_scenario_generator,26006
2025-02-26,IND_PAR,BULK_01,True,False,21.93,True,synthetic_scenario_generator,26006
2025-02-27,IND_PAR,BULK_01,True,False,18.48,True,synthetic_scenario_generator,26006
2025-02-28,IND_PAR,BULK_01,True,False,18.11,True,synthetic_scenario_generator,26006
2025-03-01,IND_PAR,BULK_01,True,False,18.46,True,synthetic_scenario_generator,26006
2025-03-02,IND_PAR,BULK_01,True,False,18.0,True,synthetic_scenario_generator,26006
2025-03-03,IND_PAR,BULK_01,True,False,20.88,True,synthetic_scenario_generator,26006
2025-03-04,IND_PAR,BULK_01,True,False,15.74,True,synthetic_scenario_generator,26006
2025-03-05,IND_PAR,BULK_01,True,False,29.37,True,synthetic_scenario_generator,26006
2025-03-06,IND_PAR,BULK_01,True,False,18.51,True,synthetic_scenario_generator,26006
2025-03-07,IND_PAR,BULK_01,True,False,25.26,True,synthetic_scenario_generator,26006
2025-03-08,IND_PAR,BULK_01,True,False,23.99,True,synthetic_scenario_generator,26006
2025-03-09,IND_PAR,BULK_01,True,False,30.39,True,synthetic_scenario_generator,26006
2025-03-10,IND_PAR,BULK_01,True,False,19.55,True,synthetic_scenario_generator,26006
2025-03-11,IND_PAR,BULK_01,True,False,25.88,True,synthetic_scenario_generator,26006
2025-03-12,IND_PAR,BULK_01,True,False,19.29,True,synthetic_scenario_generator,26006
2025-03-13,IND_PAR,BULK_01,True,False,29.45,True,synthetic_scenario_generator,26006
2025-03-14,IND_PAR,BULK_01,True,False,26.0,True,synthetic_scenario_generator,26006
2025-03-15,IND_PAR,BULK_01,False,True,32.92,True,synthetic_scenario_generator,26006
2025-03-16,IND_PAR,BULK_01,True,False,22.04,True,synthetic_scenario_generator,26006
2025-03-17,IND_PAR,BULK_01,True,False,34.65,True,synthetic_scenario_generator,26006
2025-03-18,IND_PAR,BULK_01,True,False,29.76,True,synthetic_scenario_generator,26006
2025-03-19,IND_PAR,BULK_01,True,False,32.08,True,synthetic_scenario_generator,26006
2025-03-20,IND_PAR,BULK_01,True,False,32.73,True,synthetic_scenario_generator,26006
2025-03-21,IND_PAR,BULK_01,True,False,25.01,True,synthetic_scenario_generator,26006
2025-03-22,IND_PAR,BULK_01,True,False,34.53,True,synthetic_scenario_generator,26006
2025-03-23,IND_PAR,BULK_01,True,False,26.59,True,synthetic_scenario_generator,26006
2025-03-24,IND_PAR,BULK_01,True,False,22.93,True,synthetic_scenario_generator,26006
2025-03-25,IND_PAR,BULK_01,True,False,40.05,True,synthetic_scenario_generator,26006
2025-03-26,IND_PAR,BULK_01,True,False,31.88,True,synthetic_scenario_generator,26006
2025-03-27,IND_PAR,BULK_01,True,False,37.95,True,synthetic_scenario_generator,26006
2025-03-28,IND_PAR,BULK_01,True,False,27.19,True,synthetic_scenario_generator,26006
2025-03-29,IND_PAR,BULK_01,True,False,34.4,True,synthetic_scenario_generator,26006
2025-03-30,IND_PAR,BULK_01,True,False,34.66,True,synthetic_scenario_generator,26006
2025-03-31,IND_PAR,BULK_01,True,False,31.29,True,synthetic_scenario_generator,26006
2025-04-01,IND_PAR,BULK_01,True,False,26.52,True,synthetic_scenario_generator,26006
2025-04-02,IND_PAR,BULK_01,True,False,24.93,True,synthetic_scenario_generator,26006
2025-04-03,IND_PAR,BULK_01,True,False,34.12,True,synthetic_scenario_generator,26006
2025-04-04,IND_PAR,BULK_01,True,False,28.49,True,synthetic_scenario_generator,26006
2025-04-05,IND_PAR,BULK_01,True,False,22.74,True,synthetic_scenario_generator,26006
2025-04-06,IND_PAR,BULK_01,True,False,24.45,True,synthetic_scenario_generator,26006
2025-04-07,IND_PAR,BULK_01,True,False,39.5,True,synthetic_scenario_generator,26006
2025-04-08,IND_PAR,BULK_01,True,False,21.47,True,synthetic_scenario_generator,26006
2025-04-09,IND_PAR,BULK_01,True,False,31.2,True,synthetic_scenario_generator,26006
2025-04-10,IND_PAR,BULK_01,True,False,23.02,True,synthetic_scenario_generator,26006
2025-04-11,IND_PAR,BULK_01,True,False,26.13,True,synthetic_scenario_generator,26006
2025-04-12,IND_PAR,BULK_01,True,False,29.04,True,synthetic_scenario_generator,26006
2025-04-13,IND_PAR,BULK_01,True,False,33.57,True,synthetic_scenario_generator,26006
2025-04-14,IND_PAR,BULK_01,True,False,40.66,True,synthetic_scenario_generator,26006
2025-04-15,IND_PAR,BULK_01,True,False,41.36,True,synthetic_scenario_generator,26006
2025-04-16,IND_PAR,BULK_01,True,False,19.96,True,synthetic_scenario_generator,26006
2025-04-17,IND_PAR,BULK_01,True,False,26.92,True,synthetic_scenario_generator,26006
2025-04-18,IND_PAR,BULK_01,True,False,26.49,True,synthetic_scenario_generator,26006
2025-04-19,IND_PAR,BULK_01,True,False,23.88,True,synthetic_scenario_generator,26006
2025-04-20,IND_PAR,BULK_01,True,False,17.28,True,synthetic_scenario_generator,26006
2025-04-21,IND_PAR,BULK_01,True,False,24.0,True,synthetic_scenario_generator,26006
2025-04-22,IND_PAR,BULK_01,True,False,17.02,True,synthetic_scenario_generator,26006
2025-04-23,IND_PAR,BULK_01,True,False,19.64,True,synthetic_scenario_generator,26006
2025-04-24,IND_PAR,BULK_01,True,False,25.92,True,synthetic_scenario_generator,26006
2025-04-25,IND_PAR,BULK_01,True,False,21.18,True,synthetic_scenario_generator,26006
2025-04-26,IND_PAR,BULK_01,True,False,18.02,True,synthetic_scenario_generator,26006
2025-04-27,IND_PAR,BULK_01,True,False,16.83,True,synthetic_scenario_generator,26006
2025-04-28,IND_PAR,BULK_01,True,False,19.62,True,synthetic_scenario_generator,26006
2025-04-29,IND_PAR,BULK_01,True,False,21.7,True,synthetic_scenario_generator,26006
2025-04-30,IND_PAR,BULK_01,True,False,13.35,True,synthetic_scenario_generator,26006
2025-05-01,IND_PAR,BULK_01,True,False,18.72,True,synthetic_scenario_generator,26006
2025-05-02,IND_PAR,BULK_01,True,False,21.68,True,synthetic_scenario_generator,26006
2025-05-03,IND_PAR,BULK_01,True,False,22.59,True,synthetic_scenario_generator,26006
2025-05-04,IND_PAR,BULK_01,True,False,14.35,True,synthetic_scenario_generator,26006
2025-05-05,IND_PAR,BULK_01,True,False,23.0,True,synthetic_scenario_generator,26006
2025-05-06,IND_PAR,BULK_01,True,False,18.12,True,synthetic_scenario_generator,26006
2025-05-07,IND_PAR,BULK_01,True,False,14.04,True,synthetic_scenario_generator,26006
2025-05-08,IND_PAR,BULK_01,True,False,12.05,True,synthetic_scenario_generator,26006
2025-05-09,IND_PAR,BULK_01,True,False,7.53,True,synthetic_scenario_generator,26006
2025-05-10,IND_PAR,BULK_01,True,False,15.7,True,synthetic_scenario_generator,26006
2025-05-11,IND_PAR,BULK_01,True,False,17.46,True,synthetic_scenario_generator,26006
2025-05-12,IND_PAR,BULK_01,True,False,15.64,True,synthetic_scenario_generator,26006
2025-05-13,IND_PAR,BULK_01,True,False,8.49,True,synthetic_scenario_generator,26006
2025-05-14,IND_PAR,BULK_01,True,False,16.71,True,synthetic_scenario_generator,26006
2025-05-15,IND_PAR,BULK_01,True,False,16.25,True,synthetic_scenario_generator,26006
2025-05-16,IND_PAR,BULK_01,True,False,9.76,True,synthetic_scenario_generator,26006
2025-05-17,IND_PAR,BULK_01,True,False,13.72,True,synthetic_scenario_generator,26006
2025-05-18,IND_PAR,BULK_01,True,False,7.91,True,synthetic_scenario_generator,26006
2025-05-19,IND_PAR,BULK_01,True,False,15.39,True,synthetic_scenario_generator,26006
2025-05-20,IND_PAR,BULK_01,True,False,10.82,True,synthetic_scenario_generator,26006
2025-05-21,IND_PAR,BULK_01,True,False,16.25,True,synthetic_scenario_generator,26006
2025-05-22,IND_PAR,BULK_01,True,False,21.22,True,synthetic_scenario_generator,26006
2025-05-23,IND_PAR,BULK_01,True,False,20.57,True,synthetic_scenario_generator,26006
2025-05-24,IND_PAR,BULK_01,True,False,19.58,True,synthetic_scenario_generator,26006
2025-05-25,IND_PAR,BULK_01,True,False,22.88,True,synthetic_scenario_generator,26006
2025-05-26,IND_PAR,BULK_01,True,False,22.01,True,synthetic_scenario_generator,26006
2025-05-27,IND_PAR,BULK_01,True,False,18.59,True,synthetic_scenario_generator,26006
2025-05-28,IND_PAR,BULK_01,True,False,15.57,True,synthetic_scenario_generator,26006
2025-05-29,IND_PAR,BULK_01,True,False,19.03,True,synthetic_scenario_generator,26006
2025-05-30,IND_PAR,BULK_01,True,False,27.68,True,synthetic_scenario_generator,26006
2025-05-31,IND_PAR,BULK_01,True,False,23.42,True,synthetic_scenario_generator,26006
2025-06-01,IND_PAR,BULK_01,True,False,16.83,True,synthetic_scenario_generator,26006
2025-06-02,IND_PAR,BULK_01,True,False,30.5,True,synthetic_scenario_generator,26006
2025-06-03,IND_PAR,BULK_01,True,False,28.19,True,synthetic_scenario_generator,26006
2025-06-04,IND_PAR,BULK_01,True,False,27.37,True,synthetic_scenario_generator,26006
2025-06-05,IND_PAR,BULK_01,True,False,30.56,True,synthetic_scenario_generator,26006
2025-06-06,IND_PAR,BULK_01,True,False,33.96,True,synthetic_scenario_generator,26006
2025-06-07,IND_PAR,BULK_01,True,False,37.31,True,synthetic_scenario_generator,26006
2025-06-08,IND_PAR,BULK_01,True,False,35.03,True,synthetic_scenario_generator,26006
2025-06-09,IND_PAR,BULK_01,True,False,36.26,True,synthetic_scenario_generator,26006
2025-06-10,IND_PAR,BULK_01,True,False,40.63,True,synthetic_scenario_generator,26006
2025-06-11,IND_PAR,BULK_01,True,False,36.11,True,synthetic_scenario_generator,26006
2025-06-12,IND_PAR,BULK_01,True,False,28.04,True,synthetic_scenario_generator,26006
2025-06-13,IND_PAR,BULK_01,True,False,37.02,True,synthetic_scenario_generator,26006
2025-06-14,IND_PAR,BULK_01,True,False,36.51,True,synthetic_scenario_generator,26006
2025-06-15,IND_PAR,BULK_01,True,False,39.15,True,synthetic_scenario_generator,26006
2025-06-16,IND_PAR,BULK_01,True,False,30.54,True,synthetic_scenario_generator,26006
2025-06-17,IND_PAR,BULK_01,True,False,25.24,True,synthetic_scenario_generator,26006
2025-06-18,IND_PAR,BULK_01,True,False,31.26,True,synthetic_scenario_generator,26006
2025-06-19,IND_PAR,BULK_01,True,False,44.59,True,synthetic_scenario_generator,26006
2025-06-20,IND_PAR,BULK_01,True,False,44.72,True,synthetic_scenario_generator,26006
2025-06-21,IND_PAR,BULK_01,True,False,38.24,True,synthetic_scenario_generator,26006
2025-06-22,IND_PAR,BULK_01,True,False,37.41,True,synthetic_scenario_generator,26006
2025-06-23,IND_PAR,BULK_01,True,False,47.7,True,synthetic_scenario_generator,26006
2025-06-24,IND_PAR,BULK_01,True,False,36.91,True,synthetic_scenario_generator,26006
2025-06-25,IND_PAR,BULK_01,True,False,29.95,True,synthetic_scenario_generator,26006
2025-06-26,IND_PAR,BULK_01,True,False,35.87,True,synthetic_scenario_generator,26006
2025-06-27,IND_PAR,BULK_01,True,False,39.91,True,synthetic_scenario_generator,26006
2025-06-28,IND_PAR,BULK_01,True,False,42.15,True,synthetic_scenario_generator,26006
2025-06-29,IND_PAR,BULK_01,True,False,41.47,True,synthetic_scenario_generator,26006
2025-06-30,IND_PAR,BULK_01,True,False,43.99,True,synthetic_scenario_generator,26006
2025-07-01,IND_PAR,BULK_01,True,False,28.37,True,synthetic_scenario_generator,26006
2025-07-02,IND_PAR,BULK_01,True,False,34.13,True,synthetic_scenario_generator,26006
2025-07-03,IND_PAR,BULK_01,True,False,31.72,True,synthetic_scenario_generator,26006
2025-07-04,IND_PAR,BULK_01,True,False,32.23,True,synthetic_scenario_generator,26006
2025-07-05,IND_PAR,BULK_01,True,False,42.23,True,synthetic_scenario_generator,26006
2025-07-06,IND_PAR,BULK_01,True,False,34.27,True,synthetic_scenario_generator,26006
2025-07-07,IND_PAR,BULK_01,True,False,31.75,True,synthetic_scenario_generator,26006
2025-07-08,IND_PAR,BULK_01,True,False,33.4,True,synthetic_scenario_generator,26006
2025-07-09,IND_PAR,BULK_01,True,False,40.67,True,synthetic_scenario_generator,26006
2025-07-10,IND_PAR,BULK_01,True,False,35.36,True,synthetic_scenario_generator,26006
2025-07-11,IND_PAR,BULK_01,True,False,29.4,True,synthetic_scenario_generator,26006
2025-07-12,IND_PAR,BULK_01,True,False,33.71,True,synthetic_scenario_generator,26006
2025-07-13,IND_PAR,BULK_01,True,False,30.84,True,synthetic_scenario_generator,26006
2025-07-14,IND_PAR,BULK_01,True,False,19.32,True,synthetic_scenario_generator,26006
2025-07-15,IND_PAR,BULK_01,True,False,17.42,True,synthetic_scenario_generator,26006
2025-07-16,IND_PAR,BULK_01,True,False,24.94,True,synthetic_scenario_generator,26006
2025-07-17,IND_PAR,BULK_01,True,False,22.06,True,synthetic_scenario_generator,26006
2025-07-18,IND_PAR,BULK_01,True,False,28.76,True,synthetic_scenario_generator,26006
2025-07-19,IND_PAR,BULK_01,True,False,24.14,True,synthetic_scenario_generator,26006
2025-07-20,IND_PAR,BULK_01,True,False,26.63,True,synthetic_scenario_generator,26006
2025-07-21,IND_PAR,BULK_01,True,False,22.13,True,synthetic_scenario_generator,26006
2025-07-22,IND_PAR,BULK_01,True,False,25.23,True,synthetic_scenario_generator,26006
2025-07-23,IND_PAR,BULK_01,True,False,18.29,True,synthetic_scenario_generator,26006
2025-07-24,IND_PAR,BULK_01,True,False,17.21,True,synthetic_scenario_generator,26006
2025-07-25,IND_PAR,BULK_01,True,False,22.82,True,synthetic_scenario_generator,26006
2025-07-26,IND_PAR,BULK_01,True,False,23.14,True,synthetic_scenario_generator,26006
2025-07-27,IND_PAR,BULK_01,True,False,17.3,True,synthetic_scenario_generator,26006
2025-07-28,IND_PAR,BULK_01,True,False,24.99,True,synthetic_scenario_generator,26006
2025-07-29,IND_PAR,BULK_01,True,False,24.57,True,synthetic_scenario_generator,26006
2025-07-30,IND_PAR,BULK_01,True,False,18.12,True,synthetic_scenario_generator,26006
2025-07-31,IND_PAR,BULK_01,True,False,24.19,True,synthetic_scenario_generator,26006
2025-08-01,IND_PAR,BULK_01,True,False,20.5,True,synthetic_scenario_generator,26006
2025-08-02,IND_PAR,BULK_01,True,False,21.25,True,synthetic_scenario_generator,26006
2025-08-03,IND_PAR,BULK_01,True,False,16.53,True,synthetic_scenario_generator,26006
2025-08-04,IND_PAR,BULK_01,True,False,19.68,True,synthetic_scenario_generator,26006
2025-08-05,IND_PAR,BULK_01,True,False,22.33,True,synthetic_scenario_generator,26006
2025-08-06,IND_PAR,BULK_01,True,False,20.53,True,synthetic_scenario_generator,26006
2025-08-07,IND_PAR,BULK_01,True,False,19.67,True,synthetic_scenario_generator,26006
2025-08-08,IND_PAR,BULK_01,True,False,21.8,True,synthetic_scenario_generator,26006
2025-08-09,IND_PAR,BULK_01,True,False,25.98,True,synthetic_scenario_generator,26006
2025-08-10,IND_PAR,BULK_01,True,False,20.19,True,synthetic_scenario_generator,26006
2025-08-11,IND_PAR,BULK_01,True,False,16.98,True,synthetic_scenario_generator,26006
2025-08-12,IND_PAR,BULK_01,True,False,18.18,True,synthetic_scenario_generator,26006
2025-08-13,IND_PAR,BULK_01,True,False,24.82,True,synthetic_scenario_generator,26006
2025-08-14,IND_PAR,BULK_01,True,False,16.25,True,synthetic_scenario_generator,26006
2025-08-15,IND_PAR,BULK_01,True,False,23.33,True,synthetic_scenario_generator,26006
2025-08-16,IND_PAR,BULK_01,True,False,22.93,True,synthetic_scenario_generator,26006
2025-08-17,IND_PAR,BULK_01,True,False,20.18,True,synthetic_scenario_generator,26006
2025-08-18,IND_PAR,BULK_01,True,False,24.12,True,synthetic_scenario_generator,26006
2025-08-19,IND_PAR,BULK_01,True,False,31.96,True,synthetic_scenario_generator,26006
2025-08-20,IND_PAR,BULK_01,True,False,17.33,True,synthetic_scenario_generator,26006
2025-08-21,IND_PAR,BULK_01,True,False,20.45,True,synthetic_scenario_generator,26006
2025-08-22,IND_PAR,BULK_01,True,False,19.83,True,synthetic_scenario_generator,26006
2025-08-23,IND_PAR,BULK_01,True,False,28.12,True,synthetic_scenario_generator,26006
2025-08-24,IND_PAR,BULK_01,True,False,21.58,True,synthetic_scenario_generator,26006
2025-08-25,IND_PAR,BULK_01,True,False,25.99,True,synthetic_scenario_generator,26006
2025-08-26,IND_PAR,BULK_01,True,False,33.47,True,synthetic_scenario_generator,26006
2025-08-27,IND_PAR,BULK_01,True,False,28.89,True,synthetic_scenario_generator,26006
2025-08-28,IND_PAR,BULK_01,True,False,18.15,True,synthetic_scenario_generator,26006
2025-08-29,IND_PAR,BULK_01,True,False,20.61,True,synthetic_scenario_generator,26006
2025-08-30,IND_PAR,BULK_01,True,False,28.98,True,synthetic_scenario_generator,26006
2025-08-31,IND_PAR,BULK_01,True,False,16.21,True,synthetic_scenario_generator,26006
2025-09-01,IND_PAR,BULK_01,True,False,25.03,True,synthetic_scenario_generator,26006
2025-09-02,IND_PAR,BULK_01,True,False,32.76,True,synthetic_scenario_generator,26006
2025-09-03,IND_PAR,BULK_01,True,False,36.25,True,synthetic_scenario_generator,26006
2025-09-04,IND_PAR,BULK_01,True,False,25.22,True,synthetic_scenario_generator,26006
2025-09-05,IND_PAR,BULK_01,True,False,30.38,True,synthetic_scenario_generator,26006
2025-09-06,IND_PAR,BULK_01,True,False,27.74,True,synthetic_scenario_generator,26006
2025-09-07,IND_PAR,BULK_01,True,False,33.12,True,synthetic_scenario_generator,26006
2025-09-08,IND_PAR,BULK_01,True,False,36.32,True,synthetic_scenario_generator,26006
2025-09-09,IND_PAR,BULK_01,True,False,31.44,True,synthetic_scenario_generator,26006
2025-09-10,IND_PAR,BULK_01,True,False,35.01,True,synthetic_scenario_generator,26006
2025-09-11,IND_PAR,BULK_01,True,False,29.85,True,synthetic_scenario_generator,26006
2025-09-12,IND_PAR,BULK_01,True,False,35.55,True,synthetic_scenario_generator,26006
2025-09-13,IND_PAR,BULK_01,True,False,29.51,True,synthetic_scenario_generator,26006
2025-09-14,IND_PAR,BULK_01,True,False,28.61,True,synthetic_scenario_generator,26006
2025-09-15,IND_PAR,BULK_01,False,True,37.5,True,synthetic_scenario_generator,26006
2025-09-16,IND_PAR,BULK_01,True,False,33.6,True,synthetic_scenario_generator,26006
2025-09-17,IND_PAR,BULK_01,True,False,38.9,True,synthetic_scenario_generator,26006
2025-09-18,IND_PAR,BULK_01,True,False,30.54,True,synthetic_scenario_generator,26006
2025-09-19,IND_PAR,BULK_01,True,False,46.9,True,synthetic_scenario_generator,26006
2025-09-20,IND_PAR,BULK_01,True,False,36.8,True,synthetic_scenario_generator,26006
2025-09-21,IND_PAR,BULK_01,True,False,37.66,True,synthetic_scenario_generator,26006
2025-09-22,IND_PAR,BULK_01,True,False,35.46,True,synthetic_scenario_generator,26006
2025-09-23,IND_PAR,BULK_01,True,False,40.48,True,synthetic_scenario_generator,26006
2025-09-24,IND_PAR,BULK_01,True,False,36.69,True,synthetic_scenario_generator,26006
2025-09-25,IND_PAR,BULK_01,True,False,33.46,True,synthetic_scenario_generator,26006
2025-09-26,IND_PAR,BULK_01,True,False,38.33,True,synthetic_scenario_generator,26006
2025-09-27,IND_PAR,BULK_01,True,False,26.86,True,synthetic_scenario_generator,26006
2025-09-28,IND_PAR,BULK_01,True,False,20.35,True,synthetic_scenario_generator,26006
2025-09-29,IND_PAR,BULK_01,True,False,28.56,True,synthetic_scenario_generator,26006
2025-09-30,IND_PAR,BULK_01,True,False,23.84,True,synthetic_scenario_generator,26006
2025-10-01,IND_PAR,BULK_01,True,False,30.73,True,synthetic_scenario_generator,26006
2025-10-02,IND_PAR,BULK_01,True,False,24.35,True,synthetic_scenario_generator,26006
2025-10-03,IND_PAR,BULK_01,True,False,29.92,True,synthetic_scenario_generator,26006
2025-10-04,IND_PAR,BULK_01,True,False,32.81,True,synthetic_scenario_generator,26006
2025-10-05,IND_PAR,BULK_01,True,False,35.82,True,synthetic_scenario_generator,26006
2025-10-06,IND_PAR,BULK_01,True,False,30.48,True,synthetic_scenario_generator,26006
2025-10-07,IND_PAR,BULK_01,True,False,40.93,True,synthetic_scenario_generator,26006
2025-10-08,IND_PAR,BULK_01,True,False,19.67,True,synthetic_scenario_generator,26006
2025-10-09,IND_PAR,BULK_01,True,False,25.09,True,synthetic_scenario_generator,26006
2025-10-10,IND_PAR,BULK_01,True,False,33.44,True,synthetic_scenario_generator,26006
2025-10-11,IND_PAR,BULK_01,True,False,25.96,True,synthetic_scenario_generator,26006
2025-10-12,IND_PAR,BULK_01,True,False,22.99,True,synthetic_scenario_generator,26006
2025-10-13,IND_PAR,BULK_01,True,False,28.16,True,synthetic_scenario_generator,26006
2025-10-14,IND_PAR,BULK_01,True,False,20.76,True,synthetic_scenario_generator,26006
2025-10-15,IND_PAR,BULK_01,True,False,20.04,True,synthetic_scenario_generator,26006
2025-10-16,IND_PAR,BULK_01,True,False,22.01,True,synthetic_scenario_generator,26006
2025-10-17,IND_PAR,BULK_01,True,False,28.37,True,synthetic_scenario_generator,26006
2025-10-18,IND_PAR,BULK_01,True,False,30.08,True,synthetic_scenario_generator,26006
2025-10-19,IND_PAR,BULK_01,True,False,22.15,True,synthetic_scenario_generator,26006
2025-10-20,IND_PAR,BULK_01,True,False,17.15,True,synthetic_scenario_generator,26006
2025-10-21,IND_PAR,BULK_01,True,False,25.05,True,synthetic_scenario_generator,26006
2025-10-22,IND_PAR,BULK_01,True,False,11.48,True,synthetic_scenario_generator,26006
2025-10-23,IND_PAR,BULK_01,True,False,21.8,True,synthetic_scenario_generator,26006
2025-10-24,IND_PAR,BULK_01,True,False,20.62,True,synthetic_scenario_generator,26006
2025-10-25,IND_PAR,BULK_01,True,False,17.12,True,synthetic_scenario_generator,26006
2025-10-26,IND_PAR,BULK_01,True,False,14.38,True,synthetic_scenario_generator,26006
2025-10-27,IND_PAR,BULK_01,True,False,16.7,True,synthetic_scenario_generator,26006
2025-10-28,IND_PAR,BULK_01,True,False,10.54,True,synthetic_scenario_generator,26006
2025-10-29,IND_PAR,BULK_01,True,False,23.34,True,synthetic_scenario_generator,26006
2025-10-30,IND_PAR,BULK_01,True,False,17.02,True,synthetic_scenario_generator,26006
2025-10-31,IND_PAR,BULK_01,True,False,15.58,True,synthetic_scenario_generator,26006
2025-11-01,IND_PAR,BULK_01,True,False,13.38,True,synthetic_scenario_generator,26006
2025-11-02,IND_PAR,BULK_01,True,False,10.68,True,synthetic_scenario_generator,26006
2025-11-03,IND_PAR,BULK_01,True,False,14.94,True,synthetic_scenario_generator,26006
2025-11-04,IND_PAR,BULK_01,True,False,10.91,True,synthetic_scenario_generator,26006
2025-11-05,IND_PAR,BULK_01,True,False,17.35,True,synthetic_scenario_generator,26006
2025-11-06,IND_PAR,BULK_01,True,False,10.55,True,synthetic_scenario_generator,26006
2025-11-07,IND_PAR,BULK_01,True,False,15.39,True,synthetic_scenario_generator,26006
2025-11-08,IND_PAR,BULK_01,True,False,14.95,True,synthetic_scenario_generator,26006
2025-11-09,IND_PAR,BULK_01,True,False,14.3,True,synthetic_scenario_generator,26006
2025-11-10,IND_PAR,BULK_01,True,False,13.85,True,synthetic_scenario_generator,26006
2025-11-11,IND_PAR,BULK_01,True,False,9.78,True,synthetic_scenario_generator,26006
2025-11-12,IND_PAR,BULK_01,True,False,18.64,True,synthetic_scenario_generator,26006
2025-11-13,IND_PAR,BULK_01,True,False,13.16,True,synthetic_scenario_generator,26006
2025-11-14,IND_PAR,BULK_01,True,False,7.24,True,synthetic_scenario_generator,26006
2025-11-15,IND_PAR,BULK_01,True,False,17.56,True,synthetic_scenario_generator,26006
2025-11-16,IND_PAR,BULK_01,True,False,3.13,True,synthetic_scenario_generator,26006
2025-11-17,IND_PAR,BULK_01,True,False,14.33,True,synthetic_scenario_generator,26006
2025-11-18,IND_PAR,BULK_01,True,False,20.29,True,synthetic_scenario_generator,26006
2025-11-19,IND_PAR,BULK_01,True,False,10.96,True,synthetic_scenario_generator,26006
2025-11-20,IND_PAR,BULK_01,True,False,17.72,True,synthetic_scenario_generator,26006
2025-11-21,IND_PAR,BULK_01,True,False,22.18,True,synthetic_scenario_generator,26006
2025-11-22,IND_PAR,BULK_01,True,False,26.41,True,synthetic_scenario_generator,26006
2025-11-23,IND_PAR,BULK_01,True,False,23.74,True,synthetic_scenario_generator,26006
2025-11-24,IND_PAR,BULK_01,True,False,13.66,True,synthetic_scenario_generator,26006
2025-11-25,IND_PAR,BULK_01,True,False,15.25,True,synthetic_scenario_generator,26006
2025-11-26,IND_PAR,BULK_01,True,False,18.46,True,synthetic_scenario_generator,26006
2025-11-27,IND_PAR,BULK_01,True,False,24.93,True,synthetic_scenario_generator,26006
2025-11-28,IND_PAR,BULK_01,True,False,24.76,True,synthetic_scenario_generator,26006
2025-11-29,IND_PAR,BULK_01,True,False,17.97,True,synthetic_scenario_generator,26006
2025-11-30,IND_PAR,BULK_01,True,False,17.24,True,synthetic_scenario_generator,26006
2025-12-01,IND_PAR,BULK_01,True,False,23.16,True,synthetic_scenario_generator,26006
2025-12-02,IND_PAR,BULK_01,True,False,27.49,True,synthetic_scenario_generator,26006
2025-12-03,IND_PAR,BULK_01,True,False,30.56,True,synthetic_scenario_generator,26006
2025-12-04,IND_PAR,BULK_01,True,False,34.3,True,synthetic_scenario_generator,26006
2025-12-05,IND_PAR,BULK_01,True,False,24.91,True,synthetic_scenario_generator,26006
2025-12-06,IND_PAR,BULK_01,True,False,24.71,True,synthetic_scenario_generator,26006
2025-12-07,IND_PAR,BULK_01,True,False,25.46,True,synthetic_scenario_generator,26006
2025-12-08,IND_PAR,BULK_01,True,False,33.64,True,synthetic_scenario_generator,26006
2025-12-09,IND_PAR,BULK_01,True,False,26.93,True,synthetic_scenario_generator,26006
2025-12-10,IND_PAR,BULK_01,True,False,38.48,True,synthetic_scenario_generator,26006
2025-12-11,IND_PAR,BULK_01,True,False,30.13,True,synthetic_scenario_generator,26006
2025-12-12,IND_PAR,BULK_01,True,False,26.93,True,synthetic_scenario_generator,26006
2025-12-13,IND_PAR,BULK_01,True,False,32.1,True,synthetic_scenario_generator,26006
2025-12-14,IND_PAR,BULK_01,True,False,42.87,True,synthetic_scenario_generator,26006
2025-12-15,IND_PAR,BULK_01,True,False,37.01,True,synthetic_scenario_generator,26006
2025-12-16,IND_PAR,BULK_01,True,False,38.51,True,synthetic_scenario_generator,26006
2025-12-17,IND_PAR,BULK_01,True,False,33.86,True,synthetic_scenario_generator,26006
2025-12-18,IND_PAR,BULK_01,True,False,26.97,True,synthetic_scenario_generator,26006
2025-12-19,IND_PAR,BULK_01,True,False,29.48,True,synthetic_scenario_generator,26006
2025-12-20,IND_PAR,BULK_01,True,False,40.1,True,synthetic_scenario_generator,26006
2025-12-21,IND_PAR,BULK_01,True,False,37.94,True,synthetic_scenario_generator,26006
2025-12-22,IND_PAR,BULK_01,True,False,26.12,True,synthetic_scenario_generator,26006
2025-12-23,IND_PAR,BULK_01,True,False,20.36,True,synthetic_scenario_generator,26006
2025-12-24,IND_PAR,BULK_01,True,False,36.07,True,synthetic_scenario_generator,26006
2025-12-25,IND_PAR,BULK_01,True,False,28.61,True,synthetic_scenario_generator,26006
2025-12-26,IND_PAR,BULK_01,True,False,29.26,True,synthetic_scenario_generator,26006
2025-12-27,IND_PAR,BULK_01,True,False,34.26,True,synthetic_scenario_generator,26006
2025-12-28,IND_PAR,BULK_01,True,False,31.34,True,synthetic_scenario_generator,26006
2025-12-29,IND_PAR,BULK_01,True,False,23.77,True,synthetic_scenario_generator,26006
2025-12-30,IND_PAR,BULK_01,True,False,37.18,True,synthetic_scenario_generator,26006
2025-12-31,IND_PAR,BULK_01,True,False,34.91,True,synthetic_scenario_generator,26006
2026-01-01,IND_PAR,BULK_01,True,False,27.14,True,synthetic_scenario_generator,26006
2026-01-02,IND_PAR,BULK_01,True,False,26.35,True,synthetic_scenario_generator,26006
2026-01-03,IND_PAR,BULK_01,True,False,38.06,True,synthetic_scenario_generator,26006
2026-01-04,IND_PAR,BULK_01,True,False,23.91,True,synthetic_scenario_generator,26006
2026-01-05,IND_PAR,BULK_01,True,False,28.43,True,synthetic_scenario_generator,26006
2026-01-06,IND_PAR,BULK_01,True,False,20.01,True,synthetic_scenario_generator,26006
2026-01-07,IND_PAR,BULK_01,True,False,29.58,True,synthetic_scenario_generator,26006
2026-01-08,IND_PAR,BULK_01,True,False,29.54,True,synthetic_scenario_generator,26006
2026-01-09,IND_PAR,BULK_01,True,False,28.03,True,synthetic_scenario_generator,26006
2026-01-10,IND_PAR,BULK_01,True,False,25.6,True,synthetic_scenario_generator,26006
2026-01-11,IND_PAR,BULK_01,True,False,20.45,True,synthetic_scenario_generator,26006
2026-01-12,IND_PAR,BULK_01,True,False,18.3,True,synthetic_scenario_generator,26006
2026-01-13,IND_PAR,BULK_01,True,False,16.93,True,synthetic_scenario_generator,26006
2026-01-14,IND_PAR,BULK_01,True,False,21.81,True,synthetic_scenario_generator,26006
2026-01-15,IND_PAR,BULK_01,True,False,20.29,True,synthetic_scenario_generator,26006
2026-01-16,IND_PAR,BULK_01,True,False,19.34,True,synthetic_scenario_generator,26006
2026-01-17,IND_PAR,BULK_01,True,False,16.89,True,synthetic_scenario_generator,26006
2026-01-18,IND_PAR,BULK_01,True,False,25.66,True,synthetic_scenario_generator,26006
2026-01-19,IND_PAR,BULK_01,True,False,21.16,True,synthetic_scenario_generator,26006
2026-01-20,IND_PAR,BULK_01,True,False,25.4,True,synthetic_scenario_generator,26006
2026-01-21,IND_PAR,BULK_01,True,False,29.43,True,synthetic_scenario_generator,26006
2026-01-22,IND_PAR,BULK_01,True,False,22.23,True,synthetic_scenario_generator,26006
2026-01-23,IND_PAR,BULK_01,True,False,18.12,True,synthetic_scenario_generator,26006
2026-01-24,IND_PAR,BULK_01,True,False,17.61,True,synthetic_scenario_generator,26006
2026-01-25,IND_PAR,BULK_01,True,False,17.12,True,synthetic_scenario_generator,26006
2026-01-26,IND_PAR,BULK_01,True,False,22.76,True,synthetic_scenario_generator,26006
2026-01-27,IND_PAR,BULK_01,True,False,8.14,True,synthetic_scenario_generator,26006
2026-01-28,IND_PAR,BULK_01,True,False,19.33,True,synthetic_scenario_generator,26006
2026-01-29,IND_PAR,BULK_01,True,False,16.2,True,synthetic_scenario_generator,26006
2026-01-30,IND_PAR,BULK_01,True,False,20.26,True,synthetic_scenario_generator,26006
2026-01-31,IND_PAR,BULK_01,True,False,4.35,True,synthetic_scenario_generator,26006
2026-02-01,IND_PAR,BULK_01,True,False,11.65,True,synthetic_scenario_generator,26006
2026-02-02,IND_PAR,BULK_01,True,False,8.28,True,synthetic_scenario_generator,26006
2026-02-03,IND_PAR,BULK_01,True,False,17.37,True,synthetic_scenario_generator,26006
2026-02-04,IND_PAR,BULK_01,True,False,14.44,True,synthetic_scenario_generator,26006
2026-02-05,IND_PAR,BULK_01,True,False,19.83,True,synthetic_scenario_generator,26006
2026-02-06,IND_PAR,BULK_01,True,False,13.93,True,synthetic_scenario_generator,26006
2026-02-07,IND_PAR,BULK_01,True,False,13.57,True,synthetic_scenario_generator,26006
2026-02-08,IND_PAR,BULK_01,True,False,13.22,True,synthetic_scenario_generator,26006
2026-02-09,IND_PAR,BULK_01,True,False,15.24,True,synthetic_scenario_generator,26006
2026-02-10,IND_PAR,BULK_01,True,False,16.62,True,synthetic_scenario_generator,26006
2026-02-11,IND_PAR,BULK_01,True,False,17.3,True,synthetic_scenario_generator,26006
2026-02-12,IND_PAR,BULK_01,True,False,21.47,True,synthetic_scenario_generator,26006
2026-02-13,IND_PAR,BULK_01,True,False,17.34,True,synthetic_scenario_generator,26006
2026-02-14,IND_PAR,BULK_01,True,False,15.14,True,synthetic_scenario_generator,26006
2026-02-15,IND_PAR,BULK_01,True,False,14.79,True,synthetic_scenario_generator,26006
2026-02-16,IND_PAR,BULK_01,True,False,21.84,True,synthetic_scenario_generator,26006
2026-02-17,IND_PAR,BULK_01,True,False,19.35,True,synthetic_scenario_generator,26006
2026-02-18,IND_PAR,BULK_01,True,False,20.55,True,synthetic_scenario_generator,26006
2026-02-19,IND_PAR,BULK_01,True,False,9.55,True,synthetic_scenario_generator,26006
2026-02-20,IND_PAR,BULK_01,True,False,21.66,True,synthetic_scenario_generator,26006
2026-02-21,IND_PAR,BULK_01,True,False,23.66,True,synthetic_scenario_generator,26006
2026-02-22,IND_PAR,BULK_01,True,False,21.21,True,synthetic_scenario_generator,26006
2026-02-23,IND_PAR,BULK_01,True,False,15.34,True,synthetic_scenario_generator,26006
2026-02-24,IND_PAR,BULK_01,True,False,16.84,True,synthetic_scenario_generator,26006
2026-02-25,IND_PAR,BULK_01,True,False,21.37,True,synthetic_scenario_generator,26006
2026-02-26,IND_PAR,BULK_01,True,False,24.27,True,synthetic_scenario_generator,26006
2026-02-27,IND_PAR,BULK_01,True,False,25.1,True,synthetic_scenario_generator,26006
2026-02-28,IND_PAR,BULK_01,True,False,21.31,True,synthetic_scenario_generator,26006
2026-03-01,IND_PAR,BULK_01,True,False,19.19,True,synthetic_scenario_generator,26006
2026-03-02,IND_PAR,BULK_01,True,False,21.46,True,synthetic_scenario_generator,26006
2026-03-03,IND_PAR,BULK_01,True,False,14.42,True,synthetic_scenario_generator,26006
2026-03-04,IND_PAR,BULK_01,True,False,32.33,True,synthetic_scenario_generator,26006
2026-03-05,IND_PAR,BULK_01,True,False,26.94,True,synthetic_scenario_generator,26006
2026-03-06,IND_PAR,BULK_01,True,False,26.58,True,synthetic_scenario_generator,26006
2026-03-07,IND_PAR,BULK_01,True,False,24.1,True,synthetic_scenario_generator,26006
2026-03-08,IND_PAR,BULK_01,True,False,35.91,True,synthetic_scenario_generator,26006
2026-03-09,IND_PAR,BULK_01,True,False,30.46,True,synthetic_scenario_generator,26006
2026-03-10,IND_PAR,BULK_01,True,False,26.06,True,synthetic_scenario_generator,26006
2026-03-11,IND_PAR,BULK_01,True,False,25.61,True,synthetic_scenario_generator,26006
2026-03-12,IND_PAR,BULK_01,True,False,26.13,True,synthetic_scenario_generator,26006
2026-03-13,IND_PAR,BULK_01,True,False,31.15,True,synthetic_scenario_generator,26006
2026-03-14,IND_PAR,BULK_01,True,False,27.53,True,synthetic_scenario_generator,26006
2026-03-15,IND_PAR,BULK_01,False,True,27.01,True,synthetic_scenario_generator,26006
2026-03-16,IND_PAR,BULK_01,True,False,19.15,True,synthetic_scenario_generator,26006
2026-03-17,IND_PAR,BULK_01,True,False,28.03,True,synthetic_scenario_generator,26006
2026-03-18,IND_PAR,BULK_01,True,False,24.93,True,synthetic_scenario_generator,26006
2026-03-19,IND_PAR,BULK_01,True,False,33.58,True,synthetic_scenario_generator,26006
2026-03-20,IND_PAR,BULK_01,True,False,28.81,True,synthetic_scenario_generator,26006
2026-03-21,IND_PAR,BULK_01,True,False,32.73,True,synthetic_scenario_generator,26006
2026-03-22,IND_PAR,BULK_01,True,False,28.15,True,synthetic_scenario_generator,26006
2026-03-23,IND_PAR,BULK_01,True,False,43.5,True,synthetic_scenario_generator,26006
2026-03-24,IND_PAR,BULK_01,True,False,36.64,True,synthetic_scenario_generator,26006
2026-03-25,IND_PAR,BULK_01,True,False,26.72,True,synthetic_scenario_generator,26006
2026-03-26,IND_PAR,BULK_01,True,False,40.05,True,synthetic_scenario_generator,26006
2026-03-27,IND_PAR,BULK_01,True,False,35.33,True,synthetic_scenario_generator,26006
2026-03-28,IND_PAR,BULK_01,True,False,30.26,True,synthetic_scenario_generator,26006
2026-03-29,IND_PAR,BULK_01,True,False,31.81,True,synthetic_scenario_generator,26006
2026-03-30,IND_PAR,BULK_01,True,False,30.72,True,synthetic_scenario_generator,26006
2026-03-31,IND_PAR,BULK_01,True,False,33.27,True,synthetic_scenario_generator,26006
2026-04-01,IND_PAR,BULK_01,True,False,42.38,True,synthetic_scenario_generator,26006
2026-04-02,IND_PAR,BULK_01,True,False,35.35,True,synthetic_scenario_generator,26006
2026-04-03,IND_PAR,BULK_01,True,False,26.91,True,synthetic_scenario_generator,26006
2026-04-04,IND_PAR,BULK_01,True,False,31.2,True,synthetic_scenario_generator,26006
2026-04-05,IND_PAR,BULK_01,True,False,17.75,True,synthetic_scenario_generator,26006
2026-04-06,IND_PAR,BULK_01,True,False,33.51,True,synthetic_scenario_generator,26006
2026-04-07,IND_PAR,BULK_01,True,False,29.13,True,synthetic_scenario_generator,26006
2026-04-08,IND_PAR,BULK_01,True,False,28.43,True,synthetic_scenario_generator,26006
2026-04-09,IND_PAR,BULK_01,True,False,23.63,True,synthetic_scenario_generator,26006
2026-04-10,IND_PAR,BULK_01,True,False,28.43,True,synthetic_scenario_generator,26006
2026-04-11,IND_PAR,BULK_01,True,False,24.03,True,synthetic_scenario_generator,26006
2026-04-12,IND_PAR,BULK_01,True,False,24.39,True,synthetic_scenario_generator,26006
2026-04-13,IND_PAR,BULK_01,True,False,12.49,True,synthetic_scenario_generator,26006
2026-04-14,IND_PAR,BULK_01,True,False,26.42,True,synthetic_scenario_generator,26006
2026-04-15,IND_PAR,BULK_01,True,False,16.4,True,synthetic_scenario_generator,26006
2026-04-16,IND_PAR,BULK_01,True,False,27.01,True,synthetic_scenario_generator,26006
2026-04-17,IND_PAR,BULK_01,True,False,22.58,True,synthetic_scenario_generator,26006
2026-04-18,IND_PAR,BULK_01,True,False,22.15,True,synthetic_scenario_generator,26006
2026-04-19,IND_PAR,BULK_01,True,False,17.99,True,synthetic_scenario_generator,26006
2026-04-20,IND_PAR,BULK_01,True,False,24.19,True,synthetic_scenario_generator,26006
2026-04-21,IND_PAR,BULK_01,True,False,19.09,True,synthetic_scenario_generator,26006
2026-04-22,IND_PAR,BULK_01,True,False,17.48,True,synthetic_scenario_generator,26006
2026-04-23,IND_PAR,BULK_01,True,False,25.88,True,synthetic_scenario_generator,26006
2026-04-24,IND_PAR,BULK_01,True,False,14.18,True,synthetic_scenario_generator,26006
2026-04-25,IND_PAR,BULK_01,True,False,20.56,True,synthetic_scenario_generator,26006
2026-04-26,IND_PAR,BULK_01,True,False,23.01,True,synthetic_scenario_generator,26006
2026-04-27,IND_PAR,BULK_01,True,False,18.89,True,synthetic_scenario_generator,26006
2026-04-28,IND_PAR,BULK_01,True,False,25.2,True,synthetic_scenario_generator,26006
2026-04-29,IND_PAR,BULK_01,True,False,15.56,True,synthetic_scenario_generator,26006
2026-04-30,IND_PAR,BULK_01,True,False,11.03,True,synthetic_scenario_generator,26006
2026-05-01,IND_PAR,BULK_01,True,False,17.95,True,synthetic_scenario_generator,26006
2026-05-02,IND_PAR,BULK_01,True,False,11.18,True,synthetic_scenario_generator,26006
2026-05-03,IND_PAR,BULK_01,True,False,16.81,True,synthetic_scenario_generator,26006
2026-05-04,IND_PAR,BULK_01,True,False,5.49,True,synthetic_scenario_generator,26006
2026-05-05,IND_PAR,BULK_01,True,False,11.67,True,synthetic_scenario_generator,26006
2026-05-06,IND_PAR,BULK_01,True,False,8.3,True,synthetic_scenario_generator,26006
2026-05-07,IND_PAR,BULK_01,True,False,15.42,True,synthetic_scenario_generator,26006
2026-05-08,IND_PAR,BULK_01,True,False,21.67,True,synthetic_scenario_generator,26006
2026-05-09,IND_PAR,BULK_01,True,False,13.91,True,synthetic_scenario_generator,26006
2026-05-10,IND_PAR,BULK_01,True,False,15.19,True,synthetic_scenario_generator,26006
2026-05-11,IND_PAR,BULK_01,True,False,8.06,True,synthetic_scenario_generator,26006
2026-05-12,IND_PAR,BULK_01,True,False,14.29,True,synthetic_scenario_generator,26006
2026-05-13,IND_PAR,BULK_01,True,False,8.62,True,synthetic_scenario_generator,26006
2026-05-14,IND_PAR,BULK_01,True,False,19.8,True,synthetic_scenario_generator,26006
2026-05-15,IND_PAR,BULK_01,True,False,15.19,True,synthetic_scenario_generator,26006
2026-05-16,IND_PAR,BULK_01,True,False,19.56,True,synthetic_scenario_generator,26006
2026-05-17,IND_PAR,BULK_01,True,False,20.6,True,synthetic_scenario_generator,26006
2026-05-18,IND_PAR,BULK_01,True,False,14.03,True,synthetic_scenario_generator,26006
2026-05-19,IND_PAR,BULK_01,True,False,16.8,True,synthetic_scenario_generator,26006
2026-05-20,IND_PAR,BULK_01,True,False,20.39,True,synthetic_scenario_generator,26006
2026-05-21,IND_PAR,BULK_01,True,False,17.45,True,synthetic_scenario_generator,26006
2026-05-22,IND_PAR,BULK_01,True,False,19.28,True,synthetic_scenario_generator,26006
2026-05-23,IND_PAR,BULK_01,True,False,11.52,True,synthetic_scenario_generator,26006
2026-05-24,IND_PAR,BULK_01,True,False,21.02,True,synthetic_scenario_generator,26006
2026-05-25,IND_PAR,BULK_01,True,False,8.76,True,synthetic_scenario_generator,26006
2026-05-26,IND_PAR,BULK_01,True,False,13.06,True,synthetic_scenario_generator,26006
2026-05-27,IND_PAR,BULK_01,True,False,24.27,True,synthetic_scenario_generator,26006
2026-05-28,IND_PAR,BULK_01,True,False,21.94,True,synthetic_scenario_generator,26006
2026-05-29,IND_PAR,BULK_01,True,False,29.69,True,synthetic_scenario_generator,26006
2026-05-30,IND_PAR,BULK_01,True,False,21.72,True,synthetic_scenario_generator,26006
2026-05-31,IND_PAR,BULK_01,True,False,20.84,True,synthetic_scenario_generator,26006
2026-06-01,IND_PAR,BULK_01,True,False,29.86,True,synthetic_scenario_generator,26006
2026-06-02,IND_PAR,BULK_01,True,False,33.71,True,synthetic_scenario_generator,26006
2026-06-03,IND_PAR,BULK_01,True,False,31.1,True,synthetic_scenario_generator,26006
2026-06-04,IND_PAR,BULK_01,True,False,46.44,True,synthetic_scenario_generator,26006
2026-06-05,IND_PAR,BULK_01,True,False,42.46,True,synthetic_scenario_generator,26006
2026-06-06,IND_PAR,BULK_01,True,False,28.27,True,synthetic_scenario_generator,26006
2026-06-07,IND_PAR,BULK_01,True,False,32.3,True,synthetic_scenario_generator,26006
2026-06-08,IND_PAR,BULK_01,True,False,49.74,True,synthetic_scenario_generator,26006
2026-06-09,IND_PAR,BULK_01,True,False,34.2,True,synthetic_scenario_generator,26006
2026-06-10,IND_PAR,BULK_01,True,False,33.56,True,synthetic_scenario_generator,26006
2026-06-11,IND_PAR,BULK_01,True,False,27.71,True,synthetic_scenario_generator,26006
2026-06-12,IND_PAR,BULK_01,True,False,39.45,True,synthetic_scenario_generator,26006
2026-06-13,IND_PAR,BULK_01,True,False,34.58,True,synthetic_scenario_generator,26006
2026-06-14,IND_PAR,BULK_01,True,False,26.95,True,synthetic_scenario_generator,26006
2026-06-15,IND_PAR,BULK_01,True,False,31.24,True,synthetic_scenario_generator,26006
2026-06-16,IND_PAR,BULK_01,True,False,35.09,True,synthetic_scenario_generator,26006
2026-06-17,IND_PAR,BULK_01,True,False,49.82,True,synthetic_scenario_generator,26006
2026-06-18,IND_PAR,BULK_01,True,False,41.43,True,synthetic_scenario_generator,26006
2026-06-19,IND_PAR,BULK_01,True,False,35.72,True,synthetic_scenario_generator,26006
2026-06-20,IND_PAR,BULK_01,True,False,33.83,True,synthetic_scenario_generator,26006
2026-06-21,IND_PAR,BULK_01,True,False,32.73,True,synthetic_scenario_generator,26006
2026-06-22,IND_PAR,BULK_01,True,False,37.92,True,synthetic_scenario_generator,26006
2026-06-23,IND_PAR,BULK_01,True,False,31.24,True,synthetic_scenario_generator,26006
2026-06-24,IND_PAR,BULK_01,True,False,39.26,True,synthetic_scenario_generator,26006
2026-06-25,IND_PAR,BULK_01,True,False,27.98,True,synthetic_scenario_generator,26006
2026-06-26,IND_PAR,BULK_01,True,False,37.35,True,synthetic_scenario_generator,26006
2026-06-27,IND_PAR,BULK_01,True,False,32.79,True,synthetic_scenario_generator,26006
2026-06-28,IND_PAR,BULK_01,True,False,54.52,True,synthetic_scenario_generator,26006
2026-06-29,IND_PAR,BULK_01,True,False,36.7,True,synthetic_scenario_generator,26006
2026-06-30,IND_PAR,BULK_01,True,False,31.29,True,synthetic_scenario_generator,26006
2026-07-01,IND_PAR,BULK_01,True,False,31.95,True,synthetic_scenario_generator,26006
2026-07-02,IND_PAR,BULK_01,True,False,20.44,True,synthetic_scenario_generator,26006
2026-07-03,IND_PAR,BULK_01,True,False,34.16,True,synthetic_scenario_generator,26006
2026-07-04,IND_PAR,BULK_01,True,False,23.02,True,synthetic_scenario_generator,26006
2026-07-05,IND_PAR,BULK_01,True,False,27.15,True,synthetic_scenario_generator,26006
2026-07-06,IND_PAR,BULK_01,True,False,27.24,True,synthetic_scenario_generator,26006
2026-07-07,IND_PAR,BULK_01,True,False,31.81,True,synthetic_scenario_generator,26006
2026-07-08,IND_PAR,BULK_01,True,False,31.23,True,synthetic_scenario_generator,26006
2026-07-09,IND_PAR,BULK_01,True,False,28.49,True,synthetic_scenario_generator,26006
2026-07-10,IND_PAR,BULK_01,True,False,33.42,True,synthetic_scenario_generator,26006
2026-07-11,IND_PAR,BULK_01,True,False,24.66,True,synthetic_scenario_generator,26006
2026-07-12,IND_PAR,BULK_01,True,False,25.35,True,synthetic_scenario_generator,26006
2026-07-13,IND_PAR,BULK_01,True,False,23.47,True,synthetic_scenario_generator,26006
2026-07-14,IND_PAR,BULK_01,True,False,33.18,True,synthetic_scenario_generator,26006
2026-07-15,IND_PAR,BULK_01,True,False,25.58,True,synthetic_scenario_generator,26006
2026-07-16,IND_PAR,BULK_01,True,False,35.89,True,synthetic_scenario_generator,26006
2026-07-17,IND_PAR,BULK_01,True,False,17.69,True,synthetic_scenario_generator,26006
2026-07-18,IND_PAR,BULK_01,True,False,28.89,True,synthetic_scenario_generator,26006
2026-07-19,IND_PAR,BULK_01,True,False,29.43,True,synthetic_scenario_generator,26006
2026-07-20,IND_PAR,BULK_01,True,False,23.61,True,synthetic_scenario_generator,26006
2026-07-21,IND_PAR,BULK_01,True,False,22.68,True,synthetic_scenario_generator,26006
2026-07-22,IND_PAR,BULK_01,True,False,28.8,True,synthetic_scenario_generator,26006
2026-07-23,IND_PAR,BULK_01,True,False,20.36,True,synthetic_scenario_generator,26006
2026-07-24,IND_PAR,BULK_01,True,False,34.24,True,synthetic_scenario_generator,26006
2026-07-25,IND_PAR,BULK_01,True,False,19.86,True,synthetic_scenario_generator,26006
2026-07-26,IND_PAR,BULK_01,True,False,8.15,True,synthetic_scenario_generator,26006
2026-07-27,IND_PAR,BULK_01,True,False,20.14,True,synthetic_scenario_generator,26006
2026-07-28,IND_PAR,BULK_01,True,False,17.85,True,synthetic_scenario_generator,26006
2026-07-29,IND_PAR,BULK_01,True,False,22.8,True,synthetic_scenario_generator,26006
2026-07-30,IND_PAR,BULK_01,True,False,6.39,True,synthetic_scenario_generator,26006
2026-07-31,IND_PAR,BULK_01,True,False,16.06,True,synthetic_scenario_generator,26006
2026-08-01,IND_PAR,BULK_01,True,False,10.92,True,synthetic_scenario_generator,26006
2026-08-02,IND_PAR,BULK_01,True,False,19.15,True,synthetic_scenario_generator,26006
2026-08-03,IND_PAR,BULK_01,True,False,9.06,True,synthetic_scenario_generator,26006
2026-08-04,IND_PAR,BULK_01,True,False,24.04,True,synthetic_scenario_generator,26006
2026-08-05,IND_PAR,BULK_01,True,False,20.73,True,synthetic_scenario_generator,26006
2026-08-06,IND_PAR,BULK_01,True,False,15.05,True,synthetic_scenario_generator,26006
2026-08-07,IND_PAR,BULK_01,True,False,12.92,True,synthetic_scenario_generator,26006
2026-08-08,IND_PAR,BULK_01,True,False,15.4,True,synthetic_scenario_generator,26006
2026-08-09,IND_PAR,BULK_01,True,False,6.72,True,synthetic_scenario_generator,26006
2026-08-10,IND_PAR,BULK_01,True,False,26.79,True,synthetic_scenario_generator,26006
2026-08-11,IND_PAR,BULK_01,True,False,12.05,True,synthetic_scenario_generator,26006
2026-08-12,IND_PAR,BULK_01,True,False,15.92,True,synthetic_scenario_generator,26006
2026-08-13,IND_PAR,BULK_01,True,False,19.19,True,synthetic_scenario_generator,26006
2026-08-14,IND_PAR,BULK_01,True,False,16.18,True,synthetic_scenario_generator,26006
2026-08-15,IND_PAR,BULK_01,True,False,20.17,True,synthetic_scenario_generator,26006
2026-08-16,IND_PAR,BULK_01,True,False,24.21,True,synthetic_scenario_generator,26006
2026-08-17,IND_PAR,BULK_01,True,False,18.36,True,synthetic_scenario_generator,26006
2026-08-18,IND_PAR,BULK_01,True,False,20.19,True,synthetic_scenario_generator,26006
2026-08-19,IND_PAR,BULK_01,True,False,23.89,True,synthetic_scenario_generator,26006
2026-08-20,IND_PAR,BULK_01,True,False,27.49,True,synthetic_scenario_generator,26006
2026-08-21,IND_PAR,BULK_01,True,False,26.43,True,synthetic_scenario_generator,26006
2026-08-22,IND_PAR,BULK_01,True,False,28.27,True,synthetic_scenario_generator,26006
2026-08-23,IND_PAR,BULK_01,True,False,20.85,True,synthetic_scenario_generator,26006
2026-08-24,IND_PAR,BULK_01,True,False,30.32,True,synthetic_scenario_generator,26006
2026-08-25,IND_PAR,BULK_01,True,False,25.31,True,synthetic_scenario_generator,26006
2026-08-26,IND_PAR,BULK_01,True,False,33.11,True,synthetic_scenario_generator,26006
2026-08-27,IND_PAR,BULK_01,True,False,27.51,True,synthetic_scenario_generator,26006
2026-08-28,IND_PAR,BULK_01,True,False,19.2,True,synthetic_scenario_generator,26006
2026-08-29,IND_PAR,BULK_01,True,False,31.9,True,synthetic_scenario_generator,26006
2026-08-30,IND_PAR,BULK_01,True,False,32.53,True,synthetic_scenario_generator,26006
2026-08-31,IND_PAR,BULK_01,True,False,39.37,True,synthetic_scenario_generator,26006
2020-01-01,IND_DHA,BULK_01,True,False,32.01,True,synthetic_scenario_generator,26006
2020-01-02,IND_DHA,BULK_01,True,False,28.53,True,synthetic_scenario_generator,26006
2020-01-03,IND_DHA,BULK_01,True,False,33.5,True,synthetic_scenario_generator,26006
2020-01-04,IND_DHA,BULK_01,True,False,28.52,True,synthetic_scenario_generator,26006
2020-01-05,IND_DHA,BULK_01,True,False,31.23,True,synthetic_scenario_generator,26006
2020-01-06,IND_DHA,BULK_01,True,False,31.6,True,synthetic_scenario_generator,26006
2020-01-07,IND_DHA,BULK_01,True,False,28.04,True,synthetic_scenario_generator,26006
2020-01-08,IND_DHA,BULK_01,True,False,23.46,True,synthetic_scenario_generator,26006
2020-01-09,IND_DHA,BULK_01,True,False,36.8,True,synthetic_scenario_generator,26006
2020-01-10,IND_DHA,BULK_01,True,False,33.92,True,synthetic_scenario_generator,26006
2020-01-11,IND_DHA,BULK_01,True,False,35.14,True,synthetic_scenario_generator,26006
2020-01-12,IND_DHA,BULK_01,True,False,34.06,True,synthetic_scenario_generator,26006
2020-01-13,IND_DHA,BULK_01,True,False,21.92,True,synthetic_scenario_generator,26006
2020-01-14,IND_DHA,BULK_01,True,False,32.79,True,synthetic_scenario_generator,26006
2020-01-15,IND_DHA,BULK_01,True,False,39.9,True,synthetic_scenario_generator,26006
2020-01-16,IND_DHA,BULK_01,True,False,20.07,True,synthetic_scenario_generator,26006
2020-01-17,IND_DHA,BULK_01,True,False,27.46,True,synthetic_scenario_generator,26006
2020-01-18,IND_DHA,BULK_01,True,False,17.65,True,synthetic_scenario_generator,26006
2020-01-19,IND_DHA,BULK_01,True,False,26.27,True,synthetic_scenario_generator,26006
2020-01-20,IND_DHA,BULK_01,True,False,26.87,True,synthetic_scenario_generator,26006
2020-01-21,IND_DHA,BULK_01,True,False,19.13,True,synthetic_scenario_generator,26006
2020-01-22,IND_DHA,BULK_01,True,False,32.18,True,synthetic_scenario_generator,26006
2020-01-23,IND_DHA,BULK_01,True,False,23.49,True,synthetic_scenario_generator,26006
2020-01-24,IND_DHA,BULK_01,True,False,22.17,True,synthetic_scenario_generator,26006
2020-01-25,IND_DHA,BULK_01,True,False,20.95,True,synthetic_scenario_generator,26006
2020-01-26,IND_DHA,BULK_01,True,False,16.6,True,synthetic_scenario_generator,26006
2020-01-27,IND_DHA,BULK_01,True,False,21.64,True,synthetic_scenario_generator,26006
2020-01-28,IND_DHA,BULK_01,True,False,24.77,True,synthetic_scenario_generator,26006
2020-01-29,IND_DHA,BULK_01,True,False,24.43,True,synthetic_scenario_generator,26006
2020-01-30,IND_DHA,BULK_01,True,False,15.43,True,synthetic_scenario_generator,26006
2020-01-31,IND_DHA,BULK_01,True,False,13.69,True,synthetic_scenario_generator,26006
2020-02-01,IND_DHA,BULK_01,True,False,13.36,True,synthetic_scenario_generator,26006
2020-02-02,IND_DHA,BULK_01,True,False,17.62,True,synthetic_scenario_generator,26006
2020-02-03,IND_DHA,BULK_01,True,False,13.27,True,synthetic_scenario_generator,26006
2020-02-04,IND_DHA,BULK_01,True,False,10.21,True,synthetic_scenario_generator,26006
2020-02-05,IND_DHA,BULK_01,True,False,18.09,True,synthetic_scenario_generator,26006
2020-02-06,IND_DHA,BULK_01,True,False,8.86,True,synthetic_scenario_generator,26006
2020-02-07,IND_DHA,BULK_01,True,False,17.7,True,synthetic_scenario_generator,26006
2020-02-08,IND_DHA,BULK_01,True,False,17.62,True,synthetic_scenario_generator,26006
2020-02-09,IND_DHA,BULK_01,True,False,10.98,True,synthetic_scenario_generator,26006
2020-02-10,IND_DHA,BULK_01,True,False,12.13,True,synthetic_scenario_generator,26006
2020-02-11,IND_DHA,BULK_01,True,False,14.19,True,synthetic_scenario_generator,26006
2020-02-12,IND_DHA,BULK_01,True,False,16.3,True,synthetic_scenario_generator,26006
2020-02-13,IND_DHA,BULK_01,True,False,12.73,True,synthetic_scenario_generator,26006
2020-02-14,IND_DHA,BULK_01,True,False,17.44,True,synthetic_scenario_generator,26006
2020-02-15,IND_DHA,BULK_01,True,False,9.9,True,synthetic_scenario_generator,26006
2020-02-16,IND_DHA,BULK_01,True,False,10.37,True,synthetic_scenario_generator,26006
2020-02-17,IND_DHA,BULK_01,True,False,15.66,True,synthetic_scenario_generator,26006
2020-02-18,IND_DHA,BULK_01,True,False,18.45,True,synthetic_scenario_generator,26006
2020-02-19,IND_DHA,BULK_01,True,False,17.18,True,synthetic_scenario_generator,26006
2020-02-20,IND_DHA,BULK_01,True,False,12.84,True,synthetic_scenario_generator,26006
2020-02-21,IND_DHA,BULK_01,True,False,6.81,True,synthetic_scenario_generator,26006
2020-02-22,IND_DHA,BULK_01,True,False,15.03,True,synthetic_scenario_generator,26006
2020-02-23,IND_DHA,BULK_01,True,False,7.24,True,synthetic_scenario_generator,26006
2020-02-24,IND_DHA,BULK_01,True,False,14.52,True,synthetic_scenario_generator,26006
2020-02-25,IND_DHA,BULK_01,True,False,12.06,True,synthetic_scenario_generator,26006
2020-02-26,IND_DHA,BULK_01,True,False,18.22,True,synthetic_scenario_generator,26006
2020-02-27,IND_DHA,BULK_01,True,False,17.88,True,synthetic_scenario_generator,26006
2020-02-28,IND_DHA,BULK_01,True,False,17.22,True,synthetic_scenario_generator,26006
2020-02-29,IND_DHA,BULK_01,True,False,12.1,True,synthetic_scenario_generator,26006
2020-03-01,IND_DHA,BULK_01,True,False,12.9,True,synthetic_scenario_generator,26006
2020-03-02,IND_DHA,BULK_01,True,False,7.64,True,synthetic_scenario_generator,26006
2020-03-03,IND_DHA,BULK_01,True,False,18.88,True,synthetic_scenario_generator,26006
2020-03-04,IND_DHA,BULK_01,True,False,21.95,True,synthetic_scenario_generator,26006
2020-03-05,IND_DHA,BULK_01,True,False,24.96,True,synthetic_scenario_generator,26006
2020-03-06,IND_DHA,BULK_01,True,False,22.59,True,synthetic_scenario_generator,26006
2020-03-07,IND_DHA,BULK_01,True,False,24.42,True,synthetic_scenario_generator,26006
2020-03-08,IND_DHA,BULK_01,True,False,18.14,True,synthetic_scenario_generator,26006
2020-03-09,IND_DHA,BULK_01,True,False,26.16,True,synthetic_scenario_generator,26006
2020-03-10,IND_DHA,BULK_01,True,False,36.62,True,synthetic_scenario_generator,26006
2020-03-11,IND_DHA,BULK_01,True,False,23.89,True,synthetic_scenario_generator,26006
2020-03-12,IND_DHA,BULK_01,True,False,29.87,True,synthetic_scenario_generator,26006
2020-03-13,IND_DHA,BULK_01,True,False,15.98,True,synthetic_scenario_generator,26006
2020-03-14,IND_DHA,BULK_01,True,False,23.8,True,synthetic_scenario_generator,26006
2020-03-15,IND_DHA,BULK_01,False,True,31.57,True,synthetic_scenario_generator,26006
2020-03-16,IND_DHA,BULK_01,True,False,23.72,True,synthetic_scenario_generator,26006
2020-03-17,IND_DHA,BULK_01,True,False,15.56,True,synthetic_scenario_generator,26006
2020-03-18,IND_DHA,BULK_01,True,False,23.39,True,synthetic_scenario_generator,26006
2020-03-19,IND_DHA,BULK_01,True,False,26.91,True,synthetic_scenario_generator,26006
2020-03-20,IND_DHA,BULK_01,True,False,23.44,True,synthetic_scenario_generator,26006
2020-03-21,IND_DHA,BULK_01,True,False,35.09,True,synthetic_scenario_generator,26006
2020-03-22,IND_DHA,BULK_01,True,False,28.65,True,synthetic_scenario_generator,26006
2020-03-23,IND_DHA,BULK_01,True,False,32.6,True,synthetic_scenario_generator,26006
2020-03-24,IND_DHA,BULK_01,True,False,30.6,True,synthetic_scenario_generator,26006
2020-03-25,IND_DHA,BULK_01,True,False,41.2,True,synthetic_scenario_generator,26006
2020-03-26,IND_DHA,BULK_01,True,False,28.97,True,synthetic_scenario_generator,26006
2020-03-27,IND_DHA,BULK_01,True,False,35.74,True,synthetic_scenario_generator,26006
2020-03-28,IND_DHA,BULK_01,True,False,37.23,True,synthetic_scenario_generator,26006
2020-03-29,IND_DHA,BULK_01,True,False,39.39,True,synthetic_scenario_generator,26006
2020-03-30,IND_DHA,BULK_01,True,False,28.05,True,synthetic_scenario_generator,26006
2020-03-31,IND_DHA,BULK_01,True,False,35.62,True,synthetic_scenario_generator,26006
2020-04-01,IND_DHA,BULK_01,True,False,24.73,True,synthetic_scenario_generator,26006
2020-04-02,IND_DHA,BULK_01,True,False,24.87,True,synthetic_scenario_generator,26006
2020-04-03,IND_DHA,BULK_01,True,False,38.93,True,synthetic_scenario_generator,26006
2020-04-04,IND_DHA,BULK_01,True,False,34.95,True,synthetic_scenario_generator,26006
2020-04-05,IND_DHA,BULK_01,True,False,36.34,True,synthetic_scenario_generator,26006
2020-04-06,IND_DHA,BULK_01,True,False,29.88,True,synthetic_scenario_generator,26006
2020-04-07,IND_DHA,BULK_01,True,False,33.57,True,synthetic_scenario_generator,26006
2020-04-08,IND_DHA,BULK_01,True,False,28.52,True,synthetic_scenario_generator,26006
2020-04-09,IND_DHA,BULK_01,True,False,29.83,True,synthetic_scenario_generator,26006
2020-04-10,IND_DHA,BULK_01,True,False,20.36,True,synthetic_scenario_generator,26006
2020-04-11,IND_DHA,BULK_01,True,False,37.21,True,synthetic_scenario_generator,26006
2020-04-12,IND_DHA,BULK_01,True,False,38.21,True,synthetic_scenario_generator,26006
2020-04-13,IND_DHA,BULK_01,True,False,29.11,True,synthetic_scenario_generator,26006
2020-04-14,IND_DHA,BULK_01,True,False,25.27,True,synthetic_scenario_generator,26006
2020-04-15,IND_DHA,BULK_01,True,False,23.45,True,synthetic_scenario_generator,26006
2020-04-16,IND_DHA,BULK_01,True,False,27.52,True,synthetic_scenario_generator,26006
2020-04-17,IND_DHA,BULK_01,True,False,25.65,True,synthetic_scenario_generator,26006
2020-04-18,IND_DHA,BULK_01,True,False,24.8,True,synthetic_scenario_generator,26006
2020-04-19,IND_DHA,BULK_01,True,False,31.61,True,synthetic_scenario_generator,26006
2020-04-20,IND_DHA,BULK_01,True,False,23.93,True,synthetic_scenario_generator,26006
2020-04-21,IND_DHA,BULK_01,True,False,23.47,True,synthetic_scenario_generator,26006
2020-04-22,IND_DHA,BULK_01,True,False,27.7,True,synthetic_scenario_generator,26006
2020-04-23,IND_DHA,BULK_01,True,False,24.87,True,synthetic_scenario_generator,26006
2020-04-24,IND_DHA,BULK_01,True,False,24.1,True,synthetic_scenario_generator,26006
2020-04-25,IND_DHA,BULK_01,True,False,22.06,True,synthetic_scenario_generator,26006
2020-04-26,IND_DHA,BULK_01,True,False,12.64,True,synthetic_scenario_generator,26006
2020-04-27,IND_DHA,BULK_01,True,False,31.17,True,synthetic_scenario_generator,26006
2020-04-28,IND_DHA,BULK_01,True,False,13.47,True,synthetic_scenario_generator,26006
2020-04-29,IND_DHA,BULK_01,True,False,15.59,True,synthetic_scenario_generator,26006
2020-04-30,IND_DHA,BULK_01,True,False,9.2,True,synthetic_scenario_generator,26006
2020-05-01,IND_DHA,BULK_01,True,False,21.8,True,synthetic_scenario_generator,26006
2020-05-02,IND_DHA,BULK_01,True,False,14.75,True,synthetic_scenario_generator,26006
2020-05-03,IND_DHA,BULK_01,True,False,17.6,True,synthetic_scenario_generator,26006
2020-05-04,IND_DHA,BULK_01,True,False,23.38,True,synthetic_scenario_generator,26006
2020-05-05,IND_DHA,BULK_01,True,False,17.42,True,synthetic_scenario_generator,26006
2020-05-06,IND_DHA,BULK_01,True,False,19.66,True,synthetic_scenario_generator,26006
2020-05-07,IND_DHA,BULK_01,True,False,9.72,True,synthetic_scenario_generator,26006
2020-05-08,IND_DHA,BULK_01,True,False,12.41,True,synthetic_scenario_generator,26006
2020-05-09,IND_DHA,BULK_01,True,False,22.67,True,synthetic_scenario_generator,26006
2020-05-10,IND_DHA,BULK_01,True,False,18.24,True,synthetic_scenario_generator,26006
2020-05-11,IND_DHA,BULK_01,True,False,15.45,True,synthetic_scenario_generator,26006
2020-05-12,IND_DHA,BULK_01,True,False,19.23,True,synthetic_scenario_generator,26006
2020-05-13,IND_DHA,BULK_01,True,False,11.2,True,synthetic_scenario_generator,26006
2020-05-14,IND_DHA,BULK_01,True,False,16.31,True,synthetic_scenario_generator,26006
2020-05-15,IND_DHA,BULK_01,True,False,12.79,True,synthetic_scenario_generator,26006
2020-05-16,IND_DHA,BULK_01,True,False,10.99,True,synthetic_scenario_generator,26006
2020-05-17,IND_DHA,BULK_01,True,False,6.58,True,synthetic_scenario_generator,26006
2020-05-18,IND_DHA,BULK_01,True,False,19.75,True,synthetic_scenario_generator,26006
2020-05-19,IND_DHA,BULK_01,True,False,14.71,True,synthetic_scenario_generator,26006
2020-05-20,IND_DHA,BULK_01,True,False,11.07,True,synthetic_scenario_generator,26006
2020-05-21,IND_DHA,BULK_01,True,False,18.76,True,synthetic_scenario_generator,26006
2020-05-22,IND_DHA,BULK_01,True,False,12.8,True,synthetic_scenario_generator,26006
2020-05-23,IND_DHA,BULK_01,True,False,8.41,True,synthetic_scenario_generator,26006
2020-05-24,IND_DHA,BULK_01,True,False,24.74,True,synthetic_scenario_generator,26006
2020-05-25,IND_DHA,BULK_01,True,False,18.48,True,synthetic_scenario_generator,26006
2020-05-26,IND_DHA,BULK_01,True,False,23.84,True,synthetic_scenario_generator,26006
2020-05-27,IND_DHA,BULK_01,True,False,15.75,True,synthetic_scenario_generator,26006
2020-05-28,IND_DHA,BULK_01,True,False,17.56,True,synthetic_scenario_generator,26006
2020-05-29,IND_DHA,BULK_01,True,False,26.57,True,synthetic_scenario_generator,26006
2020-05-30,IND_DHA,BULK_01,True,False,23.06,True,synthetic_scenario_generator,26006
2020-05-31,IND_DHA,BULK_01,True,False,10.62,True,synthetic_scenario_generator,26006
2020-06-01,IND_DHA,BULK_01,True,False,32.27,True,synthetic_scenario_generator,26006
2020-06-02,IND_DHA,BULK_01,True,False,33.48,True,synthetic_scenario_generator,26006
2020-06-03,IND_DHA,BULK_01,True,False,14.83,True,synthetic_scenario_generator,26006
2020-06-04,IND_DHA,BULK_01,True,False,26.73,True,synthetic_scenario_generator,26006
2020-06-05,IND_DHA,BULK_01,True,False,28.3,True,synthetic_scenario_generator,26006
2020-06-06,IND_DHA,BULK_01,True,False,27.17,True,synthetic_scenario_generator,26006
2020-06-07,IND_DHA,BULK_01,True,False,27.72,True,synthetic_scenario_generator,26006
2020-06-08,IND_DHA,BULK_01,True,False,17.17,True,synthetic_scenario_generator,26006
2020-06-09,IND_DHA,BULK_01,True,False,23.12,True,synthetic_scenario_generator,26006
2020-06-10,IND_DHA,BULK_01,True,False,27.91,True,synthetic_scenario_generator,26006
2020-06-11,IND_DHA,BULK_01,True,False,34.28,True,synthetic_scenario_generator,26006
2020-06-12,IND_DHA,BULK_01,True,False,33.18,True,synthetic_scenario_generator,26006
2020-06-13,IND_DHA,BULK_01,True,False,33.84,True,synthetic_scenario_generator,26006
2020-06-14,IND_DHA,BULK_01,True,False,51.43,True,synthetic_scenario_generator,26006
2020-06-15,IND_DHA,BULK_01,True,False,27.51,True,synthetic_scenario_generator,26006
2020-06-16,IND_DHA,BULK_01,True,False,32.04,True,synthetic_scenario_generator,26006
2020-06-17,IND_DHA,BULK_01,True,False,28.08,True,synthetic_scenario_generator,26006
2020-06-18,IND_DHA,BULK_01,True,False,42.05,True,synthetic_scenario_generator,26006
2020-06-19,IND_DHA,BULK_01,True,False,40.84,True,synthetic_scenario_generator,26006
2020-06-20,IND_DHA,BULK_01,True,False,31.22,True,synthetic_scenario_generator,26006
2020-06-21,IND_DHA,BULK_01,True,False,34.33,True,synthetic_scenario_generator,26006
2020-06-22,IND_DHA,BULK_01,True,False,27.55,True,synthetic_scenario_generator,26006
2020-06-23,IND_DHA,BULK_01,True,False,28.4,True,synthetic_scenario_generator,26006
2020-06-24,IND_DHA,BULK_01,True,False,22.76,True,synthetic_scenario_generator,26006
2020-06-25,IND_DHA,BULK_01,True,False,42.52,True,synthetic_scenario_generator,26006
2020-06-26,IND_DHA,BULK_01,True,False,40.97,True,synthetic_scenario_generator,26006
2020-06-27,IND_DHA,BULK_01,True,False,29.99,True,synthetic_scenario_generator,26006
2020-06-28,IND_DHA,BULK_01,True,False,26.05,True,synthetic_scenario_generator,26006
2020-06-29,IND_DHA,BULK_01,True,False,49.9,True,synthetic_scenario_generator,26006
2020-06-30,IND_DHA,BULK_01,True,False,39.71,True,synthetic_scenario_generator,26006
2020-07-01,IND_DHA,BULK_01,True,False,31.08,True,synthetic_scenario_generator,26006
2020-07-02,IND_DHA,BULK_01,True,False,41.6,True,synthetic_scenario_generator,26006
2020-07-03,IND_DHA,BULK_01,True,False,36.71,True,synthetic_scenario_generator,26006
2020-07-04,IND_DHA,BULK_01,True,False,41.77,True,synthetic_scenario_generator,26006
2020-07-05,IND_DHA,BULK_01,True,False,35.63,True,synthetic_scenario_generator,26006
2020-07-06,IND_DHA,BULK_01,True,False,45.67,True,synthetic_scenario_generator,26006
2020-07-07,IND_DHA,BULK_01,True,False,23.2,True,synthetic_scenario_generator,26006
2020-07-08,IND_DHA,BULK_01,True,False,22.79,True,synthetic_scenario_generator,26006
2020-07-09,IND_DHA,BULK_01,True,False,23.89,True,synthetic_scenario_generator,26006
2020-07-10,IND_DHA,BULK_01,True,False,37.52,True,synthetic_scenario_generator,26006
2020-07-11,IND_DHA,BULK_01,True,False,29.21,True,synthetic_scenario_generator,26006
2020-07-12,IND_DHA,BULK_01,True,False,31.24,True,synthetic_scenario_generator,26006
2020-07-13,IND_DHA,BULK_01,True,False,28.64,True,synthetic_scenario_generator,26006
2020-07-14,IND_DHA,BULK_01,True,False,28.7,True,synthetic_scenario_generator,26006
2020-07-15,IND_DHA,BULK_01,True,False,28.09,True,synthetic_scenario_generator,26006
2020-07-16,IND_DHA,BULK_01,True,False,29.57,True,synthetic_scenario_generator,26006
2020-07-17,IND_DHA,BULK_01,True,False,29.7,True,synthetic_scenario_generator,26006
2020-07-18,IND_DHA,BULK_01,True,False,21.18,True,synthetic_scenario_generator,26006
2020-07-19,IND_DHA,BULK_01,True,False,36.08,True,synthetic_scenario_generator,26006
2020-07-20,IND_DHA,BULK_01,True,False,26.9,True,synthetic_scenario_generator,26006
2020-07-21,IND_DHA,BULK_01,True,False,29.24,True,synthetic_scenario_generator,26006
2020-07-22,IND_DHA,BULK_01,True,False,27.23,True,synthetic_scenario_generator,26006
2020-07-23,IND_DHA,BULK_01,True,False,28.09,True,synthetic_scenario_generator,26006
2020-07-24,IND_DHA,BULK_01,True,False,18.69,True,synthetic_scenario_generator,26006
2020-07-25,IND_DHA,BULK_01,True,False,30.42,True,synthetic_scenario_generator,26006
2020-07-26,IND_DHA,BULK_01,True,False,21.78,True,synthetic_scenario_generator,26006
2020-07-27,IND_DHA,BULK_01,True,False,29.09,True,synthetic_scenario_generator,26006
2020-07-28,IND_DHA,BULK_01,True,False,23.77,True,synthetic_scenario_generator,26006
2020-07-29,IND_DHA,BULK_01,True,False,24.49,True,synthetic_scenario_generator,26006
2020-07-30,IND_DHA,BULK_01,True,False,20.51,True,synthetic_scenario_generator,26006
2020-07-31,IND_DHA,BULK_01,True,False,17.43,True,synthetic_scenario_generator,26006
2020-08-01,IND_DHA,BULK_01,True,False,14.25,True,synthetic_scenario_generator,26006
2020-08-02,IND_DHA,BULK_01,True,False,16.74,True,synthetic_scenario_generator,26006
2020-08-03,IND_DHA,BULK_01,True,False,22.35,True,synthetic_scenario_generator,26006
2020-08-04,IND_DHA,BULK_01,True,False,14.37,True,synthetic_scenario_generator,26006
2020-08-05,IND_DHA,BULK_01,True,False,20.91,True,synthetic_scenario_generator,26006
2020-08-06,IND_DHA,BULK_01,True,False,16.24,True,synthetic_scenario_generator,26006
2020-08-07,IND_DHA,BULK_01,True,False,23.76,True,synthetic_scenario_generator,26006
2020-08-08,IND_DHA,BULK_01,True,False,11.81,True,synthetic_scenario_generator,26006
2020-08-09,IND_DHA,BULK_01,True,False,22.52,True,synthetic_scenario_generator,26006
2020-08-10,IND_DHA,BULK_01,True,False,14.43,True,synthetic_scenario_generator,26006
2020-08-11,IND_DHA,BULK_01,True,False,10.1,True,synthetic_scenario_generator,26006
2020-08-12,IND_DHA,BULK_01,True,False,7.95,True,synthetic_scenario_generator,26006
2020-08-13,IND_DHA,BULK_01,True,False,16.67,True,synthetic_scenario_generator,26006
2020-08-14,IND_DHA,BULK_01,True,False,13.11,True,synthetic_scenario_generator,26006
2020-08-15,IND_DHA,BULK_01,True,False,23.76,True,synthetic_scenario_generator,26006
2020-08-16,IND_DHA,BULK_01,True,False,26.36,True,synthetic_scenario_generator,26006
2020-08-17,IND_DHA,BULK_01,True,False,21.62,True,synthetic_scenario_generator,26006
2020-08-18,IND_DHA,BULK_01,True,False,10.43,True,synthetic_scenario_generator,26006
2020-08-19,IND_DHA,BULK_01,True,False,15.03,True,synthetic_scenario_generator,26006
2020-08-20,IND_DHA,BULK_01,True,False,13.33,True,synthetic_scenario_generator,26006
2020-08-21,IND_DHA,BULK_01,True,False,24.76,True,synthetic_scenario_generator,26006
2020-08-22,IND_DHA,BULK_01,True,False,22.06,True,synthetic_scenario_generator,26006
2020-08-23,IND_DHA,BULK_01,True,False,26.21,True,synthetic_scenario_generator,26006
2020-08-24,IND_DHA,BULK_01,True,False,10.88,True,synthetic_scenario_generator,26006
2020-08-25,IND_DHA,BULK_01,True,False,27.79,True,synthetic_scenario_generator,26006
2020-08-26,IND_DHA,BULK_01,True,False,22.07,True,synthetic_scenario_generator,26006
2020-08-27,IND_DHA,BULK_01,True,False,31.74,True,synthetic_scenario_generator,26006
2020-08-28,IND_DHA,BULK_01,True,False,30.14,True,synthetic_scenario_generator,26006
2020-08-29,IND_DHA,BULK_01,True,False,30.02,True,synthetic_scenario_generator,26006
2020-08-30,IND_DHA,BULK_01,True,False,35.44,True,synthetic_scenario_generator,26006
2020-08-31,IND_DHA,BULK_01,True,False,26.43,True,synthetic_scenario_generator,26006
2020-09-01,IND_DHA,BULK_01,True,False,27.19,True,synthetic_scenario_generator,26006
2020-09-02,IND_DHA,BULK_01,True,False,40.4,True,synthetic_scenario_generator,26006
2020-09-03,IND_DHA,BULK_01,True,False,21.24,True,synthetic_scenario_generator,26006
2020-09-04,IND_DHA,BULK_01,True,False,27.4,True,synthetic_scenario_generator,26006
2020-09-05,IND_DHA,BULK_01,True,False,25.79,True,synthetic_scenario_generator,26006
2020-09-06,IND_DHA,BULK_01,True,False,22.54,True,synthetic_scenario_generator,26006
2020-09-07,IND_DHA,BULK_01,True,False,25.25,True,synthetic_scenario_generator,26006
2020-09-08,IND_DHA,BULK_01,True,False,39.9,True,synthetic_scenario_generator,26006
2020-09-09,IND_DHA,BULK_01,True,False,31.04,True,synthetic_scenario_generator,26006
2020-09-10,IND_DHA,BULK_01,True,False,26.5,True,synthetic_scenario_generator,26006
2020-09-11,IND_DHA,BULK_01,True,False,31.04,True,synthetic_scenario_generator,26006
2020-09-12,IND_DHA,BULK_01,True,False,24.87,True,synthetic_scenario_generator,26006
2020-09-13,IND_DHA,BULK_01,True,False,37.28,True,synthetic_scenario_generator,26006
2020-09-14,IND_DHA,BULK_01,True,False,36.81,True,synthetic_scenario_generator,26006
2020-09-15,IND_DHA,BULK_01,False,True,28.95,True,synthetic_scenario_generator,26006
2020-09-16,IND_DHA,BULK_01,True,False,34.9,True,synthetic_scenario_generator,26006
2020-09-17,IND_DHA,BULK_01,True,False,39.4,True,synthetic_scenario_generator,26006
2020-09-18,IND_DHA,BULK_01,True,False,39.02,True,synthetic_scenario_generator,26006
2020-09-19,IND_DHA,BULK_01,True,False,33.1,True,synthetic_scenario_generator,26006
2020-09-20,IND_DHA,BULK_01,True,False,27.96,True,synthetic_scenario_generator,26006
2020-09-21,IND_DHA,BULK_01,True,False,33.35,True,synthetic_scenario_generator,26006
2020-09-22,IND_DHA,BULK_01,True,False,21.04,True,synthetic_scenario_generator,26006
2020-09-23,IND_DHA,BULK_01,True,False,38.61,True,synthetic_scenario_generator,26006
2020-09-24,IND_DHA,BULK_01,True,False,36.24,True,synthetic_scenario_generator,26006
2020-09-25,IND_DHA,BULK_01,True,False,37.5,True,synthetic_scenario_generator,26006
2020-09-26,IND_DHA,BULK_01,True,False,31.25,True,synthetic_scenario_generator,26006
2020-09-27,IND_DHA,BULK_01,True,False,46.08,True,synthetic_scenario_generator,26006
2020-09-28,IND_DHA,BULK_01,True,False,37.31,True,synthetic_scenario_generator,26006
2020-09-29,IND_DHA,BULK_01,True,False,38.87,True,synthetic_scenario_generator,26006
2020-09-30,IND_DHA,BULK_01,True,False,29.09,True,synthetic_scenario_generator,26006
2020-10-01,IND_DHA,BULK_01,True,False,34.78,True,synthetic_scenario_generator,26006
2020-10-02,IND_DHA,BULK_01,True,False,30.74,True,synthetic_scenario_generator,26006
2020-10-03,IND_DHA,BULK_01,True,False,41.82,True,synthetic_scenario_generator,26006
2020-10-04,IND_DHA,BULK_01,True,False,31.37,True,synthetic_scenario_generator,26006
2020-10-05,IND_DHA,BULK_01,True,False,29.41,True,synthetic_scenario_generator,26006
2020-10-06,IND_DHA,BULK_01,True,False,20.19,True,synthetic_scenario_generator,26006
2020-10-07,IND_DHA,BULK_01,True,False,28.74,True,synthetic_scenario_generator,26006
2020-10-08,IND_DHA,BULK_01,True,False,32.86,True,synthetic_scenario_generator,26006
2020-10-09,IND_DHA,BULK_01,True,False,31.82,True,synthetic_scenario_generator,26006
2020-10-10,IND_DHA,BULK_01,True,False,23.06,True,synthetic_scenario_generator,26006
2020-10-11,IND_DHA,BULK_01,True,False,35.58,True,synthetic_scenario_generator,26006
2020-10-12,IND_DHA,BULK_01,True,False,26.75,True,synthetic_scenario_generator,26006
2020-10-13,IND_DHA,BULK_01,True,False,21.65,True,synthetic_scenario_generator,26006
2020-10-14,IND_DHA,BULK_01,True,False,22.78,True,synthetic_scenario_generator,26006
2020-10-15,IND_DHA,BULK_01,True,False,34.69,True,synthetic_scenario_generator,26006
2020-10-16,IND_DHA,BULK_01,True,False,27.13,True,synthetic_scenario_generator,26006
2020-10-17,IND_DHA,BULK_01,True,False,19.83,True,synthetic_scenario_generator,26006
2020-10-18,IND_DHA,BULK_01,True,False,20.0,True,synthetic_scenario_generator,26006
2020-10-19,IND_DHA,BULK_01,True,False,15.85,True,synthetic_scenario_generator,26006
2020-10-20,IND_DHA,BULK_01,True,False,25.46,True,synthetic_scenario_generator,26006
2020-10-21,IND_DHA,BULK_01,True,False,24.72,True,synthetic_scenario_generator,26006
2020-10-22,IND_DHA,BULK_01,True,False,22.47,True,synthetic_scenario_generator,26006
2020-10-23,IND_DHA,BULK_01,True,False,17.02,True,synthetic_scenario_generator,26006
2020-10-24,IND_DHA,BULK_01,True,False,23.33,True,synthetic_scenario_generator,26006
2020-10-25,IND_DHA,BULK_01,True,False,16.01,True,synthetic_scenario_generator,26006
2020-10-26,IND_DHA,BULK_01,True,False,13.68,True,synthetic_scenario_generator,26006
2020-10-27,IND_DHA,BULK_01,True,False,12.17,True,synthetic_scenario_generator,26006
2020-10-28,IND_DHA,BULK_01,True,False,9.65,True,synthetic_scenario_generator,26006
2020-10-29,IND_DHA,BULK_01,True,False,13.31,True,synthetic_scenario_generator,26006
2020-10-30,IND_DHA,BULK_01,True,False,27.61,True,synthetic_scenario_generator,26006
2020-10-31,IND_DHA,BULK_01,True,False,24.44,True,synthetic_scenario_generator,26006
2020-11-01,IND_DHA,BULK_01,True,False,19.27,True,synthetic_scenario_generator,26006
2020-11-02,IND_DHA,BULK_01,True,False,22.33,True,synthetic_scenario_generator,26006
2020-11-03,IND_DHA,BULK_01,True,False,24.9,True,synthetic_scenario_generator,26006
2020-11-04,IND_DHA,BULK_01,True,False,13.66,True,synthetic_scenario_generator,26006
2020-11-05,IND_DHA,BULK_01,True,False,9.0,True,synthetic_scenario_generator,26006
2020-11-06,IND_DHA,BULK_01,True,False,6.87,True,synthetic_scenario_generator,26006
2020-11-07,IND_DHA,BULK_01,True,False,15.31,True,synthetic_scenario_generator,26006
2020-11-08,IND_DHA,BULK_01,True,False,19.1,True,synthetic_scenario_generator,26006
2020-11-09,IND_DHA,BULK_01,True,False,15.08,True,synthetic_scenario_generator,26006
2020-11-10,IND_DHA,BULK_01,True,False,24.4,True,synthetic_scenario_generator,26006
2020-11-11,IND_DHA,BULK_01,True,False,2.0,True,synthetic_scenario_generator,26006
2020-11-12,IND_DHA,BULK_01,True,False,18.57,True,synthetic_scenario_generator,26006
2020-11-13,IND_DHA,BULK_01,True,False,20.27,True,synthetic_scenario_generator,26006
2020-11-14,IND_DHA,BULK_01,True,False,14.84,True,synthetic_scenario_generator,26006
2020-11-15,IND_DHA,BULK_01,True,False,14.36,True,synthetic_scenario_generator,26006
2020-11-16,IND_DHA,BULK_01,True,False,11.91,True,synthetic_scenario_generator,26006
2020-11-17,IND_DHA,BULK_01,True,False,4.99,True,synthetic_scenario_generator,26006
2020-11-18,IND_DHA,BULK_01,True,False,16.27,True,synthetic_scenario_generator,26006
2020-11-19,IND_DHA,BULK_01,True,False,13.17,True,synthetic_scenario_generator,26006
2020-11-20,IND_DHA,BULK_01,True,False,15.05,True,synthetic_scenario_generator,26006
2020-11-21,IND_DHA,BULK_01,True,False,23.04,True,synthetic_scenario_generator,26006
2020-11-22,IND_DHA,BULK_01,True,False,12.39,True,synthetic_scenario_generator,26006
2020-11-23,IND_DHA,BULK_01,True,False,20.4,True,synthetic_scenario_generator,26006
2020-11-24,IND_DHA,BULK_01,True,False,11.82,True,synthetic_scenario_generator,26006
2020-11-25,IND_DHA,BULK_01,True,False,22.68,True,synthetic_scenario_generator,26006
2020-11-26,IND_DHA,BULK_01,True,False,23.04,True,synthetic_scenario_generator,26006
2020-11-27,IND_DHA,BULK_01,True,False,24.64,True,synthetic_scenario_generator,26006
2020-11-28,IND_DHA,BULK_01,True,False,17.25,True,synthetic_scenario_generator,26006
2020-11-29,IND_DHA,BULK_01,True,False,14.48,True,synthetic_scenario_generator,26006
2020-11-30,IND_DHA,BULK_01,True,False,21.91,True,synthetic_scenario_generator,26006
2020-12-01,IND_DHA,BULK_01,True,False,25.15,True,synthetic_scenario_generator,26006
2020-12-02,IND_DHA,BULK_01,True,False,20.7,True,synthetic_scenario_generator,26006
2020-12-03,IND_DHA,BULK_01,True,False,20.35,True,synthetic_scenario_generator,26006
2020-12-04,IND_DHA,BULK_01,True,False,24.11,True,synthetic_scenario_generator,26006
2020-12-05,IND_DHA,BULK_01,True,False,22.13,True,synthetic_scenario_generator,26006
2020-12-06,IND_DHA,BULK_01,True,False,29.33,True,synthetic_scenario_generator,26006
2020-12-07,IND_DHA,BULK_01,True,False,22.84,True,synthetic_scenario_generator,26006
2020-12-08,IND_DHA,BULK_01,True,False,25.55,True,synthetic_scenario_generator,26006
2020-12-09,IND_DHA,BULK_01,True,False,27.98,True,synthetic_scenario_generator,26006
2020-12-10,IND_DHA,BULK_01,True,False,34.61,True,synthetic_scenario_generator,26006
2020-12-11,IND_DHA,BULK_01,True,False,34.75,True,synthetic_scenario_generator,26006
2020-12-12,IND_DHA,BULK_01,True,False,30.39,True,synthetic_scenario_generator,26006
2020-12-13,IND_DHA,BULK_01,True,False,28.8,True,synthetic_scenario_generator,26006
2020-12-14,IND_DHA,BULK_01,True,False,34.69,True,synthetic_scenario_generator,26006
2020-12-15,IND_DHA,BULK_01,True,False,38.82,True,synthetic_scenario_generator,26006
2020-12-16,IND_DHA,BULK_01,True,False,38.79,True,synthetic_scenario_generator,26006
2020-12-17,IND_DHA,BULK_01,True,False,23.63,True,synthetic_scenario_generator,26006
2020-12-18,IND_DHA,BULK_01,True,False,29.92,True,synthetic_scenario_generator,26006
2020-12-19,IND_DHA,BULK_01,True,False,30.02,True,synthetic_scenario_generator,26006
2020-12-20,IND_DHA,BULK_01,True,False,28.12,True,synthetic_scenario_generator,26006
2020-12-21,IND_DHA,BULK_01,True,False,37.22,True,synthetic_scenario_generator,26006
2020-12-22,IND_DHA,BULK_01,True,False,31.75,True,synthetic_scenario_generator,26006
2020-12-23,IND_DHA,BULK_01,True,False,36.35,True,synthetic_scenario_generator,26006
2020-12-24,IND_DHA,BULK_01,True,False,41.74,True,synthetic_scenario_generator,26006
2020-12-25,IND_DHA,BULK_01,True,False,29.41,True,synthetic_scenario_generator,26006
2020-12-26,IND_DHA,BULK_01,True,False,37.03,True,synthetic_scenario_generator,26006
2020-12-27,IND_DHA,BULK_01,True,False,33.67,True,synthetic_scenario_generator,26006
2020-12-28,IND_DHA,BULK_01,True,False,23.69,True,synthetic_scenario_generator,26006
2020-12-29,IND_DHA,BULK_01,True,False,41.32,True,synthetic_scenario_generator,26006
2020-12-30,IND_DHA,BULK_01,True,False,39.28,True,synthetic_scenario_generator,26006
2020-12-31,IND_DHA,BULK_01,True,False,38.06,True,synthetic_scenario_generator,26006
2021-01-01,IND_DHA,BULK_01,True,False,26.96,True,synthetic_scenario_generator,26006
2021-01-02,IND_DHA,BULK_01,True,False,33.41,True,synthetic_scenario_generator,26006
2021-01-03,IND_DHA,BULK_01,True,False,33.65,True,synthetic_scenario_generator,26006
2021-01-04,IND_DHA,BULK_01,True,False,23.38,True,synthetic_scenario_generator,26006
2021-01-05,IND_DHA,BULK_01,True,False,31.04,True,synthetic_scenario_generator,26006
2021-01-06,IND_DHA,BULK_01,True,False,25.13,True,synthetic_scenario_generator,26006
2021-01-07,IND_DHA,BULK_01,True,False,26.4,True,synthetic_scenario_generator,26006
2021-01-08,IND_DHA,BULK_01,True,False,25.89,True,synthetic_scenario_generator,26006
2021-01-09,IND_DHA,BULK_01,True,False,27.01,True,synthetic_scenario_generator,26006
2021-01-10,IND_DHA,BULK_01,True,False,27.73,True,synthetic_scenario_generator,26006
2021-01-11,IND_DHA,BULK_01,True,False,22.75,True,synthetic_scenario_generator,26006
2021-01-12,IND_DHA,BULK_01,True,False,27.23,True,synthetic_scenario_generator,26006
2021-01-13,IND_DHA,BULK_01,True,False,26.38,True,synthetic_scenario_generator,26006
2021-01-14,IND_DHA,BULK_01,True,False,25.14,True,synthetic_scenario_generator,26006
2021-01-15,IND_DHA,BULK_01,True,False,27.35,True,synthetic_scenario_generator,26006
2021-01-16,IND_DHA,BULK_01,True,False,29.44,True,synthetic_scenario_generator,26006
2021-01-17,IND_DHA,BULK_01,True,False,26.52,True,synthetic_scenario_generator,26006
2021-01-18,IND_DHA,BULK_01,True,False,19.63,True,synthetic_scenario_generator,26006
2021-01-19,IND_DHA,BULK_01,True,False,14.29,True,synthetic_scenario_generator,26006
2021-01-20,IND_DHA,BULK_01,True,False,22.37,True,synthetic_scenario_generator,26006
2021-01-21,IND_DHA,BULK_01,True,False,22.88,True,synthetic_scenario_generator,26006
2021-01-22,IND_DHA,BULK_01,True,False,7.93,True,synthetic_scenario_generator,26006
2021-01-23,IND_DHA,BULK_01,True,False,14.2,True,synthetic_scenario_generator,26006
2021-01-24,IND_DHA,BULK_01,True,False,13.05,True,synthetic_scenario_generator,26006
2021-01-25,IND_DHA,BULK_01,True,False,16.05,True,synthetic_scenario_generator,26006
2021-01-26,IND_DHA,BULK_01,True,False,11.05,True,synthetic_scenario_generator,26006
2021-01-27,IND_DHA,BULK_01,True,False,19.12,True,synthetic_scenario_generator,26006
2021-01-28,IND_DHA,BULK_01,True,False,6.65,True,synthetic_scenario_generator,26006
2021-01-29,IND_DHA,BULK_01,True,False,14.05,True,synthetic_scenario_generator,26006
2021-01-30,IND_DHA,BULK_01,True,False,17.28,True,synthetic_scenario_generator,26006
2021-01-31,IND_DHA,BULK_01,True,False,5.71,True,synthetic_scenario_generator,26006
2021-02-01,IND_DHA,BULK_01,True,False,5.86,True,synthetic_scenario_generator,26006
2021-02-02,IND_DHA,BULK_01,True,False,15.57,True,synthetic_scenario_generator,26006
2021-02-03,IND_DHA,BULK_01,True,False,12.8,True,synthetic_scenario_generator,26006
2021-02-04,IND_DHA,BULK_01,True,False,22.05,True,synthetic_scenario_generator,26006
2021-02-05,IND_DHA,BULK_01,True,False,11.38,True,synthetic_scenario_generator,26006
2021-02-06,IND_DHA,BULK_01,True,False,2.0,True,synthetic_scenario_generator,26006
2021-02-07,IND_DHA,BULK_01,True,False,10.49,True,synthetic_scenario_generator,26006
2021-02-08,IND_DHA,BULK_01,True,False,15.8,True,synthetic_scenario_generator,26006
2021-02-09,IND_DHA,BULK_01,True,False,11.52,True,synthetic_scenario_generator,26006
2021-02-10,IND_DHA,BULK_01,True,False,9.61,True,synthetic_scenario_generator,26006
2021-02-11,IND_DHA,BULK_01,True,False,12.03,True,synthetic_scenario_generator,26006
2021-02-12,IND_DHA,BULK_01,True,False,9.74,True,synthetic_scenario_generator,26006
2021-02-13,IND_DHA,BULK_01,True,False,12.8,True,synthetic_scenario_generator,26006
2021-02-14,IND_DHA,BULK_01,True,False,13.83,True,synthetic_scenario_generator,26006
2021-02-15,IND_DHA,BULK_01,True,False,16.78,True,synthetic_scenario_generator,26006
2021-02-16,IND_DHA,BULK_01,True,False,5.75,True,synthetic_scenario_generator,26006
2021-02-17,IND_DHA,BULK_01,True,False,9.81,True,synthetic_scenario_generator,26006
2021-02-18,IND_DHA,BULK_01,True,False,20.29,True,synthetic_scenario_generator,26006
2021-02-19,IND_DHA,BULK_01,True,False,21.4,True,synthetic_scenario_generator,26006
2021-02-20,IND_DHA,BULK_01,True,False,13.06,True,synthetic_scenario_generator,26006
2021-02-21,IND_DHA,BULK_01,True,False,32.85,True,synthetic_scenario_generator,26006
2021-02-22,IND_DHA,BULK_01,True,False,13.85,True,synthetic_scenario_generator,26006
2021-02-23,IND_DHA,BULK_01,True,False,24.2,True,synthetic_scenario_generator,26006
2021-02-24,IND_DHA,BULK_01,True,False,19.89,True,synthetic_scenario_generator,26006
2021-02-25,IND_DHA,BULK_01,True,False,15.82,True,synthetic_scenario_generator,26006
2021-02-26,IND_DHA,BULK_01,True,False,21.21,True,synthetic_scenario_generator,26006
2021-02-27,IND_DHA,BULK_01,True,False,12.76,True,synthetic_scenario_generator,26006
2021-02-28,IND_DHA,BULK_01,True,False,17.63,True,synthetic_scenario_generator,26006
2021-03-01,IND_DHA,BULK_01,True,False,25.95,True,synthetic_scenario_generator,26006
2021-03-02,IND_DHA,BULK_01,True,False,11.31,True,synthetic_scenario_generator,26006
2021-03-03,IND_DHA,BULK_01,True,False,29.93,True,synthetic_scenario_generator,26006
2021-03-04,IND_DHA,BULK_01,True,False,26.79,True,synthetic_scenario_generator,26006
2021-03-05,IND_DHA,BULK_01,True,False,28.22,True,synthetic_scenario_generator,26006
2021-03-06,IND_DHA,BULK_01,True,False,25.06,True,synthetic_scenario_generator,26006
2021-03-07,IND_DHA,BULK_01,True,False,21.44,True,synthetic_scenario_generator,26006
2021-03-08,IND_DHA,BULK_01,True,False,27.02,True,synthetic_scenario_generator,26006
2021-03-09,IND_DHA,BULK_01,True,False,39.41,True,synthetic_scenario_generator,26006
2021-03-10,IND_DHA,BULK_01,True,False,34.67,True,synthetic_scenario_generator,26006
2021-03-11,IND_DHA,BULK_01,True,False,21.02,True,synthetic_scenario_generator,26006
2021-03-12,IND_DHA,BULK_01,True,False,25.99,True,synthetic_scenario_generator,26006
2021-03-13,IND_DHA,BULK_01,True,False,29.98,True,synthetic_scenario_generator,26006
2021-03-14,IND_DHA,BULK_01,True,False,32.83,True,synthetic_scenario_generator,26006
2021-03-15,IND_DHA,BULK_01,False,True,32.6,True,synthetic_scenario_generator,26006
2021-03-16,IND_DHA,BULK_01,True,False,30.83,True,synthetic_scenario_generator,26006
2021-03-17,IND_DHA,BULK_01,True,False,29.61,True,synthetic_scenario_generator,26006
2021-03-18,IND_DHA,BULK_01,True,False,31.9,True,synthetic_scenario_generator,26006
2021-03-19,IND_DHA,BULK_01,True,False,39.36,True,synthetic_scenario_generator,26006
2021-03-20,IND_DHA,BULK_01,True,False,32.54,True,synthetic_scenario_generator,26006
2021-03-21,IND_DHA,BULK_01,True,False,28.97,True,synthetic_scenario_generator,26006
2021-03-22,IND_DHA,BULK_01,True,False,30.43,True,synthetic_scenario_generator,26006
2021-03-23,IND_DHA,BULK_01,True,False,26.56,True,synthetic_scenario_generator,26006
2021-03-24,IND_DHA,BULK_01,True,False,35.94,True,synthetic_scenario_generator,26006
2021-03-25,IND_DHA,BULK_01,True,False,40.17,True,synthetic_scenario_generator,26006
2021-03-26,IND_DHA,BULK_01,True,False,28.32,True,synthetic_scenario_generator,26006
2021-03-27,IND_DHA,BULK_01,True,False,36.88,True,synthetic_scenario_generator,26006
2021-03-28,IND_DHA,BULK_01,True,False,30.57,True,synthetic_scenario_generator,26006
2021-03-29,IND_DHA,BULK_01,True,False,29.44,True,synthetic_scenario_generator,26006
2021-03-30,IND_DHA,BULK_01,True,False,32.08,True,synthetic_scenario_generator,26006
2021-03-31,IND_DHA,BULK_01,True,False,29.63,True,synthetic_scenario_generator,26006
2021-04-01,IND_DHA,BULK_01,True,False,41.44,True,synthetic_scenario_generator,26006
2021-04-02,IND_DHA,BULK_01,True,False,32.79,True,synthetic_scenario_generator,26006
2021-04-03,IND_DHA,BULK_01,True,False,21.52,True,synthetic_scenario_generator,26006
2021-04-04,IND_DHA,BULK_01,True,False,22.99,True,synthetic_scenario_generator,26006
2021-04-05,IND_DHA,BULK_01,True,False,26.99,True,synthetic_scenario_generator,26006
2021-04-06,IND_DHA,BULK_01,True,False,25.45,True,synthetic_scenario_generator,26006
2021-04-07,IND_DHA,BULK_01,True,False,23.6,True,synthetic_scenario_generator,26006
2021-04-08,IND_DHA,BULK_01,True,False,24.42,True,synthetic_scenario_generator,26006
2021-04-09,IND_DHA,BULK_01,True,False,28.4,True,synthetic_scenario_generator,26006
2021-04-10,IND_DHA,BULK_01,True,False,22.39,True,synthetic_scenario_generator,26006
2021-04-11,IND_DHA,BULK_01,True,False,28.53,True,synthetic_scenario_generator,26006
2021-04-12,IND_DHA,BULK_01,True,False,27.94,True,synthetic_scenario_generator,26006
2021-04-13,IND_DHA,BULK_01,True,False,26.17,True,synthetic_scenario_generator,26006
2021-04-14,IND_DHA,BULK_01,True,False,27.21,True,synthetic_scenario_generator,26006
2021-04-15,IND_DHA,BULK_01,True,False,25.73,True,synthetic_scenario_generator,26006
2021-04-16,IND_DHA,BULK_01,True,False,24.26,True,synthetic_scenario_generator,26006
2021-04-17,IND_DHA,BULK_01,True,False,18.91,True,synthetic_scenario_generator,26006
2021-04-18,IND_DHA,BULK_01,True,False,22.61,True,synthetic_scenario_generator,26006
2021-04-19,IND_DHA,BULK_01,True,False,29.23,True,synthetic_scenario_generator,26006
2021-04-20,IND_DHA,BULK_01,True,False,16.26,True,synthetic_scenario_generator,26006
2021-04-21,IND_DHA,BULK_01,True,False,19.97,True,synthetic_scenario_generator,26006
2021-04-22,IND_DHA,BULK_01,True,False,26.84,True,synthetic_scenario_generator,26006
2021-04-23,IND_DHA,BULK_01,True,False,22.88,True,synthetic_scenario_generator,26006
2021-04-24,IND_DHA,BULK_01,True,False,15.94,True,synthetic_scenario_generator,26006
2021-04-25,IND_DHA,BULK_01,True,False,20.53,True,synthetic_scenario_generator,26006
2021-04-26,IND_DHA,BULK_01,True,False,23.81,True,synthetic_scenario_generator,26006
2021-04-27,IND_DHA,BULK_01,True,False,15.47,True,synthetic_scenario_generator,26006
2021-04-28,IND_DHA,BULK_01,True,False,15.2,True,synthetic_scenario_generator,26006
2021-04-29,IND_DHA,BULK_01,True,False,9.69,True,synthetic_scenario_generator,26006
2021-04-30,IND_DHA,BULK_01,True,False,21.59,True,synthetic_scenario_generator,26006
2021-05-01,IND_DHA,BULK_01,True,False,14.11,True,synthetic_scenario_generator,26006
2021-05-02,IND_DHA,BULK_01,True,False,11.14,True,synthetic_scenario_generator,26006
2021-05-03,IND_DHA,BULK_01,True,False,16.28,True,synthetic_scenario_generator,26006
2021-05-04,IND_DHA,BULK_01,True,False,8.06,True,synthetic_scenario_generator,26006
2021-05-05,IND_DHA,BULK_01,True,False,13.26,True,synthetic_scenario_generator,26006
2021-05-06,IND_DHA,BULK_01,True,False,5.8,True,synthetic_scenario_generator,26006
2021-05-07,IND_DHA,BULK_01,True,False,21.34,True,synthetic_scenario_generator,26006
2021-05-08,IND_DHA,BULK_01,True,False,18.8,True,synthetic_scenario_generator,26006
2021-05-09,IND_DHA,BULK_01,True,False,5.92,True,synthetic_scenario_generator,26006
2021-05-10,IND_DHA,BULK_01,True,False,18.37,True,synthetic_scenario_generator,26006
2021-05-11,IND_DHA,BULK_01,True,False,7.19,True,synthetic_scenario_generator,26006
2021-05-12,IND_DHA,BULK_01,True,False,18.6,True,synthetic_scenario_generator,26006
2021-05-13,IND_DHA,BULK_01,True,False,12.34,True,synthetic_scenario_generator,26006
2021-05-14,IND_DHA,BULK_01,True,False,19.04,True,synthetic_scenario_generator,26006
2021-05-15,IND_DHA,BULK_01,True,False,17.57,True,synthetic_scenario_generator,26006
2021-05-16,IND_DHA,BULK_01,True,False,15.17,True,synthetic_scenario_generator,26006
2021-05-17,IND_DHA,BULK_01,True,False,11.69,True,synthetic_scenario_generator,26006
2021-05-18,IND_DHA,BULK_01,True,False,4.8,True,synthetic_scenario_generator,26006
2021-05-19,IND_DHA,BULK_01,True,False,21.45,True,synthetic_scenario_generator,26006
2021-05-20,IND_DHA,BULK_01,True,False,22.42,True,synthetic_scenario_generator,26006
2021-05-21,IND_DHA,BULK_01,True,False,14.5,True,synthetic_scenario_generator,26006
2021-05-22,IND_DHA,BULK_01,True,False,21.73,True,synthetic_scenario_generator,26006
2021-05-23,IND_DHA,BULK_01,True,False,29.47,True,synthetic_scenario_generator,26006
2021-05-24,IND_DHA,BULK_01,True,False,21.54,True,synthetic_scenario_generator,26006
2021-05-25,IND_DHA,BULK_01,True,False,5.73,True,synthetic_scenario_generator,26006
2021-05-26,IND_DHA,BULK_01,True,False,13.0,True,synthetic_scenario_generator,26006
2021-05-27,IND_DHA,BULK_01,True,False,19.01,True,synthetic_scenario_generator,26006
2021-05-28,IND_DHA,BULK_01,True,False,16.06,True,synthetic_scenario_generator,26006
2021-05-29,IND_DHA,BULK_01,True,False,23.77,True,synthetic_scenario_generator,26006
2021-05-30,IND_DHA,BULK_01,True,False,22.28,True,synthetic_scenario_generator,26006
2021-05-31,IND_DHA,BULK_01,True,False,28.42,True,synthetic_scenario_generator,26006
2021-06-01,IND_DHA,BULK_01,True,False,33.71,True,synthetic_scenario_generator,26006
2021-06-02,IND_DHA,BULK_01,True,False,27.76,True,synthetic_scenario_generator,26006
2021-06-03,IND_DHA,BULK_01,True,False,35.57,True,synthetic_scenario_generator,26006
2021-06-04,IND_DHA,BULK_01,True,False,26.35,True,synthetic_scenario_generator,26006
2021-06-05,IND_DHA,BULK_01,True,False,29.44,True,synthetic_scenario_generator,26006
2021-06-06,IND_DHA,BULK_01,True,False,47.26,True,synthetic_scenario_generator,26006
2021-06-07,IND_DHA,BULK_01,True,False,34.6,True,synthetic_scenario_generator,26006
2021-06-08,IND_DHA,BULK_01,True,False,36.38,True,synthetic_scenario_generator,26006
2021-06-09,IND_DHA,BULK_01,True,False,40.51,True,synthetic_scenario_generator,26006
2021-06-10,IND_DHA,BULK_01,True,False,35.71,True,synthetic_scenario_generator,26006
2021-06-11,IND_DHA,BULK_01,True,False,32.0,True,synthetic_scenario_generator,26006
2021-06-12,IND_DHA,BULK_01,True,False,35.18,True,synthetic_scenario_generator,26006
2021-06-13,IND_DHA,BULK_01,True,False,25.57,True,synthetic_scenario_generator,26006
2021-06-14,IND_DHA,BULK_01,True,False,39.57,True,synthetic_scenario_generator,26006
2021-06-15,IND_DHA,BULK_01,True,False,37.33,True,synthetic_scenario_generator,26006
2021-06-16,IND_DHA,BULK_01,True,False,38.63,True,synthetic_scenario_generator,26006
2021-06-17,IND_DHA,BULK_01,True,False,35.49,True,synthetic_scenario_generator,26006
2021-06-18,IND_DHA,BULK_01,True,False,43.73,True,synthetic_scenario_generator,26006
2021-06-19,IND_DHA,BULK_01,True,False,36.37,True,synthetic_scenario_generator,26006
2021-06-20,IND_DHA,BULK_01,True,False,40.31,True,synthetic_scenario_generator,26006
2021-06-21,IND_DHA,BULK_01,True,False,32.85,True,synthetic_scenario_generator,26006
2021-06-22,IND_DHA,BULK_01,True,False,38.17,True,synthetic_scenario_generator,26006
2021-06-23,IND_DHA,BULK_01,True,False,35.27,True,synthetic_scenario_generator,26006
2021-06-24,IND_DHA,BULK_01,True,False,36.56,True,synthetic_scenario_generator,26006
2021-06-25,IND_DHA,BULK_01,True,False,37.28,True,synthetic_scenario_generator,26006
2021-06-26,IND_DHA,BULK_01,True,False,39.81,True,synthetic_scenario_generator,26006
2021-06-27,IND_DHA,BULK_01,True,False,36.5,True,synthetic_scenario_generator,26006
2021-06-28,IND_DHA,BULK_01,True,False,36.95,True,synthetic_scenario_generator,26006
2021-06-29,IND_DHA,BULK_01,True,False,29.63,True,synthetic_scenario_generator,26006
2021-06-30,IND_DHA,BULK_01,True,False,33.82,True,synthetic_scenario_generator,26006
2021-07-01,IND_DHA,BULK_01,True,False,35.14,True,synthetic_scenario_generator,26006
2021-07-02,IND_DHA,BULK_01,True,False,30.4,True,synthetic_scenario_generator,26006
2021-07-03,IND_DHA,BULK_01,True,False,30.63,True,synthetic_scenario_generator,26006
2021-07-04,IND_DHA,BULK_01,True,False,32.86,True,synthetic_scenario_generator,26006
2021-07-05,IND_DHA,BULK_01,True,False,30.03,True,synthetic_scenario_generator,26006
2021-07-06,IND_DHA,BULK_01,True,False,31.69,True,synthetic_scenario_generator,26006
2021-07-07,IND_DHA,BULK_01,True,False,33.23,True,synthetic_scenario_generator,26006
2021-07-08,IND_DHA,BULK_01,True,False,34.46,True,synthetic_scenario_generator,26006
2021-07-09,IND_DHA,BULK_01,True,False,23.9,True,synthetic_scenario_generator,26006
2021-07-10,IND_DHA,BULK_01,True,False,29.67,True,synthetic_scenario_generator,26006
2021-07-11,IND_DHA,BULK_01,True,False,31.36,True,synthetic_scenario_generator,26006
2021-07-12,IND_DHA,BULK_01,True,False,27.5,True,synthetic_scenario_generator,26006
2021-07-13,IND_DHA,BULK_01,True,False,21.08,True,synthetic_scenario_generator,26006
2021-07-14,IND_DHA,BULK_01,True,False,25.81,True,synthetic_scenario_generator,26006
2021-07-15,IND_DHA,BULK_01,True,False,25.76,True,synthetic_scenario_generator,26006
2021-07-16,IND_DHA,BULK_01,True,False,32.97,True,synthetic_scenario_generator,26006
2021-07-17,IND_DHA,BULK_01,True,False,27.28,True,synthetic_scenario_generator,26006
2021-07-18,IND_DHA,BULK_01,True,False,19.64,True,synthetic_scenario_generator,26006
2021-07-19,IND_DHA,BULK_01,True,False,15.48,True,synthetic_scenario_generator,26006
2021-07-20,IND_DHA,BULK_01,True,False,22.08,True,synthetic_scenario_generator,26006
2021-07-21,IND_DHA,BULK_01,True,False,28.62,True,synthetic_scenario_generator,26006
2021-07-22,IND_DHA,BULK_01,True,False,14.59,True,synthetic_scenario_generator,26006
2021-07-23,IND_DHA,BULK_01,True,False,25.34,True,synthetic_scenario_generator,26006
2021-07-24,IND_DHA,BULK_01,True,False,13.6,True,synthetic_scenario_generator,26006
2021-07-25,IND_DHA,BULK_01,True,False,22.35,True,synthetic_scenario_generator,26006
2021-07-26,IND_DHA,BULK_01,True,False,23.36,True,synthetic_scenario_generator,26006
2021-07-27,IND_DHA,BULK_01,True,False,18.98,True,synthetic_scenario_generator,26006
2021-07-28,IND_DHA,BULK_01,True,False,23.57,True,synthetic_scenario_generator,26006
2021-07-29,IND_DHA,BULK_01,True,False,13.11,True,synthetic_scenario_generator,26006
2021-07-30,IND_DHA,BULK_01,True,False,20.17,True,synthetic_scenario_generator,26006
2021-07-31,IND_DHA,BULK_01,True,False,16.94,True,synthetic_scenario_generator,26006
2021-08-01,IND_DHA,BULK_01,True,False,18.54,True,synthetic_scenario_generator,26006
2021-08-02,IND_DHA,BULK_01,True,False,20.57,True,synthetic_scenario_generator,26006
2021-08-03,IND_DHA,BULK_01,True,False,10.51,True,synthetic_scenario_generator,26006
2021-08-04,IND_DHA,BULK_01,True,False,9.99,True,synthetic_scenario_generator,26006
2021-08-05,IND_DHA,BULK_01,True,False,11.62,True,synthetic_scenario_generator,26006
2021-08-06,IND_DHA,BULK_01,True,False,18.82,True,synthetic_scenario_generator,26006
2021-08-07,IND_DHA,BULK_01,True,False,9.36,True,synthetic_scenario_generator,26006
2021-08-08,IND_DHA,BULK_01,True,False,14.71,True,synthetic_scenario_generator,26006
2021-08-09,IND_DHA,BULK_01,True,False,10.76,True,synthetic_scenario_generator,26006
2021-08-10,IND_DHA,BULK_01,True,False,19.04,True,synthetic_scenario_generator,26006
2021-08-11,IND_DHA,BULK_01,True,False,19.05,True,synthetic_scenario_generator,26006
2021-08-12,IND_DHA,BULK_01,True,False,19.57,True,synthetic_scenario_generator,26006
2021-08-13,IND_DHA,BULK_01,True,False,20.51,True,synthetic_scenario_generator,26006
2021-08-14,IND_DHA,BULK_01,True,False,16.61,True,synthetic_scenario_generator,26006
2021-08-15,IND_DHA,BULK_01,True,False,13.95,True,synthetic_scenario_generator,26006
2021-08-16,IND_DHA,BULK_01,True,False,18.22,True,synthetic_scenario_generator,26006
2021-08-17,IND_DHA,BULK_01,True,False,33.3,True,synthetic_scenario_generator,26006
2021-08-18,IND_DHA,BULK_01,True,False,13.57,True,synthetic_scenario_generator,26006
2021-08-19,IND_DHA,BULK_01,True,False,25.71,True,synthetic_scenario_generator,26006
2021-08-20,IND_DHA,BULK_01,True,False,22.08,True,synthetic_scenario_generator,26006
2021-08-21,IND_DHA,BULK_01,True,False,29.7,True,synthetic_scenario_generator,26006
2021-08-22,IND_DHA,BULK_01,True,False,24.08,True,synthetic_scenario_generator,26006
2021-08-23,IND_DHA,BULK_01,True,False,23.95,True,synthetic_scenario_generator,26006
2021-08-24,IND_DHA,BULK_01,True,False,15.83,True,synthetic_scenario_generator,26006
2021-08-25,IND_DHA,BULK_01,True,False,19.48,True,synthetic_scenario_generator,26006
2021-08-26,IND_DHA,BULK_01,True,False,29.64,True,synthetic_scenario_generator,26006
2021-08-27,IND_DHA,BULK_01,True,False,21.72,True,synthetic_scenario_generator,26006
2021-08-28,IND_DHA,BULK_01,True,False,27.35,True,synthetic_scenario_generator,26006
2021-08-29,IND_DHA,BULK_01,True,False,29.99,True,synthetic_scenario_generator,26006
2021-08-30,IND_DHA,BULK_01,True,False,23.41,True,synthetic_scenario_generator,26006
2021-08-31,IND_DHA,BULK_01,True,False,28.53,True,synthetic_scenario_generator,26006
2021-09-01,IND_DHA,BULK_01,True,False,29.03,True,synthetic_scenario_generator,26006
2021-09-02,IND_DHA,BULK_01,True,False,29.56,True,synthetic_scenario_generator,26006
2021-09-03,IND_DHA,BULK_01,True,False,28.15,True,synthetic_scenario_generator,26006
2021-09-04,IND_DHA,BULK_01,True,False,33.34,True,synthetic_scenario_generator,26006
2021-09-05,IND_DHA,BULK_01,True,False,31.98,True,synthetic_scenario_generator,26006
2021-09-06,IND_DHA,BULK_01,True,False,39.15,True,synthetic_scenario_generator,26006
2021-09-07,IND_DHA,BULK_01,True,False,28.13,True,synthetic_scenario_generator,26006
2021-09-08,IND_DHA,BULK_01,True,False,40.23,True,synthetic_scenario_generator,26006
2021-09-09,IND_DHA,BULK_01,True,False,36.82,True,synthetic_scenario_generator,26006
2021-09-10,IND_DHA,BULK_01,True,False,22.94,True,synthetic_scenario_generator,26006
2021-09-11,IND_DHA,BULK_01,True,False,30.05,True,synthetic_scenario_generator,26006
2021-09-12,IND_DHA,BULK_01,True,False,30.34,True,synthetic_scenario_generator,26006
2021-09-13,IND_DHA,BULK_01,True,False,39.74,True,synthetic_scenario_generator,26006
2021-09-14,IND_DHA,BULK_01,True,False,32.81,True,synthetic_scenario_generator,26006
2021-09-15,IND_DHA,BULK_01,False,True,28.08,True,synthetic_scenario_generator,26006
2021-09-16,IND_DHA,BULK_01,True,False,38.22,True,synthetic_scenario_generator,26006
2021-09-17,IND_DHA,BULK_01,True,False,36.6,True,synthetic_scenario_generator,26006
2021-09-18,IND_DHA,BULK_01,True,False,29.4,True,synthetic_scenario_generator,26006
2021-09-19,IND_DHA,BULK_01,True,False,34.38,True,synthetic_scenario_generator,26006
2021-09-20,IND_DHA,BULK_01,True,False,31.53,True,synthetic_scenario_generator,26006
2021-09-21,IND_DHA,BULK_01,True,False,39.62,True,synthetic_scenario_generator,26006
2021-09-22,IND_DHA,BULK_01,True,False,30.36,True,synthetic_scenario_generator,26006
2021-09-23,IND_DHA,BULK_01,True,False,30.03,True,synthetic_scenario_generator,26006
2021-09-24,IND_DHA,BULK_01,True,False,30.12,True,synthetic_scenario_generator,26006
2021-09-25,IND_DHA,BULK_01,True,False,32.58,True,synthetic_scenario_generator,26006
2021-09-26,IND_DHA,BULK_01,True,False,35.75,True,synthetic_scenario_generator,26006
2021-09-27,IND_DHA,BULK_01,True,False,33.24,True,synthetic_scenario_generator,26006
2021-09-28,IND_DHA,BULK_01,True,False,35.58,True,synthetic_scenario_generator,26006
2021-09-29,IND_DHA,BULK_01,True,False,30.0,True,synthetic_scenario_generator,26006
2021-09-30,IND_DHA,BULK_01,True,False,34.7,True,synthetic_scenario_generator,26006
2021-10-01,IND_DHA,BULK_01,True,False,26.54,True,synthetic_scenario_generator,26006
2021-10-02,IND_DHA,BULK_01,True,False,18.68,True,synthetic_scenario_generator,26006
2021-10-03,IND_DHA,BULK_01,True,False,22.72,True,synthetic_scenario_generator,26006
2021-10-04,IND_DHA,BULK_01,True,False,34.51,True,synthetic_scenario_generator,26006
2021-10-05,IND_DHA,BULK_01,True,False,22.4,True,synthetic_scenario_generator,26006
2021-10-06,IND_DHA,BULK_01,True,False,29.7,True,synthetic_scenario_generator,26006
2021-10-07,IND_DHA,BULK_01,True,False,30.17,True,synthetic_scenario_generator,26006
2021-10-08,IND_DHA,BULK_01,True,False,26.85,True,synthetic_scenario_generator,26006
2021-10-09,IND_DHA,BULK_01,True,False,40.75,True,synthetic_scenario_generator,26006
2021-10-10,IND_DHA,BULK_01,True,False,29.93,True,synthetic_scenario_generator,26006
2021-10-11,IND_DHA,BULK_01,True,False,27.41,True,synthetic_scenario_generator,26006
2021-10-12,IND_DHA,BULK_01,True,False,25.23,True,synthetic_scenario_generator,26006
2021-10-13,IND_DHA,BULK_01,True,False,24.56,True,synthetic_scenario_generator,26006
2021-10-14,IND_DHA,BULK_01,True,False,21.75,True,synthetic_scenario_generator,26006
2021-10-15,IND_DHA,BULK_01,True,False,26.04,True,synthetic_scenario_generator,26006
2021-10-16,IND_DHA,BULK_01,True,False,16.05,True,synthetic_scenario_generator,26006
2021-10-17,IND_DHA,BULK_01,True,False,20.36,True,synthetic_scenario_generator,26006
2021-10-18,IND_DHA,BULK_01,True,False,19.73,True,synthetic_scenario_generator,26006
2021-10-19,IND_DHA,BULK_01,True,False,12.98,True,synthetic_scenario_generator,26006
2021-10-20,IND_DHA,BULK_01,True,False,17.97,True,synthetic_scenario_generator,26006
2021-10-21,IND_DHA,BULK_01,True,False,20.43,True,synthetic_scenario_generator,26006
2021-10-22,IND_DHA,BULK_01,True,False,25.95,True,synthetic_scenario_generator,26006
2021-10-23,IND_DHA,BULK_01,True,False,25.61,True,synthetic_scenario_generator,26006
2021-10-24,IND_DHA,BULK_01,True,False,14.32,True,synthetic_scenario_generator,26006
2021-10-25,IND_DHA,BULK_01,True,False,14.52,True,synthetic_scenario_generator,26006
2021-10-26,IND_DHA,BULK_01,True,False,15.0,True,synthetic_scenario_generator,26006
2021-10-27,IND_DHA,BULK_01,True,False,22.85,True,synthetic_scenario_generator,26006
2021-10-28,IND_DHA,BULK_01,True,False,18.3,True,synthetic_scenario_generator,26006
2021-10-29,IND_DHA,BULK_01,True,False,15.78,True,synthetic_scenario_generator,26006
2021-10-30,IND_DHA,BULK_01,True,False,13.91,True,synthetic_scenario_generator,26006
2021-10-31,IND_DHA,BULK_01,True,False,18.62,True,synthetic_scenario_generator,26006
2021-11-01,IND_DHA,BULK_01,True,False,18.17,True,synthetic_scenario_generator,26006
2021-11-02,IND_DHA,BULK_01,True,False,15.79,True,synthetic_scenario_generator,26006
2021-11-03,IND_DHA,BULK_01,True,False,12.66,True,synthetic_scenario_generator,26006
2021-11-04,IND_DHA,BULK_01,True,False,17.5,True,synthetic_scenario_generator,26006
2021-11-05,IND_DHA,BULK_01,True,False,13.99,True,synthetic_scenario_generator,26006
2021-11-06,IND_DHA,BULK_01,True,False,10.2,True,synthetic_scenario_generator,26006
2021-11-07,IND_DHA,BULK_01,True,False,15.61,True,synthetic_scenario_generator,26006
2021-11-08,IND_DHA,BULK_01,True,False,11.4,True,synthetic_scenario_generator,26006
2021-11-09,IND_DHA,BULK_01,True,False,16.21,True,synthetic_scenario_generator,26006
2021-11-10,IND_DHA,BULK_01,True,False,21.12,True,synthetic_scenario_generator,26006
2021-11-11,IND_DHA,BULK_01,True,False,16.74,True,synthetic_scenario_generator,26006
2021-11-12,IND_DHA,BULK_01,True,False,17.01,True,synthetic_scenario_generator,26006
2021-11-13,IND_DHA,BULK_01,True,False,20.44,True,synthetic_scenario_generator,26006
2021-11-14,IND_DHA,BULK_01,True,False,6.54,True,synthetic_scenario_generator,26006
2021-11-15,IND_DHA,BULK_01,True,False,20.63,True,synthetic_scenario_generator,26006
2021-11-16,IND_DHA,BULK_01,True,False,23.54,True,synthetic_scenario_generator,26006
2021-11-17,IND_DHA,BULK_01,True,False,26.36,True,synthetic_scenario_generator,26006
2021-11-18,IND_DHA,BULK_01,True,False,10.04,True,synthetic_scenario_generator,26006
2021-11-19,IND_DHA,BULK_01,True,False,14.67,True,synthetic_scenario_generator,26006
2021-11-20,IND_DHA,BULK_01,True,False,24.23,True,synthetic_scenario_generator,26006
2021-11-21,IND_DHA,BULK_01,True,False,30.46,True,synthetic_scenario_generator,26006
2021-11-22,IND_DHA,BULK_01,True,False,25.69,True,synthetic_scenario_generator,26006
2021-11-23,IND_DHA,BULK_01,True,False,27.76,True,synthetic_scenario_generator,26006
2021-11-24,IND_DHA,BULK_01,True,False,27.66,True,synthetic_scenario_generator,26006
2021-11-25,IND_DHA,BULK_01,True,False,33.61,True,synthetic_scenario_generator,26006
2021-11-26,IND_DHA,BULK_01,True,False,28.36,True,synthetic_scenario_generator,26006
2021-11-27,IND_DHA,BULK_01,True,False,23.53,True,synthetic_scenario_generator,26006
2021-11-28,IND_DHA,BULK_01,True,False,26.73,True,synthetic_scenario_generator,26006
2021-11-29,IND_DHA,BULK_01,True,False,21.95,True,synthetic_scenario_generator,26006
2021-11-30,IND_DHA,BULK_01,True,False,24.45,True,synthetic_scenario_generator,26006
2021-12-01,IND_DHA,BULK_01,True,False,26.99,True,synthetic_scenario_generator,26006
2021-12-02,IND_DHA,BULK_01,True,False,35.18,True,synthetic_scenario_generator,26006
2021-12-03,IND_DHA,BULK_01,True,False,42.67,True,synthetic_scenario_generator,26006
2021-12-04,IND_DHA,BULK_01,True,False,26.57,True,synthetic_scenario_generator,26006
2021-12-05,IND_DHA,BULK_01,True,False,26.76,True,synthetic_scenario_generator,26006
2021-12-06,IND_DHA,BULK_01,True,False,31.75,True,synthetic_scenario_generator,26006
2021-12-07,IND_DHA,BULK_01,True,False,36.29,True,synthetic_scenario_generator,26006
2021-12-08,IND_DHA,BULK_01,True,False,28.78,True,synthetic_scenario_generator,26006
2021-12-09,IND_DHA,BULK_01,True,False,36.81,True,synthetic_scenario_generator,26006
2021-12-10,IND_DHA,BULK_01,True,False,33.33,True,synthetic_scenario_generator,26006
2021-12-11,IND_DHA,BULK_01,True,False,22.91,True,synthetic_scenario_generator,26006
2021-12-12,IND_DHA,BULK_01,True,False,32.47,True,synthetic_scenario_generator,26006
2021-12-13,IND_DHA,BULK_01,True,False,27.56,True,synthetic_scenario_generator,26006
2021-12-14,IND_DHA,BULK_01,True,False,27.41,True,synthetic_scenario_generator,26006
2021-12-15,IND_DHA,BULK_01,True,False,35.77,True,synthetic_scenario_generator,26006
2021-12-16,IND_DHA,BULK_01,True,False,24.55,True,synthetic_scenario_generator,26006
2021-12-17,IND_DHA,BULK_01,True,False,34.68,True,synthetic_scenario_generator,26006
2021-12-18,IND_DHA,BULK_01,True,False,37.32,True,synthetic_scenario_generator,26006
2021-12-19,IND_DHA,BULK_01,True,False,34.78,True,synthetic_scenario_generator,26006
2021-12-20,IND_DHA,BULK_01,True,False,25.99,True,synthetic_scenario_generator,26006
2021-12-21,IND_DHA,BULK_01,True,False,30.78,True,synthetic_scenario_generator,26006
2021-12-22,IND_DHA,BULK_01,True,False,21.44,True,synthetic_scenario_generator,26006
2021-12-23,IND_DHA,BULK_01,True,False,40.57,True,synthetic_scenario_generator,26006
2021-12-24,IND_DHA,BULK_01,True,False,46.55,True,synthetic_scenario_generator,26006
2021-12-25,IND_DHA,BULK_01,True,False,26.38,True,synthetic_scenario_generator,26006
2021-12-26,IND_DHA,BULK_01,True,False,20.36,True,synthetic_scenario_generator,26006
2021-12-27,IND_DHA,BULK_01,True,False,24.99,True,synthetic_scenario_generator,26006
2021-12-28,IND_DHA,BULK_01,True,False,38.97,True,synthetic_scenario_generator,26006
2021-12-29,IND_DHA,BULK_01,True,False,38.54,True,synthetic_scenario_generator,26006
2021-12-30,IND_DHA,BULK_01,True,False,27.63,True,synthetic_scenario_generator,26006
2021-12-31,IND_DHA,BULK_01,True,False,33.68,True,synthetic_scenario_generator,26006
2022-01-01,IND_DHA,BULK_01,True,False,28.83,True,synthetic_scenario_generator,26006
2022-01-02,IND_DHA,BULK_01,True,False,25.59,True,synthetic_scenario_generator,26006
2022-01-03,IND_DHA,BULK_01,True,False,26.83,True,synthetic_scenario_generator,26006
2022-01-04,IND_DHA,BULK_01,True,False,24.45,True,synthetic_scenario_generator,26006
2022-01-05,IND_DHA,BULK_01,True,False,26.95,True,synthetic_scenario_generator,26006
2022-01-06,IND_DHA,BULK_01,True,False,21.75,True,synthetic_scenario_generator,26006
2022-01-07,IND_DHA,BULK_01,True,False,24.77,True,synthetic_scenario_generator,26006
2022-01-08,IND_DHA,BULK_01,True,False,20.26,True,synthetic_scenario_generator,26006
2022-01-09,IND_DHA,BULK_01,True,False,33.61,True,synthetic_scenario_generator,26006
2022-01-10,IND_DHA,BULK_01,True,False,21.69,True,synthetic_scenario_generator,26006
2022-01-11,IND_DHA,BULK_01,True,False,23.21,True,synthetic_scenario_generator,26006
2022-01-12,IND_DHA,BULK_01,True,False,22.23,True,synthetic_scenario_generator,26006
2022-01-13,IND_DHA,BULK_01,True,False,27.32,True,synthetic_scenario_generator,26006
2022-01-14,IND_DHA,BULK_01,True,False,23.44,True,synthetic_scenario_generator,26006
2022-01-15,IND_DHA,BULK_01,True,False,27.71,True,synthetic_scenario_generator,26006
2022-01-16,IND_DHA,BULK_01,True,False,20.81,True,synthetic_scenario_generator,26006
2022-01-17,IND_DHA,BULK_01,True,False,18.63,True,synthetic_scenario_generator,26006
2022-01-18,IND_DHA,BULK_01,True,False,23.98,True,synthetic_scenario_generator,26006
2022-01-19,IND_DHA,BULK_01,True,False,16.1,True,synthetic_scenario_generator,26006
2022-01-20,IND_DHA,BULK_01,True,False,9.69,True,synthetic_scenario_generator,26006
2022-01-21,IND_DHA,BULK_01,True,False,8.75,True,synthetic_scenario_generator,26006
2022-01-22,IND_DHA,BULK_01,True,False,12.46,True,synthetic_scenario_generator,26006
2022-01-23,IND_DHA,BULK_01,True,False,23.07,True,synthetic_scenario_generator,26006
2022-01-24,IND_DHA,BULK_01,True,False,19.37,True,synthetic_scenario_generator,26006
2022-01-25,IND_DHA,BULK_01,True,False,11.58,True,synthetic_scenario_generator,26006
2022-01-26,IND_DHA,BULK_01,True,False,26.1,True,synthetic_scenario_generator,26006
2022-01-27,IND_DHA,BULK_01,True,False,15.68,True,synthetic_scenario_generator,26006
2022-01-28,IND_DHA,BULK_01,True,False,13.82,True,synthetic_scenario_generator,26006
2022-01-29,IND_DHA,BULK_01,True,False,10.0,True,synthetic_scenario_generator,26006
2022-01-30,IND_DHA,BULK_01,True,False,15.67,True,synthetic_scenario_generator,26006
2022-01-31,IND_DHA,BULK_01,True,False,16.75,True,synthetic_scenario_generator,26006
2022-02-01,IND_DHA,BULK_01,True,False,21.62,True,synthetic_scenario_generator,26006
2022-02-02,IND_DHA,BULK_01,True,False,8.49,True,synthetic_scenario_generator,26006
2022-02-03,IND_DHA,BULK_01,True,False,13.09,True,synthetic_scenario_generator,26006
2022-02-04,IND_DHA,BULK_01,True,False,12.16,True,synthetic_scenario_generator,26006
2022-02-05,IND_DHA,BULK_01,True,False,8.47,True,synthetic_scenario_generator,26006
2022-02-06,IND_DHA,BULK_01,True,False,20.76,True,synthetic_scenario_generator,26006
2022-02-07,IND_DHA,BULK_01,True,False,11.09,True,synthetic_scenario_generator,26006
2022-02-08,IND_DHA,BULK_01,True,False,5.04,True,synthetic_scenario_generator,26006
2022-02-09,IND_DHA,BULK_01,True,False,6.67,True,synthetic_scenario_generator,26006
2022-02-10,IND_DHA,BULK_01,True,False,14.9,True,synthetic_scenario_generator,26006
2022-02-11,IND_DHA,BULK_01,True,False,21.57,True,synthetic_scenario_generator,26006
2022-02-12,IND_DHA,BULK_01,True,False,14.67,True,synthetic_scenario_generator,26006
2022-02-13,IND_DHA,BULK_01,True,False,15.76,True,synthetic_scenario_generator,26006
2022-02-14,IND_DHA,BULK_01,True,False,17.04,True,synthetic_scenario_generator,26006
2022-02-15,IND_DHA,BULK_01,True,False,11.07,True,synthetic_scenario_generator,26006
2022-02-16,IND_DHA,BULK_01,True,False,14.28,True,synthetic_scenario_generator,26006
2022-02-17,IND_DHA,BULK_01,True,False,15.63,True,synthetic_scenario_generator,26006
2022-02-18,IND_DHA,BULK_01,True,False,19.36,True,synthetic_scenario_generator,26006
2022-02-19,IND_DHA,BULK_01,True,False,16.36,True,synthetic_scenario_generator,26006
2022-02-20,IND_DHA,BULK_01,True,False,19.18,True,synthetic_scenario_generator,26006
2022-02-21,IND_DHA,BULK_01,True,False,23.74,True,synthetic_scenario_generator,26006
2022-02-22,IND_DHA,BULK_01,True,False,20.59,True,synthetic_scenario_generator,26006
2022-02-23,IND_DHA,BULK_01,True,False,20.77,True,synthetic_scenario_generator,26006
2022-02-24,IND_DHA,BULK_01,True,False,18.36,True,synthetic_scenario_generator,26006
2022-02-25,IND_DHA,BULK_01,True,False,23.11,True,synthetic_scenario_generator,26006
2022-02-26,IND_DHA,BULK_01,True,False,19.89,True,synthetic_scenario_generator,26006
2022-02-27,IND_DHA,BULK_01,True,False,28.62,True,synthetic_scenario_generator,26006
2022-02-28,IND_DHA,BULK_01,True,False,17.4,True,synthetic_scenario_generator,26006
2022-03-01,IND_DHA,BULK_01,True,False,30.46,True,synthetic_scenario_generator,26006
2022-03-02,IND_DHA,BULK_01,True,False,34.57,True,synthetic_scenario_generator,26006
2022-03-03,IND_DHA,BULK_01,True,False,20.64,True,synthetic_scenario_generator,26006
2022-03-04,IND_DHA,BULK_01,True,False,29.93,True,synthetic_scenario_generator,26006
2022-03-05,IND_DHA,BULK_01,True,False,19.6,True,synthetic_scenario_generator,26006
2022-03-06,IND_DHA,BULK_01,True,False,24.66,True,synthetic_scenario_generator,26006
2022-03-07,IND_DHA,BULK_01,True,False,22.94,True,synthetic_scenario_generator,26006
2022-03-08,IND_DHA,BULK_01,True,False,26.59,True,synthetic_scenario_generator,26006
2022-03-09,IND_DHA,BULK_01,True,False,19.14,True,synthetic_scenario_generator,26006
2022-03-10,IND_DHA,BULK_01,True,False,16.19,True,synthetic_scenario_generator,26006
2022-03-11,IND_DHA,BULK_01,True,False,17.17,True,synthetic_scenario_generator,26006
2022-03-12,IND_DHA,BULK_01,True,False,24.91,True,synthetic_scenario_generator,26006
2022-03-13,IND_DHA,BULK_01,True,False,20.81,True,synthetic_scenario_generator,26006
2022-03-14,IND_DHA,BULK_01,True,False,24.0,True,synthetic_scenario_generator,26006
2022-03-15,IND_DHA,BULK_01,False,True,31.41,True,synthetic_scenario_generator,26006
2022-03-16,IND_DHA,BULK_01,True,False,30.0,True,synthetic_scenario_generator,26006
2022-03-17,IND_DHA,BULK_01,True,False,33.09,True,synthetic_scenario_generator,26006
2022-03-18,IND_DHA,BULK_01,True,False,28.21,True,synthetic_scenario_generator,26006
2022-03-19,IND_DHA,BULK_01,True,False,32.32,True,synthetic_scenario_generator,26006
2022-03-20,IND_DHA,BULK_01,True,False,22.51,True,synthetic_scenario_generator,26006
2022-03-21,IND_DHA,BULK_01,True,False,33.24,True,synthetic_scenario_generator,26006
2022-03-22,IND_DHA,BULK_01,True,False,24.98,True,synthetic_scenario_generator,26006
2022-03-23,IND_DHA,BULK_01,True,False,39.45,True,synthetic_scenario_generator,26006
2022-03-24,IND_DHA,BULK_01,True,False,36.8,True,synthetic_scenario_generator,26006
2022-03-25,IND_DHA,BULK_01,True,False,24.73,True,synthetic_scenario_generator,26006
2022-03-26,IND_DHA,BULK_01,True,False,35.15,True,synthetic_scenario_generator,26006
2022-03-27,IND_DHA,BULK_01,True,False,34.99,True,synthetic_scenario_generator,26006
2022-03-28,IND_DHA,BULK_01,True,False,40.45,True,synthetic_scenario_generator,26006
2022-03-29,IND_DHA,BULK_01,True,False,28.05,True,synthetic_scenario_generator,26006
2022-03-30,IND_DHA,BULK_01,True,False,33.26,True,synthetic_scenario_generator,26006
2022-03-31,IND_DHA,BULK_01,True,False,18.84,True,synthetic_scenario_generator,26006
2022-04-01,IND_DHA,BULK_01,True,False,23.53,True,synthetic_scenario_generator,26006
2022-04-02,IND_DHA,BULK_01,True,False,32.07,True,synthetic_scenario_generator,26006
2022-04-03,IND_DHA,BULK_01,True,False,35.79,True,synthetic_scenario_generator,26006
2022-04-04,IND_DHA,BULK_01,True,False,34.91,True,synthetic_scenario_generator,26006
2022-04-05,IND_DHA,BULK_01,True,False,35.27,True,synthetic_scenario_generator,26006
2022-04-06,IND_DHA,BULK_01,True,False,26.11,True,synthetic_scenario_generator,26006
2022-04-07,IND_DHA,BULK_01,True,False,31.13,True,synthetic_scenario_generator,26006
2022-04-08,IND_DHA,BULK_01,True,False,29.69,True,synthetic_scenario_generator,26006
2022-04-09,IND_DHA,BULK_01,True,False,22.78,True,synthetic_scenario_generator,26006
2022-04-10,IND_DHA,BULK_01,True,False,29.41,True,synthetic_scenario_generator,26006
2022-04-11,IND_DHA,BULK_01,True,False,21.91,True,synthetic_scenario_generator,26006
2022-04-12,IND_DHA,BULK_01,True,False,16.63,True,synthetic_scenario_generator,26006
2022-04-13,IND_DHA,BULK_01,True,False,16.79,True,synthetic_scenario_generator,26006
2022-04-14,IND_DHA,BULK_01,True,False,22.03,True,synthetic_scenario_generator,26006
2022-04-15,IND_DHA,BULK_01,True,False,32.47,True,synthetic_scenario_generator,26006
2022-04-16,IND_DHA,BULK_01,True,False,14.88,True,synthetic_scenario_generator,26006
2022-04-17,IND_DHA,BULK_01,True,False,25.6,True,synthetic_scenario_generator,26006
2022-04-18,IND_DHA,BULK_01,True,False,23.96,True,synthetic_scenario_generator,26006
2022-04-19,IND_DHA,BULK_01,True,False,20.17,True,synthetic_scenario_generator,26006
2022-04-20,IND_DHA,BULK_01,True,False,24.95,True,synthetic_scenario_generator,26006
2022-04-21,IND_DHA,BULK_01,True,False,16.57,True,synthetic_scenario_generator,26006
2022-04-22,IND_DHA,BULK_01,True,False,7.76,True,synthetic_scenario_generator,26006
2022-04-23,IND_DHA,BULK_01,True,False,18.57,True,synthetic_scenario_generator,26006
2022-04-24,IND_DHA,BULK_01,True,False,10.76,True,synthetic_scenario_generator,26006
2022-04-25,IND_DHA,BULK_01,True,False,20.85,True,synthetic_scenario_generator,26006
2022-04-26,IND_DHA,BULK_01,True,False,17.22,True,synthetic_scenario_generator,26006
2022-04-27,IND_DHA,BULK_01,True,False,17.7,True,synthetic_scenario_generator,26006
2022-04-28,IND_DHA,BULK_01,True,False,10.44,True,synthetic_scenario_generator,26006
2022-04-29,IND_DHA,BULK_01,True,False,12.26,True,synthetic_scenario_generator,26006
2022-04-30,IND_DHA,BULK_01,True,False,2.0,True,synthetic_scenario_generator,26006
2022-05-01,IND_DHA,BULK_01,True,False,13.95,True,synthetic_scenario_generator,26006
2022-05-02,IND_DHA,BULK_01,True,False,12.83,True,synthetic_scenario_generator,26006
2022-05-03,IND_DHA,BULK_01,True,False,22.85,True,synthetic_scenario_generator,26006
2022-05-04,IND_DHA,BULK_01,True,False,24.48,True,synthetic_scenario_generator,26006
2022-05-05,IND_DHA,BULK_01,True,False,9.11,True,synthetic_scenario_generator,26006
2022-05-06,IND_DHA,BULK_01,True,False,15.43,True,synthetic_scenario_generator,26006
2022-05-07,IND_DHA,BULK_01,True,False,25.46,True,synthetic_scenario_generator,26006
2022-05-08,IND_DHA,BULK_01,True,False,20.57,True,synthetic_scenario_generator,26006
2022-05-09,IND_DHA,BULK_01,True,False,22.05,True,synthetic_scenario_generator,26006
2022-05-10,IND_DHA,BULK_01,True,False,14.08,True,synthetic_scenario_generator,26006
2022-05-11,IND_DHA,BULK_01,True,False,11.55,True,synthetic_scenario_generator,26006
2022-05-12,IND_DHA,BULK_01,True,False,22.46,True,synthetic_scenario_generator,26006
2022-05-13,IND_DHA,BULK_01,True,False,23.84,True,synthetic_scenario_generator,26006
2022-05-14,IND_DHA,BULK_01,True,False,12.9,True,synthetic_scenario_generator,26006
2022-05-15,IND_DHA,BULK_01,True,False,17.67,True,synthetic_scenario_generator,26006
2022-05-16,IND_DHA,BULK_01,True,False,16.59,True,synthetic_scenario_generator,26006
2022-05-17,IND_DHA,BULK_01,True,False,15.17,True,synthetic_scenario_generator,26006
2022-05-18,IND_DHA,BULK_01,True,False,26.83,True,synthetic_scenario_generator,26006
2022-05-19,IND_DHA,BULK_01,True,False,20.26,True,synthetic_scenario_generator,26006
2022-05-20,IND_DHA,BULK_01,True,False,27.03,True,synthetic_scenario_generator,26006
2022-05-21,IND_DHA,BULK_01,True,False,17.84,True,synthetic_scenario_generator,26006
2022-05-22,IND_DHA,BULK_01,True,False,19.26,True,synthetic_scenario_generator,26006
2022-05-23,IND_DHA,BULK_01,True,False,26.77,True,synthetic_scenario_generator,26006
2022-05-24,IND_DHA,BULK_01,True,False,21.62,True,synthetic_scenario_generator,26006
2022-05-25,IND_DHA,BULK_01,True,False,23.1,True,synthetic_scenario_generator,26006
2022-05-26,IND_DHA,BULK_01,True,False,23.16,True,synthetic_scenario_generator,26006
2022-05-27,IND_DHA,BULK_01,True,False,28.71,True,synthetic_scenario_generator,26006
2022-05-28,IND_DHA,BULK_01,True,False,19.22,True,synthetic_scenario_generator,26006
2022-05-29,IND_DHA,BULK_01,True,False,29.48,True,synthetic_scenario_generator,26006
2022-05-30,IND_DHA,BULK_01,True,False,18.99,True,synthetic_scenario_generator,26006
2022-05-31,IND_DHA,BULK_01,True,False,24.19,True,synthetic_scenario_generator,26006
2022-06-01,IND_DHA,BULK_01,True,False,35.62,True,synthetic_scenario_generator,26006
2022-06-02,IND_DHA,BULK_01,True,False,30.75,True,synthetic_scenario_generator,26006
2022-06-03,IND_DHA,BULK_01,True,False,32.45,True,synthetic_scenario_generator,26006
2022-06-04,IND_DHA,BULK_01,True,False,26.36,True,synthetic_scenario_generator,26006
2022-06-05,IND_DHA,BULK_01,True,False,36.05,True,synthetic_scenario_generator,26006
2022-06-06,IND_DHA,BULK_01,True,False,42.75,True,synthetic_scenario_generator,26006
2022-06-07,IND_DHA,BULK_01,True,False,42.57,True,synthetic_scenario_generator,26006
2022-06-08,IND_DHA,BULK_01,True,False,30.92,True,synthetic_scenario_generator,26006
2022-06-09,IND_DHA,BULK_01,True,False,47.97,True,synthetic_scenario_generator,26006
2022-06-10,IND_DHA,BULK_01,True,False,36.2,True,synthetic_scenario_generator,26006
2022-06-11,IND_DHA,BULK_01,True,False,37.43,True,synthetic_scenario_generator,26006
2022-06-12,IND_DHA,BULK_01,True,False,39.71,True,synthetic_scenario_generator,26006
2022-06-13,IND_DHA,BULK_01,True,False,30.46,True,synthetic_scenario_generator,26006
2022-06-14,IND_DHA,BULK_01,True,False,31.42,True,synthetic_scenario_generator,26006
2022-06-15,IND_DHA,BULK_01,True,False,38.18,True,synthetic_scenario_generator,26006
2022-06-16,IND_DHA,BULK_01,True,False,43.88,True,synthetic_scenario_generator,26006
2022-06-17,IND_DHA,BULK_01,True,False,38.46,True,synthetic_scenario_generator,26006
2022-06-18,IND_DHA,BULK_01,True,False,39.45,True,synthetic_scenario_generator,26006
2022-06-19,IND_DHA,BULK_01,True,False,36.23,True,synthetic_scenario_generator,26006
2022-06-20,IND_DHA,BULK_01,True,False,30.36,True,synthetic_scenario_generator,26006
2022-06-21,IND_DHA,BULK_01,True,False,29.37,True,synthetic_scenario_generator,26006
2022-06-22,IND_DHA,BULK_01,True,False,33.57,True,synthetic_scenario_generator,26006
2022-06-23,IND_DHA,BULK_01,True,False,42.4,True,synthetic_scenario_generator,26006
2022-06-24,IND_DHA,BULK_01,True,False,30.96,True,synthetic_scenario_generator,26006
2022-06-25,IND_DHA,BULK_01,True,False,31.4,True,synthetic_scenario_generator,26006
2022-06-26,IND_DHA,BULK_01,True,False,34.5,True,synthetic_scenario_generator,26006
2022-06-27,IND_DHA,BULK_01,True,False,39.56,True,synthetic_scenario_generator,26006
2022-06-28,IND_DHA,BULK_01,True,False,38.23,True,synthetic_scenario_generator,26006
2022-06-29,IND_DHA,BULK_01,True,False,27.9,True,synthetic_scenario_generator,26006
2022-06-30,IND_DHA,BULK_01,True,False,38.24,True,synthetic_scenario_generator,26006
2022-07-01,IND_DHA,BULK_01,True,False,36.99,True,synthetic_scenario_generator,26006
2022-07-02,IND_DHA,BULK_01,True,False,38.17,True,synthetic_scenario_generator,26006
2022-07-03,IND_DHA,BULK_01,True,False,24.2,True,synthetic_scenario_generator,26006
2022-07-04,IND_DHA,BULK_01,True,False,28.4,True,synthetic_scenario_generator,26006
2022-07-05,IND_DHA,BULK_01,True,False,22.75,True,synthetic_scenario_generator,26006
2022-07-06,IND_DHA,BULK_01,True,False,46.39,True,synthetic_scenario_generator,26006
2022-07-07,IND_DHA,BULK_01,True,False,29.3,True,synthetic_scenario_generator,26006
2022-07-08,IND_DHA,BULK_01,True,False,23.53,True,synthetic_scenario_generator,26006
2022-07-09,IND_DHA,BULK_01,True,False,21.56,True,synthetic_scenario_generator,26006
2022-07-10,IND_DHA,BULK_01,True,False,27.95,True,synthetic_scenario_generator,26006
2022-07-11,IND_DHA,BULK_01,True,False,25.17,True,synthetic_scenario_generator,26006
2022-07-12,IND_DHA,BULK_01,True,False,28.9,True,synthetic_scenario_generator,26006
2022-07-13,IND_DHA,BULK_01,True,False,31.18,True,synthetic_scenario_generator,26006
2022-07-14,IND_DHA,BULK_01,True,False,23.36,True,synthetic_scenario_generator,26006
2022-07-15,IND_DHA,BULK_01,True,False,27.61,True,synthetic_scenario_generator,26006
2022-07-16,IND_DHA,BULK_01,True,False,33.57,True,synthetic_scenario_generator,26006
2022-07-17,IND_DHA,BULK_01,True,False,26.15,True,synthetic_scenario_generator,26006
2022-07-18,IND_DHA,BULK_01,True,False,14.12,True,synthetic_scenario_generator,26006
2022-07-19,IND_DHA,BULK_01,True,False,26.49,True,synthetic_scenario_generator,26006
2022-07-20,IND_DHA,BULK_01,True,False,29.47,True,synthetic_scenario_generator,26006
2022-07-21,IND_DHA,BULK_01,True,False,24.58,True,synthetic_scenario_generator,26006
2022-07-22,IND_DHA,BULK_01,True,False,19.52,True,synthetic_scenario_generator,26006
2022-07-23,IND_DHA,BULK_01,True,False,22.75,True,synthetic_scenario_generator,26006
2022-07-24,IND_DHA,BULK_01,True,False,5.24,True,synthetic_scenario_generator,26006
2022-07-25,IND_DHA,BULK_01,True,False,16.4,True,synthetic_scenario_generator,26006
2022-07-26,IND_DHA,BULK_01,True,False,8.74,True,synthetic_scenario_generator,26006
2022-07-27,IND_DHA,BULK_01,True,False,11.33,True,synthetic_scenario_generator,26006
2022-07-28,IND_DHA,BULK_01,True,False,14.51,True,synthetic_scenario_generator,26006
2022-07-29,IND_DHA,BULK_01,True,False,21.68,True,synthetic_scenario_generator,26006
2022-07-30,IND_DHA,BULK_01,True,False,13.0,True,synthetic_scenario_generator,26006
2022-07-31,IND_DHA,BULK_01,True,False,25.51,True,synthetic_scenario_generator,26006
2022-08-01,IND_DHA,BULK_01,True,False,20.79,True,synthetic_scenario_generator,26006
2022-08-02,IND_DHA,BULK_01,True,False,16.5,True,synthetic_scenario_generator,26006
2022-08-03,IND_DHA,BULK_01,True,False,23.61,True,synthetic_scenario_generator,26006
2022-08-04,IND_DHA,BULK_01,True,False,18.58,True,synthetic_scenario_generator,26006
2022-08-05,IND_DHA,BULK_01,True,False,18.37,True,synthetic_scenario_generator,26006
2022-08-06,IND_DHA,BULK_01,True,False,21.39,True,synthetic_scenario_generator,26006
2022-08-07,IND_DHA,BULK_01,True,False,22.28,True,synthetic_scenario_generator,26006
2022-08-08,IND_DHA,BULK_01,True,False,15.88,True,synthetic_scenario_generator,26006
2022-08-09,IND_DHA,BULK_01,True,False,15.79,True,synthetic_scenario_generator,26006
2022-08-10,IND_DHA,BULK_01,True,False,26.32,True,synthetic_scenario_generator,26006
2022-08-11,IND_DHA,BULK_01,True,False,18.03,True,synthetic_scenario_generator,26006
2022-08-12,IND_DHA,BULK_01,True,False,21.37,True,synthetic_scenario_generator,26006
2022-08-13,IND_DHA,BULK_01,True,False,22.57,True,synthetic_scenario_generator,26006
2022-08-14,IND_DHA,BULK_01,True,False,31.46,True,synthetic_scenario_generator,26006
2022-08-15,IND_DHA,BULK_01,True,False,17.0,True,synthetic_scenario_generator,26006
2022-08-16,IND_DHA,BULK_01,True,False,17.89,True,synthetic_scenario_generator,26006
2022-08-17,IND_DHA,BULK_01,True,False,19.0,True,synthetic_scenario_generator,26006
2022-08-18,IND_DHA,BULK_01,True,False,25.51,True,synthetic_scenario_generator,26006
2022-08-19,IND_DHA,BULK_01,True,False,26.69,True,synthetic_scenario_generator,26006
2022-08-20,IND_DHA,BULK_01,True,False,25.42,True,synthetic_scenario_generator,26006
2022-08-21,IND_DHA,BULK_01,True,False,15.5,True,synthetic_scenario_generator,26006
2022-08-22,IND_DHA,BULK_01,True,False,32.05,True,synthetic_scenario_generator,26006
2022-08-23,IND_DHA,BULK_01,True,False,28.76,True,synthetic_scenario_generator,26006
2022-08-24,IND_DHA,BULK_01,True,False,23.46,True,synthetic_scenario_generator,26006
2022-08-25,IND_DHA,BULK_01,True,False,27.07,True,synthetic_scenario_generator,26006
2022-08-26,IND_DHA,BULK_01,True,False,21.01,True,synthetic_scenario_generator,26006
2022-08-27,IND_DHA,BULK_01,True,False,17.79,True,synthetic_scenario_generator,26006
2022-08-28,IND_DHA,BULK_01,True,False,33.51,True,synthetic_scenario_generator,26006
2022-08-29,IND_DHA,BULK_01,True,False,25.71,True,synthetic_scenario_generator,26006
2022-08-30,IND_DHA,BULK_01,True,False,26.14,True,synthetic_scenario_generator,26006
2022-08-31,IND_DHA,BULK_01,True,False,19.77,True,synthetic_scenario_generator,26006
2022-09-01,IND_DHA,BULK_01,True,False,41.7,True,synthetic_scenario_generator,26006
2022-09-02,IND_DHA,BULK_01,True,False,28.43,True,synthetic_scenario_generator,26006
2022-09-03,IND_DHA,BULK_01,True,False,36.01,True,synthetic_scenario_generator,26006
2022-09-04,IND_DHA,BULK_01,True,False,32.93,True,synthetic_scenario_generator,26006
2022-09-05,IND_DHA,BULK_01,True,False,38.68,True,synthetic_scenario_generator,26006
2022-09-06,IND_DHA,BULK_01,True,False,33.1,True,synthetic_scenario_generator,26006
2022-09-07,IND_DHA,BULK_01,True,False,33.11,True,synthetic_scenario_generator,26006
2022-09-08,IND_DHA,BULK_01,True,False,33.16,True,synthetic_scenario_generator,26006
2022-09-09,IND_DHA,BULK_01,True,False,38.73,True,synthetic_scenario_generator,26006
2022-09-10,IND_DHA,BULK_01,True,False,35.91,True,synthetic_scenario_generator,26006
2022-09-11,IND_DHA,BULK_01,True,False,37.68,True,synthetic_scenario_generator,26006
2022-09-12,IND_DHA,BULK_01,True,False,30.14,True,synthetic_scenario_generator,26006
2022-09-13,IND_DHA,BULK_01,True,False,45.3,True,synthetic_scenario_generator,26006
2022-09-14,IND_DHA,BULK_01,True,False,43.26,True,synthetic_scenario_generator,26006
2022-09-15,IND_DHA,BULK_01,False,True,41.36,True,synthetic_scenario_generator,26006
2022-09-16,IND_DHA,BULK_01,True,False,31.26,True,synthetic_scenario_generator,26006
2022-09-17,IND_DHA,BULK_01,True,False,34.41,True,synthetic_scenario_generator,26006
2022-09-18,IND_DHA,BULK_01,True,False,29.24,True,synthetic_scenario_generator,26006
2022-09-19,IND_DHA,BULK_01,True,False,35.72,True,synthetic_scenario_generator,26006
2022-09-20,IND_DHA,BULK_01,True,False,29.73,True,synthetic_scenario_generator,26006
2022-09-21,IND_DHA,BULK_01,True,False,33.19,True,synthetic_scenario_generator,26006
2022-09-22,IND_DHA,BULK_01,True,False,30.27,True,synthetic_scenario_generator,26006
2022-09-23,IND_DHA,BULK_01,True,False,27.93,True,synthetic_scenario_generator,26006
2022-09-24,IND_DHA,BULK_01,True,False,36.51,True,synthetic_scenario_generator,26006
2022-09-25,IND_DHA,BULK_01,True,False,25.21,True,synthetic_scenario_generator,26006
2022-09-26,IND_DHA,BULK_01,True,False,29.41,True,synthetic_scenario_generator,26006
2022-09-27,IND_DHA,BULK_01,True,False,31.34,True,synthetic_scenario_generator,26006
2022-09-28,IND_DHA,BULK_01,True,False,32.03,True,synthetic_scenario_generator,26006
2022-09-29,IND_DHA,BULK_01,True,False,41.24,True,synthetic_scenario_generator,26006
2022-09-30,IND_DHA,BULK_01,True,False,41.52,True,synthetic_scenario_generator,26006
2022-10-01,IND_DHA,BULK_01,True,False,28.32,True,synthetic_scenario_generator,26006
2022-10-02,IND_DHA,BULK_01,True,False,30.6,True,synthetic_scenario_generator,26006
2022-10-03,IND_DHA,BULK_01,True,False,25.91,True,synthetic_scenario_generator,26006
2022-10-04,IND_DHA,BULK_01,True,False,24.3,True,synthetic_scenario_generator,26006
2022-10-05,IND_DHA,BULK_01,True,False,22.68,True,synthetic_scenario_generator,26006
2022-10-06,IND_DHA,BULK_01,True,False,32.75,True,synthetic_scenario_generator,26006
2022-10-07,IND_DHA,BULK_01,True,False,29.21,True,synthetic_scenario_generator,26006
2022-10-08,IND_DHA,BULK_01,True,False,25.15,True,synthetic_scenario_generator,26006
2022-10-09,IND_DHA,BULK_01,True,False,22.27,True,synthetic_scenario_generator,26006
2022-10-10,IND_DHA,BULK_01,True,False,26.95,True,synthetic_scenario_generator,26006
2022-10-11,IND_DHA,BULK_01,True,False,7.02,True,synthetic_scenario_generator,26006
2022-10-12,IND_DHA,BULK_01,True,False,19.84,True,synthetic_scenario_generator,26006
2022-10-13,IND_DHA,BULK_01,True,False,23.88,True,synthetic_scenario_generator,26006
2022-10-14,IND_DHA,BULK_01,True,False,19.66,True,synthetic_scenario_generator,26006
2022-10-15,IND_DHA,BULK_01,True,False,10.41,True,synthetic_scenario_generator,26006
2022-10-16,IND_DHA,BULK_01,True,False,10.57,True,synthetic_scenario_generator,26006
2022-10-17,IND_DHA,BULK_01,True,False,26.41,True,synthetic_scenario_generator,26006
2022-10-18,IND_DHA,BULK_01,True,False,28.09,True,synthetic_scenario_generator,26006
2022-10-19,IND_DHA,BULK_01,True,False,12.92,True,synthetic_scenario_generator,26006
2022-10-20,IND_DHA,BULK_01,True,False,21.78,True,synthetic_scenario_generator,26006
2022-10-21,IND_DHA,BULK_01,True,False,11.45,True,synthetic_scenario_generator,26006
2022-10-22,IND_DHA,BULK_01,True,False,23.55,True,synthetic_scenario_generator,26006
2022-10-23,IND_DHA,BULK_01,True,False,16.58,True,synthetic_scenario_generator,26006
2022-10-24,IND_DHA,BULK_01,True,False,17.18,True,synthetic_scenario_generator,26006
2022-10-25,IND_DHA,BULK_01,True,False,22.21,True,synthetic_scenario_generator,26006
2022-10-26,IND_DHA,BULK_01,True,False,11.67,True,synthetic_scenario_generator,26006
2022-10-27,IND_DHA,BULK_01,True,False,16.59,True,synthetic_scenario_generator,26006
2022-10-28,IND_DHA,BULK_01,True,False,15.57,True,synthetic_scenario_generator,26006
2022-10-29,IND_DHA,BULK_01,True,False,18.7,True,synthetic_scenario_generator,26006
2022-10-30,IND_DHA,BULK_01,True,False,10.19,True,synthetic_scenario_generator,26006
2022-10-31,IND_DHA,BULK_01,True,False,4.22,True,synthetic_scenario_generator,26006
2022-11-01,IND_DHA,BULK_01,True,False,15.7,True,synthetic_scenario_generator,26006
2022-11-02,IND_DHA,BULK_01,True,False,16.73,True,synthetic_scenario_generator,26006
2022-11-03,IND_DHA,BULK_01,True,False,18.09,True,synthetic_scenario_generator,26006
2022-11-04,IND_DHA,BULK_01,True,False,17.73,True,synthetic_scenario_generator,26006
2022-11-05,IND_DHA,BULK_01,True,False,21.34,True,synthetic_scenario_generator,26006
2022-11-06,IND_DHA,BULK_01,True,False,21.59,True,synthetic_scenario_generator,26006
2022-11-07,IND_DHA,BULK_01,True,False,7.7,True,synthetic_scenario_generator,26006
2022-11-08,IND_DHA,BULK_01,True,False,12.48,True,synthetic_scenario_generator,26006
2022-11-09,IND_DHA,BULK_01,True,False,13.49,True,synthetic_scenario_generator,26006
2022-11-10,IND_DHA,BULK_01,True,False,13.12,True,synthetic_scenario_generator,26006
2022-11-11,IND_DHA,BULK_01,True,False,8.01,True,synthetic_scenario_generator,26006
2022-11-12,IND_DHA,BULK_01,True,False,20.43,True,synthetic_scenario_generator,26006
2022-11-13,IND_DHA,BULK_01,True,False,23.0,True,synthetic_scenario_generator,26006
2022-11-14,IND_DHA,BULK_01,True,False,10.12,True,synthetic_scenario_generator,26006
2022-11-15,IND_DHA,BULK_01,True,False,14.29,True,synthetic_scenario_generator,26006
2022-11-16,IND_DHA,BULK_01,True,False,18.22,True,synthetic_scenario_generator,26006
2022-11-17,IND_DHA,BULK_01,True,False,25.01,True,synthetic_scenario_generator,26006
2022-11-18,IND_DHA,BULK_01,True,False,16.7,True,synthetic_scenario_generator,26006
2022-11-19,IND_DHA,BULK_01,True,False,16.8,True,synthetic_scenario_generator,26006
2022-11-20,IND_DHA,BULK_01,True,False,25.91,True,synthetic_scenario_generator,26006
2022-11-21,IND_DHA,BULK_01,True,False,19.04,True,synthetic_scenario_generator,26006
2022-11-22,IND_DHA,BULK_01,True,False,15.27,True,synthetic_scenario_generator,26006
2022-11-23,IND_DHA,BULK_01,True,False,20.97,True,synthetic_scenario_generator,26006
2022-11-24,IND_DHA,BULK_01,True,False,20.58,True,synthetic_scenario_generator,26006
2022-11-25,IND_DHA,BULK_01,True,False,13.03,True,synthetic_scenario_generator,26006
2022-11-26,IND_DHA,BULK_01,True,False,18.41,True,synthetic_scenario_generator,26006
2022-11-27,IND_DHA,BULK_01,True,False,26.89,True,synthetic_scenario_generator,26006
2022-11-28,IND_DHA,BULK_01,True,False,17.08,True,synthetic_scenario_generator,26006
2022-11-29,IND_DHA,BULK_01,True,False,23.33,True,synthetic_scenario_generator,26006
2022-11-30,IND_DHA,BULK_01,True,False,25.02,True,synthetic_scenario_generator,26006
2022-12-01,IND_DHA,BULK_01,True,False,34.96,True,synthetic_scenario_generator,26006
2022-12-02,IND_DHA,BULK_01,True,False,40.74,True,synthetic_scenario_generator,26006
2022-12-03,IND_DHA,BULK_01,True,False,22.03,True,synthetic_scenario_generator,26006
2022-12-04,IND_DHA,BULK_01,True,False,29.06,True,synthetic_scenario_generator,26006
2022-12-05,IND_DHA,BULK_01,True,False,34.15,True,synthetic_scenario_generator,26006
2022-12-06,IND_DHA,BULK_01,True,False,24.03,True,synthetic_scenario_generator,26006
2022-12-07,IND_DHA,BULK_01,True,False,36.58,True,synthetic_scenario_generator,26006
2022-12-08,IND_DHA,BULK_01,True,False,32.3,True,synthetic_scenario_generator,26006
2022-12-09,IND_DHA,BULK_01,True,False,32.85,True,synthetic_scenario_generator,26006
2022-12-10,IND_DHA,BULK_01,True,False,22.93,True,synthetic_scenario_generator,26006
2022-12-11,IND_DHA,BULK_01,True,False,37.91,True,synthetic_scenario_generator,26006
2022-12-12,IND_DHA,BULK_01,True,False,27.83,True,synthetic_scenario_generator,26006
2022-12-13,IND_DHA,BULK_01,True,False,28.23,True,synthetic_scenario_generator,26006
2022-12-14,IND_DHA,BULK_01,True,False,38.54,True,synthetic_scenario_generator,26006
2022-12-15,IND_DHA,BULK_01,True,False,28.07,True,synthetic_scenario_generator,26006
2022-12-16,IND_DHA,BULK_01,True,False,37.64,True,synthetic_scenario_generator,26006
2022-12-17,IND_DHA,BULK_01,True,False,31.81,True,synthetic_scenario_generator,26006
2022-12-18,IND_DHA,BULK_01,True,False,34.21,True,synthetic_scenario_generator,26006
2022-12-19,IND_DHA,BULK_01,True,False,33.86,True,synthetic_scenario_generator,26006
2022-12-20,IND_DHA,BULK_01,True,False,35.88,True,synthetic_scenario_generator,26006
2022-12-21,IND_DHA,BULK_01,True,False,23.1,True,synthetic_scenario_generator,26006
2022-12-22,IND_DHA,BULK_01,True,False,35.32,True,synthetic_scenario_generator,26006
2022-12-23,IND_DHA,BULK_01,True,False,32.63,True,synthetic_scenario_generator,26006
2022-12-24,IND_DHA,BULK_01,True,False,26.41,True,synthetic_scenario_generator,26006
2022-12-25,IND_DHA,BULK_01,True,False,34.09,True,synthetic_scenario_generator,26006
2022-12-26,IND_DHA,BULK_01,True,False,34.56,True,synthetic_scenario_generator,26006
2022-12-27,IND_DHA,BULK_01,True,False,25.93,True,synthetic_scenario_generator,26006
2022-12-28,IND_DHA,BULK_01,True,False,28.87,True,synthetic_scenario_generator,26006
2022-12-29,IND_DHA,BULK_01,True,False,27.59,True,synthetic_scenario_generator,26006
2022-12-30,IND_DHA,BULK_01,True,False,31.33,True,synthetic_scenario_generator,26006
2022-12-31,IND_DHA,BULK_01,True,False,23.88,True,synthetic_scenario_generator,26006
2023-01-01,IND_DHA,BULK_01,True,False,29.52,True,synthetic_scenario_generator,26006
2023-01-02,IND_DHA,BULK_01,True,False,19.61,True,synthetic_scenario_generator,26006
2023-01-03,IND_DHA,BULK_01,True,False,24.81,True,synthetic_scenario_generator,26006
2023-01-04,IND_DHA,BULK_01,True,False,27.95,True,synthetic_scenario_generator,26006
2023-01-05,IND_DHA,BULK_01,True,False,25.12,True,synthetic_scenario_generator,26006
2023-01-06,IND_DHA,BULK_01,True,False,17.77,True,synthetic_scenario_generator,26006
2023-01-07,IND_DHA,BULK_01,True,False,21.77,True,synthetic_scenario_generator,26006
2023-01-08,IND_DHA,BULK_01,True,False,14.15,True,synthetic_scenario_generator,26006
2023-01-09,IND_DHA,BULK_01,True,False,23.94,True,synthetic_scenario_generator,26006
2023-01-10,IND_DHA,BULK_01,True,False,10.74,True,synthetic_scenario_generator,26006
2023-01-11,IND_DHA,BULK_01,True,False,7.36,True,synthetic_scenario_generator,26006
2023-01-12,IND_DHA,BULK_01,True,False,30.78,True,synthetic_scenario_generator,26006
2023-01-13,IND_DHA,BULK_01,True,False,24.88,True,synthetic_scenario_generator,26006
2023-01-14,IND_DHA,BULK_01,True,False,22.91,True,synthetic_scenario_generator,26006
2023-01-15,IND_DHA,BULK_01,True,False,8.39,True,synthetic_scenario_generator,26006
2023-01-16,IND_DHA,BULK_01,True,False,16.64,True,synthetic_scenario_generator,26006
2023-01-17,IND_DHA,BULK_01,True,False,18.63,True,synthetic_scenario_generator,26006
2023-01-18,IND_DHA,BULK_01,True,False,13.43,True,synthetic_scenario_generator,26006
2023-01-19,IND_DHA,BULK_01,True,False,19.14,True,synthetic_scenario_generator,26006
2023-01-20,IND_DHA,BULK_01,True,False,19.24,True,synthetic_scenario_generator,26006
2023-01-21,IND_DHA,BULK_01,True,False,12.55,True,synthetic_scenario_generator,26006
2023-01-22,IND_DHA,BULK_01,True,False,11.83,True,synthetic_scenario_generator,26006
2023-01-23,IND_DHA,BULK_01,True,False,15.75,True,synthetic_scenario_generator,26006
2023-01-24,IND_DHA,BULK_01,True,False,7.77,True,synthetic_scenario_generator,26006
2023-01-25,IND_DHA,BULK_01,True,False,14.36,True,synthetic_scenario_generator,26006
2023-01-26,IND_DHA,BULK_01,True,False,19.94,True,synthetic_scenario_generator,26006
2023-01-27,IND_DHA,BULK_01,True,False,17.92,True,synthetic_scenario_generator,26006
2023-01-28,IND_DHA,BULK_01,True,False,12.9,True,synthetic_scenario_generator,26006
2023-01-29,IND_DHA,BULK_01,True,False,16.69,True,synthetic_scenario_generator,26006
2023-01-30,IND_DHA,BULK_01,True,False,9.8,True,synthetic_scenario_generator,26006
2023-01-31,IND_DHA,BULK_01,True,False,12.85,True,synthetic_scenario_generator,26006
2023-02-01,IND_DHA,BULK_01,True,False,21.95,True,synthetic_scenario_generator,26006
2023-02-02,IND_DHA,BULK_01,True,False,5.47,True,synthetic_scenario_generator,26006
2023-02-03,IND_DHA,BULK_01,True,False,17.33,True,synthetic_scenario_generator,26006
2023-02-04,IND_DHA,BULK_01,True,False,13.37,True,synthetic_scenario_generator,26006
2023-02-05,IND_DHA,BULK_01,True,False,10.32,True,synthetic_scenario_generator,26006
2023-02-06,IND_DHA,BULK_01,True,False,10.24,True,synthetic_scenario_generator,26006
2023-02-07,IND_DHA,BULK_01,True,False,14.38,True,synthetic_scenario_generator,26006
2023-02-08,IND_DHA,BULK_01,True,False,16.68,True,synthetic_scenario_generator,26006
2023-02-09,IND_DHA,BULK_01,True,False,13.47,True,synthetic_scenario_generator,26006
2023-02-10,IND_DHA,BULK_01,True,False,13.53,True,synthetic_scenario_generator,26006
2023-02-11,IND_DHA,BULK_01,True,False,9.36,True,synthetic_scenario_generator,26006
2023-02-12,IND_DHA,BULK_01,True,False,15.38,True,synthetic_scenario_generator,26006
2023-02-13,IND_DHA,BULK_01,True,False,14.73,True,synthetic_scenario_generator,26006
2023-02-14,IND_DHA,BULK_01,True,False,21.65,True,synthetic_scenario_generator,26006
2023-02-15,IND_DHA,BULK_01,True,False,15.33,True,synthetic_scenario_generator,26006
2023-02-16,IND_DHA,BULK_01,True,False,23.83,True,synthetic_scenario_generator,26006
2023-02-17,IND_DHA,BULK_01,True,False,34.01,True,synthetic_scenario_generator,26006
2023-02-18,IND_DHA,BULK_01,True,False,19.91,True,synthetic_scenario_generator,26006
2023-02-19,IND_DHA,BULK_01,True,False,22.65,True,synthetic_scenario_generator,26006
2023-02-20,IND_DHA,BULK_01,True,False,17.94,True,synthetic_scenario_generator,26006
2023-02-21,IND_DHA,BULK_01,True,False,19.9,True,synthetic_scenario_generator,26006
2023-02-22,IND_DHA,BULK_01,True,False,13.67,True,synthetic_scenario_generator,26006
2023-02-23,IND_DHA,BULK_01,True,False,34.24,True,synthetic_scenario_generator,26006
2023-02-24,IND_DHA,BULK_01,True,False,26.3,True,synthetic_scenario_generator,26006
2023-02-25,IND_DHA,BULK_01,True,False,22.58,True,synthetic_scenario_generator,26006
2023-02-26,IND_DHA,BULK_01,True,False,27.45,True,synthetic_scenario_generator,26006
2023-02-27,IND_DHA,BULK_01,True,False,33.68,True,synthetic_scenario_generator,26006
2023-02-28,IND_DHA,BULK_01,True,False,26.07,True,synthetic_scenario_generator,26006
2023-03-01,IND_DHA,BULK_01,True,False,26.89,True,synthetic_scenario_generator,26006
2023-03-02,IND_DHA,BULK_01,True,False,29.68,True,synthetic_scenario_generator,26006
2023-03-03,IND_DHA,BULK_01,True,False,31.68,True,synthetic_scenario_generator,26006
2023-03-04,IND_DHA,BULK_01,True,False,36.47,True,synthetic_scenario_generator,26006
2023-03-05,IND_DHA,BULK_01,True,False,32.58,True,synthetic_scenario_generator,26006
2023-03-06,IND_DHA,BULK_01,True,False,27.99,True,synthetic_scenario_generator,26006
2023-03-07,IND_DHA,BULK_01,True,False,29.09,True,synthetic_scenario_generator,26006
2023-03-08,IND_DHA,BULK_01,True,False,34.31,True,synthetic_scenario_generator,26006
2023-03-09,IND_DHA,BULK_01,True,False,26.94,True,synthetic_scenario_generator,26006
2023-03-10,IND_DHA,BULK_01,True,False,34.64,True,synthetic_scenario_generator,26006
2023-03-11,IND_DHA,BULK_01,True,False,36.02,True,synthetic_scenario_generator,26006
2023-03-12,IND_DHA,BULK_01,True,False,29.57,True,synthetic_scenario_generator,26006
2023-03-13,IND_DHA,BULK_01,True,False,30.87,True,synthetic_scenario_generator,26006
2023-03-14,IND_DHA,BULK_01,True,False,41.01,True,synthetic_scenario_generator,26006
2023-03-15,IND_DHA,BULK_01,False,True,31.31,True,synthetic_scenario_generator,26006
2023-03-16,IND_DHA,BULK_01,True,False,36.9,True,synthetic_scenario_generator,26006
2023-03-17,IND_DHA,BULK_01,True,False,27.82,True,synthetic_scenario_generator,26006
2023-03-18,IND_DHA,BULK_01,True,False,26.24,True,synthetic_scenario_generator,26006
2023-03-19,IND_DHA,BULK_01,True,False,30.51,True,synthetic_scenario_generator,26006
2023-03-20,IND_DHA,BULK_01,True,False,30.3,True,synthetic_scenario_generator,26006
2023-03-21,IND_DHA,BULK_01,True,False,35.82,True,synthetic_scenario_generator,26006
2023-03-22,IND_DHA,BULK_01,True,False,30.1,True,synthetic_scenario_generator,26006
2023-03-23,IND_DHA,BULK_01,True,False,27.88,True,synthetic_scenario_generator,26006
2023-03-24,IND_DHA,BULK_01,True,False,30.3,True,synthetic_scenario_generator,26006
2023-03-25,IND_DHA,BULK_01,True,False,24.42,True,synthetic_scenario_generator,26006
2023-03-26,IND_DHA,BULK_01,True,False,21.01,True,synthetic_scenario_generator,26006
2023-03-27,IND_DHA,BULK_01,True,False,22.63,True,synthetic_scenario_generator,26006
2023-03-28,IND_DHA,BULK_01,True,False,30.54,True,synthetic_scenario_generator,26006
2023-03-29,IND_DHA,BULK_01,True,False,24.22,True,synthetic_scenario_generator,26006
2023-03-30,IND_DHA,BULK_01,True,False,21.2,True,synthetic_scenario_generator,26006
2023-03-31,IND_DHA,BULK_01,True,False,17.74,True,synthetic_scenario_generator,26006
2023-04-01,IND_DHA,BULK_01,True,False,24.37,True,synthetic_scenario_generator,26006
2023-04-02,IND_DHA,BULK_01,True,False,31.42,True,synthetic_scenario_generator,26006
2023-04-03,IND_DHA,BULK_01,True,False,29.88,True,synthetic_scenario_generator,26006
2023-04-04,IND_DHA,BULK_01,True,False,22.21,True,synthetic_scenario_generator,26006
2023-04-05,IND_DHA,BULK_01,True,False,21.09,True,synthetic_scenario_generator,26006
2023-04-06,IND_DHA,BULK_01,True,False,10.92,True,synthetic_scenario_generator,26006
2023-04-07,IND_DHA,BULK_01,True,False,28.47,True,synthetic_scenario_generator,26006
2023-04-08,IND_DHA,BULK_01,True,False,24.31,True,synthetic_scenario_generator,26006
2023-04-09,IND_DHA,BULK_01,True,False,19.07,True,synthetic_scenario_generator,26006
2023-04-10,IND_DHA,BULK_01,True,False,23.46,True,synthetic_scenario_generator,26006
2023-04-11,IND_DHA,BULK_01,True,False,28.36,True,synthetic_scenario_generator,26006
2023-04-12,IND_DHA,BULK_01,True,False,24.5,True,synthetic_scenario_generator,26006
2023-04-13,IND_DHA,BULK_01,True,False,28.04,True,synthetic_scenario_generator,26006
2023-04-14,IND_DHA,BULK_01,True,False,20.61,True,synthetic_scenario_generator,26006
2023-04-15,IND_DHA,BULK_01,True,False,17.13,True,synthetic_scenario_generator,26006
2023-04-16,IND_DHA,BULK_01,True,False,15.31,True,synthetic_scenario_generator,26006
2023-04-17,IND_DHA,BULK_01,True,False,18.03,True,synthetic_scenario_generator,26006
2023-04-18,IND_DHA,BULK_01,True,False,12.39,True,synthetic_scenario_generator,26006
2023-04-19,IND_DHA,BULK_01,True,False,16.36,True,synthetic_scenario_generator,26006
2023-04-20,IND_DHA,BULK_01,True,False,10.65,True,synthetic_scenario_generator,26006
2023-04-21,IND_DHA,BULK_01,True,False,18.6,True,synthetic_scenario_generator,26006
2023-04-22,IND_DHA,BULK_01,True,False,10.79,True,synthetic_scenario_generator,26006
2023-04-23,IND_DHA,BULK_01,True,False,7.7,True,synthetic_scenario_generator,26006
2023-04-24,IND_DHA,BULK_01,True,False,12.46,True,synthetic_scenario_generator,26006
2023-04-25,IND_DHA,BULK_01,True,False,14.92,True,synthetic_scenario_generator,26006
2023-04-26,IND_DHA,BULK_01,True,False,9.46,True,synthetic_scenario_generator,26006
2023-04-27,IND_DHA,BULK_01,True,False,11.87,True,synthetic_scenario_generator,26006
2023-04-28,IND_DHA,BULK_01,True,False,17.97,True,synthetic_scenario_generator,26006
2023-04-29,IND_DHA,BULK_01,True,False,12.97,True,synthetic_scenario_generator,26006
2023-04-30,IND_DHA,BULK_01,True,False,12.19,True,synthetic_scenario_generator,26006
2023-05-01,IND_DHA,BULK_01,True,False,2.0,True,synthetic_scenario_generator,26006
2023-05-02,IND_DHA,BULK_01,True,False,12.25,True,synthetic_scenario_generator,26006
2023-05-03,IND_DHA,BULK_01,True,False,21.7,True,synthetic_scenario_generator,26006
2023-05-04,IND_DHA,BULK_01,True,False,13.75,True,synthetic_scenario_generator,26006
2023-05-05,IND_DHA,BULK_01,True,False,10.95,True,synthetic_scenario_generator,26006
2023-05-06,IND_DHA,BULK_01,True,False,19.71,True,synthetic_scenario_generator,26006
2023-05-07,IND_DHA,BULK_01,True,False,16.57,True,synthetic_scenario_generator,26006
2023-05-08,IND_DHA,BULK_01,True,False,12.06,True,synthetic_scenario_generator,26006
2023-05-09,IND_DHA,BULK_01,True,False,14.06,True,synthetic_scenario_generator,26006
2023-05-10,IND_DHA,BULK_01,True,False,13.88,True,synthetic_scenario_generator,26006
2023-05-11,IND_DHA,BULK_01,True,False,18.94,True,synthetic_scenario_generator,26006
2023-05-12,IND_DHA,BULK_01,True,False,19.73,True,synthetic_scenario_generator,26006
2023-05-13,IND_DHA,BULK_01,True,False,17.22,True,synthetic_scenario_generator,26006
2023-05-14,IND_DHA,BULK_01,True,False,22.3,True,synthetic_scenario_generator,26006
2023-05-15,IND_DHA,BULK_01,True,False,22.0,True,synthetic_scenario_generator,26006
2023-05-16,IND_DHA,BULK_01,True,False,8.09,True,synthetic_scenario_generator,26006
2023-05-17,IND_DHA,BULK_01,True,False,24.35,True,synthetic_scenario_generator,26006
2023-05-18,IND_DHA,BULK_01,True,False,18.3,True,synthetic_scenario_generator,26006
2023-05-19,IND_DHA,BULK_01,True,False,20.34,True,synthetic_scenario_generator,26006
2023-05-20,IND_DHA,BULK_01,True,False,24.28,True,synthetic_scenario_generator,26006
2023-05-21,IND_DHA,BULK_01,True,False,18.6,True,synthetic_scenario_generator,26006
2023-05-22,IND_DHA,BULK_01,True,False,36.42,True,synthetic_scenario_generator,26006
2023-05-23,IND_DHA,BULK_01,True,False,20.56,True,synthetic_scenario_generator,26006
2023-05-24,IND_DHA,BULK_01,True,False,35.56,True,synthetic_scenario_generator,26006
2023-05-25,IND_DHA,BULK_01,True,False,28.65,True,synthetic_scenario_generator,26006
2023-05-26,IND_DHA,BULK_01,True,False,16.29,True,synthetic_scenario_generator,26006
2023-05-27,IND_DHA,BULK_01,True,False,14.68,True,synthetic_scenario_generator,26006
2023-05-28,IND_DHA,BULK_01,True,False,32.29,True,synthetic_scenario_generator,26006
2023-05-29,IND_DHA,BULK_01,True,False,28.2,True,synthetic_scenario_generator,26006
2023-05-30,IND_DHA,BULK_01,True,False,31.05,True,synthetic_scenario_generator,26006
2023-05-31,IND_DHA,BULK_01,True,False,17.85,True,synthetic_scenario_generator,26006
2023-06-01,IND_DHA,BULK_01,True,False,31.34,True,synthetic_scenario_generator,26006
2023-06-02,IND_DHA,BULK_01,True,False,30.52,True,synthetic_scenario_generator,26006
2023-06-03,IND_DHA,BULK_01,True,False,42.35,True,synthetic_scenario_generator,26006
2023-06-04,IND_DHA,BULK_01,True,False,33.88,True,synthetic_scenario_generator,26006
2023-06-05,IND_DHA,BULK_01,True,False,39.89,True,synthetic_scenario_generator,26006
2023-06-06,IND_DHA,BULK_01,True,False,38.0,True,synthetic_scenario_generator,26006
2023-06-07,IND_DHA,BULK_01,True,False,35.97,True,synthetic_scenario_generator,26006
2023-06-08,IND_DHA,BULK_01,True,False,30.66,True,synthetic_scenario_generator,26006
2023-06-09,IND_DHA,BULK_01,True,False,32.05,True,synthetic_scenario_generator,26006
2023-06-10,IND_DHA,BULK_01,True,False,37.49,True,synthetic_scenario_generator,26006
2023-06-11,IND_DHA,BULK_01,True,False,35.55,True,synthetic_scenario_generator,26006
2023-06-12,IND_DHA,BULK_01,True,False,40.58,True,synthetic_scenario_generator,26006
2023-06-13,IND_DHA,BULK_01,True,False,23.63,True,synthetic_scenario_generator,26006
2023-06-14,IND_DHA,BULK_01,True,False,33.98,True,synthetic_scenario_generator,26006
2023-06-15,IND_DHA,BULK_01,True,False,38.74,True,synthetic_scenario_generator,26006
2023-06-16,IND_DHA,BULK_01,True,False,31.24,True,synthetic_scenario_generator,26006
2023-06-17,IND_DHA,BULK_01,True,False,40.12,True,synthetic_scenario_generator,26006
2023-06-18,IND_DHA,BULK_01,True,False,38.86,True,synthetic_scenario_generator,26006
2023-06-19,IND_DHA,BULK_01,True,False,38.73,True,synthetic_scenario_generator,26006
2023-06-20,IND_DHA,BULK_01,True,False,32.14,True,synthetic_scenario_generator,26006
2023-06-21,IND_DHA,BULK_01,True,False,37.36,True,synthetic_scenario_generator,26006
2023-06-22,IND_DHA,BULK_01,True,False,36.03,True,synthetic_scenario_generator,26006
2023-06-23,IND_DHA,BULK_01,True,False,35.35,True,synthetic_scenario_generator,26006
2023-06-24,IND_DHA,BULK_01,True,False,46.65,True,synthetic_scenario_generator,26006
2023-06-25,IND_DHA,BULK_01,True,False,26.88,True,synthetic_scenario_generator,26006
2023-06-26,IND_DHA,BULK_01,True,False,31.08,True,synthetic_scenario_generator,26006
2023-06-27,IND_DHA,BULK_01,True,False,37.65,True,synthetic_scenario_generator,26006
2023-06-28,IND_DHA,BULK_01,True,False,32.99,True,synthetic_scenario_generator,26006
2023-06-29,IND_DHA,BULK_01,True,False,36.6,True,synthetic_scenario_generator,26006
2023-06-30,IND_DHA,BULK_01,True,False,34.47,True,synthetic_scenario_generator,26006
2023-07-01,IND_DHA,BULK_01,True,False,19.43,True,synthetic_scenario_generator,26006
2023-07-02,IND_DHA,BULK_01,True,False,26.81,True,synthetic_scenario_generator,26006
2023-07-03,IND_DHA,BULK_01,True,False,30.07,True,synthetic_scenario_generator,26006
2023-07-04,IND_DHA,BULK_01,True,False,33.29,True,synthetic_scenario_generator,26006
2023-07-05,IND_DHA,BULK_01,True,False,25.2,True,synthetic_scenario_generator,26006
2023-07-06,IND_DHA,BULK_01,True,False,26.7,True,synthetic_scenario_generator,26006
2023-07-07,IND_DHA,BULK_01,True,False,29.25,True,synthetic_scenario_generator,26006
2023-07-08,IND_DHA,BULK_01,True,False,29.52,True,synthetic_scenario_generator,26006
2023-07-09,IND_DHA,BULK_01,True,False,26.58,True,synthetic_scenario_generator,26006
2023-07-10,IND_DHA,BULK_01,True,False,30.98,True,synthetic_scenario_generator,26006
2023-07-11,IND_DHA,BULK_01,True,False,26.81,True,synthetic_scenario_generator,26006
2023-07-12,IND_DHA,BULK_01,True,False,17.8,True,synthetic_scenario_generator,26006
2023-07-13,IND_DHA,BULK_01,True,False,26.41,True,synthetic_scenario_generator,26006
2023-07-14,IND_DHA,BULK_01,True,False,29.23,True,synthetic_scenario_generator,26006
2023-07-15,IND_DHA,BULK_01,True,False,37.03,True,synthetic_scenario_generator,26006
2023-07-16,IND_DHA,BULK_01,True,False,16.26,True,synthetic_scenario_generator,26006
2023-07-17,IND_DHA,BULK_01,True,False,25.17,True,synthetic_scenario_generator,26006
2023-07-18,IND_DHA,BULK_01,True,False,27.17,True,synthetic_scenario_generator,26006
2023-07-19,IND_DHA,BULK_01,True,False,14.88,True,synthetic_scenario_generator,26006
2023-07-20,IND_DHA,BULK_01,True,False,16.63,True,synthetic_scenario_generator,26006
2023-07-21,IND_DHA,BULK_01,True,False,15.41,True,synthetic_scenario_generator,26006
2023-07-22,IND_DHA,BULK_01,True,False,17.04,True,synthetic_scenario_generator,26006
2023-07-23,IND_DHA,BULK_01,True,False,27.73,True,synthetic_scenario_generator,26006
2023-07-24,IND_DHA,BULK_01,True,False,13.77,True,synthetic_scenario_generator,26006
2023-07-25,IND_DHA,BULK_01,True,False,17.15,True,synthetic_scenario_generator,26006
2023-07-26,IND_DHA,BULK_01,True,False,10.27,True,synthetic_scenario_generator,26006
2023-07-27,IND_DHA,BULK_01,True,False,20.97,True,synthetic_scenario_generator,26006
2023-07-28,IND_DHA,BULK_01,True,False,21.3,True,synthetic_scenario_generator,26006
2023-07-29,IND_DHA,BULK_01,True,False,20.85,True,synthetic_scenario_generator,26006
2023-07-30,IND_DHA,BULK_01,True,False,10.53,True,synthetic_scenario_generator,26006
2023-07-31,IND_DHA,BULK_01,True,False,7.68,True,synthetic_scenario_generator,26006
2023-08-01,IND_DHA,BULK_01,True,False,15.43,True,synthetic_scenario_generator,26006
2023-08-02,IND_DHA,BULK_01,True,False,19.86,True,synthetic_scenario_generator,26006
2023-08-03,IND_DHA,BULK_01,True,False,18.47,True,synthetic_scenario_generator,26006
2023-08-04,IND_DHA,BULK_01,True,False,15.67,True,synthetic_scenario_generator,26006
2023-08-05,IND_DHA,BULK_01,True,False,18.36,True,synthetic_scenario_generator,26006
2023-08-06,IND_DHA,BULK_01,True,False,20.74,True,synthetic_scenario_generator,26006
2023-08-07,IND_DHA,BULK_01,True,False,6.59,True,synthetic_scenario_generator,26006
2023-08-08,IND_DHA,BULK_01,True,False,18.17,True,synthetic_scenario_generator,26006
2023-08-09,IND_DHA,BULK_01,True,False,15.12,True,synthetic_scenario_generator,26006
2023-08-10,IND_DHA,BULK_01,True,False,19.01,True,synthetic_scenario_generator,26006
2023-08-11,IND_DHA,BULK_01,True,False,28.8,True,synthetic_scenario_generator,26006
2023-08-12,IND_DHA,BULK_01,True,False,28.75,True,synthetic_scenario_generator,26006
2023-08-13,IND_DHA,BULK_01,True,False,29.59,True,synthetic_scenario_generator,26006
2023-08-14,IND_DHA,BULK_01,True,False,30.28,True,synthetic_scenario_generator,26006
2023-08-15,IND_DHA,BULK_01,True,False,37.94,True,synthetic_scenario_generator,26006
2023-08-16,IND_DHA,BULK_01,True,False,11.87,True,synthetic_scenario_generator,26006
2023-08-17,IND_DHA,BULK_01,True,False,17.84,True,synthetic_scenario_generator,26006
2023-08-18,IND_DHA,BULK_01,True,False,18.57,True,synthetic_scenario_generator,26006
2023-08-19,IND_DHA,BULK_01,True,False,19.99,True,synthetic_scenario_generator,26006
2023-08-20,IND_DHA,BULK_01,True,False,24.31,True,synthetic_scenario_generator,26006
2023-08-21,IND_DHA,BULK_01,True,False,12.73,True,synthetic_scenario_generator,26006
2023-08-22,IND_DHA,BULK_01,True,False,25.4,True,synthetic_scenario_generator,26006
2023-08-23,IND_DHA,BULK_01,True,False,30.14,True,synthetic_scenario_generator,26006
2023-08-24,IND_DHA,BULK_01,True,False,25.27,True,synthetic_scenario_generator,26006
2023-08-25,IND_DHA,BULK_01,True,False,20.57,True,synthetic_scenario_generator,26006
2023-08-26,IND_DHA,BULK_01,True,False,31.2,True,synthetic_scenario_generator,26006
2023-08-27,IND_DHA,BULK_01,True,False,30.08,True,synthetic_scenario_generator,26006
2023-08-28,IND_DHA,BULK_01,True,False,27.5,True,synthetic_scenario_generator,26006
2023-08-29,IND_DHA,BULK_01,True,False,28.04,True,synthetic_scenario_generator,26006
2023-08-30,IND_DHA,BULK_01,True,False,28.03,True,synthetic_scenario_generator,26006
2023-08-31,IND_DHA,BULK_01,True,False,31.04,True,synthetic_scenario_generator,26006
2023-09-01,IND_DHA,BULK_01,True,False,32.88,True,synthetic_scenario_generator,26006
2023-09-02,IND_DHA,BULK_01,True,False,29.95,True,synthetic_scenario_generator,26006
2023-09-03,IND_DHA,BULK_01,True,False,37.44,True,synthetic_scenario_generator,26006
2023-09-04,IND_DHA,BULK_01,True,False,36.64,True,synthetic_scenario_generator,26006
2023-09-05,IND_DHA,BULK_01,True,False,32.12,True,synthetic_scenario_generator,26006
2023-09-06,IND_DHA,BULK_01,True,False,35.83,True,synthetic_scenario_generator,26006
2023-09-07,IND_DHA,BULK_01,True,False,32.27,True,synthetic_scenario_generator,26006
2023-09-08,IND_DHA,BULK_01,True,False,36.82,True,synthetic_scenario_generator,26006
2023-09-09,IND_DHA,BULK_01,True,False,29.61,True,synthetic_scenario_generator,26006
2023-09-10,IND_DHA,BULK_01,True,False,34.47,True,synthetic_scenario_generator,26006
2023-09-11,IND_DHA,BULK_01,True,False,43.77,True,synthetic_scenario_generator,26006
2023-09-12,IND_DHA,BULK_01,True,False,31.72,True,synthetic_scenario_generator,26006
2023-09-13,IND_DHA,BULK_01,True,False,43.63,True,synthetic_scenario_generator,26006
2023-09-14,IND_DHA,BULK_01,True,False,39.79,True,synthetic_scenario_generator,26006
2023-09-15,IND_DHA,BULK_01,False,True,29.23,True,synthetic_scenario_generator,26006
2023-09-16,IND_DHA,BULK_01,True,False,33.14,True,synthetic_scenario_generator,26006
2023-09-17,IND_DHA,BULK_01,True,False,35.65,True,synthetic_scenario_generator,26006
2023-09-18,IND_DHA,BULK_01,True,False,30.01,True,synthetic_scenario_generator,26006
2023-09-19,IND_DHA,BULK_01,True,False,38.06,True,synthetic_scenario_generator,26006
2023-09-20,IND_DHA,BULK_01,True,False,32.87,True,synthetic_scenario_generator,26006
2023-09-21,IND_DHA,BULK_01,True,False,34.48,True,synthetic_scenario_generator,26006
2023-09-22,IND_DHA,BULK_01,True,False,29.45,True,synthetic_scenario_generator,26006
2023-09-23,IND_DHA,BULK_01,True,False,30.15,True,synthetic_scenario_generator,26006
2023-09-24,IND_DHA,BULK_01,True,False,31.13,True,synthetic_scenario_generator,26006
2023-09-25,IND_DHA,BULK_01,True,False,26.58,True,synthetic_scenario_generator,26006
2023-09-26,IND_DHA,BULK_01,True,False,27.51,True,synthetic_scenario_generator,26006
2023-09-27,IND_DHA,BULK_01,True,False,34.62,True,synthetic_scenario_generator,26006
2023-09-28,IND_DHA,BULK_01,True,False,31.37,True,synthetic_scenario_generator,26006
2023-09-29,IND_DHA,BULK_01,True,False,31.88,True,synthetic_scenario_generator,26006
2023-09-30,IND_DHA,BULK_01,True,False,27.49,True,synthetic_scenario_generator,26006
2023-10-01,IND_DHA,BULK_01,True,False,42.19,True,synthetic_scenario_generator,26006
2023-10-02,IND_DHA,BULK_01,True,False,20.15,True,synthetic_scenario_generator,26006
2023-10-03,IND_DHA,BULK_01,True,False,22.57,True,synthetic_scenario_generator,26006
2023-10-04,IND_DHA,BULK_01,True,False,20.83,True,synthetic_scenario_generator,26006
2023-10-05,IND_DHA,BULK_01,True,False,13.64,True,synthetic_scenario_generator,26006
2023-10-06,IND_DHA,BULK_01,True,False,20.74,True,synthetic_scenario_generator,26006
2023-10-07,IND_DHA,BULK_01,True,False,28.66,True,synthetic_scenario_generator,26006
2023-10-08,IND_DHA,BULK_01,True,False,28.55,True,synthetic_scenario_generator,26006
2023-10-09,IND_DHA,BULK_01,True,False,21.39,True,synthetic_scenario_generator,26006
2023-10-10,IND_DHA,BULK_01,True,False,23.7,True,synthetic_scenario_generator,26006
2023-10-11,IND_DHA,BULK_01,True,False,16.29,True,synthetic_scenario_generator,26006
2023-10-12,IND_DHA,BULK_01,True,False,17.25,True,synthetic_scenario_generator,26006
2023-10-13,IND_DHA,BULK_01,True,False,9.51,True,synthetic_scenario_generator,26006
2023-10-14,IND_DHA,BULK_01,True,False,5.12,True,synthetic_scenario_generator,26006
2023-10-15,IND_DHA,BULK_01,True,False,20.11,True,synthetic_scenario_generator,26006
2023-10-16,IND_DHA,BULK_01,True,False,13.6,True,synthetic_scenario_generator,26006
2023-10-17,IND_DHA,BULK_01,True,False,18.75,True,synthetic_scenario_generator,26006
2023-10-18,IND_DHA,BULK_01,True,False,19.51,True,synthetic_scenario_generator,26006
2023-10-19,IND_DHA,BULK_01,True,False,15.16,True,synthetic_scenario_generator,26006
2023-10-20,IND_DHA,BULK_01,True,False,14.79,True,synthetic_scenario_generator,26006
2023-10-21,IND_DHA,BULK_01,True,False,5.35,True,synthetic_scenario_generator,26006
2023-10-22,IND_DHA,BULK_01,True,False,11.96,True,synthetic_scenario_generator,26006
2023-10-23,IND_DHA,BULK_01,True,False,19.05,True,synthetic_scenario_generator,26006
2023-10-24,IND_DHA,BULK_01,True,False,16.45,True,synthetic_scenario_generator,26006
2023-10-25,IND_DHA,BULK_01,True,False,13.89,True,synthetic_scenario_generator,26006
2023-10-26,IND_DHA,BULK_01,True,False,28.2,True,synthetic_scenario_generator,26006
2023-10-27,IND_DHA,BULK_01,True,False,22.47,True,synthetic_scenario_generator,26006
2023-10-28,IND_DHA,BULK_01,True,False,20.65,True,synthetic_scenario_generator,26006
2023-10-29,IND_DHA,BULK_01,True,False,11.64,True,synthetic_scenario_generator,26006
2023-10-30,IND_DHA,BULK_01,True,False,11.87,True,synthetic_scenario_generator,26006
2023-10-31,IND_DHA,BULK_01,True,False,20.5,True,synthetic_scenario_generator,26006
2023-11-01,IND_DHA,BULK_01,True,False,11.7,True,synthetic_scenario_generator,26006
2023-11-02,IND_DHA,BULK_01,True,False,11.76,True,synthetic_scenario_generator,26006
2023-11-03,IND_DHA,BULK_01,True,False,20.83,True,synthetic_scenario_generator,26006
2023-11-04,IND_DHA,BULK_01,True,False,16.65,True,synthetic_scenario_generator,26006
2023-11-05,IND_DHA,BULK_01,True,False,16.57,True,synthetic_scenario_generator,26006
2023-11-06,IND_DHA,BULK_01,True,False,19.73,True,synthetic_scenario_generator,26006
2023-11-07,IND_DHA,BULK_01,True,False,13.43,True,synthetic_scenario_generator,26006
2023-11-08,IND_DHA,BULK_01,True,False,15.77,True,synthetic_scenario_generator,26006
2023-11-09,IND_DHA,BULK_01,True,False,28.8,True,synthetic_scenario_generator,26006
2023-11-10,IND_DHA,BULK_01,True,False,13.8,True,synthetic_scenario_generator,26006
2023-11-11,IND_DHA,BULK_01,True,False,19.08,True,synthetic_scenario_generator,26006
2023-11-12,IND_DHA,BULK_01,True,False,20.31,True,synthetic_scenario_generator,26006
2023-11-13,IND_DHA,BULK_01,True,False,22.42,True,synthetic_scenario_generator,26006
2023-11-14,IND_DHA,BULK_01,True,False,16.96,True,synthetic_scenario_generator,26006
2023-11-15,IND_DHA,BULK_01,True,False,23.55,True,synthetic_scenario_generator,26006
2023-11-16,IND_DHA,BULK_01,True,False,24.92,True,synthetic_scenario_generator,26006
2023-11-17,IND_DHA,BULK_01,True,False,16.04,True,synthetic_scenario_generator,26006
2023-11-18,IND_DHA,BULK_01,True,False,27.7,True,synthetic_scenario_generator,26006
2023-11-19,IND_DHA,BULK_01,True,False,27.63,True,synthetic_scenario_generator,26006
2023-11-20,IND_DHA,BULK_01,True,False,20.17,True,synthetic_scenario_generator,26006
2023-11-21,IND_DHA,BULK_01,True,False,25.61,True,synthetic_scenario_generator,26006
2023-11-22,IND_DHA,BULK_01,True,False,29.79,True,synthetic_scenario_generator,26006
2023-11-23,IND_DHA,BULK_01,True,False,24.96,True,synthetic_scenario_generator,26006
2023-11-24,IND_DHA,BULK_01,True,False,32.63,True,synthetic_scenario_generator,26006
2023-11-25,IND_DHA,BULK_01,True,False,33.8,True,synthetic_scenario_generator,26006
2023-11-26,IND_DHA,BULK_01,True,False,20.76,True,synthetic_scenario_generator,26006
2023-11-27,IND_DHA,BULK_01,True,False,24.38,True,synthetic_scenario_generator,26006
2023-11-28,IND_DHA,BULK_01,True,False,29.17,True,synthetic_scenario_generator,26006
2023-11-29,IND_DHA,BULK_01,True,False,25.77,True,synthetic_scenario_generator,26006
2023-11-30,IND_DHA,BULK_01,True,False,27.86,True,synthetic_scenario_generator,26006
2023-12-01,IND_DHA,BULK_01,True,False,34.42,True,synthetic_scenario_generator,26006
2023-12-02,IND_DHA,BULK_01,True,False,26.62,True,synthetic_scenario_generator,26006
2023-12-03,IND_DHA,BULK_01,True,False,25.26,True,synthetic_scenario_generator,26006
2023-12-04,IND_DHA,BULK_01,True,False,28.8,True,synthetic_scenario_generator,26006
2023-12-05,IND_DHA,BULK_01,True,False,36.41,True,synthetic_scenario_generator,26006
2023-12-06,IND_DHA,BULK_01,True,False,39.14,True,synthetic_scenario_generator,26006
2023-12-07,IND_DHA,BULK_01,True,False,29.4,True,synthetic_scenario_generator,26006
2023-12-08,IND_DHA,BULK_01,True,False,34.05,True,synthetic_scenario_generator,26006
2023-12-09,IND_DHA,BULK_01,True,False,27.81,True,synthetic_scenario_generator,26006
2023-12-10,IND_DHA,BULK_01,True,False,20.87,True,synthetic_scenario_generator,26006
2023-12-11,IND_DHA,BULK_01,True,False,39.8,True,synthetic_scenario_generator,26006
2023-12-12,IND_DHA,BULK_01,True,False,33.92,True,synthetic_scenario_generator,26006
2023-12-13,IND_DHA,BULK_01,True,False,36.73,True,synthetic_scenario_generator,26006
2023-12-14,IND_DHA,BULK_01,True,False,33.09,True,synthetic_scenario_generator,26006
2023-12-15,IND_DHA,BULK_01,True,False,44.45,True,synthetic_scenario_generator,26006
2023-12-16,IND_DHA,BULK_01,True,False,26.89,True,synthetic_scenario_generator,26006
2023-12-17,IND_DHA,BULK_01,True,False,32.06,True,synthetic_scenario_generator,26006
2023-12-18,IND_DHA,BULK_01,True,False,26.61,True,synthetic_scenario_generator,26006
2023-12-19,IND_DHA,BULK_01,True,False,40.26,True,synthetic_scenario_generator,26006
2023-12-20,IND_DHA,BULK_01,True,False,27.5,True,synthetic_scenario_generator,26006
2023-12-21,IND_DHA,BULK_01,True,False,32.18,True,synthetic_scenario_generator,26006
2023-12-22,IND_DHA,BULK_01,True,False,29.61,True,synthetic_scenario_generator,26006
2023-12-23,IND_DHA,BULK_01,True,False,32.23,True,synthetic_scenario_generator,26006
2023-12-24,IND_DHA,BULK_01,True,False,33.99,True,synthetic_scenario_generator,26006
2023-12-25,IND_DHA,BULK_01,True,False,28.39,True,synthetic_scenario_generator,26006
2023-12-26,IND_DHA,BULK_01,True,False,27.58,True,synthetic_scenario_generator,26006
2023-12-27,IND_DHA,BULK_01,True,False,32.02,True,synthetic_scenario_generator,26006
2023-12-28,IND_DHA,BULK_01,True,False,34.3,True,synthetic_scenario_generator,26006
2023-12-29,IND_DHA,BULK_01,True,False,25.04,True,synthetic_scenario_generator,26006
2023-12-30,IND_DHA,BULK_01,True,False,28.06,True,synthetic_scenario_generator,26006
2023-12-31,IND_DHA,BULK_01,True,False,23.05,True,synthetic_scenario_generator,26006
2024-01-01,IND_DHA,BULK_01,True,False,26.0,True,synthetic_scenario_generator,26006
2024-01-02,IND_DHA,BULK_01,True,False,16.47,True,synthetic_scenario_generator,26006
2024-01-03,IND_DHA,BULK_01,True,False,14.26,True,synthetic_scenario_generator,26006
2024-01-04,IND_DHA,BULK_01,True,False,31.47,True,synthetic_scenario_generator,26006
2024-01-05,IND_DHA,BULK_01,True,False,24.94,True,synthetic_scenario_generator,26006
2024-01-06,IND_DHA,BULK_01,True,False,17.66,True,synthetic_scenario_generator,26006
2024-01-07,IND_DHA,BULK_01,True,False,25.2,True,synthetic_scenario_generator,26006
2024-01-08,IND_DHA,BULK_01,True,False,19.06,True,synthetic_scenario_generator,26006
2024-01-09,IND_DHA,BULK_01,True,False,18.56,True,synthetic_scenario_generator,26006
2024-01-10,IND_DHA,BULK_01,True,False,24.65,True,synthetic_scenario_generator,26006
2024-01-11,IND_DHA,BULK_01,True,False,24.75,True,synthetic_scenario_generator,26006
2024-01-12,IND_DHA,BULK_01,True,False,14.71,True,synthetic_scenario_generator,26006
2024-01-13,IND_DHA,BULK_01,True,False,16.68,True,synthetic_scenario_generator,26006
2024-01-14,IND_DHA,BULK_01,True,False,20.19,True,synthetic_scenario_generator,26006
2024-01-15,IND_DHA,BULK_01,True,False,23.12,True,synthetic_scenario_generator,26006
2024-01-16,IND_DHA,BULK_01,True,False,14.11,True,synthetic_scenario_generator,26006
2024-01-17,IND_DHA,BULK_01,True,False,15.74,True,synthetic_scenario_generator,26006
2024-01-18,IND_DHA,BULK_01,True,False,11.27,True,synthetic_scenario_generator,26006
2024-01-19,IND_DHA,BULK_01,True,False,3.18,True,synthetic_scenario_generator,26006
2024-01-20,IND_DHA,BULK_01,True,False,13.24,True,synthetic_scenario_generator,26006
2024-01-21,IND_DHA,BULK_01,True,False,18.18,True,synthetic_scenario_generator,26006
2024-01-22,IND_DHA,BULK_01,True,False,3.69,True,synthetic_scenario_generator,26006
2024-01-23,IND_DHA,BULK_01,True,False,10.2,True,synthetic_scenario_generator,26006
2024-01-24,IND_DHA,BULK_01,True,False,11.78,True,synthetic_scenario_generator,26006
2024-01-25,IND_DHA,BULK_01,True,False,11.36,True,synthetic_scenario_generator,26006
2024-01-26,IND_DHA,BULK_01,True,False,4.16,True,synthetic_scenario_generator,26006
2024-01-27,IND_DHA,BULK_01,True,False,9.83,True,synthetic_scenario_generator,26006
2024-01-28,IND_DHA,BULK_01,True,False,12.66,True,synthetic_scenario_generator,26006
2024-01-29,IND_DHA,BULK_01,True,False,7.66,True,synthetic_scenario_generator,26006
2024-01-30,IND_DHA,BULK_01,True,False,19.9,True,synthetic_scenario_generator,26006
2024-01-31,IND_DHA,BULK_01,True,False,18.13,True,synthetic_scenario_generator,26006
2024-02-01,IND_DHA,BULK_01,True,False,2.57,True,synthetic_scenario_generator,26006
2024-02-02,IND_DHA,BULK_01,True,False,10.79,True,synthetic_scenario_generator,26006
2024-02-03,IND_DHA,BULK_01,True,False,15.41,True,synthetic_scenario_generator,26006
2024-02-04,IND_DHA,BULK_01,True,False,8.19,True,synthetic_scenario_generator,26006
2024-02-05,IND_DHA,BULK_01,True,False,23.29,True,synthetic_scenario_generator,26006
2024-02-06,IND_DHA,BULK_01,True,False,24.41,True,synthetic_scenario_generator,26006
2024-02-07,IND_DHA,BULK_01,True,False,24.87,True,synthetic_scenario_generator,26006
2024-02-08,IND_DHA,BULK_01,True,False,20.56,True,synthetic_scenario_generator,26006
2024-02-09,IND_DHA,BULK_01,True,False,8.71,True,synthetic_scenario_generator,26006
2024-02-10,IND_DHA,BULK_01,True,False,16.59,True,synthetic_scenario_generator,26006
2024-02-11,IND_DHA,BULK_01,True,False,16.48,True,synthetic_scenario_generator,26006
2024-02-12,IND_DHA,BULK_01,True,False,20.6,True,synthetic_scenario_generator,26006
2024-02-13,IND_DHA,BULK_01,True,False,17.84,True,synthetic_scenario_generator,26006
2024-02-14,IND_DHA,BULK_01,True,False,17.79,True,synthetic_scenario_generator,26006
2024-02-15,IND_DHA,BULK_01,True,False,23.2,True,synthetic_scenario_generator,26006
2024-02-16,IND_DHA,BULK_01,True,False,17.82,True,synthetic_scenario_generator,26006
2024-02-17,IND_DHA,BULK_01,True,False,11.34,True,synthetic_scenario_generator,26006
2024-02-18,IND_DHA,BULK_01,True,False,11.96,True,synthetic_scenario_generator,26006
2024-02-19,IND_DHA,BULK_01,True,False,30.28,True,synthetic_scenario_generator,26006
2024-02-20,IND_DHA,BULK_01,True,False,27.44,True,synthetic_scenario_generator,26006
2024-02-21,IND_DHA,BULK_01,True,False,27.2,True,synthetic_scenario_generator,26006
2024-02-22,IND_DHA,BULK_01,True,False,26.86,True,synthetic_scenario_generator,26006
2024-02-23,IND_DHA,BULK_01,True,False,25.48,True,synthetic_scenario_generator,26006
2024-02-24,IND_DHA,BULK_01,True,False,25.79,True,synthetic_scenario_generator,26006
2024-02-25,IND_DHA,BULK_01,True,False,28.97,True,synthetic_scenario_generator,26006
2024-02-26,IND_DHA,BULK_01,True,False,37.88,True,synthetic_scenario_generator,26006
2024-02-27,IND_DHA,BULK_01,True,False,39.89,True,synthetic_scenario_generator,26006
2024-02-28,IND_DHA,BULK_01,True,False,18.29,True,synthetic_scenario_generator,26006
2024-02-29,IND_DHA,BULK_01,True,False,32.92,True,synthetic_scenario_generator,26006
2024-03-01,IND_DHA,BULK_01,True,False,25.65,True,synthetic_scenario_generator,26006
2024-03-02,IND_DHA,BULK_01,True,False,34.25,True,synthetic_scenario_generator,26006
2024-03-03,IND_DHA,BULK_01,True,False,24.28,True,synthetic_scenario_generator,26006
2024-03-04,IND_DHA,BULK_01,True,False,28.03,True,synthetic_scenario_generator,26006
2024-03-05,IND_DHA,BULK_01,True,False,29.15,True,synthetic_scenario_generator,26006
2024-03-06,IND_DHA,BULK_01,True,False,34.18,True,synthetic_scenario_generator,26006
2024-03-07,IND_DHA,BULK_01,True,False,27.3,True,synthetic_scenario_generator,26006
2024-03-08,IND_DHA,BULK_01,True,False,35.38,True,synthetic_scenario_generator,26006
2024-03-09,IND_DHA,BULK_01,True,False,23.86,True,synthetic_scenario_generator,26006
2024-03-10,IND_DHA,BULK_01,True,False,21.85,True,synthetic_scenario_generator,26006
2024-03-11,IND_DHA,BULK_01,True,False,29.73,True,synthetic_scenario_generator,26006
2024-03-12,IND_DHA,BULK_01,True,False,32.79,True,synthetic_scenario_generator,26006
2024-03-13,IND_DHA,BULK_01,True,False,33.91,True,synthetic_scenario_generator,26006
2024-03-14,IND_DHA,BULK_01,True,False,37.73,True,synthetic_scenario_generator,26006
2024-03-15,IND_DHA,BULK_01,False,True,29.0,True,synthetic_scenario_generator,26006
2024-03-16,IND_DHA,BULK_01,True,False,26.78,True,synthetic_scenario_generator,26006
2024-03-17,IND_DHA,BULK_01,True,False,32.82,True,synthetic_scenario_generator,26006
2024-03-18,IND_DHA,BULK_01,True,False,20.5,True,synthetic_scenario_generator,26006
2024-03-19,IND_DHA,BULK_01,True,False,24.33,True,synthetic_scenario_generator,26006
2024-03-20,IND_DHA,BULK_01,True,False,30.65,True,synthetic_scenario_generator,26006
2024-03-21,IND_DHA,BULK_01,True,False,36.74,True,synthetic_scenario_generator,26006
2024-03-22,IND_DHA,BULK_01,True,False,20.49,True,synthetic_scenario_generator,26006
2024-03-23,IND_DHA,BULK_01,True,False,16.97,True,synthetic_scenario_generator,26006
2024-03-24,IND_DHA,BULK_01,True,False,30.63,True,synthetic_scenario_generator,26006
2024-03-25,IND_DHA,BULK_01,True,False,30.73,True,synthetic_scenario_generator,26006
2024-03-26,IND_DHA,BULK_01,True,False,27.84,True,synthetic_scenario_generator,26006
2024-03-27,IND_DHA,BULK_01,True,False,21.11,True,synthetic_scenario_generator,26006
2024-03-28,IND_DHA,BULK_01,True,False,25.36,True,synthetic_scenario_generator,26006
2024-03-29,IND_DHA,BULK_01,True,False,31.18,True,synthetic_scenario_generator,26006
2024-03-30,IND_DHA,BULK_01,True,False,23.59,True,synthetic_scenario_generator,26006
2024-03-31,IND_DHA,BULK_01,True,False,22.66,True,synthetic_scenario_generator,26006
2024-04-01,IND_DHA,BULK_01,True,False,32.28,True,synthetic_scenario_generator,26006
2024-04-02,IND_DHA,BULK_01,True,False,21.38,True,synthetic_scenario_generator,26006
2024-04-03,IND_DHA,BULK_01,True,False,26.8,True,synthetic_scenario_generator,26006
2024-04-04,IND_DHA,BULK_01,True,False,12.99,True,synthetic_scenario_generator,26006
2024-04-05,IND_DHA,BULK_01,True,False,20.93,True,synthetic_scenario_generator,26006
2024-04-06,IND_DHA,BULK_01,True,False,24.1,True,synthetic_scenario_generator,26006
2024-04-07,IND_DHA,BULK_01,True,False,17.46,True,synthetic_scenario_generator,26006
2024-04-08,IND_DHA,BULK_01,True,False,18.89,True,synthetic_scenario_generator,26006
2024-04-09,IND_DHA,BULK_01,True,False,18.89,True,synthetic_scenario_generator,26006
2024-04-10,IND_DHA,BULK_01,True,False,18.13,True,synthetic_scenario_generator,26006
2024-04-11,IND_DHA,BULK_01,True,False,14.43,True,synthetic_scenario_generator,26006
2024-04-12,IND_DHA,BULK_01,True,False,15.04,True,synthetic_scenario_generator,26006
2024-04-13,IND_DHA,BULK_01,True,False,11.03,True,synthetic_scenario_generator,26006
2024-04-14,IND_DHA,BULK_01,True,False,14.88,True,synthetic_scenario_generator,26006
2024-04-15,IND_DHA,BULK_01,True,False,18.2,True,synthetic_scenario_generator,26006
2024-04-16,IND_DHA,BULK_01,True,False,16.19,True,synthetic_scenario_generator,26006
2024-04-17,IND_DHA,BULK_01,True,False,15.49,True,synthetic_scenario_generator,26006
2024-04-18,IND_DHA,BULK_01,True,False,24.09,True,synthetic_scenario_generator,26006
2024-04-19,IND_DHA,BULK_01,True,False,17.24,True,synthetic_scenario_generator,26006
2024-04-20,IND_DHA,BULK_01,True,False,20.07,True,synthetic_scenario_generator,26006
2024-04-21,IND_DHA,BULK_01,True,False,17.01,True,synthetic_scenario_generator,26006
2024-04-22,IND_DHA,BULK_01,True,False,12.43,True,synthetic_scenario_generator,26006
2024-04-23,IND_DHA,BULK_01,True,False,11.99,True,synthetic_scenario_generator,26006
2024-04-24,IND_DHA,BULK_01,True,False,14.02,True,synthetic_scenario_generator,26006
2024-04-25,IND_DHA,BULK_01,True,False,15.55,True,synthetic_scenario_generator,26006
2024-04-26,IND_DHA,BULK_01,True,False,18.38,True,synthetic_scenario_generator,26006
2024-04-27,IND_DHA,BULK_01,True,False,8.84,True,synthetic_scenario_generator,26006
2024-04-28,IND_DHA,BULK_01,True,False,8.58,True,synthetic_scenario_generator,26006
2024-04-29,IND_DHA,BULK_01,True,False,20.19,True,synthetic_scenario_generator,26006
2024-04-30,IND_DHA,BULK_01,True,False,18.45,True,synthetic_scenario_generator,26006
2024-05-01,IND_DHA,BULK_01,True,False,23.3,True,synthetic_scenario_generator,26006
2024-05-02,IND_DHA,BULK_01,True,False,16.14,True,synthetic_scenario_generator,26006
2024-05-03,IND_DHA,BULK_01,True,False,23.26,True,synthetic_scenario_generator,26006
2024-05-04,IND_DHA,BULK_01,True,False,26.11,True,synthetic_scenario_generator,26006
2024-05-05,IND_DHA,BULK_01,True,False,16.85,True,synthetic_scenario_generator,26006
2024-05-06,IND_DHA,BULK_01,True,False,25.71,True,synthetic_scenario_generator,26006
2024-05-07,IND_DHA,BULK_01,True,False,21.36,True,synthetic_scenario_generator,26006
2024-05-08,IND_DHA,BULK_01,True,False,20.38,True,synthetic_scenario_generator,26006
2024-05-09,IND_DHA,BULK_01,True,False,23.17,True,synthetic_scenario_generator,26006
2024-05-10,IND_DHA,BULK_01,True,False,24.91,True,synthetic_scenario_generator,26006
2024-05-11,IND_DHA,BULK_01,True,False,17.05,True,synthetic_scenario_generator,26006
2024-05-12,IND_DHA,BULK_01,True,False,22.9,True,synthetic_scenario_generator,26006
2024-05-13,IND_DHA,BULK_01,True,False,18.92,True,synthetic_scenario_generator,26006
2024-05-14,IND_DHA,BULK_01,True,False,16.44,True,synthetic_scenario_generator,26006
2024-05-15,IND_DHA,BULK_01,True,False,24.56,True,synthetic_scenario_generator,26006
2024-05-16,IND_DHA,BULK_01,True,False,20.8,True,synthetic_scenario_generator,26006
2024-05-17,IND_DHA,BULK_01,True,False,34.66,True,synthetic_scenario_generator,26006
2024-05-18,IND_DHA,BULK_01,True,False,25.24,True,synthetic_scenario_generator,26006
2024-05-19,IND_DHA,BULK_01,True,False,31.72,True,synthetic_scenario_generator,26006
2024-05-20,IND_DHA,BULK_01,True,False,27.13,True,synthetic_scenario_generator,26006
2024-05-21,IND_DHA,BULK_01,True,False,30.39,True,synthetic_scenario_generator,26006
2024-05-22,IND_DHA,BULK_01,True,False,37.65,True,synthetic_scenario_generator,26006
2024-05-23,IND_DHA,BULK_01,True,False,22.86,True,synthetic_scenario_generator,26006
2024-05-24,IND_DHA,BULK_01,True,False,29.19,True,synthetic_scenario_generator,26006
2024-05-25,IND_DHA,BULK_01,True,False,42.5,True,synthetic_scenario_generator,26006
2024-05-26,IND_DHA,BULK_01,True,False,23.88,True,synthetic_scenario_generator,26006
2024-05-27,IND_DHA,BULK_01,True,False,16.6,True,synthetic_scenario_generator,26006
2024-05-28,IND_DHA,BULK_01,True,False,29.81,True,synthetic_scenario_generator,26006
2024-05-29,IND_DHA,BULK_01,True,False,29.95,True,synthetic_scenario_generator,26006
2024-05-30,IND_DHA,BULK_01,True,False,27.22,True,synthetic_scenario_generator,26006
2024-05-31,IND_DHA,BULK_01,True,False,42.97,True,synthetic_scenario_generator,26006
2024-06-01,IND_DHA,BULK_01,True,False,37.14,True,synthetic_scenario_generator,26006
2024-06-02,IND_DHA,BULK_01,True,False,46.45,True,synthetic_scenario_generator,26006
2024-06-03,IND_DHA,BULK_01,True,False,38.31,True,synthetic_scenario_generator,26006
2024-06-04,IND_DHA,BULK_01,True,False,48.52,True,synthetic_scenario_generator,26006
2024-06-05,IND_DHA,BULK_01,True,False,42.5,True,synthetic_scenario_generator,26006
2024-06-06,IND_DHA,BULK_01,True,False,35.36,True,synthetic_scenario_generator,26006
2024-06-07,IND_DHA,BULK_01,True,False,48.52,True,synthetic_scenario_generator,26006
2024-06-08,IND_DHA,BULK_01,True,False,48.66,True,synthetic_scenario_generator,26006
2024-06-09,IND_DHA,BULK_01,True,False,42.74,True,synthetic_scenario_generator,26006
2024-06-10,IND_DHA,BULK_01,True,False,31.36,True,synthetic_scenario_generator,26006
2024-06-11,IND_DHA,BULK_01,True,False,34.14,True,synthetic_scenario_generator,26006
2024-06-12,IND_DHA,BULK_01,True,False,35.24,True,synthetic_scenario_generator,26006
2024-06-13,IND_DHA,BULK_01,True,False,31.63,True,synthetic_scenario_generator,26006
2024-06-14,IND_DHA,BULK_01,True,False,32.85,True,synthetic_scenario_generator,26006
2024-06-15,IND_DHA,BULK_01,True,False,40.26,True,synthetic_scenario_generator,26006
2024-06-16,IND_DHA,BULK_01,True,False,35.36,True,synthetic_scenario_generator,26006
2024-06-17,IND_DHA,BULK_01,True,False,39.77,True,synthetic_scenario_generator,26006
2024-06-18,IND_DHA,BULK_01,True,False,33.14,True,synthetic_scenario_generator,26006
2024-06-19,IND_DHA,BULK_01,True,False,38.78,True,synthetic_scenario_generator,26006
2024-06-20,IND_DHA,BULK_01,True,False,37.98,True,synthetic_scenario_generator,26006
2024-06-21,IND_DHA,BULK_01,True,False,20.56,True,synthetic_scenario_generator,26006
2024-06-22,IND_DHA,BULK_01,True,False,41.76,True,synthetic_scenario_generator,26006
2024-06-23,IND_DHA,BULK_01,True,False,29.1,True,synthetic_scenario_generator,26006
2024-06-24,IND_DHA,BULK_01,True,False,33.9,True,synthetic_scenario_generator,26006
2024-06-25,IND_DHA,BULK_01,True,False,30.23,True,synthetic_scenario_generator,26006
2024-06-26,IND_DHA,BULK_01,True,False,32.53,True,synthetic_scenario_generator,26006
2024-06-27,IND_DHA,BULK_01,True,False,38.51,True,synthetic_scenario_generator,26006
2024-06-28,IND_DHA,BULK_01,True,False,31.83,True,synthetic_scenario_generator,26006
2024-06-29,IND_DHA,BULK_01,True,False,28.21,True,synthetic_scenario_generator,26006
2024-06-30,IND_DHA,BULK_01,True,False,33.19,True,synthetic_scenario_generator,26006
2024-07-01,IND_DHA,BULK_01,True,False,27.47,True,synthetic_scenario_generator,26006
2024-07-02,IND_DHA,BULK_01,True,False,27.09,True,synthetic_scenario_generator,26006
2024-07-03,IND_DHA,BULK_01,True,False,32.68,True,synthetic_scenario_generator,26006
2024-07-04,IND_DHA,BULK_01,True,False,26.99,True,synthetic_scenario_generator,26006
2024-07-05,IND_DHA,BULK_01,True,False,16.6,True,synthetic_scenario_generator,26006
2024-07-06,IND_DHA,BULK_01,True,False,25.3,True,synthetic_scenario_generator,26006
2024-07-07,IND_DHA,BULK_01,True,False,27.42,True,synthetic_scenario_generator,26006
2024-07-08,IND_DHA,BULK_01,True,False,20.15,True,synthetic_scenario_generator,26006
2024-07-09,IND_DHA,BULK_01,True,False,30.49,True,synthetic_scenario_generator,26006
2024-07-10,IND_DHA,BULK_01,True,False,24.15,True,synthetic_scenario_generator,26006
2024-07-11,IND_DHA,BULK_01,True,False,7.67,True,synthetic_scenario_generator,26006
2024-07-12,IND_DHA,BULK_01,True,False,25.47,True,synthetic_scenario_generator,26006
2024-07-13,IND_DHA,BULK_01,True,False,20.17,True,synthetic_scenario_generator,26006
2024-07-14,IND_DHA,BULK_01,True,False,23.71,True,synthetic_scenario_generator,26006
2024-07-15,IND_DHA,BULK_01,True,False,13.17,True,synthetic_scenario_generator,26006
2024-07-16,IND_DHA,BULK_01,True,False,23.27,True,synthetic_scenario_generator,26006
2024-07-17,IND_DHA,BULK_01,True,False,26.17,True,synthetic_scenario_generator,26006
2024-07-18,IND_DHA,BULK_01,True,False,9.41,True,synthetic_scenario_generator,26006
2024-07-19,IND_DHA,BULK_01,True,False,12.74,True,synthetic_scenario_generator,26006
2024-07-20,IND_DHA,BULK_01,True,False,20.47,True,synthetic_scenario_generator,26006
2024-07-21,IND_DHA,BULK_01,True,False,19.82,True,synthetic_scenario_generator,26006
2024-07-22,IND_DHA,BULK_01,True,False,16.73,True,synthetic_scenario_generator,26006
2024-07-23,IND_DHA,BULK_01,True,False,24.57,True,synthetic_scenario_generator,26006
2024-07-24,IND_DHA,BULK_01,True,False,21.15,True,synthetic_scenario_generator,26006
2024-07-25,IND_DHA,BULK_01,True,False,19.37,True,synthetic_scenario_generator,26006
2024-07-26,IND_DHA,BULK_01,True,False,13.01,True,synthetic_scenario_generator,26006
2024-07-27,IND_DHA,BULK_01,True,False,26.63,True,synthetic_scenario_generator,26006
2024-07-28,IND_DHA,BULK_01,True,False,10.23,True,synthetic_scenario_generator,26006
2024-07-29,IND_DHA,BULK_01,True,False,21.04,True,synthetic_scenario_generator,26006
2024-07-30,IND_DHA,BULK_01,True,False,28.09,True,synthetic_scenario_generator,26006
2024-07-31,IND_DHA,BULK_01,True,False,25.54,True,synthetic_scenario_generator,26006
2024-08-01,IND_DHA,BULK_01,True,False,19.07,True,synthetic_scenario_generator,26006
2024-08-02,IND_DHA,BULK_01,True,False,15.01,True,synthetic_scenario_generator,26006
2024-08-03,IND_DHA,BULK_01,True,False,17.21,True,synthetic_scenario_generator,26006
2024-08-04,IND_DHA,BULK_01,True,False,26.27,True,synthetic_scenario_generator,26006
2024-08-05,IND_DHA,BULK_01,True,False,18.33,True,synthetic_scenario_generator,26006
2024-08-06,IND_DHA,BULK_01,True,False,17.8,True,synthetic_scenario_generator,26006
2024-08-07,IND_DHA,BULK_01,True,False,24.77,True,synthetic_scenario_generator,26006
2024-08-08,IND_DHA,BULK_01,True,False,23.5,True,synthetic_scenario_generator,26006
2024-08-09,IND_DHA,BULK_01,True,False,24.04,True,synthetic_scenario_generator,26006
2024-08-10,IND_DHA,BULK_01,True,False,18.41,True,synthetic_scenario_generator,26006
2024-08-11,IND_DHA,BULK_01,True,False,26.47,True,synthetic_scenario_generator,26006
2024-08-12,IND_DHA,BULK_01,True,False,22.82,True,synthetic_scenario_generator,26006
2024-08-13,IND_DHA,BULK_01,True,False,28.91,True,synthetic_scenario_generator,26006
2024-08-14,IND_DHA,BULK_01,True,False,23.63,True,synthetic_scenario_generator,26006
2024-08-15,IND_DHA,BULK_01,True,False,31.74,True,synthetic_scenario_generator,26006
2024-08-16,IND_DHA,BULK_01,True,False,31.81,True,synthetic_scenario_generator,26006
2024-08-17,IND_DHA,BULK_01,True,False,31.77,True,synthetic_scenario_generator,26006
2024-08-18,IND_DHA,BULK_01,True,False,25.02,True,synthetic_scenario_generator,26006
2024-08-19,IND_DHA,BULK_01,True,False,20.28,True,synthetic_scenario_generator,26006
2024-08-20,IND_DHA,BULK_01,True,False,36.12,True,synthetic_scenario_generator,26006
2024-08-21,IND_DHA,BULK_01,True,False,36.74,True,synthetic_scenario_generator,26006
2024-08-22,IND_DHA,BULK_01,True,False,36.58,True,synthetic_scenario_generator,26006
2024-08-23,IND_DHA,BULK_01,True,False,29.96,True,synthetic_scenario_generator,26006
2024-08-24,IND_DHA,BULK_01,True,False,33.87,True,synthetic_scenario_generator,26006
2024-08-25,IND_DHA,BULK_01,True,False,26.39,True,synthetic_scenario_generator,26006
2024-08-26,IND_DHA,BULK_01,True,False,30.74,True,synthetic_scenario_generator,26006
2024-08-27,IND_DHA,BULK_01,True,False,32.36,True,synthetic_scenario_generator,26006
2024-08-28,IND_DHA,BULK_01,True,False,44.2,True,synthetic_scenario_generator,26006
2024-08-29,IND_DHA,BULK_01,True,False,38.22,True,synthetic_scenario_generator,26006
2024-08-30,IND_DHA,BULK_01,True,False,40.21,True,synthetic_scenario_generator,26006
2024-08-31,IND_DHA,BULK_01,True,False,32.3,True,synthetic_scenario_generator,26006
2024-09-01,IND_DHA,BULK_01,True,False,39.91,True,synthetic_scenario_generator,26006
2024-09-02,IND_DHA,BULK_01,True,False,34.45,True,synthetic_scenario_generator,26006
2024-09-03,IND_DHA,BULK_01,True,False,30.3,True,synthetic_scenario_generator,26006
2024-09-04,IND_DHA,BULK_01,True,False,33.04,True,synthetic_scenario_generator,26006
2024-09-05,IND_DHA,BULK_01,True,False,33.51,True,synthetic_scenario_generator,26006
2024-09-06,IND_DHA,BULK_01,True,False,43.78,True,synthetic_scenario_generator,26006
2024-09-07,IND_DHA,BULK_01,True,False,42.31,True,synthetic_scenario_generator,26006
2024-09-08,IND_DHA,BULK_01,True,False,39.56,True,synthetic_scenario_generator,26006
2024-09-09,IND_DHA,BULK_01,True,False,32.13,True,synthetic_scenario_generator,26006
2024-09-10,IND_DHA,BULK_01,True,False,33.25,True,synthetic_scenario_generator,26006
2024-09-11,IND_DHA,BULK_01,True,False,36.82,True,synthetic_scenario_generator,26006
2024-09-12,IND_DHA,BULK_01,True,False,27.5,True,synthetic_scenario_generator,26006
2024-09-13,IND_DHA,BULK_01,True,False,45.44,True,synthetic_scenario_generator,26006
2024-09-14,IND_DHA,BULK_01,True,False,38.63,True,synthetic_scenario_generator,26006
2024-09-15,IND_DHA,BULK_01,False,True,28.41,True,synthetic_scenario_generator,26006
2024-09-16,IND_DHA,BULK_01,True,False,23.7,True,synthetic_scenario_generator,26006
2024-09-17,IND_DHA,BULK_01,True,False,38.85,True,synthetic_scenario_generator,26006
2024-09-18,IND_DHA,BULK_01,True,False,31.57,True,synthetic_scenario_generator,26006
2024-09-19,IND_DHA,BULK_01,True,False,33.7,True,synthetic_scenario_generator,26006
2024-09-20,IND_DHA,BULK_01,True,False,32.52,True,synthetic_scenario_generator,26006
2024-09-21,IND_DHA,BULK_01,True,False,33.32,True,synthetic_scenario_generator,26006
2024-09-22,IND_DHA,BULK_01,True,False,26.93,True,synthetic_scenario_generator,26006
2024-09-23,IND_DHA,BULK_01,True,False,26.53,True,synthetic_scenario_generator,26006
2024-09-24,IND_DHA,BULK_01,True,False,31.72,True,synthetic_scenario_generator,26006
2024-09-25,IND_DHA,BULK_01,True,False,27.35,True,synthetic_scenario_generator,26006
2024-09-26,IND_DHA,BULK_01,True,False,25.05,True,synthetic_scenario_generator,26006
2024-09-27,IND_DHA,BULK_01,True,False,32.41,True,synthetic_scenario_generator,26006
2024-09-28,IND_DHA,BULK_01,True,False,17.54,True,synthetic_scenario_generator,26006
2024-09-29,IND_DHA,BULK_01,True,False,26.91,True,synthetic_scenario_generator,26006
2024-09-30,IND_DHA,BULK_01,True,False,30.93,True,synthetic_scenario_generator,26006
2024-10-01,IND_DHA,BULK_01,True,False,27.92,True,synthetic_scenario_generator,26006
2024-10-02,IND_DHA,BULK_01,True,False,17.19,True,synthetic_scenario_generator,26006
2024-10-03,IND_DHA,BULK_01,True,False,17.15,True,synthetic_scenario_generator,26006
2024-10-04,IND_DHA,BULK_01,True,False,25.06,True,synthetic_scenario_generator,26006
2024-10-05,IND_DHA,BULK_01,True,False,18.53,True,synthetic_scenario_generator,26006
2024-10-06,IND_DHA,BULK_01,True,False,23.26,True,synthetic_scenario_generator,26006
2024-10-07,IND_DHA,BULK_01,True,False,12.45,True,synthetic_scenario_generator,26006
2024-10-08,IND_DHA,BULK_01,True,False,24.53,True,synthetic_scenario_generator,26006
2024-10-09,IND_DHA,BULK_01,True,False,21.31,True,synthetic_scenario_generator,26006
2024-10-10,IND_DHA,BULK_01,True,False,14.58,True,synthetic_scenario_generator,26006
2024-10-11,IND_DHA,BULK_01,True,False,13.34,True,synthetic_scenario_generator,26006
2024-10-12,IND_DHA,BULK_01,True,False,17.42,True,synthetic_scenario_generator,26006
2024-10-13,IND_DHA,BULK_01,True,False,13.63,True,synthetic_scenario_generator,26006
2024-10-14,IND_DHA,BULK_01,True,False,16.87,True,synthetic_scenario_generator,26006
2024-10-15,IND_DHA,BULK_01,True,False,13.42,True,synthetic_scenario_generator,26006
2024-10-16,IND_DHA,BULK_01,True,False,10.41,True,synthetic_scenario_generator,26006
2024-10-17,IND_DHA,BULK_01,True,False,15.53,True,synthetic_scenario_generator,26006
2024-10-18,IND_DHA,BULK_01,True,False,18.31,True,synthetic_scenario_generator,26006
2024-10-19,IND_DHA,BULK_01,True,False,16.81,True,synthetic_scenario_generator,26006
2024-10-20,IND_DHA,BULK_01,True,False,14.64,True,synthetic_scenario_generator,26006
2024-10-21,IND_DHA,BULK_01,True,False,13.25,True,synthetic_scenario_generator,26006
2024-10-22,IND_DHA,BULK_01,True,False,9.16,True,synthetic_scenario_generator,26006
2024-10-23,IND_DHA,BULK_01,True,False,12.12,True,synthetic_scenario_generator,26006
2024-10-24,IND_DHA,BULK_01,True,False,17.64,True,synthetic_scenario_generator,26006
2024-10-25,IND_DHA,BULK_01,True,False,12.66,True,synthetic_scenario_generator,26006
2024-10-26,IND_DHA,BULK_01,True,False,10.53,True,synthetic_scenario_generator,26006
2024-10-27,IND_DHA,BULK_01,True,False,14.79,True,synthetic_scenario_generator,26006
2024-10-28,IND_DHA,BULK_01,True,False,13.62,True,synthetic_scenario_generator,26006
2024-10-29,IND_DHA,BULK_01,True,False,23.48,True,synthetic_scenario_generator,26006
2024-10-30,IND_DHA,BULK_01,True,False,14.28,True,synthetic_scenario_generator,26006
2024-10-31,IND_DHA,BULK_01,True,False,19.72,True,synthetic_scenario_generator,26006
2024-11-01,IND_DHA,BULK_01,True,False,18.23,True,synthetic_scenario_generator,26006
2024-11-02,IND_DHA,BULK_01,True,False,13.17,True,synthetic_scenario_generator,26006
2024-11-03,IND_DHA,BULK_01,True,False,18.98,True,synthetic_scenario_generator,26006
2024-11-04,IND_DHA,BULK_01,True,False,8.37,True,synthetic_scenario_generator,26006
2024-11-05,IND_DHA,BULK_01,True,False,30.46,True,synthetic_scenario_generator,26006
2024-11-06,IND_DHA,BULK_01,True,False,28.5,True,synthetic_scenario_generator,26006
2024-11-07,IND_DHA,BULK_01,True,False,20.78,True,synthetic_scenario_generator,26006
2024-11-08,IND_DHA,BULK_01,True,False,16.82,True,synthetic_scenario_generator,26006
2024-11-09,IND_DHA,BULK_01,True,False,16.1,True,synthetic_scenario_generator,26006
2024-11-10,IND_DHA,BULK_01,True,False,23.35,True,synthetic_scenario_generator,26006
2024-11-11,IND_DHA,BULK_01,True,False,24.89,True,synthetic_scenario_generator,26006
2024-11-12,IND_DHA,BULK_01,True,False,35.14,True,synthetic_scenario_generator,26006
2024-11-13,IND_DHA,BULK_01,True,False,23.85,True,synthetic_scenario_generator,26006
2024-11-14,IND_DHA,BULK_01,True,False,29.94,True,synthetic_scenario_generator,26006
2024-11-15,IND_DHA,BULK_01,True,False,30.69,True,synthetic_scenario_generator,26006
2024-11-16,IND_DHA,BULK_01,True,False,33.27,True,synthetic_scenario_generator,26006
2024-11-17,IND_DHA,BULK_01,True,False,23.97,True,synthetic_scenario_generator,26006
2024-11-18,IND_DHA,BULK_01,True,False,32.23,True,synthetic_scenario_generator,26006
2024-11-19,IND_DHA,BULK_01,True,False,25.33,True,synthetic_scenario_generator,26006
2024-11-20,IND_DHA,BULK_01,True,False,23.31,True,synthetic_scenario_generator,26006
2024-11-21,IND_DHA,BULK_01,True,False,29.39,True,synthetic_scenario_generator,26006
2024-11-22,IND_DHA,BULK_01,True,False,30.6,True,synthetic_scenario_generator,26006
2024-11-23,IND_DHA,BULK_01,True,False,27.6,True,synthetic_scenario_generator,26006
2024-11-24,IND_DHA,BULK_01,True,False,32.73,True,synthetic_scenario_generator,26006
2024-11-25,IND_DHA,BULK_01,True,False,35.22,True,synthetic_scenario_generator,26006
2024-11-26,IND_DHA,BULK_01,True,False,33.29,True,synthetic_scenario_generator,26006
2024-11-27,IND_DHA,BULK_01,True,False,27.23,True,synthetic_scenario_generator,26006
2024-11-28,IND_DHA,BULK_01,True,False,36.39,True,synthetic_scenario_generator,26006
2024-11-29,IND_DHA,BULK_01,True,False,31.47,True,synthetic_scenario_generator,26006
2024-11-30,IND_DHA,BULK_01,True,False,43.54,True,synthetic_scenario_generator,26006
2024-12-01,IND_DHA,BULK_01,True,False,42.0,True,synthetic_scenario_generator,26006
2024-12-02,IND_DHA,BULK_01,True,False,37.39,True,synthetic_scenario_generator,26006
2024-12-03,IND_DHA,BULK_01,True,False,35.74,True,synthetic_scenario_generator,26006
2024-12-04,IND_DHA,BULK_01,True,False,37.27,True,synthetic_scenario_generator,26006
2024-12-05,IND_DHA,BULK_01,True,False,34.8,True,synthetic_scenario_generator,26006
2024-12-06,IND_DHA,BULK_01,True,False,31.71,True,synthetic_scenario_generator,26006
2024-12-07,IND_DHA,BULK_01,True,False,24.67,True,synthetic_scenario_generator,26006
2024-12-08,IND_DHA,BULK_01,True,False,33.78,True,synthetic_scenario_generator,26006
2024-12-09,IND_DHA,BULK_01,True,False,31.15,True,synthetic_scenario_generator,26006
2024-12-10,IND_DHA,BULK_01,True,False,33.26,True,synthetic_scenario_generator,26006
2024-12-11,IND_DHA,BULK_01,True,False,25.29,True,synthetic_scenario_generator,26006
2024-12-12,IND_DHA,BULK_01,True,False,27.15,True,synthetic_scenario_generator,26006
2024-12-13,IND_DHA,BULK_01,True,False,28.29,True,synthetic_scenario_generator,26006
2024-12-14,IND_DHA,BULK_01,True,False,27.63,True,synthetic_scenario_generator,26006
2024-12-15,IND_DHA,BULK_01,True,False,35.03,True,synthetic_scenario_generator,26006
2024-12-16,IND_DHA,BULK_01,True,False,30.06,True,synthetic_scenario_generator,26006
2024-12-17,IND_DHA,BULK_01,True,False,31.9,True,synthetic_scenario_generator,26006
2024-12-18,IND_DHA,BULK_01,True,False,32.45,True,synthetic_scenario_generator,26006
2024-12-19,IND_DHA,BULK_01,True,False,30.11,True,synthetic_scenario_generator,26006
2024-12-20,IND_DHA,BULK_01,True,False,26.7,True,synthetic_scenario_generator,26006
2024-12-21,IND_DHA,BULK_01,True,False,28.41,True,synthetic_scenario_generator,26006
2024-12-22,IND_DHA,BULK_01,True,False,17.39,True,synthetic_scenario_generator,26006
2024-12-23,IND_DHA,BULK_01,True,False,24.78,True,synthetic_scenario_generator,26006
2024-12-24,IND_DHA,BULK_01,True,False,30.32,True,synthetic_scenario_generator,26006
2024-12-25,IND_DHA,BULK_01,True,False,20.93,True,synthetic_scenario_generator,26006
2024-12-26,IND_DHA,BULK_01,True,False,36.42,True,synthetic_scenario_generator,26006
2024-12-27,IND_DHA,BULK_01,True,False,21.42,True,synthetic_scenario_generator,26006
2024-12-28,IND_DHA,BULK_01,True,False,15.8,True,synthetic_scenario_generator,26006
2024-12-29,IND_DHA,BULK_01,True,False,20.63,True,synthetic_scenario_generator,26006
2024-12-30,IND_DHA,BULK_01,True,False,25.37,True,synthetic_scenario_generator,26006
2024-12-31,IND_DHA,BULK_01,True,False,24.64,True,synthetic_scenario_generator,26006
2025-01-01,IND_DHA,BULK_01,True,False,20.21,True,synthetic_scenario_generator,26006
2025-01-02,IND_DHA,BULK_01,True,False,26.02,True,synthetic_scenario_generator,26006
2025-01-03,IND_DHA,BULK_01,True,False,22.42,True,synthetic_scenario_generator,26006
2025-01-04,IND_DHA,BULK_01,True,False,17.87,True,synthetic_scenario_generator,26006
2025-01-05,IND_DHA,BULK_01,True,False,19.36,True,synthetic_scenario_generator,26006
2025-01-06,IND_DHA,BULK_01,True,False,25.93,True,synthetic_scenario_generator,26006
2025-01-07,IND_DHA,BULK_01,True,False,23.54,True,synthetic_scenario_generator,26006
2025-01-08,IND_DHA,BULK_01,True,False,10.48,True,synthetic_scenario_generator,26006
2025-01-09,IND_DHA,BULK_01,True,False,9.44,True,synthetic_scenario_generator,26006
2025-01-10,IND_DHA,BULK_01,True,False,19.62,True,synthetic_scenario_generator,26006
2025-01-11,IND_DHA,BULK_01,True,False,13.7,True,synthetic_scenario_generator,26006
2025-01-12,IND_DHA,BULK_01,True,False,16.63,True,synthetic_scenario_generator,26006
2025-01-13,IND_DHA,BULK_01,True,False,11.48,True,synthetic_scenario_generator,26006
2025-01-14,IND_DHA,BULK_01,True,False,17.27,True,synthetic_scenario_generator,26006
2025-01-15,IND_DHA,BULK_01,True,False,15.57,True,synthetic_scenario_generator,26006
2025-01-16,IND_DHA,BULK_01,True,False,2.6,True,synthetic_scenario_generator,26006
2025-01-17,IND_DHA,BULK_01,True,False,17.32,True,synthetic_scenario_generator,26006
2025-01-18,IND_DHA,BULK_01,True,False,12.97,True,synthetic_scenario_generator,26006
2025-01-19,IND_DHA,BULK_01,True,False,11.86,True,synthetic_scenario_generator,26006
2025-01-20,IND_DHA,BULK_01,True,False,7.03,True,synthetic_scenario_generator,26006
2025-01-21,IND_DHA,BULK_01,True,False,10.74,True,synthetic_scenario_generator,26006
2025-01-22,IND_DHA,BULK_01,True,False,15.54,True,synthetic_scenario_generator,26006
2025-01-23,IND_DHA,BULK_01,True,False,2.67,True,synthetic_scenario_generator,26006
2025-01-24,IND_DHA,BULK_01,True,False,20.4,True,synthetic_scenario_generator,26006
2025-01-25,IND_DHA,BULK_01,True,False,16.49,True,synthetic_scenario_generator,26006
2025-01-26,IND_DHA,BULK_01,True,False,6.76,True,synthetic_scenario_generator,26006
2025-01-27,IND_DHA,BULK_01,True,False,12.59,True,synthetic_scenario_generator,26006
2025-01-28,IND_DHA,BULK_01,True,False,17.92,True,synthetic_scenario_generator,26006
2025-01-29,IND_DHA,BULK_01,True,False,27.07,True,synthetic_scenario_generator,26006
2025-01-30,IND_DHA,BULK_01,True,False,17.9,True,synthetic_scenario_generator,26006
2025-01-31,IND_DHA,BULK_01,True,False,10.09,True,synthetic_scenario_generator,26006
2025-02-01,IND_DHA,BULK_01,True,False,9.65,True,synthetic_scenario_generator,26006
2025-02-02,IND_DHA,BULK_01,True,False,20.19,True,synthetic_scenario_generator,26006
2025-02-03,IND_DHA,BULK_01,True,False,2.0,True,synthetic_scenario_generator,26006
2025-02-04,IND_DHA,BULK_01,True,False,23.01,True,synthetic_scenario_generator,26006
2025-02-05,IND_DHA,BULK_01,True,False,24.73,True,synthetic_scenario_generator,26006
2025-02-06,IND_DHA,BULK_01,True,False,21.63,True,synthetic_scenario_generator,26006
2025-02-07,IND_DHA,BULK_01,True,False,26.06,True,synthetic_scenario_generator,26006
2025-02-08,IND_DHA,BULK_01,True,False,32.04,True,synthetic_scenario_generator,26006
2025-02-09,IND_DHA,BULK_01,True,False,27.43,True,synthetic_scenario_generator,26006
2025-02-10,IND_DHA,BULK_01,True,False,26.14,True,synthetic_scenario_generator,26006
2025-02-11,IND_DHA,BULK_01,True,False,18.69,True,synthetic_scenario_generator,26006
2025-02-12,IND_DHA,BULK_01,True,False,21.77,True,synthetic_scenario_generator,26006
2025-02-13,IND_DHA,BULK_01,True,False,27.33,True,synthetic_scenario_generator,26006
2025-02-14,IND_DHA,BULK_01,True,False,27.44,True,synthetic_scenario_generator,26006
2025-02-15,IND_DHA,BULK_01,True,False,31.32,True,synthetic_scenario_generator,26006
2025-02-16,IND_DHA,BULK_01,True,False,28.27,True,synthetic_scenario_generator,26006
2025-02-17,IND_DHA,BULK_01,True,False,23.19,True,synthetic_scenario_generator,26006
2025-02-18,IND_DHA,BULK_01,True,False,20.78,True,synthetic_scenario_generator,26006
2025-02-19,IND_DHA,BULK_01,True,False,27.81,True,synthetic_scenario_generator,26006
2025-02-20,IND_DHA,BULK_01,True,False,27.34,True,synthetic_scenario_generator,26006
2025-02-21,IND_DHA,BULK_01,True,False,21.26,True,synthetic_scenario_generator,26006
2025-02-22,IND_DHA,BULK_01,True,False,31.51,True,synthetic_scenario_generator,26006
2025-02-23,IND_DHA,BULK_01,True,False,32.27,True,synthetic_scenario_generator,26006
2025-02-24,IND_DHA,BULK_01,True,False,34.67,True,synthetic_scenario_generator,26006
2025-02-25,IND_DHA,BULK_01,True,False,27.34,True,synthetic_scenario_generator,26006
2025-02-26,IND_DHA,BULK_01,True,False,25.14,True,synthetic_scenario_generator,26006
2025-02-27,IND_DHA,BULK_01,True,False,34.64,True,synthetic_scenario_generator,26006
2025-02-28,IND_DHA,BULK_01,True,False,27.76,True,synthetic_scenario_generator,26006
2025-03-01,IND_DHA,BULK_01,True,False,29.88,True,synthetic_scenario_generator,26006
2025-03-02,IND_DHA,BULK_01,True,False,34.28,True,synthetic_scenario_generator,26006
2025-03-03,IND_DHA,BULK_01,True,False,32.77,True,synthetic_scenario_generator,26006
2025-03-04,IND_DHA,BULK_01,True,False,24.87,True,synthetic_scenario_generator,26006
2025-03-05,IND_DHA,BULK_01,True,False,29.39,True,synthetic_scenario_generator,26006
2025-03-06,IND_DHA,BULK_01,True,False,28.33,True,synthetic_scenario_generator,26006
2025-03-07,IND_DHA,BULK_01,True,False,36.23,True,synthetic_scenario_generator,26006
2025-03-08,IND_DHA,BULK_01,True,False,26.61,True,synthetic_scenario_generator,26006
2025-03-09,IND_DHA,BULK_01,True,False,24.04,True,synthetic_scenario_generator,26006
2025-03-10,IND_DHA,BULK_01,True,False,28.02,True,synthetic_scenario_generator,26006
2025-03-11,IND_DHA,BULK_01,True,False,40.03,True,synthetic_scenario_generator,26006
2025-03-12,IND_DHA,BULK_01,True,False,26.36,True,synthetic_scenario_generator,26006
2025-03-13,IND_DHA,BULK_01,True,False,34.23,True,synthetic_scenario_generator,26006
2025-03-14,IND_DHA,BULK_01,True,False,26.9,True,synthetic_scenario_generator,26006
2025-03-15,IND_DHA,BULK_01,False,True,41.24,True,synthetic_scenario_generator,26006
2025-03-16,IND_DHA,BULK_01,True,False,37.93,True,synthetic_scenario_generator,26006
2025-03-17,IND_DHA,BULK_01,True,False,35.44,True,synthetic_scenario_generator,26006
2025-03-18,IND_DHA,BULK_01,True,False,29.96,True,synthetic_scenario_generator,26006
2025-03-19,IND_DHA,BULK_01,True,False,20.28,True,synthetic_scenario_generator,26006
2025-03-20,IND_DHA,BULK_01,True,False,16.76,True,synthetic_scenario_generator,26006
2025-03-21,IND_DHA,BULK_01,True,False,25.31,True,synthetic_scenario_generator,26006
2025-03-22,IND_DHA,BULK_01,True,False,30.51,True,synthetic_scenario_generator,26006
2025-03-23,IND_DHA,BULK_01,True,False,20.28,True,synthetic_scenario_generator,26006
2025-03-24,IND_DHA,BULK_01,True,False,24.12,True,synthetic_scenario_generator,26006
2025-03-25,IND_DHA,BULK_01,True,False,19.68,True,synthetic_scenario_generator,26006
2025-03-26,IND_DHA,BULK_01,True,False,18.39,True,synthetic_scenario_generator,26006
2025-03-27,IND_DHA,BULK_01,True,False,22.66,True,synthetic_scenario_generator,26006
2025-03-28,IND_DHA,BULK_01,True,False,18.38,True,synthetic_scenario_generator,26006
2025-03-29,IND_DHA,BULK_01,True,False,14.88,True,synthetic_scenario_generator,26006
2025-03-30,IND_DHA,BULK_01,True,False,20.04,True,synthetic_scenario_generator,26006
2025-03-31,IND_DHA,BULK_01,True,False,16.24,True,synthetic_scenario_generator,26006
2025-04-01,IND_DHA,BULK_01,True,False,19.12,True,synthetic_scenario_generator,26006
2025-04-02,IND_DHA,BULK_01,True,False,14.93,True,synthetic_scenario_generator,26006
2025-04-03,IND_DHA,BULK_01,True,False,21.41,True,synthetic_scenario_generator,26006
2025-04-04,IND_DHA,BULK_01,True,False,12.52,True,synthetic_scenario_generator,26006
2025-04-05,IND_DHA,BULK_01,True,False,19.55,True,synthetic_scenario_generator,26006
2025-04-06,IND_DHA,BULK_01,True,False,20.72,True,synthetic_scenario_generator,26006
2025-04-07,IND_DHA,BULK_01,True,False,16.84,True,synthetic_scenario_generator,26006
2025-04-08,IND_DHA,BULK_01,True,False,17.91,True,synthetic_scenario_generator,26006
2025-04-09,IND_DHA,BULK_01,True,False,20.12,True,synthetic_scenario_generator,26006
2025-04-10,IND_DHA,BULK_01,True,False,19.0,True,synthetic_scenario_generator,26006
2025-04-11,IND_DHA,BULK_01,True,False,16.62,True,synthetic_scenario_generator,26006
2025-04-12,IND_DHA,BULK_01,True,False,22.16,True,synthetic_scenario_generator,26006
2025-04-13,IND_DHA,BULK_01,True,False,16.37,True,synthetic_scenario_generator,26006
2025-04-14,IND_DHA,BULK_01,True,False,21.27,True,synthetic_scenario_generator,26006
2025-04-15,IND_DHA,BULK_01,True,False,17.66,True,synthetic_scenario_generator,26006
2025-04-16,IND_DHA,BULK_01,True,False,14.34,True,synthetic_scenario_generator,26006
2025-04-17,IND_DHA,BULK_01,True,False,11.94,True,synthetic_scenario_generator,26006
2025-04-18,IND_DHA,BULK_01,True,False,19.94,True,synthetic_scenario_generator,26006
2025-04-19,IND_DHA,BULK_01,True,False,14.37,True,synthetic_scenario_generator,26006
2025-04-20,IND_DHA,BULK_01,True,False,13.72,True,synthetic_scenario_generator,26006
2025-04-21,IND_DHA,BULK_01,True,False,19.41,True,synthetic_scenario_generator,26006
2025-04-22,IND_DHA,BULK_01,True,False,16.58,True,synthetic_scenario_generator,26006
2025-04-23,IND_DHA,BULK_01,True,False,15.44,True,synthetic_scenario_generator,26006
2025-04-24,IND_DHA,BULK_01,True,False,14.93,True,synthetic_scenario_generator,26006
2025-04-25,IND_DHA,BULK_01,True,False,5.98,True,synthetic_scenario_generator,26006
2025-04-26,IND_DHA,BULK_01,True,False,11.96,True,synthetic_scenario_generator,26006
2025-04-27,IND_DHA,BULK_01,True,False,23.22,True,synthetic_scenario_generator,26006
2025-04-28,IND_DHA,BULK_01,True,False,11.98,True,synthetic_scenario_generator,26006
2025-04-29,IND_DHA,BULK_01,True,False,19.38,True,synthetic_scenario_generator,26006
2025-04-30,IND_DHA,BULK_01,True,False,26.38,True,synthetic_scenario_generator,26006
2025-05-01,IND_DHA,BULK_01,True,False,21.02,True,synthetic_scenario_generator,26006
2025-05-02,IND_DHA,BULK_01,True,False,7.03,True,synthetic_scenario_generator,26006
2025-05-03,IND_DHA,BULK_01,True,False,19.22,True,synthetic_scenario_generator,26006
2025-05-04,IND_DHA,BULK_01,True,False,16.85,True,synthetic_scenario_generator,26006
2025-05-05,IND_DHA,BULK_01,True,False,14.39,True,synthetic_scenario_generator,26006
2025-05-06,IND_DHA,BULK_01,True,False,20.39,True,synthetic_scenario_generator,26006
2025-05-07,IND_DHA,BULK_01,True,False,27.25,True,synthetic_scenario_generator,26006
2025-05-08,IND_DHA,BULK_01,True,False,23.93,True,synthetic_scenario_generator,26006
2025-05-09,IND_DHA,BULK_01,True,False,13.74,True,synthetic_scenario_generator,26006
2025-05-10,IND_DHA,BULK_01,True,False,20.93,True,synthetic_scenario_generator,26006
2025-05-11,IND_DHA,BULK_01,True,False,20.14,True,synthetic_scenario_generator,26006
2025-05-12,IND_DHA,BULK_01,True,False,18.74,True,synthetic_scenario_generator,26006
2025-05-13,IND_DHA,BULK_01,True,False,31.65,True,synthetic_scenario_generator,26006
2025-05-14,IND_DHA,BULK_01,True,False,29.53,True,synthetic_scenario_generator,26006
2025-05-15,IND_DHA,BULK_01,True,False,24.99,True,synthetic_scenario_generator,26006
2025-05-16,IND_DHA,BULK_01,True,False,21.35,True,synthetic_scenario_generator,26006
2025-05-17,IND_DHA,BULK_01,True,False,23.71,True,synthetic_scenario_generator,26006
2025-05-18,IND_DHA,BULK_01,True,False,30.72,True,synthetic_scenario_generator,26006
2025-05-19,IND_DHA,BULK_01,True,False,26.03,True,synthetic_scenario_generator,26006
2025-05-20,IND_DHA,BULK_01,True,False,27.87,True,synthetic_scenario_generator,26006
2025-05-21,IND_DHA,BULK_01,True,False,23.08,True,synthetic_scenario_generator,26006
2025-05-22,IND_DHA,BULK_01,True,False,37.0,True,synthetic_scenario_generator,26006
2025-05-23,IND_DHA,BULK_01,True,False,29.57,True,synthetic_scenario_generator,26006
2025-05-24,IND_DHA,BULK_01,True,False,32.34,True,synthetic_scenario_generator,26006
2025-05-25,IND_DHA,BULK_01,True,False,29.17,True,synthetic_scenario_generator,26006
2025-05-26,IND_DHA,BULK_01,True,False,36.25,True,synthetic_scenario_generator,26006
2025-05-27,IND_DHA,BULK_01,True,False,35.57,True,synthetic_scenario_generator,26006
2025-05-28,IND_DHA,BULK_01,True,False,20.75,True,synthetic_scenario_generator,26006
2025-05-29,IND_DHA,BULK_01,True,False,34.9,True,synthetic_scenario_generator,26006
2025-05-30,IND_DHA,BULK_01,True,False,27.9,True,synthetic_scenario_generator,26006
2025-05-31,IND_DHA,BULK_01,True,False,33.38,True,synthetic_scenario_generator,26006
2025-06-01,IND_DHA,BULK_01,True,False,36.55,True,synthetic_scenario_generator,26006
2025-06-02,IND_DHA,BULK_01,True,False,43.47,True,synthetic_scenario_generator,26006
2025-06-03,IND_DHA,BULK_01,True,False,40.89,True,synthetic_scenario_generator,26006
2025-06-04,IND_DHA,BULK_01,True,False,35.37,True,synthetic_scenario_generator,26006
2025-06-05,IND_DHA,BULK_01,True,False,26.74,True,synthetic_scenario_generator,26006
2025-06-06,IND_DHA,BULK_01,True,False,45.19,True,synthetic_scenario_generator,26006
2025-06-07,IND_DHA,BULK_01,True,False,37.42,True,synthetic_scenario_generator,26006
2025-06-08,IND_DHA,BULK_01,True,False,24.24,True,synthetic_scenario_generator,26006
2025-06-09,IND_DHA,BULK_01,True,False,43.95,True,synthetic_scenario_generator,26006
2025-06-10,IND_DHA,BULK_01,True,False,40.11,True,synthetic_scenario_generator,26006
2025-06-11,IND_DHA,BULK_01,True,False,35.82,True,synthetic_scenario_generator,26006
2025-06-12,IND_DHA,BULK_01,True,False,46.71,True,synthetic_scenario_generator,26006
2025-06-13,IND_DHA,BULK_01,True,False,32.76,True,synthetic_scenario_generator,26006
2025-06-14,IND_DHA,BULK_01,True,False,31.7,True,synthetic_scenario_generator,26006
2025-06-15,IND_DHA,BULK_01,True,False,29.89,True,synthetic_scenario_generator,26006
2025-06-16,IND_DHA,BULK_01,True,False,22.62,True,synthetic_scenario_generator,26006
2025-06-17,IND_DHA,BULK_01,True,False,28.22,True,synthetic_scenario_generator,26006
2025-06-18,IND_DHA,BULK_01,True,False,38.04,True,synthetic_scenario_generator,26006
2025-06-19,IND_DHA,BULK_01,True,False,38.2,True,synthetic_scenario_generator,26006
2025-06-20,IND_DHA,BULK_01,True,False,33.34,True,synthetic_scenario_generator,26006
2025-06-21,IND_DHA,BULK_01,True,False,30.55,True,synthetic_scenario_generator,26006
2025-06-22,IND_DHA,BULK_01,True,False,37.32,True,synthetic_scenario_generator,26006
2025-06-23,IND_DHA,BULK_01,True,False,38.92,True,synthetic_scenario_generator,26006
2025-06-24,IND_DHA,BULK_01,True,False,31.97,True,synthetic_scenario_generator,26006
2025-06-25,IND_DHA,BULK_01,True,False,27.34,True,synthetic_scenario_generator,26006
2025-06-26,IND_DHA,BULK_01,True,False,25.57,True,synthetic_scenario_generator,26006
2025-06-27,IND_DHA,BULK_01,True,False,29.06,True,synthetic_scenario_generator,26006
2025-06-28,IND_DHA,BULK_01,True,False,24.15,True,synthetic_scenario_generator,26006
2025-06-29,IND_DHA,BULK_01,True,False,30.17,True,synthetic_scenario_generator,26006
2025-06-30,IND_DHA,BULK_01,True,False,24.39,True,synthetic_scenario_generator,26006
2025-07-01,IND_DHA,BULK_01,True,False,24.95,True,synthetic_scenario_generator,26006
2025-07-02,IND_DHA,BULK_01,True,False,26.11,True,synthetic_scenario_generator,26006
2025-07-03,IND_DHA,BULK_01,True,False,28.9,True,synthetic_scenario_generator,26006
2025-07-04,IND_DHA,BULK_01,True,False,14.57,True,synthetic_scenario_generator,26006
2025-07-05,IND_DHA,BULK_01,True,False,28.01,True,synthetic_scenario_generator,26006
2025-07-06,IND_DHA,BULK_01,True,False,13.07,True,synthetic_scenario_generator,26006
2025-07-07,IND_DHA,BULK_01,True,False,21.73,True,synthetic_scenario_generator,26006
2025-07-08,IND_DHA,BULK_01,True,False,22.37,True,synthetic_scenario_generator,26006
2025-07-09,IND_DHA,BULK_01,True,False,14.63,True,synthetic_scenario_generator,26006
2025-07-10,IND_DHA,BULK_01,True,False,15.51,True,synthetic_scenario_generator,26006
2025-07-11,IND_DHA,BULK_01,True,False,13.31,True,synthetic_scenario_generator,26006
2025-07-12,IND_DHA,BULK_01,True,False,18.45,True,synthetic_scenario_generator,26006
2025-07-13,IND_DHA,BULK_01,True,False,12.34,True,synthetic_scenario_generator,26006
2025-07-14,IND_DHA,BULK_01,True,False,23.1,True,synthetic_scenario_generator,26006
2025-07-15,IND_DHA,BULK_01,True,False,19.11,True,synthetic_scenario_generator,26006
2025-07-16,IND_DHA,BULK_01,True,False,7.23,True,synthetic_scenario_generator,26006
2025-07-17,IND_DHA,BULK_01,True,False,19.47,True,synthetic_scenario_generator,26006
2025-07-18,IND_DHA,BULK_01,True,False,14.87,True,synthetic_scenario_generator,26006
2025-07-19,IND_DHA,BULK_01,True,False,17.96,True,synthetic_scenario_generator,26006
2025-07-20,IND_DHA,BULK_01,True,False,17.49,True,synthetic_scenario_generator,26006
2025-07-21,IND_DHA,BULK_01,True,False,33.72,True,synthetic_scenario_generator,26006
2025-07-22,IND_DHA,BULK_01,True,False,9.23,True,synthetic_scenario_generator,26006
2025-07-23,IND_DHA,BULK_01,True,False,19.63,True,synthetic_scenario_generator,26006
2025-07-24,IND_DHA,BULK_01,True,False,23.69,True,synthetic_scenario_generator,26006
2025-07-25,IND_DHA,BULK_01,True,False,23.01,True,synthetic_scenario_generator,26006
2025-07-26,IND_DHA,BULK_01,True,False,21.24,True,synthetic_scenario_generator,26006
2025-07-27,IND_DHA,BULK_01,True,False,21.71,True,synthetic_scenario_generator,26006
2025-07-28,IND_DHA,BULK_01,True,False,21.99,True,synthetic_scenario_generator,26006
2025-07-29,IND_DHA,BULK_01,True,False,25.97,True,synthetic_scenario_generator,26006
2025-07-30,IND_DHA,BULK_01,True,False,16.52,True,synthetic_scenario_generator,26006
2025-07-31,IND_DHA,BULK_01,True,False,24.47,True,synthetic_scenario_generator,26006
2025-08-01,IND_DHA,BULK_01,True,False,20.59,True,synthetic_scenario_generator,26006
2025-08-02,IND_DHA,BULK_01,True,False,20.6,True,synthetic_scenario_generator,26006
2025-08-03,IND_DHA,BULK_01,True,False,26.14,True,synthetic_scenario_generator,26006
2025-08-04,IND_DHA,BULK_01,True,False,24.22,True,synthetic_scenario_generator,26006
2025-08-05,IND_DHA,BULK_01,True,False,28.07,True,synthetic_scenario_generator,26006
2025-08-06,IND_DHA,BULK_01,True,False,21.26,True,synthetic_scenario_generator,26006
2025-08-07,IND_DHA,BULK_01,True,False,28.43,True,synthetic_scenario_generator,26006
2025-08-08,IND_DHA,BULK_01,True,False,28.57,True,synthetic_scenario_generator,26006
2025-08-09,IND_DHA,BULK_01,True,False,19.18,True,synthetic_scenario_generator,26006
2025-08-10,IND_DHA,BULK_01,True,False,27.77,True,synthetic_scenario_generator,26006
2025-08-11,IND_DHA,BULK_01,True,False,26.07,True,synthetic_scenario_generator,26006
2025-08-12,IND_DHA,BULK_01,True,False,24.56,True,synthetic_scenario_generator,26006
2025-08-13,IND_DHA,BULK_01,True,False,26.55,True,synthetic_scenario_generator,26006
2025-08-14,IND_DHA,BULK_01,True,False,21.81,True,synthetic_scenario_generator,26006
2025-08-15,IND_DHA,BULK_01,True,False,25.26,True,synthetic_scenario_generator,26006
2025-08-16,IND_DHA,BULK_01,True,False,26.81,True,synthetic_scenario_generator,26006
2025-08-17,IND_DHA,BULK_01,True,False,29.44,True,synthetic_scenario_generator,26006
2025-08-18,IND_DHA,BULK_01,True,False,21.89,True,synthetic_scenario_generator,26006
2025-08-19,IND_DHA,BULK_01,True,False,34.89,True,synthetic_scenario_generator,26006
2025-08-20,IND_DHA,BULK_01,True,False,38.1,True,synthetic_scenario_generator,26006
2025-08-21,IND_DHA,BULK_01,True,False,31.73,True,synthetic_scenario_generator,26006
2025-08-22,IND_DHA,BULK_01,True,False,31.33,True,synthetic_scenario_generator,26006
2025-08-23,IND_DHA,BULK_01,True,False,28.09,True,synthetic_scenario_generator,26006
2025-08-24,IND_DHA,BULK_01,True,False,40.04,True,synthetic_scenario_generator,26006
2025-08-25,IND_DHA,BULK_01,True,False,27.9,True,synthetic_scenario_generator,26006
2025-08-26,IND_DHA,BULK_01,True,False,33.89,True,synthetic_scenario_generator,26006
2025-08-27,IND_DHA,BULK_01,True,False,36.35,True,synthetic_scenario_generator,26006
2025-08-28,IND_DHA,BULK_01,True,False,30.22,True,synthetic_scenario_generator,26006
2025-08-29,IND_DHA,BULK_01,True,False,38.36,True,synthetic_scenario_generator,26006
2025-08-30,IND_DHA,BULK_01,True,False,49.72,True,synthetic_scenario_generator,26006
2025-08-31,IND_DHA,BULK_01,True,False,39.2,True,synthetic_scenario_generator,26006
2025-09-01,IND_DHA,BULK_01,True,False,34.48,True,synthetic_scenario_generator,26006
2025-09-02,IND_DHA,BULK_01,True,False,37.89,True,synthetic_scenario_generator,26006
2025-09-03,IND_DHA,BULK_01,True,False,43.09,True,synthetic_scenario_generator,26006
2025-09-04,IND_DHA,BULK_01,True,False,27.95,True,synthetic_scenario_generator,26006
2025-09-05,IND_DHA,BULK_01,True,False,30.01,True,synthetic_scenario_generator,26006
2025-09-06,IND_DHA,BULK_01,True,False,36.08,True,synthetic_scenario_generator,26006
2025-09-07,IND_DHA,BULK_01,True,False,46.5,True,synthetic_scenario_generator,26006
2025-09-08,IND_DHA,BULK_01,True,False,33.07,True,synthetic_scenario_generator,26006
2025-09-09,IND_DHA,BULK_01,True,False,26.79,True,synthetic_scenario_generator,26006
2025-09-10,IND_DHA,BULK_01,True,False,30.29,True,synthetic_scenario_generator,26006
2025-09-11,IND_DHA,BULK_01,True,False,27.98,True,synthetic_scenario_generator,26006
2025-09-12,IND_DHA,BULK_01,True,False,31.7,True,synthetic_scenario_generator,26006
2025-09-13,IND_DHA,BULK_01,True,False,24.47,True,synthetic_scenario_generator,26006
2025-09-14,IND_DHA,BULK_01,True,False,32.21,True,synthetic_scenario_generator,26006
2025-09-15,IND_DHA,BULK_01,False,True,29.03,True,synthetic_scenario_generator,26006
2025-09-16,IND_DHA,BULK_01,True,False,32.43,True,synthetic_scenario_generator,26006
2025-09-17,IND_DHA,BULK_01,True,False,38.0,True,synthetic_scenario_generator,26006
2025-09-18,IND_DHA,BULK_01,True,False,23.59,True,synthetic_scenario_generator,26006
2025-09-19,IND_DHA,BULK_01,True,False,37.3,True,synthetic_scenario_generator,26006
2025-09-20,IND_DHA,BULK_01,True,False,30.05,True,synthetic_scenario_generator,26006
2025-09-21,IND_DHA,BULK_01,True,False,20.29,True,synthetic_scenario_generator,26006
2025-09-22,IND_DHA,BULK_01,True,False,26.13,True,synthetic_scenario_generator,26006
2025-09-23,IND_DHA,BULK_01,True,False,26.17,True,synthetic_scenario_generator,26006
2025-09-24,IND_DHA,BULK_01,True,False,30.67,True,synthetic_scenario_generator,26006
2025-09-25,IND_DHA,BULK_01,True,False,35.11,True,synthetic_scenario_generator,26006
2025-09-26,IND_DHA,BULK_01,True,False,30.01,True,synthetic_scenario_generator,26006
2025-09-27,IND_DHA,BULK_01,True,False,26.1,True,synthetic_scenario_generator,26006
2025-09-28,IND_DHA,BULK_01,True,False,19.79,True,synthetic_scenario_generator,26006
2025-09-29,IND_DHA,BULK_01,True,False,17.72,True,synthetic_scenario_generator,26006
2025-09-30,IND_DHA,BULK_01,True,False,22.69,True,synthetic_scenario_generator,26006
2025-10-01,IND_DHA,BULK_01,True,False,25.43,True,synthetic_scenario_generator,26006
2025-10-02,IND_DHA,BULK_01,True,False,23.88,True,synthetic_scenario_generator,26006
2025-10-03,IND_DHA,BULK_01,True,False,21.46,True,synthetic_scenario_generator,26006
2025-10-04,IND_DHA,BULK_01,True,False,9.39,True,synthetic_scenario_generator,26006
2025-10-05,IND_DHA,BULK_01,True,False,26.61,True,synthetic_scenario_generator,26006
2025-10-06,IND_DHA,BULK_01,True,False,21.96,True,synthetic_scenario_generator,26006
2025-10-07,IND_DHA,BULK_01,True,False,11.13,True,synthetic_scenario_generator,26006
2025-10-08,IND_DHA,BULK_01,True,False,23.3,True,synthetic_scenario_generator,26006
2025-10-09,IND_DHA,BULK_01,True,False,12.7,True,synthetic_scenario_generator,26006
2025-10-10,IND_DHA,BULK_01,True,False,11.96,True,synthetic_scenario_generator,26006
2025-10-11,IND_DHA,BULK_01,True,False,13.85,True,synthetic_scenario_generator,26006
2025-10-12,IND_DHA,BULK_01,True,False,18.34,True,synthetic_scenario_generator,26006
2025-10-13,IND_DHA,BULK_01,True,False,16.52,True,synthetic_scenario_generator,26006
2025-10-14,IND_DHA,BULK_01,True,False,16.31,True,synthetic_scenario_generator,26006
2025-10-15,IND_DHA,BULK_01,True,False,15.23,True,synthetic_scenario_generator,26006
2025-10-16,IND_DHA,BULK_01,True,False,7.29,True,synthetic_scenario_generator,26006
2025-10-17,IND_DHA,BULK_01,True,False,8.41,True,synthetic_scenario_generator,26006
2025-10-18,IND_DHA,BULK_01,True,False,25.4,True,synthetic_scenario_generator,26006
2025-10-19,IND_DHA,BULK_01,True,False,8.43,True,synthetic_scenario_generator,26006
2025-10-20,IND_DHA,BULK_01,True,False,18.5,True,synthetic_scenario_generator,26006
2025-10-21,IND_DHA,BULK_01,True,False,10.33,True,synthetic_scenario_generator,26006
2025-10-22,IND_DHA,BULK_01,True,False,9.71,True,synthetic_scenario_generator,26006
2025-10-23,IND_DHA,BULK_01,True,False,25.47,True,synthetic_scenario_generator,26006
2025-10-24,IND_DHA,BULK_01,True,False,11.51,True,synthetic_scenario_generator,26006
2025-10-25,IND_DHA,BULK_01,True,False,19.76,True,synthetic_scenario_generator,26006
2025-10-26,IND_DHA,BULK_01,True,False,22.23,True,synthetic_scenario_generator,26006
2025-10-27,IND_DHA,BULK_01,True,False,16.04,True,synthetic_scenario_generator,26006
2025-10-28,IND_DHA,BULK_01,True,False,24.54,True,synthetic_scenario_generator,26006
2025-10-29,IND_DHA,BULK_01,True,False,19.73,True,synthetic_scenario_generator,26006
2025-10-30,IND_DHA,BULK_01,True,False,13.12,True,synthetic_scenario_generator,26006
2025-10-31,IND_DHA,BULK_01,True,False,20.79,True,synthetic_scenario_generator,26006
2025-11-01,IND_DHA,BULK_01,True,False,15.8,True,synthetic_scenario_generator,26006
2025-11-02,IND_DHA,BULK_01,True,False,23.19,True,synthetic_scenario_generator,26006
2025-11-03,IND_DHA,BULK_01,True,False,29.02,True,synthetic_scenario_generator,26006
2025-11-04,IND_DHA,BULK_01,True,False,21.29,True,synthetic_scenario_generator,26006
2025-11-05,IND_DHA,BULK_01,True,False,20.61,True,synthetic_scenario_generator,26006
2025-11-06,IND_DHA,BULK_01,True,False,25.08,True,synthetic_scenario_generator,26006
2025-11-07,IND_DHA,BULK_01,True,False,28.79,True,synthetic_scenario_generator,26006
2025-11-08,IND_DHA,BULK_01,True,False,25.44,True,synthetic_scenario_generator,26006
2025-11-09,IND_DHA,BULK_01,True,False,30.47,True,synthetic_scenario_generator,26006
2025-11-10,IND_DHA,BULK_01,True,False,18.79,True,synthetic_scenario_generator,26006
2025-11-11,IND_DHA,BULK_01,True,False,33.34,True,synthetic_scenario_generator,26006
2025-11-12,IND_DHA,BULK_01,True,False,29.3,True,synthetic_scenario_generator,26006
2025-11-13,IND_DHA,BULK_01,True,False,23.73,True,synthetic_scenario_generator,26006
2025-11-14,IND_DHA,BULK_01,True,False,35.06,True,synthetic_scenario_generator,26006
2025-11-15,IND_DHA,BULK_01,True,False,32.49,True,synthetic_scenario_generator,26006
2025-11-16,IND_DHA,BULK_01,True,False,27.68,True,synthetic_scenario_generator,26006
2025-11-17,IND_DHA,BULK_01,True,False,25.71,True,synthetic_scenario_generator,26006
2025-11-18,IND_DHA,BULK_01,True,False,37.27,True,synthetic_scenario_generator,26006
2025-11-19,IND_DHA,BULK_01,True,False,21.29,True,synthetic_scenario_generator,26006
2025-11-20,IND_DHA,BULK_01,True,False,40.29,True,synthetic_scenario_generator,26006
2025-11-21,IND_DHA,BULK_01,True,False,34.82,True,synthetic_scenario_generator,26006
2025-11-22,IND_DHA,BULK_01,True,False,36.7,True,synthetic_scenario_generator,26006
2025-11-23,IND_DHA,BULK_01,True,False,24.15,True,synthetic_scenario_generator,26006
2025-11-24,IND_DHA,BULK_01,True,False,29.47,True,synthetic_scenario_generator,26006
2025-11-25,IND_DHA,BULK_01,True,False,30.86,True,synthetic_scenario_generator,26006
2025-11-26,IND_DHA,BULK_01,True,False,33.48,True,synthetic_scenario_generator,26006
2025-11-27,IND_DHA,BULK_01,True,False,21.26,True,synthetic_scenario_generator,26006
2025-11-28,IND_DHA,BULK_01,True,False,30.21,True,synthetic_scenario_generator,26006
2025-11-29,IND_DHA,BULK_01,True,False,26.8,True,synthetic_scenario_generator,26006
2025-11-30,IND_DHA,BULK_01,True,False,35.09,True,synthetic_scenario_generator,26006
2025-12-01,IND_DHA,BULK_01,True,False,29.44,True,synthetic_scenario_generator,26006
2025-12-02,IND_DHA,BULK_01,True,False,29.25,True,synthetic_scenario_generator,26006
2025-12-03,IND_DHA,BULK_01,True,False,36.79,True,synthetic_scenario_generator,26006
2025-12-04,IND_DHA,BULK_01,True,False,34.63,True,synthetic_scenario_generator,26006
2025-12-05,IND_DHA,BULK_01,True,False,26.64,True,synthetic_scenario_generator,26006
2025-12-06,IND_DHA,BULK_01,True,False,27.82,True,synthetic_scenario_generator,26006
2025-12-07,IND_DHA,BULK_01,True,False,34.19,True,synthetic_scenario_generator,26006
2025-12-08,IND_DHA,BULK_01,True,False,29.81,True,synthetic_scenario_generator,26006
2025-12-09,IND_DHA,BULK_01,True,False,23.85,True,synthetic_scenario_generator,26006
2025-12-10,IND_DHA,BULK_01,True,False,33.87,True,synthetic_scenario_generator,26006
2025-12-11,IND_DHA,BULK_01,True,False,30.34,True,synthetic_scenario_generator,26006
2025-12-12,IND_DHA,BULK_01,True,False,36.4,True,synthetic_scenario_generator,26006
2025-12-13,IND_DHA,BULK_01,True,False,19.43,True,synthetic_scenario_generator,26006
2025-12-14,IND_DHA,BULK_01,True,False,30.7,True,synthetic_scenario_generator,26006
2025-12-15,IND_DHA,BULK_01,True,False,34.87,True,synthetic_scenario_generator,26006
2025-12-16,IND_DHA,BULK_01,True,False,21.27,True,synthetic_scenario_generator,26006
2025-12-17,IND_DHA,BULK_01,True,False,29.46,True,synthetic_scenario_generator,26006
2025-12-18,IND_DHA,BULK_01,True,False,36.93,True,synthetic_scenario_generator,26006
2025-12-19,IND_DHA,BULK_01,True,False,36.35,True,synthetic_scenario_generator,26006
2025-12-20,IND_DHA,BULK_01,True,False,21.53,True,synthetic_scenario_generator,26006
2025-12-21,IND_DHA,BULK_01,True,False,24.0,True,synthetic_scenario_generator,26006
2025-12-22,IND_DHA,BULK_01,True,False,27.97,True,synthetic_scenario_generator,26006
2025-12-23,IND_DHA,BULK_01,True,False,21.34,True,synthetic_scenario_generator,26006
2025-12-24,IND_DHA,BULK_01,True,False,30.77,True,synthetic_scenario_generator,26006
2025-12-25,IND_DHA,BULK_01,True,False,22.87,True,synthetic_scenario_generator,26006
2025-12-26,IND_DHA,BULK_01,True,False,15.2,True,synthetic_scenario_generator,26006
2025-12-27,IND_DHA,BULK_01,True,False,16.99,True,synthetic_scenario_generator,26006
2025-12-28,IND_DHA,BULK_01,True,False,17.88,True,synthetic_scenario_generator,26006
2025-12-29,IND_DHA,BULK_01,True,False,20.13,True,synthetic_scenario_generator,26006
2025-12-30,IND_DHA,BULK_01,True,False,28.09,True,synthetic_scenario_generator,26006
2025-12-31,IND_DHA,BULK_01,True,False,27.94,True,synthetic_scenario_generator,26006
2026-01-01,IND_DHA,BULK_01,True,False,3.87,True,synthetic_scenario_generator,26006
2026-01-02,IND_DHA,BULK_01,True,False,18.67,True,synthetic_scenario_generator,26006
2026-01-03,IND_DHA,BULK_01,True,False,5.5,True,synthetic_scenario_generator,26006
2026-01-04,IND_DHA,BULK_01,True,False,20.13,True,synthetic_scenario_generator,26006
2026-01-05,IND_DHA,BULK_01,True,False,11.15,True,synthetic_scenario_generator,26006
2026-01-06,IND_DHA,BULK_01,True,False,16.6,True,synthetic_scenario_generator,26006
2026-01-07,IND_DHA,BULK_01,True,False,12.81,True,synthetic_scenario_generator,26006
2026-01-08,IND_DHA,BULK_01,True,False,13.96,True,synthetic_scenario_generator,26006
2026-01-09,IND_DHA,BULK_01,True,False,18.23,True,synthetic_scenario_generator,26006
2026-01-10,IND_DHA,BULK_01,True,False,8.66,True,synthetic_scenario_generator,26006
2026-01-11,IND_DHA,BULK_01,True,False,14.12,True,synthetic_scenario_generator,26006
2026-01-12,IND_DHA,BULK_01,True,False,12.73,True,synthetic_scenario_generator,26006
2026-01-13,IND_DHA,BULK_01,True,False,8.73,True,synthetic_scenario_generator,26006
2026-01-14,IND_DHA,BULK_01,True,False,14.63,True,synthetic_scenario_generator,26006
2026-01-15,IND_DHA,BULK_01,True,False,15.48,True,synthetic_scenario_generator,26006
2026-01-16,IND_DHA,BULK_01,True,False,10.66,True,synthetic_scenario_generator,26006
2026-01-17,IND_DHA,BULK_01,True,False,15.65,True,synthetic_scenario_generator,26006
2026-01-18,IND_DHA,BULK_01,True,False,10.12,True,synthetic_scenario_generator,26006
2026-01-19,IND_DHA,BULK_01,True,False,18.92,True,synthetic_scenario_generator,26006
2026-01-20,IND_DHA,BULK_01,True,False,14.67,True,synthetic_scenario_generator,26006
2026-01-21,IND_DHA,BULK_01,True,False,7.45,True,synthetic_scenario_generator,26006
2026-01-22,IND_DHA,BULK_01,True,False,14.72,True,synthetic_scenario_generator,26006
2026-01-23,IND_DHA,BULK_01,True,False,13.65,True,synthetic_scenario_generator,26006
2026-01-24,IND_DHA,BULK_01,True,False,6.55,True,synthetic_scenario_generator,26006
2026-01-25,IND_DHA,BULK_01,True,False,2.0,True,synthetic_scenario_generator,26006
2026-01-26,IND_DHA,BULK_01,True,False,18.45,True,synthetic_scenario_generator,26006
2026-01-27,IND_DHA,BULK_01,True,False,18.33,True,synthetic_scenario_generator,26006
2026-01-28,IND_DHA,BULK_01,True,False,16.64,True,synthetic_scenario_generator,26006
2026-01-29,IND_DHA,BULK_01,True,False,11.12,True,synthetic_scenario_generator,26006
2026-01-30,IND_DHA,BULK_01,True,False,20.38,True,synthetic_scenario_generator,26006
2026-01-31,IND_DHA,BULK_01,True,False,26.75,True,synthetic_scenario_generator,26006
2026-02-01,IND_DHA,BULK_01,True,False,12.56,True,synthetic_scenario_generator,26006
2026-02-02,IND_DHA,BULK_01,True,False,23.92,True,synthetic_scenario_generator,26006
2026-02-03,IND_DHA,BULK_01,True,False,11.77,True,synthetic_scenario_generator,26006
2026-02-04,IND_DHA,BULK_01,True,False,14.28,True,synthetic_scenario_generator,26006
2026-02-05,IND_DHA,BULK_01,True,False,18.87,True,synthetic_scenario_generator,26006
2026-02-06,IND_DHA,BULK_01,True,False,24.98,True,synthetic_scenario_generator,26006
2026-02-07,IND_DHA,BULK_01,True,False,23.81,True,synthetic_scenario_generator,26006
2026-02-08,IND_DHA,BULK_01,True,False,24.64,True,synthetic_scenario_generator,26006
2026-02-09,IND_DHA,BULK_01,True,False,19.95,True,synthetic_scenario_generator,26006
2026-02-10,IND_DHA,BULK_01,True,False,32.3,True,synthetic_scenario_generator,26006
2026-02-11,IND_DHA,BULK_01,True,False,23.49,True,synthetic_scenario_generator,26006
2026-02-12,IND_DHA,BULK_01,True,False,18.89,True,synthetic_scenario_generator,26006
2026-02-13,IND_DHA,BULK_01,True,False,31.76,True,synthetic_scenario_generator,26006
2026-02-14,IND_DHA,BULK_01,True,False,20.43,True,synthetic_scenario_generator,26006
2026-02-15,IND_DHA,BULK_01,True,False,26.12,True,synthetic_scenario_generator,26006
2026-02-16,IND_DHA,BULK_01,True,False,20.57,True,synthetic_scenario_generator,26006
2026-02-17,IND_DHA,BULK_01,True,False,23.42,True,synthetic_scenario_generator,26006
2026-02-18,IND_DHA,BULK_01,True,False,32.87,True,synthetic_scenario_generator,26006
2026-02-19,IND_DHA,BULK_01,True,False,26.36,True,synthetic_scenario_generator,26006
2026-02-20,IND_DHA,BULK_01,True,False,30.02,True,synthetic_scenario_generator,26006
2026-02-21,IND_DHA,BULK_01,True,False,35.53,True,synthetic_scenario_generator,26006
2026-02-22,IND_DHA,BULK_01,True,False,29.41,True,synthetic_scenario_generator,26006
2026-02-23,IND_DHA,BULK_01,True,False,23.05,True,synthetic_scenario_generator,26006
2026-02-24,IND_DHA,BULK_01,True,False,32.53,True,synthetic_scenario_generator,26006
2026-02-25,IND_DHA,BULK_01,True,False,33.84,True,synthetic_scenario_generator,26006
2026-02-26,IND_DHA,BULK_01,True,False,23.87,True,synthetic_scenario_generator,26006
2026-02-27,IND_DHA,BULK_01,True,False,23.02,True,synthetic_scenario_generator,26006
2026-02-28,IND_DHA,BULK_01,True,False,30.63,True,synthetic_scenario_generator,26006
2026-03-01,IND_DHA,BULK_01,True,False,32.03,True,synthetic_scenario_generator,26006
2026-03-02,IND_DHA,BULK_01,True,False,37.5,True,synthetic_scenario_generator,26006
2026-03-03,IND_DHA,BULK_01,True,False,35.08,True,synthetic_scenario_generator,26006
2026-03-04,IND_DHA,BULK_01,True,False,29.67,True,synthetic_scenario_generator,26006
2026-03-05,IND_DHA,BULK_01,True,False,21.99,True,synthetic_scenario_generator,26006
2026-03-06,IND_DHA,BULK_01,True,False,25.83,True,synthetic_scenario_generator,26006
2026-03-07,IND_DHA,BULK_01,True,False,31.23,True,synthetic_scenario_generator,26006
2026-03-08,IND_DHA,BULK_01,True,False,29.6,True,synthetic_scenario_generator,26006
2026-03-09,IND_DHA,BULK_01,True,False,25.49,True,synthetic_scenario_generator,26006
2026-03-10,IND_DHA,BULK_01,True,False,29.46,True,synthetic_scenario_generator,26006
2026-03-11,IND_DHA,BULK_01,True,False,33.11,True,synthetic_scenario_generator,26006
2026-03-12,IND_DHA,BULK_01,True,False,33.62,True,synthetic_scenario_generator,26006
2026-03-13,IND_DHA,BULK_01,True,False,23.02,True,synthetic_scenario_generator,26006
2026-03-14,IND_DHA,BULK_01,True,False,21.97,True,synthetic_scenario_generator,26006
2026-03-15,IND_DHA,BULK_01,False,True,24.08,True,synthetic_scenario_generator,26006
2026-03-16,IND_DHA,BULK_01,True,False,21.39,True,synthetic_scenario_generator,26006
2026-03-17,IND_DHA,BULK_01,True,False,24.55,True,synthetic_scenario_generator,26006
2026-03-18,IND_DHA,BULK_01,True,False,27.92,True,synthetic_scenario_generator,26006
2026-03-19,IND_DHA,BULK_01,True,False,28.51,True,synthetic_scenario_generator,26006
2026-03-20,IND_DHA,BULK_01,True,False,21.55,True,synthetic_scenario_generator,26006
2026-03-21,IND_DHA,BULK_01,True,False,24.97,True,synthetic_scenario_generator,26006
2026-03-22,IND_DHA,BULK_01,True,False,19.35,True,synthetic_scenario_generator,26006
2026-03-23,IND_DHA,BULK_01,True,False,6.64,True,synthetic_scenario_generator,26006
2026-03-24,IND_DHA,BULK_01,True,False,24.79,True,synthetic_scenario_generator,26006
2026-03-25,IND_DHA,BULK_01,True,False,28.59,True,synthetic_scenario_generator,26006
2026-03-26,IND_DHA,BULK_01,True,False,24.5,True,synthetic_scenario_generator,26006
2026-03-27,IND_DHA,BULK_01,True,False,17.7,True,synthetic_scenario_generator,26006
2026-03-28,IND_DHA,BULK_01,True,False,18.65,True,synthetic_scenario_generator,26006
2026-03-29,IND_DHA,BULK_01,True,False,17.09,True,synthetic_scenario_generator,26006
2026-03-30,IND_DHA,BULK_01,True,False,12.05,True,synthetic_scenario_generator,26006
2026-03-31,IND_DHA,BULK_01,True,False,29.16,True,synthetic_scenario_generator,26006
2026-04-01,IND_DHA,BULK_01,True,False,15.48,True,synthetic_scenario_generator,26006
2026-04-02,IND_DHA,BULK_01,True,False,18.12,True,synthetic_scenario_generator,26006
2026-04-03,IND_DHA,BULK_01,True,False,9.03,True,synthetic_scenario_generator,26006
2026-04-04,IND_DHA,BULK_01,True,False,19.88,True,synthetic_scenario_generator,26006
2026-04-05,IND_DHA,BULK_01,True,False,5.53,True,synthetic_scenario_generator,26006
2026-04-06,IND_DHA,BULK_01,True,False,13.4,True,synthetic_scenario_generator,26006
2026-04-07,IND_DHA,BULK_01,True,False,26.27,True,synthetic_scenario_generator,26006
2026-04-08,IND_DHA,BULK_01,True,False,21.26,True,synthetic_scenario_generator,26006
2026-04-09,IND_DHA,BULK_01,True,False,17.2,True,synthetic_scenario_generator,26006
2026-04-10,IND_DHA,BULK_01,True,False,18.31,True,synthetic_scenario_generator,26006
2026-04-11,IND_DHA,BULK_01,True,False,12.76,True,synthetic_scenario_generator,26006
2026-04-12,IND_DHA,BULK_01,True,False,16.51,True,synthetic_scenario_generator,26006
2026-04-13,IND_DHA,BULK_01,True,False,20.56,True,synthetic_scenario_generator,26006
2026-04-14,IND_DHA,BULK_01,True,False,14.95,True,synthetic_scenario_generator,26006
2026-04-15,IND_DHA,BULK_01,True,False,12.87,True,synthetic_scenario_generator,26006
2026-04-16,IND_DHA,BULK_01,True,False,20.2,True,synthetic_scenario_generator,26006
2026-04-17,IND_DHA,BULK_01,True,False,17.0,True,synthetic_scenario_generator,26006
2026-04-18,IND_DHA,BULK_01,True,False,12.6,True,synthetic_scenario_generator,26006
2026-04-19,IND_DHA,BULK_01,True,False,13.82,True,synthetic_scenario_generator,26006
2026-04-20,IND_DHA,BULK_01,True,False,11.93,True,synthetic_scenario_generator,26006
2026-04-21,IND_DHA,BULK_01,True,False,25.66,True,synthetic_scenario_generator,26006
2026-04-22,IND_DHA,BULK_01,True,False,23.59,True,synthetic_scenario_generator,26006
2026-04-23,IND_DHA,BULK_01,True,False,15.37,True,synthetic_scenario_generator,26006
2026-04-24,IND_DHA,BULK_01,True,False,16.51,True,synthetic_scenario_generator,26006
2026-04-25,IND_DHA,BULK_01,True,False,19.56,True,synthetic_scenario_generator,26006
2026-04-26,IND_DHA,BULK_01,True,False,19.51,True,synthetic_scenario_generator,26006
2026-04-27,IND_DHA,BULK_01,True,False,19.24,True,synthetic_scenario_generator,26006
2026-04-28,IND_DHA,BULK_01,True,False,13.27,True,synthetic_scenario_generator,26006
2026-04-29,IND_DHA,BULK_01,True,False,18.12,True,synthetic_scenario_generator,26006
2026-04-30,IND_DHA,BULK_01,True,False,18.4,True,synthetic_scenario_generator,26006
2026-05-01,IND_DHA,BULK_01,True,False,30.7,True,synthetic_scenario_generator,26006
2026-05-02,IND_DHA,BULK_01,True,False,16.48,True,synthetic_scenario_generator,26006
2026-05-03,IND_DHA,BULK_01,True,False,19.15,True,synthetic_scenario_generator,26006
2026-05-04,IND_DHA,BULK_01,True,False,6.56,True,synthetic_scenario_generator,26006
2026-05-05,IND_DHA,BULK_01,True,False,35.2,True,synthetic_scenario_generator,26006
2026-05-06,IND_DHA,BULK_01,True,False,23.18,True,synthetic_scenario_generator,26006
2026-05-07,IND_DHA,BULK_01,True,False,26.75,True,synthetic_scenario_generator,26006
2026-05-08,IND_DHA,BULK_01,True,False,27.37,True,synthetic_scenario_generator,26006
2026-05-09,IND_DHA,BULK_01,True,False,22.7,True,synthetic_scenario_generator,26006
2026-05-10,IND_DHA,BULK_01,True,False,30.09,True,synthetic_scenario_generator,26006
2026-05-11,IND_DHA,BULK_01,True,False,35.5,True,synthetic_scenario_generator,26006
2026-05-12,IND_DHA,BULK_01,True,False,29.16,True,synthetic_scenario_generator,26006
2026-05-13,IND_DHA,BULK_01,True,False,21.16,True,synthetic_scenario_generator,26006
2026-05-14,IND_DHA,BULK_01,True,False,17.03,True,synthetic_scenario_generator,26006
2026-05-15,IND_DHA,BULK_01,True,False,17.94,True,synthetic_scenario_generator,26006
2026-05-16,IND_DHA,BULK_01,True,False,30.28,True,synthetic_scenario_generator,26006
2026-05-17,IND_DHA,BULK_01,True,False,30.48,True,synthetic_scenario_generator,26006
2026-05-18,IND_DHA,BULK_01,True,False,27.83,True,synthetic_scenario_generator,26006
2026-05-19,IND_DHA,BULK_01,True,False,38.09,True,synthetic_scenario_generator,26006
2026-05-20,IND_DHA,BULK_01,True,False,28.74,True,synthetic_scenario_generator,26006
2026-05-21,IND_DHA,BULK_01,True,False,38.3,True,synthetic_scenario_generator,26006
2026-05-22,IND_DHA,BULK_01,True,False,35.55,True,synthetic_scenario_generator,26006
2026-05-23,IND_DHA,BULK_01,True,False,33.5,True,synthetic_scenario_generator,26006
2026-05-24,IND_DHA,BULK_01,True,False,31.69,True,synthetic_scenario_generator,26006
2026-05-25,IND_DHA,BULK_01,True,False,21.61,True,synthetic_scenario_generator,26006
2026-05-26,IND_DHA,BULK_01,True,False,32.94,True,synthetic_scenario_generator,26006
2026-05-27,IND_DHA,BULK_01,True,False,36.47,True,synthetic_scenario_generator,26006
2026-05-28,IND_DHA,BULK_01,True,False,32.69,True,synthetic_scenario_generator,26006
2026-05-29,IND_DHA,BULK_01,True,False,28.11,True,synthetic_scenario_generator,26006
2026-05-30,IND_DHA,BULK_01,True,False,43.02,True,synthetic_scenario_generator,26006
2026-05-31,IND_DHA,BULK_01,True,False,29.01,True,synthetic_scenario_generator,26006
2026-06-01,IND_DHA,BULK_01,True,False,29.1,True,synthetic_scenario_generator,26006
2026-06-02,IND_DHA,BULK_01,True,False,30.43,True,synthetic_scenario_generator,26006
2026-06-03,IND_DHA,BULK_01,True,False,37.11,True,synthetic_scenario_generator,26006
2026-06-04,IND_DHA,BULK_01,True,False,39.38,True,synthetic_scenario_generator,26006
2026-06-05,IND_DHA,BULK_01,True,False,41.89,True,synthetic_scenario_generator,26006
2026-06-06,IND_DHA,BULK_01,True,False,33.31,True,synthetic_scenario_generator,26006
2026-06-07,IND_DHA,BULK_01,True,False,33.16,True,synthetic_scenario_generator,26006
2026-06-08,IND_DHA,BULK_01,True,False,32.66,True,synthetic_scenario_generator,26006
2026-06-09,IND_DHA,BULK_01,True,False,45.74,True,synthetic_scenario_generator,26006
2026-06-10,IND_DHA,BULK_01,True,False,40.32,True,synthetic_scenario_generator,26006
2026-06-11,IND_DHA,BULK_01,True,False,34.1,True,synthetic_scenario_generator,26006
2026-06-12,IND_DHA,BULK_01,True,False,32.44,True,synthetic_scenario_generator,26006
2026-06-13,IND_DHA,BULK_01,True,False,33.73,True,synthetic_scenario_generator,26006
2026-06-14,IND_DHA,BULK_01,True,False,28.92,True,synthetic_scenario_generator,26006
2026-06-15,IND_DHA,BULK_01,True,False,41.25,True,synthetic_scenario_generator,26006
2026-06-16,IND_DHA,BULK_01,True,False,30.24,True,synthetic_scenario_generator,26006
2026-06-17,IND_DHA,BULK_01,True,False,34.79,True,synthetic_scenario_generator,26006
2026-06-18,IND_DHA,BULK_01,True,False,22.98,True,synthetic_scenario_generator,26006
2026-06-19,IND_DHA,BULK_01,True,False,27.98,True,synthetic_scenario_generator,26006
2026-06-20,IND_DHA,BULK_01,True,False,33.6,True,synthetic_scenario_generator,26006
2026-06-21,IND_DHA,BULK_01,True,False,30.44,True,synthetic_scenario_generator,26006
2026-06-22,IND_DHA,BULK_01,True,False,24.43,True,synthetic_scenario_generator,26006
2026-06-23,IND_DHA,BULK_01,True,False,35.64,True,synthetic_scenario_generator,26006
2026-06-24,IND_DHA,BULK_01,True,False,21.15,True,synthetic_scenario_generator,26006
2026-06-25,IND_DHA,BULK_01,True,False,23.26,True,synthetic_scenario_generator,26006
2026-06-26,IND_DHA,BULK_01,True,False,26.86,True,synthetic_scenario_generator,26006
2026-06-27,IND_DHA,BULK_01,True,False,30.99,True,synthetic_scenario_generator,26006
2026-06-28,IND_DHA,BULK_01,True,False,18.89,True,synthetic_scenario_generator,26006
2026-06-29,IND_DHA,BULK_01,True,False,27.6,True,synthetic_scenario_generator,26006
2026-06-30,IND_DHA,BULK_01,True,False,21.22,True,synthetic_scenario_generator,26006
2026-07-01,IND_DHA,BULK_01,True,False,26.84,True,synthetic_scenario_generator,26006
2026-07-02,IND_DHA,BULK_01,True,False,22.44,True,synthetic_scenario_generator,26006
2026-07-03,IND_DHA,BULK_01,True,False,19.52,True,synthetic_scenario_generator,26006
2026-07-04,IND_DHA,BULK_01,True,False,15.09,True,synthetic_scenario_generator,26006
2026-07-05,IND_DHA,BULK_01,True,False,21.49,True,synthetic_scenario_generator,26006
2026-07-06,IND_DHA,BULK_01,True,False,14.3,True,synthetic_scenario_generator,26006
2026-07-07,IND_DHA,BULK_01,True,False,9.01,True,synthetic_scenario_generator,26006
2026-07-08,IND_DHA,BULK_01,True,False,20.81,True,synthetic_scenario_generator,26006
2026-07-09,IND_DHA,BULK_01,True,False,13.94,True,synthetic_scenario_generator,26006
2026-07-10,IND_DHA,BULK_01,True,False,16.74,True,synthetic_scenario_generator,26006
2026-07-11,IND_DHA,BULK_01,True,False,22.88,True,synthetic_scenario_generator,26006
2026-07-12,IND_DHA,BULK_01,True,False,17.53,True,synthetic_scenario_generator,26006
2026-07-13,IND_DHA,BULK_01,True,False,20.82,True,synthetic_scenario_generator,26006
2026-07-14,IND_DHA,BULK_01,True,False,13.01,True,synthetic_scenario_generator,26006
2026-07-15,IND_DHA,BULK_01,True,False,9.37,True,synthetic_scenario_generator,26006
2026-07-16,IND_DHA,BULK_01,True,False,14.78,True,synthetic_scenario_generator,26006
2026-07-17,IND_DHA,BULK_01,True,False,14.08,True,synthetic_scenario_generator,26006
2026-07-18,IND_DHA,BULK_01,True,False,13.98,True,synthetic_scenario_generator,26006
2026-07-19,IND_DHA,BULK_01,True,False,19.4,True,synthetic_scenario_generator,26006
2026-07-20,IND_DHA,BULK_01,True,False,14.93,True,synthetic_scenario_generator,26006
2026-07-21,IND_DHA,BULK_01,True,False,36.37,True,synthetic_scenario_generator,26006
2026-07-22,IND_DHA,BULK_01,True,False,22.7,True,synthetic_scenario_generator,26006
2026-07-23,IND_DHA,BULK_01,True,False,19.15,True,synthetic_scenario_generator,26006
2026-07-24,IND_DHA,BULK_01,True,False,21.1,True,synthetic_scenario_generator,26006
2026-07-25,IND_DHA,BULK_01,True,False,18.56,True,synthetic_scenario_generator,26006
2026-07-26,IND_DHA,BULK_01,True,False,17.95,True,synthetic_scenario_generator,26006
2026-07-27,IND_DHA,BULK_01,True,False,24.08,True,synthetic_scenario_generator,26006
2026-07-28,IND_DHA,BULK_01,True,False,29.92,True,synthetic_scenario_generator,26006
2026-07-29,IND_DHA,BULK_01,True,False,23.38,True,synthetic_scenario_generator,26006
2026-07-30,IND_DHA,BULK_01,True,False,27.56,True,synthetic_scenario_generator,26006
2026-07-31,IND_DHA,BULK_01,True,False,24.88,True,synthetic_scenario_generator,26006
2026-08-01,IND_DHA,BULK_01,True,False,28.59,True,synthetic_scenario_generator,26006
2026-08-02,IND_DHA,BULK_01,True,False,28.94,True,synthetic_scenario_generator,26006
2026-08-03,IND_DHA,BULK_01,True,False,26.48,True,synthetic_scenario_generator,26006
2026-08-04,IND_DHA,BULK_01,True,False,24.61,True,synthetic_scenario_generator,26006
2026-08-05,IND_DHA,BULK_01,True,False,27.93,True,synthetic_scenario_generator,26006
2026-08-06,IND_DHA,BULK_01,True,False,25.03,True,synthetic_scenario_generator,26006
2026-08-07,IND_DHA,BULK_01,True,False,26.85,True,synthetic_scenario_generator,26006
2026-08-08,IND_DHA,BULK_01,True,False,29.35,True,synthetic_scenario_generator,26006
2026-08-09,IND_DHA,BULK_01,True,False,34.91,True,synthetic_scenario_generator,26006
2026-08-10,IND_DHA,BULK_01,True,False,32.68,True,synthetic_scenario_generator,26006
2026-08-11,IND_DHA,BULK_01,True,False,38.7,True,synthetic_scenario_generator,26006
2026-08-12,IND_DHA,BULK_01,True,False,32.56,True,synthetic_scenario_generator,26006
2026-08-13,IND_DHA,BULK_01,True,False,37.08,True,synthetic_scenario_generator,26006
2026-08-14,IND_DHA,BULK_01,True,False,33.21,True,synthetic_scenario_generator,26006
2026-08-15,IND_DHA,BULK_01,True,False,36.42,True,synthetic_scenario_generator,26006
2026-08-16,IND_DHA,BULK_01,True,False,42.37,True,synthetic_scenario_generator,26006
2026-08-17,IND_DHA,BULK_01,True,False,32.89,True,synthetic_scenario_generator,26006
2026-08-18,IND_DHA,BULK_01,True,False,35.11,True,synthetic_scenario_generator,26006
2026-08-19,IND_DHA,BULK_01,True,False,31.37,True,synthetic_scenario_generator,26006
2026-08-20,IND_DHA,BULK_01,True,False,34.39,True,synthetic_scenario_generator,26006
2026-08-21,IND_DHA,BULK_01,True,False,31.57,True,synthetic_scenario_generator,26006
2026-08-22,IND_DHA,BULK_01,True,False,32.36,True,synthetic_scenario_generator,26006
2026-08-23,IND_DHA,BULK_01,True,False,31.76,True,synthetic_scenario_generator,26006
2026-08-24,IND_DHA,BULK_01,True,False,36.58,True,synthetic_scenario_generator,26006
2026-08-25,IND_DHA,BULK_01,True,False,37.18,True,synthetic_scenario_generator,26006
2026-08-26,IND_DHA,BULK_01,True,False,38.58,True,synthetic_scenario_generator,26006
2026-08-27,IND_DHA,BULK_01,True,False,37.74,True,synthetic_scenario_generator,26006
2026-08-28,IND_DHA,BULK_01,True,False,32.75,True,synthetic_scenario_generator,26006
2026-08-29,IND_DHA,BULK_01,True,False,30.65,True,synthetic_scenario_generator,26006
2026-08-30,IND_DHA,BULK_01,True,False,43.05,True,synthetic_scenario_generator,26006
2026-08-31,IND_DHA,BULK_01,True,False,31.91,True,synthetic_scenario_generator,26006
2020-01-01,IND_VIZ,BULK_01,True,False,21.68,True,synthetic_scenario_generator,26006
2020-01-02,IND_VIZ,BULK_01,True,False,12.49,True,synthetic_scenario_generator,26006
2020-01-03,IND_VIZ,BULK_01,True,False,20.43,True,synthetic_scenario_generator,26006
2020-01-04,IND_VIZ,BULK_01,True,False,23.01,True,synthetic_scenario_generator,26006
2020-01-05,IND_VIZ,BULK_01,True,False,20.34,True,synthetic_scenario_generator,26006
2020-01-06,IND_VIZ,BULK_01,True,False,22.17,True,synthetic_scenario_generator,26006
2020-01-07,IND_VIZ,BULK_01,True,False,10.17,True,synthetic_scenario_generator,26006
2020-01-08,IND_VIZ,BULK_01,True,False,14.87,True,synthetic_scenario_generator,26006
2020-01-09,IND_VIZ,BULK_01,True,False,14.27,True,synthetic_scenario_generator,26006
2020-01-10,IND_VIZ,BULK_01,True,False,19.34,True,synthetic_scenario_generator,26006
2020-01-11,IND_VIZ,BULK_01,True,False,11.42,True,synthetic_scenario_generator,26006
2020-01-12,IND_VIZ,BULK_01,True,False,16.3,True,synthetic_scenario_generator,26006
2020-01-13,IND_VIZ,BULK_01,True,False,11.09,True,synthetic_scenario_generator,26006
2020-01-14,IND_VIZ,BULK_01,True,False,24.3,True,synthetic_scenario_generator,26006
2020-01-15,IND_VIZ,BULK_01,True,False,17.64,True,synthetic_scenario_generator,26006
2020-01-16,IND_VIZ,BULK_01,True,False,9.87,True,synthetic_scenario_generator,26006
2020-01-17,IND_VIZ,BULK_01,True,False,23.77,True,synthetic_scenario_generator,26006
2020-01-18,IND_VIZ,BULK_01,True,False,9.48,True,synthetic_scenario_generator,26006
2020-01-19,IND_VIZ,BULK_01,True,False,11.77,True,synthetic_scenario_generator,26006
2020-01-20,IND_VIZ,BULK_01,True,False,19.04,True,synthetic_scenario_generator,26006
2020-01-21,IND_VIZ,BULK_01,True,False,14.55,True,synthetic_scenario_generator,26006
2020-01-22,IND_VIZ,BULK_01,True,False,17.94,True,synthetic_scenario_generator,26006
2020-01-23,IND_VIZ,BULK_01,True,False,9.53,True,synthetic_scenario_generator,26006
2020-01-24,IND_VIZ,BULK_01,True,False,9.29,True,synthetic_scenario_generator,26006
2020-01-25,IND_VIZ,BULK_01,True,False,16.55,True,synthetic_scenario_generator,26006
2020-01-26,IND_VIZ,BULK_01,True,False,16.25,True,synthetic_scenario_generator,26006
2020-01-27,IND_VIZ,BULK_01,True,False,12.43,True,synthetic_scenario_generator,26006
2020-01-28,IND_VIZ,BULK_01,True,False,18.15,True,synthetic_scenario_generator,26006
2020-01-29,IND_VIZ,BULK_01,True,False,7.3,True,synthetic_scenario_generator,26006
2020-01-30,IND_VIZ,BULK_01,True,False,7.88,True,synthetic_scenario_generator,26006
2020-01-31,IND_VIZ,BULK_01,True,False,15.93,True,synthetic_scenario_generator,26006
2020-02-01,IND_VIZ,BULK_01,True,False,12.13,True,synthetic_scenario_generator,26006
2020-02-02,IND_VIZ,BULK_01,True,False,20.56,True,synthetic_scenario_generator,26006
2020-02-03,IND_VIZ,BULK_01,True,False,11.16,True,synthetic_scenario_generator,26006
2020-02-04,IND_VIZ,BULK_01,True,False,18.7,True,synthetic_scenario_generator,26006
2020-02-05,IND_VIZ,BULK_01,True,False,21.58,True,synthetic_scenario_generator,26006
2020-02-06,IND_VIZ,BULK_01,True,False,15.22,True,synthetic_scenario_generator,26006
2020-02-07,IND_VIZ,BULK_01,True,False,13.06,True,synthetic_scenario_generator,26006
2020-02-08,IND_VIZ,BULK_01,True,False,26.82,True,synthetic_scenario_generator,26006
2020-02-09,IND_VIZ,BULK_01,True,False,22.65,True,synthetic_scenario_generator,26006
2020-02-10,IND_VIZ,BULK_01,True,False,23.26,True,synthetic_scenario_generator,26006
2020-02-11,IND_VIZ,BULK_01,True,False,17.59,True,synthetic_scenario_generator,26006
2020-02-12,IND_VIZ,BULK_01,True,False,16.97,True,synthetic_scenario_generator,26006
2020-02-13,IND_VIZ,BULK_01,True,False,2.0,True,synthetic_scenario_generator,26006
2020-02-14,IND_VIZ,BULK_01,True,False,24.18,True,synthetic_scenario_generator,26006
2020-02-15,IND_VIZ,BULK_01,True,False,23.54,True,synthetic_scenario_generator,26006
2020-02-16,IND_VIZ,BULK_01,True,False,18.4,True,synthetic_scenario_generator,26006
2020-02-17,IND_VIZ,BULK_01,True,False,16.27,True,synthetic_scenario_generator,26006
2020-02-18,IND_VIZ,BULK_01,True,False,9.26,True,synthetic_scenario_generator,26006
2020-02-19,IND_VIZ,BULK_01,True,False,25.21,True,synthetic_scenario_generator,26006
2020-02-20,IND_VIZ,BULK_01,True,False,21.76,True,synthetic_scenario_generator,26006
2020-02-21,IND_VIZ,BULK_01,True,False,19.89,True,synthetic_scenario_generator,26006
2020-02-22,IND_VIZ,BULK_01,True,False,25.37,True,synthetic_scenario_generator,26006
2020-02-23,IND_VIZ,BULK_01,True,False,25.37,True,synthetic_scenario_generator,26006
2020-02-24,IND_VIZ,BULK_01,True,False,14.38,True,synthetic_scenario_generator,26006
2020-02-25,IND_VIZ,BULK_01,True,False,29.12,True,synthetic_scenario_generator,26006
2020-02-26,IND_VIZ,BULK_01,True,False,30.05,True,synthetic_scenario_generator,26006
2020-02-27,IND_VIZ,BULK_01,True,False,36.8,True,synthetic_scenario_generator,26006
2020-02-28,IND_VIZ,BULK_01,True,False,22.95,True,synthetic_scenario_generator,26006
2020-02-29,IND_VIZ,BULK_01,True,False,29.79,True,synthetic_scenario_generator,26006
2020-03-01,IND_VIZ,BULK_01,True,False,28.86,True,synthetic_scenario_generator,26006
2020-03-02,IND_VIZ,BULK_01,True,False,31.99,True,synthetic_scenario_generator,26006
2020-03-03,IND_VIZ,BULK_01,True,False,33.0,True,synthetic_scenario_generator,26006
2020-03-04,IND_VIZ,BULK_01,True,False,26.05,True,synthetic_scenario_generator,26006
2020-03-05,IND_VIZ,BULK_01,True,False,31.47,True,synthetic_scenario_generator,26006
2020-03-06,IND_VIZ,BULK_01,True,False,33.65,True,synthetic_scenario_generator,26006
2020-03-07,IND_VIZ,BULK_01,True,False,32.29,True,synthetic_scenario_generator,26006
2020-03-08,IND_VIZ,BULK_01,True,False,36.9,True,synthetic_scenario_generator,26006
2020-03-09,IND_VIZ,BULK_01,True,False,32.07,True,synthetic_scenario_generator,26006
2020-03-10,IND_VIZ,BULK_01,True,False,34.73,True,synthetic_scenario_generator,26006
2020-03-11,IND_VIZ,BULK_01,True,False,28.79,True,synthetic_scenario_generator,26006
2020-03-12,IND_VIZ,BULK_01,True,False,29.23,True,synthetic_scenario_generator,26006
2020-03-13,IND_VIZ,BULK_01,True,False,30.15,True,synthetic_scenario_generator,26006
2020-03-14,IND_VIZ,BULK_01,True,False,29.51,True,synthetic_scenario_generator,26006
2020-03-15,IND_VIZ,BULK_01,False,True,31.86,True,synthetic_scenario_generator,26006
2020-03-16,IND_VIZ,BULK_01,True,False,26.5,True,synthetic_scenario_generator,26006
2020-03-17,IND_VIZ,BULK_01,True,False,28.57,True,synthetic_scenario_generator,26006
2020-03-18,IND_VIZ,BULK_01,True,False,26.64,True,synthetic_scenario_generator,26006
2020-03-19,IND_VIZ,BULK_01,True,False,25.65,True,synthetic_scenario_generator,26006
2020-03-20,IND_VIZ,BULK_01,True,False,33.92,True,synthetic_scenario_generator,26006
2020-03-21,IND_VIZ,BULK_01,True,False,33.75,True,synthetic_scenario_generator,26006
2020-03-22,IND_VIZ,BULK_01,True,False,32.49,True,synthetic_scenario_generator,26006
2020-03-23,IND_VIZ,BULK_01,True,False,23.55,True,synthetic_scenario_generator,26006
2020-03-24,IND_VIZ,BULK_01,True,False,32.1,True,synthetic_scenario_generator,26006
2020-03-25,IND_VIZ,BULK_01,True,False,21.3,True,synthetic_scenario_generator,26006
2020-03-26,IND_VIZ,BULK_01,True,False,24.95,True,synthetic_scenario_generator,26006
2020-03-27,IND_VIZ,BULK_01,True,False,20.25,True,synthetic_scenario_generator,26006
2020-03-28,IND_VIZ,BULK_01,True,False,24.52,True,synthetic_scenario_generator,26006
2020-03-29,IND_VIZ,BULK_01,True,False,24.78,True,synthetic_scenario_generator,26006
2020-03-30,IND_VIZ,BULK_01,True,False,19.07,True,synthetic_scenario_generator,26006
2020-03-31,IND_VIZ,BULK_01,True,False,20.29,True,synthetic_scenario_generator,26006
2020-04-01,IND_VIZ,BULK_01,True,False,25.57,True,synthetic_scenario_generator,26006
2020-04-02,IND_VIZ,BULK_01,True,False,26.23,True,synthetic_scenario_generator,26006
2020-04-03,IND_VIZ,BULK_01,True,False,22.1,True,synthetic_scenario_generator,26006
2020-04-04,IND_VIZ,BULK_01,True,False,27.45,True,synthetic_scenario_generator,26006
2020-04-05,IND_VIZ,BULK_01,True,False,21.99,True,synthetic_scenario_generator,26006
2020-04-06,IND_VIZ,BULK_01,True,False,20.15,True,synthetic_scenario_generator,26006
2020-04-07,IND_VIZ,BULK_01,True,False,23.04,True,synthetic_scenario_generator,26006
2020-04-08,IND_VIZ,BULK_01,True,False,19.94,True,synthetic_scenario_generator,26006
2020-04-09,IND_VIZ,BULK_01,True,False,7.06,True,synthetic_scenario_generator,26006
2020-04-10,IND_VIZ,BULK_01,True,False,19.62,True,synthetic_scenario_generator,26006
2020-04-11,IND_VIZ,BULK_01,True,False,20.93,True,synthetic_scenario_generator,26006
2020-04-12,IND_VIZ,BULK_01,True,False,14.05,True,synthetic_scenario_generator,26006
2020-04-13,IND_VIZ,BULK_01,True,False,9.42,True,synthetic_scenario_generator,26006
2020-04-14,IND_VIZ,BULK_01,True,False,15.79,True,synthetic_scenario_generator,26006
2020-04-15,IND_VIZ,BULK_01,True,False,22.3,True,synthetic_scenario_generator,26006
2020-04-16,IND_VIZ,BULK_01,True,False,23.3,True,synthetic_scenario_generator,26006
2020-04-17,IND_VIZ,BULK_01,True,False,14.6,True,synthetic_scenario_generator,26006
2020-04-18,IND_VIZ,BULK_01,True,False,15.4,True,synthetic_scenario_generator,26006
2020-04-19,IND_VIZ,BULK_01,True,False,6.98,True,synthetic_scenario_generator,26006
2020-04-20,IND_VIZ,BULK_01,True,False,17.56,True,synthetic_scenario_generator,26006
2020-04-21,IND_VIZ,BULK_01,True,False,24.57,True,synthetic_scenario_generator,26006
2020-04-22,IND_VIZ,BULK_01,True,False,19.84,True,synthetic_scenario_generator,26006
2020-04-23,IND_VIZ,BULK_01,True,False,5.53,True,synthetic_scenario_generator,26006
2020-04-24,IND_VIZ,BULK_01,True,False,15.98,True,synthetic_scenario_generator,26006
2020-04-25,IND_VIZ,BULK_01,True,False,17.14,True,synthetic_scenario_generator,26006
2020-04-26,IND_VIZ,BULK_01,True,False,18.76,True,synthetic_scenario_generator,26006
2020-04-27,IND_VIZ,BULK_01,True,False,26.35,True,synthetic_scenario_generator,26006
2020-04-28,IND_VIZ,BULK_01,True,False,14.17,True,synthetic_scenario_generator,26006
2020-04-29,IND_VIZ,BULK_01,True,False,15.6,True,synthetic_scenario_generator,26006
2020-04-30,IND_VIZ,BULK_01,True,False,29.9,True,synthetic_scenario_generator,26006
2020-05-01,IND_VIZ,BULK_01,True,False,16.85,True,synthetic_scenario_generator,26006
2020-05-02,IND_VIZ,BULK_01,True,False,24.27,True,synthetic_scenario_generator,26006
2020-05-03,IND_VIZ,BULK_01,True,False,13.41,True,synthetic_scenario_generator,26006
2020-05-04,IND_VIZ,BULK_01,True,False,12.4,True,synthetic_scenario_generator,26006
2020-05-05,IND_VIZ,BULK_01,True,False,18.99,True,synthetic_scenario_generator,26006
2020-05-06,IND_VIZ,BULK_01,True,False,16.4,True,synthetic_scenario_generator,26006
2020-05-07,IND_VIZ,BULK_01,True,False,19.78,True,synthetic_scenario_generator,26006
2020-05-08,IND_VIZ,BULK_01,True,False,18.16,True,synthetic_scenario_generator,26006
2020-05-09,IND_VIZ,BULK_01,True,False,32.11,True,synthetic_scenario_generator,26006
2020-05-10,IND_VIZ,BULK_01,True,False,21.79,True,synthetic_scenario_generator,26006
2020-05-11,IND_VIZ,BULK_01,True,False,17.33,True,synthetic_scenario_generator,26006
2020-05-12,IND_VIZ,BULK_01,True,False,23.0,True,synthetic_scenario_generator,26006
2020-05-13,IND_VIZ,BULK_01,True,False,15.1,True,synthetic_scenario_generator,26006
2020-05-14,IND_VIZ,BULK_01,True,False,24.51,True,synthetic_scenario_generator,26006
2020-05-15,IND_VIZ,BULK_01,True,False,25.15,True,synthetic_scenario_generator,26006
2020-05-16,IND_VIZ,BULK_01,True,False,29.44,True,synthetic_scenario_generator,26006
2020-05-17,IND_VIZ,BULK_01,True,False,17.65,True,synthetic_scenario_generator,26006
2020-05-18,IND_VIZ,BULK_01,True,False,26.0,True,synthetic_scenario_generator,26006
2020-05-19,IND_VIZ,BULK_01,True,False,28.08,True,synthetic_scenario_generator,26006
2020-05-20,IND_VIZ,BULK_01,True,False,24.8,True,synthetic_scenario_generator,26006
2020-05-21,IND_VIZ,BULK_01,True,False,35.85,True,synthetic_scenario_generator,26006
2020-05-22,IND_VIZ,BULK_01,True,False,21.3,True,synthetic_scenario_generator,26006
2020-05-23,IND_VIZ,BULK_01,True,False,28.73,True,synthetic_scenario_generator,26006
2020-05-24,IND_VIZ,BULK_01,True,False,33.66,True,synthetic_scenario_generator,26006
2020-05-25,IND_VIZ,BULK_01,True,False,38.82,True,synthetic_scenario_generator,26006
2020-05-26,IND_VIZ,BULK_01,True,False,27.93,True,synthetic_scenario_generator,26006
2020-05-27,IND_VIZ,BULK_01,True,False,25.83,True,synthetic_scenario_generator,26006
2020-05-28,IND_VIZ,BULK_01,True,False,31.77,True,synthetic_scenario_generator,26006
2020-05-29,IND_VIZ,BULK_01,True,False,35.03,True,synthetic_scenario_generator,26006
2020-05-30,IND_VIZ,BULK_01,True,False,37.07,True,synthetic_scenario_generator,26006
2020-05-31,IND_VIZ,BULK_01,True,False,42.09,True,synthetic_scenario_generator,26006
2020-06-01,IND_VIZ,BULK_01,True,False,43.08,True,synthetic_scenario_generator,26006
2020-06-02,IND_VIZ,BULK_01,True,False,36.54,True,synthetic_scenario_generator,26006
2020-06-03,IND_VIZ,BULK_01,True,False,30.34,True,synthetic_scenario_generator,26006
2020-06-04,IND_VIZ,BULK_01,True,False,34.33,True,synthetic_scenario_generator,26006
2020-06-05,IND_VIZ,BULK_01,True,False,41.58,True,synthetic_scenario_generator,26006
2020-06-06,IND_VIZ,BULK_01,True,False,37.63,True,synthetic_scenario_generator,26006
2020-06-07,IND_VIZ,BULK_01,True,False,46.85,True,synthetic_scenario_generator,26006
2020-06-08,IND_VIZ,BULK_01,True,False,23.68,True,synthetic_scenario_generator,26006
2020-06-09,IND_VIZ,BULK_01,True,False,37.99,True,synthetic_scenario_generator,26006
2020-06-10,IND_VIZ,BULK_01,True,False,41.4,True,synthetic_scenario_generator,26006
2020-06-11,IND_VIZ,BULK_01,True,False,25.17,True,synthetic_scenario_generator,26006
2020-06-12,IND_VIZ,BULK_01,True,False,42.01,True,synthetic_scenario_generator,26006
2020-06-13,IND_VIZ,BULK_01,True,False,41.42,True,synthetic_scenario_generator,26006
2020-06-14,IND_VIZ,BULK_01,True,False,31.85,True,synthetic_scenario_generator,26006
2020-06-15,IND_VIZ,BULK_01,True,False,33.01,True,synthetic_scenario_generator,26006
2020-06-16,IND_VIZ,BULK_01,True,False,39.49,True,synthetic_scenario_generator,26006
2020-06-17,IND_VIZ,BULK_01,True,False,36.04,True,synthetic_scenario_generator,26006
2020-06-18,IND_VIZ,BULK_01,True,False,24.21,True,synthetic_scenario_generator,26006
2020-06-19,IND_VIZ,BULK_01,True,False,27.35,True,synthetic_scenario_generator,26006
2020-06-20,IND_VIZ,BULK_01,True,False,33.14,True,synthetic_scenario_generator,26006
2020-06-21,IND_VIZ,BULK_01,True,False,40.96,True,synthetic_scenario_generator,26006
2020-06-22,IND_VIZ,BULK_01,True,False,29.98,True,synthetic_scenario_generator,26006
2020-06-23,IND_VIZ,BULK_01,True,False,30.92,True,synthetic_scenario_generator,26006
2020-06-24,IND_VIZ,BULK_01,True,False,35.76,True,synthetic_scenario_generator,26006
2020-06-25,IND_VIZ,BULK_01,True,False,29.53,True,synthetic_scenario_generator,26006
2020-06-26,IND_VIZ,BULK_01,True,False,30.82,True,synthetic_scenario_generator,26006
2020-06-27,IND_VIZ,BULK_01,True,False,33.06,True,synthetic_scenario_generator,26006
2020-06-28,IND_VIZ,BULK_01,True,False,28.21,True,synthetic_scenario_generator,26006
2020-06-29,IND_VIZ,BULK_01,True,False,37.41,True,synthetic_scenario_generator,26006
2020-06-30,IND_VIZ,BULK_01,True,False,30.0,True,synthetic_scenario_generator,26006
2020-07-01,IND_VIZ,BULK_01,True,False,18.17,True,synthetic_scenario_generator,26006
2020-07-02,IND_VIZ,BULK_01,True,False,19.73,True,synthetic_scenario_generator,26006
2020-07-03,IND_VIZ,BULK_01,True,False,28.41,True,synthetic_scenario_generator,26006
2020-07-04,IND_VIZ,BULK_01,True,False,18.9,True,synthetic_scenario_generator,26006
2020-07-05,IND_VIZ,BULK_01,True,False,28.39,True,synthetic_scenario_generator,26006
2020-07-06,IND_VIZ,BULK_01,True,False,17.86,True,synthetic_scenario_generator,26006
2020-07-07,IND_VIZ,BULK_01,True,False,30.53,True,synthetic_scenario_generator,26006
2020-07-08,IND_VIZ,BULK_01,True,False,20.12,True,synthetic_scenario_generator,26006
2020-07-09,IND_VIZ,BULK_01,True,False,17.57,True,synthetic_scenario_generator,26006
2020-07-10,IND_VIZ,BULK_01,True,False,15.87,True,synthetic_scenario_generator,26006
2020-07-11,IND_VIZ,BULK_01,True,False,22.26,True,synthetic_scenario_generator,26006
2020-07-12,IND_VIZ,BULK_01,True,False,14.18,True,synthetic_scenario_generator,26006
2020-07-13,IND_VIZ,BULK_01,True,False,20.2,True,synthetic_scenario_generator,26006
2020-07-14,IND_VIZ,BULK_01,True,False,21.57,True,synthetic_scenario_generator,26006
2020-07-15,IND_VIZ,BULK_01,True,False,17.87,True,synthetic_scenario_generator,26006
2020-07-16,IND_VIZ,BULK_01,True,False,21.81,True,synthetic_scenario_generator,26006
2020-07-17,IND_VIZ,BULK_01,True,False,11.04,True,synthetic_scenario_generator,26006
2020-07-18,IND_VIZ,BULK_01,True,False,21.56,True,synthetic_scenario_generator,26006
2020-07-19,IND_VIZ,BULK_01,True,False,16.16,True,synthetic_scenario_generator,26006
2020-07-20,IND_VIZ,BULK_01,True,False,16.34,True,synthetic_scenario_generator,26006
2020-07-21,IND_VIZ,BULK_01,True,False,18.34,True,synthetic_scenario_generator,26006
2020-07-22,IND_VIZ,BULK_01,True,False,13.03,True,synthetic_scenario_generator,26006
2020-07-23,IND_VIZ,BULK_01,True,False,21.86,True,synthetic_scenario_generator,26006
2020-07-24,IND_VIZ,BULK_01,True,False,23.3,True,synthetic_scenario_generator,26006
2020-07-25,IND_VIZ,BULK_01,True,False,12.2,True,synthetic_scenario_generator,26006
2020-07-26,IND_VIZ,BULK_01,True,False,11.08,True,synthetic_scenario_generator,26006
2020-07-27,IND_VIZ,BULK_01,True,False,10.11,True,synthetic_scenario_generator,26006
2020-07-28,IND_VIZ,BULK_01,True,False,21.92,True,synthetic_scenario_generator,26006
2020-07-29,IND_VIZ,BULK_01,True,False,17.68,True,synthetic_scenario_generator,26006
2020-07-30,IND_VIZ,BULK_01,True,False,19.22,True,synthetic_scenario_generator,26006
2020-07-31,IND_VIZ,BULK_01,True,False,21.57,True,synthetic_scenario_generator,26006
2020-08-01,IND_VIZ,BULK_01,True,False,21.08,True,synthetic_scenario_generator,26006
2020-08-02,IND_VIZ,BULK_01,True,False,27.71,True,synthetic_scenario_generator,26006
2020-08-03,IND_VIZ,BULK_01,True,False,18.21,True,synthetic_scenario_generator,26006
2020-08-04,IND_VIZ,BULK_01,True,False,27.78,True,synthetic_scenario_generator,26006
2020-08-05,IND_VIZ,BULK_01,True,False,24.14,True,synthetic_scenario_generator,26006
2020-08-06,IND_VIZ,BULK_01,True,False,24.02,True,synthetic_scenario_generator,26006
2020-08-07,IND_VIZ,BULK_01,True,False,30.98,True,synthetic_scenario_generator,26006
2020-08-08,IND_VIZ,BULK_01,True,False,31.52,True,synthetic_scenario_generator,26006
2020-08-09,IND_VIZ,BULK_01,True,False,31.27,True,synthetic_scenario_generator,26006
2020-08-10,IND_VIZ,BULK_01,True,False,19.36,True,synthetic_scenario_generator,26006
2020-08-11,IND_VIZ,BULK_01,True,False,14.36,True,synthetic_scenario_generator,26006
2020-08-12,IND_VIZ,BULK_01,True,False,23.69,True,synthetic_scenario_generator,26006
2020-08-13,IND_VIZ,BULK_01,True,False,29.22,True,synthetic_scenario_generator,26006
2020-08-14,IND_VIZ,BULK_01,True,False,26.61,True,synthetic_scenario_generator,26006
2020-08-15,IND_VIZ,BULK_01,True,False,26.89,True,synthetic_scenario_generator,26006
2020-08-16,IND_VIZ,BULK_01,True,False,28.37,True,synthetic_scenario_generator,26006
2020-08-17,IND_VIZ,BULK_01,True,False,28.43,True,synthetic_scenario_generator,26006
2020-08-18,IND_VIZ,BULK_01,True,False,32.71,True,synthetic_scenario_generator,26006
2020-08-19,IND_VIZ,BULK_01,True,False,32.32,True,synthetic_scenario_generator,26006
2020-08-20,IND_VIZ,BULK_01,True,False,34.87,True,synthetic_scenario_generator,26006
2020-08-21,IND_VIZ,BULK_01,True,False,27.6,True,synthetic_scenario_generator,26006
2020-08-22,IND_VIZ,BULK_01,True,False,29.41,True,synthetic_scenario_generator,26006
2020-08-23,IND_VIZ,BULK_01,True,False,37.31,True,synthetic_scenario_generator,26006
2020-08-24,IND_VIZ,BULK_01,True,False,26.87,True,synthetic_scenario_generator,26006
2020-08-25,IND_VIZ,BULK_01,True,False,29.69,True,synthetic_scenario_generator,26006
2020-08-26,IND_VIZ,BULK_01,True,False,39.98,True,synthetic_scenario_generator,26006
2020-08-27,IND_VIZ,BULK_01,True,False,31.48,True,synthetic_scenario_generator,26006
2020-08-28,IND_VIZ,BULK_01,True,False,37.82,True,synthetic_scenario_generator,26006
2020-08-29,IND_VIZ,BULK_01,True,False,31.12,True,synthetic_scenario_generator,26006
2020-08-30,IND_VIZ,BULK_01,True,False,39.82,True,synthetic_scenario_generator,26006
2020-08-31,IND_VIZ,BULK_01,True,False,40.82,True,synthetic_scenario_generator,26006
2020-09-01,IND_VIZ,BULK_01,True,False,23.93,True,synthetic_scenario_generator,26006
2020-09-02,IND_VIZ,BULK_01,True,False,37.59,True,synthetic_scenario_generator,26006
2020-09-03,IND_VIZ,BULK_01,True,False,32.16,True,synthetic_scenario_generator,26006
2020-09-04,IND_VIZ,BULK_01,True,False,39.38,True,synthetic_scenario_generator,26006
2020-09-05,IND_VIZ,BULK_01,True,False,31.34,True,synthetic_scenario_generator,26006
2020-09-06,IND_VIZ,BULK_01,True,False,40.42,True,synthetic_scenario_generator,26006
2020-09-07,IND_VIZ,BULK_01,True,False,27.41,True,synthetic_scenario_generator,26006
2020-09-08,IND_VIZ,BULK_01,True,False,39.33,True,synthetic_scenario_generator,26006
2020-09-09,IND_VIZ,BULK_01,True,False,26.47,True,synthetic_scenario_generator,26006
2020-09-10,IND_VIZ,BULK_01,True,False,31.83,True,synthetic_scenario_generator,26006
2020-09-11,IND_VIZ,BULK_01,True,False,29.13,True,synthetic_scenario_generator,26006
2020-09-12,IND_VIZ,BULK_01,True,False,39.63,True,synthetic_scenario_generator,26006
2020-09-13,IND_VIZ,BULK_01,True,False,37.87,True,synthetic_scenario_generator,26006
2020-09-14,IND_VIZ,BULK_01,True,False,30.78,True,synthetic_scenario_generator,26006
2020-09-15,IND_VIZ,BULK_01,False,True,31.43,True,synthetic_scenario_generator,26006
2020-09-16,IND_VIZ,BULK_01,True,False,31.3,True,synthetic_scenario_generator,26006
2020-09-17,IND_VIZ,BULK_01,True,False,39.94,True,synthetic_scenario_generator,26006
2020-09-18,IND_VIZ,BULK_01,True,False,35.91,True,synthetic_scenario_generator,26006
2020-09-19,IND_VIZ,BULK_01,True,False,28.18,True,synthetic_scenario_generator,26006
2020-09-20,IND_VIZ,BULK_01,True,False,33.38,True,synthetic_scenario_generator,26006
2020-09-21,IND_VIZ,BULK_01,True,False,30.32,True,synthetic_scenario_generator,26006
2020-09-22,IND_VIZ,BULK_01,True,False,22.83,True,synthetic_scenario_generator,26006
2020-09-23,IND_VIZ,BULK_01,True,False,38.65,True,synthetic_scenario_generator,26006
2020-09-24,IND_VIZ,BULK_01,True,False,35.14,True,synthetic_scenario_generator,26006
2020-09-25,IND_VIZ,BULK_01,True,False,25.1,True,synthetic_scenario_generator,26006
2020-09-26,IND_VIZ,BULK_01,True,False,23.15,True,synthetic_scenario_generator,26006
2020-09-27,IND_VIZ,BULK_01,True,False,24.53,True,synthetic_scenario_generator,26006
2020-09-28,IND_VIZ,BULK_01,True,False,27.17,True,synthetic_scenario_generator,26006
2020-09-29,IND_VIZ,BULK_01,True,False,18.28,True,synthetic_scenario_generator,26006
2020-09-30,IND_VIZ,BULK_01,True,False,20.03,True,synthetic_scenario_generator,26006
2020-10-01,IND_VIZ,BULK_01,True,False,21.4,True,synthetic_scenario_generator,26006
2020-10-02,IND_VIZ,BULK_01,True,False,25.25,True,synthetic_scenario_generator,26006
2020-10-03,IND_VIZ,BULK_01,True,False,13.21,True,synthetic_scenario_generator,26006
2020-10-04,IND_VIZ,BULK_01,True,False,22.46,True,synthetic_scenario_generator,26006
2020-10-05,IND_VIZ,BULK_01,True,False,18.52,True,synthetic_scenario_generator,26006
2020-10-06,IND_VIZ,BULK_01,True,False,15.09,True,synthetic_scenario_generator,26006
2020-10-07,IND_VIZ,BULK_01,True,False,22.64,True,synthetic_scenario_generator,26006
2020-10-08,IND_VIZ,BULK_01,True,False,27.25,True,synthetic_scenario_generator,26006
2020-10-09,IND_VIZ,BULK_01,True,False,15.88,True,synthetic_scenario_generator,26006
2020-10-10,IND_VIZ,BULK_01,True,False,15.11,True,synthetic_scenario_generator,26006
2020-10-11,IND_VIZ,BULK_01,True,False,13.88,True,synthetic_scenario_generator,26006
2020-10-12,IND_VIZ,BULK_01,True,False,16.39,True,synthetic_scenario_generator,26006
2020-10-13,IND_VIZ,BULK_01,True,False,17.1,True,synthetic_scenario_generator,26006
2020-10-14,IND_VIZ,BULK_01,True,False,13.37,True,synthetic_scenario_generator,26006
2020-10-15,IND_VIZ,BULK_01,True,False,12.22,True,synthetic_scenario_generator,26006
2020-10-16,IND_VIZ,BULK_01,True,False,8.14,True,synthetic_scenario_generator,26006
2020-10-17,IND_VIZ,BULK_01,True,False,15.19,True,synthetic_scenario_generator,26006
2020-10-18,IND_VIZ,BULK_01,True,False,17.76,True,synthetic_scenario_generator,26006
2020-10-19,IND_VIZ,BULK_01,True,False,18.08,True,synthetic_scenario_generator,26006
2020-10-20,IND_VIZ,BULK_01,True,False,14.72,True,synthetic_scenario_generator,26006
2020-10-21,IND_VIZ,BULK_01,True,False,16.75,True,synthetic_scenario_generator,26006
2020-10-22,IND_VIZ,BULK_01,True,False,8.88,True,synthetic_scenario_generator,26006
2020-10-23,IND_VIZ,BULK_01,True,False,19.6,True,synthetic_scenario_generator,26006
2020-10-24,IND_VIZ,BULK_01,True,False,21.62,True,synthetic_scenario_generator,26006
2020-10-25,IND_VIZ,BULK_01,True,False,17.73,True,synthetic_scenario_generator,26006
2020-10-26,IND_VIZ,BULK_01,True,False,15.27,True,synthetic_scenario_generator,26006
2020-10-27,IND_VIZ,BULK_01,True,False,22.56,True,synthetic_scenario_generator,26006
2020-10-28,IND_VIZ,BULK_01,True,False,20.68,True,synthetic_scenario_generator,26006
2020-10-29,IND_VIZ,BULK_01,True,False,19.43,True,synthetic_scenario_generator,26006
2020-10-30,IND_VIZ,BULK_01,True,False,20.57,True,synthetic_scenario_generator,26006
2020-10-31,IND_VIZ,BULK_01,True,False,14.67,True,synthetic_scenario_generator,26006
2020-11-01,IND_VIZ,BULK_01,True,False,15.74,True,synthetic_scenario_generator,26006
2020-11-02,IND_VIZ,BULK_01,True,False,21.28,True,synthetic_scenario_generator,26006
2020-11-03,IND_VIZ,BULK_01,True,False,18.92,True,synthetic_scenario_generator,26006
2020-11-04,IND_VIZ,BULK_01,True,False,17.86,True,synthetic_scenario_generator,26006
2020-11-05,IND_VIZ,BULK_01,True,False,25.26,True,synthetic_scenario_generator,26006
2020-11-06,IND_VIZ,BULK_01,True,False,24.48,True,synthetic_scenario_generator,26006
2020-11-07,IND_VIZ,BULK_01,True,False,30.48,True,synthetic_scenario_generator,26006
2020-11-08,IND_VIZ,BULK_01,True,False,16.92,True,synthetic_scenario_generator,26006
2020-11-09,IND_VIZ,BULK_01,True,False,27.55,True,synthetic_scenario_generator,26006
2020-11-10,IND_VIZ,BULK_01,True,False,20.56,True,synthetic_scenario_generator,26006
2020-11-11,IND_VIZ,BULK_01,True,False,21.77,True,synthetic_scenario_generator,26006
2020-11-12,IND_VIZ,BULK_01,True,False,32.51,True,synthetic_scenario_generator,26006
2020-11-13,IND_VIZ,BULK_01,True,False,30.02,True,synthetic_scenario_generator,26006
2020-11-14,IND_VIZ,BULK_01,True,False,34.1,True,synthetic_scenario_generator,26006
2020-11-15,IND_VIZ,BULK_01,True,False,29.24,True,synthetic_scenario_generator,26006
2020-11-16,IND_VIZ,BULK_01,True,False,31.44,True,synthetic_scenario_generator,26006
2020-11-17,IND_VIZ,BULK_01,True,False,14.04,True,synthetic_scenario_generator,26006
2020-11-18,IND_VIZ,BULK_01,True,False,32.3,True,synthetic_scenario_generator,26006
2020-11-19,IND_VIZ,BULK_01,True,False,41.15,True,synthetic_scenario_generator,26006
2020-11-20,IND_VIZ,BULK_01,True,False,32.73,True,synthetic_scenario_generator,26006
2020-11-21,IND_VIZ,BULK_01,True,False,36.33,True,synthetic_scenario_generator,26006
2020-11-22,IND_VIZ,BULK_01,True,False,36.76,True,synthetic_scenario_generator,26006
2020-11-23,IND_VIZ,BULK_01,True,False,33.1,True,synthetic_scenario_generator,26006
2020-11-24,IND_VIZ,BULK_01,True,False,33.75,True,synthetic_scenario_generator,26006
2020-11-25,IND_VIZ,BULK_01,True,False,36.35,True,synthetic_scenario_generator,26006
2020-11-26,IND_VIZ,BULK_01,True,False,35.68,True,synthetic_scenario_generator,26006
2020-11-27,IND_VIZ,BULK_01,True,False,30.7,True,synthetic_scenario_generator,26006
2020-11-28,IND_VIZ,BULK_01,True,False,28.32,True,synthetic_scenario_generator,26006
2020-11-29,IND_VIZ,BULK_01,True,False,32.3,True,synthetic_scenario_generator,26006
2020-11-30,IND_VIZ,BULK_01,True,False,32.4,True,synthetic_scenario_generator,26006
2020-12-01,IND_VIZ,BULK_01,True,False,42.56,True,synthetic_scenario_generator,26006
2020-12-02,IND_VIZ,BULK_01,True,False,31.77,True,synthetic_scenario_generator,26006
2020-12-03,IND_VIZ,BULK_01,True,False,35.71,True,synthetic_scenario_generator,26006
2020-12-04,IND_VIZ,BULK_01,True,False,19.37,True,synthetic_scenario_generator,26006
2020-12-05,IND_VIZ,BULK_01,True,False,30.3,True,synthetic_scenario_generator,26006
2020-12-06,IND_VIZ,BULK_01,True,False,32.84,True,synthetic_scenario_generator,26006
2020-12-07,IND_VIZ,BULK_01,True,False,36.13,True,synthetic_scenario_generator,26006
2020-12-08,IND_VIZ,BULK_01,True,False,41.81,True,synthetic_scenario_generator,26006
2020-12-09,IND_VIZ,BULK_01,True,False,35.18,True,synthetic_scenario_generator,26006
2020-12-10,IND_VIZ,BULK_01,True,False,39.11,True,synthetic_scenario_generator,26006
2020-12-11,IND_VIZ,BULK_01,True,False,30.04,True,synthetic_scenario_generator,26006
2020-12-12,IND_VIZ,BULK_01,True,False,36.89,True,synthetic_scenario_generator,26006
2020-12-13,IND_VIZ,BULK_01,True,False,19.64,True,synthetic_scenario_generator,26006
2020-12-14,IND_VIZ,BULK_01,True,False,29.9,True,synthetic_scenario_generator,26006
2020-12-15,IND_VIZ,BULK_01,True,False,21.78,True,synthetic_scenario_generator,26006
2020-12-16,IND_VIZ,BULK_01,True,False,35.2,True,synthetic_scenario_generator,26006
2020-12-17,IND_VIZ,BULK_01,True,False,34.7,True,synthetic_scenario_generator,26006
2020-12-18,IND_VIZ,BULK_01,True,False,20.45,True,synthetic_scenario_generator,26006
2020-12-19,IND_VIZ,BULK_01,True,False,26.53,True,synthetic_scenario_generator,26006
2020-12-20,IND_VIZ,BULK_01,True,False,35.54,True,synthetic_scenario_generator,26006
2020-12-21,IND_VIZ,BULK_01,True,False,24.45,True,synthetic_scenario_generator,26006
2020-12-22,IND_VIZ,BULK_01,True,False,32.86,True,synthetic_scenario_generator,26006
2020-12-23,IND_VIZ,BULK_01,True,False,34.69,True,synthetic_scenario_generator,26006
2020-12-24,IND_VIZ,BULK_01,True,False,12.92,True,synthetic_scenario_generator,26006
2020-12-25,IND_VIZ,BULK_01,True,False,20.57,True,synthetic_scenario_generator,26006
2020-12-26,IND_VIZ,BULK_01,True,False,24.99,True,synthetic_scenario_generator,26006
2020-12-27,IND_VIZ,BULK_01,True,False,30.97,True,synthetic_scenario_generator,26006
2020-12-28,IND_VIZ,BULK_01,True,False,21.39,True,synthetic_scenario_generator,26006
2020-12-29,IND_VIZ,BULK_01,True,False,21.89,True,synthetic_scenario_generator,26006
2020-12-30,IND_VIZ,BULK_01,True,False,14.34,True,synthetic_scenario_generator,26006
2020-12-31,IND_VIZ,BULK_01,True,False,16.57,True,synthetic_scenario_generator,26006
2021-01-01,IND_VIZ,BULK_01,True,False,29.06,True,synthetic_scenario_generator,26006
2021-01-02,IND_VIZ,BULK_01,True,False,18.83,True,synthetic_scenario_generator,26006
2021-01-03,IND_VIZ,BULK_01,True,False,13.5,True,synthetic_scenario_generator,26006
2021-01-04,IND_VIZ,BULK_01,True,False,11.52,True,synthetic_scenario_generator,26006
2021-01-05,IND_VIZ,BULK_01,True,False,23.91,True,synthetic_scenario_generator,26006
2021-01-06,IND_VIZ,BULK_01,True,False,19.08,True,synthetic_scenario_generator,26006
2021-01-07,IND_VIZ,BULK_01,True,False,6.71,True,synthetic_scenario_generator,26006
2021-01-08,IND_VIZ,BULK_01,True,False,25.23,True,synthetic_scenario_generator,26006
2021-01-09,IND_VIZ,BULK_01,True,False,23.99,True,synthetic_scenario_generator,26006
2021-01-10,IND_VIZ,BULK_01,True,False,17.33,True,synthetic_scenario_generator,26006
2021-01-11,IND_VIZ,BULK_01,True,False,11.04,True,synthetic_scenario_generator,26006
2021-01-12,IND_VIZ,BULK_01,True,False,2.42,True,synthetic_scenario_generator,26006
2021-01-13,IND_VIZ,BULK_01,True,False,13.83,True,synthetic_scenario_generator,26006
2021-01-14,IND_VIZ,BULK_01,True,False,15.36,True,synthetic_scenario_generator,26006
2021-01-15,IND_VIZ,BULK_01,True,False,10.95,True,synthetic_scenario_generator,26006
2021-01-16,IND_VIZ,BULK_01,True,False,5.2,True,synthetic_scenario_generator,26006
2021-01-17,IND_VIZ,BULK_01,True,False,12.7,True,synthetic_scenario_generator,26006
2021-01-18,IND_VIZ,BULK_01,True,False,10.7,True,synthetic_scenario_generator,26006
2021-01-19,IND_VIZ,BULK_01,True,False,20.3,True,synthetic_scenario_generator,26006
2021-01-20,IND_VIZ,BULK_01,True,False,13.58,True,synthetic_scenario_generator,26006
2021-01-21,IND_VIZ,BULK_01,True,False,7.51,True,synthetic_scenario_generator,26006
2021-01-22,IND_VIZ,BULK_01,True,False,5.37,True,synthetic_scenario_generator,26006
2021-01-23,IND_VIZ,BULK_01,True,False,12.98,True,synthetic_scenario_generator,26006
2021-01-24,IND_VIZ,BULK_01,True,False,19.73,True,synthetic_scenario_generator,26006
2021-01-25,IND_VIZ,BULK_01,True,False,23.25,True,synthetic_scenario_generator,26006
2021-01-26,IND_VIZ,BULK_01,True,False,28.95,True,synthetic_scenario_generator,26006
2021-01-27,IND_VIZ,BULK_01,True,False,18.82,True,synthetic_scenario_generator,26006
2021-01-28,IND_VIZ,BULK_01,True,False,8.22,True,synthetic_scenario_generator,26006
2021-01-29,IND_VIZ,BULK_01,True,False,17.32,True,synthetic_scenario_generator,26006
2021-01-30,IND_VIZ,BULK_01,True,False,13.54,True,synthetic_scenario_generator,26006
2021-01-31,IND_VIZ,BULK_01,True,False,15.33,True,synthetic_scenario_generator,26006
2021-02-01,IND_VIZ,BULK_01,True,False,15.05,True,synthetic_scenario_generator,26006
2021-02-02,IND_VIZ,BULK_01,True,False,20.33,True,synthetic_scenario_generator,26006
2021-02-03,IND_VIZ,BULK_01,True,False,21.59,True,synthetic_scenario_generator,26006
2021-02-04,IND_VIZ,BULK_01,True,False,20.7,True,synthetic_scenario_generator,26006
2021-02-05,IND_VIZ,BULK_01,True,False,16.27,True,synthetic_scenario_generator,26006
2021-02-06,IND_VIZ,BULK_01,True,False,25.22,True,synthetic_scenario_generator,26006
2021-02-07,IND_VIZ,BULK_01,True,False,24.13,True,synthetic_scenario_generator,26006
2021-02-08,IND_VIZ,BULK_01,True,False,18.73,True,synthetic_scenario_generator,26006
2021-02-09,IND_VIZ,BULK_01,True,False,27.52,True,synthetic_scenario_generator,26006
2021-02-10,IND_VIZ,BULK_01,True,False,25.58,True,synthetic_scenario_generator,26006
2021-02-11,IND_VIZ,BULK_01,True,False,31.98,True,synthetic_scenario_generator,26006
2021-02-12,IND_VIZ,BULK_01,True,False,25.87,True,synthetic_scenario_generator,26006
2021-02-13,IND_VIZ,BULK_01,True,False,29.37,True,synthetic_scenario_generator,26006
2021-02-14,IND_VIZ,BULK_01,True,False,24.64,True,synthetic_scenario_generator,26006
2021-02-15,IND_VIZ,BULK_01,True,False,23.27,True,synthetic_scenario_generator,26006
2021-02-16,IND_VIZ,BULK_01,True,False,23.59,True,synthetic_scenario_generator,26006
2021-02-17,IND_VIZ,BULK_01,True,False,31.47,True,synthetic_scenario_generator,26006
2021-02-18,IND_VIZ,BULK_01,True,False,27.17,True,synthetic_scenario_generator,26006
2021-02-19,IND_VIZ,BULK_01,True,False,39.5,True,synthetic_scenario_generator,26006
2021-02-20,IND_VIZ,BULK_01,True,False,31.65,True,synthetic_scenario_generator,26006
2021-02-21,IND_VIZ,BULK_01,True,False,33.83,True,synthetic_scenario_generator,26006
2021-02-22,IND_VIZ,BULK_01,True,False,21.46,True,synthetic_scenario_generator,26006
2021-02-23,IND_VIZ,BULK_01,True,False,30.14,True,synthetic_scenario_generator,26006
2021-02-24,IND_VIZ,BULK_01,True,False,29.15,True,synthetic_scenario_generator,26006
2021-02-25,IND_VIZ,BULK_01,True,False,34.78,True,synthetic_scenario_generator,26006
2021-02-26,IND_VIZ,BULK_01,True,False,24.27,True,synthetic_scenario_generator,26006
2021-02-27,IND_VIZ,BULK_01,True,False,32.07,True,synthetic_scenario_generator,26006
2021-02-28,IND_VIZ,BULK_01,True,False,32.33,True,synthetic_scenario_generator,26006
2021-03-01,IND_VIZ,BULK_01,True,False,30.93,True,synthetic_scenario_generator,26006
2021-03-02,IND_VIZ,BULK_01,True,False,37.49,True,synthetic_scenario_generator,26006
2021-03-03,IND_VIZ,BULK_01,True,False,34.42,True,synthetic_scenario_generator,26006
2021-03-04,IND_VIZ,BULK_01,True,False,21.71,True,synthetic_scenario_generator,26006
2021-03-05,IND_VIZ,BULK_01,True,False,33.31,True,synthetic_scenario_generator,26006
2021-03-06,IND_VIZ,BULK_01,True,False,32.63,True,synthetic_scenario_generator,26006
2021-03-07,IND_VIZ,BULK_01,True,False,35.37,True,synthetic_scenario_generator,26006
2021-03-08,IND_VIZ,BULK_01,True,False,31.07,True,synthetic_scenario_generator,26006
2021-03-09,IND_VIZ,BULK_01,True,False,25.39,True,synthetic_scenario_generator,26006
2021-03-10,IND_VIZ,BULK_01,True,False,24.86,True,synthetic_scenario_generator,26006
2021-03-11,IND_VIZ,BULK_01,True,False,37.59,True,synthetic_scenario_generator,26006
2021-03-12,IND_VIZ,BULK_01,True,False,34.57,True,synthetic_scenario_generator,26006
2021-03-13,IND_VIZ,BULK_01,True,False,30.68,True,synthetic_scenario_generator,26006
2021-03-14,IND_VIZ,BULK_01,True,False,25.36,True,synthetic_scenario_generator,26006
2021-03-15,IND_VIZ,BULK_01,False,True,35.95,True,synthetic_scenario_generator,26006
2021-03-16,IND_VIZ,BULK_01,True,False,18.85,True,synthetic_scenario_generator,26006
2021-03-17,IND_VIZ,BULK_01,True,False,36.89,True,synthetic_scenario_generator,26006
2021-03-18,IND_VIZ,BULK_01,True,False,12.25,True,synthetic_scenario_generator,26006
2021-03-19,IND_VIZ,BULK_01,True,False,27.77,True,synthetic_scenario_generator,26006
2021-03-20,IND_VIZ,BULK_01,True,False,30.93,True,synthetic_scenario_generator,26006
2021-03-21,IND_VIZ,BULK_01,True,False,21.0,True,synthetic_scenario_generator,26006
2021-03-22,IND_VIZ,BULK_01,True,False,25.42,True,synthetic_scenario_generator,26006
2021-03-23,IND_VIZ,BULK_01,True,False,18.73,True,synthetic_scenario_generator,26006
2021-03-24,IND_VIZ,BULK_01,True,False,23.08,True,synthetic_scenario_generator,26006
2021-03-25,IND_VIZ,BULK_01,True,False,17.6,True,synthetic_scenario_generator,26006
2021-03-26,IND_VIZ,BULK_01,True,False,32.54,True,synthetic_scenario_generator,26006
2021-03-27,IND_VIZ,BULK_01,True,False,29.42,True,synthetic_scenario_generator,26006
2021-03-28,IND_VIZ,BULK_01,True,False,13.3,True,synthetic_scenario_generator,26006
2021-03-29,IND_VIZ,BULK_01,True,False,15.53,True,synthetic_scenario_generator,26006
2021-03-30,IND_VIZ,BULK_01,True,False,16.09,True,synthetic_scenario_generator,26006
2021-03-31,IND_VIZ,BULK_01,True,False,21.46,True,synthetic_scenario_generator,26006
2021-04-01,IND_VIZ,BULK_01,True,False,22.8,True,synthetic_scenario_generator,26006
2021-04-02,IND_VIZ,BULK_01,True,False,22.63,True,synthetic_scenario_generator,26006
2021-04-03,IND_VIZ,BULK_01,True,False,19.33,True,synthetic_scenario_generator,26006
2021-04-04,IND_VIZ,BULK_01,True,False,5.72,True,synthetic_scenario_generator,26006
2021-04-05,IND_VIZ,BULK_01,True,False,18.09,True,synthetic_scenario_generator,26006
2021-04-06,IND_VIZ,BULK_01,True,False,14.89,True,synthetic_scenario_generator,26006
2021-04-07,IND_VIZ,BULK_01,True,False,19.11,True,synthetic_scenario_generator,26006
2021-04-08,IND_VIZ,BULK_01,True,False,19.87,True,synthetic_scenario_generator,26006
2021-04-09,IND_VIZ,BULK_01,True,False,14.45,True,synthetic_scenario_generator,26006
2021-04-10,IND_VIZ,BULK_01,True,False,13.73,True,synthetic_scenario_generator,26006
2021-04-11,IND_VIZ,BULK_01,True,False,24.12,True,synthetic_scenario_generator,26006
2021-04-12,IND_VIZ,BULK_01,True,False,19.98,True,synthetic_scenario_generator,26006
2021-04-13,IND_VIZ,BULK_01,True,False,15.22,True,synthetic_scenario_generator,26006
2021-04-14,IND_VIZ,BULK_01,True,False,18.51,True,synthetic_scenario_generator,26006
2021-04-15,IND_VIZ,BULK_01,True,False,15.52,True,synthetic_scenario_generator,26006
2021-04-16,IND_VIZ,BULK_01,True,False,15.56,True,synthetic_scenario_generator,26006
2021-04-17,IND_VIZ,BULK_01,True,False,11.48,True,synthetic_scenario_generator,26006
2021-04-18,IND_VIZ,BULK_01,True,False,17.56,True,synthetic_scenario_generator,26006
2021-04-19,IND_VIZ,BULK_01,True,False,17.67,True,synthetic_scenario_generator,26006
2021-04-20,IND_VIZ,BULK_01,True,False,13.26,True,synthetic_scenario_generator,26006
2021-04-21,IND_VIZ,BULK_01,True,False,15.68,True,synthetic_scenario_generator,26006
2021-04-22,IND_VIZ,BULK_01,True,False,12.51,True,synthetic_scenario_generator,26006
2021-04-23,IND_VIZ,BULK_01,True,False,10.31,True,synthetic_scenario_generator,26006
2021-04-24,IND_VIZ,BULK_01,True,False,10.65,True,synthetic_scenario_generator,26006
2021-04-25,IND_VIZ,BULK_01,True,False,14.74,True,synthetic_scenario_generator,26006
2021-04-26,IND_VIZ,BULK_01,True,False,18.65,True,synthetic_scenario_generator,26006
2021-04-27,IND_VIZ,BULK_01,True,False,15.69,True,synthetic_scenario_generator,26006
2021-04-28,IND_VIZ,BULK_01,True,False,19.21,True,synthetic_scenario_generator,26006
2021-04-29,IND_VIZ,BULK_01,True,False,21.76,True,synthetic_scenario_generator,26006
2021-04-30,IND_VIZ,BULK_01,True,False,27.03,True,synthetic_scenario_generator,26006
2021-05-01,IND_VIZ,BULK_01,True,False,20.29,True,synthetic_scenario_generator,26006
2021-05-02,IND_VIZ,BULK_01,True,False,25.85,True,synthetic_scenario_generator,26006
2021-05-03,IND_VIZ,BULK_01,True,False,20.25,True,synthetic_scenario_generator,26006
2021-05-04,IND_VIZ,BULK_01,True,False,30.58,True,synthetic_scenario_generator,26006
2021-05-05,IND_VIZ,BULK_01,True,False,16.6,True,synthetic_scenario_generator,26006
2021-05-06,IND_VIZ,BULK_01,True,False,31.82,True,synthetic_scenario_generator,26006
2021-05-07,IND_VIZ,BULK_01,True,False,16.32,True,synthetic_scenario_generator,26006
2021-05-08,IND_VIZ,BULK_01,True,False,25.4,True,synthetic_scenario_generator,26006
2021-05-09,IND_VIZ,BULK_01,True,False,21.76,True,synthetic_scenario_generator,26006
2021-05-10,IND_VIZ,BULK_01,True,False,21.44,True,synthetic_scenario_generator,26006
2021-05-11,IND_VIZ,BULK_01,True,False,29.74,True,synthetic_scenario_generator,26006
2021-05-12,IND_VIZ,BULK_01,True,False,25.06,True,synthetic_scenario_generator,26006
2021-05-13,IND_VIZ,BULK_01,True,False,31.67,True,synthetic_scenario_generator,26006
2021-05-14,IND_VIZ,BULK_01,True,False,33.85,True,synthetic_scenario_generator,26006
2021-05-15,IND_VIZ,BULK_01,True,False,21.13,True,synthetic_scenario_generator,26006
2021-05-16,IND_VIZ,BULK_01,True,False,30.64,True,synthetic_scenario_generator,26006
2021-05-17,IND_VIZ,BULK_01,True,False,19.49,True,synthetic_scenario_generator,26006
2021-05-18,IND_VIZ,BULK_01,True,False,34.38,True,synthetic_scenario_generator,26006
2021-05-19,IND_VIZ,BULK_01,True,False,25.31,True,synthetic_scenario_generator,26006
2021-05-20,IND_VIZ,BULK_01,True,False,25.94,True,synthetic_scenario_generator,26006
2021-05-21,IND_VIZ,BULK_01,True,False,33.42,True,synthetic_scenario_generator,26006
2021-05-22,IND_VIZ,BULK_01,True,False,37.75,True,synthetic_scenario_generator,26006
2021-05-23,IND_VIZ,BULK_01,True,False,31.49,True,synthetic_scenario_generator,26006
2021-05-24,IND_VIZ,BULK_01,True,False,27.67,True,synthetic_scenario_generator,26006
2021-05-25,IND_VIZ,BULK_01,True,False,27.15,True,synthetic_scenario_generator,26006
2021-05-26,IND_VIZ,BULK_01,True,False,25.29,True,synthetic_scenario_generator,26006
2021-05-27,IND_VIZ,BULK_01,True,False,29.82,True,synthetic_scenario_generator,26006
2021-05-28,IND_VIZ,BULK_01,True,False,43.17,True,synthetic_scenario_generator,26006
2021-05-29,IND_VIZ,BULK_01,True,False,30.18,True,synthetic_scenario_generator,26006
2021-05-30,IND_VIZ,BULK_01,True,False,32.02,True,synthetic_scenario_generator,26006
2021-05-31,IND_VIZ,BULK_01,True,False,39.94,True,synthetic_scenario_generator,26006
2021-06-01,IND_VIZ,BULK_01,True,False,47.85,True,synthetic_scenario_generator,26006
2021-06-02,IND_VIZ,BULK_01,True,False,37.67,True,synthetic_scenario_generator,26006
2021-06-03,IND_VIZ,BULK_01,True,False,29.92,True,synthetic_scenario_generator,26006
2021-06-04,IND_VIZ,BULK_01,True,False,44.66,True,synthetic_scenario_generator,26006
2021-06-05,IND_VIZ,BULK_01,True,False,36.74,True,synthetic_scenario_generator,26006
2021-06-06,IND_VIZ,BULK_01,True,False,47.7,True,synthetic_scenario_generator,26006
2021-06-07,IND_VIZ,BULK_01,True,False,34.31,True,synthetic_scenario_generator,26006
2021-06-08,IND_VIZ,BULK_01,True,False,38.79,True,synthetic_scenario_generator,26006
2021-06-09,IND_VIZ,BULK_01,True,False,33.24,True,synthetic_scenario_generator,26006
2021-06-10,IND_VIZ,BULK_01,True,False,30.5,True,synthetic_scenario_generator,26006
2021-06-11,IND_VIZ,BULK_01,True,False,32.68,True,synthetic_scenario_generator,26006
2021-06-12,IND_VIZ,BULK_01,True,False,46.05,True,synthetic_scenario_generator,26006
2021-06-13,IND_VIZ,BULK_01,True,False,30.54,True,synthetic_scenario_generator,26006
2021-06-14,IND_VIZ,BULK_01,True,False,45.46,True,synthetic_scenario_generator,26006
2021-06-15,IND_VIZ,BULK_01,True,False,46.42,True,synthetic_scenario_generator,26006
2021-06-16,IND_VIZ,BULK_01,True,False,29.65,True,synthetic_scenario_generator,26006
2021-06-17,IND_VIZ,BULK_01,True,False,37.03,True,synthetic_scenario_generator,26006
2021-06-18,IND_VIZ,BULK_01,True,False,28.68,True,synthetic_scenario_generator,26006
2021-06-19,IND_VIZ,BULK_01,True,False,28.55,True,synthetic_scenario_generator,26006
2021-06-20,IND_VIZ,BULK_01,True,False,36.18,True,synthetic_scenario_generator,26006
2021-06-21,IND_VIZ,BULK_01,True,False,24.54,True,synthetic_scenario_generator,26006
2021-06-22,IND_VIZ,BULK_01,True,False,30.88,True,synthetic_scenario_generator,26006
2021-06-23,IND_VIZ,BULK_01,True,False,20.2,True,synthetic_scenario_generator,26006
2021-06-24,IND_VIZ,BULK_01,True,False,31.37,True,synthetic_scenario_generator,26006
2021-06-25,IND_VIZ,BULK_01,True,False,27.06,True,synthetic_scenario_generator,26006
2021-06-26,IND_VIZ,BULK_01,True,False,33.06,True,synthetic_scenario_generator,26006
2021-06-27,IND_VIZ,BULK_01,True,False,35.64,True,synthetic_scenario_generator,26006
2021-06-28,IND_VIZ,BULK_01,True,False,24.89,True,synthetic_scenario_generator,26006
2021-06-29,IND_VIZ,BULK_01,True,False,29.86,True,synthetic_scenario_generator,26006
2021-06-30,IND_VIZ,BULK_01,True,False,16.92,True,synthetic_scenario_generator,26006
2021-07-01,IND_VIZ,BULK_01,True,False,28.9,True,synthetic_scenario_generator,26006
2021-07-02,IND_VIZ,BULK_01,True,False,28.89,True,synthetic_scenario_generator,26006
2021-07-03,IND_VIZ,BULK_01,True,False,25.05,True,synthetic_scenario_generator,26006
2021-07-04,IND_VIZ,BULK_01,True,False,15.83,True,synthetic_scenario_generator,26006
2021-07-05,IND_VIZ,BULK_01,True,False,32.36,True,synthetic_scenario_generator,26006
2021-07-06,IND_VIZ,BULK_01,True,False,16.5,True,synthetic_scenario_generator,26006
2021-07-07,IND_VIZ,BULK_01,True,False,17.86,True,synthetic_scenario_generator,26006
2021-07-08,IND_VIZ,BULK_01,True,False,11.23,True,synthetic_scenario_generator,26006
2021-07-09,IND_VIZ,BULK_01,True,False,21.48,True,synthetic_scenario_generator,26006
2021-07-10,IND_VIZ,BULK_01,True,False,21.04,True,synthetic_scenario_generator,26006
2021-07-11,IND_VIZ,BULK_01,True,False,27.16,True,synthetic_scenario_generator,26006
2021-07-12,IND_VIZ,BULK_01,True,False,13.68,True,synthetic_scenario_generator,26006
2021-07-13,IND_VIZ,BULK_01,True,False,9.03,True,synthetic_scenario_generator,26006
2021-07-14,IND_VIZ,BULK_01,True,False,18.6,True,synthetic_scenario_generator,26006
2021-07-15,IND_VIZ,BULK_01,True,False,8.56,True,synthetic_scenario_generator,26006
2021-07-16,IND_VIZ,BULK_01,True,False,21.82,True,synthetic_scenario_generator,26006
2021-07-17,IND_VIZ,BULK_01,True,False,11.51,True,synthetic_scenario_generator,26006
2021-07-18,IND_VIZ,BULK_01,True,False,19.98,True,synthetic_scenario_generator,26006
2021-07-19,IND_VIZ,BULK_01,True,False,13.28,True,synthetic_scenario_generator,26006
2021-07-20,IND_VIZ,BULK_01,True,False,13.82,True,synthetic_scenario_generator,26006
2021-07-21,IND_VIZ,BULK_01,True,False,12.14,True,synthetic_scenario_generator,26006
2021-07-22,IND_VIZ,BULK_01,True,False,19.78,True,synthetic_scenario_generator,26006
2021-07-23,IND_VIZ,BULK_01,True,False,24.58,True,synthetic_scenario_generator,26006
2021-07-24,IND_VIZ,BULK_01,True,False,21.77,True,synthetic_scenario_generator,26006
2021-07-25,IND_VIZ,BULK_01,True,False,23.31,True,synthetic_scenario_generator,26006
2021-07-26,IND_VIZ,BULK_01,True,False,24.47,True,synthetic_scenario_generator,26006
2021-07-27,IND_VIZ,BULK_01,True,False,27.46,True,synthetic_scenario_generator,26006
2021-07-28,IND_VIZ,BULK_01,True,False,13.65,True,synthetic_scenario_generator,26006
2021-07-29,IND_VIZ,BULK_01,True,False,27.33,True,synthetic_scenario_generator,26006
2021-07-30,IND_VIZ,BULK_01,True,False,23.98,True,synthetic_scenario_generator,26006
2021-07-31,IND_VIZ,BULK_01,True,False,15.12,True,synthetic_scenario_generator,26006
2021-08-01,IND_VIZ,BULK_01,True,False,17.78,True,synthetic_scenario_generator,26006
2021-08-02,IND_VIZ,BULK_01,True,False,26.06,True,synthetic_scenario_generator,26006
2021-08-03,IND_VIZ,BULK_01,True,False,32.36,True,synthetic_scenario_generator,26006
2021-08-04,IND_VIZ,BULK_01,True,False,29.39,True,synthetic_scenario_generator,26006
2021-08-05,IND_VIZ,BULK_01,True,False,30.16,True,synthetic_scenario_generator,26006
2021-08-06,IND_VIZ,BULK_01,True,False,24.98,True,synthetic_scenario_generator,26006
2021-08-07,IND_VIZ,BULK_01,True,False,23.67,True,synthetic_scenario_generator,26006
2021-08-08,IND_VIZ,BULK_01,True,False,30.49,True,synthetic_scenario_generator,26006
2021-08-09,IND_VIZ,BULK_01,True,False,21.97,True,synthetic_scenario_generator,26006
2021-08-10,IND_VIZ,BULK_01,True,False,41.37,True,synthetic_scenario_generator,26006
2021-08-11,IND_VIZ,BULK_01,True,False,16.7,True,synthetic_scenario_generator,26006
2021-08-12,IND_VIZ,BULK_01,True,False,28.41,True,synthetic_scenario_generator,26006
2021-08-13,IND_VIZ,BULK_01,True,False,22.77,True,synthetic_scenario_generator,26006
2021-08-14,IND_VIZ,BULK_01,True,False,33.96,True,synthetic_scenario_generator,26006
2021-08-15,IND_VIZ,BULK_01,True,False,32.34,True,synthetic_scenario_generator,26006
2021-08-16,IND_VIZ,BULK_01,True,False,34.49,True,synthetic_scenario_generator,26006
2021-08-17,IND_VIZ,BULK_01,True,False,30.0,True,synthetic_scenario_generator,26006
2021-08-18,IND_VIZ,BULK_01,True,False,36.45,True,synthetic_scenario_generator,26006
2021-08-19,IND_VIZ,BULK_01,True,False,31.23,True,synthetic_scenario_generator,26006
2021-08-20,IND_VIZ,BULK_01,True,False,36.84,True,synthetic_scenario_generator,26006
2021-08-21,IND_VIZ,BULK_01,True,False,39.0,True,synthetic_scenario_generator,26006
2021-08-22,IND_VIZ,BULK_01,True,False,39.61,True,synthetic_scenario_generator,26006
2021-08-23,IND_VIZ,BULK_01,True,False,29.79,True,synthetic_scenario_generator,26006
2021-08-24,IND_VIZ,BULK_01,True,False,39.78,True,synthetic_scenario_generator,26006
2021-08-25,IND_VIZ,BULK_01,True,False,32.29,True,synthetic_scenario_generator,26006
2021-08-26,IND_VIZ,BULK_01,True,False,41.8,True,synthetic_scenario_generator,26006
2021-08-27,IND_VIZ,BULK_01,True,False,35.18,True,synthetic_scenario_generator,26006
2021-08-28,IND_VIZ,BULK_01,True,False,29.88,True,synthetic_scenario_generator,26006
2021-08-29,IND_VIZ,BULK_01,True,False,34.04,True,synthetic_scenario_generator,26006
2021-08-30,IND_VIZ,BULK_01,True,False,33.38,True,synthetic_scenario_generator,26006
2021-08-31,IND_VIZ,BULK_01,True,False,34.96,True,synthetic_scenario_generator,26006
2021-09-01,IND_VIZ,BULK_01,True,False,36.26,True,synthetic_scenario_generator,26006
2021-09-02,IND_VIZ,BULK_01,True,False,32.34,True,synthetic_scenario_generator,26006
2021-09-03,IND_VIZ,BULK_01,True,False,35.38,True,synthetic_scenario_generator,26006
2021-09-04,IND_VIZ,BULK_01,True,False,36.05,True,synthetic_scenario_generator,26006
2021-09-05,IND_VIZ,BULK_01,True,False,39.36,True,synthetic_scenario_generator,26006
2021-09-06,IND_VIZ,BULK_01,True,False,23.72,True,synthetic_scenario_generator,26006
2021-09-07,IND_VIZ,BULK_01,True,False,39.32,True,synthetic_scenario_generator,26006
2021-09-08,IND_VIZ,BULK_01,True,False,34.36,True,synthetic_scenario_generator,26006
2021-09-09,IND_VIZ,BULK_01,True,False,35.0,True,synthetic_scenario_generator,26006
2021-09-10,IND_VIZ,BULK_01,True,False,32.97,True,synthetic_scenario_generator,26006
2021-09-11,IND_VIZ,BULK_01,True,False,39.84,True,synthetic_scenario_generator,26006
2021-09-12,IND_VIZ,BULK_01,True,False,28.59,True,synthetic_scenario_generator,26006
2021-09-13,IND_VIZ,BULK_01,True,False,26.99,True,synthetic_scenario_generator,26006
2021-09-14,IND_VIZ,BULK_01,True,False,29.7,True,synthetic_scenario_generator,26006
2021-09-15,IND_VIZ,BULK_01,False,True,38.02,True,synthetic_scenario_generator,26006
2021-09-16,IND_VIZ,BULK_01,True,False,28.04,True,synthetic_scenario_generator,26006
2021-09-17,IND_VIZ,BULK_01,True,False,26.93,True,synthetic_scenario_generator,26006
2021-09-18,IND_VIZ,BULK_01,True,False,28.0,True,synthetic_scenario_generator,26006
2021-09-19,IND_VIZ,BULK_01,True,False,29.1,True,synthetic_scenario_generator,26006
2021-09-20,IND_VIZ,BULK_01,True,False,32.27,True,synthetic_scenario_generator,26006
2021-09-21,IND_VIZ,BULK_01,True,False,24.4,True,synthetic_scenario_generator,26006
2021-09-22,IND_VIZ,BULK_01,True,False,31.14,True,synthetic_scenario_generator,26006
2021-09-23,IND_VIZ,BULK_01,True,False,32.49,True,synthetic_scenario_generator,26006
2021-09-24,IND_VIZ,BULK_01,True,False,27.11,True,synthetic_scenario_generator,26006
2021-09-25,IND_VIZ,BULK_01,True,False,34.39,True,synthetic_scenario_generator,26006
2021-09-26,IND_VIZ,BULK_01,True,False,19.48,True,synthetic_scenario_generator,26006
2021-09-27,IND_VIZ,BULK_01,True,False,30.78,True,synthetic_scenario_generator,26006
2021-09-28,IND_VIZ,BULK_01,True,False,27.69,True,synthetic_scenario_generator,26006
2021-09-29,IND_VIZ,BULK_01,True,False,30.4,True,synthetic_scenario_generator,26006
2021-09-30,IND_VIZ,BULK_01,True,False,20.2,True,synthetic_scenario_generator,26006
2021-10-01,IND_VIZ,BULK_01,True,False,27.41,True,synthetic_scenario_generator,26006
2021-10-02,IND_VIZ,BULK_01,True,False,19.22,True,synthetic_scenario_generator,26006
2021-10-03,IND_VIZ,BULK_01,True,False,13.53,True,synthetic_scenario_generator,26006
2021-10-04,IND_VIZ,BULK_01,True,False,11.27,True,synthetic_scenario_generator,26006
2021-10-05,IND_VIZ,BULK_01,True,False,7.41,True,synthetic_scenario_generator,26006
2021-10-06,IND_VIZ,BULK_01,True,False,17.37,True,synthetic_scenario_generator,26006
2021-10-07,IND_VIZ,BULK_01,True,False,7.91,True,synthetic_scenario_generator,26006
2021-10-08,IND_VIZ,BULK_01,True,False,13.49,True,synthetic_scenario_generator,26006
2021-10-09,IND_VIZ,BULK_01,True,False,12.0,True,synthetic_scenario_generator,26006
2021-10-10,IND_VIZ,BULK_01,True,False,19.71,True,synthetic_scenario_generator,26006
2021-10-11,IND_VIZ,BULK_01,True,False,19.74,True,synthetic_scenario_generator,26006
2021-10-12,IND_VIZ,BULK_01,True,False,12.49,True,synthetic_scenario_generator,26006
2021-10-13,IND_VIZ,BULK_01,True,False,18.02,True,synthetic_scenario_generator,26006
2021-10-14,IND_VIZ,BULK_01,True,False,13.87,True,synthetic_scenario_generator,26006
2021-10-15,IND_VIZ,BULK_01,True,False,7.24,True,synthetic_scenario_generator,26006
2021-10-16,IND_VIZ,BULK_01,True,False,20.23,True,synthetic_scenario_generator,26006
2021-10-17,IND_VIZ,BULK_01,True,False,24.33,True,synthetic_scenario_generator,26006
2021-10-18,IND_VIZ,BULK_01,True,False,16.74,True,synthetic_scenario_generator,26006
2021-10-19,IND_VIZ,BULK_01,True,False,15.71,True,synthetic_scenario_generator,26006
2021-10-20,IND_VIZ,BULK_01,True,False,15.42,True,synthetic_scenario_generator,26006
2021-10-21,IND_VIZ,BULK_01,True,False,11.0,True,synthetic_scenario_generator,26006
2021-10-22,IND_VIZ,BULK_01,True,False,20.08,True,synthetic_scenario_generator,26006
2021-10-23,IND_VIZ,BULK_01,True,False,3.18,True,synthetic_scenario_generator,26006
2021-10-24,IND_VIZ,BULK_01,True,False,13.44,True,synthetic_scenario_generator,26006
2021-10-25,IND_VIZ,BULK_01,True,False,16.97,True,synthetic_scenario_generator,26006
2021-10-26,IND_VIZ,BULK_01,True,False,13.51,True,synthetic_scenario_generator,26006
2021-10-27,IND_VIZ,BULK_01,True,False,22.43,True,synthetic_scenario_generator,26006
2021-10-28,IND_VIZ,BULK_01,True,False,14.63,True,synthetic_scenario_generator,26006
2021-10-29,IND_VIZ,BULK_01,True,False,16.92,True,synthetic_scenario_generator,26006
2021-10-30,IND_VIZ,BULK_01,True,False,26.44,True,synthetic_scenario_generator,26006
2021-10-31,IND_VIZ,BULK_01,True,False,21.55,True,synthetic_scenario_generator,26006
2021-11-01,IND_VIZ,BULK_01,True,False,28.21,True,synthetic_scenario_generator,26006
2021-11-02,IND_VIZ,BULK_01,True,False,22.74,True,synthetic_scenario_generator,26006
2021-11-03,IND_VIZ,BULK_01,True,False,27.16,True,synthetic_scenario_generator,26006
2021-11-04,IND_VIZ,BULK_01,True,False,28.24,True,synthetic_scenario_generator,26006
2021-11-05,IND_VIZ,BULK_01,True,False,23.88,True,synthetic_scenario_generator,26006
2021-11-06,IND_VIZ,BULK_01,True,False,29.07,True,synthetic_scenario_generator,26006
2021-11-07,IND_VIZ,BULK_01,True,False,30.04,True,synthetic_scenario_generator,26006
2021-11-08,IND_VIZ,BULK_01,True,False,18.56,True,synthetic_scenario_generator,26006
2021-11-09,IND_VIZ,BULK_01,True,False,24.35,True,synthetic_scenario_generator,26006
2021-11-10,IND_VIZ,BULK_01,True,False,24.26,True,synthetic_scenario_generator,26006
2021-11-11,IND_VIZ,BULK_01,True,False,26.42,True,synthetic_scenario_generator,26006
2021-11-12,IND_VIZ,BULK_01,True,False,31.56,True,synthetic_scenario_generator,26006
2021-11-13,IND_VIZ,BULK_01,True,False,32.28,True,synthetic_scenario_generator,26006
2021-11-14,IND_VIZ,BULK_01,True,False,31.31,True,synthetic_scenario_generator,26006
2021-11-15,IND_VIZ,BULK_01,True,False,34.83,True,synthetic_scenario_generator,26006
2021-11-16,IND_VIZ,BULK_01,True,False,37.85,True,synthetic_scenario_generator,26006
2021-11-17,IND_VIZ,BULK_01,True,False,33.86,True,synthetic_scenario_generator,26006
2021-11-18,IND_VIZ,BULK_01,True,False,38.1,True,synthetic_scenario_generator,26006
2021-11-19,IND_VIZ,BULK_01,True,False,34.51,True,synthetic_scenario_generator,26006
2021-11-20,IND_VIZ,BULK_01,True,False,34.08,True,synthetic_scenario_generator,26006
2021-11-21,IND_VIZ,BULK_01,True,False,35.06,True,synthetic_scenario_generator,26006
2021-11-22,IND_VIZ,BULK_01,True,False,23.02,True,synthetic_scenario_generator,26006
2021-11-23,IND_VIZ,BULK_01,True,False,41.57,True,synthetic_scenario_generator,26006
2021-11-24,IND_VIZ,BULK_01,True,False,34.17,True,synthetic_scenario_generator,26006
2021-11-25,IND_VIZ,BULK_01,True,False,34.36,True,synthetic_scenario_generator,26006
2021-11-26,IND_VIZ,BULK_01,True,False,38.56,True,synthetic_scenario_generator,26006
2021-11-27,IND_VIZ,BULK_01,True,False,25.96,True,synthetic_scenario_generator,26006
2021-11-28,IND_VIZ,BULK_01,True,False,35.31,True,synthetic_scenario_generator,26006
2021-11-29,IND_VIZ,BULK_01,True,False,35.63,True,synthetic_scenario_generator,26006
2021-11-30,IND_VIZ,BULK_01,True,False,36.99,True,synthetic_scenario_generator,26006
2021-12-01,IND_VIZ,BULK_01,True,False,39.53,True,synthetic_scenario_generator,26006
2021-12-02,IND_VIZ,BULK_01,True,False,30.5,True,synthetic_scenario_generator,26006
2021-12-03,IND_VIZ,BULK_01,True,False,29.23,True,synthetic_scenario_generator,26006
2021-12-04,IND_VIZ,BULK_01,True,False,28.48,True,synthetic_scenario_generator,26006
2021-12-05,IND_VIZ,BULK_01,True,False,28.06,True,synthetic_scenario_generator,26006
2021-12-06,IND_VIZ,BULK_01,True,False,32.06,True,synthetic_scenario_generator,26006
2021-12-07,IND_VIZ,BULK_01,True,False,31.33,True,synthetic_scenario_generator,26006
2021-12-08,IND_VIZ,BULK_01,True,False,28.11,True,synthetic_scenario_generator,26006
2021-12-09,IND_VIZ,BULK_01,True,False,30.59,True,synthetic_scenario_generator,26006
2021-12-10,IND_VIZ,BULK_01,True,False,17.04,True,synthetic_scenario_generator,26006
2021-12-11,IND_VIZ,BULK_01,True,False,37.39,True,synthetic_scenario_generator,26006
2021-12-12,IND_VIZ,BULK_01,True,False,28.73,True,synthetic_scenario_generator,26006
2021-12-13,IND_VIZ,BULK_01,True,False,24.88,True,synthetic_scenario_generator,26006
2021-12-14,IND_VIZ,BULK_01,True,False,29.95,True,synthetic_scenario_generator,26006
2021-12-15,IND_VIZ,BULK_01,True,False,27.89,True,synthetic_scenario_generator,26006
2021-12-16,IND_VIZ,BULK_01,True,False,29.77,True,synthetic_scenario_generator,26006
2021-12-17,IND_VIZ,BULK_01,True,False,20.41,True,synthetic_scenario_generator,26006
2021-12-18,IND_VIZ,BULK_01,True,False,21.2,True,synthetic_scenario_generator,26006
2021-12-19,IND_VIZ,BULK_01,True,False,27.88,True,synthetic_scenario_generator,26006
2021-12-20,IND_VIZ,BULK_01,True,False,24.85,True,synthetic_scenario_generator,26006
2021-12-21,IND_VIZ,BULK_01,True,False,16.42,True,synthetic_scenario_generator,26006
2021-12-22,IND_VIZ,BULK_01,True,False,20.4,True,synthetic_scenario_generator,26006
2021-12-23,IND_VIZ,BULK_01,True,False,12.49,True,synthetic_scenario_generator,26006
2021-12-24,IND_VIZ,BULK_01,True,False,22.0,True,synthetic_scenario_generator,26006
2021-12-25,IND_VIZ,BULK_01,True,False,13.24,True,synthetic_scenario_generator,26006
2021-12-26,IND_VIZ,BULK_01,True,False,14.27,True,synthetic_scenario_generator,26006
2021-12-27,IND_VIZ,BULK_01,True,False,29.55,True,synthetic_scenario_generator,26006
2021-12-28,IND_VIZ,BULK_01,True,False,22.72,True,synthetic_scenario_generator,26006
2021-12-29,IND_VIZ,BULK_01,True,False,6.7,True,synthetic_scenario_generator,26006
2021-12-30,IND_VIZ,BULK_01,True,False,16.19,True,synthetic_scenario_generator,26006
2021-12-31,IND_VIZ,BULK_01,True,False,20.0,True,synthetic_scenario_generator,26006
2022-01-01,IND_VIZ,BULK_01,True,False,13.32,True,synthetic_scenario_generator,26006
2022-01-02,IND_VIZ,BULK_01,True,False,19.13,True,synthetic_scenario_generator,26006
2022-01-03,IND_VIZ,BULK_01,True,False,18.24,True,synthetic_scenario_generator,26006
2022-01-04,IND_VIZ,BULK_01,True,False,10.1,True,synthetic_scenario_generator,26006
2022-01-05,IND_VIZ,BULK_01,True,False,14.92,True,synthetic_scenario_generator,26006
2022-01-06,IND_VIZ,BULK_01,True,False,19.4,True,synthetic_scenario_generator,26006
2022-01-07,IND_VIZ,BULK_01,True,False,8.04,True,synthetic_scenario_generator,26006
2022-01-08,IND_VIZ,BULK_01,True,False,7.93,True,synthetic_scenario_generator,26006
2022-01-09,IND_VIZ,BULK_01,True,False,15.84,True,synthetic_scenario_generator,26006
2022-01-10,IND_VIZ,BULK_01,True,False,8.1,True,synthetic_scenario_generator,26006
2022-01-11,IND_VIZ,BULK_01,True,False,13.5,True,synthetic_scenario_generator,26006
2022-01-12,IND_VIZ,BULK_01,True,False,6.74,True,synthetic_scenario_generator,26006
2022-01-13,IND_VIZ,BULK_01,True,False,11.28,True,synthetic_scenario_generator,26006
2022-01-14,IND_VIZ,BULK_01,True,False,15.32,True,synthetic_scenario_generator,26006
2022-01-15,IND_VIZ,BULK_01,True,False,2.0,True,synthetic_scenario_generator,26006
2022-01-16,IND_VIZ,BULK_01,True,False,14.4,True,synthetic_scenario_generator,26006
2022-01-17,IND_VIZ,BULK_01,True,False,14.34,True,synthetic_scenario_generator,26006
2022-01-18,IND_VIZ,BULK_01,True,False,18.61,True,synthetic_scenario_generator,26006
2022-01-19,IND_VIZ,BULK_01,True,False,12.54,True,synthetic_scenario_generator,26006
2022-01-20,IND_VIZ,BULK_01,True,False,9.22,True,synthetic_scenario_generator,26006
2022-01-21,IND_VIZ,BULK_01,True,False,14.46,True,synthetic_scenario_generator,26006
2022-01-22,IND_VIZ,BULK_01,True,False,14.61,True,synthetic_scenario_generator,26006
2022-01-23,IND_VIZ,BULK_01,True,False,16.09,True,synthetic_scenario_generator,26006
2022-01-24,IND_VIZ,BULK_01,True,False,25.51,True,synthetic_scenario_generator,26006
2022-01-25,IND_VIZ,BULK_01,True,False,14.4,True,synthetic_scenario_generator,26006
2022-01-26,IND_VIZ,BULK_01,True,False,18.43,True,synthetic_scenario_generator,26006
2022-01-27,IND_VIZ,BULK_01,True,False,14.0,True,synthetic_scenario_generator,26006
2022-01-28,IND_VIZ,BULK_01,True,False,14.98,True,synthetic_scenario_generator,26006
2022-01-29,IND_VIZ,BULK_01,True,False,15.6,True,synthetic_scenario_generator,26006
2022-01-30,IND_VIZ,BULK_01,True,False,20.1,True,synthetic_scenario_generator,26006
2022-01-31,IND_VIZ,BULK_01,True,False,19.91,True,synthetic_scenario_generator,26006
2022-02-01,IND_VIZ,BULK_01,True,False,19.71,True,synthetic_scenario_generator,26006
2022-02-02,IND_VIZ,BULK_01,True,False,22.32,True,synthetic_scenario_generator,26006
2022-02-03,IND_VIZ,BULK_01,True,False,14.87,True,synthetic_scenario_generator,26006
2022-02-04,IND_VIZ,BULK_01,True,False,13.65,True,synthetic_scenario_generator,26006
2022-02-05,IND_VIZ,BULK_01,True,False,25.62,True,synthetic_scenario_generator,26006
2022-02-06,IND_VIZ,BULK_01,True,False,27.33,True,synthetic_scenario_generator,26006
2022-02-07,IND_VIZ,BULK_01,True,False,13.62,True,synthetic_scenario_generator,26006
2022-02-08,IND_VIZ,BULK_01,True,False,19.44,True,synthetic_scenario_generator,26006
2022-02-09,IND_VIZ,BULK_01,True,False,24.67,True,synthetic_scenario_generator,26006
2022-02-10,IND_VIZ,BULK_01,True,False,21.8,True,synthetic_scenario_generator,26006
2022-02-11,IND_VIZ,BULK_01,True,False,24.56,True,synthetic_scenario_generator,26006
2022-02-12,IND_VIZ,BULK_01,True,False,22.9,True,synthetic_scenario_generator,26006
2022-02-13,IND_VIZ,BULK_01,True,False,24.67,True,synthetic_scenario_generator,26006
2022-02-14,IND_VIZ,BULK_01,True,False,28.93,True,synthetic_scenario_generator,26006
2022-02-15,IND_VIZ,BULK_01,True,False,26.66,True,synthetic_scenario_generator,26006
2022-02-16,IND_VIZ,BULK_01,True,False,32.25,True,synthetic_scenario_generator,26006
2022-02-17,IND_VIZ,BULK_01,True,False,33.23,True,synthetic_scenario_generator,26006
2022-02-18,IND_VIZ,BULK_01,True,False,28.09,True,synthetic_scenario_generator,26006
2022-02-19,IND_VIZ,BULK_01,True,False,22.47,True,synthetic_scenario_generator,26006
2022-02-20,IND_VIZ,BULK_01,True,False,24.21,True,synthetic_scenario_generator,26006
2022-02-21,IND_VIZ,BULK_01,True,False,31.65,True,synthetic_scenario_generator,26006
2022-02-22,IND_VIZ,BULK_01,True,False,28.5,True,synthetic_scenario_generator,26006
2022-02-23,IND_VIZ,BULK_01,True,False,27.94,True,synthetic_scenario_generator,26006
2022-02-24,IND_VIZ,BULK_01,True,False,41.46,True,synthetic_scenario_generator,26006
2022-02-25,IND_VIZ,BULK_01,True,False,22.69,True,synthetic_scenario_generator,26006
2022-02-26,IND_VIZ,BULK_01,True,False,29.1,True,synthetic_scenario_generator,26006
2022-02-27,IND_VIZ,BULK_01,True,False,44.75,True,synthetic_scenario_generator,26006
2022-02-28,IND_VIZ,BULK_01,True,False,32.1,True,synthetic_scenario_generator,26006
2022-03-01,IND_VIZ,BULK_01,True,False,27.58,True,synthetic_scenario_generator,26006
2022-03-02,IND_VIZ,BULK_01,True,False,32.6,True,synthetic_scenario_generator,26006
2022-03-03,IND_VIZ,BULK_01,True,False,31.55,True,synthetic_scenario_generator,26006
2022-03-04,IND_VIZ,BULK_01,True,False,27.64,True,synthetic_scenario_generator,26006
2022-03-05,IND_VIZ,BULK_01,True,False,31.08,True,synthetic_scenario_generator,26006
2022-03-06,IND_VIZ,BULK_01,True,False,40.36,True,synthetic_scenario_generator,26006
2022-03-07,IND_VIZ,BULK_01,True,False,27.37,True,synthetic_scenario_generator,26006
2022-03-08,IND_VIZ,BULK_01,True,False,30.69,True,synthetic_scenario_generator,26006
2022-03-09,IND_VIZ,BULK_01,True,False,34.9,True,synthetic_scenario_generator,26006
2022-03-10,IND_VIZ,BULK_01,True,False,20.44,True,synthetic_scenario_generator,26006
2022-03-11,IND_VIZ,BULK_01,True,False,28.23,True,synthetic_scenario_generator,26006
2022-03-12,IND_VIZ,BULK_01,True,False,24.52,True,synthetic_scenario_generator,26006
2022-03-13,IND_VIZ,BULK_01,True,False,25.44,True,synthetic_scenario_generator,26006
2022-03-14,IND_VIZ,BULK_01,True,False,26.53,True,synthetic_scenario_generator,26006
2022-03-15,IND_VIZ,BULK_01,False,True,32.97,True,synthetic_scenario_generator,26006
2022-03-16,IND_VIZ,BULK_01,True,False,23.34,True,synthetic_scenario_generator,26006
2022-03-17,IND_VIZ,BULK_01,True,False,30.16,True,synthetic_scenario_generator,26006
2022-03-18,IND_VIZ,BULK_01,True,False,13.94,True,synthetic_scenario_generator,26006
2022-03-19,IND_VIZ,BULK_01,True,False,22.56,True,synthetic_scenario_generator,26006
2022-03-20,IND_VIZ,BULK_01,True,False,30.99,True,synthetic_scenario_generator,26006
2022-03-21,IND_VIZ,BULK_01,True,False,21.4,True,synthetic_scenario_generator,26006
2022-03-22,IND_VIZ,BULK_01,True,False,13.13,True,synthetic_scenario_generator,26006
2022-03-23,IND_VIZ,BULK_01,True,False,13.41,True,synthetic_scenario_generator,26006
2022-03-24,IND_VIZ,BULK_01,True,False,20.72,True,synthetic_scenario_generator,26006
2022-03-25,IND_VIZ,BULK_01,True,False,28.96,True,synthetic_scenario_generator,26006
2022-03-26,IND_VIZ,BULK_01,True,False,16.91,True,synthetic_scenario_generator,26006
2022-03-27,IND_VIZ,BULK_01,True,False,26.49,True,synthetic_scenario_generator,26006
2022-03-28,IND_VIZ,BULK_01,True,False,19.51,True,synthetic_scenario_generator,26006
2022-03-29,IND_VIZ,BULK_01,True,False,22.09,True,synthetic_scenario_generator,26006
2022-03-30,IND_VIZ,BULK_01,True,False,8.29,True,synthetic_scenario_generator,26006
2022-03-31,IND_VIZ,BULK_01,True,False,11.6,True,synthetic_scenario_generator,26006
2022-04-01,IND_VIZ,BULK_01,True,False,18.97,True,synthetic_scenario_generator,26006
2022-04-02,IND_VIZ,BULK_01,True,False,18.46,True,synthetic_scenario_generator,26006
2022-04-03,IND_VIZ,BULK_01,True,False,18.0,True,synthetic_scenario_generator,26006
2022-04-04,IND_VIZ,BULK_01,True,False,20.68,True,synthetic_scenario_generator,26006
2022-04-05,IND_VIZ,BULK_01,True,False,6.95,True,synthetic_scenario_generator,26006
2022-04-06,IND_VIZ,BULK_01,True,False,5.39,True,synthetic_scenario_generator,26006
2022-04-07,IND_VIZ,BULK_01,True,False,8.87,True,synthetic_scenario_generator,26006
2022-04-08,IND_VIZ,BULK_01,True,False,14.72,True,synthetic_scenario_generator,26006
2022-04-09,IND_VIZ,BULK_01,True,False,5.01,True,synthetic_scenario_generator,26006
2022-04-10,IND_VIZ,BULK_01,True,False,11.38,True,synthetic_scenario_generator,26006
2022-04-11,IND_VIZ,BULK_01,True,False,11.58,True,synthetic_scenario_generator,26006
2022-04-12,IND_VIZ,BULK_01,True,False,13.58,True,synthetic_scenario_generator,26006
2022-04-13,IND_VIZ,BULK_01,True,False,12.94,True,synthetic_scenario_generator,26006
2022-04-14,IND_VIZ,BULK_01,True,False,20.35,True,synthetic_scenario_generator,26006
2022-04-15,IND_VIZ,BULK_01,True,False,17.84,True,synthetic_scenario_generator,26006
2022-04-16,IND_VIZ,BULK_01,True,False,28.42,True,synthetic_scenario_generator,26006
2022-04-17,IND_VIZ,BULK_01,True,False,8.93,True,synthetic_scenario_generator,26006
2022-04-18,IND_VIZ,BULK_01,True,False,15.54,True,synthetic_scenario_generator,26006
2022-04-19,IND_VIZ,BULK_01,True,False,5.64,True,synthetic_scenario_generator,26006
2022-04-20,IND_VIZ,BULK_01,True,False,21.89,True,synthetic_scenario_generator,26006
2022-04-21,IND_VIZ,BULK_01,True,False,9.12,True,synthetic_scenario_generator,26006
2022-04-22,IND_VIZ,BULK_01,True,False,13.98,True,synthetic_scenario_generator,26006
2022-04-23,IND_VIZ,BULK_01,True,False,20.9,True,synthetic_scenario_generator,26006
2022-04-24,IND_VIZ,BULK_01,True,False,19.51,True,synthetic_scenario_generator,26006
2022-04-25,IND_VIZ,BULK_01,True,False,19.8,True,synthetic_scenario_generator,26006
2022-04-26,IND_VIZ,BULK_01,True,False,18.01,True,synthetic_scenario_generator,26006
2022-04-27,IND_VIZ,BULK_01,True,False,15.69,True,synthetic_scenario_generator,26006
2022-04-28,IND_VIZ,BULK_01,True,False,14.06,True,synthetic_scenario_generator,26006
2022-04-29,IND_VIZ,BULK_01,True,False,21.92,True,synthetic_scenario_generator,26006
2022-04-30,IND_VIZ,BULK_01,True,False,22.2,True,synthetic_scenario_generator,26006
2022-05-01,IND_VIZ,BULK_01,True,False,23.47,True,synthetic_scenario_generator,26006
2022-05-02,IND_VIZ,BULK_01,True,False,26.99,True,synthetic_scenario_generator,26006
2022-05-03,IND_VIZ,BULK_01,True,False,18.0,True,synthetic_scenario_generator,26006
2022-05-04,IND_VIZ,BULK_01,True,False,29.08,True,synthetic_scenario_generator,26006
2022-05-05,IND_VIZ,BULK_01,True,False,20.54,True,synthetic_scenario_generator,26006
2022-05-06,IND_VIZ,BULK_01,True,False,32.87,True,synthetic_scenario_generator,26006
2022-05-07,IND_VIZ,BULK_01,True,False,28.64,True,synthetic_scenario_generator,26006
2022-05-08,IND_VIZ,BULK_01,True,False,30.87,True,synthetic_scenario_generator,26006
2022-05-09,IND_VIZ,BULK_01,True,False,23.15,True,synthetic_scenario_generator,26006
2022-05-10,IND_VIZ,BULK_01,True,False,33.67,True,synthetic_scenario_generator,26006
2022-05-11,IND_VIZ,BULK_01,True,False,32.57,True,synthetic_scenario_generator,26006
2022-05-12,IND_VIZ,BULK_01,True,False,30.6,True,synthetic_scenario_generator,26006
2022-05-13,IND_VIZ,BULK_01,True,False,26.55,True,synthetic_scenario_generator,26006
2022-05-14,IND_VIZ,BULK_01,True,False,33.14,True,synthetic_scenario_generator,26006
2022-05-15,IND_VIZ,BULK_01,True,False,32.7,True,synthetic_scenario_generator,26006
2022-05-16,IND_VIZ,BULK_01,True,False,28.87,True,synthetic_scenario_generator,26006
2022-05-17,IND_VIZ,BULK_01,True,False,29.63,True,synthetic_scenario_generator,26006
2022-05-18,IND_VIZ,BULK_01,True,False,27.57,True,synthetic_scenario_generator,26006
2022-05-19,IND_VIZ,BULK_01,True,False,24.48,True,synthetic_scenario_generator,26006
2022-05-20,IND_VIZ,BULK_01,True,False,37.1,True,synthetic_scenario_generator,26006
2022-05-21,IND_VIZ,BULK_01,True,False,41.51,True,synthetic_scenario_generator,26006
2022-05-22,IND_VIZ,BULK_01,True,False,31.89,True,synthetic_scenario_generator,26006
2022-05-23,IND_VIZ,BULK_01,True,False,16.47,True,synthetic_scenario_generator,26006
2022-05-24,IND_VIZ,BULK_01,True,False,38.97,True,synthetic_scenario_generator,26006
2022-05-25,IND_VIZ,BULK_01,True,False,36.67,True,synthetic_scenario_generator,26006
2022-05-26,IND_VIZ,BULK_01,True,False,33.36,True,synthetic_scenario_generator,26006
2022-05-27,IND_VIZ,BULK_01,True,False,30.48,True,synthetic_scenario_generator,26006
2022-05-28,IND_VIZ,BULK_01,True,False,41.5,True,synthetic_scenario_generator,26006
2022-05-29,IND_VIZ,BULK_01,True,False,35.42,True,synthetic_scenario_generator,26006
2022-05-30,IND_VIZ,BULK_01,True,False,26.01,True,synthetic_scenario_generator,26006
2022-05-31,IND_VIZ,BULK_01,True,False,35.83,True,synthetic_scenario_generator,26006
2022-06-01,IND_VIZ,BULK_01,True,False,41.25,True,synthetic_scenario_generator,26006
2022-06-02,IND_VIZ,BULK_01,True,False,35.18,True,synthetic_scenario_generator,26006
2022-06-03,IND_VIZ,BULK_01,True,False,45.0,True,synthetic_scenario_generator,26006
2022-06-04,IND_VIZ,BULK_01,True,False,35.01,True,synthetic_scenario_generator,26006
2022-06-05,IND_VIZ,BULK_01,True,False,39.78,True,synthetic_scenario_generator,26006
2022-06-06,IND_VIZ,BULK_01,True,False,29.08,True,synthetic_scenario_generator,26006
2022-06-07,IND_VIZ,BULK_01,True,False,31.63,True,synthetic_scenario_generator,26006
2022-06-08,IND_VIZ,BULK_01,True,False,44.9,True,synthetic_scenario_generator,26006
2022-06-09,IND_VIZ,BULK_01,True,False,36.62,True,synthetic_scenario_generator,26006
2022-06-10,IND_VIZ,BULK_01,True,False,36.24,True,synthetic_scenario_generator,26006
2022-06-11,IND_VIZ,BULK_01,True,False,40.88,True,synthetic_scenario_generator,26006
2022-06-12,IND_VIZ,BULK_01,True,False,30.76,True,synthetic_scenario_generator,26006
2022-06-13,IND_VIZ,BULK_01,True,False,23.36,True,synthetic_scenario_generator,26006
2022-06-14,IND_VIZ,BULK_01,True,False,32.02,True,synthetic_scenario_generator,26006
2022-06-15,IND_VIZ,BULK_01,True,False,38.41,True,synthetic_scenario_generator,26006
2022-06-16,IND_VIZ,BULK_01,True,False,31.96,True,synthetic_scenario_generator,26006
2022-06-17,IND_VIZ,BULK_01,True,False,35.44,True,synthetic_scenario_generator,26006
2022-06-18,IND_VIZ,BULK_01,True,False,29.82,True,synthetic_scenario_generator,26006
2022-06-19,IND_VIZ,BULK_01,True,False,39.19,True,synthetic_scenario_generator,26006
2022-06-20,IND_VIZ,BULK_01,True,False,21.48,True,synthetic_scenario_generator,26006
2022-06-21,IND_VIZ,BULK_01,True,False,15.81,True,synthetic_scenario_generator,26006
2022-06-22,IND_VIZ,BULK_01,True,False,27.39,True,synthetic_scenario_generator,26006
2022-06-23,IND_VIZ,BULK_01,True,False,28.8,True,synthetic_scenario_generator,26006
2022-06-24,IND_VIZ,BULK_01,True,False,21.1,True,synthetic_scenario_generator,26006
2022-06-25,IND_VIZ,BULK_01,True,False,35.52,True,synthetic_scenario_generator,26006
2022-06-26,IND_VIZ,BULK_01,True,False,19.49,True,synthetic_scenario_generator,26006
2022-06-27,IND_VIZ,BULK_01,True,False,17.59,True,synthetic_scenario_generator,26006
2022-06-28,IND_VIZ,BULK_01,True,False,30.14,True,synthetic_scenario_generator,26006
2022-06-29,IND_VIZ,BULK_01,True,False,26.16,True,synthetic_scenario_generator,26006
2022-06-30,IND_VIZ,BULK_01,True,False,13.29,True,synthetic_scenario_generator,26006
2022-07-01,IND_VIZ,BULK_01,True,False,19.93,True,synthetic_scenario_generator,26006
2022-07-02,IND_VIZ,BULK_01,True,False,18.34,True,synthetic_scenario_generator,26006
2022-07-03,IND_VIZ,BULK_01,True,False,17.57,True,synthetic_scenario_generator,26006
2022-07-04,IND_VIZ,BULK_01,True,False,15.65,True,synthetic_scenario_generator,26006
2022-07-05,IND_VIZ,BULK_01,True,False,10.66,True,synthetic_scenario_generator,26006
2022-07-06,IND_VIZ,BULK_01,True,False,15.48,True,synthetic_scenario_generator,26006
2022-07-07,IND_VIZ,BULK_01,True,False,14.01,True,synthetic_scenario_generator,26006
2022-07-08,IND_VIZ,BULK_01,True,False,12.13,True,synthetic_scenario_generator,26006
2022-07-09,IND_VIZ,BULK_01,True,False,21.06,True,synthetic_scenario_generator,26006
2022-07-10,IND_VIZ,BULK_01,True,False,17.29,True,synthetic_scenario_generator,26006
2022-07-11,IND_VIZ,BULK_01,True,False,20.29,True,synthetic_scenario_generator,26006
2022-07-12,IND_VIZ,BULK_01,True,False,23.62,True,synthetic_scenario_generator,26006
2022-07-13,IND_VIZ,BULK_01,True,False,12.89,True,synthetic_scenario_generator,26006
2022-07-14,IND_VIZ,BULK_01,True,False,17.37,True,synthetic_scenario_generator,26006
2022-07-15,IND_VIZ,BULK_01,True,False,10.99,True,synthetic_scenario_generator,26006
2022-07-16,IND_VIZ,BULK_01,True,False,14.96,True,synthetic_scenario_generator,26006
2022-07-17,IND_VIZ,BULK_01,True,False,19.17,True,synthetic_scenario_generator,26006
2022-07-18,IND_VIZ,BULK_01,True,False,16.63,True,synthetic_scenario_generator,26006
2022-07-19,IND_VIZ,BULK_01,True,False,18.04,True,synthetic_scenario_generator,26006
2022-07-20,IND_VIZ,BULK_01,True,False,21.81,True,synthetic_scenario_generator,26006
2022-07-21,IND_VIZ,BULK_01,True,False,21.14,True,synthetic_scenario_generator,26006
2022-07-22,IND_VIZ,BULK_01,True,False,19.4,True,synthetic_scenario_generator,26006
2022-07-23,IND_VIZ,BULK_01,True,False,20.38,True,synthetic_scenario_generator,26006
2022-07-24,IND_VIZ,BULK_01,True,False,14.29,True,synthetic_scenario_generator,26006
2022-07-25,IND_VIZ,BULK_01,True,False,24.16,True,synthetic_scenario_generator,26006
2022-07-26,IND_VIZ,BULK_01,True,False,20.66,True,synthetic_scenario_generator,26006
2022-07-27,IND_VIZ,BULK_01,True,False,17.65,True,synthetic_scenario_generator,26006
2022-07-28,IND_VIZ,BULK_01,True,False,22.99,True,synthetic_scenario_generator,26006
2022-07-29,IND_VIZ,BULK_01,True,False,19.76,True,synthetic_scenario_generator,26006
2022-07-30,IND_VIZ,BULK_01,True,False,22.36,True,synthetic_scenario_generator,26006
2022-07-31,IND_VIZ,BULK_01,True,False,28.01,True,synthetic_scenario_generator,26006
2022-08-01,IND_VIZ,BULK_01,True,False,25.18,True,synthetic_scenario_generator,26006
2022-08-02,IND_VIZ,BULK_01,True,False,17.71,True,synthetic_scenario_generator,26006
2022-08-03,IND_VIZ,BULK_01,True,False,35.93,True,synthetic_scenario_generator,26006
2022-08-04,IND_VIZ,BULK_01,True,False,32.37,True,synthetic_scenario_generator,26006
2022-08-05,IND_VIZ,BULK_01,True,False,17.82,True,synthetic_scenario_generator,26006
2022-08-06,IND_VIZ,BULK_01,True,False,24.98,True,synthetic_scenario_generator,26006
2022-08-07,IND_VIZ,BULK_01,True,False,27.66,True,synthetic_scenario_generator,26006
2022-08-08,IND_VIZ,BULK_01,True,False,38.83,True,synthetic_scenario_generator,26006
2022-08-09,IND_VIZ,BULK_01,True,False,28.31,True,synthetic_scenario_generator,26006
2022-08-10,IND_VIZ,BULK_01,True,False,25.75,True,synthetic_scenario_generator,26006
2022-08-11,IND_VIZ,BULK_01,True,False,34.93,True,synthetic_scenario_generator,26006
2022-08-12,IND_VIZ,BULK_01,True,False,30.09,True,synthetic_scenario_generator,26006
2022-08-13,IND_VIZ,BULK_01,True,False,30.92,True,synthetic_scenario_generator,26006
2022-08-14,IND_VIZ,BULK_01,True,False,35.09,True,synthetic_scenario_generator,26006
2022-08-15,IND_VIZ,BULK_01,True,False,39.48,True,synthetic_scenario_generator,26006
2022-08-16,IND_VIZ,BULK_01,True,False,32.09,True,synthetic_scenario_generator,26006
2022-08-17,IND_VIZ,BULK_01,True,False,32.11,True,synthetic_scenario_generator,26006
2022-08-18,IND_VIZ,BULK_01,True,False,32.41,True,synthetic_scenario_generator,26006
2022-08-19,IND_VIZ,BULK_01,True,False,33.69,True,synthetic_scenario_generator,26006
2022-08-20,IND_VIZ,BULK_01,True,False,42.6,True,synthetic_scenario_generator,26006
2022-08-21,IND_VIZ,BULK_01,True,False,36.65,True,synthetic_scenario_generator,26006
2022-08-22,IND_VIZ,BULK_01,True,False,35.18,True,synthetic_scenario_generator,26006
2022-08-23,IND_VIZ,BULK_01,True,False,36.31,True,synthetic_scenario_generator,26006
2022-08-24,IND_VIZ,BULK_01,True,False,26.13,True,synthetic_scenario_generator,26006
2022-08-25,IND_VIZ,BULK_01,True,False,30.15,True,synthetic_scenario_generator,26006
2022-08-26,IND_VIZ,BULK_01,True,False,25.19,True,synthetic_scenario_generator,26006
2022-08-27,IND_VIZ,BULK_01,True,False,41.58,True,synthetic_scenario_generator,26006
2022-08-28,IND_VIZ,BULK_01,True,False,31.51,True,synthetic_scenario_generator,26006
2022-08-29,IND_VIZ,BULK_01,True,False,43.28,True,synthetic_scenario_generator,26006
2022-08-30,IND_VIZ,BULK_01,True,False,39.18,True,synthetic_scenario_generator,26006
2022-08-31,IND_VIZ,BULK_01,True,False,35.64,True,synthetic_scenario_generator,26006
2022-09-01,IND_VIZ,BULK_01,True,False,26.09,True,synthetic_scenario_generator,26006
2022-09-02,IND_VIZ,BULK_01,True,False,25.96,True,synthetic_scenario_generator,26006
2022-09-03,IND_VIZ,BULK_01,True,False,42.27,True,synthetic_scenario_generator,26006
2022-09-04,IND_VIZ,BULK_01,True,False,38.8,True,synthetic_scenario_generator,26006
2022-09-05,IND_VIZ,BULK_01,True,False,34.9,True,synthetic_scenario_generator,26006
2022-09-06,IND_VIZ,BULK_01,True,False,25.75,True,synthetic_scenario_generator,26006
2022-09-07,IND_VIZ,BULK_01,True,False,29.1,True,synthetic_scenario_generator,26006
2022-09-08,IND_VIZ,BULK_01,True,False,30.84,True,synthetic_scenario_generator,26006
2022-09-09,IND_VIZ,BULK_01,True,False,36.28,True,synthetic_scenario_generator,26006
2022-09-10,IND_VIZ,BULK_01,True,False,40.14,True,synthetic_scenario_generator,26006
2022-09-11,IND_VIZ,BULK_01,True,False,24.26,True,synthetic_scenario_generator,26006
2022-09-12,IND_VIZ,BULK_01,True,False,24.64,True,synthetic_scenario_generator,26006
2022-09-13,IND_VIZ,BULK_01,True,False,37.9,True,synthetic_scenario_generator,26006
2022-09-14,IND_VIZ,BULK_01,True,False,24.96,True,synthetic_scenario_generator,26006
2022-09-15,IND_VIZ,BULK_01,False,True,33.67,True,synthetic_scenario_generator,26006
2022-09-16,IND_VIZ,BULK_01,True,False,26.08,True,synthetic_scenario_generator,26006
2022-09-17,IND_VIZ,BULK_01,True,False,37.33,True,synthetic_scenario_generator,26006
2022-09-18,IND_VIZ,BULK_01,True,False,25.34,True,synthetic_scenario_generator,26006
2022-09-19,IND_VIZ,BULK_01,True,False,18.65,True,synthetic_scenario_generator,26006
2022-09-20,IND_VIZ,BULK_01,True,False,18.14,True,synthetic_scenario_generator,26006
2022-09-21,IND_VIZ,BULK_01,True,False,20.56,True,synthetic_scenario_generator,26006
2022-09-22,IND_VIZ,BULK_01,True,False,24.83,True,synthetic_scenario_generator,26006
2022-09-23,IND_VIZ,BULK_01,True,False,17.0,True,synthetic_scenario_generator,26006
2022-09-24,IND_VIZ,BULK_01,True,False,26.13,True,synthetic_scenario_generator,26006
2022-09-25,IND_VIZ,BULK_01,True,False,23.46,True,synthetic_scenario_generator,26006
2022-09-26,IND_VIZ,BULK_01,True,False,24.44,True,synthetic_scenario_generator,26006
2022-09-27,IND_VIZ,BULK_01,True,False,18.89,True,synthetic_scenario_generator,26006
2022-09-28,IND_VIZ,BULK_01,True,False,26.98,True,synthetic_scenario_generator,26006
2022-09-29,IND_VIZ,BULK_01,True,False,14.16,True,synthetic_scenario_generator,26006
2022-09-30,IND_VIZ,BULK_01,True,False,10.21,True,synthetic_scenario_generator,26006
2022-10-01,IND_VIZ,BULK_01,True,False,16.75,True,synthetic_scenario_generator,26006
2022-10-02,IND_VIZ,BULK_01,True,False,5.01,True,synthetic_scenario_generator,26006
2022-10-03,IND_VIZ,BULK_01,True,False,13.06,True,synthetic_scenario_generator,26006
2022-10-04,IND_VIZ,BULK_01,True,False,26.05,True,synthetic_scenario_generator,26006
2022-10-05,IND_VIZ,BULK_01,True,False,12.08,True,synthetic_scenario_generator,26006
2022-10-06,IND_VIZ,BULK_01,True,False,16.73,True,synthetic_scenario_generator,26006
2022-10-07,IND_VIZ,BULK_01,True,False,7.76,True,synthetic_scenario_generator,26006
2022-10-08,IND_VIZ,BULK_01,True,False,21.49,True,synthetic_scenario_generator,26006
2022-10-09,IND_VIZ,BULK_01,True,False,12.32,True,synthetic_scenario_generator,26006
2022-10-10,IND_VIZ,BULK_01,True,False,31.48,True,synthetic_scenario_generator,26006
2022-10-11,IND_VIZ,BULK_01,True,False,14.62,True,synthetic_scenario_generator,26006
2022-10-12,IND_VIZ,BULK_01,True,False,12.61,True,synthetic_scenario_generator,26006
2022-10-13,IND_VIZ,BULK_01,True,False,20.73,True,synthetic_scenario_generator,26006
2022-10-14,IND_VIZ,BULK_01,True,False,21.91,True,synthetic_scenario_generator,26006
2022-10-15,IND_VIZ,BULK_01,True,False,12.05,True,synthetic_scenario_generator,26006
2022-10-16,IND_VIZ,BULK_01,True,False,20.75,True,synthetic_scenario_generator,26006
2022-10-17,IND_VIZ,BULK_01,True,False,22.26,True,synthetic_scenario_generator,26006
2022-10-18,IND_VIZ,BULK_01,True,False,13.79,True,synthetic_scenario_generator,26006
2022-10-19,IND_VIZ,BULK_01,True,False,9.06,True,synthetic_scenario_generator,26006
2022-10-20,IND_VIZ,BULK_01,True,False,18.53,True,synthetic_scenario_generator,26006
2022-10-21,IND_VIZ,BULK_01,True,False,17.74,True,synthetic_scenario_generator,26006
2022-10-22,IND_VIZ,BULK_01,True,False,19.58,True,synthetic_scenario_generator,26006
2022-10-23,IND_VIZ,BULK_01,True,False,11.8,True,synthetic_scenario_generator,26006
2022-10-24,IND_VIZ,BULK_01,True,False,19.9,True,synthetic_scenario_generator,26006
2022-10-25,IND_VIZ,BULK_01,True,False,16.59,True,synthetic_scenario_generator,26006
2022-10-26,IND_VIZ,BULK_01,True,False,13.67,True,synthetic_scenario_generator,26006
2022-10-27,IND_VIZ,BULK_01,True,False,17.53,True,synthetic_scenario_generator,26006
2022-10-28,IND_VIZ,BULK_01,True,False,14.22,True,synthetic_scenario_generator,26006
2022-10-29,IND_VIZ,BULK_01,True,False,25.07,True,synthetic_scenario_generator,26006
2022-10-30,IND_VIZ,BULK_01,True,False,15.92,True,synthetic_scenario_generator,26006
2022-10-31,IND_VIZ,BULK_01,True,False,21.82,True,synthetic_scenario_generator,26006
2022-11-01,IND_VIZ,BULK_01,True,False,23.9,True,synthetic_scenario_generator,26006
2022-11-02,IND_VIZ,BULK_01,True,False,28.01,True,synthetic_scenario_generator,26006
2022-11-03,IND_VIZ,BULK_01,True,False,29.57,True,synthetic_scenario_generator,26006
2022-11-04,IND_VIZ,BULK_01,True,False,24.39,True,synthetic_scenario_generator,26006
2022-11-05,IND_VIZ,BULK_01,True,False,19.43,True,synthetic_scenario_generator,26006
2022-11-06,IND_VIZ,BULK_01,True,False,31.8,True,synthetic_scenario_generator,26006
2022-11-07,IND_VIZ,BULK_01,True,False,28.58,True,synthetic_scenario_generator,26006
2022-11-08,IND_VIZ,BULK_01,True,False,25.67,True,synthetic_scenario_generator,26006
2022-11-09,IND_VIZ,BULK_01,True,False,22.01,True,synthetic_scenario_generator,26006
2022-11-10,IND_VIZ,BULK_01,True,False,34.0,True,synthetic_scenario_generator,26006
2022-11-11,IND_VIZ,BULK_01,True,False,32.81,True,synthetic_scenario_generator,26006
2022-11-12,IND_VIZ,BULK_01,True,False,23.38,True,synthetic_scenario_generator,26006
2022-11-13,IND_VIZ,BULK_01,True,False,37.11,True,synthetic_scenario_generator,26006
2022-11-14,IND_VIZ,BULK_01,True,False,29.09,True,synthetic_scenario_generator,26006
2022-11-15,IND_VIZ,BULK_01,True,False,23.83,True,synthetic_scenario_generator,26006
2022-11-16,IND_VIZ,BULK_01,True,False,37.89,True,synthetic_scenario_generator,26006
2022-11-17,IND_VIZ,BULK_01,True,False,34.06,True,synthetic_scenario_generator,26006
2022-11-18,IND_VIZ,BULK_01,True,False,30.63,True,synthetic_scenario_generator,26006
2022-11-19,IND_VIZ,BULK_01,True,False,31.76,True,synthetic_scenario_generator,26006
2022-11-20,IND_VIZ,BULK_01,True,False,33.78,True,synthetic_scenario_generator,26006
2022-11-21,IND_VIZ,BULK_01,True,False,40.68,True,synthetic_scenario_generator,26006
2022-11-22,IND_VIZ,BULK_01,True,False,32.52,True,synthetic_scenario_generator,26006
2022-11-23,IND_VIZ,BULK_01,True,False,41.26,True,synthetic_scenario_generator,26006
2022-11-24,IND_VIZ,BULK_01,True,False,37.4,True,synthetic_scenario_generator,26006
2022-11-25,IND_VIZ,BULK_01,True,False,35.64,True,synthetic_scenario_generator,26006
2022-11-26,IND_VIZ,BULK_01,True,False,37.77,True,synthetic_scenario_generator,26006
2022-11-27,IND_VIZ,BULK_01,True,False,44.75,True,synthetic_scenario_generator,26006
2022-11-28,IND_VIZ,BULK_01,True,False,18.19,True,synthetic_scenario_generator,26006
2022-11-29,IND_VIZ,BULK_01,True,False,34.86,True,synthetic_scenario_generator,26006
2022-11-30,IND_VIZ,BULK_01,True,False,28.0,True,synthetic_scenario_generator,26006
2022-12-01,IND_VIZ,BULK_01,True,False,31.1,True,synthetic_scenario_generator,26006
2022-12-02,IND_VIZ,BULK_01,True,False,29.05,True,synthetic_scenario_generator,26006
2022-12-03,IND_VIZ,BULK_01,True,False,28.11,True,synthetic_scenario_generator,26006
2022-12-04,IND_VIZ,BULK_01,True,False,43.52,True,synthetic_scenario_generator,26006
2022-12-05,IND_VIZ,BULK_01,True,False,27.24,True,synthetic_scenario_generator,26006
2022-12-06,IND_VIZ,BULK_01,True,False,34.18,True,synthetic_scenario_generator,26006
2022-12-07,IND_VIZ,BULK_01,True,False,27.49,True,synthetic_scenario_generator,26006
2022-12-08,IND_VIZ,BULK_01,True,False,20.99,True,synthetic_scenario_generator,26006
2022-12-09,IND_VIZ,BULK_01,True,False,29.39,True,synthetic_scenario_generator,26006
2022-12-10,IND_VIZ,BULK_01,True,False,28.94,True,synthetic_scenario_generator,26006
2022-12-11,IND_VIZ,BULK_01,True,False,20.23,True,synthetic_scenario_generator,26006
2022-12-12,IND_VIZ,BULK_01,True,False,29.77,True,synthetic_scenario_generator,26006
2022-12-13,IND_VIZ,BULK_01,True,False,32.16,True,synthetic_scenario_generator,26006
2022-12-14,IND_VIZ,BULK_01,True,False,19.95,True,synthetic_scenario_generator,26006
2022-12-15,IND_VIZ,BULK_01,True,False,27.71,True,synthetic_scenario_generator,26006
2022-12-16,IND_VIZ,BULK_01,True,False,29.0,True,synthetic_scenario_generator,26006
2022-12-17,IND_VIZ,BULK_01,True,False,28.66,True,synthetic_scenario_generator,26006
2022-12-18,IND_VIZ,BULK_01,True,False,17.98,True,synthetic_scenario_generator,26006
2022-12-19,IND_VIZ,BULK_01,True,False,20.25,True,synthetic_scenario_generator,26006
2022-12-20,IND_VIZ,BULK_01,True,False,15.21,True,synthetic_scenario_generator,26006
2022-12-21,IND_VIZ,BULK_01,True,False,21.06,True,synthetic_scenario_generator,26006
2022-12-22,IND_VIZ,BULK_01,True,False,28.73,True,synthetic_scenario_generator,26006
2022-12-23,IND_VIZ,BULK_01,True,False,19.64,True,synthetic_scenario_generator,26006
2022-12-24,IND_VIZ,BULK_01,True,False,21.34,True,synthetic_scenario_generator,26006
2022-12-25,IND_VIZ,BULK_01,True,False,20.87,True,synthetic_scenario_generator,26006
2022-12-26,IND_VIZ,BULK_01,True,False,9.37,True,synthetic_scenario_generator,26006
2022-12-27,IND_VIZ,BULK_01,True,False,12.63,True,synthetic_scenario_generator,26006
2022-12-28,IND_VIZ,BULK_01,True,False,18.18,True,synthetic_scenario_generator,26006
2022-12-29,IND_VIZ,BULK_01,True,False,24.36,True,synthetic_scenario_generator,26006
2022-12-30,IND_VIZ,BULK_01,True,False,19.85,True,synthetic_scenario_generator,26006
2022-12-31,IND_VIZ,BULK_01,True,False,19.44,True,synthetic_scenario_generator,26006
2023-01-01,IND_VIZ,BULK_01,True,False,21.93,True,synthetic_scenario_generator,26006
2023-01-02,IND_VIZ,BULK_01,True,False,9.07,True,synthetic_scenario_generator,26006
2023-01-03,IND_VIZ,BULK_01,True,False,19.01,True,synthetic_scenario_generator,26006
2023-01-04,IND_VIZ,BULK_01,True,False,10.65,True,synthetic_scenario_generator,26006
2023-01-05,IND_VIZ,BULK_01,True,False,14.62,True,synthetic_scenario_generator,26006
2023-01-06,IND_VIZ,BULK_01,True,False,12.7,True,synthetic_scenario_generator,26006
2023-01-07,IND_VIZ,BULK_01,True,False,8.63,True,synthetic_scenario_generator,26006
2023-01-08,IND_VIZ,BULK_01,True,False,20.35,True,synthetic_scenario_generator,26006
2023-01-09,IND_VIZ,BULK_01,True,False,17.99,True,synthetic_scenario_generator,26006
2023-01-10,IND_VIZ,BULK_01,True,False,15.72,True,synthetic_scenario_generator,26006
2023-01-11,IND_VIZ,BULK_01,True,False,13.58,True,synthetic_scenario_generator,26006
2023-01-12,IND_VIZ,BULK_01,True,False,4.91,True,synthetic_scenario_generator,26006
2023-01-13,IND_VIZ,BULK_01,True,False,14.88,True,synthetic_scenario_generator,26006
2023-01-14,IND_VIZ,BULK_01,True,False,7.38,True,synthetic_scenario_generator,26006
2023-01-15,IND_VIZ,BULK_01,True,False,15.18,True,synthetic_scenario_generator,26006
2023-01-16,IND_VIZ,BULK_01,True,False,16.96,True,synthetic_scenario_generator,26006
2023-01-17,IND_VIZ,BULK_01,True,False,16.65,True,synthetic_scenario_generator,26006
2023-01-18,IND_VIZ,BULK_01,True,False,9.52,True,synthetic_scenario_generator,26006
2023-01-19,IND_VIZ,BULK_01,True,False,7.65,True,synthetic_scenario_generator,26006
2023-01-20,IND_VIZ,BULK_01,True,False,17.74,True,synthetic_scenario_generator,26006
2023-01-21,IND_VIZ,BULK_01,True,False,32.64,True,synthetic_scenario_generator,26006
2023-01-22,IND_VIZ,BULK_01,True,False,15.19,True,synthetic_scenario_generator,26006
2023-01-23,IND_VIZ,BULK_01,True,False,18.26,True,synthetic_scenario_generator,26006
2023-01-24,IND_VIZ,BULK_01,True,False,14.31,True,synthetic_scenario_generator,26006
2023-01-25,IND_VIZ,BULK_01,True,False,22.05,True,synthetic_scenario_generator,26006
2023-01-26,IND_VIZ,BULK_01,True,False,18.87,True,synthetic_scenario_generator,26006
2023-01-27,IND_VIZ,BULK_01,True,False,23.68,True,synthetic_scenario_generator,26006
2023-01-28,IND_VIZ,BULK_01,True,False,16.84,True,synthetic_scenario_generator,26006
2023-01-29,IND_VIZ,BULK_01,True,False,12.33,True,synthetic_scenario_generator,26006
2023-01-30,IND_VIZ,BULK_01,True,False,15.37,True,synthetic_scenario_generator,26006
2023-01-31,IND_VIZ,BULK_01,True,False,26.7,True,synthetic_scenario_generator,26006
2023-02-01,IND_VIZ,BULK_01,True,False,23.2,True,synthetic_scenario_generator,26006
2023-02-02,IND_VIZ,BULK_01,True,False,24.41,True,synthetic_scenario_generator,26006
2023-02-03,IND_VIZ,BULK_01,True,False,23.31,True,synthetic_scenario_generator,26006
2023-02-04,IND_VIZ,BULK_01,True,False,28.45,True,synthetic_scenario_generator,26006
2023-02-05,IND_VIZ,BULK_01,True,False,24.26,True,synthetic_scenario_generator,26006
2023-02-06,IND_VIZ,BULK_01,True,False,38.48,True,synthetic_scenario_generator,26006
2023-02-07,IND_VIZ,BULK_01,True,False,21.38,True,synthetic_scenario_generator,26006
2023-02-08,IND_VIZ,BULK_01,True,False,31.23,True,synthetic_scenario_generator,26006
2023-02-09,IND_VIZ,BULK_01,True,False,28.89,True,synthetic_scenario_generator,26006
2023-02-10,IND_VIZ,BULK_01,True,False,24.81,True,synthetic_scenario_generator,26006
2023-02-11,IND_VIZ,BULK_01,True,False,33.16,True,synthetic_scenario_generator,26006
2023-02-12,IND_VIZ,BULK_01,True,False,36.64,True,synthetic_scenario_generator,26006
2023-02-13,IND_VIZ,BULK_01,True,False,32.66,True,synthetic_scenario_generator,26006
2023-02-14,IND_VIZ,BULK_01,True,False,22.71,True,synthetic_scenario_generator,26006
2023-02-15,IND_VIZ,BULK_01,True,False,28.63,True,synthetic_scenario_generator,26006
2023-02-16,IND_VIZ,BULK_01,True,False,30.26,True,synthetic_scenario_generator,26006
2023-02-17,IND_VIZ,BULK_01,True,False,17.47,True,synthetic_scenario_generator,26006
2023-02-18,IND_VIZ,BULK_01,True,False,33.89,True,synthetic_scenario_generator,26006
2023-02-19,IND_VIZ,BULK_01,True,False,26.96,True,synthetic_scenario_generator,26006
2023-02-20,IND_VIZ,BULK_01,True,False,34.44,True,synthetic_scenario_generator,26006
2023-02-21,IND_VIZ,BULK_01,True,False,28.3,True,synthetic_scenario_generator,26006
2023-02-22,IND_VIZ,BULK_01,True,False,24.62,True,synthetic_scenario_generator,26006
2023-02-23,IND_VIZ,BULK_01,True,False,28.73,True,synthetic_scenario_generator,26006
2023-02-24,IND_VIZ,BULK_01,True,False,33.54,True,synthetic_scenario_generator,26006
2023-02-25,IND_VIZ,BULK_01,True,False,25.72,True,synthetic_scenario_generator,26006
2023-02-26,IND_VIZ,BULK_01,True,False,25.24,True,synthetic_scenario_generator,26006
2023-02-27,IND_VIZ,BULK_01,True,False,25.93,True,synthetic_scenario_generator,26006
2023-02-28,IND_VIZ,BULK_01,True,False,18.99,True,synthetic_scenario_generator,26006
2023-03-01,IND_VIZ,BULK_01,True,False,24.04,True,synthetic_scenario_generator,26006
2023-03-02,IND_VIZ,BULK_01,True,False,18.72,True,synthetic_scenario_generator,26006
2023-03-03,IND_VIZ,BULK_01,True,False,30.94,True,synthetic_scenario_generator,26006
2023-03-04,IND_VIZ,BULK_01,True,False,28.37,True,synthetic_scenario_generator,26006
2023-03-05,IND_VIZ,BULK_01,True,False,30.13,True,synthetic_scenario_generator,26006
2023-03-06,IND_VIZ,BULK_01,True,False,30.4,True,synthetic_scenario_generator,26006
2023-03-07,IND_VIZ,BULK_01,True,False,21.72,True,synthetic_scenario_generator,26006
2023-03-08,IND_VIZ,BULK_01,True,False,25.37,True,synthetic_scenario_generator,26006
2023-03-09,IND_VIZ,BULK_01,True,False,19.66,True,synthetic_scenario_generator,26006
2023-03-10,IND_VIZ,BULK_01,True,False,27.98,True,synthetic_scenario_generator,26006
2023-03-11,IND_VIZ,BULK_01,True,False,19.75,True,synthetic_scenario_generator,26006
2023-03-12,IND_VIZ,BULK_01,True,False,25.63,True,synthetic_scenario_generator,26006
2023-03-13,IND_VIZ,BULK_01,True,False,21.77,True,synthetic_scenario_generator,26006
2023-03-14,IND_VIZ,BULK_01,True,False,18.36,True,synthetic_scenario_generator,26006
2023-03-15,IND_VIZ,BULK_01,False,True,21.57,True,synthetic_scenario_generator,26006
2023-03-16,IND_VIZ,BULK_01,True,False,25.11,True,synthetic_scenario_generator,26006
2023-03-17,IND_VIZ,BULK_01,True,False,14.34,True,synthetic_scenario_generator,26006
2023-03-18,IND_VIZ,BULK_01,True,False,12.47,True,synthetic_scenario_generator,26006
2023-03-19,IND_VIZ,BULK_01,True,False,18.75,True,synthetic_scenario_generator,26006
2023-03-20,IND_VIZ,BULK_01,True,False,10.99,True,synthetic_scenario_generator,26006
2023-03-21,IND_VIZ,BULK_01,True,False,24.48,True,synthetic_scenario_generator,26006
2023-03-22,IND_VIZ,BULK_01,True,False,16.46,True,synthetic_scenario_generator,26006
2023-03-23,IND_VIZ,BULK_01,True,False,21.54,True,synthetic_scenario_generator,26006
2023-03-24,IND_VIZ,BULK_01,True,False,12.85,True,synthetic_scenario_generator,26006
2023-03-25,IND_VIZ,BULK_01,True,False,10.05,True,synthetic_scenario_generator,26006
2023-03-26,IND_VIZ,BULK_01,True,False,20.54,True,synthetic_scenario_generator,26006
2023-03-27,IND_VIZ,BULK_01,True,False,19.83,True,synthetic_scenario_generator,26006
2023-03-28,IND_VIZ,BULK_01,True,False,14.67,True,synthetic_scenario_generator,26006
2023-03-29,IND_VIZ,BULK_01,True,False,12.46,True,synthetic_scenario_generator,26006
2023-03-30,IND_VIZ,BULK_01,True,False,15.49,True,synthetic_scenario_generator,26006
2023-03-31,IND_VIZ,BULK_01,True,False,16.05,True,synthetic_scenario_generator,26006
2023-04-01,IND_VIZ,BULK_01,True,False,19.63,True,synthetic_scenario_generator,26006
2023-04-02,IND_VIZ,BULK_01,True,False,17.54,True,synthetic_scenario_generator,26006
2023-04-03,IND_VIZ,BULK_01,True,False,17.44,True,synthetic_scenario_generator,26006
2023-04-04,IND_VIZ,BULK_01,True,False,32.49,True,synthetic_scenario_generator,26006
2023-04-05,IND_VIZ,BULK_01,True,False,26.73,True,synthetic_scenario_generator,26006
2023-04-06,IND_VIZ,BULK_01,True,False,14.61,True,synthetic_scenario_generator,26006
2023-04-07,IND_VIZ,BULK_01,True,False,7.05,True,synthetic_scenario_generator,26006
2023-04-08,IND_VIZ,BULK_01,True,False,10.72,True,synthetic_scenario_generator,26006
2023-04-09,IND_VIZ,BULK_01,True,False,24.25,True,synthetic_scenario_generator,26006
2023-04-10,IND_VIZ,BULK_01,True,False,4.51,True,synthetic_scenario_generator,26006
2023-04-11,IND_VIZ,BULK_01,True,False,17.84,True,synthetic_scenario_generator,26006
2023-04-12,IND_VIZ,BULK_01,True,False,10.59,True,synthetic_scenario_generator,26006
2023-04-13,IND_VIZ,BULK_01,True,False,10.5,True,synthetic_scenario_generator,26006
2023-04-14,IND_VIZ,BULK_01,True,False,10.51,True,synthetic_scenario_generator,26006
2023-04-15,IND_VIZ,BULK_01,True,False,11.93,True,synthetic_scenario_generator,26006
2023-04-16,IND_VIZ,BULK_01,True,False,14.85,True,synthetic_scenario_generator,26006
2023-04-17,IND_VIZ,BULK_01,True,False,20.49,True,synthetic_scenario_generator,26006
2023-04-18,IND_VIZ,BULK_01,True,False,24.91,True,synthetic_scenario_generator,26006
2023-04-19,IND_VIZ,BULK_01,True,False,23.89,True,synthetic_scenario_generator,26006
2023-04-20,IND_VIZ,BULK_01,True,False,11.43,True,synthetic_scenario_generator,26006
2023-04-21,IND_VIZ,BULK_01,True,False,19.89,True,synthetic_scenario_generator,26006
2023-04-22,IND_VIZ,BULK_01,True,False,26.38,True,synthetic_scenario_generator,26006
2023-04-23,IND_VIZ,BULK_01,True,False,28.42,True,synthetic_scenario_generator,26006
2023-04-24,IND_VIZ,BULK_01,True,False,20.44,True,synthetic_scenario_generator,26006
2023-04-25,IND_VIZ,BULK_01,True,False,26.17,True,synthetic_scenario_generator,26006
2023-04-26,IND_VIZ,BULK_01,True,False,27.62,True,synthetic_scenario_generator,26006
2023-04-27,IND_VIZ,BULK_01,True,False,25.52,True,synthetic_scenario_generator,26006
2023-04-28,IND_VIZ,BULK_01,True,False,28.33,True,synthetic_scenario_generator,26006
2023-04-29,IND_VIZ,BULK_01,True,False,20.08,True,synthetic_scenario_generator,26006
2023-04-30,IND_VIZ,BULK_01,True,False,18.6,True,synthetic_scenario_generator,26006
2023-05-01,IND_VIZ,BULK_01,True,False,29.87,True,synthetic_scenario_generator,26006
2023-05-02,IND_VIZ,BULK_01,True,False,21.12,True,synthetic_scenario_generator,26006
2023-05-03,IND_VIZ,BULK_01,True,False,20.67,True,synthetic_scenario_generator,26006
2023-05-04,IND_VIZ,BULK_01,True,False,28.01,True,synthetic_scenario_generator,26006
2023-05-05,IND_VIZ,BULK_01,True,False,27.94,True,synthetic_scenario_generator,26006
2023-05-06,IND_VIZ,BULK_01,True,False,31.28,True,synthetic_scenario_generator,26006
2023-05-07,IND_VIZ,BULK_01,True,False,27.73,True,synthetic_scenario_generator,26006
2023-05-08,IND_VIZ,BULK_01,True,False,23.24,True,synthetic_scenario_generator,26006
2023-05-09,IND_VIZ,BULK_01,True,False,27.87,True,synthetic_scenario_generator,26006
2023-05-10,IND_VIZ,BULK_01,True,False,28.42,True,synthetic_scenario_generator,26006
2023-05-11,IND_VIZ,BULK_01,True,False,20.98,True,synthetic_scenario_generator,26006
2023-05-12,IND_VIZ,BULK_01,True,False,36.78,True,synthetic_scenario_generator,26006
2023-05-13,IND_VIZ,BULK_01,True,False,35.61,True,synthetic_scenario_generator,26006
2023-05-14,IND_VIZ,BULK_01,True,False,36.59,True,synthetic_scenario_generator,26006
2023-05-15,IND_VIZ,BULK_01,True,False,34.53,True,synthetic_scenario_generator,26006
2023-05-16,IND_VIZ,BULK_01,True,False,31.62,True,synthetic_scenario_generator,26006
2023-05-17,IND_VIZ,BULK_01,True,False,36.8,True,synthetic_scenario_generator,26006
2023-05-18,IND_VIZ,BULK_01,True,False,28.66,True,synthetic_scenario_generator,26006
2023-05-19,IND_VIZ,BULK_01,True,False,29.17,True,synthetic_scenario_generator,26006
2023-05-20,IND_VIZ,BULK_01,True,False,27.15,True,synthetic_scenario_generator,26006
2023-05-21,IND_VIZ,BULK_01,True,False,34.42,True,synthetic_scenario_generator,26006
2023-05-22,IND_VIZ,BULK_01,True,False,27.67,True,synthetic_scenario_generator,26006
2023-05-23,IND_VIZ,BULK_01,True,False,33.42,True,synthetic_scenario_generator,26006
2023-05-24,IND_VIZ,BULK_01,True,False,37.78,True,synthetic_scenario_generator,26006
2023-05-25,IND_VIZ,BULK_01,True,False,37.79,True,synthetic_scenario_generator,26006
2023-05-26,IND_VIZ,BULK_01,True,False,34.8,True,synthetic_scenario_generator,26006
2023-05-27,IND_VIZ,BULK_01,True,False,27.49,True,synthetic_scenario_generator,26006
2023-05-28,IND_VIZ,BULK_01,True,False,35.5,True,synthetic_scenario_generator,26006
2023-05-29,IND_VIZ,BULK_01,True,False,33.55,True,synthetic_scenario_generator,26006
2023-05-30,IND_VIZ,BULK_01,True,False,43.13,True,synthetic_scenario_generator,26006
2023-05-31,IND_VIZ,BULK_01,True,False,37.62,True,synthetic_scenario_generator,26006
2023-06-01,IND_VIZ,BULK_01,True,False,48.48,True,synthetic_scenario_generator,26006
2023-06-02,IND_VIZ,BULK_01,True,False,21.51,True,synthetic_scenario_generator,26006
2023-06-03,IND_VIZ,BULK_01,True,False,30.84,True,synthetic_scenario_generator,26006
2023-06-04,IND_VIZ,BULK_01,True,False,35.19,True,synthetic_scenario_generator,26006
2023-06-05,IND_VIZ,BULK_01,True,False,40.72,True,synthetic_scenario_generator,26006
2023-06-06,IND_VIZ,BULK_01,True,False,43.46,True,synthetic_scenario_generator,26006
2023-06-07,IND_VIZ,BULK_01,True,False,28.62,True,synthetic_scenario_generator,26006
2023-06-08,IND_VIZ,BULK_01,True,False,31.37,True,synthetic_scenario_generator,26006
2023-06-09,IND_VIZ,BULK_01,True,False,43.65,True,synthetic_scenario_generator,26006
2023-06-10,IND_VIZ,BULK_01,True,False,33.2,True,synthetic_scenario_generator,26006
2023-06-11,IND_VIZ,BULK_01,True,False,20.88,True,synthetic_scenario_generator,26006
2023-06-12,IND_VIZ,BULK_01,True,False,26.02,True,synthetic_scenario_generator,26006
2023-06-13,IND_VIZ,BULK_01,True,False,28.64,True,synthetic_scenario_generator,26006
2023-06-14,IND_VIZ,BULK_01,True,False,29.88,True,synthetic_scenario_generator,26006
2023-06-15,IND_VIZ,BULK_01,True,False,32.95,True,synthetic_scenario_generator,26006
2023-06-16,IND_VIZ,BULK_01,True,False,27.72,True,synthetic_scenario_generator,26006
2023-06-17,IND_VIZ,BULK_01,True,False,18.57,True,synthetic_scenario_generator,26006
2023-06-18,IND_VIZ,BULK_01,True,False,20.71,True,synthetic_scenario_generator,26006
2023-06-19,IND_VIZ,BULK_01,True,False,25.8,True,synthetic_scenario_generator,26006
2023-06-20,IND_VIZ,BULK_01,True,False,28.25,True,synthetic_scenario_generator,26006
2023-06-21,IND_VIZ,BULK_01,True,False,26.17,True,synthetic_scenario_generator,26006
2023-06-22,IND_VIZ,BULK_01,True,False,20.09,True,synthetic_scenario_generator,26006
2023-06-23,IND_VIZ,BULK_01,True,False,18.17,True,synthetic_scenario_generator,26006
2023-06-24,IND_VIZ,BULK_01,True,False,25.49,True,synthetic_scenario_generator,26006
2023-06-25,IND_VIZ,BULK_01,True,False,20.63,True,synthetic_scenario_generator,26006
2023-06-26,IND_VIZ,BULK_01,True,False,27.22,True,synthetic_scenario_generator,26006
2023-06-27,IND_VIZ,BULK_01,True,False,13.49,True,synthetic_scenario_generator,26006
2023-06-28,IND_VIZ,BULK_01,True,False,29.98,True,synthetic_scenario_generator,26006
2023-06-29,IND_VIZ,BULK_01,True,False,9.25,True,synthetic_scenario_generator,26006
2023-06-30,IND_VIZ,BULK_01,True,False,26.57,True,synthetic_scenario_generator,26006
2023-07-01,IND_VIZ,BULK_01,True,False,19.59,True,synthetic_scenario_generator,26006
2023-07-02,IND_VIZ,BULK_01,True,False,18.13,True,synthetic_scenario_generator,26006
2023-07-03,IND_VIZ,BULK_01,True,False,17.48,True,synthetic_scenario_generator,26006
2023-07-04,IND_VIZ,BULK_01,True,False,14.07,True,synthetic_scenario_generator,26006
2023-07-05,IND_VIZ,BULK_01,True,False,22.11,True,synthetic_scenario_generator,26006
2023-07-06,IND_VIZ,BULK_01,True,False,18.07,True,synthetic_scenario_generator,26006
2023-07-07,IND_VIZ,BULK_01,True,False,17.08,True,synthetic_scenario_generator,26006
2023-07-08,IND_VIZ,BULK_01,True,False,15.83,True,synthetic_scenario_generator,26006
2023-07-09,IND_VIZ,BULK_01,True,False,21.27,True,synthetic_scenario_generator,26006
2023-07-10,IND_VIZ,BULK_01,True,False,19.76,True,synthetic_scenario_generator,26006
2023-07-11,IND_VIZ,BULK_01,True,False,25.7,True,synthetic_scenario_generator,26006
2023-07-12,IND_VIZ,BULK_01,True,False,17.25,True,synthetic_scenario_generator,26006
2023-07-13,IND_VIZ,BULK_01,True,False,13.0,True,synthetic_scenario_generator,26006
2023-07-14,IND_VIZ,BULK_01,True,False,24.88,True,synthetic_scenario_generator,26006
2023-07-15,IND_VIZ,BULK_01,True,False,20.35,True,synthetic_scenario_generator,26006
2023-07-16,IND_VIZ,BULK_01,True,False,30.59,True,synthetic_scenario_generator,26006
2023-07-17,IND_VIZ,BULK_01,True,False,21.17,True,synthetic_scenario_generator,26006
2023-07-18,IND_VIZ,BULK_01,True,False,29.39,True,synthetic_scenario_generator,26006
2023-07-19,IND_VIZ,BULK_01,True,False,14.98,True,synthetic_scenario_generator,26006
2023-07-20,IND_VIZ,BULK_01,True,False,19.61,True,synthetic_scenario_generator,26006
2023-07-21,IND_VIZ,BULK_01,True,False,18.81,True,synthetic_scenario_generator,26006
2023-07-22,IND_VIZ,BULK_01,True,False,15.5,True,synthetic_scenario_generator,26006
2023-07-23,IND_VIZ,BULK_01,True,False,19.59,True,synthetic_scenario_generator,26006
2023-07-24,IND_VIZ,BULK_01,True,False,22.75,True,synthetic_scenario_generator,26006
2023-07-25,IND_VIZ,BULK_01,True,False,27.61,True,synthetic_scenario_generator,26006
2023-07-26,IND_VIZ,BULK_01,True,False,26.43,True,synthetic_scenario_generator,26006
2023-07-27,IND_VIZ,BULK_01,True,False,18.61,True,synthetic_scenario_generator,26006
2023-07-28,IND_VIZ,BULK_01,True,False,26.27,True,synthetic_scenario_generator,26006
2023-07-29,IND_VIZ,BULK_01,True,False,31.77,True,synthetic_scenario_generator,26006
2023-07-30,IND_VIZ,BULK_01,True,False,31.05,True,synthetic_scenario_generator,26006
2023-07-31,IND_VIZ,BULK_01,True,False,29.74,True,synthetic_scenario_generator,26006
2023-08-01,IND_VIZ,BULK_01,True,False,20.42,True,synthetic_scenario_generator,26006
2023-08-02,IND_VIZ,BULK_01,True,False,28.52,True,synthetic_scenario_generator,26006
2023-08-03,IND_VIZ,BULK_01,True,False,39.7,True,synthetic_scenario_generator,26006
2023-08-04,IND_VIZ,BULK_01,True,False,26.96,True,synthetic_scenario_generator,26006
2023-08-05,IND_VIZ,BULK_01,True,False,31.1,True,synthetic_scenario_generator,26006
2023-08-06,IND_VIZ,BULK_01,True,False,33.85,True,synthetic_scenario_generator,26006
2023-08-07,IND_VIZ,BULK_01,True,False,32.97,True,synthetic_scenario_generator,26006
2023-08-08,IND_VIZ,BULK_01,True,False,26.92,True,synthetic_scenario_generator,26006
2023-08-09,IND_VIZ,BULK_01,True,False,34.12,True,synthetic_scenario_generator,26006
2023-08-10,IND_VIZ,BULK_01,True,False,41.78,True,synthetic_scenario_generator,26006
2023-08-11,IND_VIZ,BULK_01,True,False,32.23,True,synthetic_scenario_generator,26006
2023-08-12,IND_VIZ,BULK_01,True,False,41.79,True,synthetic_scenario_generator,26006
2023-08-13,IND_VIZ,BULK_01,True,False,28.54,True,synthetic_scenario_generator,26006
2023-08-14,IND_VIZ,BULK_01,True,False,49.22,True,synthetic_scenario_generator,26006
2023-08-15,IND_VIZ,BULK_01,True,False,44.0,True,synthetic_scenario_generator,26006
2023-08-16,IND_VIZ,BULK_01,True,False,31.41,True,synthetic_scenario_generator,26006
2023-08-17,IND_VIZ,BULK_01,True,False,46.66,True,synthetic_scenario_generator,26006
2023-08-18,IND_VIZ,BULK_01,True,False,44.59,True,synthetic_scenario_generator,26006
2023-08-19,IND_VIZ,BULK_01,True,False,38.59,True,synthetic_scenario_generator,26006
2023-08-20,IND_VIZ,BULK_01,True,False,27.96,True,synthetic_scenario_generator,26006
2023-08-21,IND_VIZ,BULK_01,True,False,33.09,True,synthetic_scenario_generator,26006
2023-08-22,IND_VIZ,BULK_01,True,False,35.9,True,synthetic_scenario_generator,26006
2023-08-23,IND_VIZ,BULK_01,True,False,30.72,True,synthetic_scenario_generator,26006
2023-08-24,IND_VIZ,BULK_01,True,False,36.06,True,synthetic_scenario_generator,26006
2023-08-25,IND_VIZ,BULK_01,True,False,38.17,True,synthetic_scenario_generator,26006
2023-08-26,IND_VIZ,BULK_01,True,False,35.73,True,synthetic_scenario_generator,26006
2023-08-27,IND_VIZ,BULK_01,True,False,27.73,True,synthetic_scenario_generator,26006
2023-08-28,IND_VIZ,BULK_01,True,False,45.38,True,synthetic_scenario_generator,26006
2023-08-29,IND_VIZ,BULK_01,True,False,20.17,True,synthetic_scenario_generator,26006
2023-08-30,IND_VIZ,BULK_01,True,False,33.63,True,synthetic_scenario_generator,26006
2023-08-31,IND_VIZ,BULK_01,True,False,31.37,True,synthetic_scenario_generator,26006
2023-09-01,IND_VIZ,BULK_01,True,False,39.25,True,synthetic_scenario_generator,26006
2023-09-02,IND_VIZ,BULK_01,True,False,30.77,True,synthetic_scenario_generator,26006
2023-09-03,IND_VIZ,BULK_01,True,False,27.73,True,synthetic_scenario_generator,26006
2023-09-04,IND_VIZ,BULK_01,True,False,30.64,True,synthetic_scenario_generator,26006
2023-09-05,IND_VIZ,BULK_01,True,False,37.07,True,synthetic_scenario_generator,26006
2023-09-06,IND_VIZ,BULK_01,True,False,21.99,True,synthetic_scenario_generator,26006
2023-09-07,IND_VIZ,BULK_01,True,False,31.74,True,synthetic_scenario_generator,26006
2023-09-08,IND_VIZ,BULK_01,True,False,30.66,True,synthetic_scenario_generator,26006
2023-09-09,IND_VIZ,BULK_01,True,False,32.08,True,synthetic_scenario_generator,26006
2023-09-10,IND_VIZ,BULK_01,True,False,38.22,True,synthetic_scenario_generator,26006
2023-09-11,IND_VIZ,BULK_01,True,False,33.61,True,synthetic_scenario_generator,26006
2023-09-12,IND_VIZ,BULK_01,True,False,29.94,True,synthetic_scenario_generator,26006
2023-09-13,IND_VIZ,BULK_01,True,False,21.87,True,synthetic_scenario_generator,26006
2023-09-14,IND_VIZ,BULK_01,True,False,31.76,True,synthetic_scenario_generator,26006
2023-09-15,IND_VIZ,BULK_01,False,True,17.86,True,synthetic_scenario_generator,26006
2023-09-16,IND_VIZ,BULK_01,True,False,23.18,True,synthetic_scenario_generator,26006
2023-09-17,IND_VIZ,BULK_01,True,False,23.49,True,synthetic_scenario_generator,26006
2023-09-18,IND_VIZ,BULK_01,True,False,19.38,True,synthetic_scenario_generator,26006
2023-09-19,IND_VIZ,BULK_01,True,False,27.91,True,synthetic_scenario_generator,26006
2023-09-20,IND_VIZ,BULK_01,True,False,22.58,True,synthetic_scenario_generator,26006
2023-09-21,IND_VIZ,BULK_01,True,False,16.7,True,synthetic_scenario_generator,26006
2023-09-22,IND_VIZ,BULK_01,True,False,17.09,True,synthetic_scenario_generator,26006
2023-09-23,IND_VIZ,BULK_01,True,False,21.05,True,synthetic_scenario_generator,26006
2023-09-24,IND_VIZ,BULK_01,True,False,25.64,True,synthetic_scenario_generator,26006
2023-09-25,IND_VIZ,BULK_01,True,False,18.41,True,synthetic_scenario_generator,26006
2023-09-26,IND_VIZ,BULK_01,True,False,13.13,True,synthetic_scenario_generator,26006
2023-09-27,IND_VIZ,BULK_01,True,False,11.41,True,synthetic_scenario_generator,26006
2023-09-28,IND_VIZ,BULK_01,True,False,20.12,True,synthetic_scenario_generator,26006
2023-09-29,IND_VIZ,BULK_01,True,False,20.72,True,synthetic_scenario_generator,26006
2023-09-30,IND_VIZ,BULK_01,True,False,14.4,True,synthetic_scenario_generator,26006
2023-10-01,IND_VIZ,BULK_01,True,False,11.51,True,synthetic_scenario_generator,26006
2023-10-02,IND_VIZ,BULK_01,True,False,12.46,True,synthetic_scenario_generator,26006
2023-10-03,IND_VIZ,BULK_01,True,False,13.96,True,synthetic_scenario_generator,26006
2023-10-04,IND_VIZ,BULK_01,True,False,26.21,True,synthetic_scenario_generator,26006
2023-10-05,IND_VIZ,BULK_01,True,False,14.23,True,synthetic_scenario_generator,26006
2023-10-06,IND_VIZ,BULK_01,True,False,16.37,True,synthetic_scenario_generator,26006
2023-10-07,IND_VIZ,BULK_01,True,False,14.64,True,synthetic_scenario_generator,26006
2023-10-08,IND_VIZ,BULK_01,True,False,26.13,True,synthetic_scenario_generator,26006
2023-10-09,IND_VIZ,BULK_01,True,False,18.64,True,synthetic_scenario_generator,26006
2023-10-10,IND_VIZ,BULK_01,True,False,20.04,True,synthetic_scenario_generator,26006
2023-10-11,IND_VIZ,BULK_01,True,False,6.71,True,synthetic_scenario_generator,26006
2023-10-12,IND_VIZ,BULK_01,True,False,21.26,True,synthetic_scenario_generator,26006
2023-10-13,IND_VIZ,BULK_01,True,False,17.15,True,synthetic_scenario_generator,26006
2023-10-14,IND_VIZ,BULK_01,True,False,24.33,True,synthetic_scenario_generator,26006
2023-10-15,IND_VIZ,BULK_01,True,False,22.49,True,synthetic_scenario_generator,26006
2023-10-16,IND_VIZ,BULK_01,True,False,17.51,True,synthetic_scenario_generator,26006
2023-10-17,IND_VIZ,BULK_01,True,False,22.13,True,synthetic_scenario_generator,26006
2023-10-18,IND_VIZ,BULK_01,True,False,7.23,True,synthetic_scenario_generator,26006
2023-10-19,IND_VIZ,BULK_01,True,False,23.52,True,synthetic_scenario_generator,26006
2023-10-20,IND_VIZ,BULK_01,True,False,20.2,True,synthetic_scenario_generator,26006
2023-10-21,IND_VIZ,BULK_01,True,False,7.36,True,synthetic_scenario_generator,26006
2023-10-22,IND_VIZ,BULK_01,True,False,20.38,True,synthetic_scenario_generator,26006
2023-10-23,IND_VIZ,BULK_01,True,False,30.18,True,synthetic_scenario_generator,26006
2023-10-24,IND_VIZ,BULK_01,True,False,25.69,True,synthetic_scenario_generator,26006
2023-10-25,IND_VIZ,BULK_01,True,False,15.56,True,synthetic_scenario_generator,26006
2023-10-26,IND_VIZ,BULK_01,True,False,29.41,True,synthetic_scenario_generator,26006
2023-10-27,IND_VIZ,BULK_01,True,False,19.4,True,synthetic_scenario_generator,26006
2023-10-28,IND_VIZ,BULK_01,True,False,21.07,True,synthetic_scenario_generator,26006
2023-10-29,IND_VIZ,BULK_01,True,False,23.47,True,synthetic_scenario_generator,26006
2023-10-30,IND_VIZ,BULK_01,True,False,35.97,True,synthetic_scenario_generator,26006
2023-10-31,IND_VIZ,BULK_01,True,False,27.0,True,synthetic_scenario_generator,26006
2023-11-01,IND_VIZ,BULK_01,True,False,27.49,True,synthetic_scenario_generator,26006
2023-11-02,IND_VIZ,BULK_01,True,False,21.29,True,synthetic_scenario_generator,26006
2023-11-03,IND_VIZ,BULK_01,True,False,25.16,True,synthetic_scenario_generator,26006
2023-11-04,IND_VIZ,BULK_01,True,False,20.45,True,synthetic_scenario_generator,26006
2023-11-05,IND_VIZ,BULK_01,True,False,32.9,True,synthetic_scenario_generator,26006
2023-11-06,IND_VIZ,BULK_01,True,False,37.11,True,synthetic_scenario_generator,26006
2023-11-07,IND_VIZ,BULK_01,True,False,38.84,True,synthetic_scenario_generator,26006
2023-11-08,IND_VIZ,BULK_01,True,False,36.94,True,synthetic_scenario_generator,26006
2023-11-09,IND_VIZ,BULK_01,True,False,30.95,True,synthetic_scenario_generator,26006
2023-11-10,IND_VIZ,BULK_01,True,False,26.81,True,synthetic_scenario_generator,26006
2023-11-11,IND_VIZ,BULK_01,True,False,21.95,True,synthetic_scenario_generator,26006
2023-11-12,IND_VIZ,BULK_01,True,False,35.18,True,synthetic_scenario_generator,26006
2023-11-13,IND_VIZ,BULK_01,True,False,26.51,True,synthetic_scenario_generator,26006
2023-11-14,IND_VIZ,BULK_01,True,False,31.64,True,synthetic_scenario_generator,26006
2023-11-15,IND_VIZ,BULK_01,True,False,31.58,True,synthetic_scenario_generator,26006
2023-11-16,IND_VIZ,BULK_01,True,False,34.56,True,synthetic_scenario_generator,26006
2023-11-17,IND_VIZ,BULK_01,True,False,25.67,True,synthetic_scenario_generator,26006
2023-11-18,IND_VIZ,BULK_01,True,False,37.63,True,synthetic_scenario_generator,26006
2023-11-19,IND_VIZ,BULK_01,True,False,32.52,True,synthetic_scenario_generator,26006
2023-11-20,IND_VIZ,BULK_01,True,False,29.75,True,synthetic_scenario_generator,26006
2023-11-21,IND_VIZ,BULK_01,True,False,44.55,True,synthetic_scenario_generator,26006
2023-11-22,IND_VIZ,BULK_01,True,False,38.38,True,synthetic_scenario_generator,26006
2023-11-23,IND_VIZ,BULK_01,True,False,34.97,True,synthetic_scenario_generator,26006
2023-11-24,IND_VIZ,BULK_01,True,False,34.35,True,synthetic_scenario_generator,26006
2023-11-25,IND_VIZ,BULK_01,True,False,24.85,True,synthetic_scenario_generator,26006
2023-11-26,IND_VIZ,BULK_01,True,False,28.65,True,synthetic_scenario_generator,26006
2023-11-27,IND_VIZ,BULK_01,True,False,26.5,True,synthetic_scenario_generator,26006
2023-11-28,IND_VIZ,BULK_01,True,False,26.9,True,synthetic_scenario_generator,26006
2023-11-29,IND_VIZ,BULK_01,True,False,33.02,True,synthetic_scenario_generator,26006
2023-11-30,IND_VIZ,BULK_01,True,False,29.85,True,synthetic_scenario_generator,26006
2023-12-01,IND_VIZ,BULK_01,True,False,19.26,True,synthetic_scenario_generator,26006
2023-12-02,IND_VIZ,BULK_01,True,False,33.75,True,synthetic_scenario_generator,26006
2023-12-03,IND_VIZ,BULK_01,True,False,22.87,True,synthetic_scenario_generator,26006
2023-12-04,IND_VIZ,BULK_01,True,False,32.14,True,synthetic_scenario_generator,26006
2023-12-05,IND_VIZ,BULK_01,True,False,25.46,True,synthetic_scenario_generator,26006
2023-12-06,IND_VIZ,BULK_01,True,False,29.87,True,synthetic_scenario_generator,26006
2023-12-07,IND_VIZ,BULK_01,True,False,34.39,True,synthetic_scenario_generator,26006
2023-12-08,IND_VIZ,BULK_01,True,False,19.27,True,synthetic_scenario_generator,26006
2023-12-09,IND_VIZ,BULK_01,True,False,27.48,True,synthetic_scenario_generator,26006
2023-12-10,IND_VIZ,BULK_01,True,False,18.95,True,synthetic_scenario_generator,26006
2023-12-11,IND_VIZ,BULK_01,True,False,17.02,True,synthetic_scenario_generator,26006
2023-12-12,IND_VIZ,BULK_01,True,False,17.11,True,synthetic_scenario_generator,26006
2023-12-13,IND_VIZ,BULK_01,True,False,21.15,True,synthetic_scenario_generator,26006
2023-12-14,IND_VIZ,BULK_01,True,False,18.34,True,synthetic_scenario_generator,26006
2023-12-15,IND_VIZ,BULK_01,True,False,34.75,True,synthetic_scenario_generator,26006
2023-12-16,IND_VIZ,BULK_01,True,False,23.03,True,synthetic_scenario_generator,26006
2023-12-17,IND_VIZ,BULK_01,True,False,17.72,True,synthetic_scenario_generator,26006
2023-12-18,IND_VIZ,BULK_01,True,False,24.9,True,synthetic_scenario_generator,26006
2023-12-19,IND_VIZ,BULK_01,True,False,14.76,True,synthetic_scenario_generator,26006
2023-12-20,IND_VIZ,BULK_01,True,False,18.71,True,synthetic_scenario_generator,26006
2023-12-21,IND_VIZ,BULK_01,True,False,23.79,True,synthetic_scenario_generator,26006
2023-12-22,IND_VIZ,BULK_01,True,False,8.94,True,synthetic_scenario_generator,26006
2023-12-23,IND_VIZ,BULK_01,True,False,12.96,True,synthetic_scenario_generator,26006
2023-12-24,IND_VIZ,BULK_01,True,False,12.08,True,synthetic_scenario_generator,26006
2023-12-25,IND_VIZ,BULK_01,True,False,15.07,True,synthetic_scenario_generator,26006
2023-12-26,IND_VIZ,BULK_01,True,False,14.75,True,synthetic_scenario_generator,26006
2023-12-27,IND_VIZ,BULK_01,True,False,14.95,True,synthetic_scenario_generator,26006
2023-12-28,IND_VIZ,BULK_01,True,False,16.85,True,synthetic_scenario_generator,26006
2023-12-29,IND_VIZ,BULK_01,True,False,9.19,True,synthetic_scenario_generator,26006
2023-12-30,IND_VIZ,BULK_01,True,False,17.84,True,synthetic_scenario_generator,26006
2023-12-31,IND_VIZ,BULK_01,True,False,17.33,True,synthetic_scenario_generator,26006
2024-01-01,IND_VIZ,BULK_01,True,False,11.09,True,synthetic_scenario_generator,26006
2024-01-02,IND_VIZ,BULK_01,True,False,15.65,True,synthetic_scenario_generator,26006
2024-01-03,IND_VIZ,BULK_01,True,False,2.0,True,synthetic_scenario_generator,26006
2024-01-04,IND_VIZ,BULK_01,True,False,17.76,True,synthetic_scenario_generator,26006
2024-01-05,IND_VIZ,BULK_01,True,False,9.16,True,synthetic_scenario_generator,26006
2024-01-06,IND_VIZ,BULK_01,True,False,20.83,True,synthetic_scenario_generator,26006
2024-01-07,IND_VIZ,BULK_01,True,False,22.81,True,synthetic_scenario_generator,26006
2024-01-08,IND_VIZ,BULK_01,True,False,5.26,True,synthetic_scenario_generator,26006
2024-01-09,IND_VIZ,BULK_01,True,False,23.53,True,synthetic_scenario_generator,26006
2024-01-10,IND_VIZ,BULK_01,True,False,13.07,True,synthetic_scenario_generator,26006
2024-01-11,IND_VIZ,BULK_01,True,False,20.75,True,synthetic_scenario_generator,26006
2024-01-12,IND_VIZ,BULK_01,True,False,19.17,True,synthetic_scenario_generator,26006
2024-01-13,IND_VIZ,BULK_01,True,False,15.25,True,synthetic_scenario_generator,26006
2024-01-14,IND_VIZ,BULK_01,True,False,13.4,True,synthetic_scenario_generator,26006
2024-01-15,IND_VIZ,BULK_01,True,False,12.45,True,synthetic_scenario_generator,26006
2024-01-16,IND_VIZ,BULK_01,True,False,16.31,True,synthetic_scenario_generator,26006
2024-01-17,IND_VIZ,BULK_01,True,False,20.23,True,synthetic_scenario_generator,26006
2024-01-18,IND_VIZ,BULK_01,True,False,29.14,True,synthetic_scenario_generator,26006
2024-01-19,IND_VIZ,BULK_01,True,False,21.44,True,synthetic_scenario_generator,26006
2024-01-20,IND_VIZ,BULK_01,True,False,19.17,True,synthetic_scenario_generator,26006
2024-01-21,IND_VIZ,BULK_01,True,False,17.6,True,synthetic_scenario_generator,26006
2024-01-22,IND_VIZ,BULK_01,True,False,20.48,True,synthetic_scenario_generator,26006
2024-01-23,IND_VIZ,BULK_01,True,False,19.84,True,synthetic_scenario_generator,26006
2024-01-24,IND_VIZ,BULK_01,True,False,24.48,True,synthetic_scenario_generator,26006
2024-01-25,IND_VIZ,BULK_01,True,False,18.94,True,synthetic_scenario_generator,26006
2024-01-26,IND_VIZ,BULK_01,True,False,15.28,True,synthetic_scenario_generator,26006
2024-01-27,IND_VIZ,BULK_01,True,False,24.23,True,synthetic_scenario_generator,26006
2024-01-28,IND_VIZ,BULK_01,True,False,16.93,True,synthetic_scenario_generator,26006
2024-01-29,IND_VIZ,BULK_01,True,False,24.49,True,synthetic_scenario_generator,26006
2024-01-30,IND_VIZ,BULK_01,True,False,33.41,True,synthetic_scenario_generator,26006
2024-01-31,IND_VIZ,BULK_01,True,False,32.33,True,synthetic_scenario_generator,26006
2024-02-01,IND_VIZ,BULK_01,True,False,24.7,True,synthetic_scenario_generator,26006
2024-02-02,IND_VIZ,BULK_01,True,False,24.35,True,synthetic_scenario_generator,26006
2024-02-03,IND_VIZ,BULK_01,True,False,26.62,True,synthetic_scenario_generator,26006
2024-02-04,IND_VIZ,BULK_01,True,False,29.57,True,synthetic_scenario_generator,26006
2024-02-05,IND_VIZ,BULK_01,True,False,18.96,True,synthetic_scenario_generator,26006
2024-02-06,IND_VIZ,BULK_01,True,False,30.07,True,synthetic_scenario_generator,26006
2024-02-07,IND_VIZ,BULK_01,True,False,31.33,True,synthetic_scenario_generator,26006
2024-02-08,IND_VIZ,BULK_01,True,False,28.32,True,synthetic_scenario_generator,26006
2024-02-09,IND_VIZ,BULK_01,True,False,35.24,True,synthetic_scenario_generator,26006
2024-02-10,IND_VIZ,BULK_01,True,False,23.33,True,synthetic_scenario_generator,26006
2024-02-11,IND_VIZ,BULK_01,True,False,26.8,True,synthetic_scenario_generator,26006
2024-02-12,IND_VIZ,BULK_01,True,False,34.27,True,synthetic_scenario_generator,26006
2024-02-13,IND_VIZ,BULK_01,True,False,23.83,True,synthetic_scenario_generator,26006
2024-02-14,IND_VIZ,BULK_01,True,False,33.14,True,synthetic_scenario_generator,26006
2024-02-15,IND_VIZ,BULK_01,True,False,28.36,True,synthetic_scenario_generator,26006
2024-02-16,IND_VIZ,BULK_01,True,False,35.81,True,synthetic_scenario_generator,26006
2024-02-17,IND_VIZ,BULK_01,True,False,24.83,True,synthetic_scenario_generator,26006
2024-02-18,IND_VIZ,BULK_01,True,False,34.11,True,synthetic_scenario_generator,26006
2024-02-19,IND_VIZ,BULK_01,True,False,22.72,True,synthetic_scenario_generator,26006
2024-02-20,IND_VIZ,BULK_01,True,False,36.56,True,synthetic_scenario_generator,26006
2024-02-21,IND_VIZ,BULK_01,True,False,28.75,True,synthetic_scenario_generator,26006
2024-02-22,IND_VIZ,BULK_01,True,False,25.91,True,synthetic_scenario_generator,26006
2024-02-23,IND_VIZ,BULK_01,True,False,29.24,True,synthetic_scenario_generator,26006
2024-02-24,IND_VIZ,BULK_01,True,False,31.82,True,synthetic_scenario_generator,26006
2024-02-25,IND_VIZ,BULK_01,True,False,34.28,True,synthetic_scenario_generator,26006
2024-02-26,IND_VIZ,BULK_01,True,False,30.9,True,synthetic_scenario_generator,26006
2024-02-27,IND_VIZ,BULK_01,True,False,20.4,True,synthetic_scenario_generator,26006
2024-02-28,IND_VIZ,BULK_01,True,False,22.34,True,synthetic_scenario_generator,26006
2024-02-29,IND_VIZ,BULK_01,True,False,23.0,True,synthetic_scenario_generator,26006
2024-03-01,IND_VIZ,BULK_01,True,False,36.61,True,synthetic_scenario_generator,26006
2024-03-02,IND_VIZ,BULK_01,True,False,26.99,True,synthetic_scenario_generator,26006
2024-03-03,IND_VIZ,BULK_01,True,False,23.15,True,synthetic_scenario_generator,26006
2024-03-04,IND_VIZ,BULK_01,True,False,28.98,True,synthetic_scenario_generator,26006
2024-03-05,IND_VIZ,BULK_01,True,False,23.86,True,synthetic_scenario_generator,26006
2024-03-06,IND_VIZ,BULK_01,True,False,17.08,True,synthetic_scenario_generator,26006
2024-03-07,IND_VIZ,BULK_01,True,False,25.34,True,synthetic_scenario_generator,26006
2024-03-08,IND_VIZ,BULK_01,True,False,19.48,True,synthetic_scenario_generator,26006
2024-03-09,IND_VIZ,BULK_01,True,False,13.03,True,synthetic_scenario_generator,26006
2024-03-10,IND_VIZ,BULK_01,True,False,25.84,True,synthetic_scenario_generator,26006
2024-03-11,IND_VIZ,BULK_01,True,False,24.71,True,synthetic_scenario_generator,26006
2024-03-12,IND_VIZ,BULK_01,True,False,24.14,True,synthetic_scenario_generator,26006
2024-03-13,IND_VIZ,BULK_01,True,False,25.72,True,synthetic_scenario_generator,26006
2024-03-14,IND_VIZ,BULK_01,True,False,28.12,True,synthetic_scenario_generator,26006
2024-03-15,IND_VIZ,BULK_01,False,True,23.75,True,synthetic_scenario_generator,26006
2024-03-16,IND_VIZ,BULK_01,True,False,13.39,True,synthetic_scenario_generator,26006
2024-03-17,IND_VIZ,BULK_01,True,False,24.24,True,synthetic_scenario_generator,26006
2024-03-18,IND_VIZ,BULK_01,True,False,16.35,True,synthetic_scenario_generator,26006
2024-03-19,IND_VIZ,BULK_01,True,False,9.79,True,synthetic_scenario_generator,26006
2024-03-20,IND_VIZ,BULK_01,True,False,13.01,True,synthetic_scenario_generator,26006
2024-03-21,IND_VIZ,BULK_01,True,False,7.54,True,synthetic_scenario_generator,26006
2024-03-22,IND_VIZ,BULK_01,True,False,5.33,True,synthetic_scenario_generator,26006
2024-03-23,IND_VIZ,BULK_01,True,False,19.15,True,synthetic_scenario_generator,26006
2024-03-24,IND_VIZ,BULK_01,True,False,10.73,True,synthetic_scenario_generator,26006
2024-03-25,IND_VIZ,BULK_01,True,False,8.3,True,synthetic_scenario_generator,26006
2024-03-26,IND_VIZ,BULK_01,True,False,18.87,True,synthetic_scenario_generator,26006
2024-03-27,IND_VIZ,BULK_01,True,False,13.86,True,synthetic_scenario_generator,26006
2024-03-28,IND_VIZ,BULK_01,True,False,5.37,True,synthetic_scenario_generator,26006
2024-03-29,IND_VIZ,BULK_01,True,False,9.79,True,synthetic_scenario_generator,26006
2024-03-30,IND_VIZ,BULK_01,True,False,16.86,True,synthetic_scenario_generator,26006
2024-03-31,IND_VIZ,BULK_01,True,False,5.59,True,synthetic_scenario_generator,26006
2024-04-01,IND_VIZ,BULK_01,True,False,14.84,True,synthetic_scenario_generator,26006
2024-04-02,IND_VIZ,BULK_01,True,False,15.86,True,synthetic_scenario_generator,26006
2024-04-03,IND_VIZ,BULK_01,True,False,8.92,True,synthetic_scenario_generator,26006
2024-04-04,IND_VIZ,BULK_01,True,False,19.92,True,synthetic_scenario_generator,26006
2024-04-05,IND_VIZ,BULK_01,True,False,13.1,True,synthetic_scenario_generator,26006
2024-04-06,IND_VIZ,BULK_01,True,False,8.98,True,synthetic_scenario_generator,26006
2024-04-07,IND_VIZ,BULK_01,True,False,16.17,True,synthetic_scenario_generator,26006
2024-04-08,IND_VIZ,BULK_01,True,False,13.89,True,synthetic_scenario_generator,26006
2024-04-09,IND_VIZ,BULK_01,True,False,14.61,True,synthetic_scenario_generator,26006
2024-04-10,IND_VIZ,BULK_01,True,False,12.76,True,synthetic_scenario_generator,26006
2024-04-11,IND_VIZ,BULK_01,True,False,18.95,True,synthetic_scenario_generator,26006
2024-04-12,IND_VIZ,BULK_01,True,False,16.08,True,synthetic_scenario_generator,26006
2024-04-13,IND_VIZ,BULK_01,True,False,18.17,True,synthetic_scenario_generator,26006
2024-04-14,IND_VIZ,BULK_01,True,False,22.46,True,synthetic_scenario_generator,26006
2024-04-15,IND_VIZ,BULK_01,True,False,13.45,True,synthetic_scenario_generator,26006
2024-04-16,IND_VIZ,BULK_01,True,False,13.83,True,synthetic_scenario_generator,26006
2024-04-17,IND_VIZ,BULK_01,True,False,17.96,True,synthetic_scenario_generator,26006
2024-04-18,IND_VIZ,BULK_01,True,False,26.62,True,synthetic_scenario_generator,26006
2024-04-19,IND_VIZ,BULK_01,True,False,16.93,True,synthetic_scenario_generator,26006
2024-04-20,IND_VIZ,BULK_01,True,False,15.23,True,synthetic_scenario_generator,26006
2024-04-21,IND_VIZ,BULK_01,True,False,23.26,True,synthetic_scenario_generator,26006
2024-04-22,IND_VIZ,BULK_01,True,False,30.97,True,synthetic_scenario_generator,26006
2024-04-23,IND_VIZ,BULK_01,True,False,29.51,True,synthetic_scenario_generator,26006
2024-04-24,IND_VIZ,BULK_01,True,False,31.84,True,synthetic_scenario_generator,26006
2024-04-25,IND_VIZ,BULK_01,True,False,26.83,True,synthetic_scenario_generator,26006
2024-04-26,IND_VIZ,BULK_01,True,False,27.93,True,synthetic_scenario_generator,26006
2024-04-27,IND_VIZ,BULK_01,True,False,24.75,True,synthetic_scenario_generator,26006
2024-04-28,IND_VIZ,BULK_01,True,False,27.41,True,synthetic_scenario_generator,26006
2024-04-29,IND_VIZ,BULK_01,True,False,30.3,True,synthetic_scenario_generator,26006
2024-04-30,IND_VIZ,BULK_01,True,False,26.58,True,synthetic_scenario_generator,26006
2024-05-01,IND_VIZ,BULK_01,True,False,27.29,True,synthetic_scenario_generator,26006
2024-05-02,IND_VIZ,BULK_01,True,False,28.08,True,synthetic_scenario_generator,26006
2024-05-03,IND_VIZ,BULK_01,True,False,28.43,True,synthetic_scenario_generator,26006
2024-05-04,IND_VIZ,BULK_01,True,False,29.87,True,synthetic_scenario_generator,26006
2024-05-05,IND_VIZ,BULK_01,True,False,26.22,True,synthetic_scenario_generator,26006
2024-05-06,IND_VIZ,BULK_01,True,False,27.76,True,synthetic_scenario_generator,26006
2024-05-07,IND_VIZ,BULK_01,True,False,41.52,True,synthetic_scenario_generator,26006
2024-05-08,IND_VIZ,BULK_01,True,False,35.61,True,synthetic_scenario_generator,26006
2024-05-09,IND_VIZ,BULK_01,True,False,40.45,True,synthetic_scenario_generator,26006
2024-05-10,IND_VIZ,BULK_01,True,False,34.53,True,synthetic_scenario_generator,26006
2024-05-11,IND_VIZ,BULK_01,True,False,32.82,True,synthetic_scenario_generator,26006
2024-05-12,IND_VIZ,BULK_01,True,False,28.9,True,synthetic_scenario_generator,26006
2024-05-13,IND_VIZ,BULK_01,True,False,31.13,True,synthetic_scenario_generator,26006
2024-05-14,IND_VIZ,BULK_01,True,False,21.59,True,synthetic_scenario_generator,26006
2024-05-15,IND_VIZ,BULK_01,True,False,24.38,True,synthetic_scenario_generator,26006
2024-05-16,IND_VIZ,BULK_01,True,False,32.86,True,synthetic_scenario_generator,26006
2024-05-17,IND_VIZ,BULK_01,True,False,31.38,True,synthetic_scenario_generator,26006
2024-05-18,IND_VIZ,BULK_01,True,False,24.57,True,synthetic_scenario_generator,26006
2024-05-19,IND_VIZ,BULK_01,True,False,21.54,True,synthetic_scenario_generator,26006
2024-05-20,IND_VIZ,BULK_01,True,False,26.58,True,synthetic_scenario_generator,26006
2024-05-21,IND_VIZ,BULK_01,True,False,30.28,True,synthetic_scenario_generator,26006
2024-05-22,IND_VIZ,BULK_01,True,False,18.77,True,synthetic_scenario_generator,26006
2024-05-23,IND_VIZ,BULK_01,True,False,30.7,True,synthetic_scenario_generator,26006
2024-05-24,IND_VIZ,BULK_01,True,False,25.72,True,synthetic_scenario_generator,26006
2024-05-25,IND_VIZ,BULK_01,True,False,23.02,True,synthetic_scenario_generator,26006
2024-05-26,IND_VIZ,BULK_01,True,False,22.17,True,synthetic_scenario_generator,26006
2024-05-27,IND_VIZ,BULK_01,True,False,26.59,True,synthetic_scenario_generator,26006
2024-05-28,IND_VIZ,BULK_01,True,False,26.28,True,synthetic_scenario_generator,26006
2024-05-29,IND_VIZ,BULK_01,True,False,19.39,True,synthetic_scenario_generator,26006
2024-05-30,IND_VIZ,BULK_01,True,False,28.35,True,synthetic_scenario_generator,26006
2024-05-31,IND_VIZ,BULK_01,True,False,23.52,True,synthetic_scenario_generator,26006
2024-06-01,IND_VIZ,BULK_01,True,False,27.3,True,synthetic_scenario_generator,26006
2024-06-02,IND_VIZ,BULK_01,True,False,32.27,True,synthetic_scenario_generator,26006
2024-06-03,IND_VIZ,BULK_01,True,False,30.07,True,synthetic_scenario_generator,26006
2024-06-04,IND_VIZ,BULK_01,True,False,32.0,True,synthetic_scenario_generator,26006
2024-06-05,IND_VIZ,BULK_01,True,False,37.45,True,synthetic_scenario_generator,26006
2024-06-06,IND_VIZ,BULK_01,True,False,28.93,True,synthetic_scenario_generator,26006
2024-06-07,IND_VIZ,BULK_01,True,False,26.26,True,synthetic_scenario_generator,26006
2024-06-08,IND_VIZ,BULK_01,True,False,25.06,True,synthetic_scenario_generator,26006
2024-06-09,IND_VIZ,BULK_01,True,False,32.97,True,synthetic_scenario_generator,26006
2024-06-10,IND_VIZ,BULK_01,True,False,30.46,True,synthetic_scenario_generator,26006
2024-06-11,IND_VIZ,BULK_01,True,False,24.49,True,synthetic_scenario_generator,26006
2024-06-12,IND_VIZ,BULK_01,True,False,27.35,True,synthetic_scenario_generator,26006
2024-06-13,IND_VIZ,BULK_01,True,False,27.07,True,synthetic_scenario_generator,26006
2024-06-14,IND_VIZ,BULK_01,True,False,33.15,True,synthetic_scenario_generator,26006
2024-06-15,IND_VIZ,BULK_01,True,False,20.1,True,synthetic_scenario_generator,26006
2024-06-16,IND_VIZ,BULK_01,True,False,11.74,True,synthetic_scenario_generator,26006
2024-06-17,IND_VIZ,BULK_01,True,False,18.22,True,synthetic_scenario_generator,26006
2024-06-18,IND_VIZ,BULK_01,True,False,23.98,True,synthetic_scenario_generator,26006
2024-06-19,IND_VIZ,BULK_01,True,False,29.47,True,synthetic_scenario_generator,26006
2024-06-20,IND_VIZ,BULK_01,True,False,25.69,True,synthetic_scenario_generator,26006
2024-06-21,IND_VIZ,BULK_01,True,False,19.76,True,synthetic_scenario_generator,26006
2024-06-22,IND_VIZ,BULK_01,True,False,16.44,True,synthetic_scenario_generator,26006
2024-06-23,IND_VIZ,BULK_01,True,False,17.2,True,synthetic_scenario_generator,26006
2024-06-24,IND_VIZ,BULK_01,True,False,23.9,True,synthetic_scenario_generator,26006
2024-06-25,IND_VIZ,BULK_01,True,False,22.98,True,synthetic_scenario_generator,26006
2024-06-26,IND_VIZ,BULK_01,True,False,27.88,True,synthetic_scenario_generator,26006
2024-06-27,IND_VIZ,BULK_01,True,False,19.13,True,synthetic_scenario_generator,26006
2024-06-28,IND_VIZ,BULK_01,True,False,15.85,True,synthetic_scenario_generator,26006
2024-06-29,IND_VIZ,BULK_01,True,False,14.15,True,synthetic_scenario_generator,26006
2024-06-30,IND_VIZ,BULK_01,True,False,16.69,True,synthetic_scenario_generator,26006
2024-07-01,IND_VIZ,BULK_01,True,False,7.9,True,synthetic_scenario_generator,26006
2024-07-02,IND_VIZ,BULK_01,True,False,10.41,True,synthetic_scenario_generator,26006
2024-07-03,IND_VIZ,BULK_01,True,False,18.99,True,synthetic_scenario_generator,26006
2024-07-04,IND_VIZ,BULK_01,True,False,17.46,True,synthetic_scenario_generator,26006
2024-07-05,IND_VIZ,BULK_01,True,False,11.32,True,synthetic_scenario_generator,26006
2024-07-06,IND_VIZ,BULK_01,True,False,25.79,True,synthetic_scenario_generator,26006
2024-07-07,IND_VIZ,BULK_01,True,False,18.51,True,synthetic_scenario_generator,26006
2024-07-08,IND_VIZ,BULK_01,True,False,22.52,True,synthetic_scenario_generator,26006
2024-07-09,IND_VIZ,BULK_01,True,False,18.64,True,synthetic_scenario_generator,26006
2024-07-10,IND_VIZ,BULK_01,True,False,16.24,True,synthetic_scenario_generator,26006
2024-07-11,IND_VIZ,BULK_01,True,False,14.95,True,synthetic_scenario_generator,26006
2024-07-12,IND_VIZ,BULK_01,True,False,16.21,True,synthetic_scenario_generator,26006
2024-07-13,IND_VIZ,BULK_01,True,False,26.48,True,synthetic_scenario_generator,26006
2024-07-14,IND_VIZ,BULK_01,True,False,25.47,True,synthetic_scenario_generator,26006
2024-07-15,IND_VIZ,BULK_01,True,False,22.48,True,synthetic_scenario_generator,26006
2024-07-16,IND_VIZ,BULK_01,True,False,21.51,True,synthetic_scenario_generator,26006
2024-07-17,IND_VIZ,BULK_01,True,False,14.38,True,synthetic_scenario_generator,26006
2024-07-18,IND_VIZ,BULK_01,True,False,23.66,True,synthetic_scenario_generator,26006
2024-07-19,IND_VIZ,BULK_01,True,False,18.58,True,synthetic_scenario_generator,26006
2024-07-20,IND_VIZ,BULK_01,True,False,35.97,True,synthetic_scenario_generator,26006
2024-07-21,IND_VIZ,BULK_01,True,False,13.63,True,synthetic_scenario_generator,26006
2024-07-22,IND_VIZ,BULK_01,True,False,28.63,True,synthetic_scenario_generator,26006
2024-07-23,IND_VIZ,BULK_01,True,False,27.74,True,synthetic_scenario_generator,26006
2024-07-24,IND_VIZ,BULK_01,True,False,22.91,True,synthetic_scenario_generator,26006
2024-07-25,IND_VIZ,BULK_01,True,False,38.7,True,synthetic_scenario_generator,26006
2024-07-26,IND_VIZ,BULK_01,True,False,21.34,True,synthetic_scenario_generator,26006
2024-07-27,IND_VIZ,BULK_01,True,False,40.11,True,synthetic_scenario_generator,26006
2024-07-28,IND_VIZ,BULK_01,True,False,13.97,True,synthetic_scenario_generator,26006
2024-07-29,IND_VIZ,BULK_01,True,False,34.63,True,synthetic_scenario_generator,26006
2024-07-30,IND_VIZ,BULK_01,True,False,36.7,True,synthetic_scenario_generator,26006
2024-07-31,IND_VIZ,BULK_01,True,False,36.57,True,synthetic_scenario_generator,26006
2024-08-01,IND_VIZ,BULK_01,True,False,27.59,True,synthetic_scenario_generator,26006
2024-08-02,IND_VIZ,BULK_01,True,False,33.29,True,synthetic_scenario_generator,26006
2024-08-03,IND_VIZ,BULK_01,True,False,35.53,True,synthetic_scenario_generator,26006
2024-08-04,IND_VIZ,BULK_01,True,False,37.13,True,synthetic_scenario_generator,26006
2024-08-05,IND_VIZ,BULK_01,True,False,35.0,True,synthetic_scenario_generator,26006
2024-08-06,IND_VIZ,BULK_01,True,False,42.3,True,synthetic_scenario_generator,26006
2024-08-07,IND_VIZ,BULK_01,True,False,32.32,True,synthetic_scenario_generator,26006
2024-08-08,IND_VIZ,BULK_01,True,False,38.69,True,synthetic_scenario_generator,26006
2024-08-09,IND_VIZ,BULK_01,True,False,37.36,True,synthetic_scenario_generator,26006
2024-08-10,IND_VIZ,BULK_01,True,False,35.94,True,synthetic_scenario_generator,26006
2024-08-11,IND_VIZ,BULK_01,True,False,26.75,True,synthetic_scenario_generator,26006
2024-08-12,IND_VIZ,BULK_01,True,False,34.54,True,synthetic_scenario_generator,26006
2024-08-13,IND_VIZ,BULK_01,True,False,31.4,True,synthetic_scenario_generator,26006
2024-08-14,IND_VIZ,BULK_01,True,False,45.6,True,synthetic_scenario_generator,26006
2024-08-15,IND_VIZ,BULK_01,True,False,42.48,True,synthetic_scenario_generator,26006
2024-08-16,IND_VIZ,BULK_01,True,False,34.47,True,synthetic_scenario_generator,26006
2024-08-17,IND_VIZ,BULK_01,True,False,30.67,True,synthetic_scenario_generator,26006
2024-08-18,IND_VIZ,BULK_01,True,False,37.23,True,synthetic_scenario_generator,26006
2024-08-19,IND_VIZ,BULK_01,True,False,36.34,True,synthetic_scenario_generator,26006
2024-08-20,IND_VIZ,BULK_01,True,False,34.2,True,synthetic_scenario_generator,26006
2024-08-21,IND_VIZ,BULK_01,True,False,44.19,True,synthetic_scenario_generator,26006
2024-08-22,IND_VIZ,BULK_01,True,False,33.75,True,synthetic_scenario_generator,26006
2024-08-23,IND_VIZ,BULK_01,True,False,34.28,True,synthetic_scenario_generator,26006
2024-08-24,IND_VIZ,BULK_01,True,False,34.16,True,synthetic_scenario_generator,26006
2024-08-25,IND_VIZ,BULK_01,True,False,24.85,True,synthetic_scenario_generator,26006
2024-08-26,IND_VIZ,BULK_01,True,False,27.21,True,synthetic_scenario_generator,26006
2024-08-27,IND_VIZ,BULK_01,True,False,34.05,True,synthetic_scenario_generator,26006
2024-08-28,IND_VIZ,BULK_01,True,False,31.83,True,synthetic_scenario_generator,26006
2024-08-29,IND_VIZ,BULK_01,True,False,35.18,True,synthetic_scenario_generator,26006
2024-08-30,IND_VIZ,BULK_01,True,False,33.63,True,synthetic_scenario_generator,26006
2024-08-31,IND_VIZ,BULK_01,True,False,31.45,True,synthetic_scenario_generator,26006
2024-09-01,IND_VIZ,BULK_01,True,False,39.36,True,synthetic_scenario_generator,26006
2024-09-02,IND_VIZ,BULK_01,True,False,28.54,True,synthetic_scenario_generator,26006
2024-09-03,IND_VIZ,BULK_01,True,False,34.36,True,synthetic_scenario_generator,26006
2024-09-04,IND_VIZ,BULK_01,True,False,26.79,True,synthetic_scenario_generator,26006
2024-09-05,IND_VIZ,BULK_01,True,False,32.51,True,synthetic_scenario_generator,26006
2024-09-06,IND_VIZ,BULK_01,True,False,16.35,True,synthetic_scenario_generator,26006
2024-09-07,IND_VIZ,BULK_01,True,False,31.28,True,synthetic_scenario_generator,26006
2024-09-08,IND_VIZ,BULK_01,True,False,31.52,True,synthetic_scenario_generator,26006
2024-09-09,IND_VIZ,BULK_01,True,False,24.48,True,synthetic_scenario_generator,26006
2024-09-10,IND_VIZ,BULK_01,True,False,32.35,True,synthetic_scenario_generator,26006
2024-09-11,IND_VIZ,BULK_01,True,False,28.17,True,synthetic_scenario_generator,26006
2024-09-12,IND_VIZ,BULK_01,True,False,21.2,True,synthetic_scenario_generator,26006
2024-09-13,IND_VIZ,BULK_01,True,False,22.16,True,synthetic_scenario_generator,26006
2024-09-14,IND_VIZ,BULK_01,True,False,21.87,True,synthetic_scenario_generator,26006
2024-09-15,IND_VIZ,BULK_01,False,True,19.48,True,synthetic_scenario_generator,26006
2024-09-16,IND_VIZ,BULK_01,True,False,21.56,True,synthetic_scenario_generator,26006
2024-09-17,IND_VIZ,BULK_01,True,False,20.19,True,synthetic_scenario_generator,26006
2024-09-18,IND_VIZ,BULK_01,True,False,22.24,True,synthetic_scenario_generator,26006
2024-09-19,IND_VIZ,BULK_01,True,False,5.37,True,synthetic_scenario_generator,26006
2024-09-20,IND_VIZ,BULK_01,True,False,16.28,True,synthetic_scenario_generator,26006
2024-09-21,IND_VIZ,BULK_01,True,False,9.07,True,synthetic_scenario_generator,26006
2024-09-22,IND_VIZ,BULK_01,True,False,17.57,True,synthetic_scenario_generator,26006
2024-09-23,IND_VIZ,BULK_01,True,False,14.91,True,synthetic_scenario_generator,26006
2024-09-24,IND_VIZ,BULK_01,True,False,16.58,True,synthetic_scenario_generator,26006
2024-09-25,IND_VIZ,BULK_01,True,False,24.52,True,synthetic_scenario_generator,26006
2024-09-26,IND_VIZ,BULK_01,True,False,19.02,True,synthetic_scenario_generator,26006
2024-09-27,IND_VIZ,BULK_01,True,False,24.0,True,synthetic_scenario_generator,26006
2024-09-28,IND_VIZ,BULK_01,True,False,30.14,True,synthetic_scenario_generator,26006
2024-09-29,IND_VIZ,BULK_01,True,False,24.33,True,synthetic_scenario_generator,26006
2024-09-30,IND_VIZ,BULK_01,True,False,7.34,True,synthetic_scenario_generator,26006
2024-10-01,IND_VIZ,BULK_01,True,False,17.3,True,synthetic_scenario_generator,26006
2024-10-02,IND_VIZ,BULK_01,True,False,28.29,True,synthetic_scenario_generator,26006
2024-10-03,IND_VIZ,BULK_01,True,False,17.46,True,synthetic_scenario_generator,26006
2024-10-04,IND_VIZ,BULK_01,True,False,18.15,True,synthetic_scenario_generator,26006
2024-10-05,IND_VIZ,BULK_01,True,False,25.72,True,synthetic_scenario_generator,26006
2024-10-06,IND_VIZ,BULK_01,True,False,15.43,True,synthetic_scenario_generator,26006
2024-10-07,IND_VIZ,BULK_01,True,False,18.94,True,synthetic_scenario_generator,26006
2024-10-08,IND_VIZ,BULK_01,True,False,6.62,True,synthetic_scenario_generator,26006
2024-10-09,IND_VIZ,BULK_01,True,False,29.33,True,synthetic_scenario_generator,26006
2024-10-10,IND_VIZ,BULK_01,True,False,18.38,True,synthetic_scenario_generator,26006
2024-10-11,IND_VIZ,BULK_01,True,False,22.14,True,synthetic_scenario_generator,26006
2024-10-12,IND_VIZ,BULK_01,True,False,10.04,True,synthetic_scenario_generator,26006
2024-10-13,IND_VIZ,BULK_01,True,False,27.28,True,synthetic_scenario_generator,26006
2024-10-14,IND_VIZ,BULK_01,True,False,16.53,True,synthetic_scenario_generator,26006
2024-10-15,IND_VIZ,BULK_01,True,False,23.82,True,synthetic_scenario_generator,26006
2024-10-16,IND_VIZ,BULK_01,True,False,24.19,True,synthetic_scenario_generator,26006
2024-10-17,IND_VIZ,BULK_01,True,False,18.24,True,synthetic_scenario_generator,26006
2024-10-18,IND_VIZ,BULK_01,True,False,13.44,True,synthetic_scenario_generator,26006
2024-10-19,IND_VIZ,BULK_01,True,False,18.54,True,synthetic_scenario_generator,26006
2024-10-20,IND_VIZ,BULK_01,True,False,19.27,True,synthetic_scenario_generator,26006
2024-10-21,IND_VIZ,BULK_01,True,False,16.81,True,synthetic_scenario_generator,26006
2024-10-22,IND_VIZ,BULK_01,True,False,36.06,True,synthetic_scenario_generator,26006
2024-10-23,IND_VIZ,BULK_01,True,False,32.79,True,synthetic_scenario_generator,26006
2024-10-24,IND_VIZ,BULK_01,True,False,33.13,True,synthetic_scenario_generator,26006
2024-10-25,IND_VIZ,BULK_01,True,False,26.99,True,synthetic_scenario_generator,26006
2024-10-26,IND_VIZ,BULK_01,True,False,16.09,True,synthetic_scenario_generator,26006
2024-10-27,IND_VIZ,BULK_01,True,False,22.64,True,synthetic_scenario_generator,26006
2024-10-28,IND_VIZ,BULK_01,True,False,41.46,True,synthetic_scenario_generator,26006
2024-10-29,IND_VIZ,BULK_01,True,False,22.86,True,synthetic_scenario_generator,26006
2024-10-30,IND_VIZ,BULK_01,True,False,31.94,True,synthetic_scenario_generator,26006
2024-10-31,IND_VIZ,BULK_01,True,False,24.53,True,synthetic_scenario_generator,26006
2024-11-01,IND_VIZ,BULK_01,True,False,33.97,True,synthetic_scenario_generator,26006
2024-11-02,IND_VIZ,BULK_01,True,False,35.57,True,synthetic_scenario_generator,26006
2024-11-03,IND_VIZ,BULK_01,True,False,29.2,True,synthetic_scenario_generator,26006
2024-11-04,IND_VIZ,BULK_01,True,False,29.32,True,synthetic_scenario_generator,26006
2024-11-05,IND_VIZ,BULK_01,True,False,37.28,True,synthetic_scenario_generator,26006
2024-11-06,IND_VIZ,BULK_01,True,False,31.38,True,synthetic_scenario_generator,26006
2024-11-07,IND_VIZ,BULK_01,True,False,27.51,True,synthetic_scenario_generator,26006
2024-11-08,IND_VIZ,BULK_01,True,False,32.18,True,synthetic_scenario_generator,26006
2024-11-09,IND_VIZ,BULK_01,True,False,32.49,True,synthetic_scenario_generator,26006
2024-11-10,IND_VIZ,BULK_01,True,False,15.81,True,synthetic_scenario_generator,26006
2024-11-11,IND_VIZ,BULK_01,True,False,33.97,True,synthetic_scenario_generator,26006
2024-11-12,IND_VIZ,BULK_01,True,False,34.92,True,synthetic_scenario_generator,26006
2024-11-13,IND_VIZ,BULK_01,True,False,26.53,True,synthetic_scenario_generator,26006
2024-11-14,IND_VIZ,BULK_01,True,False,35.18,True,synthetic_scenario_generator,26006
2024-11-15,IND_VIZ,BULK_01,True,False,35.77,True,synthetic_scenario_generator,26006
2024-11-16,IND_VIZ,BULK_01,True,False,37.56,True,synthetic_scenario_generator,26006
2024-11-17,IND_VIZ,BULK_01,True,False,36.46,True,synthetic_scenario_generator,26006
2024-11-18,IND_VIZ,BULK_01,True,False,37.0,True,synthetic_scenario_generator,26006
2024-11-19,IND_VIZ,BULK_01,True,False,40.46,True,synthetic_scenario_generator,26006
2024-11-20,IND_VIZ,BULK_01,True,False,31.23,True,synthetic_scenario_generator,26006
2024-11-21,IND_VIZ,BULK_01,True,False,33.64,True,synthetic_scenario_generator,26006
2024-11-22,IND_VIZ,BULK_01,True,False,35.99,True,synthetic_scenario_generator,26006
2024-11-23,IND_VIZ,BULK_01,True,False,38.96,True,synthetic_scenario_generator,26006
2024-11-24,IND_VIZ,BULK_01,True,False,22.63,True,synthetic_scenario_generator,26006
2024-11-25,IND_VIZ,BULK_01,True,False,25.57,True,synthetic_scenario_generator,26006
2024-11-26,IND_VIZ,BULK_01,True,False,21.73,True,synthetic_scenario_generator,26006
2024-11-27,IND_VIZ,BULK_01,True,False,18.31,True,synthetic_scenario_generator,26006
2024-11-28,IND_VIZ,BULK_01,True,False,34.36,True,synthetic_scenario_generator,26006
2024-11-29,IND_VIZ,BULK_01,True,False,23.02,True,synthetic_scenario_generator,26006
2024-11-30,IND_VIZ,BULK_01,True,False,20.42,True,synthetic_scenario_generator,26006
2024-12-01,IND_VIZ,BULK_01,True,False,31.0,True,synthetic_scenario_generator,26006
2024-12-02,IND_VIZ,BULK_01,True,False,30.68,True,synthetic_scenario_generator,26006
2024-12-03,IND_VIZ,BULK_01,True,False,26.61,True,synthetic_scenario_generator,26006
2024-12-04,IND_VIZ,BULK_01,True,False,32.98,True,synthetic_scenario_generator,26006
2024-12-05,IND_VIZ,BULK_01,True,False,24.03,True,synthetic_scenario_generator,26006
2024-12-06,IND_VIZ,BULK_01,True,False,34.02,True,synthetic_scenario_generator,26006
2024-12-07,IND_VIZ,BULK_01,True,False,25.94,True,synthetic_scenario_generator,26006
2024-12-08,IND_VIZ,BULK_01,True,False,22.96,True,synthetic_scenario_generator,26006
2024-12-09,IND_VIZ,BULK_01,True,False,23.26,True,synthetic_scenario_generator,26006
2024-12-10,IND_VIZ,BULK_01,True,False,33.7,True,synthetic_scenario_generator,26006
2024-12-11,IND_VIZ,BULK_01,True,False,14.89,True,synthetic_scenario_generator,26006
2024-12-12,IND_VIZ,BULK_01,True,False,20.53,True,synthetic_scenario_generator,26006
2024-12-13,IND_VIZ,BULK_01,True,False,12.82,True,synthetic_scenario_generator,26006
2024-12-14,IND_VIZ,BULK_01,True,False,19.2,True,synthetic_scenario_generator,26006
2024-12-15,IND_VIZ,BULK_01,True,False,28.11,True,synthetic_scenario_generator,26006
2024-12-16,IND_VIZ,BULK_01,True,False,12.66,True,synthetic_scenario_generator,26006
2024-12-17,IND_VIZ,BULK_01,True,False,13.8,True,synthetic_scenario_generator,26006
2024-12-18,IND_VIZ,BULK_01,True,False,25.49,True,synthetic_scenario_generator,26006
2024-12-19,IND_VIZ,BULK_01,True,False,14.09,True,synthetic_scenario_generator,26006
2024-12-20,IND_VIZ,BULK_01,True,False,18.96,True,synthetic_scenario_generator,26006
2024-12-21,IND_VIZ,BULK_01,True,False,10.71,True,synthetic_scenario_generator,26006
2024-12-22,IND_VIZ,BULK_01,True,False,13.97,True,synthetic_scenario_generator,26006
2024-12-23,IND_VIZ,BULK_01,True,False,12.78,True,synthetic_scenario_generator,26006
2024-12-24,IND_VIZ,BULK_01,True,False,6.54,True,synthetic_scenario_generator,26006
2024-12-25,IND_VIZ,BULK_01,True,False,12.12,True,synthetic_scenario_generator,26006
2024-12-26,IND_VIZ,BULK_01,True,False,20.09,True,synthetic_scenario_generator,26006
2024-12-27,IND_VIZ,BULK_01,True,False,20.44,True,synthetic_scenario_generator,26006
2024-12-28,IND_VIZ,BULK_01,True,False,23.47,True,synthetic_scenario_generator,26006
2024-12-29,IND_VIZ,BULK_01,True,False,13.45,True,synthetic_scenario_generator,26006
2024-12-30,IND_VIZ,BULK_01,True,False,14.33,True,synthetic_scenario_generator,26006
2024-12-31,IND_VIZ,BULK_01,True,False,17.2,True,synthetic_scenario_generator,26006
2025-01-01,IND_VIZ,BULK_01,True,False,13.74,True,synthetic_scenario_generator,26006
2025-01-02,IND_VIZ,BULK_01,True,False,14.74,True,synthetic_scenario_generator,26006
2025-01-03,IND_VIZ,BULK_01,True,False,12.33,True,synthetic_scenario_generator,26006
2025-01-04,IND_VIZ,BULK_01,True,False,14.38,True,synthetic_scenario_generator,26006
2025-01-05,IND_VIZ,BULK_01,True,False,13.91,True,synthetic_scenario_generator,26006
2025-01-06,IND_VIZ,BULK_01,True,False,3.37,True,synthetic_scenario_generator,26006
2025-01-07,IND_VIZ,BULK_01,True,False,13.12,True,synthetic_scenario_generator,26006
2025-01-08,IND_VIZ,BULK_01,True,False,14.92,True,synthetic_scenario_generator,26006
2025-01-09,IND_VIZ,BULK_01,True,False,13.92,True,synthetic_scenario_generator,26006
2025-01-10,IND_VIZ,BULK_01,True,False,17.25,True,synthetic_scenario_generator,26006
2025-01-11,IND_VIZ,BULK_01,True,False,15.63,True,synthetic_scenario_generator,26006
2025-01-12,IND_VIZ,BULK_01,True,False,16.5,True,synthetic_scenario_generator,26006
2025-01-13,IND_VIZ,BULK_01,True,False,24.05,True,synthetic_scenario_generator,26006
2025-01-14,IND_VIZ,BULK_01,True,False,29.72,True,synthetic_scenario_generator,26006
2025-01-15,IND_VIZ,BULK_01,True,False,17.58,True,synthetic_scenario_generator,26006
2025-01-16,IND_VIZ,BULK_01,True,False,14.51,True,synthetic_scenario_generator,26006
2025-01-17,IND_VIZ,BULK_01,True,False,19.93,True,synthetic_scenario_generator,26006
2025-01-18,IND_VIZ,BULK_01,True,False,17.87,True,synthetic_scenario_generator,26006
2025-01-19,IND_VIZ,BULK_01,True,False,12.52,True,synthetic_scenario_generator,26006
2025-01-20,IND_VIZ,BULK_01,True,False,23.03,True,synthetic_scenario_generator,26006
2025-01-21,IND_VIZ,BULK_01,True,False,41.86,True,synthetic_scenario_generator,26006
2025-01-22,IND_VIZ,BULK_01,True,False,24.86,True,synthetic_scenario_generator,26006
2025-01-23,IND_VIZ,BULK_01,True,False,25.68,True,synthetic_scenario_generator,26006
2025-01-24,IND_VIZ,BULK_01,True,False,28.94,True,synthetic_scenario_generator,26006
2025-01-25,IND_VIZ,BULK_01,True,False,22.5,True,synthetic_scenario_generator,26006
2025-01-26,IND_VIZ,BULK_01,True,False,25.27,True,synthetic_scenario_generator,26006
2025-01-27,IND_VIZ,BULK_01,True,False,27.93,True,synthetic_scenario_generator,26006
2025-01-28,IND_VIZ,BULK_01,True,False,32.23,True,synthetic_scenario_generator,26006
2025-01-29,IND_VIZ,BULK_01,True,False,33.39,True,synthetic_scenario_generator,26006
2025-01-30,IND_VIZ,BULK_01,True,False,37.1,True,synthetic_scenario_generator,26006
2025-01-31,IND_VIZ,BULK_01,True,False,33.25,True,synthetic_scenario_generator,26006
2025-02-01,IND_VIZ,BULK_01,True,False,30.26,True,synthetic_scenario_generator,26006
2025-02-02,IND_VIZ,BULK_01,True,False,32.55,True,synthetic_scenario_generator,26006
2025-02-03,IND_VIZ,BULK_01,True,False,33.73,True,synthetic_scenario_generator,26006
2025-02-04,IND_VIZ,BULK_01,True,False,29.91,True,synthetic_scenario_generator,26006
2025-02-05,IND_VIZ,BULK_01,True,False,34.6,True,synthetic_scenario_generator,26006
2025-02-06,IND_VIZ,BULK_01,True,False,30.97,True,synthetic_scenario_generator,26006
2025-02-07,IND_VIZ,BULK_01,True,False,37.84,True,synthetic_scenario_generator,26006
2025-02-08,IND_VIZ,BULK_01,True,False,31.05,True,synthetic_scenario_generator,26006
2025-02-09,IND_VIZ,BULK_01,True,False,23.59,True,synthetic_scenario_generator,26006
2025-02-10,IND_VIZ,BULK_01,True,False,27.35,True,synthetic_scenario_generator,26006
2025-02-11,IND_VIZ,BULK_01,True,False,33.93,True,synthetic_scenario_generator,26006
2025-02-12,IND_VIZ,BULK_01,True,False,30.65,True,synthetic_scenario_generator,26006
2025-02-13,IND_VIZ,BULK_01,True,False,31.84,True,synthetic_scenario_generator,26006
2025-02-14,IND_VIZ,BULK_01,True,False,21.33,True,synthetic_scenario_generator,26006
2025-02-15,IND_VIZ,BULK_01,True,False,33.54,True,synthetic_scenario_generator,26006
2025-02-16,IND_VIZ,BULK_01,True,False,34.06,True,synthetic_scenario_generator,26006
2025-02-17,IND_VIZ,BULK_01,True,False,31.1,True,synthetic_scenario_generator,26006
2025-02-18,IND_VIZ,BULK_01,True,False,21.56,True,synthetic_scenario_generator,26006
2025-02-19,IND_VIZ,BULK_01,True,False,30.56,True,synthetic_scenario_generator,26006
2025-02-20,IND_VIZ,BULK_01,True,False,39.26,True,synthetic_scenario_generator,26006
2025-02-21,IND_VIZ,BULK_01,True,False,30.45,True,synthetic_scenario_generator,26006
2025-02-22,IND_VIZ,BULK_01,True,False,28.06,True,synthetic_scenario_generator,26006
2025-02-23,IND_VIZ,BULK_01,True,False,30.63,True,synthetic_scenario_generator,26006
2025-02-24,IND_VIZ,BULK_01,True,False,30.11,True,synthetic_scenario_generator,26006
2025-02-25,IND_VIZ,BULK_01,True,False,29.8,True,synthetic_scenario_generator,26006
2025-02-26,IND_VIZ,BULK_01,True,False,18.74,True,synthetic_scenario_generator,26006
2025-02-27,IND_VIZ,BULK_01,True,False,25.72,True,synthetic_scenario_generator,26006
2025-02-28,IND_VIZ,BULK_01,True,False,29.7,True,synthetic_scenario_generator,26006
2025-03-01,IND_VIZ,BULK_01,True,False,24.81,True,synthetic_scenario_generator,26006
2025-03-02,IND_VIZ,BULK_01,True,False,30.89,True,synthetic_scenario_generator,26006
2025-03-03,IND_VIZ,BULK_01,True,False,19.79,True,synthetic_scenario_generator,26006
2025-03-04,IND_VIZ,BULK_01,True,False,18.72,True,synthetic_scenario_generator,26006
2025-03-05,IND_VIZ,BULK_01,True,False,28.85,True,synthetic_scenario_generator,26006
2025-03-06,IND_VIZ,BULK_01,True,False,26.11,True,synthetic_scenario_generator,26006
2025-03-07,IND_VIZ,BULK_01,True,False,22.97,True,synthetic_scenario_generator,26006
2025-03-08,IND_VIZ,BULK_01,True,False,22.74,True,synthetic_scenario_generator,26006
2025-03-09,IND_VIZ,BULK_01,True,False,11.61,True,synthetic_scenario_generator,26006
2025-03-10,IND_VIZ,BULK_01,True,False,15.52,True,synthetic_scenario_generator,26006
2025-03-11,IND_VIZ,BULK_01,True,False,18.83,True,synthetic_scenario_generator,26006
2025-03-12,IND_VIZ,BULK_01,True,False,11.07,True,synthetic_scenario_generator,26006
2025-03-13,IND_VIZ,BULK_01,True,False,14.72,True,synthetic_scenario_generator,26006
2025-03-14,IND_VIZ,BULK_01,True,False,21.53,True,synthetic_scenario_generator,26006
2025-03-15,IND_VIZ,BULK_01,False,True,15.86,True,synthetic_scenario_generator,26006
2025-03-16,IND_VIZ,BULK_01,True,False,2.0,True,synthetic_scenario_generator,26006
2025-03-17,IND_VIZ,BULK_01,True,False,10.91,True,synthetic_scenario_generator,26006
2025-03-18,IND_VIZ,BULK_01,True,False,16.46,True,synthetic_scenario_generator,26006
2025-03-19,IND_VIZ,BULK_01,True,False,7.56,True,synthetic_scenario_generator,26006
2025-03-20,IND_VIZ,BULK_01,True,False,5.56,True,synthetic_scenario_generator,26006
2025-03-21,IND_VIZ,BULK_01,True,False,25.82,True,synthetic_scenario_generator,26006
2025-03-22,IND_VIZ,BULK_01,True,False,14.25,True,synthetic_scenario_generator,26006
2025-03-23,IND_VIZ,BULK_01,True,False,11.46,True,synthetic_scenario_generator,26006
2025-03-24,IND_VIZ,BULK_01,True,False,6.22,True,synthetic_scenario_generator,26006
2025-03-25,IND_VIZ,BULK_01,True,False,11.96,True,synthetic_scenario_generator,26006
2025-03-26,IND_VIZ,BULK_01,True,False,9.48,True,synthetic_scenario_generator,26006
2025-03-27,IND_VIZ,BULK_01,True,False,16.38,True,synthetic_scenario_generator,26006
2025-03-28,IND_VIZ,BULK_01,True,False,9.26,True,synthetic_scenario_generator,26006
2025-03-29,IND_VIZ,BULK_01,True,False,17.34,True,synthetic_scenario_generator,26006
2025-03-30,IND_VIZ,BULK_01,True,False,7.76,True,synthetic_scenario_generator,26006
2025-03-31,IND_VIZ,BULK_01,True,False,14.61,True,synthetic_scenario_generator,26006
2025-04-01,IND_VIZ,BULK_01,True,False,24.29,True,synthetic_scenario_generator,26006
2025-04-02,IND_VIZ,BULK_01,True,False,18.72,True,synthetic_scenario_generator,26006
2025-04-03,IND_VIZ,BULK_01,True,False,25.13,True,synthetic_scenario_generator,26006
2025-04-04,IND_VIZ,BULK_01,True,False,23.86,True,synthetic_scenario_generator,26006
2025-04-05,IND_VIZ,BULK_01,True,False,26.26,True,synthetic_scenario_generator,26006
2025-04-06,IND_VIZ,BULK_01,True,False,23.84,True,synthetic_scenario_generator,26006
2025-04-07,IND_VIZ,BULK_01,True,False,22.25,True,synthetic_scenario_generator,26006
2025-04-08,IND_VIZ,BULK_01,True,False,10.4,True,synthetic_scenario_generator,26006
2025-04-09,IND_VIZ,BULK_01,True,False,15.31,True,synthetic_scenario_generator,26006
2025-04-10,IND_VIZ,BULK_01,True,False,13.29,True,synthetic_scenario_generator,26006
2025-04-11,IND_VIZ,BULK_01,True,False,18.13,True,synthetic_scenario_generator,26006
2025-04-12,IND_VIZ,BULK_01,True,False,10.83,True,synthetic_scenario_generator,26006
2025-04-13,IND_VIZ,BULK_01,True,False,26.31,True,synthetic_scenario_generator,26006
2025-04-14,IND_VIZ,BULK_01,True,False,15.87,True,synthetic_scenario_generator,26006
2025-04-15,IND_VIZ,BULK_01,True,False,28.62,True,synthetic_scenario_generator,26006
2025-04-16,IND_VIZ,BULK_01,True,False,31.83,True,synthetic_scenario_generator,26006
2025-04-17,IND_VIZ,BULK_01,True,False,35.2,True,synthetic_scenario_generator,26006
2025-04-18,IND_VIZ,BULK_01,True,False,22.04,True,synthetic_scenario_generator,26006
2025-04-19,IND_VIZ,BULK_01,True,False,31.17,True,synthetic_scenario_generator,26006
2025-04-20,IND_VIZ,BULK_01,True,False,19.37,True,synthetic_scenario_generator,26006
2025-04-21,IND_VIZ,BULK_01,True,False,34.05,True,synthetic_scenario_generator,26006
2025-04-22,IND_VIZ,BULK_01,True,False,25.13,True,synthetic_scenario_generator,26006
2025-04-23,IND_VIZ,BULK_01,True,False,29.76,True,synthetic_scenario_generator,26006
2025-04-24,IND_VIZ,BULK_01,True,False,28.47,True,synthetic_scenario_generator,26006
2025-04-25,IND_VIZ,BULK_01,True,False,23.01,True,synthetic_scenario_generator,26006
2025-04-26,IND_VIZ,BULK_01,True,False,27.44,True,synthetic_scenario_generator,26006
2025-04-27,IND_VIZ,BULK_01,True,False,21.4,True,synthetic_scenario_generator,26006
2025-04-28,IND_VIZ,BULK_01,True,False,30.15,True,synthetic_scenario_generator,26006
2025-04-29,IND_VIZ,BULK_01,True,False,32.3,True,synthetic_scenario_generator,26006
2025-04-30,IND_VIZ,BULK_01,True,False,28.0,True,synthetic_scenario_generator,26006
2025-05-01,IND_VIZ,BULK_01,True,False,28.01,True,synthetic_scenario_generator,26006
2025-05-02,IND_VIZ,BULK_01,True,False,35.45,True,synthetic_scenario_generator,26006
2025-05-03,IND_VIZ,BULK_01,True,False,27.89,True,synthetic_scenario_generator,26006
2025-05-04,IND_VIZ,BULK_01,True,False,32.84,True,synthetic_scenario_generator,26006
2025-05-05,IND_VIZ,BULK_01,True,False,33.74,True,synthetic_scenario_generator,26006
2025-05-06,IND_VIZ,BULK_01,True,False,32.32,True,synthetic_scenario_generator,26006
2025-05-07,IND_VIZ,BULK_01,True,False,31.12,True,synthetic_scenario_generator,26006
2025-05-08,IND_VIZ,BULK_01,True,False,39.15,True,synthetic_scenario_generator,26006
2025-05-09,IND_VIZ,BULK_01,True,False,41.38,True,synthetic_scenario_generator,26006
2025-05-10,IND_VIZ,BULK_01,True,False,26.55,True,synthetic_scenario_generator,26006
2025-05-11,IND_VIZ,BULK_01,True,False,36.46,True,synthetic_scenario_generator,26006
2025-05-12,IND_VIZ,BULK_01,True,False,39.0,True,synthetic_scenario_generator,26006
2025-05-13,IND_VIZ,BULK_01,True,False,23.1,True,synthetic_scenario_generator,26006
2025-05-14,IND_VIZ,BULK_01,True,False,33.73,True,synthetic_scenario_generator,26006
2025-05-15,IND_VIZ,BULK_01,True,False,23.58,True,synthetic_scenario_generator,26006
2025-05-16,IND_VIZ,BULK_01,True,False,32.04,True,synthetic_scenario_generator,26006
2025-05-17,IND_VIZ,BULK_01,True,False,21.61,True,synthetic_scenario_generator,26006
2025-05-18,IND_VIZ,BULK_01,True,False,21.37,True,synthetic_scenario_generator,26006
2025-05-19,IND_VIZ,BULK_01,True,False,32.08,True,synthetic_scenario_generator,26006
2025-05-20,IND_VIZ,BULK_01,True,False,32.1,True,synthetic_scenario_generator,26006
2025-05-21,IND_VIZ,BULK_01,True,False,32.67,True,synthetic_scenario_generator,26006
2025-05-22,IND_VIZ,BULK_01,True,False,24.56,True,synthetic_scenario_generator,26006
2025-05-23,IND_VIZ,BULK_01,True,False,28.31,True,synthetic_scenario_generator,26006
2025-05-24,IND_VIZ,BULK_01,True,False,32.03,True,synthetic_scenario_generator,26006
2025-05-25,IND_VIZ,BULK_01,True,False,25.18,True,synthetic_scenario_generator,26006
2025-05-26,IND_VIZ,BULK_01,True,False,34.29,True,synthetic_scenario_generator,26006
2025-05-27,IND_VIZ,BULK_01,True,False,27.39,True,synthetic_scenario_generator,26006
2025-05-28,IND_VIZ,BULK_01,True,False,31.68,True,synthetic_scenario_generator,26006
2025-05-29,IND_VIZ,BULK_01,True,False,25.59,True,synthetic_scenario_generator,26006
2025-05-30,IND_VIZ,BULK_01,True,False,19.79,True,synthetic_scenario_generator,26006
2025-05-31,IND_VIZ,BULK_01,True,False,20.3,True,synthetic_scenario_generator,26006
2025-06-01,IND_VIZ,BULK_01,True,False,27.55,True,synthetic_scenario_generator,26006
2025-06-02,IND_VIZ,BULK_01,True,False,23.95,True,synthetic_scenario_generator,26006
2025-06-03,IND_VIZ,BULK_01,True,False,21.82,True,synthetic_scenario_generator,26006
2025-06-04,IND_VIZ,BULK_01,True,False,20.14,True,synthetic_scenario_generator,26006
2025-06-05,IND_VIZ,BULK_01,True,False,37.67,True,synthetic_scenario_generator,26006
2025-06-06,IND_VIZ,BULK_01,True,False,15.07,True,synthetic_scenario_generator,26006
2025-06-07,IND_VIZ,BULK_01,True,False,38.38,True,synthetic_scenario_generator,26006
2025-06-08,IND_VIZ,BULK_01,True,False,20.13,True,synthetic_scenario_generator,26006
2025-06-09,IND_VIZ,BULK_01,True,False,21.46,True,synthetic_scenario_generator,26006
2025-06-10,IND_VIZ,BULK_01,True,False,17.66,True,synthetic_scenario_generator,26006
2025-06-11,IND_VIZ,BULK_01,True,False,25.43,True,synthetic_scenario_generator,26006
2025-06-12,IND_VIZ,BULK_01,True,False,20.68,True,synthetic_scenario_generator,26006
2025-06-13,IND_VIZ,BULK_01,True,False,16.77,True,synthetic_scenario_generator,26006
2025-06-14,IND_VIZ,BULK_01,True,False,28.88,True,synthetic_scenario_generator,26006
2025-06-15,IND_VIZ,BULK_01,True,False,16.56,True,synthetic_scenario_generator,26006
2025-06-16,IND_VIZ,BULK_01,True,False,16.43,True,synthetic_scenario_generator,26006
2025-06-17,IND_VIZ,BULK_01,True,False,18.25,True,synthetic_scenario_generator,26006
2025-06-18,IND_VIZ,BULK_01,True,False,32.05,True,synthetic_scenario_generator,26006
2025-06-19,IND_VIZ,BULK_01,True,False,16.35,True,synthetic_scenario_generator,26006
2025-06-20,IND_VIZ,BULK_01,True,False,12.23,True,synthetic_scenario_generator,26006
2025-06-21,IND_VIZ,BULK_01,True,False,15.59,True,synthetic_scenario_generator,26006
2025-06-22,IND_VIZ,BULK_01,True,False,19.47,True,synthetic_scenario_generator,26006
2025-06-23,IND_VIZ,BULK_01,True,False,21.78,True,synthetic_scenario_generator,26006
2025-06-24,IND_VIZ,BULK_01,True,False,16.15,True,synthetic_scenario_generator,26006
2025-06-25,IND_VIZ,BULK_01,True,False,19.53,True,synthetic_scenario_generator,26006
2025-06-26,IND_VIZ,BULK_01,True,False,9.82,True,synthetic_scenario_generator,26006
2025-06-27,IND_VIZ,BULK_01,True,False,20.65,True,synthetic_scenario_generator,26006
2025-06-28,IND_VIZ,BULK_01,True,False,19.46,True,synthetic_scenario_generator,26006
2025-06-29,IND_VIZ,BULK_01,True,False,15.25,True,synthetic_scenario_generator,26006
2025-06-30,IND_VIZ,BULK_01,True,False,22.94,True,synthetic_scenario_generator,26006
2025-07-01,IND_VIZ,BULK_01,True,False,12.01,True,synthetic_scenario_generator,26006
2025-07-02,IND_VIZ,BULK_01,True,False,11.76,True,synthetic_scenario_generator,26006
2025-07-03,IND_VIZ,BULK_01,True,False,17.55,True,synthetic_scenario_generator,26006
2025-07-04,IND_VIZ,BULK_01,True,False,30.72,True,synthetic_scenario_generator,26006
2025-07-05,IND_VIZ,BULK_01,True,False,18.55,True,synthetic_scenario_generator,26006
2025-07-06,IND_VIZ,BULK_01,True,False,21.68,True,synthetic_scenario_generator,26006
2025-07-07,IND_VIZ,BULK_01,True,False,13.86,True,synthetic_scenario_generator,26006
2025-07-08,IND_VIZ,BULK_01,True,False,28.02,True,synthetic_scenario_generator,26006
2025-07-09,IND_VIZ,BULK_01,True,False,25.11,True,synthetic_scenario_generator,26006
2025-07-10,IND_VIZ,BULK_01,True,False,24.57,True,synthetic_scenario_generator,26006
2025-07-11,IND_VIZ,BULK_01,True,False,21.85,True,synthetic_scenario_generator,26006
2025-07-12,IND_VIZ,BULK_01,True,False,27.72,True,synthetic_scenario_generator,26006
2025-07-13,IND_VIZ,BULK_01,True,False,27.91,True,synthetic_scenario_generator,26006
2025-07-14,IND_VIZ,BULK_01,True,False,29.19,True,synthetic_scenario_generator,26006
2025-07-15,IND_VIZ,BULK_01,True,False,28.1,True,synthetic_scenario_generator,26006
2025-07-16,IND_VIZ,BULK_01,True,False,23.86,True,synthetic_scenario_generator,26006
2025-07-17,IND_VIZ,BULK_01,True,False,22.65,True,synthetic_scenario_generator,26006
2025-07-18,IND_VIZ,BULK_01,True,False,19.0,True,synthetic_scenario_generator,26006
2025-07-19,IND_VIZ,BULK_01,True,False,28.92,True,synthetic_scenario_generator,26006
2025-07-20,IND_VIZ,BULK_01,True,False,17.8,True,synthetic_scenario_generator,26006
2025-07-21,IND_VIZ,BULK_01,True,False,25.1,True,synthetic_scenario_generator,26006
2025-07-22,IND_VIZ,BULK_01,True,False,28.91,True,synthetic_scenario_generator,26006
2025-07-23,IND_VIZ,BULK_01,True,False,31.29,True,synthetic_scenario_generator,26006
2025-07-24,IND_VIZ,BULK_01,True,False,34.36,True,synthetic_scenario_generator,26006
2025-07-25,IND_VIZ,BULK_01,True,False,33.64,True,synthetic_scenario_generator,26006
2025-07-26,IND_VIZ,BULK_01,True,False,24.67,True,synthetic_scenario_generator,26006
2025-07-27,IND_VIZ,BULK_01,True,False,29.88,True,synthetic_scenario_generator,26006
2025-07-28,IND_VIZ,BULK_01,True,False,38.73,True,synthetic_scenario_generator,26006
2025-07-29,IND_VIZ,BULK_01,True,False,32.79,True,synthetic_scenario_generator,26006
2025-07-30,IND_VIZ,BULK_01,True,False,26.86,True,synthetic_scenario_generator,26006
2025-07-31,IND_VIZ,BULK_01,True,False,34.31,True,synthetic_scenario_generator,26006
2025-08-01,IND_VIZ,BULK_01,True,False,35.0,True,synthetic_scenario_generator,26006
2025-08-02,IND_VIZ,BULK_01,True,False,35.14,True,synthetic_scenario_generator,26006
2025-08-03,IND_VIZ,BULK_01,True,False,40.16,True,synthetic_scenario_generator,26006
2025-08-04,IND_VIZ,BULK_01,True,False,40.41,True,synthetic_scenario_generator,26006
2025-08-05,IND_VIZ,BULK_01,True,False,39.36,True,synthetic_scenario_generator,26006
2025-08-06,IND_VIZ,BULK_01,True,False,36.39,True,synthetic_scenario_generator,26006
2025-08-07,IND_VIZ,BULK_01,True,False,32.21,True,synthetic_scenario_generator,26006
2025-08-08,IND_VIZ,BULK_01,True,False,31.67,True,synthetic_scenario_generator,26006
2025-08-09,IND_VIZ,BULK_01,True,False,34.51,True,synthetic_scenario_generator,26006
2025-08-10,IND_VIZ,BULK_01,True,False,32.74,True,synthetic_scenario_generator,26006
2025-08-11,IND_VIZ,BULK_01,True,False,26.29,True,synthetic_scenario_generator,26006
2025-08-12,IND_VIZ,BULK_01,True,False,36.08,True,synthetic_scenario_generator,26006
2025-08-13,IND_VIZ,BULK_01,True,False,35.06,True,synthetic_scenario_generator,26006
2025-08-14,IND_VIZ,BULK_01,True,False,31.36,True,synthetic_scenario_generator,26006
2025-08-15,IND_VIZ,BULK_01,True,False,21.07,True,synthetic_scenario_generator,26006
2025-08-16,IND_VIZ,BULK_01,True,False,31.47,True,synthetic_scenario_generator,26006
2025-08-17,IND_VIZ,BULK_01,True,False,34.55,True,synthetic_scenario_generator,26006
2025-08-18,IND_VIZ,BULK_01,True,False,19.33,True,synthetic_scenario_generator,26006
2025-08-19,IND_VIZ,BULK_01,True,False,31.73,True,synthetic_scenario_generator,26006
2025-08-20,IND_VIZ,BULK_01,True,False,31.3,True,synthetic_scenario_generator,26006
2025-08-21,IND_VIZ,BULK_01,True,False,41.47,True,synthetic_scenario_generator,26006
2025-08-22,IND_VIZ,BULK_01,True,False,37.83,True,synthetic_scenario_generator,26006
2025-08-23,IND_VIZ,BULK_01,True,False,34.21,True,synthetic_scenario_generator,26006
2025-08-24,IND_VIZ,BULK_01,True,False,31.45,True,synthetic_scenario_generator,26006
2025-08-25,IND_VIZ,BULK_01,True,False,31.4,True,synthetic_scenario_generator,26006
2025-08-26,IND_VIZ,BULK_01,True,False,23.15,True,synthetic_scenario_generator,26006
2025-08-27,IND_VIZ,BULK_01,True,False,28.25,True,synthetic_scenario_generator,26006
2025-08-28,IND_VIZ,BULK_01,True,False,31.65,True,synthetic_scenario_generator,26006
2025-08-29,IND_VIZ,BULK_01,True,False,32.79,True,synthetic_scenario_generator,26006
2025-08-30,IND_VIZ,BULK_01,True,False,22.67,True,synthetic_scenario_generator,26006
2025-08-31,IND_VIZ,BULK_01,True,False,30.91,True,synthetic_scenario_generator,26006
2025-09-01,IND_VIZ,BULK_01,True,False,16.96,True,synthetic_scenario_generator,26006
2025-09-02,IND_VIZ,BULK_01,True,False,17.81,True,synthetic_scenario_generator,26006
2025-09-03,IND_VIZ,BULK_01,True,False,35.03,True,synthetic_scenario_generator,26006
2025-09-04,IND_VIZ,BULK_01,True,False,29.16,True,synthetic_scenario_generator,26006
2025-09-05,IND_VIZ,BULK_01,True,False,23.06,True,synthetic_scenario_generator,26006
2025-09-06,IND_VIZ,BULK_01,True,False,23.78,True,synthetic_scenario_generator,26006
2025-09-07,IND_VIZ,BULK_01,True,False,19.34,True,synthetic_scenario_generator,26006
2025-09-08,IND_VIZ,BULK_01,True,False,31.43,True,synthetic_scenario_generator,26006
2025-09-09,IND_VIZ,BULK_01,True,False,33.44,True,synthetic_scenario_generator,26006
2025-09-10,IND_VIZ,BULK_01,True,False,23.32,True,synthetic_scenario_generator,26006
2025-09-11,IND_VIZ,BULK_01,True,False,19.26,True,synthetic_scenario_generator,26006
2025-09-12,IND_VIZ,BULK_01,True,False,22.66,True,synthetic_scenario_generator,26006
2025-09-13,IND_VIZ,BULK_01,True,False,18.34,True,synthetic_scenario_generator,26006
2025-09-14,IND_VIZ,BULK_01,True,False,9.1,True,synthetic_scenario_generator,26006
2025-09-15,IND_VIZ,BULK_01,False,True,21.02,True,synthetic_scenario_generator,26006
2025-09-16,IND_VIZ,BULK_01,True,False,13.28,True,synthetic_scenario_generator,26006
2025-09-17,IND_VIZ,BULK_01,True,False,17.47,True,synthetic_scenario_generator,26006
2025-09-18,IND_VIZ,BULK_01,True,False,15.25,True,synthetic_scenario_generator,26006
2025-09-19,IND_VIZ,BULK_01,True,False,18.31,True,synthetic_scenario_generator,26006
2025-09-20,IND_VIZ,BULK_01,True,False,16.11,True,synthetic_scenario_generator,26006
2025-09-21,IND_VIZ,BULK_01,True,False,17.53,True,synthetic_scenario_generator,26006
2025-09-22,IND_VIZ,BULK_01,True,False,15.29,True,synthetic_scenario_generator,26006
2025-09-23,IND_VIZ,BULK_01,True,False,11.76,True,synthetic_scenario_generator,26006
2025-09-24,IND_VIZ,BULK_01,True,False,20.39,True,synthetic_scenario_generator,26006
2025-09-25,IND_VIZ,BULK_01,True,False,25.31,True,synthetic_scenario_generator,26006
2025-09-26,IND_VIZ,BULK_01,True,False,16.75,True,synthetic_scenario_generator,26006
2025-09-27,IND_VIZ,BULK_01,True,False,10.98,True,synthetic_scenario_generator,26006
2025-09-28,IND_VIZ,BULK_01,True,False,21.46,True,synthetic_scenario_generator,26006
2025-09-29,IND_VIZ,BULK_01,True,False,24.43,True,synthetic_scenario_generator,26006
2025-09-30,IND_VIZ,BULK_01,True,False,32.49,True,synthetic_scenario_generator,26006
2025-10-01,IND_VIZ,BULK_01,True,False,16.97,True,synthetic_scenario_generator,26006
2025-10-02,IND_VIZ,BULK_01,True,False,21.89,True,synthetic_scenario_generator,26006
2025-10-03,IND_VIZ,BULK_01,True,False,26.01,True,synthetic_scenario_generator,26006
2025-10-04,IND_VIZ,BULK_01,True,False,12.72,True,synthetic_scenario_generator,26006
2025-10-05,IND_VIZ,BULK_01,True,False,3.47,True,synthetic_scenario_generator,26006
2025-10-06,IND_VIZ,BULK_01,True,False,16.66,True,synthetic_scenario_generator,26006
2025-10-07,IND_VIZ,BULK_01,True,False,11.6,True,synthetic_scenario_generator,26006
2025-10-08,IND_VIZ,BULK_01,True,False,14.03,True,synthetic_scenario_generator,26006
2025-10-09,IND_VIZ,BULK_01,True,False,17.89,True,synthetic_scenario_generator,26006
2025-10-10,IND_VIZ,BULK_01,True,False,28.06,True,synthetic_scenario_generator,26006
2025-10-11,IND_VIZ,BULK_01,True,False,23.48,True,synthetic_scenario_generator,26006
2025-10-12,IND_VIZ,BULK_01,True,False,22.52,True,synthetic_scenario_generator,26006
2025-10-13,IND_VIZ,BULK_01,True,False,28.35,True,synthetic_scenario_generator,26006
2025-10-14,IND_VIZ,BULK_01,True,False,24.35,True,synthetic_scenario_generator,26006
2025-10-15,IND_VIZ,BULK_01,True,False,27.2,True,synthetic_scenario_generator,26006
2025-10-16,IND_VIZ,BULK_01,True,False,22.48,True,synthetic_scenario_generator,26006
2025-10-17,IND_VIZ,BULK_01,True,False,18.11,True,synthetic_scenario_generator,26006
2025-10-18,IND_VIZ,BULK_01,True,False,26.01,True,synthetic_scenario_generator,26006
2025-10-19,IND_VIZ,BULK_01,True,False,26.09,True,synthetic_scenario_generator,26006
2025-10-20,IND_VIZ,BULK_01,True,False,20.74,True,synthetic_scenario_generator,26006
2025-10-21,IND_VIZ,BULK_01,True,False,30.69,True,synthetic_scenario_generator,26006
2025-10-22,IND_VIZ,BULK_01,True,False,29.96,True,synthetic_scenario_generator,26006
2025-10-23,IND_VIZ,BULK_01,True,False,30.15,True,synthetic_scenario_generator,26006
2025-10-24,IND_VIZ,BULK_01,True,False,29.87,True,synthetic_scenario_generator,26006
2025-10-25,IND_VIZ,BULK_01,True,False,41.11,True,synthetic_scenario_generator,26006
2025-10-26,IND_VIZ,BULK_01,True,False,33.3,True,synthetic_scenario_generator,26006
2025-10-27,IND_VIZ,BULK_01,True,False,30.45,True,synthetic_scenario_generator,26006
2025-10-28,IND_VIZ,BULK_01,True,False,26.97,True,synthetic_scenario_generator,26006
2025-10-29,IND_VIZ,BULK_01,True,False,26.65,True,synthetic_scenario_generator,26006
2025-10-30,IND_VIZ,BULK_01,True,False,29.93,True,synthetic_scenario_generator,26006
2025-10-31,IND_VIZ,BULK_01,True,False,28.13,True,synthetic_scenario_generator,26006
2025-11-01,IND_VIZ,BULK_01,True,False,34.87,True,synthetic_scenario_generator,26006
2025-11-02,IND_VIZ,BULK_01,True,False,36.47,True,synthetic_scenario_generator,26006
2025-11-03,IND_VIZ,BULK_01,True,False,38.67,True,synthetic_scenario_generator,26006
2025-11-04,IND_VIZ,BULK_01,True,False,30.5,True,synthetic_scenario_generator,26006
2025-11-05,IND_VIZ,BULK_01,True,False,34.98,True,synthetic_scenario_generator,26006
2025-11-06,IND_VIZ,BULK_01,True,False,31.13,True,synthetic_scenario_generator,26006
2025-11-07,IND_VIZ,BULK_01,True,False,43.59,True,synthetic_scenario_generator,26006
2025-11-08,IND_VIZ,BULK_01,True,False,31.89,True,synthetic_scenario_generator,26006
2025-11-09,IND_VIZ,BULK_01,True,False,27.48,True,synthetic_scenario_generator,26006
2025-11-10,IND_VIZ,BULK_01,True,False,27.82,True,synthetic_scenario_generator,26006
2025-11-11,IND_VIZ,BULK_01,True,False,38.37,True,synthetic_scenario_generator,26006
2025-11-12,IND_VIZ,BULK_01,True,False,28.66,True,synthetic_scenario_generator,26006
2025-11-13,IND_VIZ,BULK_01,True,False,31.36,True,synthetic_scenario_generator,26006
2025-11-14,IND_VIZ,BULK_01,True,False,40.83,True,synthetic_scenario_generator,26006
2025-11-15,IND_VIZ,BULK_01,True,False,22.86,True,synthetic_scenario_generator,26006
2025-11-16,IND_VIZ,BULK_01,True,False,35.93,True,synthetic_scenario_generator,26006
2025-11-17,IND_VIZ,BULK_01,True,False,30.95,True,synthetic_scenario_generator,26006
2025-11-18,IND_VIZ,BULK_01,True,False,29.42,True,synthetic_scenario_generator,26006
2025-11-19,IND_VIZ,BULK_01,True,False,34.18,True,synthetic_scenario_generator,26006
2025-11-20,IND_VIZ,BULK_01,True,False,25.13,True,synthetic_scenario_generator,26006
2025-11-21,IND_VIZ,BULK_01,True,False,26.46,True,synthetic_scenario_generator,26006
2025-11-22,IND_VIZ,BULK_01,True,False,17.95,True,synthetic_scenario_generator,26006
2025-11-23,IND_VIZ,BULK_01,True,False,25.66,True,synthetic_scenario_generator,26006
2025-11-24,IND_VIZ,BULK_01,True,False,30.24,True,synthetic_scenario_generator,26006
2025-11-25,IND_VIZ,BULK_01,True,False,34.06,True,synthetic_scenario_generator,26006
2025-11-26,IND_VIZ,BULK_01,True,False,26.14,True,synthetic_scenario_generator,26006
2025-11-27,IND_VIZ,BULK_01,True,False,30.01,True,synthetic_scenario_generator,26006
2025-11-28,IND_VIZ,BULK_01,True,False,13.32,True,synthetic_scenario_generator,26006
2025-11-29,IND_VIZ,BULK_01,True,False,23.82,True,synthetic_scenario_generator,26006
2025-11-30,IND_VIZ,BULK_01,True,False,28.71,True,synthetic_scenario_generator,26006
2025-12-01,IND_VIZ,BULK_01,True,False,20.65,True,synthetic_scenario_generator,26006
2025-12-02,IND_VIZ,BULK_01,True,False,21.59,True,synthetic_scenario_generator,26006
2025-12-03,IND_VIZ,BULK_01,True,False,13.67,True,synthetic_scenario_generator,26006
2025-12-04,IND_VIZ,BULK_01,True,False,20.5,True,synthetic_scenario_generator,26006
2025-12-05,IND_VIZ,BULK_01,True,False,18.47,True,synthetic_scenario_generator,26006
2025-12-06,IND_VIZ,BULK_01,True,False,19.0,True,synthetic_scenario_generator,26006
2025-12-07,IND_VIZ,BULK_01,True,False,22.23,True,synthetic_scenario_generator,26006
2025-12-08,IND_VIZ,BULK_01,True,False,20.21,True,synthetic_scenario_generator,26006
2025-12-09,IND_VIZ,BULK_01,True,False,20.14,True,synthetic_scenario_generator,26006
2025-12-10,IND_VIZ,BULK_01,True,False,29.16,True,synthetic_scenario_generator,26006
2025-12-11,IND_VIZ,BULK_01,True,False,3.9,True,synthetic_scenario_generator,26006
2025-12-12,IND_VIZ,BULK_01,True,False,12.47,True,synthetic_scenario_generator,26006
2025-12-13,IND_VIZ,BULK_01,True,False,23.48,True,synthetic_scenario_generator,26006
2025-12-14,IND_VIZ,BULK_01,True,False,20.63,True,synthetic_scenario_generator,26006
2025-12-15,IND_VIZ,BULK_01,True,False,14.96,True,synthetic_scenario_generator,26006
2025-12-16,IND_VIZ,BULK_01,True,False,17.27,True,synthetic_scenario_generator,26006
2025-12-17,IND_VIZ,BULK_01,True,False,25.13,True,synthetic_scenario_generator,26006
2025-12-18,IND_VIZ,BULK_01,True,False,15.32,True,synthetic_scenario_generator,26006
2025-12-19,IND_VIZ,BULK_01,True,False,7.66,True,synthetic_scenario_generator,26006
2025-12-20,IND_VIZ,BULK_01,True,False,21.47,True,synthetic_scenario_generator,26006
2025-12-21,IND_VIZ,BULK_01,True,False,6.11,True,synthetic_scenario_generator,26006
2025-12-22,IND_VIZ,BULK_01,True,False,10.64,True,synthetic_scenario_generator,26006
2025-12-23,IND_VIZ,BULK_01,True,False,24.5,True,synthetic_scenario_generator,26006
2025-12-24,IND_VIZ,BULK_01,True,False,11.21,True,synthetic_scenario_generator,26006
2025-12-25,IND_VIZ,BULK_01,True,False,13.67,True,synthetic_scenario_generator,26006
2025-12-26,IND_VIZ,BULK_01,True,False,14.94,True,synthetic_scenario_generator,26006
2025-12-27,IND_VIZ,BULK_01,True,False,10.89,True,synthetic_scenario_generator,26006
2025-12-28,IND_VIZ,BULK_01,True,False,16.36,True,synthetic_scenario_generator,26006
2025-12-29,IND_VIZ,BULK_01,True,False,17.25,True,synthetic_scenario_generator,26006
2025-12-30,IND_VIZ,BULK_01,True,False,12.94,True,synthetic_scenario_generator,26006
2025-12-31,IND_VIZ,BULK_01,True,False,30.91,True,synthetic_scenario_generator,26006
2026-01-01,IND_VIZ,BULK_01,True,False,17.68,True,synthetic_scenario_generator,26006
2026-01-02,IND_VIZ,BULK_01,True,False,25.03,True,synthetic_scenario_generator,26006
2026-01-03,IND_VIZ,BULK_01,True,False,11.25,True,synthetic_scenario_generator,26006
2026-01-04,IND_VIZ,BULK_01,True,False,18.24,True,synthetic_scenario_generator,26006
2026-01-05,IND_VIZ,BULK_01,True,False,17.22,True,synthetic_scenario_generator,26006
2026-01-06,IND_VIZ,BULK_01,True,False,10.92,True,synthetic_scenario_generator,26006
2026-01-07,IND_VIZ,BULK_01,True,False,18.81,True,synthetic_scenario_generator,26006
2026-01-08,IND_VIZ,BULK_01,True,False,14.24,True,synthetic_scenario_generator,26006
2026-01-09,IND_VIZ,BULK_01,True,False,24.01,True,synthetic_scenario_generator,26006
2026-01-10,IND_VIZ,BULK_01,True,False,27.93,True,synthetic_scenario_generator,26006
2026-01-11,IND_VIZ,BULK_01,True,False,16.97,True,synthetic_scenario_generator,26006
2026-01-12,IND_VIZ,BULK_01,True,False,20.61,True,synthetic_scenario_generator,26006
2026-01-13,IND_VIZ,BULK_01,True,False,29.2,True,synthetic_scenario_generator,26006
2026-01-14,IND_VIZ,BULK_01,True,False,17.99,True,synthetic_scenario_generator,26006
2026-01-15,IND_VIZ,BULK_01,True,False,27.99,True,synthetic_scenario_generator,26006
2026-01-16,IND_VIZ,BULK_01,True,False,24.06,True,synthetic_scenario_generator,26006
2026-01-17,IND_VIZ,BULK_01,True,False,25.51,True,synthetic_scenario_generator,26006
2026-01-18,IND_VIZ,BULK_01,True,False,14.57,True,synthetic_scenario_generator,26006
2026-01-19,IND_VIZ,BULK_01,True,False,21.26,True,synthetic_scenario_generator,26006
2026-01-20,IND_VIZ,BULK_01,True,False,24.7,True,synthetic_scenario_generator,26006
2026-01-21,IND_VIZ,BULK_01,True,False,36.73,True,synthetic_scenario_generator,26006
2026-01-22,IND_VIZ,BULK_01,True,False,29.49,True,synthetic_scenario_generator,26006
2026-01-23,IND_VIZ,BULK_01,True,False,32.45,True,synthetic_scenario_generator,26006
2026-01-24,IND_VIZ,BULK_01,True,False,34.24,True,synthetic_scenario_generator,26006
2026-01-25,IND_VIZ,BULK_01,True,False,32.17,True,synthetic_scenario_generator,26006
2026-01-26,IND_VIZ,BULK_01,True,False,23.8,True,synthetic_scenario_generator,26006
2026-01-27,IND_VIZ,BULK_01,True,False,32.6,True,synthetic_scenario_generator,26006
2026-01-28,IND_VIZ,BULK_01,True,False,34.55,True,synthetic_scenario_generator,26006
2026-01-29,IND_VIZ,BULK_01,True,False,21.19,True,synthetic_scenario_generator,26006
2026-01-30,IND_VIZ,BULK_01,True,False,22.83,True,synthetic_scenario_generator,26006
2026-01-31,IND_VIZ,BULK_01,True,False,26.37,True,synthetic_scenario_generator,26006
2026-02-01,IND_VIZ,BULK_01,True,False,39.44,True,synthetic_scenario_generator,26006
2026-02-02,IND_VIZ,BULK_01,True,False,35.14,True,synthetic_scenario_generator,26006
2026-02-03,IND_VIZ,BULK_01,True,False,32.98,True,synthetic_scenario_generator,26006
2026-02-04,IND_VIZ,BULK_01,True,False,33.58,True,synthetic_scenario_generator,26006
2026-02-05,IND_VIZ,BULK_01,True,False,24.96,True,synthetic_scenario_generator,26006
2026-02-06,IND_VIZ,BULK_01,True,False,38.58,True,synthetic_scenario_generator,26006
2026-02-07,IND_VIZ,BULK_01,True,False,29.83,True,synthetic_scenario_generator,26006
2026-02-08,IND_VIZ,BULK_01,True,False,27.88,True,synthetic_scenario_generator,26006
2026-02-09,IND_VIZ,BULK_01,True,False,28.03,True,synthetic_scenario_generator,26006
2026-02-10,IND_VIZ,BULK_01,True,False,33.78,True,synthetic_scenario_generator,26006
2026-02-11,IND_VIZ,BULK_01,True,False,28.7,True,synthetic_scenario_generator,26006
2026-02-12,IND_VIZ,BULK_01,True,False,25.98,True,synthetic_scenario_generator,26006
2026-02-13,IND_VIZ,BULK_01,True,False,19.7,True,synthetic_scenario_generator,26006
2026-02-14,IND_VIZ,BULK_01,True,False,34.81,True,synthetic_scenario_generator,26006
2026-02-15,IND_VIZ,BULK_01,True,False,30.41,True,synthetic_scenario_generator,26006
2026-02-16,IND_VIZ,BULK_01,True,False,19.49,True,synthetic_scenario_generator,26006
2026-02-17,IND_VIZ,BULK_01,True,False,30.12,True,synthetic_scenario_generator,26006
2026-02-18,IND_VIZ,BULK_01,True,False,28.27,True,synthetic_scenario_generator,26006
2026-02-19,IND_VIZ,BULK_01,True,False,31.51,True,synthetic_scenario_generator,26006
2026-02-20,IND_VIZ,BULK_01,True,False,25.07,True,synthetic_scenario_generator,26006
2026-02-21,IND_VIZ,BULK_01,True,False,22.34,True,synthetic_scenario_generator,26006
2026-02-22,IND_VIZ,BULK_01,True,False,21.2,True,synthetic_scenario_generator,26006
2026-02-23,IND_VIZ,BULK_01,True,False,31.38,True,synthetic_scenario_generator,26006
2026-02-24,IND_VIZ,BULK_01,True,False,14.54,True,synthetic_scenario_generator,26006
2026-02-25,IND_VIZ,BULK_01,True,False,23.11,True,synthetic_scenario_generator,26006
2026-02-26,IND_VIZ,BULK_01,True,False,25.51,True,synthetic_scenario_generator,26006
2026-02-27,IND_VIZ,BULK_01,True,False,20.32,True,synthetic_scenario_generator,26006
2026-02-28,IND_VIZ,BULK_01,True,False,31.75,True,synthetic_scenario_generator,26006
2026-03-01,IND_VIZ,BULK_01,True,False,17.57,True,synthetic_scenario_generator,26006
2026-03-02,IND_VIZ,BULK_01,True,False,20.2,True,synthetic_scenario_generator,26006
2026-03-03,IND_VIZ,BULK_01,True,False,29.57,True,synthetic_scenario_generator,26006
2026-03-04,IND_VIZ,BULK_01,True,False,13.13,True,synthetic_scenario_generator,26006
2026-03-05,IND_VIZ,BULK_01,True,False,11.81,True,synthetic_scenario_generator,26006
2026-03-06,IND_VIZ,BULK_01,True,False,13.87,True,synthetic_scenario_generator,26006
2026-03-07,IND_VIZ,BULK_01,True,False,23.55,True,synthetic_scenario_generator,26006
2026-03-08,IND_VIZ,BULK_01,True,False,23.73,True,synthetic_scenario_generator,26006
2026-03-09,IND_VIZ,BULK_01,True,False,15.67,True,synthetic_scenario_generator,26006
2026-03-10,IND_VIZ,BULK_01,True,False,24.98,True,synthetic_scenario_generator,26006
2026-03-11,IND_VIZ,BULK_01,True,False,12.04,True,synthetic_scenario_generator,26006
2026-03-12,IND_VIZ,BULK_01,True,False,17.75,True,synthetic_scenario_generator,26006
2026-03-13,IND_VIZ,BULK_01,True,False,26.08,True,synthetic_scenario_generator,26006
2026-03-14,IND_VIZ,BULK_01,True,False,8.98,True,synthetic_scenario_generator,26006
2026-03-15,IND_VIZ,BULK_01,False,True,8.98,True,synthetic_scenario_generator,26006
2026-03-16,IND_VIZ,BULK_01,True,False,8.22,True,synthetic_scenario_generator,26006
2026-03-17,IND_VIZ,BULK_01,True,False,20.41,True,synthetic_scenario_generator,26006
2026-03-18,IND_VIZ,BULK_01,True,False,18.66,True,synthetic_scenario_generator,26006
2026-03-19,IND_VIZ,BULK_01,True,False,13.41,True,synthetic_scenario_generator,26006
2026-03-20,IND_VIZ,BULK_01,True,False,15.42,True,synthetic_scenario_generator,26006
2026-03-21,IND_VIZ,BULK_01,True,False,12.72,True,synthetic_scenario_generator,26006
2026-03-22,IND_VIZ,BULK_01,True,False,11.58,True,synthetic_scenario_generator,26006
2026-03-23,IND_VIZ,BULK_01,True,False,12.69,True,synthetic_scenario_generator,26006
2026-03-24,IND_VIZ,BULK_01,True,False,18.41,True,synthetic_scenario_generator,26006
2026-03-25,IND_VIZ,BULK_01,True,False,16.46,True,synthetic_scenario_generator,26006
2026-03-26,IND_VIZ,BULK_01,True,False,18.57,True,synthetic_scenario_generator,26006
2026-03-27,IND_VIZ,BULK_01,True,False,20.96,True,synthetic_scenario_generator,26006
2026-03-28,IND_VIZ,BULK_01,True,False,9.72,True,synthetic_scenario_generator,26006
2026-03-29,IND_VIZ,BULK_01,True,False,19.44,True,synthetic_scenario_generator,26006
2026-03-30,IND_VIZ,BULK_01,True,False,5.5,True,synthetic_scenario_generator,26006
2026-03-31,IND_VIZ,BULK_01,True,False,13.12,True,synthetic_scenario_generator,26006
2026-04-01,IND_VIZ,BULK_01,True,False,10.68,True,synthetic_scenario_generator,26006
2026-04-02,IND_VIZ,BULK_01,True,False,25.64,True,synthetic_scenario_generator,26006
2026-04-03,IND_VIZ,BULK_01,True,False,20.5,True,synthetic_scenario_generator,26006
2026-04-04,IND_VIZ,BULK_01,True,False,15.78,True,synthetic_scenario_generator,26006
2026-04-05,IND_VIZ,BULK_01,True,False,25.81,True,synthetic_scenario_generator,26006
2026-04-06,IND_VIZ,BULK_01,True,False,32.09,True,synthetic_scenario_generator,26006
2026-04-07,IND_VIZ,BULK_01,True,False,22.72,True,synthetic_scenario_generator,26006
2026-04-08,IND_VIZ,BULK_01,True,False,21.33,True,synthetic_scenario_generator,26006
2026-04-09,IND_VIZ,BULK_01,True,False,23.74,True,synthetic_scenario_generator,26006
2026-04-10,IND_VIZ,BULK_01,True,False,14.37,True,synthetic_scenario_generator,26006
2026-04-11,IND_VIZ,BULK_01,True,False,23.64,True,synthetic_scenario_generator,26006
2026-04-12,IND_VIZ,BULK_01,True,False,35.18,True,synthetic_scenario_generator,26006
2026-04-13,IND_VIZ,BULK_01,True,False,21.68,True,synthetic_scenario_generator,26006
2026-04-14,IND_VIZ,BULK_01,True,False,20.09,True,synthetic_scenario_generator,26006
2026-04-15,IND_VIZ,BULK_01,True,False,20.58,True,synthetic_scenario_generator,26006
2026-04-16,IND_VIZ,BULK_01,True,False,13.67,True,synthetic_scenario_generator,26006
2026-04-17,IND_VIZ,BULK_01,True,False,27.66,True,synthetic_scenario_generator,26006
2026-04-18,IND_VIZ,BULK_01,True,False,25.29,True,synthetic_scenario_generator,26006
2026-04-19,IND_VIZ,BULK_01,True,False,33.04,True,synthetic_scenario_generator,26006
2026-04-20,IND_VIZ,BULK_01,True,False,22.11,True,synthetic_scenario_generator,26006
2026-04-21,IND_VIZ,BULK_01,True,False,32.75,True,synthetic_scenario_generator,26006
2026-04-22,IND_VIZ,BULK_01,True,False,29.46,True,synthetic_scenario_generator,26006
2026-04-23,IND_VIZ,BULK_01,True,False,19.7,True,synthetic_scenario_generator,26006
2026-04-24,IND_VIZ,BULK_01,True,False,21.86,True,synthetic_scenario_generator,26006
2026-04-25,IND_VIZ,BULK_01,True,False,37.74,True,synthetic_scenario_generator,26006
2026-04-26,IND_VIZ,BULK_01,True,False,27.13,True,synthetic_scenario_generator,26006
2026-04-27,IND_VIZ,BULK_01,True,False,32.65,True,synthetic_scenario_generator,26006
2026-04-28,IND_VIZ,BULK_01,True,False,33.71,True,synthetic_scenario_generator,26006
2026-04-29,IND_VIZ,BULK_01,True,False,32.39,True,synthetic_scenario_generator,26006
2026-04-30,IND_VIZ,BULK_01,True,False,31.02,True,synthetic_scenario_generator,26006
2026-05-01,IND_VIZ,BULK_01,True,False,30.73,True,synthetic_scenario_generator,26006
2026-05-02,IND_VIZ,BULK_01,True,False,37.82,True,synthetic_scenario_generator,26006
2026-05-03,IND_VIZ,BULK_01,True,False,29.84,True,synthetic_scenario_generator,26006
2026-05-04,IND_VIZ,BULK_01,True,False,34.05,True,synthetic_scenario_generator,26006
2026-05-05,IND_VIZ,BULK_01,True,False,34.56,True,synthetic_scenario_generator,26006
2026-05-06,IND_VIZ,BULK_01,True,False,26.67,True,synthetic_scenario_generator,26006
2026-05-07,IND_VIZ,BULK_01,True,False,31.96,True,synthetic_scenario_generator,26006
2026-05-08,IND_VIZ,BULK_01,True,False,31.47,True,synthetic_scenario_generator,26006
2026-05-09,IND_VIZ,BULK_01,True,False,40.41,True,synthetic_scenario_generator,26006
2026-05-10,IND_VIZ,BULK_01,True,False,38.95,True,synthetic_scenario_generator,26006
2026-05-11,IND_VIZ,BULK_01,True,False,37.36,True,synthetic_scenario_generator,26006
2026-05-12,IND_VIZ,BULK_01,True,False,38.55,True,synthetic_scenario_generator,26006
2026-05-13,IND_VIZ,BULK_01,True,False,31.15,True,synthetic_scenario_generator,26006
2026-05-14,IND_VIZ,BULK_01,True,False,22.48,True,synthetic_scenario_generator,26006
2026-05-15,IND_VIZ,BULK_01,True,False,23.73,True,synthetic_scenario_generator,26006
2026-05-16,IND_VIZ,BULK_01,True,False,39.65,True,synthetic_scenario_generator,26006
2026-05-17,IND_VIZ,BULK_01,True,False,32.72,True,synthetic_scenario_generator,26006
2026-05-18,IND_VIZ,BULK_01,True,False,17.81,True,synthetic_scenario_generator,26006
2026-05-19,IND_VIZ,BULK_01,True,False,24.27,True,synthetic_scenario_generator,26006
2026-05-20,IND_VIZ,BULK_01,True,False,19.65,True,synthetic_scenario_generator,26006
2026-05-21,IND_VIZ,BULK_01,True,False,22.71,True,synthetic_scenario_generator,26006
2026-05-22,IND_VIZ,BULK_01,True,False,31.85,True,synthetic_scenario_generator,26006
2026-05-23,IND_VIZ,BULK_01,True,False,20.67,True,synthetic_scenario_generator,26006
2026-05-24,IND_VIZ,BULK_01,True,False,30.89,True,synthetic_scenario_generator,26006
2026-05-25,IND_VIZ,BULK_01,True,False,27.34,True,synthetic_scenario_generator,26006
2026-05-26,IND_VIZ,BULK_01,True,False,28.17,True,synthetic_scenario_generator,26006
2026-05-27,IND_VIZ,BULK_01,True,False,24.29,True,synthetic_scenario_generator,26006
2026-05-28,IND_VIZ,BULK_01,True,False,29.15,True,synthetic_scenario_generator,26006
2026-05-29,IND_VIZ,BULK_01,True,False,17.59,True,synthetic_scenario_generator,26006
2026-05-30,IND_VIZ,BULK_01,True,False,20.75,True,synthetic_scenario_generator,26006
2026-05-31,IND_VIZ,BULK_01,True,False,27.46,True,synthetic_scenario_generator,26006
2026-06-01,IND_VIZ,BULK_01,True,False,24.03,True,synthetic_scenario_generator,26006
2026-06-02,IND_VIZ,BULK_01,True,False,27.41,True,synthetic_scenario_generator,26006
2026-06-03,IND_VIZ,BULK_01,True,False,27.27,True,synthetic_scenario_generator,26006
2026-06-04,IND_VIZ,BULK_01,True,False,17.68,True,synthetic_scenario_generator,26006
2026-06-05,IND_VIZ,BULK_01,True,False,15.23,True,synthetic_scenario_generator,26006
2026-06-06,IND_VIZ,BULK_01,True,False,27.84,True,synthetic_scenario_generator,26006
2026-06-07,IND_VIZ,BULK_01,True,False,20.69,True,synthetic_scenario_generator,26006
2026-06-08,IND_VIZ,BULK_01,True,False,24.32,True,synthetic_scenario_generator,26006
2026-06-09,IND_VIZ,BULK_01,True,False,15.92,True,synthetic_scenario_generator,26006
2026-06-10,IND_VIZ,BULK_01,True,False,36.01,True,synthetic_scenario_generator,26006
2026-06-11,IND_VIZ,BULK_01,True,False,22.35,True,synthetic_scenario_generator,26006
2026-06-12,IND_VIZ,BULK_01,True,False,24.71,True,synthetic_scenario_generator,26006
2026-06-13,IND_VIZ,BULK_01,True,False,23.27,True,synthetic_scenario_generator,26006
2026-06-14,IND_VIZ,BULK_01,True,False,30.97,True,synthetic_scenario_generator,26006
2026-06-15,IND_VIZ,BULK_01,True,False,25.75,True,synthetic_scenario_generator,26006
2026-06-16,IND_VIZ,BULK_01,True,False,27.61,True,synthetic_scenario_generator,26006
2026-06-17,IND_VIZ,BULK_01,True,False,28.74,True,synthetic_scenario_generator,26006
2026-06-18,IND_VIZ,BULK_01,True,False,15.34,True,synthetic_scenario_generator,26006
2026-06-19,IND_VIZ,BULK_01,True,False,21.64,True,synthetic_scenario_generator,26006
2026-06-20,IND_VIZ,BULK_01,True,False,22.05,True,synthetic_scenario_generator,26006
2026-06-21,IND_VIZ,BULK_01,True,False,27.42,True,synthetic_scenario_generator,26006
2026-06-22,IND_VIZ,BULK_01,True,False,11.05,True,synthetic_scenario_generator,26006
2026-06-23,IND_VIZ,BULK_01,True,False,16.0,True,synthetic_scenario_generator,26006
2026-06-24,IND_VIZ,BULK_01,True,False,19.67,True,synthetic_scenario_generator,26006
2026-06-25,IND_VIZ,BULK_01,True,False,17.26,True,synthetic_scenario_generator,26006
2026-06-26,IND_VIZ,BULK_01,True,False,17.65,True,synthetic_scenario_generator,26006
2026-06-27,IND_VIZ,BULK_01,True,False,18.67,True,synthetic_scenario_generator,26006
2026-06-28,IND_VIZ,BULK_01,True,False,23.46,True,synthetic_scenario_generator,26006
2026-06-29,IND_VIZ,BULK_01,True,False,16.51,True,synthetic_scenario_generator,26006
2026-06-30,IND_VIZ,BULK_01,True,False,17.65,True,synthetic_scenario_generator,26006
2026-07-01,IND_VIZ,BULK_01,True,False,20.8,True,synthetic_scenario_generator,26006
2026-07-02,IND_VIZ,BULK_01,True,False,13.35,True,synthetic_scenario_generator,26006
2026-07-03,IND_VIZ,BULK_01,True,False,22.87,True,synthetic_scenario_generator,26006
2026-07-04,IND_VIZ,BULK_01,True,False,22.43,True,synthetic_scenario_generator,26006
2026-07-05,IND_VIZ,BULK_01,True,False,24.17,True,synthetic_scenario_generator,26006
2026-07-06,IND_VIZ,BULK_01,True,False,27.83,True,synthetic_scenario_generator,26006
2026-07-07,IND_VIZ,BULK_01,True,False,23.01,True,synthetic_scenario_generator,26006
2026-07-08,IND_VIZ,BULK_01,True,False,27.79,True,synthetic_scenario_generator,26006
2026-07-09,IND_VIZ,BULK_01,True,False,28.0,True,synthetic_scenario_generator,26006
2026-07-10,IND_VIZ,BULK_01,True,False,24.22,True,synthetic_scenario_generator,26006
2026-07-11,IND_VIZ,BULK_01,True,False,29.08,True,synthetic_scenario_generator,26006
2026-07-12,IND_VIZ,BULK_01,True,False,20.21,True,synthetic_scenario_generator,26006
2026-07-13,IND_VIZ,BULK_01,True,False,20.71,True,synthetic_scenario_generator,26006
2026-07-14,IND_VIZ,BULK_01,True,False,31.4,True,synthetic_scenario_generator,26006
2026-07-15,IND_VIZ,BULK_01,True,False,27.93,True,synthetic_scenario_generator,26006
2026-07-16,IND_VIZ,BULK_01,True,False,28.07,True,synthetic_scenario_generator,26006
2026-07-17,IND_VIZ,BULK_01,True,False,28.15,True,synthetic_scenario_generator,26006
2026-07-18,IND_VIZ,BULK_01,True,False,26.76,True,synthetic_scenario_generator,26006
2026-07-19,IND_VIZ,BULK_01,True,False,25.79,True,synthetic_scenario_generator,26006
2026-07-20,IND_VIZ,BULK_01,True,False,35.7,True,synthetic_scenario_generator,26006
2026-07-21,IND_VIZ,BULK_01,True,False,29.22,True,synthetic_scenario_generator,26006
2026-07-22,IND_VIZ,BULK_01,True,False,33.33,True,synthetic_scenario_generator,26006
2026-07-23,IND_VIZ,BULK_01,True,False,35.34,True,synthetic_scenario_generator,26006
2026-07-24,IND_VIZ,BULK_01,True,False,31.0,True,synthetic_scenario_generator,26006
2026-07-25,IND_VIZ,BULK_01,True,False,25.32,True,synthetic_scenario_generator,26006
2026-07-26,IND_VIZ,BULK_01,True,False,36.09,True,synthetic_scenario_generator,26006
2026-07-27,IND_VIZ,BULK_01,True,False,26.21,True,synthetic_scenario_generator,26006
2026-07-28,IND_VIZ,BULK_01,True,False,33.44,True,synthetic_scenario_generator,26006
2026-07-29,IND_VIZ,BULK_01,True,False,34.37,True,synthetic_scenario_generator,26006
2026-07-30,IND_VIZ,BULK_01,True,False,39.77,True,synthetic_scenario_generator,26006
2026-07-31,IND_VIZ,BULK_01,True,False,44.32,True,synthetic_scenario_generator,26006
2026-08-01,IND_VIZ,BULK_01,True,False,44.59,True,synthetic_scenario_generator,26006
2026-08-02,IND_VIZ,BULK_01,True,False,38.12,True,synthetic_scenario_generator,26006
2026-08-03,IND_VIZ,BULK_01,True,False,36.23,True,synthetic_scenario_generator,26006
2026-08-04,IND_VIZ,BULK_01,True,False,31.28,True,synthetic_scenario_generator,26006
2026-08-05,IND_VIZ,BULK_01,True,False,31.71,True,synthetic_scenario_generator,26006
2026-08-06,IND_VIZ,BULK_01,True,False,38.94,True,synthetic_scenario_generator,26006
2026-08-07,IND_VIZ,BULK_01,True,False,37.72,True,synthetic_scenario_generator,26006
2026-08-08,IND_VIZ,BULK_01,True,False,34.5,True,synthetic_scenario_generator,26006
2026-08-09,IND_VIZ,BULK_01,True,False,26.78,True,synthetic_scenario_generator,26006
2026-08-10,IND_VIZ,BULK_01,True,False,26.57,True,synthetic_scenario_generator,26006
2026-08-11,IND_VIZ,BULK_01,True,False,33.07,True,synthetic_scenario_generator,26006
2026-08-12,IND_VIZ,BULK_01,True,False,34.79,True,synthetic_scenario_generator,26006
2026-08-13,IND_VIZ,BULK_01,True,False,26.0,True,synthetic_scenario_generator,26006
2026-08-14,IND_VIZ,BULK_01,True,False,35.64,True,synthetic_scenario_generator,26006
2026-08-15,IND_VIZ,BULK_01,True,False,28.46,True,synthetic_scenario_generator,26006
2026-08-16,IND_VIZ,BULK_01,True,False,28.96,True,synthetic_scenario_generator,26006
2026-08-17,IND_VIZ,BULK_01,True,False,24.04,True,synthetic_scenario_generator,26006
2026-08-18,IND_VIZ,BULK_01,True,False,36.71,True,synthetic_scenario_generator,26006
2026-08-19,IND_VIZ,BULK_01,True,False,27.56,True,synthetic_scenario_generator,26006
2026-08-20,IND_VIZ,BULK_01,True,False,24.86,True,synthetic_scenario_generator,26006
2026-08-21,IND_VIZ,BULK_01,True,False,30.7,True,synthetic_scenario_generator,26006
2026-08-22,IND_VIZ,BULK_01,True,False,25.33,True,synthetic_scenario_generator,26006
2026-08-23,IND_VIZ,BULK_01,True,False,27.86,True,synthetic_scenario_generator,26006
2026-08-24,IND_VIZ,BULK_01,True,False,29.14,True,synthetic_scenario_generator,26006
2026-08-25,IND_VIZ,BULK_01,True,False,28.29,True,synthetic_scenario_generator,26006
2026-08-26,IND_VIZ,BULK_01,True,False,15.84,True,synthetic_scenario_generator,26006
2026-08-27,IND_VIZ,BULK_01,True,False,21.29,True,synthetic_scenario_generator,26006
2026-08-28,IND_VIZ,BULK_01,True,False,29.82,True,synthetic_scenario_generator,26006
2026-08-29,IND_VIZ,BULK_01,True,False,29.66,True,synthetic_scenario_generator,26006
2026-08-30,IND_VIZ,BULK_01,True,False,26.24,True,synthetic_scenario_generator,26006
2026-08-31,IND_VIZ,BULK_01,True,False,27.47,True,synthetic_scenario_generator,26006
2020-01-01,IND_GAN,BULK_01,True,False,14.66,True,synthetic_scenario_generator,26006
2020-01-02,IND_GAN,BULK_01,True,False,12.18,True,synthetic_scenario_generator,26006
2020-01-03,IND_GAN,BULK_01,True,False,14.8,True,synthetic_scenario_generator,26006
2020-01-04,IND_GAN,BULK_01,True,False,7.2,True,synthetic_scenario_generator,26006
2020-01-05,IND_GAN,BULK_01,True,False,12.8,True,synthetic_scenario_generator,26006
2020-01-06,IND_GAN,BULK_01,True,False,17.45,True,synthetic_scenario_generator,26006
2020-01-07,IND_GAN,BULK_01,True,False,14.58,True,synthetic_scenario_generator,26006
2020-01-08,IND_GAN,BULK_01,True,False,18.08,True,synthetic_scenario_generator,26006
2020-01-09,IND_GAN,BULK_01,True,False,22.83,True,synthetic_scenario_generator,26006
2020-01-10,IND_GAN,BULK_01,True,False,17.41,True,synthetic_scenario_generator,26006
2020-01-11,IND_GAN,BULK_01,True,False,16.11,True,synthetic_scenario_generator,26006
2020-01-12,IND_GAN,BULK_01,True,False,12.8,True,synthetic_scenario_generator,26006
2020-01-13,IND_GAN,BULK_01,True,False,18.15,True,synthetic_scenario_generator,26006
2020-01-14,IND_GAN,BULK_01,True,False,20.68,True,synthetic_scenario_generator,26006
2020-01-15,IND_GAN,BULK_01,True,False,12.38,True,synthetic_scenario_generator,26006
2020-01-16,IND_GAN,BULK_01,True,False,24.42,True,synthetic_scenario_generator,26006
2020-01-17,IND_GAN,BULK_01,True,False,8.1,True,synthetic_scenario_generator,26006
2020-01-18,IND_GAN,BULK_01,True,False,22.4,True,synthetic_scenario_generator,26006
2020-01-19,IND_GAN,BULK_01,True,False,17.85,True,synthetic_scenario_generator,26006
2020-01-20,IND_GAN,BULK_01,True,False,29.29,True,synthetic_scenario_generator,26006
2020-01-21,IND_GAN,BULK_01,True,False,21.09,True,synthetic_scenario_generator,26006
2020-01-22,IND_GAN,BULK_01,True,False,26.58,True,synthetic_scenario_generator,26006
2020-01-23,IND_GAN,BULK_01,True,False,22.01,True,synthetic_scenario_generator,26006
2020-01-24,IND_GAN,BULK_01,True,False,24.15,True,synthetic_scenario_generator,26006
2020-01-25,IND_GAN,BULK_01,True,False,23.6,True,synthetic_scenario_generator,26006
2020-01-26,IND_GAN,BULK_01,True,False,18.02,True,synthetic_scenario_generator,26006
2020-01-27,IND_GAN,BULK_01,True,False,33.51,True,synthetic_scenario_generator,26006
2020-01-28,IND_GAN,BULK_01,True,False,21.8,True,synthetic_scenario_generator,26006
2020-01-29,IND_GAN,BULK_01,True,False,29.83,True,synthetic_scenario_generator,26006
2020-01-30,IND_GAN,BULK_01,True,False,24.88,True,synthetic_scenario_generator,26006
2020-01-31,IND_GAN,BULK_01,True,False,25.37,True,synthetic_scenario_generator,26006
2020-02-01,IND_GAN,BULK_01,True,False,28.71,True,synthetic_scenario_generator,26006
2020-02-02,IND_GAN,BULK_01,True,False,28.97,True,synthetic_scenario_generator,26006
2020-02-03,IND_GAN,BULK_01,True,False,22.11,True,synthetic_scenario_generator,26006
2020-02-04,IND_GAN,BULK_01,True,False,35.81,True,synthetic_scenario_generator,26006
2020-02-05,IND_GAN,BULK_01,True,False,33.48,True,synthetic_scenario_generator,26006
2020-02-06,IND_GAN,BULK_01,True,False,27.71,True,synthetic_scenario_generator,26006
2020-02-07,IND_GAN,BULK_01,True,False,27.6,True,synthetic_scenario_generator,26006
2020-02-08,IND_GAN,BULK_01,True,False,31.81,True,synthetic_scenario_generator,26006
2020-02-09,IND_GAN,BULK_01,True,False,26.61,True,synthetic_scenario_generator,26006
2020-02-10,IND_GAN,BULK_01,True,False,30.1,True,synthetic_scenario_generator,26006
2020-02-11,IND_GAN,BULK_01,True,False,37.04,True,synthetic_scenario_generator,26006
2020-02-12,IND_GAN,BULK_01,True,False,24.32,True,synthetic_scenario_generator,26006
2020-02-13,IND_GAN,BULK_01,True,False,21.99,True,synthetic_scenario_generator,26006
2020-02-14,IND_GAN,BULK_01,True,False,25.54,True,synthetic_scenario_generator,26006
2020-02-15,IND_GAN,BULK_01,True,False,28.39,True,synthetic_scenario_generator,26006
2020-02-16,IND_GAN,BULK_01,True,False,36.95,True,synthetic_scenario_generator,26006
2020-02-17,IND_GAN,BULK_01,True,False,28.37,True,synthetic_scenario_generator,26006
2020-02-18,IND_GAN,BULK_01,True,False,18.58,True,synthetic_scenario_generator,26006
2020-02-19,IND_GAN,BULK_01,True,False,22.92,True,synthetic_scenario_generator,26006
2020-02-20,IND_GAN,BULK_01,True,False,36.39,True,synthetic_scenario_generator,26006
2020-02-21,IND_GAN,BULK_01,True,False,32.23,True,synthetic_scenario_generator,26006
2020-02-22,IND_GAN,BULK_01,True,False,38.38,True,synthetic_scenario_generator,26006
2020-02-23,IND_GAN,BULK_01,True,False,20.18,True,synthetic_scenario_generator,26006
2020-02-24,IND_GAN,BULK_01,True,False,27.07,True,synthetic_scenario_generator,26006
2020-02-25,IND_GAN,BULK_01,True,False,33.56,True,synthetic_scenario_generator,26006
2020-02-26,IND_GAN,BULK_01,True,False,35.21,True,synthetic_scenario_generator,26006
2020-02-27,IND_GAN,BULK_01,True,False,28.13,True,synthetic_scenario_generator,26006
2020-02-28,IND_GAN,BULK_01,True,False,29.24,True,synthetic_scenario_generator,26006
2020-02-29,IND_GAN,BULK_01,True,False,31.8,True,synthetic_scenario_generator,26006
2020-03-01,IND_GAN,BULK_01,True,False,31.93,True,synthetic_scenario_generator,26006
2020-03-02,IND_GAN,BULK_01,True,False,21.41,True,synthetic_scenario_generator,26006
2020-03-03,IND_GAN,BULK_01,True,False,22.4,True,synthetic_scenario_generator,26006
2020-03-04,IND_GAN,BULK_01,True,False,18.75,True,synthetic_scenario_generator,26006
2020-03-05,IND_GAN,BULK_01,True,False,18.52,True,synthetic_scenario_generator,26006
2020-03-06,IND_GAN,BULK_01,True,False,44.57,True,synthetic_scenario_generator,26006
2020-03-07,IND_GAN,BULK_01,True,False,27.19,True,synthetic_scenario_generator,26006
2020-03-08,IND_GAN,BULK_01,True,False,19.71,True,synthetic_scenario_generator,26006
2020-03-09,IND_GAN,BULK_01,True,False,14.56,True,synthetic_scenario_generator,26006
2020-03-10,IND_GAN,BULK_01,True,False,19.43,True,synthetic_scenario_generator,26006
2020-03-11,IND_GAN,BULK_01,True,False,10.62,True,synthetic_scenario_generator,26006
2020-03-12,IND_GAN,BULK_01,True,False,21.63,True,synthetic_scenario_generator,26006
2020-03-13,IND_GAN,BULK_01,True,False,8.33,True,synthetic_scenario_generator,26006
2020-03-14,IND_GAN,BULK_01,True,False,26.04,True,synthetic_scenario_generator,26006
2020-03-15,IND_GAN,BULK_01,False,True,26.97,True,synthetic_scenario_generator,26006
2020-03-16,IND_GAN,BULK_01,True,False,20.16,True,synthetic_scenario_generator,26006
2020-03-17,IND_GAN,BULK_01,True,False,8.08,True,synthetic_scenario_generator,26006
2020-03-18,IND_GAN,BULK_01,True,False,17.61,True,synthetic_scenario_generator,26006
2020-03-19,IND_GAN,BULK_01,True,False,20.69,True,synthetic_scenario_generator,26006
2020-03-20,IND_GAN,BULK_01,True,False,11.64,True,synthetic_scenario_generator,26006
2020-03-21,IND_GAN,BULK_01,True,False,20.14,True,synthetic_scenario_generator,26006
2020-03-22,IND_GAN,BULK_01,True,False,18.94,True,synthetic_scenario_generator,26006
2020-03-23,IND_GAN,BULK_01,True,False,27.66,True,synthetic_scenario_generator,26006
2020-03-24,IND_GAN,BULK_01,True,False,13.06,True,synthetic_scenario_generator,26006
2020-03-25,IND_GAN,BULK_01,True,False,18.77,True,synthetic_scenario_generator,26006
2020-03-26,IND_GAN,BULK_01,True,False,14.55,True,synthetic_scenario_generator,26006
2020-03-27,IND_GAN,BULK_01,True,False,19.69,True,synthetic_scenario_generator,26006
2020-03-28,IND_GAN,BULK_01,True,False,9.55,True,synthetic_scenario_generator,26006
2020-03-29,IND_GAN,BULK_01,True,False,12.76,True,synthetic_scenario_generator,26006
2020-03-30,IND_GAN,BULK_01,True,False,10.69,True,synthetic_scenario_generator,26006
2020-03-31,IND_GAN,BULK_01,True,False,17.19,True,synthetic_scenario_generator,26006
2020-04-01,IND_GAN,BULK_01,True,False,14.19,True,synthetic_scenario_generator,26006
2020-04-02,IND_GAN,BULK_01,True,False,9.28,True,synthetic_scenario_generator,26006
2020-04-03,IND_GAN,BULK_01,True,False,14.63,True,synthetic_scenario_generator,26006
2020-04-04,IND_GAN,BULK_01,True,False,20.16,True,synthetic_scenario_generator,26006
2020-04-05,IND_GAN,BULK_01,True,False,6.76,True,synthetic_scenario_generator,26006
2020-04-06,IND_GAN,BULK_01,True,False,17.96,True,synthetic_scenario_generator,26006
2020-04-07,IND_GAN,BULK_01,True,False,19.45,True,synthetic_scenario_generator,26006
2020-04-08,IND_GAN,BULK_01,True,False,11.19,True,synthetic_scenario_generator,26006
2020-04-09,IND_GAN,BULK_01,True,False,22.89,True,synthetic_scenario_generator,26006
2020-04-10,IND_GAN,BULK_01,True,False,17.58,True,synthetic_scenario_generator,26006
2020-04-11,IND_GAN,BULK_01,True,False,5.91,True,synthetic_scenario_generator,26006
2020-04-12,IND_GAN,BULK_01,True,False,18.42,True,synthetic_scenario_generator,26006
2020-04-13,IND_GAN,BULK_01,True,False,21.99,True,synthetic_scenario_generator,26006
2020-04-14,IND_GAN,BULK_01,True,False,12.26,True,synthetic_scenario_generator,26006
2020-04-15,IND_GAN,BULK_01,True,False,24.77,True,synthetic_scenario_generator,26006
2020-04-16,IND_GAN,BULK_01,True,False,22.63,True,synthetic_scenario_generator,26006
2020-04-17,IND_GAN,BULK_01,True,False,29.66,True,synthetic_scenario_generator,26006
2020-04-18,IND_GAN,BULK_01,True,False,13.05,True,synthetic_scenario_generator,26006
2020-04-19,IND_GAN,BULK_01,True,False,23.35,True,synthetic_scenario_generator,26006
2020-04-20,IND_GAN,BULK_01,True,False,28.36,True,synthetic_scenario_generator,26006
2020-04-21,IND_GAN,BULK_01,True,False,24.88,True,synthetic_scenario_generator,26006
2020-04-22,IND_GAN,BULK_01,True,False,21.05,True,synthetic_scenario_generator,26006
2020-04-23,IND_GAN,BULK_01,True,False,28.47,True,synthetic_scenario_generator,26006
2020-04-24,IND_GAN,BULK_01,True,False,24.16,True,synthetic_scenario_generator,26006
2020-04-25,IND_GAN,BULK_01,True,False,26.06,True,synthetic_scenario_generator,26006
2020-04-26,IND_GAN,BULK_01,True,False,19.37,True,synthetic_scenario_generator,26006
2020-04-27,IND_GAN,BULK_01,True,False,22.52,True,synthetic_scenario_generator,26006
2020-04-28,IND_GAN,BULK_01,True,False,31.29,True,synthetic_scenario_generator,26006
2020-04-29,IND_GAN,BULK_01,True,False,30.76,True,synthetic_scenario_generator,26006
2020-04-30,IND_GAN,BULK_01,True,False,20.92,True,synthetic_scenario_generator,26006
2020-05-01,IND_GAN,BULK_01,True,False,32.87,True,synthetic_scenario_generator,26006
2020-05-02,IND_GAN,BULK_01,True,False,25.15,True,synthetic_scenario_generator,26006
2020-05-03,IND_GAN,BULK_01,True,False,26.66,True,synthetic_scenario_generator,26006
2020-05-04,IND_GAN,BULK_01,True,False,36.07,True,synthetic_scenario_generator,26006
2020-05-05,IND_GAN,BULK_01,True,False,35.02,True,synthetic_scenario_generator,26006
2020-05-06,IND_GAN,BULK_01,True,False,31.06,True,synthetic_scenario_generator,26006
2020-05-07,IND_GAN,BULK_01,True,False,26.0,True,synthetic_scenario_generator,26006
2020-05-08,IND_GAN,BULK_01,True,False,31.23,True,synthetic_scenario_generator,26006
2020-05-09,IND_GAN,BULK_01,True,False,37.06,True,synthetic_scenario_generator,26006
2020-05-10,IND_GAN,BULK_01,True,False,27.92,True,synthetic_scenario_generator,26006
2020-05-11,IND_GAN,BULK_01,True,False,19.4,True,synthetic_scenario_generator,26006
2020-05-12,IND_GAN,BULK_01,True,False,35.28,True,synthetic_scenario_generator,26006
2020-05-13,IND_GAN,BULK_01,True,False,36.67,True,synthetic_scenario_generator,26006
2020-05-14,IND_GAN,BULK_01,True,False,35.43,True,synthetic_scenario_generator,26006
2020-05-15,IND_GAN,BULK_01,True,False,33.83,True,synthetic_scenario_generator,26006
2020-05-16,IND_GAN,BULK_01,True,False,33.77,True,synthetic_scenario_generator,26006
2020-05-17,IND_GAN,BULK_01,True,False,29.64,True,synthetic_scenario_generator,26006
2020-05-18,IND_GAN,BULK_01,True,False,21.01,True,synthetic_scenario_generator,26006
2020-05-19,IND_GAN,BULK_01,True,False,28.55,True,synthetic_scenario_generator,26006
2020-05-20,IND_GAN,BULK_01,True,False,34.03,True,synthetic_scenario_generator,26006
2020-05-21,IND_GAN,BULK_01,True,False,31.55,True,synthetic_scenario_generator,26006
2020-05-22,IND_GAN,BULK_01,True,False,36.84,True,synthetic_scenario_generator,26006
2020-05-23,IND_GAN,BULK_01,True,False,33.97,True,synthetic_scenario_generator,26006
2020-05-24,IND_GAN,BULK_01,True,False,24.07,True,synthetic_scenario_generator,26006
2020-05-25,IND_GAN,BULK_01,True,False,32.52,True,synthetic_scenario_generator,26006
2020-05-26,IND_GAN,BULK_01,True,False,30.41,True,synthetic_scenario_generator,26006
2020-05-27,IND_GAN,BULK_01,True,False,27.47,True,synthetic_scenario_generator,26006
2020-05-28,IND_GAN,BULK_01,True,False,30.22,True,synthetic_scenario_generator,26006
2020-05-29,IND_GAN,BULK_01,True,False,30.84,True,synthetic_scenario_generator,26006
2020-05-30,IND_GAN,BULK_01,True,False,33.63,True,synthetic_scenario_generator,26006
2020-05-31,IND_GAN,BULK_01,True,False,27.91,True,synthetic_scenario_generator,26006
2020-06-01,IND_GAN,BULK_01,True,False,32.0,True,synthetic_scenario_generator,26006
2020-06-02,IND_GAN,BULK_01,True,False,19.58,True,synthetic_scenario_generator,26006
2020-06-03,IND_GAN,BULK_01,True,False,22.04,True,synthetic_scenario_generator,26006
2020-06-04,IND_GAN,BULK_01,True,False,23.45,True,synthetic_scenario_generator,26006
2020-06-05,IND_GAN,BULK_01,True,False,30.23,True,synthetic_scenario_generator,26006
2020-06-06,IND_GAN,BULK_01,True,False,34.05,True,synthetic_scenario_generator,26006
2020-06-07,IND_GAN,BULK_01,True,False,19.57,True,synthetic_scenario_generator,26006
2020-06-08,IND_GAN,BULK_01,True,False,20.96,True,synthetic_scenario_generator,26006
2020-06-09,IND_GAN,BULK_01,True,False,19.95,True,synthetic_scenario_generator,26006
2020-06-10,IND_GAN,BULK_01,True,False,17.82,True,synthetic_scenario_generator,26006
2020-06-11,IND_GAN,BULK_01,True,False,16.56,True,synthetic_scenario_generator,26006
2020-06-12,IND_GAN,BULK_01,True,False,27.25,True,synthetic_scenario_generator,26006
2020-06-13,IND_GAN,BULK_01,True,False,21.95,True,synthetic_scenario_generator,26006
2020-06-14,IND_GAN,BULK_01,True,False,26.2,True,synthetic_scenario_generator,26006
2020-06-15,IND_GAN,BULK_01,True,False,33.44,True,synthetic_scenario_generator,26006
2020-06-16,IND_GAN,BULK_01,True,False,23.12,True,synthetic_scenario_generator,26006
2020-06-17,IND_GAN,BULK_01,True,False,23.9,True,synthetic_scenario_generator,26006
2020-06-18,IND_GAN,BULK_01,True,False,23.6,True,synthetic_scenario_generator,26006
2020-06-19,IND_GAN,BULK_01,True,False,33.64,True,synthetic_scenario_generator,26006
2020-06-20,IND_GAN,BULK_01,True,False,5.41,True,synthetic_scenario_generator,26006
2020-06-21,IND_GAN,BULK_01,True,False,16.0,True,synthetic_scenario_generator,26006
2020-06-22,IND_GAN,BULK_01,True,False,11.35,True,synthetic_scenario_generator,26006
2020-06-23,IND_GAN,BULK_01,True,False,20.4,True,synthetic_scenario_generator,26006
2020-06-24,IND_GAN,BULK_01,True,False,15.87,True,synthetic_scenario_generator,26006
2020-06-25,IND_GAN,BULK_01,True,False,8.14,True,synthetic_scenario_generator,26006
2020-06-26,IND_GAN,BULK_01,True,False,17.37,True,synthetic_scenario_generator,26006
2020-06-27,IND_GAN,BULK_01,True,False,22.48,True,synthetic_scenario_generator,26006
2020-06-28,IND_GAN,BULK_01,True,False,9.55,True,synthetic_scenario_generator,26006
2020-06-29,IND_GAN,BULK_01,True,False,14.21,True,synthetic_scenario_generator,26006
2020-06-30,IND_GAN,BULK_01,True,False,13.72,True,synthetic_scenario_generator,26006
2020-07-01,IND_GAN,BULK_01,True,False,9.84,True,synthetic_scenario_generator,26006
2020-07-02,IND_GAN,BULK_01,True,False,17.38,True,synthetic_scenario_generator,26006
2020-07-03,IND_GAN,BULK_01,True,False,15.14,True,synthetic_scenario_generator,26006
2020-07-04,IND_GAN,BULK_01,True,False,20.54,True,synthetic_scenario_generator,26006
2020-07-05,IND_GAN,BULK_01,True,False,10.14,True,synthetic_scenario_generator,26006
2020-07-06,IND_GAN,BULK_01,True,False,13.29,True,synthetic_scenario_generator,26006
2020-07-07,IND_GAN,BULK_01,True,False,15.84,True,synthetic_scenario_generator,26006
2020-07-08,IND_GAN,BULK_01,True,False,26.52,True,synthetic_scenario_generator,26006
2020-07-09,IND_GAN,BULK_01,True,False,19.72,True,synthetic_scenario_generator,26006
2020-07-10,IND_GAN,BULK_01,True,False,17.96,True,synthetic_scenario_generator,26006
2020-07-11,IND_GAN,BULK_01,True,False,24.52,True,synthetic_scenario_generator,26006
2020-07-12,IND_GAN,BULK_01,True,False,16.24,True,synthetic_scenario_generator,26006
2020-07-13,IND_GAN,BULK_01,True,False,16.17,True,synthetic_scenario_generator,26006
2020-07-14,IND_GAN,BULK_01,True,False,20.54,True,synthetic_scenario_generator,26006
2020-07-15,IND_GAN,BULK_01,True,False,26.16,True,synthetic_scenario_generator,26006
2020-07-16,IND_GAN,BULK_01,True,False,14.32,True,synthetic_scenario_generator,26006
2020-07-17,IND_GAN,BULK_01,True,False,28.8,True,synthetic_scenario_generator,26006
2020-07-18,IND_GAN,BULK_01,True,False,17.74,True,synthetic_scenario_generator,26006
2020-07-19,IND_GAN,BULK_01,True,False,19.21,True,synthetic_scenario_generator,26006
2020-07-20,IND_GAN,BULK_01,True,False,25.49,True,synthetic_scenario_generator,26006
2020-07-21,IND_GAN,BULK_01,True,False,30.61,True,synthetic_scenario_generator,26006
2020-07-22,IND_GAN,BULK_01,True,False,27.66,True,synthetic_scenario_generator,26006
2020-07-23,IND_GAN,BULK_01,True,False,22.62,True,synthetic_scenario_generator,26006
2020-07-24,IND_GAN,BULK_01,True,False,29.51,True,synthetic_scenario_generator,26006
2020-07-25,IND_GAN,BULK_01,True,False,41.25,True,synthetic_scenario_generator,26006
2020-07-26,IND_GAN,BULK_01,True,False,29.39,True,synthetic_scenario_generator,26006
2020-07-27,IND_GAN,BULK_01,True,False,33.4,True,synthetic_scenario_generator,26006
2020-07-28,IND_GAN,BULK_01,True,False,37.35,True,synthetic_scenario_generator,26006
2020-07-29,IND_GAN,BULK_01,True,False,25.65,True,synthetic_scenario_generator,26006
2020-07-30,IND_GAN,BULK_01,True,False,32.27,True,synthetic_scenario_generator,26006
2020-07-31,IND_GAN,BULK_01,True,False,32.35,True,synthetic_scenario_generator,26006
2020-08-01,IND_GAN,BULK_01,True,False,32.3,True,synthetic_scenario_generator,26006
2020-08-02,IND_GAN,BULK_01,True,False,26.51,True,synthetic_scenario_generator,26006
2020-08-03,IND_GAN,BULK_01,True,False,30.59,True,synthetic_scenario_generator,26006
2020-08-04,IND_GAN,BULK_01,True,False,26.94,True,synthetic_scenario_generator,26006
2020-08-05,IND_GAN,BULK_01,True,False,31.98,True,synthetic_scenario_generator,26006
2020-08-06,IND_GAN,BULK_01,True,False,40.03,True,synthetic_scenario_generator,26006
2020-08-07,IND_GAN,BULK_01,True,False,32.58,True,synthetic_scenario_generator,26006
2020-08-08,IND_GAN,BULK_01,True,False,29.23,True,synthetic_scenario_generator,26006
2020-08-09,IND_GAN,BULK_01,True,False,40.28,True,synthetic_scenario_generator,26006
2020-08-10,IND_GAN,BULK_01,True,False,38.22,True,synthetic_scenario_generator,26006
2020-08-11,IND_GAN,BULK_01,True,False,29.33,True,synthetic_scenario_generator,26006
2020-08-12,IND_GAN,BULK_01,True,False,35.17,True,synthetic_scenario_generator,26006
2020-08-13,IND_GAN,BULK_01,True,False,24.06,True,synthetic_scenario_generator,26006
2020-08-14,IND_GAN,BULK_01,True,False,40.63,True,synthetic_scenario_generator,26006
2020-08-15,IND_GAN,BULK_01,True,False,30.52,True,synthetic_scenario_generator,26006
2020-08-16,IND_GAN,BULK_01,True,False,38.63,True,synthetic_scenario_generator,26006
2020-08-17,IND_GAN,BULK_01,True,False,34.43,True,synthetic_scenario_generator,26006
2020-08-18,IND_GAN,BULK_01,True,False,33.61,True,synthetic_scenario_generator,26006
2020-08-19,IND_GAN,BULK_01,True,False,40.3,True,synthetic_scenario_generator,26006
2020-08-20,IND_GAN,BULK_01,True,False,22.43,True,synthetic_scenario_generator,26006
2020-08-21,IND_GAN,BULK_01,True,False,30.75,True,synthetic_scenario_generator,26006
2020-08-22,IND_GAN,BULK_01,True,False,29.42,True,synthetic_scenario_generator,26006
2020-08-23,IND_GAN,BULK_01,True,False,27.59,True,synthetic_scenario_generator,26006
2020-08-24,IND_GAN,BULK_01,True,False,24.09,True,synthetic_scenario_generator,26006
2020-08-25,IND_GAN,BULK_01,True,False,37.94,True,synthetic_scenario_generator,26006
2020-08-26,IND_GAN,BULK_01,True,False,36.38,True,synthetic_scenario_generator,26006
2020-08-27,IND_GAN,BULK_01,True,False,33.7,True,synthetic_scenario_generator,26006
2020-08-28,IND_GAN,BULK_01,True,False,39.8,True,synthetic_scenario_generator,26006
2020-08-29,IND_GAN,BULK_01,True,False,38.16,True,synthetic_scenario_generator,26006
2020-08-30,IND_GAN,BULK_01,True,False,27.32,True,synthetic_scenario_generator,26006
2020-08-31,IND_GAN,BULK_01,True,False,30.88,True,synthetic_scenario_generator,26006
2020-09-01,IND_GAN,BULK_01,True,False,19.69,True,synthetic_scenario_generator,26006
2020-09-02,IND_GAN,BULK_01,True,False,25.72,True,synthetic_scenario_generator,26006
2020-09-03,IND_GAN,BULK_01,True,False,28.49,True,synthetic_scenario_generator,26006
2020-09-04,IND_GAN,BULK_01,True,False,29.11,True,synthetic_scenario_generator,26006
2020-09-05,IND_GAN,BULK_01,True,False,33.38,True,synthetic_scenario_generator,26006
2020-09-06,IND_GAN,BULK_01,True,False,30.81,True,synthetic_scenario_generator,26006
2020-09-07,IND_GAN,BULK_01,True,False,34.58,True,synthetic_scenario_generator,26006
2020-09-08,IND_GAN,BULK_01,True,False,33.57,True,synthetic_scenario_generator,26006
2020-09-09,IND_GAN,BULK_01,True,False,33.07,True,synthetic_scenario_generator,26006
2020-09-10,IND_GAN,BULK_01,True,False,21.88,True,synthetic_scenario_generator,26006
2020-09-11,IND_GAN,BULK_01,True,False,24.76,True,synthetic_scenario_generator,26006
2020-09-12,IND_GAN,BULK_01,True,False,19.83,True,synthetic_scenario_generator,26006
2020-09-13,IND_GAN,BULK_01,True,False,21.57,True,synthetic_scenario_generator,26006
2020-09-14,IND_GAN,BULK_01,True,False,22.31,True,synthetic_scenario_generator,26006
2020-09-15,IND_GAN,BULK_01,False,True,27.39,True,synthetic_scenario_generator,26006
2020-09-16,IND_GAN,BULK_01,True,False,24.51,True,synthetic_scenario_generator,26006
2020-09-17,IND_GAN,BULK_01,True,False,17.72,True,synthetic_scenario_generator,26006
2020-09-18,IND_GAN,BULK_01,True,False,17.78,True,synthetic_scenario_generator,26006
2020-09-19,IND_GAN,BULK_01,True,False,18.59,True,synthetic_scenario_generator,26006
2020-09-20,IND_GAN,BULK_01,True,False,21.16,True,synthetic_scenario_generator,26006
2020-09-21,IND_GAN,BULK_01,True,False,14.1,True,synthetic_scenario_generator,26006
2020-09-22,IND_GAN,BULK_01,True,False,16.04,True,synthetic_scenario_generator,26006
2020-09-23,IND_GAN,BULK_01,True,False,5.48,True,synthetic_scenario_generator,26006
2020-09-24,IND_GAN,BULK_01,True,False,18.41,True,synthetic_scenario_generator,26006
2020-09-25,IND_GAN,BULK_01,True,False,24.04,True,synthetic_scenario_generator,26006
2020-09-26,IND_GAN,BULK_01,True,False,4.9,True,synthetic_scenario_generator,26006
2020-09-27,IND_GAN,BULK_01,True,False,12.24,True,synthetic_scenario_generator,26006
2020-09-28,IND_GAN,BULK_01,True,False,18.04,True,synthetic_scenario_generator,26006
2020-09-29,IND_GAN,BULK_01,True,False,29.38,True,synthetic_scenario_generator,26006
2020-09-30,IND_GAN,BULK_01,True,False,9.29,True,synthetic_scenario_generator,26006
2020-10-01,IND_GAN,BULK_01,True,False,24.31,True,synthetic_scenario_generator,26006
2020-10-02,IND_GAN,BULK_01,True,False,20.24,True,synthetic_scenario_generator,26006
2020-10-03,IND_GAN,BULK_01,True,False,24.26,True,synthetic_scenario_generator,26006
2020-10-04,IND_GAN,BULK_01,True,False,22.47,True,synthetic_scenario_generator,26006
2020-10-05,IND_GAN,BULK_01,True,False,17.01,True,synthetic_scenario_generator,26006
2020-10-06,IND_GAN,BULK_01,True,False,14.37,True,synthetic_scenario_generator,26006
2020-10-07,IND_GAN,BULK_01,True,False,10.79,True,synthetic_scenario_generator,26006
2020-10-08,IND_GAN,BULK_01,True,False,22.47,True,synthetic_scenario_generator,26006
2020-10-09,IND_GAN,BULK_01,True,False,12.48,True,synthetic_scenario_generator,26006
2020-10-10,IND_GAN,BULK_01,True,False,24.61,True,synthetic_scenario_generator,26006
2020-10-11,IND_GAN,BULK_01,True,False,16.47,True,synthetic_scenario_generator,26006
2020-10-12,IND_GAN,BULK_01,True,False,19.8,True,synthetic_scenario_generator,26006
2020-10-13,IND_GAN,BULK_01,True,False,22.81,True,synthetic_scenario_generator,26006
2020-10-14,IND_GAN,BULK_01,True,False,26.02,True,synthetic_scenario_generator,26006
2020-10-15,IND_GAN,BULK_01,True,False,10.86,True,synthetic_scenario_generator,26006
2020-10-16,IND_GAN,BULK_01,True,False,28.14,True,synthetic_scenario_generator,26006
2020-10-17,IND_GAN,BULK_01,True,False,28.78,True,synthetic_scenario_generator,26006
2020-10-18,IND_GAN,BULK_01,True,False,27.94,True,synthetic_scenario_generator,26006
2020-10-19,IND_GAN,BULK_01,True,False,26.74,True,synthetic_scenario_generator,26006
2020-10-20,IND_GAN,BULK_01,True,False,27.34,True,synthetic_scenario_generator,26006
2020-10-21,IND_GAN,BULK_01,True,False,27.85,True,synthetic_scenario_generator,26006
2020-10-22,IND_GAN,BULK_01,True,False,24.1,True,synthetic_scenario_generator,26006
2020-10-23,IND_GAN,BULK_01,True,False,27.54,True,synthetic_scenario_generator,26006
2020-10-24,IND_GAN,BULK_01,True,False,24.58,True,synthetic_scenario_generator,26006
2020-10-25,IND_GAN,BULK_01,True,False,36.06,True,synthetic_scenario_generator,26006
2020-10-26,IND_GAN,BULK_01,True,False,22.62,True,synthetic_scenario_generator,26006
2020-10-27,IND_GAN,BULK_01,True,False,32.3,True,synthetic_scenario_generator,26006
2020-10-28,IND_GAN,BULK_01,True,False,28.35,True,synthetic_scenario_generator,26006
2020-10-29,IND_GAN,BULK_01,True,False,28.1,True,synthetic_scenario_generator,26006
2020-10-30,IND_GAN,BULK_01,True,False,28.43,True,synthetic_scenario_generator,26006
2020-10-31,IND_GAN,BULK_01,True,False,25.66,True,synthetic_scenario_generator,26006
2020-11-01,IND_GAN,BULK_01,True,False,23.77,True,synthetic_scenario_generator,26006
2020-11-02,IND_GAN,BULK_01,True,False,35.17,True,synthetic_scenario_generator,26006
2020-11-03,IND_GAN,BULK_01,True,False,30.34,True,synthetic_scenario_generator,26006
2020-11-04,IND_GAN,BULK_01,True,False,32.36,True,synthetic_scenario_generator,26006
2020-11-05,IND_GAN,BULK_01,True,False,34.53,True,synthetic_scenario_generator,26006
2020-11-06,IND_GAN,BULK_01,True,False,21.65,True,synthetic_scenario_generator,26006
2020-11-07,IND_GAN,BULK_01,True,False,36.5,True,synthetic_scenario_generator,26006
2020-11-08,IND_GAN,BULK_01,True,False,49.86,True,synthetic_scenario_generator,26006
2020-11-09,IND_GAN,BULK_01,True,False,31.33,True,synthetic_scenario_generator,26006
2020-11-10,IND_GAN,BULK_01,True,False,35.49,True,synthetic_scenario_generator,26006
2020-11-11,IND_GAN,BULK_01,True,False,34.38,True,synthetic_scenario_generator,26006
2020-11-12,IND_GAN,BULK_01,True,False,36.1,True,synthetic_scenario_generator,26006
2020-11-13,IND_GAN,BULK_01,True,False,28.11,True,synthetic_scenario_generator,26006
2020-11-14,IND_GAN,BULK_01,True,False,42.29,True,synthetic_scenario_generator,26006
2020-11-15,IND_GAN,BULK_01,True,False,36.52,True,synthetic_scenario_generator,26006
2020-11-16,IND_GAN,BULK_01,True,False,26.33,True,synthetic_scenario_generator,26006
2020-11-17,IND_GAN,BULK_01,True,False,38.62,True,synthetic_scenario_generator,26006
2020-11-18,IND_GAN,BULK_01,True,False,33.79,True,synthetic_scenario_generator,26006
2020-11-19,IND_GAN,BULK_01,True,False,33.12,True,synthetic_scenario_generator,26006
2020-11-20,IND_GAN,BULK_01,True,False,39.01,True,synthetic_scenario_generator,26006
2020-11-21,IND_GAN,BULK_01,True,False,29.03,True,synthetic_scenario_generator,26006
2020-11-22,IND_GAN,BULK_01,True,False,29.44,True,synthetic_scenario_generator,26006
2020-11-23,IND_GAN,BULK_01,True,False,24.73,True,synthetic_scenario_generator,26006
2020-11-24,IND_GAN,BULK_01,True,False,32.21,True,synthetic_scenario_generator,26006
2020-11-25,IND_GAN,BULK_01,True,False,26.89,True,synthetic_scenario_generator,26006
2020-11-26,IND_GAN,BULK_01,True,False,24.68,True,synthetic_scenario_generator,26006
2020-11-27,IND_GAN,BULK_01,True,False,26.22,True,synthetic_scenario_generator,26006
2020-11-28,IND_GAN,BULK_01,True,False,25.47,True,synthetic_scenario_generator,26006
2020-11-29,IND_GAN,BULK_01,True,False,26.72,True,synthetic_scenario_generator,26006
2020-11-30,IND_GAN,BULK_01,True,False,21.23,True,synthetic_scenario_generator,26006
2020-12-01,IND_GAN,BULK_01,True,False,24.28,True,synthetic_scenario_generator,26006
2020-12-02,IND_GAN,BULK_01,True,False,22.41,True,synthetic_scenario_generator,26006
2020-12-03,IND_GAN,BULK_01,True,False,19.69,True,synthetic_scenario_generator,26006
2020-12-04,IND_GAN,BULK_01,True,False,21.31,True,synthetic_scenario_generator,26006
2020-12-05,IND_GAN,BULK_01,True,False,20.37,True,synthetic_scenario_generator,26006
2020-12-06,IND_GAN,BULK_01,True,False,28.12,True,synthetic_scenario_generator,26006
2020-12-07,IND_GAN,BULK_01,True,False,27.66,True,synthetic_scenario_generator,26006
2020-12-08,IND_GAN,BULK_01,True,False,25.06,True,synthetic_scenario_generator,26006
2020-12-09,IND_GAN,BULK_01,True,False,18.0,True,synthetic_scenario_generator,26006
2020-12-10,IND_GAN,BULK_01,True,False,19.33,True,synthetic_scenario_generator,26006
2020-12-11,IND_GAN,BULK_01,True,False,21.28,True,synthetic_scenario_generator,26006
2020-12-12,IND_GAN,BULK_01,True,False,17.58,True,synthetic_scenario_generator,26006
2020-12-13,IND_GAN,BULK_01,True,False,23.13,True,synthetic_scenario_generator,26006
2020-12-14,IND_GAN,BULK_01,True,False,14.27,True,synthetic_scenario_generator,26006
2020-12-15,IND_GAN,BULK_01,True,False,17.52,True,synthetic_scenario_generator,26006
2020-12-16,IND_GAN,BULK_01,True,False,32.18,True,synthetic_scenario_generator,26006
2020-12-17,IND_GAN,BULK_01,True,False,6.52,True,synthetic_scenario_generator,26006
2020-12-18,IND_GAN,BULK_01,True,False,17.6,True,synthetic_scenario_generator,26006
2020-12-19,IND_GAN,BULK_01,True,False,19.65,True,synthetic_scenario_generator,26006
2020-12-20,IND_GAN,BULK_01,True,False,9.81,True,synthetic_scenario_generator,26006
2020-12-21,IND_GAN,BULK_01,True,False,10.3,True,synthetic_scenario_generator,26006
2020-12-22,IND_GAN,BULK_01,True,False,8.69,True,synthetic_scenario_generator,26006
2020-12-23,IND_GAN,BULK_01,True,False,20.38,True,synthetic_scenario_generator,26006
2020-12-24,IND_GAN,BULK_01,True,False,16.16,True,synthetic_scenario_generator,26006
2020-12-25,IND_GAN,BULK_01,True,False,8.69,True,synthetic_scenario_generator,26006
2020-12-26,IND_GAN,BULK_01,True,False,17.36,True,synthetic_scenario_generator,26006
2020-12-27,IND_GAN,BULK_01,True,False,16.43,True,synthetic_scenario_generator,26006
2020-12-28,IND_GAN,BULK_01,True,False,13.59,True,synthetic_scenario_generator,26006
2020-12-29,IND_GAN,BULK_01,True,False,26.05,True,synthetic_scenario_generator,26006
2020-12-30,IND_GAN,BULK_01,True,False,14.03,True,synthetic_scenario_generator,26006
2020-12-31,IND_GAN,BULK_01,True,False,14.94,True,synthetic_scenario_generator,26006
2021-01-01,IND_GAN,BULK_01,True,False,20.79,True,synthetic_scenario_generator,26006
2021-01-02,IND_GAN,BULK_01,True,False,9.21,True,synthetic_scenario_generator,26006
2021-01-03,IND_GAN,BULK_01,True,False,11.22,True,synthetic_scenario_generator,26006
2021-01-04,IND_GAN,BULK_01,True,False,12.54,True,synthetic_scenario_generator,26006
2021-01-05,IND_GAN,BULK_01,True,False,9.16,True,synthetic_scenario_generator,26006
2021-01-06,IND_GAN,BULK_01,True,False,16.39,True,synthetic_scenario_generator,26006
2021-01-07,IND_GAN,BULK_01,True,False,14.26,True,synthetic_scenario_generator,26006
2021-01-08,IND_GAN,BULK_01,True,False,14.68,True,synthetic_scenario_generator,26006
2021-01-09,IND_GAN,BULK_01,True,False,15.8,True,synthetic_scenario_generator,26006
2021-01-10,IND_GAN,BULK_01,True,False,13.28,True,synthetic_scenario_generator,26006
2021-01-11,IND_GAN,BULK_01,True,False,22.44,True,synthetic_scenario_generator,26006
2021-01-12,IND_GAN,BULK_01,True,False,26.32,True,synthetic_scenario_generator,26006
2021-01-13,IND_GAN,BULK_01,True,False,21.73,True,synthetic_scenario_generator,26006
2021-01-14,IND_GAN,BULK_01,True,False,18.62,True,synthetic_scenario_generator,26006
2021-01-15,IND_GAN,BULK_01,True,False,24.11,True,synthetic_scenario_generator,26006
2021-01-16,IND_GAN,BULK_01,True,False,26.13,True,synthetic_scenario_generator,26006
2021-01-17,IND_GAN,BULK_01,True,False,16.59,True,synthetic_scenario_generator,26006
2021-01-18,IND_GAN,BULK_01,True,False,25.82,True,synthetic_scenario_generator,26006
2021-01-19,IND_GAN,BULK_01,True,False,19.99,True,synthetic_scenario_generator,26006
2021-01-20,IND_GAN,BULK_01,True,False,25.81,True,synthetic_scenario_generator,26006
2021-01-21,IND_GAN,BULK_01,True,False,35.39,True,synthetic_scenario_generator,26006
2021-01-22,IND_GAN,BULK_01,True,False,26.57,True,synthetic_scenario_generator,26006
2021-01-23,IND_GAN,BULK_01,True,False,18.14,True,synthetic_scenario_generator,26006
2021-01-24,IND_GAN,BULK_01,True,False,15.35,True,synthetic_scenario_generator,26006
2021-01-25,IND_GAN,BULK_01,True,False,24.14,True,synthetic_scenario_generator,26006
2021-01-26,IND_GAN,BULK_01,True,False,26.74,True,synthetic_scenario_generator,26006
2021-01-27,IND_GAN,BULK_01,True,False,31.22,True,synthetic_scenario_generator,26006
2021-01-28,IND_GAN,BULK_01,True,False,24.72,True,synthetic_scenario_generator,26006
2021-01-29,IND_GAN,BULK_01,True,False,35.6,True,synthetic_scenario_generator,26006
2021-01-30,IND_GAN,BULK_01,True,False,30.98,True,synthetic_scenario_generator,26006
2021-01-31,IND_GAN,BULK_01,True,False,28.8,True,synthetic_scenario_generator,26006
2021-02-01,IND_GAN,BULK_01,True,False,23.25,True,synthetic_scenario_generator,26006
2021-02-02,IND_GAN,BULK_01,True,False,32.38,True,synthetic_scenario_generator,26006
2021-02-03,IND_GAN,BULK_01,True,False,27.6,True,synthetic_scenario_generator,26006
2021-02-04,IND_GAN,BULK_01,True,False,35.75,True,synthetic_scenario_generator,26006
2021-02-05,IND_GAN,BULK_01,True,False,27.45,True,synthetic_scenario_generator,26006
2021-02-06,IND_GAN,BULK_01,True,False,33.71,True,synthetic_scenario_generator,26006
2021-02-07,IND_GAN,BULK_01,True,False,25.74,True,synthetic_scenario_generator,26006
2021-02-08,IND_GAN,BULK_01,True,False,29.66,True,synthetic_scenario_generator,26006
2021-02-09,IND_GAN,BULK_01,True,False,28.01,True,synthetic_scenario_generator,26006
2021-02-10,IND_GAN,BULK_01,True,False,37.79,True,synthetic_scenario_generator,26006
2021-02-11,IND_GAN,BULK_01,True,False,29.21,True,synthetic_scenario_generator,26006
2021-02-12,IND_GAN,BULK_01,True,False,35.03,True,synthetic_scenario_generator,26006
2021-02-13,IND_GAN,BULK_01,True,False,30.28,True,synthetic_scenario_generator,26006
2021-02-14,IND_GAN,BULK_01,True,False,22.79,True,synthetic_scenario_generator,26006
2021-02-15,IND_GAN,BULK_01,True,False,31.02,True,synthetic_scenario_generator,26006
2021-02-16,IND_GAN,BULK_01,True,False,24.25,True,synthetic_scenario_generator,26006
2021-02-17,IND_GAN,BULK_01,True,False,27.75,True,synthetic_scenario_generator,26006
2021-02-18,IND_GAN,BULK_01,True,False,24.82,True,synthetic_scenario_generator,26006
2021-02-19,IND_GAN,BULK_01,True,False,28.75,True,synthetic_scenario_generator,26006
2021-02-20,IND_GAN,BULK_01,True,False,36.43,True,synthetic_scenario_generator,26006
2021-02-21,IND_GAN,BULK_01,True,False,30.33,True,synthetic_scenario_generator,26006
2021-02-22,IND_GAN,BULK_01,True,False,23.83,True,synthetic_scenario_generator,26006
2021-02-23,IND_GAN,BULK_01,True,False,29.26,True,synthetic_scenario_generator,26006
2021-02-24,IND_GAN,BULK_01,True,False,19.01,True,synthetic_scenario_generator,26006
2021-02-25,IND_GAN,BULK_01,True,False,34.48,True,synthetic_scenario_generator,26006
2021-02-26,IND_GAN,BULK_01,True,False,24.51,True,synthetic_scenario_generator,26006
2021-02-27,IND_GAN,BULK_01,True,False,20.28,True,synthetic_scenario_generator,26006
2021-02-28,IND_GAN,BULK_01,True,False,18.67,True,synthetic_scenario_generator,26006
2021-03-01,IND_GAN,BULK_01,True,False,23.42,True,synthetic_scenario_generator,26006
2021-03-02,IND_GAN,BULK_01,True,False,17.43,True,synthetic_scenario_generator,26006
2021-03-03,IND_GAN,BULK_01,True,False,18.08,True,synthetic_scenario_generator,26006
2021-03-04,IND_GAN,BULK_01,True,False,17.66,True,synthetic_scenario_generator,26006
2021-03-05,IND_GAN,BULK_01,True,False,21.77,True,synthetic_scenario_generator,26006
2021-03-06,IND_GAN,BULK_01,True,False,26.39,True,synthetic_scenario_generator,26006
2021-03-07,IND_GAN,BULK_01,True,False,10.2,True,synthetic_scenario_generator,26006
2021-03-08,IND_GAN,BULK_01,True,False,18.48,True,synthetic_scenario_generator,26006
2021-03-09,IND_GAN,BULK_01,True,False,20.57,True,synthetic_scenario_generator,26006
2021-03-10,IND_GAN,BULK_01,True,False,16.51,True,synthetic_scenario_generator,26006
2021-03-11,IND_GAN,BULK_01,True,False,21.84,True,synthetic_scenario_generator,26006
2021-03-12,IND_GAN,BULK_01,True,False,12.05,True,synthetic_scenario_generator,26006
2021-03-13,IND_GAN,BULK_01,True,False,26.18,True,synthetic_scenario_generator,26006
2021-03-14,IND_GAN,BULK_01,True,False,13.29,True,synthetic_scenario_generator,26006
2021-03-15,IND_GAN,BULK_01,False,True,16.36,True,synthetic_scenario_generator,26006
2021-03-16,IND_GAN,BULK_01,True,False,20.26,True,synthetic_scenario_generator,26006
2021-03-17,IND_GAN,BULK_01,True,False,6.34,True,synthetic_scenario_generator,26006
2021-03-18,IND_GAN,BULK_01,True,False,9.19,True,synthetic_scenario_generator,26006
2021-03-19,IND_GAN,BULK_01,True,False,13.6,True,synthetic_scenario_generator,26006
2021-03-20,IND_GAN,BULK_01,True,False,24.22,True,synthetic_scenario_generator,26006
2021-03-21,IND_GAN,BULK_01,True,False,18.62,True,synthetic_scenario_generator,26006
2021-03-22,IND_GAN,BULK_01,True,False,18.74,True,synthetic_scenario_generator,26006
2021-03-23,IND_GAN,BULK_01,True,False,23.21,True,synthetic_scenario_generator,26006
2021-03-24,IND_GAN,BULK_01,True,False,17.53,True,synthetic_scenario_generator,26006
2021-03-25,IND_GAN,BULK_01,True,False,11.81,True,synthetic_scenario_generator,26006
2021-03-26,IND_GAN,BULK_01,True,False,14.53,True,synthetic_scenario_generator,26006
2021-03-27,IND_GAN,BULK_01,True,False,20.05,True,synthetic_scenario_generator,26006
2021-03-28,IND_GAN,BULK_01,True,False,6.96,True,synthetic_scenario_generator,26006
2021-03-29,IND_GAN,BULK_01,True,False,15.18,True,synthetic_scenario_generator,26006
2021-03-30,IND_GAN,BULK_01,True,False,14.18,True,synthetic_scenario_generator,26006
2021-03-31,IND_GAN,BULK_01,True,False,10.5,True,synthetic_scenario_generator,26006
2021-04-01,IND_GAN,BULK_01,True,False,14.45,True,synthetic_scenario_generator,26006
2021-04-02,IND_GAN,BULK_01,True,False,13.95,True,synthetic_scenario_generator,26006
2021-04-03,IND_GAN,BULK_01,True,False,11.31,True,synthetic_scenario_generator,26006
2021-04-04,IND_GAN,BULK_01,True,False,18.19,True,synthetic_scenario_generator,26006
2021-04-05,IND_GAN,BULK_01,True,False,10.95,True,synthetic_scenario_generator,26006
2021-04-06,IND_GAN,BULK_01,True,False,13.16,True,synthetic_scenario_generator,26006
2021-04-07,IND_GAN,BULK_01,True,False,26.44,True,synthetic_scenario_generator,26006
2021-04-08,IND_GAN,BULK_01,True,False,24.58,True,synthetic_scenario_generator,26006
2021-04-09,IND_GAN,BULK_01,True,False,17.35,True,synthetic_scenario_generator,26006
2021-04-10,IND_GAN,BULK_01,True,False,23.61,True,synthetic_scenario_generator,26006
2021-04-11,IND_GAN,BULK_01,True,False,18.94,True,synthetic_scenario_generator,26006
2021-04-12,IND_GAN,BULK_01,True,False,29.37,True,synthetic_scenario_generator,26006
2021-04-13,IND_GAN,BULK_01,True,False,21.4,True,synthetic_scenario_generator,26006
2021-04-14,IND_GAN,BULK_01,True,False,30.58,True,synthetic_scenario_generator,26006
2021-04-15,IND_GAN,BULK_01,True,False,30.92,True,synthetic_scenario_generator,26006
2021-04-16,IND_GAN,BULK_01,True,False,26.89,True,synthetic_scenario_generator,26006
2021-04-17,IND_GAN,BULK_01,True,False,27.48,True,synthetic_scenario_generator,26006
2021-04-18,IND_GAN,BULK_01,True,False,28.28,True,synthetic_scenario_generator,26006
2021-04-19,IND_GAN,BULK_01,True,False,22.43,True,synthetic_scenario_generator,26006
2021-04-20,IND_GAN,BULK_01,True,False,20.42,True,synthetic_scenario_generator,26006
2021-04-21,IND_GAN,BULK_01,True,False,19.13,True,synthetic_scenario_generator,26006
2021-04-22,IND_GAN,BULK_01,True,False,33.03,True,synthetic_scenario_generator,26006
2021-04-23,IND_GAN,BULK_01,True,False,27.48,True,synthetic_scenario_generator,26006
2021-04-24,IND_GAN,BULK_01,True,False,18.7,True,synthetic_scenario_generator,26006
2021-04-25,IND_GAN,BULK_01,True,False,29.47,True,synthetic_scenario_generator,26006
2021-04-26,IND_GAN,BULK_01,True,False,29.67,True,synthetic_scenario_generator,26006
2021-04-27,IND_GAN,BULK_01,True,False,22.21,True,synthetic_scenario_generator,26006
2021-04-28,IND_GAN,BULK_01,True,False,37.3,True,synthetic_scenario_generator,26006
2021-04-29,IND_GAN,BULK_01,True,False,33.17,True,synthetic_scenario_generator,26006
2021-04-30,IND_GAN,BULK_01,True,False,34.35,True,synthetic_scenario_generator,26006
2021-05-01,IND_GAN,BULK_01,True,False,21.21,True,synthetic_scenario_generator,26006
2021-05-02,IND_GAN,BULK_01,True,False,22.59,True,synthetic_scenario_generator,26006
2021-05-03,IND_GAN,BULK_01,True,False,26.52,True,synthetic_scenario_generator,26006
2021-05-04,IND_GAN,BULK_01,True,False,34.38,True,synthetic_scenario_generator,26006
2021-05-05,IND_GAN,BULK_01,True,False,34.76,True,synthetic_scenario_generator,26006
2021-05-06,IND_GAN,BULK_01,True,False,35.12,True,synthetic_scenario_generator,26006
2021-05-07,IND_GAN,BULK_01,True,False,33.66,True,synthetic_scenario_generator,26006
2021-05-08,IND_GAN,BULK_01,True,False,24.63,True,synthetic_scenario_generator,26006
2021-05-09,IND_GAN,BULK_01,True,False,37.42,True,synthetic_scenario_generator,26006
2021-05-10,IND_GAN,BULK_01,True,False,28.71,True,synthetic_scenario_generator,26006
2021-05-11,IND_GAN,BULK_01,True,False,36.66,True,synthetic_scenario_generator,26006
2021-05-12,IND_GAN,BULK_01,True,False,37.68,True,synthetic_scenario_generator,26006
2021-05-13,IND_GAN,BULK_01,True,False,28.87,True,synthetic_scenario_generator,26006
2021-05-14,IND_GAN,BULK_01,True,False,21.87,True,synthetic_scenario_generator,26006
2021-05-15,IND_GAN,BULK_01,True,False,29.88,True,synthetic_scenario_generator,26006
2021-05-16,IND_GAN,BULK_01,True,False,38.83,True,synthetic_scenario_generator,26006
2021-05-17,IND_GAN,BULK_01,True,False,36.26,True,synthetic_scenario_generator,26006
2021-05-18,IND_GAN,BULK_01,True,False,25.79,True,synthetic_scenario_generator,26006
2021-05-19,IND_GAN,BULK_01,True,False,31.44,True,synthetic_scenario_generator,26006
2021-05-20,IND_GAN,BULK_01,True,False,22.48,True,synthetic_scenario_generator,26006
2021-05-21,IND_GAN,BULK_01,True,False,29.1,True,synthetic_scenario_generator,26006
2021-05-22,IND_GAN,BULK_01,True,False,27.64,True,synthetic_scenario_generator,26006
2021-05-23,IND_GAN,BULK_01,True,False,29.06,True,synthetic_scenario_generator,26006
2021-05-24,IND_GAN,BULK_01,True,False,19.41,True,synthetic_scenario_generator,26006
2021-05-25,IND_GAN,BULK_01,True,False,36.42,True,synthetic_scenario_generator,26006
2021-05-26,IND_GAN,BULK_01,True,False,37.79,True,synthetic_scenario_generator,26006
2021-05-27,IND_GAN,BULK_01,True,False,19.93,True,synthetic_scenario_generator,26006
2021-05-28,IND_GAN,BULK_01,True,False,29.34,True,synthetic_scenario_generator,26006
2021-05-29,IND_GAN,BULK_01,True,False,21.69,True,synthetic_scenario_generator,26006
2021-05-30,IND_GAN,BULK_01,True,False,21.36,True,synthetic_scenario_generator,26006
2021-05-31,IND_GAN,BULK_01,True,False,20.5,True,synthetic_scenario_generator,26006
2021-06-01,IND_GAN,BULK_01,True,False,33.87,True,synthetic_scenario_generator,26006
2021-06-02,IND_GAN,BULK_01,True,False,27.96,True,synthetic_scenario_generator,26006
2021-06-03,IND_GAN,BULK_01,True,False,24.3,True,synthetic_scenario_generator,26006
2021-06-04,IND_GAN,BULK_01,True,False,30.62,True,synthetic_scenario_generator,26006
2021-06-05,IND_GAN,BULK_01,True,False,18.65,True,synthetic_scenario_generator,26006
2021-06-06,IND_GAN,BULK_01,True,False,21.24,True,synthetic_scenario_generator,26006
2021-06-07,IND_GAN,BULK_01,True,False,20.05,True,synthetic_scenario_generator,26006
2021-06-08,IND_GAN,BULK_01,True,False,28.57,True,synthetic_scenario_generator,26006
2021-06-09,IND_GAN,BULK_01,True,False,20.89,True,synthetic_scenario_generator,26006
2021-06-10,IND_GAN,BULK_01,True,False,29.55,True,synthetic_scenario_generator,26006
2021-06-11,IND_GAN,BULK_01,True,False,22.17,True,synthetic_scenario_generator,26006
2021-06-12,IND_GAN,BULK_01,True,False,18.62,True,synthetic_scenario_generator,26006
2021-06-13,IND_GAN,BULK_01,True,False,25.32,True,synthetic_scenario_generator,26006
2021-06-14,IND_GAN,BULK_01,True,False,27.33,True,synthetic_scenario_generator,26006
2021-06-15,IND_GAN,BULK_01,True,False,21.31,True,synthetic_scenario_generator,26006
2021-06-16,IND_GAN,BULK_01,True,False,22.68,True,synthetic_scenario_generator,26006
2021-06-17,IND_GAN,BULK_01,True,False,30.13,True,synthetic_scenario_generator,26006
2021-06-18,IND_GAN,BULK_01,True,False,14.11,True,synthetic_scenario_generator,26006
2021-06-19,IND_GAN,BULK_01,True,False,28.23,True,synthetic_scenario_generator,26006
2021-06-20,IND_GAN,BULK_01,True,False,17.69,True,synthetic_scenario_generator,26006
2021-06-21,IND_GAN,BULK_01,True,False,15.12,True,synthetic_scenario_generator,26006
2021-06-22,IND_GAN,BULK_01,True,False,21.74,True,synthetic_scenario_generator,26006
2021-06-23,IND_GAN,BULK_01,True,False,19.9,True,synthetic_scenario_generator,26006
2021-06-24,IND_GAN,BULK_01,True,False,25.05,True,synthetic_scenario_generator,26006
2021-06-25,IND_GAN,BULK_01,True,False,21.14,True,synthetic_scenario_generator,26006
2021-06-26,IND_GAN,BULK_01,True,False,23.7,True,synthetic_scenario_generator,26006
2021-06-27,IND_GAN,BULK_01,True,False,23.91,True,synthetic_scenario_generator,26006
2021-06-28,IND_GAN,BULK_01,True,False,14.39,True,synthetic_scenario_generator,26006
2021-06-29,IND_GAN,BULK_01,True,False,27.15,True,synthetic_scenario_generator,26006
2021-06-30,IND_GAN,BULK_01,True,False,14.29,True,synthetic_scenario_generator,26006
2021-07-01,IND_GAN,BULK_01,True,False,19.31,True,synthetic_scenario_generator,26006
2021-07-02,IND_GAN,BULK_01,True,False,15.73,True,synthetic_scenario_generator,26006
2021-07-03,IND_GAN,BULK_01,True,False,24.14,True,synthetic_scenario_generator,26006
2021-07-04,IND_GAN,BULK_01,True,False,22.28,True,synthetic_scenario_generator,26006
2021-07-05,IND_GAN,BULK_01,True,False,25.42,True,synthetic_scenario_generator,26006
2021-07-06,IND_GAN,BULK_01,True,False,26.47,True,synthetic_scenario_generator,26006
2021-07-07,IND_GAN,BULK_01,True,False,19.11,True,synthetic_scenario_generator,26006
2021-07-08,IND_GAN,BULK_01,True,False,25.49,True,synthetic_scenario_generator,26006
2021-07-09,IND_GAN,BULK_01,True,False,20.32,True,synthetic_scenario_generator,26006
2021-07-10,IND_GAN,BULK_01,True,False,32.54,True,synthetic_scenario_generator,26006
2021-07-11,IND_GAN,BULK_01,True,False,21.4,True,synthetic_scenario_generator,26006
2021-07-12,IND_GAN,BULK_01,True,False,27.24,True,synthetic_scenario_generator,26006
2021-07-13,IND_GAN,BULK_01,True,False,20.6,True,synthetic_scenario_generator,26006
2021-07-14,IND_GAN,BULK_01,True,False,23.32,True,synthetic_scenario_generator,26006
2021-07-15,IND_GAN,BULK_01,True,False,21.94,True,synthetic_scenario_generator,26006
2021-07-16,IND_GAN,BULK_01,True,False,26.42,True,synthetic_scenario_generator,26006
2021-07-17,IND_GAN,BULK_01,True,False,28.62,True,synthetic_scenario_generator,26006
2021-07-18,IND_GAN,BULK_01,True,False,27.32,True,synthetic_scenario_generator,26006
2021-07-19,IND_GAN,BULK_01,True,False,25.43,True,synthetic_scenario_generator,26006
2021-07-20,IND_GAN,BULK_01,True,False,37.7,True,synthetic_scenario_generator,26006
2021-07-21,IND_GAN,BULK_01,True,False,40.19,True,synthetic_scenario_generator,26006
2021-07-22,IND_GAN,BULK_01,True,False,31.55,True,synthetic_scenario_generator,26006
2021-07-23,IND_GAN,BULK_01,True,False,33.2,True,synthetic_scenario_generator,26006
2021-07-24,IND_GAN,BULK_01,True,False,32.34,True,synthetic_scenario_generator,26006
2021-07-25,IND_GAN,BULK_01,True,False,37.13,True,synthetic_scenario_generator,26006
2021-07-26,IND_GAN,BULK_01,True,False,34.36,True,synthetic_scenario_generator,26006
2021-07-27,IND_GAN,BULK_01,True,False,31.34,True,synthetic_scenario_generator,26006
2021-07-28,IND_GAN,BULK_01,True,False,40.06,True,synthetic_scenario_generator,26006
2021-07-29,IND_GAN,BULK_01,True,False,35.24,True,synthetic_scenario_generator,26006
2021-07-30,IND_GAN,BULK_01,True,False,32.33,True,synthetic_scenario_generator,26006
2021-07-31,IND_GAN,BULK_01,True,False,27.57,True,synthetic_scenario_generator,26006
2021-08-01,IND_GAN,BULK_01,True,False,29.28,True,synthetic_scenario_generator,26006
2021-08-02,IND_GAN,BULK_01,True,False,22.95,True,synthetic_scenario_generator,26006
2021-08-03,IND_GAN,BULK_01,True,False,23.71,True,synthetic_scenario_generator,26006
2021-08-04,IND_GAN,BULK_01,True,False,33.84,True,synthetic_scenario_generator,26006
2021-08-05,IND_GAN,BULK_01,True,False,31.33,True,synthetic_scenario_generator,26006
2021-08-06,IND_GAN,BULK_01,True,False,42.19,True,synthetic_scenario_generator,26006
2021-08-07,IND_GAN,BULK_01,True,False,29.44,True,synthetic_scenario_generator,26006
2021-08-08,IND_GAN,BULK_01,True,False,32.0,True,synthetic_scenario_generator,26006
2021-08-09,IND_GAN,BULK_01,True,False,47.27,True,synthetic_scenario_generator,26006
2021-08-10,IND_GAN,BULK_01,True,False,44.87,True,synthetic_scenario_generator,26006
2021-08-11,IND_GAN,BULK_01,True,False,39.38,True,synthetic_scenario_generator,26006
2021-08-12,IND_GAN,BULK_01,True,False,38.91,True,synthetic_scenario_generator,26006
2021-08-13,IND_GAN,BULK_01,True,False,36.28,True,synthetic_scenario_generator,26006
2021-08-14,IND_GAN,BULK_01,True,False,44.12,True,synthetic_scenario_generator,26006
2021-08-15,IND_GAN,BULK_01,True,False,41.62,True,synthetic_scenario_generator,26006
2021-08-16,IND_GAN,BULK_01,True,False,27.99,True,synthetic_scenario_generator,26006
2021-08-17,IND_GAN,BULK_01,True,False,28.97,True,synthetic_scenario_generator,26006
2021-08-18,IND_GAN,BULK_01,True,False,39.02,True,synthetic_scenario_generator,26006
2021-08-19,IND_GAN,BULK_01,True,False,39.97,True,synthetic_scenario_generator,26006
2021-08-20,IND_GAN,BULK_01,True,False,27.3,True,synthetic_scenario_generator,26006
2021-08-21,IND_GAN,BULK_01,True,False,37.75,True,synthetic_scenario_generator,26006
2021-08-22,IND_GAN,BULK_01,True,False,38.1,True,synthetic_scenario_generator,26006
2021-08-23,IND_GAN,BULK_01,True,False,25.61,True,synthetic_scenario_generator,26006
2021-08-24,IND_GAN,BULK_01,True,False,34.21,True,synthetic_scenario_generator,26006
2021-08-25,IND_GAN,BULK_01,True,False,37.21,True,synthetic_scenario_generator,26006
2021-08-26,IND_GAN,BULK_01,True,False,33.87,True,synthetic_scenario_generator,26006
2021-08-27,IND_GAN,BULK_01,True,False,17.94,True,synthetic_scenario_generator,26006
2021-08-28,IND_GAN,BULK_01,True,False,28.82,True,synthetic_scenario_generator,26006
2021-08-29,IND_GAN,BULK_01,True,False,26.6,True,synthetic_scenario_generator,26006
2021-08-30,IND_GAN,BULK_01,True,False,24.34,True,synthetic_scenario_generator,26006
2021-08-31,IND_GAN,BULK_01,True,False,14.83,True,synthetic_scenario_generator,26006
2021-09-01,IND_GAN,BULK_01,True,False,28.44,True,synthetic_scenario_generator,26006
2021-09-02,IND_GAN,BULK_01,True,False,25.02,True,synthetic_scenario_generator,26006
2021-09-03,IND_GAN,BULK_01,True,False,17.91,True,synthetic_scenario_generator,26006
2021-09-04,IND_GAN,BULK_01,True,False,19.45,True,synthetic_scenario_generator,26006
2021-09-05,IND_GAN,BULK_01,True,False,19.88,True,synthetic_scenario_generator,26006
2021-09-06,IND_GAN,BULK_01,True,False,14.6,True,synthetic_scenario_generator,26006
2021-09-07,IND_GAN,BULK_01,True,False,18.95,True,synthetic_scenario_generator,26006
2021-09-08,IND_GAN,BULK_01,True,False,22.87,True,synthetic_scenario_generator,26006
2021-09-09,IND_GAN,BULK_01,True,False,24.5,True,synthetic_scenario_generator,26006
2021-09-10,IND_GAN,BULK_01,True,False,21.18,True,synthetic_scenario_generator,26006
2021-09-11,IND_GAN,BULK_01,True,False,23.96,True,synthetic_scenario_generator,26006
2021-09-12,IND_GAN,BULK_01,True,False,20.43,True,synthetic_scenario_generator,26006
2021-09-13,IND_GAN,BULK_01,True,False,22.41,True,synthetic_scenario_generator,26006
2021-09-14,IND_GAN,BULK_01,True,False,28.54,True,synthetic_scenario_generator,26006
2021-09-15,IND_GAN,BULK_01,False,True,24.69,True,synthetic_scenario_generator,26006
2021-09-16,IND_GAN,BULK_01,True,False,15.44,True,synthetic_scenario_generator,26006
2021-09-17,IND_GAN,BULK_01,True,False,8.71,True,synthetic_scenario_generator,26006
2021-09-18,IND_GAN,BULK_01,True,False,22.46,True,synthetic_scenario_generator,26006
2021-09-19,IND_GAN,BULK_01,True,False,10.77,True,synthetic_scenario_generator,26006
2021-09-20,IND_GAN,BULK_01,True,False,22.48,True,synthetic_scenario_generator,26006
2021-09-21,IND_GAN,BULK_01,True,False,26.96,True,synthetic_scenario_generator,26006
2021-09-22,IND_GAN,BULK_01,True,False,28.82,True,synthetic_scenario_generator,26006
2021-09-23,IND_GAN,BULK_01,True,False,2.22,True,synthetic_scenario_generator,26006
2021-09-24,IND_GAN,BULK_01,True,False,21.96,True,synthetic_scenario_generator,26006
2021-09-25,IND_GAN,BULK_01,True,False,10.32,True,synthetic_scenario_generator,26006
2021-09-26,IND_GAN,BULK_01,True,False,21.09,True,synthetic_scenario_generator,26006
2021-09-27,IND_GAN,BULK_01,True,False,21.58,True,synthetic_scenario_generator,26006
2021-09-28,IND_GAN,BULK_01,True,False,17.13,True,synthetic_scenario_generator,26006
2021-09-29,IND_GAN,BULK_01,True,False,14.48,True,synthetic_scenario_generator,26006
2021-09-30,IND_GAN,BULK_01,True,False,21.36,True,synthetic_scenario_generator,26006
2021-10-01,IND_GAN,BULK_01,True,False,19.41,True,synthetic_scenario_generator,26006
2021-10-02,IND_GAN,BULK_01,True,False,18.5,True,synthetic_scenario_generator,26006
2021-10-03,IND_GAN,BULK_01,True,False,32.61,True,synthetic_scenario_generator,26006
2021-10-04,IND_GAN,BULK_01,True,False,22.12,True,synthetic_scenario_generator,26006
2021-10-05,IND_GAN,BULK_01,True,False,18.15,True,synthetic_scenario_generator,26006
2021-10-06,IND_GAN,BULK_01,True,False,16.42,True,synthetic_scenario_generator,26006
2021-10-07,IND_GAN,BULK_01,True,False,22.76,True,synthetic_scenario_generator,26006
2021-10-08,IND_GAN,BULK_01,True,False,14.95,True,synthetic_scenario_generator,26006
2021-10-09,IND_GAN,BULK_01,True,False,9.83,True,synthetic_scenario_generator,26006
2021-10-10,IND_GAN,BULK_01,True,False,21.29,True,synthetic_scenario_generator,26006
2021-10-11,IND_GAN,BULK_01,True,False,17.37,True,synthetic_scenario_generator,26006
2021-10-12,IND_GAN,BULK_01,True,False,20.61,True,synthetic_scenario_generator,26006
2021-10-13,IND_GAN,BULK_01,True,False,24.07,True,synthetic_scenario_generator,26006
2021-10-14,IND_GAN,BULK_01,True,False,19.39,True,synthetic_scenario_generator,26006
2021-10-15,IND_GAN,BULK_01,True,False,29.4,True,synthetic_scenario_generator,26006
2021-10-16,IND_GAN,BULK_01,True,False,23.49,True,synthetic_scenario_generator,26006
2021-10-17,IND_GAN,BULK_01,True,False,26.66,True,synthetic_scenario_generator,26006
2021-10-18,IND_GAN,BULK_01,True,False,28.68,True,synthetic_scenario_generator,26006
2021-10-19,IND_GAN,BULK_01,True,False,15.26,True,synthetic_scenario_generator,26006
2021-10-20,IND_GAN,BULK_01,True,False,25.1,True,synthetic_scenario_generator,26006
2021-10-21,IND_GAN,BULK_01,True,False,20.56,True,synthetic_scenario_generator,26006
2021-10-22,IND_GAN,BULK_01,True,False,26.97,True,synthetic_scenario_generator,26006
2021-10-23,IND_GAN,BULK_01,True,False,35.11,True,synthetic_scenario_generator,26006
2021-10-24,IND_GAN,BULK_01,True,False,35.71,True,synthetic_scenario_generator,26006
2021-10-25,IND_GAN,BULK_01,True,False,32.47,True,synthetic_scenario_generator,26006
2021-10-26,IND_GAN,BULK_01,True,False,25.55,True,synthetic_scenario_generator,26006
2021-10-27,IND_GAN,BULK_01,True,False,36.65,True,synthetic_scenario_generator,26006
2021-10-28,IND_GAN,BULK_01,True,False,38.3,True,synthetic_scenario_generator,26006
2021-10-29,IND_GAN,BULK_01,True,False,34.37,True,synthetic_scenario_generator,26006
2021-10-30,IND_GAN,BULK_01,True,False,33.73,True,synthetic_scenario_generator,26006
2021-10-31,IND_GAN,BULK_01,True,False,33.78,True,synthetic_scenario_generator,26006
2021-11-01,IND_GAN,BULK_01,True,False,29.1,True,synthetic_scenario_generator,26006
2021-11-02,IND_GAN,BULK_01,True,False,33.29,True,synthetic_scenario_generator,26006
2021-11-03,IND_GAN,BULK_01,True,False,35.65,True,synthetic_scenario_generator,26006
2021-11-04,IND_GAN,BULK_01,True,False,34.55,True,synthetic_scenario_generator,26006
2021-11-05,IND_GAN,BULK_01,True,False,26.61,True,synthetic_scenario_generator,26006
2021-11-06,IND_GAN,BULK_01,True,False,32.99,True,synthetic_scenario_generator,26006
2021-11-07,IND_GAN,BULK_01,True,False,31.45,True,synthetic_scenario_generator,26006
2021-11-08,IND_GAN,BULK_01,True,False,33.39,True,synthetic_scenario_generator,26006
2021-11-09,IND_GAN,BULK_01,True,False,34.48,True,synthetic_scenario_generator,26006
2021-11-10,IND_GAN,BULK_01,True,False,37.07,True,synthetic_scenario_generator,26006
2021-11-11,IND_GAN,BULK_01,True,False,32.47,True,synthetic_scenario_generator,26006
2021-11-12,IND_GAN,BULK_01,True,False,34.72,True,synthetic_scenario_generator,26006
2021-11-13,IND_GAN,BULK_01,True,False,34.49,True,synthetic_scenario_generator,26006
2021-11-14,IND_GAN,BULK_01,True,False,35.01,True,synthetic_scenario_generator,26006
2021-11-15,IND_GAN,BULK_01,True,False,25.29,True,synthetic_scenario_generator,26006
2021-11-16,IND_GAN,BULK_01,True,False,35.01,True,synthetic_scenario_generator,26006
2021-11-17,IND_GAN,BULK_01,True,False,25.77,True,synthetic_scenario_generator,26006
2021-11-18,IND_GAN,BULK_01,True,False,28.97,True,synthetic_scenario_generator,26006
2021-11-19,IND_GAN,BULK_01,True,False,27.7,True,synthetic_scenario_generator,26006
2021-11-20,IND_GAN,BULK_01,True,False,33.14,True,synthetic_scenario_generator,26006
2021-11-21,IND_GAN,BULK_01,True,False,23.61,True,synthetic_scenario_generator,26006
2021-11-22,IND_GAN,BULK_01,True,False,31.09,True,synthetic_scenario_generator,26006
2021-11-23,IND_GAN,BULK_01,True,False,21.57,True,synthetic_scenario_generator,26006
2021-11-24,IND_GAN,BULK_01,True,False,26.49,True,synthetic_scenario_generator,26006
2021-11-25,IND_GAN,BULK_01,True,False,28.53,True,synthetic_scenario_generator,26006
2021-11-26,IND_GAN,BULK_01,True,False,23.6,True,synthetic_scenario_generator,26006
2021-11-27,IND_GAN,BULK_01,True,False,23.17,True,synthetic_scenario_generator,26006
2021-11-28,IND_GAN,BULK_01,True,False,28.06,True,synthetic_scenario_generator,26006
2021-11-29,IND_GAN,BULK_01,True,False,21.25,True,synthetic_scenario_generator,26006
2021-11-30,IND_GAN,BULK_01,True,False,20.65,True,synthetic_scenario_generator,26006
2021-12-01,IND_GAN,BULK_01,True,False,28.76,True,synthetic_scenario_generator,26006
2021-12-02,IND_GAN,BULK_01,True,False,31.77,True,synthetic_scenario_generator,26006
2021-12-03,IND_GAN,BULK_01,True,False,19.08,True,synthetic_scenario_generator,26006
2021-12-04,IND_GAN,BULK_01,True,False,22.27,True,synthetic_scenario_generator,26006
2021-12-05,IND_GAN,BULK_01,True,False,17.12,True,synthetic_scenario_generator,26006
2021-12-06,IND_GAN,BULK_01,True,False,17.35,True,synthetic_scenario_generator,26006
2021-12-07,IND_GAN,BULK_01,True,False,9.69,True,synthetic_scenario_generator,26006
2021-12-08,IND_GAN,BULK_01,True,False,20.1,True,synthetic_scenario_generator,26006
2021-12-09,IND_GAN,BULK_01,True,False,28.06,True,synthetic_scenario_generator,26006
2021-12-10,IND_GAN,BULK_01,True,False,16.76,True,synthetic_scenario_generator,26006
2021-12-11,IND_GAN,BULK_01,True,False,15.35,True,synthetic_scenario_generator,26006
2021-12-12,IND_GAN,BULK_01,True,False,24.06,True,synthetic_scenario_generator,26006
2021-12-13,IND_GAN,BULK_01,True,False,6.85,True,synthetic_scenario_generator,26006
2021-12-14,IND_GAN,BULK_01,True,False,22.76,True,synthetic_scenario_generator,26006
2021-12-15,IND_GAN,BULK_01,True,False,20.53,True,synthetic_scenario_generator,26006
2021-12-16,IND_GAN,BULK_01,True,False,19.39,True,synthetic_scenario_generator,26006
2021-12-17,IND_GAN,BULK_01,True,False,10.3,True,synthetic_scenario_generator,26006
2021-12-18,IND_GAN,BULK_01,True,False,20.03,True,synthetic_scenario_generator,26006
2021-12-19,IND_GAN,BULK_01,True,False,15.22,True,synthetic_scenario_generator,26006
2021-12-20,IND_GAN,BULK_01,True,False,17.49,True,synthetic_scenario_generator,26006
2021-12-21,IND_GAN,BULK_01,True,False,11.16,True,synthetic_scenario_generator,26006
2021-12-22,IND_GAN,BULK_01,True,False,13.6,True,synthetic_scenario_generator,26006
2021-12-23,IND_GAN,BULK_01,True,False,9.34,True,synthetic_scenario_generator,26006
2021-12-24,IND_GAN,BULK_01,True,False,24.05,True,synthetic_scenario_generator,26006
2021-12-25,IND_GAN,BULK_01,True,False,13.99,True,synthetic_scenario_generator,26006
2021-12-26,IND_GAN,BULK_01,True,False,25.29,True,synthetic_scenario_generator,26006
2021-12-27,IND_GAN,BULK_01,True,False,17.79,True,synthetic_scenario_generator,26006
2021-12-28,IND_GAN,BULK_01,True,False,16.55,True,synthetic_scenario_generator,26006
2021-12-29,IND_GAN,BULK_01,True,False,20.51,True,synthetic_scenario_generator,26006
2021-12-30,IND_GAN,BULK_01,True,False,16.36,True,synthetic_scenario_generator,26006
2021-12-31,IND_GAN,BULK_01,True,False,2.0,True,synthetic_scenario_generator,26006
2022-01-01,IND_GAN,BULK_01,True,False,16.12,True,synthetic_scenario_generator,26006
2022-01-02,IND_GAN,BULK_01,True,False,14.77,True,synthetic_scenario_generator,26006
2022-01-03,IND_GAN,BULK_01,True,False,27.34,True,synthetic_scenario_generator,26006
2022-01-04,IND_GAN,BULK_01,True,False,27.55,True,synthetic_scenario_generator,26006
2022-01-05,IND_GAN,BULK_01,True,False,13.48,True,synthetic_scenario_generator,26006
2022-01-06,IND_GAN,BULK_01,True,False,20.34,True,synthetic_scenario_generator,26006
2022-01-07,IND_GAN,BULK_01,True,False,22.75,True,synthetic_scenario_generator,26006
2022-01-08,IND_GAN,BULK_01,True,False,30.27,True,synthetic_scenario_generator,26006
2022-01-09,IND_GAN,BULK_01,True,False,14.02,True,synthetic_scenario_generator,26006
2022-01-10,IND_GAN,BULK_01,True,False,22.07,True,synthetic_scenario_generator,26006
2022-01-11,IND_GAN,BULK_01,True,False,19.11,True,synthetic_scenario_generator,26006
2022-01-12,IND_GAN,BULK_01,True,False,17.01,True,synthetic_scenario_generator,26006
2022-01-13,IND_GAN,BULK_01,True,False,26.89,True,synthetic_scenario_generator,26006
2022-01-14,IND_GAN,BULK_01,True,False,21.1,True,synthetic_scenario_generator,26006
2022-01-15,IND_GAN,BULK_01,True,False,25.46,True,synthetic_scenario_generator,26006
2022-01-16,IND_GAN,BULK_01,True,False,20.35,True,synthetic_scenario_generator,26006
2022-01-17,IND_GAN,BULK_01,True,False,20.92,True,synthetic_scenario_generator,26006
2022-01-18,IND_GAN,BULK_01,True,False,40.58,True,synthetic_scenario_generator,26006
2022-01-19,IND_GAN,BULK_01,True,False,28.91,True,synthetic_scenario_generator,26006
2022-01-20,IND_GAN,BULK_01,True,False,33.83,True,synthetic_scenario_generator,26006
2022-01-21,IND_GAN,BULK_01,True,False,32.05,True,synthetic_scenario_generator,26006
2022-01-22,IND_GAN,BULK_01,True,False,28.76,True,synthetic_scenario_generator,26006
2022-01-23,IND_GAN,BULK_01,True,False,39.06,True,synthetic_scenario_generator,26006
2022-01-24,IND_GAN,BULK_01,True,False,21.1,True,synthetic_scenario_generator,26006
2022-01-25,IND_GAN,BULK_01,True,False,34.44,True,synthetic_scenario_generator,26006
2022-01-26,IND_GAN,BULK_01,True,False,31.35,True,synthetic_scenario_generator,26006
2022-01-27,IND_GAN,BULK_01,True,False,29.82,True,synthetic_scenario_generator,26006
2022-01-28,IND_GAN,BULK_01,True,False,26.86,True,synthetic_scenario_generator,26006
2022-01-29,IND_GAN,BULK_01,True,False,28.71,True,synthetic_scenario_generator,26006
2022-01-30,IND_GAN,BULK_01,True,False,25.59,True,synthetic_scenario_generator,26006
2022-01-31,IND_GAN,BULK_01,True,False,27.94,True,synthetic_scenario_generator,26006
2022-02-01,IND_GAN,BULK_01,True,False,28.56,True,synthetic_scenario_generator,26006
2022-02-02,IND_GAN,BULK_01,True,False,31.53,True,synthetic_scenario_generator,26006
2022-02-03,IND_GAN,BULK_01,True,False,27.98,True,synthetic_scenario_generator,26006
2022-02-04,IND_GAN,BULK_01,True,False,37.85,True,synthetic_scenario_generator,26006
2022-02-05,IND_GAN,BULK_01,True,False,22.73,True,synthetic_scenario_generator,26006
2022-02-06,IND_GAN,BULK_01,True,False,20.78,True,synthetic_scenario_generator,26006
2022-02-07,IND_GAN,BULK_01,True,False,32.56,True,synthetic_scenario_generator,26006
2022-02-08,IND_GAN,BULK_01,True,False,26.12,True,synthetic_scenario_generator,26006
2022-02-09,IND_GAN,BULK_01,True,False,23.65,True,synthetic_scenario_generator,26006
2022-02-10,IND_GAN,BULK_01,True,False,17.41,True,synthetic_scenario_generator,26006
2022-02-11,IND_GAN,BULK_01,True,False,31.45,True,synthetic_scenario_generator,26006
2022-02-12,IND_GAN,BULK_01,True,False,34.99,True,synthetic_scenario_generator,26006
2022-02-13,IND_GAN,BULK_01,True,False,30.67,True,synthetic_scenario_generator,26006
2022-02-14,IND_GAN,BULK_01,True,False,41.76,True,synthetic_scenario_generator,26006
2022-02-15,IND_GAN,BULK_01,True,False,25.8,True,synthetic_scenario_generator,26006
2022-02-16,IND_GAN,BULK_01,True,False,26.92,True,synthetic_scenario_generator,26006
2022-02-17,IND_GAN,BULK_01,True,False,33.76,True,synthetic_scenario_generator,26006
2022-02-18,IND_GAN,BULK_01,True,False,19.97,True,synthetic_scenario_generator,26006
2022-02-19,IND_GAN,BULK_01,True,False,26.78,True,synthetic_scenario_generator,26006
2022-02-20,IND_GAN,BULK_01,True,False,14.47,True,synthetic_scenario_generator,26006
2022-02-21,IND_GAN,BULK_01,True,False,32.23,True,synthetic_scenario_generator,26006
2022-02-22,IND_GAN,BULK_01,True,False,22.8,True,synthetic_scenario_generator,26006
2022-02-23,IND_GAN,BULK_01,True,False,25.38,True,synthetic_scenario_generator,26006
2022-02-24,IND_GAN,BULK_01,True,False,24.68,True,synthetic_scenario_generator,26006
2022-02-25,IND_GAN,BULK_01,True,False,31.66,True,synthetic_scenario_generator,26006
2022-02-26,IND_GAN,BULK_01,True,False,16.75,True,synthetic_scenario_generator,26006
2022-02-27,IND_GAN,BULK_01,True,False,24.49,True,synthetic_scenario_generator,26006
2022-02-28,IND_GAN,BULK_01,True,False,16.59,True,synthetic_scenario_generator,26006
2022-03-01,IND_GAN,BULK_01,True,False,11.94,True,synthetic_scenario_generator,26006
2022-03-02,IND_GAN,BULK_01,True,False,20.89,True,synthetic_scenario_generator,26006
2022-03-03,IND_GAN,BULK_01,True,False,20.03,True,synthetic_scenario_generator,26006
2022-03-04,IND_GAN,BULK_01,True,False,21.63,True,synthetic_scenario_generator,26006
2022-03-05,IND_GAN,BULK_01,True,False,23.38,True,synthetic_scenario_generator,26006
2022-03-06,IND_GAN,BULK_01,True,False,16.76,True,synthetic_scenario_generator,26006
2022-03-07,IND_GAN,BULK_01,True,False,22.44,True,synthetic_scenario_generator,26006
2022-03-08,IND_GAN,BULK_01,True,False,15.63,True,synthetic_scenario_generator,26006
2022-03-09,IND_GAN,BULK_01,True,False,10.47,True,synthetic_scenario_generator,26006
2022-03-10,IND_GAN,BULK_01,True,False,22.63,True,synthetic_scenario_generator,26006
2022-03-11,IND_GAN,BULK_01,True,False,22.8,True,synthetic_scenario_generator,26006
2022-03-12,IND_GAN,BULK_01,True,False,17.98,True,synthetic_scenario_generator,26006
2022-03-13,IND_GAN,BULK_01,True,False,16.35,True,synthetic_scenario_generator,26006
2022-03-14,IND_GAN,BULK_01,True,False,6.53,True,synthetic_scenario_generator,26006
2022-03-15,IND_GAN,BULK_01,False,True,26.83,True,synthetic_scenario_generator,26006
2022-03-16,IND_GAN,BULK_01,True,False,12.23,True,synthetic_scenario_generator,26006
2022-03-17,IND_GAN,BULK_01,True,False,10.98,True,synthetic_scenario_generator,26006
2022-03-18,IND_GAN,BULK_01,True,False,2.74,True,synthetic_scenario_generator,26006
2022-03-19,IND_GAN,BULK_01,True,False,7.66,True,synthetic_scenario_generator,26006
2022-03-20,IND_GAN,BULK_01,True,False,5.67,True,synthetic_scenario_generator,26006
2022-03-21,IND_GAN,BULK_01,True,False,19.12,True,synthetic_scenario_generator,26006
2022-03-22,IND_GAN,BULK_01,True,False,24.91,True,synthetic_scenario_generator,26006
2022-03-23,IND_GAN,BULK_01,True,False,10.51,True,synthetic_scenario_generator,26006
2022-03-24,IND_GAN,BULK_01,True,False,15.9,True,synthetic_scenario_generator,26006
2022-03-25,IND_GAN,BULK_01,True,False,13.45,True,synthetic_scenario_generator,26006
2022-03-26,IND_GAN,BULK_01,True,False,14.74,True,synthetic_scenario_generator,26006
2022-03-27,IND_GAN,BULK_01,True,False,18.63,True,synthetic_scenario_generator,26006
2022-03-28,IND_GAN,BULK_01,True,False,19.76,True,synthetic_scenario_generator,26006
2022-03-29,IND_GAN,BULK_01,True,False,20.67,True,synthetic_scenario_generator,26006
2022-03-30,IND_GAN,BULK_01,True,False,19.76,True,synthetic_scenario_generator,26006
2022-03-31,IND_GAN,BULK_01,True,False,16.51,True,synthetic_scenario_generator,26006
2022-04-01,IND_GAN,BULK_01,True,False,10.91,True,synthetic_scenario_generator,26006
2022-04-02,IND_GAN,BULK_01,True,False,12.39,True,synthetic_scenario_generator,26006
2022-04-03,IND_GAN,BULK_01,True,False,17.38,True,synthetic_scenario_generator,26006
2022-04-04,IND_GAN,BULK_01,True,False,30.99,True,synthetic_scenario_generator,26006
2022-04-05,IND_GAN,BULK_01,True,False,10.5,True,synthetic_scenario_generator,26006
2022-04-06,IND_GAN,BULK_01,True,False,17.2,True,synthetic_scenario_generator,26006
2022-04-07,IND_GAN,BULK_01,True,False,26.15,True,synthetic_scenario_generator,26006
2022-04-08,IND_GAN,BULK_01,True,False,20.45,True,synthetic_scenario_generator,26006
2022-04-09,IND_GAN,BULK_01,True,False,22.37,True,synthetic_scenario_generator,26006
2022-04-10,IND_GAN,BULK_01,True,False,19.33,True,synthetic_scenario_generator,26006
2022-04-11,IND_GAN,BULK_01,True,False,25.82,True,synthetic_scenario_generator,26006
2022-04-12,IND_GAN,BULK_01,True,False,16.41,True,synthetic_scenario_generator,26006
2022-04-13,IND_GAN,BULK_01,True,False,21.39,True,synthetic_scenario_generator,26006
2022-04-14,IND_GAN,BULK_01,True,False,18.21,True,synthetic_scenario_generator,26006
2022-04-15,IND_GAN,BULK_01,True,False,25.92,True,synthetic_scenario_generator,26006
2022-04-16,IND_GAN,BULK_01,True,False,23.98,True,synthetic_scenario_generator,26006
2022-04-17,IND_GAN,BULK_01,True,False,23.72,True,synthetic_scenario_generator,26006
2022-04-18,IND_GAN,BULK_01,True,False,29.8,True,synthetic_scenario_generator,26006
2022-04-19,IND_GAN,BULK_01,True,False,35.71,True,synthetic_scenario_generator,26006
2022-04-20,IND_GAN,BULK_01,True,False,32.91,True,synthetic_scenario_generator,26006
2022-04-21,IND_GAN,BULK_01,True,False,20.73,True,synthetic_scenario_generator,26006
2022-04-22,IND_GAN,BULK_01,True,False,32.64,True,synthetic_scenario_generator,26006
2022-04-23,IND_GAN,BULK_01,True,False,35.23,True,synthetic_scenario_generator,26006
2022-04-24,IND_GAN,BULK_01,True,False,24.24,True,synthetic_scenario_generator,26006
2022-04-25,IND_GAN,BULK_01,True,False,26.37,True,synthetic_scenario_generator,26006
2022-04-26,IND_GAN,BULK_01,True,False,22.35,True,synthetic_scenario_generator,26006
2022-04-27,IND_GAN,BULK_01,True,False,31.55,True,synthetic_scenario_generator,26006
2022-04-28,IND_GAN,BULK_01,True,False,35.82,True,synthetic_scenario_generator,26006
2022-04-29,IND_GAN,BULK_01,True,False,34.36,True,synthetic_scenario_generator,26006
2022-04-30,IND_GAN,BULK_01,True,False,23.22,True,synthetic_scenario_generator,26006
2022-05-01,IND_GAN,BULK_01,True,False,36.53,True,synthetic_scenario_generator,26006
2022-05-02,IND_GAN,BULK_01,True,False,31.05,True,synthetic_scenario_generator,26006
2022-05-03,IND_GAN,BULK_01,True,False,36.44,True,synthetic_scenario_generator,26006
2022-05-04,IND_GAN,BULK_01,True,False,35.13,True,synthetic_scenario_generator,26006
2022-05-05,IND_GAN,BULK_01,True,False,30.14,True,synthetic_scenario_generator,26006
2022-05-06,IND_GAN,BULK_01,True,False,26.49,True,synthetic_scenario_generator,26006
2022-05-07,IND_GAN,BULK_01,True,False,33.92,True,synthetic_scenario_generator,26006
2022-05-08,IND_GAN,BULK_01,True,False,39.03,True,synthetic_scenario_generator,26006
2022-05-09,IND_GAN,BULK_01,True,False,34.49,True,synthetic_scenario_generator,26006
2022-05-10,IND_GAN,BULK_01,True,False,29.52,True,synthetic_scenario_generator,26006
2022-05-11,IND_GAN,BULK_01,True,False,38.7,True,synthetic_scenario_generator,26006
2022-05-12,IND_GAN,BULK_01,True,False,41.45,True,synthetic_scenario_generator,26006
2022-05-13,IND_GAN,BULK_01,True,False,35.35,True,synthetic_scenario_generator,26006
2022-05-14,IND_GAN,BULK_01,True,False,32.42,True,synthetic_scenario_generator,26006
2022-05-15,IND_GAN,BULK_01,True,False,33.25,True,synthetic_scenario_generator,26006
2022-05-16,IND_GAN,BULK_01,True,False,34.63,True,synthetic_scenario_generator,26006
2022-05-17,IND_GAN,BULK_01,True,False,31.61,True,synthetic_scenario_generator,26006
2022-05-18,IND_GAN,BULK_01,True,False,34.13,True,synthetic_scenario_generator,26006
2022-05-19,IND_GAN,BULK_01,True,False,28.59,True,synthetic_scenario_generator,26006
2022-05-20,IND_GAN,BULK_01,True,False,24.7,True,synthetic_scenario_generator,26006
2022-05-21,IND_GAN,BULK_01,True,False,24.32,True,synthetic_scenario_generator,26006
2022-05-22,IND_GAN,BULK_01,True,False,29.17,True,synthetic_scenario_generator,26006
2022-05-23,IND_GAN,BULK_01,True,False,33.53,True,synthetic_scenario_generator,26006
2022-05-24,IND_GAN,BULK_01,True,False,31.86,True,synthetic_scenario_generator,26006
2022-05-25,IND_GAN,BULK_01,True,False,16.88,True,synthetic_scenario_generator,26006
2022-05-26,IND_GAN,BULK_01,True,False,23.45,True,synthetic_scenario_generator,26006
2022-05-27,IND_GAN,BULK_01,True,False,14.3,True,synthetic_scenario_generator,26006
2022-05-28,IND_GAN,BULK_01,True,False,22.09,True,synthetic_scenario_generator,26006
2022-05-29,IND_GAN,BULK_01,True,False,30.32,True,synthetic_scenario_generator,26006
2022-05-30,IND_GAN,BULK_01,True,False,23.72,True,synthetic_scenario_generator,26006
2022-05-31,IND_GAN,BULK_01,True,False,22.55,True,synthetic_scenario_generator,26006
2022-06-01,IND_GAN,BULK_01,True,False,15.64,True,synthetic_scenario_generator,26006
2022-06-02,IND_GAN,BULK_01,True,False,22.44,True,synthetic_scenario_generator,26006
2022-06-03,IND_GAN,BULK_01,True,False,22.43,True,synthetic_scenario_generator,26006
2022-06-04,IND_GAN,BULK_01,True,False,24.56,True,synthetic_scenario_generator,26006
2022-06-05,IND_GAN,BULK_01,True,False,32.03,True,synthetic_scenario_generator,26006
2022-06-06,IND_GAN,BULK_01,True,False,29.9,True,synthetic_scenario_generator,26006
2022-06-07,IND_GAN,BULK_01,True,False,24.56,True,synthetic_scenario_generator,26006
2022-06-08,IND_GAN,BULK_01,True,False,27.66,True,synthetic_scenario_generator,26006
2022-06-09,IND_GAN,BULK_01,True,False,26.98,True,synthetic_scenario_generator,26006
2022-06-10,IND_GAN,BULK_01,True,False,29.34,True,synthetic_scenario_generator,26006
2022-06-11,IND_GAN,BULK_01,True,False,29.7,True,synthetic_scenario_generator,26006
2022-06-12,IND_GAN,BULK_01,True,False,15.62,True,synthetic_scenario_generator,26006
2022-06-13,IND_GAN,BULK_01,True,False,19.38,True,synthetic_scenario_generator,26006
2022-06-14,IND_GAN,BULK_01,True,False,31.39,True,synthetic_scenario_generator,26006
2022-06-15,IND_GAN,BULK_01,True,False,26.79,True,synthetic_scenario_generator,26006
2022-06-16,IND_GAN,BULK_01,True,False,17.51,True,synthetic_scenario_generator,26006
2022-06-17,IND_GAN,BULK_01,True,False,16.42,True,synthetic_scenario_generator,26006
2022-06-18,IND_GAN,BULK_01,True,False,21.72,True,synthetic_scenario_generator,26006
2022-06-19,IND_GAN,BULK_01,True,False,21.09,True,synthetic_scenario_generator,26006
2022-06-20,IND_GAN,BULK_01,True,False,23.78,True,synthetic_scenario_generator,26006
2022-06-21,IND_GAN,BULK_01,True,False,26.67,True,synthetic_scenario_generator,26006
2022-06-22,IND_GAN,BULK_01,True,False,17.6,True,synthetic_scenario_generator,26006
2022-06-23,IND_GAN,BULK_01,True,False,14.62,True,synthetic_scenario_generator,26006
2022-06-24,IND_GAN,BULK_01,True,False,28.26,True,synthetic_scenario_generator,26006
2022-06-25,IND_GAN,BULK_01,True,False,25.54,True,synthetic_scenario_generator,26006
2022-06-26,IND_GAN,BULK_01,True,False,35.46,True,synthetic_scenario_generator,26006
2022-06-27,IND_GAN,BULK_01,True,False,21.5,True,synthetic_scenario_generator,26006
2022-06-28,IND_GAN,BULK_01,True,False,20.87,True,synthetic_scenario_generator,26006
2022-06-29,IND_GAN,BULK_01,True,False,26.37,True,synthetic_scenario_generator,26006
2022-06-30,IND_GAN,BULK_01,True,False,24.17,True,synthetic_scenario_generator,26006
2022-07-01,IND_GAN,BULK_01,True,False,25.2,True,synthetic_scenario_generator,26006
2022-07-02,IND_GAN,BULK_01,True,False,25.42,True,synthetic_scenario_generator,26006
2022-07-03,IND_GAN,BULK_01,True,False,29.8,True,synthetic_scenario_generator,26006
2022-07-04,IND_GAN,BULK_01,True,False,32.51,True,synthetic_scenario_generator,26006
2022-07-05,IND_GAN,BULK_01,True,False,17.44,True,synthetic_scenario_generator,26006
2022-07-06,IND_GAN,BULK_01,True,False,26.24,True,synthetic_scenario_generator,26006
2022-07-07,IND_GAN,BULK_01,True,False,32.55,True,synthetic_scenario_generator,26006
2022-07-08,IND_GAN,BULK_01,True,False,24.15,True,synthetic_scenario_generator,26006
2022-07-09,IND_GAN,BULK_01,True,False,30.46,True,synthetic_scenario_generator,26006
2022-07-10,IND_GAN,BULK_01,True,False,33.17,True,synthetic_scenario_generator,26006
2022-07-11,IND_GAN,BULK_01,True,False,29.58,True,synthetic_scenario_generator,26006
2022-07-12,IND_GAN,BULK_01,True,False,24.16,True,synthetic_scenario_generator,26006
2022-07-13,IND_GAN,BULK_01,True,False,23.27,True,synthetic_scenario_generator,26006
2022-07-14,IND_GAN,BULK_01,True,False,26.5,True,synthetic_scenario_generator,26006
2022-07-15,IND_GAN,BULK_01,True,False,23.3,True,synthetic_scenario_generator,26006
2022-07-16,IND_GAN,BULK_01,True,False,33.79,True,synthetic_scenario_generator,26006
2022-07-17,IND_GAN,BULK_01,True,False,30.49,True,synthetic_scenario_generator,26006
2022-07-18,IND_GAN,BULK_01,True,False,33.22,True,synthetic_scenario_generator,26006
2022-07-19,IND_GAN,BULK_01,True,False,36.42,True,synthetic_scenario_generator,26006
2022-07-20,IND_GAN,BULK_01,True,False,36.74,True,synthetic_scenario_generator,26006
2022-07-21,IND_GAN,BULK_01,True,False,38.41,True,synthetic_scenario_generator,26006
2022-07-22,IND_GAN,BULK_01,True,False,40.87,True,synthetic_scenario_generator,26006
2022-07-23,IND_GAN,BULK_01,True,False,29.35,True,synthetic_scenario_generator,26006
2022-07-24,IND_GAN,BULK_01,True,False,35.87,True,synthetic_scenario_generator,26006
2022-07-25,IND_GAN,BULK_01,True,False,31.84,True,synthetic_scenario_generator,26006
2022-07-26,IND_GAN,BULK_01,True,False,28.08,True,synthetic_scenario_generator,26006
2022-07-27,IND_GAN,BULK_01,True,False,45.81,True,synthetic_scenario_generator,26006
2022-07-28,IND_GAN,BULK_01,True,False,32.73,True,synthetic_scenario_generator,26006
2022-07-29,IND_GAN,BULK_01,True,False,31.45,True,synthetic_scenario_generator,26006
2022-07-30,IND_GAN,BULK_01,True,False,27.27,True,synthetic_scenario_generator,26006
2022-07-31,IND_GAN,BULK_01,True,False,38.73,True,synthetic_scenario_generator,26006
2022-08-01,IND_GAN,BULK_01,True,False,40.06,True,synthetic_scenario_generator,26006
2022-08-02,IND_GAN,BULK_01,True,False,31.19,True,synthetic_scenario_generator,26006
2022-08-03,IND_GAN,BULK_01,True,False,34.33,True,synthetic_scenario_generator,26006
2022-08-04,IND_GAN,BULK_01,True,False,33.72,True,synthetic_scenario_generator,26006
2022-08-05,IND_GAN,BULK_01,True,False,44.31,True,synthetic_scenario_generator,26006
2022-08-06,IND_GAN,BULK_01,True,False,33.1,True,synthetic_scenario_generator,26006
2022-08-07,IND_GAN,BULK_01,True,False,35.48,True,synthetic_scenario_generator,26006
2022-08-08,IND_GAN,BULK_01,True,False,41.64,True,synthetic_scenario_generator,26006
2022-08-09,IND_GAN,BULK_01,True,False,32.99,True,synthetic_scenario_generator,26006
2022-08-10,IND_GAN,BULK_01,True,False,40.12,True,synthetic_scenario_generator,26006
2022-08-11,IND_GAN,BULK_01,True,False,32.6,True,synthetic_scenario_generator,26006
2022-08-12,IND_GAN,BULK_01,True,False,45.13,True,synthetic_scenario_generator,26006
2022-08-13,IND_GAN,BULK_01,True,False,24.03,True,synthetic_scenario_generator,26006
2022-08-14,IND_GAN,BULK_01,True,False,33.3,True,synthetic_scenario_generator,26006
2022-08-15,IND_GAN,BULK_01,True,False,25.04,True,synthetic_scenario_generator,26006
2022-08-16,IND_GAN,BULK_01,True,False,25.08,True,synthetic_scenario_generator,26006
2022-08-17,IND_GAN,BULK_01,True,False,30.16,True,synthetic_scenario_generator,26006
2022-08-18,IND_GAN,BULK_01,True,False,31.41,True,synthetic_scenario_generator,26006
2022-08-19,IND_GAN,BULK_01,True,False,26.42,True,synthetic_scenario_generator,26006
2022-08-20,IND_GAN,BULK_01,True,False,24.9,True,synthetic_scenario_generator,26006
2022-08-21,IND_GAN,BULK_01,True,False,19.66,True,synthetic_scenario_generator,26006
2022-08-22,IND_GAN,BULK_01,True,False,29.66,True,synthetic_scenario_generator,26006
2022-08-23,IND_GAN,BULK_01,True,False,29.43,True,synthetic_scenario_generator,26006
2022-08-24,IND_GAN,BULK_01,True,False,29.25,True,synthetic_scenario_generator,26006
2022-08-25,IND_GAN,BULK_01,True,False,28.36,True,synthetic_scenario_generator,26006
2022-08-26,IND_GAN,BULK_01,True,False,30.12,True,synthetic_scenario_generator,26006
2022-08-27,IND_GAN,BULK_01,True,False,25.81,True,synthetic_scenario_generator,26006
2022-08-28,IND_GAN,BULK_01,True,False,22.78,True,synthetic_scenario_generator,26006
2022-08-29,IND_GAN,BULK_01,True,False,26.72,True,synthetic_scenario_generator,26006
2022-08-30,IND_GAN,BULK_01,True,False,31.58,True,synthetic_scenario_generator,26006
2022-08-31,IND_GAN,BULK_01,True,False,18.21,True,synthetic_scenario_generator,26006
2022-09-01,IND_GAN,BULK_01,True,False,19.02,True,synthetic_scenario_generator,26006
2022-09-02,IND_GAN,BULK_01,True,False,26.92,True,synthetic_scenario_generator,26006
2022-09-03,IND_GAN,BULK_01,True,False,27.79,True,synthetic_scenario_generator,26006
2022-09-04,IND_GAN,BULK_01,True,False,17.16,True,synthetic_scenario_generator,26006
2022-09-05,IND_GAN,BULK_01,True,False,21.75,True,synthetic_scenario_generator,26006
2022-09-06,IND_GAN,BULK_01,True,False,19.34,True,synthetic_scenario_generator,26006
2022-09-07,IND_GAN,BULK_01,True,False,16.96,True,synthetic_scenario_generator,26006
2022-09-08,IND_GAN,BULK_01,True,False,20.55,True,synthetic_scenario_generator,26006
2022-09-09,IND_GAN,BULK_01,True,False,25.4,True,synthetic_scenario_generator,26006
2022-09-10,IND_GAN,BULK_01,True,False,17.24,True,synthetic_scenario_generator,26006
2022-09-11,IND_GAN,BULK_01,True,False,16.42,True,synthetic_scenario_generator,26006
2022-09-12,IND_GAN,BULK_01,True,False,23.73,True,synthetic_scenario_generator,26006
2022-09-13,IND_GAN,BULK_01,True,False,11.95,True,synthetic_scenario_generator,26006
2022-09-14,IND_GAN,BULK_01,True,False,12.96,True,synthetic_scenario_generator,26006
2022-09-15,IND_GAN,BULK_01,False,True,11.85,True,synthetic_scenario_generator,26006
2022-09-16,IND_GAN,BULK_01,True,False,13.59,True,synthetic_scenario_generator,26006
2022-09-17,IND_GAN,BULK_01,True,False,19.05,True,synthetic_scenario_generator,26006
2022-09-18,IND_GAN,BULK_01,True,False,15.65,True,synthetic_scenario_generator,26006
2022-09-19,IND_GAN,BULK_01,True,False,14.98,True,synthetic_scenario_generator,26006
2022-09-20,IND_GAN,BULK_01,True,False,20.21,True,synthetic_scenario_generator,26006
2022-09-21,IND_GAN,BULK_01,True,False,13.0,True,synthetic_scenario_generator,26006
2022-09-22,IND_GAN,BULK_01,True,False,15.73,True,synthetic_scenario_generator,26006
2022-09-23,IND_GAN,BULK_01,True,False,21.35,True,synthetic_scenario_generator,26006
2022-09-24,IND_GAN,BULK_01,True,False,28.41,True,synthetic_scenario_generator,26006
2022-09-25,IND_GAN,BULK_01,True,False,11.69,True,synthetic_scenario_generator,26006
2022-09-26,IND_GAN,BULK_01,True,False,8.75,True,synthetic_scenario_generator,26006
2022-09-27,IND_GAN,BULK_01,True,False,22.33,True,synthetic_scenario_generator,26006
2022-09-28,IND_GAN,BULK_01,True,False,22.84,True,synthetic_scenario_generator,26006
2022-09-29,IND_GAN,BULK_01,True,False,16.65,True,synthetic_scenario_generator,26006
2022-09-30,IND_GAN,BULK_01,True,False,19.72,True,synthetic_scenario_generator,26006
2022-10-01,IND_GAN,BULK_01,True,False,19.09,True,synthetic_scenario_generator,26006
2022-10-02,IND_GAN,BULK_01,True,False,21.06,True,synthetic_scenario_generator,26006
2022-10-03,IND_GAN,BULK_01,True,False,19.2,True,synthetic_scenario_generator,26006
2022-10-04,IND_GAN,BULK_01,True,False,12.61,True,synthetic_scenario_generator,26006
2022-10-05,IND_GAN,BULK_01,True,False,13.95,True,synthetic_scenario_generator,26006
2022-10-06,IND_GAN,BULK_01,True,False,28.2,True,synthetic_scenario_generator,26006
2022-10-07,IND_GAN,BULK_01,True,False,20.3,True,synthetic_scenario_generator,26006
2022-10-08,IND_GAN,BULK_01,True,False,24.36,True,synthetic_scenario_generator,26006
2022-10-09,IND_GAN,BULK_01,True,False,18.91,True,synthetic_scenario_generator,26006
2022-10-10,IND_GAN,BULK_01,True,False,31.98,True,synthetic_scenario_generator,26006
2022-10-11,IND_GAN,BULK_01,True,False,25.93,True,synthetic_scenario_generator,26006
2022-10-12,IND_GAN,BULK_01,True,False,27.44,True,synthetic_scenario_generator,26006
2022-10-13,IND_GAN,BULK_01,True,False,25.67,True,synthetic_scenario_generator,26006
2022-10-14,IND_GAN,BULK_01,True,False,24.83,True,synthetic_scenario_generator,26006
2022-10-15,IND_GAN,BULK_01,True,False,24.72,True,synthetic_scenario_generator,26006
2022-10-16,IND_GAN,BULK_01,True,False,31.36,True,synthetic_scenario_generator,26006
2022-10-17,IND_GAN,BULK_01,True,False,27.4,True,synthetic_scenario_generator,26006
2022-10-18,IND_GAN,BULK_01,True,False,24.5,True,synthetic_scenario_generator,26006
2022-10-19,IND_GAN,BULK_01,True,False,36.3,True,synthetic_scenario_generator,26006
2022-10-20,IND_GAN,BULK_01,True,False,37.89,True,synthetic_scenario_generator,26006
2022-10-21,IND_GAN,BULK_01,True,False,20.27,True,synthetic_scenario_generator,26006
2022-10-22,IND_GAN,BULK_01,True,False,33.79,True,synthetic_scenario_generator,26006
2022-10-23,IND_GAN,BULK_01,True,False,23.88,True,synthetic_scenario_generator,26006
2022-10-24,IND_GAN,BULK_01,True,False,34.02,True,synthetic_scenario_generator,26006
2022-10-25,IND_GAN,BULK_01,True,False,28.99,True,synthetic_scenario_generator,26006
2022-10-26,IND_GAN,BULK_01,True,False,27.59,True,synthetic_scenario_generator,26006
2022-10-27,IND_GAN,BULK_01,True,False,37.25,True,synthetic_scenario_generator,26006
2022-10-28,IND_GAN,BULK_01,True,False,25.94,True,synthetic_scenario_generator,26006
2022-10-29,IND_GAN,BULK_01,True,False,25.32,True,synthetic_scenario_generator,26006
2022-10-30,IND_GAN,BULK_01,True,False,19.4,True,synthetic_scenario_generator,26006
2022-10-31,IND_GAN,BULK_01,True,False,34.33,True,synthetic_scenario_generator,26006
2022-11-01,IND_GAN,BULK_01,True,False,27.3,True,synthetic_scenario_generator,26006
2022-11-02,IND_GAN,BULK_01,True,False,25.67,True,synthetic_scenario_generator,26006
2022-11-03,IND_GAN,BULK_01,True,False,36.66,True,synthetic_scenario_generator,26006
2022-11-04,IND_GAN,BULK_01,True,False,22.95,True,synthetic_scenario_generator,26006
2022-11-05,IND_GAN,BULK_01,True,False,33.42,True,synthetic_scenario_generator,26006
2022-11-06,IND_GAN,BULK_01,True,False,22.71,True,synthetic_scenario_generator,26006
2022-11-07,IND_GAN,BULK_01,True,False,25.1,True,synthetic_scenario_generator,26006
2022-11-08,IND_GAN,BULK_01,True,False,26.26,True,synthetic_scenario_generator,26006
2022-11-09,IND_GAN,BULK_01,True,False,26.82,True,synthetic_scenario_generator,26006
2022-11-10,IND_GAN,BULK_01,True,False,31.04,True,synthetic_scenario_generator,26006
2022-11-11,IND_GAN,BULK_01,True,False,29.05,True,synthetic_scenario_generator,26006
2022-11-12,IND_GAN,BULK_01,True,False,17.69,True,synthetic_scenario_generator,26006
2022-11-13,IND_GAN,BULK_01,True,False,33.87,True,synthetic_scenario_generator,26006
2022-11-14,IND_GAN,BULK_01,True,False,39.32,True,synthetic_scenario_generator,26006
2022-11-15,IND_GAN,BULK_01,True,False,24.99,True,synthetic_scenario_generator,26006
2022-11-16,IND_GAN,BULK_01,True,False,25.54,True,synthetic_scenario_generator,26006
2022-11-17,IND_GAN,BULK_01,True,False,21.84,True,synthetic_scenario_generator,26006
2022-11-18,IND_GAN,BULK_01,True,False,30.51,True,synthetic_scenario_generator,26006
2022-11-19,IND_GAN,BULK_01,True,False,18.08,True,synthetic_scenario_generator,26006
2022-11-20,IND_GAN,BULK_01,True,False,18.16,True,synthetic_scenario_generator,26006
2022-11-21,IND_GAN,BULK_01,True,False,33.6,True,synthetic_scenario_generator,26006
2022-11-22,IND_GAN,BULK_01,True,False,36.59,True,synthetic_scenario_generator,26006
2022-11-23,IND_GAN,BULK_01,True,False,24.01,True,synthetic_scenario_generator,26006
2022-11-24,IND_GAN,BULK_01,True,False,15.04,True,synthetic_scenario_generator,26006
2022-11-25,IND_GAN,BULK_01,True,False,21.89,True,synthetic_scenario_generator,26006
2022-11-26,IND_GAN,BULK_01,True,False,30.6,True,synthetic_scenario_generator,26006
2022-11-27,IND_GAN,BULK_01,True,False,15.3,True,synthetic_scenario_generator,26006
2022-11-28,IND_GAN,BULK_01,True,False,19.31,True,synthetic_scenario_generator,26006
2022-11-29,IND_GAN,BULK_01,True,False,19.2,True,synthetic_scenario_generator,26006
2022-11-30,IND_GAN,BULK_01,True,False,22.41,True,synthetic_scenario_generator,26006
2022-12-01,IND_GAN,BULK_01,True,False,16.9,True,synthetic_scenario_generator,26006
2022-12-02,IND_GAN,BULK_01,True,False,12.66,True,synthetic_scenario_generator,26006
2022-12-03,IND_GAN,BULK_01,True,False,9.65,True,synthetic_scenario_generator,26006
2022-12-04,IND_GAN,BULK_01,True,False,25.83,True,synthetic_scenario_generator,26006
2022-12-05,IND_GAN,BULK_01,True,False,9.44,True,synthetic_scenario_generator,26006
2022-12-06,IND_GAN,BULK_01,True,False,19.97,True,synthetic_scenario_generator,26006
2022-12-07,IND_GAN,BULK_01,True,False,12.14,True,synthetic_scenario_generator,26006
2022-12-08,IND_GAN,BULK_01,True,False,7.12,True,synthetic_scenario_generator,26006
2022-12-09,IND_GAN,BULK_01,True,False,25.71,True,synthetic_scenario_generator,26006
2022-12-10,IND_GAN,BULK_01,True,False,9.59,True,synthetic_scenario_generator,26006
2022-12-11,IND_GAN,BULK_01,True,False,13.17,True,synthetic_scenario_generator,26006
2022-12-12,IND_GAN,BULK_01,True,False,8.75,True,synthetic_scenario_generator,26006
2022-12-13,IND_GAN,BULK_01,True,False,16.81,True,synthetic_scenario_generator,26006
2022-12-14,IND_GAN,BULK_01,True,False,22.92,True,synthetic_scenario_generator,26006
2022-12-15,IND_GAN,BULK_01,True,False,11.16,True,synthetic_scenario_generator,26006
2022-12-16,IND_GAN,BULK_01,True,False,4.67,True,synthetic_scenario_generator,26006
2022-12-17,IND_GAN,BULK_01,True,False,18.72,True,synthetic_scenario_generator,26006
2022-12-18,IND_GAN,BULK_01,True,False,19.42,True,synthetic_scenario_generator,26006
2022-12-19,IND_GAN,BULK_01,True,False,2.0,True,synthetic_scenario_generator,26006
2022-12-20,IND_GAN,BULK_01,True,False,22.77,True,synthetic_scenario_generator,26006
2022-12-21,IND_GAN,BULK_01,True,False,12.22,True,synthetic_scenario_generator,26006
2022-12-22,IND_GAN,BULK_01,True,False,13.81,True,synthetic_scenario_generator,26006
2022-12-23,IND_GAN,BULK_01,True,False,16.2,True,synthetic_scenario_generator,26006
2022-12-24,IND_GAN,BULK_01,True,False,14.33,True,synthetic_scenario_generator,26006
2022-12-25,IND_GAN,BULK_01,True,False,8.24,True,synthetic_scenario_generator,26006
2022-12-26,IND_GAN,BULK_01,True,False,19.91,True,synthetic_scenario_generator,26006
2022-12-27,IND_GAN,BULK_01,True,False,9.88,True,synthetic_scenario_generator,26006
2022-12-28,IND_GAN,BULK_01,True,False,14.32,True,synthetic_scenario_generator,26006
2022-12-29,IND_GAN,BULK_01,True,False,13.71,True,synthetic_scenario_generator,26006
2022-12-30,IND_GAN,BULK_01,True,False,15.26,True,synthetic_scenario_generator,26006
2022-12-31,IND_GAN,BULK_01,True,False,14.8,True,synthetic_scenario_generator,26006
2023-01-01,IND_GAN,BULK_01,True,False,17.66,True,synthetic_scenario_generator,26006
2023-01-02,IND_GAN,BULK_01,True,False,33.65,True,synthetic_scenario_generator,26006
2023-01-03,IND_GAN,BULK_01,True,False,10.34,True,synthetic_scenario_generator,26006
2023-01-04,IND_GAN,BULK_01,True,False,17.43,True,synthetic_scenario_generator,26006
2023-01-05,IND_GAN,BULK_01,True,False,12.64,True,synthetic_scenario_generator,26006
2023-01-06,IND_GAN,BULK_01,True,False,21.53,True,synthetic_scenario_generator,26006
2023-01-07,IND_GAN,BULK_01,True,False,17.07,True,synthetic_scenario_generator,26006
2023-01-08,IND_GAN,BULK_01,True,False,27.78,True,synthetic_scenario_generator,26006
2023-01-09,IND_GAN,BULK_01,True,False,17.71,True,synthetic_scenario_generator,26006
2023-01-10,IND_GAN,BULK_01,True,False,28.27,True,synthetic_scenario_generator,26006
2023-01-11,IND_GAN,BULK_01,True,False,25.05,True,synthetic_scenario_generator,26006
2023-01-12,IND_GAN,BULK_01,True,False,20.96,True,synthetic_scenario_generator,26006
2023-01-13,IND_GAN,BULK_01,True,False,18.0,True,synthetic_scenario_generator,26006
2023-01-14,IND_GAN,BULK_01,True,False,33.63,True,synthetic_scenario_generator,26006
2023-01-15,IND_GAN,BULK_01,True,False,29.21,True,synthetic_scenario_generator,26006
2023-01-16,IND_GAN,BULK_01,True,False,23.1,True,synthetic_scenario_generator,26006
2023-01-17,IND_GAN,BULK_01,True,False,28.53,True,synthetic_scenario_generator,26006
2023-01-18,IND_GAN,BULK_01,True,False,27.51,True,synthetic_scenario_generator,26006
2023-01-19,IND_GAN,BULK_01,True,False,25.16,True,synthetic_scenario_generator,26006
2023-01-20,IND_GAN,BULK_01,True,False,21.12,True,synthetic_scenario_generator,26006
2023-01-21,IND_GAN,BULK_01,True,False,36.39,True,synthetic_scenario_generator,26006
2023-01-22,IND_GAN,BULK_01,True,False,24.06,True,synthetic_scenario_generator,26006
2023-01-23,IND_GAN,BULK_01,True,False,24.68,True,synthetic_scenario_generator,26006
2023-01-24,IND_GAN,BULK_01,True,False,40.96,True,synthetic_scenario_generator,26006
2023-01-25,IND_GAN,BULK_01,True,False,28.71,True,synthetic_scenario_generator,26006
2023-01-26,IND_GAN,BULK_01,True,False,36.85,True,synthetic_scenario_generator,26006
2023-01-27,IND_GAN,BULK_01,True,False,24.69,True,synthetic_scenario_generator,26006
2023-01-28,IND_GAN,BULK_01,True,False,27.23,True,synthetic_scenario_generator,26006
2023-01-29,IND_GAN,BULK_01,True,False,28.98,True,synthetic_scenario_generator,26006
2023-01-30,IND_GAN,BULK_01,True,False,30.36,True,synthetic_scenario_generator,26006
2023-01-31,IND_GAN,BULK_01,True,False,29.25,True,synthetic_scenario_generator,26006
2023-02-01,IND_GAN,BULK_01,True,False,24.6,True,synthetic_scenario_generator,26006
2023-02-02,IND_GAN,BULK_01,True,False,33.94,True,synthetic_scenario_generator,26006
2023-02-03,IND_GAN,BULK_01,True,False,31.84,True,synthetic_scenario_generator,26006
2023-02-04,IND_GAN,BULK_01,True,False,27.04,True,synthetic_scenario_generator,26006
2023-02-05,IND_GAN,BULK_01,True,False,21.03,True,synthetic_scenario_generator,26006
2023-02-06,IND_GAN,BULK_01,True,False,32.21,True,synthetic_scenario_generator,26006
2023-02-07,IND_GAN,BULK_01,True,False,26.1,True,synthetic_scenario_generator,26006
2023-02-08,IND_GAN,BULK_01,True,False,24.47,True,synthetic_scenario_generator,26006
2023-02-09,IND_GAN,BULK_01,True,False,19.14,True,synthetic_scenario_generator,26006
2023-02-10,IND_GAN,BULK_01,True,False,36.08,True,synthetic_scenario_generator,26006
2023-02-11,IND_GAN,BULK_01,True,False,26.88,True,synthetic_scenario_generator,26006
2023-02-12,IND_GAN,BULK_01,True,False,22.37,True,synthetic_scenario_generator,26006
2023-02-13,IND_GAN,BULK_01,True,False,20.11,True,synthetic_scenario_generator,26006
2023-02-14,IND_GAN,BULK_01,True,False,24.15,True,synthetic_scenario_generator,26006
2023-02-15,IND_GAN,BULK_01,True,False,30.53,True,synthetic_scenario_generator,26006
2023-02-16,IND_GAN,BULK_01,True,False,27.75,True,synthetic_scenario_generator,26006
2023-02-17,IND_GAN,BULK_01,True,False,18.37,True,synthetic_scenario_generator,26006
2023-02-18,IND_GAN,BULK_01,True,False,15.31,True,synthetic_scenario_generator,26006
2023-02-19,IND_GAN,BULK_01,True,False,26.49,True,synthetic_scenario_generator,26006
2023-02-20,IND_GAN,BULK_01,True,False,18.88,True,synthetic_scenario_generator,26006
2023-02-21,IND_GAN,BULK_01,True,False,25.45,True,synthetic_scenario_generator,26006
2023-02-22,IND_GAN,BULK_01,True,False,32.57,True,synthetic_scenario_generator,26006
2023-02-23,IND_GAN,BULK_01,True,False,21.33,True,synthetic_scenario_generator,26006
2023-02-24,IND_GAN,BULK_01,True,False,26.43,True,synthetic_scenario_generator,26006
2023-02-25,IND_GAN,BULK_01,True,False,15.07,True,synthetic_scenario_generator,26006
2023-02-26,IND_GAN,BULK_01,True,False,24.23,True,synthetic_scenario_generator,26006
2023-02-27,IND_GAN,BULK_01,True,False,22.36,True,synthetic_scenario_generator,26006
2023-02-28,IND_GAN,BULK_01,True,False,20.35,True,synthetic_scenario_generator,26006
2023-03-01,IND_GAN,BULK_01,True,False,20.65,True,synthetic_scenario_generator,26006
2023-03-02,IND_GAN,BULK_01,True,False,18.78,True,synthetic_scenario_generator,26006
2023-03-03,IND_GAN,BULK_01,True,False,14.47,True,synthetic_scenario_generator,26006
2023-03-04,IND_GAN,BULK_01,True,False,19.02,True,synthetic_scenario_generator,26006
2023-03-05,IND_GAN,BULK_01,True,False,14.98,True,synthetic_scenario_generator,26006
2023-03-06,IND_GAN,BULK_01,True,False,20.3,True,synthetic_scenario_generator,26006
2023-03-07,IND_GAN,BULK_01,True,False,7.03,True,synthetic_scenario_generator,26006
2023-03-08,IND_GAN,BULK_01,True,False,12.73,True,synthetic_scenario_generator,26006
2023-03-09,IND_GAN,BULK_01,True,False,15.58,True,synthetic_scenario_generator,26006
2023-03-10,IND_GAN,BULK_01,True,False,7.35,True,synthetic_scenario_generator,26006
2023-03-11,IND_GAN,BULK_01,True,False,14.81,True,synthetic_scenario_generator,26006
2023-03-12,IND_GAN,BULK_01,True,False,13.68,True,synthetic_scenario_generator,26006
2023-03-13,IND_GAN,BULK_01,True,False,11.38,True,synthetic_scenario_generator,26006
2023-03-14,IND_GAN,BULK_01,True,False,7.11,True,synthetic_scenario_generator,26006
2023-03-15,IND_GAN,BULK_01,False,True,25.48,True,synthetic_scenario_generator,26006
2023-03-16,IND_GAN,BULK_01,True,False,12.62,True,synthetic_scenario_generator,26006
2023-03-17,IND_GAN,BULK_01,True,False,12.86,True,synthetic_scenario_generator,26006
2023-03-18,IND_GAN,BULK_01,True,False,17.8,True,synthetic_scenario_generator,26006
2023-03-19,IND_GAN,BULK_01,True,False,6.89,True,synthetic_scenario_generator,26006
2023-03-20,IND_GAN,BULK_01,True,False,16.13,True,synthetic_scenario_generator,26006
2023-03-21,IND_GAN,BULK_01,True,False,13.09,True,synthetic_scenario_generator,26006
2023-03-22,IND_GAN,BULK_01,True,False,11.9,True,synthetic_scenario_generator,26006
2023-03-23,IND_GAN,BULK_01,True,False,11.44,True,synthetic_scenario_generator,26006
2023-03-24,IND_GAN,BULK_01,True,False,15.88,True,synthetic_scenario_generator,26006
2023-03-25,IND_GAN,BULK_01,True,False,19.48,True,synthetic_scenario_generator,26006
2023-03-26,IND_GAN,BULK_01,True,False,11.58,True,synthetic_scenario_generator,26006
2023-03-27,IND_GAN,BULK_01,True,False,13.45,True,synthetic_scenario_generator,26006
2023-03-28,IND_GAN,BULK_01,True,False,26.34,True,synthetic_scenario_generator,26006
2023-03-29,IND_GAN,BULK_01,True,False,18.29,True,synthetic_scenario_generator,26006
2023-03-30,IND_GAN,BULK_01,True,False,21.43,True,synthetic_scenario_generator,26006
2023-03-31,IND_GAN,BULK_01,True,False,13.28,True,synthetic_scenario_generator,26006
2023-04-01,IND_GAN,BULK_01,True,False,24.12,True,synthetic_scenario_generator,26006
2023-04-02,IND_GAN,BULK_01,True,False,23.43,True,synthetic_scenario_generator,26006
2023-04-03,IND_GAN,BULK_01,True,False,25.71,True,synthetic_scenario_generator,26006
2023-04-04,IND_GAN,BULK_01,True,False,27.22,True,synthetic_scenario_generator,26006
2023-04-05,IND_GAN,BULK_01,True,False,25.34,True,synthetic_scenario_generator,26006
2023-04-06,IND_GAN,BULK_01,True,False,27.69,True,synthetic_scenario_generator,26006
2023-04-07,IND_GAN,BULK_01,True,False,20.99,True,synthetic_scenario_generator,26006
2023-04-08,IND_GAN,BULK_01,True,False,22.85,True,synthetic_scenario_generator,26006
2023-04-09,IND_GAN,BULK_01,True,False,27.91,True,synthetic_scenario_generator,26006
2023-04-10,IND_GAN,BULK_01,True,False,38.73,True,synthetic_scenario_generator,26006
2023-04-11,IND_GAN,BULK_01,True,False,34.73,True,synthetic_scenario_generator,26006
2023-04-12,IND_GAN,BULK_01,True,False,28.93,True,synthetic_scenario_generator,26006
2023-04-13,IND_GAN,BULK_01,True,False,21.67,True,synthetic_scenario_generator,26006
2023-04-14,IND_GAN,BULK_01,True,False,26.32,True,synthetic_scenario_generator,26006
2023-04-15,IND_GAN,BULK_01,True,False,22.59,True,synthetic_scenario_generator,26006
2023-04-16,IND_GAN,BULK_01,True,False,32.64,True,synthetic_scenario_generator,26006
2023-04-17,IND_GAN,BULK_01,True,False,36.43,True,synthetic_scenario_generator,26006
2023-04-18,IND_GAN,BULK_01,True,False,28.04,True,synthetic_scenario_generator,26006
2023-04-19,IND_GAN,BULK_01,True,False,38.83,True,synthetic_scenario_generator,26006
2023-04-20,IND_GAN,BULK_01,True,False,44.1,True,synthetic_scenario_generator,26006
2023-04-21,IND_GAN,BULK_01,True,False,35.3,True,synthetic_scenario_generator,26006
2023-04-22,IND_GAN,BULK_01,True,False,28.95,True,synthetic_scenario_generator,26006
2023-04-23,IND_GAN,BULK_01,True,False,32.38,True,synthetic_scenario_generator,26006
2023-04-24,IND_GAN,BULK_01,True,False,40.35,True,synthetic_scenario_generator,26006
2023-04-25,IND_GAN,BULK_01,True,False,38.82,True,synthetic_scenario_generator,26006
2023-04-26,IND_GAN,BULK_01,True,False,32.08,True,synthetic_scenario_generator,26006
2023-04-27,IND_GAN,BULK_01,True,False,27.64,True,synthetic_scenario_generator,26006
2023-04-28,IND_GAN,BULK_01,True,False,33.84,True,synthetic_scenario_generator,26006
2023-04-29,IND_GAN,BULK_01,True,False,35.43,True,synthetic_scenario_generator,26006
2023-04-30,IND_GAN,BULK_01,True,False,36.26,True,synthetic_scenario_generator,26006
2023-05-01,IND_GAN,BULK_01,True,False,25.02,True,synthetic_scenario_generator,26006
2023-05-02,IND_GAN,BULK_01,True,False,35.37,True,synthetic_scenario_generator,26006
2023-05-03,IND_GAN,BULK_01,True,False,25.48,True,synthetic_scenario_generator,26006
2023-05-04,IND_GAN,BULK_01,True,False,32.6,True,synthetic_scenario_generator,26006
2023-05-05,IND_GAN,BULK_01,True,False,36.13,True,synthetic_scenario_generator,26006
2023-05-06,IND_GAN,BULK_01,True,False,48.07,True,synthetic_scenario_generator,26006
2023-05-07,IND_GAN,BULK_01,True,False,35.52,True,synthetic_scenario_generator,26006
2023-05-08,IND_GAN,BULK_01,True,False,31.18,True,synthetic_scenario_generator,26006
2023-05-09,IND_GAN,BULK_01,True,False,37.05,True,synthetic_scenario_generator,26006
2023-05-10,IND_GAN,BULK_01,True,False,30.1,True,synthetic_scenario_generator,26006
2023-05-11,IND_GAN,BULK_01,True,False,37.8,True,synthetic_scenario_generator,26006
2023-05-12,IND_GAN,BULK_01,True,False,24.79,True,synthetic_scenario_generator,26006
2023-05-13,IND_GAN,BULK_01,True,False,31.25,True,synthetic_scenario_generator,26006
2023-05-14,IND_GAN,BULK_01,True,False,29.12,True,synthetic_scenario_generator,26006
2023-05-15,IND_GAN,BULK_01,True,False,29.8,True,synthetic_scenario_generator,26006
2023-05-16,IND_GAN,BULK_01,True,False,30.27,True,synthetic_scenario_generator,26006
2023-05-17,IND_GAN,BULK_01,True,False,34.94,True,synthetic_scenario_generator,26006
2023-05-18,IND_GAN,BULK_01,True,False,19.66,True,synthetic_scenario_generator,26006
2023-05-19,IND_GAN,BULK_01,True,False,28.06,True,synthetic_scenario_generator,26006
2023-05-20,IND_GAN,BULK_01,True,False,27.98,True,synthetic_scenario_generator,26006
2023-05-21,IND_GAN,BULK_01,True,False,24.7,True,synthetic_scenario_generator,26006
2023-05-22,IND_GAN,BULK_01,True,False,28.34,True,synthetic_scenario_generator,26006
2023-05-23,IND_GAN,BULK_01,True,False,29.17,True,synthetic_scenario_generator,26006
2023-05-24,IND_GAN,BULK_01,True,False,25.47,True,synthetic_scenario_generator,26006
2023-05-25,IND_GAN,BULK_01,True,False,18.95,True,synthetic_scenario_generator,26006
2023-05-26,IND_GAN,BULK_01,True,False,26.06,True,synthetic_scenario_generator,26006
2023-05-27,IND_GAN,BULK_01,True,False,38.24,True,synthetic_scenario_generator,26006
2023-05-28,IND_GAN,BULK_01,True,False,24.62,True,synthetic_scenario_generator,26006
2023-05-29,IND_GAN,BULK_01,True,False,17.24,True,synthetic_scenario_generator,26006
2023-05-30,IND_GAN,BULK_01,True,False,19.78,True,synthetic_scenario_generator,26006
2023-05-31,IND_GAN,BULK_01,True,False,15.12,True,synthetic_scenario_generator,26006
2023-06-01,IND_GAN,BULK_01,True,False,25.41,True,synthetic_scenario_generator,26006
2023-06-02,IND_GAN,BULK_01,True,False,11.83,True,synthetic_scenario_generator,26006
2023-06-03,IND_GAN,BULK_01,True,False,17.89,True,synthetic_scenario_generator,26006
2023-06-04,IND_GAN,BULK_01,True,False,15.95,True,synthetic_scenario_generator,26006
2023-06-05,IND_GAN,BULK_01,True,False,18.72,True,synthetic_scenario_generator,26006
2023-06-06,IND_GAN,BULK_01,True,False,20.14,True,synthetic_scenario_generator,26006
2023-06-07,IND_GAN,BULK_01,True,False,22.23,True,synthetic_scenario_generator,26006
2023-06-08,IND_GAN,BULK_01,True,False,15.64,True,synthetic_scenario_generator,26006
2023-06-09,IND_GAN,BULK_01,True,False,15.48,True,synthetic_scenario_generator,26006
2023-06-10,IND_GAN,BULK_01,True,False,23.24,True,synthetic_scenario_generator,26006
2023-06-11,IND_GAN,BULK_01,True,False,30.29,True,synthetic_scenario_generator,26006
2023-06-12,IND_GAN,BULK_01,True,False,21.41,True,synthetic_scenario_generator,26006
2023-06-13,IND_GAN,BULK_01,True,False,21.59,True,synthetic_scenario_generator,26006
2023-06-14,IND_GAN,BULK_01,True,False,26.52,True,synthetic_scenario_generator,26006
2023-06-15,IND_GAN,BULK_01,True,False,8.83,True,synthetic_scenario_generator,26006
2023-06-16,IND_GAN,BULK_01,True,False,19.34,True,synthetic_scenario_generator,26006
2023-06-17,IND_GAN,BULK_01,True,False,23.33,True,synthetic_scenario_generator,26006
2023-06-18,IND_GAN,BULK_01,True,False,20.81,True,synthetic_scenario_generator,26006
2023-06-19,IND_GAN,BULK_01,True,False,24.65,True,synthetic_scenario_generator,26006
2023-06-20,IND_GAN,BULK_01,True,False,23.96,True,synthetic_scenario_generator,26006
2023-06-21,IND_GAN,BULK_01,True,False,12.11,True,synthetic_scenario_generator,26006
2023-06-22,IND_GAN,BULK_01,True,False,23.19,True,synthetic_scenario_generator,26006
2023-06-23,IND_GAN,BULK_01,True,False,17.34,True,synthetic_scenario_generator,26006
2023-06-24,IND_GAN,BULK_01,True,False,18.47,True,synthetic_scenario_generator,26006
2023-06-25,IND_GAN,BULK_01,True,False,19.95,True,synthetic_scenario_generator,26006
2023-06-26,IND_GAN,BULK_01,True,False,30.1,True,synthetic_scenario_generator,26006
2023-06-27,IND_GAN,BULK_01,True,False,29.65,True,synthetic_scenario_generator,26006
2023-06-28,IND_GAN,BULK_01,True,False,35.57,True,synthetic_scenario_generator,26006
2023-06-29,IND_GAN,BULK_01,True,False,21.5,True,synthetic_scenario_generator,26006
2023-06-30,IND_GAN,BULK_01,True,False,15.03,True,synthetic_scenario_generator,26006
2023-07-01,IND_GAN,BULK_01,True,False,25.4,True,synthetic_scenario_generator,26006
2023-07-02,IND_GAN,BULK_01,True,False,27.27,True,synthetic_scenario_generator,26006
2023-07-03,IND_GAN,BULK_01,True,False,22.22,True,synthetic_scenario_generator,26006
2023-07-04,IND_GAN,BULK_01,True,False,26.07,True,synthetic_scenario_generator,26006
2023-07-05,IND_GAN,BULK_01,True,False,32.27,True,synthetic_scenario_generator,26006
2023-07-06,IND_GAN,BULK_01,True,False,17.59,True,synthetic_scenario_generator,26006
2023-07-07,IND_GAN,BULK_01,True,False,32.35,True,synthetic_scenario_generator,26006
2023-07-08,IND_GAN,BULK_01,True,False,21.23,True,synthetic_scenario_generator,26006
2023-07-09,IND_GAN,BULK_01,True,False,35.7,True,synthetic_scenario_generator,26006
2023-07-10,IND_GAN,BULK_01,True,False,22.49,True,synthetic_scenario_generator,26006
2023-07-11,IND_GAN,BULK_01,True,False,36.29,True,synthetic_scenario_generator,26006
2023-07-12,IND_GAN,BULK_01,True,False,27.41,True,synthetic_scenario_generator,26006
2023-07-13,IND_GAN,BULK_01,True,False,37.39,True,synthetic_scenario_generator,26006
2023-07-14,IND_GAN,BULK_01,True,False,31.78,True,synthetic_scenario_generator,26006
2023-07-15,IND_GAN,BULK_01,True,False,28.75,True,synthetic_scenario_generator,26006
2023-07-16,IND_GAN,BULK_01,True,False,33.53,True,synthetic_scenario_generator,26006
2023-07-17,IND_GAN,BULK_01,True,False,36.4,True,synthetic_scenario_generator,26006
2023-07-18,IND_GAN,BULK_01,True,False,33.13,True,synthetic_scenario_generator,26006
2023-07-19,IND_GAN,BULK_01,True,False,31.22,True,synthetic_scenario_generator,26006
2023-07-20,IND_GAN,BULK_01,True,False,39.57,True,synthetic_scenario_generator,26006
2023-07-21,IND_GAN,BULK_01,True,False,29.04,True,synthetic_scenario_generator,26006
2023-07-22,IND_GAN,BULK_01,True,False,32.43,True,synthetic_scenario_generator,26006
2023-07-23,IND_GAN,BULK_01,True,False,31.7,True,synthetic_scenario_generator,26006
2023-07-24,IND_GAN,BULK_01,True,False,31.08,True,synthetic_scenario_generator,26006
2023-07-25,IND_GAN,BULK_01,True,False,35.92,True,synthetic_scenario_generator,26006
2023-07-26,IND_GAN,BULK_01,True,False,38.22,True,synthetic_scenario_generator,26006
2023-07-27,IND_GAN,BULK_01,True,False,27.08,True,synthetic_scenario_generator,26006
2023-07-28,IND_GAN,BULK_01,True,False,44.2,True,synthetic_scenario_generator,26006
2023-07-29,IND_GAN,BULK_01,True,False,32.19,True,synthetic_scenario_generator,26006
2023-07-30,IND_GAN,BULK_01,True,False,32.74,True,synthetic_scenario_generator,26006
2023-07-31,IND_GAN,BULK_01,True,False,38.68,True,synthetic_scenario_generator,26006
2023-08-01,IND_GAN,BULK_01,True,False,35.09,True,synthetic_scenario_generator,26006
2023-08-02,IND_GAN,BULK_01,True,False,33.69,True,synthetic_scenario_generator,26006
2023-08-03,IND_GAN,BULK_01,True,False,35.64,True,synthetic_scenario_generator,26006
2023-08-04,IND_GAN,BULK_01,True,False,36.47,True,synthetic_scenario_generator,26006
2023-08-05,IND_GAN,BULK_01,True,False,35.16,True,synthetic_scenario_generator,26006
2023-08-06,IND_GAN,BULK_01,True,False,38.63,True,synthetic_scenario_generator,26006
2023-08-07,IND_GAN,BULK_01,True,False,37.47,True,synthetic_scenario_generator,26006
2023-08-08,IND_GAN,BULK_01,True,False,25.92,True,synthetic_scenario_generator,26006
2023-08-09,IND_GAN,BULK_01,True,False,22.11,True,synthetic_scenario_generator,26006
2023-08-10,IND_GAN,BULK_01,True,False,25.63,True,synthetic_scenario_generator,26006
2023-08-11,IND_GAN,BULK_01,True,False,36.76,True,synthetic_scenario_generator,26006
2023-08-12,IND_GAN,BULK_01,True,False,33.25,True,synthetic_scenario_generator,26006
2023-08-13,IND_GAN,BULK_01,True,False,28.1,True,synthetic_scenario_generator,26006
2023-08-14,IND_GAN,BULK_01,True,False,34.11,True,synthetic_scenario_generator,26006
2023-08-15,IND_GAN,BULK_01,True,False,33.48,True,synthetic_scenario_generator,26006
2023-08-16,IND_GAN,BULK_01,True,False,30.18,True,synthetic_scenario_generator,26006
2023-08-17,IND_GAN,BULK_01,True,False,26.83,True,synthetic_scenario_generator,26006
2023-08-18,IND_GAN,BULK_01,True,False,34.07,True,synthetic_scenario_generator,26006
2023-08-19,IND_GAN,BULK_01,True,False,31.58,True,synthetic_scenario_generator,26006
2023-08-20,IND_GAN,BULK_01,True,False,33.19,True,synthetic_scenario_generator,26006
2023-08-21,IND_GAN,BULK_01,True,False,15.43,True,synthetic_scenario_generator,26006
2023-08-22,IND_GAN,BULK_01,True,False,16.51,True,synthetic_scenario_generator,26006
2023-08-23,IND_GAN,BULK_01,True,False,22.96,True,synthetic_scenario_generator,26006
2023-08-24,IND_GAN,BULK_01,True,False,32.14,True,synthetic_scenario_generator,26006
2023-08-25,IND_GAN,BULK_01,True,False,29.14,True,synthetic_scenario_generator,26006
2023-08-26,IND_GAN,BULK_01,True,False,26.85,True,synthetic_scenario_generator,26006
2023-08-27,IND_GAN,BULK_01,True,False,26.34,True,synthetic_scenario_generator,26006
2023-08-28,IND_GAN,BULK_01,True,False,13.28,True,synthetic_scenario_generator,26006
2023-08-29,IND_GAN,BULK_01,True,False,15.17,True,synthetic_scenario_generator,26006
2023-08-30,IND_GAN,BULK_01,True,False,20.16,True,synthetic_scenario_generator,26006
2023-08-31,IND_GAN,BULK_01,True,False,28.12,True,synthetic_scenario_generator,26006
2023-09-01,IND_GAN,BULK_01,True,False,19.35,True,synthetic_scenario_generator,26006
2023-09-02,IND_GAN,BULK_01,True,False,14.32,True,synthetic_scenario_generator,26006
2023-09-03,IND_GAN,BULK_01,True,False,17.48,True,synthetic_scenario_generator,26006
2023-09-04,IND_GAN,BULK_01,True,False,20.68,True,synthetic_scenario_generator,26006
2023-09-05,IND_GAN,BULK_01,True,False,22.55,True,synthetic_scenario_generator,26006
2023-09-06,IND_GAN,BULK_01,True,False,8.39,True,synthetic_scenario_generator,26006
2023-09-07,IND_GAN,BULK_01,True,False,10.12,True,synthetic_scenario_generator,26006
2023-09-08,IND_GAN,BULK_01,True,False,24.92,True,synthetic_scenario_generator,26006
2023-09-09,IND_GAN,BULK_01,True,False,13.39,True,synthetic_scenario_generator,26006
2023-09-10,IND_GAN,BULK_01,True,False,12.03,True,synthetic_scenario_generator,26006
2023-09-11,IND_GAN,BULK_01,True,False,15.59,True,synthetic_scenario_generator,26006
2023-09-12,IND_GAN,BULK_01,True,False,14.49,True,synthetic_scenario_generator,26006
2023-09-13,IND_GAN,BULK_01,True,False,14.66,True,synthetic_scenario_generator,26006
2023-09-14,IND_GAN,BULK_01,True,False,21.94,True,synthetic_scenario_generator,26006
2023-09-15,IND_GAN,BULK_01,False,True,7.74,True,synthetic_scenario_generator,26006
2023-09-16,IND_GAN,BULK_01,True,False,23.64,True,synthetic_scenario_generator,26006
2023-09-17,IND_GAN,BULK_01,True,False,17.71,True,synthetic_scenario_generator,26006
2023-09-18,IND_GAN,BULK_01,True,False,8.67,True,synthetic_scenario_generator,26006
2023-09-19,IND_GAN,BULK_01,True,False,27.33,True,synthetic_scenario_generator,26006
2023-09-20,IND_GAN,BULK_01,True,False,18.57,True,synthetic_scenario_generator,26006
2023-09-21,IND_GAN,BULK_01,True,False,25.84,True,synthetic_scenario_generator,26006
2023-09-22,IND_GAN,BULK_01,True,False,18.67,True,synthetic_scenario_generator,26006
2023-09-23,IND_GAN,BULK_01,True,False,21.57,True,synthetic_scenario_generator,26006
2023-09-24,IND_GAN,BULK_01,True,False,25.43,True,synthetic_scenario_generator,26006
2023-09-25,IND_GAN,BULK_01,True,False,24.43,True,synthetic_scenario_generator,26006
2023-09-26,IND_GAN,BULK_01,True,False,21.27,True,synthetic_scenario_generator,26006
2023-09-27,IND_GAN,BULK_01,True,False,29.27,True,synthetic_scenario_generator,26006
2023-09-28,IND_GAN,BULK_01,True,False,21.9,True,synthetic_scenario_generator,26006
2023-09-29,IND_GAN,BULK_01,True,False,25.92,True,synthetic_scenario_generator,26006
2023-09-30,IND_GAN,BULK_01,True,False,21.97,True,synthetic_scenario_generator,26006
2023-10-01,IND_GAN,BULK_01,True,False,22.87,True,synthetic_scenario_generator,26006
2023-10-02,IND_GAN,BULK_01,True,False,20.29,True,synthetic_scenario_generator,26006
2023-10-03,IND_GAN,BULK_01,True,False,19.44,True,synthetic_scenario_generator,26006
2023-10-04,IND_GAN,BULK_01,True,False,16.8,True,synthetic_scenario_generator,26006
2023-10-05,IND_GAN,BULK_01,True,False,24.55,True,synthetic_scenario_generator,26006
2023-10-06,IND_GAN,BULK_01,True,False,30.03,True,synthetic_scenario_generator,26006
2023-10-07,IND_GAN,BULK_01,True,False,28.05,True,synthetic_scenario_generator,26006
2023-10-08,IND_GAN,BULK_01,True,False,28.27,True,synthetic_scenario_generator,26006
2023-10-09,IND_GAN,BULK_01,True,False,18.3,True,synthetic_scenario_generator,26006
2023-10-10,IND_GAN,BULK_01,True,False,29.74,True,synthetic_scenario_generator,26006
2023-10-11,IND_GAN,BULK_01,True,False,31.06,True,synthetic_scenario_generator,26006
2023-10-12,IND_GAN,BULK_01,True,False,23.65,True,synthetic_scenario_generator,26006
2023-10-13,IND_GAN,BULK_01,True,False,37.94,True,synthetic_scenario_generator,26006
2023-10-14,IND_GAN,BULK_01,True,False,23.13,True,synthetic_scenario_generator,26006
2023-10-15,IND_GAN,BULK_01,True,False,32.07,True,synthetic_scenario_generator,26006
2023-10-16,IND_GAN,BULK_01,True,False,30.48,True,synthetic_scenario_generator,26006
2023-10-17,IND_GAN,BULK_01,True,False,28.56,True,synthetic_scenario_generator,26006
2023-10-18,IND_GAN,BULK_01,True,False,30.98,True,synthetic_scenario_generator,26006
2023-10-19,IND_GAN,BULK_01,True,False,32.59,True,synthetic_scenario_generator,26006
2023-10-20,IND_GAN,BULK_01,True,False,31.79,True,synthetic_scenario_generator,26006
2023-10-21,IND_GAN,BULK_01,True,False,33.68,True,synthetic_scenario_generator,26006
2023-10-22,IND_GAN,BULK_01,True,False,35.74,True,synthetic_scenario_generator,26006
2023-10-23,IND_GAN,BULK_01,True,False,32.58,True,synthetic_scenario_generator,26006
2023-10-24,IND_GAN,BULK_01,True,False,32.58,True,synthetic_scenario_generator,26006
2023-10-25,IND_GAN,BULK_01,True,False,31.86,True,synthetic_scenario_generator,26006
2023-10-26,IND_GAN,BULK_01,True,False,28.01,True,synthetic_scenario_generator,26006
2023-10-27,IND_GAN,BULK_01,True,False,26.12,True,synthetic_scenario_generator,26006
2023-10-28,IND_GAN,BULK_01,True,False,34.96,True,synthetic_scenario_generator,26006
2023-10-29,IND_GAN,BULK_01,True,False,27.76,True,synthetic_scenario_generator,26006
2023-10-30,IND_GAN,BULK_01,True,False,30.32,True,synthetic_scenario_generator,26006
2023-10-31,IND_GAN,BULK_01,True,False,35.08,True,synthetic_scenario_generator,26006
2023-11-01,IND_GAN,BULK_01,True,False,36.5,True,synthetic_scenario_generator,26006
2023-11-02,IND_GAN,BULK_01,True,False,43.34,True,synthetic_scenario_generator,26006
2023-11-03,IND_GAN,BULK_01,True,False,26.17,True,synthetic_scenario_generator,26006
2023-11-04,IND_GAN,BULK_01,True,False,25.86,True,synthetic_scenario_generator,26006
2023-11-05,IND_GAN,BULK_01,True,False,26.58,True,synthetic_scenario_generator,26006
2023-11-06,IND_GAN,BULK_01,True,False,19.39,True,synthetic_scenario_generator,26006
2023-11-07,IND_GAN,BULK_01,True,False,27.13,True,synthetic_scenario_generator,26006
2023-11-08,IND_GAN,BULK_01,True,False,28.08,True,synthetic_scenario_generator,26006
2023-11-09,IND_GAN,BULK_01,True,False,33.11,True,synthetic_scenario_generator,26006
2023-11-10,IND_GAN,BULK_01,True,False,26.81,True,synthetic_scenario_generator,26006
2023-11-11,IND_GAN,BULK_01,True,False,30.61,True,synthetic_scenario_generator,26006
2023-11-12,IND_GAN,BULK_01,True,False,29.82,True,synthetic_scenario_generator,26006
2023-11-13,IND_GAN,BULK_01,True,False,25.51,True,synthetic_scenario_generator,26006
2023-11-14,IND_GAN,BULK_01,True,False,20.07,True,synthetic_scenario_generator,26006
2023-11-15,IND_GAN,BULK_01,True,False,20.89,True,synthetic_scenario_generator,26006
2023-11-16,IND_GAN,BULK_01,True,False,27.55,True,synthetic_scenario_generator,26006
2023-11-17,IND_GAN,BULK_01,True,False,27.79,True,synthetic_scenario_generator,26006
2023-11-18,IND_GAN,BULK_01,True,False,23.73,True,synthetic_scenario_generator,26006
2023-11-19,IND_GAN,BULK_01,True,False,30.95,True,synthetic_scenario_generator,26006
2023-11-20,IND_GAN,BULK_01,True,False,17.96,True,synthetic_scenario_generator,26006
2023-11-21,IND_GAN,BULK_01,True,False,23.39,True,synthetic_scenario_generator,26006
2023-11-22,IND_GAN,BULK_01,True,False,21.05,True,synthetic_scenario_generator,26006
2023-11-23,IND_GAN,BULK_01,True,False,21.23,True,synthetic_scenario_generator,26006
2023-11-24,IND_GAN,BULK_01,True,False,16.43,True,synthetic_scenario_generator,26006
2023-11-25,IND_GAN,BULK_01,True,False,21.22,True,synthetic_scenario_generator,26006
2023-11-26,IND_GAN,BULK_01,True,False,22.65,True,synthetic_scenario_generator,26006
2023-11-27,IND_GAN,BULK_01,True,False,20.6,True,synthetic_scenario_generator,26006
2023-11-28,IND_GAN,BULK_01,True,False,14.72,True,synthetic_scenario_generator,26006
2023-11-29,IND_GAN,BULK_01,True,False,18.74,True,synthetic_scenario_generator,26006
2023-11-30,IND_GAN,BULK_01,True,False,7.84,True,synthetic_scenario_generator,26006
2023-12-01,IND_GAN,BULK_01,True,False,24.42,True,synthetic_scenario_generator,26006
2023-12-02,IND_GAN,BULK_01,True,False,5.87,True,synthetic_scenario_generator,26006
2023-12-03,IND_GAN,BULK_01,True,False,19.55,True,synthetic_scenario_generator,26006
2023-12-04,IND_GAN,BULK_01,True,False,16.24,True,synthetic_scenario_generator,26006
2023-12-05,IND_GAN,BULK_01,True,False,19.5,True,synthetic_scenario_generator,26006
2023-12-06,IND_GAN,BULK_01,True,False,2.31,True,synthetic_scenario_generator,26006
2023-12-07,IND_GAN,BULK_01,True,False,3.77,True,synthetic_scenario_generator,26006
2023-12-08,IND_GAN,BULK_01,True,False,23.37,True,synthetic_scenario_generator,26006
2023-12-09,IND_GAN,BULK_01,True,False,8.03,True,synthetic_scenario_generator,26006
2023-12-10,IND_GAN,BULK_01,True,False,14.96,True,synthetic_scenario_generator,26006
2023-12-11,IND_GAN,BULK_01,True,False,11.95,True,synthetic_scenario_generator,26006
2023-12-12,IND_GAN,BULK_01,True,False,19.69,True,synthetic_scenario_generator,26006
2023-12-13,IND_GAN,BULK_01,True,False,7.51,True,synthetic_scenario_generator,26006
2023-12-14,IND_GAN,BULK_01,True,False,14.54,True,synthetic_scenario_generator,26006
2023-12-15,IND_GAN,BULK_01,True,False,20.06,True,synthetic_scenario_generator,26006
2023-12-16,IND_GAN,BULK_01,True,False,16.25,True,synthetic_scenario_generator,26006
2023-12-17,IND_GAN,BULK_01,True,False,22.8,True,synthetic_scenario_generator,26006
2023-12-18,IND_GAN,BULK_01,True,False,22.99,True,synthetic_scenario_generator,26006
2023-12-19,IND_GAN,BULK_01,True,False,15.76,True,synthetic_scenario_generator,26006
2023-12-20,IND_GAN,BULK_01,True,False,22.71,True,synthetic_scenario_generator,26006
2023-12-21,IND_GAN,BULK_01,True,False,15.89,True,synthetic_scenario_generator,26006
2023-12-22,IND_GAN,BULK_01,True,False,20.16,True,synthetic_scenario_generator,26006
2023-12-23,IND_GAN,BULK_01,True,False,17.89,True,synthetic_scenario_generator,26006
2023-12-24,IND_GAN,BULK_01,True,False,20.46,True,synthetic_scenario_generator,26006
2023-12-25,IND_GAN,BULK_01,True,False,15.05,True,synthetic_scenario_generator,26006
2023-12-26,IND_GAN,BULK_01,True,False,19.88,True,synthetic_scenario_generator,26006
2023-12-27,IND_GAN,BULK_01,True,False,21.55,True,synthetic_scenario_generator,26006
2023-12-28,IND_GAN,BULK_01,True,False,24.03,True,synthetic_scenario_generator,26006
2023-12-29,IND_GAN,BULK_01,True,False,12.81,True,synthetic_scenario_generator,26006
2023-12-30,IND_GAN,BULK_01,True,False,24.64,True,synthetic_scenario_generator,26006
2023-12-31,IND_GAN,BULK_01,True,False,20.12,True,synthetic_scenario_generator,26006
2024-01-01,IND_GAN,BULK_01,True,False,25.46,True,synthetic_scenario_generator,26006
2024-01-02,IND_GAN,BULK_01,True,False,26.52,True,synthetic_scenario_generator,26006
2024-01-03,IND_GAN,BULK_01,True,False,26.05,True,synthetic_scenario_generator,26006
2024-01-04,IND_GAN,BULK_01,True,False,13.55,True,synthetic_scenario_generator,26006
2024-01-05,IND_GAN,BULK_01,True,False,18.85,True,synthetic_scenario_generator,26006
2024-01-06,IND_GAN,BULK_01,True,False,22.31,True,synthetic_scenario_generator,26006
2024-01-07,IND_GAN,BULK_01,True,False,20.23,True,synthetic_scenario_generator,26006
2024-01-08,IND_GAN,BULK_01,True,False,28.5,True,synthetic_scenario_generator,26006
2024-01-09,IND_GAN,BULK_01,True,False,29.87,True,synthetic_scenario_generator,26006
2024-01-10,IND_GAN,BULK_01,True,False,12.94,True,synthetic_scenario_generator,26006
2024-01-11,IND_GAN,BULK_01,True,False,16.12,True,synthetic_scenario_generator,26006
2024-01-12,IND_GAN,BULK_01,True,False,29.24,True,synthetic_scenario_generator,26006
2024-01-13,IND_GAN,BULK_01,True,False,23.91,True,synthetic_scenario_generator,26006
2024-01-14,IND_GAN,BULK_01,True,False,24.88,True,synthetic_scenario_generator,26006
2024-01-15,IND_GAN,BULK_01,True,False,47.43,True,synthetic_scenario_generator,26006
2024-01-16,IND_GAN,BULK_01,True,False,30.55,True,synthetic_scenario_generator,26006
2024-01-17,IND_GAN,BULK_01,True,False,29.33,True,synthetic_scenario_generator,26006
2024-01-18,IND_GAN,BULK_01,True,False,31.76,True,synthetic_scenario_generator,26006
2024-01-19,IND_GAN,BULK_01,True,False,23.71,True,synthetic_scenario_generator,26006
2024-01-20,IND_GAN,BULK_01,True,False,32.3,True,synthetic_scenario_generator,26006
2024-01-21,IND_GAN,BULK_01,True,False,30.65,True,synthetic_scenario_generator,26006
2024-01-22,IND_GAN,BULK_01,True,False,31.75,True,synthetic_scenario_generator,26006
2024-01-23,IND_GAN,BULK_01,True,False,31.53,True,synthetic_scenario_generator,26006
2024-01-24,IND_GAN,BULK_01,True,False,38.25,True,synthetic_scenario_generator,26006
2024-01-25,IND_GAN,BULK_01,True,False,32.22,True,synthetic_scenario_generator,26006
2024-01-26,IND_GAN,BULK_01,True,False,35.61,True,synthetic_scenario_generator,26006
2024-01-27,IND_GAN,BULK_01,True,False,31.23,True,synthetic_scenario_generator,26006
2024-01-28,IND_GAN,BULK_01,True,False,27.45,True,synthetic_scenario_generator,26006
2024-01-29,IND_GAN,BULK_01,True,False,30.73,True,synthetic_scenario_generator,26006
2024-01-30,IND_GAN,BULK_01,True,False,32.13,True,synthetic_scenario_generator,26006
2024-01-31,IND_GAN,BULK_01,True,False,20.58,True,synthetic_scenario_generator,26006
2024-02-01,IND_GAN,BULK_01,True,False,28.05,True,synthetic_scenario_generator,26006
2024-02-02,IND_GAN,BULK_01,True,False,34.78,True,synthetic_scenario_generator,26006
2024-02-03,IND_GAN,BULK_01,True,False,18.8,True,synthetic_scenario_generator,26006
2024-02-04,IND_GAN,BULK_01,True,False,25.5,True,synthetic_scenario_generator,26006
2024-02-05,IND_GAN,BULK_01,True,False,27.59,True,synthetic_scenario_generator,26006
2024-02-06,IND_GAN,BULK_01,True,False,17.32,True,synthetic_scenario_generator,26006
2024-02-07,IND_GAN,BULK_01,True,False,26.0,True,synthetic_scenario_generator,26006
2024-02-08,IND_GAN,BULK_01,True,False,29.42,True,synthetic_scenario_generator,26006
2024-02-09,IND_GAN,BULK_01,True,False,25.8,True,synthetic_scenario_generator,26006
2024-02-10,IND_GAN,BULK_01,True,False,18.65,True,synthetic_scenario_generator,26006
2024-02-11,IND_GAN,BULK_01,True,False,23.78,True,synthetic_scenario_generator,26006
2024-02-12,IND_GAN,BULK_01,True,False,26.46,True,synthetic_scenario_generator,26006
2024-02-13,IND_GAN,BULK_01,True,False,13.14,True,synthetic_scenario_generator,26006
2024-02-14,IND_GAN,BULK_01,True,False,23.18,True,synthetic_scenario_generator,26006
2024-02-15,IND_GAN,BULK_01,True,False,15.73,True,synthetic_scenario_generator,26006
2024-02-16,IND_GAN,BULK_01,True,False,23.67,True,synthetic_scenario_generator,26006
2024-02-17,IND_GAN,BULK_01,True,False,21.09,True,synthetic_scenario_generator,26006
2024-02-18,IND_GAN,BULK_01,True,False,20.46,True,synthetic_scenario_generator,26006
2024-02-19,IND_GAN,BULK_01,True,False,14.49,True,synthetic_scenario_generator,26006
2024-02-20,IND_GAN,BULK_01,True,False,6.17,True,synthetic_scenario_generator,26006
2024-02-21,IND_GAN,BULK_01,True,False,8.42,True,synthetic_scenario_generator,26006
2024-02-22,IND_GAN,BULK_01,True,False,23.52,True,synthetic_scenario_generator,26006
2024-02-23,IND_GAN,BULK_01,True,False,22.39,True,synthetic_scenario_generator,26006
2024-02-24,IND_GAN,BULK_01,True,False,15.41,True,synthetic_scenario_generator,26006
2024-02-25,IND_GAN,BULK_01,True,False,12.18,True,synthetic_scenario_generator,26006
2024-02-26,IND_GAN,BULK_01,True,False,13.92,True,synthetic_scenario_generator,26006
2024-02-27,IND_GAN,BULK_01,True,False,11.67,True,synthetic_scenario_generator,26006
2024-02-28,IND_GAN,BULK_01,True,False,11.39,True,synthetic_scenario_generator,26006
2024-02-29,IND_GAN,BULK_01,True,False,11.8,True,synthetic_scenario_generator,26006
2024-03-01,IND_GAN,BULK_01,True,False,7.67,True,synthetic_scenario_generator,26006
2024-03-02,IND_GAN,BULK_01,True,False,21.37,True,synthetic_scenario_generator,26006
2024-03-03,IND_GAN,BULK_01,True,False,12.53,True,synthetic_scenario_generator,26006
2024-03-04,IND_GAN,BULK_01,True,False,4.32,True,synthetic_scenario_generator,26006
2024-03-05,IND_GAN,BULK_01,True,False,8.84,True,synthetic_scenario_generator,26006
2024-03-06,IND_GAN,BULK_01,True,False,6.62,True,synthetic_scenario_generator,26006
2024-03-07,IND_GAN,BULK_01,True,False,6.78,True,synthetic_scenario_generator,26006
2024-03-08,IND_GAN,BULK_01,True,False,4.95,True,synthetic_scenario_generator,26006
2024-03-09,IND_GAN,BULK_01,True,False,16.7,True,synthetic_scenario_generator,26006
2024-03-10,IND_GAN,BULK_01,True,False,20.18,True,synthetic_scenario_generator,26006
2024-03-11,IND_GAN,BULK_01,True,False,8.77,True,synthetic_scenario_generator,26006
2024-03-12,IND_GAN,BULK_01,True,False,2.0,True,synthetic_scenario_generator,26006
2024-03-13,IND_GAN,BULK_01,True,False,12.22,True,synthetic_scenario_generator,26006
2024-03-14,IND_GAN,BULK_01,True,False,13.46,True,synthetic_scenario_generator,26006
2024-03-15,IND_GAN,BULK_01,False,True,11.84,True,synthetic_scenario_generator,26006
2024-03-16,IND_GAN,BULK_01,True,False,21.12,True,synthetic_scenario_generator,26006
2024-03-17,IND_GAN,BULK_01,True,False,16.53,True,synthetic_scenario_generator,26006
2024-03-18,IND_GAN,BULK_01,True,False,7.46,True,synthetic_scenario_generator,26006
2024-03-19,IND_GAN,BULK_01,True,False,22.69,True,synthetic_scenario_generator,26006
2024-03-20,IND_GAN,BULK_01,True,False,20.64,True,synthetic_scenario_generator,26006
2024-03-21,IND_GAN,BULK_01,True,False,19.73,True,synthetic_scenario_generator,26006
2024-03-22,IND_GAN,BULK_01,True,False,14.01,True,synthetic_scenario_generator,26006
2024-03-23,IND_GAN,BULK_01,True,False,17.04,True,synthetic_scenario_generator,26006
2024-03-24,IND_GAN,BULK_01,True,False,13.11,True,synthetic_scenario_generator,26006
2024-03-25,IND_GAN,BULK_01,True,False,17.82,True,synthetic_scenario_generator,26006
2024-03-26,IND_GAN,BULK_01,True,False,21.68,True,synthetic_scenario_generator,26006
2024-03-27,IND_GAN,BULK_01,True,False,18.97,True,synthetic_scenario_generator,26006
2024-03-28,IND_GAN,BULK_01,True,False,27.1,True,synthetic_scenario_generator,26006
2024-03-29,IND_GAN,BULK_01,True,False,21.33,True,synthetic_scenario_generator,26006
2024-03-30,IND_GAN,BULK_01,True,False,22.92,True,synthetic_scenario_generator,26006
2024-03-31,IND_GAN,BULK_01,True,False,23.97,True,synthetic_scenario_generator,26006
2024-04-01,IND_GAN,BULK_01,True,False,22.32,True,synthetic_scenario_generator,26006
2024-04-02,IND_GAN,BULK_01,True,False,17.03,True,synthetic_scenario_generator,26006
2024-04-03,IND_GAN,BULK_01,True,False,26.94,True,synthetic_scenario_generator,26006
2024-04-04,IND_GAN,BULK_01,True,False,20.82,True,synthetic_scenario_generator,26006
2024-04-05,IND_GAN,BULK_01,True,False,26.76,True,synthetic_scenario_generator,26006
2024-04-06,IND_GAN,BULK_01,True,False,21.68,True,synthetic_scenario_generator,26006
2024-04-07,IND_GAN,BULK_01,True,False,21.6,True,synthetic_scenario_generator,26006
2024-04-08,IND_GAN,BULK_01,True,False,23.15,True,synthetic_scenario_generator,26006
2024-04-09,IND_GAN,BULK_01,True,False,25.28,True,synthetic_scenario_generator,26006
2024-04-10,IND_GAN,BULK_01,True,False,33.88,True,synthetic_scenario_generator,26006
2024-04-11,IND_GAN,BULK_01,True,False,35.26,True,synthetic_scenario_generator,26006
2024-04-12,IND_GAN,BULK_01,True,False,30.56,True,synthetic_scenario_generator,26006
2024-04-13,IND_GAN,BULK_01,True,False,34.52,True,synthetic_scenario_generator,26006
2024-04-14,IND_GAN,BULK_01,True,False,37.73,True,synthetic_scenario_generator,26006
2024-04-15,IND_GAN,BULK_01,True,False,35.03,True,synthetic_scenario_generator,26006
2024-04-16,IND_GAN,BULK_01,True,False,30.84,True,synthetic_scenario_generator,26006
2024-04-17,IND_GAN,BULK_01,True,False,24.62,True,synthetic_scenario_generator,26006
2024-04-18,IND_GAN,BULK_01,True,False,27.06,True,synthetic_scenario_generator,26006
2024-04-19,IND_GAN,BULK_01,True,False,25.52,True,synthetic_scenario_generator,26006
2024-04-20,IND_GAN,BULK_01,True,False,36.54,True,synthetic_scenario_generator,26006
2024-04-21,IND_GAN,BULK_01,True,False,29.09,True,synthetic_scenario_generator,26006
2024-04-22,IND_GAN,BULK_01,True,False,27.69,True,synthetic_scenario_generator,26006
2024-04-23,IND_GAN,BULK_01,True,False,37.15,True,synthetic_scenario_generator,26006
2024-04-24,IND_GAN,BULK_01,True,False,40.45,True,synthetic_scenario_generator,26006
2024-04-25,IND_GAN,BULK_01,True,False,37.5,True,synthetic_scenario_generator,26006
2024-04-26,IND_GAN,BULK_01,True,False,40.3,True,synthetic_scenario_generator,26006
2024-04-27,IND_GAN,BULK_01,True,False,33.26,True,synthetic_scenario_generator,26006
2024-04-28,IND_GAN,BULK_01,True,False,32.06,True,synthetic_scenario_generator,26006
2024-04-29,IND_GAN,BULK_01,True,False,32.89,True,synthetic_scenario_generator,26006
2024-04-30,IND_GAN,BULK_01,True,False,34.38,True,synthetic_scenario_generator,26006
2024-05-01,IND_GAN,BULK_01,True,False,30.93,True,synthetic_scenario_generator,26006
2024-05-02,IND_GAN,BULK_01,True,False,35.46,True,synthetic_scenario_generator,26006
2024-05-03,IND_GAN,BULK_01,True,False,37.63,True,synthetic_scenario_generator,26006
2024-05-04,IND_GAN,BULK_01,True,False,28.2,True,synthetic_scenario_generator,26006
2024-05-05,IND_GAN,BULK_01,True,False,32.78,True,synthetic_scenario_generator,26006
2024-05-06,IND_GAN,BULK_01,True,False,31.02,True,synthetic_scenario_generator,26006
2024-05-07,IND_GAN,BULK_01,True,False,35.69,True,synthetic_scenario_generator,26006
2024-05-08,IND_GAN,BULK_01,True,False,33.46,True,synthetic_scenario_generator,26006
2024-05-09,IND_GAN,BULK_01,True,False,19.79,True,synthetic_scenario_generator,26006
2024-05-10,IND_GAN,BULK_01,True,False,16.52,True,synthetic_scenario_generator,26006
2024-05-11,IND_GAN,BULK_01,True,False,30.32,True,synthetic_scenario_generator,26006
2024-05-12,IND_GAN,BULK_01,True,False,14.5,True,synthetic_scenario_generator,26006
2024-05-13,IND_GAN,BULK_01,True,False,20.87,True,synthetic_scenario_generator,26006
2024-05-14,IND_GAN,BULK_01,True,False,25.62,True,synthetic_scenario_generator,26006
2024-05-15,IND_GAN,BULK_01,True,False,23.88,True,synthetic_scenario_generator,26006
2024-05-16,IND_GAN,BULK_01,True,False,26.95,True,synthetic_scenario_generator,26006
2024-05-17,IND_GAN,BULK_01,True,False,21.78,True,synthetic_scenario_generator,26006
2024-05-18,IND_GAN,BULK_01,True,False,15.02,True,synthetic_scenario_generator,26006
2024-05-19,IND_GAN,BULK_01,True,False,21.99,True,synthetic_scenario_generator,26006
2024-05-20,IND_GAN,BULK_01,True,False,24.92,True,synthetic_scenario_generator,26006
2024-05-21,IND_GAN,BULK_01,True,False,20.33,True,synthetic_scenario_generator,26006
2024-05-22,IND_GAN,BULK_01,True,False,30.59,True,synthetic_scenario_generator,26006
2024-05-23,IND_GAN,BULK_01,True,False,13.29,True,synthetic_scenario_generator,26006
2024-05-24,IND_GAN,BULK_01,True,False,17.46,True,synthetic_scenario_generator,26006
2024-05-25,IND_GAN,BULK_01,True,False,10.55,True,synthetic_scenario_generator,26006
2024-05-26,IND_GAN,BULK_01,True,False,19.19,True,synthetic_scenario_generator,26006
2024-05-27,IND_GAN,BULK_01,True,False,12.49,True,synthetic_scenario_generator,26006
2024-05-28,IND_GAN,BULK_01,True,False,16.58,True,synthetic_scenario_generator,26006
2024-05-29,IND_GAN,BULK_01,True,False,15.64,True,synthetic_scenario_generator,26006
2024-05-30,IND_GAN,BULK_01,True,False,12.98,True,synthetic_scenario_generator,26006
2024-05-31,IND_GAN,BULK_01,True,False,24.74,True,synthetic_scenario_generator,26006
2024-06-01,IND_GAN,BULK_01,True,False,17.68,True,synthetic_scenario_generator,26006
2024-06-02,IND_GAN,BULK_01,True,False,16.42,True,synthetic_scenario_generator,26006
2024-06-03,IND_GAN,BULK_01,True,False,18.54,True,synthetic_scenario_generator,26006
2024-06-04,IND_GAN,BULK_01,True,False,27.88,True,synthetic_scenario_generator,26006
2024-06-05,IND_GAN,BULK_01,True,False,24.22,True,synthetic_scenario_generator,26006
2024-06-06,IND_GAN,BULK_01,True,False,31.37,True,synthetic_scenario_generator,26006
2024-06-07,IND_GAN,BULK_01,True,False,9.69,True,synthetic_scenario_generator,26006
2024-06-08,IND_GAN,BULK_01,True,False,24.42,True,synthetic_scenario_generator,26006
2024-06-09,IND_GAN,BULK_01,True,False,16.66,True,synthetic_scenario_generator,26006
2024-06-10,IND_GAN,BULK_01,True,False,22.99,True,synthetic_scenario_generator,26006
2024-06-11,IND_GAN,BULK_01,True,False,19.87,True,synthetic_scenario_generator,26006
2024-06-12,IND_GAN,BULK_01,True,False,20.18,True,synthetic_scenario_generator,26006
2024-06-13,IND_GAN,BULK_01,True,False,13.74,True,synthetic_scenario_generator,26006
2024-06-14,IND_GAN,BULK_01,True,False,25.79,True,synthetic_scenario_generator,26006
2024-06-15,IND_GAN,BULK_01,True,False,23.27,True,synthetic_scenario_generator,26006
2024-06-16,IND_GAN,BULK_01,True,False,22.58,True,synthetic_scenario_generator,26006
2024-06-17,IND_GAN,BULK_01,True,False,27.99,True,synthetic_scenario_generator,26006
2024-06-18,IND_GAN,BULK_01,True,False,14.91,True,synthetic_scenario_generator,26006
2024-06-19,IND_GAN,BULK_01,True,False,20.21,True,synthetic_scenario_generator,26006
2024-06-20,IND_GAN,BULK_01,True,False,16.51,True,synthetic_scenario_generator,26006
2024-06-21,IND_GAN,BULK_01,True,False,20.5,True,synthetic_scenario_generator,26006
2024-06-22,IND_GAN,BULK_01,True,False,20.19,True,synthetic_scenario_generator,26006
2024-06-23,IND_GAN,BULK_01,True,False,28.17,True,synthetic_scenario_generator,26006
2024-06-24,IND_GAN,BULK_01,True,False,26.4,True,synthetic_scenario_generator,26006
2024-06-25,IND_GAN,BULK_01,True,False,30.39,True,synthetic_scenario_generator,26006
2024-06-26,IND_GAN,BULK_01,True,False,26.64,True,synthetic_scenario_generator,26006
2024-06-27,IND_GAN,BULK_01,True,False,26.92,True,synthetic_scenario_generator,26006
2024-06-28,IND_GAN,BULK_01,True,False,17.84,True,synthetic_scenario_generator,26006
2024-06-29,IND_GAN,BULK_01,True,False,28.68,True,synthetic_scenario_generator,26006
2024-06-30,IND_GAN,BULK_01,True,False,33.15,True,synthetic_scenario_generator,26006
2024-07-01,IND_GAN,BULK_01,True,False,26.22,True,synthetic_scenario_generator,26006
2024-07-02,IND_GAN,BULK_01,True,False,35.32,True,synthetic_scenario_generator,26006
2024-07-03,IND_GAN,BULK_01,True,False,22.4,True,synthetic_scenario_generator,26006
2024-07-04,IND_GAN,BULK_01,True,False,32.94,True,synthetic_scenario_generator,26006
2024-07-05,IND_GAN,BULK_01,True,False,23.43,True,synthetic_scenario_generator,26006
2024-07-06,IND_GAN,BULK_01,True,False,41.86,True,synthetic_scenario_generator,26006
2024-07-07,IND_GAN,BULK_01,True,False,28.47,True,synthetic_scenario_generator,26006
2024-07-08,IND_GAN,BULK_01,True,False,35.67,True,synthetic_scenario_generator,26006
2024-07-09,IND_GAN,BULK_01,True,False,29.58,True,synthetic_scenario_generator,26006
2024-07-10,IND_GAN,BULK_01,True,False,30.35,True,synthetic_scenario_generator,26006
2024-07-11,IND_GAN,BULK_01,True,False,32.91,True,synthetic_scenario_generator,26006
2024-07-12,IND_GAN,BULK_01,True,False,35.68,True,synthetic_scenario_generator,26006
2024-07-13,IND_GAN,BULK_01,True,False,35.94,True,synthetic_scenario_generator,26006
2024-07-14,IND_GAN,BULK_01,True,False,28.36,True,synthetic_scenario_generator,26006
2024-07-15,IND_GAN,BULK_01,True,False,36.04,True,synthetic_scenario_generator,26006
2024-07-16,IND_GAN,BULK_01,True,False,28.23,True,synthetic_scenario_generator,26006
2024-07-17,IND_GAN,BULK_01,True,False,33.7,True,synthetic_scenario_generator,26006
2024-07-18,IND_GAN,BULK_01,True,False,28.11,True,synthetic_scenario_generator,26006
2024-07-19,IND_GAN,BULK_01,True,False,42.34,True,synthetic_scenario_generator,26006
2024-07-20,IND_GAN,BULK_01,True,False,31.14,True,synthetic_scenario_generator,26006
2024-07-21,IND_GAN,BULK_01,True,False,33.5,True,synthetic_scenario_generator,26006
2024-07-22,IND_GAN,BULK_01,True,False,39.26,True,synthetic_scenario_generator,26006
2024-07-23,IND_GAN,BULK_01,True,False,30.95,True,synthetic_scenario_generator,26006
2024-07-24,IND_GAN,BULK_01,True,False,36.44,True,synthetic_scenario_generator,26006
2024-07-25,IND_GAN,BULK_01,True,False,44.26,True,synthetic_scenario_generator,26006
2024-07-26,IND_GAN,BULK_01,True,False,30.32,True,synthetic_scenario_generator,26006
2024-07-27,IND_GAN,BULK_01,True,False,43.18,True,synthetic_scenario_generator,26006
2024-07-28,IND_GAN,BULK_01,True,False,36.42,True,synthetic_scenario_generator,26006
2024-07-29,IND_GAN,BULK_01,True,False,39.12,True,synthetic_scenario_generator,26006
2024-07-30,IND_GAN,BULK_01,True,False,32.18,True,synthetic_scenario_generator,26006
2024-07-31,IND_GAN,BULK_01,True,False,32.16,True,synthetic_scenario_generator,26006
2024-08-01,IND_GAN,BULK_01,True,False,31.22,True,synthetic_scenario_generator,26006
2024-08-02,IND_GAN,BULK_01,True,False,34.77,True,synthetic_scenario_generator,26006
2024-08-03,IND_GAN,BULK_01,True,False,26.9,True,synthetic_scenario_generator,26006
2024-08-04,IND_GAN,BULK_01,True,False,30.68,True,synthetic_scenario_generator,26006
2024-08-05,IND_GAN,BULK_01,True,False,28.65,True,synthetic_scenario_generator,26006
2024-08-06,IND_GAN,BULK_01,True,False,37.05,True,synthetic_scenario_generator,26006
2024-08-07,IND_GAN,BULK_01,True,False,31.81,True,synthetic_scenario_generator,26006
2024-08-08,IND_GAN,BULK_01,True,False,27.15,True,synthetic_scenario_generator,26006
2024-08-09,IND_GAN,BULK_01,True,False,30.08,True,synthetic_scenario_generator,26006
2024-08-10,IND_GAN,BULK_01,True,False,29.33,True,synthetic_scenario_generator,26006
2024-08-11,IND_GAN,BULK_01,True,False,19.06,True,synthetic_scenario_generator,26006
2024-08-12,IND_GAN,BULK_01,True,False,38.55,True,synthetic_scenario_generator,26006
2024-08-13,IND_GAN,BULK_01,True,False,26.76,True,synthetic_scenario_generator,26006
2024-08-14,IND_GAN,BULK_01,True,False,16.42,True,synthetic_scenario_generator,26006
2024-08-15,IND_GAN,BULK_01,True,False,33.18,True,synthetic_scenario_generator,26006
2024-08-16,IND_GAN,BULK_01,True,False,22.39,True,synthetic_scenario_generator,26006
2024-08-17,IND_GAN,BULK_01,True,False,16.42,True,synthetic_scenario_generator,26006
2024-08-18,IND_GAN,BULK_01,True,False,27.46,True,synthetic_scenario_generator,26006
2024-08-19,IND_GAN,BULK_01,True,False,22.82,True,synthetic_scenario_generator,26006
2024-08-20,IND_GAN,BULK_01,True,False,26.35,True,synthetic_scenario_generator,26006
2024-08-21,IND_GAN,BULK_01,True,False,18.16,True,synthetic_scenario_generator,26006
2024-08-22,IND_GAN,BULK_01,True,False,35.87,True,synthetic_scenario_generator,26006
2024-08-23,IND_GAN,BULK_01,True,False,12.85,True,synthetic_scenario_generator,26006
2024-08-24,IND_GAN,BULK_01,True,False,14.98,True,synthetic_scenario_generator,26006
2024-08-25,IND_GAN,BULK_01,True,False,15.12,True,synthetic_scenario_generator,26006
2024-08-26,IND_GAN,BULK_01,True,False,22.66,True,synthetic_scenario_generator,26006
2024-08-27,IND_GAN,BULK_01,True,False,17.9,True,synthetic_scenario_generator,26006
2024-08-28,IND_GAN,BULK_01,True,False,16.31,True,synthetic_scenario_generator,26006
2024-08-29,IND_GAN,BULK_01,True,False,15.93,True,synthetic_scenario_generator,26006
2024-08-30,IND_GAN,BULK_01,True,False,17.87,True,synthetic_scenario_generator,26006
2024-08-31,IND_GAN,BULK_01,True,False,22.76,True,synthetic_scenario_generator,26006
2024-09-01,IND_GAN,BULK_01,True,False,13.8,True,synthetic_scenario_generator,26006
2024-09-02,IND_GAN,BULK_01,True,False,17.51,True,synthetic_scenario_generator,26006
2024-09-03,IND_GAN,BULK_01,True,False,14.0,True,synthetic_scenario_generator,26006
2024-09-04,IND_GAN,BULK_01,True,False,13.12,True,synthetic_scenario_generator,26006
2024-09-05,IND_GAN,BULK_01,True,False,7.19,True,synthetic_scenario_generator,26006
2024-09-06,IND_GAN,BULK_01,True,False,14.43,True,synthetic_scenario_generator,26006
2024-09-07,IND_GAN,BULK_01,True,False,21.95,True,synthetic_scenario_generator,26006
2024-09-08,IND_GAN,BULK_01,True,False,14.79,True,synthetic_scenario_generator,26006
2024-09-09,IND_GAN,BULK_01,True,False,12.11,True,synthetic_scenario_generator,26006
2024-09-10,IND_GAN,BULK_01,True,False,7.91,True,synthetic_scenario_generator,26006
2024-09-11,IND_GAN,BULK_01,True,False,17.76,True,synthetic_scenario_generator,26006
2024-09-12,IND_GAN,BULK_01,True,False,28.17,True,synthetic_scenario_generator,26006
2024-09-13,IND_GAN,BULK_01,True,False,11.93,True,synthetic_scenario_generator,26006
2024-09-14,IND_GAN,BULK_01,True,False,19.86,True,synthetic_scenario_generator,26006
2024-09-15,IND_GAN,BULK_01,False,True,14.37,True,synthetic_scenario_generator,26006
2024-09-16,IND_GAN,BULK_01,True,False,11.87,True,synthetic_scenario_generator,26006
2024-09-17,IND_GAN,BULK_01,True,False,23.4,True,synthetic_scenario_generator,26006
2024-09-18,IND_GAN,BULK_01,True,False,19.91,True,synthetic_scenario_generator,26006
2024-09-19,IND_GAN,BULK_01,True,False,14.54,True,synthetic_scenario_generator,26006
2024-09-20,IND_GAN,BULK_01,True,False,16.19,True,synthetic_scenario_generator,26006
2024-09-21,IND_GAN,BULK_01,True,False,22.41,True,synthetic_scenario_generator,26006
2024-09-22,IND_GAN,BULK_01,True,False,21.3,True,synthetic_scenario_generator,26006
2024-09-23,IND_GAN,BULK_01,True,False,23.66,True,synthetic_scenario_generator,26006
2024-09-24,IND_GAN,BULK_01,True,False,26.7,True,synthetic_scenario_generator,26006
2024-09-25,IND_GAN,BULK_01,True,False,27.11,True,synthetic_scenario_generator,26006
2024-09-26,IND_GAN,BULK_01,True,False,28.79,True,synthetic_scenario_generator,26006
2024-09-27,IND_GAN,BULK_01,True,False,18.2,True,synthetic_scenario_generator,26006
2024-09-28,IND_GAN,BULK_01,True,False,26.78,True,synthetic_scenario_generator,26006
2024-09-29,IND_GAN,BULK_01,True,False,32.37,True,synthetic_scenario_generator,26006
2024-09-30,IND_GAN,BULK_01,True,False,36.49,True,synthetic_scenario_generator,26006
2024-10-01,IND_GAN,BULK_01,True,False,19.85,True,synthetic_scenario_generator,26006
2024-10-02,IND_GAN,BULK_01,True,False,25.97,True,synthetic_scenario_generator,26006
2024-10-03,IND_GAN,BULK_01,True,False,27.37,True,synthetic_scenario_generator,26006
2024-10-04,IND_GAN,BULK_01,True,False,27.0,True,synthetic_scenario_generator,26006
2024-10-05,IND_GAN,BULK_01,True,False,28.55,True,synthetic_scenario_generator,26006
2024-10-06,IND_GAN,BULK_01,True,False,42.22,True,synthetic_scenario_generator,26006
2024-10-07,IND_GAN,BULK_01,True,False,21.83,True,synthetic_scenario_generator,26006
2024-10-08,IND_GAN,BULK_01,True,False,30.84,True,synthetic_scenario_generator,26006
2024-10-09,IND_GAN,BULK_01,True,False,37.21,True,synthetic_scenario_generator,26006
2024-10-10,IND_GAN,BULK_01,True,False,40.3,True,synthetic_scenario_generator,26006
2024-10-11,IND_GAN,BULK_01,True,False,31.49,True,synthetic_scenario_generator,26006
2024-10-12,IND_GAN,BULK_01,True,False,28.97,True,synthetic_scenario_generator,26006
2024-10-13,IND_GAN,BULK_01,True,False,32.7,True,synthetic_scenario_generator,26006
2024-10-14,IND_GAN,BULK_01,True,False,29.21,True,synthetic_scenario_generator,26006
2024-10-15,IND_GAN,BULK_01,True,False,30.17,True,synthetic_scenario_generator,26006
2024-10-16,IND_GAN,BULK_01,True,False,30.58,True,synthetic_scenario_generator,26006
2024-10-17,IND_GAN,BULK_01,True,False,36.83,True,synthetic_scenario_generator,26006
2024-10-18,IND_GAN,BULK_01,True,False,25.79,True,synthetic_scenario_generator,26006
2024-10-19,IND_GAN,BULK_01,True,False,32.36,True,synthetic_scenario_generator,26006
2024-10-20,IND_GAN,BULK_01,True,False,25.79,True,synthetic_scenario_generator,26006
2024-10-21,IND_GAN,BULK_01,True,False,31.32,True,synthetic_scenario_generator,26006
2024-10-22,IND_GAN,BULK_01,True,False,32.97,True,synthetic_scenario_generator,26006
2024-10-23,IND_GAN,BULK_01,True,False,39.77,True,synthetic_scenario_generator,26006
2024-10-24,IND_GAN,BULK_01,True,False,22.91,True,synthetic_scenario_generator,26006
2024-10-25,IND_GAN,BULK_01,True,False,26.54,True,synthetic_scenario_generator,26006
2024-10-26,IND_GAN,BULK_01,True,False,33.25,True,synthetic_scenario_generator,26006
2024-10-27,IND_GAN,BULK_01,True,False,37.73,True,synthetic_scenario_generator,26006
2024-10-28,IND_GAN,BULK_01,True,False,29.65,True,synthetic_scenario_generator,26006
2024-10-29,IND_GAN,BULK_01,True,False,33.8,True,synthetic_scenario_generator,26006
2024-10-30,IND_GAN,BULK_01,True,False,21.45,True,synthetic_scenario_generator,26006
2024-10-31,IND_GAN,BULK_01,True,False,28.34,True,synthetic_scenario_generator,26006
2024-11-01,IND_GAN,BULK_01,True,False,29.46,True,synthetic_scenario_generator,26006
2024-11-02,IND_GAN,BULK_01,True,False,25.43,True,synthetic_scenario_generator,26006
2024-11-03,IND_GAN,BULK_01,True,False,25.33,True,synthetic_scenario_generator,26006
2024-11-04,IND_GAN,BULK_01,True,False,32.2,True,synthetic_scenario_generator,26006
2024-11-05,IND_GAN,BULK_01,True,False,27.57,True,synthetic_scenario_generator,26006
2024-11-06,IND_GAN,BULK_01,True,False,34.71,True,synthetic_scenario_generator,26006
2024-11-07,IND_GAN,BULK_01,True,False,32.88,True,synthetic_scenario_generator,26006
2024-11-08,IND_GAN,BULK_01,True,False,22.73,True,synthetic_scenario_generator,26006
2024-11-09,IND_GAN,BULK_01,True,False,27.98,True,synthetic_scenario_generator,26006
2024-11-10,IND_GAN,BULK_01,True,False,18.84,True,synthetic_scenario_generator,26006
2024-11-11,IND_GAN,BULK_01,True,False,25.37,True,synthetic_scenario_generator,26006
2024-11-12,IND_GAN,BULK_01,True,False,20.71,True,synthetic_scenario_generator,26006
2024-11-13,IND_GAN,BULK_01,True,False,24.29,True,synthetic_scenario_generator,26006
2024-11-14,IND_GAN,BULK_01,True,False,21.35,True,synthetic_scenario_generator,26006
2024-11-15,IND_GAN,BULK_01,True,False,22.01,True,synthetic_scenario_generator,26006
2024-11-16,IND_GAN,BULK_01,True,False,21.18,True,synthetic_scenario_generator,26006
2024-11-17,IND_GAN,BULK_01,True,False,22.2,True,synthetic_scenario_generator,26006
2024-11-18,IND_GAN,BULK_01,True,False,24.68,True,synthetic_scenario_generator,26006
2024-11-19,IND_GAN,BULK_01,True,False,19.31,True,synthetic_scenario_generator,26006
2024-11-20,IND_GAN,BULK_01,True,False,8.73,True,synthetic_scenario_generator,26006
2024-11-21,IND_GAN,BULK_01,True,False,16.34,True,synthetic_scenario_generator,26006
2024-11-22,IND_GAN,BULK_01,True,False,18.28,True,synthetic_scenario_generator,26006
2024-11-23,IND_GAN,BULK_01,True,False,23.99,True,synthetic_scenario_generator,26006
2024-11-24,IND_GAN,BULK_01,True,False,23.74,True,synthetic_scenario_generator,26006
2024-11-25,IND_GAN,BULK_01,True,False,19.84,True,synthetic_scenario_generator,26006
2024-11-26,IND_GAN,BULK_01,True,False,18.68,True,synthetic_scenario_generator,26006
2024-11-27,IND_GAN,BULK_01,True,False,17.79,True,synthetic_scenario_generator,26006
2024-11-28,IND_GAN,BULK_01,True,False,2.0,True,synthetic_scenario_generator,26006
2024-11-29,IND_GAN,BULK_01,True,False,9.21,True,synthetic_scenario_generator,26006
2024-11-30,IND_GAN,BULK_01,True,False,21.17,True,synthetic_scenario_generator,26006
2024-12-01,IND_GAN,BULK_01,True,False,13.58,True,synthetic_scenario_generator,26006
2024-12-02,IND_GAN,BULK_01,True,False,15.65,True,synthetic_scenario_generator,26006
2024-12-03,IND_GAN,BULK_01,True,False,17.88,True,synthetic_scenario_generator,26006
2024-12-04,IND_GAN,BULK_01,True,False,6.89,True,synthetic_scenario_generator,26006
2024-12-05,IND_GAN,BULK_01,True,False,12.29,True,synthetic_scenario_generator,26006
2024-12-06,IND_GAN,BULK_01,True,False,21.54,True,synthetic_scenario_generator,26006
2024-12-07,IND_GAN,BULK_01,True,False,17.88,True,synthetic_scenario_generator,26006
2024-12-08,IND_GAN,BULK_01,True,False,21.07,True,synthetic_scenario_generator,26006
2024-12-09,IND_GAN,BULK_01,True,False,11.89,True,synthetic_scenario_generator,26006
2024-12-10,IND_GAN,BULK_01,True,False,12.19,True,synthetic_scenario_generator,26006
2024-12-11,IND_GAN,BULK_01,True,False,16.16,True,synthetic_scenario_generator,26006
2024-12-12,IND_GAN,BULK_01,True,False,7.18,True,synthetic_scenario_generator,26006
2024-12-13,IND_GAN,BULK_01,True,False,18.83,True,synthetic_scenario_generator,26006
2024-12-14,IND_GAN,BULK_01,True,False,14.67,True,synthetic_scenario_generator,26006
2024-12-15,IND_GAN,BULK_01,True,False,17.15,True,synthetic_scenario_generator,26006
2024-12-16,IND_GAN,BULK_01,True,False,20.28,True,synthetic_scenario_generator,26006
2024-12-17,IND_GAN,BULK_01,True,False,25.75,True,synthetic_scenario_generator,26006
2024-12-18,IND_GAN,BULK_01,True,False,18.43,True,synthetic_scenario_generator,26006
2024-12-19,IND_GAN,BULK_01,True,False,18.11,True,synthetic_scenario_generator,26006
2024-12-20,IND_GAN,BULK_01,True,False,22.74,True,synthetic_scenario_generator,26006
2024-12-21,IND_GAN,BULK_01,True,False,22.1,True,synthetic_scenario_generator,26006
2024-12-22,IND_GAN,BULK_01,True,False,4.43,True,synthetic_scenario_generator,26006
2024-12-23,IND_GAN,BULK_01,True,False,23.34,True,synthetic_scenario_generator,26006
2024-12-24,IND_GAN,BULK_01,True,False,8.72,True,synthetic_scenario_generator,26006
2024-12-25,IND_GAN,BULK_01,True,False,22.14,True,synthetic_scenario_generator,26006
2024-12-26,IND_GAN,BULK_01,True,False,23.34,True,synthetic_scenario_generator,26006
2024-12-27,IND_GAN,BULK_01,True,False,18.02,True,synthetic_scenario_generator,26006
2024-12-28,IND_GAN,BULK_01,True,False,25.35,True,synthetic_scenario_generator,26006
2024-12-29,IND_GAN,BULK_01,True,False,23.97,True,synthetic_scenario_generator,26006
2024-12-30,IND_GAN,BULK_01,True,False,22.46,True,synthetic_scenario_generator,26006
2024-12-31,IND_GAN,BULK_01,True,False,17.31,True,synthetic_scenario_generator,26006
2025-01-01,IND_GAN,BULK_01,True,False,34.98,True,synthetic_scenario_generator,26006
2025-01-02,IND_GAN,BULK_01,True,False,34.95,True,synthetic_scenario_generator,26006
2025-01-03,IND_GAN,BULK_01,True,False,29.81,True,synthetic_scenario_generator,26006
2025-01-04,IND_GAN,BULK_01,True,False,35.38,True,synthetic_scenario_generator,26006
2025-01-05,IND_GAN,BULK_01,True,False,16.74,True,synthetic_scenario_generator,26006
2025-01-06,IND_GAN,BULK_01,True,False,30.82,True,synthetic_scenario_generator,26006
2025-01-07,IND_GAN,BULK_01,True,False,34.53,True,synthetic_scenario_generator,26006
2025-01-08,IND_GAN,BULK_01,True,False,26.18,True,synthetic_scenario_generator,26006
2025-01-09,IND_GAN,BULK_01,True,False,27.65,True,synthetic_scenario_generator,26006
2025-01-10,IND_GAN,BULK_01,True,False,29.11,True,synthetic_scenario_generator,26006
2025-01-11,IND_GAN,BULK_01,True,False,23.5,True,synthetic_scenario_generator,26006
2025-01-12,IND_GAN,BULK_01,True,False,24.11,True,synthetic_scenario_generator,26006
2025-01-13,IND_GAN,BULK_01,True,False,22.21,True,synthetic_scenario_generator,26006
2025-01-14,IND_GAN,BULK_01,True,False,23.49,True,synthetic_scenario_generator,26006
2025-01-15,IND_GAN,BULK_01,True,False,28.0,True,synthetic_scenario_generator,26006
2025-01-16,IND_GAN,BULK_01,True,False,32.61,True,synthetic_scenario_generator,26006
2025-01-17,IND_GAN,BULK_01,True,False,36.54,True,synthetic_scenario_generator,26006
2025-01-18,IND_GAN,BULK_01,True,False,28.95,True,synthetic_scenario_generator,26006
2025-01-19,IND_GAN,BULK_01,True,False,35.24,True,synthetic_scenario_generator,26006
2025-01-20,IND_GAN,BULK_01,True,False,41.48,True,synthetic_scenario_generator,26006
2025-01-21,IND_GAN,BULK_01,True,False,28.05,True,synthetic_scenario_generator,26006
2025-01-22,IND_GAN,BULK_01,True,False,23.56,True,synthetic_scenario_generator,26006
2025-01-23,IND_GAN,BULK_01,True,False,26.2,True,synthetic_scenario_generator,26006
2025-01-24,IND_GAN,BULK_01,True,False,38.41,True,synthetic_scenario_generator,26006
2025-01-25,IND_GAN,BULK_01,True,False,27.59,True,synthetic_scenario_generator,26006
2025-01-26,IND_GAN,BULK_01,True,False,27.49,True,synthetic_scenario_generator,26006
2025-01-27,IND_GAN,BULK_01,True,False,25.87,True,synthetic_scenario_generator,26006
2025-01-28,IND_GAN,BULK_01,True,False,25.1,True,synthetic_scenario_generator,26006
2025-01-29,IND_GAN,BULK_01,True,False,25.7,True,synthetic_scenario_generator,26006
2025-01-30,IND_GAN,BULK_01,True,False,32.02,True,synthetic_scenario_generator,26006
2025-01-31,IND_GAN,BULK_01,True,False,23.11,True,synthetic_scenario_generator,26006
2025-02-01,IND_GAN,BULK_01,True,False,24.93,True,synthetic_scenario_generator,26006
2025-02-02,IND_GAN,BULK_01,True,False,28.39,True,synthetic_scenario_generator,26006
2025-02-03,IND_GAN,BULK_01,True,False,22.04,True,synthetic_scenario_generator,26006
2025-02-04,IND_GAN,BULK_01,True,False,23.35,True,synthetic_scenario_generator,26006
2025-02-05,IND_GAN,BULK_01,True,False,28.53,True,synthetic_scenario_generator,26006
2025-02-06,IND_GAN,BULK_01,True,False,29.64,True,synthetic_scenario_generator,26006
2025-02-07,IND_GAN,BULK_01,True,False,21.03,True,synthetic_scenario_generator,26006
2025-02-08,IND_GAN,BULK_01,True,False,18.19,True,synthetic_scenario_generator,26006
2025-02-09,IND_GAN,BULK_01,True,False,27.22,True,synthetic_scenario_generator,26006
2025-02-10,IND_GAN,BULK_01,True,False,17.94,True,synthetic_scenario_generator,26006
2025-02-11,IND_GAN,BULK_01,True,False,27.74,True,synthetic_scenario_generator,26006
2025-02-12,IND_GAN,BULK_01,True,False,23.39,True,synthetic_scenario_generator,26006
2025-02-13,IND_GAN,BULK_01,True,False,22.12,True,synthetic_scenario_generator,26006
2025-02-14,IND_GAN,BULK_01,True,False,19.91,True,synthetic_scenario_generator,26006
2025-02-15,IND_GAN,BULK_01,True,False,21.38,True,synthetic_scenario_generator,26006
2025-02-16,IND_GAN,BULK_01,True,False,11.6,True,synthetic_scenario_generator,26006
2025-02-17,IND_GAN,BULK_01,True,False,18.18,True,synthetic_scenario_generator,26006
2025-02-18,IND_GAN,BULK_01,True,False,24.33,True,synthetic_scenario_generator,26006
2025-02-19,IND_GAN,BULK_01,True,False,17.13,True,synthetic_scenario_generator,26006
2025-02-20,IND_GAN,BULK_01,True,False,11.55,True,synthetic_scenario_generator,26006
2025-02-21,IND_GAN,BULK_01,True,False,11.21,True,synthetic_scenario_generator,26006
2025-02-22,IND_GAN,BULK_01,True,False,12.12,True,synthetic_scenario_generator,26006
2025-02-23,IND_GAN,BULK_01,True,False,5.93,True,synthetic_scenario_generator,26006
2025-02-24,IND_GAN,BULK_01,True,False,15.32,True,synthetic_scenario_generator,26006
2025-02-25,IND_GAN,BULK_01,True,False,24.7,True,synthetic_scenario_generator,26006
2025-02-26,IND_GAN,BULK_01,True,False,18.25,True,synthetic_scenario_generator,26006
2025-02-27,IND_GAN,BULK_01,True,False,20.48,True,synthetic_scenario_generator,26006
2025-02-28,IND_GAN,BULK_01,True,False,12.82,True,synthetic_scenario_generator,26006
2025-03-01,IND_GAN,BULK_01,True,False,11.48,True,synthetic_scenario_generator,26006
2025-03-02,IND_GAN,BULK_01,True,False,6.78,True,synthetic_scenario_generator,26006
2025-03-03,IND_GAN,BULK_01,True,False,9.47,True,synthetic_scenario_generator,26006
2025-03-04,IND_GAN,BULK_01,True,False,16.32,True,synthetic_scenario_generator,26006
2025-03-05,IND_GAN,BULK_01,True,False,11.23,True,synthetic_scenario_generator,26006
2025-03-06,IND_GAN,BULK_01,True,False,10.97,True,synthetic_scenario_generator,26006
2025-03-07,IND_GAN,BULK_01,True,False,19.15,True,synthetic_scenario_generator,26006
2025-03-08,IND_GAN,BULK_01,True,False,18.16,True,synthetic_scenario_generator,26006
2025-03-09,IND_GAN,BULK_01,True,False,8.88,True,synthetic_scenario_generator,26006
2025-03-10,IND_GAN,BULK_01,True,False,13.13,True,synthetic_scenario_generator,26006
2025-03-11,IND_GAN,BULK_01,True,False,13.67,True,synthetic_scenario_generator,26006
2025-03-12,IND_GAN,BULK_01,True,False,27.57,True,synthetic_scenario_generator,26006
2025-03-13,IND_GAN,BULK_01,True,False,18.26,True,synthetic_scenario_generator,26006
2025-03-14,IND_GAN,BULK_01,True,False,11.06,True,synthetic_scenario_generator,26006
2025-03-15,IND_GAN,BULK_01,False,True,12.08,True,synthetic_scenario_generator,26006
2025-03-16,IND_GAN,BULK_01,True,False,18.23,True,synthetic_scenario_generator,26006
2025-03-17,IND_GAN,BULK_01,True,False,21.37,True,synthetic_scenario_generator,26006
2025-03-18,IND_GAN,BULK_01,True,False,25.53,True,synthetic_scenario_generator,26006
2025-03-19,IND_GAN,BULK_01,True,False,22.07,True,synthetic_scenario_generator,26006
2025-03-20,IND_GAN,BULK_01,True,False,16.81,True,synthetic_scenario_generator,26006
2025-03-21,IND_GAN,BULK_01,True,False,17.77,True,synthetic_scenario_generator,26006
2025-03-22,IND_GAN,BULK_01,True,False,13.86,True,synthetic_scenario_generator,26006
2025-03-23,IND_GAN,BULK_01,True,False,19.16,True,synthetic_scenario_generator,26006
2025-03-24,IND_GAN,BULK_01,True,False,26.74,True,synthetic_scenario_generator,26006
2025-03-25,IND_GAN,BULK_01,True,False,17.13,True,synthetic_scenario_generator,26006
2025-03-26,IND_GAN,BULK_01,True,False,24.6,True,synthetic_scenario_generator,26006
2025-03-27,IND_GAN,BULK_01,True,False,26.37,True,synthetic_scenario_generator,26006
2025-03-28,IND_GAN,BULK_01,True,False,16.89,True,synthetic_scenario_generator,26006
2025-03-29,IND_GAN,BULK_01,True,False,12.24,True,synthetic_scenario_generator,26006
2025-03-30,IND_GAN,BULK_01,True,False,27.79,True,synthetic_scenario_generator,26006
2025-03-31,IND_GAN,BULK_01,True,False,24.58,True,synthetic_scenario_generator,26006
2025-04-01,IND_GAN,BULK_01,True,False,24.03,True,synthetic_scenario_generator,26006
2025-04-02,IND_GAN,BULK_01,True,False,29.75,True,synthetic_scenario_generator,26006
2025-04-03,IND_GAN,BULK_01,True,False,31.26,True,synthetic_scenario_generator,26006
2025-04-04,IND_GAN,BULK_01,True,False,26.15,True,synthetic_scenario_generator,26006
2025-04-05,IND_GAN,BULK_01,True,False,26.43,True,synthetic_scenario_generator,26006
2025-04-06,IND_GAN,BULK_01,True,False,26.49,True,synthetic_scenario_generator,26006
2025-04-07,IND_GAN,BULK_01,True,False,38.27,True,synthetic_scenario_generator,26006
2025-04-08,IND_GAN,BULK_01,True,False,41.26,True,synthetic_scenario_generator,26006
2025-04-09,IND_GAN,BULK_01,True,False,28.45,True,synthetic_scenario_generator,26006
2025-04-10,IND_GAN,BULK_01,True,False,38.13,True,synthetic_scenario_generator,26006
2025-04-11,IND_GAN,BULK_01,True,False,34.53,True,synthetic_scenario_generator,26006
2025-04-12,IND_GAN,BULK_01,True,False,38.51,True,synthetic_scenario_generator,26006
2025-04-13,IND_GAN,BULK_01,True,False,41.09,True,synthetic_scenario_generator,26006
2025-04-14,IND_GAN,BULK_01,True,False,31.31,True,synthetic_scenario_generator,26006
2025-04-15,IND_GAN,BULK_01,True,False,32.48,True,synthetic_scenario_generator,26006
2025-04-16,IND_GAN,BULK_01,True,False,23.72,True,synthetic_scenario_generator,26006
2025-04-17,IND_GAN,BULK_01,True,False,31.01,True,synthetic_scenario_generator,26006
2025-04-18,IND_GAN,BULK_01,True,False,28.04,True,synthetic_scenario_generator,26006
2025-04-19,IND_GAN,BULK_01,True,False,36.37,True,synthetic_scenario_generator,26006
2025-04-20,IND_GAN,BULK_01,True,False,38.65,True,synthetic_scenario_generator,26006
2025-04-21,IND_GAN,BULK_01,True,False,30.97,True,synthetic_scenario_generator,26006
2025-04-22,IND_GAN,BULK_01,True,False,42.44,True,synthetic_scenario_generator,26006
2025-04-23,IND_GAN,BULK_01,True,False,41.65,True,synthetic_scenario_generator,26006
2025-04-24,IND_GAN,BULK_01,True,False,29.32,True,synthetic_scenario_generator,26006
2025-04-25,IND_GAN,BULK_01,True,False,31.94,True,synthetic_scenario_generator,26006
2025-04-26,IND_GAN,BULK_01,True,False,30.66,True,synthetic_scenario_generator,26006
2025-04-27,IND_GAN,BULK_01,True,False,22.78,True,synthetic_scenario_generator,26006
2025-04-28,IND_GAN,BULK_01,True,False,31.26,True,synthetic_scenario_generator,26006
2025-04-29,IND_GAN,BULK_01,True,False,37.13,True,synthetic_scenario_generator,26006
2025-04-30,IND_GAN,BULK_01,True,False,35.67,True,synthetic_scenario_generator,26006
2025-05-01,IND_GAN,BULK_01,True,False,32.13,True,synthetic_scenario_generator,26006
2025-05-02,IND_GAN,BULK_01,True,False,34.75,True,synthetic_scenario_generator,26006
2025-05-03,IND_GAN,BULK_01,True,False,27.51,True,synthetic_scenario_generator,26006
2025-05-04,IND_GAN,BULK_01,True,False,20.0,True,synthetic_scenario_generator,26006
2025-05-05,IND_GAN,BULK_01,True,False,31.52,True,synthetic_scenario_generator,26006
2025-05-06,IND_GAN,BULK_01,True,False,33.47,True,synthetic_scenario_generator,26006
2025-05-07,IND_GAN,BULK_01,True,False,33.25,True,synthetic_scenario_generator,26006
2025-05-08,IND_GAN,BULK_01,True,False,17.83,True,synthetic_scenario_generator,26006
2025-05-09,IND_GAN,BULK_01,True,False,19.58,True,synthetic_scenario_generator,26006
2025-05-10,IND_GAN,BULK_01,True,False,34.21,True,synthetic_scenario_generator,26006
2025-05-11,IND_GAN,BULK_01,True,False,28.46,True,synthetic_scenario_generator,26006
2025-05-12,IND_GAN,BULK_01,True,False,11.78,True,synthetic_scenario_generator,26006
2025-05-13,IND_GAN,BULK_01,True,False,23.02,True,synthetic_scenario_generator,26006
2025-05-14,IND_GAN,BULK_01,True,False,28.14,True,synthetic_scenario_generator,26006
2025-05-15,IND_GAN,BULK_01,True,False,20.11,True,synthetic_scenario_generator,26006
2025-05-16,IND_GAN,BULK_01,True,False,14.54,True,synthetic_scenario_generator,26006
2025-05-17,IND_GAN,BULK_01,True,False,23.31,True,synthetic_scenario_generator,26006
2025-05-18,IND_GAN,BULK_01,True,False,20.62,True,synthetic_scenario_generator,26006
2025-05-19,IND_GAN,BULK_01,True,False,9.78,True,synthetic_scenario_generator,26006
2025-05-20,IND_GAN,BULK_01,True,False,11.4,True,synthetic_scenario_generator,26006
2025-05-21,IND_GAN,BULK_01,True,False,22.63,True,synthetic_scenario_generator,26006
2025-05-22,IND_GAN,BULK_01,True,False,16.71,True,synthetic_scenario_generator,26006
2025-05-23,IND_GAN,BULK_01,True,False,14.57,True,synthetic_scenario_generator,26006
2025-05-24,IND_GAN,BULK_01,True,False,12.62,True,synthetic_scenario_generator,26006
2025-05-25,IND_GAN,BULK_01,True,False,26.25,True,synthetic_scenario_generator,26006
2025-05-26,IND_GAN,BULK_01,True,False,15.88,True,synthetic_scenario_generator,26006
2025-05-27,IND_GAN,BULK_01,True,False,12.35,True,synthetic_scenario_generator,26006
2025-05-28,IND_GAN,BULK_01,True,False,10.63,True,synthetic_scenario_generator,26006
2025-05-29,IND_GAN,BULK_01,True,False,2.0,True,synthetic_scenario_generator,26006
2025-05-30,IND_GAN,BULK_01,True,False,15.5,True,synthetic_scenario_generator,26006
2025-05-31,IND_GAN,BULK_01,True,False,14.85,True,synthetic_scenario_generator,26006
2025-06-01,IND_GAN,BULK_01,True,False,15.99,True,synthetic_scenario_generator,26006
2025-06-02,IND_GAN,BULK_01,True,False,17.21,True,synthetic_scenario_generator,26006
2025-06-03,IND_GAN,BULK_01,True,False,19.78,True,synthetic_scenario_generator,26006
2025-06-04,IND_GAN,BULK_01,True,False,13.17,True,synthetic_scenario_generator,26006
2025-06-05,IND_GAN,BULK_01,True,False,27.78,True,synthetic_scenario_generator,26006
2025-06-06,IND_GAN,BULK_01,True,False,23.31,True,synthetic_scenario_generator,26006
2025-06-07,IND_GAN,BULK_01,True,False,13.11,True,synthetic_scenario_generator,26006
2025-06-08,IND_GAN,BULK_01,True,False,14.79,True,synthetic_scenario_generator,26006
2025-06-09,IND_GAN,BULK_01,True,False,13.1,True,synthetic_scenario_generator,26006
2025-06-10,IND_GAN,BULK_01,True,False,23.75,True,synthetic_scenario_generator,26006
2025-06-11,IND_GAN,BULK_01,True,False,19.63,True,synthetic_scenario_generator,26006
2025-06-12,IND_GAN,BULK_01,True,False,16.15,True,synthetic_scenario_generator,26006
2025-06-13,IND_GAN,BULK_01,True,False,31.73,True,synthetic_scenario_generator,26006
2025-06-14,IND_GAN,BULK_01,True,False,29.82,True,synthetic_scenario_generator,26006
2025-06-15,IND_GAN,BULK_01,True,False,24.39,True,synthetic_scenario_generator,26006
2025-06-16,IND_GAN,BULK_01,True,False,22.22,True,synthetic_scenario_generator,26006
2025-06-17,IND_GAN,BULK_01,True,False,25.28,True,synthetic_scenario_generator,26006
2025-06-18,IND_GAN,BULK_01,True,False,21.99,True,synthetic_scenario_generator,26006
2025-06-19,IND_GAN,BULK_01,True,False,18.03,True,synthetic_scenario_generator,26006
2025-06-20,IND_GAN,BULK_01,True,False,31.4,True,synthetic_scenario_generator,26006
2025-06-21,IND_GAN,BULK_01,True,False,29.69,True,synthetic_scenario_generator,26006
2025-06-22,IND_GAN,BULK_01,True,False,19.86,True,synthetic_scenario_generator,26006
2025-06-23,IND_GAN,BULK_01,True,False,27.57,True,synthetic_scenario_generator,26006
2025-06-24,IND_GAN,BULK_01,True,False,35.06,True,synthetic_scenario_generator,26006
2025-06-25,IND_GAN,BULK_01,True,False,33.82,True,synthetic_scenario_generator,26006
2025-06-26,IND_GAN,BULK_01,True,False,25.83,True,synthetic_scenario_generator,26006
2025-06-27,IND_GAN,BULK_01,True,False,24.19,True,synthetic_scenario_generator,26006
2025-06-28,IND_GAN,BULK_01,True,False,23.05,True,synthetic_scenario_generator,26006
2025-06-29,IND_GAN,BULK_01,True,False,38.13,True,synthetic_scenario_generator,26006
2025-06-30,IND_GAN,BULK_01,True,False,39.55,True,synthetic_scenario_generator,26006
2025-07-01,IND_GAN,BULK_01,True,False,29.0,True,synthetic_scenario_generator,26006
2025-07-02,IND_GAN,BULK_01,True,False,37.06,True,synthetic_scenario_generator,26006
2025-07-03,IND_GAN,BULK_01,True,False,29.12,True,synthetic_scenario_generator,26006
2025-07-04,IND_GAN,BULK_01,True,False,32.53,True,synthetic_scenario_generator,26006
2025-07-05,IND_GAN,BULK_01,True,False,30.95,True,synthetic_scenario_generator,26006
2025-07-06,IND_GAN,BULK_01,True,False,30.7,True,synthetic_scenario_generator,26006
2025-07-07,IND_GAN,BULK_01,True,False,43.22,True,synthetic_scenario_generator,26006
2025-07-08,IND_GAN,BULK_01,True,False,24.64,True,synthetic_scenario_generator,26006
2025-07-09,IND_GAN,BULK_01,True,False,37.57,True,synthetic_scenario_generator,26006
2025-07-10,IND_GAN,BULK_01,True,False,31.35,True,synthetic_scenario_generator,26006
2025-07-11,IND_GAN,BULK_01,True,False,27.85,True,synthetic_scenario_generator,26006
2025-07-12,IND_GAN,BULK_01,True,False,34.96,True,synthetic_scenario_generator,26006
2025-07-13,IND_GAN,BULK_01,True,False,27.43,True,synthetic_scenario_generator,26006
2025-07-14,IND_GAN,BULK_01,True,False,28.34,True,synthetic_scenario_generator,26006
2025-07-15,IND_GAN,BULK_01,True,False,32.59,True,synthetic_scenario_generator,26006
2025-07-16,IND_GAN,BULK_01,True,False,42.38,True,synthetic_scenario_generator,26006
2025-07-17,IND_GAN,BULK_01,True,False,23.41,True,synthetic_scenario_generator,26006
2025-07-18,IND_GAN,BULK_01,True,False,28.57,True,synthetic_scenario_generator,26006
2025-07-19,IND_GAN,BULK_01,True,False,35.7,True,synthetic_scenario_generator,26006
2025-07-20,IND_GAN,BULK_01,True,False,28.7,True,synthetic_scenario_generator,26006
2025-07-21,IND_GAN,BULK_01,True,False,45.37,True,synthetic_scenario_generator,26006
2025-07-22,IND_GAN,BULK_01,True,False,30.7,True,synthetic_scenario_generator,26006
2025-07-23,IND_GAN,BULK_01,True,False,37.55,True,synthetic_scenario_generator,26006
2025-07-24,IND_GAN,BULK_01,True,False,29.91,True,synthetic_scenario_generator,26006
2025-07-25,IND_GAN,BULK_01,True,False,42.81,True,synthetic_scenario_generator,26006
2025-07-26,IND_GAN,BULK_01,True,False,26.41,True,synthetic_scenario_generator,26006
2025-07-27,IND_GAN,BULK_01,True,False,27.62,True,synthetic_scenario_generator,26006
2025-07-28,IND_GAN,BULK_01,True,False,31.87,True,synthetic_scenario_generator,26006
2025-07-29,IND_GAN,BULK_01,True,False,32.37,True,synthetic_scenario_generator,26006
2025-07-30,IND_GAN,BULK_01,True,False,30.63,True,synthetic_scenario_generator,26006
2025-07-31,IND_GAN,BULK_01,True,False,28.01,True,synthetic_scenario_generator,26006
2025-08-01,IND_GAN,BULK_01,True,False,18.95,True,synthetic_scenario_generator,26006
2025-08-02,IND_GAN,BULK_01,True,False,32.84,True,synthetic_scenario_generator,26006
2025-08-03,IND_GAN,BULK_01,True,False,28.55,True,synthetic_scenario_generator,26006
2025-08-04,IND_GAN,BULK_01,True,False,36.48,True,synthetic_scenario_generator,26006
2025-08-05,IND_GAN,BULK_01,True,False,23.03,True,synthetic_scenario_generator,26006
2025-08-06,IND_GAN,BULK_01,True,False,28.12,True,synthetic_scenario_generator,26006
2025-08-07,IND_GAN,BULK_01,True,False,37.72,True,synthetic_scenario_generator,26006
2025-08-08,IND_GAN,BULK_01,True,False,29.28,True,synthetic_scenario_generator,26006
2025-08-09,IND_GAN,BULK_01,True,False,25.44,True,synthetic_scenario_generator,26006
2025-08-10,IND_GAN,BULK_01,True,False,18.65,True,synthetic_scenario_generator,26006
2025-08-11,IND_GAN,BULK_01,True,False,24.31,True,synthetic_scenario_generator,26006
2025-08-12,IND_GAN,BULK_01,True,False,28.3,True,synthetic_scenario_generator,26006
2025-08-13,IND_GAN,BULK_01,True,False,28.6,True,synthetic_scenario_generator,26006
2025-08-14,IND_GAN,BULK_01,True,False,30.42,True,synthetic_scenario_generator,26006
2025-08-15,IND_GAN,BULK_01,True,False,17.72,True,synthetic_scenario_generator,26006
2025-08-16,IND_GAN,BULK_01,True,False,23.57,True,synthetic_scenario_generator,26006
2025-08-17,IND_GAN,BULK_01,True,False,24.07,True,synthetic_scenario_generator,26006
2025-08-18,IND_GAN,BULK_01,True,False,22.49,True,synthetic_scenario_generator,26006
2025-08-19,IND_GAN,BULK_01,True,False,14.48,True,synthetic_scenario_generator,26006
2025-08-20,IND_GAN,BULK_01,True,False,13.46,True,synthetic_scenario_generator,26006
2025-08-21,IND_GAN,BULK_01,True,False,22.7,True,synthetic_scenario_generator,26006
2025-08-22,IND_GAN,BULK_01,True,False,17.63,True,synthetic_scenario_generator,26006
2025-08-23,IND_GAN,BULK_01,True,False,12.1,True,synthetic_scenario_generator,26006
2025-08-24,IND_GAN,BULK_01,True,False,18.74,True,synthetic_scenario_generator,26006
2025-08-25,IND_GAN,BULK_01,True,False,14.35,True,synthetic_scenario_generator,26006
2025-08-26,IND_GAN,BULK_01,True,False,18.91,True,synthetic_scenario_generator,26006
2025-08-27,IND_GAN,BULK_01,True,False,22.94,True,synthetic_scenario_generator,26006
2025-08-28,IND_GAN,BULK_01,True,False,11.41,True,synthetic_scenario_generator,26006
2025-08-29,IND_GAN,BULK_01,True,False,15.77,True,synthetic_scenario_generator,26006
2025-08-30,IND_GAN,BULK_01,True,False,10.03,True,synthetic_scenario_generator,26006
2025-08-31,IND_GAN,BULK_01,True,False,24.19,True,synthetic_scenario_generator,26006
2025-09-01,IND_GAN,BULK_01,True,False,14.25,True,synthetic_scenario_generator,26006
2025-09-02,IND_GAN,BULK_01,True,False,19.4,True,synthetic_scenario_generator,26006
2025-09-03,IND_GAN,BULK_01,True,False,19.41,True,synthetic_scenario_generator,26006
2025-09-04,IND_GAN,BULK_01,True,False,11.83,True,synthetic_scenario_generator,26006
2025-09-05,IND_GAN,BULK_01,True,False,13.56,True,synthetic_scenario_generator,26006
2025-09-06,IND_GAN,BULK_01,True,False,6.73,True,synthetic_scenario_generator,26006
2025-09-07,IND_GAN,BULK_01,True,False,26.19,True,synthetic_scenario_generator,26006
2025-09-08,IND_GAN,BULK_01,True,False,4.97,True,synthetic_scenario_generator,26006
2025-09-09,IND_GAN,BULK_01,True,False,16.37,True,synthetic_scenario_generator,26006
2025-09-10,IND_GAN,BULK_01,True,False,28.15,True,synthetic_scenario_generator,26006
2025-09-11,IND_GAN,BULK_01,True,False,29.07,True,synthetic_scenario_generator,26006
2025-09-12,IND_GAN,BULK_01,True,False,21.81,True,synthetic_scenario_generator,26006
2025-09-13,IND_GAN,BULK_01,True,False,9.79,True,synthetic_scenario_generator,26006
2025-09-14,IND_GAN,BULK_01,True,False,18.29,True,synthetic_scenario_generator,26006
2025-09-15,IND_GAN,BULK_01,False,True,20.31,True,synthetic_scenario_generator,26006
2025-09-16,IND_GAN,BULK_01,True,False,26.28,True,synthetic_scenario_generator,26006
2025-09-17,IND_GAN,BULK_01,True,False,20.63,True,synthetic_scenario_generator,26006
2025-09-18,IND_GAN,BULK_01,True,False,30.71,True,synthetic_scenario_generator,26006
2025-09-19,IND_GAN,BULK_01,True,False,34.42,True,synthetic_scenario_generator,26006
2025-09-20,IND_GAN,BULK_01,True,False,23.28,True,synthetic_scenario_generator,26006
2025-09-21,IND_GAN,BULK_01,True,False,25.23,True,synthetic_scenario_generator,26006
2025-09-22,IND_GAN,BULK_01,True,False,23.54,True,synthetic_scenario_generator,26006
2025-09-23,IND_GAN,BULK_01,True,False,19.13,True,synthetic_scenario_generator,26006
2025-09-24,IND_GAN,BULK_01,True,False,23.72,True,synthetic_scenario_generator,26006
2025-09-25,IND_GAN,BULK_01,True,False,25.46,True,synthetic_scenario_generator,26006
2025-09-26,IND_GAN,BULK_01,True,False,22.03,True,synthetic_scenario_generator,26006
2025-09-27,IND_GAN,BULK_01,True,False,31.66,True,synthetic_scenario_generator,26006
2025-09-28,IND_GAN,BULK_01,True,False,34.13,True,synthetic_scenario_generator,26006
2025-09-29,IND_GAN,BULK_01,True,False,31.77,True,synthetic_scenario_generator,26006
2025-09-30,IND_GAN,BULK_01,True,False,31.89,True,synthetic_scenario_generator,26006
2025-10-01,IND_GAN,BULK_01,True,False,27.98,True,synthetic_scenario_generator,26006
2025-10-02,IND_GAN,BULK_01,True,False,38.3,True,synthetic_scenario_generator,26006
2025-10-03,IND_GAN,BULK_01,True,False,24.91,True,synthetic_scenario_generator,26006
2025-10-04,IND_GAN,BULK_01,True,False,32.16,True,synthetic_scenario_generator,26006
2025-10-05,IND_GAN,BULK_01,True,False,29.39,True,synthetic_scenario_generator,26006
2025-10-06,IND_GAN,BULK_01,True,False,30.81,True,synthetic_scenario_generator,26006
2025-10-07,IND_GAN,BULK_01,True,False,33.82,True,synthetic_scenario_generator,26006
2025-10-08,IND_GAN,BULK_01,True,False,29.84,True,synthetic_scenario_generator,26006
2025-10-09,IND_GAN,BULK_01,True,False,25.81,True,synthetic_scenario_generator,26006
2025-10-10,IND_GAN,BULK_01,True,False,37.51,True,synthetic_scenario_generator,26006
2025-10-11,IND_GAN,BULK_01,True,False,32.5,True,synthetic_scenario_generator,26006
2025-10-12,IND_GAN,BULK_01,True,False,31.83,True,synthetic_scenario_generator,26006
2025-10-13,IND_GAN,BULK_01,True,False,35.92,True,synthetic_scenario_generator,26006
2025-10-14,IND_GAN,BULK_01,True,False,41.77,True,synthetic_scenario_generator,26006
2025-10-15,IND_GAN,BULK_01,True,False,30.92,True,synthetic_scenario_generator,26006
2025-10-16,IND_GAN,BULK_01,True,False,31.84,True,synthetic_scenario_generator,26006
2025-10-17,IND_GAN,BULK_01,True,False,37.8,True,synthetic_scenario_generator,26006
2025-10-18,IND_GAN,BULK_01,True,False,32.45,True,synthetic_scenario_generator,26006
2025-10-19,IND_GAN,BULK_01,True,False,28.48,True,synthetic_scenario_generator,26006
2025-10-20,IND_GAN,BULK_01,True,False,27.87,True,synthetic_scenario_generator,26006
2025-10-21,IND_GAN,BULK_01,True,False,30.73,True,synthetic_scenario_generator,26006
2025-10-22,IND_GAN,BULK_01,True,False,32.76,True,synthetic_scenario_generator,26006
2025-10-23,IND_GAN,BULK_01,True,False,28.61,True,synthetic_scenario_generator,26006
2025-10-24,IND_GAN,BULK_01,True,False,30.76,True,synthetic_scenario_generator,26006
2025-10-25,IND_GAN,BULK_01,True,False,38.6,True,synthetic_scenario_generator,26006
2025-10-26,IND_GAN,BULK_01,True,False,25.42,True,synthetic_scenario_generator,26006
2025-10-27,IND_GAN,BULK_01,True,False,27.75,True,synthetic_scenario_generator,26006
2025-10-28,IND_GAN,BULK_01,True,False,25.65,True,synthetic_scenario_generator,26006
2025-10-29,IND_GAN,BULK_01,True,False,25.42,True,synthetic_scenario_generator,26006
2025-10-30,IND_GAN,BULK_01,True,False,24.79,True,synthetic_scenario_generator,26006
2025-10-31,IND_GAN,BULK_01,True,False,16.43,True,synthetic_scenario_generator,26006
2025-11-01,IND_GAN,BULK_01,True,False,19.73,True,synthetic_scenario_generator,26006
2025-11-02,IND_GAN,BULK_01,True,False,30.56,True,synthetic_scenario_generator,26006
2025-11-03,IND_GAN,BULK_01,True,False,20.55,True,synthetic_scenario_generator,26006
2025-11-04,IND_GAN,BULK_01,True,False,21.55,True,synthetic_scenario_generator,26006
2025-11-05,IND_GAN,BULK_01,True,False,20.1,True,synthetic_scenario_generator,26006
2025-11-06,IND_GAN,BULK_01,True,False,29.3,True,synthetic_scenario_generator,26006
2025-11-07,IND_GAN,BULK_01,True,False,15.39,True,synthetic_scenario_generator,26006
2025-11-08,IND_GAN,BULK_01,True,False,23.68,True,synthetic_scenario_generator,26006
2025-11-09,IND_GAN,BULK_01,True,False,31.23,True,synthetic_scenario_generator,26006
2025-11-10,IND_GAN,BULK_01,True,False,17.9,True,synthetic_scenario_generator,26006
2025-11-11,IND_GAN,BULK_01,True,False,16.56,True,synthetic_scenario_generator,26006
2025-11-12,IND_GAN,BULK_01,True,False,19.03,True,synthetic_scenario_generator,26006
2025-11-13,IND_GAN,BULK_01,True,False,16.05,True,synthetic_scenario_generator,26006
2025-11-14,IND_GAN,BULK_01,True,False,23.34,True,synthetic_scenario_generator,26006
2025-11-15,IND_GAN,BULK_01,True,False,17.58,True,synthetic_scenario_generator,26006
2025-11-16,IND_GAN,BULK_01,True,False,25.93,True,synthetic_scenario_generator,26006
2025-11-17,IND_GAN,BULK_01,True,False,15.34,True,synthetic_scenario_generator,26006
2025-11-18,IND_GAN,BULK_01,True,False,10.65,True,synthetic_scenario_generator,26006
2025-11-19,IND_GAN,BULK_01,True,False,11.4,True,synthetic_scenario_generator,26006
2025-11-20,IND_GAN,BULK_01,True,False,20.1,True,synthetic_scenario_generator,26006
2025-11-21,IND_GAN,BULK_01,True,False,25.41,True,synthetic_scenario_generator,26006
2025-11-22,IND_GAN,BULK_01,True,False,15.28,True,synthetic_scenario_generator,26006
2025-11-23,IND_GAN,BULK_01,True,False,24.49,True,synthetic_scenario_generator,26006
2025-11-24,IND_GAN,BULK_01,True,False,11.72,True,synthetic_scenario_generator,26006
2025-11-25,IND_GAN,BULK_01,True,False,14.96,True,synthetic_scenario_generator,26006
2025-11-26,IND_GAN,BULK_01,True,False,21.7,True,synthetic_scenario_generator,26006
2025-11-27,IND_GAN,BULK_01,True,False,12.72,True,synthetic_scenario_generator,26006
2025-11-28,IND_GAN,BULK_01,True,False,18.45,True,synthetic_scenario_generator,26006
2025-11-29,IND_GAN,BULK_01,True,False,17.62,True,synthetic_scenario_generator,26006
2025-11-30,IND_GAN,BULK_01,True,False,10.7,True,synthetic_scenario_generator,26006
2025-12-01,IND_GAN,BULK_01,True,False,17.87,True,synthetic_scenario_generator,26006
2025-12-02,IND_GAN,BULK_01,True,False,12.09,True,synthetic_scenario_generator,26006
2025-12-03,IND_GAN,BULK_01,True,False,2.6,True,synthetic_scenario_generator,26006
2025-12-04,IND_GAN,BULK_01,True,False,18.55,True,synthetic_scenario_generator,26006
2025-12-05,IND_GAN,BULK_01,True,False,17.65,True,synthetic_scenario_generator,26006
2025-12-06,IND_GAN,BULK_01,True,False,12.03,True,synthetic_scenario_generator,26006
2025-12-07,IND_GAN,BULK_01,True,False,17.16,True,synthetic_scenario_generator,26006
2025-12-08,IND_GAN,BULK_01,True,False,18.16,True,synthetic_scenario_generator,26006
2025-12-09,IND_GAN,BULK_01,True,False,28.33,True,synthetic_scenario_generator,26006
2025-12-10,IND_GAN,BULK_01,True,False,16.31,True,synthetic_scenario_generator,26006
2025-12-11,IND_GAN,BULK_01,True,False,17.44,True,synthetic_scenario_generator,26006
2025-12-12,IND_GAN,BULK_01,True,False,23.88,True,synthetic_scenario_generator,26006
2025-12-13,IND_GAN,BULK_01,True,False,28.02,True,synthetic_scenario_generator,26006
2025-12-14,IND_GAN,BULK_01,True,False,18.76,True,synthetic_scenario_generator,26006
2025-12-15,IND_GAN,BULK_01,True,False,22.81,True,synthetic_scenario_generator,26006
2025-12-16,IND_GAN,BULK_01,True,False,25.53,True,synthetic_scenario_generator,26006
2025-12-17,IND_GAN,BULK_01,True,False,27.19,True,synthetic_scenario_generator,26006
2025-12-18,IND_GAN,BULK_01,True,False,24.11,True,synthetic_scenario_generator,26006
2025-12-19,IND_GAN,BULK_01,True,False,29.7,True,synthetic_scenario_generator,26006
2025-12-20,IND_GAN,BULK_01,True,False,20.71,True,synthetic_scenario_generator,26006
2025-12-21,IND_GAN,BULK_01,True,False,13.61,True,synthetic_scenario_generator,26006
2025-12-22,IND_GAN,BULK_01,True,False,26.09,True,synthetic_scenario_generator,26006
2025-12-23,IND_GAN,BULK_01,True,False,39.25,True,synthetic_scenario_generator,26006
2025-12-24,IND_GAN,BULK_01,True,False,16.18,True,synthetic_scenario_generator,26006
2025-12-25,IND_GAN,BULK_01,True,False,25.27,True,synthetic_scenario_generator,26006
2025-12-26,IND_GAN,BULK_01,True,False,34.96,True,synthetic_scenario_generator,26006
2025-12-27,IND_GAN,BULK_01,True,False,28.98,True,synthetic_scenario_generator,26006
2025-12-28,IND_GAN,BULK_01,True,False,34.6,True,synthetic_scenario_generator,26006
2025-12-29,IND_GAN,BULK_01,True,False,27.68,True,synthetic_scenario_generator,26006
2025-12-30,IND_GAN,BULK_01,True,False,35.28,True,synthetic_scenario_generator,26006
2025-12-31,IND_GAN,BULK_01,True,False,30.43,True,synthetic_scenario_generator,26006
2026-01-01,IND_GAN,BULK_01,True,False,24.24,True,synthetic_scenario_generator,26006
2026-01-02,IND_GAN,BULK_01,True,False,28.17,True,synthetic_scenario_generator,26006
2026-01-03,IND_GAN,BULK_01,True,False,28.97,True,synthetic_scenario_generator,26006
2026-01-04,IND_GAN,BULK_01,True,False,30.58,True,synthetic_scenario_generator,26006
2026-01-05,IND_GAN,BULK_01,True,False,29.22,True,synthetic_scenario_generator,26006
2026-01-06,IND_GAN,BULK_01,True,False,41.32,True,synthetic_scenario_generator,26006
2026-01-07,IND_GAN,BULK_01,True,False,31.01,True,synthetic_scenario_generator,26006
2026-01-08,IND_GAN,BULK_01,True,False,37.49,True,synthetic_scenario_generator,26006
2026-01-09,IND_GAN,BULK_01,True,False,34.74,True,synthetic_scenario_generator,26006
2026-01-10,IND_GAN,BULK_01,True,False,33.0,True,synthetic_scenario_generator,26006
2026-01-11,IND_GAN,BULK_01,True,False,25.98,True,synthetic_scenario_generator,26006
2026-01-12,IND_GAN,BULK_01,True,False,26.89,True,synthetic_scenario_generator,26006
2026-01-13,IND_GAN,BULK_01,True,False,36.94,True,synthetic_scenario_generator,26006
2026-01-14,IND_GAN,BULK_01,True,False,30.63,True,synthetic_scenario_generator,26006
2026-01-15,IND_GAN,BULK_01,True,False,25.42,True,synthetic_scenario_generator,26006
2026-01-16,IND_GAN,BULK_01,True,False,34.05,True,synthetic_scenario_generator,26006
2026-01-17,IND_GAN,BULK_01,True,False,33.74,True,synthetic_scenario_generator,26006
2026-01-18,IND_GAN,BULK_01,True,False,30.65,True,synthetic_scenario_generator,26006
2026-01-19,IND_GAN,BULK_01,True,False,29.82,True,synthetic_scenario_generator,26006
2026-01-20,IND_GAN,BULK_01,True,False,31.07,True,synthetic_scenario_generator,26006
2026-01-21,IND_GAN,BULK_01,True,False,32.78,True,synthetic_scenario_generator,26006
2026-01-22,IND_GAN,BULK_01,True,False,33.55,True,synthetic_scenario_generator,26006
2026-01-23,IND_GAN,BULK_01,True,False,26.24,True,synthetic_scenario_generator,26006
2026-01-24,IND_GAN,BULK_01,True,False,23.34,True,synthetic_scenario_generator,26006
2026-01-25,IND_GAN,BULK_01,True,False,29.68,True,synthetic_scenario_generator,26006
2026-01-26,IND_GAN,BULK_01,True,False,23.74,True,synthetic_scenario_generator,26006
2026-01-27,IND_GAN,BULK_01,True,False,30.24,True,synthetic_scenario_generator,26006
2026-01-28,IND_GAN,BULK_01,True,False,18.98,True,synthetic_scenario_generator,26006
2026-01-29,IND_GAN,BULK_01,True,False,32.18,True,synthetic_scenario_generator,26006
2026-01-30,IND_GAN,BULK_01,True,False,25.38,True,synthetic_scenario_generator,26006
2026-01-31,IND_GAN,BULK_01,True,False,16.63,True,synthetic_scenario_generator,26006
2026-02-01,IND_GAN,BULK_01,True,False,28.74,True,synthetic_scenario_generator,26006
2026-02-02,IND_GAN,BULK_01,True,False,18.2,True,synthetic_scenario_generator,26006
2026-02-03,IND_GAN,BULK_01,True,False,20.44,True,synthetic_scenario_generator,26006
2026-02-04,IND_GAN,BULK_01,True,False,25.55,True,synthetic_scenario_generator,26006
2026-02-05,IND_GAN,BULK_01,True,False,20.3,True,synthetic_scenario_generator,26006
2026-02-06,IND_GAN,BULK_01,True,False,21.85,True,synthetic_scenario_generator,26006
2026-02-07,IND_GAN,BULK_01,True,False,26.94,True,synthetic_scenario_generator,26006
2026-02-08,IND_GAN,BULK_01,True,False,22.42,True,synthetic_scenario_generator,26006
2026-02-09,IND_GAN,BULK_01,True,False,13.31,True,synthetic_scenario_generator,26006
2026-02-10,IND_GAN,BULK_01,True,False,26.85,True,synthetic_scenario_generator,26006
2026-02-11,IND_GAN,BULK_01,True,False,19.97,True,synthetic_scenario_generator,26006
2026-02-12,IND_GAN,BULK_01,True,False,14.9,True,synthetic_scenario_generator,26006
2026-02-13,IND_GAN,BULK_01,True,False,16.7,True,synthetic_scenario_generator,26006
2026-02-14,IND_GAN,BULK_01,True,False,15.85,True,synthetic_scenario_generator,26006
2026-02-15,IND_GAN,BULK_01,True,False,8.59,True,synthetic_scenario_generator,26006
2026-02-16,IND_GAN,BULK_01,True,False,14.71,True,synthetic_scenario_generator,26006
2026-02-17,IND_GAN,BULK_01,True,False,11.99,True,synthetic_scenario_generator,26006
2026-02-18,IND_GAN,BULK_01,True,False,15.26,True,synthetic_scenario_generator,26006
2026-02-19,IND_GAN,BULK_01,True,False,17.69,True,synthetic_scenario_generator,26006
2026-02-20,IND_GAN,BULK_01,True,False,9.21,True,synthetic_scenario_generator,26006
2026-02-21,IND_GAN,BULK_01,True,False,16.11,True,synthetic_scenario_generator,26006
2026-02-22,IND_GAN,BULK_01,True,False,16.69,True,synthetic_scenario_generator,26006
2026-02-23,IND_GAN,BULK_01,True,False,8.05,True,synthetic_scenario_generator,26006
2026-02-24,IND_GAN,BULK_01,True,False,12.24,True,synthetic_scenario_generator,26006
2026-02-25,IND_GAN,BULK_01,True,False,2.0,True,synthetic_scenario_generator,26006
2026-02-26,IND_GAN,BULK_01,True,False,14.3,True,synthetic_scenario_generator,26006
2026-02-27,IND_GAN,BULK_01,True,False,16.24,True,synthetic_scenario_generator,26006
2026-02-28,IND_GAN,BULK_01,True,False,18.68,True,synthetic_scenario_generator,26006
2026-03-01,IND_GAN,BULK_01,True,False,10.74,True,synthetic_scenario_generator,26006
2026-03-02,IND_GAN,BULK_01,True,False,10.35,True,synthetic_scenario_generator,26006
2026-03-03,IND_GAN,BULK_01,True,False,18.65,True,synthetic_scenario_generator,26006
2026-03-04,IND_GAN,BULK_01,True,False,14.62,True,synthetic_scenario_generator,26006
2026-03-05,IND_GAN,BULK_01,True,False,5.07,True,synthetic_scenario_generator,26006
2026-03-06,IND_GAN,BULK_01,True,False,2.98,True,synthetic_scenario_generator,26006
2026-03-07,IND_GAN,BULK_01,True,False,11.7,True,synthetic_scenario_generator,26006
2026-03-08,IND_GAN,BULK_01,True,False,13.47,True,synthetic_scenario_generator,26006
2026-03-09,IND_GAN,BULK_01,True,False,19.31,True,synthetic_scenario_generator,26006
2026-03-10,IND_GAN,BULK_01,True,False,10.5,True,synthetic_scenario_generator,26006
2026-03-11,IND_GAN,BULK_01,True,False,16.23,True,synthetic_scenario_generator,26006
2026-03-12,IND_GAN,BULK_01,True,False,19.36,True,synthetic_scenario_generator,26006
2026-03-13,IND_GAN,BULK_01,True,False,10.1,True,synthetic_scenario_generator,26006
2026-03-14,IND_GAN,BULK_01,True,False,13.99,True,synthetic_scenario_generator,26006
2026-03-15,IND_GAN,BULK_01,False,True,14.18,True,synthetic_scenario_generator,26006
2026-03-16,IND_GAN,BULK_01,True,False,11.2,True,synthetic_scenario_generator,26006
2026-03-17,IND_GAN,BULK_01,True,False,25.41,True,synthetic_scenario_generator,26006
2026-03-18,IND_GAN,BULK_01,True,False,23.72,True,synthetic_scenario_generator,26006
2026-03-19,IND_GAN,BULK_01,True,False,25.31,True,synthetic_scenario_generator,26006
2026-03-20,IND_GAN,BULK_01,True,False,19.49,True,synthetic_scenario_generator,26006
2026-03-21,IND_GAN,BULK_01,True,False,18.4,True,synthetic_scenario_generator,26006
2026-03-22,IND_GAN,BULK_01,True,False,20.23,True,synthetic_scenario_generator,26006
2026-03-23,IND_GAN,BULK_01,True,False,20.46,True,synthetic_scenario_generator,26006
2026-03-24,IND_GAN,BULK_01,True,False,21.46,True,synthetic_scenario_generator,26006
2026-03-25,IND_GAN,BULK_01,True,False,22.83,True,synthetic_scenario_generator,26006
2026-03-26,IND_GAN,BULK_01,True,False,27.3,True,synthetic_scenario_generator,26006
2026-03-27,IND_GAN,BULK_01,True,False,11.66,True,synthetic_scenario_generator,26006
2026-03-28,IND_GAN,BULK_01,True,False,18.46,True,synthetic_scenario_generator,26006
2026-03-29,IND_GAN,BULK_01,True,False,24.91,True,synthetic_scenario_generator,26006
2026-03-30,IND_GAN,BULK_01,True,False,21.37,True,synthetic_scenario_generator,26006
2026-03-31,IND_GAN,BULK_01,True,False,29.64,True,synthetic_scenario_generator,26006
2026-04-01,IND_GAN,BULK_01,True,False,28.95,True,synthetic_scenario_generator,26006
2026-04-02,IND_GAN,BULK_01,True,False,33.94,True,synthetic_scenario_generator,26006
2026-04-03,IND_GAN,BULK_01,True,False,30.42,True,synthetic_scenario_generator,26006
2026-04-04,IND_GAN,BULK_01,True,False,36.79,True,synthetic_scenario_generator,26006
2026-04-05,IND_GAN,BULK_01,True,False,23.61,True,synthetic_scenario_generator,26006
2026-04-06,IND_GAN,BULK_01,True,False,36.81,True,synthetic_scenario_generator,26006
2026-04-07,IND_GAN,BULK_01,True,False,40.89,True,synthetic_scenario_generator,26006
2026-04-08,IND_GAN,BULK_01,True,False,31.95,True,synthetic_scenario_generator,26006
2026-04-09,IND_GAN,BULK_01,True,False,33.23,True,synthetic_scenario_generator,26006
2026-04-10,IND_GAN,BULK_01,True,False,37.14,True,synthetic_scenario_generator,26006
2026-04-11,IND_GAN,BULK_01,True,False,34.01,True,synthetic_scenario_generator,26006
2026-04-12,IND_GAN,BULK_01,True,False,23.26,True,synthetic_scenario_generator,26006
2026-04-13,IND_GAN,BULK_01,True,False,34.73,True,synthetic_scenario_generator,26006
2026-04-14,IND_GAN,BULK_01,True,False,38.47,True,synthetic_scenario_generator,26006
2026-04-15,IND_GAN,BULK_01,True,False,36.99,True,synthetic_scenario_generator,26006
2026-04-16,IND_GAN,BULK_01,True,False,30.49,True,synthetic_scenario_generator,26006
2026-04-17,IND_GAN,BULK_01,True,False,39.42,True,synthetic_scenario_generator,26006
2026-04-18,IND_GAN,BULK_01,True,False,29.89,True,synthetic_scenario_generator,26006
2026-04-19,IND_GAN,BULK_01,True,False,29.66,True,synthetic_scenario_generator,26006
2026-04-20,IND_GAN,BULK_01,True,False,35.99,True,synthetic_scenario_generator,26006
2026-04-21,IND_GAN,BULK_01,True,False,25.08,True,synthetic_scenario_generator,26006
2026-04-22,IND_GAN,BULK_01,True,False,38.23,True,synthetic_scenario_generator,26006
2026-04-23,IND_GAN,BULK_01,True,False,33.11,True,synthetic_scenario_generator,26006
2026-04-24,IND_GAN,BULK_01,True,False,34.11,True,synthetic_scenario_generator,26006
2026-04-25,IND_GAN,BULK_01,True,False,26.7,True,synthetic_scenario_generator,26006
2026-04-26,IND_GAN,BULK_01,True,False,26.4,True,synthetic_scenario_generator,26006
2026-04-27,IND_GAN,BULK_01,True,False,28.22,True,synthetic_scenario_generator,26006
2026-04-28,IND_GAN,BULK_01,True,False,32.38,True,synthetic_scenario_generator,26006
2026-04-29,IND_GAN,BULK_01,True,False,21.28,True,synthetic_scenario_generator,26006
2026-04-30,IND_GAN,BULK_01,True,False,27.95,True,synthetic_scenario_generator,26006
2026-05-01,IND_GAN,BULK_01,True,False,29.44,True,synthetic_scenario_generator,26006
2026-05-02,IND_GAN,BULK_01,True,False,26.59,True,synthetic_scenario_generator,26006
2026-05-03,IND_GAN,BULK_01,True,False,21.31,True,synthetic_scenario_generator,26006
2026-05-04,IND_GAN,BULK_01,True,False,15.65,True,synthetic_scenario_generator,26006
2026-05-05,IND_GAN,BULK_01,True,False,25.67,True,synthetic_scenario_generator,26006
2026-05-06,IND_GAN,BULK_01,True,False,22.54,True,synthetic_scenario_generator,26006
2026-05-07,IND_GAN,BULK_01,True,False,22.22,True,synthetic_scenario_generator,26006
2026-05-08,IND_GAN,BULK_01,True,False,15.53,True,synthetic_scenario_generator,26006
2026-05-09,IND_GAN,BULK_01,True,False,19.63,True,synthetic_scenario_generator,26006
2026-05-10,IND_GAN,BULK_01,True,False,24.88,True,synthetic_scenario_generator,26006
2026-05-11,IND_GAN,BULK_01,True,False,28.15,True,synthetic_scenario_generator,26006
2026-05-12,IND_GAN,BULK_01,True,False,16.8,True,synthetic_scenario_generator,26006
2026-05-13,IND_GAN,BULK_01,True,False,23.08,True,synthetic_scenario_generator,26006
2026-05-14,IND_GAN,BULK_01,True,False,22.58,True,synthetic_scenario_generator,26006
2026-05-15,IND_GAN,BULK_01,True,False,17.61,True,synthetic_scenario_generator,26006
2026-05-16,IND_GAN,BULK_01,True,False,14.12,True,synthetic_scenario_generator,26006
2026-05-17,IND_GAN,BULK_01,True,False,10.2,True,synthetic_scenario_generator,26006
2026-05-18,IND_GAN,BULK_01,True,False,17.37,True,synthetic_scenario_generator,26006
2026-05-19,IND_GAN,BULK_01,True,False,3.54,True,synthetic_scenario_generator,26006
2026-05-20,IND_GAN,BULK_01,True,False,14.07,True,synthetic_scenario_generator,26006
2026-05-21,IND_GAN,BULK_01,True,False,17.38,True,synthetic_scenario_generator,26006
2026-05-22,IND_GAN,BULK_01,True,False,14.63,True,synthetic_scenario_generator,26006
2026-05-23,IND_GAN,BULK_01,True,False,18.44,True,synthetic_scenario_generator,26006
2026-05-24,IND_GAN,BULK_01,True,False,17.68,True,synthetic_scenario_generator,26006
2026-05-25,IND_GAN,BULK_01,True,False,6.54,True,synthetic_scenario_generator,26006
2026-05-26,IND_GAN,BULK_01,True,False,11.63,True,synthetic_scenario_generator,26006
2026-05-27,IND_GAN,BULK_01,True,False,11.99,True,synthetic_scenario_generator,26006
2026-05-28,IND_GAN,BULK_01,True,False,12.24,True,synthetic_scenario_generator,26006
2026-05-29,IND_GAN,BULK_01,True,False,10.43,True,synthetic_scenario_generator,26006
2026-05-30,IND_GAN,BULK_01,True,False,16.8,True,synthetic_scenario_generator,26006
2026-05-31,IND_GAN,BULK_01,True,False,11.82,True,synthetic_scenario_generator,26006
2026-06-01,IND_GAN,BULK_01,True,False,17.4,True,synthetic_scenario_generator,26006
2026-06-02,IND_GAN,BULK_01,True,False,20.61,True,synthetic_scenario_generator,26006
2026-06-03,IND_GAN,BULK_01,True,False,23.04,True,synthetic_scenario_generator,26006
2026-06-04,IND_GAN,BULK_01,True,False,18.82,True,synthetic_scenario_generator,26006
2026-06-05,IND_GAN,BULK_01,True,False,13.27,True,synthetic_scenario_generator,26006
2026-06-06,IND_GAN,BULK_01,True,False,19.38,True,synthetic_scenario_generator,26006
2026-06-07,IND_GAN,BULK_01,True,False,31.84,True,synthetic_scenario_generator,26006
2026-06-08,IND_GAN,BULK_01,True,False,16.81,True,synthetic_scenario_generator,26006
2026-06-09,IND_GAN,BULK_01,True,False,19.25,True,synthetic_scenario_generator,26006
2026-06-10,IND_GAN,BULK_01,True,False,26.23,True,synthetic_scenario_generator,26006
2026-06-11,IND_GAN,BULK_01,True,False,15.47,True,synthetic_scenario_generator,26006
2026-06-12,IND_GAN,BULK_01,True,False,33.16,True,synthetic_scenario_generator,26006
2026-06-13,IND_GAN,BULK_01,True,False,24.83,True,synthetic_scenario_generator,26006
2026-06-14,IND_GAN,BULK_01,True,False,20.89,True,synthetic_scenario_generator,26006
2026-06-15,IND_GAN,BULK_01,True,False,36.39,True,synthetic_scenario_generator,26006
2026-06-16,IND_GAN,BULK_01,True,False,37.84,True,synthetic_scenario_generator,26006
2026-06-17,IND_GAN,BULK_01,True,False,33.3,True,synthetic_scenario_generator,26006
2026-06-18,IND_GAN,BULK_01,True,False,32.95,True,synthetic_scenario_generator,26006
2026-06-19,IND_GAN,BULK_01,True,False,28.15,True,synthetic_scenario_generator,26006
2026-06-20,IND_GAN,BULK_01,True,False,24.73,True,synthetic_scenario_generator,26006
2026-06-21,IND_GAN,BULK_01,True,False,15.65,True,synthetic_scenario_generator,26006
2026-06-22,IND_GAN,BULK_01,True,False,29.39,True,synthetic_scenario_generator,26006
2026-06-23,IND_GAN,BULK_01,True,False,34.98,True,synthetic_scenario_generator,26006
2026-06-24,IND_GAN,BULK_01,True,False,24.65,True,synthetic_scenario_generator,26006
2026-06-25,IND_GAN,BULK_01,True,False,25.92,True,synthetic_scenario_generator,26006
2026-06-26,IND_GAN,BULK_01,True,False,39.48,True,synthetic_scenario_generator,26006
2026-06-27,IND_GAN,BULK_01,True,False,30.28,True,synthetic_scenario_generator,26006
2026-06-28,IND_GAN,BULK_01,True,False,32.3,True,synthetic_scenario_generator,26006
2026-06-29,IND_GAN,BULK_01,True,False,26.87,True,synthetic_scenario_generator,26006
2026-06-30,IND_GAN,BULK_01,True,False,39.39,True,synthetic_scenario_generator,26006
2026-07-01,IND_GAN,BULK_01,True,False,39.85,True,synthetic_scenario_generator,26006
2026-07-02,IND_GAN,BULK_01,True,False,24.61,True,synthetic_scenario_generator,26006
2026-07-03,IND_GAN,BULK_01,True,False,29.66,True,synthetic_scenario_generator,26006
2026-07-04,IND_GAN,BULK_01,True,False,34.57,True,synthetic_scenario_generator,26006
2026-07-05,IND_GAN,BULK_01,True,False,35.29,True,synthetic_scenario_generator,26006
2026-07-06,IND_GAN,BULK_01,True,False,36.78,True,synthetic_scenario_generator,26006
2026-07-07,IND_GAN,BULK_01,True,False,33.58,True,synthetic_scenario_generator,26006
2026-07-08,IND_GAN,BULK_01,True,False,34.65,True,synthetic_scenario_generator,26006
2026-07-09,IND_GAN,BULK_01,True,False,36.56,True,synthetic_scenario_generator,26006
2026-07-10,IND_GAN,BULK_01,True,False,33.7,True,synthetic_scenario_generator,26006
2026-07-11,IND_GAN,BULK_01,True,False,44.11,True,synthetic_scenario_generator,26006
2026-07-12,IND_GAN,BULK_01,True,False,35.11,True,synthetic_scenario_generator,26006
2026-07-13,IND_GAN,BULK_01,True,False,39.11,True,synthetic_scenario_generator,26006
2026-07-14,IND_GAN,BULK_01,True,False,27.29,True,synthetic_scenario_generator,26006
2026-07-15,IND_GAN,BULK_01,True,False,25.11,True,synthetic_scenario_generator,26006
2026-07-16,IND_GAN,BULK_01,True,False,41.32,True,synthetic_scenario_generator,26006
2026-07-17,IND_GAN,BULK_01,True,False,28.33,True,synthetic_scenario_generator,26006
2026-07-18,IND_GAN,BULK_01,True,False,31.93,True,synthetic_scenario_generator,26006
2026-07-19,IND_GAN,BULK_01,True,False,26.68,True,synthetic_scenario_generator,26006
2026-07-20,IND_GAN,BULK_01,True,False,37.7,True,synthetic_scenario_generator,26006
2026-07-21,IND_GAN,BULK_01,True,False,27.71,True,synthetic_scenario_generator,26006
2026-07-22,IND_GAN,BULK_01,True,False,34.7,True,synthetic_scenario_generator,26006
2026-07-23,IND_GAN,BULK_01,True,False,33.78,True,synthetic_scenario_generator,26006
2026-07-24,IND_GAN,BULK_01,True,False,29.02,True,synthetic_scenario_generator,26006
2026-07-25,IND_GAN,BULK_01,True,False,21.34,True,synthetic_scenario_generator,26006
2026-07-26,IND_GAN,BULK_01,True,False,37.17,True,synthetic_scenario_generator,26006
2026-07-27,IND_GAN,BULK_01,True,False,34.45,True,synthetic_scenario_generator,26006
2026-07-28,IND_GAN,BULK_01,True,False,32.96,True,synthetic_scenario_generator,26006
2026-07-29,IND_GAN,BULK_01,True,False,37.42,True,synthetic_scenario_generator,26006
2026-07-30,IND_GAN,BULK_01,True,False,26.03,True,synthetic_scenario_generator,26006
2026-07-31,IND_GAN,BULK_01,True,False,30.26,True,synthetic_scenario_generator,26006
2026-08-01,IND_GAN,BULK_01,True,False,21.03,True,synthetic_scenario_generator,26006
2026-08-02,IND_GAN,BULK_01,True,False,25.74,True,synthetic_scenario_generator,26006
2026-08-03,IND_GAN,BULK_01,True,False,34.81,True,synthetic_scenario_generator,26006
2026-08-04,IND_GAN,BULK_01,True,False,22.95,True,synthetic_scenario_generator,26006
2026-08-05,IND_GAN,BULK_01,True,False,24.57,True,synthetic_scenario_generator,26006
2026-08-06,IND_GAN,BULK_01,True,False,20.73,True,synthetic_scenario_generator,26006
2026-08-07,IND_GAN,BULK_01,True,False,24.48,True,synthetic_scenario_generator,26006
2026-08-08,IND_GAN,BULK_01,True,False,24.75,True,synthetic_scenario_generator,26006
2026-08-09,IND_GAN,BULK_01,True,False,23.34,True,synthetic_scenario_generator,26006
2026-08-10,IND_GAN,BULK_01,True,False,26.24,True,synthetic_scenario_generator,26006
2026-08-11,IND_GAN,BULK_01,True,False,27.97,True,synthetic_scenario_generator,26006
2026-08-12,IND_GAN,BULK_01,True,False,19.72,True,synthetic_scenario_generator,26006
2026-08-13,IND_GAN,BULK_01,True,False,26.49,True,synthetic_scenario_generator,26006
2026-08-14,IND_GAN,BULK_01,True,False,15.13,True,synthetic_scenario_generator,26006
2026-08-15,IND_GAN,BULK_01,True,False,20.34,True,synthetic_scenario_generator,26006
2026-08-16,IND_GAN,BULK_01,True,False,12.83,True,synthetic_scenario_generator,26006
2026-08-17,IND_GAN,BULK_01,True,False,15.9,True,synthetic_scenario_generator,26006
2026-08-18,IND_GAN,BULK_01,True,False,22.22,True,synthetic_scenario_generator,26006
2026-08-19,IND_GAN,BULK_01,True,False,16.24,True,synthetic_scenario_generator,26006
2026-08-20,IND_GAN,BULK_01,True,False,17.34,True,synthetic_scenario_generator,26006
2026-08-21,IND_GAN,BULK_01,True,False,14.46,True,synthetic_scenario_generator,26006
2026-08-22,IND_GAN,BULK_01,True,False,20.17,True,synthetic_scenario_generator,26006
2026-08-23,IND_GAN,BULK_01,True,False,5.95,True,synthetic_scenario_generator,26006
2026-08-24,IND_GAN,BULK_01,True,False,12.57,True,synthetic_scenario_generator,26006
2026-08-25,IND_GAN,BULK_01,True,False,22.6,True,synthetic_scenario_generator,26006
2026-08-26,IND_GAN,BULK_01,True,False,20.25,True,synthetic_scenario_generator,26006
2026-08-27,IND_GAN,BULK_01,True,False,19.49,True,synthetic_scenario_generator,26006
2026-08-28,IND_GAN,BULK_01,True,False,15.14,True,synthetic_scenario_generator,26006
2026-08-29,IND_GAN,BULK_01,True,False,17.87,True,synthetic_scenario_generator,26006
2026-08-30,IND_GAN,BULK_01,True,False,29.2,True,synthetic_scenario_generator,26006
2026-08-31,IND_GAN,BULK_01,True,False,18.1,True,synthetic_scenario_generator,26006
