date,port_id,mean_tide_height_m,high_tide_height_m,required_ukc_m,is_synthetic,source_origin,synthetic_seed
2020-01-01,IND_PAR,1.4,2.05,1.0,True,synthetic_scenario_generator,26006
2020-01-02,IND_PAR,1.63,2.28,1.0,True,synthetic_scenario_generator,26006
2020-01-03,IND_PAR,1.69,2.34,1.0,True,synthetic_scenario_generator,26006
2020-01-04,IND_PAR,2.09,2.74,1.0,True,synthetic_scenario_generator,26006
2020-01-05,IND_PAR,2.03,2.68,1.0,True,synthetic_scenario_generator,26006
2020-01-06,IND_PAR,1.93,2.58,1.0,True,synthetic_scenario_generator,26006
2020-01-07,IND_PAR,1.7,2.35,1.0,True,synthetic_scenario_generator,26006
2020-01-08,IND_PAR,1.39,2.04,1.0,True,synthetic_scenario_generator,26006
2020-01-09,IND_PAR,1.19,1.84,1.0,True,synthetic_scenario_generator,26006
2020-01-10,IND_PAR,0.87,1.52,1.0,True,synthetic_scenario_generator,26006
2020-01-11,IND_PAR,0.51,1.16,1.0,True,synthetic_scenario_generator,26006
2020-01-12,IND_PAR,0.65,1.3,1.0,True,synthetic_scenario_generator,26006
2020-01-13,IND_PAR,0.58,1.23,1.0,True,synthetic_scenario_generator,26006
2020-01-14,IND_PAR,0.64,1.29,1.0,True,synthetic_scenario_generator,26006
2020-01-15,IND_PAR,0.93,1.58,1.0,True,synthetic_scenario_generator,26006
2020-01-16,IND_PAR,1.37,2.02,1.0,True,synthetic_scenario_generator,26006
2020-01-17,IND_PAR,1.54,2.19,1.0,True,synthetic_scenario_generator,26006
2020-01-18,IND_PAR,1.79,2.44,1.0,True,synthetic_scenario_generator,26006
2020-01-19,IND_PAR,1.78,2.43,1.0,True,synthetic_scenario_generator,26006
2020-01-20,IND_PAR,2.02,2.67,1.0,True,synthetic_scenario_generator,26006
2020-01-21,IND_PAR,1.71,2.36,1.0,True,synthetic_scenario_generator,26006
2020-01-22,IND_PAR,1.62,2.27,1.0,True,synthetic_scenario_generator,26006
2020-01-23,IND_PAR,1.35,2.0,1.0,True,synthetic_scenario_generator,26006
2020-01-24,IND_PAR,1.02,1.67,1.0,True,synthetic_scenario_generator,26006
2020-01-25,IND_PAR,0.94,1.59,1.0,True,synthetic_scenario_generator,26006
2020-01-26,IND_PAR,0.46,1.11,1.0,True,synthetic_scenario_generator,26006
2020-01-27,IND_PAR,0.4,1.05,1.0,True,synthetic_scenario_generator,26006
2020-01-28,IND_PAR,0.54,1.19,1.0,True,synthetic_scenario_generator,26006
2020-01-29,IND_PAR,0.77,1.42,1.0,True,synthetic_scenario_generator,26006
2020-01-30,IND_PAR,0.92,1.57,1.0,True,synthetic_scenario_generator,26006
2020-01-31,IND_PAR,1.42,2.07,1.0,True,synthetic_scenario_generator,26006
2020-02-01,IND_PAR,1.56,2.21,1.0,True,synthetic_scenario_generator,26006
2020-02-02,IND_PAR,1.92,2.57,1.0,True,synthetic_scenario_generator,26006
2020-02-03,IND_PAR,1.96,2.61,1.0,True,synthetic_scenario_generator,26006
2020-02-04,IND_PAR,1.95,2.6,1.0,True,synthetic_scenario_generator,26006
2020-02-05,IND_PAR,1.72,2.37,1.0,True,synthetic_scenario_generator,26006
2020-02-06,IND_PAR,1.61,2.26,1.0,True,synthetic_scenario_generator,26006
2020-02-07,IND_PAR,1.3,1.95,1.0,True,synthetic_scenario_generator,26006
2020-02-08,IND_PAR,0.99,1.64,1.0,True,synthetic_scenario_generator,26006
2020-02-09,IND_PAR,0.64,1.29,1.0,True,synthetic_scenario_generator,26006
2020-02-10,IND_PAR,0.48,1.13,1.0,True,synthetic_scenario_generator,26006
2020-02-11,IND_PAR,0.46,1.11,1.0,True,synthetic_scenario_generator,26006
2020-02-12,IND_PAR,0.64,1.29,1.0,True,synthetic_scenario_generator,26006
2020-02-13,IND_PAR,0.76,1.41,1.0,True,synthetic_scenario_generator,26006
2020-02-14,IND_PAR,1.05,1.7,1.0,True,synthetic_scenario_generator,26006
2020-02-15,IND_PAR,1.31,1.96,1.0,True,synthetic_scenario_generator,26006
2020-02-16,IND_PAR,1.8,2.45,1.0,True,synthetic_scenario_generator,26006
2020-02-17,IND_PAR,1.83,2.48,1.0,True,synthetic_scenario_generator,26006
2020-02-18,IND_PAR,2.11,2.76,1.0,True,synthetic_scenario_generator,26006
2020-02-19,IND_PAR,1.84,2.49,1.0,True,synthetic_scenario_generator,26006
2020-02-20,IND_PAR,1.65,2.3,1.0,True,synthetic_scenario_generator,26006
2020-02-21,IND_PAR,1.55,2.2,1.0,True,synthetic_scenario_generator,26006
2020-02-22,IND_PAR,1.15,1.8,1.0,True,synthetic_scenario_generator,26006
2020-02-23,IND_PAR,0.84,1.49,1.0,True,synthetic_scenario_generator,26006
2020-02-24,IND_PAR,0.62,1.27,1.0,True,synthetic_scenario_generator,26006
2020-02-25,IND_PAR,0.52,1.17,1.0,True,synthetic_scenario_generator,26006
2020-02-26,IND_PAR,0.67,1.32,1.0,True,synthetic_scenario_generator,26006
2020-02-27,IND_PAR,0.54,1.19,1.0,True,synthetic_scenario_generator,26006
2020-02-28,IND_PAR,0.84,1.49,1.0,True,synthetic_scenario_generator,26006
2020-02-29,IND_PAR,1.12,1.77,1.0,True,synthetic_scenario_generator,26006
2020-03-01,IND_PAR,1.42,2.07,1.0,True,synthetic_scenario_generator,26006
2020-03-02,IND_PAR,1.82,2.47,1.0,True,synthetic_scenario_generator,26006
2020-03-03,IND_PAR,2.05,2.7,1.0,True,synthetic_scenario_generator,26006
2020-03-04,IND_PAR,2.22,2.87,1.0,True,synthetic_scenario_generator,26006
2020-03-05,IND_PAR,1.94,2.59,1.0,True,synthetic_scenario_generator,26006
2020-03-06,IND_PAR,1.8,2.45,1.0,True,synthetic_scenario_generator,26006
2020-03-07,IND_PAR,1.42,2.07,1.0,True,synthetic_scenario_generator,26006
2020-03-08,IND_PAR,1.14,1.79,1.0,True,synthetic_scenario_generator,26006
2020-03-09,IND_PAR,0.72,1.37,1.0,True,synthetic_scenario_generator,26006
2020-03-10,IND_PAR,0.6,1.25,1.0,True,synthetic_scenario_generator,26006
2020-03-11,IND_PAR,0.39,1.04,1.0,True,synthetic_scenario_generator,26006
2020-03-12,IND_PAR,0.53,1.18,1.0,True,synthetic_scenario_generator,26006
2020-03-13,IND_PAR,0.85,1.5,1.0,True,synthetic_scenario_generator,26006
2020-03-14,IND_PAR,0.95,1.6,1.0,True,synthetic_scenario_generator,26006
2020-03-15,IND_PAR,1.33,1.98,1.0,True,synthetic_scenario_generator,26006
2020-03-16,IND_PAR,1.76,2.41,1.0,True,synthetic_scenario_generator,26006
2020-03-17,IND_PAR,1.8,2.45,1.0,True,synthetic_scenario_generator,26006
2020-03-18,IND_PAR,2.0,2.65,1.0,True,synthetic_scenario_generator,26006
2020-03-19,IND_PAR,1.89,2.54,1.0,True,synthetic_scenario_generator,26006
2020-03-20,IND_PAR,2.04,2.69,1.0,True,synthetic_scenario_generator,26006
2020-03-21,IND_PAR,1.65,2.3,1.0,True,synthetic_scenario_generator,26006
2020-03-22,IND_PAR,1.35,2.0,1.0,True,synthetic_scenario_generator,26006
2020-03-23,IND_PAR,1.05,1.7,1.0,True,synthetic_scenario_generator,26006
2020-03-24,IND_PAR,0.74,1.39,1.0,True,synthetic_scenario_generator,26006
2020-03-25,IND_PAR,0.63,1.28,1.0,True,synthetic_scenario_generator,26006
2020-03-26,IND_PAR,0.71,1.36,1.0,True,synthetic_scenario_generator,26006
2020-03-27,IND_PAR,0.45,1.1,1.0,True,synthetic_scenario_generator,26006
2020-03-28,IND_PAR,0.78,1.43,1.0,True,synthetic_scenario_generator,26006
2020-03-29,IND_PAR,0.96,1.61,1.0,True,synthetic_scenario_generator,26006
2020-03-30,IND_PAR,1.29,1.94,1.0,True,synthetic_scenario_generator,26006
2020-03-31,IND_PAR,1.73,2.38,1.0,True,synthetic_scenario_generator,26006
2020-04-01,IND_PAR,1.86,2.51,1.0,True,synthetic_scenario_generator,26006
2020-04-02,IND_PAR,2.12,2.77,1.0,True,synthetic_scenario_generator,26006
2020-04-03,IND_PAR,1.96,2.61,1.0,True,synthetic_scenario_generator,26006
2020-04-04,IND_PAR,1.75,2.4,1.0,True,synthetic_scenario_generator,26006
2020-04-05,IND_PAR,1.59,2.24,1.0,True,synthetic_scenario_generator,26006
2020-04-06,IND_PAR,1.23,1.88,1.0,True,synthetic_scenario_generator,26006
2020-04-07,IND_PAR,1.04,1.69,1.0,True,synthetic_scenario_generator,26006
2020-04-08,IND_PAR,0.71,1.36,1.0,True,synthetic_scenario_generator,26006
2020-04-09,IND_PAR,0.52,1.17,1.0,True,synthetic_scenario_generator,26006
2020-04-10,IND_PAR,0.42,1.07,1.0,True,synthetic_scenario_generator,26006
2020-04-11,IND_PAR,0.66,1.31,1.0,True,synthetic_scenario_generator,26006
2020-04-12,IND_PAR,0.75,1.4,1.0,True,synthetic_scenario_generator,26006
2020-04-13,IND_PAR,1.15,1.8,1.0,True,synthetic_scenario_generator,26006
2020-04-14,IND_PAR,1.58,2.23,1.0,True,synthetic_scenario_generator,26006
2020-04-15,IND_PAR,1.52,2.17,1.0,True,synthetic_scenario_generator,26006
2020-04-16,IND_PAR,2.0,2.65,1.0,True,synthetic_scenario_generator,26006
2020-04-17,IND_PAR,2.18,2.83,1.0,True,synthetic_scenario_generator,26006
2020-04-18,IND_PAR,1.89,2.54,1.0,True,synthetic_scenario_generator,26006
2020-04-19,IND_PAR,1.77,2.42,1.0,True,synthetic_scenario_generator,26006
2020-04-20,IND_PAR,1.55,2.2,1.0,True,synthetic_scenario_generator,26006
2020-04-21,IND_PAR,1.24,1.89,1.0,True,synthetic_scenario_generator,26006
2020-04-22,IND_PAR,1.12,1.77,1.0,True,synthetic_scenario_generator,26006
2020-04-23,IND_PAR,0.71,1.36,1.0,True,synthetic_scenario_generator,26006
2020-04-24,IND_PAR,0.43,1.08,1.0,True,synthetic_scenario_generator,26006
2020-04-25,IND_PAR,0.53,1.18,1.0,True,synthetic_scenario_generator,26006
2020-04-26,IND_PAR,0.76,1.41,1.0,True,synthetic_scenario_generator,26006
2020-04-27,IND_PAR,0.98,1.63,1.0,True,synthetic_scenario_generator,26006
2020-04-28,IND_PAR,1.2,1.85,1.0,True,synthetic_scenario_generator,26006
2020-04-29,IND_PAR,1.54,2.19,1.0,True,synthetic_scenario_generator,26006
2020-04-30,IND_PAR,1.72,2.37,1.0,True,synthetic_scenario_generator,26006
2020-05-01,IND_PAR,1.91,2.56,1.0,True,synthetic_scenario_generator,26006
2020-05-02,IND_PAR,1.91,2.56,1.0,True,synthetic_scenario_generator,26006
2020-05-03,IND_PAR,1.85,2.5,1.0,True,synthetic_scenario_generator,26006
2020-05-04,IND_PAR,1.7,2.35,1.0,True,synthetic_scenario_generator,26006
2020-05-05,IND_PAR,1.41,2.06,1.0,True,synthetic_scenario_generator,26006
2020-05-06,IND_PAR,1.08,1.73,1.0,True,synthetic_scenario_generator,26006
2020-05-07,IND_PAR,0.88,1.53,1.0,True,synthetic_scenario_generator,26006
2020-05-08,IND_PAR,0.56,1.21,1.0,True,synthetic_scenario_generator,26006
2020-05-09,IND_PAR,0.51,1.16,1.0,True,synthetic_scenario_generator,26006
2020-05-10,IND_PAR,0.41,1.06,1.0,True,synthetic_scenario_generator,26006
2020-05-11,IND_PAR,0.81,1.46,1.0,True,synthetic_scenario_generator,26006
2020-05-12,IND_PAR,1.12,1.77,1.0,True,synthetic_scenario_generator,26006
2020-05-13,IND_PAR,1.18,1.83,1.0,True,synthetic_scenario_generator,26006
2020-05-14,IND_PAR,1.67,2.32,1.0,True,synthetic_scenario_generator,26006
2020-05-15,IND_PAR,1.87,2.52,1.0,True,synthetic_scenario_generator,26006
2020-05-16,IND_PAR,1.81,2.46,1.0,True,synthetic_scenario_generator,26006
2020-05-17,IND_PAR,1.87,2.52,1.0,True,synthetic_scenario_generator,26006
2020-05-18,IND_PAR,1.94,2.59,1.0,True,synthetic_scenario_generator,26006
2020-05-19,IND_PAR,1.58,2.23,1.0,True,synthetic_scenario_generator,26006
2020-05-20,IND_PAR,1.39,2.04,1.0,True,synthetic_scenario_generator,26006
2020-05-21,IND_PAR,0.9,1.55,1.0,True,synthetic_scenario_generator,26006
2020-05-22,IND_PAR,0.88,1.53,1.0,True,synthetic_scenario_generator,26006
2020-05-23,IND_PAR,0.41,1.06,1.0,True,synthetic_scenario_generator,26006
2020-05-24,IND_PAR,0.55,1.2,1.0,True,synthetic_scenario_generator,26006
2020-05-25,IND_PAR,0.61,1.26,1.0,True,synthetic_scenario_generator,26006
2020-05-26,IND_PAR,0.83,1.48,1.0,True,synthetic_scenario_generator,26006
2020-05-27,IND_PAR,1.05,1.7,1.0,True,synthetic_scenario_generator,26006
2020-05-28,IND_PAR,1.27,1.92,1.0,True,synthetic_scenario_generator,26006
2020-05-29,IND_PAR,1.74,2.39,1.0,True,synthetic_scenario_generator,26006
2020-05-30,IND_PAR,1.73,2.38,1.0,True,synthetic_scenario_generator,26006
2020-05-31,IND_PAR,2.02,2.67,1.0,True,synthetic_scenario_generator,26006
2020-06-01,IND_PAR,1.87,2.52,1.0,True,synthetic_scenario_generator,26006
2020-06-02,IND_PAR,2.01,2.66,1.0,True,synthetic_scenario_generator,26006
2020-06-03,IND_PAR,1.54,2.19,1.0,True,synthetic_scenario_generator,26006
2020-06-04,IND_PAR,1.3,1.95,1.0,True,synthetic_scenario_generator,26006
2020-06-05,IND_PAR,1.06,1.71,1.0,True,synthetic_scenario_generator,26006
2020-06-06,IND_PAR,0.74,1.39,1.0,True,synthetic_scenario_generator,26006
2020-06-07,IND_PAR,0.57,1.22,1.0,True,synthetic_scenario_generator,26006
2020-06-08,IND_PAR,0.58,1.23,1.0,True,synthetic_scenario_generator,26006
2020-06-09,IND_PAR,0.5,1.15,1.0,True,synthetic_scenario_generator,26006
2020-06-10,IND_PAR,1.0,1.65,1.0,True,synthetic_scenario_generator,26006
2020-06-11,IND_PAR,1.02,1.67,1.0,True,synthetic_scenario_generator,26006
2020-06-12,IND_PAR,1.37,2.02,1.0,True,synthetic_scenario_generator,26006
2020-06-13,IND_PAR,1.64,2.29,1.0,True,synthetic_scenario_generator,26006
2020-06-14,IND_PAR,1.83,2.48,1.0,True,synthetic_scenario_generator,26006
2020-06-15,IND_PAR,1.88,2.53,1.0,True,synthetic_scenario_generator,26006
2020-06-16,IND_PAR,2.03,2.68,1.0,True,synthetic_scenario_generator,26006
2020-06-17,IND_PAR,1.77,2.42,1.0,True,synthetic_scenario_generator,26006
2020-06-18,IND_PAR,1.69,2.34,1.0,True,synthetic_scenario_generator,26006
2020-06-19,IND_PAR,1.13,1.78,1.0,True,synthetic_scenario_generator,26006
2020-06-20,IND_PAR,0.9,1.55,1.0,True,synthetic_scenario_generator,26006
2020-06-21,IND_PAR,0.67,1.32,1.0,True,synthetic_scenario_generator,26006
2020-06-22,IND_PAR,0.65,1.3,1.0,True,synthetic_scenario_generator,26006
2020-06-23,IND_PAR,0.55,1.2,1.0,True,synthetic_scenario_generator,26006
2020-06-24,IND_PAR,0.66,1.31,1.0,True,synthetic_scenario_generator,26006
2020-06-25,IND_PAR,0.83,1.48,1.0,True,synthetic_scenario_generator,26006
2020-06-26,IND_PAR,1.08,1.73,1.0,True,synthetic_scenario_generator,26006
2020-06-27,IND_PAR,1.5,2.15,1.0,True,synthetic_scenario_generator,26006
2020-06-28,IND_PAR,1.77,2.42,1.0,True,synthetic_scenario_generator,26006
2020-06-29,IND_PAR,1.86,2.51,1.0,True,synthetic_scenario_generator,26006
2020-06-30,IND_PAR,2.11,2.76,1.0,True,synthetic_scenario_generator,26006
2020-07-01,IND_PAR,1.99,2.64,1.0,True,synthetic_scenario_generator,26006
2020-07-02,IND_PAR,1.78,2.43,1.0,True,synthetic_scenario_generator,26006
2020-07-03,IND_PAR,1.45,2.1,1.0,True,synthetic_scenario_generator,26006
2020-07-04,IND_PAR,1.18,1.83,1.0,True,synthetic_scenario_generator,26006
2020-07-05,IND_PAR,1.0,1.65,1.0,True,synthetic_scenario_generator,26006
2020-07-06,IND_PAR,0.58,1.23,1.0,True,synthetic_scenario_generator,26006
2020-07-07,IND_PAR,0.27,0.92,1.0,True,synthetic_scenario_generator,26006
2020-07-08,IND_PAR,0.73,1.38,1.0,True,synthetic_scenario_generator,26006
2020-07-09,IND_PAR,0.61,1.26,1.0,True,synthetic_scenario_generator,26006
2020-07-10,IND_PAR,0.99,1.64,1.0,True,synthetic_scenario_generator,26006
2020-07-11,IND_PAR,1.23,1.88,1.0,True,synthetic_scenario_generator,26006
2020-07-12,IND_PAR,1.58,2.23,1.0,True,synthetic_scenario_generator,26006
2020-07-13,IND_PAR,1.84,2.49,1.0,True,synthetic_scenario_generator,26006
2020-07-14,IND_PAR,1.87,2.52,1.0,True,synthetic_scenario_generator,26006
2020-07-15,IND_PAR,1.97,2.62,1.0,True,synthetic_scenario_generator,26006
2020-07-16,IND_PAR,1.83,2.48,1.0,True,synthetic_scenario_generator,26006
2020-07-17,IND_PAR,1.6,2.25,1.0,True,synthetic_scenario_generator,26006
2020-07-18,IND_PAR,1.38,2.03,1.0,True,synthetic_scenario_generator,26006
2020-07-19,IND_PAR,1.08,1.73,1.0,True,synthetic_scenario_generator,26006
2020-07-20,IND_PAR,0.71,1.36,1.0,True,synthetic_scenario_generator,26006
2020-07-21,IND_PAR,0.54,1.19,1.0,True,synthetic_scenario_generator,26006
2020-07-22,IND_PAR,0.46,1.11,1.0,True,synthetic_scenario_generator,26006
2020-07-23,IND_PAR,0.58,1.23,1.0,True,synthetic_scenario_generator,26006
2020-07-24,IND_PAR,0.72,1.37,1.0,True,synthetic_scenario_generator,26006
2020-07-25,IND_PAR,1.06,1.71,1.0,True,synthetic_scenario_generator,26006
2020-07-26,IND_PAR,1.19,1.84,1.0,True,synthetic_scenario_generator,26006
2020-07-27,IND_PAR,1.7,2.35,1.0,True,synthetic_scenario_generator,26006
2020-07-28,IND_PAR,1.99,2.64,1.0,True,synthetic_scenario_generator,26006
2020-07-29,IND_PAR,1.91,2.56,1.0,True,synthetic_scenario_generator,26006
2020-07-30,IND_PAR,1.94,2.59,1.0,True,synthetic_scenario_generator,26006
2020-07-31,IND_PAR,1.96,2.61,1.0,True,synthetic_scenario_generator,26006
2020-08-01,IND_PAR,1.7,2.35,1.0,True,synthetic_scenario_generator,26006
2020-08-02,IND_PAR,1.35,2.0,1.0,True,synthetic_scenario_generator,26006
2020-08-03,IND_PAR,0.97,1.62,1.0,True,synthetic_scenario_generator,26006
2020-08-04,IND_PAR,0.83,1.48,1.0,True,synthetic_scenario_generator,26006
2020-08-05,IND_PAR,0.48,1.13,1.0,True,synthetic_scenario_generator,26006
2020-08-06,IND_PAR,0.45,1.1,1.0,True,synthetic_scenario_generator,26006
2020-08-07,IND_PAR,0.45,1.1,1.0,True,synthetic_scenario_generator,26006
2020-08-08,IND_PAR,0.78,1.43,1.0,True,synthetic_scenario_generator,26006
2020-08-09,IND_PAR,0.96,1.61,1.0,True,synthetic_scenario_generator,26006
2020-08-10,IND_PAR,1.46,2.11,1.0,True,synthetic_scenario_generator,26006
2020-08-11,IND_PAR,1.71,2.36,1.0,True,synthetic_scenario_generator,26006
2020-08-12,IND_PAR,1.8,2.45,1.0,True,synthetic_scenario_generator,26006
2020-08-13,IND_PAR,1.95,2.6,1.0,True,synthetic_scenario_generator,26006
2020-08-14,IND_PAR,1.91,2.56,1.0,True,synthetic_scenario_generator,26006
2020-08-15,IND_PAR,1.81,2.46,1.0,True,synthetic_scenario_generator,26006
2020-08-16,IND_PAR,1.55,2.2,1.0,True,synthetic_scenario_generator,26006
2020-08-17,IND_PAR,1.22,1.87,1.0,True,synthetic_scenario_generator,26006
2020-08-18,IND_PAR,0.87,1.52,1.0,True,synthetic_scenario_generator,26006
2020-08-19,IND_PAR,0.71,1.36,1.0,True,synthetic_scenario_generator,26006
2020-08-20,IND_PAR,0.46,1.11,1.0,True,synthetic_scenario_generator,26006
2020-08-21,IND_PAR,0.43,1.08,1.0,True,synthetic_scenario_generator,26006
2020-08-22,IND_PAR,0.66,1.31,1.0,True,synthetic_scenario_generator,26006
2020-08-23,IND_PAR,0.75,1.4,1.0,True,synthetic_scenario_generator,26006
2020-08-24,IND_PAR,1.15,1.8,1.0,True,synthetic_scenario_generator,26006
2020-08-25,IND_PAR,1.44,2.09,1.0,True,synthetic_scenario_generator,26006
2020-08-26,IND_PAR,1.83,2.48,1.0,True,synthetic_scenario_generator,26006
2020-08-27,IND_PAR,1.81,2.46,1.0,True,synthetic_scenario_generator,26006
2020-08-28,IND_PAR,1.98,2.63,1.0,True,synthetic_scenario_generator,26006
2020-08-29,IND_PAR,2.02,2.67,1.0,True,synthetic_scenario_generator,26006
2020-08-30,IND_PAR,1.79,2.44,1.0,True,synthetic_scenario_generator,26006
2020-08-31,IND_PAR,1.48,2.13,1.0,True,synthetic_scenario_generator,26006
2020-09-01,IND_PAR,1.2,1.85,1.0,True,synthetic_scenario_generator,26006
2020-09-02,IND_PAR,1.06,1.71,1.0,True,synthetic_scenario_generator,26006
2020-09-03,IND_PAR,0.61,1.26,1.0,True,synthetic_scenario_generator,26006
2020-09-04,IND_PAR,0.42,1.07,1.0,True,synthetic_scenario_generator,26006
2020-09-05,IND_PAR,0.42,1.07,1.0,True,synthetic_scenario_generator,26006
2020-09-06,IND_PAR,0.51,1.16,1.0,True,synthetic_scenario_generator,26006
2020-09-07,IND_PAR,0.93,1.58,1.0,True,synthetic_scenario_generator,26006
2020-09-08,IND_PAR,1.1,1.75,1.0,True,synthetic_scenario_generator,26006
2020-09-09,IND_PAR,1.48,2.13,1.0,True,synthetic_scenario_generator,26006
2020-09-10,IND_PAR,1.83,2.48,1.0,True,synthetic_scenario_generator,26006
2020-09-11,IND_PAR,1.93,2.58,1.0,True,synthetic_scenario_generator,26006
2020-09-12,IND_PAR,2.06,2.71,1.0,True,synthetic_scenario_generator,26006
2020-09-13,IND_PAR,1.87,2.52,1.0,True,synthetic_scenario_generator,26006
2020-09-14,IND_PAR,1.5,2.15,1.0,True,synthetic_scenario_generator,26006
2020-09-15,IND_PAR,1.37,2.02,1.0,True,synthetic_scenario_generator,26006
2020-09-16,IND_PAR,1.17,1.82,1.0,True,synthetic_scenario_generator,26006
2020-09-17,IND_PAR,0.75,1.4,1.0,True,synthetic_scenario_generator,26006
2020-09-18,IND_PAR,0.57,1.22,1.0,True,synthetic_scenario_generator,26006
2020-09-19,IND_PAR,0.43,1.08,1.0,True,synthetic_scenario_generator,26006
2020-09-20,IND_PAR,0.48,1.13,1.0,True,synthetic_scenario_generator,26006
2020-09-21,IND_PAR,0.64,1.29,1.0,True,synthetic_scenario_generator,26006
2020-09-22,IND_PAR,0.96,1.61,1.0,True,synthetic_scenario_generator,26006
2020-09-23,IND_PAR,1.22,1.87,1.0,True,synthetic_scenario_generator,26006
2020-09-24,IND_PAR,1.63,2.28,1.0,True,synthetic_scenario_generator,26006
2020-09-25,IND_PAR,1.9,2.55,1.0,True,synthetic_scenario_generator,26006
2020-09-26,IND_PAR,1.94,2.59,1.0,True,synthetic_scenario_generator,26006
2020-09-27,IND_PAR,1.98,2.63,1.0,True,synthetic_scenario_generator,26006
2020-09-28,IND_PAR,1.96,2.61,1.0,True,synthetic_scenario_generator,26006
2020-09-29,IND_PAR,1.52,2.17,1.0,True,synthetic_scenario_generator,26006
2020-09-30,IND_PAR,1.47,2.12,1.0,True,synthetic_scenario_generator,26006
2020-10-01,IND_PAR,1.04,1.69,1.0,True,synthetic_scenario_generator,26006
2020-10-02,IND_PAR,0.68,1.33,1.0,True,synthetic_scenario_generator,26006
2020-10-03,IND_PAR,0.57,1.22,1.0,True,synthetic_scenario_generator,26006
2020-10-04,IND_PAR,0.78,1.43,1.0,True,synthetic_scenario_generator,26006
2020-10-05,IND_PAR,0.58,1.23,1.0,True,synthetic_scenario_generator,26006
2020-10-06,IND_PAR,0.78,1.43,1.0,True,synthetic_scenario_generator,26006
2020-10-07,IND_PAR,1.09,1.74,1.0,True,synthetic_scenario_generator,26006
2020-10-08,IND_PAR,1.53,2.18,1.0,True,synthetic_scenario_generator,26006
2020-10-09,IND_PAR,1.68,2.33,1.0,True,synthetic_scenario_generator,26006
2020-10-10,IND_PAR,1.89,2.54,1.0,True,synthetic_scenario_generator,26006
2020-10-11,IND_PAR,1.82,2.47,1.0,True,synthetic_scenario_generator,26006
2020-10-12,IND_PAR,2.14,2.79,1.0,True,synthetic_scenario_generator,26006
2020-10-13,IND_PAR,1.94,2.59,1.0,True,synthetic_scenario_generator,26006
2020-10-14,IND_PAR,1.51,2.16,1.0,True,synthetic_scenario_generator,26006
2020-10-15,IND_PAR,1.3,1.95,1.0,True,synthetic_scenario_generator,26006
2020-10-16,IND_PAR,0.92,1.57,1.0,True,synthetic_scenario_generator,26006
2020-10-17,IND_PAR,0.72,1.37,1.0,True,synthetic_scenario_generator,26006
2020-10-18,IND_PAR,0.56,1.21,1.0,True,synthetic_scenario_generator,26006
2020-10-19,IND_PAR,0.4,1.05,1.0,True,synthetic_scenario_generator,26006
2020-10-20,IND_PAR,0.57,1.22,1.0,True,synthetic_scenario_generator,26006
2020-10-21,IND_PAR,0.71,1.36,1.0,True,synthetic_scenario_generator,26006
2020-10-22,IND_PAR,1.21,1.86,1.0,True,synthetic_scenario_generator,26006
2020-10-23,IND_PAR,1.47,2.12,1.0,True,synthetic_scenario_generator,26006
2020-10-24,IND_PAR,1.67,2.32,1.0,True,synthetic_scenario_generator,26006
2020-10-25,IND_PAR,1.75,2.4,1.0,True,synthetic_scenario_generator,26006
2020-10-26,IND_PAR,1.98,2.63,1.0,True,synthetic_scenario_generator,26006
2020-10-27,IND_PAR,1.97,2.62,1.0,True,synthetic_scenario_generator,26006
2020-10-28,IND_PAR,1.73,2.38,1.0,True,synthetic_scenario_generator,26006
2020-10-29,IND_PAR,1.35,2.0,1.0,True,synthetic_scenario_generator,26006
2020-10-30,IND_PAR,1.09,1.74,1.0,True,synthetic_scenario_generator,26006
2020-10-31,IND_PAR,0.81,1.46,1.0,True,synthetic_scenario_generator,26006
2020-11-01,IND_PAR,0.59,1.24,1.0,True,synthetic_scenario_generator,26006
2020-11-02,IND_PAR,0.51,1.16,1.0,True,synthetic_scenario_generator,26006
2020-11-03,IND_PAR,0.7,1.35,1.0,True,synthetic_scenario_generator,26006
2020-11-04,IND_PAR,0.67,1.32,1.0,True,synthetic_scenario_generator,26006
2020-11-05,IND_PAR,0.99,1.64,1.0,True,synthetic_scenario_generator,26006
2020-11-06,IND_PAR,1.18,1.83,1.0,True,synthetic_scenario_generator,26006
2020-11-07,IND_PAR,1.55,2.2,1.0,True,synthetic_scenario_generator,26006
2020-11-08,IND_PAR,1.8,2.45,1.0,True,synthetic_scenario_generator,26006
2020-11-09,IND_PAR,2.08,2.73,1.0,True,synthetic_scenario_generator,26006
2020-11-10,IND_PAR,2.08,2.73,1.0,True,synthetic_scenario_generator,26006
2020-11-11,IND_PAR,1.88,2.53,1.0,True,synthetic_scenario_generator,26006
2020-11-12,IND_PAR,1.62,2.27,1.0,True,synthetic_scenario_generator,26006
2020-11-13,IND_PAR,1.36,2.01,1.0,True,synthetic_scenario_generator,26006
2020-11-14,IND_PAR,1.18,1.83,1.0,True,synthetic_scenario_generator,26006
2020-11-15,IND_PAR,0.92,1.57,1.0,True,synthetic_scenario_generator,26006
2020-11-16,IND_PAR,0.75,1.4,1.0,True,synthetic_scenario_generator,26006
2020-11-17,IND_PAR,0.48,1.13,1.0,True,synthetic_scenario_generator,26006
2020-11-18,IND_PAR,0.56,1.21,1.0,True,synthetic_scenario_generator,26006
2020-11-19,IND_PAR,0.6,1.25,1.0,True,synthetic_scenario_generator,26006
2020-11-20,IND_PAR,0.88,1.53,1.0,True,synthetic_scenario_generator,26006
2020-11-21,IND_PAR,1.17,1.82,1.0,True,synthetic_scenario_generator,26006
2020-11-22,IND_PAR,1.56,2.21,1.0,True,synthetic_scenario_generator,26006
2020-11-23,IND_PAR,1.91,2.56,1.0,True,synthetic_scenario_generator,26006
2020-11-24,IND_PAR,2.01,2.66,1.0,True,synthetic_scenario_generator,26006
2020-11-25,IND_PAR,2.0,2.65,1.0,True,synthetic_scenario_generator,26006
2020-11-26,IND_PAR,1.65,2.3,1.0,True,synthetic_scenario_generator,26006
2020-11-27,IND_PAR,1.63,2.28,1.0,True,synthetic_scenario_generator,26006
2020-11-28,IND_PAR,1.41,2.06,1.0,True,synthetic_scenario_generator,26006
2020-11-29,IND_PAR,1.17,1.82,1.0,True,synthetic_scenario_generator,26006
2020-11-30,IND_PAR,0.75,1.4,1.0,True,synthetic_scenario_generator,26006
2020-12-01,IND_PAR,0.4,1.05,1.0,True,synthetic_scenario_generator,26006
2020-12-02,IND_PAR,0.49,1.14,1.0,True,synthetic_scenario_generator,26006
2020-12-03,IND_PAR,0.41,1.06,1.0,True,synthetic_scenario_generator,26006
2020-12-04,IND_PAR,0.68,1.33,1.0,True,synthetic_scenario_generator,26006
2020-12-05,IND_PAR,0.92,1.57,1.0,True,synthetic_scenario_generator,26006
2020-12-06,IND_PAR,1.43,2.08,1.0,True,synthetic_scenario_generator,26006
2020-12-07,IND_PAR,1.81,2.46,1.0,True,synthetic_scenario_generator,26006
2020-12-08,IND_PAR,1.89,2.54,1.0,True,synthetic_scenario_generator,26006
2020-12-09,IND_PAR,2.03,2.68,1.0,True,synthetic_scenario_generator,26006
2020-12-10,IND_PAR,1.95,2.6,1.0,True,synthetic_scenario_generator,26006
2020-12-11,IND_PAR,1.84,2.49,1.0,True,synthetic_scenario_generator,26006
2020-12-12,IND_PAR,1.64,2.29,1.0,True,synthetic_scenario_generator,26006
2020-12-13,IND_PAR,1.36,2.01,1.0,True,synthetic_scenario_generator,26006
2020-12-14,IND_PAR,1.1,1.75,1.0,True,synthetic_scenario_generator,26006
2020-12-15,IND_PAR,0.68,1.33,1.0,True,synthetic_scenario_generator,26006
2020-12-16,IND_PAR,0.67,1.32,1.0,True,synthetic_scenario_generator,26006
2020-12-17,IND_PAR,0.66,1.31,1.0,True,synthetic_scenario_generator,26006
2020-12-18,IND_PAR,0.39,1.04,1.0,True,synthetic_scenario_generator,26006
2020-12-19,IND_PAR,0.85,1.5,1.0,True,synthetic_scenario_generator,26006
2020-12-20,IND_PAR,1.09,1.74,1.0,True,synthetic_scenario_generator,26006
2020-12-21,IND_PAR,1.31,1.96,1.0,True,synthetic_scenario_generator,26006
2020-12-22,IND_PAR,1.53,2.18,1.0,True,synthetic_scenario_generator,26006
2020-12-23,IND_PAR,1.85,2.5,1.0,True,synthetic_scenario_generator,26006
2020-12-24,IND_PAR,2.18,2.83,1.0,True,synthetic_scenario_generator,26006
2020-12-25,IND_PAR,1.92,2.57,1.0,True,synthetic_scenario_generator,26006
2020-12-26,IND_PAR,1.87,2.52,1.0,True,synthetic_scenario_generator,26006
2020-12-27,IND_PAR,1.51,2.16,1.0,True,synthetic_scenario_generator,26006
2020-12-28,IND_PAR,1.23,1.88,1.0,True,synthetic_scenario_generator,26006
2020-12-29,IND_PAR,0.72,1.37,1.0,True,synthetic_scenario_generator,26006
2020-12-30,IND_PAR,0.6,1.25,1.0,True,synthetic_scenario_generator,26006
2020-12-31,IND_PAR,0.56,1.21,1.0,True,synthetic_scenario_generator,26006
2021-01-01,IND_PAR,0.4,1.05,1.0,True,synthetic_scenario_generator,26006
2021-01-02,IND_PAR,0.58,1.23,1.0,True,synthetic_scenario_generator,26006
2021-01-03,IND_PAR,0.94,1.59,1.0,True,synthetic_scenario_generator,26006
2021-01-04,IND_PAR,1.12,1.77,1.0,True,synthetic_scenario_generator,26006
2021-01-05,IND_PAR,1.42,2.07,1.0,True,synthetic_scenario_generator,26006
2021-01-06,IND_PAR,1.84,2.49,1.0,True,synthetic_scenario_generator,26006
2021-01-07,IND_PAR,2.09,2.74,1.0,True,synthetic_scenario_generator,26006
2021-01-08,IND_PAR,1.87,2.52,1.0,True,synthetic_scenario_generator,26006
2021-01-09,IND_PAR,1.93,2.58,1.0,True,synthetic_scenario_generator,26006
2021-01-10,IND_PAR,1.66,2.31,1.0,True,synthetic_scenario_generator,26006
2021-01-11,IND_PAR,1.45,2.1,1.0,True,synthetic_scenario_generator,26006
2021-01-12,IND_PAR,1.13,1.78,1.0,True,synthetic_scenario_generator,26006
2021-01-13,IND_PAR,0.71,1.36,1.0,True,synthetic_scenario_generator,26006
2021-01-14,IND_PAR,0.57,1.22,1.0,True,synthetic_scenario_generator,26006
2021-01-15,IND_PAR,0.52,1.17,1.0,True,synthetic_scenario_generator,26006
2021-01-16,IND_PAR,0.56,1.21,1.0,True,synthetic_scenario_generator,26006
2021-01-17,IND_PAR,0.78,1.43,1.0,True,synthetic_scenario_generator,26006
2021-01-18,IND_PAR,1.02,1.67,1.0,True,synthetic_scenario_generator,26006
2021-01-19,IND_PAR,1.23,1.88,1.0,True,synthetic_scenario_generator,26006
2021-01-20,IND_PAR,1.37,2.02,1.0,True,synthetic_scenario_generator,26006
2021-01-21,IND_PAR,1.8,2.45,1.0,True,synthetic_scenario_generator,26006
2021-01-22,IND_PAR,1.89,2.54,1.0,True,synthetic_scenario_generator,26006
2021-01-23,IND_PAR,2.03,2.68,1.0,True,synthetic_scenario_generator,26006
2021-01-24,IND_PAR,1.86,2.51,1.0,True,synthetic_scenario_generator,26006
2021-01-25,IND_PAR,1.49,2.14,1.0,True,synthetic_scenario_generator,26006
2021-01-26,IND_PAR,1.56,2.21,1.0,True,synthetic_scenario_generator,26006
2021-01-27,IND_PAR,1.09,1.74,1.0,True,synthetic_scenario_generator,26006
2021-01-28,IND_PAR,0.68,1.33,1.0,True,synthetic_scenario_generator,26006
2021-01-29,IND_PAR,0.73,1.38,1.0,True,synthetic_scenario_generator,26006
2021-01-30,IND_PAR,0.5,1.15,1.0,True,synthetic_scenario_generator,26006
2021-01-31,IND_PAR,0.66,1.31,1.0,True,synthetic_scenario_generator,26006
2021-02-01,IND_PAR,0.69,1.34,1.0,True,synthetic_scenario_generator,26006
2021-02-02,IND_PAR,1.03,1.68,1.0,True,synthetic_scenario_generator,26006
2021-02-03,IND_PAR,1.42,2.07,1.0,True,synthetic_scenario_generator,26006
2021-02-04,IND_PAR,1.6,2.25,1.0,True,synthetic_scenario_generator,26006
2021-02-05,IND_PAR,1.97,2.62,1.0,True,synthetic_scenario_generator,26006
2021-02-06,IND_PAR,1.94,2.59,1.0,True,synthetic_scenario_generator,26006
2021-02-07,IND_PAR,2.04,2.69,1.0,True,synthetic_scenario_generator,26006
2021-02-08,IND_PAR,1.64,2.29,1.0,True,synthetic_scenario_generator,26006
2021-02-09,IND_PAR,1.59,2.24,1.0,True,synthetic_scenario_generator,26006
2021-02-10,IND_PAR,1.18,1.83,1.0,True,synthetic_scenario_generator,26006
2021-02-11,IND_PAR,1.17,1.82,1.0,True,synthetic_scenario_generator,26006
2021-02-12,IND_PAR,0.86,1.51,1.0,True,synthetic_scenario_generator,26006
2021-02-13,IND_PAR,0.59,1.24,1.0,True,synthetic_scenario_generator,26006
2021-02-14,IND_PAR,0.36,1.01,1.0,True,synthetic_scenario_generator,26006
2021-02-15,IND_PAR,0.58,1.23,1.0,True,synthetic_scenario_generator,26006
2021-02-16,IND_PAR,0.77,1.42,1.0,True,synthetic_scenario_generator,26006
2021-02-17,IND_PAR,1.03,1.68,1.0,True,synthetic_scenario_generator,26006
2021-02-18,IND_PAR,1.49,2.14,1.0,True,synthetic_scenario_generator,26006
2021-02-19,IND_PAR,1.68,2.33,1.0,True,synthetic_scenario_generator,26006
2021-02-20,IND_PAR,1.73,2.38,1.0,True,synthetic_scenario_generator,26006
2021-02-21,IND_PAR,1.91,2.56,1.0,True,synthetic_scenario_generator,26006
2021-02-22,IND_PAR,2.05,2.7,1.0,True,synthetic_scenario_generator,26006
2021-02-23,IND_PAR,1.89,2.54,1.0,True,synthetic_scenario_generator,26006
2021-02-24,IND_PAR,1.49,2.14,1.0,True,synthetic_scenario_generator,26006
2021-02-25,IND_PAR,1.25,1.9,1.0,True,synthetic_scenario_generator,26006
2021-02-26,IND_PAR,0.82,1.47,1.0,True,synthetic_scenario_generator,26006
2021-02-27,IND_PAR,0.75,1.4,1.0,True,synthetic_scenario_generator,26006
2021-02-28,IND_PAR,0.64,1.29,1.0,True,synthetic_scenario_generator,26006
2021-03-01,IND_PAR,0.55,1.2,1.0,True,synthetic_scenario_generator,26006
2021-03-02,IND_PAR,0.69,1.34,1.0,True,synthetic_scenario_generator,26006
2021-03-03,IND_PAR,0.77,1.42,1.0,True,synthetic_scenario_generator,26006
2021-03-04,IND_PAR,1.16,1.81,1.0,True,synthetic_scenario_generator,26006
2021-03-05,IND_PAR,1.36,2.01,1.0,True,synthetic_scenario_generator,26006
2021-03-06,IND_PAR,1.78,2.43,1.0,True,synthetic_scenario_generator,26006
2021-03-07,IND_PAR,1.89,2.54,1.0,True,synthetic_scenario_generator,26006
2021-03-08,IND_PAR,2.05,2.7,1.0,True,synthetic_scenario_generator,26006
2021-03-09,IND_PAR,2.03,2.68,1.0,True,synthetic_scenario_generator,26006
2021-03-10,IND_PAR,1.8,2.45,1.0,True,synthetic_scenario_generator,26006
2021-03-11,IND_PAR,1.51,2.16,1.0,True,synthetic_scenario_generator,26006
2021-03-12,IND_PAR,1.12,1.77,1.0,True,synthetic_scenario_generator,26006
2021-03-13,IND_PAR,0.89,1.54,1.0,True,synthetic_scenario_generator,26006
2021-03-14,IND_PAR,0.62,1.27,1.0,True,synthetic_scenario_generator,26006
2021-03-15,IND_PAR,0.58,1.23,1.0,True,synthetic_scenario_generator,26006
2021-03-16,IND_PAR,0.38,1.03,1.0,True,synthetic_scenario_generator,26006
2021-03-17,IND_PAR,0.66,1.31,1.0,True,synthetic_scenario_generator,26006
2021-03-18,IND_PAR,1.0,1.65,1.0,True,synthetic_scenario_generator,26006
2021-03-19,IND_PAR,1.21,1.86,1.0,True,synthetic_scenario_generator,26006
2021-03-20,IND_PAR,1.48,2.13,1.0,True,synthetic_scenario_generator,26006
2021-03-21,IND_PAR,1.83,2.48,1.0,True,synthetic_scenario_generator,26006
2021-03-22,IND_PAR,1.92,2.57,1.0,True,synthetic_scenario_generator,26006
2021-03-23,IND_PAR,1.83,2.48,1.0,True,synthetic_scenario_generator,26006
2021-03-24,IND_PAR,1.95,2.6,1.0,True,synthetic_scenario_generator,26006
2021-03-25,IND_PAR,1.77,2.42,1.0,True,synthetic_scenario_generator,26006
2021-03-26,IND_PAR,1.37,2.02,1.0,True,synthetic_scenario_generator,26006
2021-03-27,IND_PAR,1.02,1.67,1.0,True,synthetic_scenario_generator,26006
2021-03-28,IND_PAR,0.87,1.52,1.0,True,synthetic_scenario_generator,26006
2021-03-29,IND_PAR,0.52,1.17,1.0,True,synthetic_scenario_generator,26006
2021-03-30,IND_PAR,0.68,1.33,1.0,True,synthetic_scenario_generator,26006
2021-03-31,IND_PAR,0.67,1.32,1.0,True,synthetic_scenario_generator,26006
2021-04-01,IND_PAR,0.65,1.3,1.0,True,synthetic_scenario_generator,26006
2021-04-02,IND_PAR,0.97,1.62,1.0,True,synthetic_scenario_generator,26006
2021-04-03,IND_PAR,1.31,1.96,1.0,True,synthetic_scenario_generator,26006
2021-04-04,IND_PAR,1.51,2.16,1.0,True,synthetic_scenario_generator,26006
2021-04-05,IND_PAR,1.8,2.45,1.0,True,synthetic_scenario_generator,26006
2021-04-06,IND_PAR,1.79,2.44,1.0,True,synthetic_scenario_generator,26006
2021-04-07,IND_PAR,1.83,2.48,1.0,True,synthetic_scenario_generator,26006
2021-04-08,IND_PAR,1.94,2.59,1.0,True,synthetic_scenario_generator,26006
2021-04-09,IND_PAR,1.66,2.31,1.0,True,synthetic_scenario_generator,26006
2021-04-10,IND_PAR,1.4,2.05,1.0,True,synthetic_scenario_generator,26006
2021-04-11,IND_PAR,1.0,1.65,1.0,True,synthetic_scenario_generator,26006
2021-04-12,IND_PAR,0.78,1.43,1.0,True,synthetic_scenario_generator,26006
2021-04-13,IND_PAR,0.57,1.22,1.0,True,synthetic_scenario_generator,26006
2021-04-14,IND_PAR,0.51,1.16,1.0,True,synthetic_scenario_generator,26006
2021-04-15,IND_PAR,0.64,1.29,1.0,True,synthetic_scenario_generator,26006
2021-04-16,IND_PAR,0.79,1.44,1.0,True,synthetic_scenario_generator,26006
2021-04-17,IND_PAR,1.02,1.67,1.0,True,synthetic_scenario_generator,26006
2021-04-18,IND_PAR,1.34,1.99,1.0,True,synthetic_scenario_generator,26006
2021-04-19,IND_PAR,1.56,2.21,1.0,True,synthetic_scenario_generator,26006
2021-04-20,IND_PAR,1.9,2.55,1.0,True,synthetic_scenario_generator,26006
2021-04-21,IND_PAR,2.16,2.81,1.0,True,synthetic_scenario_generator,26006
2021-04-22,IND_PAR,1.8,2.45,1.0,True,synthetic_scenario_generator,26006
2021-04-23,IND_PAR,1.85,2.5,1.0,True,synthetic_scenario_generator,26006
2021-04-24,IND_PAR,1.42,2.07,1.0,True,synthetic_scenario_generator,26006
2021-04-25,IND_PAR,1.35,2.0,1.0,True,synthetic_scenario_generator,26006
2021-04-26,IND_PAR,0.98,1.63,1.0,True,synthetic_scenario_generator,26006
2021-04-27,IND_PAR,0.56,1.21,1.0,True,synthetic_scenario_generator,26006
2021-04-28,IND_PAR,0.62,1.27,1.0,True,synthetic_scenario_generator,26006
2021-04-29,IND_PAR,0.51,1.16,1.0,True,synthetic_scenario_generator,26006
2021-04-30,IND_PAR,0.55,1.2,1.0,True,synthetic_scenario_generator,26006
2021-05-01,IND_PAR,1.02,1.67,1.0,True,synthetic_scenario_generator,26006
2021-05-02,IND_PAR,1.1,1.75,1.0,True,synthetic_scenario_generator,26006
2021-05-03,IND_PAR,1.64,2.29,1.0,True,synthetic_scenario_generator,26006
2021-05-04,IND_PAR,1.85,2.5,1.0,True,synthetic_scenario_generator,26006
2021-05-05,IND_PAR,2.03,2.68,1.0,True,synthetic_scenario_generator,26006
2021-05-06,IND_PAR,2.07,2.72,1.0,True,synthetic_scenario_generator,26006
2021-05-07,IND_PAR,1.99,2.64,1.0,True,synthetic_scenario_generator,26006
2021-05-08,IND_PAR,1.78,2.43,1.0,True,synthetic_scenario_generator,26006
2021-05-09,IND_PAR,1.5,2.15,1.0,True,synthetic_scenario_generator,26006
2021-05-10,IND_PAR,1.22,1.87,1.0,True,synthetic_scenario_generator,26006
2021-05-11,IND_PAR,0.92,1.57,1.0,True,synthetic_scenario_generator,26006
2021-05-12,IND_PAR,0.55,1.2,1.0,True,synthetic_scenario_generator,26006
2021-05-13,IND_PAR,0.46,1.11,1.0,True,synthetic_scenario_generator,26006
2021-05-14,IND_PAR,0.57,1.22,1.0,True,synthetic_scenario_generator,26006
2021-05-15,IND_PAR,0.6,1.25,1.0,True,synthetic_scenario_generator,26006
2021-05-16,IND_PAR,0.89,1.54,1.0,True,synthetic_scenario_generator,26006
2021-05-17,IND_PAR,1.25,1.9,1.0,True,synthetic_scenario_generator,26006
2021-05-18,IND_PAR,1.46,2.11,1.0,True,synthetic_scenario_generator,26006
2021-05-19,IND_PAR,1.87,2.52,1.0,True,synthetic_scenario_generator,26006
2021-05-20,IND_PAR,1.84,2.49,1.0,True,synthetic_scenario_generator,26006
2021-05-21,IND_PAR,1.96,2.61,1.0,True,synthetic_scenario_generator,26006
2021-05-22,IND_PAR,1.9,2.55,1.0,True,synthetic_scenario_generator,26006
2021-05-23,IND_PAR,1.78,2.43,1.0,True,synthetic_scenario_generator,26006
2021-05-24,IND_PAR,1.25,1.9,1.0,True,synthetic_scenario_generator,26006
2021-05-25,IND_PAR,1.13,1.78,1.0,True,synthetic_scenario_generator,26006
2021-05-26,IND_PAR,0.93,1.58,1.0,True,synthetic_scenario_generator,26006
2021-05-27,IND_PAR,0.76,1.41,1.0,True,synthetic_scenario_generator,26006
2021-05-28,IND_PAR,0.38,1.03,1.0,True,synthetic_scenario_generator,26006
2021-05-29,IND_PAR,0.53,1.18,1.0,True,synthetic_scenario_generator,26006
2021-05-30,IND_PAR,0.76,1.41,1.0,True,synthetic_scenario_generator,26006
2021-05-31,IND_PAR,0.88,1.53,1.0,True,synthetic_scenario_generator,26006
2021-06-01,IND_PAR,1.26,1.91,1.0,True,synthetic_scenario_generator,26006
2021-06-02,IND_PAR,1.54,2.19,1.0,True,synthetic_scenario_generator,26006
2021-06-03,IND_PAR,1.8,2.45,1.0,True,synthetic_scenario_generator,26006
2021-06-04,IND_PAR,2.0,2.65,1.0,True,synthetic_scenario_generator,26006
2021-06-05,IND_PAR,2.02,2.67,1.0,True,synthetic_scenario_generator,26006
2021-06-06,IND_PAR,1.97,2.62,1.0,True,synthetic_scenario_generator,26006
2021-06-07,IND_PAR,1.63,2.28,1.0,True,synthetic_scenario_generator,26006
2021-06-08,IND_PAR,1.37,2.02,1.0,True,synthetic_scenario_generator,26006
2021-06-09,IND_PAR,1.07,1.72,1.0,True,synthetic_scenario_generator,26006
2021-06-10,IND_PAR,0.97,1.62,1.0,True,synthetic_scenario_generator,26006
2021-06-11,IND_PAR,0.55,1.2,1.0,True,synthetic_scenario_generator,26006
2021-06-12,IND_PAR,0.37,1.02,1.0,True,synthetic_scenario_generator,26006
2021-06-13,IND_PAR,0.62,1.27,1.0,True,synthetic_scenario_generator,26006
2021-06-14,IND_PAR,0.65,1.3,1.0,True,synthetic_scenario_generator,26006
2021-06-15,IND_PAR,0.93,1.58,1.0,True,synthetic_scenario_generator,26006
2021-06-16,IND_PAR,1.45,2.1,1.0,True,synthetic_scenario_generator,26006
2021-06-17,IND_PAR,1.71,2.36,1.0,True,synthetic_scenario_generator,26006
2021-06-18,IND_PAR,1.79,2.44,1.0,True,synthetic_scenario_generator,26006
2021-06-19,IND_PAR,1.89,2.54,1.0,True,synthetic_scenario_generator,26006
2021-06-20,IND_PAR,2.11,2.76,1.0,True,synthetic_scenario_generator,26006
2021-06-21,IND_PAR,1.88,2.53,1.0,True,synthetic_scenario_generator,26006
2021-06-22,IND_PAR,1.53,2.18,1.0,True,synthetic_scenario_generator,26006
2021-06-23,IND_PAR,1.34,1.99,1.0,True,synthetic_scenario_generator,26006
2021-06-24,IND_PAR,0.97,1.62,1.0,True,synthetic_scenario_generator,26006
2021-06-25,IND_PAR,0.81,1.46,1.0,True,synthetic_scenario_generator,26006
2021-06-26,IND_PAR,0.56,1.21,1.0,True,synthetic_scenario_generator,26006
2021-06-27,IND_PAR,0.59,1.24,1.0,True,synthetic_scenario_generator,26006
2021-06-28,IND_PAR,0.6,1.25,1.0,True,synthetic_scenario_generator,26006
2021-06-29,IND_PAR,0.86,1.51,1.0,True,synthetic_scenario_generator,26006
2021-06-30,IND_PAR,1.09,1.74,1.0,True,synthetic_scenario_generator,26006
2021-07-01,IND_PAR,1.43,2.08,1.0,True,synthetic_scenario_generator,26006
2021-07-02,IND_PAR,1.65,2.3,1.0,True,synthetic_scenario_generator,26006
2021-07-03,IND_PAR,1.85,2.5,1.0,True,synthetic_scenario_generator,26006
2021-07-04,IND_PAR,2.03,2.68,1.0,True,synthetic_scenario_generator,26006
2021-07-05,IND_PAR,2.07,2.72,1.0,True,synthetic_scenario_generator,26006
2021-07-06,IND_PAR,1.78,2.43,1.0,True,synthetic_scenario_generator,26006
2021-07-07,IND_PAR,1.68,2.33,1.0,True,synthetic_scenario_generator,26006
2021-07-08,IND_PAR,1.37,2.02,1.0,True,synthetic_scenario_generator,26006
2021-07-09,IND_PAR,0.82,1.47,1.0,True,synthetic_scenario_generator,26006
2021-07-10,IND_PAR,0.77,1.42,1.0,True,synthetic_scenario_generator,26006
2021-07-11,IND_PAR,0.43,1.08,1.0,True,synthetic_scenario_generator,26006
2021-07-12,IND_PAR,0.52,1.17,1.0,True,synthetic_scenario_generator,26006
2021-07-13,IND_PAR,0.52,1.17,1.0,True,synthetic_scenario_generator,26006
2021-07-14,IND_PAR,0.78,1.43,1.0,True,synthetic_scenario_generator,26006
2021-07-15,IND_PAR,1.05,1.7,1.0,True,synthetic_scenario_generator,26006
2021-07-16,IND_PAR,1.42,2.07,1.0,True,synthetic_scenario_generator,26006
2021-07-17,IND_PAR,1.8,2.45,1.0,True,synthetic_scenario_generator,26006
2021-07-18,IND_PAR,1.97,2.62,1.0,True,synthetic_scenario_generator,26006
2021-07-19,IND_PAR,1.96,2.61,1.0,True,synthetic_scenario_generator,26006
2021-07-20,IND_PAR,1.76,2.41,1.0,True,synthetic_scenario_generator,26006
2021-07-21,IND_PAR,1.59,2.24,1.0,True,synthetic_scenario_generator,26006
2021-07-22,IND_PAR,1.5,2.15,1.0,True,synthetic_scenario_generator,26006
2021-07-23,IND_PAR,1.22,1.87,1.0,True,synthetic_scenario_generator,26006
2021-07-24,IND_PAR,0.88,1.53,1.0,True,synthetic_scenario_generator,26006
2021-07-25,IND_PAR,0.5,1.15,1.0,True,synthetic_scenario_generator,26006
2021-07-26,IND_PAR,0.45,1.1,1.0,True,synthetic_scenario_generator,26006
2021-07-27,IND_PAR,0.61,1.26,1.0,True,synthetic_scenario_generator,26006
2021-07-28,IND_PAR,0.72,1.37,1.0,True,synthetic_scenario_generator,26006
2021-07-29,IND_PAR,1.07,1.72,1.0,True,synthetic_scenario_generator,26006
2021-07-30,IND_PAR,1.27,1.92,1.0,True,synthetic_scenario_generator,26006
2021-07-31,IND_PAR,1.58,2.23,1.0,True,synthetic_scenario_generator,26006
2021-08-01,IND_PAR,1.82,2.47,1.0,True,synthetic_scenario_generator,26006
2021-08-02,IND_PAR,2.13,2.78,1.0,True,synthetic_scenario_generator,26006
2021-08-03,IND_PAR,1.93,2.58,1.0,True,synthetic_scenario_generator,26006
2021-08-04,IND_PAR,1.79,2.44,1.0,True,synthetic_scenario_generator,26006
2021-08-05,IND_PAR,1.71,2.36,1.0,True,synthetic_scenario_generator,26006
2021-08-06,IND_PAR,1.42,2.07,1.0,True,synthetic_scenario_generator,26006
2021-08-07,IND_PAR,1.14,1.79,1.0,True,synthetic_scenario_generator,26006
2021-08-08,IND_PAR,0.74,1.39,1.0,True,synthetic_scenario_generator,26006
2021-08-09,IND_PAR,0.58,1.23,1.0,True,synthetic_scenario_generator,26006
2021-08-10,IND_PAR,0.44,1.09,1.0,True,synthetic_scenario_generator,26006
2021-08-11,IND_PAR,0.62,1.27,1.0,True,synthetic_scenario_generator,26006
2021-08-12,IND_PAR,0.63,1.28,1.0,True,synthetic_scenario_generator,26006
2021-08-13,IND_PAR,1.11,1.76,1.0,True,synthetic_scenario_generator,26006
2021-08-14,IND_PAR,1.28,1.93,1.0,True,synthetic_scenario_generator,26006
2021-08-15,IND_PAR,1.52,2.17,1.0,True,synthetic_scenario_generator,26006
2021-08-16,IND_PAR,1.91,2.56,1.0,True,synthetic_scenario_generator,26006
2021-08-17,IND_PAR,2.01,2.66,1.0,True,synthetic_scenario_generator,26006
2021-08-18,IND_PAR,1.98,2.63,1.0,True,synthetic_scenario_generator,26006
2021-08-19,IND_PAR,1.84,2.49,1.0,True,synthetic_scenario_generator,26006
2021-08-20,IND_PAR,1.45,2.1,1.0,True,synthetic_scenario_generator,26006
2021-08-21,IND_PAR,1.45,2.1,1.0,True,synthetic_scenario_generator,26006
2021-08-22,IND_PAR,0.76,1.41,1.0,True,synthetic_scenario_generator,26006
2021-08-23,IND_PAR,0.75,1.4,1.0,True,synthetic_scenario_generator,26006
2021-08-24,IND_PAR,0.41,1.06,1.0,True,synthetic_scenario_generator,26006
2021-08-25,IND_PAR,0.48,1.13,1.0,True,synthetic_scenario_generator,26006
2021-08-26,IND_PAR,0.74,1.39,1.0,True,synthetic_scenario_generator,26006
2021-08-27,IND_PAR,0.76,1.41,1.0,True,synthetic_scenario_generator,26006
2021-08-28,IND_PAR,1.07,1.72,1.0,True,synthetic_scenario_generator,26006
2021-08-29,IND_PAR,1.34,1.99,1.0,True,synthetic_scenario_generator,26006
2021-08-30,IND_PAR,1.85,2.5,1.0,True,synthetic_scenario_generator,26006
2021-08-31,IND_PAR,1.86,2.51,1.0,True,synthetic_scenario_generator,26006
2021-09-01,IND_PAR,1.94,2.59,1.0,True,synthetic_scenario_generator,26006
2021-09-02,IND_PAR,2.07,2.72,1.0,True,synthetic_scenario_generator,26006
2021-09-03,IND_PAR,1.88,2.53,1.0,True,synthetic_scenario_generator,26006
2021-09-04,IND_PAR,1.5,2.15,1.0,True,synthetic_scenario_generator,26006
2021-09-05,IND_PAR,1.22,1.87,1.0,True,synthetic_scenario_generator,26006
2021-09-06,IND_PAR,0.88,1.53,1.0,True,synthetic_scenario_generator,26006
2021-09-07,IND_PAR,0.73,1.38,1.0,True,synthetic_scenario_generator,26006
2021-09-08,IND_PAR,0.45,1.1,1.0,True,synthetic_scenario_generator,26006
2021-09-09,IND_PAR,0.45,1.1,1.0,True,synthetic_scenario_generator,26006
2021-09-10,IND_PAR,0.56,1.21,1.0,True,synthetic_scenario_generator,26006
2021-09-11,IND_PAR,0.83,1.48,1.0,True,synthetic_scenario_generator,26006
2021-09-12,IND_PAR,1.05,1.7,1.0,True,synthetic_scenario_generator,26006
2021-09-13,IND_PAR,1.55,2.2,1.0,True,synthetic_scenario_generator,26006
2021-09-14,IND_PAR,1.53,2.18,1.0,True,synthetic_scenario_generator,26006
2021-09-15,IND_PAR,1.85,2.5,1.0,True,synthetic_scenario_generator,26006
2021-09-16,IND_PAR,2.03,2.68,1.0,True,synthetic_scenario_generator,26006
2021-09-17,IND_PAR,1.85,2.5,1.0,True,synthetic_scenario_generator,26006
2021-09-18,IND_PAR,1.84,2.49,1.0,True,synthetic_scenario_generator,26006
2021-09-19,IND_PAR,1.42,2.07,1.0,True,synthetic_scenario_generator,26006
2021-09-20,IND_PAR,1.18,1.83,1.0,True,synthetic_scenario_generator,26006
2021-09-21,IND_PAR,1.01,1.66,1.0,True,synthetic_scenario_generator,26006
2021-09-22,IND_PAR,0.62,1.27,1.0,True,synthetic_scenario_generator,26006
2021-09-23,IND_PAR,0.56,1.21,1.0,True,synthetic_scenario_generator,26006
2021-09-24,IND_PAR,0.5,1.15,1.0,True,synthetic_scenario_generator,26006
2021-09-25,IND_PAR,0.61,1.26,1.0,True,synthetic_scenario_generator,26006
2021-09-26,IND_PAR,1.0,1.65,1.0,True,synthetic_scenario_generator,26006
2021-09-27,IND_PAR,1.16,1.81,1.0,True,synthetic_scenario_generator,26006
2021-09-28,IND_PAR,1.49,2.14,1.0,True,synthetic_scenario_generator,26006
2021-09-29,IND_PAR,1.72,2.37,1.0,True,synthetic_scenario_generator,26006
2021-09-30,IND_PAR,1.99,2.64,1.0,True,synthetic_scenario_generator,26006
2021-10-01,IND_PAR,1.88,2.53,1.0,True,synthetic_scenario_generator,26006
2021-10-02,IND_PAR,1.89,2.54,1.0,True,synthetic_scenario_generator,26006
2021-10-03,IND_PAR,1.59,2.24,1.0,True,synthetic_scenario_generator,26006
2021-10-04,IND_PAR,1.39,2.04,1.0,True,synthetic_scenario_generator,26006
2021-10-05,IND_PAR,0.97,1.62,1.0,True,synthetic_scenario_generator,26006
2021-10-06,IND_PAR,0.66,1.31,1.0,True,synthetic_scenario_generator,26006
2021-10-07,IND_PAR,0.64,1.29,1.0,True,synthetic_scenario_generator,26006
2021-10-08,IND_PAR,0.52,1.17,1.0,True,synthetic_scenario_generator,26006
2021-10-09,IND_PAR,0.47,1.12,1.0,True,synthetic_scenario_generator,26006
2021-10-10,IND_PAR,0.75,1.4,1.0,True,synthetic_scenario_generator,26006
2021-10-11,IND_PAR,1.05,1.7,1.0,True,synthetic_scenario_generator,26006
2021-10-12,IND_PAR,1.42,2.07,1.0,True,synthetic_scenario_generator,26006
2021-10-13,IND_PAR,1.7,2.35,1.0,True,synthetic_scenario_generator,26006
2021-10-14,IND_PAR,1.7,2.35,1.0,True,synthetic_scenario_generator,26006
2021-10-15,IND_PAR,1.9,2.55,1.0,True,synthetic_scenario_generator,26006
2021-10-16,IND_PAR,1.96,2.61,1.0,True,synthetic_scenario_generator,26006
2021-10-17,IND_PAR,1.8,2.45,1.0,True,synthetic_scenario_generator,26006
2021-10-18,IND_PAR,1.7,2.35,1.0,True,synthetic_scenario_generator,26006
2021-10-19,IND_PAR,1.44,2.09,1.0,True,synthetic_scenario_generator,26006
2021-10-20,IND_PAR,0.99,1.64,1.0,True,synthetic_scenario_generator,26006
2021-10-21,IND_PAR,0.66,1.31,1.0,True,synthetic_scenario_generator,26006
2021-10-22,IND_PAR,0.66,1.31,1.0,True,synthetic_scenario_generator,26006
2021-10-23,IND_PAR,0.48,1.13,1.0,True,synthetic_scenario_generator,26006
2021-10-24,IND_PAR,0.52,1.17,1.0,True,synthetic_scenario_generator,26006
2021-10-25,IND_PAR,0.9,1.55,1.0,True,synthetic_scenario_generator,26006
2021-10-26,IND_PAR,1.1,1.75,1.0,True,synthetic_scenario_generator,26006
2021-10-27,IND_PAR,1.35,2.0,1.0,True,synthetic_scenario_generator,26006
2021-10-28,IND_PAR,1.74,2.39,1.0,True,synthetic_scenario_generator,26006
2021-10-29,IND_PAR,1.89,2.54,1.0,True,synthetic_scenario_generator,26006
2021-10-30,IND_PAR,2.09,2.74,1.0,True,synthetic_scenario_generator,26006
2021-10-31,IND_PAR,2.06,2.71,1.0,True,synthetic_scenario_generator,26006
2021-11-01,IND_PAR,1.88,2.53,1.0,True,synthetic_scenario_generator,26006
2021-11-02,IND_PAR,1.48,2.13,1.0,True,synthetic_scenario_generator,26006
2021-11-03,IND_PAR,1.17,1.82,1.0,True,synthetic_scenario_generator,26006
2021-11-04,IND_PAR,1.05,1.7,1.0,True,synthetic_scenario_generator,26006
2021-11-05,IND_PAR,0.65,1.3,1.0,True,synthetic_scenario_generator,26006
2021-11-06,IND_PAR,0.47,1.12,1.0,True,synthetic_scenario_generator,26006
2021-11-07,IND_PAR,0.4,1.05,1.0,True,synthetic_scenario_generator,26006
2021-11-08,IND_PAR,0.67,1.32,1.0,True,synthetic_scenario_generator,26006
2021-11-09,IND_PAR,0.85,1.5,1.0,True,synthetic_scenario_generator,26006
2021-11-10,IND_PAR,1.06,1.71,1.0,True,synthetic_scenario_generator,26006
2021-11-11,IND_PAR,1.44,2.09,1.0,True,synthetic_scenario_generator,26006
2021-11-12,IND_PAR,1.6,2.25,1.0,True,synthetic_scenario_generator,26006
2021-11-13,IND_PAR,2.01,2.66,1.0,True,synthetic_scenario_generator,26006
2021-11-14,IND_PAR,1.82,2.47,1.0,True,synthetic_scenario_generator,26006
2021-11-15,IND_PAR,1.76,2.41,1.0,True,synthetic_scenario_generator,26006
2021-11-16,IND_PAR,1.91,2.56,1.0,True,synthetic_scenario_generator,26006
2021-11-17,IND_PAR,1.44,2.09,1.0,True,synthetic_scenario_generator,26006
2021-11-18,IND_PAR,1.27,1.92,1.0,True,synthetic_scenario_generator,26006
2021-11-19,IND_PAR,0.98,1.63,1.0,True,synthetic_scenario_generator,26006
2021-11-20,IND_PAR,0.62,1.27,1.0,True,synthetic_scenario_generator,26006
2021-11-21,IND_PAR,0.57,1.22,1.0,True,synthetic_scenario_generator,26006
2021-11-22,IND_PAR,0.49,1.14,1.0,True,synthetic_scenario_generator,26006
2021-11-23,IND_PAR,0.72,1.37,1.0,True,synthetic_scenario_generator,26006
2021-11-24,IND_PAR,0.98,1.63,1.0,True,synthetic_scenario_generator,26006
2021-11-25,IND_PAR,1.25,1.9,1.0,True,synthetic_scenario_generator,26006
2021-11-26,IND_PAR,1.33,1.98,1.0,True,synthetic_scenario_generator,26006
2021-11-27,IND_PAR,1.76,2.41,1.0,True,synthetic_scenario_generator,26006
2021-11-28,IND_PAR,1.76,2.41,1.0,True,synthetic_scenario_generator,26006
2021-11-29,IND_PAR,2.24,2.89,1.0,True,synthetic_scenario_generator,26006
2021-11-30,IND_PAR,1.96,2.61,1.0,True,synthetic_scenario_generator,26006
2021-12-01,IND_PAR,1.8,2.45,1.0,True,synthetic_scenario_generator,26006
2021-12-02,IND_PAR,1.28,1.93,1.0,True,synthetic_scenario_generator,26006
2021-12-03,IND_PAR,1.09,1.74,1.0,True,synthetic_scenario_generator,26006
2021-12-04,IND_PAR,0.63,1.28,1.0,True,synthetic_scenario_generator,26006
2021-12-05,IND_PAR,0.6,1.25,1.0,True,synthetic_scenario_generator,26006
2021-12-06,IND_PAR,0.7,1.35,1.0,True,synthetic_scenario_generator,26006
2021-12-07,IND_PAR,0.48,1.13,1.0,True,synthetic_scenario_generator,26006
2021-12-08,IND_PAR,0.72,1.37,1.0,True,synthetic_scenario_generator,26006
2021-12-09,IND_PAR,1.19,1.84,1.0,True,synthetic_scenario_generator,26006
2021-12-10,IND_PAR,1.24,1.89,1.0,True,synthetic_scenario_generator,26006
2021-12-11,IND_PAR,1.56,2.21,1.0,True,synthetic_scenario_generator,26006
2021-12-12,IND_PAR,1.78,2.43,1.0,True,synthetic_scenario_generator,26006
2021-12-13,IND_PAR,2.09,2.74,1.0,True,synthetic_scenario_generator,26006
2021-12-14,IND_PAR,1.96,2.61,1.0,True,synthetic_scenario_generator,26006
2021-12-15,IND_PAR,1.96,2.61,1.0,True,synthetic_scenario_generator,26006
2021-12-16,IND_PAR,1.71,2.36,1.0,True,synthetic_scenario_generator,26006
2021-12-17,IND_PAR,1.35,2.0,1.0,True,synthetic_scenario_generator,26006
2021-12-18,IND_PAR,1.1,1.75,1.0,True,synthetic_scenario_generator,26006
2021-12-19,IND_PAR,0.74,1.39,1.0,True,synthetic_scenario_generator,26006
2021-12-20,IND_PAR,0.51,1.16,1.0,True,synthetic_scenario_generator,26006
2021-12-21,IND_PAR,0.45,1.1,1.0,True,synthetic_scenario_generator,26006
2021-12-22,IND_PAR,0.69,1.34,1.0,True,synthetic_scenario_generator,26006
2021-12-23,IND_PAR,0.65,1.3,1.0,True,synthetic_scenario_generator,26006
2021-12-24,IND_PAR,0.96,1.61,1.0,True,synthetic_scenario_generator,26006
2021-12-25,IND_PAR,1.37,2.02,1.0,True,synthetic_scenario_generator,26006
2021-12-26,IND_PAR,1.63,2.28,1.0,True,synthetic_scenario_generator,26006
2021-12-27,IND_PAR,1.81,2.46,1.0,True,synthetic_scenario_generator,26006
2021-12-28,IND_PAR,2.1,2.75,1.0,True,synthetic_scenario_generator,26006
2021-12-29,IND_PAR,2.05,2.7,1.0,True,synthetic_scenario_generator,26006
2021-12-30,IND_PAR,1.82,2.47,1.0,True,synthetic_scenario_generator,26006
2021-12-31,IND_PAR,1.59,2.24,1.0,True,synthetic_scenario_generator,26006
2022-01-01,IND_PAR,1.35,2.0,1.0,True,synthetic_scenario_generator,26006
2022-01-02,IND_PAR,0.69,1.34,1.0,True,synthetic_scenario_generator,26006
2022-01-03,IND_PAR,0.75,1.4,1.0,True,synthetic_scenario_generator,26006
2022-01-04,IND_PAR,0.56,1.21,1.0,True,synthetic_scenario_generator,26006
2022-01-05,IND_PAR,0.61,1.26,1.0,True,synthetic_scenario_generator,26006
2022-01-06,IND_PAR,0.69,1.34,1.0,True,synthetic_scenario_generator,26006
2022-01-07,IND_PAR,0.74,1.39,1.0,True,synthetic_scenario_generator,26006
2022-01-08,IND_PAR,1.12,1.77,1.0,True,synthetic_scenario_generator,26006
2022-01-09,IND_PAR,1.48,2.13,1.0,True,synthetic_scenario_generator,26006
2022-01-10,IND_PAR,1.71,2.36,1.0,True,synthetic_scenario_generator,26006
2022-01-11,IND_PAR,1.81,2.46,1.0,True,synthetic_scenario_generator,26006
2022-01-12,IND_PAR,1.97,2.62,1.0,True,synthetic_scenario_generator,26006
2022-01-13,IND_PAR,1.85,2.5,1.0,True,synthetic_scenario_generator,26006
2022-01-14,IND_PAR,1.86,2.51,1.0,True,synthetic_scenario_generator,26006
2022-01-15,IND_PAR,1.62,2.27,1.0,True,synthetic_scenario_generator,26006
2022-01-16,IND_PAR,1.19,1.84,1.0,True,synthetic_scenario_generator,26006
2022-01-17,IND_PAR,0.94,1.59,1.0,True,synthetic_scenario_generator,26006
2022-01-18,IND_PAR,0.75,1.4,1.0,True,synthetic_scenario_generator,26006
2022-01-19,IND_PAR,0.59,1.24,1.0,True,synthetic_scenario_generator,26006
2022-01-20,IND_PAR,0.47,1.12,1.0,True,synthetic_scenario_generator,26006
2022-01-21,IND_PAR,0.61,1.26,1.0,True,synthetic_scenario_generator,26006
2022-01-22,IND_PAR,0.91,1.56,1.0,True,synthetic_scenario_generator,26006
2022-01-23,IND_PAR,1.21,1.86,1.0,True,synthetic_scenario_generator,26006
2022-01-24,IND_PAR,1.48,2.13,1.0,True,synthetic_scenario_generator,26006
2022-01-25,IND_PAR,1.71,2.36,1.0,True,synthetic_scenario_generator,26006
2022-01-26,IND_PAR,1.91,2.56,1.0,True,synthetic_scenario_generator,26006
2022-01-27,IND_PAR,2.02,2.67,1.0,True,synthetic_scenario_generator,26006
2022-01-28,IND_PAR,1.99,2.64,1.0,True,synthetic_scenario_generator,26006
2022-01-29,IND_PAR,1.78,2.43,1.0,True,synthetic_scenario_generator,26006
2022-01-30,IND_PAR,1.56,2.21,1.0,True,synthetic_scenario_generator,26006
2022-01-31,IND_PAR,1.35,2.0,1.0,True,synthetic_scenario_generator,26006
2022-02-01,IND_PAR,0.97,1.62,1.0,True,synthetic_scenario_generator,26006
2022-02-02,IND_PAR,0.76,1.41,1.0,True,synthetic_scenario_generator,26006
2022-02-03,IND_PAR,0.39,1.04,1.0,True,synthetic_scenario_generator,26006
2022-02-04,IND_PAR,0.47,1.12,1.0,True,synthetic_scenario_generator,26006
2022-02-05,IND_PAR,0.6,1.25,1.0,True,synthetic_scenario_generator,26006
2022-02-06,IND_PAR,1.12,1.77,1.0,True,synthetic_scenario_generator,26006
2022-02-07,IND_PAR,1.2,1.85,1.0,True,synthetic_scenario_generator,26006
2022-02-08,IND_PAR,1.55,2.2,1.0,True,synthetic_scenario_generator,26006
2022-02-09,IND_PAR,1.76,2.41,1.0,True,synthetic_scenario_generator,26006
2022-02-10,IND_PAR,1.96,2.61,1.0,True,synthetic_scenario_generator,26006
2022-02-11,IND_PAR,1.98,2.63,1.0,True,synthetic_scenario_generator,26006
2022-02-12,IND_PAR,1.88,2.53,1.0,True,synthetic_scenario_generator,26006
2022-02-13,IND_PAR,1.52,2.17,1.0,True,synthetic_scenario_generator,26006
2022-02-14,IND_PAR,1.4,2.05,1.0,True,synthetic_scenario_generator,26006
2022-02-15,IND_PAR,0.92,1.57,1.0,True,synthetic_scenario_generator,26006
2022-02-16,IND_PAR,0.83,1.48,1.0,True,synthetic_scenario_generator,26006
2022-02-17,IND_PAR,0.49,1.14,1.0,True,synthetic_scenario_generator,26006
2022-02-18,IND_PAR,0.6,1.25,1.0,True,synthetic_scenario_generator,26006
2022-02-19,IND_PAR,0.5,1.15,1.0,True,synthetic_scenario_generator,26006
2022-02-20,IND_PAR,0.69,1.34,1.0,True,synthetic_scenario_generator,26006
2022-02-21,IND_PAR,1.01,1.66,1.0,True,synthetic_scenario_generator,26006
2022-02-22,IND_PAR,1.44,2.09,1.0,True,synthetic_scenario_generator,26006
2022-02-23,IND_PAR,1.61,2.26,1.0,True,synthetic_scenario_generator,26006
2022-02-24,IND_PAR,1.89,2.54,1.0,True,synthetic_scenario_generator,26006
2022-02-25,IND_PAR,2.01,2.66,1.0,True,synthetic_scenario_generator,26006
2022-02-26,IND_PAR,1.96,2.61,1.0,True,synthetic_scenario_generator,26006
2022-02-27,IND_PAR,1.73,2.38,1.0,True,synthetic_scenario_generator,26006
2022-02-28,IND_PAR,1.58,2.23,1.0,True,synthetic_scenario_generator,26006
2022-03-01,IND_PAR,1.29,1.94,1.0,True,synthetic_scenario_generator,26006
2022-03-02,IND_PAR,1.01,1.66,1.0,True,synthetic_scenario_generator,26006
2022-03-03,IND_PAR,0.83,1.48,1.0,True,synthetic_scenario_generator,26006
2022-03-04,IND_PAR,0.37,1.02,1.0,True,synthetic_scenario_generator,26006
2022-03-05,IND_PAR,0.37,1.02,1.0,True,synthetic_scenario_generator,26006
2022-03-06,IND_PAR,0.49,1.14,1.0,True,synthetic_scenario_generator,26006
2022-03-07,IND_PAR,0.86,1.51,1.0,True,synthetic_scenario_generator,26006
2022-03-08,IND_PAR,1.11,1.76,1.0,True,synthetic_scenario_generator,26006
2022-03-09,IND_PAR,1.41,2.06,1.0,True,synthetic_scenario_generator,26006
2022-03-10,IND_PAR,1.74,2.39,1.0,True,synthetic_scenario_generator,26006
2022-03-11,IND_PAR,1.88,2.53,1.0,True,synthetic_scenario_generator,26006
2022-03-12,IND_PAR,1.98,2.63,1.0,True,synthetic_scenario_generator,26006
2022-03-13,IND_PAR,2.15,2.8,1.0,True,synthetic_scenario_generator,26006
2022-03-14,IND_PAR,1.82,2.47,1.0,True,synthetic_scenario_generator,26006
2022-03-15,IND_PAR,1.54,2.19,1.0,True,synthetic_scenario_generator,26006
2022-03-16,IND_PAR,1.3,1.95,1.0,True,synthetic_scenario_generator,26006
2022-03-17,IND_PAR,0.82,1.47,1.0,True,synthetic_scenario_generator,26006
2022-03-18,IND_PAR,0.74,1.39,1.0,True,synthetic_scenario_generator,26006
2022-03-19,IND_PAR,0.31,0.96,1.0,True,synthetic_scenario_generator,26006
2022-03-20,IND_PAR,0.52,1.17,1.0,True,synthetic_scenario_generator,26006
2022-03-21,IND_PAR,0.63,1.28,1.0,True,synthetic_scenario_generator,26006
2022-03-22,IND_PAR,0.77,1.42,1.0,True,synthetic_scenario_generator,26006
2022-03-23,IND_PAR,1.0,1.65,1.0,True,synthetic_scenario_generator,26006
2022-03-24,IND_PAR,1.53,2.18,1.0,True,synthetic_scenario_generator,26006
2022-03-25,IND_PAR,1.69,2.34,1.0,True,synthetic_scenario_generator,26006
2022-03-26,IND_PAR,1.89,2.54,1.0,True,synthetic_scenario_generator,26006
2022-03-27,IND_PAR,1.92,2.57,1.0,True,synthetic_scenario_generator,26006
2022-03-28,IND_PAR,2.01,2.66,1.0,True,synthetic_scenario_generator,26006
2022-03-29,IND_PAR,1.74,2.39,1.0,True,synthetic_scenario_generator,26006
2022-03-30,IND_PAR,1.41,2.06,1.0,True,synthetic_scenario_generator,26006
2022-03-31,IND_PAR,1.22,1.87,1.0,True,synthetic_scenario_generator,26006
2022-04-01,IND_PAR,0.89,1.54,1.0,True,synthetic_scenario_generator,26006
2022-04-02,IND_PAR,0.6,1.25,1.0,True,synthetic_scenario_generator,26006
2022-04-03,IND_PAR,0.4,1.05,1.0,True,synthetic_scenario_generator,26006
2022-04-04,IND_PAR,0.53,1.18,1.0,True,synthetic_scenario_generator,26006
2022-04-05,IND_PAR,0.62,1.27,1.0,True,synthetic_scenario_generator,26006
2022-04-06,IND_PAR,0.9,1.55,1.0,True,synthetic_scenario_generator,26006
2022-04-07,IND_PAR,1.26,1.91,1.0,True,synthetic_scenario_generator,26006
2022-04-08,IND_PAR,1.54,2.19,1.0,True,synthetic_scenario_generator,26006
2022-04-09,IND_PAR,1.79,2.44,1.0,True,synthetic_scenario_generator,26006
2022-04-10,IND_PAR,1.92,2.57,1.0,True,synthetic_scenario_generator,26006
2022-04-11,IND_PAR,2.04,2.69,1.0,True,synthetic_scenario_generator,26006
2022-04-12,IND_PAR,2.0,2.65,1.0,True,synthetic_scenario_generator,26006
2022-04-13,IND_PAR,1.68,2.33,1.0,True,synthetic_scenario_generator,26006
2022-04-14,IND_PAR,1.35,2.0,1.0,True,synthetic_scenario_generator,26006
2022-04-15,IND_PAR,1.06,1.71,1.0,True,synthetic_scenario_generator,26006
2022-04-16,IND_PAR,0.76,1.41,1.0,True,synthetic_scenario_generator,26006
2022-04-17,IND_PAR,0.57,1.22,1.0,True,synthetic_scenario_generator,26006
2022-04-18,IND_PAR,0.36,1.01,1.0,True,synthetic_scenario_generator,26006
2022-04-19,IND_PAR,0.49,1.14,1.0,True,synthetic_scenario_generator,26006
2022-04-20,IND_PAR,0.55,1.2,1.0,True,synthetic_scenario_generator,26006
2022-04-21,IND_PAR,1.11,1.76,1.0,True,synthetic_scenario_generator,26006
2022-04-22,IND_PAR,1.37,2.02,1.0,True,synthetic_scenario_generator,26006
2022-04-23,IND_PAR,1.65,2.3,1.0,True,synthetic_scenario_generator,26006
2022-04-24,IND_PAR,1.88,2.53,1.0,True,synthetic_scenario_generator,26006
2022-04-25,IND_PAR,1.92,2.57,1.0,True,synthetic_scenario_generator,26006
2022-04-26,IND_PAR,2.02,2.67,1.0,True,synthetic_scenario_generator,26006
2022-04-27,IND_PAR,1.83,2.48,1.0,True,synthetic_scenario_generator,26006
2022-04-28,IND_PAR,1.66,2.31,1.0,True,synthetic_scenario_generator,26006
2022-04-29,IND_PAR,1.25,1.9,1.0,True,synthetic_scenario_generator,26006
2022-04-30,IND_PAR,0.95,1.6,1.0,True,synthetic_scenario_generator,26006
2022-05-01,IND_PAR,0.8,1.45,1.0,True,synthetic_scenario_generator,26006
2022-05-02,IND_PAR,0.58,1.23,1.0,True,synthetic_scenario_generator,26006
2022-05-03,IND_PAR,0.61,1.26,1.0,True,synthetic_scenario_generator,26006
2022-05-04,IND_PAR,0.42,1.07,1.0,True,synthetic_scenario_generator,26006
2022-05-05,IND_PAR,0.72,1.37,1.0,True,synthetic_scenario_generator,26006
2022-05-06,IND_PAR,0.86,1.51,1.0,True,synthetic_scenario_generator,26006
2022-05-07,IND_PAR,1.32,1.97,1.0,True,synthetic_scenario_generator,26006
2022-05-08,IND_PAR,1.64,2.29,1.0,True,synthetic_scenario_generator,26006
2022-05-09,IND_PAR,1.91,2.56,1.0,True,synthetic_scenario_generator,26006
2022-05-10,IND_PAR,1.9,2.55,1.0,True,synthetic_scenario_generator,26006
2022-05-11,IND_PAR,1.95,2.6,1.0,True,synthetic_scenario_generator,26006
2022-05-12,IND_PAR,1.83,2.48,1.0,True,synthetic_scenario_generator,26006
2022-05-13,IND_PAR,1.64,2.29,1.0,True,synthetic_scenario_generator,26006
2022-05-14,IND_PAR,1.44,2.09,1.0,True,synthetic_scenario_generator,26006
2022-05-15,IND_PAR,0.89,1.54,1.0,True,synthetic_scenario_generator,26006
2022-05-16,IND_PAR,0.74,1.39,1.0,True,synthetic_scenario_generator,26006
2022-05-17,IND_PAR,0.36,1.01,1.0,True,synthetic_scenario_generator,26006
2022-05-18,IND_PAR,0.5,1.15,1.0,True,synthetic_scenario_generator,26006
2022-05-19,IND_PAR,0.69,1.34,1.0,True,synthetic_scenario_generator,26006
2022-05-20,IND_PAR,0.73,1.38,1.0,True,synthetic_scenario_generator,26006
2022-05-21,IND_PAR,1.09,1.74,1.0,True,synthetic_scenario_generator,26006
2022-05-22,IND_PAR,1.27,1.92,1.0,True,synthetic_scenario_generator,26006
2022-05-23,IND_PAR,1.43,2.08,1.0,True,synthetic_scenario_generator,26006
2022-05-24,IND_PAR,1.94,2.59,1.0,True,synthetic_scenario_generator,26006
2022-05-25,IND_PAR,2.14,2.79,1.0,True,synthetic_scenario_generator,26006
2022-05-26,IND_PAR,1.94,2.59,1.0,True,synthetic_scenario_generator,26006
2022-05-27,IND_PAR,1.87,2.52,1.0,True,synthetic_scenario_generator,26006
2022-05-28,IND_PAR,1.51,2.16,1.0,True,synthetic_scenario_generator,26006
2022-05-29,IND_PAR,1.08,1.73,1.0,True,synthetic_scenario_generator,26006
2022-05-30,IND_PAR,0.78,1.43,1.0,True,synthetic_scenario_generator,26006
2022-05-31,IND_PAR,0.7,1.35,1.0,True,synthetic_scenario_generator,26006
2022-06-01,IND_PAR,0.74,1.39,1.0,True,synthetic_scenario_generator,26006
2022-06-02,IND_PAR,0.64,1.29,1.0,True,synthetic_scenario_generator,26006
2022-06-03,IND_PAR,0.76,1.41,1.0,True,synthetic_scenario_generator,26006
2022-06-04,IND_PAR,0.88,1.53,1.0,True,synthetic_scenario_generator,26006
2022-06-05,IND_PAR,1.06,1.71,1.0,True,synthetic_scenario_generator,26006
2022-06-06,IND_PAR,1.39,2.04,1.0,True,synthetic_scenario_generator,26006
2022-06-07,IND_PAR,1.73,2.38,1.0,True,synthetic_scenario_generator,26006
2022-06-08,IND_PAR,1.74,2.39,1.0,True,synthetic_scenario_generator,26006
2022-06-09,IND_PAR,1.94,2.59,1.0,True,synthetic_scenario_generator,26006
2022-06-10,IND_PAR,1.87,2.52,1.0,True,synthetic_scenario_generator,26006
2022-06-11,IND_PAR,1.5,2.15,1.0,True,synthetic_scenario_generator,26006
2022-06-12,IND_PAR,1.44,2.09,1.0,True,synthetic_scenario_generator,26006
2022-06-13,IND_PAR,1.01,1.66,1.0,True,synthetic_scenario_generator,26006
2022-06-14,IND_PAR,0.84,1.49,1.0,True,synthetic_scenario_generator,26006
2022-06-15,IND_PAR,0.79,1.44,1.0,True,synthetic_scenario_generator,26006
2022-06-16,IND_PAR,0.46,1.11,1.0,True,synthetic_scenario_generator,26006
2022-06-17,IND_PAR,0.52,1.17,1.0,True,synthetic_scenario_generator,26006
2022-06-18,IND_PAR,0.75,1.4,1.0,True,synthetic_scenario_generator,26006
2022-06-19,IND_PAR,0.95,1.6,1.0,True,synthetic_scenario_generator,26006
2022-06-20,IND_PAR,1.3,1.95,1.0,True,synthetic_scenario_generator,26006
2022-06-21,IND_PAR,1.67,2.32,1.0,True,synthetic_scenario_generator,26006
2022-06-22,IND_PAR,1.91,2.56,1.0,True,synthetic_scenario_generator,26006
2022-06-23,IND_PAR,1.91,2.56,1.0,True,synthetic_scenario_generator,26006
2022-06-24,IND_PAR,1.94,2.59,1.0,True,synthetic_scenario_generator,26006
2022-06-25,IND_PAR,2.08,2.73,1.0,True,synthetic_scenario_generator,26006
2022-06-26,IND_PAR,1.64,2.29,1.0,True,synthetic_scenario_generator,26006
2022-06-27,IND_PAR,1.46,2.11,1.0,True,synthetic_scenario_generator,26006
2022-06-28,IND_PAR,1.06,1.71,1.0,True,synthetic_scenario_generator,26006
2022-06-29,IND_PAR,0.78,1.43,1.0,True,synthetic_scenario_generator,26006
2022-06-30,IND_PAR,0.68,1.33,1.0,True,synthetic_scenario_generator,26006
2022-07-01,IND_PAR,0.48,1.13,1.0,True,synthetic_scenario_generator,26006
2022-07-02,IND_PAR,0.57,1.22,1.0,True,synthetic_scenario_generator,26006
2022-07-03,IND_PAR,0.72,1.37,1.0,True,synthetic_scenario_generator,26006
2022-07-04,IND_PAR,0.98,1.63,1.0,True,synthetic_scenario_generator,26006
2022-07-05,IND_PAR,1.21,1.86,1.0,True,synthetic_scenario_generator,26006
2022-07-06,IND_PAR,1.47,2.12,1.0,True,synthetic_scenario_generator,26006
2022-07-07,IND_PAR,1.94,2.59,1.0,True,synthetic_scenario_generator,26006
2022-07-08,IND_PAR,2.05,2.7,1.0,True,synthetic_scenario_generator,26006
2022-07-09,IND_PAR,2.17,2.82,1.0,True,synthetic_scenario_generator,26006
2022-07-10,IND_PAR,1.92,2.57,1.0,True,synthetic_scenario_generator,26006
2022-07-11,IND_PAR,1.61,2.26,1.0,True,synthetic_scenario_generator,26006
2022-07-12,IND_PAR,1.31,1.96,1.0,True,synthetic_scenario_generator,26006
2022-07-13,IND_PAR,0.88,1.53,1.0,True,synthetic_scenario_generator,26006
2022-07-14,IND_PAR,0.65,1.3,1.0,True,synthetic_scenario_generator,26006
2022-07-15,IND_PAR,0.49,1.14,1.0,True,synthetic_scenario_generator,26006
2022-07-16,IND_PAR,0.64,1.29,1.0,True,synthetic_scenario_generator,26006
2022-07-17,IND_PAR,0.66,1.31,1.0,True,synthetic_scenario_generator,26006
2022-07-18,IND_PAR,0.85,1.5,1.0,True,synthetic_scenario_generator,26006
2022-07-19,IND_PAR,1.12,1.77,1.0,True,synthetic_scenario_generator,26006
2022-07-20,IND_PAR,1.4,2.05,1.0,True,synthetic_scenario_generator,26006
2022-07-21,IND_PAR,1.69,2.34,1.0,True,synthetic_scenario_generator,26006
2022-07-22,IND_PAR,2.12,2.77,1.0,True,synthetic_scenario_generator,26006
2022-07-23,IND_PAR,2.04,2.69,1.0,True,synthetic_scenario_generator,26006
2022-07-24,IND_PAR,2.11,2.76,1.0,True,synthetic_scenario_generator,26006
2022-07-25,IND_PAR,1.9,2.55,1.0,True,synthetic_scenario_generator,26006
2022-07-26,IND_PAR,1.5,2.15,1.0,True,synthetic_scenario_generator,26006
2022-07-27,IND_PAR,1.33,1.98,1.0,True,synthetic_scenario_generator,26006
2022-07-28,IND_PAR,1.0,1.65,1.0,True,synthetic_scenario_generator,26006
2022-07-29,IND_PAR,0.75,1.4,1.0,True,synthetic_scenario_generator,26006
2022-07-30,IND_PAR,0.55,1.2,1.0,True,synthetic_scenario_generator,26006
2022-07-31,IND_PAR,0.5,1.15,1.0,True,synthetic_scenario_generator,26006
2022-08-01,IND_PAR,0.74,1.39,1.0,True,synthetic_scenario_generator,26006
2022-08-02,IND_PAR,0.85,1.5,1.0,True,synthetic_scenario_generator,26006
2022-08-03,IND_PAR,1.25,1.9,1.0,True,synthetic_scenario_generator,26006
2022-08-04,IND_PAR,1.37,2.02,1.0,True,synthetic_scenario_generator,26006
2022-08-05,IND_PAR,1.89,2.54,1.0,True,synthetic_scenario_generator,26006
2022-08-06,IND_PAR,1.81,2.46,1.0,True,synthetic_scenario_generator,26006
2022-08-07,IND_PAR,2.09,2.74,1.0,True,synthetic_scenario_generator,26006
2022-08-08,IND_PAR,1.97,2.62,1.0,True,synthetic_scenario_generator,26006
2022-08-09,IND_PAR,1.68,2.33,1.0,True,synthetic_scenario_generator,26006
2022-08-10,IND_PAR,1.41,2.06,1.0,True,synthetic_scenario_generator,26006
2022-08-11,IND_PAR,1.2,1.85,1.0,True,synthetic_scenario_generator,26006
2022-08-12,IND_PAR,0.83,1.48,1.0,True,synthetic_scenario_generator,26006
2022-08-13,IND_PAR,0.6,1.25,1.0,True,synthetic_scenario_generator,26006
2022-08-14,IND_PAR,0.67,1.32,1.0,True,synthetic_scenario_generator,26006
2022-08-15,IND_PAR,0.56,1.21,1.0,True,synthetic_scenario_generator,26006
2022-08-16,IND_PAR,0.83,1.48,1.0,True,synthetic_scenario_generator,26006
2022-08-17,IND_PAR,1.0,1.65,1.0,True,synthetic_scenario_generator,26006
2022-08-18,IND_PAR,1.21,1.86,1.0,True,synthetic_scenario_generator,26006
2022-08-19,IND_PAR,1.5,2.15,1.0,True,synthetic_scenario_generator,26006
2022-08-20,IND_PAR,1.77,2.42,1.0,True,synthetic_scenario_generator,26006
2022-08-21,IND_PAR,1.82,2.47,1.0,True,synthetic_scenario_generator,26006
2022-08-22,IND_PAR,1.94,2.59,1.0,True,synthetic_scenario_generator,26006
2022-08-23,IND_PAR,1.92,2.57,1.0,True,synthetic_scenario_generator,26006
2022-08-24,IND_PAR,1.56,2.21,1.0,True,synthetic_scenario_generator,26006
2022-08-25,IND_PAR,1.34,1.99,1.0,True,synthetic_scenario_generator,26006
2022-08-26,IND_PAR,0.92,1.57,1.0,True,synthetic_scenario_generator,26006
2022-08-27,IND_PAR,0.71,1.36,1.0,True,synthetic_scenario_generator,26006
2022-08-28,IND_PAR,0.57,1.22,1.0,True,synthetic_scenario_generator,26006
2022-08-29,IND_PAR,0.51,1.16,1.0,True,synthetic_scenario_generator,26006
2022-08-30,IND_PAR,0.62,1.27,1.0,True,synthetic_scenario_generator,26006
2022-08-31,IND_PAR,0.78,1.43,1.0,True,synthetic_scenario_generator,26006
2022-09-01,IND_PAR,1.03,1.68,1.0,True,synthetic_scenario_generator,26006
2022-09-02,IND_PAR,1.34,1.99,1.0,True,synthetic_scenario_generator,26006
2022-09-03,IND_PAR,1.62,2.27,1.0,True,synthetic_scenario_generator,26006
2022-09-04,IND_PAR,1.81,2.46,1.0,True,synthetic_scenario_generator,26006
2022-09-05,IND_PAR,2.1,2.75,1.0,True,synthetic_scenario_generator,26006
2022-09-06,IND_PAR,2.01,2.66,1.0,True,synthetic_scenario_generator,26006
2022-09-07,IND_PAR,1.86,2.51,1.0,True,synthetic_scenario_generator,26006
2022-09-08,IND_PAR,1.73,2.38,1.0,True,synthetic_scenario_generator,26006
2022-09-09,IND_PAR,1.29,1.94,1.0,True,synthetic_scenario_generator,26006
2022-09-10,IND_PAR,0.89,1.54,1.0,True,synthetic_scenario_generator,26006
2022-09-11,IND_PAR,0.67,1.32,1.0,True,synthetic_scenario_generator,26006
2022-09-12,IND_PAR,0.4,1.05,1.0,True,synthetic_scenario_generator,26006
2022-09-13,IND_PAR,0.38,1.03,1.0,True,synthetic_scenario_generator,26006
2022-09-14,IND_PAR,0.37,1.02,1.0,True,synthetic_scenario_generator,26006
2022-09-15,IND_PAR,0.88,1.53,1.0,True,synthetic_scenario_generator,26006
2022-09-16,IND_PAR,1.04,1.69,1.0,True,synthetic_scenario_generator,26006
2022-09-17,IND_PAR,1.4,2.05,1.0,True,synthetic_scenario_generator,26006
2022-09-18,IND_PAR,1.55,2.2,1.0,True,synthetic_scenario_generator,26006
2022-09-19,IND_PAR,1.98,2.63,1.0,True,synthetic_scenario_generator,26006
2022-09-20,IND_PAR,1.94,2.59,1.0,True,synthetic_scenario_generator,26006
2022-09-21,IND_PAR,1.9,2.55,1.0,True,synthetic_scenario_generator,26006
2022-09-22,IND_PAR,1.95,2.6,1.0,True,synthetic_scenario_generator,26006
2022-09-23,IND_PAR,1.61,2.26,1.0,True,synthetic_scenario_generator,26006
2022-09-24,IND_PAR,1.22,1.87,1.0,True,synthetic_scenario_generator,26006
2022-09-25,IND_PAR,0.92,1.57,1.0,True,synthetic_scenario_generator,26006
2022-09-26,IND_PAR,0.6,1.25,1.0,True,synthetic_scenario_generator,26006
2022-09-27,IND_PAR,0.46,1.11,1.0,True,synthetic_scenario_generator,26006
2022-09-28,IND_PAR,0.61,1.26,1.0,True,synthetic_scenario_generator,26006
2022-09-29,IND_PAR,0.51,1.16,1.0,True,synthetic_scenario_generator,26006
2022-09-30,IND_PAR,0.76,1.41,1.0,True,synthetic_scenario_generator,26006
2022-10-01,IND_PAR,1.02,1.67,1.0,True,synthetic_scenario_generator,26006
2022-10-02,IND_PAR,1.55,2.2,1.0,True,synthetic_scenario_generator,26006
2022-10-03,IND_PAR,1.61,2.26,1.0,True,synthetic_scenario_generator,26006
2022-10-04,IND_PAR,2.02,2.67,1.0,True,synthetic_scenario_generator,26006
2022-10-05,IND_PAR,2.09,2.74,1.0,True,synthetic_scenario_generator,26006
2022-10-06,IND_PAR,2.02,2.67,1.0,True,synthetic_scenario_generator,26006
2022-10-07,IND_PAR,1.75,2.4,1.0,True,synthetic_scenario_generator,26006
2022-10-08,IND_PAR,1.48,2.13,1.0,True,synthetic_scenario_generator,26006
2022-10-09,IND_PAR,1.19,1.84,1.0,True,synthetic_scenario_generator,26006
2022-10-10,IND_PAR,0.8,1.45,1.0,True,synthetic_scenario_generator,26006
2022-10-11,IND_PAR,0.57,1.22,1.0,True,synthetic_scenario_generator,26006
2022-10-12,IND_PAR,0.42,1.07,1.0,True,synthetic_scenario_generator,26006
2022-10-13,IND_PAR,0.42,1.07,1.0,True,synthetic_scenario_generator,26006
2022-10-14,IND_PAR,0.77,1.42,1.0,True,synthetic_scenario_generator,26006
2022-10-15,IND_PAR,0.95,1.6,1.0,True,synthetic_scenario_generator,26006
2022-10-16,IND_PAR,1.17,1.82,1.0,True,synthetic_scenario_generator,26006
2022-10-17,IND_PAR,1.64,2.29,1.0,True,synthetic_scenario_generator,26006
2022-10-18,IND_PAR,1.71,2.36,1.0,True,synthetic_scenario_generator,26006
2022-10-19,IND_PAR,1.85,2.5,1.0,True,synthetic_scenario_generator,26006
2022-10-20,IND_PAR,2.05,2.7,1.0,True,synthetic_scenario_generator,26006
2022-10-21,IND_PAR,1.69,2.34,1.0,True,synthetic_scenario_generator,26006
2022-10-22,IND_PAR,1.89,2.54,1.0,True,synthetic_scenario_generator,26006
2022-10-23,IND_PAR,1.47,2.12,1.0,True,synthetic_scenario_generator,26006
2022-10-24,IND_PAR,1.09,1.74,1.0,True,synthetic_scenario_generator,26006
2022-10-25,IND_PAR,0.87,1.52,1.0,True,synthetic_scenario_generator,26006
2022-10-26,IND_PAR,0.63,1.28,1.0,True,synthetic_scenario_generator,26006
2022-10-27,IND_PAR,0.69,1.34,1.0,True,synthetic_scenario_generator,26006
2022-10-28,IND_PAR,0.43,1.08,1.0,True,synthetic_scenario_generator,26006
2022-10-29,IND_PAR,0.66,1.31,1.0,True,synthetic_scenario_generator,26006
2022-10-30,IND_PAR,0.92,1.57,1.0,True,synthetic_scenario_generator,26006
2022-10-31,IND_PAR,1.26,1.91,1.0,True,synthetic_scenario_generator,26006
2022-11-01,IND_PAR,1.57,2.22,1.0,True,synthetic_scenario_generator,26006
2022-11-02,IND_PAR,1.68,2.33,1.0,True,synthetic_scenario_generator,26006
2022-11-03,IND_PAR,1.85,2.5,1.0,True,synthetic_scenario_generator,26006
2022-11-04,IND_PAR,1.88,2.53,1.0,True,synthetic_scenario_generator,26006
2022-11-05,IND_PAR,2.0,2.65,1.0,True,synthetic_scenario_generator,26006
2022-11-06,IND_PAR,1.6,2.25,1.0,True,synthetic_scenario_generator,26006
2022-11-07,IND_PAR,1.3,1.95,1.0,True,synthetic_scenario_generator,26006
2022-11-08,IND_PAR,0.98,1.63,1.0,True,synthetic_scenario_generator,26006
2022-11-09,IND_PAR,0.76,1.41,1.0,True,synthetic_scenario_generator,26006
2022-11-10,IND_PAR,0.53,1.18,1.0,True,synthetic_scenario_generator,26006
2022-11-11,IND_PAR,0.54,1.19,1.0,True,synthetic_scenario_generator,26006
2022-11-12,IND_PAR,0.63,1.28,1.0,True,synthetic_scenario_generator,26006
2022-11-13,IND_PAR,0.69,1.34,1.0,True,synthetic_scenario_generator,26006
2022-11-14,IND_PAR,0.94,1.59,1.0,True,synthetic_scenario_generator,26006
2022-11-15,IND_PAR,1.52,2.17,1.0,True,synthetic_scenario_generator,26006
2022-11-16,IND_PAR,1.62,2.27,1.0,True,synthetic_scenario_generator,26006
2022-11-17,IND_PAR,1.84,2.49,1.0,True,synthetic_scenario_generator,26006
2022-11-18,IND_PAR,1.95,2.6,1.0,True,synthetic_scenario_generator,26006
2022-11-19,IND_PAR,1.85,2.5,1.0,True,synthetic_scenario_generator,26006
2022-11-20,IND_PAR,1.93,2.58,1.0,True,synthetic_scenario_generator,26006
2022-11-21,IND_PAR,1.65,2.3,1.0,True,synthetic_scenario_generator,26006
2022-11-22,IND_PAR,1.19,1.84,1.0,True,synthetic_scenario_generator,26006
2022-11-23,IND_PAR,1.08,1.73,1.0,True,synthetic_scenario_generator,26006
2022-11-24,IND_PAR,0.71,1.36,1.0,True,synthetic_scenario_generator,26006
2022-11-25,IND_PAR,0.53,1.18,1.0,True,synthetic_scenario_generator,26006
2022-11-26,IND_PAR,0.61,1.26,1.0,True,synthetic_scenario_generator,26006
2022-11-27,IND_PAR,0.71,1.36,1.0,True,synthetic_scenario_generator,26006
2022-11-28,IND_PAR,0.88,1.53,1.0,True,synthetic_scenario_generator,26006
2022-11-29,IND_PAR,1.2,1.85,1.0,True,synthetic_scenario_generator,26006
2022-11-30,IND_PAR,1.43,2.08,1.0,True,synthetic_scenario_generator,26006
2022-12-01,IND_PAR,1.82,2.47,1.0,True,synthetic_scenario_generator,26006
2022-12-02,IND_PAR,2.03,2.68,1.0,True,synthetic_scenario_generator,26006
2022-12-03,IND_PAR,2.14,2.79,1.0,True,synthetic_scenario_generator,26006
2022-12-04,IND_PAR,1.94,2.59,1.0,True,synthetic_scenario_generator,26006
2022-12-05,IND_PAR,1.82,2.47,1.0,True,synthetic_scenario_generator,26006
2022-12-06,IND_PAR,1.53,2.18,1.0,True,synthetic_scenario_generator,26006
2022-12-07,IND_PAR,1.06,1.71,1.0,True,synthetic_scenario_generator,26006
2022-12-08,IND_PAR,0.94,1.59,1.0,True,synthetic_scenario_generator,26006
2022-12-09,IND_PAR,0.61,1.26,1.0,True,synthetic_scenario_generator,26006
2022-12-10,IND_PAR,0.58,1.23,1.0,True,synthetic_scenario_generator,26006
2022-12-11,IND_PAR,0.5,1.15,1.0,True,synthetic_scenario_generator,26006
2022-12-12,IND_PAR,0.54,1.19,1.0,True,synthetic_scenario_generator,26006
2022-12-13,IND_PAR,0.9,1.55,1.0,True,synthetic_scenario_generator,26006
2022-12-14,IND_PAR,1.04,1.69,1.0,True,synthetic_scenario_generator,26006
2022-12-15,IND_PAR,1.38,2.03,1.0,True,synthetic_scenario_generator,26006
2022-12-16,IND_PAR,1.82,2.47,1.0,True,synthetic_scenario_generator,26006
2022-12-17,IND_PAR,1.92,2.57,1.0,True,synthetic_scenario_generator,26006
2022-12-18,IND_PAR,1.9,2.55,1.0,True,synthetic_scenario_generator,26006
2022-12-19,IND_PAR,1.96,2.61,1.0,True,synthetic_scenario_generator,26006
2022-12-20,IND_PAR,1.63,2.28,1.0,True,synthetic_scenario_generator,26006
2022-12-21,IND_PAR,1.34,1.99,1.0,True,synthetic_scenario_generator,26006
2022-12-22,IND_PAR,1.26,1.91,1.0,True,synthetic_scenario_generator,26006
2022-12-23,IND_PAR,0.75,1.4,1.0,True,synthetic_scenario_generator,26006
2022-12-24,IND_PAR,0.61,1.26,1.0,True,synthetic_scenario_generator,26006
2022-12-25,IND_PAR,0.56,1.21,1.0,True,synthetic_scenario_generator,26006
2022-12-26,IND_PAR,0.54,1.19,1.0,True,synthetic_scenario_generator,26006
2022-12-27,IND_PAR,0.58,1.23,1.0,True,synthetic_scenario_generator,26006
2022-12-28,IND_PAR,1.12,1.77,1.0,True,synthetic_scenario_generator,26006
2022-12-29,IND_PAR,1.03,1.68,1.0,True,synthetic_scenario_generator,26006
2022-12-30,IND_PAR,1.54,2.19,1.0,True,synthetic_scenario_generator,26006
2022-12-31,IND_PAR,1.67,2.32,1.0,True,synthetic_scenario_generator,26006
2023-01-01,IND_PAR,1.84,2.49,1.0,True,synthetic_scenario_generator,26006
2023-01-02,IND_PAR,1.96,2.61,1.0,True,synthetic_scenario_generator,26006
2023-01-03,IND_PAR,1.89,2.54,1.0,True,synthetic_scenario_generator,26006
2023-01-04,IND_PAR,1.66,2.31,1.0,True,synthetic_scenario_generator,26006
2023-01-05,IND_PAR,1.49,2.14,1.0,True,synthetic_scenario_generator,26006
2023-01-06,IND_PAR,1.12,1.77,1.0,True,synthetic_scenario_generator,26006
2023-01-07,IND_PAR,0.65,1.3,1.0,True,synthetic_scenario_generator,26006
2023-01-08,IND_PAR,0.62,1.27,1.0,True,synthetic_scenario_generator,26006
2023-01-09,IND_PAR,0.59,1.24,1.0,True,synthetic_scenario_generator,26006
2023-01-10,IND_PAR,0.54,1.19,1.0,True,synthetic_scenario_generator,26006
2023-01-11,IND_PAR,0.74,1.39,1.0,True,synthetic_scenario_generator,26006
2023-01-12,IND_PAR,1.0,1.65,1.0,True,synthetic_scenario_generator,26006
2023-01-13,IND_PAR,1.49,2.14,1.0,True,synthetic_scenario_generator,26006
2023-01-14,IND_PAR,1.68,2.33,1.0,True,synthetic_scenario_generator,26006
2023-01-15,IND_PAR,1.8,2.45,1.0,True,synthetic_scenario_generator,26006
2023-01-16,IND_PAR,2.04,2.69,1.0,True,synthetic_scenario_generator,26006
2023-01-17,IND_PAR,1.96,2.61,1.0,True,synthetic_scenario_generator,26006
2023-01-18,IND_PAR,1.9,2.55,1.0,True,synthetic_scenario_generator,26006
2023-01-19,IND_PAR,1.5,2.15,1.0,True,synthetic_scenario_generator,26006
2023-01-20,IND_PAR,1.2,1.85,1.0,True,synthetic_scenario_generator,26006
2023-01-21,IND_PAR,1.13,1.78,1.0,True,synthetic_scenario_generator,26006
2023-01-22,IND_PAR,0.72,1.37,1.0,True,synthetic_scenario_generator,26006
2023-01-23,IND_PAR,0.61,1.26,1.0,True,synthetic_scenario_generator,26006
2023-01-24,IND_PAR,0.49,1.14,1.0,True,synthetic_scenario_generator,26006
2023-01-25,IND_PAR,0.67,1.32,1.0,True,synthetic_scenario_generator,26006
2023-01-26,IND_PAR,0.71,1.36,1.0,True,synthetic_scenario_generator,26006
2023-01-27,IND_PAR,0.92,1.57,1.0,True,synthetic_scenario_generator,26006
2023-01-28,IND_PAR,1.47,2.12,1.0,True,synthetic_scenario_generator,26006
2023-01-29,IND_PAR,1.86,2.51,1.0,True,synthetic_scenario_generator,26006
2023-01-30,IND_PAR,1.67,2.32,1.0,True,synthetic_scenario_generator,26006
2023-01-31,IND_PAR,1.86,2.51,1.0,True,synthetic_scenario_generator,26006
2023-02-01,IND_PAR,1.95,2.6,1.0,True,synthetic_scenario_generator,26006
2023-02-02,IND_PAR,1.82,2.47,1.0,True,synthetic_scenario_generator,26006
2023-02-03,IND_PAR,1.61,2.26,1.0,True,synthetic_scenario_generator,26006
2023-02-04,IND_PAR,1.36,2.01,1.0,True,synthetic_scenario_generator,26006
2023-02-05,IND_PAR,0.95,1.6,1.0,True,synthetic_scenario_generator,26006
2023-02-06,IND_PAR,0.66,1.31,1.0,True,synthetic_scenario_generator,26006
2023-02-07,IND_PAR,0.49,1.14,1.0,True,synthetic_scenario_generator,26006
2023-02-08,IND_PAR,0.59,1.24,1.0,True,synthetic_scenario_generator,26006
2023-02-09,IND_PAR,0.71,1.36,1.0,True,synthetic_scenario_generator,26006
2023-02-10,IND_PAR,0.8,1.45,1.0,True,synthetic_scenario_generator,26006
2023-02-11,IND_PAR,1.22,1.87,1.0,True,synthetic_scenario_generator,26006
2023-02-12,IND_PAR,1.42,2.07,1.0,True,synthetic_scenario_generator,26006
2023-02-13,IND_PAR,1.61,2.26,1.0,True,synthetic_scenario_generator,26006
2023-02-14,IND_PAR,1.92,2.57,1.0,True,synthetic_scenario_generator,26006
2023-02-15,IND_PAR,1.98,2.63,1.0,True,synthetic_scenario_generator,26006
2023-02-16,IND_PAR,1.91,2.56,1.0,True,synthetic_scenario_generator,26006
2023-02-17,IND_PAR,1.75,2.4,1.0,True,synthetic_scenario_generator,26006
2023-02-18,IND_PAR,1.42,2.07,1.0,True,synthetic_scenario_generator,26006
2023-02-19,IND_PAR,1.25,1.9,1.0,True,synthetic_scenario_generator,26006
2023-02-20,IND_PAR,1.12,1.77,1.0,True,synthetic_scenario_generator,26006
2023-02-21,IND_PAR,0.67,1.32,1.0,True,synthetic_scenario_generator,26006
2023-02-22,IND_PAR,0.58,1.23,1.0,True,synthetic_scenario_generator,26006
2023-02-23,IND_PAR,0.7,1.35,1.0,True,synthetic_scenario_generator,26006
2023-02-24,IND_PAR,0.63,1.28,1.0,True,synthetic_scenario_generator,26006
2023-02-25,IND_PAR,0.84,1.49,1.0,True,synthetic_scenario_generator,26006
2023-02-26,IND_PAR,1.22,1.87,1.0,True,synthetic_scenario_generator,26006
2023-02-27,IND_PAR,1.6,2.25,1.0,True,synthetic_scenario_generator,26006
2023-02-28,IND_PAR,1.71,2.36,1.0,True,synthetic_scenario_generator,26006
2023-03-01,IND_PAR,1.95,2.6,1.0,True,synthetic_scenario_generator,26006
2023-03-02,IND_PAR,1.94,2.59,1.0,True,synthetic_scenario_generator,26006
2023-03-03,IND_PAR,1.82,2.47,1.0,True,synthetic_scenario_generator,26006
2023-03-04,IND_PAR,1.8,2.45,1.0,True,synthetic_scenario_generator,26006
2023-03-05,IND_PAR,1.48,2.13,1.0,True,synthetic_scenario_generator,26006
2023-03-06,IND_PAR,1.2,1.85,1.0,True,synthetic_scenario_generator,26006
2023-03-07,IND_PAR,0.82,1.47,1.0,True,synthetic_scenario_generator,26006
2023-03-08,IND_PAR,0.58,1.23,1.0,True,synthetic_scenario_generator,26006
2023-03-09,IND_PAR,0.48,1.13,1.0,True,synthetic_scenario_generator,26006
2023-03-10,IND_PAR,0.57,1.22,1.0,True,synthetic_scenario_generator,26006
2023-03-11,IND_PAR,0.71,1.36,1.0,True,synthetic_scenario_generator,26006
2023-03-12,IND_PAR,1.15,1.8,1.0,True,synthetic_scenario_generator,26006
2023-03-13,IND_PAR,1.38,2.03,1.0,True,synthetic_scenario_generator,26006
2023-03-14,IND_PAR,1.61,2.26,1.0,True,synthetic_scenario_generator,26006
2023-03-15,IND_PAR,1.78,2.43,1.0,True,synthetic_scenario_generator,26006
2023-03-16,IND_PAR,2.07,2.72,1.0,True,synthetic_scenario_generator,26006
2023-03-17,IND_PAR,2.03,2.68,1.0,True,synthetic_scenario_generator,26006
2023-03-18,IND_PAR,1.87,2.52,1.0,True,synthetic_scenario_generator,26006
2023-03-19,IND_PAR,1.53,2.18,1.0,True,synthetic_scenario_generator,26006
2023-03-20,IND_PAR,1.2,1.85,1.0,True,synthetic_scenario_generator,26006
2023-03-21,IND_PAR,0.95,1.6,1.0,True,synthetic_scenario_generator,26006
2023-03-22,IND_PAR,0.81,1.46,1.0,True,synthetic_scenario_generator,26006
2023-03-23,IND_PAR,0.49,1.14,1.0,True,synthetic_scenario_generator,26006
2023-03-24,IND_PAR,0.47,1.12,1.0,True,synthetic_scenario_generator,26006
2023-03-25,IND_PAR,0.46,1.11,1.0,True,synthetic_scenario_generator,26006
2023-03-26,IND_PAR,0.7,1.35,1.0,True,synthetic_scenario_generator,26006
2023-03-27,IND_PAR,1.08,1.73,1.0,True,synthetic_scenario_generator,26006
2023-03-28,IND_PAR,1.29,1.94,1.0,True,synthetic_scenario_generator,26006
2023-03-29,IND_PAR,1.72,2.37,1.0,True,synthetic_scenario_generator,26006
2023-03-30,IND_PAR,1.88,2.53,1.0,True,synthetic_scenario_generator,26006
2023-03-31,IND_PAR,1.84,2.49,1.0,True,synthetic_scenario_generator,26006
2023-04-01,IND_PAR,1.97,2.62,1.0,True,synthetic_scenario_generator,26006
2023-04-02,IND_PAR,1.81,2.46,1.0,True,synthetic_scenario_generator,26006
2023-04-03,IND_PAR,1.62,2.27,1.0,True,synthetic_scenario_generator,26006
2023-04-04,IND_PAR,1.35,2.0,1.0,True,synthetic_scenario_generator,26006
2023-04-05,IND_PAR,0.89,1.54,1.0,True,synthetic_scenario_generator,26006
2023-04-06,IND_PAR,0.64,1.29,1.0,True,synthetic_scenario_generator,26006
2023-04-07,IND_PAR,0.49,1.14,1.0,True,synthetic_scenario_generator,26006
2023-04-08,IND_PAR,0.56,1.21,1.0,True,synthetic_scenario_generator,26006
2023-04-09,IND_PAR,0.69,1.34,1.0,True,synthetic_scenario_generator,26006
2023-04-10,IND_PAR,0.89,1.54,1.0,True,synthetic_scenario_generator,26006
2023-04-11,IND_PAR,1.01,1.66,1.0,True,synthetic_scenario_generator,26006
2023-04-12,IND_PAR,1.41,2.06,1.0,True,synthetic_scenario_generator,26006
2023-04-13,IND_PAR,1.56,2.21,1.0,True,synthetic_scenario_generator,26006
2023-04-14,IND_PAR,2.01,2.66,1.0,True,synthetic_scenario_generator,26006
2023-04-15,IND_PAR,1.96,2.61,1.0,True,synthetic_scenario_generator,26006
2023-04-16,IND_PAR,2.01,2.66,1.0,True,synthetic_scenario_generator,26006
2023-04-17,IND_PAR,1.8,2.45,1.0,True,synthetic_scenario_generator,26006
2023-04-18,IND_PAR,1.35,2.0,1.0,True,synthetic_scenario_generator,26006
2023-04-19,IND_PAR,1.15,1.8,1.0,True,synthetic_scenario_generator,26006
2023-04-20,IND_PAR,0.77,1.42,1.0,True,synthetic_scenario_generator,26006
2023-04-21,IND_PAR,0.64,1.29,1.0,True,synthetic_scenario_generator,26006
2023-04-22,IND_PAR,0.42,1.07,1.0,True,synthetic_scenario_generator,26006
2023-04-23,IND_PAR,0.38,1.03,1.0,True,synthetic_scenario_generator,26006
2023-04-24,IND_PAR,0.63,1.28,1.0,True,synthetic_scenario_generator,26006
2023-04-25,IND_PAR,0.92,1.57,1.0,True,synthetic_scenario_generator,26006
2023-04-26,IND_PAR,1.07,1.72,1.0,True,synthetic_scenario_generator,26006
2023-04-27,IND_PAR,1.39,2.04,1.0,True,synthetic_scenario_generator,26006
2023-04-28,IND_PAR,1.67,2.32,1.0,True,synthetic_scenario_generator,26006
2023-04-29,IND_PAR,1.88,2.53,1.0,True,synthetic_scenario_generator,26006
2023-04-30,IND_PAR,1.94,2.59,1.0,True,synthetic_scenario_generator,26006
2023-05-01,IND_PAR,1.9,2.55,1.0,True,synthetic_scenario_generator,26006
2023-05-02,IND_PAR,1.61,2.26,1.0,True,synthetic_scenario_generator,26006
2023-05-03,IND_PAR,1.29,1.94,1.0,True,synthetic_scenario_generator,26006
2023-05-04,IND_PAR,1.13,1.78,1.0,True,synthetic_scenario_generator,26006
2023-05-05,IND_PAR,0.88,1.53,1.0,True,synthetic_scenario_generator,26006
2023-05-06,IND_PAR,0.67,1.32,1.0,True,synthetic_scenario_generator,26006
2023-05-07,IND_PAR,0.42,1.07,1.0,True,synthetic_scenario_generator,26006
2023-05-08,IND_PAR,0.64,1.29,1.0,True,synthetic_scenario_generator,26006
2023-05-09,IND_PAR,0.74,1.39,1.0,True,synthetic_scenario_generator,26006
2023-05-10,IND_PAR,0.89,1.54,1.0,True,synthetic_scenario_generator,26006
2023-05-11,IND_PAR,1.43,2.08,1.0,True,synthetic_scenario_generator,26006
2023-05-12,IND_PAR,1.66,2.31,1.0,True,synthetic_scenario_generator,26006
2023-05-13,IND_PAR,1.92,2.57,1.0,True,synthetic_scenario_generator,26006
2023-05-14,IND_PAR,1.98,2.63,1.0,True,synthetic_scenario_generator,26006
2023-05-15,IND_PAR,1.97,2.62,1.0,True,synthetic_scenario_generator,26006
2023-05-16,IND_PAR,1.93,2.58,1.0,True,synthetic_scenario_generator,26006
2023-05-17,IND_PAR,1.69,2.34,1.0,True,synthetic_scenario_generator,26006
2023-05-18,IND_PAR,1.41,2.06,1.0,True,synthetic_scenario_generator,26006
2023-05-19,IND_PAR,0.99,1.64,1.0,True,synthetic_scenario_generator,26006
2023-05-20,IND_PAR,0.88,1.53,1.0,True,synthetic_scenario_generator,26006
2023-05-21,IND_PAR,0.41,1.06,1.0,True,synthetic_scenario_generator,26006
2023-05-22,IND_PAR,0.37,1.02,1.0,True,synthetic_scenario_generator,26006
2023-05-23,IND_PAR,0.48,1.13,1.0,True,synthetic_scenario_generator,26006
2023-05-24,IND_PAR,0.71,1.36,1.0,True,synthetic_scenario_generator,26006
2023-05-25,IND_PAR,1.13,1.78,1.0,True,synthetic_scenario_generator,26006
2023-05-26,IND_PAR,1.33,1.98,1.0,True,synthetic_scenario_generator,26006
2023-05-27,IND_PAR,1.7,2.35,1.0,True,synthetic_scenario_generator,26006
2023-05-28,IND_PAR,1.95,2.6,1.0,True,synthetic_scenario_generator,26006
2023-05-29,IND_PAR,2.03,2.68,1.0,True,synthetic_scenario_generator,26006
2023-05-30,IND_PAR,2.1,2.75,1.0,True,synthetic_scenario_generator,26006
2023-05-31,IND_PAR,1.88,2.53,1.0,True,synthetic_scenario_generator,26006
2023-06-01,IND_PAR,1.5,2.15,1.0,True,synthetic_scenario_generator,26006
2023-06-02,IND_PAR,1.24,1.89,1.0,True,synthetic_scenario_generator,26006
2023-06-03,IND_PAR,1.07,1.72,1.0,True,synthetic_scenario_generator,26006
2023-06-04,IND_PAR,0.82,1.47,1.0,True,synthetic_scenario_generator,26006
2023-06-05,IND_PAR,0.31,0.96,1.0,True,synthetic_scenario_generator,26006
2023-06-06,IND_PAR,0.45,1.1,1.0,True,synthetic_scenario_generator,26006
2023-06-07,IND_PAR,0.73,1.38,1.0,True,synthetic_scenario_generator,26006
2023-06-08,IND_PAR,0.78,1.43,1.0,True,synthetic_scenario_generator,26006
2023-06-09,IND_PAR,1.1,1.75,1.0,True,synthetic_scenario_generator,26006
2023-06-10,IND_PAR,1.61,2.26,1.0,True,synthetic_scenario_generator,26006
2023-06-11,IND_PAR,1.83,2.48,1.0,True,synthetic_scenario_generator,26006
2023-06-12,IND_PAR,1.92,2.57,1.0,True,synthetic_scenario_generator,26006
2023-06-13,IND_PAR,2.04,2.69,1.0,True,synthetic_scenario_generator,26006
2023-06-14,IND_PAR,1.95,2.6,1.0,True,synthetic_scenario_generator,26006
2023-06-15,IND_PAR,1.7,2.35,1.0,True,synthetic_scenario_generator,26006
2023-06-16,IND_PAR,1.56,2.21,1.0,True,synthetic_scenario_generator,26006
2023-06-17,IND_PAR,1.06,1.71,1.0,True,synthetic_scenario_generator,26006
2023-06-18,IND_PAR,1.01,1.66,1.0,True,synthetic_scenario_generator,26006
2023-06-19,IND_PAR,0.64,1.29,1.0,True,synthetic_scenario_generator,26006
2023-06-20,IND_PAR,0.51,1.16,1.0,True,synthetic_scenario_generator,26006
2023-06-21,IND_PAR,0.45,1.1,1.0,True,synthetic_scenario_generator,26006
2023-06-22,IND_PAR,0.7,1.35,1.0,True,synthetic_scenario_generator,26006
2023-06-23,IND_PAR,0.8,1.45,1.0,True,synthetic_scenario_generator,26006
2023-06-24,IND_PAR,0.94,1.59,1.0,True,synthetic_scenario_generator,26006
2023-06-25,IND_PAR,1.37,2.02,1.0,True,synthetic_scenario_generator,26006
2023-06-26,IND_PAR,1.8,2.45,1.0,True,synthetic_scenario_generator,26006
2023-06-27,IND_PAR,1.93,2.58,1.0,True,synthetic_scenario_generator,26006
2023-06-28,IND_PAR,1.89,2.54,1.0,True,synthetic_scenario_generator,26006
2023-06-29,IND_PAR,1.91,2.56,1.0,True,synthetic_scenario_generator,26006
2023-06-30,IND_PAR,1.49,2.14,1.0,True,synthetic_scenario_generator,26006
2023-07-01,IND_PAR,1.46,2.11,1.0,True,synthetic_scenario_generator,26006
2023-07-02,IND_PAR,1.19,1.84,1.0,True,synthetic_scenario_generator,26006
2023-07-03,IND_PAR,0.78,1.43,1.0,True,synthetic_scenario_generator,26006
2023-07-04,IND_PAR,0.61,1.26,1.0,True,synthetic_scenario_generator,26006
2023-07-05,IND_PAR,0.46,1.11,1.0,True,synthetic_scenario_generator,26006
2023-07-06,IND_PAR,0.64,1.29,1.0,True,synthetic_scenario_generator,26006
2023-07-07,IND_PAR,0.79,1.44,1.0,True,synthetic_scenario_generator,26006
2023-07-08,IND_PAR,0.86,1.51,1.0,True,synthetic_scenario_generator,26006
2023-07-09,IND_PAR,1.27,1.92,1.0,True,synthetic_scenario_generator,26006
2023-07-10,IND_PAR,1.45,2.1,1.0,True,synthetic_scenario_generator,26006
2023-07-11,IND_PAR,1.75,2.4,1.0,True,synthetic_scenario_generator,26006
2023-07-12,IND_PAR,1.84,2.49,1.0,True,synthetic_scenario_generator,26006
2023-07-13,IND_PAR,2.05,2.7,1.0,True,synthetic_scenario_generator,26006
2023-07-14,IND_PAR,1.72,2.37,1.0,True,synthetic_scenario_generator,26006
2023-07-15,IND_PAR,1.69,2.34,1.0,True,synthetic_scenario_generator,26006
2023-07-16,IND_PAR,1.16,1.81,1.0,True,synthetic_scenario_generator,26006
2023-07-17,IND_PAR,1.07,1.72,1.0,True,synthetic_scenario_generator,26006
2023-07-18,IND_PAR,0.74,1.39,1.0,True,synthetic_scenario_generator,26006
2023-07-19,IND_PAR,0.57,1.22,1.0,True,synthetic_scenario_generator,26006
2023-07-20,IND_PAR,0.53,1.18,1.0,True,synthetic_scenario_generator,26006
2023-07-21,IND_PAR,0.61,1.26,1.0,True,synthetic_scenario_generator,26006
2023-07-22,IND_PAR,0.69,1.34,1.0,True,synthetic_scenario_generator,26006
2023-07-23,IND_PAR,1.01,1.66,1.0,True,synthetic_scenario_generator,26006
2023-07-24,IND_PAR,1.43,2.08,1.0,True,synthetic_scenario_generator,26006
2023-07-25,IND_PAR,1.65,2.3,1.0,True,synthetic_scenario_generator,26006
2023-07-26,IND_PAR,1.91,2.56,1.0,True,synthetic_scenario_generator,26006
2023-07-27,IND_PAR,2.19,2.84,1.0,True,synthetic_scenario_generator,26006
2023-07-28,IND_PAR,1.94,2.59,1.0,True,synthetic_scenario_generator,26006
2023-07-29,IND_PAR,1.81,2.46,1.0,True,synthetic_scenario_generator,26006
2023-07-30,IND_PAR,1.51,2.16,1.0,True,synthetic_scenario_generator,26006
2023-07-31,IND_PAR,1.29,1.94,1.0,True,synthetic_scenario_generator,26006
2023-08-01,IND_PAR,0.96,1.61,1.0,True,synthetic_scenario_generator,26006
2023-08-02,IND_PAR,0.74,1.39,1.0,True,synthetic_scenario_generator,26006
2023-08-03,IND_PAR,0.57,1.22,1.0,True,synthetic_scenario_generator,26006
2023-08-04,IND_PAR,0.63,1.28,1.0,True,synthetic_scenario_generator,26006
2023-08-05,IND_PAR,0.56,1.21,1.0,True,synthetic_scenario_generator,26006
2023-08-06,IND_PAR,0.69,1.34,1.0,True,synthetic_scenario_generator,26006
2023-08-07,IND_PAR,1.2,1.85,1.0,True,synthetic_scenario_generator,26006
2023-08-08,IND_PAR,1.44,2.09,1.0,True,synthetic_scenario_generator,26006
2023-08-09,IND_PAR,1.74,2.39,1.0,True,synthetic_scenario_generator,26006
2023-08-10,IND_PAR,2.09,2.74,1.0,True,synthetic_scenario_generator,26006
2023-08-11,IND_PAR,2.16,2.81,1.0,True,synthetic_scenario_generator,26006
2023-08-12,IND_PAR,1.86,2.51,1.0,True,synthetic_scenario_generator,26006
2023-08-13,IND_PAR,1.84,2.49,1.0,True,synthetic_scenario_generator,26006
2023-08-14,IND_PAR,1.46,2.11,1.0,True,synthetic_scenario_generator,26006
2023-08-15,IND_PAR,1.15,1.8,1.0,True,synthetic_scenario_generator,26006
2023-08-16,IND_PAR,0.94,1.59,1.0,True,synthetic_scenario_generator,26006
2023-08-17,IND_PAR,0.64,1.29,1.0,True,synthetic_scenario_generator,26006
2023-08-18,IND_PAR,0.58,1.23,1.0,True,synthetic_scenario_generator,26006
2023-08-19,IND_PAR,0.66,1.31,1.0,True,synthetic_scenario_generator,26006
2023-08-20,IND_PAR,0.61,1.26,1.0,True,synthetic_scenario_generator,26006
2023-08-21,IND_PAR,0.96,1.61,1.0,True,synthetic_scenario_generator,26006
2023-08-22,IND_PAR,1.19,1.84,1.0,True,synthetic_scenario_generator,26006
2023-08-23,IND_PAR,1.56,2.21,1.0,True,synthetic_scenario_generator,26006
2023-08-24,IND_PAR,1.71,2.36,1.0,True,synthetic_scenario_generator,26006
2023-08-25,IND_PAR,1.93,2.58,1.0,True,synthetic_scenario_generator,26006
2023-08-26,IND_PAR,1.87,2.52,1.0,True,synthetic_scenario_generator,26006
2023-08-27,IND_PAR,1.79,2.44,1.0,True,synthetic_scenario_generator,26006
2023-08-28,IND_PAR,1.76,2.41,1.0,True,synthetic_scenario_generator,26006
2023-08-29,IND_PAR,1.45,2.1,1.0,True,synthetic_scenario_generator,26006
2023-08-30,IND_PAR,1.35,2.0,1.0,True,synthetic_scenario_generator,26006
2023-08-31,IND_PAR,0.81,1.46,1.0,True,synthetic_scenario_generator,26006
2023-09-01,IND_PAR,0.64,1.29,1.0,True,synthetic_scenario_generator,26006
2023-09-02,IND_PAR,0.66,1.31,1.0,True,synthetic_scenario_generator,26006
2023-09-03,IND_PAR,0.5,1.15,1.0,True,synthetic_scenario_generator,26006
2023-09-04,IND_PAR,0.68,1.33,1.0,True,synthetic_scenario_generator,26006
2023-09-05,IND_PAR,0.91,1.56,1.0,True,synthetic_scenario_generator,26006
2023-09-06,IND_PAR,1.19,1.84,1.0,True,synthetic_scenario_generator,26006
2023-09-07,IND_PAR,1.49,2.14,1.0,True,synthetic_scenario_generator,26006
2023-09-08,IND_PAR,1.86,2.51,1.0,True,synthetic_scenario_generator,26006
2023-09-09,IND_PAR,1.88,2.53,1.0,True,synthetic_scenario_generator,26006
2023-09-10,IND_PAR,1.91,2.56,1.0,True,synthetic_scenario_generator,26006
2023-09-11,IND_PAR,1.95,2.6,1.0,True,synthetic_scenario_generator,26006
2023-09-12,IND_PAR,1.66,2.31,1.0,True,synthetic_scenario_generator,26006
2023-09-13,IND_PAR,1.44,2.09,1.0,True,synthetic_scenario_generator,26006
2023-09-14,IND_PAR,1.01,1.66,1.0,True,synthetic_scenario_generator,26006
2023-09-15,IND_PAR,0.91,1.56,1.0,True,synthetic_scenario_generator,26006
2023-09-16,IND_PAR,0.56,1.21,1.0,True,synthetic_scenario_generator,26006
2023-09-17,IND_PAR,0.48,1.13,1.0,True,synthetic_scenario_generator,26006
2023-09-18,IND_PAR,0.57,1.22,1.0,True,synthetic_scenario_generator,26006
2023-09-19,IND_PAR,0.82,1.47,1.0,True,synthetic_scenario_generator,26006
2023-09-20,IND_PAR,1.03,1.68,1.0,True,synthetic_scenario_generator,26006
2023-09-21,IND_PAR,1.42,2.07,1.0,True,synthetic_scenario_generator,26006
2023-09-22,IND_PAR,1.51,2.16,1.0,True,synthetic_scenario_generator,26006
2023-09-23,IND_PAR,1.72,2.37,1.0,True,synthetic_scenario_generator,26006
2023-09-24,IND_PAR,1.85,2.5,1.0,True,synthetic_scenario_generator,26006
2023-09-25,IND_PAR,1.81,2.46,1.0,True,synthetic_scenario_generator,26006
2023-09-26,IND_PAR,1.81,2.46,1.0,True,synthetic_scenario_generator,26006
2023-09-27,IND_PAR,1.66,2.31,1.0,True,synthetic_scenario_generator,26006
2023-09-28,IND_PAR,1.4,2.05,1.0,True,synthetic_scenario_generator,26006
2023-09-29,IND_PAR,1.08,1.73,1.0,True,synthetic_scenario_generator,26006
2023-09-30,IND_PAR,0.61,1.26,1.0,True,synthetic_scenario_generator,26006
2023-10-01,IND_PAR,0.49,1.14,1.0,True,synthetic_scenario_generator,26006
2023-10-02,IND_PAR,0.37,1.02,1.0,True,synthetic_scenario_generator,26006
2023-10-03,IND_PAR,0.6,1.25,1.0,True,synthetic_scenario_generator,26006
2023-10-04,IND_PAR,0.77,1.42,1.0,True,synthetic_scenario_generator,26006
2023-10-05,IND_PAR,1.09,1.74,1.0,True,synthetic_scenario_generator,26006
2023-10-06,IND_PAR,1.44,2.09,1.0,True,synthetic_scenario_generator,26006
2023-10-07,IND_PAR,1.55,2.2,1.0,True,synthetic_scenario_generator,26006
2023-10-08,IND_PAR,1.77,2.42,1.0,True,synthetic_scenario_generator,26006
2023-10-09,IND_PAR,1.94,2.59,1.0,True,synthetic_scenario_generator,26006
2023-10-10,IND_PAR,2.05,2.7,1.0,True,synthetic_scenario_generator,26006
2023-10-11,IND_PAR,1.89,2.54,1.0,True,synthetic_scenario_generator,26006
2023-10-12,IND_PAR,1.56,2.21,1.0,True,synthetic_scenario_generator,26006
2023-10-13,IND_PAR,1.13,1.78,1.0,True,synthetic_scenario_generator,26006
2023-10-14,IND_PAR,0.84,1.49,1.0,True,synthetic_scenario_generator,26006
2023-10-15,IND_PAR,0.55,1.2,1.0,True,synthetic_scenario_generator,26006
2023-10-16,IND_PAR,0.63,1.28,1.0,True,synthetic_scenario_generator,26006
2023-10-17,IND_PAR,0.52,1.17,1.0,True,synthetic_scenario_generator,26006
2023-10-18,IND_PAR,0.56,1.21,1.0,True,synthetic_scenario_generator,26006
2023-10-19,IND_PAR,0.78,1.43,1.0,True,synthetic_scenario_generator,26006
2023-10-20,IND_PAR,1.12,1.77,1.0,True,synthetic_scenario_generator,26006
2023-10-21,IND_PAR,1.43,2.08,1.0,True,synthetic_scenario_generator,26006
2023-10-22,IND_PAR,1.74,2.39,1.0,True,synthetic_scenario_generator,26006
2023-10-23,IND_PAR,2.05,2.7,1.0,True,synthetic_scenario_generator,26006
2023-10-24,IND_PAR,1.92,2.57,1.0,True,synthetic_scenario_generator,26006
2023-10-25,IND_PAR,1.89,2.54,1.0,True,synthetic_scenario_generator,26006
2023-10-26,IND_PAR,1.76,2.41,1.0,True,synthetic_scenario_generator,26006
2023-10-27,IND_PAR,1.28,1.93,1.0,True,synthetic_scenario_generator,26006
2023-10-28,IND_PAR,1.19,1.84,1.0,True,synthetic_scenario_generator,26006
2023-10-29,IND_PAR,0.98,1.63,1.0,True,synthetic_scenario_generator,26006
2023-10-30,IND_PAR,0.72,1.37,1.0,True,synthetic_scenario_generator,26006
2023-10-31,IND_PAR,0.43,1.08,1.0,True,synthetic_scenario_generator,26006
2023-11-01,IND_PAR,0.53,1.18,1.0,True,synthetic_scenario_generator,26006
2023-11-02,IND_PAR,0.64,1.29,1.0,True,synthetic_scenario_generator,26006
2023-11-03,IND_PAR,0.87,1.52,1.0,True,synthetic_scenario_generator,26006
2023-11-04,IND_PAR,1.04,1.69,1.0,True,synthetic_scenario_generator,26006
2023-11-05,IND_PAR,1.59,2.24,1.0,True,synthetic_scenario_generator,26006
2023-11-06,IND_PAR,1.76,2.41,1.0,True,synthetic_scenario_generator,26006
2023-11-07,IND_PAR,1.91,2.56,1.0,True,synthetic_scenario_generator,26006
2023-11-08,IND_PAR,1.85,2.5,1.0,True,synthetic_scenario_generator,26006
2023-11-09,IND_PAR,1.93,2.58,1.0,True,synthetic_scenario_generator,26006
2023-11-10,IND_PAR,1.7,2.35,1.0,True,synthetic_scenario_generator,26006
2023-11-11,IND_PAR,1.53,2.18,1.0,True,synthetic_scenario_generator,26006
2023-11-12,IND_PAR,1.17,1.82,1.0,True,synthetic_scenario_generator,26006
2023-11-13,IND_PAR,0.82,1.47,1.0,True,synthetic_scenario_generator,26006
2023-11-14,IND_PAR,0.58,1.23,1.0,True,synthetic_scenario_generator,26006
2023-11-15,IND_PAR,0.27,0.92,1.0,True,synthetic_scenario_generator,26006
2023-11-16,IND_PAR,0.27,0.92,1.0,True,synthetic_scenario_generator,26006
2023-11-17,IND_PAR,0.59,1.24,1.0,True,synthetic_scenario_generator,26006
2023-11-18,IND_PAR,0.84,1.49,1.0,True,synthetic_scenario_generator,26006
2023-11-19,IND_PAR,1.38,2.03,1.0,True,synthetic_scenario_generator,26006
2023-11-20,IND_PAR,1.63,2.28,1.0,True,synthetic_scenario_generator,26006
2023-11-21,IND_PAR,1.8,2.45,1.0,True,synthetic_scenario_generator,26006
2023-11-22,IND_PAR,1.87,2.52,1.0,True,synthetic_scenario_generator,26006
2023-11-23,IND_PAR,1.91,2.56,1.0,True,synthetic_scenario_generator,26006
2023-11-24,IND_PAR,1.88,2.53,1.0,True,synthetic_scenario_generator,26006
2023-11-25,IND_PAR,1.57,2.22,1.0,True,synthetic_scenario_generator,26006
2023-11-26,IND_PAR,1.46,2.11,1.0,True,synthetic_scenario_generator,26006
2023-11-27,IND_PAR,1.0,1.65,1.0,True,synthetic_scenario_generator,26006
2023-11-28,IND_PAR,0.8,1.45,1.0,True,synthetic_scenario_generator,26006
2023-11-29,IND_PAR,0.64,1.29,1.0,True,synthetic_scenario_generator,26006
2023-11-30,IND_PAR,0.64,1.29,1.0,True,synthetic_scenario_generator,26006
2023-12-01,IND_PAR,0.63,1.28,1.0,True,synthetic_scenario_generator,26006
2023-12-02,IND_PAR,0.67,1.32,1.0,True,synthetic_scenario_generator,26006
2023-12-03,IND_PAR,0.99,1.64,1.0,True,synthetic_scenario_generator,26006
2023-12-04,IND_PAR,1.48,2.13,1.0,True,synthetic_scenario_generator,26006
2023-12-05,IND_PAR,1.65,2.3,1.0,True,synthetic_scenario_generator,26006
2023-12-06,IND_PAR,2.0,2.65,1.0,True,synthetic_scenario_generator,26006
2023-12-07,IND_PAR,2.07,2.72,1.0,True,synthetic_scenario_generator,26006
2023-12-08,IND_PAR,1.88,2.53,1.0,True,synthetic_scenario_generator,26006
2023-12-09,IND_PAR,1.95,2.6,1.0,True,synthetic_scenario_generator,26006
2023-12-10,IND_PAR,1.62,2.27,1.0,True,synthetic_scenario_generator,26006
2023-12-11,IND_PAR,1.36,2.01,1.0,True,synthetic_scenario_generator,26006
2023-12-12,IND_PAR,0.93,1.58,1.0,True,synthetic_scenario_generator,26006
2023-12-13,IND_PAR,0.62,1.27,1.0,True,synthetic_scenario_generator,26006
2023-12-14,IND_PAR,0.58,1.23,1.0,True,synthetic_scenario_generator,26006
2023-12-15,IND_PAR,0.64,1.29,1.0,True,synthetic_scenario_generator,26006
2023-12-16,IND_PAR,0.69,1.34,1.0,True,synthetic_scenario_generator,26006
2023-12-17,IND_PAR,0.75,1.4,1.0,True,synthetic_scenario_generator,26006
2023-12-18,IND_PAR,0.95,1.6,1.0,True,synthetic_scenario_generator,26006
2023-12-19,IND_PAR,1.38,2.03,1.0,True,synthetic_scenario_generator,26006
2023-12-20,IND_PAR,1.71,2.36,1.0,True,synthetic_scenario_generator,26006
2023-12-21,IND_PAR,1.93,2.58,1.0,True,synthetic_scenario_generator,26006
2023-12-22,IND_PAR,2.06,2.71,1.0,True,synthetic_scenario_generator,26006
2023-12-23,IND_PAR,1.89,2.54,1.0,True,synthetic_scenario_generator,26006
2023-12-24,IND_PAR,1.66,2.31,1.0,True,synthetic_scenario_generator,26006
2023-12-25,IND_PAR,1.53,2.18,1.0,True,synthetic_scenario_generator,26006
2023-12-26,IND_PAR,1.1,1.75,1.0,True,synthetic_scenario_generator,26006
2023-12-27,IND_PAR,0.85,1.5,1.0,True,synthetic_scenario_generator,26006
2023-12-28,IND_PAR,0.6,1.25,1.0,True,synthetic_scenario_generator,26006
2023-12-29,IND_PAR,0.52,1.17,1.0,True,synthetic_scenario_generator,26006
2023-12-30,IND_PAR,0.41,1.06,1.0,True,synthetic_scenario_generator,26006
2023-12-31,IND_PAR,0.7,1.35,1.0,True,synthetic_scenario_generator,26006
2024-01-01,IND_PAR,0.83,1.48,1.0,True,synthetic_scenario_generator,26006
2024-01-02,IND_PAR,1.17,1.82,1.0,True,synthetic_scenario_generator,26006
2024-01-03,IND_PAR,1.69,2.34,1.0,True,synthetic_scenario_generator,26006
2024-01-04,IND_PAR,1.77,2.42,1.0,True,synthetic_scenario_generator,26006
2024-01-05,IND_PAR,2.0,2.65,1.0,True,synthetic_scenario_generator,26006
2024-01-06,IND_PAR,1.96,2.61,1.0,True,synthetic_scenario_generator,26006
2024-01-07,IND_PAR,2.03,2.68,1.0,True,synthetic_scenario_generator,26006
2024-01-08,IND_PAR,1.75,2.4,1.0,True,synthetic_scenario_generator,26006
2024-01-09,IND_PAR,1.39,2.04,1.0,True,synthetic_scenario_generator,26006
2024-01-10,IND_PAR,1.17,1.82,1.0,True,synthetic_scenario_generator,26006
2024-01-11,IND_PAR,0.88,1.53,1.0,True,synthetic_scenario_generator,26006
2024-01-12,IND_PAR,0.65,1.3,1.0,True,synthetic_scenario_generator,26006
2024-01-13,IND_PAR,0.57,1.22,1.0,True,synthetic_scenario_generator,26006
2024-01-14,IND_PAR,0.63,1.28,1.0,True,synthetic_scenario_generator,26006
2024-01-15,IND_PAR,0.57,1.22,1.0,True,synthetic_scenario_generator,26006
2024-01-16,IND_PAR,0.92,1.57,1.0,True,synthetic_scenario_generator,26006
2024-01-17,IND_PAR,1.34,1.99,1.0,True,synthetic_scenario_generator,26006
2024-01-18,IND_PAR,1.53,2.18,1.0,True,synthetic_scenario_generator,26006
2024-01-19,IND_PAR,1.78,2.43,1.0,True,synthetic_scenario_generator,26006
2024-01-20,IND_PAR,2.17,2.82,1.0,True,synthetic_scenario_generator,26006
2024-01-21,IND_PAR,1.91,2.56,1.0,True,synthetic_scenario_generator,26006
2024-01-22,IND_PAR,1.77,2.42,1.0,True,synthetic_scenario_generator,26006
2024-01-23,IND_PAR,1.78,2.43,1.0,True,synthetic_scenario_generator,26006
2024-01-24,IND_PAR,1.32,1.97,1.0,True,synthetic_scenario_generator,26006
2024-01-25,IND_PAR,0.94,1.59,1.0,True,synthetic_scenario_generator,26006
2024-01-26,IND_PAR,0.91,1.56,1.0,True,synthetic_scenario_generator,26006
2024-01-27,IND_PAR,0.8,1.45,1.0,True,synthetic_scenario_generator,26006
2024-01-28,IND_PAR,0.42,1.07,1.0,True,synthetic_scenario_generator,26006
2024-01-29,IND_PAR,0.58,1.23,1.0,True,synthetic_scenario_generator,26006
2024-01-30,IND_PAR,0.69,1.34,1.0,True,synthetic_scenario_generator,26006
2024-01-31,IND_PAR,0.98,1.63,1.0,True,synthetic_scenario_generator,26006
2024-02-01,IND_PAR,1.45,2.1,1.0,True,synthetic_scenario_generator,26006
2024-02-02,IND_PAR,1.5,2.15,1.0,True,synthetic_scenario_generator,26006
2024-02-03,IND_PAR,1.92,2.57,1.0,True,synthetic_scenario_generator,26006
2024-02-04,IND_PAR,2.08,2.73,1.0,True,synthetic_scenario_generator,26006
2024-02-05,IND_PAR,1.93,2.58,1.0,True,synthetic_scenario_generator,26006
2024-02-06,IND_PAR,1.72,2.37,1.0,True,synthetic_scenario_generator,26006
2024-02-07,IND_PAR,1.67,2.32,1.0,True,synthetic_scenario_generator,26006
2024-02-08,IND_PAR,1.26,1.91,1.0,True,synthetic_scenario_generator,26006
2024-02-09,IND_PAR,0.92,1.57,1.0,True,synthetic_scenario_generator,26006
2024-02-10,IND_PAR,0.68,1.33,1.0,True,synthetic_scenario_generator,26006
2024-02-11,IND_PAR,0.52,1.17,1.0,True,synthetic_scenario_generator,26006
2024-02-12,IND_PAR,0.58,1.23,1.0,True,synthetic_scenario_generator,26006
2024-02-13,IND_PAR,0.6,1.25,1.0,True,synthetic_scenario_generator,26006
2024-02-14,IND_PAR,0.76,1.41,1.0,True,synthetic_scenario_generator,26006
2024-02-15,IND_PAR,1.07,1.72,1.0,True,synthetic_scenario_generator,26006
2024-02-16,IND_PAR,1.43,2.08,1.0,True,synthetic_scenario_generator,26006
2024-02-17,IND_PAR,1.38,2.03,1.0,True,synthetic_scenario_generator,26006
2024-02-18,IND_PAR,1.91,2.56,1.0,True,synthetic_scenario_generator,26006
2024-02-19,IND_PAR,1.97,2.62,1.0,True,synthetic_scenario_generator,26006
2024-02-20,IND_PAR,1.93,2.58,1.0,True,synthetic_scenario_generator,26006
2024-02-21,IND_PAR,1.83,2.48,1.0,True,synthetic_scenario_generator,26006
2024-02-22,IND_PAR,1.65,2.3,1.0,True,synthetic_scenario_generator,26006
2024-02-23,IND_PAR,1.25,1.9,1.0,True,synthetic_scenario_generator,26006
2024-02-24,IND_PAR,0.83,1.48,1.0,True,synthetic_scenario_generator,26006
2024-02-25,IND_PAR,0.82,1.47,1.0,True,synthetic_scenario_generator,26006
2024-02-26,IND_PAR,0.51,1.16,1.0,True,synthetic_scenario_generator,26006
2024-02-27,IND_PAR,0.54,1.19,1.0,True,synthetic_scenario_generator,26006
2024-02-28,IND_PAR,0.77,1.42,1.0,True,synthetic_scenario_generator,26006
2024-02-29,IND_PAR,0.9,1.55,1.0,True,synthetic_scenario_generator,26006
2024-03-01,IND_PAR,1.15,1.8,1.0,True,synthetic_scenario_generator,26006
2024-03-02,IND_PAR,1.37,2.02,1.0,True,synthetic_scenario_generator,26006
2024-03-03,IND_PAR,1.88,2.53,1.0,True,synthetic_scenario_generator,26006
2024-03-04,IND_PAR,1.76,2.41,1.0,True,synthetic_scenario_generator,26006
2024-03-05,IND_PAR,2.08,2.73,1.0,True,synthetic_scenario_generator,26006
2024-03-06,IND_PAR,2.03,2.68,1.0,True,synthetic_scenario_generator,26006
2024-03-07,IND_PAR,1.61,2.26,1.0,True,synthetic_scenario_generator,26006
2024-03-08,IND_PAR,1.35,2.0,1.0,True,synthetic_scenario_generator,26006
2024-03-09,IND_PAR,1.21,1.86,1.0,True,synthetic_scenario_generator,26006
2024-03-10,IND_PAR,0.76,1.41,1.0,True,synthetic_scenario_generator,26006
2024-03-11,IND_PAR,0.62,1.27,1.0,True,synthetic_scenario_generator,26006
2024-03-12,IND_PAR,0.59,1.24,1.0,True,synthetic_scenario_generator,26006
2024-03-13,IND_PAR,0.58,1.23,1.0,True,synthetic_scenario_generator,26006
2024-03-14,IND_PAR,0.59,1.24,1.0,True,synthetic_scenario_generator,26006
2024-03-15,IND_PAR,1.08,1.73,1.0,True,synthetic_scenario_generator,26006
2024-03-16,IND_PAR,1.33,1.98,1.0,True,synthetic_scenario_generator,26006
2024-03-17,IND_PAR,1.72,2.37,1.0,True,synthetic_scenario_generator,26006
2024-03-18,IND_PAR,1.68,2.33,1.0,True,synthetic_scenario_generator,26006
2024-03-19,IND_PAR,1.74,2.39,1.0,True,synthetic_scenario_generator,26006
2024-03-20,IND_PAR,1.9,2.55,1.0,True,synthetic_scenario_generator,26006
2024-03-21,IND_PAR,1.96,2.61,1.0,True,synthetic_scenario_generator,26006
2024-03-22,IND_PAR,1.59,2.24,1.0,True,synthetic_scenario_generator,26006
2024-03-23,IND_PAR,1.5,2.15,1.0,True,synthetic_scenario_generator,26006
2024-03-24,IND_PAR,0.87,1.52,1.0,True,synthetic_scenario_generator,26006
2024-03-25,IND_PAR,0.72,1.37,1.0,True,synthetic_scenario_generator,26006
2024-03-26,IND_PAR,0.66,1.31,1.0,True,synthetic_scenario_generator,26006
2024-03-27,IND_PAR,0.61,1.26,1.0,True,synthetic_scenario_generator,26006
2024-03-28,IND_PAR,0.55,1.2,1.0,True,synthetic_scenario_generator,26006
2024-03-29,IND_PAR,0.65,1.3,1.0,True,synthetic_scenario_generator,26006
2024-03-30,IND_PAR,1.02,1.67,1.0,True,synthetic_scenario_generator,26006
2024-03-31,IND_PAR,1.22,1.87,1.0,True,synthetic_scenario_generator,26006
2024-04-01,IND_PAR,1.71,2.36,1.0,True,synthetic_scenario_generator,26006
2024-04-02,IND_PAR,1.92,2.57,1.0,True,synthetic_scenario_generator,26006
2024-04-03,IND_PAR,2.12,2.77,1.0,True,synthetic_scenario_generator,26006
2024-04-04,IND_PAR,1.99,2.64,1.0,True,synthetic_scenario_generator,26006
2024-04-05,IND_PAR,1.89,2.54,1.0,True,synthetic_scenario_generator,26006
2024-04-06,IND_PAR,1.7,2.35,1.0,True,synthetic_scenario_generator,26006
2024-04-07,IND_PAR,1.27,1.92,1.0,True,synthetic_scenario_generator,26006
2024-04-08,IND_PAR,1.04,1.69,1.0,True,synthetic_scenario_generator,26006
2024-04-09,IND_PAR,0.83,1.48,1.0,True,synthetic_scenario_generator,26006
2024-04-10,IND_PAR,0.57,1.22,1.0,True,synthetic_scenario_generator,26006
2024-04-11,IND_PAR,0.65,1.3,1.0,True,synthetic_scenario_generator,26006
2024-04-12,IND_PAR,0.52,1.17,1.0,True,synthetic_scenario_generator,26006
2024-04-13,IND_PAR,0.86,1.51,1.0,True,synthetic_scenario_generator,26006
2024-04-14,IND_PAR,1.13,1.78,1.0,True,synthetic_scenario_generator,26006
2024-04-15,IND_PAR,1.43,2.08,1.0,True,synthetic_scenario_generator,26006
2024-04-16,IND_PAR,1.57,2.22,1.0,True,synthetic_scenario_generator,26006
2024-04-17,IND_PAR,2.02,2.67,1.0,True,synthetic_scenario_generator,26006
2024-04-18,IND_PAR,2.0,2.65,1.0,True,synthetic_scenario_generator,26006
2024-04-19,IND_PAR,2.1,2.75,1.0,True,synthetic_scenario_generator,26006
2024-04-20,IND_PAR,1.79,2.44,1.0,True,synthetic_scenario_generator,26006
2024-04-21,IND_PAR,1.47,2.12,1.0,True,synthetic_scenario_generator,26006
2024-04-22,IND_PAR,1.28,1.93,1.0,True,synthetic_scenario_generator,26006
2024-04-23,IND_PAR,1.0,1.65,1.0,True,synthetic_scenario_generator,26006
2024-04-24,IND_PAR,0.8,1.45,1.0,True,synthetic_scenario_generator,26006
2024-04-25,IND_PAR,0.66,1.31,1.0,True,synthetic_scenario_generator,26006
2024-04-26,IND_PAR,0.56,1.21,1.0,True,synthetic_scenario_generator,26006
2024-04-27,IND_PAR,0.65,1.3,1.0,True,synthetic_scenario_generator,26006
2024-04-28,IND_PAR,0.87,1.52,1.0,True,synthetic_scenario_generator,26006
2024-04-29,IND_PAR,0.96,1.61,1.0,True,synthetic_scenario_generator,26006
2024-04-30,IND_PAR,1.31,1.96,1.0,True,synthetic_scenario_generator,26006
2024-05-01,IND_PAR,1.6,2.25,1.0,True,synthetic_scenario_generator,26006
2024-05-02,IND_PAR,1.92,2.57,1.0,True,synthetic_scenario_generator,26006
2024-05-03,IND_PAR,2.17,2.82,1.0,True,synthetic_scenario_generator,26006
2024-05-04,IND_PAR,1.99,2.64,1.0,True,synthetic_scenario_generator,26006
2024-05-05,IND_PAR,1.58,2.23,1.0,True,synthetic_scenario_generator,26006
2024-05-06,IND_PAR,1.42,2.07,1.0,True,synthetic_scenario_generator,26006
2024-05-07,IND_PAR,1.24,1.89,1.0,True,synthetic_scenario_generator,26006
2024-05-08,IND_PAR,0.93,1.58,1.0,True,synthetic_scenario_generator,26006
2024-05-09,IND_PAR,0.69,1.34,1.0,True,synthetic_scenario_generator,26006
2024-05-10,IND_PAR,0.61,1.26,1.0,True,synthetic_scenario_generator,26006
2024-05-11,IND_PAR,0.52,1.17,1.0,True,synthetic_scenario_generator,26006
2024-05-12,IND_PAR,0.56,1.21,1.0,True,synthetic_scenario_generator,26006
2024-05-13,IND_PAR,0.95,1.6,1.0,True,synthetic_scenario_generator,26006
2024-05-14,IND_PAR,1.09,1.74,1.0,True,synthetic_scenario_generator,26006
2024-05-15,IND_PAR,1.3,1.95,1.0,True,synthetic_scenario_generator,26006
2024-05-16,IND_PAR,1.97,2.62,1.0,True,synthetic_scenario_generator,26006
2024-05-17,IND_PAR,1.98,2.63,1.0,True,synthetic_scenario_generator,26006
2024-05-18,IND_PAR,1.99,2.64,1.0,True,synthetic_scenario_generator,26006
2024-05-19,IND_PAR,1.98,2.63,1.0,True,synthetic_scenario_generator,26006
2024-05-20,IND_PAR,1.83,2.48,1.0,True,synthetic_scenario_generator,26006
2024-05-21,IND_PAR,1.44,2.09,1.0,True,synthetic_scenario_generator,26006
2024-05-22,IND_PAR,0.89,1.54,1.0,True,synthetic_scenario_generator,26006
2024-05-23,IND_PAR,0.77,1.42,1.0,True,synthetic_scenario_generator,26006
2024-05-24,IND_PAR,0.56,1.21,1.0,True,synthetic_scenario_generator,26006
2024-05-25,IND_PAR,0.46,1.11,1.0,True,synthetic_scenario_generator,26006
2024-05-26,IND_PAR,0.6,1.25,1.0,True,synthetic_scenario_generator,26006
2024-05-27,IND_PAR,0.62,1.27,1.0,True,synthetic_scenario_generator,26006
2024-05-28,IND_PAR,0.98,1.63,1.0,True,synthetic_scenario_generator,26006
2024-05-29,IND_PAR,1.26,1.91,1.0,True,synthetic_scenario_generator,26006
2024-05-30,IND_PAR,1.66,2.31,1.0,True,synthetic_scenario_generator,26006
2024-05-31,IND_PAR,1.85,2.5,1.0,True,synthetic_scenario_generator,26006
2024-06-01,IND_PAR,2.12,2.77,1.0,True,synthetic_scenario_generator,26006
2024-06-02,IND_PAR,1.88,2.53,1.0,True,synthetic_scenario_generator,26006
2024-06-03,IND_PAR,1.79,2.44,1.0,True,synthetic_scenario_generator,26006
2024-06-04,IND_PAR,1.55,2.2,1.0,True,synthetic_scenario_generator,26006
2024-06-05,IND_PAR,1.31,1.96,1.0,True,synthetic_scenario_generator,26006
2024-06-06,IND_PAR,1.0,1.65,1.0,True,synthetic_scenario_generator,26006
2024-06-07,IND_PAR,0.72,1.37,1.0,True,synthetic_scenario_generator,26006
2024-06-08,IND_PAR,0.51,1.16,1.0,True,synthetic_scenario_generator,26006
2024-06-09,IND_PAR,0.6,1.25,1.0,True,synthetic_scenario_generator,26006
2024-06-10,IND_PAR,0.5,1.15,1.0,True,synthetic_scenario_generator,26006
2024-06-11,IND_PAR,0.76,1.41,1.0,True,synthetic_scenario_generator,26006
2024-06-12,IND_PAR,1.21,1.86,1.0,True,synthetic_scenario_generator,26006
2024-06-13,IND_PAR,1.35,2.0,1.0,True,synthetic_scenario_generator,26006
2024-06-14,IND_PAR,1.7,2.35,1.0,True,synthetic_scenario_generator,26006
2024-06-15,IND_PAR,1.88,2.53,1.0,True,synthetic_scenario_generator,26006
2024-06-16,IND_PAR,1.87,2.52,1.0,True,synthetic_scenario_generator,26006
2024-06-17,IND_PAR,1.94,2.59,1.0,True,synthetic_scenario_generator,26006
2024-06-18,IND_PAR,1.79,2.44,1.0,True,synthetic_scenario_generator,26006
2024-06-19,IND_PAR,1.51,2.16,1.0,True,synthetic_scenario_generator,26006
2024-06-20,IND_PAR,1.22,1.87,1.0,True,synthetic_scenario_generator,26006
2024-06-21,IND_PAR,1.13,1.78,1.0,True,synthetic_scenario_generator,26006
2024-06-22,IND_PAR,0.75,1.4,1.0,True,synthetic_scenario_generator,26006
2024-06-23,IND_PAR,0.73,1.38,1.0,True,synthetic_scenario_generator,26006
2024-06-24,IND_PAR,0.58,1.23,1.0,True,synthetic_scenario_generator,26006
2024-06-25,IND_PAR,0.52,1.17,1.0,True,synthetic_scenario_generator,26006
2024-06-26,IND_PAR,0.86,1.51,1.0,True,synthetic_scenario_generator,26006
2024-06-27,IND_PAR,0.94,1.59,1.0,True,synthetic_scenario_generator,26006
2024-06-28,IND_PAR,1.41,2.06,1.0,True,synthetic_scenario_generator,26006
2024-06-29,IND_PAR,1.75,2.4,1.0,True,synthetic_scenario_generator,26006
2024-06-30,IND_PAR,1.75,2.4,1.0,True,synthetic_scenario_generator,26006
2024-07-01,IND_PAR,2.0,2.65,1.0,True,synthetic_scenario_generator,26006
2024-07-02,IND_PAR,2.06,2.71,1.0,True,synthetic_scenario_generator,26006
2024-07-03,IND_PAR,1.77,2.42,1.0,True,synthetic_scenario_generator,26006
2024-07-04,IND_PAR,1.54,2.19,1.0,True,synthetic_scenario_generator,26006
2024-07-05,IND_PAR,1.23,1.88,1.0,True,synthetic_scenario_generator,26006
2024-07-06,IND_PAR,0.78,1.43,1.0,True,synthetic_scenario_generator,26006
2024-07-07,IND_PAR,0.68,1.33,1.0,True,synthetic_scenario_generator,26006
2024-07-08,IND_PAR,0.55,1.2,1.0,True,synthetic_scenario_generator,26006
2024-07-09,IND_PAR,0.53,1.18,1.0,True,synthetic_scenario_generator,26006
2024-07-10,IND_PAR,0.59,1.24,1.0,True,synthetic_scenario_generator,26006
2024-07-11,IND_PAR,0.78,1.43,1.0,True,synthetic_scenario_generator,26006
2024-07-12,IND_PAR,1.2,1.85,1.0,True,synthetic_scenario_generator,26006
2024-07-13,IND_PAR,1.42,2.07,1.0,True,synthetic_scenario_generator,26006
2024-07-14,IND_PAR,1.69,2.34,1.0,True,synthetic_scenario_generator,26006
2024-07-15,IND_PAR,1.85,2.5,1.0,True,synthetic_scenario_generator,26006
2024-07-16,IND_PAR,1.96,2.61,1.0,True,synthetic_scenario_generator,26006
2024-07-17,IND_PAR,1.98,2.63,1.0,True,synthetic_scenario_generator,26006
2024-07-18,IND_PAR,1.55,2.2,1.0,True,synthetic_scenario_generator,26006
2024-07-19,IND_PAR,1.57,2.22,1.0,True,synthetic_scenario_generator,26006
2024-07-20,IND_PAR,1.11,1.76,1.0,True,synthetic_scenario_generator,26006
2024-07-21,IND_PAR,0.77,1.42,1.0,True,synthetic_scenario_generator,26006
2024-07-22,IND_PAR,0.61,1.26,1.0,True,synthetic_scenario_generator,26006
2024-07-23,IND_PAR,0.54,1.19,1.0,True,synthetic_scenario_generator,26006
2024-07-24,IND_PAR,0.6,1.25,1.0,True,synthetic_scenario_generator,26006
2024-07-25,IND_PAR,0.6,1.25,1.0,True,synthetic_scenario_generator,26006
2024-07-26,IND_PAR,0.94,1.59,1.0,True,synthetic_scenario_generator,26006
2024-07-27,IND_PAR,1.19,1.84,1.0,True,synthetic_scenario_generator,26006
2024-07-28,IND_PAR,1.45,2.1,1.0,True,synthetic_scenario_generator,26006
2024-07-29,IND_PAR,1.81,2.46,1.0,True,synthetic_scenario_generator,26006
2024-07-30,IND_PAR,1.98,2.63,1.0,True,synthetic_scenario_generator,26006
2024-07-31,IND_PAR,1.92,2.57,1.0,True,synthetic_scenario_generator,26006
2024-08-01,IND_PAR,1.87,2.52,1.0,True,synthetic_scenario_generator,26006
2024-08-02,IND_PAR,1.57,2.22,1.0,True,synthetic_scenario_generator,26006
2024-08-03,IND_PAR,1.5,2.15,1.0,True,synthetic_scenario_generator,26006
2024-08-04,IND_PAR,0.99,1.64,1.0,True,synthetic_scenario_generator,26006
2024-08-05,IND_PAR,0.86,1.51,1.0,True,synthetic_scenario_generator,26006
2024-08-06,IND_PAR,0.65,1.3,1.0,True,synthetic_scenario_generator,26006
2024-08-07,IND_PAR,0.51,1.16,1.0,True,synthetic_scenario_generator,26006
2024-08-08,IND_PAR,0.67,1.32,1.0,True,synthetic_scenario_generator,26006
2024-08-09,IND_PAR,0.8,1.45,1.0,True,synthetic_scenario_generator,26006
2024-08-10,IND_PAR,1.05,1.7,1.0,True,synthetic_scenario_generator,26006
2024-08-11,IND_PAR,1.4,2.05,1.0,True,synthetic_scenario_generator,26006
2024-08-12,IND_PAR,1.66,2.31,1.0,True,synthetic_scenario_generator,26006
2024-08-13,IND_PAR,1.77,2.42,1.0,True,synthetic_scenario_generator,26006
2024-08-14,IND_PAR,1.97,2.62,1.0,True,synthetic_scenario_generator,26006
2024-08-15,IND_PAR,1.85,2.5,1.0,True,synthetic_scenario_generator,26006
2024-08-16,IND_PAR,1.86,2.51,1.0,True,synthetic_scenario_generator,26006
2024-08-17,IND_PAR,1.51,2.16,1.0,True,synthetic_scenario_generator,26006
2024-08-18,IND_PAR,1.34,1.99,1.0,True,synthetic_scenario_generator,26006
2024-08-19,IND_PAR,1.09,1.74,1.0,True,synthetic_scenario_generator,26006
2024-08-20,IND_PAR,0.57,1.22,1.0,True,synthetic_scenario_generator,26006
2024-08-21,IND_PAR,0.52,1.17,1.0,True,synthetic_scenario_generator,26006
2024-08-22,IND_PAR,0.61,1.26,1.0,True,synthetic_scenario_generator,26006
2024-08-23,IND_PAR,0.52,1.17,1.0,True,synthetic_scenario_generator,26006
2024-08-24,IND_PAR,0.79,1.44,1.0,True,synthetic_scenario_generator,26006
2024-08-25,IND_PAR,1.12,1.77,1.0,True,synthetic_scenario_generator,26006
2024-08-26,IND_PAR,1.53,2.18,1.0,True,synthetic_scenario_generator,26006
2024-08-27,IND_PAR,1.58,2.23,1.0,True,synthetic_scenario_generator,26006
2024-08-28,IND_PAR,1.96,2.61,1.0,True,synthetic_scenario_generator,26006
2024-08-29,IND_PAR,1.91,2.56,1.0,True,synthetic_scenario_generator,26006
2024-08-30,IND_PAR,2.01,2.66,1.0,True,synthetic_scenario_generator,26006
2024-08-31,IND_PAR,1.63,2.28,1.0,True,synthetic_scenario_generator,26006
2024-09-01,IND_PAR,1.52,2.17,1.0,True,synthetic_scenario_generator,26006
2024-09-02,IND_PAR,1.14,1.79,1.0,True,synthetic_scenario_generator,26006
2024-09-03,IND_PAR,1.05,1.7,1.0,True,synthetic_scenario_generator,26006
2024-09-04,IND_PAR,0.83,1.48,1.0,True,synthetic_scenario_generator,26006
2024-09-05,IND_PAR,0.47,1.12,1.0,True,synthetic_scenario_generator,26006
2024-09-06,IND_PAR,0.39,1.04,1.0,True,synthetic_scenario_generator,26006
2024-09-07,IND_PAR,0.76,1.41,1.0,True,synthetic_scenario_generator,26006
2024-09-08,IND_PAR,0.79,1.44,1.0,True,synthetic_scenario_generator,26006
2024-09-09,IND_PAR,1.1,1.75,1.0,True,synthetic_scenario_generator,26006
2024-09-10,IND_PAR,1.49,2.14,1.0,True,synthetic_scenario_generator,26006
2024-09-11,IND_PAR,1.83,2.48,1.0,True,synthetic_scenario_generator,26006
2024-09-12,IND_PAR,1.89,2.54,1.0,True,synthetic_scenario_generator,26006
2024-09-13,IND_PAR,2.09,2.74,1.0,True,synthetic_scenario_generator,26006
2024-09-14,IND_PAR,1.92,2.57,1.0,True,synthetic_scenario_generator,26006
2024-09-15,IND_PAR,1.73,2.38,1.0,True,synthetic_scenario_generator,26006
2024-09-16,IND_PAR,1.63,2.28,1.0,True,synthetic_scenario_generator,26006
2024-09-17,IND_PAR,1.14,1.79,1.0,True,synthetic_scenario_generator,26006
2024-09-18,IND_PAR,0.88,1.53,1.0,True,synthetic_scenario_generator,26006
2024-09-19,IND_PAR,0.68,1.33,1.0,True,synthetic_scenario_generator,26006
2024-09-20,IND_PAR,0.56,1.21,1.0,True,synthetic_scenario_generator,26006
2024-09-21,IND_PAR,0.56,1.21,1.0,True,synthetic_scenario_generator,26006
2024-09-22,IND_PAR,0.63,1.28,1.0,True,synthetic_scenario_generator,26006
2024-09-23,IND_PAR,0.82,1.47,1.0,True,synthetic_scenario_generator,26006
2024-09-24,IND_PAR,1.37,2.02,1.0,True,synthetic_scenario_generator,26006
2024-09-25,IND_PAR,1.51,2.16,1.0,True,synthetic_scenario_generator,26006
2024-09-26,IND_PAR,1.79,2.44,1.0,True,synthetic_scenario_generator,26006
2024-09-27,IND_PAR,2.01,2.66,1.0,True,synthetic_scenario_generator,26006
2024-09-28,IND_PAR,2.01,2.66,1.0,True,synthetic_scenario_generator,26006
2024-09-29,IND_PAR,1.95,2.6,1.0,True,synthetic_scenario_generator,26006
2024-09-30,IND_PAR,1.72,2.37,1.0,True,synthetic_scenario_generator,26006
2024-10-01,IND_PAR,1.71,2.36,1.0,True,synthetic_scenario_generator,26006
2024-10-02,IND_PAR,1.09,1.74,1.0,True,synthetic_scenario_generator,26006
2024-10-03,IND_PAR,0.7,1.35,1.0,True,synthetic_scenario_generator,26006
2024-10-04,IND_PAR,0.64,1.29,1.0,True,synthetic_scenario_generator,26006
2024-10-05,IND_PAR,0.53,1.18,1.0,True,synthetic_scenario_generator,26006
2024-10-06,IND_PAR,0.63,1.28,1.0,True,synthetic_scenario_generator,26006
2024-10-07,IND_PAR,0.85,1.5,1.0,True,synthetic_scenario_generator,26006
2024-10-08,IND_PAR,0.94,1.59,1.0,True,synthetic_scenario_generator,26006
2024-10-09,IND_PAR,1.37,2.02,1.0,True,synthetic_scenario_generator,26006
2024-10-10,IND_PAR,1.74,2.39,1.0,True,synthetic_scenario_generator,26006
2024-10-11,IND_PAR,1.98,2.63,1.0,True,synthetic_scenario_generator,26006
2024-10-12,IND_PAR,1.9,2.55,1.0,True,synthetic_scenario_generator,26006
2024-10-13,IND_PAR,1.91,2.56,1.0,True,synthetic_scenario_generator,26006
2024-10-14,IND_PAR,1.72,2.37,1.0,True,synthetic_scenario_generator,26006
2024-10-15,IND_PAR,1.67,2.32,1.0,True,synthetic_scenario_generator,26006
2024-10-16,IND_PAR,1.37,2.02,1.0,True,synthetic_scenario_generator,26006
2024-10-17,IND_PAR,1.16,1.81,1.0,True,synthetic_scenario_generator,26006
2024-10-18,IND_PAR,0.71,1.36,1.0,True,synthetic_scenario_generator,26006
2024-10-19,IND_PAR,0.55,1.2,1.0,True,synthetic_scenario_generator,26006
2024-10-20,IND_PAR,0.38,1.03,1.0,True,synthetic_scenario_generator,26006
2024-10-21,IND_PAR,0.61,1.26,1.0,True,synthetic_scenario_generator,26006
2024-10-22,IND_PAR,0.66,1.31,1.0,True,synthetic_scenario_generator,26006
2024-10-23,IND_PAR,0.96,1.61,1.0,True,synthetic_scenario_generator,26006
2024-10-24,IND_PAR,1.28,1.93,1.0,True,synthetic_scenario_generator,26006
2024-10-25,IND_PAR,1.72,2.37,1.0,True,synthetic_scenario_generator,26006
2024-10-26,IND_PAR,1.96,2.61,1.0,True,synthetic_scenario_generator,26006
2024-10-27,IND_PAR,1.94,2.59,1.0,True,synthetic_scenario_generator,26006
2024-10-28,IND_PAR,1.86,2.51,1.0,True,synthetic_scenario_generator,26006
2024-10-29,IND_PAR,1.84,2.49,1.0,True,synthetic_scenario_generator,26006
2024-10-30,IND_PAR,1.53,2.18,1.0,True,synthetic_scenario_generator,26006
2024-10-31,IND_PAR,1.2,1.85,1.0,True,synthetic_scenario_generator,26006
2024-11-01,IND_PAR,0.76,1.41,1.0,True,synthetic_scenario_generator,26006
2024-11-02,IND_PAR,0.77,1.42,1.0,True,synthetic_scenario_generator,26006
2024-11-03,IND_PAR,0.63,1.28,1.0,True,synthetic_scenario_generator,26006
2024-11-04,IND_PAR,0.54,1.19,1.0,True,synthetic_scenario_generator,26006
2024-11-05,IND_PAR,0.82,1.47,1.0,True,synthetic_scenario_generator,26006
2024-11-06,IND_PAR,0.75,1.4,1.0,True,synthetic_scenario_generator,26006
2024-11-07,IND_PAR,1.1,1.75,1.0,True,synthetic_scenario_generator,26006
2024-11-08,IND_PAR,1.54,2.19,1.0,True,synthetic_scenario_generator,26006
2024-11-09,IND_PAR,2.05,2.7,1.0,True,synthetic_scenario_generator,26006
2024-11-10,IND_PAR,1.72,2.37,1.0,True,synthetic_scenario_generator,26006
2024-11-11,IND_PAR,1.91,2.56,1.0,True,synthetic_scenario_generator,26006
2024-11-12,IND_PAR,1.98,2.63,1.0,True,synthetic_scenario_generator,26006
2024-11-13,IND_PAR,1.85,2.5,1.0,True,synthetic_scenario_generator,26006
2024-11-14,IND_PAR,1.43,2.08,1.0,True,synthetic_scenario_generator,26006
2024-11-15,IND_PAR,1.14,1.79,1.0,True,synthetic_scenario_generator,26006
2024-11-16,IND_PAR,0.75,1.4,1.0,True,synthetic_scenario_generator,26006
2024-11-17,IND_PAR,0.59,1.24,1.0,True,synthetic_scenario_generator,26006
2024-11-18,IND_PAR,0.53,1.18,1.0,True,synthetic_scenario_generator,26006
2024-11-19,IND_PAR,0.39,1.04,1.0,True,synthetic_scenario_generator,26006
2024-11-20,IND_PAR,0.85,1.5,1.0,True,synthetic_scenario_generator,26006
2024-11-21,IND_PAR,0.91,1.56,1.0,True,synthetic_scenario_generator,26006
2024-11-22,IND_PAR,1.29,1.94,1.0,True,synthetic_scenario_generator,26006
2024-11-23,IND_PAR,1.54,2.19,1.0,True,synthetic_scenario_generator,26006
2024-11-24,IND_PAR,1.8,2.45,1.0,True,synthetic_scenario_generator,26006
2024-11-25,IND_PAR,1.93,2.58,1.0,True,synthetic_scenario_generator,26006
2024-11-26,IND_PAR,2.07,2.72,1.0,True,synthetic_scenario_generator,26006
2024-11-27,IND_PAR,1.89,2.54,1.0,True,synthetic_scenario_generator,26006
2024-11-28,IND_PAR,1.8,2.45,1.0,True,synthetic_scenario_generator,26006
2024-11-29,IND_PAR,1.28,1.93,1.0,True,synthetic_scenario_generator,26006
2024-11-30,IND_PAR,1.0,1.65,1.0,True,synthetic_scenario_generator,26006
2024-12-01,IND_PAR,0.66,1.31,1.0,True,synthetic_scenario_generator,26006
2024-12-02,IND_PAR,0.58,1.23,1.0,True,synthetic_scenario_generator,26006
2024-12-03,IND_PAR,0.64,1.29,1.0,True,synthetic_scenario_generator,26006
2024-12-04,IND_PAR,0.63,1.28,1.0,True,synthetic_scenario_generator,26006
2024-12-05,IND_PAR,0.7,1.35,1.0,True,synthetic_scenario_generator,26006
2024-12-06,IND_PAR,0.9,1.55,1.0,True,synthetic_scenario_generator,26006
2024-12-07,IND_PAR,1.13,1.78,1.0,True,synthetic_scenario_generator,26006
2024-12-08,IND_PAR,1.52,2.17,1.0,True,synthetic_scenario_generator,26006
2024-12-09,IND_PAR,1.76,2.41,1.0,True,synthetic_scenario_generator,26006
2024-12-10,IND_PAR,1.94,2.59,1.0,True,synthetic_scenario_generator,26006
2024-12-11,IND_PAR,2.09,2.74,1.0,True,synthetic_scenario_generator,26006
2024-12-12,IND_PAR,1.89,2.54,1.0,True,synthetic_scenario_generator,26006
2024-12-13,IND_PAR,1.56,2.21,1.0,True,synthetic_scenario_generator,26006
2024-12-14,IND_PAR,1.27,1.92,1.0,True,synthetic_scenario_generator,26006
2024-12-15,IND_PAR,1.13,1.78,1.0,True,synthetic_scenario_generator,26006
2024-12-16,IND_PAR,0.76,1.41,1.0,True,synthetic_scenario_generator,26006
2024-12-17,IND_PAR,0.5,1.15,1.0,True,synthetic_scenario_generator,26006
2024-12-18,IND_PAR,0.34,0.99,1.0,True,synthetic_scenario_generator,26006
2024-12-19,IND_PAR,0.59,1.24,1.0,True,synthetic_scenario_generator,26006
2024-12-20,IND_PAR,0.86,1.51,1.0,True,synthetic_scenario_generator,26006
2024-12-21,IND_PAR,1.12,1.77,1.0,True,synthetic_scenario_generator,26006
2024-12-22,IND_PAR,1.32,1.97,1.0,True,synthetic_scenario_generator,26006
2024-12-23,IND_PAR,1.74,2.39,1.0,True,synthetic_scenario_generator,26006
2024-12-24,IND_PAR,1.93,2.58,1.0,True,synthetic_scenario_generator,26006
2024-12-25,IND_PAR,2.08,2.73,1.0,True,synthetic_scenario_generator,26006
2024-12-26,IND_PAR,2.06,2.71,1.0,True,synthetic_scenario_generator,26006
2024-12-27,IND_PAR,1.94,2.59,1.0,True,synthetic_scenario_generator,26006
2024-12-28,IND_PAR,1.61,2.26,1.0,True,synthetic_scenario_generator,26006
2024-12-29,IND_PAR,1.43,2.08,1.0,True,synthetic_scenario_generator,26006
2024-12-30,IND_PAR,0.96,1.61,1.0,True,synthetic_scenario_generator,26006
2024-12-31,IND_PAR,0.53,1.18,1.0,True,synthetic_scenario_generator,26006
2025-01-01,IND_PAR,0.69,1.34,1.0,True,synthetic_scenario_generator,26006
2025-01-02,IND_PAR,0.59,1.24,1.0,True,synthetic_scenario_generator,26006
2025-01-03,IND_PAR,0.64,1.29,1.0,True,synthetic_scenario_generator,26006
2025-01-04,IND_PAR,0.79,1.44,1.0,True,synthetic_scenario_generator,26006
2025-01-05,IND_PAR,1.06,1.71,1.0,True,synthetic_scenario_generator,26006
2025-01-06,IND_PAR,1.43,2.08,1.0,True,synthetic_scenario_generator,26006
2025-01-07,IND_PAR,1.57,2.22,1.0,True,synthetic_scenario_generator,26006
2025-01-08,IND_PAR,1.77,2.42,1.0,True,synthetic_scenario_generator,26006
2025-01-09,IND_PAR,1.91,2.56,1.0,True,synthetic_scenario_generator,26006
2025-01-10,IND_PAR,1.94,2.59,1.0,True,synthetic_scenario_generator,26006
2025-01-11,IND_PAR,1.88,2.53,1.0,True,synthetic_scenario_generator,26006
2025-01-12,IND_PAR,1.5,2.15,1.0,True,synthetic_scenario_generator,26006
2025-01-13,IND_PAR,1.26,1.91,1.0,True,synthetic_scenario_generator,26006
2025-01-14,IND_PAR,0.96,1.61,1.0,True,synthetic_scenario_generator,26006
2025-01-15,IND_PAR,0.58,1.23,1.0,True,synthetic_scenario_generator,26006
2025-01-16,IND_PAR,0.56,1.21,1.0,True,synthetic_scenario_generator,26006
2025-01-17,IND_PAR,0.49,1.14,1.0,True,synthetic_scenario_generator,26006
2025-01-18,IND_PAR,0.84,1.49,1.0,True,synthetic_scenario_generator,26006
2025-01-19,IND_PAR,0.91,1.56,1.0,True,synthetic_scenario_generator,26006
2025-01-20,IND_PAR,1.17,1.82,1.0,True,synthetic_scenario_generator,26006
2025-01-21,IND_PAR,1.51,2.16,1.0,True,synthetic_scenario_generator,26006
2025-01-22,IND_PAR,1.71,2.36,1.0,True,synthetic_scenario_generator,26006
2025-01-23,IND_PAR,1.85,2.5,1.0,True,synthetic_scenario_generator,26006
2025-01-24,IND_PAR,2.06,2.71,1.0,True,synthetic_scenario_generator,26006
2025-01-25,IND_PAR,2.02,2.67,1.0,True,synthetic_scenario_generator,26006
2025-01-26,IND_PAR,1.73,2.38,1.0,True,synthetic_scenario_generator,26006
2025-01-27,IND_PAR,1.49,2.14,1.0,True,synthetic_scenario_generator,26006
2025-01-28,IND_PAR,1.16,1.81,1.0,True,synthetic_scenario_generator,26006
2025-01-29,IND_PAR,0.82,1.47,1.0,True,synthetic_scenario_generator,26006
2025-01-30,IND_PAR,0.61,1.26,1.0,True,synthetic_scenario_generator,26006
2025-01-31,IND_PAR,0.58,1.23,1.0,True,synthetic_scenario_generator,26006
2025-02-01,IND_PAR,0.53,1.18,1.0,True,synthetic_scenario_generator,26006
2025-02-02,IND_PAR,0.67,1.32,1.0,True,synthetic_scenario_generator,26006
2025-02-03,IND_PAR,0.8,1.45,1.0,True,synthetic_scenario_generator,26006
2025-02-04,IND_PAR,1.27,1.92,1.0,True,synthetic_scenario_generator,26006
2025-02-05,IND_PAR,1.52,2.17,1.0,True,synthetic_scenario_generator,26006
2025-02-06,IND_PAR,1.84,2.49,1.0,True,synthetic_scenario_generator,26006
2025-02-07,IND_PAR,1.96,2.61,1.0,True,synthetic_scenario_generator,26006
2025-02-08,IND_PAR,2.12,2.77,1.0,True,synthetic_scenario_generator,26006
2025-02-09,IND_PAR,1.84,2.49,1.0,True,synthetic_scenario_generator,26006
2025-02-10,IND_PAR,1.77,2.42,1.0,True,synthetic_scenario_generator,26006
2025-02-11,IND_PAR,1.45,2.1,1.0,True,synthetic_scenario_generator,26006
2025-02-12,IND_PAR,1.16,1.81,1.0,True,synthetic_scenario_generator,26006
2025-02-13,IND_PAR,0.71,1.36,1.0,True,synthetic_scenario_generator,26006
2025-02-14,IND_PAR,0.61,1.26,1.0,True,synthetic_scenario_generator,26006
2025-02-15,IND_PAR,0.62,1.27,1.0,True,synthetic_scenario_generator,26006
2025-02-16,IND_PAR,0.56,1.21,1.0,True,synthetic_scenario_generator,26006
2025-02-17,IND_PAR,0.63,1.28,1.0,True,synthetic_scenario_generator,26006
2025-02-18,IND_PAR,0.96,1.61,1.0,True,synthetic_scenario_generator,26006
2025-02-19,IND_PAR,1.34,1.99,1.0,True,synthetic_scenario_generator,26006
2025-02-20,IND_PAR,1.71,2.36,1.0,True,synthetic_scenario_generator,26006
2025-02-21,IND_PAR,1.79,2.44,1.0,True,synthetic_scenario_generator,26006
2025-02-22,IND_PAR,2.01,2.66,1.0,True,synthetic_scenario_generator,26006
2025-02-23,IND_PAR,1.89,2.54,1.0,True,synthetic_scenario_generator,26006
2025-02-24,IND_PAR,1.65,2.3,1.0,True,synthetic_scenario_generator,26006
2025-02-25,IND_PAR,1.47,2.12,1.0,True,synthetic_scenario_generator,26006
2025-02-26,IND_PAR,1.14,1.79,1.0,True,synthetic_scenario_generator,26006
2025-02-27,IND_PAR,0.98,1.63,1.0,True,synthetic_scenario_generator,26006
2025-02-28,IND_PAR,0.84,1.49,1.0,True,synthetic_scenario_generator,26006
2025-03-01,IND_PAR,0.69,1.34,1.0,True,synthetic_scenario_generator,26006
2025-03-02,IND_PAR,0.47,1.12,1.0,True,synthetic_scenario_generator,26006
2025-03-03,IND_PAR,0.59,1.24,1.0,True,synthetic_scenario_generator,26006
2025-03-04,IND_PAR,0.78,1.43,1.0,True,synthetic_scenario_generator,26006
2025-03-05,IND_PAR,1.22,1.87,1.0,True,synthetic_scenario_generator,26006
2025-03-06,IND_PAR,1.38,2.03,1.0,True,synthetic_scenario_generator,26006
2025-03-07,IND_PAR,1.57,2.22,1.0,True,synthetic_scenario_generator,26006
2025-03-08,IND_PAR,1.84,2.49,1.0,True,synthetic_scenario_generator,26006
2025-03-09,IND_PAR,2.0,2.65,1.0,True,synthetic_scenario_generator,26006
2025-03-10,IND_PAR,1.97,2.62,1.0,True,synthetic_scenario_generator,26006
2025-03-11,IND_PAR,1.86,2.51,1.0,True,synthetic_scenario_generator,26006
2025-03-12,IND_PAR,1.51,2.16,1.0,True,synthetic_scenario_generator,26006
2025-03-13,IND_PAR,1.22,1.87,1.0,True,synthetic_scenario_generator,26006
2025-03-14,IND_PAR,0.96,1.61,1.0,True,synthetic_scenario_generator,26006
2025-03-15,IND_PAR,0.65,1.3,1.0,True,synthetic_scenario_generator,26006
2025-03-16,IND_PAR,0.59,1.24,1.0,True,synthetic_scenario_generator,26006
2025-03-17,IND_PAR,0.38,1.03,1.0,True,synthetic_scenario_generator,26006
2025-03-18,IND_PAR,0.66,1.31,1.0,True,synthetic_scenario_generator,26006
2025-03-19,IND_PAR,0.9,1.55,1.0,True,synthetic_scenario_generator,26006
2025-03-20,IND_PAR,1.18,1.83,1.0,True,synthetic_scenario_generator,26006
2025-03-21,IND_PAR,1.5,2.15,1.0,True,synthetic_scenario_generator,26006
2025-03-22,IND_PAR,1.73,2.38,1.0,True,synthetic_scenario_generator,26006
2025-03-23,IND_PAR,1.89,2.54,1.0,True,synthetic_scenario_generator,26006
2025-03-24,IND_PAR,2.0,2.65,1.0,True,synthetic_scenario_generator,26006
2025-03-25,IND_PAR,1.86,2.51,1.0,True,synthetic_scenario_generator,26006
2025-03-26,IND_PAR,1.6,2.25,1.0,True,synthetic_scenario_generator,26006
2025-03-27,IND_PAR,1.51,2.16,1.0,True,synthetic_scenario_generator,26006
2025-03-28,IND_PAR,1.0,1.65,1.0,True,synthetic_scenario_generator,26006
2025-03-29,IND_PAR,1.0,1.65,1.0,True,synthetic_scenario_generator,26006
2025-03-30,IND_PAR,0.69,1.34,1.0,True,synthetic_scenario_generator,26006
2025-03-31,IND_PAR,0.7,1.35,1.0,True,synthetic_scenario_generator,26006
2025-04-01,IND_PAR,0.58,1.23,1.0,True,synthetic_scenario_generator,26006
2025-04-02,IND_PAR,0.68,1.33,1.0,True,synthetic_scenario_generator,26006
2025-04-03,IND_PAR,0.96,1.61,1.0,True,synthetic_scenario_generator,26006
2025-04-04,IND_PAR,1.24,1.89,1.0,True,synthetic_scenario_generator,26006
2025-04-05,IND_PAR,1.51,2.16,1.0,True,synthetic_scenario_generator,26006
2025-04-06,IND_PAR,1.83,2.48,1.0,True,synthetic_scenario_generator,26006
2025-04-07,IND_PAR,1.93,2.58,1.0,True,synthetic_scenario_generator,26006
2025-04-08,IND_PAR,1.84,2.49,1.0,True,synthetic_scenario_generator,26006
2025-04-09,IND_PAR,1.86,2.51,1.0,True,synthetic_scenario_generator,26006
2025-04-10,IND_PAR,1.76,2.41,1.0,True,synthetic_scenario_generator,26006
2025-04-11,IND_PAR,1.41,2.06,1.0,True,synthetic_scenario_generator,26006
2025-04-12,IND_PAR,1.01,1.66,1.0,True,synthetic_scenario_generator,26006
2025-04-13,IND_PAR,0.94,1.59,1.0,True,synthetic_scenario_generator,26006
2025-04-14,IND_PAR,0.57,1.22,1.0,True,synthetic_scenario_generator,26006
2025-04-15,IND_PAR,0.33,0.98,1.0,True,synthetic_scenario_generator,26006
2025-04-16,IND_PAR,0.59,1.24,1.0,True,synthetic_scenario_generator,26006
2025-04-17,IND_PAR,0.71,1.36,1.0,True,synthetic_scenario_generator,26006
2025-04-18,IND_PAR,0.76,1.41,1.0,True,synthetic_scenario_generator,26006
2025-04-19,IND_PAR,1.33,1.98,1.0,True,synthetic_scenario_generator,26006
2025-04-20,IND_PAR,1.67,2.32,1.0,True,synthetic_scenario_generator,26006
2025-04-21,IND_PAR,1.73,2.38,1.0,True,synthetic_scenario_generator,26006
2025-04-22,IND_PAR,2.1,2.75,1.0,True,synthetic_scenario_generator,26006
2025-04-23,IND_PAR,1.98,2.63,1.0,True,synthetic_scenario_generator,26006
2025-04-24,IND_PAR,1.87,2.52,1.0,True,synthetic_scenario_generator,26006
2025-04-25,IND_PAR,1.75,2.4,1.0,True,synthetic_scenario_generator,26006
2025-04-26,IND_PAR,1.38,2.03,1.0,True,synthetic_scenario_generator,26006
2025-04-27,IND_PAR,0.94,1.59,1.0,True,synthetic_scenario_generator,26006
2025-04-28,IND_PAR,0.83,1.48,1.0,True,synthetic_scenario_generator,26006
2025-04-29,IND_PAR,0.43,1.08,1.0,True,synthetic_scenario_generator,26006
2025-04-30,IND_PAR,0.33,0.98,1.0,True,synthetic_scenario_generator,26006
2025-05-01,IND_PAR,0.58,1.23,1.0,True,synthetic_scenario_generator,26006
2025-05-02,IND_PAR,0.76,1.41,1.0,True,synthetic_scenario_generator,26006
2025-05-03,IND_PAR,1.01,1.66,1.0,True,synthetic_scenario_generator,26006
2025-05-04,IND_PAR,1.53,2.18,1.0,True,synthetic_scenario_generator,26006
2025-05-05,IND_PAR,1.58,2.23,1.0,True,synthetic_scenario_generator,26006
2025-05-06,IND_PAR,1.88,2.53,1.0,True,synthetic_scenario_generator,26006
2025-05-07,IND_PAR,1.93,2.58,1.0,True,synthetic_scenario_generator,26006
2025-05-08,IND_PAR,2.14,2.79,1.0,True,synthetic_scenario_generator,26006
2025-05-09,IND_PAR,1.7,2.35,1.0,True,synthetic_scenario_generator,26006
2025-05-10,IND_PAR,1.64,2.29,1.0,True,synthetic_scenario_generator,26006
2025-05-11,IND_PAR,1.21,1.86,1.0,True,synthetic_scenario_generator,26006
2025-05-12,IND_PAR,0.93,1.58,1.0,True,synthetic_scenario_generator,26006
2025-05-13,IND_PAR,0.63,1.28,1.0,True,synthetic_scenario_generator,26006
2025-05-14,IND_PAR,0.57,1.22,1.0,True,synthetic_scenario_generator,26006
2025-05-15,IND_PAR,0.57,1.22,1.0,True,synthetic_scenario_generator,26006
2025-05-16,IND_PAR,0.58,1.23,1.0,True,synthetic_scenario_generator,26006
2025-05-17,IND_PAR,0.71,1.36,1.0,True,synthetic_scenario_generator,26006
2025-05-18,IND_PAR,1.27,1.92,1.0,True,synthetic_scenario_generator,26006
2025-05-19,IND_PAR,1.45,2.1,1.0,True,synthetic_scenario_generator,26006
2025-05-20,IND_PAR,1.82,2.47,1.0,True,synthetic_scenario_generator,26006
2025-05-21,IND_PAR,1.84,2.49,1.0,True,synthetic_scenario_generator,26006
2025-05-22,IND_PAR,1.93,2.58,1.0,True,synthetic_scenario_generator,26006
2025-05-23,IND_PAR,2.01,2.66,1.0,True,synthetic_scenario_generator,26006
2025-05-24,IND_PAR,1.94,2.59,1.0,True,synthetic_scenario_generator,26006
2025-05-25,IND_PAR,1.5,2.15,1.0,True,synthetic_scenario_generator,26006
2025-05-26,IND_PAR,1.12,1.77,1.0,True,synthetic_scenario_generator,26006
2025-05-27,IND_PAR,0.69,1.34,1.0,True,synthetic_scenario_generator,26006
2025-05-28,IND_PAR,0.66,1.31,1.0,True,synthetic_scenario_generator,26006
2025-05-29,IND_PAR,0.47,1.12,1.0,True,synthetic_scenario_generator,26006
2025-05-30,IND_PAR,0.39,1.04,1.0,True,synthetic_scenario_generator,26006
2025-05-31,IND_PAR,0.56,1.21,1.0,True,synthetic_scenario_generator,26006
2025-06-01,IND_PAR,0.83,1.48,1.0,True,synthetic_scenario_generator,26006
2025-06-02,IND_PAR,1.27,1.92,1.0,True,synthetic_scenario_generator,26006
2025-06-03,IND_PAR,1.44,2.09,1.0,True,synthetic_scenario_generator,26006
2025-06-04,IND_PAR,1.75,2.4,1.0,True,synthetic_scenario_generator,26006
2025-06-05,IND_PAR,1.84,2.49,1.0,True,synthetic_scenario_generator,26006
2025-06-06,IND_PAR,2.04,2.69,1.0,True,synthetic_scenario_generator,26006
2025-06-07,IND_PAR,1.85,2.5,1.0,True,synthetic_scenario_generator,26006
2025-06-08,IND_PAR,1.7,2.35,1.0,True,synthetic_scenario_generator,26006
2025-06-09,IND_PAR,1.37,2.02,1.0,True,synthetic_scenario_generator,26006
2025-06-10,IND_PAR,1.08,1.73,1.0,True,synthetic_scenario_generator,26006
2025-06-11,IND_PAR,0.77,1.42,1.0,True,synthetic_scenario_generator,26006
2025-06-12,IND_PAR,0.67,1.32,1.0,True,synthetic_scenario_generator,26006
2025-06-13,IND_PAR,0.63,1.28,1.0,True,synthetic_scenario_generator,26006
2025-06-14,IND_PAR,0.53,1.18,1.0,True,synthetic_scenario_generator,26006
2025-06-15,IND_PAR,0.69,1.34,1.0,True,synthetic_scenario_generator,26006
2025-06-16,IND_PAR,1.01,1.66,1.0,True,synthetic_scenario_generator,26006
2025-06-17,IND_PAR,1.44,2.09,1.0,True,synthetic_scenario_generator,26006
2025-06-18,IND_PAR,1.46,2.11,1.0,True,synthetic_scenario_generator,26006
2025-06-19,IND_PAR,1.8,2.45,1.0,True,synthetic_scenario_generator,26006
2025-06-20,IND_PAR,1.93,2.58,1.0,True,synthetic_scenario_generator,26006
2025-06-21,IND_PAR,1.9,2.55,1.0,True,synthetic_scenario_generator,26006
2025-06-22,IND_PAR,1.83,2.48,1.0,True,synthetic_scenario_generator,26006
2025-06-23,IND_PAR,1.62,2.27,1.0,True,synthetic_scenario_generator,26006
2025-06-24,IND_PAR,1.58,2.23,1.0,True,synthetic_scenario_generator,26006
2025-06-25,IND_PAR,1.01,1.66,1.0,True,synthetic_scenario_generator,26006
2025-06-26,IND_PAR,0.65,1.3,1.0,True,synthetic_scenario_generator,26006
2025-06-27,IND_PAR,0.73,1.38,1.0,True,synthetic_scenario_generator,26006
2025-06-28,IND_PAR,0.52,1.17,1.0,True,synthetic_scenario_generator,26006
2025-06-29,IND_PAR,0.7,1.35,1.0,True,synthetic_scenario_generator,26006
2025-06-30,IND_PAR,0.65,1.3,1.0,True,synthetic_scenario_generator,26006
2025-07-01,IND_PAR,1.06,1.71,1.0,True,synthetic_scenario_generator,26006
2025-07-02,IND_PAR,1.29,1.94,1.0,True,synthetic_scenario_generator,26006
2025-07-03,IND_PAR,1.82,2.47,1.0,True,synthetic_scenario_generator,26006
2025-07-04,IND_PAR,1.89,2.54,1.0,True,synthetic_scenario_generator,26006
2025-07-05,IND_PAR,1.82,2.47,1.0,True,synthetic_scenario_generator,26006
2025-07-06,IND_PAR,1.83,2.48,1.0,True,synthetic_scenario_generator,26006
2025-07-07,IND_PAR,1.88,2.53,1.0,True,synthetic_scenario_generator,26006
2025-07-08,IND_PAR,1.63,2.28,1.0,True,synthetic_scenario_generator,26006
2025-07-09,IND_PAR,1.38,2.03,1.0,True,synthetic_scenario_generator,26006
2025-07-10,IND_PAR,0.99,1.64,1.0,True,synthetic_scenario_generator,26006
2025-07-11,IND_PAR,0.68,1.33,1.0,True,synthetic_scenario_generator,26006
2025-07-12,IND_PAR,0.53,1.18,1.0,True,synthetic_scenario_generator,26006
2025-07-13,IND_PAR,0.51,1.16,1.0,True,synthetic_scenario_generator,26006
2025-07-14,IND_PAR,0.62,1.27,1.0,True,synthetic_scenario_generator,26006
2025-07-15,IND_PAR,0.8,1.45,1.0,True,synthetic_scenario_generator,26006
2025-07-16,IND_PAR,1.07,1.72,1.0,True,synthetic_scenario_generator,26006
2025-07-17,IND_PAR,1.47,2.12,1.0,True,synthetic_scenario_generator,26006
2025-07-18,IND_PAR,1.6,2.25,1.0,True,synthetic_scenario_generator,26006
2025-07-19,IND_PAR,1.89,2.54,1.0,True,synthetic_scenario_generator,26006
2025-07-20,IND_PAR,2.19,2.84,1.0,True,synthetic_scenario_generator,26006
2025-07-21,IND_PAR,1.99,2.64,1.0,True,synthetic_scenario_generator,26006
2025-07-22,IND_PAR,1.87,2.52,1.0,True,synthetic_scenario_generator,26006
2025-07-23,IND_PAR,1.56,2.21,1.0,True,synthetic_scenario_generator,26006
2025-07-24,IND_PAR,1.23,1.88,1.0,True,synthetic_scenario_generator,26006
2025-07-25,IND_PAR,0.98,1.63,1.0,True,synthetic_scenario_generator,26006
2025-07-26,IND_PAR,0.76,1.41,1.0,True,synthetic_scenario_generator,26006
2025-07-27,IND_PAR,0.64,1.29,1.0,True,synthetic_scenario_generator,26006
2025-07-28,IND_PAR,0.46,1.11,1.0,True,synthetic_scenario_generator,26006
2025-07-29,IND_PAR,0.7,1.35,1.0,True,synthetic_scenario_generator,26006
2025-07-30,IND_PAR,0.88,1.53,1.0,True,synthetic_scenario_generator,26006
2025-07-31,IND_PAR,1.15,1.8,1.0,True,synthetic_scenario_generator,26006
2025-08-01,IND_PAR,1.42,2.07,1.0,True,synthetic_scenario_generator,26006
2025-08-02,IND_PAR,1.8,2.45,1.0,True,synthetic_scenario_generator,26006
2025-08-03,IND_PAR,1.92,2.57,1.0,True,synthetic_scenario_generator,26006
2025-08-04,IND_PAR,1.92,2.57,1.0,True,synthetic_scenario_generator,26006
2025-08-05,IND_PAR,1.94,2.59,1.0,True,synthetic_scenario_generator,26006
2025-08-06,IND_PAR,1.78,2.43,1.0,True,synthetic_scenario_generator,26006
2025-08-07,IND_PAR,1.32,1.97,1.0,True,synthetic_scenario_generator,26006
2025-08-08,IND_PAR,1.16,1.81,1.0,True,synthetic_scenario_generator,26006
2025-08-09,IND_PAR,0.91,1.56,1.0,True,synthetic_scenario_generator,26006
2025-08-10,IND_PAR,0.44,1.09,1.0,True,synthetic_scenario_generator,26006
2025-08-11,IND_PAR,0.44,1.09,1.0,True,synthetic_scenario_generator,26006
2025-08-12,IND_PAR,0.53,1.18,1.0,True,synthetic_scenario_generator,26006
2025-08-13,IND_PAR,0.75,1.4,1.0,True,synthetic_scenario_generator,26006
2025-08-14,IND_PAR,0.97,1.62,1.0,True,synthetic_scenario_generator,26006
2025-08-15,IND_PAR,1.31,1.96,1.0,True,synthetic_scenario_generator,26006
2025-08-16,IND_PAR,1.61,2.26,1.0,True,synthetic_scenario_generator,26006
2025-08-17,IND_PAR,1.78,2.43,1.0,True,synthetic_scenario_generator,26006
2025-08-18,IND_PAR,2.03,2.68,1.0,True,synthetic_scenario_generator,26006
2025-08-19,IND_PAR,2.04,2.69,1.0,True,synthetic_scenario_generator,26006
2025-08-20,IND_PAR,2.02,2.67,1.0,True,synthetic_scenario_generator,26006
2025-08-21,IND_PAR,1.67,2.32,1.0,True,synthetic_scenario_generator,26006
2025-08-22,IND_PAR,1.24,1.89,1.0,True,synthetic_scenario_generator,26006
2025-08-23,IND_PAR,1.23,1.88,1.0,True,synthetic_scenario_generator,26006
2025-08-24,IND_PAR,0.73,1.38,1.0,True,synthetic_scenario_generator,26006
2025-08-25,IND_PAR,0.62,1.27,1.0,True,synthetic_scenario_generator,26006
2025-08-26,IND_PAR,0.6,1.25,1.0,True,synthetic_scenario_generator,26006
2025-08-27,IND_PAR,0.48,1.13,1.0,True,synthetic_scenario_generator,26006
2025-08-28,IND_PAR,0.7,1.35,1.0,True,synthetic_scenario_generator,26006
2025-08-29,IND_PAR,0.87,1.52,1.0,True,synthetic_scenario_generator,26006
2025-08-30,IND_PAR,1.48,2.13,1.0,True,synthetic_scenario_generator,26006
2025-08-31,IND_PAR,1.77,2.42,1.0,True,synthetic_scenario_generator,26006
2025-09-01,IND_PAR,1.94,2.59,1.0,True,synthetic_scenario_generator,26006
2025-09-02,IND_PAR,2.01,2.66,1.0,True,synthetic_scenario_generator,26006
2025-09-03,IND_PAR,1.98,2.63,1.0,True,synthetic_scenario_generator,26006
2025-09-04,IND_PAR,1.82,2.47,1.0,True,synthetic_scenario_generator,26006
2025-09-05,IND_PAR,1.6,2.25,1.0,True,synthetic_scenario_generator,26006
2025-09-06,IND_PAR,1.18,1.83,1.0,True,synthetic_scenario_generator,26006
2025-09-07,IND_PAR,0.83,1.48,1.0,True,synthetic_scenario_generator,26006
2025-09-08,IND_PAR,0.75,1.4,1.0,True,synthetic_scenario_generator,26006
2025-09-09,IND_PAR,0.58,1.23,1.0,True,synthetic_scenario_generator,26006
2025-09-10,IND_PAR,0.56,1.21,1.0,True,synthetic_scenario_generator,26006
2025-09-11,IND_PAR,0.71,1.36,1.0,True,synthetic_scenario_generator,26006
2025-09-12,IND_PAR,0.71,1.36,1.0,True,synthetic_scenario_generator,26006
2025-09-13,IND_PAR,1.12,1.77,1.0,True,synthetic_scenario_generator,26006
2025-09-14,IND_PAR,1.44,2.09,1.0,True,synthetic_scenario_generator,26006
2025-09-15,IND_PAR,1.74,2.39,1.0,True,synthetic_scenario_generator,26006
2025-09-16,IND_PAR,1.84,2.49,1.0,True,synthetic_scenario_generator,26006
2025-09-17,IND_PAR,2.07,2.72,1.0,True,synthetic_scenario_generator,26006
2025-09-18,IND_PAR,1.87,2.52,1.0,True,synthetic_scenario_generator,26006
2025-09-19,IND_PAR,1.77,2.42,1.0,True,synthetic_scenario_generator,26006
2025-09-20,IND_PAR,1.57,2.22,1.0,True,synthetic_scenario_generator,26006
2025-09-21,IND_PAR,1.08,1.73,1.0,True,synthetic_scenario_generator,26006
2025-09-22,IND_PAR,1.03,1.68,1.0,True,synthetic_scenario_generator,26006
2025-09-23,IND_PAR,0.7,1.35,1.0,True,synthetic_scenario_generator,26006
2025-09-24,IND_PAR,0.5,1.15,1.0,True,synthetic_scenario_generator,26006
2025-09-25,IND_PAR,0.6,1.25,1.0,True,synthetic_scenario_generator,26006
2025-09-26,IND_PAR,0.56,1.21,1.0,True,synthetic_scenario_generator,26006
2025-09-27,IND_PAR,0.88,1.53,1.0,True,synthetic_scenario_generator,26006
2025-09-28,IND_PAR,1.02,1.67,1.0,True,synthetic_scenario_generator,26006
2025-09-29,IND_PAR,1.59,2.24,1.0,True,synthetic_scenario_generator,26006
2025-09-30,IND_PAR,1.75,2.4,1.0,True,synthetic_scenario_generator,26006
2025-10-01,IND_PAR,2.08,2.73,1.0,True,synthetic_scenario_generator,26006
2025-10-02,IND_PAR,1.73,2.38,1.0,True,synthetic_scenario_generator,26006
2025-10-03,IND_PAR,1.9,2.55,1.0,True,synthetic_scenario_generator,26006
2025-10-04,IND_PAR,1.91,2.56,1.0,True,synthetic_scenario_generator,26006
2025-10-05,IND_PAR,1.54,2.19,1.0,True,synthetic_scenario_generator,26006
2025-10-06,IND_PAR,1.23,1.88,1.0,True,synthetic_scenario_generator,26006
2025-10-07,IND_PAR,0.87,1.52,1.0,True,synthetic_scenario_generator,26006
2025-10-08,IND_PAR,0.6,1.25,1.0,True,synthetic_scenario_generator,26006
2025-10-09,IND_PAR,0.64,1.29,1.0,True,synthetic_scenario_generator,26006
2025-10-10,IND_PAR,0.56,1.21,1.0,True,synthetic_scenario_generator,26006
2025-10-11,IND_PAR,0.76,1.41,1.0,True,synthetic_scenario_generator,26006
2025-10-12,IND_PAR,0.72,1.37,1.0,True,synthetic_scenario_generator,26006
2025-10-13,IND_PAR,1.26,1.91,1.0,True,synthetic_scenario_generator,26006
2025-10-14,IND_PAR,1.62,2.27,1.0,True,synthetic_scenario_generator,26006
2025-10-15,IND_PAR,1.98,2.63,1.0,True,synthetic_scenario_generator,26006
2025-10-16,IND_PAR,1.85,2.5,1.0,True,synthetic_scenario_generator,26006
2025-10-17,IND_PAR,1.94,2.59,1.0,True,synthetic_scenario_generator,26006
2025-10-18,IND_PAR,1.71,2.36,1.0,True,synthetic_scenario_generator,26006
2025-10-19,IND_PAR,1.7,2.35,1.0,True,synthetic_scenario_generator,26006
2025-10-20,IND_PAR,1.41,2.06,1.0,True,synthetic_scenario_generator,26006
2025-10-21,IND_PAR,1.03,1.68,1.0,True,synthetic_scenario_generator,26006
2025-10-22,IND_PAR,0.72,1.37,1.0,True,synthetic_scenario_generator,26006
2025-10-23,IND_PAR,0.63,1.28,1.0,True,synthetic_scenario_generator,26006
2025-10-24,IND_PAR,0.49,1.14,1.0,True,synthetic_scenario_generator,26006
2025-10-25,IND_PAR,0.7,1.35,1.0,True,synthetic_scenario_generator,26006
2025-10-26,IND_PAR,0.76,1.41,1.0,True,synthetic_scenario_generator,26006
2025-10-27,IND_PAR,1.02,1.67,1.0,True,synthetic_scenario_generator,26006
2025-10-28,IND_PAR,1.44,2.09,1.0,True,synthetic_scenario_generator,26006
2025-10-29,IND_PAR,1.62,2.27,1.0,True,synthetic_scenario_generator,26006
2025-10-30,IND_PAR,1.89,2.54,1.0,True,synthetic_scenario_generator,26006
2025-10-31,IND_PAR,1.91,2.56,1.0,True,synthetic_scenario_generator,26006
2025-11-01,IND_PAR,1.94,2.59,1.0,True,synthetic_scenario_generator,26006
2025-11-02,IND_PAR,1.82,2.47,1.0,True,synthetic_scenario_generator,26006
2025-11-03,IND_PAR,1.72,2.37,1.0,True,synthetic_scenario_generator,26006
2025-11-04,IND_PAR,1.24,1.89,1.0,True,synthetic_scenario_generator,26006
2025-11-05,IND_PAR,0.98,1.63,1.0,True,synthetic_scenario_generator,26006
2025-11-06,IND_PAR,0.76,1.41,1.0,True,synthetic_scenario_generator,26006
2025-11-07,IND_PAR,0.52,1.17,1.0,True,synthetic_scenario_generator,26006
2025-11-08,IND_PAR,0.6,1.25,1.0,True,synthetic_scenario_generator,26006
2025-11-09,IND_PAR,0.5,1.15,1.0,True,synthetic_scenario_generator,26006
2025-11-10,IND_PAR,0.91,1.56,1.0,True,synthetic_scenario_generator,26006
2025-11-11,IND_PAR,1.08,1.73,1.0,True,synthetic_scenario_generator,26006
2025-11-12,IND_PAR,1.42,2.07,1.0,True,synthetic_scenario_generator,26006
2025-11-13,IND_PAR,1.6,2.25,1.0,True,synthetic_scenario_generator,26006
2025-11-14,IND_PAR,1.91,2.56,1.0,True,synthetic_scenario_generator,26006
2025-11-15,IND_PAR,1.96,2.61,1.0,True,synthetic_scenario_generator,26006
2025-11-16,IND_PAR,1.96,2.61,1.0,True,synthetic_scenario_generator,26006
2025-11-17,IND_PAR,1.87,2.52,1.0,True,synthetic_scenario_generator,26006
2025-11-18,IND_PAR,1.55,2.2,1.0,True,synthetic_scenario_generator,26006
2025-11-19,IND_PAR,1.3,1.95,1.0,True,synthetic_scenario_generator,26006
2025-11-20,IND_PAR,0.89,1.54,1.0,True,synthetic_scenario_generator,26006
2025-11-21,IND_PAR,0.78,1.43,1.0,True,synthetic_scenario_generator,26006
2025-11-22,IND_PAR,0.53,1.18,1.0,True,synthetic_scenario_generator,26006
2025-11-23,IND_PAR,0.64,1.29,1.0,True,synthetic_scenario_generator,26006
2025-11-24,IND_PAR,0.84,1.49,1.0,True,synthetic_scenario_generator,26006
2025-11-25,IND_PAR,0.78,1.43,1.0,True,synthetic_scenario_generator,26006
2025-11-26,IND_PAR,1.02,1.67,1.0,True,synthetic_scenario_generator,26006
2025-11-27,IND_PAR,1.44,2.09,1.0,True,synthetic_scenario_generator,26006
2025-11-28,IND_PAR,1.75,2.4,1.0,True,synthetic_scenario_generator,26006
2025-11-29,IND_PAR,1.92,2.57,1.0,True,synthetic_scenario_generator,26006
2025-11-30,IND_PAR,2.08,2.73,1.0,True,synthetic_scenario_generator,26006
2025-12-01,IND_PAR,1.84,2.49,1.0,True,synthetic_scenario_generator,26006
2025-12-02,IND_PAR,1.67,2.32,1.0,True,synthetic_scenario_generator,26006
2025-12-03,IND_PAR,1.49,2.14,1.0,True,synthetic_scenario_generator,26006
2025-12-04,IND_PAR,1.37,2.02,1.0,True,synthetic_scenario_generator,26006
2025-12-05,IND_PAR,0.82,1.47,1.0,True,synthetic_scenario_generator,26006
2025-12-06,IND_PAR,0.74,1.39,1.0,True,synthetic_scenario_generator,26006
2025-12-07,IND_PAR,0.55,1.2,1.0,True,synthetic_scenario_generator,26006
2025-12-08,IND_PAR,0.63,1.28,1.0,True,synthetic_scenario_generator,26006
2025-12-09,IND_PAR,0.53,1.18,1.0,True,synthetic_scenario_generator,26006
2025-12-10,IND_PAR,0.74,1.39,1.0,True,synthetic_scenario_generator,26006
2025-12-11,IND_PAR,1.15,1.8,1.0,True,synthetic_scenario_generator,26006
2025-12-12,IND_PAR,1.66,2.31,1.0,True,synthetic_scenario_generator,26006
2025-12-13,IND_PAR,1.74,2.39,1.0,True,synthetic_scenario_generator,26006
2025-12-14,IND_PAR,2.04,2.69,1.0,True,synthetic_scenario_generator,26006
2025-12-15,IND_PAR,2.05,2.7,1.0,True,synthetic_scenario_generator,26006
2025-12-16,IND_PAR,1.89,2.54,1.0,True,synthetic_scenario_generator,26006
2025-12-17,IND_PAR,1.83,2.48,1.0,True,synthetic_scenario_generator,26006
2025-12-18,IND_PAR,1.46,2.11,1.0,True,synthetic_scenario_generator,26006
2025-12-19,IND_PAR,1.06,1.71,1.0,True,synthetic_scenario_generator,26006
2025-12-20,IND_PAR,0.83,1.48,1.0,True,synthetic_scenario_generator,26006
2025-12-21,IND_PAR,0.65,1.3,1.0,True,synthetic_scenario_generator,26006
2025-12-22,IND_PAR,0.3,0.95,1.0,True,synthetic_scenario_generator,26006
2025-12-23,IND_PAR,0.57,1.22,1.0,True,synthetic_scenario_generator,26006
2025-12-24,IND_PAR,0.76,1.41,1.0,True,synthetic_scenario_generator,26006
2025-12-25,IND_PAR,0.89,1.54,1.0,True,synthetic_scenario_generator,26006
2025-12-26,IND_PAR,1.39,2.04,1.0,True,synthetic_scenario_generator,26006
2025-12-27,IND_PAR,1.57,2.22,1.0,True,synthetic_scenario_generator,26006
2025-12-28,IND_PAR,1.89,2.54,1.0,True,synthetic_scenario_generator,26006
2025-12-29,IND_PAR,2.0,2.65,1.0,True,synthetic_scenario_generator,26006
2025-12-30,IND_PAR,1.8,2.45,1.0,True,synthetic_scenario_generator,26006
2025-12-31,IND_PAR,1.82,2.47,1.0,True,synthetic_scenario_generator,26006
2026-01-01,IND_PAR,1.8,2.45,1.0,True,synthetic_scenario_generator,26006
2026-01-02,IND_PAR,1.31,1.96,1.0,True,synthetic_scenario_generator,26006
2026-01-03,IND_PAR,1.19,1.84,1.0,True,synthetic_scenario_generator,26006
2026-01-04,IND_PAR,0.73,1.38,1.0,True,synthetic_scenario_generator,26006
2026-01-05,IND_PAR,0.57,1.22,1.0,True,synthetic_scenario_generator,26006
2026-01-06,IND_PAR,0.43,1.08,1.0,True,synthetic_scenario_generator,26006
2026-01-07,IND_PAR,0.51,1.16,1.0,True,synthetic_scenario_generator,26006
2026-01-08,IND_PAR,0.8,1.45,1.0,True,synthetic_scenario_generator,26006
2026-01-09,IND_PAR,1.11,1.76,1.0,True,synthetic_scenario_generator,26006
2026-01-10,IND_PAR,1.43,2.08,1.0,True,synthetic_scenario_generator,26006
2026-01-11,IND_PAR,1.77,2.42,1.0,True,synthetic_scenario_generator,26006
2026-01-12,IND_PAR,1.8,2.45,1.0,True,synthetic_scenario_generator,26006
2026-01-13,IND_PAR,2.02,2.67,1.0,True,synthetic_scenario_generator,26006
2026-01-14,IND_PAR,1.8,2.45,1.0,True,synthetic_scenario_generator,26006
2026-01-15,IND_PAR,1.77,2.42,1.0,True,synthetic_scenario_generator,26006
2026-01-16,IND_PAR,1.54,2.19,1.0,True,synthetic_scenario_generator,26006
2026-01-17,IND_PAR,1.27,1.92,1.0,True,synthetic_scenario_generator,26006
2026-01-18,IND_PAR,1.06,1.71,1.0,True,synthetic_scenario_generator,26006
2026-01-19,IND_PAR,0.74,1.39,1.0,True,synthetic_scenario_generator,26006
2026-01-20,IND_PAR,0.65,1.3,1.0,True,synthetic_scenario_generator,26006
2026-01-21,IND_PAR,0.48,1.13,1.0,True,synthetic_scenario_generator,26006
2026-01-22,IND_PAR,0.58,1.23,1.0,True,synthetic_scenario_generator,26006
2026-01-23,IND_PAR,0.79,1.44,1.0,True,synthetic_scenario_generator,26006
2026-01-24,IND_PAR,1.02,1.67,1.0,True,synthetic_scenario_generator,26006
2026-01-25,IND_PAR,1.46,2.11,1.0,True,synthetic_scenario_generator,26006
2026-01-26,IND_PAR,1.71,2.36,1.0,True,synthetic_scenario_generator,26006
2026-01-27,IND_PAR,1.8,2.45,1.0,True,synthetic_scenario_generator,26006
2026-01-28,IND_PAR,2.13,2.78,1.0,True,synthetic_scenario_generator,26006
2026-01-29,IND_PAR,1.92,2.57,1.0,True,synthetic_scenario_generator,26006
2026-01-30,IND_PAR,1.75,2.4,1.0,True,synthetic_scenario_generator,26006
2026-01-31,IND_PAR,1.51,2.16,1.0,True,synthetic_scenario_generator,26006
2026-02-01,IND_PAR,1.07,1.72,1.0,True,synthetic_scenario_generator,26006
2026-02-02,IND_PAR,0.86,1.51,1.0,True,synthetic_scenario_generator,26006
2026-02-03,IND_PAR,0.5,1.15,1.0,True,synthetic_scenario_generator,26006
2026-02-04,IND_PAR,0.6,1.25,1.0,True,synthetic_scenario_generator,26006
2026-02-05,IND_PAR,0.66,1.31,1.0,True,synthetic_scenario_generator,26006
2026-02-06,IND_PAR,0.65,1.3,1.0,True,synthetic_scenario_generator,26006
2026-02-07,IND_PAR,0.75,1.4,1.0,True,synthetic_scenario_generator,26006
2026-02-08,IND_PAR,1.29,1.94,1.0,True,synthetic_scenario_generator,26006
2026-02-09,IND_PAR,1.61,2.26,1.0,True,synthetic_scenario_generator,26006
2026-02-10,IND_PAR,1.68,2.33,1.0,True,synthetic_scenario_generator,26006
2026-02-11,IND_PAR,2.04,2.69,1.0,True,synthetic_scenario_generator,26006
2026-02-12,IND_PAR,2.09,2.74,1.0,True,synthetic_scenario_generator,26006
2026-02-13,IND_PAR,2.07,2.72,1.0,True,synthetic_scenario_generator,26006
2026-02-14,IND_PAR,1.78,2.43,1.0,True,synthetic_scenario_generator,26006
2026-02-15,IND_PAR,1.49,2.14,1.0,True,synthetic_scenario_generator,26006
2026-02-16,IND_PAR,1.0,1.65,1.0,True,synthetic_scenario_generator,26006
2026-02-17,IND_PAR,0.62,1.27,1.0,True,synthetic_scenario_generator,26006
2026-02-18,IND_PAR,0.62,1.27,1.0,True,synthetic_scenario_generator,26006
2026-02-19,IND_PAR,0.42,1.07,1.0,True,synthetic_scenario_generator,26006
2026-02-20,IND_PAR,0.46,1.11,1.0,True,synthetic_scenario_generator,26006
2026-02-21,IND_PAR,0.61,1.26,1.0,True,synthetic_scenario_generator,26006
2026-02-22,IND_PAR,0.97,1.62,1.0,True,synthetic_scenario_generator,26006
2026-02-23,IND_PAR,1.33,1.98,1.0,True,synthetic_scenario_generator,26006
2026-02-24,IND_PAR,1.55,2.2,1.0,True,synthetic_scenario_generator,26006
2026-02-25,IND_PAR,1.84,2.49,1.0,True,synthetic_scenario_generator,26006
2026-02-26,IND_PAR,2.0,2.65,1.0,True,synthetic_scenario_generator,26006
2026-02-27,IND_PAR,1.92,2.57,1.0,True,synthetic_scenario_generator,26006
2026-02-28,IND_PAR,1.92,2.57,1.0,True,synthetic_scenario_generator,26006
2026-03-01,IND_PAR,1.75,2.4,1.0,True,synthetic_scenario_generator,26006
2026-03-02,IND_PAR,1.41,2.06,1.0,True,synthetic_scenario_generator,26006
2026-03-03,IND_PAR,0.91,1.56,1.0,True,synthetic_scenario_generator,26006
2026-03-04,IND_PAR,0.78,1.43,1.0,True,synthetic_scenario_generator,26006
2026-03-05,IND_PAR,0.47,1.12,1.0,True,synthetic_scenario_generator,26006
2026-03-06,IND_PAR,0.43,1.08,1.0,True,synthetic_scenario_generator,26006
2026-03-07,IND_PAR,0.39,1.04,1.0,True,synthetic_scenario_generator,26006
2026-03-08,IND_PAR,0.64,1.29,1.0,True,synthetic_scenario_generator,26006
2026-03-09,IND_PAR,0.9,1.55,1.0,True,synthetic_scenario_generator,26006
2026-03-10,IND_PAR,1.19,1.84,1.0,True,synthetic_scenario_generator,26006
2026-03-11,IND_PAR,1.72,2.37,1.0,True,synthetic_scenario_generator,26006
2026-03-12,IND_PAR,1.99,2.64,1.0,True,synthetic_scenario_generator,26006
2026-03-13,IND_PAR,2.05,2.7,1.0,True,synthetic_scenario_generator,26006
2026-03-14,IND_PAR,2.0,2.65,1.0,True,synthetic_scenario_generator,26006
2026-03-15,IND_PAR,1.77,2.42,1.0,True,synthetic_scenario_generator,26006
2026-03-16,IND_PAR,1.52,2.17,1.0,True,synthetic_scenario_generator,26006
2026-03-17,IND_PAR,1.18,1.83,1.0,True,synthetic_scenario_generator,26006
2026-03-18,IND_PAR,0.89,1.54,1.0,True,synthetic_scenario_generator,26006
2026-03-19,IND_PAR,0.67,1.32,1.0,True,synthetic_scenario_generator,26006
2026-03-20,IND_PAR,0.52,1.17,1.0,True,synthetic_scenario_generator,26006
2026-03-21,IND_PAR,0.48,1.13,1.0,True,synthetic_scenario_generator,26006
2026-03-22,IND_PAR,0.54,1.19,1.0,True,synthetic_scenario_generator,26006
2026-03-23,IND_PAR,0.6,1.25,1.0,True,synthetic_scenario_generator,26006
2026-03-24,IND_PAR,0.96,1.61,1.0,True,synthetic_scenario_generator,26006
2026-03-25,IND_PAR,1.6,2.25,1.0,True,synthetic_scenario_generator,26006
2026-03-26,IND_PAR,1.71,2.36,1.0,True,synthetic_scenario_generator,26006
2026-03-27,IND_PAR,1.8,2.45,1.0,True,synthetic_scenario_generator,26006
2026-03-28,IND_PAR,2.02,2.67,1.0,True,synthetic_scenario_generator,26006
2026-03-29,IND_PAR,2.03,2.68,1.0,True,synthetic_scenario_generator,26006
2026-03-30,IND_PAR,1.86,2.51,1.0,True,synthetic_scenario_generator,26006
2026-03-31,IND_PAR,1.53,2.18,1.0,True,synthetic_scenario_generator,26006
2026-04-01,IND_PAR,1.26,1.91,1.0,True,synthetic_scenario_generator,26006
2026-04-02,IND_PAR,0.95,1.6,1.0,True,synthetic_scenario_generator,26006
2026-04-03,IND_PAR,0.74,1.39,1.0,True,synthetic_scenario_generator,26006
2026-04-04,IND_PAR,0.52,1.17,1.0,True,synthetic_scenario_generator,26006
2026-04-05,IND_PAR,0.32,0.97,1.0,True,synthetic_scenario_generator,26006
2026-04-06,IND_PAR,0.64,1.29,1.0,True,synthetic_scenario_generator,26006
2026-04-07,IND_PAR,0.84,1.49,1.0,True,synthetic_scenario_generator,26006
2026-04-08,IND_PAR,1.17,1.82,1.0,True,synthetic_scenario_generator,26006
2026-04-09,IND_PAR,1.38,2.03,1.0,True,synthetic_scenario_generator,26006
2026-04-10,IND_PAR,1.67,2.32,1.0,True,synthetic_scenario_generator,26006
2026-04-11,IND_PAR,1.77,2.42,1.0,True,synthetic_scenario_generator,26006
2026-04-12,IND_PAR,2.09,2.74,1.0,True,synthetic_scenario_generator,26006
2026-04-13,IND_PAR,1.84,2.49,1.0,True,synthetic_scenario_generator,26006
2026-04-14,IND_PAR,1.68,2.33,1.0,True,synthetic_scenario_generator,26006
2026-04-15,IND_PAR,1.41,2.06,1.0,True,synthetic_scenario_generator,26006
2026-04-16,IND_PAR,1.11,1.76,1.0,True,synthetic_scenario_generator,26006
2026-04-17,IND_PAR,0.74,1.39,1.0,True,synthetic_scenario_generator,26006
2026-04-18,IND_PAR,0.93,1.58,1.0,True,synthetic_scenario_generator,26006
2026-04-19,IND_PAR,0.36,1.01,1.0,True,synthetic_scenario_generator,26006
2026-04-20,IND_PAR,0.46,1.11,1.0,True,synthetic_scenario_generator,26006
2026-04-21,IND_PAR,0.6,1.25,1.0,True,synthetic_scenario_generator,26006
2026-04-22,IND_PAR,0.8,1.45,1.0,True,synthetic_scenario_generator,26006
2026-04-23,IND_PAR,1.23,1.88,1.0,True,synthetic_scenario_generator,26006
2026-04-24,IND_PAR,1.64,2.29,1.0,True,synthetic_scenario_generator,26006
2026-04-25,IND_PAR,1.7,2.35,1.0,True,synthetic_scenario_generator,26006
2026-04-26,IND_PAR,1.97,2.62,1.0,True,synthetic_scenario_generator,26006
2026-04-27,IND_PAR,1.97,2.62,1.0,True,synthetic_scenario_generator,26006
2026-04-28,IND_PAR,2.01,2.66,1.0,True,synthetic_scenario_generator,26006
2026-04-29,IND_PAR,1.84,2.49,1.0,True,synthetic_scenario_generator,26006
2026-04-30,IND_PAR,1.5,2.15,1.0,True,synthetic_scenario_generator,26006
2026-05-01,IND_PAR,1.1,1.75,1.0,True,synthetic_scenario_generator,26006
2026-05-02,IND_PAR,0.75,1.4,1.0,True,synthetic_scenario_generator,26006
2026-05-03,IND_PAR,0.71,1.36,1.0,True,synthetic_scenario_generator,26006
2026-05-04,IND_PAR,0.48,1.13,1.0,True,synthetic_scenario_generator,26006
2026-05-05,IND_PAR,0.65,1.3,1.0,True,synthetic_scenario_generator,26006
2026-05-06,IND_PAR,0.61,1.26,1.0,True,synthetic_scenario_generator,26006
2026-05-07,IND_PAR,0.96,1.61,1.0,True,synthetic_scenario_generator,26006
2026-05-08,IND_PAR,1.18,1.83,1.0,True,synthetic_scenario_generator,26006
2026-05-09,IND_PAR,1.63,2.28,1.0,True,synthetic_scenario_generator,26006
2026-05-10,IND_PAR,1.72,2.37,1.0,True,synthetic_scenario_generator,26006
2026-05-11,IND_PAR,1.91,2.56,1.0,True,synthetic_scenario_generator,26006
2026-05-12,IND_PAR,1.92,2.57,1.0,True,synthetic_scenario_generator,26006
2026-05-13,IND_PAR,1.79,2.44,1.0,True,synthetic_scenario_generator,26006
2026-05-14,IND_PAR,1.68,2.33,1.0,True,synthetic_scenario_generator,26006
2026-05-15,IND_PAR,1.23,1.88,1.0,True,synthetic_scenario_generator,26006
2026-05-16,IND_PAR,1.05,1.7,1.0,True,synthetic_scenario_generator,26006
2026-05-17,IND_PAR,0.73,1.38,1.0,True,synthetic_scenario_generator,26006
2026-05-18,IND_PAR,0.58,1.23,1.0,True,synthetic_scenario_generator,26006
2026-05-19,IND_PAR,0.44,1.09,1.0,True,synthetic_scenario_generator,26006
2026-05-20,IND_PAR,0.55,1.2,1.0,True,synthetic_scenario_generator,26006
2026-05-21,IND_PAR,0.72,1.37,1.0,True,synthetic_scenario_generator,26006
2026-05-22,IND_PAR,1.08,1.73,1.0,True,synthetic_scenario_generator,26006
2026-05-23,IND_PAR,1.41,2.06,1.0,True,synthetic_scenario_generator,26006
2026-05-24,IND_PAR,1.79,2.44,1.0,True,synthetic_scenario_generator,26006
2026-05-25,IND_PAR,1.8,2.45,1.0,True,synthetic_scenario_generator,26006
2026-05-26,IND_PAR,2.08,2.73,1.0,True,synthetic_scenario_generator,26006
2026-05-27,IND_PAR,2.02,2.67,1.0,True,synthetic_scenario_generator,26006
2026-05-28,IND_PAR,1.79,2.44,1.0,True,synthetic_scenario_generator,26006
2026-05-29,IND_PAR,1.58,2.23,1.0,True,synthetic_scenario_generator,26006
2026-05-30,IND_PAR,1.32,1.97,1.0,True,synthetic_scenario_generator,26006
2026-05-31,IND_PAR,1.1,1.75,1.0,True,synthetic_scenario_generator,26006
2026-06-01,IND_PAR,0.7,1.35,1.0,True,synthetic_scenario_generator,26006
2026-06-02,IND_PAR,0.6,1.25,1.0,True,synthetic_scenario_generator,26006
2026-06-03,IND_PAR,0.55,1.2,1.0,True,synthetic_scenario_generator,26006
2026-06-04,IND_PAR,0.52,1.17,1.0,True,synthetic_scenario_generator,26006
2026-06-05,IND_PAR,0.8,1.45,1.0,True,synthetic_scenario_generator,26006
2026-06-06,IND_PAR,1.15,1.8,1.0,True,synthetic_scenario_generator,26006
2026-06-07,IND_PAR,1.59,2.24,1.0,True,synthetic_scenario_generator,26006
2026-06-08,IND_PAR,1.57,2.22,1.0,True,synthetic_scenario_generator,26006
2026-06-09,IND_PAR,2.07,2.72,1.0,True,synthetic_scenario_generator,26006
2026-06-10,IND_PAR,1.89,2.54,1.0,True,synthetic_scenario_generator,26006
2026-06-11,IND_PAR,1.87,2.52,1.0,True,synthetic_scenario_generator,26006
2026-06-12,IND_PAR,1.73,2.38,1.0,True,synthetic_scenario_generator,26006
2026-06-13,IND_PAR,1.43,2.08,1.0,True,synthetic_scenario_generator,26006
2026-06-14,IND_PAR,1.29,1.94,1.0,True,synthetic_scenario_generator,26006
2026-06-15,IND_PAR,0.93,1.58,1.0,True,synthetic_scenario_generator,26006
2026-06-16,IND_PAR,0.56,1.21,1.0,True,synthetic_scenario_generator,26006
2026-06-17,IND_PAR,0.63,1.28,1.0,True,synthetic_scenario_generator,26006
2026-06-18,IND_PAR,0.48,1.13,1.0,True,synthetic_scenario_generator,26006
2026-06-19,IND_PAR,0.65,1.3,1.0,True,synthetic_scenario_generator,26006
2026-06-20,IND_PAR,0.77,1.42,1.0,True,synthetic_scenario_generator,26006
2026-06-21,IND_PAR,1.1,1.75,1.0,True,synthetic_scenario_generator,26006
2026-06-22,IND_PAR,1.55,2.2,1.0,True,synthetic_scenario_generator,26006
2026-06-23,IND_PAR,1.84,2.49,1.0,True,synthetic_scenario_generator,26006
2026-06-24,IND_PAR,1.93,2.58,1.0,True,synthetic_scenario_generator,26006
2026-06-25,IND_PAR,2.04,2.69,1.0,True,synthetic_scenario_generator,26006
2026-06-26,IND_PAR,1.86,2.51,1.0,True,synthetic_scenario_generator,26006
2026-06-27,IND_PAR,1.86,2.51,1.0,True,synthetic_scenario_generator,26006
2026-06-28,IND_PAR,1.49,2.14,1.0,True,synthetic_scenario_generator,26006
2026-06-29,IND_PAR,1.09,1.74,1.0,True,synthetic_scenario_generator,26006
2026-06-30,IND_PAR,0.92,1.57,1.0,True,synthetic_scenario_generator,26006
2026-07-01,IND_PAR,0.6,1.25,1.0,True,synthetic_scenario_generator,26006
2026-07-02,IND_PAR,0.6,1.25,1.0,True,synthetic_scenario_generator,26006
2026-07-03,IND_PAR,0.53,1.18,1.0,True,synthetic_scenario_generator,26006
2026-07-04,IND_PAR,0.55,1.2,1.0,True,synthetic_scenario_generator,26006
2026-07-05,IND_PAR,0.99,1.64,1.0,True,synthetic_scenario_generator,26006
2026-07-06,IND_PAR,1.04,1.69,1.0,True,synthetic_scenario_generator,26006
2026-07-07,IND_PAR,1.57,2.22,1.0,True,synthetic_scenario_generator,26006
2026-07-08,IND_PAR,1.92,2.57,1.0,True,synthetic_scenario_generator,26006
2026-07-09,IND_PAR,2.11,2.76,1.0,True,synthetic_scenario_generator,26006
2026-07-10,IND_PAR,1.87,2.52,1.0,True,synthetic_scenario_generator,26006
2026-07-11,IND_PAR,1.9,2.55,1.0,True,synthetic_scenario_generator,26006
2026-07-12,IND_PAR,1.65,2.3,1.0,True,synthetic_scenario_generator,26006
2026-07-13,IND_PAR,1.42,2.07,1.0,True,synthetic_scenario_generator,26006
2026-07-14,IND_PAR,1.02,1.67,1.0,True,synthetic_scenario_generator,26006
2026-07-15,IND_PAR,0.74,1.39,1.0,True,synthetic_scenario_generator,26006
2026-07-16,IND_PAR,0.66,1.31,1.0,True,synthetic_scenario_generator,26006
2026-07-17,IND_PAR,0.48,1.13,1.0,True,synthetic_scenario_generator,26006
2026-07-18,IND_PAR,0.5,1.15,1.0,True,synthetic_scenario_generator,26006
2026-07-19,IND_PAR,0.75,1.4,1.0,True,synthetic_scenario_generator,26006
2026-07-20,IND_PAR,1.06,1.71,1.0,True,synthetic_scenario_generator,26006
2026-07-21,IND_PAR,1.41,2.06,1.0,True,synthetic_scenario_generator,26006
2026-07-22,IND_PAR,1.62,2.27,1.0,True,synthetic_scenario_generator,26006
2026-07-23,IND_PAR,1.89,2.54,1.0,True,synthetic_scenario_generator,26006
2026-07-24,IND_PAR,2.16,2.81,1.0,True,synthetic_scenario_generator,26006
2026-07-25,IND_PAR,2.07,2.72,1.0,True,synthetic_scenario_generator,26006
2026-07-26,IND_PAR,1.95,2.6,1.0,True,synthetic_scenario_generator,26006
2026-07-27,IND_PAR,1.59,2.24,1.0,True,synthetic_scenario_generator,26006
2026-07-28,IND_PAR,1.3,1.95,1.0,True,synthetic_scenario_generator,26006
2026-07-29,IND_PAR,0.96,1.61,1.0,True,synthetic_scenario_generator,26006
2026-07-30,IND_PAR,0.85,1.5,1.0,True,synthetic_scenario_generator,26006
2026-07-31,IND_PAR,0.67,1.32,1.0,True,synthetic_scenario_generator,26006
2026-08-01,IND_PAR,0.66,1.31,1.0,True,synthetic_scenario_generator,26006
2026-08-02,IND_PAR,0.65,1.3,1.0,True,synthetic_scenario_generator,26006
2026-08-03,IND_PAR,0.84,1.49,1.0,True,synthetic_scenario_generator,26006
2026-08-04,IND_PAR,0.99,1.64,1.0,True,synthetic_scenario_generator,26006
2026-08-05,IND_PAR,1.57,2.22,1.0,True,synthetic_scenario_generator,26006
2026-08-06,IND_PAR,1.74,2.39,1.0,True,synthetic_scenario_generator,26006
2026-08-07,IND_PAR,2.08,2.73,1.0,True,synthetic_scenario_generator,26006
2026-08-08,IND_PAR,1.93,2.58,1.0,True,synthetic_scenario_generator,26006
2026-08-09,IND_PAR,1.79,2.44,1.0,True,synthetic_scenario_generator,26006
2026-08-10,IND_PAR,1.75,2.4,1.0,True,synthetic_scenario_generator,26006
2026-08-11,IND_PAR,1.66,2.31,1.0,True,synthetic_scenario_generator,26006
2026-08-12,IND_PAR,1.23,1.88,1.0,True,synthetic_scenario_generator,26006
2026-08-13,IND_PAR,0.76,1.41,1.0,True,synthetic_scenario_generator,26006
2026-08-14,IND_PAR,0.75,1.4,1.0,True,synthetic_scenario_generator,26006
2026-08-15,IND_PAR,0.52,1.17,1.0,True,synthetic_scenario_generator,26006
2026-08-16,IND_PAR,0.71,1.36,1.0,True,synthetic_scenario_generator,26006
2026-08-17,IND_PAR,0.53,1.18,1.0,True,synthetic_scenario_generator,26006
2026-08-18,IND_PAR,0.84,1.49,1.0,True,synthetic_scenario_generator,26006
2026-08-19,IND_PAR,1.35,2.0,1.0,True,synthetic_scenario_generator,26006
2026-08-20,IND_PAR,1.44,2.09,1.0,True,synthetic_scenario_generator,26006
2026-08-21,IND_PAR,1.77,2.42,1.0,True,synthetic_scenario_generator,26006
2026-08-22,IND_PAR,1.95,2.6,1.0,True,synthetic_scenario_generator,26006
2026-08-23,IND_PAR,1.78,2.43,1.0,True,synthetic_scenario_generator,26006
2026-08-24,IND_PAR,1.93,2.58,1.0,True,synthetic_scenario_generator,26006
2026-08-25,IND_PAR,1.68,2.33,1.0,True,synthetic_scenario_generator,26006
2026-08-26,IND_PAR,1.39,2.04,1.0,True,synthetic_scenario_generator,26006
2026-08-27,IND_PAR,1.23,1.88,1.0,True,synthetic_scenario_generator,26006
2026-08-28,IND_PAR,0.87,1.52,1.0,True,synthetic_scenario_generator,26006
2026-08-29,IND_PAR,0.55,1.2,1.0,True,synthetic_scenario_generator,26006
2026-08-30,IND_PAR,0.36,1.01,1.0,True,synthetic_scenario_generator,26006
2026-08-31,IND_PAR,0.54,1.19,1.0,True,synthetic_scenario_generator,26006
2020-01-01,IND_DHA,2.0,2.65,1.0,True,synthetic_scenario_generator,26006
2020-01-02,IND_DHA,1.96,2.61,1.0,True,synthetic_scenario_generator,26006
2020-01-03,IND_DHA,1.64,2.29,1.0,True,synthetic_scenario_generator,26006
2020-01-04,IND_DHA,1.2,1.85,1.0,True,synthetic_scenario_generator,26006
2020-01-05,IND_DHA,1.11,1.76,1.0,True,synthetic_scenario_generator,26006
2020-01-06,IND_DHA,0.71,1.36,1.0,True,synthetic_scenario_generator,26006
2020-01-07,IND_DHA,0.58,1.23,1.0,True,synthetic_scenario_generator,26006
2020-01-08,IND_DHA,0.44,1.09,1.0,True,synthetic_scenario_generator,26006
2020-01-09,IND_DHA,0.54,1.19,1.0,True,synthetic_scenario_generator,26006
2020-01-10,IND_DHA,0.73,1.38,1.0,True,synthetic_scenario_generator,26006
2020-01-11,IND_DHA,0.95,1.6,1.0,True,synthetic_scenario_generator,26006
2020-01-12,IND_DHA,1.22,1.87,1.0,True,synthetic_scenario_generator,26006
2020-01-13,IND_DHA,1.57,2.22,1.0,True,synthetic_scenario_generator,26006
2020-01-14,IND_DHA,1.78,2.43,1.0,True,synthetic_scenario_generator,26006
2020-01-15,IND_DHA,1.95,2.6,1.0,True,synthetic_scenario_generator,26006
2020-01-16,IND_DHA,1.97,2.62,1.0,True,synthetic_scenario_generator,26006
2020-01-17,IND_DHA,1.77,2.42,1.0,True,synthetic_scenario_generator,26006
2020-01-18,IND_DHA,1.52,2.17,1.0,True,synthetic_scenario_generator,26006
2020-01-19,IND_DHA,1.44,2.09,1.0,True,synthetic_scenario_generator,26006
2020-01-20,IND_DHA,1.03,1.68,1.0,True,synthetic_scenario_generator,26006
2020-01-21,IND_DHA,0.66,1.31,1.0,True,synthetic_scenario_generator,26006
2020-01-22,IND_DHA,0.55,1.2,1.0,True,synthetic_scenario_generator,26006
2020-01-23,IND_DHA,0.43,1.08,1.0,True,synthetic_scenario_generator,26006
2020-01-24,IND_DHA,0.48,1.13,1.0,True,synthetic_scenario_generator,26006
2020-01-25,IND_DHA,0.7,1.35,1.0,True,synthetic_scenario_generator,26006
2020-01-26,IND_DHA,1.03,1.68,1.0,True,synthetic_scenario_generator,26006
2020-01-27,IND_DHA,1.38,2.03,1.0,True,synthetic_scenario_generator,26006
2020-01-28,IND_DHA,1.69,2.34,1.0,True,synthetic_scenario_generator,26006
2020-01-29,IND_DHA,2.03,2.68,1.0,True,synthetic_scenario_generator,26006
2020-01-30,IND_DHA,2.03,2.68,1.0,True,synthetic_scenario_generator,26006
2020-01-31,IND_DHA,1.96,2.61,1.0,True,synthetic_scenario_generator,26006
2020-02-01,IND_DHA,1.66,2.31,1.0,True,synthetic_scenario_generator,26006
2020-02-02,IND_DHA,1.52,2.17,1.0,True,synthetic_scenario_generator,26006
2020-02-03,IND_DHA,1.25,1.9,1.0,True,synthetic_scenario_generator,26006
2020-02-04,IND_DHA,0.94,1.59,1.0,True,synthetic_scenario_generator,26006
2020-02-05,IND_DHA,0.8,1.45,1.0,True,synthetic_scenario_generator,26006
2020-02-06,IND_DHA,0.51,1.16,1.0,True,synthetic_scenario_generator,26006
2020-02-07,IND_DHA,0.52,1.17,1.0,True,synthetic_scenario_generator,26006
2020-02-08,IND_DHA,0.63,1.28,1.0,True,synthetic_scenario_generator,26006
2020-02-09,IND_DHA,0.92,1.57,1.0,True,synthetic_scenario_generator,26006
2020-02-10,IND_DHA,1.09,1.74,1.0,True,synthetic_scenario_generator,26006
2020-02-11,IND_DHA,1.57,2.22,1.0,True,synthetic_scenario_generator,26006
2020-02-12,IND_DHA,1.72,2.37,1.0,True,synthetic_scenario_generator,26006
2020-02-13,IND_DHA,1.98,2.63,1.0,True,synthetic_scenario_generator,26006
2020-02-14,IND_DHA,1.97,2.62,1.0,True,synthetic_scenario_generator,26006
2020-02-15,IND_DHA,1.94,2.59,1.0,True,synthetic_scenario_generator,26006
2020-02-16,IND_DHA,1.67,2.32,1.0,True,synthetic_scenario_generator,26006
2020-02-17,IND_DHA,1.56,2.21,1.0,True,synthetic_scenario_generator,26006
2020-02-18,IND_DHA,0.95,1.6,1.0,True,synthetic_scenario_generator,26006
2020-02-19,IND_DHA,0.78,1.43,1.0,True,synthetic_scenario_generator,26006
2020-02-20,IND_DHA,0.63,1.28,1.0,True,synthetic_scenario_generator,26006
2020-02-21,IND_DHA,0.49,1.14,1.0,True,synthetic_scenario_generator,26006
2020-02-22,IND_DHA,0.42,1.07,1.0,True,synthetic_scenario_generator,26006
2020-02-23,IND_DHA,0.65,1.3,1.0,True,synthetic_scenario_generator,26006
2020-02-24,IND_DHA,0.97,1.62,1.0,True,synthetic_scenario_generator,26006
2020-02-25,IND_DHA,1.23,1.88,1.0,True,synthetic_scenario_generator,26006
2020-02-26,IND_DHA,1.59,2.24,1.0,True,synthetic_scenario_generator,26006
2020-02-27,IND_DHA,1.62,2.27,1.0,True,synthetic_scenario_generator,26006
2020-02-28,IND_DHA,1.87,2.52,1.0,True,synthetic_scenario_generator,26006
2020-02-29,IND_DHA,1.87,2.52,1.0,True,synthetic_scenario_generator,26006
2020-03-01,IND_DHA,1.8,2.45,1.0,True,synthetic_scenario_generator,26006
2020-03-02,IND_DHA,1.66,2.31,1.0,True,synthetic_scenario_generator,26006
2020-03-03,IND_DHA,1.31,1.96,1.0,True,synthetic_scenario_generator,26006
2020-03-04,IND_DHA,1.08,1.73,1.0,True,synthetic_scenario_generator,26006
2020-03-05,IND_DHA,0.83,1.48,1.0,True,synthetic_scenario_generator,26006
2020-03-06,IND_DHA,0.62,1.27,1.0,True,synthetic_scenario_generator,26006
2020-03-07,IND_DHA,0.41,1.06,1.0,True,synthetic_scenario_generator,26006
2020-03-08,IND_DHA,0.56,1.21,1.0,True,synthetic_scenario_generator,26006
2020-03-09,IND_DHA,0.66,1.31,1.0,True,synthetic_scenario_generator,26006
2020-03-10,IND_DHA,1.07,1.72,1.0,True,synthetic_scenario_generator,26006
2020-03-11,IND_DHA,1.33,1.98,1.0,True,synthetic_scenario_generator,26006
2020-03-12,IND_DHA,1.51,2.16,1.0,True,synthetic_scenario_generator,26006
2020-03-13,IND_DHA,1.91,2.56,1.0,True,synthetic_scenario_generator,26006
2020-03-14,IND_DHA,1.99,2.64,1.0,True,synthetic_scenario_generator,26006
2020-03-15,IND_DHA,1.89,2.54,1.0,True,synthetic_scenario_generator,26006
2020-03-16,IND_DHA,1.94,2.59,1.0,True,synthetic_scenario_generator,26006
2020-03-17,IND_DHA,1.6,2.25,1.0,True,synthetic_scenario_generator,26006
2020-03-18,IND_DHA,1.38,2.03,1.0,True,synthetic_scenario_generator,26006
2020-03-19,IND_DHA,0.98,1.63,1.0,True,synthetic_scenario_generator,26006
2020-03-20,IND_DHA,0.76,1.41,1.0,True,synthetic_scenario_generator,26006
2020-03-21,IND_DHA,0.77,1.42,1.0,True,synthetic_scenario_generator,26006
2020-03-22,IND_DHA,0.22,0.87,1.0,True,synthetic_scenario_generator,26006
2020-03-23,IND_DHA,0.61,1.26,1.0,True,synthetic_scenario_generator,26006
2020-03-24,IND_DHA,0.84,1.49,1.0,True,synthetic_scenario_generator,26006
2020-03-25,IND_DHA,1.11,1.76,1.0,True,synthetic_scenario_generator,26006
2020-03-26,IND_DHA,1.32,1.97,1.0,True,synthetic_scenario_generator,26006
2020-03-27,IND_DHA,1.85,2.5,1.0,True,synthetic_scenario_generator,26006
2020-03-28,IND_DHA,1.9,2.55,1.0,True,synthetic_scenario_generator,26006
2020-03-29,IND_DHA,2.02,2.67,1.0,True,synthetic_scenario_generator,26006
2020-03-30,IND_DHA,1.92,2.57,1.0,True,synthetic_scenario_generator,26006
2020-03-31,IND_DHA,1.9,2.55,1.0,True,synthetic_scenario_generator,26006
2020-04-01,IND_DHA,1.32,1.97,1.0,True,synthetic_scenario_generator,26006
2020-04-02,IND_DHA,1.16,1.81,1.0,True,synthetic_scenario_generator,26006
2020-04-03,IND_DHA,0.84,1.49,1.0,True,synthetic_scenario_generator,26006
2020-04-04,IND_DHA,0.77,1.42,1.0,True,synthetic_scenario_generator,26006
2020-04-05,IND_DHA,0.4,1.05,1.0,True,synthetic_scenario_generator,26006
2020-04-06,IND_DHA,0.52,1.17,1.0,True,synthetic_scenario_generator,26006
2020-04-07,IND_DHA,0.54,1.19,1.0,True,synthetic_scenario_generator,26006
2020-04-08,IND_DHA,0.86,1.51,1.0,True,synthetic_scenario_generator,26006
2020-04-09,IND_DHA,1.18,1.83,1.0,True,synthetic_scenario_generator,26006
2020-04-10,IND_DHA,1.58,2.23,1.0,True,synthetic_scenario_generator,26006
2020-04-11,IND_DHA,1.83,2.48,1.0,True,synthetic_scenario_generator,26006
2020-04-12,IND_DHA,1.95,2.6,1.0,True,synthetic_scenario_generator,26006
2020-04-13,IND_DHA,2.15,2.8,1.0,True,synthetic_scenario_generator,26006
2020-04-14,IND_DHA,1.89,2.54,1.0,True,synthetic_scenario_generator,26006
2020-04-15,IND_DHA,1.86,2.51,1.0,True,synthetic_scenario_generator,26006
2020-04-16,IND_DHA,1.45,2.1,1.0,True,synthetic_scenario_generator,26006
2020-04-17,IND_DHA,1.08,1.73,1.0,True,synthetic_scenario_generator,26006
2020-04-18,IND_DHA,0.86,1.51,1.0,True,synthetic_scenario_generator,26006
2020-04-19,IND_DHA,0.72,1.37,1.0,True,synthetic_scenario_generator,26006
2020-04-20,IND_DHA,0.59,1.24,1.0,True,synthetic_scenario_generator,26006
2020-04-21,IND_DHA,0.52,1.17,1.0,True,synthetic_scenario_generator,26006
2020-04-22,IND_DHA,0.73,1.38,1.0,True,synthetic_scenario_generator,26006
2020-04-23,IND_DHA,1.15,1.8,1.0,True,synthetic_scenario_generator,26006
2020-04-24,IND_DHA,1.22,1.87,1.0,True,synthetic_scenario_generator,26006
2020-04-25,IND_DHA,1.58,2.23,1.0,True,synthetic_scenario_generator,26006
2020-04-26,IND_DHA,1.75,2.4,1.0,True,synthetic_scenario_generator,26006
2020-04-27,IND_DHA,1.99,2.64,1.0,True,synthetic_scenario_generator,26006
2020-04-28,IND_DHA,2.02,2.67,1.0,True,synthetic_scenario_generator,26006
2020-04-29,IND_DHA,1.82,2.47,1.0,True,synthetic_scenario_generator,26006
2020-04-30,IND_DHA,1.56,2.21,1.0,True,synthetic_scenario_generator,26006
2020-05-01,IND_DHA,1.47,2.12,1.0,True,synthetic_scenario_generator,26006
2020-05-02,IND_DHA,1.22,1.87,1.0,True,synthetic_scenario_generator,26006
2020-05-03,IND_DHA,0.87,1.52,1.0,True,synthetic_scenario_generator,26006
2020-05-04,IND_DHA,0.5,1.15,1.0,True,synthetic_scenario_generator,26006
2020-05-05,IND_DHA,0.34,0.99,1.0,True,synthetic_scenario_generator,26006
2020-05-06,IND_DHA,0.61,1.26,1.0,True,synthetic_scenario_generator,26006
2020-05-07,IND_DHA,0.7,1.35,1.0,True,synthetic_scenario_generator,26006
2020-05-08,IND_DHA,0.95,1.6,1.0,True,synthetic_scenario_generator,26006
2020-05-09,IND_DHA,1.33,1.98,1.0,True,synthetic_scenario_generator,26006
2020-05-10,IND_DHA,1.39,2.04,1.0,True,synthetic_scenario_generator,26006
2020-05-11,IND_DHA,1.81,2.46,1.0,True,synthetic_scenario_generator,26006
2020-05-12,IND_DHA,2.06,2.71,1.0,True,synthetic_scenario_generator,26006
2020-05-13,IND_DHA,2.09,2.74,1.0,True,synthetic_scenario_generator,26006
2020-05-14,IND_DHA,1.98,2.63,1.0,True,synthetic_scenario_generator,26006
2020-05-15,IND_DHA,1.83,2.48,1.0,True,synthetic_scenario_generator,26006
2020-05-16,IND_DHA,1.29,1.94,1.0,True,synthetic_scenario_generator,26006
2020-05-17,IND_DHA,1.01,1.66,1.0,True,synthetic_scenario_generator,26006
2020-05-18,IND_DHA,0.67,1.32,1.0,True,synthetic_scenario_generator,26006
2020-05-19,IND_DHA,0.52,1.17,1.0,True,synthetic_scenario_generator,26006
2020-05-20,IND_DHA,0.43,1.08,1.0,True,synthetic_scenario_generator,26006
2020-05-21,IND_DHA,0.6,1.25,1.0,True,synthetic_scenario_generator,26006
2020-05-22,IND_DHA,0.68,1.33,1.0,True,synthetic_scenario_generator,26006
2020-05-23,IND_DHA,1.07,1.72,1.0,True,synthetic_scenario_generator,26006
2020-05-24,IND_DHA,1.42,2.07,1.0,True,synthetic_scenario_generator,26006
2020-05-25,IND_DHA,1.67,2.32,1.0,True,synthetic_scenario_generator,26006
2020-05-26,IND_DHA,1.73,2.38,1.0,True,synthetic_scenario_generator,26006
2020-05-27,IND_DHA,1.85,2.5,1.0,True,synthetic_scenario_generator,26006
2020-05-28,IND_DHA,2.08,2.73,1.0,True,synthetic_scenario_generator,26006
2020-05-29,IND_DHA,1.91,2.56,1.0,True,synthetic_scenario_generator,26006
2020-05-30,IND_DHA,1.53,2.18,1.0,True,synthetic_scenario_generator,26006
2020-05-31,IND_DHA,1.42,2.07,1.0,True,synthetic_scenario_generator,26006
2020-06-01,IND_DHA,0.9,1.55,1.0,True,synthetic_scenario_generator,26006
2020-06-02,IND_DHA,0.7,1.35,1.0,True,synthetic_scenario_generator,26006
2020-06-03,IND_DHA,0.56,1.21,1.0,True,synthetic_scenario_generator,26006
2020-06-04,IND_DHA,0.48,1.13,1.0,True,synthetic_scenario_generator,26006
2020-06-05,IND_DHA,0.69,1.34,1.0,True,synthetic_scenario_generator,26006
2020-06-06,IND_DHA,0.86,1.51,1.0,True,synthetic_scenario_generator,26006
2020-06-07,IND_DHA,0.98,1.63,1.0,True,synthetic_scenario_generator,26006
2020-06-08,IND_DHA,1.44,2.09,1.0,True,synthetic_scenario_generator,26006
2020-06-09,IND_DHA,1.62,2.27,1.0,True,synthetic_scenario_generator,26006
2020-06-10,IND_DHA,1.95,2.6,1.0,True,synthetic_scenario_generator,26006
2020-06-11,IND_DHA,1.97,2.62,1.0,True,synthetic_scenario_generator,26006
2020-06-12,IND_DHA,2.01,2.66,1.0,True,synthetic_scenario_generator,26006
2020-06-13,IND_DHA,1.71,2.36,1.0,True,synthetic_scenario_generator,26006
2020-06-14,IND_DHA,1.6,2.25,1.0,True,synthetic_scenario_generator,26006
2020-06-15,IND_DHA,1.12,1.77,1.0,True,synthetic_scenario_generator,26006
2020-06-16,IND_DHA,1.02,1.67,1.0,True,synthetic_scenario_generator,26006
2020-06-17,IND_DHA,0.63,1.28,1.0,True,synthetic_scenario_generator,26006
2020-06-18,IND_DHA,0.41,1.06,1.0,True,synthetic_scenario_generator,26006
2020-06-19,IND_DHA,0.36,1.01,1.0,True,synthetic_scenario_generator,26006
2020-06-20,IND_DHA,0.82,1.47,1.0,True,synthetic_scenario_generator,26006
2020-06-21,IND_DHA,0.8,1.45,1.0,True,synthetic_scenario_generator,26006
2020-06-22,IND_DHA,1.02,1.67,1.0,True,synthetic_scenario_generator,26006
2020-06-23,IND_DHA,1.6,2.25,1.0,True,synthetic_scenario_generator,26006
2020-06-24,IND_DHA,1.63,2.28,1.0,True,synthetic_scenario_generator,26006
2020-06-25,IND_DHA,1.93,2.58,1.0,True,synthetic_scenario_generator,26006
2020-06-26,IND_DHA,2.02,2.67,1.0,True,synthetic_scenario_generator,26006
2020-06-27,IND_DHA,2.06,2.71,1.0,True,synthetic_scenario_generator,26006
2020-06-28,IND_DHA,1.75,2.4,1.0,True,synthetic_scenario_generator,26006
2020-06-29,IND_DHA,1.33,1.98,1.0,True,synthetic_scenario_generator,26006
2020-06-30,IND_DHA,1.11,1.76,1.0,True,synthetic_scenario_generator,26006
2020-07-01,IND_DHA,0.71,1.36,1.0,True,synthetic_scenario_generator,26006
2020-07-02,IND_DHA,0.67,1.32,1.0,True,synthetic_scenario_generator,26006
2020-07-03,IND_DHA,0.56,1.21,1.0,True,synthetic_scenario_generator,26006
2020-07-04,IND_DHA,0.64,1.29,1.0,True,synthetic_scenario_generator,26006
2020-07-05,IND_DHA,0.69,1.34,1.0,True,synthetic_scenario_generator,26006
2020-07-06,IND_DHA,0.91,1.56,1.0,True,synthetic_scenario_generator,26006
2020-07-07,IND_DHA,1.35,2.0,1.0,True,synthetic_scenario_generator,26006
2020-07-08,IND_DHA,1.66,2.31,1.0,True,synthetic_scenario_generator,26006
2020-07-09,IND_DHA,1.78,2.43,1.0,True,synthetic_scenario_generator,26006
2020-07-10,IND_DHA,2.16,2.81,1.0,True,synthetic_scenario_generator,26006
2020-07-11,IND_DHA,2.0,2.65,1.0,True,synthetic_scenario_generator,26006
2020-07-12,IND_DHA,1.99,2.64,1.0,True,synthetic_scenario_generator,26006
2020-07-13,IND_DHA,1.67,2.32,1.0,True,synthetic_scenario_generator,26006
2020-07-14,IND_DHA,1.27,1.92,1.0,True,synthetic_scenario_generator,26006
2020-07-15,IND_DHA,1.05,1.7,1.0,True,synthetic_scenario_generator,26006
2020-07-16,IND_DHA,0.65,1.3,1.0,True,synthetic_scenario_generator,26006
2020-07-17,IND_DHA,0.53,1.18,1.0,True,synthetic_scenario_generator,26006
2020-07-18,IND_DHA,0.46,1.11,1.0,True,synthetic_scenario_generator,26006
2020-07-19,IND_DHA,0.54,1.19,1.0,True,synthetic_scenario_generator,26006
2020-07-20,IND_DHA,0.64,1.29,1.0,True,synthetic_scenario_generator,26006
2020-07-21,IND_DHA,0.91,1.56,1.0,True,synthetic_scenario_generator,26006
2020-07-22,IND_DHA,1.44,2.09,1.0,True,synthetic_scenario_generator,26006
2020-07-23,IND_DHA,1.61,2.26,1.0,True,synthetic_scenario_generator,26006
2020-07-24,IND_DHA,1.93,2.58,1.0,True,synthetic_scenario_generator,26006
2020-07-25,IND_DHA,1.93,2.58,1.0,True,synthetic_scenario_generator,26006
2020-07-26,IND_DHA,1.88,2.53,1.0,True,synthetic_scenario_generator,26006
2020-07-27,IND_DHA,1.84,2.49,1.0,True,synthetic_scenario_generator,26006
2020-07-28,IND_DHA,1.69,2.34,1.0,True,synthetic_scenario_generator,26006
2020-07-29,IND_DHA,1.26,1.91,1.0,True,synthetic_scenario_generator,26006
2020-07-30,IND_DHA,1.01,1.66,1.0,True,synthetic_scenario_generator,26006
2020-07-31,IND_DHA,0.77,1.42,1.0,True,synthetic_scenario_generator,26006
2020-08-01,IND_DHA,0.41,1.06,1.0,True,synthetic_scenario_generator,26006
2020-08-02,IND_DHA,0.55,1.2,1.0,True,synthetic_scenario_generator,26006
2020-08-03,IND_DHA,0.62,1.27,1.0,True,synthetic_scenario_generator,26006
2020-08-04,IND_DHA,0.9,1.55,1.0,True,synthetic_scenario_generator,26006
2020-08-05,IND_DHA,1.21,1.86,1.0,True,synthetic_scenario_generator,26006
2020-08-06,IND_DHA,1.41,2.06,1.0,True,synthetic_scenario_generator,26006
2020-08-07,IND_DHA,1.54,2.19,1.0,True,synthetic_scenario_generator,26006
2020-08-08,IND_DHA,1.85,2.5,1.0,True,synthetic_scenario_generator,26006
2020-08-09,IND_DHA,1.99,2.64,1.0,True,synthetic_scenario_generator,26006
2020-08-10,IND_DHA,2.0,2.65,1.0,True,synthetic_scenario_generator,26006
2020-08-11,IND_DHA,1.83,2.48,1.0,True,synthetic_scenario_generator,26006
2020-08-12,IND_DHA,1.49,2.14,1.0,True,synthetic_scenario_generator,26006
2020-08-13,IND_DHA,1.22,1.87,1.0,True,synthetic_scenario_generator,26006
2020-08-14,IND_DHA,1.0,1.65,1.0,True,synthetic_scenario_generator,26006
2020-08-15,IND_DHA,0.71,1.36,1.0,True,synthetic_scenario_generator,26006
2020-08-16,IND_DHA,0.61,1.26,1.0,True,synthetic_scenario_generator,26006
2020-08-17,IND_DHA,0.37,1.02,1.0,True,synthetic_scenario_generator,26006
2020-08-18,IND_DHA,0.7,1.35,1.0,True,synthetic_scenario_generator,26006
2020-08-19,IND_DHA,0.78,1.43,1.0,True,synthetic_scenario_generator,26006
2020-08-20,IND_DHA,1.16,1.81,1.0,True,synthetic_scenario_generator,26006
2020-08-21,IND_DHA,1.4,2.05,1.0,True,synthetic_scenario_generator,26006
2020-08-22,IND_DHA,1.81,2.46,1.0,True,synthetic_scenario_generator,26006
2020-08-23,IND_DHA,1.84,2.49,1.0,True,synthetic_scenario_generator,26006
2020-08-24,IND_DHA,1.93,2.58,1.0,True,synthetic_scenario_generator,26006
2020-08-25,IND_DHA,2.1,2.75,1.0,True,synthetic_scenario_generator,26006
2020-08-26,IND_DHA,1.98,2.63,1.0,True,synthetic_scenario_generator,26006
2020-08-27,IND_DHA,1.45,2.1,1.0,True,synthetic_scenario_generator,26006
2020-08-28,IND_DHA,1.11,1.76,1.0,True,synthetic_scenario_generator,26006
2020-08-29,IND_DHA,0.96,1.61,1.0,True,synthetic_scenario_generator,26006
2020-08-30,IND_DHA,0.69,1.34,1.0,True,synthetic_scenario_generator,26006
2020-08-31,IND_DHA,0.57,1.22,1.0,True,synthetic_scenario_generator,26006
2020-09-01,IND_DHA,0.37,1.02,1.0,True,synthetic_scenario_generator,26006
2020-09-02,IND_DHA,0.71,1.36,1.0,True,synthetic_scenario_generator,26006
2020-09-03,IND_DHA,0.95,1.6,1.0,True,synthetic_scenario_generator,26006
2020-09-04,IND_DHA,1.31,1.96,1.0,True,synthetic_scenario_generator,26006
2020-09-05,IND_DHA,1.61,2.26,1.0,True,synthetic_scenario_generator,26006
2020-09-06,IND_DHA,1.8,2.45,1.0,True,synthetic_scenario_generator,26006
2020-09-07,IND_DHA,1.99,2.64,1.0,True,synthetic_scenario_generator,26006
2020-09-08,IND_DHA,2.19,2.84,1.0,True,synthetic_scenario_generator,26006
2020-09-09,IND_DHA,1.97,2.62,1.0,True,synthetic_scenario_generator,26006
2020-09-10,IND_DHA,1.62,2.27,1.0,True,synthetic_scenario_generator,26006
2020-09-11,IND_DHA,1.35,2.0,1.0,True,synthetic_scenario_generator,26006
2020-09-12,IND_DHA,1.32,1.97,1.0,True,synthetic_scenario_generator,26006
2020-09-13,IND_DHA,0.86,1.51,1.0,True,synthetic_scenario_generator,26006
2020-09-14,IND_DHA,0.56,1.21,1.0,True,synthetic_scenario_generator,26006
2020-09-15,IND_DHA,0.53,1.18,1.0,True,synthetic_scenario_generator,26006
2020-09-16,IND_DHA,0.5,1.15,1.0,True,synthetic_scenario_generator,26006
2020-09-17,IND_DHA,0.57,1.22,1.0,True,synthetic_scenario_generator,26006
2020-09-18,IND_DHA,0.99,1.64,1.0,True,synthetic_scenario_generator,26006
2020-09-19,IND_DHA,1.29,1.94,1.0,True,synthetic_scenario_generator,26006
2020-09-20,IND_DHA,1.61,2.26,1.0,True,synthetic_scenario_generator,26006
2020-09-21,IND_DHA,1.94,2.59,1.0,True,synthetic_scenario_generator,26006
2020-09-22,IND_DHA,1.88,2.53,1.0,True,synthetic_scenario_generator,26006
2020-09-23,IND_DHA,2.15,2.8,1.0,True,synthetic_scenario_generator,26006
2020-09-24,IND_DHA,1.73,2.38,1.0,True,synthetic_scenario_generator,26006
2020-09-25,IND_DHA,1.6,2.25,1.0,True,synthetic_scenario_generator,26006
2020-09-26,IND_DHA,1.26,1.91,1.0,True,synthetic_scenario_generator,26006
2020-09-27,IND_DHA,1.07,1.72,1.0,True,synthetic_scenario_generator,26006
2020-09-28,IND_DHA,0.88,1.53,1.0,True,synthetic_scenario_generator,26006
2020-09-29,IND_DHA,0.6,1.25,1.0,True,synthetic_scenario_generator,26006
2020-09-30,IND_DHA,0.41,1.06,1.0,True,synthetic_scenario_generator,26006
2020-10-01,IND_DHA,0.7,1.35,1.0,True,synthetic_scenario_generator,26006
2020-10-02,IND_DHA,0.81,1.46,1.0,True,synthetic_scenario_generator,26006
2020-10-03,IND_DHA,1.11,1.76,1.0,True,synthetic_scenario_generator,26006
2020-10-04,IND_DHA,1.34,1.99,1.0,True,synthetic_scenario_generator,26006
2020-10-05,IND_DHA,1.63,2.28,1.0,True,synthetic_scenario_generator,26006
2020-10-06,IND_DHA,1.81,2.46,1.0,True,synthetic_scenario_generator,26006
2020-10-07,IND_DHA,1.98,2.63,1.0,True,synthetic_scenario_generator,26006
2020-10-08,IND_DHA,2.09,2.74,1.0,True,synthetic_scenario_generator,26006
2020-10-09,IND_DHA,1.7,2.35,1.0,True,synthetic_scenario_generator,26006
2020-10-10,IND_DHA,1.57,2.22,1.0,True,synthetic_scenario_generator,26006
2020-10-11,IND_DHA,1.31,1.96,1.0,True,synthetic_scenario_generator,26006
2020-10-12,IND_DHA,0.94,1.59,1.0,True,synthetic_scenario_generator,26006
2020-10-13,IND_DHA,0.61,1.26,1.0,True,synthetic_scenario_generator,26006
2020-10-14,IND_DHA,0.53,1.18,1.0,True,synthetic_scenario_generator,26006
2020-10-15,IND_DHA,0.56,1.21,1.0,True,synthetic_scenario_generator,26006
2020-10-16,IND_DHA,0.61,1.26,1.0,True,synthetic_scenario_generator,26006
2020-10-17,IND_DHA,0.68,1.33,1.0,True,synthetic_scenario_generator,26006
2020-10-18,IND_DHA,1.11,1.76,1.0,True,synthetic_scenario_generator,26006
2020-10-19,IND_DHA,1.45,2.1,1.0,True,synthetic_scenario_generator,26006
2020-10-20,IND_DHA,1.82,2.47,1.0,True,synthetic_scenario_generator,26006
2020-10-21,IND_DHA,1.89,2.54,1.0,True,synthetic_scenario_generator,26006
2020-10-22,IND_DHA,1.97,2.62,1.0,True,synthetic_scenario_generator,26006
2020-10-23,IND_DHA,2.0,2.65,1.0,True,synthetic_scenario_generator,26006
2020-10-24,IND_DHA,1.72,2.37,1.0,True,synthetic_scenario_generator,26006
2020-10-25,IND_DHA,1.53,2.18,1.0,True,synthetic_scenario_generator,26006
2020-10-26,IND_DHA,1.3,1.95,1.0,True,synthetic_scenario_generator,26006
2020-10-27,IND_DHA,0.9,1.55,1.0,True,synthetic_scenario_generator,26006
2020-10-28,IND_DHA,0.66,1.31,1.0,True,synthetic_scenario_generator,26006
2020-10-29,IND_DHA,0.6,1.25,1.0,True,synthetic_scenario_generator,26006
2020-10-30,IND_DHA,0.32,0.97,1.0,True,synthetic_scenario_generator,26006
2020-10-31,IND_DHA,0.77,1.42,1.0,True,synthetic_scenario_generator,26006
2020-11-01,IND_DHA,1.02,1.67,1.0,True,synthetic_scenario_generator,26006
2020-11-02,IND_DHA,1.12,1.77,1.0,True,synthetic_scenario_generator,26006
2020-11-03,IND_DHA,1.53,2.18,1.0,True,synthetic_scenario_generator,26006
2020-11-04,IND_DHA,1.75,2.4,1.0,True,synthetic_scenario_generator,26006
2020-11-05,IND_DHA,1.93,2.58,1.0,True,synthetic_scenario_generator,26006
2020-11-06,IND_DHA,1.98,2.63,1.0,True,synthetic_scenario_generator,26006
2020-11-07,IND_DHA,1.91,2.56,1.0,True,synthetic_scenario_generator,26006
2020-11-08,IND_DHA,1.92,2.57,1.0,True,synthetic_scenario_generator,26006
2020-11-09,IND_DHA,1.36,2.01,1.0,True,synthetic_scenario_generator,26006
2020-11-10,IND_DHA,1.0,1.65,1.0,True,synthetic_scenario_generator,26006
2020-11-11,IND_DHA,0.85,1.5,1.0,True,synthetic_scenario_generator,26006
2020-11-12,IND_DHA,0.62,1.27,1.0,True,synthetic_scenario_generator,26006
2020-11-13,IND_DHA,0.47,1.12,1.0,True,synthetic_scenario_generator,26006
2020-11-14,IND_DHA,0.58,1.23,1.0,True,synthetic_scenario_generator,26006
2020-11-15,IND_DHA,0.68,1.33,1.0,True,synthetic_scenario_generator,26006
2020-11-16,IND_DHA,0.96,1.61,1.0,True,synthetic_scenario_generator,26006
2020-11-17,IND_DHA,1.27,1.92,1.0,True,synthetic_scenario_generator,26006
2020-11-18,IND_DHA,1.57,2.22,1.0,True,synthetic_scenario_generator,26006
2020-11-19,IND_DHA,1.85,2.5,1.0,True,synthetic_scenario_generator,26006
2020-11-20,IND_DHA,2.04,2.69,1.0,True,synthetic_scenario_generator,26006
2020-11-21,IND_DHA,1.93,2.58,1.0,True,synthetic_scenario_generator,26006
2020-11-22,IND_DHA,1.91,2.56,1.0,True,synthetic_scenario_generator,26006
2020-11-23,IND_DHA,1.74,2.39,1.0,True,synthetic_scenario_generator,26006
2020-11-24,IND_DHA,1.38,2.03,1.0,True,synthetic_scenario_generator,26006
2020-11-25,IND_DHA,0.97,1.62,1.0,True,synthetic_scenario_generator,26006
2020-11-26,IND_DHA,0.87,1.52,1.0,True,synthetic_scenario_generator,26006
2020-11-27,IND_DHA,0.62,1.27,1.0,True,synthetic_scenario_generator,26006
2020-11-28,IND_DHA,0.46,1.11,1.0,True,synthetic_scenario_generator,26006
2020-11-29,IND_DHA,0.51,1.16,1.0,True,synthetic_scenario_generator,26006
2020-11-30,IND_DHA,0.66,1.31,1.0,True,synthetic_scenario_generator,26006
2020-12-01,IND_DHA,1.13,1.78,1.0,True,synthetic_scenario_generator,26006
2020-12-02,IND_DHA,1.19,1.84,1.0,True,synthetic_scenario_generator,26006
2020-12-03,IND_DHA,1.68,2.33,1.0,True,synthetic_scenario_generator,26006
2020-12-04,IND_DHA,1.96,2.61,1.0,True,synthetic_scenario_generator,26006
2020-12-05,IND_DHA,2.02,2.67,1.0,True,synthetic_scenario_generator,26006
2020-12-06,IND_DHA,2.07,2.72,1.0,True,synthetic_scenario_generator,26006
2020-12-07,IND_DHA,1.87,2.52,1.0,True,synthetic_scenario_generator,26006
2020-12-08,IND_DHA,1.49,2.14,1.0,True,synthetic_scenario_generator,26006
2020-12-09,IND_DHA,1.24,1.89,1.0,True,synthetic_scenario_generator,26006
2020-12-10,IND_DHA,1.17,1.82,1.0,True,synthetic_scenario_generator,26006
2020-12-11,IND_DHA,0.82,1.47,1.0,True,synthetic_scenario_generator,26006
2020-12-12,IND_DHA,0.52,1.17,1.0,True,synthetic_scenario_generator,26006
2020-12-13,IND_DHA,0.58,1.23,1.0,True,synthetic_scenario_generator,26006
2020-12-14,IND_DHA,0.51,1.16,1.0,True,synthetic_scenario_generator,26006
2020-12-15,IND_DHA,0.95,1.6,1.0,True,synthetic_scenario_generator,26006
2020-12-16,IND_DHA,1.19,1.84,1.0,True,synthetic_scenario_generator,26006
2020-12-17,IND_DHA,1.51,2.16,1.0,True,synthetic_scenario_generator,26006
2020-12-18,IND_DHA,1.61,2.26,1.0,True,synthetic_scenario_generator,26006
2020-12-19,IND_DHA,2.07,2.72,1.0,True,synthetic_scenario_generator,26006
2020-12-20,IND_DHA,2.1,2.75,1.0,True,synthetic_scenario_generator,26006
2020-12-21,IND_DHA,2.0,2.65,1.0,True,synthetic_scenario_generator,26006
2020-12-22,IND_DHA,1.87,2.52,1.0,True,synthetic_scenario_generator,26006
2020-12-23,IND_DHA,1.54,2.19,1.0,True,synthetic_scenario_generator,26006
2020-12-24,IND_DHA,1.25,1.9,1.0,True,synthetic_scenario_generator,26006
2020-12-25,IND_DHA,0.88,1.53,1.0,True,synthetic_scenario_generator,26006
2020-12-26,IND_DHA,0.62,1.27,1.0,True,synthetic_scenario_generator,26006
2020-12-27,IND_DHA,0.59,1.24,1.0,True,synthetic_scenario_generator,26006
2020-12-28,IND_DHA,0.59,1.24,1.0,True,synthetic_scenario_generator,26006
2020-12-29,IND_DHA,0.64,1.29,1.0,True,synthetic_scenario_generator,26006
2020-12-30,IND_DHA,0.86,1.51,1.0,True,synthetic_scenario_generator,26006
2020-12-31,IND_DHA,1.0,1.65,1.0,True,synthetic_scenario_generator,26006
2021-01-01,IND_DHA,1.49,2.14,1.0,True,synthetic_scenario_generator,26006
2021-01-02,IND_DHA,1.66,2.31,1.0,True,synthetic_scenario_generator,26006
2021-01-03,IND_DHA,1.83,2.48,1.0,True,synthetic_scenario_generator,26006
2021-01-04,IND_DHA,2.13,2.78,1.0,True,synthetic_scenario_generator,26006
2021-01-05,IND_DHA,1.89,2.54,1.0,True,synthetic_scenario_generator,26006
2021-01-06,IND_DHA,1.75,2.4,1.0,True,synthetic_scenario_generator,26006
2021-01-07,IND_DHA,1.38,2.03,1.0,True,synthetic_scenario_generator,26006
2021-01-08,IND_DHA,1.32,1.97,1.0,True,synthetic_scenario_generator,26006
2021-01-09,IND_DHA,0.93,1.58,1.0,True,synthetic_scenario_generator,26006
2021-01-10,IND_DHA,0.73,1.38,1.0,True,synthetic_scenario_generator,26006
2021-01-11,IND_DHA,0.37,1.02,1.0,True,synthetic_scenario_generator,26006
2021-01-12,IND_DHA,0.48,1.13,1.0,True,synthetic_scenario_generator,26006
2021-01-13,IND_DHA,0.67,1.32,1.0,True,synthetic_scenario_generator,26006
2021-01-14,IND_DHA,0.87,1.52,1.0,True,synthetic_scenario_generator,26006
2021-01-15,IND_DHA,1.24,1.89,1.0,True,synthetic_scenario_generator,26006
2021-01-16,IND_DHA,1.55,2.2,1.0,True,synthetic_scenario_generator,26006
2021-01-17,IND_DHA,1.75,2.4,1.0,True,synthetic_scenario_generator,26006
2021-01-18,IND_DHA,2.1,2.75,1.0,True,synthetic_scenario_generator,26006
2021-01-19,IND_DHA,2.02,2.67,1.0,True,synthetic_scenario_generator,26006
2021-01-20,IND_DHA,1.81,2.46,1.0,True,synthetic_scenario_generator,26006
2021-01-21,IND_DHA,1.53,2.18,1.0,True,synthetic_scenario_generator,26006
2021-01-22,IND_DHA,1.44,2.09,1.0,True,synthetic_scenario_generator,26006
2021-01-23,IND_DHA,1.16,1.81,1.0,True,synthetic_scenario_generator,26006
2021-01-24,IND_DHA,0.86,1.51,1.0,True,synthetic_scenario_generator,26006
2021-01-25,IND_DHA,0.62,1.27,1.0,True,synthetic_scenario_generator,26006
2021-01-26,IND_DHA,0.35,1.0,1.0,True,synthetic_scenario_generator,26006
2021-01-27,IND_DHA,0.67,1.32,1.0,True,synthetic_scenario_generator,26006
2021-01-28,IND_DHA,0.84,1.49,1.0,True,synthetic_scenario_generator,26006
2021-01-29,IND_DHA,0.97,1.62,1.0,True,synthetic_scenario_generator,26006
2021-01-30,IND_DHA,1.29,1.94,1.0,True,synthetic_scenario_generator,26006
2021-01-31,IND_DHA,1.58,2.23,1.0,True,synthetic_scenario_generator,26006
2021-02-01,IND_DHA,1.71,2.36,1.0,True,synthetic_scenario_generator,26006
2021-02-02,IND_DHA,2.1,2.75,1.0,True,synthetic_scenario_generator,26006
2021-02-03,IND_DHA,2.07,2.72,1.0,True,synthetic_scenario_generator,26006
2021-02-04,IND_DHA,1.8,2.45,1.0,True,synthetic_scenario_generator,26006
2021-02-05,IND_DHA,1.63,2.28,1.0,True,synthetic_scenario_generator,26006
2021-02-06,IND_DHA,1.34,1.99,1.0,True,synthetic_scenario_generator,26006
2021-02-07,IND_DHA,1.06,1.71,1.0,True,synthetic_scenario_generator,26006
2021-02-08,IND_DHA,0.77,1.42,1.0,True,synthetic_scenario_generator,26006
2021-02-09,IND_DHA,0.54,1.19,1.0,True,synthetic_scenario_generator,26006
2021-02-10,IND_DHA,0.5,1.15,1.0,True,synthetic_scenario_generator,26006
2021-02-11,IND_DHA,0.58,1.23,1.0,True,synthetic_scenario_generator,26006
2021-02-12,IND_DHA,0.92,1.57,1.0,True,synthetic_scenario_generator,26006
2021-02-13,IND_DHA,0.99,1.64,1.0,True,synthetic_scenario_generator,26006
2021-02-14,IND_DHA,1.23,1.88,1.0,True,synthetic_scenario_generator,26006
2021-02-15,IND_DHA,1.54,2.19,1.0,True,synthetic_scenario_generator,26006
2021-02-16,IND_DHA,1.91,2.56,1.0,True,synthetic_scenario_generator,26006
2021-02-17,IND_DHA,1.99,2.64,1.0,True,synthetic_scenario_generator,26006
2021-02-18,IND_DHA,2.08,2.73,1.0,True,synthetic_scenario_generator,26006
2021-02-19,IND_DHA,1.81,2.46,1.0,True,synthetic_scenario_generator,26006
2021-02-20,IND_DHA,1.62,2.27,1.0,True,synthetic_scenario_generator,26006
2021-02-21,IND_DHA,1.27,1.92,1.0,True,synthetic_scenario_generator,26006
2021-02-22,IND_DHA,0.97,1.62,1.0,True,synthetic_scenario_generator,26006
2021-02-23,IND_DHA,0.61,1.26,1.0,True,synthetic_scenario_generator,26006
2021-02-24,IND_DHA,0.36,1.01,1.0,True,synthetic_scenario_generator,26006
2021-02-25,IND_DHA,0.55,1.2,1.0,True,synthetic_scenario_generator,26006
2021-02-26,IND_DHA,0.72,1.37,1.0,True,synthetic_scenario_generator,26006
2021-02-27,IND_DHA,0.77,1.42,1.0,True,synthetic_scenario_generator,26006
2021-02-28,IND_DHA,1.29,1.94,1.0,True,synthetic_scenario_generator,26006
2021-03-01,IND_DHA,1.47,2.12,1.0,True,synthetic_scenario_generator,26006
2021-03-02,IND_DHA,1.7,2.35,1.0,True,synthetic_scenario_generator,26006
2021-03-03,IND_DHA,1.92,2.57,1.0,True,synthetic_scenario_generator,26006
2021-03-04,IND_DHA,1.98,2.63,1.0,True,synthetic_scenario_generator,26006
2021-03-05,IND_DHA,2.16,2.81,1.0,True,synthetic_scenario_generator,26006
2021-03-06,IND_DHA,1.72,2.37,1.0,True,synthetic_scenario_generator,26006
2021-03-07,IND_DHA,1.36,2.01,1.0,True,synthetic_scenario_generator,26006
2021-03-08,IND_DHA,0.97,1.62,1.0,True,synthetic_scenario_generator,26006
2021-03-09,IND_DHA,0.94,1.59,1.0,True,synthetic_scenario_generator,26006
2021-03-10,IND_DHA,0.64,1.29,1.0,True,synthetic_scenario_generator,26006
2021-03-11,IND_DHA,0.53,1.18,1.0,True,synthetic_scenario_generator,26006
2021-03-12,IND_DHA,0.44,1.09,1.0,True,synthetic_scenario_generator,26006
2021-03-13,IND_DHA,0.68,1.33,1.0,True,synthetic_scenario_generator,26006
2021-03-14,IND_DHA,0.96,1.61,1.0,True,synthetic_scenario_generator,26006
2021-03-15,IND_DHA,1.25,1.9,1.0,True,synthetic_scenario_generator,26006
2021-03-16,IND_DHA,1.59,2.24,1.0,True,synthetic_scenario_generator,26006
2021-03-17,IND_DHA,1.81,2.46,1.0,True,synthetic_scenario_generator,26006
2021-03-18,IND_DHA,1.87,2.52,1.0,True,synthetic_scenario_generator,26006
2021-03-19,IND_DHA,2.02,2.67,1.0,True,synthetic_scenario_generator,26006
2021-03-20,IND_DHA,2.05,2.7,1.0,True,synthetic_scenario_generator,26006
2021-03-21,IND_DHA,1.66,2.31,1.0,True,synthetic_scenario_generator,26006
2021-03-22,IND_DHA,1.39,2.04,1.0,True,synthetic_scenario_generator,26006
2021-03-23,IND_DHA,1.19,1.84,1.0,True,synthetic_scenario_generator,26006
2021-03-24,IND_DHA,0.89,1.54,1.0,True,synthetic_scenario_generator,26006
2021-03-25,IND_DHA,0.48,1.13,1.0,True,synthetic_scenario_generator,26006
2021-03-26,IND_DHA,0.55,1.2,1.0,True,synthetic_scenario_generator,26006
2021-03-27,IND_DHA,0.57,1.22,1.0,True,synthetic_scenario_generator,26006
2021-03-28,IND_DHA,0.66,1.31,1.0,True,synthetic_scenario_generator,26006
2021-03-29,IND_DHA,0.94,1.59,1.0,True,synthetic_scenario_generator,26006
2021-03-30,IND_DHA,1.02,1.67,1.0,True,synthetic_scenario_generator,26006
2021-03-31,IND_DHA,1.8,2.45,1.0,True,synthetic_scenario_generator,26006
2021-04-01,IND_DHA,1.69,2.34,1.0,True,synthetic_scenario_generator,26006
2021-04-02,IND_DHA,2.03,2.68,1.0,True,synthetic_scenario_generator,26006
2021-04-03,IND_DHA,1.98,2.63,1.0,True,synthetic_scenario_generator,26006
2021-04-04,IND_DHA,1.75,2.4,1.0,True,synthetic_scenario_generator,26006
2021-04-05,IND_DHA,1.72,2.37,1.0,True,synthetic_scenario_generator,26006
2021-04-06,IND_DHA,1.46,2.11,1.0,True,synthetic_scenario_generator,26006
2021-04-07,IND_DHA,1.01,1.66,1.0,True,synthetic_scenario_generator,26006
2021-04-08,IND_DHA,0.57,1.22,1.0,True,synthetic_scenario_generator,26006
2021-04-09,IND_DHA,0.47,1.12,1.0,True,synthetic_scenario_generator,26006
2021-04-10,IND_DHA,0.48,1.13,1.0,True,synthetic_scenario_generator,26006
2021-04-11,IND_DHA,0.52,1.17,1.0,True,synthetic_scenario_generator,26006
2021-04-12,IND_DHA,0.69,1.34,1.0,True,synthetic_scenario_generator,26006
2021-04-13,IND_DHA,1.0,1.65,1.0,True,synthetic_scenario_generator,26006
2021-04-14,IND_DHA,1.14,1.79,1.0,True,synthetic_scenario_generator,26006
2021-04-15,IND_DHA,1.52,2.17,1.0,True,synthetic_scenario_generator,26006
2021-04-16,IND_DHA,2.05,2.7,1.0,True,synthetic_scenario_generator,26006
2021-04-17,IND_DHA,2.01,2.66,1.0,True,synthetic_scenario_generator,26006
2021-04-18,IND_DHA,2.0,2.65,1.0,True,synthetic_scenario_generator,26006
2021-04-19,IND_DHA,1.78,2.43,1.0,True,synthetic_scenario_generator,26006
2021-04-20,IND_DHA,1.63,2.28,1.0,True,synthetic_scenario_generator,26006
2021-04-21,IND_DHA,1.31,1.96,1.0,True,synthetic_scenario_generator,26006
2021-04-22,IND_DHA,0.83,1.48,1.0,True,synthetic_scenario_generator,26006
2021-04-23,IND_DHA,0.63,1.28,1.0,True,synthetic_scenario_generator,26006
2021-04-24,IND_DHA,0.45,1.1,1.0,True,synthetic_scenario_generator,26006
2021-04-25,IND_DHA,0.59,1.24,1.0,True,synthetic_scenario_generator,26006
2021-04-26,IND_DHA,0.47,1.12,1.0,True,synthetic_scenario_generator,26006
2021-04-27,IND_DHA,0.73,1.38,1.0,True,synthetic_scenario_generator,26006
2021-04-28,IND_DHA,1.15,1.8,1.0,True,synthetic_scenario_generator,26006
2021-04-29,IND_DHA,1.51,2.16,1.0,True,synthetic_scenario_generator,26006
2021-04-30,IND_DHA,1.86,2.51,1.0,True,synthetic_scenario_generator,26006
2021-05-01,IND_DHA,1.84,2.49,1.0,True,synthetic_scenario_generator,26006
2021-05-02,IND_DHA,1.88,2.53,1.0,True,synthetic_scenario_generator,26006
2021-05-03,IND_DHA,1.94,2.59,1.0,True,synthetic_scenario_generator,26006
2021-05-04,IND_DHA,1.66,2.31,1.0,True,synthetic_scenario_generator,26006
2021-05-05,IND_DHA,1.5,2.15,1.0,True,synthetic_scenario_generator,26006
2021-05-06,IND_DHA,1.12,1.77,1.0,True,synthetic_scenario_generator,26006
2021-05-07,IND_DHA,0.97,1.62,1.0,True,synthetic_scenario_generator,26006
2021-05-08,IND_DHA,0.46,1.11,1.0,True,synthetic_scenario_generator,26006
2021-05-09,IND_DHA,0.62,1.27,1.0,True,synthetic_scenario_generator,26006
2021-05-10,IND_DHA,0.4,1.05,1.0,True,synthetic_scenario_generator,26006
2021-05-11,IND_DHA,0.57,1.22,1.0,True,synthetic_scenario_generator,26006
2021-05-12,IND_DHA,0.9,1.55,1.0,True,synthetic_scenario_generator,26006
2021-05-13,IND_DHA,1.27,1.92,1.0,True,synthetic_scenario_generator,26006
2021-05-14,IND_DHA,1.51,2.16,1.0,True,synthetic_scenario_generator,26006
2021-05-15,IND_DHA,1.81,2.46,1.0,True,synthetic_scenario_generator,26006
2021-05-16,IND_DHA,2.0,2.65,1.0,True,synthetic_scenario_generator,26006
2021-05-17,IND_DHA,1.98,2.63,1.0,True,synthetic_scenario_generator,26006
2021-05-18,IND_DHA,1.87,2.52,1.0,True,synthetic_scenario_generator,26006
2021-05-19,IND_DHA,1.71,2.36,1.0,True,synthetic_scenario_generator,26006
2021-05-20,IND_DHA,1.53,2.18,1.0,True,synthetic_scenario_generator,26006
2021-05-21,IND_DHA,0.99,1.64,1.0,True,synthetic_scenario_generator,26006
2021-05-22,IND_DHA,0.94,1.59,1.0,True,synthetic_scenario_generator,26006
2021-05-23,IND_DHA,0.61,1.26,1.0,True,synthetic_scenario_generator,26006
2021-05-24,IND_DHA,0.65,1.3,1.0,True,synthetic_scenario_generator,26006
2021-05-25,IND_DHA,0.63,1.28,1.0,True,synthetic_scenario_generator,26006
2021-05-26,IND_DHA,0.72,1.37,1.0,True,synthetic_scenario_generator,26006
2021-05-27,IND_DHA,0.92,1.57,1.0,True,synthetic_scenario_generator,26006
2021-05-28,IND_DHA,1.2,1.85,1.0,True,synthetic_scenario_generator,26006
2021-05-29,IND_DHA,1.51,2.16,1.0,True,synthetic_scenario_generator,26006
2021-05-30,IND_DHA,1.88,2.53,1.0,True,synthetic_scenario_generator,26006
2021-05-31,IND_DHA,2.11,2.76,1.0,True,synthetic_scenario_generator,26006
2021-06-01,IND_DHA,1.91,2.56,1.0,True,synthetic_scenario_generator,26006
2021-06-02,IND_DHA,2.0,2.65,1.0,True,synthetic_scenario_generator,26006
2021-06-03,IND_DHA,1.71,2.36,1.0,True,synthetic_scenario_generator,26006
2021-06-04,IND_DHA,1.23,1.88,1.0,True,synthetic_scenario_generator,26006
2021-06-05,IND_DHA,1.0,1.65,1.0,True,synthetic_scenario_generator,26006
2021-06-06,IND_DHA,0.82,1.47,1.0,True,synthetic_scenario_generator,26006
2021-06-07,IND_DHA,0.59,1.24,1.0,True,synthetic_scenario_generator,26006
2021-06-08,IND_DHA,0.58,1.23,1.0,True,synthetic_scenario_generator,26006
2021-06-09,IND_DHA,0.6,1.25,1.0,True,synthetic_scenario_generator,26006
2021-06-10,IND_DHA,0.7,1.35,1.0,True,synthetic_scenario_generator,26006
2021-06-11,IND_DHA,1.07,1.72,1.0,True,synthetic_scenario_generator,26006
2021-06-12,IND_DHA,1.52,2.17,1.0,True,synthetic_scenario_generator,26006
2021-06-13,IND_DHA,1.57,2.22,1.0,True,synthetic_scenario_generator,26006
2021-06-14,IND_DHA,1.83,2.48,1.0,True,synthetic_scenario_generator,26006
2021-06-15,IND_DHA,1.98,2.63,1.0,True,synthetic_scenario_generator,26006
2021-06-16,IND_DHA,2.08,2.73,1.0,True,synthetic_scenario_generator,26006
2021-06-17,IND_DHA,1.73,2.38,1.0,True,synthetic_scenario_generator,26006
2021-06-18,IND_DHA,1.56,2.21,1.0,True,synthetic_scenario_generator,26006
2021-06-19,IND_DHA,1.32,1.97,1.0,True,synthetic_scenario_generator,26006
2021-06-20,IND_DHA,0.89,1.54,1.0,True,synthetic_scenario_generator,26006
2021-06-21,IND_DHA,0.74,1.39,1.0,True,synthetic_scenario_generator,26006
2021-06-22,IND_DHA,0.47,1.12,1.0,True,synthetic_scenario_generator,26006
2021-06-23,IND_DHA,0.44,1.09,1.0,True,synthetic_scenario_generator,26006
2021-06-24,IND_DHA,0.66,1.31,1.0,True,synthetic_scenario_generator,26006
2021-06-25,IND_DHA,0.88,1.53,1.0,True,synthetic_scenario_generator,26006
2021-06-26,IND_DHA,1.04,1.69,1.0,True,synthetic_scenario_generator,26006
2021-06-27,IND_DHA,1.54,2.19,1.0,True,synthetic_scenario_generator,26006
2021-06-28,IND_DHA,1.76,2.41,1.0,True,synthetic_scenario_generator,26006
2021-06-29,IND_DHA,1.99,2.64,1.0,True,synthetic_scenario_generator,26006
2021-06-30,IND_DHA,1.98,2.63,1.0,True,synthetic_scenario_generator,26006
2021-07-01,IND_DHA,2.01,2.66,1.0,True,synthetic_scenario_generator,26006
2021-07-02,IND_DHA,1.83,2.48,1.0,True,synthetic_scenario_generator,26006
2021-07-03,IND_DHA,1.48,2.13,1.0,True,synthetic_scenario_generator,26006
2021-07-04,IND_DHA,1.18,1.83,1.0,True,synthetic_scenario_generator,26006
2021-07-05,IND_DHA,0.91,1.56,1.0,True,synthetic_scenario_generator,26006
2021-07-06,IND_DHA,0.54,1.19,1.0,True,synthetic_scenario_generator,26006
2021-07-07,IND_DHA,0.62,1.27,1.0,True,synthetic_scenario_generator,26006
2021-07-08,IND_DHA,0.5,1.15,1.0,True,synthetic_scenario_generator,26006
2021-07-09,IND_DHA,0.53,1.18,1.0,True,synthetic_scenario_generator,26006
2021-07-10,IND_DHA,0.93,1.58,1.0,True,synthetic_scenario_generator,26006
2021-07-11,IND_DHA,1.11,1.76,1.0,True,synthetic_scenario_generator,26006
2021-07-12,IND_DHA,1.57,2.22,1.0,True,synthetic_scenario_generator,26006
2021-07-13,IND_DHA,1.83,2.48,1.0,True,synthetic_scenario_generator,26006
2021-07-14,IND_DHA,2.04,2.69,1.0,True,synthetic_scenario_generator,26006
2021-07-15,IND_DHA,2.04,2.69,1.0,True,synthetic_scenario_generator,26006
2021-07-16,IND_DHA,2.02,2.67,1.0,True,synthetic_scenario_generator,26006
2021-07-17,IND_DHA,1.73,2.38,1.0,True,synthetic_scenario_generator,26006
2021-07-18,IND_DHA,1.4,2.05,1.0,True,synthetic_scenario_generator,26006
2021-07-19,IND_DHA,1.03,1.68,1.0,True,synthetic_scenario_generator,26006
2021-07-20,IND_DHA,0.83,1.48,1.0,True,synthetic_scenario_generator,26006
2021-07-21,IND_DHA,0.53,1.18,1.0,True,synthetic_scenario_generator,26006
2021-07-22,IND_DHA,0.73,1.38,1.0,True,synthetic_scenario_generator,26006
2021-07-23,IND_DHA,0.62,1.27,1.0,True,synthetic_scenario_generator,26006
2021-07-24,IND_DHA,0.61,1.26,1.0,True,synthetic_scenario_generator,26006
2021-07-25,IND_DHA,0.89,1.54,1.0,True,synthetic_scenario_generator,26006
2021-07-26,IND_DHA,1.28,1.93,1.0,True,synthetic_scenario_generator,26006
2021-07-27,IND_DHA,1.5,2.15,1.0,True,synthetic_scenario_generator,26006
2021-07-28,IND_DHA,1.86,2.51,1.0,True,synthetic_scenario_generator,26006
2021-07-29,IND_DHA,2.01,2.66,1.0,True,synthetic_scenario_generator,26006
2021-07-30,IND_DHA,1.94,2.59,1.0,True,synthetic_scenario_generator,26006
2021-07-31,IND_DHA,1.86,2.51,1.0,True,synthetic_scenario_generator,26006
2021-08-01,IND_DHA,1.61,2.26,1.0,True,synthetic_scenario_generator,26006
2021-08-02,IND_DHA,1.37,2.02,1.0,True,synthetic_scenario_generator,26006
2021-08-03,IND_DHA,1.03,1.68,1.0,True,synthetic_scenario_generator,26006
2021-08-04,IND_DHA,0.82,1.47,1.0,True,synthetic_scenario_generator,26006
2021-08-05,IND_DHA,0.56,1.21,1.0,True,synthetic_scenario_generator,26006
2021-08-06,IND_DHA,0.52,1.17,1.0,True,synthetic_scenario_generator,26006
2021-08-07,IND_DHA,0.59,1.24,1.0,True,synthetic_scenario_generator,26006
2021-08-08,IND_DHA,0.91,1.56,1.0,True,synthetic_scenario_generator,26006
2021-08-09,IND_DHA,1.07,1.72,1.0,True,synthetic_scenario_generator,26006
2021-08-10,IND_DHA,1.31,1.96,1.0,True,synthetic_scenario_generator,26006
2021-08-11,IND_DHA,1.67,2.32,1.0,True,synthetic_scenario_generator,26006
2021-08-12,IND_DHA,1.92,2.57,1.0,True,synthetic_scenario_generator,26006
2021-08-13,IND_DHA,1.97,2.62,1.0,True,synthetic_scenario_generator,26006
2021-08-14,IND_DHA,2.0,2.65,1.0,True,synthetic_scenario_generator,26006
2021-08-15,IND_DHA,1.88,2.53,1.0,True,synthetic_scenario_generator,26006
2021-08-16,IND_DHA,1.61,2.26,1.0,True,synthetic_scenario_generator,26006
2021-08-17,IND_DHA,1.47,2.12,1.0,True,synthetic_scenario_generator,26006
2021-08-18,IND_DHA,1.0,1.65,1.0,True,synthetic_scenario_generator,26006
2021-08-19,IND_DHA,0.69,1.34,1.0,True,synthetic_scenario_generator,26006
2021-08-20,IND_DHA,0.59,1.24,1.0,True,synthetic_scenario_generator,26006
2021-08-21,IND_DHA,0.49,1.14,1.0,True,synthetic_scenario_generator,26006
2021-08-22,IND_DHA,0.69,1.34,1.0,True,synthetic_scenario_generator,26006
2021-08-23,IND_DHA,0.8,1.45,1.0,True,synthetic_scenario_generator,26006
2021-08-24,IND_DHA,1.07,1.72,1.0,True,synthetic_scenario_generator,26006
2021-08-25,IND_DHA,1.35,2.0,1.0,True,synthetic_scenario_generator,26006
2021-08-26,IND_DHA,1.8,2.45,1.0,True,synthetic_scenario_generator,26006
2021-08-27,IND_DHA,1.9,2.55,1.0,True,synthetic_scenario_generator,26006
2021-08-28,IND_DHA,1.95,2.6,1.0,True,synthetic_scenario_generator,26006
2021-08-29,IND_DHA,1.98,2.63,1.0,True,synthetic_scenario_generator,26006
2021-08-30,IND_DHA,1.76,2.41,1.0,True,synthetic_scenario_generator,26006
2021-08-31,IND_DHA,1.42,2.07,1.0,True,synthetic_scenario_generator,26006
2021-09-01,IND_DHA,1.26,1.91,1.0,True,synthetic_scenario_generator,26006
2021-09-02,IND_DHA,0.97,1.62,1.0,True,synthetic_scenario_generator,26006
2021-09-03,IND_DHA,0.75,1.4,1.0,True,synthetic_scenario_generator,26006
2021-09-04,IND_DHA,0.62,1.27,1.0,True,synthetic_scenario_generator,26006
2021-09-05,IND_DHA,0.48,1.13,1.0,True,synthetic_scenario_generator,26006
2021-09-06,IND_DHA,0.66,1.31,1.0,True,synthetic_scenario_generator,26006
2021-09-07,IND_DHA,0.84,1.49,1.0,True,synthetic_scenario_generator,26006
2021-09-08,IND_DHA,1.2,1.85,1.0,True,synthetic_scenario_generator,26006
2021-09-09,IND_DHA,1.45,2.1,1.0,True,synthetic_scenario_generator,26006
2021-09-10,IND_DHA,1.64,2.29,1.0,True,synthetic_scenario_generator,26006
2021-09-11,IND_DHA,1.85,2.5,1.0,True,synthetic_scenario_generator,26006
2021-09-12,IND_DHA,2.15,2.8,1.0,True,synthetic_scenario_generator,26006
2021-09-13,IND_DHA,1.92,2.57,1.0,True,synthetic_scenario_generator,26006
2021-09-14,IND_DHA,1.78,2.43,1.0,True,synthetic_scenario_generator,26006
2021-09-15,IND_DHA,1.57,2.22,1.0,True,synthetic_scenario_generator,26006
2021-09-16,IND_DHA,1.27,1.92,1.0,True,synthetic_scenario_generator,26006
2021-09-17,IND_DHA,0.8,1.45,1.0,True,synthetic_scenario_generator,26006
2021-09-18,IND_DHA,0.68,1.33,1.0,True,synthetic_scenario_generator,26006
2021-09-19,IND_DHA,0.54,1.19,1.0,True,synthetic_scenario_generator,26006
2021-09-20,IND_DHA,0.5,1.15,1.0,True,synthetic_scenario_generator,26006
2021-09-21,IND_DHA,0.57,1.22,1.0,True,synthetic_scenario_generator,26006
2021-09-22,IND_DHA,0.78,1.43,1.0,True,synthetic_scenario_generator,26006
2021-09-23,IND_DHA,1.29,1.94,1.0,True,synthetic_scenario_generator,26006
2021-09-24,IND_DHA,1.38,2.03,1.0,True,synthetic_scenario_generator,26006
2021-09-25,IND_DHA,1.76,2.41,1.0,True,synthetic_scenario_generator,26006
2021-09-26,IND_DHA,1.93,2.58,1.0,True,synthetic_scenario_generator,26006
2021-09-27,IND_DHA,1.98,2.63,1.0,True,synthetic_scenario_generator,26006
2021-09-28,IND_DHA,1.89,2.54,1.0,True,synthetic_scenario_generator,26006
2021-09-29,IND_DHA,1.69,2.34,1.0,True,synthetic_scenario_generator,26006
2021-09-30,IND_DHA,1.45,2.1,1.0,True,synthetic_scenario_generator,26006
2021-10-01,IND_DHA,1.14,1.79,1.0,True,synthetic_scenario_generator,26006
2021-10-02,IND_DHA,0.74,1.39,1.0,True,synthetic_scenario_generator,26006
2021-10-03,IND_DHA,0.63,1.28,1.0,True,synthetic_scenario_generator,26006
2021-10-04,IND_DHA,0.6,1.25,1.0,True,synthetic_scenario_generator,26006
2021-10-05,IND_DHA,0.55,1.2,1.0,True,synthetic_scenario_generator,26006
2021-10-06,IND_DHA,0.8,1.45,1.0,True,synthetic_scenario_generator,26006
2021-10-07,IND_DHA,0.92,1.57,1.0,True,synthetic_scenario_generator,26006
2021-10-08,IND_DHA,1.17,1.82,1.0,True,synthetic_scenario_generator,26006
2021-10-09,IND_DHA,1.46,2.11,1.0,True,synthetic_scenario_generator,26006
2021-10-10,IND_DHA,1.84,2.49,1.0,True,synthetic_scenario_generator,26006
2021-10-11,IND_DHA,1.87,2.52,1.0,True,synthetic_scenario_generator,26006
2021-10-12,IND_DHA,2.15,2.8,1.0,True,synthetic_scenario_generator,26006
2021-10-13,IND_DHA,1.85,2.5,1.0,True,synthetic_scenario_generator,26006
2021-10-14,IND_DHA,1.64,2.29,1.0,True,synthetic_scenario_generator,26006
2021-10-15,IND_DHA,1.25,1.9,1.0,True,synthetic_scenario_generator,26006
2021-10-16,IND_DHA,0.98,1.63,1.0,True,synthetic_scenario_generator,26006
2021-10-17,IND_DHA,0.73,1.38,1.0,True,synthetic_scenario_generator,26006
2021-10-18,IND_DHA,0.64,1.29,1.0,True,synthetic_scenario_generator,26006
2021-10-19,IND_DHA,0.43,1.08,1.0,True,synthetic_scenario_generator,26006
2021-10-20,IND_DHA,0.72,1.37,1.0,True,synthetic_scenario_generator,26006
2021-10-21,IND_DHA,0.83,1.48,1.0,True,synthetic_scenario_generator,26006
2021-10-22,IND_DHA,1.04,1.69,1.0,True,synthetic_scenario_generator,26006
2021-10-23,IND_DHA,1.4,2.05,1.0,True,synthetic_scenario_generator,26006
2021-10-24,IND_DHA,1.52,2.17,1.0,True,synthetic_scenario_generator,26006
2021-10-25,IND_DHA,1.98,2.63,1.0,True,synthetic_scenario_generator,26006
2021-10-26,IND_DHA,2.08,2.73,1.0,True,synthetic_scenario_generator,26006
2021-10-27,IND_DHA,2.0,2.65,1.0,True,synthetic_scenario_generator,26006
2021-10-28,IND_DHA,1.85,2.5,1.0,True,synthetic_scenario_generator,26006
2021-10-29,IND_DHA,1.38,2.03,1.0,True,synthetic_scenario_generator,26006
2021-10-30,IND_DHA,1.25,1.9,1.0,True,synthetic_scenario_generator,26006
2021-10-31,IND_DHA,1.02,1.67,1.0,True,synthetic_scenario_generator,26006
2021-11-01,IND_DHA,0.6,1.25,1.0,True,synthetic_scenario_generator,26006
2021-11-02,IND_DHA,0.49,1.14,1.0,True,synthetic_scenario_generator,26006
2021-11-03,IND_DHA,0.37,1.02,1.0,True,synthetic_scenario_generator,26006
2021-11-04,IND_DHA,0.56,1.21,1.0,True,synthetic_scenario_generator,26006
2021-11-05,IND_DHA,0.89,1.54,1.0,True,synthetic_scenario_generator,26006
2021-11-06,IND_DHA,1.13,1.78,1.0,True,synthetic_scenario_generator,26006
2021-11-07,IND_DHA,1.35,2.0,1.0,True,synthetic_scenario_generator,26006
2021-11-08,IND_DHA,1.77,2.42,1.0,True,synthetic_scenario_generator,26006
2021-11-09,IND_DHA,1.92,2.57,1.0,True,synthetic_scenario_generator,26006
2021-11-10,IND_DHA,2.2,2.85,1.0,True,synthetic_scenario_generator,26006
2021-11-11,IND_DHA,1.92,2.57,1.0,True,synthetic_scenario_generator,26006
2021-11-12,IND_DHA,1.92,2.57,1.0,True,synthetic_scenario_generator,26006
2021-11-13,IND_DHA,1.34,1.99,1.0,True,synthetic_scenario_generator,26006
2021-11-14,IND_DHA,1.29,1.94,1.0,True,synthetic_scenario_generator,26006
2021-11-15,IND_DHA,0.9,1.55,1.0,True,synthetic_scenario_generator,26006
2021-11-16,IND_DHA,0.69,1.34,1.0,True,synthetic_scenario_generator,26006
2021-11-17,IND_DHA,0.51,1.16,1.0,True,synthetic_scenario_generator,26006
2021-11-18,IND_DHA,0.41,1.06,1.0,True,synthetic_scenario_generator,26006
2021-11-19,IND_DHA,0.5,1.15,1.0,True,synthetic_scenario_generator,26006
2021-11-20,IND_DHA,0.76,1.41,1.0,True,synthetic_scenario_generator,26006
2021-11-21,IND_DHA,1.21,1.86,1.0,True,synthetic_scenario_generator,26006
2021-11-22,IND_DHA,1.52,2.17,1.0,True,synthetic_scenario_generator,26006
2021-11-23,IND_DHA,1.9,2.55,1.0,True,synthetic_scenario_generator,26006
2021-11-24,IND_DHA,1.96,2.61,1.0,True,synthetic_scenario_generator,26006
2021-11-25,IND_DHA,1.98,2.63,1.0,True,synthetic_scenario_generator,26006
2021-11-26,IND_DHA,2.0,2.65,1.0,True,synthetic_scenario_generator,26006
2021-11-27,IND_DHA,1.71,2.36,1.0,True,synthetic_scenario_generator,26006
2021-11-28,IND_DHA,1.49,2.14,1.0,True,synthetic_scenario_generator,26006
2021-11-29,IND_DHA,1.02,1.67,1.0,True,synthetic_scenario_generator,26006
2021-11-30,IND_DHA,0.83,1.48,1.0,True,synthetic_scenario_generator,26006
2021-12-01,IND_DHA,0.49,1.14,1.0,True,synthetic_scenario_generator,26006
2021-12-02,IND_DHA,0.5,1.15,1.0,True,synthetic_scenario_generator,26006
2021-12-03,IND_DHA,0.61,1.26,1.0,True,synthetic_scenario_generator,26006
2021-12-04,IND_DHA,0.52,1.17,1.0,True,synthetic_scenario_generator,26006
2021-12-05,IND_DHA,1.2,1.85,1.0,True,synthetic_scenario_generator,26006
2021-12-06,IND_DHA,1.29,1.94,1.0,True,synthetic_scenario_generator,26006
2021-12-07,IND_DHA,1.59,2.24,1.0,True,synthetic_scenario_generator,26006
2021-12-08,IND_DHA,1.61,2.26,1.0,True,synthetic_scenario_generator,26006
2021-12-09,IND_DHA,1.81,2.46,1.0,True,synthetic_scenario_generator,26006
2021-12-10,IND_DHA,2.03,2.68,1.0,True,synthetic_scenario_generator,26006
2021-12-11,IND_DHA,1.91,2.56,1.0,True,synthetic_scenario_generator,26006
2021-12-12,IND_DHA,1.66,2.31,1.0,True,synthetic_scenario_generator,26006
2021-12-13,IND_DHA,1.32,1.97,1.0,True,synthetic_scenario_generator,26006
2021-12-14,IND_DHA,0.98,1.63,1.0,True,synthetic_scenario_generator,26006
2021-12-15,IND_DHA,0.87,1.52,1.0,True,synthetic_scenario_generator,26006
2021-12-16,IND_DHA,0.68,1.33,1.0,True,synthetic_scenario_generator,26006
2021-12-17,IND_DHA,0.58,1.23,1.0,True,synthetic_scenario_generator,26006
2021-12-18,IND_DHA,0.65,1.3,1.0,True,synthetic_scenario_generator,26006
2021-12-19,IND_DHA,0.57,1.22,1.0,True,synthetic_scenario_generator,26006
2021-12-20,IND_DHA,1.2,1.85,1.0,True,synthetic_scenario_generator,26006
2021-12-21,IND_DHA,1.24,1.89,1.0,True,synthetic_scenario_generator,26006
2021-12-22,IND_DHA,1.57,2.22,1.0,True,synthetic_scenario_generator,26006
2021-12-23,IND_DHA,1.81,2.46,1.0,True,synthetic_scenario_generator,26006
2021-12-24,IND_DHA,1.94,2.59,1.0,True,synthetic_scenario_generator,26006
2021-12-25,IND_DHA,1.97,2.62,1.0,True,synthetic_scenario_generator,26006
2021-12-26,IND_DHA,1.79,2.44,1.0,True,synthetic_scenario_generator,26006
2021-12-27,IND_DHA,1.6,2.25,1.0,True,synthetic_scenario_generator,26006
2021-12-28,IND_DHA,1.31,1.96,1.0,True,synthetic_scenario_generator,26006
2021-12-29,IND_DHA,0.95,1.6,1.0,True,synthetic_scenario_generator,26006
2021-12-30,IND_DHA,0.75,1.4,1.0,True,synthetic_scenario_generator,26006
2021-12-31,IND_DHA,0.66,1.31,1.0,True,synthetic_scenario_generator,26006
2022-01-01,IND_DHA,0.66,1.31,1.0,True,synthetic_scenario_generator,26006
2022-01-02,IND_DHA,0.51,1.16,1.0,True,synthetic_scenario_generator,26006
2022-01-03,IND_DHA,0.84,1.49,1.0,True,synthetic_scenario_generator,26006
2022-01-04,IND_DHA,1.19,1.84,1.0,True,synthetic_scenario_generator,26006
2022-01-05,IND_DHA,1.4,2.05,1.0,True,synthetic_scenario_generator,26006
2022-01-06,IND_DHA,1.62,2.27,1.0,True,synthetic_scenario_generator,26006
2022-01-07,IND_DHA,1.9,2.55,1.0,True,synthetic_scenario_generator,26006
2022-01-08,IND_DHA,1.93,2.58,1.0,True,synthetic_scenario_generator,26006
2022-01-09,IND_DHA,1.81,2.46,1.0,True,synthetic_scenario_generator,26006
2022-01-10,IND_DHA,1.75,2.4,1.0,True,synthetic_scenario_generator,26006
2022-01-11,IND_DHA,1.55,2.2,1.0,True,synthetic_scenario_generator,26006
2022-01-12,IND_DHA,1.14,1.79,1.0,True,synthetic_scenario_generator,26006
2022-01-13,IND_DHA,0.84,1.49,1.0,True,synthetic_scenario_generator,26006
2022-01-14,IND_DHA,0.59,1.24,1.0,True,synthetic_scenario_generator,26006
2022-01-15,IND_DHA,0.42,1.07,1.0,True,synthetic_scenario_generator,26006
2022-01-16,IND_DHA,0.44,1.09,1.0,True,synthetic_scenario_generator,26006
2022-01-17,IND_DHA,0.71,1.36,1.0,True,synthetic_scenario_generator,26006
2022-01-18,IND_DHA,0.88,1.53,1.0,True,synthetic_scenario_generator,26006
2022-01-19,IND_DHA,1.2,1.85,1.0,True,synthetic_scenario_generator,26006
2022-01-20,IND_DHA,1.56,2.21,1.0,True,synthetic_scenario_generator,26006
2022-01-21,IND_DHA,1.65,2.3,1.0,True,synthetic_scenario_generator,26006
2022-01-22,IND_DHA,2.06,2.71,1.0,True,synthetic_scenario_generator,26006
2022-01-23,IND_DHA,1.81,2.46,1.0,True,synthetic_scenario_generator,26006
2022-01-24,IND_DHA,1.9,2.55,1.0,True,synthetic_scenario_generator,26006
2022-01-25,IND_DHA,1.8,2.45,1.0,True,synthetic_scenario_generator,26006
2022-01-26,IND_DHA,1.38,2.03,1.0,True,synthetic_scenario_generator,26006
2022-01-27,IND_DHA,1.13,1.78,1.0,True,synthetic_scenario_generator,26006
2022-01-28,IND_DHA,0.85,1.5,1.0,True,synthetic_scenario_generator,26006
2022-01-29,IND_DHA,0.7,1.35,1.0,True,synthetic_scenario_generator,26006
2022-01-30,IND_DHA,0.5,1.15,1.0,True,synthetic_scenario_generator,26006
2022-01-31,IND_DHA,0.5,1.15,1.0,True,synthetic_scenario_generator,26006
2022-02-01,IND_DHA,0.82,1.47,1.0,True,synthetic_scenario_generator,26006
2022-02-02,IND_DHA,0.92,1.57,1.0,True,synthetic_scenario_generator,26006
2022-02-03,IND_DHA,1.33,1.98,1.0,True,synthetic_scenario_generator,26006
2022-02-04,IND_DHA,1.4,2.05,1.0,True,synthetic_scenario_generator,26006
2022-02-05,IND_DHA,1.92,2.57,1.0,True,synthetic_scenario_generator,26006
2022-02-06,IND_DHA,1.97,2.62,1.0,True,synthetic_scenario_generator,26006
2022-02-07,IND_DHA,1.93,2.58,1.0,True,synthetic_scenario_generator,26006
2022-02-08,IND_DHA,1.89,2.54,1.0,True,synthetic_scenario_generator,26006
2022-02-09,IND_DHA,1.55,2.2,1.0,True,synthetic_scenario_generator,26006
2022-02-10,IND_DHA,1.33,1.98,1.0,True,synthetic_scenario_generator,26006
2022-02-11,IND_DHA,1.02,1.67,1.0,True,synthetic_scenario_generator,26006
2022-02-12,IND_DHA,0.89,1.54,1.0,True,synthetic_scenario_generator,26006
2022-02-13,IND_DHA,0.54,1.19,1.0,True,synthetic_scenario_generator,26006
2022-02-14,IND_DHA,0.57,1.22,1.0,True,synthetic_scenario_generator,26006
2022-02-15,IND_DHA,0.47,1.12,1.0,True,synthetic_scenario_generator,26006
2022-02-16,IND_DHA,0.71,1.36,1.0,True,synthetic_scenario_generator,26006
2022-02-17,IND_DHA,0.94,1.59,1.0,True,synthetic_scenario_generator,26006
2022-02-18,IND_DHA,1.24,1.89,1.0,True,synthetic_scenario_generator,26006
2022-02-19,IND_DHA,1.6,2.25,1.0,True,synthetic_scenario_generator,26006
2022-02-20,IND_DHA,1.8,2.45,1.0,True,synthetic_scenario_generator,26006
2022-02-21,IND_DHA,1.99,2.64,1.0,True,synthetic_scenario_generator,26006
2022-02-22,IND_DHA,2.03,2.68,1.0,True,synthetic_scenario_generator,26006
2022-02-23,IND_DHA,1.93,2.58,1.0,True,synthetic_scenario_generator,26006
2022-02-24,IND_DHA,1.68,2.33,1.0,True,synthetic_scenario_generator,26006
2022-02-25,IND_DHA,1.2,1.85,1.0,True,synthetic_scenario_generator,26006
2022-02-26,IND_DHA,0.9,1.55,1.0,True,synthetic_scenario_generator,26006
2022-02-27,IND_DHA,0.71,1.36,1.0,True,synthetic_scenario_generator,26006
2022-02-28,IND_DHA,0.68,1.33,1.0,True,synthetic_scenario_generator,26006
2022-03-01,IND_DHA,0.55,1.2,1.0,True,synthetic_scenario_generator,26006
2022-03-02,IND_DHA,0.7,1.35,1.0,True,synthetic_scenario_generator,26006
2022-03-03,IND_DHA,0.67,1.32,1.0,True,synthetic_scenario_generator,26006
2022-03-04,IND_DHA,0.95,1.6,1.0,True,synthetic_scenario_generator,26006
2022-03-05,IND_DHA,1.46,2.11,1.0,True,synthetic_scenario_generator,26006
2022-03-06,IND_DHA,1.81,2.46,1.0,True,synthetic_scenario_generator,26006
2022-03-07,IND_DHA,1.89,2.54,1.0,True,synthetic_scenario_generator,26006
2022-03-08,IND_DHA,2.05,2.7,1.0,True,synthetic_scenario_generator,26006
2022-03-09,IND_DHA,2.02,2.67,1.0,True,synthetic_scenario_generator,26006
2022-03-10,IND_DHA,1.96,2.61,1.0,True,synthetic_scenario_generator,26006
2022-03-11,IND_DHA,1.55,2.2,1.0,True,synthetic_scenario_generator,26006
2022-03-12,IND_DHA,1.11,1.76,1.0,True,synthetic_scenario_generator,26006
2022-03-13,IND_DHA,0.9,1.55,1.0,True,synthetic_scenario_generator,26006
2022-03-14,IND_DHA,0.81,1.46,1.0,True,synthetic_scenario_generator,26006
2022-03-15,IND_DHA,0.54,1.19,1.0,True,synthetic_scenario_generator,26006
2022-03-16,IND_DHA,0.37,1.02,1.0,True,synthetic_scenario_generator,26006
2022-03-17,IND_DHA,0.53,1.18,1.0,True,synthetic_scenario_generator,26006
2022-03-18,IND_DHA,0.97,1.62,1.0,True,synthetic_scenario_generator,26006
2022-03-19,IND_DHA,1.07,1.72,1.0,True,synthetic_scenario_generator,26006
2022-03-20,IND_DHA,1.33,1.98,1.0,True,synthetic_scenario_generator,26006
2022-03-21,IND_DHA,1.9,2.55,1.0,True,synthetic_scenario_generator,26006
2022-03-22,IND_DHA,1.87,2.52,1.0,True,synthetic_scenario_generator,26006
2022-03-23,IND_DHA,1.93,2.58,1.0,True,synthetic_scenario_generator,26006
2022-03-24,IND_DHA,1.94,2.59,1.0,True,synthetic_scenario_generator,26006
2022-03-25,IND_DHA,1.62,2.27,1.0,True,synthetic_scenario_generator,26006
2022-03-26,IND_DHA,1.29,1.94,1.0,True,synthetic_scenario_generator,26006
2022-03-27,IND_DHA,1.2,1.85,1.0,True,synthetic_scenario_generator,26006
2022-03-28,IND_DHA,0.76,1.41,1.0,True,synthetic_scenario_generator,26006
2022-03-29,IND_DHA,0.68,1.33,1.0,True,synthetic_scenario_generator,26006
2022-03-30,IND_DHA,0.49,1.14,1.0,True,synthetic_scenario_generator,26006
2022-03-31,IND_DHA,0.54,1.19,1.0,True,synthetic_scenario_generator,26006
2022-04-01,IND_DHA,0.63,1.28,1.0,True,synthetic_scenario_generator,26006
2022-04-02,IND_DHA,0.93,1.58,1.0,True,synthetic_scenario_generator,26006
2022-04-03,IND_DHA,1.22,1.87,1.0,True,synthetic_scenario_generator,26006
2022-04-04,IND_DHA,1.49,2.14,1.0,True,synthetic_scenario_generator,26006
2022-04-05,IND_DHA,1.96,2.61,1.0,True,synthetic_scenario_generator,26006
2022-04-06,IND_DHA,1.88,2.53,1.0,True,synthetic_scenario_generator,26006
2022-04-07,IND_DHA,1.89,2.54,1.0,True,synthetic_scenario_generator,26006
2022-04-08,IND_DHA,1.81,2.46,1.0,True,synthetic_scenario_generator,26006
2022-04-09,IND_DHA,1.68,2.33,1.0,True,synthetic_scenario_generator,26006
2022-04-10,IND_DHA,1.59,2.24,1.0,True,synthetic_scenario_generator,26006
2022-04-11,IND_DHA,1.25,1.9,1.0,True,synthetic_scenario_generator,26006
2022-04-12,IND_DHA,0.96,1.61,1.0,True,synthetic_scenario_generator,26006
2022-04-13,IND_DHA,0.78,1.43,1.0,True,synthetic_scenario_generator,26006
2022-04-14,IND_DHA,0.56,1.21,1.0,True,synthetic_scenario_generator,26006
2022-04-15,IND_DHA,0.69,1.34,1.0,True,synthetic_scenario_generator,26006
2022-04-16,IND_DHA,0.8,1.45,1.0,True,synthetic_scenario_generator,26006
2022-04-17,IND_DHA,0.88,1.53,1.0,True,synthetic_scenario_generator,26006
2022-04-18,IND_DHA,1.35,2.0,1.0,True,synthetic_scenario_generator,26006
2022-04-19,IND_DHA,1.5,2.15,1.0,True,synthetic_scenario_generator,26006
2022-04-20,IND_DHA,1.99,2.64,1.0,True,synthetic_scenario_generator,26006
2022-04-21,IND_DHA,1.85,2.5,1.0,True,synthetic_scenario_generator,26006
2022-04-22,IND_DHA,2.09,2.74,1.0,True,synthetic_scenario_generator,26006
2022-04-23,IND_DHA,1.89,2.54,1.0,True,synthetic_scenario_generator,26006
2022-04-24,IND_DHA,1.79,2.44,1.0,True,synthetic_scenario_generator,26006
2022-04-25,IND_DHA,1.32,1.97,1.0,True,synthetic_scenario_generator,26006
2022-04-26,IND_DHA,0.91,1.56,1.0,True,synthetic_scenario_generator,26006
2022-04-27,IND_DHA,0.87,1.52,1.0,True,synthetic_scenario_generator,26006
2022-04-28,IND_DHA,0.39,1.04,1.0,True,synthetic_scenario_generator,26006
2022-04-29,IND_DHA,0.65,1.3,1.0,True,synthetic_scenario_generator,26006
2022-04-30,IND_DHA,0.7,1.35,1.0,True,synthetic_scenario_generator,26006
2022-05-01,IND_DHA,0.84,1.49,1.0,True,synthetic_scenario_generator,26006
2022-05-02,IND_DHA,0.98,1.63,1.0,True,synthetic_scenario_generator,26006
2022-05-03,IND_DHA,1.42,2.07,1.0,True,synthetic_scenario_generator,26006
2022-05-04,IND_DHA,1.68,2.33,1.0,True,synthetic_scenario_generator,26006
2022-05-05,IND_DHA,1.94,2.59,1.0,True,synthetic_scenario_generator,26006
2022-05-06,IND_DHA,1.99,2.64,1.0,True,synthetic_scenario_generator,26006
2022-05-07,IND_DHA,1.97,2.62,1.0,True,synthetic_scenario_generator,26006
2022-05-08,IND_DHA,1.75,2.4,1.0,True,synthetic_scenario_generator,26006
2022-05-09,IND_DHA,1.46,2.11,1.0,True,synthetic_scenario_generator,26006
2022-05-10,IND_DHA,1.22,1.87,1.0,True,synthetic_scenario_generator,26006
2022-05-11,IND_DHA,0.96,1.61,1.0,True,synthetic_scenario_generator,26006
2022-05-12,IND_DHA,0.63,1.28,1.0,True,synthetic_scenario_generator,26006
2022-05-13,IND_DHA,0.45,1.1,1.0,True,synthetic_scenario_generator,26006
2022-05-14,IND_DHA,0.38,1.03,1.0,True,synthetic_scenario_generator,26006
2022-05-15,IND_DHA,0.56,1.21,1.0,True,synthetic_scenario_generator,26006
2022-05-16,IND_DHA,0.95,1.6,1.0,True,synthetic_scenario_generator,26006
2022-05-17,IND_DHA,1.13,1.78,1.0,True,synthetic_scenario_generator,26006
2022-05-18,IND_DHA,1.43,2.08,1.0,True,synthetic_scenario_generator,26006
2022-05-19,IND_DHA,1.74,2.39,1.0,True,synthetic_scenario_generator,26006
2022-05-20,IND_DHA,1.97,2.62,1.0,True,synthetic_scenario_generator,26006
2022-05-21,IND_DHA,2.02,2.67,1.0,True,synthetic_scenario_generator,26006
2022-05-22,IND_DHA,1.96,2.61,1.0,True,synthetic_scenario_generator,26006
2022-05-23,IND_DHA,1.83,2.48,1.0,True,synthetic_scenario_generator,26006
2022-05-24,IND_DHA,1.47,2.12,1.0,True,synthetic_scenario_generator,26006
2022-05-25,IND_DHA,0.98,1.63,1.0,True,synthetic_scenario_generator,26006
2022-05-26,IND_DHA,1.0,1.65,1.0,True,synthetic_scenario_generator,26006
2022-05-27,IND_DHA,0.72,1.37,1.0,True,synthetic_scenario_generator,26006
2022-05-28,IND_DHA,0.47,1.12,1.0,True,synthetic_scenario_generator,26006
2022-05-29,IND_DHA,0.5,1.15,1.0,True,synthetic_scenario_generator,26006
2022-05-30,IND_DHA,0.65,1.3,1.0,True,synthetic_scenario_generator,26006
2022-05-31,IND_DHA,0.96,1.61,1.0,True,synthetic_scenario_generator,26006
2022-06-01,IND_DHA,1.18,1.83,1.0,True,synthetic_scenario_generator,26006
2022-06-02,IND_DHA,1.55,2.2,1.0,True,synthetic_scenario_generator,26006
2022-06-03,IND_DHA,1.7,2.35,1.0,True,synthetic_scenario_generator,26006
2022-06-04,IND_DHA,2.0,2.65,1.0,True,synthetic_scenario_generator,26006
2022-06-05,IND_DHA,2.03,2.68,1.0,True,synthetic_scenario_generator,26006
2022-06-06,IND_DHA,1.79,2.44,1.0,True,synthetic_scenario_generator,26006
2022-06-07,IND_DHA,1.57,2.22,1.0,True,synthetic_scenario_generator,26006
2022-06-08,IND_DHA,1.36,2.01,1.0,True,synthetic_scenario_generator,26006
2022-06-09,IND_DHA,1.02,1.67,1.0,True,synthetic_scenario_generator,26006
2022-06-10,IND_DHA,0.81,1.46,1.0,True,synthetic_scenario_generator,26006
2022-06-11,IND_DHA,0.63,1.28,1.0,True,synthetic_scenario_generator,26006
2022-06-12,IND_DHA,0.43,1.08,1.0,True,synthetic_scenario_generator,26006
2022-06-13,IND_DHA,0.44,1.09,1.0,True,synthetic_scenario_generator,26006
2022-06-14,IND_DHA,0.79,1.44,1.0,True,synthetic_scenario_generator,26006
2022-06-15,IND_DHA,0.77,1.42,1.0,True,synthetic_scenario_generator,26006
2022-06-16,IND_DHA,1.08,1.73,1.0,True,synthetic_scenario_generator,26006
2022-06-17,IND_DHA,1.54,2.19,1.0,True,synthetic_scenario_generator,26006
2022-06-18,IND_DHA,1.7,2.35,1.0,True,synthetic_scenario_generator,26006
2022-06-19,IND_DHA,1.94,2.59,1.0,True,synthetic_scenario_generator,26006
2022-06-20,IND_DHA,1.81,2.46,1.0,True,synthetic_scenario_generator,26006
2022-06-21,IND_DHA,1.87,2.52,1.0,True,synthetic_scenario_generator,26006
2022-06-22,IND_DHA,1.65,2.3,1.0,True,synthetic_scenario_generator,26006
2022-06-23,IND_DHA,1.37,2.02,1.0,True,synthetic_scenario_generator,26006
2022-06-24,IND_DHA,1.04,1.69,1.0,True,synthetic_scenario_generator,26006
2022-06-25,IND_DHA,0.91,1.56,1.0,True,synthetic_scenario_generator,26006
2022-06-26,IND_DHA,0.61,1.26,1.0,True,synthetic_scenario_generator,26006
2022-06-27,IND_DHA,0.56,1.21,1.0,True,synthetic_scenario_generator,26006
2022-06-28,IND_DHA,0.58,1.23,1.0,True,synthetic_scenario_generator,26006
2022-06-29,IND_DHA,0.83,1.48,1.0,True,synthetic_scenario_generator,26006
2022-06-30,IND_DHA,0.87,1.52,1.0,True,synthetic_scenario_generator,26006
2022-07-01,IND_DHA,1.3,1.95,1.0,True,synthetic_scenario_generator,26006
2022-07-02,IND_DHA,1.52,2.17,1.0,True,synthetic_scenario_generator,26006
2022-07-03,IND_DHA,1.77,2.42,1.0,True,synthetic_scenario_generator,26006
2022-07-04,IND_DHA,1.94,2.59,1.0,True,synthetic_scenario_generator,26006
2022-07-05,IND_DHA,2.17,2.82,1.0,True,synthetic_scenario_generator,26006
2022-07-06,IND_DHA,2.0,2.65,1.0,True,synthetic_scenario_generator,26006
2022-07-07,IND_DHA,1.59,2.24,1.0,True,synthetic_scenario_generator,26006
2022-07-08,IND_DHA,1.32,1.97,1.0,True,synthetic_scenario_generator,26006
2022-07-09,IND_DHA,0.86,1.51,1.0,True,synthetic_scenario_generator,26006
2022-07-10,IND_DHA,0.65,1.3,1.0,True,synthetic_scenario_generator,26006
2022-07-11,IND_DHA,0.53,1.18,1.0,True,synthetic_scenario_generator,26006
2022-07-12,IND_DHA,0.42,1.07,1.0,True,synthetic_scenario_generator,26006
2022-07-13,IND_DHA,0.44,1.09,1.0,True,synthetic_scenario_generator,26006
2022-07-14,IND_DHA,0.93,1.58,1.0,True,synthetic_scenario_generator,26006
2022-07-15,IND_DHA,1.12,1.77,1.0,True,synthetic_scenario_generator,26006
2022-07-16,IND_DHA,1.3,1.95,1.0,True,synthetic_scenario_generator,26006
2022-07-17,IND_DHA,1.6,2.25,1.0,True,synthetic_scenario_generator,26006
2022-07-18,IND_DHA,1.85,2.5,1.0,True,synthetic_scenario_generator,26006
2022-07-19,IND_DHA,2.03,2.68,1.0,True,synthetic_scenario_generator,26006
2022-07-20,IND_DHA,1.93,2.58,1.0,True,synthetic_scenario_generator,26006
2022-07-21,IND_DHA,1.77,2.42,1.0,True,synthetic_scenario_generator,26006
2022-07-22,IND_DHA,1.63,2.28,1.0,True,synthetic_scenario_generator,26006
2022-07-23,IND_DHA,1.27,1.92,1.0,True,synthetic_scenario_generator,26006
2022-07-24,IND_DHA,1.02,1.67,1.0,True,synthetic_scenario_generator,26006
2022-07-25,IND_DHA,0.6,1.25,1.0,True,synthetic_scenario_generator,26006
2022-07-26,IND_DHA,0.48,1.13,1.0,True,synthetic_scenario_generator,26006
2022-07-27,IND_DHA,0.57,1.22,1.0,True,synthetic_scenario_generator,26006
2022-07-28,IND_DHA,0.64,1.29,1.0,True,synthetic_scenario_generator,26006
2022-07-29,IND_DHA,0.92,1.57,1.0,True,synthetic_scenario_generator,26006
2022-07-30,IND_DHA,1.08,1.73,1.0,True,synthetic_scenario_generator,26006
2022-07-31,IND_DHA,1.48,2.13,1.0,True,synthetic_scenario_generator,26006
2022-08-01,IND_DHA,1.73,2.38,1.0,True,synthetic_scenario_generator,26006
2022-08-02,IND_DHA,1.96,2.61,1.0,True,synthetic_scenario_generator,26006
2022-08-03,IND_DHA,1.97,2.62,1.0,True,synthetic_scenario_generator,26006
2022-08-04,IND_DHA,1.88,2.53,1.0,True,synthetic_scenario_generator,26006
2022-08-05,IND_DHA,1.8,2.45,1.0,True,synthetic_scenario_generator,26006
2022-08-06,IND_DHA,1.44,2.09,1.0,True,synthetic_scenario_generator,26006
2022-08-07,IND_DHA,1.27,1.92,1.0,True,synthetic_scenario_generator,26006
2022-08-08,IND_DHA,0.89,1.54,1.0,True,synthetic_scenario_generator,26006
2022-08-09,IND_DHA,0.68,1.33,1.0,True,synthetic_scenario_generator,26006
2022-08-10,IND_DHA,0.64,1.29,1.0,True,synthetic_scenario_generator,26006
2022-08-11,IND_DHA,0.48,1.13,1.0,True,synthetic_scenario_generator,26006
2022-08-12,IND_DHA,0.68,1.33,1.0,True,synthetic_scenario_generator,26006
2022-08-13,IND_DHA,0.86,1.51,1.0,True,synthetic_scenario_generator,26006
2022-08-14,IND_DHA,1.22,1.87,1.0,True,synthetic_scenario_generator,26006
2022-08-15,IND_DHA,1.5,2.15,1.0,True,synthetic_scenario_generator,26006
2022-08-16,IND_DHA,1.79,2.44,1.0,True,synthetic_scenario_generator,26006
2022-08-17,IND_DHA,1.93,2.58,1.0,True,synthetic_scenario_generator,26006
2022-08-18,IND_DHA,2.15,2.8,1.0,True,synthetic_scenario_generator,26006
2022-08-19,IND_DHA,1.88,2.53,1.0,True,synthetic_scenario_generator,26006
2022-08-20,IND_DHA,1.65,2.3,1.0,True,synthetic_scenario_generator,26006
2022-08-21,IND_DHA,1.37,2.02,1.0,True,synthetic_scenario_generator,26006
2022-08-22,IND_DHA,1.21,1.86,1.0,True,synthetic_scenario_generator,26006
2022-08-23,IND_DHA,0.78,1.43,1.0,True,synthetic_scenario_generator,26006
2022-08-24,IND_DHA,0.53,1.18,1.0,True,synthetic_scenario_generator,26006
2022-08-25,IND_DHA,0.58,1.23,1.0,True,synthetic_scenario_generator,26006
2022-08-26,IND_DHA,0.68,1.33,1.0,True,synthetic_scenario_generator,26006
2022-08-27,IND_DHA,0.83,1.48,1.0,True,synthetic_scenario_generator,26006
2022-08-28,IND_DHA,1.09,1.74,1.0,True,synthetic_scenario_generator,26006
2022-08-29,IND_DHA,1.38,2.03,1.0,True,synthetic_scenario_generator,26006
2022-08-30,IND_DHA,1.54,2.19,1.0,True,synthetic_scenario_generator,26006
2022-08-31,IND_DHA,1.86,2.51,1.0,True,synthetic_scenario_generator,26006
2022-09-01,IND_DHA,1.92,2.57,1.0,True,synthetic_scenario_generator,26006
2022-09-02,IND_DHA,1.93,2.58,1.0,True,synthetic_scenario_generator,26006
2022-09-03,IND_DHA,1.96,2.61,1.0,True,synthetic_scenario_generator,26006
2022-09-04,IND_DHA,1.52,2.17,1.0,True,synthetic_scenario_generator,26006
2022-09-05,IND_DHA,1.25,1.9,1.0,True,synthetic_scenario_generator,26006
2022-09-06,IND_DHA,1.01,1.66,1.0,True,synthetic_scenario_generator,26006
2022-09-07,IND_DHA,0.76,1.41,1.0,True,synthetic_scenario_generator,26006
2022-09-08,IND_DHA,0.44,1.09,1.0,True,synthetic_scenario_generator,26006
2022-09-09,IND_DHA,0.48,1.13,1.0,True,synthetic_scenario_generator,26006
2022-09-10,IND_DHA,0.6,1.25,1.0,True,synthetic_scenario_generator,26006
2022-09-11,IND_DHA,0.71,1.36,1.0,True,synthetic_scenario_generator,26006
2022-09-12,IND_DHA,1.16,1.81,1.0,True,synthetic_scenario_generator,26006
2022-09-13,IND_DHA,1.36,2.01,1.0,True,synthetic_scenario_generator,26006
2022-09-14,IND_DHA,1.61,2.26,1.0,True,synthetic_scenario_generator,26006
2022-09-15,IND_DHA,1.79,2.44,1.0,True,synthetic_scenario_generator,26006
2022-09-16,IND_DHA,2.21,2.86,1.0,True,synthetic_scenario_generator,26006
2022-09-17,IND_DHA,1.84,2.49,1.0,True,synthetic_scenario_generator,26006
2022-09-18,IND_DHA,1.82,2.47,1.0,True,synthetic_scenario_generator,26006
2022-09-19,IND_DHA,1.46,2.11,1.0,True,synthetic_scenario_generator,26006
2022-09-20,IND_DHA,1.32,1.97,1.0,True,synthetic_scenario_generator,26006
2022-09-21,IND_DHA,0.99,1.64,1.0,True,synthetic_scenario_generator,26006
2022-09-22,IND_DHA,0.7,1.35,1.0,True,synthetic_scenario_generator,26006
2022-09-23,IND_DHA,0.56,1.21,1.0,True,synthetic_scenario_generator,26006
2022-09-24,IND_DHA,0.54,1.19,1.0,True,synthetic_scenario_generator,26006
2022-09-25,IND_DHA,0.77,1.42,1.0,True,synthetic_scenario_generator,26006
2022-09-26,IND_DHA,0.76,1.41,1.0,True,synthetic_scenario_generator,26006
2022-09-27,IND_DHA,1.08,1.73,1.0,True,synthetic_scenario_generator,26006
2022-09-28,IND_DHA,1.43,2.08,1.0,True,synthetic_scenario_generator,26006
2022-09-29,IND_DHA,1.75,2.4,1.0,True,synthetic_scenario_generator,26006
2022-09-30,IND_DHA,1.97,2.62,1.0,True,synthetic_scenario_generator,26006
2022-10-01,IND_DHA,1.93,2.58,1.0,True,synthetic_scenario_generator,26006
2022-10-02,IND_DHA,1.86,2.51,1.0,True,synthetic_scenario_generator,26006
2022-10-03,IND_DHA,1.71,2.36,1.0,True,synthetic_scenario_generator,26006
2022-10-04,IND_DHA,1.56,2.21,1.0,True,synthetic_scenario_generator,26006
2022-10-05,IND_DHA,1.12,1.77,1.0,True,synthetic_scenario_generator,26006
2022-10-06,IND_DHA,0.79,1.44,1.0,True,synthetic_scenario_generator,26006
2022-10-07,IND_DHA,0.76,1.41,1.0,True,synthetic_scenario_generator,26006
2022-10-08,IND_DHA,0.66,1.31,1.0,True,synthetic_scenario_generator,26006
2022-10-09,IND_DHA,0.75,1.4,1.0,True,synthetic_scenario_generator,26006
2022-10-10,IND_DHA,0.62,1.27,1.0,True,synthetic_scenario_generator,26006
2022-10-11,IND_DHA,0.89,1.54,1.0,True,synthetic_scenario_generator,26006
2022-10-12,IND_DHA,1.08,1.73,1.0,True,synthetic_scenario_generator,26006
2022-10-13,IND_DHA,1.38,2.03,1.0,True,synthetic_scenario_generator,26006
2022-10-14,IND_DHA,1.71,2.36,1.0,True,synthetic_scenario_generator,26006
2022-10-15,IND_DHA,2.03,2.68,1.0,True,synthetic_scenario_generator,26006
2022-10-16,IND_DHA,2.06,2.71,1.0,True,synthetic_scenario_generator,26006
2022-10-17,IND_DHA,1.91,2.56,1.0,True,synthetic_scenario_generator,26006
2022-10-18,IND_DHA,1.64,2.29,1.0,True,synthetic_scenario_generator,26006
2022-10-19,IND_DHA,1.46,2.11,1.0,True,synthetic_scenario_generator,26006
2022-10-20,IND_DHA,1.02,1.67,1.0,True,synthetic_scenario_generator,26006
2022-10-21,IND_DHA,0.65,1.3,1.0,True,synthetic_scenario_generator,26006
2022-10-22,IND_DHA,0.64,1.29,1.0,True,synthetic_scenario_generator,26006
2022-10-23,IND_DHA,0.5,1.15,1.0,True,synthetic_scenario_generator,26006
2022-10-24,IND_DHA,0.56,1.21,1.0,True,synthetic_scenario_generator,26006
2022-10-25,IND_DHA,0.77,1.42,1.0,True,synthetic_scenario_generator,26006
2022-10-26,IND_DHA,1.0,1.65,1.0,True,synthetic_scenario_generator,26006
2022-10-27,IND_DHA,1.27,1.92,1.0,True,synthetic_scenario_generator,26006
2022-10-28,IND_DHA,1.57,2.22,1.0,True,synthetic_scenario_generator,26006
2022-10-29,IND_DHA,1.98,2.63,1.0,True,synthetic_scenario_generator,26006
2022-10-30,IND_DHA,1.95,2.6,1.0,True,synthetic_scenario_generator,26006
2022-10-31,IND_DHA,2.14,2.79,1.0,True,synthetic_scenario_generator,26006
2022-11-01,IND_DHA,2.02,2.67,1.0,True,synthetic_scenario_generator,26006
2022-11-02,IND_DHA,1.62,2.27,1.0,True,synthetic_scenario_generator,26006
2022-11-03,IND_DHA,1.3,1.95,1.0,True,synthetic_scenario_generator,26006
2022-11-04,IND_DHA,1.08,1.73,1.0,True,synthetic_scenario_generator,26006
2022-11-05,IND_DHA,0.93,1.58,1.0,True,synthetic_scenario_generator,26006
2022-11-06,IND_DHA,0.54,1.19,1.0,True,synthetic_scenario_generator,26006
2022-11-07,IND_DHA,0.57,1.22,1.0,True,synthetic_scenario_generator,26006
2022-11-08,IND_DHA,0.55,1.2,1.0,True,synthetic_scenario_generator,26006
2022-11-09,IND_DHA,0.81,1.46,1.0,True,synthetic_scenario_generator,26006
2022-11-10,IND_DHA,1.01,1.66,1.0,True,synthetic_scenario_generator,26006
2022-11-11,IND_DHA,1.35,2.0,1.0,True,synthetic_scenario_generator,26006
2022-11-12,IND_DHA,1.76,2.41,1.0,True,synthetic_scenario_generator,26006
2022-11-13,IND_DHA,1.83,2.48,1.0,True,synthetic_scenario_generator,26006
2022-11-14,IND_DHA,2.07,2.72,1.0,True,synthetic_scenario_generator,26006
2022-11-15,IND_DHA,2.08,2.73,1.0,True,synthetic_scenario_generator,26006
2022-11-16,IND_DHA,1.92,2.57,1.0,True,synthetic_scenario_generator,26006
2022-11-17,IND_DHA,1.58,2.23,1.0,True,synthetic_scenario_generator,26006
2022-11-18,IND_DHA,1.17,1.82,1.0,True,synthetic_scenario_generator,26006
2022-11-19,IND_DHA,0.95,1.6,1.0,True,synthetic_scenario_generator,26006
2022-11-20,IND_DHA,0.66,1.31,1.0,True,synthetic_scenario_generator,26006
2022-11-21,IND_DHA,0.5,1.15,1.0,True,synthetic_scenario_generator,26006
2022-11-22,IND_DHA,0.53,1.18,1.0,True,synthetic_scenario_generator,26006
2022-11-23,IND_DHA,0.48,1.13,1.0,True,synthetic_scenario_generator,26006
2022-11-24,IND_DHA,0.83,1.48,1.0,True,synthetic_scenario_generator,26006
2022-11-25,IND_DHA,1.11,1.76,1.0,True,synthetic_scenario_generator,26006
2022-11-26,IND_DHA,1.37,2.02,1.0,True,synthetic_scenario_generator,26006
2022-11-27,IND_DHA,1.79,2.44,1.0,True,synthetic_scenario_generator,26006
2022-11-28,IND_DHA,1.91,2.56,1.0,True,synthetic_scenario_generator,26006
2022-11-29,IND_DHA,1.99,2.64,1.0,True,synthetic_scenario_generator,26006
2022-11-30,IND_DHA,1.92,2.57,1.0,True,synthetic_scenario_generator,26006
2022-12-01,IND_DHA,1.88,2.53,1.0,True,synthetic_scenario_generator,26006
2022-12-02,IND_DHA,1.48,2.13,1.0,True,synthetic_scenario_generator,26006
2022-12-03,IND_DHA,1.08,1.73,1.0,True,synthetic_scenario_generator,26006
2022-12-04,IND_DHA,0.75,1.4,1.0,True,synthetic_scenario_generator,26006
2022-12-05,IND_DHA,0.88,1.53,1.0,True,synthetic_scenario_generator,26006
2022-12-06,IND_DHA,0.51,1.16,1.0,True,synthetic_scenario_generator,26006
2022-12-07,IND_DHA,0.36,1.01,1.0,True,synthetic_scenario_generator,26006
2022-12-08,IND_DHA,0.67,1.32,1.0,True,synthetic_scenario_generator,26006
2022-12-09,IND_DHA,1.03,1.68,1.0,True,synthetic_scenario_generator,26006
2022-12-10,IND_DHA,1.11,1.76,1.0,True,synthetic_scenario_generator,26006
2022-12-11,IND_DHA,1.38,2.03,1.0,True,synthetic_scenario_generator,26006
2022-12-12,IND_DHA,1.8,2.45,1.0,True,synthetic_scenario_generator,26006
2022-12-13,IND_DHA,2.0,2.65,1.0,True,synthetic_scenario_generator,26006
2022-12-14,IND_DHA,2.01,2.66,1.0,True,synthetic_scenario_generator,26006
2022-12-15,IND_DHA,1.99,2.64,1.0,True,synthetic_scenario_generator,26006
2022-12-16,IND_DHA,1.76,2.41,1.0,True,synthetic_scenario_generator,26006
2022-12-17,IND_DHA,1.46,2.11,1.0,True,synthetic_scenario_generator,26006
2022-12-18,IND_DHA,0.99,1.64,1.0,True,synthetic_scenario_generator,26006
2022-12-19,IND_DHA,0.7,1.35,1.0,True,synthetic_scenario_generator,26006
2022-12-20,IND_DHA,0.45,1.1,1.0,True,synthetic_scenario_generator,26006
2022-12-21,IND_DHA,0.59,1.24,1.0,True,synthetic_scenario_generator,26006
2022-12-22,IND_DHA,0.62,1.27,1.0,True,synthetic_scenario_generator,26006
2022-12-23,IND_DHA,0.62,1.27,1.0,True,synthetic_scenario_generator,26006
2022-12-24,IND_DHA,0.99,1.64,1.0,True,synthetic_scenario_generator,26006
2022-12-25,IND_DHA,1.15,1.8,1.0,True,synthetic_scenario_generator,26006
2022-12-26,IND_DHA,1.6,2.25,1.0,True,synthetic_scenario_generator,26006
2022-12-27,IND_DHA,1.89,2.54,1.0,True,synthetic_scenario_generator,26006
2022-12-28,IND_DHA,1.9,2.55,1.0,True,synthetic_scenario_generator,26006
2022-12-29,IND_DHA,2.06,2.71,1.0,True,synthetic_scenario_generator,26006
2022-12-30,IND_DHA,1.87,2.52,1.0,True,synthetic_scenario_generator,26006
2022-12-31,IND_DHA,1.49,2.14,1.0,True,synthetic_scenario_generator,26006
2023-01-01,IND_DHA,1.4,2.05,1.0,True,synthetic_scenario_generator,26006
2023-01-02,IND_DHA,1.02,1.67,1.0,True,synthetic_scenario_generator,26006
2023-01-03,IND_DHA,0.75,1.4,1.0,True,synthetic_scenario_generator,26006
2023-01-04,IND_DHA,0.67,1.32,1.0,True,synthetic_scenario_generator,26006
2023-01-05,IND_DHA,0.39,1.04,1.0,True,synthetic_scenario_generator,26006
2023-01-06,IND_DHA,0.51,1.16,1.0,True,synthetic_scenario_generator,26006
2023-01-07,IND_DHA,0.76,1.41,1.0,True,synthetic_scenario_generator,26006
2023-01-08,IND_DHA,0.94,1.59,1.0,True,synthetic_scenario_generator,26006
2023-01-09,IND_DHA,1.42,2.07,1.0,True,synthetic_scenario_generator,26006
2023-01-10,IND_DHA,1.42,2.07,1.0,True,synthetic_scenario_generator,26006
2023-01-11,IND_DHA,1.81,2.46,1.0,True,synthetic_scenario_generator,26006
2023-01-12,IND_DHA,2.01,2.66,1.0,True,synthetic_scenario_generator,26006
2023-01-13,IND_DHA,2.02,2.67,1.0,True,synthetic_scenario_generator,26006
2023-01-14,IND_DHA,1.72,2.37,1.0,True,synthetic_scenario_generator,26006
2023-01-15,IND_DHA,1.53,2.18,1.0,True,synthetic_scenario_generator,26006
2023-01-16,IND_DHA,1.3,1.95,1.0,True,synthetic_scenario_generator,26006
2023-01-17,IND_DHA,0.95,1.6,1.0,True,synthetic_scenario_generator,26006
2023-01-18,IND_DHA,0.75,1.4,1.0,True,synthetic_scenario_generator,26006
2023-01-19,IND_DHA,0.51,1.16,1.0,True,synthetic_scenario_generator,26006
2023-01-20,IND_DHA,0.48,1.13,1.0,True,synthetic_scenario_generator,26006
2023-01-21,IND_DHA,0.55,1.2,1.0,True,synthetic_scenario_generator,26006
2023-01-22,IND_DHA,0.77,1.42,1.0,True,synthetic_scenario_generator,26006
2023-01-23,IND_DHA,1.14,1.79,1.0,True,synthetic_scenario_generator,26006
2023-01-24,IND_DHA,1.48,2.13,1.0,True,synthetic_scenario_generator,26006
2023-01-25,IND_DHA,1.69,2.34,1.0,True,synthetic_scenario_generator,26006
2023-01-26,IND_DHA,1.95,2.6,1.0,True,synthetic_scenario_generator,26006
2023-01-27,IND_DHA,1.95,2.6,1.0,True,synthetic_scenario_generator,26006
2023-01-28,IND_DHA,1.99,2.64,1.0,True,synthetic_scenario_generator,26006
2023-01-29,IND_DHA,1.72,2.37,1.0,True,synthetic_scenario_generator,26006
2023-01-30,IND_DHA,1.51,2.16,1.0,True,synthetic_scenario_generator,26006
2023-01-31,IND_DHA,1.27,1.92,1.0,True,synthetic_scenario_generator,26006
2023-02-01,IND_DHA,0.89,1.54,1.0,True,synthetic_scenario_generator,26006
2023-02-02,IND_DHA,0.56,1.21,1.0,True,synthetic_scenario_generator,26006
2023-02-03,IND_DHA,0.56,1.21,1.0,True,synthetic_scenario_generator,26006
2023-02-04,IND_DHA,0.68,1.33,1.0,True,synthetic_scenario_generator,26006
2023-02-05,IND_DHA,0.6,1.25,1.0,True,synthetic_scenario_generator,26006
2023-02-06,IND_DHA,0.93,1.58,1.0,True,synthetic_scenario_generator,26006
2023-02-07,IND_DHA,1.2,1.85,1.0,True,synthetic_scenario_generator,26006
2023-02-08,IND_DHA,1.45,2.1,1.0,True,synthetic_scenario_generator,26006
2023-02-09,IND_DHA,1.65,2.3,1.0,True,synthetic_scenario_generator,26006
2023-02-10,IND_DHA,1.92,2.57,1.0,True,synthetic_scenario_generator,26006
2023-02-11,IND_DHA,1.97,2.62,1.0,True,synthetic_scenario_generator,26006
2023-02-12,IND_DHA,1.98,2.63,1.0,True,synthetic_scenario_generator,26006
2023-02-13,IND_DHA,1.86,2.51,1.0,True,synthetic_scenario_generator,26006
2023-02-14,IND_DHA,1.45,2.1,1.0,True,synthetic_scenario_generator,26006
2023-02-15,IND_DHA,1.1,1.75,1.0,True,synthetic_scenario_generator,26006
2023-02-16,IND_DHA,0.82,1.47,1.0,True,synthetic_scenario_generator,26006
2023-02-17,IND_DHA,0.67,1.32,1.0,True,synthetic_scenario_generator,26006
2023-02-18,IND_DHA,0.4,1.05,1.0,True,synthetic_scenario_generator,26006
2023-02-19,IND_DHA,0.47,1.12,1.0,True,synthetic_scenario_generator,26006
2023-02-20,IND_DHA,0.68,1.33,1.0,True,synthetic_scenario_generator,26006
2023-02-21,IND_DHA,0.95,1.6,1.0,True,synthetic_scenario_generator,26006
2023-02-22,IND_DHA,1.22,1.87,1.0,True,synthetic_scenario_generator,26006
2023-02-23,IND_DHA,1.6,2.25,1.0,True,synthetic_scenario_generator,26006
2023-02-24,IND_DHA,1.86,2.51,1.0,True,synthetic_scenario_generator,26006
2023-02-25,IND_DHA,2.14,2.79,1.0,True,synthetic_scenario_generator,26006
2023-02-26,IND_DHA,2.11,2.76,1.0,True,synthetic_scenario_generator,26006
2023-02-27,IND_DHA,1.93,2.58,1.0,True,synthetic_scenario_generator,26006
2023-02-28,IND_DHA,1.75,2.4,1.0,True,synthetic_scenario_generator,26006
2023-03-01,IND_DHA,1.18,1.83,1.0,True,synthetic_scenario_generator,26006
2023-03-02,IND_DHA,1.12,1.77,1.0,True,synthetic_scenario_generator,26006
2023-03-03,IND_DHA,0.75,1.4,1.0,True,synthetic_scenario_generator,26006
2023-03-04,IND_DHA,0.5,1.15,1.0,True,synthetic_scenario_generator,26006
2023-03-05,IND_DHA,0.57,1.22,1.0,True,synthetic_scenario_generator,26006
2023-03-06,IND_DHA,0.49,1.14,1.0,True,synthetic_scenario_generator,26006
2023-03-07,IND_DHA,0.83,1.48,1.0,True,synthetic_scenario_generator,26006
2023-03-08,IND_DHA,1.13,1.78,1.0,True,synthetic_scenario_generator,26006
2023-03-09,IND_DHA,1.32,1.97,1.0,True,synthetic_scenario_generator,26006
2023-03-10,IND_DHA,1.51,2.16,1.0,True,synthetic_scenario_generator,26006
2023-03-11,IND_DHA,1.87,2.52,1.0,True,synthetic_scenario_generator,26006
2023-03-12,IND_DHA,1.96,2.61,1.0,True,synthetic_scenario_generator,26006
2023-03-13,IND_DHA,2.08,2.73,1.0,True,synthetic_scenario_generator,26006
2023-03-14,IND_DHA,1.78,2.43,1.0,True,synthetic_scenario_generator,26006
2023-03-15,IND_DHA,1.44,2.09,1.0,True,synthetic_scenario_generator,26006
2023-03-16,IND_DHA,1.45,2.1,1.0,True,synthetic_scenario_generator,26006
2023-03-17,IND_DHA,0.94,1.59,1.0,True,synthetic_scenario_generator,26006
2023-03-18,IND_DHA,0.73,1.38,1.0,True,synthetic_scenario_generator,26006
2023-03-19,IND_DHA,0.71,1.36,1.0,True,synthetic_scenario_generator,26006
2023-03-20,IND_DHA,0.58,1.23,1.0,True,synthetic_scenario_generator,26006
2023-03-21,IND_DHA,0.6,1.25,1.0,True,synthetic_scenario_generator,26006
2023-03-22,IND_DHA,0.72,1.37,1.0,True,synthetic_scenario_generator,26006
2023-03-23,IND_DHA,1.02,1.67,1.0,True,synthetic_scenario_generator,26006
2023-03-24,IND_DHA,1.3,1.95,1.0,True,synthetic_scenario_generator,26006
2023-03-25,IND_DHA,1.47,2.12,1.0,True,synthetic_scenario_generator,26006
2023-03-26,IND_DHA,1.98,2.63,1.0,True,synthetic_scenario_generator,26006
2023-03-27,IND_DHA,1.92,2.57,1.0,True,synthetic_scenario_generator,26006
2023-03-28,IND_DHA,1.93,2.58,1.0,True,synthetic_scenario_generator,26006
2023-03-29,IND_DHA,1.78,2.43,1.0,True,synthetic_scenario_generator,26006
2023-03-30,IND_DHA,1.62,2.27,1.0,True,synthetic_scenario_generator,26006
2023-03-31,IND_DHA,1.16,1.81,1.0,True,synthetic_scenario_generator,26006
2023-04-01,IND_DHA,1.02,1.67,1.0,True,synthetic_scenario_generator,26006
2023-04-02,IND_DHA,0.64,1.29,1.0,True,synthetic_scenario_generator,26006
2023-04-03,IND_DHA,0.58,1.23,1.0,True,synthetic_scenario_generator,26006
2023-04-04,IND_DHA,0.65,1.3,1.0,True,synthetic_scenario_generator,26006
2023-04-05,IND_DHA,0.55,1.2,1.0,True,synthetic_scenario_generator,26006
2023-04-06,IND_DHA,0.96,1.61,1.0,True,synthetic_scenario_generator,26006
2023-04-07,IND_DHA,1.33,1.98,1.0,True,synthetic_scenario_generator,26006
2023-04-08,IND_DHA,1.56,2.21,1.0,True,synthetic_scenario_generator,26006
2023-04-09,IND_DHA,1.77,2.42,1.0,True,synthetic_scenario_generator,26006
2023-04-10,IND_DHA,2.02,2.67,1.0,True,synthetic_scenario_generator,26006
2023-04-11,IND_DHA,1.92,2.57,1.0,True,synthetic_scenario_generator,26006
2023-04-12,IND_DHA,1.96,2.61,1.0,True,synthetic_scenario_generator,26006
2023-04-13,IND_DHA,1.89,2.54,1.0,True,synthetic_scenario_generator,26006
2023-04-14,IND_DHA,1.41,2.06,1.0,True,synthetic_scenario_generator,26006
2023-04-15,IND_DHA,1.23,1.88,1.0,True,synthetic_scenario_generator,26006
2023-04-16,IND_DHA,0.78,1.43,1.0,True,synthetic_scenario_generator,26006
2023-04-17,IND_DHA,0.77,1.42,1.0,True,synthetic_scenario_generator,26006
2023-04-18,IND_DHA,0.35,1.0,1.0,True,synthetic_scenario_generator,26006
2023-04-19,IND_DHA,0.46,1.11,1.0,True,synthetic_scenario_generator,26006
2023-04-20,IND_DHA,0.64,1.29,1.0,True,synthetic_scenario_generator,26006
2023-04-21,IND_DHA,0.81,1.46,1.0,True,synthetic_scenario_generator,26006
2023-04-22,IND_DHA,1.14,1.79,1.0,True,synthetic_scenario_generator,26006
2023-04-23,IND_DHA,1.48,2.13,1.0,True,synthetic_scenario_generator,26006
2023-04-24,IND_DHA,1.66,2.31,1.0,True,synthetic_scenario_generator,26006
2023-04-25,IND_DHA,1.88,2.53,1.0,True,synthetic_scenario_generator,26006
2023-04-26,IND_DHA,1.98,2.63,1.0,True,synthetic_scenario_generator,26006
2023-04-27,IND_DHA,2.02,2.67,1.0,True,synthetic_scenario_generator,26006
2023-04-28,IND_DHA,1.69,2.34,1.0,True,synthetic_scenario_generator,26006
2023-04-29,IND_DHA,1.47,2.12,1.0,True,synthetic_scenario_generator,26006
2023-04-30,IND_DHA,1.3,1.95,1.0,True,synthetic_scenario_generator,26006
2023-05-01,IND_DHA,0.93,1.58,1.0,True,synthetic_scenario_generator,26006
2023-05-02,IND_DHA,0.84,1.49,1.0,True,synthetic_scenario_generator,26006
2023-05-03,IND_DHA,0.58,1.23,1.0,True,synthetic_scenario_generator,26006
2023-05-04,IND_DHA,0.52,1.17,1.0,True,synthetic_scenario_generator,26006
2023-05-05,IND_DHA,0.8,1.45,1.0,True,synthetic_scenario_generator,26006
2023-05-06,IND_DHA,0.95,1.6,1.0,True,synthetic_scenario_generator,26006
2023-05-07,IND_DHA,1.42,2.07,1.0,True,synthetic_scenario_generator,26006
2023-05-08,IND_DHA,1.51,2.16,1.0,True,synthetic_scenario_generator,26006
2023-05-09,IND_DHA,1.8,2.45,1.0,True,synthetic_scenario_generator,26006
2023-05-10,IND_DHA,1.87,2.52,1.0,True,synthetic_scenario_generator,26006
2023-05-11,IND_DHA,2.05,2.7,1.0,True,synthetic_scenario_generator,26006
2023-05-12,IND_DHA,1.89,2.54,1.0,True,synthetic_scenario_generator,26006
2023-05-13,IND_DHA,1.82,2.47,1.0,True,synthetic_scenario_generator,26006
2023-05-14,IND_DHA,1.35,2.0,1.0,True,synthetic_scenario_generator,26006
2023-05-15,IND_DHA,1.08,1.73,1.0,True,synthetic_scenario_generator,26006
2023-05-16,IND_DHA,0.86,1.51,1.0,True,synthetic_scenario_generator,26006
2023-05-17,IND_DHA,0.6,1.25,1.0,True,synthetic_scenario_generator,26006
2023-05-18,IND_DHA,0.37,1.02,1.0,True,synthetic_scenario_generator,26006
2023-05-19,IND_DHA,0.63,1.28,1.0,True,synthetic_scenario_generator,26006
2023-05-20,IND_DHA,0.74,1.39,1.0,True,synthetic_scenario_generator,26006
2023-05-21,IND_DHA,1.02,1.67,1.0,True,synthetic_scenario_generator,26006
2023-05-22,IND_DHA,1.19,1.84,1.0,True,synthetic_scenario_generator,26006
2023-05-23,IND_DHA,1.73,2.38,1.0,True,synthetic_scenario_generator,26006
2023-05-24,IND_DHA,1.96,2.61,1.0,True,synthetic_scenario_generator,26006
2023-05-25,IND_DHA,1.9,2.55,1.0,True,synthetic_scenario_generator,26006
2023-05-26,IND_DHA,2.21,2.86,1.0,True,synthetic_scenario_generator,26006
2023-05-27,IND_DHA,1.8,2.45,1.0,True,synthetic_scenario_generator,26006
2023-05-28,IND_DHA,1.6,2.25,1.0,True,synthetic_scenario_generator,26006
2023-05-29,IND_DHA,1.08,1.73,1.0,True,synthetic_scenario_generator,26006
2023-05-30,IND_DHA,0.92,1.57,1.0,True,synthetic_scenario_generator,26006
2023-05-31,IND_DHA,0.53,1.18,1.0,True,synthetic_scenario_generator,26006
2023-06-01,IND_DHA,0.4,1.05,1.0,True,synthetic_scenario_generator,26006
2023-06-02,IND_DHA,0.59,1.24,1.0,True,synthetic_scenario_generator,26006
2023-06-03,IND_DHA,0.47,1.12,1.0,True,synthetic_scenario_generator,26006
2023-06-04,IND_DHA,0.81,1.46,1.0,True,synthetic_scenario_generator,26006
2023-06-05,IND_DHA,1.05,1.7,1.0,True,synthetic_scenario_generator,26006
2023-06-06,IND_DHA,1.47,2.12,1.0,True,synthetic_scenario_generator,26006
2023-06-07,IND_DHA,1.58,2.23,1.0,True,synthetic_scenario_generator,26006
2023-06-08,IND_DHA,1.68,2.33,1.0,True,synthetic_scenario_generator,26006
2023-06-09,IND_DHA,2.0,2.65,1.0,True,synthetic_scenario_generator,26006
2023-06-10,IND_DHA,2.0,2.65,1.0,True,synthetic_scenario_generator,26006
2023-06-11,IND_DHA,1.85,2.5,1.0,True,synthetic_scenario_generator,26006
2023-06-12,IND_DHA,1.59,2.24,1.0,True,synthetic_scenario_generator,26006
2023-06-13,IND_DHA,1.17,1.82,1.0,True,synthetic_scenario_generator,26006
2023-06-14,IND_DHA,0.98,1.63,1.0,True,synthetic_scenario_generator,26006
2023-06-15,IND_DHA,0.57,1.22,1.0,True,synthetic_scenario_generator,26006
2023-06-16,IND_DHA,0.64,1.29,1.0,True,synthetic_scenario_generator,26006
2023-06-17,IND_DHA,0.39,1.04,1.0,True,synthetic_scenario_generator,26006
2023-06-18,IND_DHA,0.8,1.45,1.0,True,synthetic_scenario_generator,26006
2023-06-19,IND_DHA,0.89,1.54,1.0,True,synthetic_scenario_generator,26006
2023-06-20,IND_DHA,1.06,1.71,1.0,True,synthetic_scenario_generator,26006
2023-06-21,IND_DHA,1.42,2.07,1.0,True,synthetic_scenario_generator,26006
2023-06-22,IND_DHA,1.73,2.38,1.0,True,synthetic_scenario_generator,26006
2023-06-23,IND_DHA,2.01,2.66,1.0,True,synthetic_scenario_generator,26006
2023-06-24,IND_DHA,1.98,2.63,1.0,True,synthetic_scenario_generator,26006
2023-06-25,IND_DHA,1.84,2.49,1.0,True,synthetic_scenario_generator,26006
2023-06-26,IND_DHA,1.81,2.46,1.0,True,synthetic_scenario_generator,26006
2023-06-27,IND_DHA,1.49,2.14,1.0,True,synthetic_scenario_generator,26006
2023-06-28,IND_DHA,1.06,1.71,1.0,True,synthetic_scenario_generator,26006
2023-06-29,IND_DHA,0.91,1.56,1.0,True,synthetic_scenario_generator,26006
2023-06-30,IND_DHA,0.59,1.24,1.0,True,synthetic_scenario_generator,26006
2023-07-01,IND_DHA,0.51,1.16,1.0,True,synthetic_scenario_generator,26006
2023-07-02,IND_DHA,0.45,1.1,1.0,True,synthetic_scenario_generator,26006
2023-07-03,IND_DHA,0.74,1.39,1.0,True,synthetic_scenario_generator,26006
2023-07-04,IND_DHA,0.93,1.58,1.0,True,synthetic_scenario_generator,26006
2023-07-05,IND_DHA,1.25,1.9,1.0,True,synthetic_scenario_generator,26006
2023-07-06,IND_DHA,1.52,2.17,1.0,True,synthetic_scenario_generator,26006
2023-07-07,IND_DHA,1.84,2.49,1.0,True,synthetic_scenario_generator,26006
2023-07-08,IND_DHA,2.03,2.68,1.0,True,synthetic_scenario_generator,26006
2023-07-09,IND_DHA,1.92,2.57,1.0,True,synthetic_scenario_generator,26006
2023-07-10,IND_DHA,1.77,2.42,1.0,True,synthetic_scenario_generator,26006
2023-07-11,IND_DHA,1.77,2.42,1.0,True,synthetic_scenario_generator,26006
2023-07-12,IND_DHA,1.48,2.13,1.0,True,synthetic_scenario_generator,26006
2023-07-13,IND_DHA,1.15,1.8,1.0,True,synthetic_scenario_generator,26006
2023-07-14,IND_DHA,0.84,1.49,1.0,True,synthetic_scenario_generator,26006
2023-07-15,IND_DHA,0.61,1.26,1.0,True,synthetic_scenario_generator,26006
2023-07-16,IND_DHA,0.59,1.24,1.0,True,synthetic_scenario_generator,26006
2023-07-17,IND_DHA,0.58,1.23,1.0,True,synthetic_scenario_generator,26006
2023-07-18,IND_DHA,0.78,1.43,1.0,True,synthetic_scenario_generator,26006
2023-07-19,IND_DHA,1.06,1.71,1.0,True,synthetic_scenario_generator,26006
2023-07-20,IND_DHA,1.28,1.93,1.0,True,synthetic_scenario_generator,26006
2023-07-21,IND_DHA,1.57,2.22,1.0,True,synthetic_scenario_generator,26006
2023-07-22,IND_DHA,1.88,2.53,1.0,True,synthetic_scenario_generator,26006
2023-07-23,IND_DHA,1.91,2.56,1.0,True,synthetic_scenario_generator,26006
2023-07-24,IND_DHA,1.95,2.6,1.0,True,synthetic_scenario_generator,26006
2023-07-25,IND_DHA,1.85,2.5,1.0,True,synthetic_scenario_generator,26006
2023-07-26,IND_DHA,1.71,2.36,1.0,True,synthetic_scenario_generator,26006
2023-07-27,IND_DHA,1.32,1.97,1.0,True,synthetic_scenario_generator,26006
2023-07-28,IND_DHA,1.02,1.67,1.0,True,synthetic_scenario_generator,26006
2023-07-29,IND_DHA,0.77,1.42,1.0,True,synthetic_scenario_generator,26006
2023-07-30,IND_DHA,0.6,1.25,1.0,True,synthetic_scenario_generator,26006
2023-07-31,IND_DHA,0.5,1.15,1.0,True,synthetic_scenario_generator,26006
2023-08-01,IND_DHA,0.55,1.2,1.0,True,synthetic_scenario_generator,26006
2023-08-02,IND_DHA,0.81,1.46,1.0,True,synthetic_scenario_generator,26006
2023-08-03,IND_DHA,1.17,1.82,1.0,True,synthetic_scenario_generator,26006
2023-08-04,IND_DHA,1.23,1.88,1.0,True,synthetic_scenario_generator,26006
2023-08-05,IND_DHA,1.75,2.4,1.0,True,synthetic_scenario_generator,26006
2023-08-06,IND_DHA,1.92,2.57,1.0,True,synthetic_scenario_generator,26006
2023-08-07,IND_DHA,1.99,2.64,1.0,True,synthetic_scenario_generator,26006
2023-08-08,IND_DHA,1.76,2.41,1.0,True,synthetic_scenario_generator,26006
2023-08-09,IND_DHA,1.76,2.41,1.0,True,synthetic_scenario_generator,26006
2023-08-10,IND_DHA,1.48,2.13,1.0,True,synthetic_scenario_generator,26006
2023-08-11,IND_DHA,1.34,1.99,1.0,True,synthetic_scenario_generator,26006
2023-08-12,IND_DHA,1.06,1.71,1.0,True,synthetic_scenario_generator,26006
2023-08-13,IND_DHA,0.63,1.28,1.0,True,synthetic_scenario_generator,26006
2023-08-14,IND_DHA,0.32,0.97,1.0,True,synthetic_scenario_generator,26006
2023-08-15,IND_DHA,0.4,1.05,1.0,True,synthetic_scenario_generator,26006
2023-08-16,IND_DHA,0.75,1.4,1.0,True,synthetic_scenario_generator,26006
2023-08-17,IND_DHA,1.02,1.67,1.0,True,synthetic_scenario_generator,26006
2023-08-18,IND_DHA,1.19,1.84,1.0,True,synthetic_scenario_generator,26006
2023-08-19,IND_DHA,1.45,2.1,1.0,True,synthetic_scenario_generator,26006
2023-08-20,IND_DHA,1.62,2.27,1.0,True,synthetic_scenario_generator,26006
2023-08-21,IND_DHA,2.01,2.66,1.0,True,synthetic_scenario_generator,26006
2023-08-22,IND_DHA,1.98,2.63,1.0,True,synthetic_scenario_generator,26006
2023-08-23,IND_DHA,1.73,2.38,1.0,True,synthetic_scenario_generator,26006
2023-08-24,IND_DHA,1.75,2.4,1.0,True,synthetic_scenario_generator,26006
2023-08-25,IND_DHA,1.43,2.08,1.0,True,synthetic_scenario_generator,26006
2023-08-26,IND_DHA,1.09,1.74,1.0,True,synthetic_scenario_generator,26006
2023-08-27,IND_DHA,0.78,1.43,1.0,True,synthetic_scenario_generator,26006
2023-08-28,IND_DHA,0.51,1.16,1.0,True,synthetic_scenario_generator,26006
2023-08-29,IND_DHA,0.42,1.07,1.0,True,synthetic_scenario_generator,26006
2023-08-30,IND_DHA,0.42,1.07,1.0,True,synthetic_scenario_generator,26006
2023-08-31,IND_DHA,0.82,1.47,1.0,True,synthetic_scenario_generator,26006
2023-09-01,IND_DHA,0.8,1.45,1.0,True,synthetic_scenario_generator,26006
2023-09-02,IND_DHA,1.25,1.9,1.0,True,synthetic_scenario_generator,26006
2023-09-03,IND_DHA,1.5,2.15,1.0,True,synthetic_scenario_generator,26006
2023-09-04,IND_DHA,1.89,2.54,1.0,True,synthetic_scenario_generator,26006
2023-09-05,IND_DHA,2.02,2.67,1.0,True,synthetic_scenario_generator,26006
2023-09-06,IND_DHA,2.05,2.7,1.0,True,synthetic_scenario_generator,26006
2023-09-07,IND_DHA,1.98,2.63,1.0,True,synthetic_scenario_generator,26006
2023-09-08,IND_DHA,1.81,2.46,1.0,True,synthetic_scenario_generator,26006
2023-09-09,IND_DHA,1.35,2.0,1.0,True,synthetic_scenario_generator,26006
2023-09-10,IND_DHA,1.1,1.75,1.0,True,synthetic_scenario_generator,26006
2023-09-11,IND_DHA,0.89,1.54,1.0,True,synthetic_scenario_generator,26006
2023-09-12,IND_DHA,0.45,1.1,1.0,True,synthetic_scenario_generator,26006
2023-09-13,IND_DHA,0.54,1.19,1.0,True,synthetic_scenario_generator,26006
2023-09-14,IND_DHA,0.45,1.1,1.0,True,synthetic_scenario_generator,26006
2023-09-15,IND_DHA,0.84,1.49,1.0,True,synthetic_scenario_generator,26006
2023-09-16,IND_DHA,0.88,1.53,1.0,True,synthetic_scenario_generator,26006
2023-09-17,IND_DHA,1.32,1.97,1.0,True,synthetic_scenario_generator,26006
2023-09-18,IND_DHA,1.62,2.27,1.0,True,synthetic_scenario_generator,26006
2023-09-19,IND_DHA,1.78,2.43,1.0,True,synthetic_scenario_generator,26006
2023-09-20,IND_DHA,1.96,2.61,1.0,True,synthetic_scenario_generator,26006
2023-09-21,IND_DHA,1.87,2.52,1.0,True,synthetic_scenario_generator,26006
2023-09-22,IND_DHA,1.86,2.51,1.0,True,synthetic_scenario_generator,26006
2023-09-23,IND_DHA,1.68,2.33,1.0,True,synthetic_scenario_generator,26006
2023-09-24,IND_DHA,1.29,1.94,1.0,True,synthetic_scenario_generator,26006
2023-09-25,IND_DHA,0.92,1.57,1.0,True,synthetic_scenario_generator,26006
2023-09-26,IND_DHA,0.7,1.35,1.0,True,synthetic_scenario_generator,26006
2023-09-27,IND_DHA,0.61,1.26,1.0,True,synthetic_scenario_generator,26006
2023-09-28,IND_DHA,0.63,1.28,1.0,True,synthetic_scenario_generator,26006
2023-09-29,IND_DHA,0.59,1.24,1.0,True,synthetic_scenario_generator,26006
2023-09-30,IND_DHA,0.68,1.33,1.0,True,synthetic_scenario_generator,26006
2023-10-01,IND_DHA,1.09,1.74,1.0,True,synthetic_scenario_generator,26006
2023-10-02,IND_DHA,1.34,1.99,1.0,True,synthetic_scenario_generator,26006
2023-10-03,IND_DHA,1.6,2.25,1.0,True,synthetic_scenario_generator,26006
2023-10-04,IND_DHA,1.94,2.59,1.0,True,synthetic_scenario_generator,26006
2023-10-05,IND_DHA,2.03,2.68,1.0,True,synthetic_scenario_generator,26006
2023-10-06,IND_DHA,1.88,2.53,1.0,True,synthetic_scenario_generator,26006
2023-10-07,IND_DHA,1.84,2.49,1.0,True,synthetic_scenario_generator,26006
2023-10-08,IND_DHA,1.39,2.04,1.0,True,synthetic_scenario_generator,26006
2023-10-09,IND_DHA,1.35,2.0,1.0,True,synthetic_scenario_generator,26006
2023-10-10,IND_DHA,0.87,1.52,1.0,True,synthetic_scenario_generator,26006
2023-10-11,IND_DHA,0.79,1.44,1.0,True,synthetic_scenario_generator,26006
2023-10-12,IND_DHA,0.53,1.18,1.0,True,synthetic_scenario_generator,26006
2023-10-13,IND_DHA,0.52,1.17,1.0,True,synthetic_scenario_generator,26006
2023-10-14,IND_DHA,0.53,1.18,1.0,True,synthetic_scenario_generator,26006
2023-10-15,IND_DHA,0.82,1.47,1.0,True,synthetic_scenario_generator,26006
2023-10-16,IND_DHA,1.02,1.67,1.0,True,synthetic_scenario_generator,26006
2023-10-17,IND_DHA,1.37,2.02,1.0,True,synthetic_scenario_generator,26006
2023-10-18,IND_DHA,1.82,2.47,1.0,True,synthetic_scenario_generator,26006
2023-10-19,IND_DHA,1.93,2.58,1.0,True,synthetic_scenario_generator,26006
2023-10-20,IND_DHA,1.99,2.64,1.0,True,synthetic_scenario_generator,26006
2023-10-21,IND_DHA,1.95,2.6,1.0,True,synthetic_scenario_generator,26006
2023-10-22,IND_DHA,1.84,2.49,1.0,True,synthetic_scenario_generator,26006
2023-10-23,IND_DHA,1.49,2.14,1.0,True,synthetic_scenario_generator,26006
2023-10-24,IND_DHA,1.22,1.87,1.0,True,synthetic_scenario_generator,26006
2023-10-25,IND_DHA,0.9,1.55,1.0,True,synthetic_scenario_generator,26006
2023-10-26,IND_DHA,0.7,1.35,1.0,True,synthetic_scenario_generator,26006
2023-10-27,IND_DHA,0.44,1.09,1.0,True,synthetic_scenario_generator,26006
2023-10-28,IND_DHA,0.52,1.17,1.0,True,synthetic_scenario_generator,26006
2023-10-29,IND_DHA,0.77,1.42,1.0,True,synthetic_scenario_generator,26006
2023-10-30,IND_DHA,1.01,1.66,1.0,True,synthetic_scenario_generator,26006
2023-10-31,IND_DHA,1.14,1.79,1.0,True,synthetic_scenario_generator,26006
2023-11-01,IND_DHA,1.53,2.18,1.0,True,synthetic_scenario_generator,26006
2023-11-02,IND_DHA,1.72,2.37,1.0,True,synthetic_scenario_generator,26006
2023-11-03,IND_DHA,1.89,2.54,1.0,True,synthetic_scenario_generator,26006
2023-11-04,IND_DHA,1.97,2.62,1.0,True,synthetic_scenario_generator,26006
2023-11-05,IND_DHA,1.88,2.53,1.0,True,synthetic_scenario_generator,26006
2023-11-06,IND_DHA,1.6,2.25,1.0,True,synthetic_scenario_generator,26006
2023-11-07,IND_DHA,1.38,2.03,1.0,True,synthetic_scenario_generator,26006
2023-11-08,IND_DHA,1.15,1.8,1.0,True,synthetic_scenario_generator,26006
2023-11-09,IND_DHA,0.91,1.56,1.0,True,synthetic_scenario_generator,26006
2023-11-10,IND_DHA,0.58,1.23,1.0,True,synthetic_scenario_generator,26006
2023-11-11,IND_DHA,0.31,0.96,1.0,True,synthetic_scenario_generator,26006
2023-11-12,IND_DHA,0.57,1.22,1.0,True,synthetic_scenario_generator,26006
2023-11-13,IND_DHA,0.72,1.37,1.0,True,synthetic_scenario_generator,26006
2023-11-14,IND_DHA,1.04,1.69,1.0,True,synthetic_scenario_generator,26006
2023-11-15,IND_DHA,1.28,1.93,1.0,True,synthetic_scenario_generator,26006
2023-11-16,IND_DHA,1.57,2.22,1.0,True,synthetic_scenario_generator,26006
2023-11-17,IND_DHA,1.85,2.5,1.0,True,synthetic_scenario_generator,26006
2023-11-18,IND_DHA,1.94,2.59,1.0,True,synthetic_scenario_generator,26006
2023-11-19,IND_DHA,2.08,2.73,1.0,True,synthetic_scenario_generator,26006
2023-11-20,IND_DHA,1.83,2.48,1.0,True,synthetic_scenario_generator,26006
2023-11-21,IND_DHA,1.6,2.25,1.0,True,synthetic_scenario_generator,26006
2023-11-22,IND_DHA,1.16,1.81,1.0,True,synthetic_scenario_generator,26006
2023-11-23,IND_DHA,0.96,1.61,1.0,True,synthetic_scenario_generator,26006
2023-11-24,IND_DHA,0.74,1.39,1.0,True,synthetic_scenario_generator,26006
2023-11-25,IND_DHA,0.54,1.19,1.0,True,synthetic_scenario_generator,26006
2023-11-26,IND_DHA,0.58,1.23,1.0,True,synthetic_scenario_generator,26006
2023-11-27,IND_DHA,0.64,1.29,1.0,True,synthetic_scenario_generator,26006
2023-11-28,IND_DHA,0.86,1.51,1.0,True,synthetic_scenario_generator,26006
2023-11-29,IND_DHA,1.1,1.75,1.0,True,synthetic_scenario_generator,26006
2023-11-30,IND_DHA,1.33,1.98,1.0,True,synthetic_scenario_generator,26006
2023-12-01,IND_DHA,1.47,2.12,1.0,True,synthetic_scenario_generator,26006
2023-12-02,IND_DHA,1.84,2.49,1.0,True,synthetic_scenario_generator,26006
2023-12-03,IND_DHA,2.04,2.69,1.0,True,synthetic_scenario_generator,26006
2023-12-04,IND_DHA,1.84,2.49,1.0,True,synthetic_scenario_generator,26006
2023-12-05,IND_DHA,1.76,2.41,1.0,True,synthetic_scenario_generator,26006
2023-12-06,IND_DHA,1.58,2.23,1.0,True,synthetic_scenario_generator,26006
2023-12-07,IND_DHA,1.18,1.83,1.0,True,synthetic_scenario_generator,26006
2023-12-08,IND_DHA,1.01,1.66,1.0,True,synthetic_scenario_generator,26006
2023-12-09,IND_DHA,0.67,1.32,1.0,True,synthetic_scenario_generator,26006
2023-12-10,IND_DHA,0.48,1.13,1.0,True,synthetic_scenario_generator,26006
2023-12-11,IND_DHA,0.63,1.28,1.0,True,synthetic_scenario_generator,26006
2023-12-12,IND_DHA,0.75,1.4,1.0,True,synthetic_scenario_generator,26006
2023-12-13,IND_DHA,0.9,1.55,1.0,True,synthetic_scenario_generator,26006
2023-12-14,IND_DHA,1.06,1.71,1.0,True,synthetic_scenario_generator,26006
2023-12-15,IND_DHA,1.46,2.11,1.0,True,synthetic_scenario_generator,26006
2023-12-16,IND_DHA,1.86,2.51,1.0,True,synthetic_scenario_generator,26006
2023-12-17,IND_DHA,1.85,2.5,1.0,True,synthetic_scenario_generator,26006
2023-12-18,IND_DHA,1.98,2.63,1.0,True,synthetic_scenario_generator,26006
2023-12-19,IND_DHA,1.84,2.49,1.0,True,synthetic_scenario_generator,26006
2023-12-20,IND_DHA,1.89,2.54,1.0,True,synthetic_scenario_generator,26006
2023-12-21,IND_DHA,1.5,2.15,1.0,True,synthetic_scenario_generator,26006
2023-12-22,IND_DHA,1.15,1.8,1.0,True,synthetic_scenario_generator,26006
2023-12-23,IND_DHA,0.99,1.64,1.0,True,synthetic_scenario_generator,26006
2023-12-24,IND_DHA,0.63,1.28,1.0,True,synthetic_scenario_generator,26006
2023-12-25,IND_DHA,0.66,1.31,1.0,True,synthetic_scenario_generator,26006
2023-12-26,IND_DHA,0.48,1.13,1.0,True,synthetic_scenario_generator,26006
2023-12-27,IND_DHA,0.6,1.25,1.0,True,synthetic_scenario_generator,26006
2023-12-28,IND_DHA,0.93,1.58,1.0,True,synthetic_scenario_generator,26006
2023-12-29,IND_DHA,1.24,1.89,1.0,True,synthetic_scenario_generator,26006
2023-12-30,IND_DHA,1.57,2.22,1.0,True,synthetic_scenario_generator,26006
2023-12-31,IND_DHA,1.67,2.32,1.0,True,synthetic_scenario_generator,26006
2024-01-01,IND_DHA,1.86,2.51,1.0,True,synthetic_scenario_generator,26006
2024-01-02,IND_DHA,2.06,2.71,1.0,True,synthetic_scenario_generator,26006
2024-01-03,IND_DHA,1.91,2.56,1.0,True,synthetic_scenario_generator,26006
2024-01-04,IND_DHA,1.88,2.53,1.0,True,synthetic_scenario_generator,26006
2024-01-05,IND_DHA,1.35,2.0,1.0,True,synthetic_scenario_generator,26006
2024-01-06,IND_DHA,1.05,1.7,1.0,True,synthetic_scenario_generator,26006
2024-01-07,IND_DHA,0.78,1.43,1.0,True,synthetic_scenario_generator,26006
2024-01-08,IND_DHA,0.68,1.33,1.0,True,synthetic_scenario_generator,26006
2024-01-09,IND_DHA,0.61,1.26,1.0,True,synthetic_scenario_generator,26006
2024-01-10,IND_DHA,0.61,1.26,1.0,True,synthetic_scenario_generator,26006
2024-01-11,IND_DHA,0.7,1.35,1.0,True,synthetic_scenario_generator,26006
2024-01-12,IND_DHA,0.79,1.44,1.0,True,synthetic_scenario_generator,26006
2024-01-13,IND_DHA,1.34,1.99,1.0,True,synthetic_scenario_generator,26006
2024-01-14,IND_DHA,1.51,2.16,1.0,True,synthetic_scenario_generator,26006
2024-01-15,IND_DHA,1.74,2.39,1.0,True,synthetic_scenario_generator,26006
2024-01-16,IND_DHA,1.94,2.59,1.0,True,synthetic_scenario_generator,26006
2024-01-17,IND_DHA,2.02,2.67,1.0,True,synthetic_scenario_generator,26006
2024-01-18,IND_DHA,1.92,2.57,1.0,True,synthetic_scenario_generator,26006
2024-01-19,IND_DHA,1.76,2.41,1.0,True,synthetic_scenario_generator,26006
2024-01-20,IND_DHA,1.23,1.88,1.0,True,synthetic_scenario_generator,26006
2024-01-21,IND_DHA,1.05,1.7,1.0,True,synthetic_scenario_generator,26006
2024-01-22,IND_DHA,0.83,1.48,1.0,True,synthetic_scenario_generator,26006
2024-01-23,IND_DHA,0.44,1.09,1.0,True,synthetic_scenario_generator,26006
2024-01-24,IND_DHA,0.41,1.06,1.0,True,synthetic_scenario_generator,26006
2024-01-25,IND_DHA,0.57,1.22,1.0,True,synthetic_scenario_generator,26006
2024-01-26,IND_DHA,0.75,1.4,1.0,True,synthetic_scenario_generator,26006
2024-01-27,IND_DHA,1.04,1.69,1.0,True,synthetic_scenario_generator,26006
2024-01-28,IND_DHA,1.35,2.0,1.0,True,synthetic_scenario_generator,26006
2024-01-29,IND_DHA,1.5,2.15,1.0,True,synthetic_scenario_generator,26006
2024-01-30,IND_DHA,1.84,2.49,1.0,True,synthetic_scenario_generator,26006
2024-01-31,IND_DHA,1.81,2.46,1.0,True,synthetic_scenario_generator,26006
2024-02-01,IND_DHA,1.93,2.58,1.0,True,synthetic_scenario_generator,26006
2024-02-02,IND_DHA,1.98,2.63,1.0,True,synthetic_scenario_generator,26006
2024-02-03,IND_DHA,1.51,2.16,1.0,True,synthetic_scenario_generator,26006
2024-02-04,IND_DHA,1.2,1.85,1.0,True,synthetic_scenario_generator,26006
2024-02-05,IND_DHA,1.06,1.71,1.0,True,synthetic_scenario_generator,26006
2024-02-06,IND_DHA,0.68,1.33,1.0,True,synthetic_scenario_generator,26006
2024-02-07,IND_DHA,0.64,1.29,1.0,True,synthetic_scenario_generator,26006
2024-02-08,IND_DHA,0.61,1.26,1.0,True,synthetic_scenario_generator,26006
2024-02-09,IND_DHA,0.65,1.3,1.0,True,synthetic_scenario_generator,26006
2024-02-10,IND_DHA,0.74,1.39,1.0,True,synthetic_scenario_generator,26006
2024-02-11,IND_DHA,1.02,1.67,1.0,True,synthetic_scenario_generator,26006
2024-02-12,IND_DHA,1.41,2.06,1.0,True,synthetic_scenario_generator,26006
2024-02-13,IND_DHA,1.82,2.47,1.0,True,synthetic_scenario_generator,26006
2024-02-14,IND_DHA,1.98,2.63,1.0,True,synthetic_scenario_generator,26006
2024-02-15,IND_DHA,1.99,2.64,1.0,True,synthetic_scenario_generator,26006
2024-02-16,IND_DHA,1.98,2.63,1.0,True,synthetic_scenario_generator,26006
2024-02-17,IND_DHA,1.8,2.45,1.0,True,synthetic_scenario_generator,26006
2024-02-18,IND_DHA,1.5,2.15,1.0,True,synthetic_scenario_generator,26006
2024-02-19,IND_DHA,1.16,1.81,1.0,True,synthetic_scenario_generator,26006
2024-02-20,IND_DHA,1.04,1.69,1.0,True,synthetic_scenario_generator,26006
2024-02-21,IND_DHA,0.64,1.29,1.0,True,synthetic_scenario_generator,26006
2024-02-22,IND_DHA,0.71,1.36,1.0,True,synthetic_scenario_generator,26006
2024-02-23,IND_DHA,0.54,1.19,1.0,True,synthetic_scenario_generator,26006
2024-02-24,IND_DHA,0.76,1.41,1.0,True,synthetic_scenario_generator,26006
2024-02-25,IND_DHA,0.88,1.53,1.0,True,synthetic_scenario_generator,26006
2024-02-26,IND_DHA,1.26,1.91,1.0,True,synthetic_scenario_generator,26006
2024-02-27,IND_DHA,1.66,2.31,1.0,True,synthetic_scenario_generator,26006
2024-02-28,IND_DHA,1.75,2.4,1.0,True,synthetic_scenario_generator,26006
2024-02-29,IND_DHA,2.01,2.66,1.0,True,synthetic_scenario_generator,26006
2024-03-01,IND_DHA,2.06,2.71,1.0,True,synthetic_scenario_generator,26006
2024-03-02,IND_DHA,1.98,2.63,1.0,True,synthetic_scenario_generator,26006
2024-03-03,IND_DHA,1.84,2.49,1.0,True,synthetic_scenario_generator,26006
2024-03-04,IND_DHA,1.45,2.1,1.0,True,synthetic_scenario_generator,26006
2024-03-05,IND_DHA,1.11,1.76,1.0,True,synthetic_scenario_generator,26006
2024-03-06,IND_DHA,0.81,1.46,1.0,True,synthetic_scenario_generator,26006
2024-03-07,IND_DHA,0.71,1.36,1.0,True,synthetic_scenario_generator,26006
2024-03-08,IND_DHA,0.48,1.13,1.0,True,synthetic_scenario_generator,26006
2024-03-09,IND_DHA,0.52,1.17,1.0,True,synthetic_scenario_generator,26006
2024-03-10,IND_DHA,0.64,1.29,1.0,True,synthetic_scenario_generator,26006
2024-03-11,IND_DHA,0.86,1.51,1.0,True,synthetic_scenario_generator,26006
2024-03-12,IND_DHA,1.27,1.92,1.0,True,synthetic_scenario_generator,26006
2024-03-13,IND_DHA,1.63,2.28,1.0,True,synthetic_scenario_generator,26006
2024-03-14,IND_DHA,1.76,2.41,1.0,True,synthetic_scenario_generator,26006
2024-03-15,IND_DHA,1.89,2.54,1.0,True,synthetic_scenario_generator,26006
2024-03-16,IND_DHA,2.05,2.7,1.0,True,synthetic_scenario_generator,26006
2024-03-17,IND_DHA,1.96,2.61,1.0,True,synthetic_scenario_generator,26006
2024-03-18,IND_DHA,1.92,2.57,1.0,True,synthetic_scenario_generator,26006
2024-03-19,IND_DHA,1.36,2.01,1.0,True,synthetic_scenario_generator,26006
2024-03-20,IND_DHA,1.16,1.81,1.0,True,synthetic_scenario_generator,26006
2024-03-21,IND_DHA,0.67,1.32,1.0,True,synthetic_scenario_generator,26006
2024-03-22,IND_DHA,0.61,1.26,1.0,True,synthetic_scenario_generator,26006
2024-03-23,IND_DHA,0.26,0.91,1.0,True,synthetic_scenario_generator,26006
2024-03-24,IND_DHA,0.54,1.19,1.0,True,synthetic_scenario_generator,26006
2024-03-25,IND_DHA,0.59,1.24,1.0,True,synthetic_scenario_generator,26006
2024-03-26,IND_DHA,1.05,1.7,1.0,True,synthetic_scenario_generator,26006
2024-03-27,IND_DHA,1.21,1.86,1.0,True,synthetic_scenario_generator,26006
2024-03-28,IND_DHA,1.63,2.28,1.0,True,synthetic_scenario_generator,26006
2024-03-29,IND_DHA,1.82,2.47,1.0,True,synthetic_scenario_generator,26006
2024-03-30,IND_DHA,1.94,2.59,1.0,True,synthetic_scenario_generator,26006
2024-03-31,IND_DHA,1.87,2.52,1.0,True,synthetic_scenario_generator,26006
2024-04-01,IND_DHA,1.89,2.54,1.0,True,synthetic_scenario_generator,26006
2024-04-02,IND_DHA,1.6,2.25,1.0,True,synthetic_scenario_generator,26006
2024-04-03,IND_DHA,1.3,1.95,1.0,True,synthetic_scenario_generator,26006
2024-04-04,IND_DHA,0.91,1.56,1.0,True,synthetic_scenario_generator,26006
2024-04-05,IND_DHA,0.57,1.22,1.0,True,synthetic_scenario_generator,26006
2024-04-06,IND_DHA,0.38,1.03,1.0,True,synthetic_scenario_generator,26006
2024-04-07,IND_DHA,0.62,1.27,1.0,True,synthetic_scenario_generator,26006
2024-04-08,IND_DHA,0.52,1.17,1.0,True,synthetic_scenario_generator,26006
2024-04-09,IND_DHA,0.76,1.41,1.0,True,synthetic_scenario_generator,26006
2024-04-10,IND_DHA,0.99,1.64,1.0,True,synthetic_scenario_generator,26006
2024-04-11,IND_DHA,1.34,1.99,1.0,True,synthetic_scenario_generator,26006
2024-04-12,IND_DHA,1.65,2.3,1.0,True,synthetic_scenario_generator,26006
2024-04-13,IND_DHA,1.97,2.62,1.0,True,synthetic_scenario_generator,26006
2024-04-14,IND_DHA,2.05,2.7,1.0,True,synthetic_scenario_generator,26006
2024-04-15,IND_DHA,2.05,2.7,1.0,True,synthetic_scenario_generator,26006
2024-04-16,IND_DHA,1.71,2.36,1.0,True,synthetic_scenario_generator,26006
2024-04-17,IND_DHA,1.71,2.36,1.0,True,synthetic_scenario_generator,26006
2024-04-18,IND_DHA,1.13,1.78,1.0,True,synthetic_scenario_generator,26006
2024-04-19,IND_DHA,1.18,1.83,1.0,True,synthetic_scenario_generator,26006
2024-04-20,IND_DHA,0.67,1.32,1.0,True,synthetic_scenario_generator,26006
2024-04-21,IND_DHA,0.57,1.22,1.0,True,synthetic_scenario_generator,26006
2024-04-22,IND_DHA,0.48,1.13,1.0,True,synthetic_scenario_generator,26006
2024-04-23,IND_DHA,0.68,1.33,1.0,True,synthetic_scenario_generator,26006
2024-04-24,IND_DHA,0.68,1.33,1.0,True,synthetic_scenario_generator,26006
2024-04-25,IND_DHA,0.89,1.54,1.0,True,synthetic_scenario_generator,26006
2024-04-26,IND_DHA,1.54,2.19,1.0,True,synthetic_scenario_generator,26006
2024-04-27,IND_DHA,1.72,2.37,1.0,True,synthetic_scenario_generator,26006
2024-04-28,IND_DHA,1.91,2.56,1.0,True,synthetic_scenario_generator,26006
2024-04-29,IND_DHA,2.06,2.71,1.0,True,synthetic_scenario_generator,26006
2024-04-30,IND_DHA,1.96,2.61,1.0,True,synthetic_scenario_generator,26006
2024-05-01,IND_DHA,1.85,2.5,1.0,True,synthetic_scenario_generator,26006
2024-05-02,IND_DHA,1.48,2.13,1.0,True,synthetic_scenario_generator,26006
2024-05-03,IND_DHA,1.11,1.76,1.0,True,synthetic_scenario_generator,26006
2024-05-04,IND_DHA,0.82,1.47,1.0,True,synthetic_scenario_generator,26006
2024-05-05,IND_DHA,0.61,1.26,1.0,True,synthetic_scenario_generator,26006
2024-05-06,IND_DHA,0.59,1.24,1.0,True,synthetic_scenario_generator,26006
2024-05-07,IND_DHA,0.45,1.1,1.0,True,synthetic_scenario_generator,26006
2024-05-08,IND_DHA,0.7,1.35,1.0,True,synthetic_scenario_generator,26006
2024-05-09,IND_DHA,0.75,1.4,1.0,True,synthetic_scenario_generator,26006
2024-05-10,IND_DHA,1.18,1.83,1.0,True,synthetic_scenario_generator,26006
2024-05-11,IND_DHA,1.54,2.19,1.0,True,synthetic_scenario_generator,26006
2024-05-12,IND_DHA,1.81,2.46,1.0,True,synthetic_scenario_generator,26006
2024-05-13,IND_DHA,1.95,2.6,1.0,True,synthetic_scenario_generator,26006
2024-05-14,IND_DHA,2.09,2.74,1.0,True,synthetic_scenario_generator,26006
2024-05-15,IND_DHA,1.84,2.49,1.0,True,synthetic_scenario_generator,26006
2024-05-16,IND_DHA,1.7,2.35,1.0,True,synthetic_scenario_generator,26006
2024-05-17,IND_DHA,1.53,2.18,1.0,True,synthetic_scenario_generator,26006
2024-05-18,IND_DHA,1.15,1.8,1.0,True,synthetic_scenario_generator,26006
2024-05-19,IND_DHA,0.79,1.44,1.0,True,synthetic_scenario_generator,26006
2024-05-20,IND_DHA,0.68,1.33,1.0,True,synthetic_scenario_generator,26006
2024-05-21,IND_DHA,0.52,1.17,1.0,True,synthetic_scenario_generator,26006
2024-05-22,IND_DHA,0.51,1.16,1.0,True,synthetic_scenario_generator,26006
2024-05-23,IND_DHA,0.54,1.19,1.0,True,synthetic_scenario_generator,26006
2024-05-24,IND_DHA,0.97,1.62,1.0,True,synthetic_scenario_generator,26006
2024-05-25,IND_DHA,1.19,1.84,1.0,True,synthetic_scenario_generator,26006
2024-05-26,IND_DHA,1.71,2.36,1.0,True,synthetic_scenario_generator,26006
2024-05-27,IND_DHA,2.01,2.66,1.0,True,synthetic_scenario_generator,26006
2024-05-28,IND_DHA,2.09,2.74,1.0,True,synthetic_scenario_generator,26006
2024-05-29,IND_DHA,1.97,2.62,1.0,True,synthetic_scenario_generator,26006
2024-05-30,IND_DHA,1.85,2.5,1.0,True,synthetic_scenario_generator,26006
2024-05-31,IND_DHA,1.77,2.42,1.0,True,synthetic_scenario_generator,26006
2024-06-01,IND_DHA,1.36,2.01,1.0,True,synthetic_scenario_generator,26006
2024-06-02,IND_DHA,1.13,1.78,1.0,True,synthetic_scenario_generator,26006
2024-06-03,IND_DHA,0.78,1.43,1.0,True,synthetic_scenario_generator,26006
2024-06-04,IND_DHA,0.45,1.1,1.0,True,synthetic_scenario_generator,26006
2024-06-05,IND_DHA,0.63,1.28,1.0,True,synthetic_scenario_generator,26006
2024-06-06,IND_DHA,0.6,1.25,1.0,True,synthetic_scenario_generator,26006
2024-06-07,IND_DHA,0.75,1.4,1.0,True,synthetic_scenario_generator,26006
2024-06-08,IND_DHA,1.09,1.74,1.0,True,synthetic_scenario_generator,26006
2024-06-09,IND_DHA,1.45,2.1,1.0,True,synthetic_scenario_generator,26006
2024-06-10,IND_DHA,1.77,2.42,1.0,True,synthetic_scenario_generator,26006
2024-06-11,IND_DHA,1.87,2.52,1.0,True,synthetic_scenario_generator,26006
2024-06-12,IND_DHA,2.0,2.65,1.0,True,synthetic_scenario_generator,26006
2024-06-13,IND_DHA,2.07,2.72,1.0,True,synthetic_scenario_generator,26006
2024-06-14,IND_DHA,1.87,2.52,1.0,True,synthetic_scenario_generator,26006
2024-06-15,IND_DHA,1.55,2.2,1.0,True,synthetic_scenario_generator,26006
2024-06-16,IND_DHA,1.16,1.81,1.0,True,synthetic_scenario_generator,26006
2024-06-17,IND_DHA,0.97,1.62,1.0,True,synthetic_scenario_generator,26006
2024-06-18,IND_DHA,0.82,1.47,1.0,True,synthetic_scenario_generator,26006
2024-06-19,IND_DHA,0.6,1.25,1.0,True,synthetic_scenario_generator,26006
2024-06-20,IND_DHA,0.6,1.25,1.0,True,synthetic_scenario_generator,26006
2024-06-21,IND_DHA,0.73,1.38,1.0,True,synthetic_scenario_generator,26006
2024-06-22,IND_DHA,0.8,1.45,1.0,True,synthetic_scenario_generator,26006
2024-06-23,IND_DHA,1.02,1.67,1.0,True,synthetic_scenario_generator,26006
2024-06-24,IND_DHA,1.59,2.24,1.0,True,synthetic_scenario_generator,26006
2024-06-25,IND_DHA,1.68,2.33,1.0,True,synthetic_scenario_generator,26006
2024-06-26,IND_DHA,1.92,2.57,1.0,True,synthetic_scenario_generator,26006
2024-06-27,IND_DHA,1.98,2.63,1.0,True,synthetic_scenario_generator,26006
2024-06-28,IND_DHA,2.11,2.76,1.0,True,synthetic_scenario_generator,26006
2024-06-29,IND_DHA,1.83,2.48,1.0,True,synthetic_scenario_generator,26006
2024-06-30,IND_DHA,1.54,2.19,1.0,True,synthetic_scenario_generator,26006
2024-07-01,IND_DHA,1.42,2.07,1.0,True,synthetic_scenario_generator,26006
2024-07-02,IND_DHA,0.96,1.61,1.0,True,synthetic_scenario_generator,26006
2024-07-03,IND_DHA,0.68,1.33,1.0,True,synthetic_scenario_generator,26006
2024-07-04,IND_DHA,0.49,1.14,1.0,True,synthetic_scenario_generator,26006
2024-07-05,IND_DHA,0.44,1.09,1.0,True,synthetic_scenario_generator,26006
2024-07-06,IND_DHA,0.59,1.24,1.0,True,synthetic_scenario_generator,26006
2024-07-07,IND_DHA,0.84,1.49,1.0,True,synthetic_scenario_generator,26006
2024-07-08,IND_DHA,1.03,1.68,1.0,True,synthetic_scenario_generator,26006
2024-07-09,IND_DHA,1.7,2.35,1.0,True,synthetic_scenario_generator,26006
2024-07-10,IND_DHA,1.69,2.34,1.0,True,synthetic_scenario_generator,26006
2024-07-11,IND_DHA,1.91,2.56,1.0,True,synthetic_scenario_generator,26006
2024-07-12,IND_DHA,1.92,2.57,1.0,True,synthetic_scenario_generator,26006
2024-07-13,IND_DHA,1.87,2.52,1.0,True,synthetic_scenario_generator,26006
2024-07-14,IND_DHA,1.83,2.48,1.0,True,synthetic_scenario_generator,26006
2024-07-15,IND_DHA,1.48,2.13,1.0,True,synthetic_scenario_generator,26006
2024-07-16,IND_DHA,1.15,1.8,1.0,True,synthetic_scenario_generator,26006
2024-07-17,IND_DHA,0.8,1.45,1.0,True,synthetic_scenario_generator,26006
2024-07-18,IND_DHA,0.72,1.37,1.0,True,synthetic_scenario_generator,26006
2024-07-19,IND_DHA,0.37,1.02,1.0,True,synthetic_scenario_generator,26006
2024-07-20,IND_DHA,0.4,1.05,1.0,True,synthetic_scenario_generator,26006
2024-07-21,IND_DHA,0.73,1.38,1.0,True,synthetic_scenario_generator,26006
2024-07-22,IND_DHA,0.87,1.52,1.0,True,synthetic_scenario_generator,26006
2024-07-23,IND_DHA,1.21,1.86,1.0,True,synthetic_scenario_generator,26006
2024-07-24,IND_DHA,1.57,2.22,1.0,True,synthetic_scenario_generator,26006
2024-07-25,IND_DHA,1.81,2.46,1.0,True,synthetic_scenario_generator,26006
2024-07-26,IND_DHA,1.82,2.47,1.0,True,synthetic_scenario_generator,26006
2024-07-27,IND_DHA,1.99,2.64,1.0,True,synthetic_scenario_generator,26006
2024-07-28,IND_DHA,1.84,2.49,1.0,True,synthetic_scenario_generator,26006
2024-07-29,IND_DHA,1.63,2.28,1.0,True,synthetic_scenario_generator,26006
2024-07-30,IND_DHA,1.29,1.94,1.0,True,synthetic_scenario_generator,26006
2024-07-31,IND_DHA,1.04,1.69,1.0,True,synthetic_scenario_generator,26006
2024-08-01,IND_DHA,0.71,1.36,1.0,True,synthetic_scenario_generator,26006
2024-08-02,IND_DHA,0.7,1.35,1.0,True,synthetic_scenario_generator,26006
2024-08-03,IND_DHA,0.48,1.13,1.0,True,synthetic_scenario_generator,26006
2024-08-04,IND_DHA,0.49,1.14,1.0,True,synthetic_scenario_generator,26006
2024-08-05,IND_DHA,0.88,1.53,1.0,True,synthetic_scenario_generator,26006
2024-08-06,IND_DHA,1.0,1.65,1.0,True,synthetic_scenario_generator,26006
2024-08-07,IND_DHA,1.28,1.93,1.0,True,synthetic_scenario_generator,26006
2024-08-08,IND_DHA,1.55,2.2,1.0,True,synthetic_scenario_generator,26006
2024-08-09,IND_DHA,1.89,2.54,1.0,True,synthetic_scenario_generator,26006
2024-08-10,IND_DHA,1.84,2.49,1.0,True,synthetic_scenario_generator,26006
2024-08-11,IND_DHA,1.89,2.54,1.0,True,synthetic_scenario_generator,26006
2024-08-12,IND_DHA,1.82,2.47,1.0,True,synthetic_scenario_generator,26006
2024-08-13,IND_DHA,1.72,2.37,1.0,True,synthetic_scenario_generator,26006
2024-08-14,IND_DHA,1.31,1.96,1.0,True,synthetic_scenario_generator,26006
2024-08-15,IND_DHA,1.01,1.66,1.0,True,synthetic_scenario_generator,26006
2024-08-16,IND_DHA,0.65,1.3,1.0,True,synthetic_scenario_generator,26006
2024-08-17,IND_DHA,0.4,1.05,1.0,True,synthetic_scenario_generator,26006
2024-08-18,IND_DHA,0.39,1.04,1.0,True,synthetic_scenario_generator,26006
2024-08-19,IND_DHA,0.61,1.26,1.0,True,synthetic_scenario_generator,26006
2024-08-20,IND_DHA,0.85,1.5,1.0,True,synthetic_scenario_generator,26006
2024-08-21,IND_DHA,1.0,1.65,1.0,True,synthetic_scenario_generator,26006
2024-08-22,IND_DHA,1.42,2.07,1.0,True,synthetic_scenario_generator,26006
2024-08-23,IND_DHA,1.68,2.33,1.0,True,synthetic_scenario_generator,26006
2024-08-24,IND_DHA,1.88,2.53,1.0,True,synthetic_scenario_generator,26006
2024-08-25,IND_DHA,2.03,2.68,1.0,True,synthetic_scenario_generator,26006
2024-08-26,IND_DHA,1.94,2.59,1.0,True,synthetic_scenario_generator,26006
2024-08-27,IND_DHA,1.62,2.27,1.0,True,synthetic_scenario_generator,26006
2024-08-28,IND_DHA,1.71,2.36,1.0,True,synthetic_scenario_generator,26006
2024-08-29,IND_DHA,1.23,1.88,1.0,True,synthetic_scenario_generator,26006
2024-08-30,IND_DHA,1.0,1.65,1.0,True,synthetic_scenario_generator,26006
2024-08-31,IND_DHA,0.75,1.4,1.0,True,synthetic_scenario_generator,26006
2024-09-01,IND_DHA,0.49,1.14,1.0,True,synthetic_scenario_generator,26006
2024-09-02,IND_DHA,0.51,1.16,1.0,True,synthetic_scenario_generator,26006
2024-09-03,IND_DHA,0.63,1.28,1.0,True,synthetic_scenario_generator,26006
2024-09-04,IND_DHA,0.68,1.33,1.0,True,synthetic_scenario_generator,26006
2024-09-05,IND_DHA,1.1,1.75,1.0,True,synthetic_scenario_generator,26006
2024-09-06,IND_DHA,1.38,2.03,1.0,True,synthetic_scenario_generator,26006
2024-09-07,IND_DHA,1.76,2.41,1.0,True,synthetic_scenario_generator,26006
2024-09-08,IND_DHA,2.03,2.68,1.0,True,synthetic_scenario_generator,26006
2024-09-09,IND_DHA,2.03,2.68,1.0,True,synthetic_scenario_generator,26006
2024-09-10,IND_DHA,1.86,2.51,1.0,True,synthetic_scenario_generator,26006
2024-09-11,IND_DHA,1.73,2.38,1.0,True,synthetic_scenario_generator,26006
2024-09-12,IND_DHA,1.35,2.0,1.0,True,synthetic_scenario_generator,26006
2024-09-13,IND_DHA,1.21,1.86,1.0,True,synthetic_scenario_generator,26006
2024-09-14,IND_DHA,0.92,1.57,1.0,True,synthetic_scenario_generator,26006
2024-09-15,IND_DHA,0.74,1.39,1.0,True,synthetic_scenario_generator,26006
2024-09-16,IND_DHA,0.53,1.18,1.0,True,synthetic_scenario_generator,26006
2024-09-17,IND_DHA,0.53,1.18,1.0,True,synthetic_scenario_generator,26006
2024-09-18,IND_DHA,0.71,1.36,1.0,True,synthetic_scenario_generator,26006
2024-09-19,IND_DHA,0.84,1.49,1.0,True,synthetic_scenario_generator,26006
2024-09-20,IND_DHA,1.17,1.82,1.0,True,synthetic_scenario_generator,26006
2024-09-21,IND_DHA,1.51,2.16,1.0,True,synthetic_scenario_generator,26006
2024-09-22,IND_DHA,1.76,2.41,1.0,True,synthetic_scenario_generator,26006
2024-09-23,IND_DHA,1.94,2.59,1.0,True,synthetic_scenario_generator,26006
2024-09-24,IND_DHA,2.01,2.66,1.0,True,synthetic_scenario_generator,26006
2024-09-25,IND_DHA,1.86,2.51,1.0,True,synthetic_scenario_generator,26006
2024-09-26,IND_DHA,1.74,2.39,1.0,True,synthetic_scenario_generator,26006
2024-09-27,IND_DHA,1.48,2.13,1.0,True,synthetic_scenario_generator,26006
2024-09-28,IND_DHA,1.09,1.74,1.0,True,synthetic_scenario_generator,26006
2024-09-29,IND_DHA,0.8,1.45,1.0,True,synthetic_scenario_generator,26006
2024-09-30,IND_DHA,0.71,1.36,1.0,True,synthetic_scenario_generator,26006
2024-10-01,IND_DHA,0.5,1.15,1.0,True,synthetic_scenario_generator,26006
2024-10-02,IND_DHA,0.55,1.2,1.0,True,synthetic_scenario_generator,26006
2024-10-03,IND_DHA,0.58,1.23,1.0,True,synthetic_scenario_generator,26006
2024-10-04,IND_DHA,1.05,1.7,1.0,True,synthetic_scenario_generator,26006
2024-10-05,IND_DHA,1.45,2.1,1.0,True,synthetic_scenario_generator,26006
2024-10-06,IND_DHA,1.41,2.06,1.0,True,synthetic_scenario_generator,26006
2024-10-07,IND_DHA,1.99,2.64,1.0,True,synthetic_scenario_generator,26006
2024-10-08,IND_DHA,1.86,2.51,1.0,True,synthetic_scenario_generator,26006
2024-10-09,IND_DHA,2.01,2.66,1.0,True,synthetic_scenario_generator,26006
2024-10-10,IND_DHA,1.83,2.48,1.0,True,synthetic_scenario_generator,26006
2024-10-11,IND_DHA,1.73,2.38,1.0,True,synthetic_scenario_generator,26006
2024-10-12,IND_DHA,1.2,1.85,1.0,True,synthetic_scenario_generator,26006
2024-10-13,IND_DHA,0.98,1.63,1.0,True,synthetic_scenario_generator,26006
2024-10-14,IND_DHA,0.82,1.47,1.0,True,synthetic_scenario_generator,26006
2024-10-15,IND_DHA,0.46,1.11,1.0,True,synthetic_scenario_generator,26006
2024-10-16,IND_DHA,0.44,1.09,1.0,True,synthetic_scenario_generator,26006
2024-10-17,IND_DHA,0.82,1.47,1.0,True,synthetic_scenario_generator,26006
2024-10-18,IND_DHA,0.67,1.32,1.0,True,synthetic_scenario_generator,26006
2024-10-19,IND_DHA,1.03,1.68,1.0,True,synthetic_scenario_generator,26006
2024-10-20,IND_DHA,1.48,2.13,1.0,True,synthetic_scenario_generator,26006
2024-10-21,IND_DHA,1.55,2.2,1.0,True,synthetic_scenario_generator,26006
2024-10-22,IND_DHA,1.74,2.39,1.0,True,synthetic_scenario_generator,26006
2024-10-23,IND_DHA,1.94,2.59,1.0,True,synthetic_scenario_generator,26006
2024-10-24,IND_DHA,1.99,2.64,1.0,True,synthetic_scenario_generator,26006
2024-10-25,IND_DHA,1.77,2.42,1.0,True,synthetic_scenario_generator,26006
2024-10-26,IND_DHA,1.56,2.21,1.0,True,synthetic_scenario_generator,26006
2024-10-27,IND_DHA,1.2,1.85,1.0,True,synthetic_scenario_generator,26006
2024-10-28,IND_DHA,0.9,1.55,1.0,True,synthetic_scenario_generator,26006
2024-10-29,IND_DHA,0.74,1.39,1.0,True,synthetic_scenario_generator,26006
2024-10-30,IND_DHA,0.66,1.31,1.0,True,synthetic_scenario_generator,26006
2024-10-31,IND_DHA,0.4,1.05,1.0,True,synthetic_scenario_generator,26006
2024-11-01,IND_DHA,0.68,1.33,1.0,True,synthetic_scenario_generator,26006
2024-11-02,IND_DHA,0.68,1.33,1.0,True,synthetic_scenario_generator,26006
2024-11-03,IND_DHA,1.25,1.9,1.0,True,synthetic_scenario_generator,26006
2024-11-04,IND_DHA,1.46,2.11,1.0,True,synthetic_scenario_generator,26006
2024-11-05,IND_DHA,1.73,2.38,1.0,True,synthetic_scenario_generator,26006
2024-11-06,IND_DHA,1.77,2.42,1.0,True,synthetic_scenario_generator,26006
2024-11-07,IND_DHA,1.97,2.62,1.0,True,synthetic_scenario_generator,26006
2024-11-08,IND_DHA,2.09,2.74,1.0,True,synthetic_scenario_generator,26006
2024-11-09,IND_DHA,1.78,2.43,1.0,True,synthetic_scenario_generator,26006
2024-11-10,IND_DHA,1.47,2.12,1.0,True,synthetic_scenario_generator,26006
2024-11-11,IND_DHA,1.2,1.85,1.0,True,synthetic_scenario_generator,26006
2024-11-12,IND_DHA,0.77,1.42,1.0,True,synthetic_scenario_generator,26006
2024-11-13,IND_DHA,0.54,1.19,1.0,True,synthetic_scenario_generator,26006
2024-11-14,IND_DHA,0.58,1.23,1.0,True,synthetic_scenario_generator,26006
2024-11-15,IND_DHA,0.47,1.12,1.0,True,synthetic_scenario_generator,26006
2024-11-16,IND_DHA,0.61,1.26,1.0,True,synthetic_scenario_generator,26006
2024-11-17,IND_DHA,0.82,1.47,1.0,True,synthetic_scenario_generator,26006
2024-11-18,IND_DHA,1.19,1.84,1.0,True,synthetic_scenario_generator,26006
2024-11-19,IND_DHA,1.71,2.36,1.0,True,synthetic_scenario_generator,26006
2024-11-20,IND_DHA,1.58,2.23,1.0,True,synthetic_scenario_generator,26006
2024-11-21,IND_DHA,1.84,2.49,1.0,True,synthetic_scenario_generator,26006
2024-11-22,IND_DHA,2.01,2.66,1.0,True,synthetic_scenario_generator,26006
2024-11-23,IND_DHA,2.01,2.66,1.0,True,synthetic_scenario_generator,26006
2024-11-24,IND_DHA,1.8,2.45,1.0,True,synthetic_scenario_generator,26006
2024-11-25,IND_DHA,1.43,2.08,1.0,True,synthetic_scenario_generator,26006
2024-11-26,IND_DHA,1.14,1.79,1.0,True,synthetic_scenario_generator,26006
2024-11-27,IND_DHA,0.88,1.53,1.0,True,synthetic_scenario_generator,26006
2024-11-28,IND_DHA,0.68,1.33,1.0,True,synthetic_scenario_generator,26006
2024-11-29,IND_DHA,0.59,1.24,1.0,True,synthetic_scenario_generator,26006
2024-11-30,IND_DHA,0.6,1.25,1.0,True,synthetic_scenario_generator,26006
2024-12-01,IND_DHA,0.64,1.29,1.0,True,synthetic_scenario_generator,26006
2024-12-02,IND_DHA,0.99,1.64,1.0,True,synthetic_scenario_generator,26006
2024-12-03,IND_DHA,1.27,1.92,1.0,True,synthetic_scenario_generator,26006
2024-12-04,IND_DHA,1.71,2.36,1.0,True,synthetic_scenario_generator,26006
2024-12-05,IND_DHA,1.92,2.57,1.0,True,synthetic_scenario_generator,26006
2024-12-06,IND_DHA,1.98,2.63,1.0,True,synthetic_scenario_generator,26006
2024-12-07,IND_DHA,1.97,2.62,1.0,True,synthetic_scenario_generator,26006
2024-12-08,IND_DHA,1.85,2.5,1.0,True,synthetic_scenario_generator,26006
2024-12-09,IND_DHA,1.75,2.4,1.0,True,synthetic_scenario_generator,26006
2024-12-10,IND_DHA,1.39,2.04,1.0,True,synthetic_scenario_generator,26006
2024-12-11,IND_DHA,0.96,1.61,1.0,True,synthetic_scenario_generator,26006
2024-12-12,IND_DHA,0.87,1.52,1.0,True,synthetic_scenario_generator,26006
2024-12-13,IND_DHA,0.59,1.24,1.0,True,synthetic_scenario_generator,26006
2024-12-14,IND_DHA,0.62,1.27,1.0,True,synthetic_scenario_generator,26006
2024-12-15,IND_DHA,0.58,1.23,1.0,True,synthetic_scenario_generator,26006
2024-12-16,IND_DHA,0.61,1.26,1.0,True,synthetic_scenario_generator,26006
2024-12-17,IND_DHA,0.93,1.58,1.0,True,synthetic_scenario_generator,26006
2024-12-18,IND_DHA,1.43,2.08,1.0,True,synthetic_scenario_generator,26006
2024-12-19,IND_DHA,1.62,2.27,1.0,True,synthetic_scenario_generator,26006
2024-12-20,IND_DHA,1.94,2.59,1.0,True,synthetic_scenario_generator,26006
2024-12-21,IND_DHA,2.04,2.69,1.0,True,synthetic_scenario_generator,26006
2024-12-22,IND_DHA,1.9,2.55,1.0,True,synthetic_scenario_generator,26006
2024-12-23,IND_DHA,1.97,2.62,1.0,True,synthetic_scenario_generator,26006
2024-12-24,IND_DHA,1.57,2.22,1.0,True,synthetic_scenario_generator,26006
2024-12-25,IND_DHA,1.3,1.95,1.0,True,synthetic_scenario_generator,26006
2024-12-26,IND_DHA,0.88,1.53,1.0,True,synthetic_scenario_generator,26006
2024-12-27,IND_DHA,0.74,1.39,1.0,True,synthetic_scenario_generator,26006
2024-12-28,IND_DHA,0.56,1.21,1.0,True,synthetic_scenario_generator,26006
2024-12-29,IND_DHA,0.51,1.16,1.0,True,synthetic_scenario_generator,26006
2024-12-30,IND_DHA,0.7,1.35,1.0,True,synthetic_scenario_generator,26006
2024-12-31,IND_DHA,0.74,1.39,1.0,True,synthetic_scenario_generator,26006
2025-01-01,IND_DHA,1.1,1.75,1.0,True,synthetic_scenario_generator,26006
2025-01-02,IND_DHA,1.32,1.97,1.0,True,synthetic_scenario_generator,26006
2025-01-03,IND_DHA,1.73,2.38,1.0,True,synthetic_scenario_generator,26006
2025-01-04,IND_DHA,1.78,2.43,1.0,True,synthetic_scenario_generator,26006
2025-01-05,IND_DHA,2.13,2.78,1.0,True,synthetic_scenario_generator,26006
2025-01-06,IND_DHA,2.04,2.69,1.0,True,synthetic_scenario_generator,26006
2025-01-07,IND_DHA,1.77,2.42,1.0,True,synthetic_scenario_generator,26006
2025-01-08,IND_DHA,1.47,2.12,1.0,True,synthetic_scenario_generator,26006
2025-01-09,IND_DHA,1.26,1.91,1.0,True,synthetic_scenario_generator,26006
2025-01-10,IND_DHA,1.16,1.81,1.0,True,synthetic_scenario_generator,26006
2025-01-11,IND_DHA,0.7,1.35,1.0,True,synthetic_scenario_generator,26006
2025-01-12,IND_DHA,0.53,1.18,1.0,True,synthetic_scenario_generator,26006
2025-01-13,IND_DHA,0.47,1.12,1.0,True,synthetic_scenario_generator,26006
2025-01-14,IND_DHA,0.58,1.23,1.0,True,synthetic_scenario_generator,26006
2025-01-15,IND_DHA,0.97,1.62,1.0,True,synthetic_scenario_generator,26006
2025-01-16,IND_DHA,1.33,1.98,1.0,True,synthetic_scenario_generator,26006
2025-01-17,IND_DHA,1.44,2.09,1.0,True,synthetic_scenario_generator,26006
2025-01-18,IND_DHA,1.85,2.5,1.0,True,synthetic_scenario_generator,26006
2025-01-19,IND_DHA,2.06,2.71,1.0,True,synthetic_scenario_generator,26006
2025-01-20,IND_DHA,1.89,2.54,1.0,True,synthetic_scenario_generator,26006
2025-01-21,IND_DHA,1.87,2.52,1.0,True,synthetic_scenario_generator,26006
2025-01-22,IND_DHA,1.65,2.3,1.0,True,synthetic_scenario_generator,26006
2025-01-23,IND_DHA,1.42,2.07,1.0,True,synthetic_scenario_generator,26006
2025-01-24,IND_DHA,0.98,1.63,1.0,True,synthetic_scenario_generator,26006
2025-01-25,IND_DHA,0.77,1.42,1.0,True,synthetic_scenario_generator,26006
2025-01-26,IND_DHA,0.78,1.43,1.0,True,synthetic_scenario_generator,26006
2025-01-27,IND_DHA,0.46,1.11,1.0,True,synthetic_scenario_generator,26006
2025-01-28,IND_DHA,0.47,1.12,1.0,True,synthetic_scenario_generator,26006
2025-01-29,IND_DHA,0.58,1.23,1.0,True,synthetic_scenario_generator,26006
2025-01-30,IND_DHA,0.88,1.53,1.0,True,synthetic_scenario_generator,26006
2025-01-31,IND_DHA,1.24,1.89,1.0,True,synthetic_scenario_generator,26006
2025-02-01,IND_DHA,1.7,2.35,1.0,True,synthetic_scenario_generator,26006
2025-02-02,IND_DHA,1.86,2.51,1.0,True,synthetic_scenario_generator,26006
2025-02-03,IND_DHA,1.9,2.55,1.0,True,synthetic_scenario_generator,26006
2025-02-04,IND_DHA,1.93,2.58,1.0,True,synthetic_scenario_generator,26006
2025-02-05,IND_DHA,1.91,2.56,1.0,True,synthetic_scenario_generator,26006
2025-02-06,IND_DHA,1.79,2.44,1.0,True,synthetic_scenario_generator,26006
2025-02-07,IND_DHA,1.36,2.01,1.0,True,synthetic_scenario_generator,26006
2025-02-08,IND_DHA,0.88,1.53,1.0,True,synthetic_scenario_generator,26006
2025-02-09,IND_DHA,0.78,1.43,1.0,True,synthetic_scenario_generator,26006
2025-02-10,IND_DHA,0.65,1.3,1.0,True,synthetic_scenario_generator,26006
2025-02-11,IND_DHA,0.42,1.07,1.0,True,synthetic_scenario_generator,26006
2025-02-12,IND_DHA,0.33,0.98,1.0,True,synthetic_scenario_generator,26006
2025-02-13,IND_DHA,0.81,1.46,1.0,True,synthetic_scenario_generator,26006
2025-02-14,IND_DHA,1.1,1.75,1.0,True,synthetic_scenario_generator,26006
2025-02-15,IND_DHA,1.24,1.89,1.0,True,synthetic_scenario_generator,26006
2025-02-16,IND_DHA,1.57,2.22,1.0,True,synthetic_scenario_generator,26006
2025-02-17,IND_DHA,1.81,2.46,1.0,True,synthetic_scenario_generator,26006
2025-02-18,IND_DHA,1.91,2.56,1.0,True,synthetic_scenario_generator,26006
2025-02-19,IND_DHA,2.01,2.66,1.0,True,synthetic_scenario_generator,26006
2025-02-20,IND_DHA,1.92,2.57,1.0,True,synthetic_scenario_generator,26006
2025-02-21,IND_DHA,1.56,2.21,1.0,True,synthetic_scenario_generator,26006
2025-02-22,IND_DHA,1.32,1.97,1.0,True,synthetic_scenario_generator,26006
2025-02-23,IND_DHA,1.01,1.66,1.0,True,synthetic_scenario_generator,26006
2025-02-24,IND_DHA,0.82,1.47,1.0,True,synthetic_scenario_generator,26006
2025-02-25,IND_DHA,0.47,1.12,1.0,True,synthetic_scenario_generator,26006
2025-02-26,IND_DHA,0.52,1.17,1.0,True,synthetic_scenario_generator,26006
2025-02-27,IND_DHA,0.66,1.31,1.0,True,synthetic_scenario_generator,26006
2025-02-28,IND_DHA,0.87,1.52,1.0,True,synthetic_scenario_generator,26006
2025-03-01,IND_DHA,1.14,1.79,1.0,True,synthetic_scenario_generator,26006
2025-03-02,IND_DHA,1.47,2.12,1.0,True,synthetic_scenario_generator,26006
2025-03-03,IND_DHA,1.68,2.33,1.0,True,synthetic_scenario_generator,26006
2025-03-04,IND_DHA,1.88,2.53,1.0,True,synthetic_scenario_generator,26006
2025-03-05,IND_DHA,1.97,2.62,1.0,True,synthetic_scenario_generator,26006
2025-03-06,IND_DHA,1.92,2.57,1.0,True,synthetic_scenario_generator,26006
2025-03-07,IND_DHA,1.7,2.35,1.0,True,synthetic_scenario_generator,26006
2025-03-08,IND_DHA,1.46,2.11,1.0,True,synthetic_scenario_generator,26006
2025-03-09,IND_DHA,1.11,1.76,1.0,True,synthetic_scenario_generator,26006
2025-03-10,IND_DHA,1.09,1.74,1.0,True,synthetic_scenario_generator,26006
2025-03-11,IND_DHA,0.66,1.31,1.0,True,synthetic_scenario_generator,26006
2025-03-12,IND_DHA,0.55,1.2,1.0,True,synthetic_scenario_generator,26006
2025-03-13,IND_DHA,0.51,1.16,1.0,True,synthetic_scenario_generator,26006
2025-03-14,IND_DHA,0.53,1.18,1.0,True,synthetic_scenario_generator,26006
2025-03-15,IND_DHA,0.8,1.45,1.0,True,synthetic_scenario_generator,26006
2025-03-16,IND_DHA,0.99,1.64,1.0,True,synthetic_scenario_generator,26006
2025-03-17,IND_DHA,1.4,2.05,1.0,True,synthetic_scenario_generator,26006
2025-03-18,IND_DHA,1.75,2.4,1.0,True,synthetic_scenario_generator,26006
2025-03-19,IND_DHA,2.01,2.66,1.0,True,synthetic_scenario_generator,26006
2025-03-20,IND_DHA,2.03,2.68,1.0,True,synthetic_scenario_generator,26006
2025-03-21,IND_DHA,1.94,2.59,1.0,True,synthetic_scenario_generator,26006
2025-03-22,IND_DHA,1.75,2.4,1.0,True,synthetic_scenario_generator,26006
2025-03-23,IND_DHA,1.5,2.15,1.0,True,synthetic_scenario_generator,26006
2025-03-24,IND_DHA,1.4,2.05,1.0,True,synthetic_scenario_generator,26006
2025-03-25,IND_DHA,0.85,1.5,1.0,True,synthetic_scenario_generator,26006
2025-03-26,IND_DHA,0.63,1.28,1.0,True,synthetic_scenario_generator,26006
2025-03-27,IND_DHA,0.57,1.22,1.0,True,synthetic_scenario_generator,26006
2025-03-28,IND_DHA,0.51,1.16,1.0,True,synthetic_scenario_generator,26006
2025-03-29,IND_DHA,0.72,1.37,1.0,True,synthetic_scenario_generator,26006
2025-03-30,IND_DHA,0.93,1.58,1.0,True,synthetic_scenario_generator,26006
2025-03-31,IND_DHA,1.2,1.85,1.0,True,synthetic_scenario_generator,26006
2025-04-01,IND_DHA,1.65,2.3,1.0,True,synthetic_scenario_generator,26006
2025-04-02,IND_DHA,1.63,2.28,1.0,True,synthetic_scenario_generator,26006
2025-04-03,IND_DHA,1.82,2.47,1.0,True,synthetic_scenario_generator,26006
2025-04-04,IND_DHA,1.94,2.59,1.0,True,synthetic_scenario_generator,26006
2025-04-05,IND_DHA,1.96,2.61,1.0,True,synthetic_scenario_generator,26006
2025-04-06,IND_DHA,1.68,2.33,1.0,True,synthetic_scenario_generator,26006
2025-04-07,IND_DHA,1.52,2.17,1.0,True,synthetic_scenario_generator,26006
2025-04-08,IND_DHA,1.16,1.81,1.0,True,synthetic_scenario_generator,26006
2025-04-09,IND_DHA,0.71,1.36,1.0,True,synthetic_scenario_generator,26006
2025-04-10,IND_DHA,0.39,1.04,1.0,True,synthetic_scenario_generator,26006
2025-04-11,IND_DHA,0.33,0.98,1.0,True,synthetic_scenario_generator,26006
2025-04-12,IND_DHA,0.72,1.37,1.0,True,synthetic_scenario_generator,26006
2025-04-13,IND_DHA,0.59,1.24,1.0,True,synthetic_scenario_generator,26006
2025-04-14,IND_DHA,0.82,1.47,1.0,True,synthetic_scenario_generator,26006
2025-04-15,IND_DHA,1.19,1.84,1.0,True,synthetic_scenario_generator,26006
2025-04-16,IND_DHA,1.57,2.22,1.0,True,synthetic_scenario_generator,26006
2025-04-17,IND_DHA,1.83,2.48,1.0,True,synthetic_scenario_generator,26006
2025-04-18,IND_DHA,2.17,2.82,1.0,True,synthetic_scenario_generator,26006
2025-04-19,IND_DHA,1.92,2.57,1.0,True,synthetic_scenario_generator,26006
2025-04-20,IND_DHA,1.86,2.51,1.0,True,synthetic_scenario_generator,26006
2025-04-21,IND_DHA,1.46,2.11,1.0,True,synthetic_scenario_generator,26006
2025-04-22,IND_DHA,1.34,1.99,1.0,True,synthetic_scenario_generator,26006
2025-04-23,IND_DHA,0.79,1.44,1.0,True,synthetic_scenario_generator,26006
2025-04-24,IND_DHA,0.63,1.28,1.0,True,synthetic_scenario_generator,26006
2025-04-25,IND_DHA,0.53,1.18,1.0,True,synthetic_scenario_generator,26006
2025-04-26,IND_DHA,0.61,1.26,1.0,True,synthetic_scenario_generator,26006
2025-04-27,IND_DHA,0.48,1.13,1.0,True,synthetic_scenario_generator,26006
2025-04-28,IND_DHA,0.95,1.6,1.0,True,synthetic_scenario_generator,26006
2025-04-29,IND_DHA,0.91,1.56,1.0,True,synthetic_scenario_generator,26006
2025-04-30,IND_DHA,1.45,2.1,1.0,True,synthetic_scenario_generator,26006
2025-05-01,IND_DHA,1.68,2.33,1.0,True,synthetic_scenario_generator,26006
2025-05-02,IND_DHA,2.11,2.76,1.0,True,synthetic_scenario_generator,26006
2025-05-03,IND_DHA,2.16,2.81,1.0,True,synthetic_scenario_generator,26006
2025-05-04,IND_DHA,1.99,2.64,1.0,True,synthetic_scenario_generator,26006
2025-05-05,IND_DHA,2.02,2.67,1.0,True,synthetic_scenario_generator,26006
2025-05-06,IND_DHA,1.63,2.28,1.0,True,synthetic_scenario_generator,26006
2025-05-07,IND_DHA,1.36,2.01,1.0,True,synthetic_scenario_generator,26006
2025-05-08,IND_DHA,0.86,1.51,1.0,True,synthetic_scenario_generator,26006
2025-05-09,IND_DHA,0.72,1.37,1.0,True,synthetic_scenario_generator,26006
2025-05-10,IND_DHA,0.36,1.01,1.0,True,synthetic_scenario_generator,26006
2025-05-11,IND_DHA,0.37,1.02,1.0,True,synthetic_scenario_generator,26006
2025-05-12,IND_DHA,0.68,1.33,1.0,True,synthetic_scenario_generator,26006
2025-05-13,IND_DHA,0.68,1.33,1.0,True,synthetic_scenario_generator,26006
2025-05-14,IND_DHA,1.26,1.91,1.0,True,synthetic_scenario_generator,26006
2025-05-15,IND_DHA,1.53,2.18,1.0,True,synthetic_scenario_generator,26006
2025-05-16,IND_DHA,1.65,2.3,1.0,True,synthetic_scenario_generator,26006
2025-05-17,IND_DHA,1.93,2.58,1.0,True,synthetic_scenario_generator,26006
2025-05-18,IND_DHA,1.96,2.61,1.0,True,synthetic_scenario_generator,26006
2025-05-19,IND_DHA,1.8,2.45,1.0,True,synthetic_scenario_generator,26006
2025-05-20,IND_DHA,1.67,2.32,1.0,True,synthetic_scenario_generator,26006
2025-05-21,IND_DHA,1.46,2.11,1.0,True,synthetic_scenario_generator,26006
2025-05-22,IND_DHA,1.32,1.97,1.0,True,synthetic_scenario_generator,26006
2025-05-23,IND_DHA,0.78,1.43,1.0,True,synthetic_scenario_generator,26006
2025-05-24,IND_DHA,0.75,1.4,1.0,True,synthetic_scenario_generator,26006
2025-05-25,IND_DHA,0.55,1.2,1.0,True,synthetic_scenario_generator,26006
2025-05-26,IND_DHA,0.57,1.22,1.0,True,synthetic_scenario_generator,26006
2025-05-27,IND_DHA,0.76,1.41,1.0,True,synthetic_scenario_generator,26006
2025-05-28,IND_DHA,0.82,1.47,1.0,True,synthetic_scenario_generator,26006
2025-05-29,IND_DHA,1.28,1.93,1.0,True,synthetic_scenario_generator,26006
2025-05-30,IND_DHA,1.44,2.09,1.0,True,synthetic_scenario_generator,26006
2025-05-31,IND_DHA,1.86,2.51,1.0,True,synthetic_scenario_generator,26006
2025-06-01,IND_DHA,2.06,2.71,1.0,True,synthetic_scenario_generator,26006
2025-06-02,IND_DHA,1.84,2.49,1.0,True,synthetic_scenario_generator,26006
2025-06-03,IND_DHA,1.85,2.5,1.0,True,synthetic_scenario_generator,26006
2025-06-04,IND_DHA,1.79,2.44,1.0,True,synthetic_scenario_generator,26006
2025-06-05,IND_DHA,1.5,2.15,1.0,True,synthetic_scenario_generator,26006
2025-06-06,IND_DHA,1.13,1.78,1.0,True,synthetic_scenario_generator,26006
2025-06-07,IND_DHA,0.86,1.51,1.0,True,synthetic_scenario_generator,26006
2025-06-08,IND_DHA,0.66,1.31,1.0,True,synthetic_scenario_generator,26006
2025-06-09,IND_DHA,0.4,1.05,1.0,True,synthetic_scenario_generator,26006
2025-06-10,IND_DHA,0.6,1.25,1.0,True,synthetic_scenario_generator,26006
2025-06-11,IND_DHA,0.7,1.35,1.0,True,synthetic_scenario_generator,26006
2025-06-12,IND_DHA,0.88,1.53,1.0,True,synthetic_scenario_generator,26006
2025-06-13,IND_DHA,1.23,1.88,1.0,True,synthetic_scenario_generator,26006
2025-06-14,IND_DHA,1.67,2.32,1.0,True,synthetic_scenario_generator,26006
2025-06-15,IND_DHA,1.89,2.54,1.0,True,synthetic_scenario_generator,26006
2025-06-16,IND_DHA,1.91,2.56,1.0,True,synthetic_scenario_generator,26006
2025-06-17,IND_DHA,1.94,2.59,1.0,True,synthetic_scenario_generator,26006
2025-06-18,IND_DHA,1.84,2.49,1.0,True,synthetic_scenario_generator,26006
2025-06-19,IND_DHA,1.55,2.2,1.0,True,synthetic_scenario_generator,26006
2025-06-20,IND_DHA,1.39,2.04,1.0,True,synthetic_scenario_generator,26006
2025-06-21,IND_DHA,0.94,1.59,1.0,True,synthetic_scenario_generator,26006
2025-06-22,IND_DHA,0.64,1.29,1.0,True,synthetic_scenario_generator,26006
2025-06-23,IND_DHA,0.51,1.16,1.0,True,synthetic_scenario_generator,26006
2025-06-24,IND_DHA,0.6,1.25,1.0,True,synthetic_scenario_generator,26006
2025-06-25,IND_DHA,0.52,1.17,1.0,True,synthetic_scenario_generator,26006
2025-06-26,IND_DHA,0.83,1.48,1.0,True,synthetic_scenario_generator,26006
2025-06-27,IND_DHA,1.05,1.7,1.0,True,synthetic_scenario_generator,26006
2025-06-28,IND_DHA,1.26,1.91,1.0,True,synthetic_scenario_generator,26006
2025-06-29,IND_DHA,1.68,2.33,1.0,True,synthetic_scenario_generator,26006
2025-06-30,IND_DHA,1.85,2.5,1.0,True,synthetic_scenario_generator,26006
2025-07-01,IND_DHA,1.9,2.55,1.0,True,synthetic_scenario_generator,26006
2025-07-02,IND_DHA,2.01,2.66,1.0,True,synthetic_scenario_generator,26006
2025-07-03,IND_DHA,1.9,2.55,1.0,True,synthetic_scenario_generator,26006
2025-07-04,IND_DHA,1.58,2.23,1.0,True,synthetic_scenario_generator,26006
2025-07-05,IND_DHA,1.38,2.03,1.0,True,synthetic_scenario_generator,26006
2025-07-06,IND_DHA,1.02,1.67,1.0,True,synthetic_scenario_generator,26006
2025-07-07,IND_DHA,0.58,1.23,1.0,True,synthetic_scenario_generator,26006
2025-07-08,IND_DHA,0.43,1.08,1.0,True,synthetic_scenario_generator,26006
2025-07-09,IND_DHA,0.5,1.15,1.0,True,synthetic_scenario_generator,26006
2025-07-10,IND_DHA,0.4,1.05,1.0,True,synthetic_scenario_generator,26006
2025-07-11,IND_DHA,0.89,1.54,1.0,True,synthetic_scenario_generator,26006
2025-07-12,IND_DHA,1.04,1.69,1.0,True,synthetic_scenario_generator,26006
2025-07-13,IND_DHA,1.36,2.01,1.0,True,synthetic_scenario_generator,26006
2025-07-14,IND_DHA,1.78,2.43,1.0,True,synthetic_scenario_generator,26006
2025-07-15,IND_DHA,1.95,2.6,1.0,True,synthetic_scenario_generator,26006
2025-07-16,IND_DHA,1.76,2.41,1.0,True,synthetic_scenario_generator,26006
2025-07-17,IND_DHA,1.89,2.54,1.0,True,synthetic_scenario_generator,26006
2025-07-18,IND_DHA,1.79,2.44,1.0,True,synthetic_scenario_generator,26006
2025-07-19,IND_DHA,1.58,2.23,1.0,True,synthetic_scenario_generator,26006
2025-07-20,IND_DHA,1.02,1.67,1.0,True,synthetic_scenario_generator,26006
2025-07-21,IND_DHA,0.92,1.57,1.0,True,synthetic_scenario_generator,26006
2025-07-22,IND_DHA,0.55,1.2,1.0,True,synthetic_scenario_generator,26006
2025-07-23,IND_DHA,0.48,1.13,1.0,True,synthetic_scenario_generator,26006
2025-07-24,IND_DHA,0.51,1.16,1.0,True,synthetic_scenario_generator,26006
2025-07-25,IND_DHA,0.75,1.4,1.0,True,synthetic_scenario_generator,26006
2025-07-26,IND_DHA,0.8,1.45,1.0,True,synthetic_scenario_generator,26006
2025-07-27,IND_DHA,1.17,1.82,1.0,True,synthetic_scenario_generator,26006
2025-07-28,IND_DHA,1.53,2.18,1.0,True,synthetic_scenario_generator,26006
2025-07-29,IND_DHA,1.72,2.37,1.0,True,synthetic_scenario_generator,26006
2025-07-30,IND_DHA,1.84,2.49,1.0,True,synthetic_scenario_generator,26006
2025-07-31,IND_DHA,2.04,2.69,1.0,True,synthetic_scenario_generator,26006
2025-08-01,IND_DHA,1.96,2.61,1.0,True,synthetic_scenario_generator,26006
2025-08-02,IND_DHA,1.73,2.38,1.0,True,synthetic_scenario_generator,26006
2025-08-03,IND_DHA,1.51,2.16,1.0,True,synthetic_scenario_generator,26006
2025-08-04,IND_DHA,1.13,1.78,1.0,True,synthetic_scenario_generator,26006
2025-08-05,IND_DHA,0.66,1.31,1.0,True,synthetic_scenario_generator,26006
2025-08-06,IND_DHA,0.55,1.2,1.0,True,synthetic_scenario_generator,26006
2025-08-07,IND_DHA,0.46,1.11,1.0,True,synthetic_scenario_generator,26006
2025-08-08,IND_DHA,0.56,1.21,1.0,True,synthetic_scenario_generator,26006
2025-08-09,IND_DHA,0.74,1.39,1.0,True,synthetic_scenario_generator,26006
2025-08-10,IND_DHA,1.13,1.78,1.0,True,synthetic_scenario_generator,26006
2025-08-11,IND_DHA,1.42,2.07,1.0,True,synthetic_scenario_generator,26006
2025-08-12,IND_DHA,1.59,2.24,1.0,True,synthetic_scenario_generator,26006
2025-08-13,IND_DHA,1.76,2.41,1.0,True,synthetic_scenario_generator,26006
2025-08-14,IND_DHA,2.12,2.77,1.0,True,synthetic_scenario_generator,26006
2025-08-15,IND_DHA,2.14,2.79,1.0,True,synthetic_scenario_generator,26006
2025-08-16,IND_DHA,2.01,2.66,1.0,True,synthetic_scenario_generator,26006
2025-08-17,IND_DHA,1.64,2.29,1.0,True,synthetic_scenario_generator,26006
2025-08-18,IND_DHA,1.43,2.08,1.0,True,synthetic_scenario_generator,26006
2025-08-19,IND_DHA,1.16,1.81,1.0,True,synthetic_scenario_generator,26006
2025-08-20,IND_DHA,0.71,1.36,1.0,True,synthetic_scenario_generator,26006
2025-08-21,IND_DHA,0.6,1.25,1.0,True,synthetic_scenario_generator,26006
2025-08-22,IND_DHA,0.53,1.18,1.0,True,synthetic_scenario_generator,26006
2025-08-23,IND_DHA,0.43,1.08,1.0,True,synthetic_scenario_generator,26006
2025-08-24,IND_DHA,0.73,1.38,1.0,True,synthetic_scenario_generator,26006
2025-08-25,IND_DHA,1.01,1.66,1.0,True,synthetic_scenario_generator,26006
2025-08-26,IND_DHA,1.32,1.97,1.0,True,synthetic_scenario_generator,26006
2025-08-27,IND_DHA,1.56,2.21,1.0,True,synthetic_scenario_generator,26006
2025-08-28,IND_DHA,1.68,2.33,1.0,True,synthetic_scenario_generator,26006
2025-08-29,IND_DHA,1.89,2.54,1.0,True,synthetic_scenario_generator,26006
2025-08-30,IND_DHA,1.91,2.56,1.0,True,synthetic_scenario_generator,26006
2025-08-31,IND_DHA,2.06,2.71,1.0,True,synthetic_scenario_generator,26006
2025-09-01,IND_DHA,1.6,2.25,1.0,True,synthetic_scenario_generator,26006
2025-09-02,IND_DHA,1.28,1.93,1.0,True,synthetic_scenario_generator,26006
2025-09-03,IND_DHA,1.2,1.85,1.0,True,synthetic_scenario_generator,26006
2025-09-04,IND_DHA,0.71,1.36,1.0,True,synthetic_scenario_generator,26006
2025-09-05,IND_DHA,0.72,1.37,1.0,True,synthetic_scenario_generator,26006
2025-09-06,IND_DHA,0.39,1.04,1.0,True,synthetic_scenario_generator,26006
2025-09-07,IND_DHA,0.56,1.21,1.0,True,synthetic_scenario_generator,26006
2025-09-08,IND_DHA,0.77,1.42,1.0,True,synthetic_scenario_generator,26006
2025-09-09,IND_DHA,0.97,1.62,1.0,True,synthetic_scenario_generator,26006
2025-09-10,IND_DHA,1.4,2.05,1.0,True,synthetic_scenario_generator,26006
2025-09-11,IND_DHA,1.72,2.37,1.0,True,synthetic_scenario_generator,26006
2025-09-12,IND_DHA,1.8,2.45,1.0,True,synthetic_scenario_generator,26006
2025-09-13,IND_DHA,2.0,2.65,1.0,True,synthetic_scenario_generator,26006
2025-09-14,IND_DHA,1.99,2.64,1.0,True,synthetic_scenario_generator,26006
2025-09-15,IND_DHA,1.83,2.48,1.0,True,synthetic_scenario_generator,26006
2025-09-16,IND_DHA,1.45,2.1,1.0,True,synthetic_scenario_generator,26006
2025-09-17,IND_DHA,1.08,1.73,1.0,True,synthetic_scenario_generator,26006
2025-09-18,IND_DHA,1.0,1.65,1.0,True,synthetic_scenario_generator,26006
2025-09-19,IND_DHA,0.65,1.3,1.0,True,synthetic_scenario_generator,26006
2025-09-20,IND_DHA,0.54,1.19,1.0,True,synthetic_scenario_generator,26006
2025-09-21,IND_DHA,0.61,1.26,1.0,True,synthetic_scenario_generator,26006
2025-09-22,IND_DHA,0.61,1.26,1.0,True,synthetic_scenario_generator,26006
2025-09-23,IND_DHA,0.84,1.49,1.0,True,synthetic_scenario_generator,26006
2025-09-24,IND_DHA,1.11,1.76,1.0,True,synthetic_scenario_generator,26006
2025-09-25,IND_DHA,1.54,2.19,1.0,True,synthetic_scenario_generator,26006
2025-09-26,IND_DHA,1.95,2.6,1.0,True,synthetic_scenario_generator,26006
2025-09-27,IND_DHA,2.0,2.65,1.0,True,synthetic_scenario_generator,26006
2025-09-28,IND_DHA,2.07,2.72,1.0,True,synthetic_scenario_generator,26006
2025-09-29,IND_DHA,1.88,2.53,1.0,True,synthetic_scenario_generator,26006
2025-09-30,IND_DHA,1.76,2.41,1.0,True,synthetic_scenario_generator,26006
2025-10-01,IND_DHA,1.53,2.18,1.0,True,synthetic_scenario_generator,26006
2025-10-02,IND_DHA,1.06,1.71,1.0,True,synthetic_scenario_generator,26006
2025-10-03,IND_DHA,0.77,1.42,1.0,True,synthetic_scenario_generator,26006
2025-10-04,IND_DHA,0.81,1.46,1.0,True,synthetic_scenario_generator,26006
2025-10-05,IND_DHA,0.56,1.21,1.0,True,synthetic_scenario_generator,26006
2025-10-06,IND_DHA,0.42,1.07,1.0,True,synthetic_scenario_generator,26006
2025-10-07,IND_DHA,0.53,1.18,1.0,True,synthetic_scenario_generator,26006
2025-10-08,IND_DHA,0.89,1.54,1.0,True,synthetic_scenario_generator,26006
2025-10-09,IND_DHA,1.23,1.88,1.0,True,synthetic_scenario_generator,26006
2025-10-10,IND_DHA,1.66,2.31,1.0,True,synthetic_scenario_generator,26006
2025-10-11,IND_DHA,1.84,2.49,1.0,True,synthetic_scenario_generator,26006
2025-10-12,IND_DHA,2.07,2.72,1.0,True,synthetic_scenario_generator,26006
2025-10-13,IND_DHA,1.89,2.54,1.0,True,synthetic_scenario_generator,26006
2025-10-14,IND_DHA,1.99,2.64,1.0,True,synthetic_scenario_generator,26006
2025-10-15,IND_DHA,1.76,2.41,1.0,True,synthetic_scenario_generator,26006
2025-10-16,IND_DHA,1.4,2.05,1.0,True,synthetic_scenario_generator,26006
2025-10-17,IND_DHA,1.13,1.78,1.0,True,synthetic_scenario_generator,26006
2025-10-18,IND_DHA,0.82,1.47,1.0,True,synthetic_scenario_generator,26006
2025-10-19,IND_DHA,0.63,1.28,1.0,True,synthetic_scenario_generator,26006
2025-10-20,IND_DHA,0.45,1.1,1.0,True,synthetic_scenario_generator,26006
2025-10-21,IND_DHA,0.71,1.36,1.0,True,synthetic_scenario_generator,26006
2025-10-22,IND_DHA,0.62,1.27,1.0,True,synthetic_scenario_generator,26006
2025-10-23,IND_DHA,0.92,1.57,1.0,True,synthetic_scenario_generator,26006
2025-10-24,IND_DHA,1.34,1.99,1.0,True,synthetic_scenario_generator,26006
2025-10-25,IND_DHA,1.35,2.0,1.0,True,synthetic_scenario_generator,26006
2025-10-26,IND_DHA,1.85,2.5,1.0,True,synthetic_scenario_generator,26006
2025-10-27,IND_DHA,1.95,2.6,1.0,True,synthetic_scenario_generator,26006
2025-10-28,IND_DHA,2.0,2.65,1.0,True,synthetic_scenario_generator,26006
2025-10-29,IND_DHA,1.81,2.46,1.0,True,synthetic_scenario_generator,26006
2025-10-30,IND_DHA,1.44,2.09,1.0,True,synthetic_scenario_generator,26006
2025-10-31,IND_DHA,1.35,2.0,1.0,True,synthetic_scenario_generator,26006
2025-11-01,IND_DHA,0.94,1.59,1.0,True,synthetic_scenario_generator,26006
2025-11-02,IND_DHA,0.79,1.44,1.0,True,synthetic_scenario_generator,26006
2025-11-03,IND_DHA,0.58,1.23,1.0,True,synthetic_scenario_generator,26006
2025-11-04,IND_DHA,0.36,1.01,1.0,True,synthetic_scenario_generator,26006
2025-11-05,IND_DHA,0.55,1.2,1.0,True,synthetic_scenario_generator,26006
2025-11-06,IND_DHA,0.85,1.5,1.0,True,synthetic_scenario_generator,26006
2025-11-07,IND_DHA,1.19,1.84,1.0,True,synthetic_scenario_generator,26006
2025-11-08,IND_DHA,1.26,1.91,1.0,True,synthetic_scenario_generator,26006
2025-11-09,IND_DHA,1.57,2.22,1.0,True,synthetic_scenario_generator,26006
2025-11-10,IND_DHA,1.86,2.51,1.0,True,synthetic_scenario_generator,26006
2025-11-11,IND_DHA,1.75,2.4,1.0,True,synthetic_scenario_generator,26006
2025-11-12,IND_DHA,1.96,2.61,1.0,True,synthetic_scenario_generator,26006
2025-11-13,IND_DHA,2.05,2.7,1.0,True,synthetic_scenario_generator,26006
2025-11-14,IND_DHA,1.64,2.29,1.0,True,synthetic_scenario_generator,26006
2025-11-15,IND_DHA,1.38,2.03,1.0,True,synthetic_scenario_generator,26006
2025-11-16,IND_DHA,0.98,1.63,1.0,True,synthetic_scenario_generator,26006
2025-11-17,IND_DHA,0.79,1.44,1.0,True,synthetic_scenario_generator,26006
2025-11-18,IND_DHA,0.53,1.18,1.0,True,synthetic_scenario_generator,26006
2025-11-19,IND_DHA,0.51,1.16,1.0,True,synthetic_scenario_generator,26006
2025-11-20,IND_DHA,0.63,1.28,1.0,True,synthetic_scenario_generator,26006
2025-11-21,IND_DHA,0.9,1.55,1.0,True,synthetic_scenario_generator,26006
2025-11-22,IND_DHA,1.18,1.83,1.0,True,synthetic_scenario_generator,26006
2025-11-23,IND_DHA,1.47,2.12,1.0,True,synthetic_scenario_generator,26006
2025-11-24,IND_DHA,1.66,2.31,1.0,True,synthetic_scenario_generator,26006
2025-11-25,IND_DHA,1.86,2.51,1.0,True,synthetic_scenario_generator,26006
2025-11-26,IND_DHA,2.18,2.83,1.0,True,synthetic_scenario_generator,26006
2025-11-27,IND_DHA,1.98,2.63,1.0,True,synthetic_scenario_generator,26006
2025-11-28,IND_DHA,1.77,2.42,1.0,True,synthetic_scenario_generator,26006
2025-11-29,IND_DHA,1.46,2.11,1.0,True,synthetic_scenario_generator,26006
2025-11-30,IND_DHA,1.11,1.76,1.0,True,synthetic_scenario_generator,26006
2025-12-01,IND_DHA,0.76,1.41,1.0,True,synthetic_scenario_generator,26006
2025-12-02,IND_DHA,0.81,1.46,1.0,True,synthetic_scenario_generator,26006
2025-12-03,IND_DHA,0.33,0.98,1.0,True,synthetic_scenario_generator,26006
2025-12-04,IND_DHA,0.46,1.11,1.0,True,synthetic_scenario_generator,26006
2025-12-05,IND_DHA,0.73,1.38,1.0,True,synthetic_scenario_generator,26006
2025-12-06,IND_DHA,0.82,1.47,1.0,True,synthetic_scenario_generator,26006
2025-12-07,IND_DHA,1.2,1.85,1.0,True,synthetic_scenario_generator,26006
2025-12-08,IND_DHA,1.54,2.19,1.0,True,synthetic_scenario_generator,26006
2025-12-09,IND_DHA,1.68,2.33,1.0,True,synthetic_scenario_generator,26006
2025-12-10,IND_DHA,2.11,2.76,1.0,True,synthetic_scenario_generator,26006
2025-12-11,IND_DHA,1.99,2.64,1.0,True,synthetic_scenario_generator,26006
2025-12-12,IND_DHA,1.91,2.56,1.0,True,synthetic_scenario_generator,26006
2025-12-13,IND_DHA,1.79,2.44,1.0,True,synthetic_scenario_generator,26006
2025-12-14,IND_DHA,1.54,2.19,1.0,True,synthetic_scenario_generator,26006
2025-12-15,IND_DHA,1.22,1.87,1.0,True,synthetic_scenario_generator,26006
2025-12-16,IND_DHA,0.78,1.43,1.0,True,synthetic_scenario_generator,26006
2025-12-17,IND_DHA,0.63,1.28,1.0,True,synthetic_scenario_generator,26006
2025-12-18,IND_DHA,0.48,1.13,1.0,True,synthetic_scenario_generator,26006
2025-12-19,IND_DHA,0.57,1.22,1.0,True,synthetic_scenario_generator,26006
2025-12-20,IND_DHA,0.89,1.54,1.0,True,synthetic_scenario_generator,26006
2025-12-21,IND_DHA,0.86,1.51,1.0,True,synthetic_scenario_generator,26006
2025-12-22,IND_DHA,1.21,1.86,1.0,True,synthetic_scenario_generator,26006
2025-12-23,IND_DHA,1.44,2.09,1.0,True,synthetic_scenario_generator,26006
2025-12-24,IND_DHA,1.98,2.63,1.0,True,synthetic_scenario_generator,26006
2025-12-25,IND_DHA,1.85,2.5,1.0,True,synthetic_scenario_generator,26006
2025-12-26,IND_DHA,1.97,2.62,1.0,True,synthetic_scenario_generator,26006
2025-12-27,IND_DHA,1.97,2.62,1.0,True,synthetic_scenario_generator,26006
2025-12-28,IND_DHA,1.56,2.21,1.0,True,synthetic_scenario_generator,26006
2025-12-29,IND_DHA,1.43,2.08,1.0,True,synthetic_scenario_generator,26006
2025-12-30,IND_DHA,1.06,1.71,1.0,True,synthetic_scenario_generator,26006
2025-12-31,IND_DHA,0.86,1.51,1.0,True,synthetic_scenario_generator,26006
2026-01-01,IND_DHA,0.63,1.28,1.0,True,synthetic_scenario_generator,26006
2026-01-02,IND_DHA,0.66,1.31,1.0,True,synthetic_scenario_generator,26006
2026-01-03,IND_DHA,0.64,1.29,1.0,True,synthetic_scenario_generator,26006
2026-01-04,IND_DHA,0.75,1.4,1.0,True,synthetic_scenario_generator,26006
2026-01-05,IND_DHA,0.92,1.57,1.0,True,synthetic_scenario_generator,26006
2026-01-06,IND_DHA,1.21,1.86,1.0,True,synthetic_scenario_generator,26006
2026-01-07,IND_DHA,1.55,2.2,1.0,True,synthetic_scenario_generator,26006
2026-01-08,IND_DHA,1.72,2.37,1.0,True,synthetic_scenario_generator,26006
2026-01-09,IND_DHA,1.97,2.62,1.0,True,synthetic_scenario_generator,26006
2026-01-10,IND_DHA,1.93,2.58,1.0,True,synthetic_scenario_generator,26006
2026-01-11,IND_DHA,1.76,2.41,1.0,True,synthetic_scenario_generator,26006
2026-01-12,IND_DHA,1.67,2.32,1.0,True,synthetic_scenario_generator,26006
2026-01-13,IND_DHA,1.32,1.97,1.0,True,synthetic_scenario_generator,26006
2026-01-14,IND_DHA,1.0,1.65,1.0,True,synthetic_scenario_generator,26006
2026-01-15,IND_DHA,0.71,1.36,1.0,True,synthetic_scenario_generator,26006
2026-01-16,IND_DHA,0.58,1.23,1.0,True,synthetic_scenario_generator,26006
2026-01-17,IND_DHA,0.39,1.04,1.0,True,synthetic_scenario_generator,26006
2026-01-18,IND_DHA,0.44,1.09,1.0,True,synthetic_scenario_generator,26006
2026-01-19,IND_DHA,0.79,1.44,1.0,True,synthetic_scenario_generator,26006
2026-01-20,IND_DHA,1.17,1.82,1.0,True,synthetic_scenario_generator,26006
2026-01-21,IND_DHA,1.5,2.15,1.0,True,synthetic_scenario_generator,26006
2026-01-22,IND_DHA,1.63,2.28,1.0,True,synthetic_scenario_generator,26006
2026-01-23,IND_DHA,1.97,2.62,1.0,True,synthetic_scenario_generator,26006
2026-01-24,IND_DHA,1.83,2.48,1.0,True,synthetic_scenario_generator,26006
2026-01-25,IND_DHA,2.1,2.75,1.0,True,synthetic_scenario_generator,26006
2026-01-26,IND_DHA,1.7,2.35,1.0,True,synthetic_scenario_generator,26006
2026-01-27,IND_DHA,1.48,2.13,1.0,True,synthetic_scenario_generator,26006
2026-01-28,IND_DHA,1.24,1.89,1.0,True,synthetic_scenario_generator,26006
2026-01-29,IND_DHA,0.82,1.47,1.0,True,synthetic_scenario_generator,26006
2026-01-30,IND_DHA,0.58,1.23,1.0,True,synthetic_scenario_generator,26006
2026-01-31,IND_DHA,0.5,1.15,1.0,True,synthetic_scenario_generator,26006
2026-02-01,IND_DHA,0.47,1.12,1.0,True,synthetic_scenario_generator,26006
2026-02-02,IND_DHA,0.52,1.17,1.0,True,synthetic_scenario_generator,26006
2026-02-03,IND_DHA,0.68,1.33,1.0,True,synthetic_scenario_generator,26006
2026-02-04,IND_DHA,0.93,1.58,1.0,True,synthetic_scenario_generator,26006
2026-02-05,IND_DHA,1.43,2.08,1.0,True,synthetic_scenario_generator,26006
2026-02-06,IND_DHA,1.68,2.33,1.0,True,synthetic_scenario_generator,26006
2026-02-07,IND_DHA,2.07,2.72,1.0,True,synthetic_scenario_generator,26006
2026-02-08,IND_DHA,2.02,2.67,1.0,True,synthetic_scenario_generator,26006
2026-02-09,IND_DHA,2.0,2.65,1.0,True,synthetic_scenario_generator,26006
2026-02-10,IND_DHA,1.85,2.5,1.0,True,synthetic_scenario_generator,26006
2026-02-11,IND_DHA,1.64,2.29,1.0,True,synthetic_scenario_generator,26006
2026-02-12,IND_DHA,1.2,1.85,1.0,True,synthetic_scenario_generator,26006
2026-02-13,IND_DHA,0.81,1.46,1.0,True,synthetic_scenario_generator,26006
2026-02-14,IND_DHA,0.74,1.39,1.0,True,synthetic_scenario_generator,26006
2026-02-15,IND_DHA,0.44,1.09,1.0,True,synthetic_scenario_generator,26006
2026-02-16,IND_DHA,0.58,1.23,1.0,True,synthetic_scenario_generator,26006
2026-02-17,IND_DHA,0.83,1.48,1.0,True,synthetic_scenario_generator,26006
2026-02-18,IND_DHA,0.93,1.58,1.0,True,synthetic_scenario_generator,26006
2026-02-19,IND_DHA,1.16,1.81,1.0,True,synthetic_scenario_generator,26006
2026-02-20,IND_DHA,1.52,2.17,1.0,True,synthetic_scenario_generator,26006
2026-02-21,IND_DHA,1.89,2.54,1.0,True,synthetic_scenario_generator,26006
2026-02-22,IND_DHA,1.83,2.48,1.0,True,synthetic_scenario_generator,26006
2026-02-23,IND_DHA,2.11,2.76,1.0,True,synthetic_scenario_generator,26006
2026-02-24,IND_DHA,1.95,2.6,1.0,True,synthetic_scenario_generator,26006
2026-02-25,IND_DHA,1.72,2.37,1.0,True,synthetic_scenario_generator,26006
2026-02-26,IND_DHA,1.23,1.88,1.0,True,synthetic_scenario_generator,26006
2026-02-27,IND_DHA,0.99,1.64,1.0,True,synthetic_scenario_generator,26006
2026-02-28,IND_DHA,0.82,1.47,1.0,True,synthetic_scenario_generator,26006
2026-03-01,IND_DHA,0.67,1.32,1.0,True,synthetic_scenario_generator,26006
2026-03-02,IND_DHA,0.43,1.08,1.0,True,synthetic_scenario_generator,26006
2026-03-03,IND_DHA,0.51,1.16,1.0,True,synthetic_scenario_generator,26006
2026-03-04,IND_DHA,0.8,1.45,1.0,True,synthetic_scenario_generator,26006
2026-03-05,IND_DHA,0.92,1.57,1.0,True,synthetic_scenario_generator,26006
2026-03-06,IND_DHA,1.39,2.04,1.0,True,synthetic_scenario_generator,26006
2026-03-07,IND_DHA,1.62,2.27,1.0,True,synthetic_scenario_generator,26006
2026-03-08,IND_DHA,1.7,2.35,1.0,True,synthetic_scenario_generator,26006
2026-03-09,IND_DHA,2.05,2.7,1.0,True,synthetic_scenario_generator,26006
2026-03-10,IND_DHA,1.85,2.5,1.0,True,synthetic_scenario_generator,26006
2026-03-11,IND_DHA,1.82,2.47,1.0,True,synthetic_scenario_generator,26006
2026-03-12,IND_DHA,1.47,2.12,1.0,True,synthetic_scenario_generator,26006
2026-03-13,IND_DHA,1.44,2.09,1.0,True,synthetic_scenario_generator,26006
2026-03-14,IND_DHA,1.16,1.81,1.0,True,synthetic_scenario_generator,26006
2026-03-15,IND_DHA,0.85,1.5,1.0,True,synthetic_scenario_generator,26006
2026-03-16,IND_DHA,0.6,1.25,1.0,True,synthetic_scenario_generator,26006
2026-03-17,IND_DHA,0.67,1.32,1.0,True,synthetic_scenario_generator,26006
2026-03-18,IND_DHA,0.45,1.1,1.0,True,synthetic_scenario_generator,26006
2026-03-19,IND_DHA,0.75,1.4,1.0,True,synthetic_scenario_generator,26006
2026-03-20,IND_DHA,1.12,1.77,1.0,True,synthetic_scenario_generator,26006
2026-03-21,IND_DHA,1.29,1.94,1.0,True,synthetic_scenario_generator,26006
2026-03-22,IND_DHA,1.56,2.21,1.0,True,synthetic_scenario_generator,26006
2026-03-23,IND_DHA,1.92,2.57,1.0,True,synthetic_scenario_generator,26006
2026-03-24,IND_DHA,2.22,2.87,1.0,True,synthetic_scenario_generator,26006
2026-03-25,IND_DHA,1.86,2.51,1.0,True,synthetic_scenario_generator,26006
2026-03-26,IND_DHA,1.65,2.3,1.0,True,synthetic_scenario_generator,26006
2026-03-27,IND_DHA,1.44,2.09,1.0,True,synthetic_scenario_generator,26006
2026-03-28,IND_DHA,1.3,1.95,1.0,True,synthetic_scenario_generator,26006
2026-03-29,IND_DHA,0.87,1.52,1.0,True,synthetic_scenario_generator,26006
2026-03-30,IND_DHA,0.73,1.38,1.0,True,synthetic_scenario_generator,26006
2026-03-31,IND_DHA,0.45,1.1,1.0,True,synthetic_scenario_generator,26006
2026-04-01,IND_DHA,0.58,1.23,1.0,True,synthetic_scenario_generator,26006
2026-04-02,IND_DHA,0.6,1.25,1.0,True,synthetic_scenario_generator,26006
2026-04-03,IND_DHA,0.81,1.46,1.0,True,synthetic_scenario_generator,26006
2026-04-04,IND_DHA,1.19,1.84,1.0,True,synthetic_scenario_generator,26006
2026-04-05,IND_DHA,1.7,2.35,1.0,True,synthetic_scenario_generator,26006
2026-04-06,IND_DHA,1.82,2.47,1.0,True,synthetic_scenario_generator,26006
2026-04-07,IND_DHA,1.92,2.57,1.0,True,synthetic_scenario_generator,26006
2026-04-08,IND_DHA,2.05,2.7,1.0,True,synthetic_scenario_generator,26006
2026-04-09,IND_DHA,1.96,2.61,1.0,True,synthetic_scenario_generator,26006
2026-04-10,IND_DHA,1.65,2.3,1.0,True,synthetic_scenario_generator,26006
2026-04-11,IND_DHA,1.43,2.08,1.0,True,synthetic_scenario_generator,26006
2026-04-12,IND_DHA,1.16,1.81,1.0,True,synthetic_scenario_generator,26006
2026-04-13,IND_DHA,0.83,1.48,1.0,True,synthetic_scenario_generator,26006
2026-04-14,IND_DHA,0.61,1.26,1.0,True,synthetic_scenario_generator,26006
2026-04-15,IND_DHA,0.59,1.24,1.0,True,synthetic_scenario_generator,26006
2026-04-16,IND_DHA,0.62,1.27,1.0,True,synthetic_scenario_generator,26006
2026-04-17,IND_DHA,0.67,1.32,1.0,True,synthetic_scenario_generator,26006
2026-04-18,IND_DHA,0.9,1.55,1.0,True,synthetic_scenario_generator,26006
2026-04-19,IND_DHA,1.2,1.85,1.0,True,synthetic_scenario_generator,26006
2026-04-20,IND_DHA,1.46,2.11,1.0,True,synthetic_scenario_generator,26006
2026-04-21,IND_DHA,1.86,2.51,1.0,True,synthetic_scenario_generator,26006
2026-04-22,IND_DHA,1.97,2.62,1.0,True,synthetic_scenario_generator,26006
2026-04-23,IND_DHA,1.98,2.63,1.0,True,synthetic_scenario_generator,26006
2026-04-24,IND_DHA,1.91,2.56,1.0,True,synthetic_scenario_generator,26006
2026-04-25,IND_DHA,1.83,2.48,1.0,True,synthetic_scenario_generator,26006
2026-04-26,IND_DHA,1.31,1.96,1.0,True,synthetic_scenario_generator,26006
2026-04-27,IND_DHA,1.04,1.69,1.0,True,synthetic_scenario_generator,26006
2026-04-28,IND_DHA,0.92,1.57,1.0,True,synthetic_scenario_generator,26006
2026-04-29,IND_DHA,0.56,1.21,1.0,True,synthetic_scenario_generator,26006
2026-04-30,IND_DHA,0.55,1.2,1.0,True,synthetic_scenario_generator,26006
2026-05-01,IND_DHA,0.69,1.34,1.0,True,synthetic_scenario_generator,26006
2026-05-02,IND_DHA,0.86,1.51,1.0,True,synthetic_scenario_generator,26006
2026-05-03,IND_DHA,1.03,1.68,1.0,True,synthetic_scenario_generator,26006
2026-05-04,IND_DHA,1.18,1.83,1.0,True,synthetic_scenario_generator,26006
2026-05-05,IND_DHA,1.7,2.35,1.0,True,synthetic_scenario_generator,26006
2026-05-06,IND_DHA,1.91,2.56,1.0,True,synthetic_scenario_generator,26006
2026-05-07,IND_DHA,2.12,2.77,1.0,True,synthetic_scenario_generator,26006
2026-05-08,IND_DHA,2.05,2.7,1.0,True,synthetic_scenario_generator,26006
2026-05-09,IND_DHA,1.78,2.43,1.0,True,synthetic_scenario_generator,26006
2026-05-10,IND_DHA,1.66,2.31,1.0,True,synthetic_scenario_generator,26006
2026-05-11,IND_DHA,1.36,2.01,1.0,True,synthetic_scenario_generator,26006
2026-05-12,IND_DHA,0.93,1.58,1.0,True,synthetic_scenario_generator,26006
2026-05-13,IND_DHA,0.59,1.24,1.0,True,synthetic_scenario_generator,26006
2026-05-14,IND_DHA,0.66,1.31,1.0,True,synthetic_scenario_generator,26006
2026-05-15,IND_DHA,0.6,1.25,1.0,True,synthetic_scenario_generator,26006
2026-05-16,IND_DHA,0.72,1.37,1.0,True,synthetic_scenario_generator,26006
2026-05-17,IND_DHA,0.78,1.43,1.0,True,synthetic_scenario_generator,26006
2026-05-18,IND_DHA,0.97,1.62,1.0,True,synthetic_scenario_generator,26006
2026-05-19,IND_DHA,1.32,1.97,1.0,True,synthetic_scenario_generator,26006
2026-05-20,IND_DHA,1.69,2.34,1.0,True,synthetic_scenario_generator,26006
2026-05-21,IND_DHA,1.91,2.56,1.0,True,synthetic_scenario_generator,26006
2026-05-22,IND_DHA,2.02,2.67,1.0,True,synthetic_scenario_generator,26006
2026-05-23,IND_DHA,1.86,2.51,1.0,True,synthetic_scenario_generator,26006
2026-05-24,IND_DHA,1.94,2.59,1.0,True,synthetic_scenario_generator,26006
2026-05-25,IND_DHA,1.42,2.07,1.0,True,synthetic_scenario_generator,26006
2026-05-26,IND_DHA,1.43,2.08,1.0,True,synthetic_scenario_generator,26006
2026-05-27,IND_DHA,0.8,1.45,1.0,True,synthetic_scenario_generator,26006
2026-05-28,IND_DHA,0.74,1.39,1.0,True,synthetic_scenario_generator,26006
2026-05-29,IND_DHA,0.6,1.25,1.0,True,synthetic_scenario_generator,26006
2026-05-30,IND_DHA,0.51,1.16,1.0,True,synthetic_scenario_generator,26006
2026-05-31,IND_DHA,0.49,1.14,1.0,True,synthetic_scenario_generator,26006
2026-06-01,IND_DHA,0.75,1.4,1.0,True,synthetic_scenario_generator,26006
2026-06-02,IND_DHA,1.08,1.73,1.0,True,synthetic_scenario_generator,26006
2026-06-03,IND_DHA,1.39,2.04,1.0,True,synthetic_scenario_generator,26006
2026-06-04,IND_DHA,1.68,2.33,1.0,True,synthetic_scenario_generator,26006
2026-06-05,IND_DHA,2.01,2.66,1.0,True,synthetic_scenario_generator,26006
2026-06-06,IND_DHA,2.32,2.97,1.0,True,synthetic_scenario_generator,26006
2026-06-07,IND_DHA,1.92,2.57,1.0,True,synthetic_scenario_generator,26006
2026-06-08,IND_DHA,1.66,2.31,1.0,True,synthetic_scenario_generator,26006
2026-06-09,IND_DHA,1.5,2.15,1.0,True,synthetic_scenario_generator,26006
2026-06-10,IND_DHA,1.16,1.81,1.0,True,synthetic_scenario_generator,26006
2026-06-11,IND_DHA,0.69,1.34,1.0,True,synthetic_scenario_generator,26006
2026-06-12,IND_DHA,0.59,1.24,1.0,True,synthetic_scenario_generator,26006
2026-06-13,IND_DHA,0.59,1.24,1.0,True,synthetic_scenario_generator,26006
2026-06-14,IND_DHA,0.37,1.02,1.0,True,synthetic_scenario_generator,26006
2026-06-15,IND_DHA,0.64,1.29,1.0,True,synthetic_scenario_generator,26006
2026-06-16,IND_DHA,0.98,1.63,1.0,True,synthetic_scenario_generator,26006
2026-06-17,IND_DHA,1.17,1.82,1.0,True,synthetic_scenario_generator,26006
2026-06-18,IND_DHA,1.61,2.26,1.0,True,synthetic_scenario_generator,26006
2026-06-19,IND_DHA,1.62,2.27,1.0,True,synthetic_scenario_generator,26006
2026-06-20,IND_DHA,1.84,2.49,1.0,True,synthetic_scenario_generator,26006
2026-06-21,IND_DHA,2.01,2.66,1.0,True,synthetic_scenario_generator,26006
2026-06-22,IND_DHA,1.94,2.59,1.0,True,synthetic_scenario_generator,26006
2026-06-23,IND_DHA,1.74,2.39,1.0,True,synthetic_scenario_generator,26006
2026-06-24,IND_DHA,1.45,2.1,1.0,True,synthetic_scenario_generator,26006
2026-06-25,IND_DHA,1.09,1.74,1.0,True,synthetic_scenario_generator,26006
2026-06-26,IND_DHA,0.79,1.44,1.0,True,synthetic_scenario_generator,26006
2026-06-27,IND_DHA,0.66,1.31,1.0,True,synthetic_scenario_generator,26006
2026-06-28,IND_DHA,0.44,1.09,1.0,True,synthetic_scenario_generator,26006
2026-06-29,IND_DHA,0.67,1.32,1.0,True,synthetic_scenario_generator,26006
2026-06-30,IND_DHA,0.75,1.4,1.0,True,synthetic_scenario_generator,26006
2026-07-01,IND_DHA,0.91,1.56,1.0,True,synthetic_scenario_generator,26006
2026-07-02,IND_DHA,1.13,1.78,1.0,True,synthetic_scenario_generator,26006
2026-07-03,IND_DHA,1.51,2.16,1.0,True,synthetic_scenario_generator,26006
2026-07-04,IND_DHA,1.89,2.54,1.0,True,synthetic_scenario_generator,26006
2026-07-05,IND_DHA,1.99,2.64,1.0,True,synthetic_scenario_generator,26006
2026-07-06,IND_DHA,2.07,2.72,1.0,True,synthetic_scenario_generator,26006
2026-07-07,IND_DHA,1.87,2.52,1.0,True,synthetic_scenario_generator,26006
2026-07-08,IND_DHA,1.74,2.39,1.0,True,synthetic_scenario_generator,26006
2026-07-09,IND_DHA,1.32,1.97,1.0,True,synthetic_scenario_generator,26006
2026-07-10,IND_DHA,0.92,1.57,1.0,True,synthetic_scenario_generator,26006
2026-07-11,IND_DHA,0.79,1.44,1.0,True,synthetic_scenario_generator,26006
2026-07-12,IND_DHA,0.61,1.26,1.0,True,synthetic_scenario_generator,26006
2026-07-13,IND_DHA,0.43,1.08,1.0,True,synthetic_scenario_generator,26006
2026-07-14,IND_DHA,0.53,1.18,1.0,True,synthetic_scenario_generator,26006
2026-07-15,IND_DHA,0.63,1.28,1.0,True,synthetic_scenario_generator,26006
2026-07-16,IND_DHA,0.85,1.5,1.0,True,synthetic_scenario_generator,26006
2026-07-17,IND_DHA,1.3,1.95,1.0,True,synthetic_scenario_generator,26006
2026-07-18,IND_DHA,1.58,2.23,1.0,True,synthetic_scenario_generator,26006
2026-07-19,IND_DHA,2.0,2.65,1.0,True,synthetic_scenario_generator,26006
2026-07-20,IND_DHA,1.84,2.49,1.0,True,synthetic_scenario_generator,26006
2026-07-21,IND_DHA,2.01,2.66,1.0,True,synthetic_scenario_generator,26006
2026-07-22,IND_DHA,1.77,2.42,1.0,True,synthetic_scenario_generator,26006
2026-07-23,IND_DHA,1.61,2.26,1.0,True,synthetic_scenario_generator,26006
2026-07-24,IND_DHA,1.33,1.98,1.0,True,synthetic_scenario_generator,26006
2026-07-25,IND_DHA,1.01,1.66,1.0,True,synthetic_scenario_generator,26006
2026-07-26,IND_DHA,0.63,1.28,1.0,True,synthetic_scenario_generator,26006
2026-07-27,IND_DHA,0.46,1.11,1.0,True,synthetic_scenario_generator,26006
2026-07-28,IND_DHA,0.35,1.0,1.0,True,synthetic_scenario_generator,26006
2026-07-29,IND_DHA,0.5,1.15,1.0,True,synthetic_scenario_generator,26006
2026-07-30,IND_DHA,0.82,1.47,1.0,True,synthetic_scenario_generator,26006
2026-07-31,IND_DHA,0.97,1.62,1.0,True,synthetic_scenario_generator,26006
2026-08-01,IND_DHA,1.55,2.2,1.0,True,synthetic_scenario_generator,26006
2026-08-02,IND_DHA,1.83,2.48,1.0,True,synthetic_scenario_generator,26006
2026-08-03,IND_DHA,1.77,2.42,1.0,True,synthetic_scenario_generator,26006
2026-08-04,IND_DHA,1.94,2.59,1.0,True,synthetic_scenario_generator,26006
2026-08-05,IND_DHA,2.02,2.67,1.0,True,synthetic_scenario_generator,26006
2026-08-06,IND_DHA,1.84,2.49,1.0,True,synthetic_scenario_generator,26006
2026-08-07,IND_DHA,1.57,2.22,1.0,True,synthetic_scenario_generator,26006
2026-08-08,IND_DHA,0.92,1.57,1.0,True,synthetic_scenario_generator,26006
2026-08-09,IND_DHA,0.76,1.41,1.0,True,synthetic_scenario_generator,26006
2026-08-10,IND_DHA,0.41,1.06,1.0,True,synthetic_scenario_generator,26006
2026-08-11,IND_DHA,0.43,1.08,1.0,True,synthetic_scenario_generator,26006
2026-08-12,IND_DHA,0.37,1.02,1.0,True,synthetic_scenario_generator,26006
2026-08-13,IND_DHA,0.59,1.24,1.0,True,synthetic_scenario_generator,26006
2026-08-14,IND_DHA,0.71,1.36,1.0,True,synthetic_scenario_generator,26006
2026-08-15,IND_DHA,1.21,1.86,1.0,True,synthetic_scenario_generator,26006
2026-08-16,IND_DHA,1.52,2.17,1.0,True,synthetic_scenario_generator,26006
2026-08-17,IND_DHA,1.68,2.33,1.0,True,synthetic_scenario_generator,26006
2026-08-18,IND_DHA,2.06,2.71,1.0,True,synthetic_scenario_generator,26006
2026-08-19,IND_DHA,2.03,2.68,1.0,True,synthetic_scenario_generator,26006
2026-08-20,IND_DHA,1.78,2.43,1.0,True,synthetic_scenario_generator,26006
2026-08-21,IND_DHA,1.78,2.43,1.0,True,synthetic_scenario_generator,26006
2026-08-22,IND_DHA,1.54,2.19,1.0,True,synthetic_scenario_generator,26006
2026-08-23,IND_DHA,1.11,1.76,1.0,True,synthetic_scenario_generator,26006
2026-08-24,IND_DHA,0.82,1.47,1.0,True,synthetic_scenario_generator,26006
2026-08-25,IND_DHA,0.55,1.2,1.0,True,synthetic_scenario_generator,26006
2026-08-26,IND_DHA,0.53,1.18,1.0,True,synthetic_scenario_generator,26006
2026-08-27,IND_DHA,0.48,1.13,1.0,True,synthetic_scenario_generator,26006
2026-08-28,IND_DHA,0.74,1.39,1.0,True,synthetic_scenario_generator,26006
2026-08-29,IND_DHA,1.06,1.71,1.0,True,synthetic_scenario_generator,26006
2026-08-30,IND_DHA,1.45,2.1,1.0,True,synthetic_scenario_generator,26006
2026-08-31,IND_DHA,1.47,2.12,1.0,True,synthetic_scenario_generator,26006
2020-01-01,IND_VIZ,0.86,1.51,1.0,True,synthetic_scenario_generator,26006
2020-01-02,IND_VIZ,0.79,1.44,1.0,True,synthetic_scenario_generator,26006
2020-01-03,IND_VIZ,0.6,1.25,1.0,True,synthetic_scenario_generator,26006
2020-01-04,IND_VIZ,0.48,1.13,1.0,True,synthetic_scenario_generator,26006
2020-01-05,IND_VIZ,0.52,1.17,1.0,True,synthetic_scenario_generator,26006
2020-01-06,IND_VIZ,0.62,1.27,1.0,True,synthetic_scenario_generator,26006
2020-01-07,IND_VIZ,0.89,1.54,1.0,True,synthetic_scenario_generator,26006
2020-01-08,IND_VIZ,1.32,1.97,1.0,True,synthetic_scenario_generator,26006
2020-01-09,IND_VIZ,1.66,2.31,1.0,True,synthetic_scenario_generator,26006
2020-01-10,IND_VIZ,1.92,2.57,1.0,True,synthetic_scenario_generator,26006
2020-01-11,IND_VIZ,1.94,2.59,1.0,True,synthetic_scenario_generator,26006
2020-01-12,IND_VIZ,1.93,2.58,1.0,True,synthetic_scenario_generator,26006
2020-01-13,IND_VIZ,1.84,2.49,1.0,True,synthetic_scenario_generator,26006
2020-01-14,IND_VIZ,1.51,2.16,1.0,True,synthetic_scenario_generator,26006
2020-01-15,IND_VIZ,1.26,1.91,1.0,True,synthetic_scenario_generator,26006
2020-01-16,IND_VIZ,0.91,1.56,1.0,True,synthetic_scenario_generator,26006
2020-01-17,IND_VIZ,0.69,1.34,1.0,True,synthetic_scenario_generator,26006
2020-01-18,IND_VIZ,0.39,1.04,1.0,True,synthetic_scenario_generator,26006
2020-01-19,IND_VIZ,0.35,1.0,1.0,True,synthetic_scenario_generator,26006
2020-01-20,IND_VIZ,0.58,1.23,1.0,True,synthetic_scenario_generator,26006
2020-01-21,IND_VIZ,0.83,1.48,1.0,True,synthetic_scenario_generator,26006
2020-01-22,IND_VIZ,1.12,1.77,1.0,True,synthetic_scenario_generator,26006
2020-01-23,IND_VIZ,1.51,2.16,1.0,True,synthetic_scenario_generator,26006
2020-01-24,IND_VIZ,1.66,2.31,1.0,True,synthetic_scenario_generator,26006
2020-01-25,IND_VIZ,2.16,2.81,1.0,True,synthetic_scenario_generator,26006
2020-01-26,IND_VIZ,1.88,2.53,1.0,True,synthetic_scenario_generator,26006
2020-01-27,IND_VIZ,2.09,2.74,1.0,True,synthetic_scenario_generator,26006
2020-01-28,IND_VIZ,1.63,2.28,1.0,True,synthetic_scenario_generator,26006
2020-01-29,IND_VIZ,1.49,2.14,1.0,True,synthetic_scenario_generator,26006
2020-01-30,IND_VIZ,1.25,1.9,1.0,True,synthetic_scenario_generator,26006
2020-01-31,IND_VIZ,1.0,1.65,1.0,True,synthetic_scenario_generator,26006
2020-02-01,IND_VIZ,0.62,1.27,1.0,True,synthetic_scenario_generator,26006
2020-02-02,IND_VIZ,0.67,1.32,1.0,True,synthetic_scenario_generator,26006
2020-02-03,IND_VIZ,0.51,1.16,1.0,True,synthetic_scenario_generator,26006
2020-02-04,IND_VIZ,0.54,1.19,1.0,True,synthetic_scenario_generator,26006
2020-02-05,IND_VIZ,0.88,1.53,1.0,True,synthetic_scenario_generator,26006
2020-02-06,IND_VIZ,1.22,1.87,1.0,True,synthetic_scenario_generator,26006
2020-02-07,IND_VIZ,1.33,1.98,1.0,True,synthetic_scenario_generator,26006
2020-02-08,IND_VIZ,1.9,2.55,1.0,True,synthetic_scenario_generator,26006
2020-02-09,IND_VIZ,1.89,2.54,1.0,True,synthetic_scenario_generator,26006
2020-02-10,IND_VIZ,2.03,2.68,1.0,True,synthetic_scenario_generator,26006
2020-02-11,IND_VIZ,1.89,2.54,1.0,True,synthetic_scenario_generator,26006
2020-02-12,IND_VIZ,1.84,2.49,1.0,True,synthetic_scenario_generator,26006
2020-02-13,IND_VIZ,1.44,2.09,1.0,True,synthetic_scenario_generator,26006
2020-02-14,IND_VIZ,1.2,1.85,1.0,True,synthetic_scenario_generator,26006
2020-02-15,IND_VIZ,0.93,1.58,1.0,True,synthetic_scenario_generator,26006
2020-02-16,IND_VIZ,0.79,1.44,1.0,True,synthetic_scenario_generator,26006
2020-02-17,IND_VIZ,0.37,1.02,1.0,True,synthetic_scenario_generator,26006
2020-02-18,IND_VIZ,0.43,1.08,1.0,True,synthetic_scenario_generator,26006
2020-02-19,IND_VIZ,0.59,1.24,1.0,True,synthetic_scenario_generator,26006
2020-02-20,IND_VIZ,0.86,1.51,1.0,True,synthetic_scenario_generator,26006
2020-02-21,IND_VIZ,1.18,1.83,1.0,True,synthetic_scenario_generator,26006
2020-02-22,IND_VIZ,1.53,2.18,1.0,True,synthetic_scenario_generator,26006
2020-02-23,IND_VIZ,1.64,2.29,1.0,True,synthetic_scenario_generator,26006
2020-02-24,IND_VIZ,1.93,2.58,1.0,True,synthetic_scenario_generator,26006
2020-02-25,IND_VIZ,1.97,2.62,1.0,True,synthetic_scenario_generator,26006
2020-02-26,IND_VIZ,1.95,2.6,1.0,True,synthetic_scenario_generator,26006
2020-02-27,IND_VIZ,1.66,2.31,1.0,True,synthetic_scenario_generator,26006
2020-02-28,IND_VIZ,1.44,2.09,1.0,True,synthetic_scenario_generator,26006
2020-02-29,IND_VIZ,1.17,1.82,1.0,True,synthetic_scenario_generator,26006
2020-03-01,IND_VIZ,0.87,1.52,1.0,True,synthetic_scenario_generator,26006
2020-03-02,IND_VIZ,0.55,1.2,1.0,True,synthetic_scenario_generator,26006
2020-03-03,IND_VIZ,0.4,1.05,1.0,True,synthetic_scenario_generator,26006
2020-03-04,IND_VIZ,0.34,0.99,1.0,True,synthetic_scenario_generator,26006
2020-03-05,IND_VIZ,0.69,1.34,1.0,True,synthetic_scenario_generator,26006
2020-03-06,IND_VIZ,0.71,1.36,1.0,True,synthetic_scenario_generator,26006
2020-03-07,IND_VIZ,1.23,1.88,1.0,True,synthetic_scenario_generator,26006
2020-03-08,IND_VIZ,1.75,2.4,1.0,True,synthetic_scenario_generator,26006
2020-03-09,IND_VIZ,1.78,2.43,1.0,True,synthetic_scenario_generator,26006
2020-03-10,IND_VIZ,2.03,2.68,1.0,True,synthetic_scenario_generator,26006
2020-03-11,IND_VIZ,2.05,2.7,1.0,True,synthetic_scenario_generator,26006
2020-03-12,IND_VIZ,1.86,2.51,1.0,True,synthetic_scenario_generator,26006
2020-03-13,IND_VIZ,1.74,2.39,1.0,True,synthetic_scenario_generator,26006
2020-03-14,IND_VIZ,1.44,2.09,1.0,True,synthetic_scenario_generator,26006
2020-03-15,IND_VIZ,0.94,1.59,1.0,True,synthetic_scenario_generator,26006
2020-03-16,IND_VIZ,0.69,1.34,1.0,True,synthetic_scenario_generator,26006
2020-03-17,IND_VIZ,0.52,1.17,1.0,True,synthetic_scenario_generator,26006
2020-03-18,IND_VIZ,0.6,1.25,1.0,True,synthetic_scenario_generator,26006
2020-03-19,IND_VIZ,0.65,1.3,1.0,True,synthetic_scenario_generator,26006
2020-03-20,IND_VIZ,0.74,1.39,1.0,True,synthetic_scenario_generator,26006
2020-03-21,IND_VIZ,1.06,1.71,1.0,True,synthetic_scenario_generator,26006
2020-03-22,IND_VIZ,1.39,2.04,1.0,True,synthetic_scenario_generator,26006
2020-03-23,IND_VIZ,1.58,2.23,1.0,True,synthetic_scenario_generator,26006
2020-03-24,IND_VIZ,1.72,2.37,1.0,True,synthetic_scenario_generator,26006
2020-03-25,IND_VIZ,1.92,2.57,1.0,True,synthetic_scenario_generator,26006
2020-03-26,IND_VIZ,1.93,2.58,1.0,True,synthetic_scenario_generator,26006
2020-03-27,IND_VIZ,1.82,2.47,1.0,True,synthetic_scenario_generator,26006
2020-03-28,IND_VIZ,1.43,2.08,1.0,True,synthetic_scenario_generator,26006
2020-03-29,IND_VIZ,1.3,1.95,1.0,True,synthetic_scenario_generator,26006
2020-03-30,IND_VIZ,0.94,1.59,1.0,True,synthetic_scenario_generator,26006
2020-03-31,IND_VIZ,0.66,1.31,1.0,True,synthetic_scenario_generator,26006
2020-04-01,IND_VIZ,0.46,1.11,1.0,True,synthetic_scenario_generator,26006
2020-04-02,IND_VIZ,0.47,1.12,1.0,True,synthetic_scenario_generator,26006
2020-04-03,IND_VIZ,0.58,1.23,1.0,True,synthetic_scenario_generator,26006
2020-04-04,IND_VIZ,0.8,1.45,1.0,True,synthetic_scenario_generator,26006
2020-04-05,IND_VIZ,1.09,1.74,1.0,True,synthetic_scenario_generator,26006
2020-04-06,IND_VIZ,1.56,2.21,1.0,True,synthetic_scenario_generator,26006
2020-04-07,IND_VIZ,1.64,2.29,1.0,True,synthetic_scenario_generator,26006
2020-04-08,IND_VIZ,1.99,2.64,1.0,True,synthetic_scenario_generator,26006
2020-04-09,IND_VIZ,2.08,2.73,1.0,True,synthetic_scenario_generator,26006
2020-04-10,IND_VIZ,1.8,2.45,1.0,True,synthetic_scenario_generator,26006
2020-04-11,IND_VIZ,1.73,2.38,1.0,True,synthetic_scenario_generator,26006
2020-04-12,IND_VIZ,1.55,2.2,1.0,True,synthetic_scenario_generator,26006
2020-04-13,IND_VIZ,1.09,1.74,1.0,True,synthetic_scenario_generator,26006
2020-04-14,IND_VIZ,0.86,1.51,1.0,True,synthetic_scenario_generator,26006
2020-04-15,IND_VIZ,0.65,1.3,1.0,True,synthetic_scenario_generator,26006
2020-04-16,IND_VIZ,0.51,1.16,1.0,True,synthetic_scenario_generator,26006
2020-04-17,IND_VIZ,0.49,1.14,1.0,True,synthetic_scenario_generator,26006
2020-04-18,IND_VIZ,0.63,1.28,1.0,True,synthetic_scenario_generator,26006
2020-04-19,IND_VIZ,0.77,1.42,1.0,True,synthetic_scenario_generator,26006
2020-04-20,IND_VIZ,1.2,1.85,1.0,True,synthetic_scenario_generator,26006
2020-04-21,IND_VIZ,1.5,2.15,1.0,True,synthetic_scenario_generator,26006
2020-04-22,IND_VIZ,1.75,2.4,1.0,True,synthetic_scenario_generator,26006
2020-04-23,IND_VIZ,2.17,2.82,1.0,True,synthetic_scenario_generator,26006
2020-04-24,IND_VIZ,1.84,2.49,1.0,True,synthetic_scenario_generator,26006
2020-04-25,IND_VIZ,1.9,2.55,1.0,True,synthetic_scenario_generator,26006
2020-04-26,IND_VIZ,1.6,2.25,1.0,True,synthetic_scenario_generator,26006
2020-04-27,IND_VIZ,1.27,1.92,1.0,True,synthetic_scenario_generator,26006
2020-04-28,IND_VIZ,1.03,1.68,1.0,True,synthetic_scenario_generator,26006
2020-04-29,IND_VIZ,0.71,1.36,1.0,True,synthetic_scenario_generator,26006
2020-04-30,IND_VIZ,0.63,1.28,1.0,True,synthetic_scenario_generator,26006
2020-05-01,IND_VIZ,0.49,1.14,1.0,True,synthetic_scenario_generator,26006
2020-05-02,IND_VIZ,0.6,1.25,1.0,True,synthetic_scenario_generator,26006
2020-05-03,IND_VIZ,0.62,1.27,1.0,True,synthetic_scenario_generator,26006
2020-05-04,IND_VIZ,0.79,1.44,1.0,True,synthetic_scenario_generator,26006
2020-05-05,IND_VIZ,1.28,1.93,1.0,True,synthetic_scenario_generator,26006
2020-05-06,IND_VIZ,1.72,2.37,1.0,True,synthetic_scenario_generator,26006
2020-05-07,IND_VIZ,1.77,2.42,1.0,True,synthetic_scenario_generator,26006
2020-05-08,IND_VIZ,1.96,2.61,1.0,True,synthetic_scenario_generator,26006
2020-05-09,IND_VIZ,1.9,2.55,1.0,True,synthetic_scenario_generator,26006
2020-05-10,IND_VIZ,1.95,2.6,1.0,True,synthetic_scenario_generator,26006
2020-05-11,IND_VIZ,1.68,2.33,1.0,True,synthetic_scenario_generator,26006
2020-05-12,IND_VIZ,1.22,1.87,1.0,True,synthetic_scenario_generator,26006
2020-05-13,IND_VIZ,1.01,1.66,1.0,True,synthetic_scenario_generator,26006
2020-05-14,IND_VIZ,0.57,1.22,1.0,True,synthetic_scenario_generator,26006
2020-05-15,IND_VIZ,0.7,1.35,1.0,True,synthetic_scenario_generator,26006
2020-05-16,IND_VIZ,0.52,1.17,1.0,True,synthetic_scenario_generator,26006
2020-05-17,IND_VIZ,0.7,1.35,1.0,True,synthetic_scenario_generator,26006
2020-05-18,IND_VIZ,0.74,1.39,1.0,True,synthetic_scenario_generator,26006
2020-05-19,IND_VIZ,0.85,1.5,1.0,True,synthetic_scenario_generator,26006
2020-05-20,IND_VIZ,1.49,2.14,1.0,True,synthetic_scenario_generator,26006
2020-05-21,IND_VIZ,1.56,2.21,1.0,True,synthetic_scenario_generator,26006
2020-05-22,IND_VIZ,1.83,2.48,1.0,True,synthetic_scenario_generator,26006
2020-05-23,IND_VIZ,1.91,2.56,1.0,True,synthetic_scenario_generator,26006
2020-05-24,IND_VIZ,1.83,2.48,1.0,True,synthetic_scenario_generator,26006
2020-05-25,IND_VIZ,1.73,2.38,1.0,True,synthetic_scenario_generator,26006
2020-05-26,IND_VIZ,1.38,2.03,1.0,True,synthetic_scenario_generator,26006
2020-05-27,IND_VIZ,1.36,2.01,1.0,True,synthetic_scenario_generator,26006
2020-05-28,IND_VIZ,0.93,1.58,1.0,True,synthetic_scenario_generator,26006
2020-05-29,IND_VIZ,0.66,1.31,1.0,True,synthetic_scenario_generator,26006
2020-05-30,IND_VIZ,0.64,1.29,1.0,True,synthetic_scenario_generator,26006
2020-05-31,IND_VIZ,0.53,1.18,1.0,True,synthetic_scenario_generator,26006
2020-06-01,IND_VIZ,0.61,1.26,1.0,True,synthetic_scenario_generator,26006
2020-06-02,IND_VIZ,0.73,1.38,1.0,True,synthetic_scenario_generator,26006
2020-06-03,IND_VIZ,1.25,1.9,1.0,True,synthetic_scenario_generator,26006
2020-06-04,IND_VIZ,1.34,1.99,1.0,True,synthetic_scenario_generator,26006
2020-06-05,IND_VIZ,1.64,2.29,1.0,True,synthetic_scenario_generator,26006
2020-06-06,IND_VIZ,1.93,2.58,1.0,True,synthetic_scenario_generator,26006
2020-06-07,IND_VIZ,2.1,2.75,1.0,True,synthetic_scenario_generator,26006
2020-06-08,IND_VIZ,1.94,2.59,1.0,True,synthetic_scenario_generator,26006
2020-06-09,IND_VIZ,1.85,2.5,1.0,True,synthetic_scenario_generator,26006
2020-06-10,IND_VIZ,1.66,2.31,1.0,True,synthetic_scenario_generator,26006
2020-06-11,IND_VIZ,1.27,1.92,1.0,True,synthetic_scenario_generator,26006
2020-06-12,IND_VIZ,0.99,1.64,1.0,True,synthetic_scenario_generator,26006
2020-06-13,IND_VIZ,0.73,1.38,1.0,True,synthetic_scenario_generator,26006
2020-06-14,IND_VIZ,0.6,1.25,1.0,True,synthetic_scenario_generator,26006
2020-06-15,IND_VIZ,0.64,1.29,1.0,True,synthetic_scenario_generator,26006
2020-06-16,IND_VIZ,0.68,1.33,1.0,True,synthetic_scenario_generator,26006
2020-06-17,IND_VIZ,0.94,1.59,1.0,True,synthetic_scenario_generator,26006
2020-06-18,IND_VIZ,1.29,1.94,1.0,True,synthetic_scenario_generator,26006
2020-06-19,IND_VIZ,1.51,2.16,1.0,True,synthetic_scenario_generator,26006
2020-06-20,IND_VIZ,1.68,2.33,1.0,True,synthetic_scenario_generator,26006
2020-06-21,IND_VIZ,2.02,2.67,1.0,True,synthetic_scenario_generator,26006
2020-06-22,IND_VIZ,1.86,2.51,1.0,True,synthetic_scenario_generator,26006
2020-06-23,IND_VIZ,1.93,2.58,1.0,True,synthetic_scenario_generator,26006
2020-06-24,IND_VIZ,1.47,2.12,1.0,True,synthetic_scenario_generator,26006
2020-06-25,IND_VIZ,1.49,2.14,1.0,True,synthetic_scenario_generator,26006
2020-06-26,IND_VIZ,1.11,1.76,1.0,True,synthetic_scenario_generator,26006
2020-06-27,IND_VIZ,0.89,1.54,1.0,True,synthetic_scenario_generator,26006
2020-06-28,IND_VIZ,0.49,1.14,1.0,True,synthetic_scenario_generator,26006
2020-06-29,IND_VIZ,0.47,1.12,1.0,True,synthetic_scenario_generator,26006
2020-06-30,IND_VIZ,0.5,1.15,1.0,True,synthetic_scenario_generator,26006
2020-07-01,IND_VIZ,0.6,1.25,1.0,True,synthetic_scenario_generator,26006
2020-07-02,IND_VIZ,0.94,1.59,1.0,True,synthetic_scenario_generator,26006
2020-07-03,IND_VIZ,1.25,1.9,1.0,True,synthetic_scenario_generator,26006
2020-07-04,IND_VIZ,1.53,2.18,1.0,True,synthetic_scenario_generator,26006
2020-07-05,IND_VIZ,1.96,2.61,1.0,True,synthetic_scenario_generator,26006
2020-07-06,IND_VIZ,1.79,2.44,1.0,True,synthetic_scenario_generator,26006
2020-07-07,IND_VIZ,2.02,2.67,1.0,True,synthetic_scenario_generator,26006
2020-07-08,IND_VIZ,1.87,2.52,1.0,True,synthetic_scenario_generator,26006
2020-07-09,IND_VIZ,1.73,2.38,1.0,True,synthetic_scenario_generator,26006
2020-07-10,IND_VIZ,1.28,1.93,1.0,True,synthetic_scenario_generator,26006
2020-07-11,IND_VIZ,0.95,1.6,1.0,True,synthetic_scenario_generator,26006
2020-07-12,IND_VIZ,0.69,1.34,1.0,True,synthetic_scenario_generator,26006
2020-07-13,IND_VIZ,0.54,1.19,1.0,True,synthetic_scenario_generator,26006
2020-07-14,IND_VIZ,0.38,1.03,1.0,True,synthetic_scenario_generator,26006
2020-07-15,IND_VIZ,0.58,1.23,1.0,True,synthetic_scenario_generator,26006
2020-07-16,IND_VIZ,0.77,1.42,1.0,True,synthetic_scenario_generator,26006
2020-07-17,IND_VIZ,1.14,1.79,1.0,True,synthetic_scenario_generator,26006
2020-07-18,IND_VIZ,1.35,2.0,1.0,True,synthetic_scenario_generator,26006
2020-07-19,IND_VIZ,1.59,2.24,1.0,True,synthetic_scenario_generator,26006
2020-07-20,IND_VIZ,1.84,2.49,1.0,True,synthetic_scenario_generator,26006
2020-07-21,IND_VIZ,1.9,2.55,1.0,True,synthetic_scenario_generator,26006
2020-07-22,IND_VIZ,1.99,2.64,1.0,True,synthetic_scenario_generator,26006
2020-07-23,IND_VIZ,1.89,2.54,1.0,True,synthetic_scenario_generator,26006
2020-07-24,IND_VIZ,1.7,2.35,1.0,True,synthetic_scenario_generator,26006
2020-07-25,IND_VIZ,1.3,1.95,1.0,True,synthetic_scenario_generator,26006
2020-07-26,IND_VIZ,0.96,1.61,1.0,True,synthetic_scenario_generator,26006
2020-07-27,IND_VIZ,0.69,1.34,1.0,True,synthetic_scenario_generator,26006
2020-07-28,IND_VIZ,0.53,1.18,1.0,True,synthetic_scenario_generator,26006
2020-07-29,IND_VIZ,0.46,1.11,1.0,True,synthetic_scenario_generator,26006
2020-07-30,IND_VIZ,0.48,1.13,1.0,True,synthetic_scenario_generator,26006
2020-07-31,IND_VIZ,0.82,1.47,1.0,True,synthetic_scenario_generator,26006
2020-08-01,IND_VIZ,1.1,1.75,1.0,True,synthetic_scenario_generator,26006
2020-08-02,IND_VIZ,1.4,2.05,1.0,True,synthetic_scenario_generator,26006
2020-08-03,IND_VIZ,1.72,2.37,1.0,True,synthetic_scenario_generator,26006
2020-08-04,IND_VIZ,1.91,2.56,1.0,True,synthetic_scenario_generator,26006
2020-08-05,IND_VIZ,2.06,2.71,1.0,True,synthetic_scenario_generator,26006
2020-08-06,IND_VIZ,2.08,2.73,1.0,True,synthetic_scenario_generator,26006
2020-08-07,IND_VIZ,1.67,2.32,1.0,True,synthetic_scenario_generator,26006
2020-08-08,IND_VIZ,1.47,2.12,1.0,True,synthetic_scenario_generator,26006
2020-08-09,IND_VIZ,1.23,1.88,1.0,True,synthetic_scenario_generator,26006
2020-08-10,IND_VIZ,1.04,1.69,1.0,True,synthetic_scenario_generator,26006
2020-08-11,IND_VIZ,0.56,1.21,1.0,True,synthetic_scenario_generator,26006
2020-08-12,IND_VIZ,0.57,1.22,1.0,True,synthetic_scenario_generator,26006
2020-08-13,IND_VIZ,0.59,1.24,1.0,True,synthetic_scenario_generator,26006
2020-08-14,IND_VIZ,0.48,1.13,1.0,True,synthetic_scenario_generator,26006
2020-08-15,IND_VIZ,0.94,1.59,1.0,True,synthetic_scenario_generator,26006
2020-08-16,IND_VIZ,1.16,1.81,1.0,True,synthetic_scenario_generator,26006
2020-08-17,IND_VIZ,1.45,2.1,1.0,True,synthetic_scenario_generator,26006
2020-08-18,IND_VIZ,1.8,2.45,1.0,True,synthetic_scenario_generator,26006
2020-08-19,IND_VIZ,1.9,2.55,1.0,True,synthetic_scenario_generator,26006
2020-08-20,IND_VIZ,1.85,2.5,1.0,True,synthetic_scenario_generator,26006
2020-08-21,IND_VIZ,2.01,2.66,1.0,True,synthetic_scenario_generator,26006
2020-08-22,IND_VIZ,1.68,2.33,1.0,True,synthetic_scenario_generator,26006
2020-08-23,IND_VIZ,1.49,2.14,1.0,True,synthetic_scenario_generator,26006
2020-08-24,IND_VIZ,1.33,1.98,1.0,True,synthetic_scenario_generator,26006
2020-08-25,IND_VIZ,0.81,1.46,1.0,True,synthetic_scenario_generator,26006
2020-08-26,IND_VIZ,0.56,1.21,1.0,True,synthetic_scenario_generator,26006
2020-08-27,IND_VIZ,0.67,1.32,1.0,True,synthetic_scenario_generator,26006
2020-08-28,IND_VIZ,0.66,1.31,1.0,True,synthetic_scenario_generator,26006
2020-08-29,IND_VIZ,0.6,1.25,1.0,True,synthetic_scenario_generator,26006
2020-08-30,IND_VIZ,1.03,1.68,1.0,True,synthetic_scenario_generator,26006
2020-08-31,IND_VIZ,1.32,1.97,1.0,True,synthetic_scenario_generator,26006
2020-09-01,IND_VIZ,1.45,2.1,1.0,True,synthetic_scenario_generator,26006
2020-09-02,IND_VIZ,1.75,2.4,1.0,True,synthetic_scenario_generator,26006
2020-09-03,IND_VIZ,2.09,2.74,1.0,True,synthetic_scenario_generator,26006
2020-09-04,IND_VIZ,2.09,2.74,1.0,True,synthetic_scenario_generator,26006
2020-09-05,IND_VIZ,2.01,2.66,1.0,True,synthetic_scenario_generator,26006
2020-09-06,IND_VIZ,1.78,2.43,1.0,True,synthetic_scenario_generator,26006
2020-09-07,IND_VIZ,1.28,1.93,1.0,True,synthetic_scenario_generator,26006
2020-09-08,IND_VIZ,1.08,1.73,1.0,True,synthetic_scenario_generator,26006
2020-09-09,IND_VIZ,0.85,1.5,1.0,True,synthetic_scenario_generator,26006
2020-09-10,IND_VIZ,0.57,1.22,1.0,True,synthetic_scenario_generator,26006
2020-09-11,IND_VIZ,0.47,1.12,1.0,True,synthetic_scenario_generator,26006
2020-09-12,IND_VIZ,0.51,1.16,1.0,True,synthetic_scenario_generator,26006
2020-09-13,IND_VIZ,0.81,1.46,1.0,True,synthetic_scenario_generator,26006
2020-09-14,IND_VIZ,1.05,1.7,1.0,True,synthetic_scenario_generator,26006
2020-09-15,IND_VIZ,1.45,2.1,1.0,True,synthetic_scenario_generator,26006
2020-09-16,IND_VIZ,1.72,2.37,1.0,True,synthetic_scenario_generator,26006
2020-09-17,IND_VIZ,1.86,2.51,1.0,True,synthetic_scenario_generator,26006
2020-09-18,IND_VIZ,1.99,2.64,1.0,True,synthetic_scenario_generator,26006
2020-09-19,IND_VIZ,2.02,2.67,1.0,True,synthetic_scenario_generator,26006
2020-09-20,IND_VIZ,1.86,2.51,1.0,True,synthetic_scenario_generator,26006
2020-09-21,IND_VIZ,1.55,2.2,1.0,True,synthetic_scenario_generator,26006
2020-09-22,IND_VIZ,1.33,1.98,1.0,True,synthetic_scenario_generator,26006
2020-09-23,IND_VIZ,1.03,1.68,1.0,True,synthetic_scenario_generator,26006
2020-09-24,IND_VIZ,0.79,1.44,1.0,True,synthetic_scenario_generator,26006
2020-09-25,IND_VIZ,0.46,1.11,1.0,True,synthetic_scenario_generator,26006
2020-09-26,IND_VIZ,0.47,1.12,1.0,True,synthetic_scenario_generator,26006
2020-09-27,IND_VIZ,0.63,1.28,1.0,True,synthetic_scenario_generator,26006
2020-09-28,IND_VIZ,0.76,1.41,1.0,True,synthetic_scenario_generator,26006
2020-09-29,IND_VIZ,1.12,1.77,1.0,True,synthetic_scenario_generator,26006
2020-09-30,IND_VIZ,1.28,1.93,1.0,True,synthetic_scenario_generator,26006
2020-10-01,IND_VIZ,1.52,2.17,1.0,True,synthetic_scenario_generator,26006
2020-10-02,IND_VIZ,1.91,2.56,1.0,True,synthetic_scenario_generator,26006
2020-10-03,IND_VIZ,1.9,2.55,1.0,True,synthetic_scenario_generator,26006
2020-10-04,IND_VIZ,1.94,2.59,1.0,True,synthetic_scenario_generator,26006
2020-10-05,IND_VIZ,1.8,2.45,1.0,True,synthetic_scenario_generator,26006
2020-10-06,IND_VIZ,1.43,2.08,1.0,True,synthetic_scenario_generator,26006
2020-10-07,IND_VIZ,1.19,1.84,1.0,True,synthetic_scenario_generator,26006
2020-10-08,IND_VIZ,0.86,1.51,1.0,True,synthetic_scenario_generator,26006
2020-10-09,IND_VIZ,0.8,1.45,1.0,True,synthetic_scenario_generator,26006
2020-10-10,IND_VIZ,0.57,1.22,1.0,True,synthetic_scenario_generator,26006
2020-10-11,IND_VIZ,0.68,1.33,1.0,True,synthetic_scenario_generator,26006
2020-10-12,IND_VIZ,0.66,1.31,1.0,True,synthetic_scenario_generator,26006
2020-10-13,IND_VIZ,0.83,1.48,1.0,True,synthetic_scenario_generator,26006
2020-10-14,IND_VIZ,1.07,1.72,1.0,True,synthetic_scenario_generator,26006
2020-10-15,IND_VIZ,1.53,2.18,1.0,True,synthetic_scenario_generator,26006
2020-10-16,IND_VIZ,1.85,2.5,1.0,True,synthetic_scenario_generator,26006
2020-10-17,IND_VIZ,1.98,2.63,1.0,True,synthetic_scenario_generator,26006
2020-10-18,IND_VIZ,2.08,2.73,1.0,True,synthetic_scenario_generator,26006
2020-10-19,IND_VIZ,1.91,2.56,1.0,True,synthetic_scenario_generator,26006
2020-10-20,IND_VIZ,1.84,2.49,1.0,True,synthetic_scenario_generator,26006
2020-10-21,IND_VIZ,1.73,2.38,1.0,True,synthetic_scenario_generator,26006
2020-10-22,IND_VIZ,1.18,1.83,1.0,True,synthetic_scenario_generator,26006
2020-10-23,IND_VIZ,0.87,1.52,1.0,True,synthetic_scenario_generator,26006
2020-10-24,IND_VIZ,0.59,1.24,1.0,True,synthetic_scenario_generator,26006
2020-10-25,IND_VIZ,0.47,1.12,1.0,True,synthetic_scenario_generator,26006
2020-10-26,IND_VIZ,0.51,1.16,1.0,True,synthetic_scenario_generator,26006
2020-10-27,IND_VIZ,0.63,1.28,1.0,True,synthetic_scenario_generator,26006
2020-10-28,IND_VIZ,0.77,1.42,1.0,True,synthetic_scenario_generator,26006
2020-10-29,IND_VIZ,1.21,1.86,1.0,True,synthetic_scenario_generator,26006
2020-10-30,IND_VIZ,1.52,2.17,1.0,True,synthetic_scenario_generator,26006
2020-10-31,IND_VIZ,1.78,2.43,1.0,True,synthetic_scenario_generator,26006
2020-11-01,IND_VIZ,1.95,2.6,1.0,True,synthetic_scenario_generator,26006
2020-11-02,IND_VIZ,1.9,2.55,1.0,True,synthetic_scenario_generator,26006
2020-11-03,IND_VIZ,1.92,2.57,1.0,True,synthetic_scenario_generator,26006
2020-11-04,IND_VIZ,1.64,2.29,1.0,True,synthetic_scenario_generator,26006
2020-11-05,IND_VIZ,1.52,2.17,1.0,True,synthetic_scenario_generator,26006
2020-11-06,IND_VIZ,1.25,1.9,1.0,True,synthetic_scenario_generator,26006
2020-11-07,IND_VIZ,0.84,1.49,1.0,True,synthetic_scenario_generator,26006
2020-11-08,IND_VIZ,0.65,1.3,1.0,True,synthetic_scenario_generator,26006
2020-11-09,IND_VIZ,0.46,1.11,1.0,True,synthetic_scenario_generator,26006
2020-11-10,IND_VIZ,0.6,1.25,1.0,True,synthetic_scenario_generator,26006
2020-11-11,IND_VIZ,0.82,1.47,1.0,True,synthetic_scenario_generator,26006
2020-11-12,IND_VIZ,0.96,1.61,1.0,True,synthetic_scenario_generator,26006
2020-11-13,IND_VIZ,1.26,1.91,1.0,True,synthetic_scenario_generator,26006
2020-11-14,IND_VIZ,1.48,2.13,1.0,True,synthetic_scenario_generator,26006
2020-11-15,IND_VIZ,1.84,2.49,1.0,True,synthetic_scenario_generator,26006
2020-11-16,IND_VIZ,1.82,2.47,1.0,True,synthetic_scenario_generator,26006
2020-11-17,IND_VIZ,2.15,2.8,1.0,True,synthetic_scenario_generator,26006
2020-11-18,IND_VIZ,1.87,2.52,1.0,True,synthetic_scenario_generator,26006
2020-11-19,IND_VIZ,1.38,2.03,1.0,True,synthetic_scenario_generator,26006
2020-11-20,IND_VIZ,1.53,2.18,1.0,True,synthetic_scenario_generator,26006
2020-11-21,IND_VIZ,1.14,1.79,1.0,True,synthetic_scenario_generator,26006
2020-11-22,IND_VIZ,0.77,1.42,1.0,True,synthetic_scenario_generator,26006
2020-11-23,IND_VIZ,0.61,1.26,1.0,True,synthetic_scenario_generator,26006
2020-11-24,IND_VIZ,0.51,1.16,1.0,True,synthetic_scenario_generator,26006
2020-11-25,IND_VIZ,0.56,1.21,1.0,True,synthetic_scenario_generator,26006
2020-11-26,IND_VIZ,0.99,1.64,1.0,True,synthetic_scenario_generator,26006
2020-11-27,IND_VIZ,1.19,1.84,1.0,True,synthetic_scenario_generator,26006
2020-11-28,IND_VIZ,1.32,1.97,1.0,True,synthetic_scenario_generator,26006
2020-11-29,IND_VIZ,1.86,2.51,1.0,True,synthetic_scenario_generator,26006
2020-11-30,IND_VIZ,1.82,2.47,1.0,True,synthetic_scenario_generator,26006
2020-12-01,IND_VIZ,1.94,2.59,1.0,True,synthetic_scenario_generator,26006
2020-12-02,IND_VIZ,1.92,2.57,1.0,True,synthetic_scenario_generator,26006
2020-12-03,IND_VIZ,1.77,2.42,1.0,True,synthetic_scenario_generator,26006
2020-12-04,IND_VIZ,1.55,2.2,1.0,True,synthetic_scenario_generator,26006
2020-12-05,IND_VIZ,1.21,1.86,1.0,True,synthetic_scenario_generator,26006
2020-12-06,IND_VIZ,0.93,1.58,1.0,True,synthetic_scenario_generator,26006
2020-12-07,IND_VIZ,0.69,1.34,1.0,True,synthetic_scenario_generator,26006
2020-12-08,IND_VIZ,0.55,1.2,1.0,True,synthetic_scenario_generator,26006
2020-12-09,IND_VIZ,0.41,1.06,1.0,True,synthetic_scenario_generator,26006
2020-12-10,IND_VIZ,0.71,1.36,1.0,True,synthetic_scenario_generator,26006
2020-12-11,IND_VIZ,0.75,1.4,1.0,True,synthetic_scenario_generator,26006
2020-12-12,IND_VIZ,0.93,1.58,1.0,True,synthetic_scenario_generator,26006
2020-12-13,IND_VIZ,1.25,1.9,1.0,True,synthetic_scenario_generator,26006
2020-12-14,IND_VIZ,1.63,2.28,1.0,True,synthetic_scenario_generator,26006
2020-12-15,IND_VIZ,1.97,2.62,1.0,True,synthetic_scenario_generator,26006
2020-12-16,IND_VIZ,2.02,2.67,1.0,True,synthetic_scenario_generator,26006
2020-12-17,IND_VIZ,1.93,2.58,1.0,True,synthetic_scenario_generator,26006
2020-12-18,IND_VIZ,1.73,2.38,1.0,True,synthetic_scenario_generator,26006
2020-12-19,IND_VIZ,1.56,2.21,1.0,True,synthetic_scenario_generator,26006
2020-12-20,IND_VIZ,1.33,1.98,1.0,True,synthetic_scenario_generator,26006
2020-12-21,IND_VIZ,0.85,1.5,1.0,True,synthetic_scenario_generator,26006
2020-12-22,IND_VIZ,0.59,1.24,1.0,True,synthetic_scenario_generator,26006
2020-12-23,IND_VIZ,0.45,1.1,1.0,True,synthetic_scenario_generator,26006
2020-12-24,IND_VIZ,0.53,1.18,1.0,True,synthetic_scenario_generator,26006
2020-12-25,IND_VIZ,0.7,1.35,1.0,True,synthetic_scenario_generator,26006
2020-12-26,IND_VIZ,0.79,1.44,1.0,True,synthetic_scenario_generator,26006
2020-12-27,IND_VIZ,1.04,1.69,1.0,True,synthetic_scenario_generator,26006
2020-12-28,IND_VIZ,1.66,2.31,1.0,True,synthetic_scenario_generator,26006
2020-12-29,IND_VIZ,1.63,2.28,1.0,True,synthetic_scenario_generator,26006
2020-12-30,IND_VIZ,1.84,2.49,1.0,True,synthetic_scenario_generator,26006
2020-12-31,IND_VIZ,1.9,2.55,1.0,True,synthetic_scenario_generator,26006
2021-01-01,IND_VIZ,1.94,2.59,1.0,True,synthetic_scenario_generator,26006
2021-01-02,IND_VIZ,1.47,2.12,1.0,True,synthetic_scenario_generator,26006
2021-01-03,IND_VIZ,1.32,1.97,1.0,True,synthetic_scenario_generator,26006
2021-01-04,IND_VIZ,1.16,1.81,1.0,True,synthetic_scenario_generator,26006
2021-01-05,IND_VIZ,0.89,1.54,1.0,True,synthetic_scenario_generator,26006
2021-01-06,IND_VIZ,0.58,1.23,1.0,True,synthetic_scenario_generator,26006
2021-01-07,IND_VIZ,0.55,1.2,1.0,True,synthetic_scenario_generator,26006
2021-01-08,IND_VIZ,0.46,1.11,1.0,True,synthetic_scenario_generator,26006
2021-01-09,IND_VIZ,0.55,1.2,1.0,True,synthetic_scenario_generator,26006
2021-01-10,IND_VIZ,0.84,1.49,1.0,True,synthetic_scenario_generator,26006
2021-01-11,IND_VIZ,1.1,1.75,1.0,True,synthetic_scenario_generator,26006
2021-01-12,IND_VIZ,1.63,2.28,1.0,True,synthetic_scenario_generator,26006
2021-01-13,IND_VIZ,1.83,2.48,1.0,True,synthetic_scenario_generator,26006
2021-01-14,IND_VIZ,1.8,2.45,1.0,True,synthetic_scenario_generator,26006
2021-01-15,IND_VIZ,2.08,2.73,1.0,True,synthetic_scenario_generator,26006
2021-01-16,IND_VIZ,1.78,2.43,1.0,True,synthetic_scenario_generator,26006
2021-01-17,IND_VIZ,1.67,2.32,1.0,True,synthetic_scenario_generator,26006
2021-01-18,IND_VIZ,1.25,1.9,1.0,True,synthetic_scenario_generator,26006
2021-01-19,IND_VIZ,1.17,1.82,1.0,True,synthetic_scenario_generator,26006
2021-01-20,IND_VIZ,0.92,1.57,1.0,True,synthetic_scenario_generator,26006
2021-01-21,IND_VIZ,0.61,1.26,1.0,True,synthetic_scenario_generator,26006
2021-01-22,IND_VIZ,0.46,1.11,1.0,True,synthetic_scenario_generator,26006
2021-01-23,IND_VIZ,0.58,1.23,1.0,True,synthetic_scenario_generator,26006
2021-01-24,IND_VIZ,0.78,1.43,1.0,True,synthetic_scenario_generator,26006
2021-01-25,IND_VIZ,1.03,1.68,1.0,True,synthetic_scenario_generator,26006
2021-01-26,IND_VIZ,1.28,1.93,1.0,True,synthetic_scenario_generator,26006
2021-01-27,IND_VIZ,1.65,2.3,1.0,True,synthetic_scenario_generator,26006
2021-01-28,IND_VIZ,2.01,2.66,1.0,True,synthetic_scenario_generator,26006
2021-01-29,IND_VIZ,1.81,2.46,1.0,True,synthetic_scenario_generator,26006
2021-01-30,IND_VIZ,1.89,2.54,1.0,True,synthetic_scenario_generator,26006
2021-01-31,IND_VIZ,1.99,2.64,1.0,True,synthetic_scenario_generator,26006
2021-02-01,IND_VIZ,1.54,2.19,1.0,True,synthetic_scenario_generator,26006
2021-02-02,IND_VIZ,1.37,2.02,1.0,True,synthetic_scenario_generator,26006
2021-02-03,IND_VIZ,1.02,1.67,1.0,True,synthetic_scenario_generator,26006
2021-02-04,IND_VIZ,0.79,1.44,1.0,True,synthetic_scenario_generator,26006
2021-02-05,IND_VIZ,0.6,1.25,1.0,True,synthetic_scenario_generator,26006
2021-02-06,IND_VIZ,0.54,1.19,1.0,True,synthetic_scenario_generator,26006
2021-02-07,IND_VIZ,0.53,1.18,1.0,True,synthetic_scenario_generator,26006
2021-02-08,IND_VIZ,0.76,1.41,1.0,True,synthetic_scenario_generator,26006
2021-02-09,IND_VIZ,1.08,1.73,1.0,True,synthetic_scenario_generator,26006
2021-02-10,IND_VIZ,1.38,2.03,1.0,True,synthetic_scenario_generator,26006
2021-02-11,IND_VIZ,1.6,2.25,1.0,True,synthetic_scenario_generator,26006
2021-02-12,IND_VIZ,1.89,2.54,1.0,True,synthetic_scenario_generator,26006
2021-02-13,IND_VIZ,1.96,2.61,1.0,True,synthetic_scenario_generator,26006
2021-02-14,IND_VIZ,1.94,2.59,1.0,True,synthetic_scenario_generator,26006
2021-02-15,IND_VIZ,1.71,2.36,1.0,True,synthetic_scenario_generator,26006
2021-02-16,IND_VIZ,1.47,2.12,1.0,True,synthetic_scenario_generator,26006
2021-02-17,IND_VIZ,1.11,1.76,1.0,True,synthetic_scenario_generator,26006
2021-02-18,IND_VIZ,0.93,1.58,1.0,True,synthetic_scenario_generator,26006
2021-02-19,IND_VIZ,0.92,1.57,1.0,True,synthetic_scenario_generator,26006
2021-02-20,IND_VIZ,0.56,1.21,1.0,True,synthetic_scenario_generator,26006
2021-02-21,IND_VIZ,0.58,1.23,1.0,True,synthetic_scenario_generator,26006
2021-02-22,IND_VIZ,0.62,1.27,1.0,True,synthetic_scenario_generator,26006
2021-02-23,IND_VIZ,0.92,1.57,1.0,True,synthetic_scenario_generator,26006
2021-02-24,IND_VIZ,1.07,1.72,1.0,True,synthetic_scenario_generator,26006
2021-02-25,IND_VIZ,1.34,1.99,1.0,True,synthetic_scenario_generator,26006
2021-02-26,IND_VIZ,1.76,2.41,1.0,True,synthetic_scenario_generator,26006
2021-02-27,IND_VIZ,1.84,2.49,1.0,True,synthetic_scenario_generator,26006
2021-02-28,IND_VIZ,1.79,2.44,1.0,True,synthetic_scenario_generator,26006
2021-03-01,IND_VIZ,1.95,2.6,1.0,True,synthetic_scenario_generator,26006
2021-03-02,IND_VIZ,1.75,2.4,1.0,True,synthetic_scenario_generator,26006
2021-03-03,IND_VIZ,1.39,2.04,1.0,True,synthetic_scenario_generator,26006
2021-03-04,IND_VIZ,1.24,1.89,1.0,True,synthetic_scenario_generator,26006
2021-03-05,IND_VIZ,0.89,1.54,1.0,True,synthetic_scenario_generator,26006
2021-03-06,IND_VIZ,0.7,1.35,1.0,True,synthetic_scenario_generator,26006
2021-03-07,IND_VIZ,0.62,1.27,1.0,True,synthetic_scenario_generator,26006
2021-03-08,IND_VIZ,0.53,1.18,1.0,True,synthetic_scenario_generator,26006
2021-03-09,IND_VIZ,0.73,1.38,1.0,True,synthetic_scenario_generator,26006
2021-03-10,IND_VIZ,0.78,1.43,1.0,True,synthetic_scenario_generator,26006
2021-03-11,IND_VIZ,1.15,1.8,1.0,True,synthetic_scenario_generator,26006
2021-03-12,IND_VIZ,1.68,2.33,1.0,True,synthetic_scenario_generator,26006
2021-03-13,IND_VIZ,1.72,2.37,1.0,True,synthetic_scenario_generator,26006
2021-03-14,IND_VIZ,1.93,2.58,1.0,True,synthetic_scenario_generator,26006
2021-03-15,IND_VIZ,1.96,2.61,1.0,True,synthetic_scenario_generator,26006
2021-03-16,IND_VIZ,1.91,2.56,1.0,True,synthetic_scenario_generator,26006
2021-03-17,IND_VIZ,1.74,2.39,1.0,True,synthetic_scenario_generator,26006
2021-03-18,IND_VIZ,1.47,2.12,1.0,True,synthetic_scenario_generator,26006
2021-03-19,IND_VIZ,1.02,1.67,1.0,True,synthetic_scenario_generator,26006
2021-03-20,IND_VIZ,0.85,1.5,1.0,True,synthetic_scenario_generator,26006
2021-03-21,IND_VIZ,0.52,1.17,1.0,True,synthetic_scenario_generator,26006
2021-03-22,IND_VIZ,0.53,1.18,1.0,True,synthetic_scenario_generator,26006
2021-03-23,IND_VIZ,0.52,1.17,1.0,True,synthetic_scenario_generator,26006
2021-03-24,IND_VIZ,0.65,1.3,1.0,True,synthetic_scenario_generator,26006
2021-03-25,IND_VIZ,0.95,1.6,1.0,True,synthetic_scenario_generator,26006
2021-03-26,IND_VIZ,1.23,1.88,1.0,True,synthetic_scenario_generator,26006
2021-03-27,IND_VIZ,1.74,2.39,1.0,True,synthetic_scenario_generator,26006
2021-03-28,IND_VIZ,1.83,2.48,1.0,True,synthetic_scenario_generator,26006
2021-03-29,IND_VIZ,2.01,2.66,1.0,True,synthetic_scenario_generator,26006
2021-03-30,IND_VIZ,2.04,2.69,1.0,True,synthetic_scenario_generator,26006
2021-03-31,IND_VIZ,1.82,2.47,1.0,True,synthetic_scenario_generator,26006
2021-04-01,IND_VIZ,1.59,2.24,1.0,True,synthetic_scenario_generator,26006
2021-04-02,IND_VIZ,1.47,2.12,1.0,True,synthetic_scenario_generator,26006
2021-04-03,IND_VIZ,0.88,1.53,1.0,True,synthetic_scenario_generator,26006
2021-04-04,IND_VIZ,0.78,1.43,1.0,True,synthetic_scenario_generator,26006
2021-04-05,IND_VIZ,0.69,1.34,1.0,True,synthetic_scenario_generator,26006
2021-04-06,IND_VIZ,0.62,1.27,1.0,True,synthetic_scenario_generator,26006
2021-04-07,IND_VIZ,0.66,1.31,1.0,True,synthetic_scenario_generator,26006
2021-04-08,IND_VIZ,0.82,1.47,1.0,True,synthetic_scenario_generator,26006
2021-04-09,IND_VIZ,0.94,1.59,1.0,True,synthetic_scenario_generator,26006
2021-04-10,IND_VIZ,1.33,1.98,1.0,True,synthetic_scenario_generator,26006
2021-04-11,IND_VIZ,1.74,2.39,1.0,True,synthetic_scenario_generator,26006
2021-04-12,IND_VIZ,1.98,2.63,1.0,True,synthetic_scenario_generator,26006
2021-04-13,IND_VIZ,2.02,2.67,1.0,True,synthetic_scenario_generator,26006
2021-04-14,IND_VIZ,1.89,2.54,1.0,True,synthetic_scenario_generator,26006
2021-04-15,IND_VIZ,1.86,2.51,1.0,True,synthetic_scenario_generator,26006
2021-04-16,IND_VIZ,1.43,2.08,1.0,True,synthetic_scenario_generator,26006
2021-04-17,IND_VIZ,1.28,1.93,1.0,True,synthetic_scenario_generator,26006
2021-04-18,IND_VIZ,0.94,1.59,1.0,True,synthetic_scenario_generator,26006
2021-04-19,IND_VIZ,0.7,1.35,1.0,True,synthetic_scenario_generator,26006
2021-04-20,IND_VIZ,0.51,1.16,1.0,True,synthetic_scenario_generator,26006
2021-04-21,IND_VIZ,0.52,1.17,1.0,True,synthetic_scenario_generator,26006
2021-04-22,IND_VIZ,0.86,1.51,1.0,True,synthetic_scenario_generator,26006
2021-04-23,IND_VIZ,0.71,1.36,1.0,True,synthetic_scenario_generator,26006
2021-04-24,IND_VIZ,1.04,1.69,1.0,True,synthetic_scenario_generator,26006
2021-04-25,IND_VIZ,1.3,1.95,1.0,True,synthetic_scenario_generator,26006
2021-04-26,IND_VIZ,1.65,2.3,1.0,True,synthetic_scenario_generator,26006
2021-04-27,IND_VIZ,1.88,2.53,1.0,True,synthetic_scenario_generator,26006
2021-04-28,IND_VIZ,1.83,2.48,1.0,True,synthetic_scenario_generator,26006
2021-04-29,IND_VIZ,2.08,2.73,1.0,True,synthetic_scenario_generator,26006
2021-04-30,IND_VIZ,1.88,2.53,1.0,True,synthetic_scenario_generator,26006
2021-05-01,IND_VIZ,1.49,2.14,1.0,True,synthetic_scenario_generator,26006
2021-05-02,IND_VIZ,1.24,1.89,1.0,True,synthetic_scenario_generator,26006
2021-05-03,IND_VIZ,0.87,1.52,1.0,True,synthetic_scenario_generator,26006
2021-05-04,IND_VIZ,0.57,1.22,1.0,True,synthetic_scenario_generator,26006
2021-05-05,IND_VIZ,0.69,1.34,1.0,True,synthetic_scenario_generator,26006
2021-05-06,IND_VIZ,0.47,1.12,1.0,True,synthetic_scenario_generator,26006
2021-05-07,IND_VIZ,0.76,1.41,1.0,True,synthetic_scenario_generator,26006
2021-05-08,IND_VIZ,1.01,1.66,1.0,True,synthetic_scenario_generator,26006
2021-05-09,IND_VIZ,1.3,1.95,1.0,True,synthetic_scenario_generator,26006
2021-05-10,IND_VIZ,1.46,2.11,1.0,True,synthetic_scenario_generator,26006
2021-05-11,IND_VIZ,1.66,2.31,1.0,True,synthetic_scenario_generator,26006
2021-05-12,IND_VIZ,1.86,2.51,1.0,True,synthetic_scenario_generator,26006
2021-05-13,IND_VIZ,1.93,2.58,1.0,True,synthetic_scenario_generator,26006
2021-05-14,IND_VIZ,1.91,2.56,1.0,True,synthetic_scenario_generator,26006
2021-05-15,IND_VIZ,1.83,2.48,1.0,True,synthetic_scenario_generator,26006
2021-05-16,IND_VIZ,1.28,1.93,1.0,True,synthetic_scenario_generator,26006
2021-05-17,IND_VIZ,1.18,1.83,1.0,True,synthetic_scenario_generator,26006
2021-05-18,IND_VIZ,0.83,1.48,1.0,True,synthetic_scenario_generator,26006
2021-05-19,IND_VIZ,0.52,1.17,1.0,True,synthetic_scenario_generator,26006
2021-05-20,IND_VIZ,0.55,1.2,1.0,True,synthetic_scenario_generator,26006
2021-05-21,IND_VIZ,0.53,1.18,1.0,True,synthetic_scenario_generator,26006
2021-05-22,IND_VIZ,0.73,1.38,1.0,True,synthetic_scenario_generator,26006
2021-05-23,IND_VIZ,0.95,1.6,1.0,True,synthetic_scenario_generator,26006
2021-05-24,IND_VIZ,1.25,1.9,1.0,True,synthetic_scenario_generator,26006
2021-05-25,IND_VIZ,1.64,2.29,1.0,True,synthetic_scenario_generator,26006
2021-05-26,IND_VIZ,1.77,2.42,1.0,True,synthetic_scenario_generator,26006
2021-05-27,IND_VIZ,2.05,2.7,1.0,True,synthetic_scenario_generator,26006
2021-05-28,IND_VIZ,1.88,2.53,1.0,True,synthetic_scenario_generator,26006
2021-05-29,IND_VIZ,1.86,2.51,1.0,True,synthetic_scenario_generator,26006
2021-05-30,IND_VIZ,1.6,2.25,1.0,True,synthetic_scenario_generator,26006
2021-05-31,IND_VIZ,1.26,1.91,1.0,True,synthetic_scenario_generator,26006
2021-06-01,IND_VIZ,1.0,1.65,1.0,True,synthetic_scenario_generator,26006
2021-06-02,IND_VIZ,0.85,1.5,1.0,True,synthetic_scenario_generator,26006
2021-06-03,IND_VIZ,0.35,1.0,1.0,True,synthetic_scenario_generator,26006
2021-06-04,IND_VIZ,0.56,1.21,1.0,True,synthetic_scenario_generator,26006
2021-06-05,IND_VIZ,0.42,1.07,1.0,True,synthetic_scenario_generator,26006
2021-06-06,IND_VIZ,0.78,1.43,1.0,True,synthetic_scenario_generator,26006
2021-06-07,IND_VIZ,1.12,1.77,1.0,True,synthetic_scenario_generator,26006
2021-06-08,IND_VIZ,1.41,2.06,1.0,True,synthetic_scenario_generator,26006
2021-06-09,IND_VIZ,1.65,2.3,1.0,True,synthetic_scenario_generator,26006
2021-06-10,IND_VIZ,1.92,2.57,1.0,True,synthetic_scenario_generator,26006
2021-06-11,IND_VIZ,1.99,2.64,1.0,True,synthetic_scenario_generator,26006
2021-06-12,IND_VIZ,2.0,2.65,1.0,True,synthetic_scenario_generator,26006
2021-06-13,IND_VIZ,1.67,2.32,1.0,True,synthetic_scenario_generator,26006
2021-06-14,IND_VIZ,1.52,2.17,1.0,True,synthetic_scenario_generator,26006
2021-06-15,IND_VIZ,1.18,1.83,1.0,True,synthetic_scenario_generator,26006
2021-06-16,IND_VIZ,1.04,1.69,1.0,True,synthetic_scenario_generator,26006
2021-06-17,IND_VIZ,0.59,1.24,1.0,True,synthetic_scenario_generator,26006
2021-06-18,IND_VIZ,0.52,1.17,1.0,True,synthetic_scenario_generator,26006
2021-06-19,IND_VIZ,0.6,1.25,1.0,True,synthetic_scenario_generator,26006
2021-06-20,IND_VIZ,0.57,1.22,1.0,True,synthetic_scenario_generator,26006
2021-06-21,IND_VIZ,0.73,1.38,1.0,True,synthetic_scenario_generator,26006
2021-06-22,IND_VIZ,1.21,1.86,1.0,True,synthetic_scenario_generator,26006
2021-06-23,IND_VIZ,1.38,2.03,1.0,True,synthetic_scenario_generator,26006
2021-06-24,IND_VIZ,1.79,2.44,1.0,True,synthetic_scenario_generator,26006
2021-06-25,IND_VIZ,1.97,2.62,1.0,True,synthetic_scenario_generator,26006
2021-06-26,IND_VIZ,2.04,2.69,1.0,True,synthetic_scenario_generator,26006
2021-06-27,IND_VIZ,1.89,2.54,1.0,True,synthetic_scenario_generator,26006
2021-06-28,IND_VIZ,1.79,2.44,1.0,True,synthetic_scenario_generator,26006
2021-06-29,IND_VIZ,1.63,2.28,1.0,True,synthetic_scenario_generator,26006
2021-06-30,IND_VIZ,1.28,1.93,1.0,True,synthetic_scenario_generator,26006
2021-07-01,IND_VIZ,0.97,1.62,1.0,True,synthetic_scenario_generator,26006
2021-07-02,IND_VIZ,0.73,1.38,1.0,True,synthetic_scenario_generator,26006
2021-07-03,IND_VIZ,0.44,1.09,1.0,True,synthetic_scenario_generator,26006
2021-07-04,IND_VIZ,0.47,1.12,1.0,True,synthetic_scenario_generator,26006
2021-07-05,IND_VIZ,0.65,1.3,1.0,True,synthetic_scenario_generator,26006
2021-07-06,IND_VIZ,0.85,1.5,1.0,True,synthetic_scenario_generator,26006
2021-07-07,IND_VIZ,1.06,1.71,1.0,True,synthetic_scenario_generator,26006
2021-07-08,IND_VIZ,1.52,2.17,1.0,True,synthetic_scenario_generator,26006
2021-07-09,IND_VIZ,1.73,2.38,1.0,True,synthetic_scenario_generator,26006
2021-07-10,IND_VIZ,1.84,2.49,1.0,True,synthetic_scenario_generator,26006
2021-07-11,IND_VIZ,2.05,2.7,1.0,True,synthetic_scenario_generator,26006
2021-07-12,IND_VIZ,1.82,2.47,1.0,True,synthetic_scenario_generator,26006
2021-07-13,IND_VIZ,1.82,2.47,1.0,True,synthetic_scenario_generator,26006
2021-07-14,IND_VIZ,1.35,2.0,1.0,True,synthetic_scenario_generator,26006
2021-07-15,IND_VIZ,1.35,2.0,1.0,True,synthetic_scenario_generator,26006
2021-07-16,IND_VIZ,0.87,1.52,1.0,True,synthetic_scenario_generator,26006
2021-07-17,IND_VIZ,0.59,1.24,1.0,True,synthetic_scenario_generator,26006
2021-07-18,IND_VIZ,0.35,1.0,1.0,True,synthetic_scenario_generator,26006
2021-07-19,IND_VIZ,0.51,1.16,1.0,True,synthetic_scenario_generator,26006
2021-07-20,IND_VIZ,0.59,1.24,1.0,True,synthetic_scenario_generator,26006
2021-07-21,IND_VIZ,1.0,1.65,1.0,True,synthetic_scenario_generator,26006
2021-07-22,IND_VIZ,1.27,1.92,1.0,True,synthetic_scenario_generator,26006
2021-07-23,IND_VIZ,1.58,2.23,1.0,True,synthetic_scenario_generator,26006
2021-07-24,IND_VIZ,1.9,2.55,1.0,True,synthetic_scenario_generator,26006
2021-07-25,IND_VIZ,1.98,2.63,1.0,True,synthetic_scenario_generator,26006
2021-07-26,IND_VIZ,2.0,2.65,1.0,True,synthetic_scenario_generator,26006
2021-07-27,IND_VIZ,1.95,2.6,1.0,True,synthetic_scenario_generator,26006
2021-07-28,IND_VIZ,1.67,2.32,1.0,True,synthetic_scenario_generator,26006
2021-07-29,IND_VIZ,1.35,2.0,1.0,True,synthetic_scenario_generator,26006
2021-07-30,IND_VIZ,0.97,1.62,1.0,True,synthetic_scenario_generator,26006
2021-07-31,IND_VIZ,0.73,1.38,1.0,True,synthetic_scenario_generator,26006
2021-08-01,IND_VIZ,0.61,1.26,1.0,True,synthetic_scenario_generator,26006
2021-08-02,IND_VIZ,0.69,1.34,1.0,True,synthetic_scenario_generator,26006
2021-08-03,IND_VIZ,0.62,1.27,1.0,True,synthetic_scenario_generator,26006
2021-08-04,IND_VIZ,0.74,1.39,1.0,True,synthetic_scenario_generator,26006
2021-08-05,IND_VIZ,1.04,1.69,1.0,True,synthetic_scenario_generator,26006
2021-08-06,IND_VIZ,1.39,2.04,1.0,True,synthetic_scenario_generator,26006
2021-08-07,IND_VIZ,1.62,2.27,1.0,True,synthetic_scenario_generator,26006
2021-08-08,IND_VIZ,1.72,2.37,1.0,True,synthetic_scenario_generator,26006
2021-08-09,IND_VIZ,1.95,2.6,1.0,True,synthetic_scenario_generator,26006
2021-08-10,IND_VIZ,1.96,2.61,1.0,True,synthetic_scenario_generator,26006
2021-08-11,IND_VIZ,1.94,2.59,1.0,True,synthetic_scenario_generator,26006
2021-08-12,IND_VIZ,1.78,2.43,1.0,True,synthetic_scenario_generator,26006
2021-08-13,IND_VIZ,1.2,1.85,1.0,True,synthetic_scenario_generator,26006
2021-08-14,IND_VIZ,1.03,1.68,1.0,True,synthetic_scenario_generator,26006
2021-08-15,IND_VIZ,0.64,1.29,1.0,True,synthetic_scenario_generator,26006
2021-08-16,IND_VIZ,0.46,1.11,1.0,True,synthetic_scenario_generator,26006
2021-08-17,IND_VIZ,0.43,1.08,1.0,True,synthetic_scenario_generator,26006
2021-08-18,IND_VIZ,0.51,1.16,1.0,True,synthetic_scenario_generator,26006
2021-08-19,IND_VIZ,0.8,1.45,1.0,True,synthetic_scenario_generator,26006
2021-08-20,IND_VIZ,1.09,1.74,1.0,True,synthetic_scenario_generator,26006
2021-08-21,IND_VIZ,1.35,2.0,1.0,True,synthetic_scenario_generator,26006
2021-08-22,IND_VIZ,1.53,2.18,1.0,True,synthetic_scenario_generator,26006
2021-08-23,IND_VIZ,1.79,2.44,1.0,True,synthetic_scenario_generator,26006
2021-08-24,IND_VIZ,2.08,2.73,1.0,True,synthetic_scenario_generator,26006
2021-08-25,IND_VIZ,1.95,2.6,1.0,True,synthetic_scenario_generator,26006
2021-08-26,IND_VIZ,1.71,2.36,1.0,True,synthetic_scenario_generator,26006
2021-08-27,IND_VIZ,1.67,2.32,1.0,True,synthetic_scenario_generator,26006
2021-08-28,IND_VIZ,1.35,2.0,1.0,True,synthetic_scenario_generator,26006
2021-08-29,IND_VIZ,0.81,1.46,1.0,True,synthetic_scenario_generator,26006
2021-08-30,IND_VIZ,0.75,1.4,1.0,True,synthetic_scenario_generator,26006
2021-08-31,IND_VIZ,0.43,1.08,1.0,True,synthetic_scenario_generator,26006
2021-09-01,IND_VIZ,0.46,1.11,1.0,True,synthetic_scenario_generator,26006
2021-09-02,IND_VIZ,0.6,1.25,1.0,True,synthetic_scenario_generator,26006
2021-09-03,IND_VIZ,0.74,1.39,1.0,True,synthetic_scenario_generator,26006
2021-09-04,IND_VIZ,1.09,1.74,1.0,True,synthetic_scenario_generator,26006
2021-09-05,IND_VIZ,1.67,2.32,1.0,True,synthetic_scenario_generator,26006
2021-09-06,IND_VIZ,1.74,2.39,1.0,True,synthetic_scenario_generator,26006
2021-09-07,IND_VIZ,2.01,2.66,1.0,True,synthetic_scenario_generator,26006
2021-09-08,IND_VIZ,2.01,2.66,1.0,True,synthetic_scenario_generator,26006
2021-09-09,IND_VIZ,2.03,2.68,1.0,True,synthetic_scenario_generator,26006
2021-09-10,IND_VIZ,1.72,2.37,1.0,True,synthetic_scenario_generator,26006
2021-09-11,IND_VIZ,1.61,2.26,1.0,True,synthetic_scenario_generator,26006
2021-09-12,IND_VIZ,1.26,1.91,1.0,True,synthetic_scenario_generator,26006
2021-09-13,IND_VIZ,0.9,1.55,1.0,True,synthetic_scenario_generator,26006
2021-09-14,IND_VIZ,0.68,1.33,1.0,True,synthetic_scenario_generator,26006
2021-09-15,IND_VIZ,0.48,1.13,1.0,True,synthetic_scenario_generator,26006
2021-09-16,IND_VIZ,0.53,1.18,1.0,True,synthetic_scenario_generator,26006
2021-09-17,IND_VIZ,0.69,1.34,1.0,True,synthetic_scenario_generator,26006
2021-09-18,IND_VIZ,0.8,1.45,1.0,True,synthetic_scenario_generator,26006
2021-09-19,IND_VIZ,1.23,1.88,1.0,True,synthetic_scenario_generator,26006
2021-09-20,IND_VIZ,1.58,2.23,1.0,True,synthetic_scenario_generator,26006
2021-09-21,IND_VIZ,1.75,2.4,1.0,True,synthetic_scenario_generator,26006
2021-09-22,IND_VIZ,1.98,2.63,1.0,True,synthetic_scenario_generator,26006
2021-09-23,IND_VIZ,2.13,2.78,1.0,True,synthetic_scenario_generator,26006
2021-09-24,IND_VIZ,1.84,2.49,1.0,True,synthetic_scenario_generator,26006
2021-09-25,IND_VIZ,1.77,2.42,1.0,True,synthetic_scenario_generator,26006
2021-09-26,IND_VIZ,1.28,1.93,1.0,True,synthetic_scenario_generator,26006
2021-09-27,IND_VIZ,1.16,1.81,1.0,True,synthetic_scenario_generator,26006
2021-09-28,IND_VIZ,0.64,1.29,1.0,True,synthetic_scenario_generator,26006
2021-09-29,IND_VIZ,0.55,1.2,1.0,True,synthetic_scenario_generator,26006
2021-09-30,IND_VIZ,0.49,1.14,1.0,True,synthetic_scenario_generator,26006
2021-10-01,IND_VIZ,0.57,1.22,1.0,True,synthetic_scenario_generator,26006
2021-10-02,IND_VIZ,0.7,1.35,1.0,True,synthetic_scenario_generator,26006
2021-10-03,IND_VIZ,0.86,1.51,1.0,True,synthetic_scenario_generator,26006
2021-10-04,IND_VIZ,1.19,1.84,1.0,True,synthetic_scenario_generator,26006
2021-10-05,IND_VIZ,1.7,2.35,1.0,True,synthetic_scenario_generator,26006
2021-10-06,IND_VIZ,1.87,2.52,1.0,True,synthetic_scenario_generator,26006
2021-10-07,IND_VIZ,1.97,2.62,1.0,True,synthetic_scenario_generator,26006
2021-10-08,IND_VIZ,2.0,2.65,1.0,True,synthetic_scenario_generator,26006
2021-10-09,IND_VIZ,1.77,2.42,1.0,True,synthetic_scenario_generator,26006
2021-10-10,IND_VIZ,1.55,2.2,1.0,True,synthetic_scenario_generator,26006
2021-10-11,IND_VIZ,1.22,1.87,1.0,True,synthetic_scenario_generator,26006
2021-10-12,IND_VIZ,0.97,1.62,1.0,True,synthetic_scenario_generator,26006
2021-10-13,IND_VIZ,0.56,1.21,1.0,True,synthetic_scenario_generator,26006
2021-10-14,IND_VIZ,0.52,1.17,1.0,True,synthetic_scenario_generator,26006
2021-10-15,IND_VIZ,0.53,1.18,1.0,True,synthetic_scenario_generator,26006
2021-10-16,IND_VIZ,0.6,1.25,1.0,True,synthetic_scenario_generator,26006
2021-10-17,IND_VIZ,0.7,1.35,1.0,True,synthetic_scenario_generator,26006
2021-10-18,IND_VIZ,0.89,1.54,1.0,True,synthetic_scenario_generator,26006
2021-10-19,IND_VIZ,1.2,1.85,1.0,True,synthetic_scenario_generator,26006
2021-10-20,IND_VIZ,1.69,2.34,1.0,True,synthetic_scenario_generator,26006
2021-10-21,IND_VIZ,1.84,2.49,1.0,True,synthetic_scenario_generator,26006
2021-10-22,IND_VIZ,1.93,2.58,1.0,True,synthetic_scenario_generator,26006
2021-10-23,IND_VIZ,1.93,2.58,1.0,True,synthetic_scenario_generator,26006
2021-10-24,IND_VIZ,1.92,2.57,1.0,True,synthetic_scenario_generator,26006
2021-10-25,IND_VIZ,1.51,2.16,1.0,True,synthetic_scenario_generator,26006
2021-10-26,IND_VIZ,1.31,1.96,1.0,True,synthetic_scenario_generator,26006
2021-10-27,IND_VIZ,1.03,1.68,1.0,True,synthetic_scenario_generator,26006
2021-10-28,IND_VIZ,0.69,1.34,1.0,True,synthetic_scenario_generator,26006
2021-10-29,IND_VIZ,0.62,1.27,1.0,True,synthetic_scenario_generator,26006
2021-10-30,IND_VIZ,0.57,1.22,1.0,True,synthetic_scenario_generator,26006
2021-10-31,IND_VIZ,0.58,1.23,1.0,True,synthetic_scenario_generator,26006
2021-11-01,IND_VIZ,0.78,1.43,1.0,True,synthetic_scenario_generator,26006
2021-11-02,IND_VIZ,1.16,1.81,1.0,True,synthetic_scenario_generator,26006
2021-11-03,IND_VIZ,1.43,2.08,1.0,True,synthetic_scenario_generator,26006
2021-11-04,IND_VIZ,1.72,2.37,1.0,True,synthetic_scenario_generator,26006
2021-11-05,IND_VIZ,1.9,2.55,1.0,True,synthetic_scenario_generator,26006
2021-11-06,IND_VIZ,1.97,2.62,1.0,True,synthetic_scenario_generator,26006
2021-11-07,IND_VIZ,1.9,2.55,1.0,True,synthetic_scenario_generator,26006
2021-11-08,IND_VIZ,1.67,2.32,1.0,True,synthetic_scenario_generator,26006
2021-11-09,IND_VIZ,1.4,2.05,1.0,True,synthetic_scenario_generator,26006
2021-11-10,IND_VIZ,1.24,1.89,1.0,True,synthetic_scenario_generator,26006
2021-11-11,IND_VIZ,0.86,1.51,1.0,True,synthetic_scenario_generator,26006
2021-11-12,IND_VIZ,0.82,1.47,1.0,True,synthetic_scenario_generator,26006
2021-11-13,IND_VIZ,0.59,1.24,1.0,True,synthetic_scenario_generator,26006
2021-11-14,IND_VIZ,0.48,1.13,1.0,True,synthetic_scenario_generator,26006
2021-11-15,IND_VIZ,0.62,1.27,1.0,True,synthetic_scenario_generator,26006
2021-11-16,IND_VIZ,0.97,1.62,1.0,True,synthetic_scenario_generator,26006
2021-11-17,IND_VIZ,1.01,1.66,1.0,True,synthetic_scenario_generator,26006
2021-11-18,IND_VIZ,1.38,2.03,1.0,True,synthetic_scenario_generator,26006
2021-11-19,IND_VIZ,1.66,2.31,1.0,True,synthetic_scenario_generator,26006
2021-11-20,IND_VIZ,1.81,2.46,1.0,True,synthetic_scenario_generator,26006
2021-11-21,IND_VIZ,2.02,2.67,1.0,True,synthetic_scenario_generator,26006
2021-11-22,IND_VIZ,2.0,2.65,1.0,True,synthetic_scenario_generator,26006
2021-11-23,IND_VIZ,1.74,2.39,1.0,True,synthetic_scenario_generator,26006
2021-11-24,IND_VIZ,1.43,2.08,1.0,True,synthetic_scenario_generator,26006
2021-11-25,IND_VIZ,1.11,1.76,1.0,True,synthetic_scenario_generator,26006
2021-11-26,IND_VIZ,0.81,1.46,1.0,True,synthetic_scenario_generator,26006
2021-11-27,IND_VIZ,0.52,1.17,1.0,True,synthetic_scenario_generator,26006
2021-11-28,IND_VIZ,0.4,1.05,1.0,True,synthetic_scenario_generator,26006
2021-11-29,IND_VIZ,0.51,1.16,1.0,True,synthetic_scenario_generator,26006
2021-11-30,IND_VIZ,0.68,1.33,1.0,True,synthetic_scenario_generator,26006
2021-12-01,IND_VIZ,0.8,1.45,1.0,True,synthetic_scenario_generator,26006
2021-12-02,IND_VIZ,1.12,1.77,1.0,True,synthetic_scenario_generator,26006
2021-12-03,IND_VIZ,1.5,2.15,1.0,True,synthetic_scenario_generator,26006
2021-12-04,IND_VIZ,1.82,2.47,1.0,True,synthetic_scenario_generator,26006
2021-12-05,IND_VIZ,1.92,2.57,1.0,True,synthetic_scenario_generator,26006
2021-12-06,IND_VIZ,2.04,2.69,1.0,True,synthetic_scenario_generator,26006
2021-12-07,IND_VIZ,1.93,2.58,1.0,True,synthetic_scenario_generator,26006
2021-12-08,IND_VIZ,1.77,2.42,1.0,True,synthetic_scenario_generator,26006
2021-12-09,IND_VIZ,1.2,1.85,1.0,True,synthetic_scenario_generator,26006
2021-12-10,IND_VIZ,1.0,1.65,1.0,True,synthetic_scenario_generator,26006
2021-12-11,IND_VIZ,0.59,1.24,1.0,True,synthetic_scenario_generator,26006
2021-12-12,IND_VIZ,0.61,1.26,1.0,True,synthetic_scenario_generator,26006
2021-12-13,IND_VIZ,0.42,1.07,1.0,True,synthetic_scenario_generator,26006
2021-12-14,IND_VIZ,0.52,1.17,1.0,True,synthetic_scenario_generator,26006
2021-12-15,IND_VIZ,0.81,1.46,1.0,True,synthetic_scenario_generator,26006
2021-12-16,IND_VIZ,0.98,1.63,1.0,True,synthetic_scenario_generator,26006
2021-12-17,IND_VIZ,1.36,2.01,1.0,True,synthetic_scenario_generator,26006
2021-12-18,IND_VIZ,1.47,2.12,1.0,True,synthetic_scenario_generator,26006
2021-12-19,IND_VIZ,1.81,2.46,1.0,True,synthetic_scenario_generator,26006
2021-12-20,IND_VIZ,1.93,2.58,1.0,True,synthetic_scenario_generator,26006
2021-12-21,IND_VIZ,2.12,2.77,1.0,True,synthetic_scenario_generator,26006
2021-12-22,IND_VIZ,1.72,2.37,1.0,True,synthetic_scenario_generator,26006
2021-12-23,IND_VIZ,1.52,2.17,1.0,True,synthetic_scenario_generator,26006
2021-12-24,IND_VIZ,1.21,1.86,1.0,True,synthetic_scenario_generator,26006
2021-12-25,IND_VIZ,0.85,1.5,1.0,True,synthetic_scenario_generator,26006
2021-12-26,IND_VIZ,0.59,1.24,1.0,True,synthetic_scenario_generator,26006
2021-12-27,IND_VIZ,0.62,1.27,1.0,True,synthetic_scenario_generator,26006
2021-12-28,IND_VIZ,0.48,1.13,1.0,True,synthetic_scenario_generator,26006
2021-12-29,IND_VIZ,0.54,1.19,1.0,True,synthetic_scenario_generator,26006
2021-12-30,IND_VIZ,0.64,1.29,1.0,True,synthetic_scenario_generator,26006
2021-12-31,IND_VIZ,1.07,1.72,1.0,True,synthetic_scenario_generator,26006
2022-01-01,IND_VIZ,1.44,2.09,1.0,True,synthetic_scenario_generator,26006
2022-01-02,IND_VIZ,1.53,2.18,1.0,True,synthetic_scenario_generator,26006
2022-01-03,IND_VIZ,1.86,2.51,1.0,True,synthetic_scenario_generator,26006
2022-01-04,IND_VIZ,2.13,2.78,1.0,True,synthetic_scenario_generator,26006
2022-01-05,IND_VIZ,1.89,2.54,1.0,True,synthetic_scenario_generator,26006
2022-01-06,IND_VIZ,1.73,2.38,1.0,True,synthetic_scenario_generator,26006
2022-01-07,IND_VIZ,1.49,2.14,1.0,True,synthetic_scenario_generator,26006
2022-01-08,IND_VIZ,1.08,1.73,1.0,True,synthetic_scenario_generator,26006
2022-01-09,IND_VIZ,0.93,1.58,1.0,True,synthetic_scenario_generator,26006
2022-01-10,IND_VIZ,0.64,1.29,1.0,True,synthetic_scenario_generator,26006
2022-01-11,IND_VIZ,0.56,1.21,1.0,True,synthetic_scenario_generator,26006
2022-01-12,IND_VIZ,0.51,1.16,1.0,True,synthetic_scenario_generator,26006
2022-01-13,IND_VIZ,0.74,1.39,1.0,True,synthetic_scenario_generator,26006
2022-01-14,IND_VIZ,0.91,1.56,1.0,True,synthetic_scenario_generator,26006
2022-01-15,IND_VIZ,1.17,1.82,1.0,True,synthetic_scenario_generator,26006
2022-01-16,IND_VIZ,1.49,2.14,1.0,True,synthetic_scenario_generator,26006
2022-01-17,IND_VIZ,1.7,2.35,1.0,True,synthetic_scenario_generator,26006
2022-01-18,IND_VIZ,2.13,2.78,1.0,True,synthetic_scenario_generator,26006
2022-01-19,IND_VIZ,1.9,2.55,1.0,True,synthetic_scenario_generator,26006
2022-01-20,IND_VIZ,1.98,2.63,1.0,True,synthetic_scenario_generator,26006
2022-01-21,IND_VIZ,1.88,2.53,1.0,True,synthetic_scenario_generator,26006
2022-01-22,IND_VIZ,1.51,2.16,1.0,True,synthetic_scenario_generator,26006
2022-01-23,IND_VIZ,1.05,1.7,1.0,True,synthetic_scenario_generator,26006
2022-01-24,IND_VIZ,0.82,1.47,1.0,True,synthetic_scenario_generator,26006
2022-01-25,IND_VIZ,0.58,1.23,1.0,True,synthetic_scenario_generator,26006
2022-01-26,IND_VIZ,0.56,1.21,1.0,True,synthetic_scenario_generator,26006
2022-01-27,IND_VIZ,0.51,1.16,1.0,True,synthetic_scenario_generator,26006
2022-01-28,IND_VIZ,0.74,1.39,1.0,True,synthetic_scenario_generator,26006
2022-01-29,IND_VIZ,0.89,1.54,1.0,True,synthetic_scenario_generator,26006
2022-01-30,IND_VIZ,1.23,1.88,1.0,True,synthetic_scenario_generator,26006
2022-01-31,IND_VIZ,1.5,2.15,1.0,True,synthetic_scenario_generator,26006
2022-02-01,IND_VIZ,1.93,2.58,1.0,True,synthetic_scenario_generator,26006
2022-02-02,IND_VIZ,2.07,2.72,1.0,True,synthetic_scenario_generator,26006
2022-02-03,IND_VIZ,1.94,2.59,1.0,True,synthetic_scenario_generator,26006
2022-02-04,IND_VIZ,2.16,2.81,1.0,True,synthetic_scenario_generator,26006
2022-02-05,IND_VIZ,1.74,2.39,1.0,True,synthetic_scenario_generator,26006
2022-02-06,IND_VIZ,1.31,1.96,1.0,True,synthetic_scenario_generator,26006
2022-02-07,IND_VIZ,1.17,1.82,1.0,True,synthetic_scenario_generator,26006
2022-02-08,IND_VIZ,0.82,1.47,1.0,True,synthetic_scenario_generator,26006
2022-02-09,IND_VIZ,0.58,1.23,1.0,True,synthetic_scenario_generator,26006
2022-02-10,IND_VIZ,0.41,1.06,1.0,True,synthetic_scenario_generator,26006
2022-02-11,IND_VIZ,0.45,1.1,1.0,True,synthetic_scenario_generator,26006
2022-02-12,IND_VIZ,0.73,1.38,1.0,True,synthetic_scenario_generator,26006
2022-02-13,IND_VIZ,0.97,1.62,1.0,True,synthetic_scenario_generator,26006
2022-02-14,IND_VIZ,1.08,1.73,1.0,True,synthetic_scenario_generator,26006
2022-02-15,IND_VIZ,1.57,2.22,1.0,True,synthetic_scenario_generator,26006
2022-02-16,IND_VIZ,1.85,2.5,1.0,True,synthetic_scenario_generator,26006
2022-02-17,IND_VIZ,1.84,2.49,1.0,True,synthetic_scenario_generator,26006
2022-02-18,IND_VIZ,2.05,2.7,1.0,True,synthetic_scenario_generator,26006
2022-02-19,IND_VIZ,1.7,2.35,1.0,True,synthetic_scenario_generator,26006
2022-02-20,IND_VIZ,1.81,2.46,1.0,True,synthetic_scenario_generator,26006
2022-02-21,IND_VIZ,1.19,1.84,1.0,True,synthetic_scenario_generator,26006
2022-02-22,IND_VIZ,0.94,1.59,1.0,True,synthetic_scenario_generator,26006
2022-02-23,IND_VIZ,0.65,1.3,1.0,True,synthetic_scenario_generator,26006
2022-02-24,IND_VIZ,0.56,1.21,1.0,True,synthetic_scenario_generator,26006
2022-02-25,IND_VIZ,0.52,1.17,1.0,True,synthetic_scenario_generator,26006
2022-02-26,IND_VIZ,0.72,1.37,1.0,True,synthetic_scenario_generator,26006
2022-02-27,IND_VIZ,0.74,1.39,1.0,True,synthetic_scenario_generator,26006
2022-02-28,IND_VIZ,1.06,1.71,1.0,True,synthetic_scenario_generator,26006
2022-03-01,IND_VIZ,1.5,2.15,1.0,True,synthetic_scenario_generator,26006
2022-03-02,IND_VIZ,1.83,2.48,1.0,True,synthetic_scenario_generator,26006
2022-03-03,IND_VIZ,1.77,2.42,1.0,True,synthetic_scenario_generator,26006
2022-03-04,IND_VIZ,1.91,2.56,1.0,True,synthetic_scenario_generator,26006
2022-03-05,IND_VIZ,2.14,2.79,1.0,True,synthetic_scenario_generator,26006
2022-03-06,IND_VIZ,1.74,2.39,1.0,True,synthetic_scenario_generator,26006
2022-03-07,IND_VIZ,1.65,2.3,1.0,True,synthetic_scenario_generator,26006
2022-03-08,IND_VIZ,1.06,1.71,1.0,True,synthetic_scenario_generator,26006
2022-03-09,IND_VIZ,0.74,1.39,1.0,True,synthetic_scenario_generator,26006
2022-03-10,IND_VIZ,0.66,1.31,1.0,True,synthetic_scenario_generator,26006
2022-03-11,IND_VIZ,0.61,1.26,1.0,True,synthetic_scenario_generator,26006
2022-03-12,IND_VIZ,0.17,0.82,1.0,True,synthetic_scenario_generator,26006
2022-03-13,IND_VIZ,0.57,1.22,1.0,True,synthetic_scenario_generator,26006
2022-03-14,IND_VIZ,0.91,1.56,1.0,True,synthetic_scenario_generator,26006
2022-03-15,IND_VIZ,1.31,1.96,1.0,True,synthetic_scenario_generator,26006
2022-03-16,IND_VIZ,1.52,2.17,1.0,True,synthetic_scenario_generator,26006
2022-03-17,IND_VIZ,1.77,2.42,1.0,True,synthetic_scenario_generator,26006
2022-03-18,IND_VIZ,2.0,2.65,1.0,True,synthetic_scenario_generator,26006
2022-03-19,IND_VIZ,2.05,2.7,1.0,True,synthetic_scenario_generator,26006
2022-03-20,IND_VIZ,1.88,2.53,1.0,True,synthetic_scenario_generator,26006
2022-03-21,IND_VIZ,1.84,2.49,1.0,True,synthetic_scenario_generator,26006
2022-03-22,IND_VIZ,1.64,2.29,1.0,True,synthetic_scenario_generator,26006
2022-03-23,IND_VIZ,1.04,1.69,1.0,True,synthetic_scenario_generator,26006
2022-03-24,IND_VIZ,1.15,1.8,1.0,True,synthetic_scenario_generator,26006
2022-03-25,IND_VIZ,0.61,1.26,1.0,True,synthetic_scenario_generator,26006
2022-03-26,IND_VIZ,0.54,1.19,1.0,True,synthetic_scenario_generator,26006
2022-03-27,IND_VIZ,0.5,1.15,1.0,True,synthetic_scenario_generator,26006
2022-03-28,IND_VIZ,0.56,1.21,1.0,True,synthetic_scenario_generator,26006
2022-03-29,IND_VIZ,0.96,1.61,1.0,True,synthetic_scenario_generator,26006
2022-03-30,IND_VIZ,0.97,1.62,1.0,True,synthetic_scenario_generator,26006
2022-03-31,IND_VIZ,1.62,2.27,1.0,True,synthetic_scenario_generator,26006
2022-04-01,IND_VIZ,1.92,2.57,1.0,True,synthetic_scenario_generator,26006
2022-04-02,IND_VIZ,2.02,2.67,1.0,True,synthetic_scenario_generator,26006
2022-04-03,IND_VIZ,2.08,2.73,1.0,True,synthetic_scenario_generator,26006
2022-04-04,IND_VIZ,1.9,2.55,1.0,True,synthetic_scenario_generator,26006
2022-04-05,IND_VIZ,1.67,2.32,1.0,True,synthetic_scenario_generator,26006
2022-04-06,IND_VIZ,1.45,2.1,1.0,True,synthetic_scenario_generator,26006
2022-04-07,IND_VIZ,1.17,1.82,1.0,True,synthetic_scenario_generator,26006
2022-04-08,IND_VIZ,0.81,1.46,1.0,True,synthetic_scenario_generator,26006
2022-04-09,IND_VIZ,0.77,1.42,1.0,True,synthetic_scenario_generator,26006
2022-04-10,IND_VIZ,0.48,1.13,1.0,True,synthetic_scenario_generator,26006
2022-04-11,IND_VIZ,0.53,1.18,1.0,True,synthetic_scenario_generator,26006
2022-04-12,IND_VIZ,0.95,1.6,1.0,True,synthetic_scenario_generator,26006
2022-04-13,IND_VIZ,0.83,1.48,1.0,True,synthetic_scenario_generator,26006
2022-04-14,IND_VIZ,1.34,1.99,1.0,True,synthetic_scenario_generator,26006
2022-04-15,IND_VIZ,1.64,2.29,1.0,True,synthetic_scenario_generator,26006
2022-04-16,IND_VIZ,1.49,2.14,1.0,True,synthetic_scenario_generator,26006
2022-04-17,IND_VIZ,1.94,2.59,1.0,True,synthetic_scenario_generator,26006
2022-04-18,IND_VIZ,1.89,2.54,1.0,True,synthetic_scenario_generator,26006
2022-04-19,IND_VIZ,1.89,2.54,1.0,True,synthetic_scenario_generator,26006
2022-04-20,IND_VIZ,1.6,2.25,1.0,True,synthetic_scenario_generator,26006
2022-04-21,IND_VIZ,1.24,1.89,1.0,True,synthetic_scenario_generator,26006
2022-04-22,IND_VIZ,1.02,1.67,1.0,True,synthetic_scenario_generator,26006
2022-04-23,IND_VIZ,0.84,1.49,1.0,True,synthetic_scenario_generator,26006
2022-04-24,IND_VIZ,0.39,1.04,1.0,True,synthetic_scenario_generator,26006
2022-04-25,IND_VIZ,0.58,1.23,1.0,True,synthetic_scenario_generator,26006
2022-04-26,IND_VIZ,0.67,1.32,1.0,True,synthetic_scenario_generator,26006
2022-04-27,IND_VIZ,0.87,1.52,1.0,True,synthetic_scenario_generator,26006
2022-04-28,IND_VIZ,1.18,1.83,1.0,True,synthetic_scenario_generator,26006
2022-04-29,IND_VIZ,1.36,2.01,1.0,True,synthetic_scenario_generator,26006
2022-04-30,IND_VIZ,1.56,2.21,1.0,True,synthetic_scenario_generator,26006
2022-05-01,IND_VIZ,2.0,2.65,1.0,True,synthetic_scenario_generator,26006
2022-05-02,IND_VIZ,1.93,2.58,1.0,True,synthetic_scenario_generator,26006
2022-05-03,IND_VIZ,1.92,2.57,1.0,True,synthetic_scenario_generator,26006
2022-05-04,IND_VIZ,1.81,2.46,1.0,True,synthetic_scenario_generator,26006
2022-05-05,IND_VIZ,1.63,2.28,1.0,True,synthetic_scenario_generator,26006
2022-05-06,IND_VIZ,1.19,1.84,1.0,True,synthetic_scenario_generator,26006
2022-05-07,IND_VIZ,0.97,1.62,1.0,True,synthetic_scenario_generator,26006
2022-05-08,IND_VIZ,0.69,1.34,1.0,True,synthetic_scenario_generator,26006
2022-05-09,IND_VIZ,0.66,1.31,1.0,True,synthetic_scenario_generator,26006
2022-05-10,IND_VIZ,0.47,1.12,1.0,True,synthetic_scenario_generator,26006
2022-05-11,IND_VIZ,0.59,1.24,1.0,True,synthetic_scenario_generator,26006
2022-05-12,IND_VIZ,0.85,1.5,1.0,True,synthetic_scenario_generator,26006
2022-05-13,IND_VIZ,1.12,1.77,1.0,True,synthetic_scenario_generator,26006
2022-05-14,IND_VIZ,1.27,1.92,1.0,True,synthetic_scenario_generator,26006
2022-05-15,IND_VIZ,1.59,2.24,1.0,True,synthetic_scenario_generator,26006
2022-05-16,IND_VIZ,1.87,2.52,1.0,True,synthetic_scenario_generator,26006
2022-05-17,IND_VIZ,2.06,2.71,1.0,True,synthetic_scenario_generator,26006
2022-05-18,IND_VIZ,1.98,2.63,1.0,True,synthetic_scenario_generator,26006
2022-05-19,IND_VIZ,1.85,2.5,1.0,True,synthetic_scenario_generator,26006
2022-05-20,IND_VIZ,1.63,2.28,1.0,True,synthetic_scenario_generator,26006
2022-05-21,IND_VIZ,1.28,1.93,1.0,True,synthetic_scenario_generator,26006
2022-05-22,IND_VIZ,1.04,1.69,1.0,True,synthetic_scenario_generator,26006
2022-05-23,IND_VIZ,0.64,1.29,1.0,True,synthetic_scenario_generator,26006
2022-05-24,IND_VIZ,0.54,1.19,1.0,True,synthetic_scenario_generator,26006
2022-05-25,IND_VIZ,0.48,1.13,1.0,True,synthetic_scenario_generator,26006
2022-05-26,IND_VIZ,0.49,1.14,1.0,True,synthetic_scenario_generator,26006
2022-05-27,IND_VIZ,0.92,1.57,1.0,True,synthetic_scenario_generator,26006
2022-05-28,IND_VIZ,1.27,1.92,1.0,True,synthetic_scenario_generator,26006
2022-05-29,IND_VIZ,1.52,2.17,1.0,True,synthetic_scenario_generator,26006
2022-05-30,IND_VIZ,1.59,2.24,1.0,True,synthetic_scenario_generator,26006
2022-05-31,IND_VIZ,1.95,2.6,1.0,True,synthetic_scenario_generator,26006
2022-06-01,IND_VIZ,1.98,2.63,1.0,True,synthetic_scenario_generator,26006
2022-06-02,IND_VIZ,1.9,2.55,1.0,True,synthetic_scenario_generator,26006
2022-06-03,IND_VIZ,1.93,2.58,1.0,True,synthetic_scenario_generator,26006
2022-06-04,IND_VIZ,1.47,2.12,1.0,True,synthetic_scenario_generator,26006
2022-06-05,IND_VIZ,1.13,1.78,1.0,True,synthetic_scenario_generator,26006
2022-06-06,IND_VIZ,0.86,1.51,1.0,True,synthetic_scenario_generator,26006
2022-06-07,IND_VIZ,0.56,1.21,1.0,True,synthetic_scenario_generator,26006
2022-06-08,IND_VIZ,0.56,1.21,1.0,True,synthetic_scenario_generator,26006
2022-06-09,IND_VIZ,0.6,1.25,1.0,True,synthetic_scenario_generator,26006
2022-06-10,IND_VIZ,0.82,1.47,1.0,True,synthetic_scenario_generator,26006
2022-06-11,IND_VIZ,0.88,1.53,1.0,True,synthetic_scenario_generator,26006
2022-06-12,IND_VIZ,1.05,1.7,1.0,True,synthetic_scenario_generator,26006
2022-06-13,IND_VIZ,1.52,2.17,1.0,True,synthetic_scenario_generator,26006
2022-06-14,IND_VIZ,1.87,2.52,1.0,True,synthetic_scenario_generator,26006
2022-06-15,IND_VIZ,2.06,2.71,1.0,True,synthetic_scenario_generator,26006
2022-06-16,IND_VIZ,1.93,2.58,1.0,True,synthetic_scenario_generator,26006
2022-06-17,IND_VIZ,1.87,2.52,1.0,True,synthetic_scenario_generator,26006
2022-06-18,IND_VIZ,1.72,2.37,1.0,True,synthetic_scenario_generator,26006
2022-06-19,IND_VIZ,1.28,1.93,1.0,True,synthetic_scenario_generator,26006
2022-06-20,IND_VIZ,0.93,1.58,1.0,True,synthetic_scenario_generator,26006
2022-06-21,IND_VIZ,0.8,1.45,1.0,True,synthetic_scenario_generator,26006
2022-06-22,IND_VIZ,0.68,1.33,1.0,True,synthetic_scenario_generator,26006
2022-06-23,IND_VIZ,0.55,1.2,1.0,True,synthetic_scenario_generator,26006
2022-06-24,IND_VIZ,0.59,1.24,1.0,True,synthetic_scenario_generator,26006
2022-06-25,IND_VIZ,0.76,1.41,1.0,True,synthetic_scenario_generator,26006
2022-06-26,IND_VIZ,0.91,1.56,1.0,True,synthetic_scenario_generator,26006
2022-06-27,IND_VIZ,1.43,2.08,1.0,True,synthetic_scenario_generator,26006
2022-06-28,IND_VIZ,1.67,2.32,1.0,True,synthetic_scenario_generator,26006
2022-06-29,IND_VIZ,1.88,2.53,1.0,True,synthetic_scenario_generator,26006
2022-06-30,IND_VIZ,1.77,2.42,1.0,True,synthetic_scenario_generator,26006
2022-07-01,IND_VIZ,2.0,2.65,1.0,True,synthetic_scenario_generator,26006
2022-07-02,IND_VIZ,1.82,2.47,1.0,True,synthetic_scenario_generator,26006
2022-07-03,IND_VIZ,1.77,2.42,1.0,True,synthetic_scenario_generator,26006
2022-07-04,IND_VIZ,1.23,1.88,1.0,True,synthetic_scenario_generator,26006
2022-07-05,IND_VIZ,1.01,1.66,1.0,True,synthetic_scenario_generator,26006
2022-07-06,IND_VIZ,0.72,1.37,1.0,True,synthetic_scenario_generator,26006
2022-07-07,IND_VIZ,0.53,1.18,1.0,True,synthetic_scenario_generator,26006
2022-07-08,IND_VIZ,0.45,1.1,1.0,True,synthetic_scenario_generator,26006
2022-07-09,IND_VIZ,0.44,1.09,1.0,True,synthetic_scenario_generator,26006
2022-07-10,IND_VIZ,0.9,1.55,1.0,True,synthetic_scenario_generator,26006
2022-07-11,IND_VIZ,1.09,1.74,1.0,True,synthetic_scenario_generator,26006
2022-07-12,IND_VIZ,1.38,2.03,1.0,True,synthetic_scenario_generator,26006
2022-07-13,IND_VIZ,1.52,2.17,1.0,True,synthetic_scenario_generator,26006
2022-07-14,IND_VIZ,1.98,2.63,1.0,True,synthetic_scenario_generator,26006
2022-07-15,IND_VIZ,1.93,2.58,1.0,True,synthetic_scenario_generator,26006
2022-07-16,IND_VIZ,1.81,2.46,1.0,True,synthetic_scenario_generator,26006
2022-07-17,IND_VIZ,1.89,2.54,1.0,True,synthetic_scenario_generator,26006
2022-07-18,IND_VIZ,1.45,2.1,1.0,True,synthetic_scenario_generator,26006
2022-07-19,IND_VIZ,1.21,1.86,1.0,True,synthetic_scenario_generator,26006
2022-07-20,IND_VIZ,0.92,1.57,1.0,True,synthetic_scenario_generator,26006
2022-07-21,IND_VIZ,0.76,1.41,1.0,True,synthetic_scenario_generator,26006
2022-07-22,IND_VIZ,0.6,1.25,1.0,True,synthetic_scenario_generator,26006
2022-07-23,IND_VIZ,0.63,1.28,1.0,True,synthetic_scenario_generator,26006
2022-07-24,IND_VIZ,0.68,1.33,1.0,True,synthetic_scenario_generator,26006
2022-07-25,IND_VIZ,0.92,1.57,1.0,True,synthetic_scenario_generator,26006
2022-07-26,IND_VIZ,1.09,1.74,1.0,True,synthetic_scenario_generator,26006
2022-07-27,IND_VIZ,1.58,2.23,1.0,True,synthetic_scenario_generator,26006
2022-07-28,IND_VIZ,1.8,2.45,1.0,True,synthetic_scenario_generator,26006
2022-07-29,IND_VIZ,1.85,2.5,1.0,True,synthetic_scenario_generator,26006
2022-07-30,IND_VIZ,2.04,2.69,1.0,True,synthetic_scenario_generator,26006
2022-07-31,IND_VIZ,2.01,2.66,1.0,True,synthetic_scenario_generator,26006
2022-08-01,IND_VIZ,1.68,2.33,1.0,True,synthetic_scenario_generator,26006
2022-08-02,IND_VIZ,1.38,2.03,1.0,True,synthetic_scenario_generator,26006
2022-08-03,IND_VIZ,1.19,1.84,1.0,True,synthetic_scenario_generator,26006
2022-08-04,IND_VIZ,0.7,1.35,1.0,True,synthetic_scenario_generator,26006
2022-08-05,IND_VIZ,0.66,1.31,1.0,True,synthetic_scenario_generator,26006
2022-08-06,IND_VIZ,0.56,1.21,1.0,True,synthetic_scenario_generator,26006
2022-08-07,IND_VIZ,0.54,1.19,1.0,True,synthetic_scenario_generator,26006
2022-08-08,IND_VIZ,0.64,1.29,1.0,True,synthetic_scenario_generator,26006
2022-08-09,IND_VIZ,0.9,1.55,1.0,True,synthetic_scenario_generator,26006
2022-08-10,IND_VIZ,1.19,1.84,1.0,True,synthetic_scenario_generator,26006
2022-08-11,IND_VIZ,1.58,2.23,1.0,True,synthetic_scenario_generator,26006
2022-08-12,IND_VIZ,1.83,2.48,1.0,True,synthetic_scenario_generator,26006
2022-08-13,IND_VIZ,2.04,2.69,1.0,True,synthetic_scenario_generator,26006
2022-08-14,IND_VIZ,2.04,2.69,1.0,True,synthetic_scenario_generator,26006
2022-08-15,IND_VIZ,1.9,2.55,1.0,True,synthetic_scenario_generator,26006
2022-08-16,IND_VIZ,1.57,2.22,1.0,True,synthetic_scenario_generator,26006
2022-08-17,IND_VIZ,1.27,1.92,1.0,True,synthetic_scenario_generator,26006
2022-08-18,IND_VIZ,1.19,1.84,1.0,True,synthetic_scenario_generator,26006
2022-08-19,IND_VIZ,0.76,1.41,1.0,True,synthetic_scenario_generator,26006
2022-08-20,IND_VIZ,0.74,1.39,1.0,True,synthetic_scenario_generator,26006
2022-08-21,IND_VIZ,0.36,1.01,1.0,True,synthetic_scenario_generator,26006
2022-08-22,IND_VIZ,0.67,1.32,1.0,True,synthetic_scenario_generator,26006
2022-08-23,IND_VIZ,0.77,1.42,1.0,True,synthetic_scenario_generator,26006
2022-08-24,IND_VIZ,0.94,1.59,1.0,True,synthetic_scenario_generator,26006
2022-08-25,IND_VIZ,1.22,1.87,1.0,True,synthetic_scenario_generator,26006
2022-08-26,IND_VIZ,1.38,2.03,1.0,True,synthetic_scenario_generator,26006
2022-08-27,IND_VIZ,1.79,2.44,1.0,True,synthetic_scenario_generator,26006
2022-08-28,IND_VIZ,2.05,2.7,1.0,True,synthetic_scenario_generator,26006
2022-08-29,IND_VIZ,1.97,2.62,1.0,True,synthetic_scenario_generator,26006
2022-08-30,IND_VIZ,1.73,2.38,1.0,True,synthetic_scenario_generator,26006
2022-08-31,IND_VIZ,1.47,2.12,1.0,True,synthetic_scenario_generator,26006
2022-09-01,IND_VIZ,1.25,1.9,1.0,True,synthetic_scenario_generator,26006
2022-09-02,IND_VIZ,1.01,1.66,1.0,True,synthetic_scenario_generator,26006
2022-09-03,IND_VIZ,0.56,1.21,1.0,True,synthetic_scenario_generator,26006
2022-09-04,IND_VIZ,0.52,1.17,1.0,True,synthetic_scenario_generator,26006
2022-09-05,IND_VIZ,0.52,1.17,1.0,True,synthetic_scenario_generator,26006
2022-09-06,IND_VIZ,0.61,1.26,1.0,True,synthetic_scenario_generator,26006
2022-09-07,IND_VIZ,0.78,1.43,1.0,True,synthetic_scenario_generator,26006
2022-09-08,IND_VIZ,1.17,1.82,1.0,True,synthetic_scenario_generator,26006
2022-09-09,IND_VIZ,1.44,2.09,1.0,True,synthetic_scenario_generator,26006
2022-09-10,IND_VIZ,1.62,2.27,1.0,True,synthetic_scenario_generator,26006
2022-09-11,IND_VIZ,2.08,2.73,1.0,True,synthetic_scenario_generator,26006
2022-09-12,IND_VIZ,1.89,2.54,1.0,True,synthetic_scenario_generator,26006
2022-09-13,IND_VIZ,1.92,2.57,1.0,True,synthetic_scenario_generator,26006
2022-09-14,IND_VIZ,1.83,2.48,1.0,True,synthetic_scenario_generator,26006
2022-09-15,IND_VIZ,1.41,2.06,1.0,True,synthetic_scenario_generator,26006
2022-09-16,IND_VIZ,1.31,1.96,1.0,True,synthetic_scenario_generator,26006
2022-09-17,IND_VIZ,1.0,1.65,1.0,True,synthetic_scenario_generator,26006
2022-09-18,IND_VIZ,0.63,1.28,1.0,True,synthetic_scenario_generator,26006
2022-09-19,IND_VIZ,0.39,1.04,1.0,True,synthetic_scenario_generator,26006
2022-09-20,IND_VIZ,0.43,1.08,1.0,True,synthetic_scenario_generator,26006
2022-09-21,IND_VIZ,0.52,1.17,1.0,True,synthetic_scenario_generator,26006
2022-09-22,IND_VIZ,0.79,1.44,1.0,True,synthetic_scenario_generator,26006
2022-09-23,IND_VIZ,1.11,1.76,1.0,True,synthetic_scenario_generator,26006
2022-09-24,IND_VIZ,1.45,2.1,1.0,True,synthetic_scenario_generator,26006
2022-09-25,IND_VIZ,1.62,2.27,1.0,True,synthetic_scenario_generator,26006
2022-09-26,IND_VIZ,1.88,2.53,1.0,True,synthetic_scenario_generator,26006
2022-09-27,IND_VIZ,1.96,2.61,1.0,True,synthetic_scenario_generator,26006
2022-09-28,IND_VIZ,2.1,2.75,1.0,True,synthetic_scenario_generator,26006
2022-09-29,IND_VIZ,1.76,2.41,1.0,True,synthetic_scenario_generator,26006
2022-09-30,IND_VIZ,1.45,2.1,1.0,True,synthetic_scenario_generator,26006
2022-10-01,IND_VIZ,1.07,1.72,1.0,True,synthetic_scenario_generator,26006
2022-10-02,IND_VIZ,0.81,1.46,1.0,True,synthetic_scenario_generator,26006
2022-10-03,IND_VIZ,0.51,1.16,1.0,True,synthetic_scenario_generator,26006
2022-10-04,IND_VIZ,0.65,1.3,1.0,True,synthetic_scenario_generator,26006
2022-10-05,IND_VIZ,0.48,1.13,1.0,True,synthetic_scenario_generator,26006
2022-10-06,IND_VIZ,0.42,1.07,1.0,True,synthetic_scenario_generator,26006
2022-10-07,IND_VIZ,0.85,1.5,1.0,True,synthetic_scenario_generator,26006
2022-10-08,IND_VIZ,1.25,1.9,1.0,True,synthetic_scenario_generator,26006
2022-10-09,IND_VIZ,1.47,2.12,1.0,True,synthetic_scenario_generator,26006
2022-10-10,IND_VIZ,1.72,2.37,1.0,True,synthetic_scenario_generator,26006
2022-10-11,IND_VIZ,1.94,2.59,1.0,True,synthetic_scenario_generator,26006
2022-10-12,IND_VIZ,1.77,2.42,1.0,True,synthetic_scenario_generator,26006
2022-10-13,IND_VIZ,1.92,2.57,1.0,True,synthetic_scenario_generator,26006
2022-10-14,IND_VIZ,1.84,2.49,1.0,True,synthetic_scenario_generator,26006
2022-10-15,IND_VIZ,1.52,2.17,1.0,True,synthetic_scenario_generator,26006
2022-10-16,IND_VIZ,1.26,1.91,1.0,True,synthetic_scenario_generator,26006
2022-10-17,IND_VIZ,0.79,1.44,1.0,True,synthetic_scenario_generator,26006
2022-10-18,IND_VIZ,0.55,1.2,1.0,True,synthetic_scenario_generator,26006
2022-10-19,IND_VIZ,0.44,1.09,1.0,True,synthetic_scenario_generator,26006
2022-10-20,IND_VIZ,0.69,1.34,1.0,True,synthetic_scenario_generator,26006
2022-10-21,IND_VIZ,0.5,1.15,1.0,True,synthetic_scenario_generator,26006
2022-10-22,IND_VIZ,0.79,1.44,1.0,True,synthetic_scenario_generator,26006
2022-10-23,IND_VIZ,1.23,1.88,1.0,True,synthetic_scenario_generator,26006
2022-10-24,IND_VIZ,1.53,2.18,1.0,True,synthetic_scenario_generator,26006
2022-10-25,IND_VIZ,2.04,2.69,1.0,True,synthetic_scenario_generator,26006
2022-10-26,IND_VIZ,2.14,2.79,1.0,True,synthetic_scenario_generator,26006
2022-10-27,IND_VIZ,2.02,2.67,1.0,True,synthetic_scenario_generator,26006
2022-10-28,IND_VIZ,1.85,2.5,1.0,True,synthetic_scenario_generator,26006
2022-10-29,IND_VIZ,1.63,2.28,1.0,True,synthetic_scenario_generator,26006
2022-10-30,IND_VIZ,1.48,2.13,1.0,True,synthetic_scenario_generator,26006
2022-10-31,IND_VIZ,1.03,1.68,1.0,True,synthetic_scenario_generator,26006
2022-11-01,IND_VIZ,0.81,1.46,1.0,True,synthetic_scenario_generator,26006
2022-11-02,IND_VIZ,0.59,1.24,1.0,True,synthetic_scenario_generator,26006
2022-11-03,IND_VIZ,0.52,1.17,1.0,True,synthetic_scenario_generator,26006
2022-11-04,IND_VIZ,0.55,1.2,1.0,True,synthetic_scenario_generator,26006
2022-11-05,IND_VIZ,0.62,1.27,1.0,True,synthetic_scenario_generator,26006
2022-11-06,IND_VIZ,0.96,1.61,1.0,True,synthetic_scenario_generator,26006
2022-11-07,IND_VIZ,1.38,2.03,1.0,True,synthetic_scenario_generator,26006
2022-11-08,IND_VIZ,1.69,2.34,1.0,True,synthetic_scenario_generator,26006
2022-11-09,IND_VIZ,1.82,2.47,1.0,True,synthetic_scenario_generator,26006
2022-11-10,IND_VIZ,1.91,2.56,1.0,True,synthetic_scenario_generator,26006
2022-11-11,IND_VIZ,2.09,2.74,1.0,True,synthetic_scenario_generator,26006
2022-11-12,IND_VIZ,1.81,2.46,1.0,True,synthetic_scenario_generator,26006
2022-11-13,IND_VIZ,1.72,2.37,1.0,True,synthetic_scenario_generator,26006
2022-11-14,IND_VIZ,1.35,2.0,1.0,True,synthetic_scenario_generator,26006
2022-11-15,IND_VIZ,0.98,1.63,1.0,True,synthetic_scenario_generator,26006
2022-11-16,IND_VIZ,0.73,1.38,1.0,True,synthetic_scenario_generator,26006
2022-11-17,IND_VIZ,0.57,1.22,1.0,True,synthetic_scenario_generator,26006
2022-11-18,IND_VIZ,0.46,1.11,1.0,True,synthetic_scenario_generator,26006
2022-11-19,IND_VIZ,0.75,1.4,1.0,True,synthetic_scenario_generator,26006
2022-11-20,IND_VIZ,0.91,1.56,1.0,True,synthetic_scenario_generator,26006
2022-11-21,IND_VIZ,1.08,1.73,1.0,True,synthetic_scenario_generator,26006
2022-11-22,IND_VIZ,1.46,2.11,1.0,True,synthetic_scenario_generator,26006
2022-11-23,IND_VIZ,1.69,2.34,1.0,True,synthetic_scenario_generator,26006
2022-11-24,IND_VIZ,2.02,2.67,1.0,True,synthetic_scenario_generator,26006
2022-11-25,IND_VIZ,2.05,2.7,1.0,True,synthetic_scenario_generator,26006
2022-11-26,IND_VIZ,1.88,2.53,1.0,True,synthetic_scenario_generator,26006
2022-11-27,IND_VIZ,1.9,2.55,1.0,True,synthetic_scenario_generator,26006
2022-11-28,IND_VIZ,1.43,2.08,1.0,True,synthetic_scenario_generator,26006
2022-11-29,IND_VIZ,1.2,1.85,1.0,True,synthetic_scenario_generator,26006
2022-11-30,IND_VIZ,0.95,1.6,1.0,True,synthetic_scenario_generator,26006
2022-12-01,IND_VIZ,0.67,1.32,1.0,True,synthetic_scenario_generator,26006
2022-12-02,IND_VIZ,0.5,1.15,1.0,True,synthetic_scenario_generator,26006
2022-12-03,IND_VIZ,0.41,1.06,1.0,True,synthetic_scenario_generator,26006
2022-12-04,IND_VIZ,0.53,1.18,1.0,True,synthetic_scenario_generator,26006
2022-12-05,IND_VIZ,0.93,1.58,1.0,True,synthetic_scenario_generator,26006
2022-12-06,IND_VIZ,1.19,1.84,1.0,True,synthetic_scenario_generator,26006
2022-12-07,IND_VIZ,1.47,2.12,1.0,True,synthetic_scenario_generator,26006
2022-12-08,IND_VIZ,1.76,2.41,1.0,True,synthetic_scenario_generator,26006
2022-12-09,IND_VIZ,1.96,2.61,1.0,True,synthetic_scenario_generator,26006
2022-12-10,IND_VIZ,1.87,2.52,1.0,True,synthetic_scenario_generator,26006
2022-12-11,IND_VIZ,1.96,2.61,1.0,True,synthetic_scenario_generator,26006
2022-12-12,IND_VIZ,1.66,2.31,1.0,True,synthetic_scenario_generator,26006
2022-12-13,IND_VIZ,1.34,1.99,1.0,True,synthetic_scenario_generator,26006
2022-12-14,IND_VIZ,1.21,1.86,1.0,True,synthetic_scenario_generator,26006
2022-12-15,IND_VIZ,1.08,1.73,1.0,True,synthetic_scenario_generator,26006
2022-12-16,IND_VIZ,0.55,1.2,1.0,True,synthetic_scenario_generator,26006
2022-12-17,IND_VIZ,0.37,1.02,1.0,True,synthetic_scenario_generator,26006
2022-12-18,IND_VIZ,0.49,1.14,1.0,True,synthetic_scenario_generator,26006
2022-12-19,IND_VIZ,0.64,1.29,1.0,True,synthetic_scenario_generator,26006
2022-12-20,IND_VIZ,0.91,1.56,1.0,True,synthetic_scenario_generator,26006
2022-12-21,IND_VIZ,1.24,1.89,1.0,True,synthetic_scenario_generator,26006
2022-12-22,IND_VIZ,1.5,2.15,1.0,True,synthetic_scenario_generator,26006
2022-12-23,IND_VIZ,1.92,2.57,1.0,True,synthetic_scenario_generator,26006
2022-12-24,IND_VIZ,1.97,2.62,1.0,True,synthetic_scenario_generator,26006
2022-12-25,IND_VIZ,2.1,2.75,1.0,True,synthetic_scenario_generator,26006
2022-12-26,IND_VIZ,1.88,2.53,1.0,True,synthetic_scenario_generator,26006
2022-12-27,IND_VIZ,1.73,2.38,1.0,True,synthetic_scenario_generator,26006
2022-12-28,IND_VIZ,1.34,1.99,1.0,True,synthetic_scenario_generator,26006
2022-12-29,IND_VIZ,1.11,1.76,1.0,True,synthetic_scenario_generator,26006
2022-12-30,IND_VIZ,0.63,1.28,1.0,True,synthetic_scenario_generator,26006
2022-12-31,IND_VIZ,0.51,1.16,1.0,True,synthetic_scenario_generator,26006
2023-01-01,IND_VIZ,0.46,1.11,1.0,True,synthetic_scenario_generator,26006
2023-01-02,IND_VIZ,0.36,1.01,1.0,True,synthetic_scenario_generator,26006
2023-01-03,IND_VIZ,0.68,1.33,1.0,True,synthetic_scenario_generator,26006
2023-01-04,IND_VIZ,0.99,1.64,1.0,True,synthetic_scenario_generator,26006
2023-01-05,IND_VIZ,1.32,1.97,1.0,True,synthetic_scenario_generator,26006
2023-01-06,IND_VIZ,1.72,2.37,1.0,True,synthetic_scenario_generator,26006
2023-01-07,IND_VIZ,1.91,2.56,1.0,True,synthetic_scenario_generator,26006
2023-01-08,IND_VIZ,2.05,2.7,1.0,True,synthetic_scenario_generator,26006
2023-01-09,IND_VIZ,1.99,2.64,1.0,True,synthetic_scenario_generator,26006
2023-01-10,IND_VIZ,1.98,2.63,1.0,True,synthetic_scenario_generator,26006
2023-01-11,IND_VIZ,1.65,2.3,1.0,True,synthetic_scenario_generator,26006
2023-01-12,IND_VIZ,1.45,2.1,1.0,True,synthetic_scenario_generator,26006
2023-01-13,IND_VIZ,0.88,1.53,1.0,True,synthetic_scenario_generator,26006
2023-01-14,IND_VIZ,0.72,1.37,1.0,True,synthetic_scenario_generator,26006
2023-01-15,IND_VIZ,0.66,1.31,1.0,True,synthetic_scenario_generator,26006
2023-01-16,IND_VIZ,0.57,1.22,1.0,True,synthetic_scenario_generator,26006
2023-01-17,IND_VIZ,0.5,1.15,1.0,True,synthetic_scenario_generator,26006
2023-01-18,IND_VIZ,0.76,1.41,1.0,True,synthetic_scenario_generator,26006
2023-01-19,IND_VIZ,1.1,1.75,1.0,True,synthetic_scenario_generator,26006
2023-01-20,IND_VIZ,1.46,2.11,1.0,True,synthetic_scenario_generator,26006
2023-01-21,IND_VIZ,1.69,2.34,1.0,True,synthetic_scenario_generator,26006
2023-01-22,IND_VIZ,2.1,2.75,1.0,True,synthetic_scenario_generator,26006
2023-01-23,IND_VIZ,1.94,2.59,1.0,True,synthetic_scenario_generator,26006
2023-01-24,IND_VIZ,2.01,2.66,1.0,True,synthetic_scenario_generator,26006
2023-01-25,IND_VIZ,1.79,2.44,1.0,True,synthetic_scenario_generator,26006
2023-01-26,IND_VIZ,1.48,2.13,1.0,True,synthetic_scenario_generator,26006
2023-01-27,IND_VIZ,1.2,1.85,1.0,True,synthetic_scenario_generator,26006
2023-01-28,IND_VIZ,0.84,1.49,1.0,True,synthetic_scenario_generator,26006
2023-01-29,IND_VIZ,0.69,1.34,1.0,True,synthetic_scenario_generator,26006
2023-01-30,IND_VIZ,0.42,1.07,1.0,True,synthetic_scenario_generator,26006
2023-01-31,IND_VIZ,0.4,1.05,1.0,True,synthetic_scenario_generator,26006
2023-02-01,IND_VIZ,0.71,1.36,1.0,True,synthetic_scenario_generator,26006
2023-02-02,IND_VIZ,0.74,1.39,1.0,True,synthetic_scenario_generator,26006
2023-02-03,IND_VIZ,1.15,1.8,1.0,True,synthetic_scenario_generator,26006
2023-02-04,IND_VIZ,1.63,2.28,1.0,True,synthetic_scenario_generator,26006
2023-02-05,IND_VIZ,1.88,2.53,1.0,True,synthetic_scenario_generator,26006
2023-02-06,IND_VIZ,1.98,2.63,1.0,True,synthetic_scenario_generator,26006
2023-02-07,IND_VIZ,1.93,2.58,1.0,True,synthetic_scenario_generator,26006
2023-02-08,IND_VIZ,1.96,2.61,1.0,True,synthetic_scenario_generator,26006
2023-02-09,IND_VIZ,1.75,2.4,1.0,True,synthetic_scenario_generator,26006
2023-02-10,IND_VIZ,1.5,2.15,1.0,True,synthetic_scenario_generator,26006
2023-02-11,IND_VIZ,1.22,1.87,1.0,True,synthetic_scenario_generator,26006
2023-02-12,IND_VIZ,0.84,1.49,1.0,True,synthetic_scenario_generator,26006
2023-02-13,IND_VIZ,0.62,1.27,1.0,True,synthetic_scenario_generator,26006
2023-02-14,IND_VIZ,0.54,1.19,1.0,True,synthetic_scenario_generator,26006
2023-02-15,IND_VIZ,0.53,1.18,1.0,True,synthetic_scenario_generator,26006
2023-02-16,IND_VIZ,0.77,1.42,1.0,True,synthetic_scenario_generator,26006
2023-02-17,IND_VIZ,0.97,1.62,1.0,True,synthetic_scenario_generator,26006
2023-02-18,IND_VIZ,1.13,1.78,1.0,True,synthetic_scenario_generator,26006
2023-02-19,IND_VIZ,1.58,2.23,1.0,True,synthetic_scenario_generator,26006
2023-02-20,IND_VIZ,1.95,2.6,1.0,True,synthetic_scenario_generator,26006
2023-02-21,IND_VIZ,1.82,2.47,1.0,True,synthetic_scenario_generator,26006
2023-02-22,IND_VIZ,2.04,2.69,1.0,True,synthetic_scenario_generator,26006
2023-02-23,IND_VIZ,1.75,2.4,1.0,True,synthetic_scenario_generator,26006
2023-02-24,IND_VIZ,1.59,2.24,1.0,True,synthetic_scenario_generator,26006
2023-02-25,IND_VIZ,1.47,2.12,1.0,True,synthetic_scenario_generator,26006
2023-02-26,IND_VIZ,1.23,1.88,1.0,True,synthetic_scenario_generator,26006
2023-02-27,IND_VIZ,0.82,1.47,1.0,True,synthetic_scenario_generator,26006
2023-02-28,IND_VIZ,0.48,1.13,1.0,True,synthetic_scenario_generator,26006
2023-03-01,IND_VIZ,0.42,1.07,1.0,True,synthetic_scenario_generator,26006
2023-03-02,IND_VIZ,0.66,1.31,1.0,True,synthetic_scenario_generator,26006
2023-03-03,IND_VIZ,0.67,1.32,1.0,True,synthetic_scenario_generator,26006
2023-03-04,IND_VIZ,0.93,1.58,1.0,True,synthetic_scenario_generator,26006
2023-03-05,IND_VIZ,1.29,1.94,1.0,True,synthetic_scenario_generator,26006
2023-03-06,IND_VIZ,1.8,2.45,1.0,True,synthetic_scenario_generator,26006
2023-03-07,IND_VIZ,1.81,2.46,1.0,True,synthetic_scenario_generator,26006
2023-03-08,IND_VIZ,1.91,2.56,1.0,True,synthetic_scenario_generator,26006
2023-03-09,IND_VIZ,2.08,2.73,1.0,True,synthetic_scenario_generator,26006
2023-03-10,IND_VIZ,2.01,2.66,1.0,True,synthetic_scenario_generator,26006
2023-03-11,IND_VIZ,1.65,2.3,1.0,True,synthetic_scenario_generator,26006
2023-03-12,IND_VIZ,1.5,2.15,1.0,True,synthetic_scenario_generator,26006
2023-03-13,IND_VIZ,0.88,1.53,1.0,True,synthetic_scenario_generator,26006
2023-03-14,IND_VIZ,0.91,1.56,1.0,True,synthetic_scenario_generator,26006
2023-03-15,IND_VIZ,0.62,1.27,1.0,True,synthetic_scenario_generator,26006
2023-03-16,IND_VIZ,0.32,0.97,1.0,True,synthetic_scenario_generator,26006
2023-03-17,IND_VIZ,0.57,1.22,1.0,True,synthetic_scenario_generator,26006
2023-03-18,IND_VIZ,0.69,1.34,1.0,True,synthetic_scenario_generator,26006
2023-03-19,IND_VIZ,1.05,1.7,1.0,True,synthetic_scenario_generator,26006
2023-03-20,IND_VIZ,1.41,2.06,1.0,True,synthetic_scenario_generator,26006
2023-03-21,IND_VIZ,1.56,2.21,1.0,True,synthetic_scenario_generator,26006
2023-03-22,IND_VIZ,1.81,2.46,1.0,True,synthetic_scenario_generator,26006
2023-03-23,IND_VIZ,1.99,2.64,1.0,True,synthetic_scenario_generator,26006
2023-03-24,IND_VIZ,1.86,2.51,1.0,True,synthetic_scenario_generator,26006
2023-03-25,IND_VIZ,1.66,2.31,1.0,True,synthetic_scenario_generator,26006
2023-03-26,IND_VIZ,1.52,2.17,1.0,True,synthetic_scenario_generator,26006
2023-03-27,IND_VIZ,1.27,1.92,1.0,True,synthetic_scenario_generator,26006
2023-03-28,IND_VIZ,1.24,1.89,1.0,True,synthetic_scenario_generator,26006
2023-03-29,IND_VIZ,0.8,1.45,1.0,True,synthetic_scenario_generator,26006
2023-03-30,IND_VIZ,0.56,1.21,1.0,True,synthetic_scenario_generator,26006
2023-03-31,IND_VIZ,0.4,1.05,1.0,True,synthetic_scenario_generator,26006
2023-04-01,IND_VIZ,0.71,1.36,1.0,True,synthetic_scenario_generator,26006
2023-04-02,IND_VIZ,0.86,1.51,1.0,True,synthetic_scenario_generator,26006
2023-04-03,IND_VIZ,1.19,1.84,1.0,True,synthetic_scenario_generator,26006
2023-04-04,IND_VIZ,1.54,2.19,1.0,True,synthetic_scenario_generator,26006
2023-04-05,IND_VIZ,1.7,2.35,1.0,True,synthetic_scenario_generator,26006
2023-04-06,IND_VIZ,1.94,2.59,1.0,True,synthetic_scenario_generator,26006
2023-04-07,IND_VIZ,1.75,2.4,1.0,True,synthetic_scenario_generator,26006
2023-04-08,IND_VIZ,1.89,2.54,1.0,True,synthetic_scenario_generator,26006
2023-04-09,IND_VIZ,1.79,2.44,1.0,True,synthetic_scenario_generator,26006
2023-04-10,IND_VIZ,1.45,2.1,1.0,True,synthetic_scenario_generator,26006
2023-04-11,IND_VIZ,1.3,1.95,1.0,True,synthetic_scenario_generator,26006
2023-04-12,IND_VIZ,0.82,1.47,1.0,True,synthetic_scenario_generator,26006
2023-04-13,IND_VIZ,0.59,1.24,1.0,True,synthetic_scenario_generator,26006
2023-04-14,IND_VIZ,0.57,1.22,1.0,True,synthetic_scenario_generator,26006
2023-04-15,IND_VIZ,0.41,1.06,1.0,True,synthetic_scenario_generator,26006
2023-04-16,IND_VIZ,0.63,1.28,1.0,True,synthetic_scenario_generator,26006
2023-04-17,IND_VIZ,1.04,1.69,1.0,True,synthetic_scenario_generator,26006
2023-04-18,IND_VIZ,1.07,1.72,1.0,True,synthetic_scenario_generator,26006
2023-04-19,IND_VIZ,1.45,2.1,1.0,True,synthetic_scenario_generator,26006
2023-04-20,IND_VIZ,1.89,2.54,1.0,True,synthetic_scenario_generator,26006
2023-04-21,IND_VIZ,1.98,2.63,1.0,True,synthetic_scenario_generator,26006
2023-04-22,IND_VIZ,1.9,2.55,1.0,True,synthetic_scenario_generator,26006
2023-04-23,IND_VIZ,1.86,2.51,1.0,True,synthetic_scenario_generator,26006
2023-04-24,IND_VIZ,1.79,2.44,1.0,True,synthetic_scenario_generator,26006
2023-04-25,IND_VIZ,1.35,2.0,1.0,True,synthetic_scenario_generator,26006
2023-04-26,IND_VIZ,1.18,1.83,1.0,True,synthetic_scenario_generator,26006
2023-04-27,IND_VIZ,0.84,1.49,1.0,True,synthetic_scenario_generator,26006
2023-04-28,IND_VIZ,0.77,1.42,1.0,True,synthetic_scenario_generator,26006
2023-04-29,IND_VIZ,0.48,1.13,1.0,True,synthetic_scenario_generator,26006
2023-04-30,IND_VIZ,0.61,1.26,1.0,True,synthetic_scenario_generator,26006
2023-05-01,IND_VIZ,0.66,1.31,1.0,True,synthetic_scenario_generator,26006
2023-05-02,IND_VIZ,0.88,1.53,1.0,True,synthetic_scenario_generator,26006
2023-05-03,IND_VIZ,1.24,1.89,1.0,True,synthetic_scenario_generator,26006
2023-05-04,IND_VIZ,1.54,2.19,1.0,True,synthetic_scenario_generator,26006
2023-05-05,IND_VIZ,1.94,2.59,1.0,True,synthetic_scenario_generator,26006
2023-05-06,IND_VIZ,2.06,2.71,1.0,True,synthetic_scenario_generator,26006
2023-05-07,IND_VIZ,2.1,2.75,1.0,True,synthetic_scenario_generator,26006
2023-05-08,IND_VIZ,1.81,2.46,1.0,True,synthetic_scenario_generator,26006
2023-05-09,IND_VIZ,1.61,2.26,1.0,True,synthetic_scenario_generator,26006
2023-05-10,IND_VIZ,1.3,1.95,1.0,True,synthetic_scenario_generator,26006
2023-05-11,IND_VIZ,1.0,1.65,1.0,True,synthetic_scenario_generator,26006
2023-05-12,IND_VIZ,0.72,1.37,1.0,True,synthetic_scenario_generator,26006
2023-05-13,IND_VIZ,0.46,1.11,1.0,True,synthetic_scenario_generator,26006
2023-05-14,IND_VIZ,0.48,1.13,1.0,True,synthetic_scenario_generator,26006
2023-05-15,IND_VIZ,0.51,1.16,1.0,True,synthetic_scenario_generator,26006
2023-05-16,IND_VIZ,0.81,1.46,1.0,True,synthetic_scenario_generator,26006
2023-05-17,IND_VIZ,0.92,1.57,1.0,True,synthetic_scenario_generator,26006
2023-05-18,IND_VIZ,1.28,1.93,1.0,True,synthetic_scenario_generator,26006
2023-05-19,IND_VIZ,1.57,2.22,1.0,True,synthetic_scenario_generator,26006
2023-05-20,IND_VIZ,1.93,2.58,1.0,True,synthetic_scenario_generator,26006
2023-05-21,IND_VIZ,2.12,2.77,1.0,True,synthetic_scenario_generator,26006
2023-05-22,IND_VIZ,1.95,2.6,1.0,True,synthetic_scenario_generator,26006
2023-05-23,IND_VIZ,1.91,2.56,1.0,True,synthetic_scenario_generator,26006
2023-05-24,IND_VIZ,1.7,2.35,1.0,True,synthetic_scenario_generator,26006
2023-05-25,IND_VIZ,1.32,1.97,1.0,True,synthetic_scenario_generator,26006
2023-05-26,IND_VIZ,0.94,1.59,1.0,True,synthetic_scenario_generator,26006
2023-05-27,IND_VIZ,0.7,1.35,1.0,True,synthetic_scenario_generator,26006
2023-05-28,IND_VIZ,0.6,1.25,1.0,True,synthetic_scenario_generator,26006
2023-05-29,IND_VIZ,0.52,1.17,1.0,True,synthetic_scenario_generator,26006
2023-05-30,IND_VIZ,0.6,1.25,1.0,True,synthetic_scenario_generator,26006
2023-05-31,IND_VIZ,0.8,1.45,1.0,True,synthetic_scenario_generator,26006
2023-06-01,IND_VIZ,1.1,1.75,1.0,True,synthetic_scenario_generator,26006
2023-06-02,IND_VIZ,1.35,2.0,1.0,True,synthetic_scenario_generator,26006
2023-06-03,IND_VIZ,1.79,2.44,1.0,True,synthetic_scenario_generator,26006
2023-06-04,IND_VIZ,1.73,2.38,1.0,True,synthetic_scenario_generator,26006
2023-06-05,IND_VIZ,1.99,2.64,1.0,True,synthetic_scenario_generator,26006
2023-06-06,IND_VIZ,1.96,2.61,1.0,True,synthetic_scenario_generator,26006
2023-06-07,IND_VIZ,1.79,2.44,1.0,True,synthetic_scenario_generator,26006
2023-06-08,IND_VIZ,1.52,2.17,1.0,True,synthetic_scenario_generator,26006
2023-06-09,IND_VIZ,1.11,1.76,1.0,True,synthetic_scenario_generator,26006
2023-06-10,IND_VIZ,0.87,1.52,1.0,True,synthetic_scenario_generator,26006
2023-06-11,IND_VIZ,0.7,1.35,1.0,True,synthetic_scenario_generator,26006
2023-06-12,IND_VIZ,0.59,1.24,1.0,True,synthetic_scenario_generator,26006
2023-06-13,IND_VIZ,0.58,1.23,1.0,True,synthetic_scenario_generator,26006
2023-06-14,IND_VIZ,0.61,1.26,1.0,True,synthetic_scenario_generator,26006
2023-06-15,IND_VIZ,1.09,1.74,1.0,True,synthetic_scenario_generator,26006
2023-06-16,IND_VIZ,1.16,1.81,1.0,True,synthetic_scenario_generator,26006
2023-06-17,IND_VIZ,1.48,2.13,1.0,True,synthetic_scenario_generator,26006
2023-06-18,IND_VIZ,1.66,2.31,1.0,True,synthetic_scenario_generator,26006
2023-06-19,IND_VIZ,2.01,2.66,1.0,True,synthetic_scenario_generator,26006
2023-06-20,IND_VIZ,1.85,2.5,1.0,True,synthetic_scenario_generator,26006
2023-06-21,IND_VIZ,2.08,2.73,1.0,True,synthetic_scenario_generator,26006
2023-06-22,IND_VIZ,1.69,2.34,1.0,True,synthetic_scenario_generator,26006
2023-06-23,IND_VIZ,1.39,2.04,1.0,True,synthetic_scenario_generator,26006
2023-06-24,IND_VIZ,1.09,1.74,1.0,True,synthetic_scenario_generator,26006
2023-06-25,IND_VIZ,1.02,1.67,1.0,True,synthetic_scenario_generator,26006
2023-06-26,IND_VIZ,0.49,1.14,1.0,True,synthetic_scenario_generator,26006
2023-06-27,IND_VIZ,0.31,0.96,1.0,True,synthetic_scenario_generator,26006
2023-06-28,IND_VIZ,0.52,1.17,1.0,True,synthetic_scenario_generator,26006
2023-06-29,IND_VIZ,0.73,1.38,1.0,True,synthetic_scenario_generator,26006
2023-06-30,IND_VIZ,0.86,1.51,1.0,True,synthetic_scenario_generator,26006
2023-07-01,IND_VIZ,1.28,1.93,1.0,True,synthetic_scenario_generator,26006
2023-07-02,IND_VIZ,1.77,2.42,1.0,True,synthetic_scenario_generator,26006
2023-07-03,IND_VIZ,1.75,2.4,1.0,True,synthetic_scenario_generator,26006
2023-07-04,IND_VIZ,1.86,2.51,1.0,True,synthetic_scenario_generator,26006
2023-07-05,IND_VIZ,2.02,2.67,1.0,True,synthetic_scenario_generator,26006
2023-07-06,IND_VIZ,1.87,2.52,1.0,True,synthetic_scenario_generator,26006
2023-07-07,IND_VIZ,1.6,2.25,1.0,True,synthetic_scenario_generator,26006
2023-07-08,IND_VIZ,1.3,1.95,1.0,True,synthetic_scenario_generator,26006
2023-07-09,IND_VIZ,1.25,1.9,1.0,True,synthetic_scenario_generator,26006
2023-07-10,IND_VIZ,0.8,1.45,1.0,True,synthetic_scenario_generator,26006
2023-07-11,IND_VIZ,0.57,1.22,1.0,True,synthetic_scenario_generator,26006
2023-07-12,IND_VIZ,0.5,1.15,1.0,True,synthetic_scenario_generator,26006
2023-07-13,IND_VIZ,0.57,1.22,1.0,True,synthetic_scenario_generator,26006
2023-07-14,IND_VIZ,0.85,1.5,1.0,True,synthetic_scenario_generator,26006
2023-07-15,IND_VIZ,0.89,1.54,1.0,True,synthetic_scenario_generator,26006
2023-07-16,IND_VIZ,1.35,2.0,1.0,True,synthetic_scenario_generator,26006
2023-07-17,IND_VIZ,1.57,2.22,1.0,True,synthetic_scenario_generator,26006
2023-07-18,IND_VIZ,1.92,2.57,1.0,True,synthetic_scenario_generator,26006
2023-07-19,IND_VIZ,1.95,2.6,1.0,True,synthetic_scenario_generator,26006
2023-07-20,IND_VIZ,1.86,2.51,1.0,True,synthetic_scenario_generator,26006
2023-07-21,IND_VIZ,1.82,2.47,1.0,True,synthetic_scenario_generator,26006
2023-07-22,IND_VIZ,1.63,2.28,1.0,True,synthetic_scenario_generator,26006
2023-07-23,IND_VIZ,1.27,1.92,1.0,True,synthetic_scenario_generator,26006
2023-07-24,IND_VIZ,1.04,1.69,1.0,True,synthetic_scenario_generator,26006
2023-07-25,IND_VIZ,0.83,1.48,1.0,True,synthetic_scenario_generator,26006
2023-07-26,IND_VIZ,0.49,1.14,1.0,True,synthetic_scenario_generator,26006
2023-07-27,IND_VIZ,0.43,1.08,1.0,True,synthetic_scenario_generator,26006
2023-07-28,IND_VIZ,0.62,1.27,1.0,True,synthetic_scenario_generator,26006
2023-07-29,IND_VIZ,0.91,1.56,1.0,True,synthetic_scenario_generator,26006
2023-07-30,IND_VIZ,1.17,1.82,1.0,True,synthetic_scenario_generator,26006
2023-07-31,IND_VIZ,1.46,2.11,1.0,True,synthetic_scenario_generator,26006
2023-08-01,IND_VIZ,1.8,2.45,1.0,True,synthetic_scenario_generator,26006
2023-08-02,IND_VIZ,1.95,2.6,1.0,True,synthetic_scenario_generator,26006
2023-08-03,IND_VIZ,1.86,2.51,1.0,True,synthetic_scenario_generator,26006
2023-08-04,IND_VIZ,1.77,2.42,1.0,True,synthetic_scenario_generator,26006
2023-08-05,IND_VIZ,1.92,2.57,1.0,True,synthetic_scenario_generator,26006
2023-08-06,IND_VIZ,1.54,2.19,1.0,True,synthetic_scenario_generator,26006
2023-08-07,IND_VIZ,1.25,1.9,1.0,True,synthetic_scenario_generator,26006
2023-08-08,IND_VIZ,0.82,1.47,1.0,True,synthetic_scenario_generator,26006
2023-08-09,IND_VIZ,0.69,1.34,1.0,True,synthetic_scenario_generator,26006
2023-08-10,IND_VIZ,0.36,1.01,1.0,True,synthetic_scenario_generator,26006
2023-08-11,IND_VIZ,0.43,1.08,1.0,True,synthetic_scenario_generator,26006
2023-08-12,IND_VIZ,0.73,1.38,1.0,True,synthetic_scenario_generator,26006
2023-08-13,IND_VIZ,0.72,1.37,1.0,True,synthetic_scenario_generator,26006
2023-08-14,IND_VIZ,1.07,1.72,1.0,True,synthetic_scenario_generator,26006
2023-08-15,IND_VIZ,1.47,2.12,1.0,True,synthetic_scenario_generator,26006
2023-08-16,IND_VIZ,1.94,2.59,1.0,True,synthetic_scenario_generator,26006
2023-08-17,IND_VIZ,1.87,2.52,1.0,True,synthetic_scenario_generator,26006
2023-08-18,IND_VIZ,1.96,2.61,1.0,True,synthetic_scenario_generator,26006
2023-08-19,IND_VIZ,2.03,2.68,1.0,True,synthetic_scenario_generator,26006
2023-08-20,IND_VIZ,1.73,2.38,1.0,True,synthetic_scenario_generator,26006
2023-08-21,IND_VIZ,1.29,1.94,1.0,True,synthetic_scenario_generator,26006
2023-08-22,IND_VIZ,1.25,1.9,1.0,True,synthetic_scenario_generator,26006
2023-08-23,IND_VIZ,1.04,1.69,1.0,True,synthetic_scenario_generator,26006
2023-08-24,IND_VIZ,0.57,1.22,1.0,True,synthetic_scenario_generator,26006
2023-08-25,IND_VIZ,0.6,1.25,1.0,True,synthetic_scenario_generator,26006
2023-08-26,IND_VIZ,0.59,1.24,1.0,True,synthetic_scenario_generator,26006
2023-08-27,IND_VIZ,0.64,1.29,1.0,True,synthetic_scenario_generator,26006
2023-08-28,IND_VIZ,0.83,1.48,1.0,True,synthetic_scenario_generator,26006
2023-08-29,IND_VIZ,1.3,1.95,1.0,True,synthetic_scenario_generator,26006
2023-08-30,IND_VIZ,1.52,2.17,1.0,True,synthetic_scenario_generator,26006
2023-08-31,IND_VIZ,1.9,2.55,1.0,True,synthetic_scenario_generator,26006
2023-09-01,IND_VIZ,1.8,2.45,1.0,True,synthetic_scenario_generator,26006
2023-09-02,IND_VIZ,1.96,2.61,1.0,True,synthetic_scenario_generator,26006
2023-09-03,IND_VIZ,1.96,2.61,1.0,True,synthetic_scenario_generator,26006
2023-09-04,IND_VIZ,1.79,2.44,1.0,True,synthetic_scenario_generator,26006
2023-09-05,IND_VIZ,1.45,2.1,1.0,True,synthetic_scenario_generator,26006
2023-09-06,IND_VIZ,1.14,1.79,1.0,True,synthetic_scenario_generator,26006
2023-09-07,IND_VIZ,0.79,1.44,1.0,True,synthetic_scenario_generator,26006
2023-09-08,IND_VIZ,0.79,1.44,1.0,True,synthetic_scenario_generator,26006
2023-09-09,IND_VIZ,0.32,0.97,1.0,True,synthetic_scenario_generator,26006
2023-09-10,IND_VIZ,0.6,1.25,1.0,True,synthetic_scenario_generator,26006
2023-09-11,IND_VIZ,0.7,1.35,1.0,True,synthetic_scenario_generator,26006
2023-09-12,IND_VIZ,1.07,1.72,1.0,True,synthetic_scenario_generator,26006
2023-09-13,IND_VIZ,1.47,2.12,1.0,True,synthetic_scenario_generator,26006
2023-09-14,IND_VIZ,1.6,2.25,1.0,True,synthetic_scenario_generator,26006
2023-09-15,IND_VIZ,1.89,2.54,1.0,True,synthetic_scenario_generator,26006
2023-09-16,IND_VIZ,2.01,2.66,1.0,True,synthetic_scenario_generator,26006
2023-09-17,IND_VIZ,1.83,2.48,1.0,True,synthetic_scenario_generator,26006
2023-09-18,IND_VIZ,1.92,2.57,1.0,True,synthetic_scenario_generator,26006
2023-09-19,IND_VIZ,1.4,2.05,1.0,True,synthetic_scenario_generator,26006
2023-09-20,IND_VIZ,1.48,2.13,1.0,True,synthetic_scenario_generator,26006
2023-09-21,IND_VIZ,0.81,1.46,1.0,True,synthetic_scenario_generator,26006
2023-09-22,IND_VIZ,0.77,1.42,1.0,True,synthetic_scenario_generator,26006
2023-09-23,IND_VIZ,0.4,1.05,1.0,True,synthetic_scenario_generator,26006
2023-09-24,IND_VIZ,0.43,1.08,1.0,True,synthetic_scenario_generator,26006
2023-09-25,IND_VIZ,0.39,1.04,1.0,True,synthetic_scenario_generator,26006
2023-09-26,IND_VIZ,0.87,1.52,1.0,True,synthetic_scenario_generator,26006
2023-09-27,IND_VIZ,1.08,1.73,1.0,True,synthetic_scenario_generator,26006
2023-09-28,IND_VIZ,1.39,2.04,1.0,True,synthetic_scenario_generator,26006
2023-09-29,IND_VIZ,1.65,2.3,1.0,True,synthetic_scenario_generator,26006
2023-09-30,IND_VIZ,1.9,2.55,1.0,True,synthetic_scenario_generator,26006
2023-10-01,IND_VIZ,1.94,2.59,1.0,True,synthetic_scenario_generator,26006
2023-10-02,IND_VIZ,2.03,2.68,1.0,True,synthetic_scenario_generator,26006
2023-10-03,IND_VIZ,1.9,2.55,1.0,True,synthetic_scenario_generator,26006
2023-10-04,IND_VIZ,1.47,2.12,1.0,True,synthetic_scenario_generator,26006
2023-10-05,IND_VIZ,1.21,1.86,1.0,True,synthetic_scenario_generator,26006
2023-10-06,IND_VIZ,0.81,1.46,1.0,True,synthetic_scenario_generator,26006
2023-10-07,IND_VIZ,0.72,1.37,1.0,True,synthetic_scenario_generator,26006
2023-10-08,IND_VIZ,0.61,1.26,1.0,True,synthetic_scenario_generator,26006
2023-10-09,IND_VIZ,0.51,1.16,1.0,True,synthetic_scenario_generator,26006
2023-10-10,IND_VIZ,0.69,1.34,1.0,True,synthetic_scenario_generator,26006
2023-10-11,IND_VIZ,0.89,1.54,1.0,True,synthetic_scenario_generator,26006
2023-10-12,IND_VIZ,1.06,1.71,1.0,True,synthetic_scenario_generator,26006
2023-10-13,IND_VIZ,1.61,2.26,1.0,True,synthetic_scenario_generator,26006
2023-10-14,IND_VIZ,1.7,2.35,1.0,True,synthetic_scenario_generator,26006
2023-10-15,IND_VIZ,1.87,2.52,1.0,True,synthetic_scenario_generator,26006
2023-10-16,IND_VIZ,1.98,2.63,1.0,True,synthetic_scenario_generator,26006
2023-10-17,IND_VIZ,1.98,2.63,1.0,True,synthetic_scenario_generator,26006
2023-10-18,IND_VIZ,1.7,2.35,1.0,True,synthetic_scenario_generator,26006
2023-10-19,IND_VIZ,1.53,2.18,1.0,True,synthetic_scenario_generator,26006
2023-10-20,IND_VIZ,1.11,1.76,1.0,True,synthetic_scenario_generator,26006
2023-10-21,IND_VIZ,0.81,1.46,1.0,True,synthetic_scenario_generator,26006
2023-10-22,IND_VIZ,0.68,1.33,1.0,True,synthetic_scenario_generator,26006
2023-10-23,IND_VIZ,0.42,1.07,1.0,True,synthetic_scenario_generator,26006
2023-10-24,IND_VIZ,0.32,0.97,1.0,True,synthetic_scenario_generator,26006
2023-10-25,IND_VIZ,0.65,1.3,1.0,True,synthetic_scenario_generator,26006
2023-10-26,IND_VIZ,1.06,1.71,1.0,True,synthetic_scenario_generator,26006
2023-10-27,IND_VIZ,1.38,2.03,1.0,True,synthetic_scenario_generator,26006
2023-10-28,IND_VIZ,1.53,2.18,1.0,True,synthetic_scenario_generator,26006
2023-10-29,IND_VIZ,1.77,2.42,1.0,True,synthetic_scenario_generator,26006
2023-10-30,IND_VIZ,2.08,2.73,1.0,True,synthetic_scenario_generator,26006
2023-10-31,IND_VIZ,1.97,2.62,1.0,True,synthetic_scenario_generator,26006
2023-11-01,IND_VIZ,1.89,2.54,1.0,True,synthetic_scenario_generator,26006
2023-11-02,IND_VIZ,1.62,2.27,1.0,True,synthetic_scenario_generator,26006
2023-11-03,IND_VIZ,1.5,2.15,1.0,True,synthetic_scenario_generator,26006
2023-11-04,IND_VIZ,1.22,1.87,1.0,True,synthetic_scenario_generator,26006
2023-11-05,IND_VIZ,1.0,1.65,1.0,True,synthetic_scenario_generator,26006
2023-11-06,IND_VIZ,0.65,1.3,1.0,True,synthetic_scenario_generator,26006
2023-11-07,IND_VIZ,0.39,1.04,1.0,True,synthetic_scenario_generator,26006
2023-11-08,IND_VIZ,0.57,1.22,1.0,True,synthetic_scenario_generator,26006
2023-11-09,IND_VIZ,0.74,1.39,1.0,True,synthetic_scenario_generator,26006
2023-11-10,IND_VIZ,0.83,1.48,1.0,True,synthetic_scenario_generator,26006
2023-11-11,IND_VIZ,1.2,1.85,1.0,True,synthetic_scenario_generator,26006
2023-11-12,IND_VIZ,1.56,2.21,1.0,True,synthetic_scenario_generator,26006
2023-11-13,IND_VIZ,1.95,2.6,1.0,True,synthetic_scenario_generator,26006
2023-11-14,IND_VIZ,1.83,2.48,1.0,True,synthetic_scenario_generator,26006
2023-11-15,IND_VIZ,1.96,2.61,1.0,True,synthetic_scenario_generator,26006
2023-11-16,IND_VIZ,1.83,2.48,1.0,True,synthetic_scenario_generator,26006
2023-11-17,IND_VIZ,1.63,2.28,1.0,True,synthetic_scenario_generator,26006
2023-11-18,IND_VIZ,1.42,2.07,1.0,True,synthetic_scenario_generator,26006
2023-11-19,IND_VIZ,1.13,1.78,1.0,True,synthetic_scenario_generator,26006
2023-11-20,IND_VIZ,0.81,1.46,1.0,True,synthetic_scenario_generator,26006
2023-11-21,IND_VIZ,0.57,1.22,1.0,True,synthetic_scenario_generator,26006
2023-11-22,IND_VIZ,0.41,1.06,1.0,True,synthetic_scenario_generator,26006
2023-11-23,IND_VIZ,0.53,1.18,1.0,True,synthetic_scenario_generator,26006
2023-11-24,IND_VIZ,0.83,1.48,1.0,True,synthetic_scenario_generator,26006
2023-11-25,IND_VIZ,1.08,1.73,1.0,True,synthetic_scenario_generator,26006
2023-11-26,IND_VIZ,1.27,1.92,1.0,True,synthetic_scenario_generator,26006
2023-11-27,IND_VIZ,1.63,2.28,1.0,True,synthetic_scenario_generator,26006
2023-11-28,IND_VIZ,1.75,2.4,1.0,True,synthetic_scenario_generator,26006
2023-11-29,IND_VIZ,1.99,2.64,1.0,True,synthetic_scenario_generator,26006
2023-11-30,IND_VIZ,1.94,2.59,1.0,True,synthetic_scenario_generator,26006
2023-12-01,IND_VIZ,1.84,2.49,1.0,True,synthetic_scenario_generator,26006
2023-12-02,IND_VIZ,1.62,2.27,1.0,True,synthetic_scenario_generator,26006
2023-12-03,IND_VIZ,1.33,1.98,1.0,True,synthetic_scenario_generator,26006
2023-12-04,IND_VIZ,0.84,1.49,1.0,True,synthetic_scenario_generator,26006
2023-12-05,IND_VIZ,0.67,1.32,1.0,True,synthetic_scenario_generator,26006
2023-12-06,IND_VIZ,0.54,1.19,1.0,True,synthetic_scenario_generator,26006
2023-12-07,IND_VIZ,0.43,1.08,1.0,True,synthetic_scenario_generator,26006
2023-12-08,IND_VIZ,0.56,1.21,1.0,True,synthetic_scenario_generator,26006
2023-12-09,IND_VIZ,0.87,1.52,1.0,True,synthetic_scenario_generator,26006
2023-12-10,IND_VIZ,1.04,1.69,1.0,True,synthetic_scenario_generator,26006
2023-12-11,IND_VIZ,1.49,2.14,1.0,True,synthetic_scenario_generator,26006
2023-12-12,IND_VIZ,1.84,2.49,1.0,True,synthetic_scenario_generator,26006
2023-12-13,IND_VIZ,1.89,2.54,1.0,True,synthetic_scenario_generator,26006
2023-12-14,IND_VIZ,1.84,2.49,1.0,True,synthetic_scenario_generator,26006
2023-12-15,IND_VIZ,1.94,2.59,1.0,True,synthetic_scenario_generator,26006
2023-12-16,IND_VIZ,1.67,2.32,1.0,True,synthetic_scenario_generator,26006
2023-12-17,IND_VIZ,1.42,2.07,1.0,True,synthetic_scenario_generator,26006
2023-12-18,IND_VIZ,1.11,1.76,1.0,True,synthetic_scenario_generator,26006
2023-12-19,IND_VIZ,0.82,1.47,1.0,True,synthetic_scenario_generator,26006
2023-12-20,IND_VIZ,0.63,1.28,1.0,True,synthetic_scenario_generator,26006
2023-12-21,IND_VIZ,0.41,1.06,1.0,True,synthetic_scenario_generator,26006
2023-12-22,IND_VIZ,0.53,1.18,1.0,True,synthetic_scenario_generator,26006
2023-12-23,IND_VIZ,0.6,1.25,1.0,True,synthetic_scenario_generator,26006
2023-12-24,IND_VIZ,0.7,1.35,1.0,True,synthetic_scenario_generator,26006
2023-12-25,IND_VIZ,1.21,1.86,1.0,True,synthetic_scenario_generator,26006
2023-12-26,IND_VIZ,1.51,2.16,1.0,True,synthetic_scenario_generator,26006
2023-12-27,IND_VIZ,1.84,2.49,1.0,True,synthetic_scenario_generator,26006
2023-12-28,IND_VIZ,1.94,2.59,1.0,True,synthetic_scenario_generator,26006
2023-12-29,IND_VIZ,2.14,2.79,1.0,True,synthetic_scenario_generator,26006
2023-12-30,IND_VIZ,1.95,2.6,1.0,True,synthetic_scenario_generator,26006
2023-12-31,IND_VIZ,1.72,2.37,1.0,True,synthetic_scenario_generator,26006
2024-01-01,IND_VIZ,1.47,2.12,1.0,True,synthetic_scenario_generator,26006
2024-01-02,IND_VIZ,1.05,1.7,1.0,True,synthetic_scenario_generator,26006
2024-01-03,IND_VIZ,0.98,1.63,1.0,True,synthetic_scenario_generator,26006
2024-01-04,IND_VIZ,0.61,1.26,1.0,True,synthetic_scenario_generator,26006
2024-01-05,IND_VIZ,0.36,1.01,1.0,True,synthetic_scenario_generator,26006
2024-01-06,IND_VIZ,0.4,1.05,1.0,True,synthetic_scenario_generator,26006
2024-01-07,IND_VIZ,0.6,1.25,1.0,True,synthetic_scenario_generator,26006
2024-01-08,IND_VIZ,0.86,1.51,1.0,True,synthetic_scenario_generator,26006
2024-01-09,IND_VIZ,1.18,1.83,1.0,True,synthetic_scenario_generator,26006
2024-01-10,IND_VIZ,1.6,2.25,1.0,True,synthetic_scenario_generator,26006
2024-01-11,IND_VIZ,1.83,2.48,1.0,True,synthetic_scenario_generator,26006
2024-01-12,IND_VIZ,2.05,2.7,1.0,True,synthetic_scenario_generator,26006
2024-01-13,IND_VIZ,2.01,2.66,1.0,True,synthetic_scenario_generator,26006
2024-01-14,IND_VIZ,1.95,2.6,1.0,True,synthetic_scenario_generator,26006
2024-01-15,IND_VIZ,1.7,2.35,1.0,True,synthetic_scenario_generator,26006
2024-01-16,IND_VIZ,1.34,1.99,1.0,True,synthetic_scenario_generator,26006
2024-01-17,IND_VIZ,1.18,1.83,1.0,True,synthetic_scenario_generator,26006
2024-01-18,IND_VIZ,0.97,1.62,1.0,True,synthetic_scenario_generator,26006
2024-01-19,IND_VIZ,0.59,1.24,1.0,True,synthetic_scenario_generator,26006
2024-01-20,IND_VIZ,0.36,1.01,1.0,True,synthetic_scenario_generator,26006
2024-01-21,IND_VIZ,0.58,1.23,1.0,True,synthetic_scenario_generator,26006
2024-01-22,IND_VIZ,0.78,1.43,1.0,True,synthetic_scenario_generator,26006
2024-01-23,IND_VIZ,0.84,1.49,1.0,True,synthetic_scenario_generator,26006
2024-01-24,IND_VIZ,1.27,1.92,1.0,True,synthetic_scenario_generator,26006
2024-01-25,IND_VIZ,1.58,2.23,1.0,True,synthetic_scenario_generator,26006
2024-01-26,IND_VIZ,1.83,2.48,1.0,True,synthetic_scenario_generator,26006
2024-01-27,IND_VIZ,2.06,2.71,1.0,True,synthetic_scenario_generator,26006
2024-01-28,IND_VIZ,1.93,2.58,1.0,True,synthetic_scenario_generator,26006
2024-01-29,IND_VIZ,1.94,2.59,1.0,True,synthetic_scenario_generator,26006
2024-01-30,IND_VIZ,1.73,2.38,1.0,True,synthetic_scenario_generator,26006
2024-01-31,IND_VIZ,1.27,1.92,1.0,True,synthetic_scenario_generator,26006
2024-02-01,IND_VIZ,0.98,1.63,1.0,True,synthetic_scenario_generator,26006
2024-02-02,IND_VIZ,0.7,1.35,1.0,True,synthetic_scenario_generator,26006
2024-02-03,IND_VIZ,0.72,1.37,1.0,True,synthetic_scenario_generator,26006
2024-02-04,IND_VIZ,0.58,1.23,1.0,True,synthetic_scenario_generator,26006
2024-02-05,IND_VIZ,0.68,1.33,1.0,True,synthetic_scenario_generator,26006
2024-02-06,IND_VIZ,0.71,1.36,1.0,True,synthetic_scenario_generator,26006
2024-02-07,IND_VIZ,1.17,1.82,1.0,True,synthetic_scenario_generator,26006
2024-02-08,IND_VIZ,1.41,2.06,1.0,True,synthetic_scenario_generator,26006
2024-02-09,IND_VIZ,1.62,2.27,1.0,True,synthetic_scenario_generator,26006
2024-02-10,IND_VIZ,1.92,2.57,1.0,True,synthetic_scenario_generator,26006
2024-02-11,IND_VIZ,2.02,2.67,1.0,True,synthetic_scenario_generator,26006
2024-02-12,IND_VIZ,1.69,2.34,1.0,True,synthetic_scenario_generator,26006
2024-02-13,IND_VIZ,1.78,2.43,1.0,True,synthetic_scenario_generator,26006
2024-02-14,IND_VIZ,1.38,2.03,1.0,True,synthetic_scenario_generator,26006
2024-02-15,IND_VIZ,1.3,1.95,1.0,True,synthetic_scenario_generator,26006
2024-02-16,IND_VIZ,0.88,1.53,1.0,True,synthetic_scenario_generator,26006
2024-02-17,IND_VIZ,0.79,1.44,1.0,True,synthetic_scenario_generator,26006
2024-02-18,IND_VIZ,0.61,1.26,1.0,True,synthetic_scenario_generator,26006
2024-02-19,IND_VIZ,0.57,1.22,1.0,True,synthetic_scenario_generator,26006
2024-02-20,IND_VIZ,0.69,1.34,1.0,True,synthetic_scenario_generator,26006
2024-02-21,IND_VIZ,0.83,1.48,1.0,True,synthetic_scenario_generator,26006
2024-02-22,IND_VIZ,1.16,1.81,1.0,True,synthetic_scenario_generator,26006
2024-02-23,IND_VIZ,1.38,2.03,1.0,True,synthetic_scenario_generator,26006
2024-02-24,IND_VIZ,1.63,2.28,1.0,True,synthetic_scenario_generator,26006
2024-02-25,IND_VIZ,1.88,2.53,1.0,True,synthetic_scenario_generator,26006
2024-02-26,IND_VIZ,2.03,2.68,1.0,True,synthetic_scenario_generator,26006
2024-02-27,IND_VIZ,1.83,2.48,1.0,True,synthetic_scenario_generator,26006
2024-02-28,IND_VIZ,1.9,2.55,1.0,True,synthetic_scenario_generator,26006
2024-02-29,IND_VIZ,1.66,2.31,1.0,True,synthetic_scenario_generator,26006
2024-03-01,IND_VIZ,1.06,1.71,1.0,True,synthetic_scenario_generator,26006
2024-03-02,IND_VIZ,0.99,1.64,1.0,True,synthetic_scenario_generator,26006
2024-03-03,IND_VIZ,0.66,1.31,1.0,True,synthetic_scenario_generator,26006
2024-03-04,IND_VIZ,0.49,1.14,1.0,True,synthetic_scenario_generator,26006
2024-03-05,IND_VIZ,0.56,1.21,1.0,True,synthetic_scenario_generator,26006
2024-03-06,IND_VIZ,0.77,1.42,1.0,True,synthetic_scenario_generator,26006
2024-03-07,IND_VIZ,1.05,1.7,1.0,True,synthetic_scenario_generator,26006
2024-03-08,IND_VIZ,1.27,1.92,1.0,True,synthetic_scenario_generator,26006
2024-03-09,IND_VIZ,1.62,2.27,1.0,True,synthetic_scenario_generator,26006
2024-03-10,IND_VIZ,1.78,2.43,1.0,True,synthetic_scenario_generator,26006
2024-03-11,IND_VIZ,2.07,2.72,1.0,True,synthetic_scenario_generator,26006
2024-03-12,IND_VIZ,2.06,2.71,1.0,True,synthetic_scenario_generator,26006
2024-03-13,IND_VIZ,1.7,2.35,1.0,True,synthetic_scenario_generator,26006
2024-03-14,IND_VIZ,1.7,2.35,1.0,True,synthetic_scenario_generator,26006
2024-03-15,IND_VIZ,1.32,1.97,1.0,True,synthetic_scenario_generator,26006
2024-03-16,IND_VIZ,1.05,1.7,1.0,True,synthetic_scenario_generator,26006
2024-03-17,IND_VIZ,0.91,1.56,1.0,True,synthetic_scenario_generator,26006
2024-03-18,IND_VIZ,0.53,1.18,1.0,True,synthetic_scenario_generator,26006
2024-03-19,IND_VIZ,0.45,1.1,1.0,True,synthetic_scenario_generator,26006
2024-03-20,IND_VIZ,0.55,1.2,1.0,True,synthetic_scenario_generator,26006
2024-03-21,IND_VIZ,0.73,1.38,1.0,True,synthetic_scenario_generator,26006
2024-03-22,IND_VIZ,0.92,1.57,1.0,True,synthetic_scenario_generator,26006
2024-03-23,IND_VIZ,1.18,1.83,1.0,True,synthetic_scenario_generator,26006
2024-03-24,IND_VIZ,1.52,2.17,1.0,True,synthetic_scenario_generator,26006
2024-03-25,IND_VIZ,1.85,2.5,1.0,True,synthetic_scenario_generator,26006
2024-03-26,IND_VIZ,1.9,2.55,1.0,True,synthetic_scenario_generator,26006
2024-03-27,IND_VIZ,2.09,2.74,1.0,True,synthetic_scenario_generator,26006
2024-03-28,IND_VIZ,1.91,2.56,1.0,True,synthetic_scenario_generator,26006
2024-03-29,IND_VIZ,1.67,2.32,1.0,True,synthetic_scenario_generator,26006
2024-03-30,IND_VIZ,1.43,2.08,1.0,True,synthetic_scenario_generator,26006
2024-03-31,IND_VIZ,1.19,1.84,1.0,True,synthetic_scenario_generator,26006
2024-04-01,IND_VIZ,0.61,1.26,1.0,True,synthetic_scenario_generator,26006
2024-04-02,IND_VIZ,0.67,1.32,1.0,True,synthetic_scenario_generator,26006
2024-04-03,IND_VIZ,0.53,1.18,1.0,True,synthetic_scenario_generator,26006
2024-04-04,IND_VIZ,0.64,1.29,1.0,True,synthetic_scenario_generator,26006
2024-04-05,IND_VIZ,0.85,1.5,1.0,True,synthetic_scenario_generator,26006
2024-04-06,IND_VIZ,1.01,1.66,1.0,True,synthetic_scenario_generator,26006
2024-04-07,IND_VIZ,1.4,2.05,1.0,True,synthetic_scenario_generator,26006
2024-04-08,IND_VIZ,1.81,2.46,1.0,True,synthetic_scenario_generator,26006
2024-04-09,IND_VIZ,1.9,2.55,1.0,True,synthetic_scenario_generator,26006
2024-04-10,IND_VIZ,1.87,2.52,1.0,True,synthetic_scenario_generator,26006
2024-04-11,IND_VIZ,1.98,2.63,1.0,True,synthetic_scenario_generator,26006
2024-04-12,IND_VIZ,1.72,2.37,1.0,True,synthetic_scenario_generator,26006
2024-04-13,IND_VIZ,1.53,2.18,1.0,True,synthetic_scenario_generator,26006
2024-04-14,IND_VIZ,1.22,1.87,1.0,True,synthetic_scenario_generator,26006
2024-04-15,IND_VIZ,1.11,1.76,1.0,True,synthetic_scenario_generator,26006
2024-04-16,IND_VIZ,0.74,1.39,1.0,True,synthetic_scenario_generator,26006
2024-04-17,IND_VIZ,0.57,1.22,1.0,True,synthetic_scenario_generator,26006
2024-04-18,IND_VIZ,0.56,1.21,1.0,True,synthetic_scenario_generator,26006
2024-04-19,IND_VIZ,0.59,1.24,1.0,True,synthetic_scenario_generator,26006
2024-04-20,IND_VIZ,0.87,1.52,1.0,True,synthetic_scenario_generator,26006
2024-04-21,IND_VIZ,1.29,1.94,1.0,True,synthetic_scenario_generator,26006
2024-04-22,IND_VIZ,1.5,2.15,1.0,True,synthetic_scenario_generator,26006
2024-04-23,IND_VIZ,1.76,2.41,1.0,True,synthetic_scenario_generator,26006
2024-04-24,IND_VIZ,1.92,2.57,1.0,True,synthetic_scenario_generator,26006
2024-04-25,IND_VIZ,1.91,2.56,1.0,True,synthetic_scenario_generator,26006
2024-04-26,IND_VIZ,1.89,2.54,1.0,True,synthetic_scenario_generator,26006
2024-04-27,IND_VIZ,1.76,2.41,1.0,True,synthetic_scenario_generator,26006
2024-04-28,IND_VIZ,1.5,2.15,1.0,True,synthetic_scenario_generator,26006
2024-04-29,IND_VIZ,1.25,1.9,1.0,True,synthetic_scenario_generator,26006
2024-04-30,IND_VIZ,0.87,1.52,1.0,True,synthetic_scenario_generator,26006
2024-05-01,IND_VIZ,0.62,1.27,1.0,True,synthetic_scenario_generator,26006
2024-05-02,IND_VIZ,0.52,1.17,1.0,True,synthetic_scenario_generator,26006
2024-05-03,IND_VIZ,0.67,1.32,1.0,True,synthetic_scenario_generator,26006
2024-05-04,IND_VIZ,0.58,1.23,1.0,True,synthetic_scenario_generator,26006
2024-05-05,IND_VIZ,0.92,1.57,1.0,True,synthetic_scenario_generator,26006
2024-05-06,IND_VIZ,1.18,1.83,1.0,True,synthetic_scenario_generator,26006
2024-05-07,IND_VIZ,1.49,2.14,1.0,True,synthetic_scenario_generator,26006
2024-05-08,IND_VIZ,1.85,2.5,1.0,True,synthetic_scenario_generator,26006
2024-05-09,IND_VIZ,2.0,2.65,1.0,True,synthetic_scenario_generator,26006
2024-05-10,IND_VIZ,2.07,2.72,1.0,True,synthetic_scenario_generator,26006
2024-05-11,IND_VIZ,1.94,2.59,1.0,True,synthetic_scenario_generator,26006
2024-05-12,IND_VIZ,1.67,2.32,1.0,True,synthetic_scenario_generator,26006
2024-05-13,IND_VIZ,1.41,2.06,1.0,True,synthetic_scenario_generator,26006
2024-05-14,IND_VIZ,1.22,1.87,1.0,True,synthetic_scenario_generator,26006
2024-05-15,IND_VIZ,0.96,1.61,1.0,True,synthetic_scenario_generator,26006
2024-05-16,IND_VIZ,0.68,1.33,1.0,True,synthetic_scenario_generator,26006
2024-05-17,IND_VIZ,0.43,1.08,1.0,True,synthetic_scenario_generator,26006
2024-05-18,IND_VIZ,0.66,1.31,1.0,True,synthetic_scenario_generator,26006
2024-05-19,IND_VIZ,0.75,1.4,1.0,True,synthetic_scenario_generator,26006
2024-05-20,IND_VIZ,0.82,1.47,1.0,True,synthetic_scenario_generator,26006
2024-05-21,IND_VIZ,1.32,1.97,1.0,True,synthetic_scenario_generator,26006
2024-05-22,IND_VIZ,1.64,2.29,1.0,True,synthetic_scenario_generator,26006
2024-05-23,IND_VIZ,1.72,2.37,1.0,True,synthetic_scenario_generator,26006
2024-05-24,IND_VIZ,1.81,2.46,1.0,True,synthetic_scenario_generator,26006
2024-05-25,IND_VIZ,2.01,2.66,1.0,True,synthetic_scenario_generator,26006
2024-05-26,IND_VIZ,1.76,2.41,1.0,True,synthetic_scenario_generator,26006
2024-05-27,IND_VIZ,1.66,2.31,1.0,True,synthetic_scenario_generator,26006
2024-05-28,IND_VIZ,1.37,2.02,1.0,True,synthetic_scenario_generator,26006
2024-05-29,IND_VIZ,1.09,1.74,1.0,True,synthetic_scenario_generator,26006
2024-05-30,IND_VIZ,0.75,1.4,1.0,True,synthetic_scenario_generator,26006
2024-05-31,IND_VIZ,0.6,1.25,1.0,True,synthetic_scenario_generator,26006
2024-06-01,IND_VIZ,0.59,1.24,1.0,True,synthetic_scenario_generator,26006
2024-06-02,IND_VIZ,0.55,1.2,1.0,True,synthetic_scenario_generator,26006
2024-06-03,IND_VIZ,0.63,1.28,1.0,True,synthetic_scenario_generator,26006
2024-06-04,IND_VIZ,1.12,1.77,1.0,True,synthetic_scenario_generator,26006
2024-06-05,IND_VIZ,1.39,2.04,1.0,True,synthetic_scenario_generator,26006
2024-06-06,IND_VIZ,1.62,2.27,1.0,True,synthetic_scenario_generator,26006
2024-06-07,IND_VIZ,1.86,2.51,1.0,True,synthetic_scenario_generator,26006
2024-06-08,IND_VIZ,1.95,2.6,1.0,True,synthetic_scenario_generator,26006
2024-06-09,IND_VIZ,1.96,2.61,1.0,True,synthetic_scenario_generator,26006
2024-06-10,IND_VIZ,1.95,2.6,1.0,True,synthetic_scenario_generator,26006
2024-06-11,IND_VIZ,1.67,2.32,1.0,True,synthetic_scenario_generator,26006
2024-06-12,IND_VIZ,1.33,1.98,1.0,True,synthetic_scenario_generator,26006
2024-06-13,IND_VIZ,1.02,1.67,1.0,True,synthetic_scenario_generator,26006
2024-06-14,IND_VIZ,0.67,1.32,1.0,True,synthetic_scenario_generator,26006
2024-06-15,IND_VIZ,0.57,1.22,1.0,True,synthetic_scenario_generator,26006
2024-06-16,IND_VIZ,0.42,1.07,1.0,True,synthetic_scenario_generator,26006
2024-06-17,IND_VIZ,0.59,1.24,1.0,True,synthetic_scenario_generator,26006
2024-06-18,IND_VIZ,1.09,1.74,1.0,True,synthetic_scenario_generator,26006
2024-06-19,IND_VIZ,1.07,1.72,1.0,True,synthetic_scenario_generator,26006
2024-06-20,IND_VIZ,1.33,1.98,1.0,True,synthetic_scenario_generator,26006
2024-06-21,IND_VIZ,1.52,2.17,1.0,True,synthetic_scenario_generator,26006
2024-06-22,IND_VIZ,1.9,2.55,1.0,True,synthetic_scenario_generator,26006
2024-06-23,IND_VIZ,2.01,2.66,1.0,True,synthetic_scenario_generator,26006
2024-06-24,IND_VIZ,1.85,2.5,1.0,True,synthetic_scenario_generator,26006
2024-06-25,IND_VIZ,1.72,2.37,1.0,True,synthetic_scenario_generator,26006
2024-06-26,IND_VIZ,1.49,2.14,1.0,True,synthetic_scenario_generator,26006
2024-06-27,IND_VIZ,1.15,1.8,1.0,True,synthetic_scenario_generator,26006
2024-06-28,IND_VIZ,0.83,1.48,1.0,True,synthetic_scenario_generator,26006
2024-06-29,IND_VIZ,0.74,1.39,1.0,True,synthetic_scenario_generator,26006
2024-06-30,IND_VIZ,0.56,1.21,1.0,True,synthetic_scenario_generator,26006
2024-07-01,IND_VIZ,0.67,1.32,1.0,True,synthetic_scenario_generator,26006
2024-07-02,IND_VIZ,0.67,1.32,1.0,True,synthetic_scenario_generator,26006
2024-07-03,IND_VIZ,0.93,1.58,1.0,True,synthetic_scenario_generator,26006
2024-07-04,IND_VIZ,1.31,1.96,1.0,True,synthetic_scenario_generator,26006
2024-07-05,IND_VIZ,1.39,2.04,1.0,True,synthetic_scenario_generator,26006
2024-07-06,IND_VIZ,1.6,2.25,1.0,True,synthetic_scenario_generator,26006
2024-07-07,IND_VIZ,1.99,2.64,1.0,True,synthetic_scenario_generator,26006
2024-07-08,IND_VIZ,2.01,2.66,1.0,True,synthetic_scenario_generator,26006
2024-07-09,IND_VIZ,1.96,2.61,1.0,True,synthetic_scenario_generator,26006
2024-07-10,IND_VIZ,1.71,2.36,1.0,True,synthetic_scenario_generator,26006
2024-07-11,IND_VIZ,1.45,2.1,1.0,True,synthetic_scenario_generator,26006
2024-07-12,IND_VIZ,1.18,1.83,1.0,True,synthetic_scenario_generator,26006
2024-07-13,IND_VIZ,0.97,1.62,1.0,True,synthetic_scenario_generator,26006
2024-07-14,IND_VIZ,0.49,1.14,1.0,True,synthetic_scenario_generator,26006
2024-07-15,IND_VIZ,0.56,1.21,1.0,True,synthetic_scenario_generator,26006
2024-07-16,IND_VIZ,0.53,1.18,1.0,True,synthetic_scenario_generator,26006
2024-07-17,IND_VIZ,0.69,1.34,1.0,True,synthetic_scenario_generator,26006
2024-07-18,IND_VIZ,0.95,1.6,1.0,True,synthetic_scenario_generator,26006
2024-07-19,IND_VIZ,1.31,1.96,1.0,True,synthetic_scenario_generator,26006
2024-07-20,IND_VIZ,1.46,2.11,1.0,True,synthetic_scenario_generator,26006
2024-07-21,IND_VIZ,1.86,2.51,1.0,True,synthetic_scenario_generator,26006
2024-07-22,IND_VIZ,1.83,2.48,1.0,True,synthetic_scenario_generator,26006
2024-07-23,IND_VIZ,1.97,2.62,1.0,True,synthetic_scenario_generator,26006
2024-07-24,IND_VIZ,1.91,2.56,1.0,True,synthetic_scenario_generator,26006
2024-07-25,IND_VIZ,1.74,2.39,1.0,True,synthetic_scenario_generator,26006
2024-07-26,IND_VIZ,1.34,1.99,1.0,True,synthetic_scenario_generator,26006
2024-07-27,IND_VIZ,1.11,1.76,1.0,True,synthetic_scenario_generator,26006
2024-07-28,IND_VIZ,0.81,1.46,1.0,True,synthetic_scenario_generator,26006
2024-07-29,IND_VIZ,0.41,1.06,1.0,True,synthetic_scenario_generator,26006
2024-07-30,IND_VIZ,0.45,1.1,1.0,True,synthetic_scenario_generator,26006
2024-07-31,IND_VIZ,0.6,1.25,1.0,True,synthetic_scenario_generator,26006
2024-08-01,IND_VIZ,0.63,1.28,1.0,True,synthetic_scenario_generator,26006
2024-08-02,IND_VIZ,1.01,1.66,1.0,True,synthetic_scenario_generator,26006
2024-08-03,IND_VIZ,1.2,1.85,1.0,True,synthetic_scenario_generator,26006
2024-08-04,IND_VIZ,1.56,2.21,1.0,True,synthetic_scenario_generator,26006
2024-08-05,IND_VIZ,1.9,2.55,1.0,True,synthetic_scenario_generator,26006
2024-08-06,IND_VIZ,1.96,2.61,1.0,True,synthetic_scenario_generator,26006
2024-08-07,IND_VIZ,1.92,2.57,1.0,True,synthetic_scenario_generator,26006
2024-08-08,IND_VIZ,1.95,2.6,1.0,True,synthetic_scenario_generator,26006
2024-08-09,IND_VIZ,1.52,2.17,1.0,True,synthetic_scenario_generator,26006
2024-08-10,IND_VIZ,1.43,2.08,1.0,True,synthetic_scenario_generator,26006
2024-08-11,IND_VIZ,0.9,1.55,1.0,True,synthetic_scenario_generator,26006
2024-08-12,IND_VIZ,0.56,1.21,1.0,True,synthetic_scenario_generator,26006
2024-08-13,IND_VIZ,0.54,1.19,1.0,True,synthetic_scenario_generator,26006
2024-08-14,IND_VIZ,0.54,1.19,1.0,True,synthetic_scenario_generator,26006
2024-08-15,IND_VIZ,0.7,1.35,1.0,True,synthetic_scenario_generator,26006
2024-08-16,IND_VIZ,0.86,1.51,1.0,True,synthetic_scenario_generator,26006
2024-08-17,IND_VIZ,1.1,1.75,1.0,True,synthetic_scenario_generator,26006
2024-08-18,IND_VIZ,1.46,2.11,1.0,True,synthetic_scenario_generator,26006
2024-08-19,IND_VIZ,1.67,2.32,1.0,True,synthetic_scenario_generator,26006
2024-08-20,IND_VIZ,1.82,2.47,1.0,True,synthetic_scenario_generator,26006
2024-08-21,IND_VIZ,1.94,2.59,1.0,True,synthetic_scenario_generator,26006
2024-08-22,IND_VIZ,2.02,2.67,1.0,True,synthetic_scenario_generator,26006
2024-08-23,IND_VIZ,1.67,2.32,1.0,True,synthetic_scenario_generator,26006
2024-08-24,IND_VIZ,1.66,2.31,1.0,True,synthetic_scenario_generator,26006
2024-08-25,IND_VIZ,1.32,1.97,1.0,True,synthetic_scenario_generator,26006
2024-08-26,IND_VIZ,0.96,1.61,1.0,True,synthetic_scenario_generator,26006
2024-08-27,IND_VIZ,0.61,1.26,1.0,True,synthetic_scenario_generator,26006
2024-08-28,IND_VIZ,0.35,1.0,1.0,True,synthetic_scenario_generator,26006
2024-08-29,IND_VIZ,0.54,1.19,1.0,True,synthetic_scenario_generator,26006
2024-08-30,IND_VIZ,0.74,1.39,1.0,True,synthetic_scenario_generator,26006
2024-08-31,IND_VIZ,0.69,1.34,1.0,True,synthetic_scenario_generator,26006
2024-09-01,IND_VIZ,1.25,1.9,1.0,True,synthetic_scenario_generator,26006
2024-09-02,IND_VIZ,1.27,1.92,1.0,True,synthetic_scenario_generator,26006
2024-09-03,IND_VIZ,1.63,2.28,1.0,True,synthetic_scenario_generator,26006
2024-09-04,IND_VIZ,1.92,2.57,1.0,True,synthetic_scenario_generator,26006
2024-09-05,IND_VIZ,2.06,2.71,1.0,True,synthetic_scenario_generator,26006
2024-09-06,IND_VIZ,1.67,2.32,1.0,True,synthetic_scenario_generator,26006
2024-09-07,IND_VIZ,1.93,2.58,1.0,True,synthetic_scenario_generator,26006
2024-09-08,IND_VIZ,1.63,2.28,1.0,True,synthetic_scenario_generator,26006
2024-09-09,IND_VIZ,1.11,1.76,1.0,True,synthetic_scenario_generator,26006
2024-09-10,IND_VIZ,0.98,1.63,1.0,True,synthetic_scenario_generator,26006
2024-09-11,IND_VIZ,0.47,1.12,1.0,True,synthetic_scenario_generator,26006
2024-09-12,IND_VIZ,0.56,1.21,1.0,True,synthetic_scenario_generator,26006
2024-09-13,IND_VIZ,0.56,1.21,1.0,True,synthetic_scenario_generator,26006
2024-09-14,IND_VIZ,0.65,1.3,1.0,True,synthetic_scenario_generator,26006
2024-09-15,IND_VIZ,0.93,1.58,1.0,True,synthetic_scenario_generator,26006
2024-09-16,IND_VIZ,1.29,1.94,1.0,True,synthetic_scenario_generator,26006
2024-09-17,IND_VIZ,1.5,2.15,1.0,True,synthetic_scenario_generator,26006
2024-09-18,IND_VIZ,1.62,2.27,1.0,True,synthetic_scenario_generator,26006
2024-09-19,IND_VIZ,1.87,2.52,1.0,True,synthetic_scenario_generator,26006
2024-09-20,IND_VIZ,2.13,2.78,1.0,True,synthetic_scenario_generator,26006
2024-09-21,IND_VIZ,1.9,2.55,1.0,True,synthetic_scenario_generator,26006
2024-09-22,IND_VIZ,1.64,2.29,1.0,True,synthetic_scenario_generator,26006
2024-09-23,IND_VIZ,1.46,2.11,1.0,True,synthetic_scenario_generator,26006
2024-09-24,IND_VIZ,1.07,1.72,1.0,True,synthetic_scenario_generator,26006
2024-09-25,IND_VIZ,0.76,1.41,1.0,True,synthetic_scenario_generator,26006
2024-09-26,IND_VIZ,0.69,1.34,1.0,True,synthetic_scenario_generator,26006
2024-09-27,IND_VIZ,0.46,1.11,1.0,True,synthetic_scenario_generator,26006
2024-09-28,IND_VIZ,0.49,1.14,1.0,True,synthetic_scenario_generator,26006
2024-09-29,IND_VIZ,0.65,1.3,1.0,True,synthetic_scenario_generator,26006
2024-09-30,IND_VIZ,0.87,1.52,1.0,True,synthetic_scenario_generator,26006
2024-10-01,IND_VIZ,1.26,1.91,1.0,True,synthetic_scenario_generator,26006
2024-10-02,IND_VIZ,1.55,2.2,1.0,True,synthetic_scenario_generator,26006
2024-10-03,IND_VIZ,1.86,2.51,1.0,True,synthetic_scenario_generator,26006
2024-10-04,IND_VIZ,1.78,2.43,1.0,True,synthetic_scenario_generator,26006
2024-10-05,IND_VIZ,1.98,2.63,1.0,True,synthetic_scenario_generator,26006
2024-10-06,IND_VIZ,1.87,2.52,1.0,True,synthetic_scenario_generator,26006
2024-10-07,IND_VIZ,1.51,2.16,1.0,True,synthetic_scenario_generator,26006
2024-10-08,IND_VIZ,1.37,2.02,1.0,True,synthetic_scenario_generator,26006
2024-10-09,IND_VIZ,1.06,1.71,1.0,True,synthetic_scenario_generator,26006
2024-10-10,IND_VIZ,0.77,1.42,1.0,True,synthetic_scenario_generator,26006
2024-10-11,IND_VIZ,0.43,1.08,1.0,True,synthetic_scenario_generator,26006
2024-10-12,IND_VIZ,0.39,1.04,1.0,True,synthetic_scenario_generator,26006
2024-10-13,IND_VIZ,0.45,1.1,1.0,True,synthetic_scenario_generator,26006
2024-10-14,IND_VIZ,0.82,1.47,1.0,True,synthetic_scenario_generator,26006
2024-10-15,IND_VIZ,0.98,1.63,1.0,True,synthetic_scenario_generator,26006
2024-10-16,IND_VIZ,1.33,1.98,1.0,True,synthetic_scenario_generator,26006
2024-10-17,IND_VIZ,1.68,2.33,1.0,True,synthetic_scenario_generator,26006
2024-10-18,IND_VIZ,1.89,2.54,1.0,True,synthetic_scenario_generator,26006
2024-10-19,IND_VIZ,1.9,2.55,1.0,True,synthetic_scenario_generator,26006
2024-10-20,IND_VIZ,1.88,2.53,1.0,True,synthetic_scenario_generator,26006
2024-10-21,IND_VIZ,1.8,2.45,1.0,True,synthetic_scenario_generator,26006
2024-10-22,IND_VIZ,1.45,2.1,1.0,True,synthetic_scenario_generator,26006
2024-10-23,IND_VIZ,1.15,1.8,1.0,True,synthetic_scenario_generator,26006
2024-10-24,IND_VIZ,0.89,1.54,1.0,True,synthetic_scenario_generator,26006
2024-10-25,IND_VIZ,0.65,1.3,1.0,True,synthetic_scenario_generator,26006
2024-10-26,IND_VIZ,0.49,1.14,1.0,True,synthetic_scenario_generator,26006
2024-10-27,IND_VIZ,0.47,1.12,1.0,True,synthetic_scenario_generator,26006
2024-10-28,IND_VIZ,0.62,1.27,1.0,True,synthetic_scenario_generator,26006
2024-10-29,IND_VIZ,0.81,1.46,1.0,True,synthetic_scenario_generator,26006
2024-10-30,IND_VIZ,0.93,1.58,1.0,True,synthetic_scenario_generator,26006
2024-10-31,IND_VIZ,1.37,2.02,1.0,True,synthetic_scenario_generator,26006
2024-11-01,IND_VIZ,1.66,2.31,1.0,True,synthetic_scenario_generator,26006
2024-11-02,IND_VIZ,1.78,2.43,1.0,True,synthetic_scenario_generator,26006
2024-11-03,IND_VIZ,2.0,2.65,1.0,True,synthetic_scenario_generator,26006
2024-11-04,IND_VIZ,2.09,2.74,1.0,True,synthetic_scenario_generator,26006
2024-11-05,IND_VIZ,1.8,2.45,1.0,True,synthetic_scenario_generator,26006
2024-11-06,IND_VIZ,1.59,2.24,1.0,True,synthetic_scenario_generator,26006
2024-11-07,IND_VIZ,1.07,1.72,1.0,True,synthetic_scenario_generator,26006
2024-11-08,IND_VIZ,0.73,1.38,1.0,True,synthetic_scenario_generator,26006
2024-11-09,IND_VIZ,0.51,1.16,1.0,True,synthetic_scenario_generator,26006
2024-11-10,IND_VIZ,0.43,1.08,1.0,True,synthetic_scenario_generator,26006
2024-11-11,IND_VIZ,0.44,1.09,1.0,True,synthetic_scenario_generator,26006
2024-11-12,IND_VIZ,0.65,1.3,1.0,True,synthetic_scenario_generator,26006
2024-11-13,IND_VIZ,1.1,1.75,1.0,True,synthetic_scenario_generator,26006
2024-11-14,IND_VIZ,1.3,1.95,1.0,True,synthetic_scenario_generator,26006
2024-11-15,IND_VIZ,1.5,2.15,1.0,True,synthetic_scenario_generator,26006
2024-11-16,IND_VIZ,1.84,2.49,1.0,True,synthetic_scenario_generator,26006
2024-11-17,IND_VIZ,2.03,2.68,1.0,True,synthetic_scenario_generator,26006
2024-11-18,IND_VIZ,2.1,2.75,1.0,True,synthetic_scenario_generator,26006
2024-11-19,IND_VIZ,1.95,2.6,1.0,True,synthetic_scenario_generator,26006
2024-11-20,IND_VIZ,1.8,2.45,1.0,True,synthetic_scenario_generator,26006
2024-11-21,IND_VIZ,1.36,2.01,1.0,True,synthetic_scenario_generator,26006
2024-11-22,IND_VIZ,1.04,1.69,1.0,True,synthetic_scenario_generator,26006
2024-11-23,IND_VIZ,0.7,1.35,1.0,True,synthetic_scenario_generator,26006
2024-11-24,IND_VIZ,0.47,1.12,1.0,True,synthetic_scenario_generator,26006
2024-11-25,IND_VIZ,0.48,1.13,1.0,True,synthetic_scenario_generator,26006
2024-11-26,IND_VIZ,0.62,1.27,1.0,True,synthetic_scenario_generator,26006
2024-11-27,IND_VIZ,0.86,1.51,1.0,True,synthetic_scenario_generator,26006
2024-11-28,IND_VIZ,0.97,1.62,1.0,True,synthetic_scenario_generator,26006
2024-11-29,IND_VIZ,1.23,1.88,1.0,True,synthetic_scenario_generator,26006
2024-11-30,IND_VIZ,1.47,2.12,1.0,True,synthetic_scenario_generator,26006
2024-12-01,IND_VIZ,1.94,2.59,1.0,True,synthetic_scenario_generator,26006
2024-12-02,IND_VIZ,1.96,2.61,1.0,True,synthetic_scenario_generator,26006
2024-12-03,IND_VIZ,1.89,2.54,1.0,True,synthetic_scenario_generator,26006
2024-12-04,IND_VIZ,1.94,2.59,1.0,True,synthetic_scenario_generator,26006
2024-12-05,IND_VIZ,1.66,2.31,1.0,True,synthetic_scenario_generator,26006
2024-12-06,IND_VIZ,1.34,1.99,1.0,True,synthetic_scenario_generator,26006
2024-12-07,IND_VIZ,1.08,1.73,1.0,True,synthetic_scenario_generator,26006
2024-12-08,IND_VIZ,0.73,1.38,1.0,True,synthetic_scenario_generator,26006
2024-12-09,IND_VIZ,0.63,1.28,1.0,True,synthetic_scenario_generator,26006
2024-12-10,IND_VIZ,0.44,1.09,1.0,True,synthetic_scenario_generator,26006
2024-12-11,IND_VIZ,0.4,1.05,1.0,True,synthetic_scenario_generator,26006
2024-12-12,IND_VIZ,0.72,1.37,1.0,True,synthetic_scenario_generator,26006
2024-12-13,IND_VIZ,1.05,1.7,1.0,True,synthetic_scenario_generator,26006
2024-12-14,IND_VIZ,1.27,1.92,1.0,True,synthetic_scenario_generator,26006
2024-12-15,IND_VIZ,1.51,2.16,1.0,True,synthetic_scenario_generator,26006
2024-12-16,IND_VIZ,1.87,2.52,1.0,True,synthetic_scenario_generator,26006
2024-12-17,IND_VIZ,2.04,2.69,1.0,True,synthetic_scenario_generator,26006
2024-12-18,IND_VIZ,1.92,2.57,1.0,True,synthetic_scenario_generator,26006
2024-12-19,IND_VIZ,1.81,2.46,1.0,True,synthetic_scenario_generator,26006
2024-12-20,IND_VIZ,1.72,2.37,1.0,True,synthetic_scenario_generator,26006
2024-12-21,IND_VIZ,1.27,1.92,1.0,True,synthetic_scenario_generator,26006
2024-12-22,IND_VIZ,1.01,1.66,1.0,True,synthetic_scenario_generator,26006
2024-12-23,IND_VIZ,0.66,1.31,1.0,True,synthetic_scenario_generator,26006
2024-12-24,IND_VIZ,0.56,1.21,1.0,True,synthetic_scenario_generator,26006
2024-12-25,IND_VIZ,0.55,1.2,1.0,True,synthetic_scenario_generator,26006
2024-12-26,IND_VIZ,0.69,1.34,1.0,True,synthetic_scenario_generator,26006
2024-12-27,IND_VIZ,0.65,1.3,1.0,True,synthetic_scenario_generator,26006
2024-12-28,IND_VIZ,1.09,1.74,1.0,True,synthetic_scenario_generator,26006
2024-12-29,IND_VIZ,1.43,2.08,1.0,True,synthetic_scenario_generator,26006
2024-12-30,IND_VIZ,1.64,2.29,1.0,True,synthetic_scenario_generator,26006
2024-12-31,IND_VIZ,1.87,2.52,1.0,True,synthetic_scenario_generator,26006
2025-01-01,IND_VIZ,2.05,2.7,1.0,True,synthetic_scenario_generator,26006
2025-01-02,IND_VIZ,1.82,2.47,1.0,True,synthetic_scenario_generator,26006
2025-01-03,IND_VIZ,1.79,2.44,1.0,True,synthetic_scenario_generator,26006
2025-01-04,IND_VIZ,1.58,2.23,1.0,True,synthetic_scenario_generator,26006
2025-01-05,IND_VIZ,1.21,1.86,1.0,True,synthetic_scenario_generator,26006
2025-01-06,IND_VIZ,0.92,1.57,1.0,True,synthetic_scenario_generator,26006
2025-01-07,IND_VIZ,0.77,1.42,1.0,True,synthetic_scenario_generator,26006
2025-01-08,IND_VIZ,0.5,1.15,1.0,True,synthetic_scenario_generator,26006
2025-01-09,IND_VIZ,0.52,1.17,1.0,True,synthetic_scenario_generator,26006
2025-01-10,IND_VIZ,0.57,1.22,1.0,True,synthetic_scenario_generator,26006
2025-01-11,IND_VIZ,0.8,1.45,1.0,True,synthetic_scenario_generator,26006
2025-01-12,IND_VIZ,1.25,1.9,1.0,True,synthetic_scenario_generator,26006
2025-01-13,IND_VIZ,1.5,2.15,1.0,True,synthetic_scenario_generator,26006
2025-01-14,IND_VIZ,1.68,2.33,1.0,True,synthetic_scenario_generator,26006
2025-01-15,IND_VIZ,1.79,2.44,1.0,True,synthetic_scenario_generator,26006
2025-01-16,IND_VIZ,2.17,2.82,1.0,True,synthetic_scenario_generator,26006
2025-01-17,IND_VIZ,1.99,2.64,1.0,True,synthetic_scenario_generator,26006
2025-01-18,IND_VIZ,1.66,2.31,1.0,True,synthetic_scenario_generator,26006
2025-01-19,IND_VIZ,1.58,2.23,1.0,True,synthetic_scenario_generator,26006
2025-01-20,IND_VIZ,1.21,1.86,1.0,True,synthetic_scenario_generator,26006
2025-01-21,IND_VIZ,0.98,1.63,1.0,True,synthetic_scenario_generator,26006
2025-01-22,IND_VIZ,0.59,1.24,1.0,True,synthetic_scenario_generator,26006
2025-01-23,IND_VIZ,0.4,1.05,1.0,True,synthetic_scenario_generator,26006
2025-01-24,IND_VIZ,0.6,1.25,1.0,True,synthetic_scenario_generator,26006
2025-01-25,IND_VIZ,0.67,1.32,1.0,True,synthetic_scenario_generator,26006
2025-01-26,IND_VIZ,1.05,1.7,1.0,True,synthetic_scenario_generator,26006
2025-01-27,IND_VIZ,1.11,1.76,1.0,True,synthetic_scenario_generator,26006
2025-01-28,IND_VIZ,1.61,2.26,1.0,True,synthetic_scenario_generator,26006
2025-01-29,IND_VIZ,1.82,2.47,1.0,True,synthetic_scenario_generator,26006
2025-01-30,IND_VIZ,2.06,2.71,1.0,True,synthetic_scenario_generator,26006
2025-01-31,IND_VIZ,1.97,2.62,1.0,True,synthetic_scenario_generator,26006
2025-02-01,IND_VIZ,1.71,2.36,1.0,True,synthetic_scenario_generator,26006
2025-02-02,IND_VIZ,1.67,2.32,1.0,True,synthetic_scenario_generator,26006
2025-02-03,IND_VIZ,1.38,2.03,1.0,True,synthetic_scenario_generator,26006
2025-02-04,IND_VIZ,0.93,1.58,1.0,True,synthetic_scenario_generator,26006
2025-02-05,IND_VIZ,0.81,1.46,1.0,True,synthetic_scenario_generator,26006
2025-02-06,IND_VIZ,0.44,1.09,1.0,True,synthetic_scenario_generator,26006
2025-02-07,IND_VIZ,0.64,1.29,1.0,True,synthetic_scenario_generator,26006
2025-02-08,IND_VIZ,0.55,1.2,1.0,True,synthetic_scenario_generator,26006
2025-02-09,IND_VIZ,0.77,1.42,1.0,True,synthetic_scenario_generator,26006
2025-02-10,IND_VIZ,1.02,1.67,1.0,True,synthetic_scenario_generator,26006
2025-02-11,IND_VIZ,1.35,2.0,1.0,True,synthetic_scenario_generator,26006
2025-02-12,IND_VIZ,1.65,2.3,1.0,True,synthetic_scenario_generator,26006
2025-02-13,IND_VIZ,1.99,2.64,1.0,True,synthetic_scenario_generator,26006
2025-02-14,IND_VIZ,1.93,2.58,1.0,True,synthetic_scenario_generator,26006
2025-02-15,IND_VIZ,2.14,2.79,1.0,True,synthetic_scenario_generator,26006
2025-02-16,IND_VIZ,1.87,2.52,1.0,True,synthetic_scenario_generator,26006
2025-02-17,IND_VIZ,1.55,2.2,1.0,True,synthetic_scenario_generator,26006
2025-02-18,IND_VIZ,1.36,2.01,1.0,True,synthetic_scenario_generator,26006
2025-02-19,IND_VIZ,0.99,1.64,1.0,True,synthetic_scenario_generator,26006
2025-02-20,IND_VIZ,0.9,1.55,1.0,True,synthetic_scenario_generator,26006
2025-02-21,IND_VIZ,0.49,1.14,1.0,True,synthetic_scenario_generator,26006
2025-02-22,IND_VIZ,0.51,1.16,1.0,True,synthetic_scenario_generator,26006
2025-02-23,IND_VIZ,0.69,1.34,1.0,True,synthetic_scenario_generator,26006
2025-02-24,IND_VIZ,1.01,1.66,1.0,True,synthetic_scenario_generator,26006
2025-02-25,IND_VIZ,1.18,1.83,1.0,True,synthetic_scenario_generator,26006
2025-02-26,IND_VIZ,1.48,2.13,1.0,True,synthetic_scenario_generator,26006
2025-02-27,IND_VIZ,1.59,2.24,1.0,True,synthetic_scenario_generator,26006
2025-02-28,IND_VIZ,1.86,2.51,1.0,True,synthetic_scenario_generator,26006
2025-03-01,IND_VIZ,1.91,2.56,1.0,True,synthetic_scenario_generator,26006
2025-03-02,IND_VIZ,2.09,2.74,1.0,True,synthetic_scenario_generator,26006
2025-03-03,IND_VIZ,1.71,2.36,1.0,True,synthetic_scenario_generator,26006
2025-03-04,IND_VIZ,1.68,2.33,1.0,True,synthetic_scenario_generator,26006
2025-03-05,IND_VIZ,1.32,1.97,1.0,True,synthetic_scenario_generator,26006
2025-03-06,IND_VIZ,0.8,1.45,1.0,True,synthetic_scenario_generator,26006
2025-03-07,IND_VIZ,0.6,1.25,1.0,True,synthetic_scenario_generator,26006
2025-03-08,IND_VIZ,0.49,1.14,1.0,True,synthetic_scenario_generator,26006
2025-03-09,IND_VIZ,0.48,1.13,1.0,True,synthetic_scenario_generator,26006
2025-03-10,IND_VIZ,0.63,1.28,1.0,True,synthetic_scenario_generator,26006
2025-03-11,IND_VIZ,0.92,1.57,1.0,True,synthetic_scenario_generator,26006
2025-03-12,IND_VIZ,1.11,1.76,1.0,True,synthetic_scenario_generator,26006
2025-03-13,IND_VIZ,1.35,2.0,1.0,True,synthetic_scenario_generator,26006
2025-03-14,IND_VIZ,1.66,2.31,1.0,True,synthetic_scenario_generator,26006
2025-03-15,IND_VIZ,1.89,2.54,1.0,True,synthetic_scenario_generator,26006
2025-03-16,IND_VIZ,2.02,2.67,1.0,True,synthetic_scenario_generator,26006
2025-03-17,IND_VIZ,1.83,2.48,1.0,True,synthetic_scenario_generator,26006
2025-03-18,IND_VIZ,1.83,2.48,1.0,True,synthetic_scenario_generator,26006
2025-03-19,IND_VIZ,1.59,2.24,1.0,True,synthetic_scenario_generator,26006
2025-03-20,IND_VIZ,1.31,1.96,1.0,True,synthetic_scenario_generator,26006
2025-03-21,IND_VIZ,0.94,1.59,1.0,True,synthetic_scenario_generator,26006
2025-03-22,IND_VIZ,0.68,1.33,1.0,True,synthetic_scenario_generator,26006
2025-03-23,IND_VIZ,0.41,1.06,1.0,True,synthetic_scenario_generator,26006
2025-03-24,IND_VIZ,0.55,1.2,1.0,True,synthetic_scenario_generator,26006
2025-03-25,IND_VIZ,0.6,1.25,1.0,True,synthetic_scenario_generator,26006
2025-03-26,IND_VIZ,0.95,1.6,1.0,True,synthetic_scenario_generator,26006
2025-03-27,IND_VIZ,1.2,1.85,1.0,True,synthetic_scenario_generator,26006
2025-03-28,IND_VIZ,1.63,2.28,1.0,True,synthetic_scenario_generator,26006
2025-03-29,IND_VIZ,1.78,2.43,1.0,True,synthetic_scenario_generator,26006
2025-03-30,IND_VIZ,2.13,2.78,1.0,True,synthetic_scenario_generator,26006
2025-03-31,IND_VIZ,1.97,2.62,1.0,True,synthetic_scenario_generator,26006
2025-04-01,IND_VIZ,1.86,2.51,1.0,True,synthetic_scenario_generator,26006
2025-04-02,IND_VIZ,1.82,2.47,1.0,True,synthetic_scenario_generator,26006
2025-04-03,IND_VIZ,1.45,2.1,1.0,True,synthetic_scenario_generator,26006
2025-04-04,IND_VIZ,1.05,1.7,1.0,True,synthetic_scenario_generator,26006
2025-04-05,IND_VIZ,0.77,1.42,1.0,True,synthetic_scenario_generator,26006
2025-04-06,IND_VIZ,0.53,1.18,1.0,True,synthetic_scenario_generator,26006
2025-04-07,IND_VIZ,0.43,1.08,1.0,True,synthetic_scenario_generator,26006
2025-04-08,IND_VIZ,0.48,1.13,1.0,True,synthetic_scenario_generator,26006
2025-04-09,IND_VIZ,0.53,1.18,1.0,True,synthetic_scenario_generator,26006
2025-04-10,IND_VIZ,0.89,1.54,1.0,True,synthetic_scenario_generator,26006
2025-04-11,IND_VIZ,1.31,1.96,1.0,True,synthetic_scenario_generator,26006
2025-04-12,IND_VIZ,1.67,2.32,1.0,True,synthetic_scenario_generator,26006
2025-04-13,IND_VIZ,1.8,2.45,1.0,True,synthetic_scenario_generator,26006
2025-04-14,IND_VIZ,1.93,2.58,1.0,True,synthetic_scenario_generator,26006
2025-04-15,IND_VIZ,1.94,2.59,1.0,True,synthetic_scenario_generator,26006
2025-04-16,IND_VIZ,2.09,2.74,1.0,True,synthetic_scenario_generator,26006
2025-04-17,IND_VIZ,1.6,2.25,1.0,True,synthetic_scenario_generator,26006
2025-04-18,IND_VIZ,1.38,2.03,1.0,True,synthetic_scenario_generator,26006
2025-04-19,IND_VIZ,0.96,1.61,1.0,True,synthetic_scenario_generator,26006
2025-04-20,IND_VIZ,0.55,1.2,1.0,True,synthetic_scenario_generator,26006
2025-04-21,IND_VIZ,0.67,1.32,1.0,True,synthetic_scenario_generator,26006
2025-04-22,IND_VIZ,0.52,1.17,1.0,True,synthetic_scenario_generator,26006
2025-04-23,IND_VIZ,0.59,1.24,1.0,True,synthetic_scenario_generator,26006
2025-04-24,IND_VIZ,0.69,1.34,1.0,True,synthetic_scenario_generator,26006
2025-04-25,IND_VIZ,1.13,1.78,1.0,True,synthetic_scenario_generator,26006
2025-04-26,IND_VIZ,1.34,1.99,1.0,True,synthetic_scenario_generator,26006
2025-04-27,IND_VIZ,1.61,2.26,1.0,True,synthetic_scenario_generator,26006
2025-04-28,IND_VIZ,1.9,2.55,1.0,True,synthetic_scenario_generator,26006
2025-04-29,IND_VIZ,2.0,2.65,1.0,True,synthetic_scenario_generator,26006
2025-04-30,IND_VIZ,1.96,2.61,1.0,True,synthetic_scenario_generator,26006
2025-05-01,IND_VIZ,1.84,2.49,1.0,True,synthetic_scenario_generator,26006
2025-05-02,IND_VIZ,1.66,2.31,1.0,True,synthetic_scenario_generator,26006
2025-05-03,IND_VIZ,1.32,1.97,1.0,True,synthetic_scenario_generator,26006
2025-05-04,IND_VIZ,0.77,1.42,1.0,True,synthetic_scenario_generator,26006
2025-05-05,IND_VIZ,0.69,1.34,1.0,True,synthetic_scenario_generator,26006
2025-05-06,IND_VIZ,0.54,1.19,1.0,True,synthetic_scenario_generator,26006
2025-05-07,IND_VIZ,0.55,1.2,1.0,True,synthetic_scenario_generator,26006
2025-05-08,IND_VIZ,0.59,1.24,1.0,True,synthetic_scenario_generator,26006
2025-05-09,IND_VIZ,0.81,1.46,1.0,True,synthetic_scenario_generator,26006
2025-05-10,IND_VIZ,1.0,1.65,1.0,True,synthetic_scenario_generator,26006
2025-05-11,IND_VIZ,1.48,2.13,1.0,True,synthetic_scenario_generator,26006
2025-05-12,IND_VIZ,1.59,2.24,1.0,True,synthetic_scenario_generator,26006
2025-05-13,IND_VIZ,2.1,2.75,1.0,True,synthetic_scenario_generator,26006
2025-05-14,IND_VIZ,2.04,2.69,1.0,True,synthetic_scenario_generator,26006
2025-05-15,IND_VIZ,1.92,2.57,1.0,True,synthetic_scenario_generator,26006
2025-05-16,IND_VIZ,1.7,2.35,1.0,True,synthetic_scenario_generator,26006
2025-05-17,IND_VIZ,1.43,2.08,1.0,True,synthetic_scenario_generator,26006
2025-05-18,IND_VIZ,1.15,1.8,1.0,True,synthetic_scenario_generator,26006
2025-05-19,IND_VIZ,0.96,1.61,1.0,True,synthetic_scenario_generator,26006
2025-05-20,IND_VIZ,0.61,1.26,1.0,True,synthetic_scenario_generator,26006
2025-05-21,IND_VIZ,0.58,1.23,1.0,True,synthetic_scenario_generator,26006
2025-05-22,IND_VIZ,0.63,1.28,1.0,True,synthetic_scenario_generator,26006
2025-05-23,IND_VIZ,0.68,1.33,1.0,True,synthetic_scenario_generator,26006
2025-05-24,IND_VIZ,0.84,1.49,1.0,True,synthetic_scenario_generator,26006
2025-05-25,IND_VIZ,1.16,1.81,1.0,True,synthetic_scenario_generator,26006
2025-05-26,IND_VIZ,1.45,2.1,1.0,True,synthetic_scenario_generator,26006
2025-05-27,IND_VIZ,1.83,2.48,1.0,True,synthetic_scenario_generator,26006
2025-05-28,IND_VIZ,1.84,2.49,1.0,True,synthetic_scenario_generator,26006
2025-05-29,IND_VIZ,1.95,2.6,1.0,True,synthetic_scenario_generator,26006
2025-05-30,IND_VIZ,1.88,2.53,1.0,True,synthetic_scenario_generator,26006
2025-05-31,IND_VIZ,1.65,2.3,1.0,True,synthetic_scenario_generator,26006
2025-06-01,IND_VIZ,1.22,1.87,1.0,True,synthetic_scenario_generator,26006
2025-06-02,IND_VIZ,1.01,1.66,1.0,True,synthetic_scenario_generator,26006
2025-06-03,IND_VIZ,0.62,1.27,1.0,True,synthetic_scenario_generator,26006
2025-06-04,IND_VIZ,0.75,1.4,1.0,True,synthetic_scenario_generator,26006
2025-06-05,IND_VIZ,0.58,1.23,1.0,True,synthetic_scenario_generator,26006
2025-06-06,IND_VIZ,0.36,1.01,1.0,True,synthetic_scenario_generator,26006
2025-06-07,IND_VIZ,0.69,1.34,1.0,True,synthetic_scenario_generator,26006
2025-06-08,IND_VIZ,1.02,1.67,1.0,True,synthetic_scenario_generator,26006
2025-06-09,IND_VIZ,1.29,1.94,1.0,True,synthetic_scenario_generator,26006
2025-06-10,IND_VIZ,1.52,2.17,1.0,True,synthetic_scenario_generator,26006
2025-06-11,IND_VIZ,1.95,2.6,1.0,True,synthetic_scenario_generator,26006
2025-06-12,IND_VIZ,1.99,2.64,1.0,True,synthetic_scenario_generator,26006
2025-06-13,IND_VIZ,2.03,2.68,1.0,True,synthetic_scenario_generator,26006
2025-06-14,IND_VIZ,1.74,2.39,1.0,True,synthetic_scenario_generator,26006
2025-06-15,IND_VIZ,1.63,2.28,1.0,True,synthetic_scenario_generator,26006
2025-06-16,IND_VIZ,1.29,1.94,1.0,True,synthetic_scenario_generator,26006
2025-06-17,IND_VIZ,1.04,1.69,1.0,True,synthetic_scenario_generator,26006
2025-06-18,IND_VIZ,0.84,1.49,1.0,True,synthetic_scenario_generator,26006
2025-06-19,IND_VIZ,0.56,1.21,1.0,True,synthetic_scenario_generator,26006
2025-06-20,IND_VIZ,0.28,0.93,1.0,True,synthetic_scenario_generator,26006
2025-06-21,IND_VIZ,0.41,1.06,1.0,True,synthetic_scenario_generator,26006
2025-06-22,IND_VIZ,0.85,1.5,1.0,True,synthetic_scenario_generator,26006
2025-06-23,IND_VIZ,1.01,1.66,1.0,True,synthetic_scenario_generator,26006
2025-06-24,IND_VIZ,1.37,2.02,1.0,True,synthetic_scenario_generator,26006
2025-06-25,IND_VIZ,1.69,2.34,1.0,True,synthetic_scenario_generator,26006
2025-06-26,IND_VIZ,1.82,2.47,1.0,True,synthetic_scenario_generator,26006
2025-06-27,IND_VIZ,2.1,2.75,1.0,True,synthetic_scenario_generator,26006
2025-06-28,IND_VIZ,1.92,2.57,1.0,True,synthetic_scenario_generator,26006
2025-06-29,IND_VIZ,2.08,2.73,1.0,True,synthetic_scenario_generator,26006
2025-06-30,IND_VIZ,1.62,2.27,1.0,True,synthetic_scenario_generator,26006
2025-07-01,IND_VIZ,1.2,1.85,1.0,True,synthetic_scenario_generator,26006
2025-07-02,IND_VIZ,0.99,1.64,1.0,True,synthetic_scenario_generator,26006
2025-07-03,IND_VIZ,0.76,1.41,1.0,True,synthetic_scenario_generator,26006
2025-07-04,IND_VIZ,0.54,1.19,1.0,True,synthetic_scenario_generator,26006
2025-07-05,IND_VIZ,0.44,1.09,1.0,True,synthetic_scenario_generator,26006
2025-07-06,IND_VIZ,0.55,1.2,1.0,True,synthetic_scenario_generator,26006
2025-07-07,IND_VIZ,0.79,1.44,1.0,True,synthetic_scenario_generator,26006
2025-07-08,IND_VIZ,1.3,1.95,1.0,True,synthetic_scenario_generator,26006
2025-07-09,IND_VIZ,1.32,1.97,1.0,True,synthetic_scenario_generator,26006
2025-07-10,IND_VIZ,1.77,2.42,1.0,True,synthetic_scenario_generator,26006
2025-07-11,IND_VIZ,1.9,2.55,1.0,True,synthetic_scenario_generator,26006
2025-07-12,IND_VIZ,1.99,2.64,1.0,True,synthetic_scenario_generator,26006
2025-07-13,IND_VIZ,1.94,2.59,1.0,True,synthetic_scenario_generator,26006
2025-07-14,IND_VIZ,1.63,2.28,1.0,True,synthetic_scenario_generator,26006
2025-07-15,IND_VIZ,1.38,2.03,1.0,True,synthetic_scenario_generator,26006
2025-07-16,IND_VIZ,1.23,1.88,1.0,True,synthetic_scenario_generator,26006
2025-07-17,IND_VIZ,1.12,1.77,1.0,True,synthetic_scenario_generator,26006
2025-07-18,IND_VIZ,0.47,1.12,1.0,True,synthetic_scenario_generator,26006
2025-07-19,IND_VIZ,0.47,1.12,1.0,True,synthetic_scenario_generator,26006
2025-07-20,IND_VIZ,0.48,1.13,1.0,True,synthetic_scenario_generator,26006
2025-07-21,IND_VIZ,0.7,1.35,1.0,True,synthetic_scenario_generator,26006
2025-07-22,IND_VIZ,0.86,1.51,1.0,True,synthetic_scenario_generator,26006
2025-07-23,IND_VIZ,1.34,1.99,1.0,True,synthetic_scenario_generator,26006
2025-07-24,IND_VIZ,1.59,2.24,1.0,True,synthetic_scenario_generator,26006
2025-07-25,IND_VIZ,1.78,2.43,1.0,True,synthetic_scenario_generator,26006
2025-07-26,IND_VIZ,1.94,2.59,1.0,True,synthetic_scenario_generator,26006
2025-07-27,IND_VIZ,2.1,2.75,1.0,True,synthetic_scenario_generator,26006
2025-07-28,IND_VIZ,1.92,2.57,1.0,True,synthetic_scenario_generator,26006
2025-07-29,IND_VIZ,1.7,2.35,1.0,True,synthetic_scenario_generator,26006
2025-07-30,IND_VIZ,1.53,2.18,1.0,True,synthetic_scenario_generator,26006
2025-07-31,IND_VIZ,1.08,1.73,1.0,True,synthetic_scenario_generator,26006
2025-08-01,IND_VIZ,0.9,1.55,1.0,True,synthetic_scenario_generator,26006
2025-08-02,IND_VIZ,0.56,1.21,1.0,True,synthetic_scenario_generator,26006
2025-08-03,IND_VIZ,0.52,1.17,1.0,True,synthetic_scenario_generator,26006
2025-08-04,IND_VIZ,0.59,1.24,1.0,True,synthetic_scenario_generator,26006
2025-08-05,IND_VIZ,0.7,1.35,1.0,True,synthetic_scenario_generator,26006
2025-08-06,IND_VIZ,0.99,1.64,1.0,True,synthetic_scenario_generator,26006
2025-08-07,IND_VIZ,1.2,1.85,1.0,True,synthetic_scenario_generator,26006
2025-08-08,IND_VIZ,1.43,2.08,1.0,True,synthetic_scenario_generator,26006
2025-08-09,IND_VIZ,1.86,2.51,1.0,True,synthetic_scenario_generator,26006
2025-08-10,IND_VIZ,1.86,2.51,1.0,True,synthetic_scenario_generator,26006
2025-08-11,IND_VIZ,1.93,2.58,1.0,True,synthetic_scenario_generator,26006
2025-08-12,IND_VIZ,1.93,2.58,1.0,True,synthetic_scenario_generator,26006
2025-08-13,IND_VIZ,1.7,2.35,1.0,True,synthetic_scenario_generator,26006
2025-08-14,IND_VIZ,1.42,2.07,1.0,True,synthetic_scenario_generator,26006
2025-08-15,IND_VIZ,1.05,1.7,1.0,True,synthetic_scenario_generator,26006
2025-08-16,IND_VIZ,0.91,1.56,1.0,True,synthetic_scenario_generator,26006
2025-08-17,IND_VIZ,0.58,1.23,1.0,True,synthetic_scenario_generator,26006
2025-08-18,IND_VIZ,0.36,1.01,1.0,True,synthetic_scenario_generator,26006
2025-08-19,IND_VIZ,0.52,1.17,1.0,True,synthetic_scenario_generator,26006
2025-08-20,IND_VIZ,0.57,1.22,1.0,True,synthetic_scenario_generator,26006
2025-08-21,IND_VIZ,0.99,1.64,1.0,True,synthetic_scenario_generator,26006
2025-08-22,IND_VIZ,1.28,1.93,1.0,True,synthetic_scenario_generator,26006
2025-08-23,IND_VIZ,1.67,2.32,1.0,True,synthetic_scenario_generator,26006
2025-08-24,IND_VIZ,1.8,2.45,1.0,True,synthetic_scenario_generator,26006
2025-08-25,IND_VIZ,1.94,2.59,1.0,True,synthetic_scenario_generator,26006
2025-08-26,IND_VIZ,2.04,2.69,1.0,True,synthetic_scenario_generator,26006
2025-08-27,IND_VIZ,1.92,2.57,1.0,True,synthetic_scenario_generator,26006
2025-08-28,IND_VIZ,1.53,2.18,1.0,True,synthetic_scenario_generator,26006
2025-08-29,IND_VIZ,1.4,2.05,1.0,True,synthetic_scenario_generator,26006
2025-08-30,IND_VIZ,1.02,1.67,1.0,True,synthetic_scenario_generator,26006
2025-08-31,IND_VIZ,0.77,1.42,1.0,True,synthetic_scenario_generator,26006
2025-09-01,IND_VIZ,0.47,1.12,1.0,True,synthetic_scenario_generator,26006
2025-09-02,IND_VIZ,0.48,1.13,1.0,True,synthetic_scenario_generator,26006
2025-09-03,IND_VIZ,0.65,1.3,1.0,True,synthetic_scenario_generator,26006
2025-09-04,IND_VIZ,0.91,1.56,1.0,True,synthetic_scenario_generator,26006
2025-09-05,IND_VIZ,1.15,1.8,1.0,True,synthetic_scenario_generator,26006
2025-09-06,IND_VIZ,1.49,2.14,1.0,True,synthetic_scenario_generator,26006
2025-09-07,IND_VIZ,1.58,2.23,1.0,True,synthetic_scenario_generator,26006
2025-09-08,IND_VIZ,1.99,2.64,1.0,True,synthetic_scenario_generator,26006
2025-09-09,IND_VIZ,2.13,2.78,1.0,True,synthetic_scenario_generator,26006
2025-09-10,IND_VIZ,1.87,2.52,1.0,True,synthetic_scenario_generator,26006
2025-09-11,IND_VIZ,1.71,2.36,1.0,True,synthetic_scenario_generator,26006
2025-09-12,IND_VIZ,1.45,2.1,1.0,True,synthetic_scenario_generator,26006
2025-09-13,IND_VIZ,1.25,1.9,1.0,True,synthetic_scenario_generator,26006
2025-09-14,IND_VIZ,0.99,1.64,1.0,True,synthetic_scenario_generator,26006
2025-09-15,IND_VIZ,0.64,1.29,1.0,True,synthetic_scenario_generator,26006
2025-09-16,IND_VIZ,0.66,1.31,1.0,True,synthetic_scenario_generator,26006
2025-09-17,IND_VIZ,0.57,1.22,1.0,True,synthetic_scenario_generator,26006
2025-09-18,IND_VIZ,0.57,1.22,1.0,True,synthetic_scenario_generator,26006
2025-09-19,IND_VIZ,0.65,1.3,1.0,True,synthetic_scenario_generator,26006
2025-09-20,IND_VIZ,1.15,1.8,1.0,True,synthetic_scenario_generator,26006
2025-09-21,IND_VIZ,1.52,2.17,1.0,True,synthetic_scenario_generator,26006
2025-09-22,IND_VIZ,1.72,2.37,1.0,True,synthetic_scenario_generator,26006
2025-09-23,IND_VIZ,1.93,2.58,1.0,True,synthetic_scenario_generator,26006
2025-09-24,IND_VIZ,2.05,2.7,1.0,True,synthetic_scenario_generator,26006
2025-09-25,IND_VIZ,1.99,2.64,1.0,True,synthetic_scenario_generator,26006
2025-09-26,IND_VIZ,1.77,2.42,1.0,True,synthetic_scenario_generator,26006
2025-09-27,IND_VIZ,1.44,2.09,1.0,True,synthetic_scenario_generator,26006
2025-09-28,IND_VIZ,1.25,1.9,1.0,True,synthetic_scenario_generator,26006
2025-09-29,IND_VIZ,0.76,1.41,1.0,True,synthetic_scenario_generator,26006
2025-09-30,IND_VIZ,0.59,1.24,1.0,True,synthetic_scenario_generator,26006
2025-10-01,IND_VIZ,0.59,1.24,1.0,True,synthetic_scenario_generator,26006
2025-10-02,IND_VIZ,0.51,1.16,1.0,True,synthetic_scenario_generator,26006
2025-10-03,IND_VIZ,0.45,1.1,1.0,True,synthetic_scenario_generator,26006
2025-10-04,IND_VIZ,1.02,1.67,1.0,True,synthetic_scenario_generator,26006
2025-10-05,IND_VIZ,1.18,1.83,1.0,True,synthetic_scenario_generator,26006
2025-10-06,IND_VIZ,1.46,2.11,1.0,True,synthetic_scenario_generator,26006
2025-10-07,IND_VIZ,1.87,2.52,1.0,True,synthetic_scenario_generator,26006
2025-10-08,IND_VIZ,1.86,2.51,1.0,True,synthetic_scenario_generator,26006
2025-10-09,IND_VIZ,1.93,2.58,1.0,True,synthetic_scenario_generator,26006
2025-10-10,IND_VIZ,1.9,2.55,1.0,True,synthetic_scenario_generator,26006
2025-10-11,IND_VIZ,1.65,2.3,1.0,True,synthetic_scenario_generator,26006
2025-10-12,IND_VIZ,1.39,2.04,1.0,True,synthetic_scenario_generator,26006
2025-10-13,IND_VIZ,1.14,1.79,1.0,True,synthetic_scenario_generator,26006
2025-10-14,IND_VIZ,0.76,1.41,1.0,True,synthetic_scenario_generator,26006
2025-10-15,IND_VIZ,0.66,1.31,1.0,True,synthetic_scenario_generator,26006
2025-10-16,IND_VIZ,0.43,1.08,1.0,True,synthetic_scenario_generator,26006
2025-10-17,IND_VIZ,0.54,1.19,1.0,True,synthetic_scenario_generator,26006
2025-10-18,IND_VIZ,0.7,1.35,1.0,True,synthetic_scenario_generator,26006
2025-10-19,IND_VIZ,0.99,1.64,1.0,True,synthetic_scenario_generator,26006
2025-10-20,IND_VIZ,1.37,2.02,1.0,True,synthetic_scenario_generator,26006
2025-10-21,IND_VIZ,1.86,2.51,1.0,True,synthetic_scenario_generator,26006
2025-10-22,IND_VIZ,1.8,2.45,1.0,True,synthetic_scenario_generator,26006
2025-10-23,IND_VIZ,1.93,2.58,1.0,True,synthetic_scenario_generator,26006
2025-10-24,IND_VIZ,1.95,2.6,1.0,True,synthetic_scenario_generator,26006
2025-10-25,IND_VIZ,1.79,2.44,1.0,True,synthetic_scenario_generator,26006
2025-10-26,IND_VIZ,1.6,2.25,1.0,True,synthetic_scenario_generator,26006
2025-10-27,IND_VIZ,1.27,1.92,1.0,True,synthetic_scenario_generator,26006
2025-10-28,IND_VIZ,0.91,1.56,1.0,True,synthetic_scenario_generator,26006
2025-10-29,IND_VIZ,0.81,1.46,1.0,True,synthetic_scenario_generator,26006
2025-10-30,IND_VIZ,0.63,1.28,1.0,True,synthetic_scenario_generator,26006
2025-10-31,IND_VIZ,0.55,1.2,1.0,True,synthetic_scenario_generator,26006
2025-11-01,IND_VIZ,0.46,1.11,1.0,True,synthetic_scenario_generator,26006
2025-11-02,IND_VIZ,0.69,1.34,1.0,True,synthetic_scenario_generator,26006
2025-11-03,IND_VIZ,1.08,1.73,1.0,True,synthetic_scenario_generator,26006
2025-11-04,IND_VIZ,1.5,2.15,1.0,True,synthetic_scenario_generator,26006
2025-11-05,IND_VIZ,1.65,2.3,1.0,True,synthetic_scenario_generator,26006
2025-11-06,IND_VIZ,1.85,2.5,1.0,True,synthetic_scenario_generator,26006
2025-11-07,IND_VIZ,2.14,2.79,1.0,True,synthetic_scenario_generator,26006
2025-11-08,IND_VIZ,2.08,2.73,1.0,True,synthetic_scenario_generator,26006
2025-11-09,IND_VIZ,1.89,2.54,1.0,True,synthetic_scenario_generator,26006
2025-11-10,IND_VIZ,1.33,1.98,1.0,True,synthetic_scenario_generator,26006
2025-11-11,IND_VIZ,1.25,1.9,1.0,True,synthetic_scenario_generator,26006
2025-11-12,IND_VIZ,0.9,1.55,1.0,True,synthetic_scenario_generator,26006
2025-11-13,IND_VIZ,0.66,1.31,1.0,True,synthetic_scenario_generator,26006
2025-11-14,IND_VIZ,0.49,1.14,1.0,True,synthetic_scenario_generator,26006
2025-11-15,IND_VIZ,0.41,1.06,1.0,True,synthetic_scenario_generator,26006
2025-11-16,IND_VIZ,0.51,1.16,1.0,True,synthetic_scenario_generator,26006
2025-11-17,IND_VIZ,0.76,1.41,1.0,True,synthetic_scenario_generator,26006
2025-11-18,IND_VIZ,1.14,1.79,1.0,True,synthetic_scenario_generator,26006
2025-11-19,IND_VIZ,1.48,2.13,1.0,True,synthetic_scenario_generator,26006
2025-11-20,IND_VIZ,1.69,2.34,1.0,True,synthetic_scenario_generator,26006
2025-11-21,IND_VIZ,1.83,2.48,1.0,True,synthetic_scenario_generator,26006
2025-11-22,IND_VIZ,2.0,2.65,1.0,True,synthetic_scenario_generator,26006
2025-11-23,IND_VIZ,1.91,2.56,1.0,True,synthetic_scenario_generator,26006
2025-11-24,IND_VIZ,1.8,2.45,1.0,True,synthetic_scenario_generator,26006
2025-11-25,IND_VIZ,1.43,2.08,1.0,True,synthetic_scenario_generator,26006
2025-11-26,IND_VIZ,1.21,1.86,1.0,True,synthetic_scenario_generator,26006
2025-11-27,IND_VIZ,0.96,1.61,1.0,True,synthetic_scenario_generator,26006
2025-11-28,IND_VIZ,0.45,1.1,1.0,True,synthetic_scenario_generator,26006
2025-11-29,IND_VIZ,0.47,1.12,1.0,True,synthetic_scenario_generator,26006
2025-11-30,IND_VIZ,0.49,1.14,1.0,True,synthetic_scenario_generator,26006
2025-12-01,IND_VIZ,0.73,1.38,1.0,True,synthetic_scenario_generator,26006
2025-12-02,IND_VIZ,1.02,1.67,1.0,True,synthetic_scenario_generator,26006
2025-12-03,IND_VIZ,1.22,1.87,1.0,True,synthetic_scenario_generator,26006
2025-12-04,IND_VIZ,1.49,2.14,1.0,True,synthetic_scenario_generator,26006
2025-12-05,IND_VIZ,1.85,2.5,1.0,True,synthetic_scenario_generator,26006
2025-12-06,IND_VIZ,1.93,2.58,1.0,True,synthetic_scenario_generator,26006
2025-12-07,IND_VIZ,2.06,2.71,1.0,True,synthetic_scenario_generator,26006
2025-12-08,IND_VIZ,2.05,2.7,1.0,True,synthetic_scenario_generator,26006
2025-12-09,IND_VIZ,1.52,2.17,1.0,True,synthetic_scenario_generator,26006
2025-12-10,IND_VIZ,1.26,1.91,1.0,True,synthetic_scenario_generator,26006
2025-12-11,IND_VIZ,1.1,1.75,1.0,True,synthetic_scenario_generator,26006
2025-12-12,IND_VIZ,0.91,1.56,1.0,True,synthetic_scenario_generator,26006
2025-12-13,IND_VIZ,0.68,1.33,1.0,True,synthetic_scenario_generator,26006
2025-12-14,IND_VIZ,0.55,1.2,1.0,True,synthetic_scenario_generator,26006
2025-12-15,IND_VIZ,0.51,1.16,1.0,True,synthetic_scenario_generator,26006
2025-12-16,IND_VIZ,0.68,1.33,1.0,True,synthetic_scenario_generator,26006
2025-12-17,IND_VIZ,0.98,1.63,1.0,True,synthetic_scenario_generator,26006
2025-12-18,IND_VIZ,1.26,1.91,1.0,True,synthetic_scenario_generator,26006
2025-12-19,IND_VIZ,1.47,2.12,1.0,True,synthetic_scenario_generator,26006
2025-12-20,IND_VIZ,1.81,2.46,1.0,True,synthetic_scenario_generator,26006
2025-12-21,IND_VIZ,1.84,2.49,1.0,True,synthetic_scenario_generator,26006
2025-12-22,IND_VIZ,2.1,2.75,1.0,True,synthetic_scenario_generator,26006
2025-12-23,IND_VIZ,1.91,2.56,1.0,True,synthetic_scenario_generator,26006
2025-12-24,IND_VIZ,1.78,2.43,1.0,True,synthetic_scenario_generator,26006
2025-12-25,IND_VIZ,1.38,2.03,1.0,True,synthetic_scenario_generator,26006
2025-12-26,IND_VIZ,0.97,1.62,1.0,True,synthetic_scenario_generator,26006
2025-12-27,IND_VIZ,0.63,1.28,1.0,True,synthetic_scenario_generator,26006
2025-12-28,IND_VIZ,0.61,1.26,1.0,True,synthetic_scenario_generator,26006
2025-12-29,IND_VIZ,0.55,1.2,1.0,True,synthetic_scenario_generator,26006
2025-12-30,IND_VIZ,0.82,1.47,1.0,True,synthetic_scenario_generator,26006
2025-12-31,IND_VIZ,0.83,1.48,1.0,True,synthetic_scenario_generator,26006
2026-01-01,IND_VIZ,0.96,1.61,1.0,True,synthetic_scenario_generator,26006
2026-01-02,IND_VIZ,1.36,2.01,1.0,True,synthetic_scenario_generator,26006
2026-01-03,IND_VIZ,1.72,2.37,1.0,True,synthetic_scenario_generator,26006
2026-01-04,IND_VIZ,1.65,2.3,1.0,True,synthetic_scenario_generator,26006
2026-01-05,IND_VIZ,2.04,2.69,1.0,True,synthetic_scenario_generator,26006
2026-01-06,IND_VIZ,2.06,2.71,1.0,True,synthetic_scenario_generator,26006
2026-01-07,IND_VIZ,1.86,2.51,1.0,True,synthetic_scenario_generator,26006
2026-01-08,IND_VIZ,1.67,2.32,1.0,True,synthetic_scenario_generator,26006
2026-01-09,IND_VIZ,1.19,1.84,1.0,True,synthetic_scenario_generator,26006
2026-01-10,IND_VIZ,0.83,1.48,1.0,True,synthetic_scenario_generator,26006
2026-01-11,IND_VIZ,0.76,1.41,1.0,True,synthetic_scenario_generator,26006
2026-01-12,IND_VIZ,0.6,1.25,1.0,True,synthetic_scenario_generator,26006
2026-01-13,IND_VIZ,0.67,1.32,1.0,True,synthetic_scenario_generator,26006
2026-01-14,IND_VIZ,0.68,1.33,1.0,True,synthetic_scenario_generator,26006
2026-01-15,IND_VIZ,0.73,1.38,1.0,True,synthetic_scenario_generator,26006
2026-01-16,IND_VIZ,1.12,1.77,1.0,True,synthetic_scenario_generator,26006
2026-01-17,IND_VIZ,1.32,1.97,1.0,True,synthetic_scenario_generator,26006
2026-01-18,IND_VIZ,1.75,2.4,1.0,True,synthetic_scenario_generator,26006
2026-01-19,IND_VIZ,1.91,2.56,1.0,True,synthetic_scenario_generator,26006
2026-01-20,IND_VIZ,2.05,2.7,1.0,True,synthetic_scenario_generator,26006
2026-01-21,IND_VIZ,1.95,2.6,1.0,True,synthetic_scenario_generator,26006
2026-01-22,IND_VIZ,1.73,2.38,1.0,True,synthetic_scenario_generator,26006
2026-01-23,IND_VIZ,1.62,2.27,1.0,True,synthetic_scenario_generator,26006
2026-01-24,IND_VIZ,1.15,1.8,1.0,True,synthetic_scenario_generator,26006
2026-01-25,IND_VIZ,0.8,1.45,1.0,True,synthetic_scenario_generator,26006
2026-01-26,IND_VIZ,0.55,1.2,1.0,True,synthetic_scenario_generator,26006
2026-01-27,IND_VIZ,0.29,0.94,1.0,True,synthetic_scenario_generator,26006
2026-01-28,IND_VIZ,0.54,1.19,1.0,True,synthetic_scenario_generator,26006
2026-01-29,IND_VIZ,0.64,1.29,1.0,True,synthetic_scenario_generator,26006
2026-01-30,IND_VIZ,0.99,1.64,1.0,True,synthetic_scenario_generator,26006
2026-01-31,IND_VIZ,1.35,2.0,1.0,True,synthetic_scenario_generator,26006
2026-02-01,IND_VIZ,1.41,2.06,1.0,True,synthetic_scenario_generator,26006
2026-02-02,IND_VIZ,1.9,2.55,1.0,True,synthetic_scenario_generator,26006
2026-02-03,IND_VIZ,1.92,2.57,1.0,True,synthetic_scenario_generator,26006
2026-02-04,IND_VIZ,2.04,2.69,1.0,True,synthetic_scenario_generator,26006
2026-02-05,IND_VIZ,1.89,2.54,1.0,True,synthetic_scenario_generator,26006
2026-02-06,IND_VIZ,1.84,2.49,1.0,True,synthetic_scenario_generator,26006
2026-02-07,IND_VIZ,1.58,2.23,1.0,True,synthetic_scenario_generator,26006
2026-02-08,IND_VIZ,1.18,1.83,1.0,True,synthetic_scenario_generator,26006
2026-02-09,IND_VIZ,0.75,1.4,1.0,True,synthetic_scenario_generator,26006
2026-02-10,IND_VIZ,0.76,1.41,1.0,True,synthetic_scenario_generator,26006
2026-02-11,IND_VIZ,0.31,0.96,1.0,True,synthetic_scenario_generator,26006
2026-02-12,IND_VIZ,0.41,1.06,1.0,True,synthetic_scenario_generator,26006
2026-02-13,IND_VIZ,0.72,1.37,1.0,True,synthetic_scenario_generator,26006
2026-02-14,IND_VIZ,1.04,1.69,1.0,True,synthetic_scenario_generator,26006
2026-02-15,IND_VIZ,1.33,1.98,1.0,True,synthetic_scenario_generator,26006
2026-02-16,IND_VIZ,1.38,2.03,1.0,True,synthetic_scenario_generator,26006
2026-02-17,IND_VIZ,1.7,2.35,1.0,True,synthetic_scenario_generator,26006
2026-02-18,IND_VIZ,2.15,2.8,1.0,True,synthetic_scenario_generator,26006
2026-02-19,IND_VIZ,2.11,2.76,1.0,True,synthetic_scenario_generator,26006
2026-02-20,IND_VIZ,1.98,2.63,1.0,True,synthetic_scenario_generator,26006
2026-02-21,IND_VIZ,1.73,2.38,1.0,True,synthetic_scenario_generator,26006
2026-02-22,IND_VIZ,1.35,2.0,1.0,True,synthetic_scenario_generator,26006
2026-02-23,IND_VIZ,1.03,1.68,1.0,True,synthetic_scenario_generator,26006
2026-02-24,IND_VIZ,0.77,1.42,1.0,True,synthetic_scenario_generator,26006
2026-02-25,IND_VIZ,0.64,1.29,1.0,True,synthetic_scenario_generator,26006
2026-02-26,IND_VIZ,0.53,1.18,1.0,True,synthetic_scenario_generator,26006
2026-02-27,IND_VIZ,0.57,1.22,1.0,True,synthetic_scenario_generator,26006
2026-02-28,IND_VIZ,0.72,1.37,1.0,True,synthetic_scenario_generator,26006
2026-03-01,IND_VIZ,0.92,1.57,1.0,True,synthetic_scenario_generator,26006
2026-03-02,IND_VIZ,1.39,2.04,1.0,True,synthetic_scenario_generator,26006
2026-03-03,IND_VIZ,1.54,2.19,1.0,True,synthetic_scenario_generator,26006
2026-03-04,IND_VIZ,1.99,2.64,1.0,True,synthetic_scenario_generator,26006
2026-03-05,IND_VIZ,2.11,2.76,1.0,True,synthetic_scenario_generator,26006
2026-03-06,IND_VIZ,2.0,2.65,1.0,True,synthetic_scenario_generator,26006
2026-03-07,IND_VIZ,1.86,2.51,1.0,True,synthetic_scenario_generator,26006
2026-03-08,IND_VIZ,1.59,2.24,1.0,True,synthetic_scenario_generator,26006
2026-03-09,IND_VIZ,1.41,2.06,1.0,True,synthetic_scenario_generator,26006
2026-03-10,IND_VIZ,1.02,1.67,1.0,True,synthetic_scenario_generator,26006
2026-03-11,IND_VIZ,0.64,1.29,1.0,True,synthetic_scenario_generator,26006
2026-03-12,IND_VIZ,0.51,1.16,1.0,True,synthetic_scenario_generator,26006
2026-03-13,IND_VIZ,0.47,1.12,1.0,True,synthetic_scenario_generator,26006
2026-03-14,IND_VIZ,0.64,1.29,1.0,True,synthetic_scenario_generator,26006
2026-03-15,IND_VIZ,0.88,1.53,1.0,True,synthetic_scenario_generator,26006
2026-03-16,IND_VIZ,1.09,1.74,1.0,True,synthetic_scenario_generator,26006
2026-03-17,IND_VIZ,1.56,2.21,1.0,True,synthetic_scenario_generator,26006
2026-03-18,IND_VIZ,1.73,2.38,1.0,True,synthetic_scenario_generator,26006
2026-03-19,IND_VIZ,1.9,2.55,1.0,True,synthetic_scenario_generator,26006
2026-03-20,IND_VIZ,1.88,2.53,1.0,True,synthetic_scenario_generator,26006
2026-03-21,IND_VIZ,1.93,2.58,1.0,True,synthetic_scenario_generator,26006
2026-03-22,IND_VIZ,1.81,2.46,1.0,True,synthetic_scenario_generator,26006
2026-03-23,IND_VIZ,1.5,2.15,1.0,True,synthetic_scenario_generator,26006
2026-03-24,IND_VIZ,1.24,1.89,1.0,True,synthetic_scenario_generator,26006
2026-03-25,IND_VIZ,0.94,1.59,1.0,True,synthetic_scenario_generator,26006
2026-03-26,IND_VIZ,0.65,1.3,1.0,True,synthetic_scenario_generator,26006
2026-03-27,IND_VIZ,0.58,1.23,1.0,True,synthetic_scenario_generator,26006
2026-03-28,IND_VIZ,0.5,1.15,1.0,True,synthetic_scenario_generator,26006
2026-03-29,IND_VIZ,0.59,1.24,1.0,True,synthetic_scenario_generator,26006
2026-03-30,IND_VIZ,0.81,1.46,1.0,True,synthetic_scenario_generator,26006
2026-03-31,IND_VIZ,1.21,1.86,1.0,True,synthetic_scenario_generator,26006
2026-04-01,IND_VIZ,1.41,2.06,1.0,True,synthetic_scenario_generator,26006
2026-04-02,IND_VIZ,1.71,2.36,1.0,True,synthetic_scenario_generator,26006
2026-04-03,IND_VIZ,1.82,2.47,1.0,True,synthetic_scenario_generator,26006
2026-04-04,IND_VIZ,2.02,2.67,1.0,True,synthetic_scenario_generator,26006
2026-04-05,IND_VIZ,1.86,2.51,1.0,True,synthetic_scenario_generator,26006
2026-04-06,IND_VIZ,1.94,2.59,1.0,True,synthetic_scenario_generator,26006
2026-04-07,IND_VIZ,1.52,2.17,1.0,True,synthetic_scenario_generator,26006
2026-04-08,IND_VIZ,1.26,1.91,1.0,True,synthetic_scenario_generator,26006
2026-04-09,IND_VIZ,0.9,1.55,1.0,True,synthetic_scenario_generator,26006
2026-04-10,IND_VIZ,0.62,1.27,1.0,True,synthetic_scenario_generator,26006
2026-04-11,IND_VIZ,0.63,1.28,1.0,True,synthetic_scenario_generator,26006
2026-04-12,IND_VIZ,0.5,1.15,1.0,True,synthetic_scenario_generator,26006
2026-04-13,IND_VIZ,0.6,1.25,1.0,True,synthetic_scenario_generator,26006
2026-04-14,IND_VIZ,0.82,1.47,1.0,True,synthetic_scenario_generator,26006
2026-04-15,IND_VIZ,1.21,1.86,1.0,True,synthetic_scenario_generator,26006
2026-04-16,IND_VIZ,1.4,2.05,1.0,True,synthetic_scenario_generator,26006
2026-04-17,IND_VIZ,1.67,2.32,1.0,True,synthetic_scenario_generator,26006
2026-04-18,IND_VIZ,2.01,2.66,1.0,True,synthetic_scenario_generator,26006
2026-04-19,IND_VIZ,2.03,2.68,1.0,True,synthetic_scenario_generator,26006
2026-04-20,IND_VIZ,1.88,2.53,1.0,True,synthetic_scenario_generator,26006
2026-04-21,IND_VIZ,1.79,2.44,1.0,True,synthetic_scenario_generator,26006
2026-04-22,IND_VIZ,1.4,2.05,1.0,True,synthetic_scenario_generator,26006
2026-04-23,IND_VIZ,1.17,1.82,1.0,True,synthetic_scenario_generator,26006
2026-04-24,IND_VIZ,0.81,1.46,1.0,True,synthetic_scenario_generator,26006
2026-04-25,IND_VIZ,0.67,1.32,1.0,True,synthetic_scenario_generator,26006
2026-04-26,IND_VIZ,0.52,1.17,1.0,True,synthetic_scenario_generator,26006
2026-04-27,IND_VIZ,0.5,1.15,1.0,True,synthetic_scenario_generator,26006
2026-04-28,IND_VIZ,0.74,1.39,1.0,True,synthetic_scenario_generator,26006
2026-04-29,IND_VIZ,1.07,1.72,1.0,True,synthetic_scenario_generator,26006
2026-04-30,IND_VIZ,1.26,1.91,1.0,True,synthetic_scenario_generator,26006
2026-05-01,IND_VIZ,1.56,2.21,1.0,True,synthetic_scenario_generator,26006
2026-05-02,IND_VIZ,1.85,2.5,1.0,True,synthetic_scenario_generator,26006
2026-05-03,IND_VIZ,2.09,2.74,1.0,True,synthetic_scenario_generator,26006
2026-05-04,IND_VIZ,2.09,2.74,1.0,True,synthetic_scenario_generator,26006
2026-05-05,IND_VIZ,1.82,2.47,1.0,True,synthetic_scenario_generator,26006
2026-05-06,IND_VIZ,1.64,2.29,1.0,True,synthetic_scenario_generator,26006
2026-05-07,IND_VIZ,1.18,1.83,1.0,True,synthetic_scenario_generator,26006
2026-05-08,IND_VIZ,1.06,1.71,1.0,True,synthetic_scenario_generator,26006
2026-05-09,IND_VIZ,0.82,1.47,1.0,True,synthetic_scenario_generator,26006
2026-05-10,IND_VIZ,0.6,1.25,1.0,True,synthetic_scenario_generator,26006
2026-05-11,IND_VIZ,0.6,1.25,1.0,True,synthetic_scenario_generator,26006
2026-05-12,IND_VIZ,0.67,1.32,1.0,True,synthetic_scenario_generator,26006
2026-05-13,IND_VIZ,0.72,1.37,1.0,True,synthetic_scenario_generator,26006
2026-05-14,IND_VIZ,1.03,1.68,1.0,True,synthetic_scenario_generator,26006
2026-05-15,IND_VIZ,1.31,1.96,1.0,True,synthetic_scenario_generator,26006
2026-05-16,IND_VIZ,1.7,2.35,1.0,True,synthetic_scenario_generator,26006
2026-05-17,IND_VIZ,1.89,2.54,1.0,True,synthetic_scenario_generator,26006
2026-05-18,IND_VIZ,2.0,2.65,1.0,True,synthetic_scenario_generator,26006
2026-05-19,IND_VIZ,2.11,2.76,1.0,True,synthetic_scenario_generator,26006
2026-05-20,IND_VIZ,1.81,2.46,1.0,True,synthetic_scenario_generator,26006
2026-05-21,IND_VIZ,1.55,2.2,1.0,True,synthetic_scenario_generator,26006
2026-05-22,IND_VIZ,1.26,1.91,1.0,True,synthetic_scenario_generator,26006
2026-05-23,IND_VIZ,0.97,1.62,1.0,True,synthetic_scenario_generator,26006
2026-05-24,IND_VIZ,0.76,1.41,1.0,True,synthetic_scenario_generator,26006
2026-05-25,IND_VIZ,0.44,1.09,1.0,True,synthetic_scenario_generator,26006
2026-05-26,IND_VIZ,0.5,1.15,1.0,True,synthetic_scenario_generator,26006
2026-05-27,IND_VIZ,0.52,1.17,1.0,True,synthetic_scenario_generator,26006
2026-05-28,IND_VIZ,0.94,1.59,1.0,True,synthetic_scenario_generator,26006
2026-05-29,IND_VIZ,0.82,1.47,1.0,True,synthetic_scenario_generator,26006
2026-05-30,IND_VIZ,1.56,2.21,1.0,True,synthetic_scenario_generator,26006
2026-05-31,IND_VIZ,1.71,2.36,1.0,True,synthetic_scenario_generator,26006
2026-06-01,IND_VIZ,1.81,2.46,1.0,True,synthetic_scenario_generator,26006
2026-06-02,IND_VIZ,1.93,2.58,1.0,True,synthetic_scenario_generator,26006
2026-06-03,IND_VIZ,1.86,2.51,1.0,True,synthetic_scenario_generator,26006
2026-06-04,IND_VIZ,1.75,2.4,1.0,True,synthetic_scenario_generator,26006
2026-06-05,IND_VIZ,1.49,2.14,1.0,True,synthetic_scenario_generator,26006
2026-06-06,IND_VIZ,1.4,2.05,1.0,True,synthetic_scenario_generator,26006
2026-06-07,IND_VIZ,0.9,1.55,1.0,True,synthetic_scenario_generator,26006
2026-06-08,IND_VIZ,0.74,1.39,1.0,True,synthetic_scenario_generator,26006
2026-06-09,IND_VIZ,0.47,1.12,1.0,True,synthetic_scenario_generator,26006
2026-06-10,IND_VIZ,0.45,1.1,1.0,True,synthetic_scenario_generator,26006
2026-06-11,IND_VIZ,0.77,1.42,1.0,True,synthetic_scenario_generator,26006
2026-06-12,IND_VIZ,0.98,1.63,1.0,True,synthetic_scenario_generator,26006
2026-06-13,IND_VIZ,1.27,1.92,1.0,True,synthetic_scenario_generator,26006
2026-06-14,IND_VIZ,1.54,2.19,1.0,True,synthetic_scenario_generator,26006
2026-06-15,IND_VIZ,1.77,2.42,1.0,True,synthetic_scenario_generator,26006
2026-06-16,IND_VIZ,1.88,2.53,1.0,True,synthetic_scenario_generator,26006
2026-06-17,IND_VIZ,2.11,2.76,1.0,True,synthetic_scenario_generator,26006
2026-06-18,IND_VIZ,2.0,2.65,1.0,True,synthetic_scenario_generator,26006
2026-06-19,IND_VIZ,1.69,2.34,1.0,True,synthetic_scenario_generator,26006
2026-06-20,IND_VIZ,1.39,2.04,1.0,True,synthetic_scenario_generator,26006
2026-06-21,IND_VIZ,1.09,1.74,1.0,True,synthetic_scenario_generator,26006
2026-06-22,IND_VIZ,0.99,1.64,1.0,True,synthetic_scenario_generator,26006
2026-06-23,IND_VIZ,0.55,1.2,1.0,True,synthetic_scenario_generator,26006
2026-06-24,IND_VIZ,0.59,1.24,1.0,True,synthetic_scenario_generator,26006
2026-06-25,IND_VIZ,0.54,1.19,1.0,True,synthetic_scenario_generator,26006
2026-06-26,IND_VIZ,0.83,1.48,1.0,True,synthetic_scenario_generator,26006
2026-06-27,IND_VIZ,1.1,1.75,1.0,True,synthetic_scenario_generator,26006
2026-06-28,IND_VIZ,1.38,2.03,1.0,True,synthetic_scenario_generator,26006
2026-06-29,IND_VIZ,1.48,2.13,1.0,True,synthetic_scenario_generator,26006
2026-06-30,IND_VIZ,1.66,2.31,1.0,True,synthetic_scenario_generator,26006
2026-07-01,IND_VIZ,1.79,2.44,1.0,True,synthetic_scenario_generator,26006
2026-07-02,IND_VIZ,1.92,2.57,1.0,True,synthetic_scenario_generator,26006
2026-07-03,IND_VIZ,1.89,2.54,1.0,True,synthetic_scenario_generator,26006
2026-07-04,IND_VIZ,1.74,2.39,1.0,True,synthetic_scenario_generator,26006
2026-07-05,IND_VIZ,1.5,2.15,1.0,True,synthetic_scenario_generator,26006
2026-07-06,IND_VIZ,1.06,1.71,1.0,True,synthetic_scenario_generator,26006
2026-07-07,IND_VIZ,0.69,1.34,1.0,True,synthetic_scenario_generator,26006
2026-07-08,IND_VIZ,0.63,1.28,1.0,True,synthetic_scenario_generator,26006
2026-07-09,IND_VIZ,0.41,1.06,1.0,True,synthetic_scenario_generator,26006
2026-07-10,IND_VIZ,0.62,1.27,1.0,True,synthetic_scenario_generator,26006
2026-07-11,IND_VIZ,0.61,1.26,1.0,True,synthetic_scenario_generator,26006
2026-07-12,IND_VIZ,1.09,1.74,1.0,True,synthetic_scenario_generator,26006
2026-07-13,IND_VIZ,1.4,2.05,1.0,True,synthetic_scenario_generator,26006
2026-07-14,IND_VIZ,1.94,2.59,1.0,True,synthetic_scenario_generator,26006
2026-07-15,IND_VIZ,1.87,2.52,1.0,True,synthetic_scenario_generator,26006
2026-07-16,IND_VIZ,2.08,2.73,1.0,True,synthetic_scenario_generator,26006
2026-07-17,IND_VIZ,1.85,2.5,1.0,True,synthetic_scenario_generator,26006
2026-07-18,IND_VIZ,1.97,2.62,1.0,True,synthetic_scenario_generator,26006
2026-07-19,IND_VIZ,1.53,2.18,1.0,True,synthetic_scenario_generator,26006
2026-07-20,IND_VIZ,1.28,1.93,1.0,True,synthetic_scenario_generator,26006
2026-07-21,IND_VIZ,1.08,1.73,1.0,True,synthetic_scenario_generator,26006
2026-07-22,IND_VIZ,0.53,1.18,1.0,True,synthetic_scenario_generator,26006
2026-07-23,IND_VIZ,0.49,1.14,1.0,True,synthetic_scenario_generator,26006
2026-07-24,IND_VIZ,0.53,1.18,1.0,True,synthetic_scenario_generator,26006
2026-07-25,IND_VIZ,0.59,1.24,1.0,True,synthetic_scenario_generator,26006
2026-07-26,IND_VIZ,0.52,1.17,1.0,True,synthetic_scenario_generator,26006
2026-07-27,IND_VIZ,0.97,1.62,1.0,True,synthetic_scenario_generator,26006
2026-07-28,IND_VIZ,1.33,1.98,1.0,True,synthetic_scenario_generator,26006
2026-07-29,IND_VIZ,1.55,2.2,1.0,True,synthetic_scenario_generator,26006
2026-07-30,IND_VIZ,1.98,2.63,1.0,True,synthetic_scenario_generator,26006
2026-07-31,IND_VIZ,2.04,2.69,1.0,True,synthetic_scenario_generator,26006
2026-08-01,IND_VIZ,2.0,2.65,1.0,True,synthetic_scenario_generator,26006
2026-08-02,IND_VIZ,1.73,2.38,1.0,True,synthetic_scenario_generator,26006
2026-08-03,IND_VIZ,1.5,2.15,1.0,True,synthetic_scenario_generator,26006
2026-08-04,IND_VIZ,1.28,1.93,1.0,True,synthetic_scenario_generator,26006
2026-08-05,IND_VIZ,0.82,1.47,1.0,True,synthetic_scenario_generator,26006
2026-08-06,IND_VIZ,0.64,1.29,1.0,True,synthetic_scenario_generator,26006
2026-08-07,IND_VIZ,0.47,1.12,1.0,True,synthetic_scenario_generator,26006
2026-08-08,IND_VIZ,0.46,1.11,1.0,True,synthetic_scenario_generator,26006
2026-08-09,IND_VIZ,0.79,1.44,1.0,True,synthetic_scenario_generator,26006
2026-08-10,IND_VIZ,0.92,1.57,1.0,True,synthetic_scenario_generator,26006
2026-08-11,IND_VIZ,1.22,1.87,1.0,True,synthetic_scenario_generator,26006
2026-08-12,IND_VIZ,1.45,2.1,1.0,True,synthetic_scenario_generator,26006
2026-08-13,IND_VIZ,1.61,2.26,1.0,True,synthetic_scenario_generator,26006
2026-08-14,IND_VIZ,1.94,2.59,1.0,True,synthetic_scenario_generator,26006
2026-08-15,IND_VIZ,2.02,2.67,1.0,True,synthetic_scenario_generator,26006
2026-08-16,IND_VIZ,1.99,2.64,1.0,True,synthetic_scenario_generator,26006
2026-08-17,IND_VIZ,1.75,2.4,1.0,True,synthetic_scenario_generator,26006
2026-08-18,IND_VIZ,1.42,2.07,1.0,True,synthetic_scenario_generator,26006
2026-08-19,IND_VIZ,1.13,1.78,1.0,True,synthetic_scenario_generator,26006
2026-08-20,IND_VIZ,0.83,1.48,1.0,True,synthetic_scenario_generator,26006
2026-08-21,IND_VIZ,0.59,1.24,1.0,True,synthetic_scenario_generator,26006
2026-08-22,IND_VIZ,0.58,1.23,1.0,True,synthetic_scenario_generator,26006
2026-08-23,IND_VIZ,0.47,1.12,1.0,True,synthetic_scenario_generator,26006
2026-08-24,IND_VIZ,0.65,1.3,1.0,True,synthetic_scenario_generator,26006
2026-08-25,IND_VIZ,0.92,1.57,1.0,True,synthetic_scenario_generator,26006
2026-08-26,IND_VIZ,1.2,1.85,1.0,True,synthetic_scenario_generator,26006
2026-08-27,IND_VIZ,1.6,2.25,1.0,True,synthetic_scenario_generator,26006
2026-08-28,IND_VIZ,1.79,2.44,1.0,True,synthetic_scenario_generator,26006
2026-08-29,IND_VIZ,1.93,2.58,1.0,True,synthetic_scenario_generator,26006
2026-08-30,IND_VIZ,2.04,2.69,1.0,True,synthetic_scenario_generator,26006
2026-08-31,IND_VIZ,1.7,2.35,1.0,True,synthetic_scenario_generator,26006
2020-01-01,IND_GAN,0.59,1.24,1.0,True,synthetic_scenario_generator,26006
2020-01-02,IND_GAN,0.83,1.48,1.0,True,synthetic_scenario_generator,26006
2020-01-03,IND_GAN,1.08,1.73,1.0,True,synthetic_scenario_generator,26006
2020-01-04,IND_GAN,1.33,1.98,1.0,True,synthetic_scenario_generator,26006
2020-01-05,IND_GAN,1.59,2.24,1.0,True,synthetic_scenario_generator,26006
2020-01-06,IND_GAN,1.85,2.5,1.0,True,synthetic_scenario_generator,26006
2020-01-07,IND_GAN,1.99,2.64,1.0,True,synthetic_scenario_generator,26006
2020-01-08,IND_GAN,1.92,2.57,1.0,True,synthetic_scenario_generator,26006
2020-01-09,IND_GAN,1.85,2.5,1.0,True,synthetic_scenario_generator,26006
2020-01-10,IND_GAN,1.62,2.27,1.0,True,synthetic_scenario_generator,26006
2020-01-11,IND_GAN,1.33,1.98,1.0,True,synthetic_scenario_generator,26006
2020-01-12,IND_GAN,1.0,1.65,1.0,True,synthetic_scenario_generator,26006
2020-01-13,IND_GAN,0.77,1.42,1.0,True,synthetic_scenario_generator,26006
2020-01-14,IND_GAN,0.6,1.25,1.0,True,synthetic_scenario_generator,26006
2020-01-15,IND_GAN,0.52,1.17,1.0,True,synthetic_scenario_generator,26006
2020-01-16,IND_GAN,0.76,1.41,1.0,True,synthetic_scenario_generator,26006
2020-01-17,IND_GAN,0.88,1.53,1.0,True,synthetic_scenario_generator,26006
2020-01-18,IND_GAN,0.91,1.56,1.0,True,synthetic_scenario_generator,26006
2020-01-19,IND_GAN,1.43,2.08,1.0,True,synthetic_scenario_generator,26006
2020-01-20,IND_GAN,1.58,2.23,1.0,True,synthetic_scenario_generator,26006
2020-01-21,IND_GAN,1.74,2.39,1.0,True,synthetic_scenario_generator,26006
2020-01-22,IND_GAN,1.97,2.62,1.0,True,synthetic_scenario_generator,26006
2020-01-23,IND_GAN,1.97,2.62,1.0,True,synthetic_scenario_generator,26006
2020-01-24,IND_GAN,1.93,2.58,1.0,True,synthetic_scenario_generator,26006
2020-01-25,IND_GAN,1.52,2.17,1.0,True,synthetic_scenario_generator,26006
2020-01-26,IND_GAN,1.15,1.8,1.0,True,synthetic_scenario_generator,26006
2020-01-27,IND_GAN,0.88,1.53,1.0,True,synthetic_scenario_generator,26006
2020-01-28,IND_GAN,0.63,1.28,1.0,True,synthetic_scenario_generator,26006
2020-01-29,IND_GAN,0.65,1.3,1.0,True,synthetic_scenario_generator,26006
2020-01-30,IND_GAN,0.51,1.16,1.0,True,synthetic_scenario_generator,26006
2020-01-31,IND_GAN,0.77,1.42,1.0,True,synthetic_scenario_generator,26006
2020-02-01,IND_GAN,0.94,1.59,1.0,True,synthetic_scenario_generator,26006
2020-02-02,IND_GAN,1.14,1.79,1.0,True,synthetic_scenario_generator,26006
2020-02-03,IND_GAN,1.43,2.08,1.0,True,synthetic_scenario_generator,26006
2020-02-04,IND_GAN,1.61,2.26,1.0,True,synthetic_scenario_generator,26006
2020-02-05,IND_GAN,2.01,2.66,1.0,True,synthetic_scenario_generator,26006
2020-02-06,IND_GAN,2.02,2.67,1.0,True,synthetic_scenario_generator,26006
2020-02-07,IND_GAN,1.93,2.58,1.0,True,synthetic_scenario_generator,26006
2020-02-08,IND_GAN,1.78,2.43,1.0,True,synthetic_scenario_generator,26006
2020-02-09,IND_GAN,1.32,1.97,1.0,True,synthetic_scenario_generator,26006
2020-02-10,IND_GAN,1.1,1.75,1.0,True,synthetic_scenario_generator,26006
2020-02-11,IND_GAN,0.95,1.6,1.0,True,synthetic_scenario_generator,26006
2020-02-12,IND_GAN,0.67,1.32,1.0,True,synthetic_scenario_generator,26006
2020-02-13,IND_GAN,0.39,1.04,1.0,True,synthetic_scenario_generator,26006
2020-02-14,IND_GAN,0.56,1.21,1.0,True,synthetic_scenario_generator,26006
2020-02-15,IND_GAN,0.7,1.35,1.0,True,synthetic_scenario_generator,26006
2020-02-16,IND_GAN,1.04,1.69,1.0,True,synthetic_scenario_generator,26006
2020-02-17,IND_GAN,1.18,1.83,1.0,True,synthetic_scenario_generator,26006
2020-02-18,IND_GAN,1.7,2.35,1.0,True,synthetic_scenario_generator,26006
2020-02-19,IND_GAN,1.7,2.35,1.0,True,synthetic_scenario_generator,26006
2020-02-20,IND_GAN,1.93,2.58,1.0,True,synthetic_scenario_generator,26006
2020-02-21,IND_GAN,2.01,2.66,1.0,True,synthetic_scenario_generator,26006
2020-02-22,IND_GAN,1.89,2.54,1.0,True,synthetic_scenario_generator,26006
2020-02-23,IND_GAN,1.67,2.32,1.0,True,synthetic_scenario_generator,26006
2020-02-24,IND_GAN,1.18,1.83,1.0,True,synthetic_scenario_generator,26006
2020-02-25,IND_GAN,0.99,1.64,1.0,True,synthetic_scenario_generator,26006
2020-02-26,IND_GAN,0.7,1.35,1.0,True,synthetic_scenario_generator,26006
2020-02-27,IND_GAN,0.47,1.12,1.0,True,synthetic_scenario_generator,26006
2020-02-28,IND_GAN,0.5,1.15,1.0,True,synthetic_scenario_generator,26006
2020-02-29,IND_GAN,0.57,1.22,1.0,True,synthetic_scenario_generator,26006
2020-03-01,IND_GAN,0.77,1.42,1.0,True,synthetic_scenario_generator,26006
2020-03-02,IND_GAN,1.04,1.69,1.0,True,synthetic_scenario_generator,26006
2020-03-03,IND_GAN,1.42,2.07,1.0,True,synthetic_scenario_generator,26006
2020-03-04,IND_GAN,1.65,2.3,1.0,True,synthetic_scenario_generator,26006
2020-03-05,IND_GAN,1.92,2.57,1.0,True,synthetic_scenario_generator,26006
2020-03-06,IND_GAN,2.03,2.68,1.0,True,synthetic_scenario_generator,26006
2020-03-07,IND_GAN,2.04,2.69,1.0,True,synthetic_scenario_generator,26006
2020-03-08,IND_GAN,1.93,2.58,1.0,True,synthetic_scenario_generator,26006
2020-03-09,IND_GAN,1.54,2.19,1.0,True,synthetic_scenario_generator,26006
2020-03-10,IND_GAN,1.32,1.97,1.0,True,synthetic_scenario_generator,26006
2020-03-11,IND_GAN,0.96,1.61,1.0,True,synthetic_scenario_generator,26006
2020-03-12,IND_GAN,0.93,1.58,1.0,True,synthetic_scenario_generator,26006
2020-03-13,IND_GAN,0.56,1.21,1.0,True,synthetic_scenario_generator,26006
2020-03-14,IND_GAN,0.4,1.05,1.0,True,synthetic_scenario_generator,26006
2020-03-15,IND_GAN,0.57,1.22,1.0,True,synthetic_scenario_generator,26006
2020-03-16,IND_GAN,0.89,1.54,1.0,True,synthetic_scenario_generator,26006
2020-03-17,IND_GAN,0.96,1.61,1.0,True,synthetic_scenario_generator,26006
2020-03-18,IND_GAN,1.28,1.93,1.0,True,synthetic_scenario_generator,26006
2020-03-19,IND_GAN,1.74,2.39,1.0,True,synthetic_scenario_generator,26006
2020-03-20,IND_GAN,2.02,2.67,1.0,True,synthetic_scenario_generator,26006
2020-03-21,IND_GAN,1.78,2.43,1.0,True,synthetic_scenario_generator,26006
2020-03-22,IND_GAN,1.96,2.61,1.0,True,synthetic_scenario_generator,26006
2020-03-23,IND_GAN,1.77,2.42,1.0,True,synthetic_scenario_generator,26006
2020-03-24,IND_GAN,1.42,2.07,1.0,True,synthetic_scenario_generator,26006
2020-03-25,IND_GAN,1.12,1.77,1.0,True,synthetic_scenario_generator,26006
2020-03-26,IND_GAN,0.99,1.64,1.0,True,synthetic_scenario_generator,26006
2020-03-27,IND_GAN,0.77,1.42,1.0,True,synthetic_scenario_generator,26006
2020-03-28,IND_GAN,0.62,1.27,1.0,True,synthetic_scenario_generator,26006
2020-03-29,IND_GAN,0.7,1.35,1.0,True,synthetic_scenario_generator,26006
2020-03-30,IND_GAN,0.63,1.28,1.0,True,synthetic_scenario_generator,26006
2020-03-31,IND_GAN,0.83,1.48,1.0,True,synthetic_scenario_generator,26006
2020-04-01,IND_GAN,1.08,1.73,1.0,True,synthetic_scenario_generator,26006
2020-04-02,IND_GAN,1.45,2.1,1.0,True,synthetic_scenario_generator,26006
2020-04-03,IND_GAN,1.72,2.37,1.0,True,synthetic_scenario_generator,26006
2020-04-04,IND_GAN,1.95,2.6,1.0,True,synthetic_scenario_generator,26006
2020-04-05,IND_GAN,1.97,2.62,1.0,True,synthetic_scenario_generator,26006
2020-04-06,IND_GAN,1.94,2.59,1.0,True,synthetic_scenario_generator,26006
2020-04-07,IND_GAN,1.83,2.48,1.0,True,synthetic_scenario_generator,26006
2020-04-08,IND_GAN,1.55,2.2,1.0,True,synthetic_scenario_generator,26006
2020-04-09,IND_GAN,1.31,1.96,1.0,True,synthetic_scenario_generator,26006
2020-04-10,IND_GAN,0.93,1.58,1.0,True,synthetic_scenario_generator,26006
2020-04-11,IND_GAN,0.76,1.41,1.0,True,synthetic_scenario_generator,26006
2020-04-12,IND_GAN,0.46,1.11,1.0,True,synthetic_scenario_generator,26006
2020-04-13,IND_GAN,0.6,1.25,1.0,True,synthetic_scenario_generator,26006
2020-04-14,IND_GAN,0.59,1.24,1.0,True,synthetic_scenario_generator,26006
2020-04-15,IND_GAN,0.73,1.38,1.0,True,synthetic_scenario_generator,26006
2020-04-16,IND_GAN,1.13,1.78,1.0,True,synthetic_scenario_generator,26006
2020-04-17,IND_GAN,1.28,1.93,1.0,True,synthetic_scenario_generator,26006
2020-04-18,IND_GAN,1.75,2.4,1.0,True,synthetic_scenario_generator,26006
2020-04-19,IND_GAN,1.85,2.5,1.0,True,synthetic_scenario_generator,26006
2020-04-20,IND_GAN,1.92,2.57,1.0,True,synthetic_scenario_generator,26006
2020-04-21,IND_GAN,1.92,2.57,1.0,True,synthetic_scenario_generator,26006
2020-04-22,IND_GAN,1.8,2.45,1.0,True,synthetic_scenario_generator,26006
2020-04-23,IND_GAN,1.51,2.16,1.0,True,synthetic_scenario_generator,26006
2020-04-24,IND_GAN,1.21,1.86,1.0,True,synthetic_scenario_generator,26006
2020-04-25,IND_GAN,0.91,1.56,1.0,True,synthetic_scenario_generator,26006
2020-04-26,IND_GAN,0.78,1.43,1.0,True,synthetic_scenario_generator,26006
2020-04-27,IND_GAN,0.62,1.27,1.0,True,synthetic_scenario_generator,26006
2020-04-28,IND_GAN,0.59,1.24,1.0,True,synthetic_scenario_generator,26006
2020-04-29,IND_GAN,0.77,1.42,1.0,True,synthetic_scenario_generator,26006
2020-04-30,IND_GAN,0.99,1.64,1.0,True,synthetic_scenario_generator,26006
2020-05-01,IND_GAN,1.35,2.0,1.0,True,synthetic_scenario_generator,26006
2020-05-02,IND_GAN,1.51,2.16,1.0,True,synthetic_scenario_generator,26006
2020-05-03,IND_GAN,1.72,2.37,1.0,True,synthetic_scenario_generator,26006
2020-05-04,IND_GAN,1.97,2.62,1.0,True,synthetic_scenario_generator,26006
2020-05-05,IND_GAN,1.9,2.55,1.0,True,synthetic_scenario_generator,26006
2020-05-06,IND_GAN,1.85,2.5,1.0,True,synthetic_scenario_generator,26006
2020-05-07,IND_GAN,1.7,2.35,1.0,True,synthetic_scenario_generator,26006
2020-05-08,IND_GAN,1.4,2.05,1.0,True,synthetic_scenario_generator,26006
2020-05-09,IND_GAN,1.17,1.82,1.0,True,synthetic_scenario_generator,26006
2020-05-10,IND_GAN,0.65,1.3,1.0,True,synthetic_scenario_generator,26006
2020-05-11,IND_GAN,0.6,1.25,1.0,True,synthetic_scenario_generator,26006
2020-05-12,IND_GAN,0.39,1.04,1.0,True,synthetic_scenario_generator,26006
2020-05-13,IND_GAN,0.62,1.27,1.0,True,synthetic_scenario_generator,26006
2020-05-14,IND_GAN,0.65,1.3,1.0,True,synthetic_scenario_generator,26006
2020-05-15,IND_GAN,1.08,1.73,1.0,True,synthetic_scenario_generator,26006
2020-05-16,IND_GAN,1.27,1.92,1.0,True,synthetic_scenario_generator,26006
2020-05-17,IND_GAN,1.59,2.24,1.0,True,synthetic_scenario_generator,26006
2020-05-18,IND_GAN,1.82,2.47,1.0,True,synthetic_scenario_generator,26006
2020-05-19,IND_GAN,2.12,2.77,1.0,True,synthetic_scenario_generator,26006
2020-05-20,IND_GAN,2.01,2.66,1.0,True,synthetic_scenario_generator,26006
2020-05-21,IND_GAN,1.85,2.5,1.0,True,synthetic_scenario_generator,26006
2020-05-22,IND_GAN,1.48,2.13,1.0,True,synthetic_scenario_generator,26006
2020-05-23,IND_GAN,1.05,1.7,1.0,True,synthetic_scenario_generator,26006
2020-05-24,IND_GAN,1.03,1.68,1.0,True,synthetic_scenario_generator,26006
2020-05-25,IND_GAN,0.78,1.43,1.0,True,synthetic_scenario_generator,26006
2020-05-26,IND_GAN,0.67,1.32,1.0,True,synthetic_scenario_generator,26006
2020-05-27,IND_GAN,0.51,1.16,1.0,True,synthetic_scenario_generator,26006
2020-05-28,IND_GAN,0.51,1.16,1.0,True,synthetic_scenario_generator,26006
2020-05-29,IND_GAN,0.7,1.35,1.0,True,synthetic_scenario_generator,26006
2020-05-30,IND_GAN,1.1,1.75,1.0,True,synthetic_scenario_generator,26006
2020-05-31,IND_GAN,1.44,2.09,1.0,True,synthetic_scenario_generator,26006
2020-06-01,IND_GAN,1.85,2.5,1.0,True,synthetic_scenario_generator,26006
2020-06-02,IND_GAN,1.91,2.56,1.0,True,synthetic_scenario_generator,26006
2020-06-03,IND_GAN,1.97,2.62,1.0,True,synthetic_scenario_generator,26006
2020-06-04,IND_GAN,1.78,2.43,1.0,True,synthetic_scenario_generator,26006
2020-06-05,IND_GAN,1.91,2.56,1.0,True,synthetic_scenario_generator,26006
2020-06-06,IND_GAN,1.41,2.06,1.0,True,synthetic_scenario_generator,26006
2020-06-07,IND_GAN,1.27,1.92,1.0,True,synthetic_scenario_generator,26006
2020-06-08,IND_GAN,1.04,1.69,1.0,True,synthetic_scenario_generator,26006
2020-06-09,IND_GAN,0.7,1.35,1.0,True,synthetic_scenario_generator,26006
2020-06-10,IND_GAN,0.5,1.15,1.0,True,synthetic_scenario_generator,26006
2020-06-11,IND_GAN,0.52,1.17,1.0,True,synthetic_scenario_generator,26006
2020-06-12,IND_GAN,0.6,1.25,1.0,True,synthetic_scenario_generator,26006
2020-06-13,IND_GAN,0.79,1.44,1.0,True,synthetic_scenario_generator,26006
2020-06-14,IND_GAN,1.15,1.8,1.0,True,synthetic_scenario_generator,26006
2020-06-15,IND_GAN,1.33,1.98,1.0,True,synthetic_scenario_generator,26006
2020-06-16,IND_GAN,1.77,2.42,1.0,True,synthetic_scenario_generator,26006
2020-06-17,IND_GAN,1.84,2.49,1.0,True,synthetic_scenario_generator,26006
2020-06-18,IND_GAN,2.0,2.65,1.0,True,synthetic_scenario_generator,26006
2020-06-19,IND_GAN,1.78,2.43,1.0,True,synthetic_scenario_generator,26006
2020-06-20,IND_GAN,1.62,2.27,1.0,True,synthetic_scenario_generator,26006
2020-06-21,IND_GAN,1.51,2.16,1.0,True,synthetic_scenario_generator,26006
2020-06-22,IND_GAN,1.13,1.78,1.0,True,synthetic_scenario_generator,26006
2020-06-23,IND_GAN,0.85,1.5,1.0,True,synthetic_scenario_generator,26006
2020-06-24,IND_GAN,0.65,1.3,1.0,True,synthetic_scenario_generator,26006
2020-06-25,IND_GAN,0.57,1.22,1.0,True,synthetic_scenario_generator,26006
2020-06-26,IND_GAN,0.63,1.28,1.0,True,synthetic_scenario_generator,26006
2020-06-27,IND_GAN,0.67,1.32,1.0,True,synthetic_scenario_generator,26006
2020-06-28,IND_GAN,0.98,1.63,1.0,True,synthetic_scenario_generator,26006
2020-06-29,IND_GAN,1.2,1.85,1.0,True,synthetic_scenario_generator,26006
2020-06-30,IND_GAN,1.52,2.17,1.0,True,synthetic_scenario_generator,26006
2020-07-01,IND_GAN,1.83,2.48,1.0,True,synthetic_scenario_generator,26006
2020-07-02,IND_GAN,1.93,2.58,1.0,True,synthetic_scenario_generator,26006
2020-07-03,IND_GAN,1.97,2.62,1.0,True,synthetic_scenario_generator,26006
2020-07-04,IND_GAN,1.66,2.31,1.0,True,synthetic_scenario_generator,26006
2020-07-05,IND_GAN,1.8,2.45,1.0,True,synthetic_scenario_generator,26006
2020-07-06,IND_GAN,1.51,2.16,1.0,True,synthetic_scenario_generator,26006
2020-07-07,IND_GAN,1.1,1.75,1.0,True,synthetic_scenario_generator,26006
2020-07-08,IND_GAN,0.93,1.58,1.0,True,synthetic_scenario_generator,26006
2020-07-09,IND_GAN,0.4,1.05,1.0,True,synthetic_scenario_generator,26006
2020-07-10,IND_GAN,0.49,1.14,1.0,True,synthetic_scenario_generator,26006
2020-07-11,IND_GAN,0.51,1.16,1.0,True,synthetic_scenario_generator,26006
2020-07-12,IND_GAN,0.67,1.32,1.0,True,synthetic_scenario_generator,26006
2020-07-13,IND_GAN,0.93,1.58,1.0,True,synthetic_scenario_generator,26006
2020-07-14,IND_GAN,1.35,2.0,1.0,True,synthetic_scenario_generator,26006
2020-07-15,IND_GAN,1.65,2.3,1.0,True,synthetic_scenario_generator,26006
2020-07-16,IND_GAN,1.96,2.61,1.0,True,synthetic_scenario_generator,26006
2020-07-17,IND_GAN,1.85,2.5,1.0,True,synthetic_scenario_generator,26006
2020-07-18,IND_GAN,1.9,2.55,1.0,True,synthetic_scenario_generator,26006
2020-07-19,IND_GAN,1.69,2.34,1.0,True,synthetic_scenario_generator,26006
2020-07-20,IND_GAN,1.48,2.13,1.0,True,synthetic_scenario_generator,26006
2020-07-21,IND_GAN,1.37,2.02,1.0,True,synthetic_scenario_generator,26006
2020-07-22,IND_GAN,0.98,1.63,1.0,True,synthetic_scenario_generator,26006
2020-07-23,IND_GAN,0.63,1.28,1.0,True,synthetic_scenario_generator,26006
2020-07-24,IND_GAN,0.5,1.15,1.0,True,synthetic_scenario_generator,26006
2020-07-25,IND_GAN,0.49,1.14,1.0,True,synthetic_scenario_generator,26006
2020-07-26,IND_GAN,0.56,1.21,1.0,True,synthetic_scenario_generator,26006
2020-07-27,IND_GAN,0.78,1.43,1.0,True,synthetic_scenario_generator,26006
2020-07-28,IND_GAN,1.06,1.71,1.0,True,synthetic_scenario_generator,26006
2020-07-29,IND_GAN,1.43,2.08,1.0,True,synthetic_scenario_generator,26006
2020-07-30,IND_GAN,1.57,2.22,1.0,True,synthetic_scenario_generator,26006
2020-07-31,IND_GAN,1.9,2.55,1.0,True,synthetic_scenario_generator,26006
2020-08-01,IND_GAN,1.98,2.63,1.0,True,synthetic_scenario_generator,26006
2020-08-02,IND_GAN,1.89,2.54,1.0,True,synthetic_scenario_generator,26006
2020-08-03,IND_GAN,1.69,2.34,1.0,True,synthetic_scenario_generator,26006
2020-08-04,IND_GAN,1.5,2.15,1.0,True,synthetic_scenario_generator,26006
2020-08-05,IND_GAN,1.33,1.98,1.0,True,synthetic_scenario_generator,26006
2020-08-06,IND_GAN,0.75,1.4,1.0,True,synthetic_scenario_generator,26006
2020-08-07,IND_GAN,0.72,1.37,1.0,True,synthetic_scenario_generator,26006
2020-08-08,IND_GAN,0.53,1.18,1.0,True,synthetic_scenario_generator,26006
2020-08-09,IND_GAN,0.54,1.19,1.0,True,synthetic_scenario_generator,26006
2020-08-10,IND_GAN,0.57,1.22,1.0,True,synthetic_scenario_generator,26006
2020-08-11,IND_GAN,1.05,1.7,1.0,True,synthetic_scenario_generator,26006
2020-08-12,IND_GAN,1.06,1.71,1.0,True,synthetic_scenario_generator,26006
2020-08-13,IND_GAN,1.43,2.08,1.0,True,synthetic_scenario_generator,26006
2020-08-14,IND_GAN,1.82,2.47,1.0,True,synthetic_scenario_generator,26006
2020-08-15,IND_GAN,1.98,2.63,1.0,True,synthetic_scenario_generator,26006
2020-08-16,IND_GAN,1.91,2.56,1.0,True,synthetic_scenario_generator,26006
2020-08-17,IND_GAN,1.84,2.49,1.0,True,synthetic_scenario_generator,26006
2020-08-18,IND_GAN,1.73,2.38,1.0,True,synthetic_scenario_generator,26006
2020-08-19,IND_GAN,1.72,2.37,1.0,True,synthetic_scenario_generator,26006
2020-08-20,IND_GAN,1.13,1.78,1.0,True,synthetic_scenario_generator,26006
2020-08-21,IND_GAN,0.74,1.39,1.0,True,synthetic_scenario_generator,26006
2020-08-22,IND_GAN,0.36,1.01,1.0,True,synthetic_scenario_generator,26006
2020-08-23,IND_GAN,0.52,1.17,1.0,True,synthetic_scenario_generator,26006
2020-08-24,IND_GAN,0.52,1.17,1.0,True,synthetic_scenario_generator,26006
2020-08-25,IND_GAN,0.67,1.32,1.0,True,synthetic_scenario_generator,26006
2020-08-26,IND_GAN,0.9,1.55,1.0,True,synthetic_scenario_generator,26006
2020-08-27,IND_GAN,1.19,1.84,1.0,True,synthetic_scenario_generator,26006
2020-08-28,IND_GAN,1.57,2.22,1.0,True,synthetic_scenario_generator,26006
2020-08-29,IND_GAN,1.85,2.5,1.0,True,synthetic_scenario_generator,26006
2020-08-30,IND_GAN,2.03,2.68,1.0,True,synthetic_scenario_generator,26006
2020-08-31,IND_GAN,2.13,2.78,1.0,True,synthetic_scenario_generator,26006
2020-09-01,IND_GAN,1.96,2.61,1.0,True,synthetic_scenario_generator,26006
2020-09-02,IND_GAN,1.71,2.36,1.0,True,synthetic_scenario_generator,26006
2020-09-03,IND_GAN,1.38,2.03,1.0,True,synthetic_scenario_generator,26006
2020-09-04,IND_GAN,1.09,1.74,1.0,True,synthetic_scenario_generator,26006
2020-09-05,IND_GAN,0.84,1.49,1.0,True,synthetic_scenario_generator,26006
2020-09-06,IND_GAN,0.55,1.2,1.0,True,synthetic_scenario_generator,26006
2020-09-07,IND_GAN,0.45,1.1,1.0,True,synthetic_scenario_generator,26006
2020-09-08,IND_GAN,0.68,1.33,1.0,True,synthetic_scenario_generator,26006
2020-09-09,IND_GAN,0.71,1.36,1.0,True,synthetic_scenario_generator,26006
2020-09-10,IND_GAN,0.93,1.58,1.0,True,synthetic_scenario_generator,26006
2020-09-11,IND_GAN,1.25,1.9,1.0,True,synthetic_scenario_generator,26006
2020-09-12,IND_GAN,1.7,2.35,1.0,True,synthetic_scenario_generator,26006
2020-09-13,IND_GAN,1.81,2.46,1.0,True,synthetic_scenario_generator,26006
2020-09-14,IND_GAN,2.0,2.65,1.0,True,synthetic_scenario_generator,26006
2020-09-15,IND_GAN,2.05,2.7,1.0,True,synthetic_scenario_generator,26006
2020-09-16,IND_GAN,1.87,2.52,1.0,True,synthetic_scenario_generator,26006
2020-09-17,IND_GAN,1.56,2.21,1.0,True,synthetic_scenario_generator,26006
2020-09-18,IND_GAN,1.29,1.94,1.0,True,synthetic_scenario_generator,26006
2020-09-19,IND_GAN,1.17,1.82,1.0,True,synthetic_scenario_generator,26006
2020-09-20,IND_GAN,0.63,1.28,1.0,True,synthetic_scenario_generator,26006
2020-09-21,IND_GAN,0.68,1.33,1.0,True,synthetic_scenario_generator,26006
2020-09-22,IND_GAN,0.6,1.25,1.0,True,synthetic_scenario_generator,26006
2020-09-23,IND_GAN,0.47,1.12,1.0,True,synthetic_scenario_generator,26006
2020-09-24,IND_GAN,0.73,1.38,1.0,True,synthetic_scenario_generator,26006
2020-09-25,IND_GAN,0.92,1.57,1.0,True,synthetic_scenario_generator,26006
2020-09-26,IND_GAN,1.37,2.02,1.0,True,synthetic_scenario_generator,26006
2020-09-27,IND_GAN,1.64,2.29,1.0,True,synthetic_scenario_generator,26006
2020-09-28,IND_GAN,1.59,2.24,1.0,True,synthetic_scenario_generator,26006
2020-09-29,IND_GAN,1.95,2.6,1.0,True,synthetic_scenario_generator,26006
2020-09-30,IND_GAN,1.86,2.51,1.0,True,synthetic_scenario_generator,26006
2020-10-01,IND_GAN,1.9,2.55,1.0,True,synthetic_scenario_generator,26006
2020-10-02,IND_GAN,1.51,2.16,1.0,True,synthetic_scenario_generator,26006
2020-10-03,IND_GAN,1.19,1.84,1.0,True,synthetic_scenario_generator,26006
2020-10-04,IND_GAN,1.0,1.65,1.0,True,synthetic_scenario_generator,26006
2020-10-05,IND_GAN,0.74,1.39,1.0,True,synthetic_scenario_generator,26006
2020-10-06,IND_GAN,0.53,1.18,1.0,True,synthetic_scenario_generator,26006
2020-10-07,IND_GAN,0.59,1.24,1.0,True,synthetic_scenario_generator,26006
2020-10-08,IND_GAN,0.59,1.24,1.0,True,synthetic_scenario_generator,26006
2020-10-09,IND_GAN,0.81,1.46,1.0,True,synthetic_scenario_generator,26006
2020-10-10,IND_GAN,1.06,1.71,1.0,True,synthetic_scenario_generator,26006
2020-10-11,IND_GAN,1.46,2.11,1.0,True,synthetic_scenario_generator,26006
2020-10-12,IND_GAN,1.72,2.37,1.0,True,synthetic_scenario_generator,26006
2020-10-13,IND_GAN,1.95,2.6,1.0,True,synthetic_scenario_generator,26006
2020-10-14,IND_GAN,2.15,2.8,1.0,True,synthetic_scenario_generator,26006
2020-10-15,IND_GAN,1.95,2.6,1.0,True,synthetic_scenario_generator,26006
2020-10-16,IND_GAN,1.94,2.59,1.0,True,synthetic_scenario_generator,26006
2020-10-17,IND_GAN,1.45,2.1,1.0,True,synthetic_scenario_generator,26006
2020-10-18,IND_GAN,1.05,1.7,1.0,True,synthetic_scenario_generator,26006
2020-10-19,IND_GAN,0.93,1.58,1.0,True,synthetic_scenario_generator,26006
2020-10-20,IND_GAN,0.59,1.24,1.0,True,synthetic_scenario_generator,26006
2020-10-21,IND_GAN,0.41,1.06,1.0,True,synthetic_scenario_generator,26006
2020-10-22,IND_GAN,0.4,1.05,1.0,True,synthetic_scenario_generator,26006
2020-10-23,IND_GAN,0.67,1.32,1.0,True,synthetic_scenario_generator,26006
2020-10-24,IND_GAN,0.93,1.58,1.0,True,synthetic_scenario_generator,26006
2020-10-25,IND_GAN,1.28,1.93,1.0,True,synthetic_scenario_generator,26006
2020-10-26,IND_GAN,1.5,2.15,1.0,True,synthetic_scenario_generator,26006
2020-10-27,IND_GAN,1.84,2.49,1.0,True,synthetic_scenario_generator,26006
2020-10-28,IND_GAN,1.93,2.58,1.0,True,synthetic_scenario_generator,26006
2020-10-29,IND_GAN,1.81,2.46,1.0,True,synthetic_scenario_generator,26006
2020-10-30,IND_GAN,1.9,2.55,1.0,True,synthetic_scenario_generator,26006
2020-10-31,IND_GAN,1.65,2.3,1.0,True,synthetic_scenario_generator,26006
2020-11-01,IND_GAN,1.33,1.98,1.0,True,synthetic_scenario_generator,26006
2020-11-02,IND_GAN,1.12,1.77,1.0,True,synthetic_scenario_generator,26006
2020-11-03,IND_GAN,0.84,1.49,1.0,True,synthetic_scenario_generator,26006
2020-11-04,IND_GAN,0.51,1.16,1.0,True,synthetic_scenario_generator,26006
2020-11-05,IND_GAN,0.56,1.21,1.0,True,synthetic_scenario_generator,26006
2020-11-06,IND_GAN,0.61,1.26,1.0,True,synthetic_scenario_generator,26006
2020-11-07,IND_GAN,0.68,1.33,1.0,True,synthetic_scenario_generator,26006
2020-11-08,IND_GAN,1.03,1.68,1.0,True,synthetic_scenario_generator,26006
2020-11-09,IND_GAN,1.24,1.89,1.0,True,synthetic_scenario_generator,26006
2020-11-10,IND_GAN,1.67,2.32,1.0,True,synthetic_scenario_generator,26006
2020-11-11,IND_GAN,1.92,2.57,1.0,True,synthetic_scenario_generator,26006
2020-11-12,IND_GAN,1.97,2.62,1.0,True,synthetic_scenario_generator,26006
2020-11-13,IND_GAN,2.06,2.71,1.0,True,synthetic_scenario_generator,26006
2020-11-14,IND_GAN,1.91,2.56,1.0,True,synthetic_scenario_generator,26006
2020-11-15,IND_GAN,1.55,2.2,1.0,True,synthetic_scenario_generator,26006
2020-11-16,IND_GAN,1.27,1.92,1.0,True,synthetic_scenario_generator,26006
2020-11-17,IND_GAN,1.09,1.74,1.0,True,synthetic_scenario_generator,26006
2020-11-18,IND_GAN,0.85,1.5,1.0,True,synthetic_scenario_generator,26006
2020-11-19,IND_GAN,0.54,1.19,1.0,True,synthetic_scenario_generator,26006
2020-11-20,IND_GAN,0.33,0.98,1.0,True,synthetic_scenario_generator,26006
2020-11-21,IND_GAN,0.58,1.23,1.0,True,synthetic_scenario_generator,26006
2020-11-22,IND_GAN,0.73,1.38,1.0,True,synthetic_scenario_generator,26006
2020-11-23,IND_GAN,0.91,1.56,1.0,True,synthetic_scenario_generator,26006
2020-11-24,IND_GAN,1.25,1.9,1.0,True,synthetic_scenario_generator,26006
2020-11-25,IND_GAN,1.68,2.33,1.0,True,synthetic_scenario_generator,26006
2020-11-26,IND_GAN,1.81,2.46,1.0,True,synthetic_scenario_generator,26006
2020-11-27,IND_GAN,2.06,2.71,1.0,True,synthetic_scenario_generator,26006
2020-11-28,IND_GAN,2.09,2.74,1.0,True,synthetic_scenario_generator,26006
2020-11-29,IND_GAN,1.7,2.35,1.0,True,synthetic_scenario_generator,26006
2020-11-30,IND_GAN,1.53,2.18,1.0,True,synthetic_scenario_generator,26006
2020-12-01,IND_GAN,1.13,1.78,1.0,True,synthetic_scenario_generator,26006
2020-12-02,IND_GAN,0.98,1.63,1.0,True,synthetic_scenario_generator,26006
2020-12-03,IND_GAN,0.56,1.21,1.0,True,synthetic_scenario_generator,26006
2020-12-04,IND_GAN,0.48,1.13,1.0,True,synthetic_scenario_generator,26006
2020-12-05,IND_GAN,0.49,1.14,1.0,True,synthetic_scenario_generator,26006
2020-12-06,IND_GAN,0.72,1.37,1.0,True,synthetic_scenario_generator,26006
2020-12-07,IND_GAN,0.84,1.49,1.0,True,synthetic_scenario_generator,26006
2020-12-08,IND_GAN,1.15,1.8,1.0,True,synthetic_scenario_generator,26006
2020-12-09,IND_GAN,1.36,2.01,1.0,True,synthetic_scenario_generator,26006
2020-12-10,IND_GAN,1.77,2.42,1.0,True,synthetic_scenario_generator,26006
2020-12-11,IND_GAN,1.96,2.61,1.0,True,synthetic_scenario_generator,26006
2020-12-12,IND_GAN,2.09,2.74,1.0,True,synthetic_scenario_generator,26006
2020-12-13,IND_GAN,2.03,2.68,1.0,True,synthetic_scenario_generator,26006
2020-12-14,IND_GAN,1.98,2.63,1.0,True,synthetic_scenario_generator,26006
2020-12-15,IND_GAN,1.61,2.26,1.0,True,synthetic_scenario_generator,26006
2020-12-16,IND_GAN,1.29,1.94,1.0,True,synthetic_scenario_generator,26006
2020-12-17,IND_GAN,0.92,1.57,1.0,True,synthetic_scenario_generator,26006
2020-12-18,IND_GAN,0.65,1.3,1.0,True,synthetic_scenario_generator,26006
2020-12-19,IND_GAN,0.62,1.27,1.0,True,synthetic_scenario_generator,26006
2020-12-20,IND_GAN,0.58,1.23,1.0,True,synthetic_scenario_generator,26006
2020-12-21,IND_GAN,0.56,1.21,1.0,True,synthetic_scenario_generator,26006
2020-12-22,IND_GAN,0.69,1.34,1.0,True,synthetic_scenario_generator,26006
2020-12-23,IND_GAN,1.23,1.88,1.0,True,synthetic_scenario_generator,26006
2020-12-24,IND_GAN,1.45,2.1,1.0,True,synthetic_scenario_generator,26006
2020-12-25,IND_GAN,1.78,2.43,1.0,True,synthetic_scenario_generator,26006
2020-12-26,IND_GAN,1.97,2.62,1.0,True,synthetic_scenario_generator,26006
2020-12-27,IND_GAN,2.21,2.86,1.0,True,synthetic_scenario_generator,26006
2020-12-28,IND_GAN,1.99,2.64,1.0,True,synthetic_scenario_generator,26006
2020-12-29,IND_GAN,1.77,2.42,1.0,True,synthetic_scenario_generator,26006
2020-12-30,IND_GAN,1.54,2.19,1.0,True,synthetic_scenario_generator,26006
2020-12-31,IND_GAN,1.2,1.85,1.0,True,synthetic_scenario_generator,26006
2021-01-01,IND_GAN,0.82,1.47,1.0,True,synthetic_scenario_generator,26006
2021-01-02,IND_GAN,0.64,1.29,1.0,True,synthetic_scenario_generator,26006
2021-01-03,IND_GAN,0.51,1.16,1.0,True,synthetic_scenario_generator,26006
2021-01-04,IND_GAN,0.45,1.1,1.0,True,synthetic_scenario_generator,26006
2021-01-05,IND_GAN,0.66,1.31,1.0,True,synthetic_scenario_generator,26006
2021-01-06,IND_GAN,0.96,1.61,1.0,True,synthetic_scenario_generator,26006
2021-01-07,IND_GAN,1.06,1.71,1.0,True,synthetic_scenario_generator,26006
2021-01-08,IND_GAN,1.47,2.12,1.0,True,synthetic_scenario_generator,26006
2021-01-09,IND_GAN,1.7,2.35,1.0,True,synthetic_scenario_generator,26006
2021-01-10,IND_GAN,2.05,2.7,1.0,True,synthetic_scenario_generator,26006
2021-01-11,IND_GAN,2.03,2.68,1.0,True,synthetic_scenario_generator,26006
2021-01-12,IND_GAN,1.83,2.48,1.0,True,synthetic_scenario_generator,26006
2021-01-13,IND_GAN,1.74,2.39,1.0,True,synthetic_scenario_generator,26006
2021-01-14,IND_GAN,1.42,2.07,1.0,True,synthetic_scenario_generator,26006
2021-01-15,IND_GAN,1.19,1.84,1.0,True,synthetic_scenario_generator,26006
2021-01-16,IND_GAN,0.78,1.43,1.0,True,synthetic_scenario_generator,26006
2021-01-17,IND_GAN,0.54,1.19,1.0,True,synthetic_scenario_generator,26006
2021-01-18,IND_GAN,0.52,1.17,1.0,True,synthetic_scenario_generator,26006
2021-01-19,IND_GAN,0.63,1.28,1.0,True,synthetic_scenario_generator,26006
2021-01-20,IND_GAN,0.79,1.44,1.0,True,synthetic_scenario_generator,26006
2021-01-21,IND_GAN,0.95,1.6,1.0,True,synthetic_scenario_generator,26006
2021-01-22,IND_GAN,1.23,1.88,1.0,True,synthetic_scenario_generator,26006
2021-01-23,IND_GAN,1.65,2.3,1.0,True,synthetic_scenario_generator,26006
2021-01-24,IND_GAN,1.91,2.56,1.0,True,synthetic_scenario_generator,26006
2021-01-25,IND_GAN,1.95,2.6,1.0,True,synthetic_scenario_generator,26006
2021-01-26,IND_GAN,2.07,2.72,1.0,True,synthetic_scenario_generator,26006
2021-01-27,IND_GAN,1.93,2.58,1.0,True,synthetic_scenario_generator,26006
2021-01-28,IND_GAN,1.68,2.33,1.0,True,synthetic_scenario_generator,26006
2021-01-29,IND_GAN,1.25,1.9,1.0,True,synthetic_scenario_generator,26006
2021-01-30,IND_GAN,1.09,1.74,1.0,True,synthetic_scenario_generator,26006
2021-01-31,IND_GAN,0.64,1.29,1.0,True,synthetic_scenario_generator,26006
2021-02-01,IND_GAN,0.57,1.22,1.0,True,synthetic_scenario_generator,26006
2021-02-02,IND_GAN,0.39,1.04,1.0,True,synthetic_scenario_generator,26006
2021-02-03,IND_GAN,0.55,1.2,1.0,True,synthetic_scenario_generator,26006
2021-02-04,IND_GAN,0.82,1.47,1.0,True,synthetic_scenario_generator,26006
2021-02-05,IND_GAN,1.18,1.83,1.0,True,synthetic_scenario_generator,26006
2021-02-06,IND_GAN,1.32,1.97,1.0,True,synthetic_scenario_generator,26006
2021-02-07,IND_GAN,1.82,2.47,1.0,True,synthetic_scenario_generator,26006
2021-02-08,IND_GAN,1.83,2.48,1.0,True,synthetic_scenario_generator,26006
2021-02-09,IND_GAN,2.1,2.75,1.0,True,synthetic_scenario_generator,26006
2021-02-10,IND_GAN,1.93,2.58,1.0,True,synthetic_scenario_generator,26006
2021-02-11,IND_GAN,1.84,2.49,1.0,True,synthetic_scenario_generator,26006
2021-02-12,IND_GAN,1.54,2.19,1.0,True,synthetic_scenario_generator,26006
2021-02-13,IND_GAN,1.16,1.81,1.0,True,synthetic_scenario_generator,26006
2021-02-14,IND_GAN,0.83,1.48,1.0,True,synthetic_scenario_generator,26006
2021-02-15,IND_GAN,0.67,1.32,1.0,True,synthetic_scenario_generator,26006
2021-02-16,IND_GAN,0.48,1.13,1.0,True,synthetic_scenario_generator,26006
2021-02-17,IND_GAN,0.47,1.12,1.0,True,synthetic_scenario_generator,26006
2021-02-18,IND_GAN,0.69,1.34,1.0,True,synthetic_scenario_generator,26006
2021-02-19,IND_GAN,0.78,1.43,1.0,True,synthetic_scenario_generator,26006
2021-02-20,IND_GAN,1.09,1.74,1.0,True,synthetic_scenario_generator,26006
2021-02-21,IND_GAN,1.53,2.18,1.0,True,synthetic_scenario_generator,26006
2021-02-22,IND_GAN,1.77,2.42,1.0,True,synthetic_scenario_generator,26006
2021-02-23,IND_GAN,1.83,2.48,1.0,True,synthetic_scenario_generator,26006
2021-02-24,IND_GAN,1.96,2.61,1.0,True,synthetic_scenario_generator,26006
2021-02-25,IND_GAN,1.95,2.6,1.0,True,synthetic_scenario_generator,26006
2021-02-26,IND_GAN,1.85,2.5,1.0,True,synthetic_scenario_generator,26006
2021-02-27,IND_GAN,1.62,2.27,1.0,True,synthetic_scenario_generator,26006
2021-02-28,IND_GAN,0.91,1.56,1.0,True,synthetic_scenario_generator,26006
2021-03-01,IND_GAN,0.76,1.41,1.0,True,synthetic_scenario_generator,26006
2021-03-02,IND_GAN,0.71,1.36,1.0,True,synthetic_scenario_generator,26006
2021-03-03,IND_GAN,0.59,1.24,1.0,True,synthetic_scenario_generator,26006
2021-03-04,IND_GAN,0.61,1.26,1.0,True,synthetic_scenario_generator,26006
2021-03-05,IND_GAN,0.77,1.42,1.0,True,synthetic_scenario_generator,26006
2021-03-06,IND_GAN,0.89,1.54,1.0,True,synthetic_scenario_generator,26006
2021-03-07,IND_GAN,1.35,2.0,1.0,True,synthetic_scenario_generator,26006
2021-03-08,IND_GAN,1.66,2.31,1.0,True,synthetic_scenario_generator,26006
2021-03-09,IND_GAN,1.79,2.44,1.0,True,synthetic_scenario_generator,26006
2021-03-10,IND_GAN,1.91,2.56,1.0,True,synthetic_scenario_generator,26006
2021-03-11,IND_GAN,1.92,2.57,1.0,True,synthetic_scenario_generator,26006
2021-03-12,IND_GAN,2.0,2.65,1.0,True,synthetic_scenario_generator,26006
2021-03-13,IND_GAN,1.62,2.27,1.0,True,synthetic_scenario_generator,26006
2021-03-14,IND_GAN,1.42,2.07,1.0,True,synthetic_scenario_generator,26006
2021-03-15,IND_GAN,1.04,1.69,1.0,True,synthetic_scenario_generator,26006
2021-03-16,IND_GAN,0.72,1.37,1.0,True,synthetic_scenario_generator,26006
2021-03-17,IND_GAN,0.51,1.16,1.0,True,synthetic_scenario_generator,26006
2021-03-18,IND_GAN,0.51,1.16,1.0,True,synthetic_scenario_generator,26006
2021-03-19,IND_GAN,0.36,1.01,1.0,True,synthetic_scenario_generator,26006
2021-03-20,IND_GAN,0.74,1.39,1.0,True,synthetic_scenario_generator,26006
2021-03-21,IND_GAN,0.89,1.54,1.0,True,synthetic_scenario_generator,26006
2021-03-22,IND_GAN,1.29,1.94,1.0,True,synthetic_scenario_generator,26006
2021-03-23,IND_GAN,1.66,2.31,1.0,True,synthetic_scenario_generator,26006
2021-03-24,IND_GAN,1.89,2.54,1.0,True,synthetic_scenario_generator,26006
2021-03-25,IND_GAN,1.95,2.6,1.0,True,synthetic_scenario_generator,26006
2021-03-26,IND_GAN,2.11,2.76,1.0,True,synthetic_scenario_generator,26006
2021-03-27,IND_GAN,1.81,2.46,1.0,True,synthetic_scenario_generator,26006
2021-03-28,IND_GAN,1.58,2.23,1.0,True,synthetic_scenario_generator,26006
2021-03-29,IND_GAN,1.48,2.13,1.0,True,synthetic_scenario_generator,26006
2021-03-30,IND_GAN,1.06,1.71,1.0,True,synthetic_scenario_generator,26006
2021-03-31,IND_GAN,0.86,1.51,1.0,True,synthetic_scenario_generator,26006
2021-04-01,IND_GAN,0.7,1.35,1.0,True,synthetic_scenario_generator,26006
2021-04-02,IND_GAN,0.48,1.13,1.0,True,synthetic_scenario_generator,26006
2021-04-03,IND_GAN,0.55,1.2,1.0,True,synthetic_scenario_generator,26006
2021-04-04,IND_GAN,0.79,1.44,1.0,True,synthetic_scenario_generator,26006
2021-04-05,IND_GAN,0.82,1.47,1.0,True,synthetic_scenario_generator,26006
2021-04-06,IND_GAN,1.53,2.18,1.0,True,synthetic_scenario_generator,26006
2021-04-07,IND_GAN,1.75,2.4,1.0,True,synthetic_scenario_generator,26006
2021-04-08,IND_GAN,1.86,2.51,1.0,True,synthetic_scenario_generator,26006
2021-04-09,IND_GAN,2.02,2.67,1.0,True,synthetic_scenario_generator,26006
2021-04-10,IND_GAN,1.85,2.5,1.0,True,synthetic_scenario_generator,26006
2021-04-11,IND_GAN,1.84,2.49,1.0,True,synthetic_scenario_generator,26006
2021-04-12,IND_GAN,1.51,2.16,1.0,True,synthetic_scenario_generator,26006
2021-04-13,IND_GAN,1.36,2.01,1.0,True,synthetic_scenario_generator,26006
2021-04-14,IND_GAN,0.86,1.51,1.0,True,synthetic_scenario_generator,26006
2021-04-15,IND_GAN,0.69,1.34,1.0,True,synthetic_scenario_generator,26006
2021-04-16,IND_GAN,0.55,1.2,1.0,True,synthetic_scenario_generator,26006
2021-04-17,IND_GAN,0.47,1.12,1.0,True,synthetic_scenario_generator,26006
2021-04-18,IND_GAN,0.75,1.4,1.0,True,synthetic_scenario_generator,26006
2021-04-19,IND_GAN,0.72,1.37,1.0,True,synthetic_scenario_generator,26006
2021-04-20,IND_GAN,1.1,1.75,1.0,True,synthetic_scenario_generator,26006
2021-04-21,IND_GAN,1.43,2.08,1.0,True,synthetic_scenario_generator,26006
2021-04-22,IND_GAN,1.74,2.39,1.0,True,synthetic_scenario_generator,26006
2021-04-23,IND_GAN,1.9,2.55,1.0,True,synthetic_scenario_generator,26006
2021-04-24,IND_GAN,2.05,2.7,1.0,True,synthetic_scenario_generator,26006
2021-04-25,IND_GAN,2.1,2.75,1.0,True,synthetic_scenario_generator,26006
2021-04-26,IND_GAN,1.81,2.46,1.0,True,synthetic_scenario_generator,26006
2021-04-27,IND_GAN,1.48,2.13,1.0,True,synthetic_scenario_generator,26006
2021-04-28,IND_GAN,1.28,1.93,1.0,True,synthetic_scenario_generator,26006
2021-04-29,IND_GAN,0.75,1.4,1.0,True,synthetic_scenario_generator,26006
2021-04-30,IND_GAN,0.65,1.3,1.0,True,synthetic_scenario_generator,26006
2021-05-01,IND_GAN,0.68,1.33,1.0,True,synthetic_scenario_generator,26006
2021-05-02,IND_GAN,0.54,1.19,1.0,True,synthetic_scenario_generator,26006
2021-05-03,IND_GAN,0.74,1.39,1.0,True,synthetic_scenario_generator,26006
2021-05-04,IND_GAN,0.87,1.52,1.0,True,synthetic_scenario_generator,26006
2021-05-05,IND_GAN,1.22,1.87,1.0,True,synthetic_scenario_generator,26006
2021-05-06,IND_GAN,1.48,2.13,1.0,True,synthetic_scenario_generator,26006
2021-05-07,IND_GAN,1.69,2.34,1.0,True,synthetic_scenario_generator,26006
2021-05-08,IND_GAN,2.02,2.67,1.0,True,synthetic_scenario_generator,26006
2021-05-09,IND_GAN,1.84,2.49,1.0,True,synthetic_scenario_generator,26006
2021-05-10,IND_GAN,1.77,2.42,1.0,True,synthetic_scenario_generator,26006
2021-05-11,IND_GAN,1.67,2.32,1.0,True,synthetic_scenario_generator,26006
2021-05-12,IND_GAN,1.49,2.14,1.0,True,synthetic_scenario_generator,26006
2021-05-13,IND_GAN,1.22,1.87,1.0,True,synthetic_scenario_generator,26006
2021-05-14,IND_GAN,0.89,1.54,1.0,True,synthetic_scenario_generator,26006
2021-05-15,IND_GAN,0.69,1.34,1.0,True,synthetic_scenario_generator,26006
2021-05-16,IND_GAN,0.53,1.18,1.0,True,synthetic_scenario_generator,26006
2021-05-17,IND_GAN,0.63,1.28,1.0,True,synthetic_scenario_generator,26006
2021-05-18,IND_GAN,0.78,1.43,1.0,True,synthetic_scenario_generator,26006
2021-05-19,IND_GAN,0.87,1.52,1.0,True,synthetic_scenario_generator,26006
2021-05-20,IND_GAN,1.28,1.93,1.0,True,synthetic_scenario_generator,26006
2021-05-21,IND_GAN,1.55,2.2,1.0,True,synthetic_scenario_generator,26006
2021-05-22,IND_GAN,1.73,2.38,1.0,True,synthetic_scenario_generator,26006
2021-05-23,IND_GAN,1.92,2.57,1.0,True,synthetic_scenario_generator,26006
2021-05-24,IND_GAN,2.03,2.68,1.0,True,synthetic_scenario_generator,26006
2021-05-25,IND_GAN,1.71,2.36,1.0,True,synthetic_scenario_generator,26006
2021-05-26,IND_GAN,1.68,2.33,1.0,True,synthetic_scenario_generator,26006
2021-05-27,IND_GAN,1.5,2.15,1.0,True,synthetic_scenario_generator,26006
2021-05-28,IND_GAN,0.99,1.64,1.0,True,synthetic_scenario_generator,26006
2021-05-29,IND_GAN,0.66,1.31,1.0,True,synthetic_scenario_generator,26006
2021-05-30,IND_GAN,0.57,1.22,1.0,True,synthetic_scenario_generator,26006
2021-05-31,IND_GAN,0.48,1.13,1.0,True,synthetic_scenario_generator,26006
2021-06-01,IND_GAN,0.53,1.18,1.0,True,synthetic_scenario_generator,26006
2021-06-02,IND_GAN,0.66,1.31,1.0,True,synthetic_scenario_generator,26006
2021-06-03,IND_GAN,0.98,1.63,1.0,True,synthetic_scenario_generator,26006
2021-06-04,IND_GAN,1.4,2.05,1.0,True,synthetic_scenario_generator,26006
2021-06-05,IND_GAN,1.65,2.3,1.0,True,synthetic_scenario_generator,26006
2021-06-06,IND_GAN,1.9,2.55,1.0,True,synthetic_scenario_generator,26006
2021-06-07,IND_GAN,2.01,2.66,1.0,True,synthetic_scenario_generator,26006
2021-06-08,IND_GAN,2.04,2.69,1.0,True,synthetic_scenario_generator,26006
2021-06-09,IND_GAN,1.87,2.52,1.0,True,synthetic_scenario_generator,26006
2021-06-10,IND_GAN,1.5,2.15,1.0,True,synthetic_scenario_generator,26006
2021-06-11,IND_GAN,1.4,2.05,1.0,True,synthetic_scenario_generator,26006
2021-06-12,IND_GAN,1.11,1.76,1.0,True,synthetic_scenario_generator,26006
2021-06-13,IND_GAN,0.66,1.31,1.0,True,synthetic_scenario_generator,26006
2021-06-14,IND_GAN,0.65,1.3,1.0,True,synthetic_scenario_generator,26006
2021-06-15,IND_GAN,0.5,1.15,1.0,True,synthetic_scenario_generator,26006
2021-06-16,IND_GAN,0.73,1.38,1.0,True,synthetic_scenario_generator,26006
2021-06-17,IND_GAN,0.7,1.35,1.0,True,synthetic_scenario_generator,26006
2021-06-18,IND_GAN,1.17,1.82,1.0,True,synthetic_scenario_generator,26006
2021-06-19,IND_GAN,1.45,2.1,1.0,True,synthetic_scenario_generator,26006
2021-06-20,IND_GAN,1.52,2.17,1.0,True,synthetic_scenario_generator,26006
2021-06-21,IND_GAN,2.23,2.88,1.0,True,synthetic_scenario_generator,26006
2021-06-22,IND_GAN,1.93,2.58,1.0,True,synthetic_scenario_generator,26006
2021-06-23,IND_GAN,1.96,2.61,1.0,True,synthetic_scenario_generator,26006
2021-06-24,IND_GAN,1.85,2.5,1.0,True,synthetic_scenario_generator,26006
2021-06-25,IND_GAN,1.37,2.02,1.0,True,synthetic_scenario_generator,26006
2021-06-26,IND_GAN,1.25,1.9,1.0,True,synthetic_scenario_generator,26006
2021-06-27,IND_GAN,0.91,1.56,1.0,True,synthetic_scenario_generator,26006
2021-06-28,IND_GAN,0.65,1.3,1.0,True,synthetic_scenario_generator,26006
2021-06-29,IND_GAN,0.57,1.22,1.0,True,synthetic_scenario_generator,26006
2021-06-30,IND_GAN,0.66,1.31,1.0,True,synthetic_scenario_generator,26006
2021-07-01,IND_GAN,0.58,1.23,1.0,True,synthetic_scenario_generator,26006
2021-07-02,IND_GAN,0.87,1.52,1.0,True,synthetic_scenario_generator,26006
2021-07-03,IND_GAN,1.16,1.81,1.0,True,synthetic_scenario_generator,26006
2021-07-04,IND_GAN,1.47,2.12,1.0,True,synthetic_scenario_generator,26006
2021-07-05,IND_GAN,1.72,2.37,1.0,True,synthetic_scenario_generator,26006
2021-07-06,IND_GAN,2.11,2.76,1.0,True,synthetic_scenario_generator,26006
2021-07-07,IND_GAN,2.01,2.66,1.0,True,synthetic_scenario_generator,26006
2021-07-08,IND_GAN,1.89,2.54,1.0,True,synthetic_scenario_generator,26006
2021-07-09,IND_GAN,1.88,2.53,1.0,True,synthetic_scenario_generator,26006
2021-07-10,IND_GAN,1.38,2.03,1.0,True,synthetic_scenario_generator,26006
2021-07-11,IND_GAN,1.22,1.87,1.0,True,synthetic_scenario_generator,26006
2021-07-12,IND_GAN,0.75,1.4,1.0,True,synthetic_scenario_generator,26006
2021-07-13,IND_GAN,0.48,1.13,1.0,True,synthetic_scenario_generator,26006
2021-07-14,IND_GAN,0.57,1.22,1.0,True,synthetic_scenario_generator,26006
2021-07-15,IND_GAN,0.54,1.19,1.0,True,synthetic_scenario_generator,26006
2021-07-16,IND_GAN,0.59,1.24,1.0,True,synthetic_scenario_generator,26006
2021-07-17,IND_GAN,0.94,1.59,1.0,True,synthetic_scenario_generator,26006
2021-07-18,IND_GAN,1.33,1.98,1.0,True,synthetic_scenario_generator,26006
2021-07-19,IND_GAN,1.6,2.25,1.0,True,synthetic_scenario_generator,26006
2021-07-20,IND_GAN,1.9,2.55,1.0,True,synthetic_scenario_generator,26006
2021-07-21,IND_GAN,1.95,2.6,1.0,True,synthetic_scenario_generator,26006
2021-07-22,IND_GAN,2.18,2.83,1.0,True,synthetic_scenario_generator,26006
2021-07-23,IND_GAN,1.79,2.44,1.0,True,synthetic_scenario_generator,26006
2021-07-24,IND_GAN,1.71,2.36,1.0,True,synthetic_scenario_generator,26006
2021-07-25,IND_GAN,1.49,2.14,1.0,True,synthetic_scenario_generator,26006
2021-07-26,IND_GAN,1.05,1.7,1.0,True,synthetic_scenario_generator,26006
2021-07-27,IND_GAN,0.67,1.32,1.0,True,synthetic_scenario_generator,26006
2021-07-28,IND_GAN,0.59,1.24,1.0,True,synthetic_scenario_generator,26006
2021-07-29,IND_GAN,0.46,1.11,1.0,True,synthetic_scenario_generator,26006
2021-07-30,IND_GAN,0.36,1.01,1.0,True,synthetic_scenario_generator,26006
2021-07-31,IND_GAN,0.61,1.26,1.0,True,synthetic_scenario_generator,26006
2021-08-01,IND_GAN,1.0,1.65,1.0,True,synthetic_scenario_generator,26006
2021-08-02,IND_GAN,1.54,2.19,1.0,True,synthetic_scenario_generator,26006
2021-08-03,IND_GAN,1.74,2.39,1.0,True,synthetic_scenario_generator,26006
2021-08-04,IND_GAN,1.88,2.53,1.0,True,synthetic_scenario_generator,26006
2021-08-05,IND_GAN,2.09,2.74,1.0,True,synthetic_scenario_generator,26006
2021-08-06,IND_GAN,1.9,2.55,1.0,True,synthetic_scenario_generator,26006
2021-08-07,IND_GAN,1.9,2.55,1.0,True,synthetic_scenario_generator,26006
2021-08-08,IND_GAN,1.64,2.29,1.0,True,synthetic_scenario_generator,26006
2021-08-09,IND_GAN,1.46,2.11,1.0,True,synthetic_scenario_generator,26006
2021-08-10,IND_GAN,0.93,1.58,1.0,True,synthetic_scenario_generator,26006
2021-08-11,IND_GAN,0.82,1.47,1.0,True,synthetic_scenario_generator,26006
2021-08-12,IND_GAN,0.55,1.2,1.0,True,synthetic_scenario_generator,26006
2021-08-13,IND_GAN,0.56,1.21,1.0,True,synthetic_scenario_generator,26006
2021-08-14,IND_GAN,0.59,1.24,1.0,True,synthetic_scenario_generator,26006
2021-08-15,IND_GAN,0.79,1.44,1.0,True,synthetic_scenario_generator,26006
2021-08-16,IND_GAN,1.18,1.83,1.0,True,synthetic_scenario_generator,26006
2021-08-17,IND_GAN,1.28,1.93,1.0,True,synthetic_scenario_generator,26006
2021-08-18,IND_GAN,1.65,2.3,1.0,True,synthetic_scenario_generator,26006
2021-08-19,IND_GAN,1.95,2.6,1.0,True,synthetic_scenario_generator,26006
2021-08-20,IND_GAN,2.03,2.68,1.0,True,synthetic_scenario_generator,26006
2021-08-21,IND_GAN,1.98,2.63,1.0,True,synthetic_scenario_generator,26006
2021-08-22,IND_GAN,1.86,2.51,1.0,True,synthetic_scenario_generator,26006
2021-08-23,IND_GAN,1.54,2.19,1.0,True,synthetic_scenario_generator,26006
2021-08-24,IND_GAN,1.19,1.84,1.0,True,synthetic_scenario_generator,26006
2021-08-25,IND_GAN,0.88,1.53,1.0,True,synthetic_scenario_generator,26006
2021-08-26,IND_GAN,0.73,1.38,1.0,True,synthetic_scenario_generator,26006
2021-08-27,IND_GAN,0.47,1.12,1.0,True,synthetic_scenario_generator,26006
2021-08-28,IND_GAN,0.54,1.19,1.0,True,synthetic_scenario_generator,26006
2021-08-29,IND_GAN,0.6,1.25,1.0,True,synthetic_scenario_generator,26006
2021-08-30,IND_GAN,0.86,1.51,1.0,True,synthetic_scenario_generator,26006
2021-08-31,IND_GAN,1.24,1.89,1.0,True,synthetic_scenario_generator,26006
2021-09-01,IND_GAN,1.21,1.86,1.0,True,synthetic_scenario_generator,26006
2021-09-02,IND_GAN,1.78,2.43,1.0,True,synthetic_scenario_generator,26006
2021-09-03,IND_GAN,1.99,2.64,1.0,True,synthetic_scenario_generator,26006
2021-09-04,IND_GAN,2.02,2.67,1.0,True,synthetic_scenario_generator,26006
2021-09-05,IND_GAN,1.9,2.55,1.0,True,synthetic_scenario_generator,26006
2021-09-06,IND_GAN,1.6,2.25,1.0,True,synthetic_scenario_generator,26006
2021-09-07,IND_GAN,1.48,2.13,1.0,True,synthetic_scenario_generator,26006
2021-09-08,IND_GAN,1.24,1.89,1.0,True,synthetic_scenario_generator,26006
2021-09-09,IND_GAN,0.9,1.55,1.0,True,synthetic_scenario_generator,26006
2021-09-10,IND_GAN,0.6,1.25,1.0,True,synthetic_scenario_generator,26006
2021-09-11,IND_GAN,0.67,1.32,1.0,True,synthetic_scenario_generator,26006
2021-09-12,IND_GAN,0.45,1.1,1.0,True,synthetic_scenario_generator,26006
2021-09-13,IND_GAN,0.7,1.35,1.0,True,synthetic_scenario_generator,26006
2021-09-14,IND_GAN,0.84,1.49,1.0,True,synthetic_scenario_generator,26006
2021-09-15,IND_GAN,1.2,1.85,1.0,True,synthetic_scenario_generator,26006
2021-09-16,IND_GAN,1.54,2.19,1.0,True,synthetic_scenario_generator,26006
2021-09-17,IND_GAN,1.7,2.35,1.0,True,synthetic_scenario_generator,26006
2021-09-18,IND_GAN,1.92,2.57,1.0,True,synthetic_scenario_generator,26006
2021-09-19,IND_GAN,1.98,2.63,1.0,True,synthetic_scenario_generator,26006
2021-09-20,IND_GAN,1.81,2.46,1.0,True,synthetic_scenario_generator,26006
2021-09-21,IND_GAN,1.56,2.21,1.0,True,synthetic_scenario_generator,26006
2021-09-22,IND_GAN,1.37,2.02,1.0,True,synthetic_scenario_generator,26006
2021-09-23,IND_GAN,1.05,1.7,1.0,True,synthetic_scenario_generator,26006
2021-09-24,IND_GAN,0.83,1.48,1.0,True,synthetic_scenario_generator,26006
2021-09-25,IND_GAN,0.64,1.29,1.0,True,synthetic_scenario_generator,26006
2021-09-26,IND_GAN,0.52,1.17,1.0,True,synthetic_scenario_generator,26006
2021-09-27,IND_GAN,0.61,1.26,1.0,True,synthetic_scenario_generator,26006
2021-09-28,IND_GAN,0.67,1.32,1.0,True,synthetic_scenario_generator,26006
2021-09-29,IND_GAN,0.88,1.53,1.0,True,synthetic_scenario_generator,26006
2021-09-30,IND_GAN,1.14,1.79,1.0,True,synthetic_scenario_generator,26006
2021-10-01,IND_GAN,1.54,2.19,1.0,True,synthetic_scenario_generator,26006
2021-10-02,IND_GAN,1.76,2.41,1.0,True,synthetic_scenario_generator,26006
2021-10-03,IND_GAN,2.0,2.65,1.0,True,synthetic_scenario_generator,26006
2021-10-04,IND_GAN,2.05,2.7,1.0,True,synthetic_scenario_generator,26006
2021-10-05,IND_GAN,1.93,2.58,1.0,True,synthetic_scenario_generator,26006
2021-10-06,IND_GAN,1.63,2.28,1.0,True,synthetic_scenario_generator,26006
2021-10-07,IND_GAN,1.31,1.96,1.0,True,synthetic_scenario_generator,26006
2021-10-08,IND_GAN,1.06,1.71,1.0,True,synthetic_scenario_generator,26006
2021-10-09,IND_GAN,0.71,1.36,1.0,True,synthetic_scenario_generator,26006
2021-10-10,IND_GAN,0.64,1.29,1.0,True,synthetic_scenario_generator,26006
2021-10-11,IND_GAN,0.46,1.11,1.0,True,synthetic_scenario_generator,26006
2021-10-12,IND_GAN,0.55,1.2,1.0,True,synthetic_scenario_generator,26006
2021-10-13,IND_GAN,0.7,1.35,1.0,True,synthetic_scenario_generator,26006
2021-10-14,IND_GAN,1.05,1.7,1.0,True,synthetic_scenario_generator,26006
2021-10-15,IND_GAN,1.23,1.88,1.0,True,synthetic_scenario_generator,26006
2021-10-16,IND_GAN,1.76,2.41,1.0,True,synthetic_scenario_generator,26006
2021-10-17,IND_GAN,1.84,2.49,1.0,True,synthetic_scenario_generator,26006
2021-10-18,IND_GAN,1.96,2.61,1.0,True,synthetic_scenario_generator,26006
2021-10-19,IND_GAN,2.0,2.65,1.0,True,synthetic_scenario_generator,26006
2021-10-20,IND_GAN,1.83,2.48,1.0,True,synthetic_scenario_generator,26006
2021-10-21,IND_GAN,1.71,2.36,1.0,True,synthetic_scenario_generator,26006
2021-10-22,IND_GAN,1.21,1.86,1.0,True,synthetic_scenario_generator,26006
2021-10-23,IND_GAN,0.95,1.6,1.0,True,synthetic_scenario_generator,26006
2021-10-24,IND_GAN,0.69,1.34,1.0,True,synthetic_scenario_generator,26006
2021-10-25,IND_GAN,0.56,1.21,1.0,True,synthetic_scenario_generator,26006
2021-10-26,IND_GAN,0.53,1.18,1.0,True,synthetic_scenario_generator,26006
2021-10-27,IND_GAN,0.61,1.26,1.0,True,synthetic_scenario_generator,26006
2021-10-28,IND_GAN,0.87,1.52,1.0,True,synthetic_scenario_generator,26006
2021-10-29,IND_GAN,1.19,1.84,1.0,True,synthetic_scenario_generator,26006
2021-10-30,IND_GAN,1.48,2.13,1.0,True,synthetic_scenario_generator,26006
2021-10-31,IND_GAN,1.74,2.39,1.0,True,synthetic_scenario_generator,26006
2021-11-01,IND_GAN,1.91,2.56,1.0,True,synthetic_scenario_generator,26006
2021-11-02,IND_GAN,1.89,2.54,1.0,True,synthetic_scenario_generator,26006
2021-11-03,IND_GAN,1.75,2.4,1.0,True,synthetic_scenario_generator,26006
2021-11-04,IND_GAN,1.86,2.51,1.0,True,synthetic_scenario_generator,26006
2021-11-05,IND_GAN,1.51,2.16,1.0,True,synthetic_scenario_generator,26006
2021-11-06,IND_GAN,1.16,1.81,1.0,True,synthetic_scenario_generator,26006
2021-11-07,IND_GAN,0.89,1.54,1.0,True,synthetic_scenario_generator,26006
2021-11-08,IND_GAN,0.72,1.37,1.0,True,synthetic_scenario_generator,26006
2021-11-09,IND_GAN,0.55,1.2,1.0,True,synthetic_scenario_generator,26006
2021-11-10,IND_GAN,0.59,1.24,1.0,True,synthetic_scenario_generator,26006
2021-11-11,IND_GAN,0.6,1.25,1.0,True,synthetic_scenario_generator,26006
2021-11-12,IND_GAN,0.84,1.49,1.0,True,synthetic_scenario_generator,26006
2021-11-13,IND_GAN,1.27,1.92,1.0,True,synthetic_scenario_generator,26006
2021-11-14,IND_GAN,1.5,2.15,1.0,True,synthetic_scenario_generator,26006
2021-11-15,IND_GAN,1.89,2.54,1.0,True,synthetic_scenario_generator,26006
2021-11-16,IND_GAN,2.11,2.76,1.0,True,synthetic_scenario_generator,26006
2021-11-17,IND_GAN,1.87,2.52,1.0,True,synthetic_scenario_generator,26006
2021-11-18,IND_GAN,1.81,2.46,1.0,True,synthetic_scenario_generator,26006
2021-11-19,IND_GAN,1.76,2.41,1.0,True,synthetic_scenario_generator,26006
2021-11-20,IND_GAN,1.56,2.21,1.0,True,synthetic_scenario_generator,26006
2021-11-21,IND_GAN,0.92,1.57,1.0,True,synthetic_scenario_generator,26006
2021-11-22,IND_GAN,0.75,1.4,1.0,True,synthetic_scenario_generator,26006
2021-11-23,IND_GAN,0.65,1.3,1.0,True,synthetic_scenario_generator,26006
2021-11-24,IND_GAN,0.69,1.34,1.0,True,synthetic_scenario_generator,26006
2021-11-25,IND_GAN,0.62,1.27,1.0,True,synthetic_scenario_generator,26006
2021-11-26,IND_GAN,0.76,1.41,1.0,True,synthetic_scenario_generator,26006
2021-11-27,IND_GAN,0.91,1.56,1.0,True,synthetic_scenario_generator,26006
2021-11-28,IND_GAN,1.22,1.87,1.0,True,synthetic_scenario_generator,26006
2021-11-29,IND_GAN,1.53,2.18,1.0,True,synthetic_scenario_generator,26006
2021-11-30,IND_GAN,1.88,2.53,1.0,True,synthetic_scenario_generator,26006
2021-12-01,IND_GAN,1.93,2.58,1.0,True,synthetic_scenario_generator,26006
2021-12-02,IND_GAN,1.87,2.52,1.0,True,synthetic_scenario_generator,26006
2021-12-03,IND_GAN,1.87,2.52,1.0,True,synthetic_scenario_generator,26006
2021-12-04,IND_GAN,1.69,2.34,1.0,True,synthetic_scenario_generator,26006
2021-12-05,IND_GAN,1.37,2.02,1.0,True,synthetic_scenario_generator,26006
2021-12-06,IND_GAN,1.18,1.83,1.0,True,synthetic_scenario_generator,26006
2021-12-07,IND_GAN,0.61,1.26,1.0,True,synthetic_scenario_generator,26006
2021-12-08,IND_GAN,0.52,1.17,1.0,True,synthetic_scenario_generator,26006
2021-12-09,IND_GAN,0.47,1.12,1.0,True,synthetic_scenario_generator,26006
2021-12-10,IND_GAN,0.66,1.31,1.0,True,synthetic_scenario_generator,26006
2021-12-11,IND_GAN,0.64,1.29,1.0,True,synthetic_scenario_generator,26006
2021-12-12,IND_GAN,1.01,1.66,1.0,True,synthetic_scenario_generator,26006
2021-12-13,IND_GAN,1.32,1.97,1.0,True,synthetic_scenario_generator,26006
2021-12-14,IND_GAN,1.57,2.22,1.0,True,synthetic_scenario_generator,26006
2021-12-15,IND_GAN,1.84,2.49,1.0,True,synthetic_scenario_generator,26006
2021-12-16,IND_GAN,2.1,2.75,1.0,True,synthetic_scenario_generator,26006
2021-12-17,IND_GAN,2.01,2.66,1.0,True,synthetic_scenario_generator,26006
2021-12-18,IND_GAN,1.69,2.34,1.0,True,synthetic_scenario_generator,26006
2021-12-19,IND_GAN,1.72,2.37,1.0,True,synthetic_scenario_generator,26006
2021-12-20,IND_GAN,1.24,1.89,1.0,True,synthetic_scenario_generator,26006
2021-12-21,IND_GAN,1.06,1.71,1.0,True,synthetic_scenario_generator,26006
2021-12-22,IND_GAN,0.78,1.43,1.0,True,synthetic_scenario_generator,26006
2021-12-23,IND_GAN,0.51,1.16,1.0,True,synthetic_scenario_generator,26006
2021-12-24,IND_GAN,0.52,1.17,1.0,True,synthetic_scenario_generator,26006
2021-12-25,IND_GAN,0.56,1.21,1.0,True,synthetic_scenario_generator,26006
2021-12-26,IND_GAN,0.97,1.62,1.0,True,synthetic_scenario_generator,26006
2021-12-27,IND_GAN,1.15,1.8,1.0,True,synthetic_scenario_generator,26006
2021-12-28,IND_GAN,1.48,2.13,1.0,True,synthetic_scenario_generator,26006
2021-12-29,IND_GAN,1.65,2.3,1.0,True,synthetic_scenario_generator,26006
2021-12-30,IND_GAN,1.76,2.41,1.0,True,synthetic_scenario_generator,26006
2021-12-31,IND_GAN,1.93,2.58,1.0,True,synthetic_scenario_generator,26006
2022-01-01,IND_GAN,2.07,2.72,1.0,True,synthetic_scenario_generator,26006
2022-01-02,IND_GAN,1.66,2.31,1.0,True,synthetic_scenario_generator,26006
2022-01-03,IND_GAN,1.55,2.2,1.0,True,synthetic_scenario_generator,26006
2022-01-04,IND_GAN,1.3,1.95,1.0,True,synthetic_scenario_generator,26006
2022-01-05,IND_GAN,0.96,1.61,1.0,True,synthetic_scenario_generator,26006
2022-01-06,IND_GAN,0.76,1.41,1.0,True,synthetic_scenario_generator,26006
2022-01-07,IND_GAN,0.65,1.3,1.0,True,synthetic_scenario_generator,26006
2022-01-08,IND_GAN,0.63,1.28,1.0,True,synthetic_scenario_generator,26006
2022-01-09,IND_GAN,0.64,1.29,1.0,True,synthetic_scenario_generator,26006
2022-01-10,IND_GAN,0.89,1.54,1.0,True,synthetic_scenario_generator,26006
2022-01-11,IND_GAN,1.34,1.99,1.0,True,synthetic_scenario_generator,26006
2022-01-12,IND_GAN,1.43,2.08,1.0,True,synthetic_scenario_generator,26006
2022-01-13,IND_GAN,1.76,2.41,1.0,True,synthetic_scenario_generator,26006
2022-01-14,IND_GAN,1.87,2.52,1.0,True,synthetic_scenario_generator,26006
2022-01-15,IND_GAN,2.02,2.67,1.0,True,synthetic_scenario_generator,26006
2022-01-16,IND_GAN,1.83,2.48,1.0,True,synthetic_scenario_generator,26006
2022-01-17,IND_GAN,1.63,2.28,1.0,True,synthetic_scenario_generator,26006
2022-01-18,IND_GAN,1.41,2.06,1.0,True,synthetic_scenario_generator,26006
2022-01-19,IND_GAN,1.25,1.9,1.0,True,synthetic_scenario_generator,26006
2022-01-20,IND_GAN,0.86,1.51,1.0,True,synthetic_scenario_generator,26006
2022-01-21,IND_GAN,0.63,1.28,1.0,True,synthetic_scenario_generator,26006
2022-01-22,IND_GAN,0.36,1.01,1.0,True,synthetic_scenario_generator,26006
2022-01-23,IND_GAN,0.53,1.18,1.0,True,synthetic_scenario_generator,26006
2022-01-24,IND_GAN,0.58,1.23,1.0,True,synthetic_scenario_generator,26006
2022-01-25,IND_GAN,0.93,1.58,1.0,True,synthetic_scenario_generator,26006
2022-01-26,IND_GAN,1.27,1.92,1.0,True,synthetic_scenario_generator,26006
2022-01-27,IND_GAN,1.62,2.27,1.0,True,synthetic_scenario_generator,26006
2022-01-28,IND_GAN,1.85,2.5,1.0,True,synthetic_scenario_generator,26006
2022-01-29,IND_GAN,1.95,2.6,1.0,True,synthetic_scenario_generator,26006
2022-01-30,IND_GAN,1.96,2.61,1.0,True,synthetic_scenario_generator,26006
2022-01-31,IND_GAN,1.89,2.54,1.0,True,synthetic_scenario_generator,26006
2022-02-01,IND_GAN,1.61,2.26,1.0,True,synthetic_scenario_generator,26006
2022-02-02,IND_GAN,1.46,2.11,1.0,True,synthetic_scenario_generator,26006
2022-02-03,IND_GAN,1.15,1.8,1.0,True,synthetic_scenario_generator,26006
2022-02-04,IND_GAN,0.8,1.45,1.0,True,synthetic_scenario_generator,26006
2022-02-05,IND_GAN,0.49,1.14,1.0,True,synthetic_scenario_generator,26006
2022-02-06,IND_GAN,0.47,1.12,1.0,True,synthetic_scenario_generator,26006
2022-02-07,IND_GAN,0.61,1.26,1.0,True,synthetic_scenario_generator,26006
2022-02-08,IND_GAN,0.8,1.45,1.0,True,synthetic_scenario_generator,26006
2022-02-09,IND_GAN,0.99,1.64,1.0,True,synthetic_scenario_generator,26006
2022-02-10,IND_GAN,1.34,1.99,1.0,True,synthetic_scenario_generator,26006
2022-02-11,IND_GAN,1.6,2.25,1.0,True,synthetic_scenario_generator,26006
2022-02-12,IND_GAN,1.81,2.46,1.0,True,synthetic_scenario_generator,26006
2022-02-13,IND_GAN,2.08,2.73,1.0,True,synthetic_scenario_generator,26006
2022-02-14,IND_GAN,2.04,2.69,1.0,True,synthetic_scenario_generator,26006
2022-02-15,IND_GAN,1.79,2.44,1.0,True,synthetic_scenario_generator,26006
2022-02-16,IND_GAN,1.59,2.24,1.0,True,synthetic_scenario_generator,26006
2022-02-17,IND_GAN,1.35,2.0,1.0,True,synthetic_scenario_generator,26006
2022-02-18,IND_GAN,0.85,1.5,1.0,True,synthetic_scenario_generator,26006
2022-02-19,IND_GAN,0.77,1.42,1.0,True,synthetic_scenario_generator,26006
2022-02-20,IND_GAN,0.61,1.26,1.0,True,synthetic_scenario_generator,26006
2022-02-21,IND_GAN,0.39,1.04,1.0,True,synthetic_scenario_generator,26006
2022-02-22,IND_GAN,0.69,1.34,1.0,True,synthetic_scenario_generator,26006
2022-02-23,IND_GAN,0.75,1.4,1.0,True,synthetic_scenario_generator,26006
2022-02-24,IND_GAN,0.96,1.61,1.0,True,synthetic_scenario_generator,26006
2022-02-25,IND_GAN,1.55,2.2,1.0,True,synthetic_scenario_generator,26006
2022-02-26,IND_GAN,1.71,2.36,1.0,True,synthetic_scenario_generator,26006
2022-02-27,IND_GAN,1.97,2.62,1.0,True,synthetic_scenario_generator,26006
2022-02-28,IND_GAN,1.91,2.56,1.0,True,synthetic_scenario_generator,26006
2022-03-01,IND_GAN,1.95,2.6,1.0,True,synthetic_scenario_generator,26006
2022-03-02,IND_GAN,1.96,2.61,1.0,True,synthetic_scenario_generator,26006
2022-03-03,IND_GAN,1.61,2.26,1.0,True,synthetic_scenario_generator,26006
2022-03-04,IND_GAN,1.15,1.8,1.0,True,synthetic_scenario_generator,26006
2022-03-05,IND_GAN,0.99,1.64,1.0,True,synthetic_scenario_generator,26006
2022-03-06,IND_GAN,0.69,1.34,1.0,True,synthetic_scenario_generator,26006
2022-03-07,IND_GAN,0.5,1.15,1.0,True,synthetic_scenario_generator,26006
2022-03-08,IND_GAN,0.53,1.18,1.0,True,synthetic_scenario_generator,26006
2022-03-09,IND_GAN,0.68,1.33,1.0,True,synthetic_scenario_generator,26006
2022-03-10,IND_GAN,0.72,1.37,1.0,True,synthetic_scenario_generator,26006
2022-03-11,IND_GAN,1.13,1.78,1.0,True,synthetic_scenario_generator,26006
2022-03-12,IND_GAN,1.51,2.16,1.0,True,synthetic_scenario_generator,26006
2022-03-13,IND_GAN,1.71,2.36,1.0,True,synthetic_scenario_generator,26006
2022-03-14,IND_GAN,2.05,2.7,1.0,True,synthetic_scenario_generator,26006
2022-03-15,IND_GAN,2.03,2.68,1.0,True,synthetic_scenario_generator,26006
2022-03-16,IND_GAN,1.88,2.53,1.0,True,synthetic_scenario_generator,26006
2022-03-17,IND_GAN,1.74,2.39,1.0,True,synthetic_scenario_generator,26006
2022-03-18,IND_GAN,1.44,2.09,1.0,True,synthetic_scenario_generator,26006
2022-03-19,IND_GAN,0.99,1.64,1.0,True,synthetic_scenario_generator,26006
2022-03-20,IND_GAN,0.87,1.52,1.0,True,synthetic_scenario_generator,26006
2022-03-21,IND_GAN,0.52,1.17,1.0,True,synthetic_scenario_generator,26006
2022-03-22,IND_GAN,0.22,0.87,1.0,True,synthetic_scenario_generator,26006
2022-03-23,IND_GAN,0.53,1.18,1.0,True,synthetic_scenario_generator,26006
2022-03-24,IND_GAN,0.76,1.41,1.0,True,synthetic_scenario_generator,26006
2022-03-25,IND_GAN,0.92,1.57,1.0,True,synthetic_scenario_generator,26006
2022-03-26,IND_GAN,1.28,1.93,1.0,True,synthetic_scenario_generator,26006
2022-03-27,IND_GAN,1.41,2.06,1.0,True,synthetic_scenario_generator,26006
2022-03-28,IND_GAN,1.78,2.43,1.0,True,synthetic_scenario_generator,26006
2022-03-29,IND_GAN,1.94,2.59,1.0,True,synthetic_scenario_generator,26006
2022-03-30,IND_GAN,2.09,2.74,1.0,True,synthetic_scenario_generator,26006
2022-03-31,IND_GAN,2.07,2.72,1.0,True,synthetic_scenario_generator,26006
2022-04-01,IND_GAN,1.66,2.31,1.0,True,synthetic_scenario_generator,26006
2022-04-02,IND_GAN,1.45,2.1,1.0,True,synthetic_scenario_generator,26006
2022-04-03,IND_GAN,1.02,1.67,1.0,True,synthetic_scenario_generator,26006
2022-04-04,IND_GAN,0.68,1.33,1.0,True,synthetic_scenario_generator,26006
2022-04-05,IND_GAN,0.54,1.19,1.0,True,synthetic_scenario_generator,26006
2022-04-06,IND_GAN,0.45,1.1,1.0,True,synthetic_scenario_generator,26006
2022-04-07,IND_GAN,0.58,1.23,1.0,True,synthetic_scenario_generator,26006
2022-04-08,IND_GAN,0.71,1.36,1.0,True,synthetic_scenario_generator,26006
2022-04-09,IND_GAN,1.02,1.67,1.0,True,synthetic_scenario_generator,26006
2022-04-10,IND_GAN,1.08,1.73,1.0,True,synthetic_scenario_generator,26006
2022-04-11,IND_GAN,1.62,2.27,1.0,True,synthetic_scenario_generator,26006
2022-04-12,IND_GAN,1.8,2.45,1.0,True,synthetic_scenario_generator,26006
2022-04-13,IND_GAN,2.03,2.68,1.0,True,synthetic_scenario_generator,26006
2022-04-14,IND_GAN,2.05,2.7,1.0,True,synthetic_scenario_generator,26006
2022-04-15,IND_GAN,1.97,2.62,1.0,True,synthetic_scenario_generator,26006
2022-04-16,IND_GAN,1.45,2.1,1.0,True,synthetic_scenario_generator,26006
2022-04-17,IND_GAN,1.3,1.95,1.0,True,synthetic_scenario_generator,26006
2022-04-18,IND_GAN,1.12,1.77,1.0,True,synthetic_scenario_generator,26006
2022-04-19,IND_GAN,0.74,1.39,1.0,True,synthetic_scenario_generator,26006
2022-04-20,IND_GAN,0.57,1.22,1.0,True,synthetic_scenario_generator,26006
2022-04-21,IND_GAN,0.54,1.19,1.0,True,synthetic_scenario_generator,26006
2022-04-22,IND_GAN,0.57,1.22,1.0,True,synthetic_scenario_generator,26006
2022-04-23,IND_GAN,0.85,1.5,1.0,True,synthetic_scenario_generator,26006
2022-04-24,IND_GAN,1.02,1.67,1.0,True,synthetic_scenario_generator,26006
2022-04-25,IND_GAN,1.3,1.95,1.0,True,synthetic_scenario_generator,26006
2022-04-26,IND_GAN,1.54,2.19,1.0,True,synthetic_scenario_generator,26006
2022-04-27,IND_GAN,2.05,2.7,1.0,True,synthetic_scenario_generator,26006
2022-04-28,IND_GAN,1.94,2.59,1.0,True,synthetic_scenario_generator,26006
2022-04-29,IND_GAN,1.97,2.62,1.0,True,synthetic_scenario_generator,26006
2022-04-30,IND_GAN,1.74,2.39,1.0,True,synthetic_scenario_generator,26006
2022-05-01,IND_GAN,1.74,2.39,1.0,True,synthetic_scenario_generator,26006
2022-05-02,IND_GAN,1.06,1.71,1.0,True,synthetic_scenario_generator,26006
2022-05-03,IND_GAN,1.06,1.71,1.0,True,synthetic_scenario_generator,26006
2022-05-04,IND_GAN,0.8,1.45,1.0,True,synthetic_scenario_generator,26006
2022-05-05,IND_GAN,0.52,1.17,1.0,True,synthetic_scenario_generator,26006
2022-05-06,IND_GAN,0.47,1.12,1.0,True,synthetic_scenario_generator,26006
2022-05-07,IND_GAN,0.74,1.39,1.0,True,synthetic_scenario_generator,26006
2022-05-08,IND_GAN,0.84,1.49,1.0,True,synthetic_scenario_generator,26006
2022-05-09,IND_GAN,1.09,1.74,1.0,True,synthetic_scenario_generator,26006
2022-05-10,IND_GAN,1.48,2.13,1.0,True,synthetic_scenario_generator,26006
2022-05-11,IND_GAN,1.85,2.5,1.0,True,synthetic_scenario_generator,26006
2022-05-12,IND_GAN,1.8,2.45,1.0,True,synthetic_scenario_generator,26006
2022-05-13,IND_GAN,2.08,2.73,1.0,True,synthetic_scenario_generator,26006
2022-05-14,IND_GAN,1.94,2.59,1.0,True,synthetic_scenario_generator,26006
2022-05-15,IND_GAN,1.86,2.51,1.0,True,synthetic_scenario_generator,26006
2022-05-16,IND_GAN,1.39,2.04,1.0,True,synthetic_scenario_generator,26006
2022-05-17,IND_GAN,1.32,1.97,1.0,True,synthetic_scenario_generator,26006
2022-05-18,IND_GAN,0.81,1.46,1.0,True,synthetic_scenario_generator,26006
2022-05-19,IND_GAN,0.74,1.39,1.0,True,synthetic_scenario_generator,26006
2022-05-20,IND_GAN,0.5,1.15,1.0,True,synthetic_scenario_generator,26006
2022-05-21,IND_GAN,0.64,1.29,1.0,True,synthetic_scenario_generator,26006
2022-05-22,IND_GAN,0.42,1.07,1.0,True,synthetic_scenario_generator,26006
2022-05-23,IND_GAN,0.77,1.42,1.0,True,synthetic_scenario_generator,26006
2022-05-24,IND_GAN,1.32,1.97,1.0,True,synthetic_scenario_generator,26006
2022-05-25,IND_GAN,1.48,2.13,1.0,True,synthetic_scenario_generator,26006
2022-05-26,IND_GAN,1.6,2.25,1.0,True,synthetic_scenario_generator,26006
2022-05-27,IND_GAN,1.92,2.57,1.0,True,synthetic_scenario_generator,26006
2022-05-28,IND_GAN,2.09,2.74,1.0,True,synthetic_scenario_generator,26006
2022-05-29,IND_GAN,1.87,2.52,1.0,True,synthetic_scenario_generator,26006
2022-05-30,IND_GAN,1.73,2.38,1.0,True,synthetic_scenario_generator,26006
2022-05-31,IND_GAN,1.31,1.96,1.0,True,synthetic_scenario_generator,26006
2022-06-01,IND_GAN,0.96,1.61,1.0,True,synthetic_scenario_generator,26006
2022-06-02,IND_GAN,0.79,1.44,1.0,True,synthetic_scenario_generator,26006
2022-06-03,IND_GAN,0.52,1.17,1.0,True,synthetic_scenario_generator,26006
2022-06-04,IND_GAN,0.45,1.1,1.0,True,synthetic_scenario_generator,26006
2022-06-05,IND_GAN,0.56,1.21,1.0,True,synthetic_scenario_generator,26006
2022-06-06,IND_GAN,0.78,1.43,1.0,True,synthetic_scenario_generator,26006
2022-06-07,IND_GAN,1.06,1.71,1.0,True,synthetic_scenario_generator,26006
2022-06-08,IND_GAN,1.18,1.83,1.0,True,synthetic_scenario_generator,26006
2022-06-09,IND_GAN,1.59,2.24,1.0,True,synthetic_scenario_generator,26006
2022-06-10,IND_GAN,1.98,2.63,1.0,True,synthetic_scenario_generator,26006
2022-06-11,IND_GAN,1.89,2.54,1.0,True,synthetic_scenario_generator,26006
2022-06-12,IND_GAN,2.0,2.65,1.0,True,synthetic_scenario_generator,26006
2022-06-13,IND_GAN,2.0,2.65,1.0,True,synthetic_scenario_generator,26006
2022-06-14,IND_GAN,1.78,2.43,1.0,True,synthetic_scenario_generator,26006
2022-06-15,IND_GAN,1.34,1.99,1.0,True,synthetic_scenario_generator,26006
2022-06-16,IND_GAN,0.9,1.55,1.0,True,synthetic_scenario_generator,26006
2022-06-17,IND_GAN,0.86,1.51,1.0,True,synthetic_scenario_generator,26006
2022-06-18,IND_GAN,0.47,1.12,1.0,True,synthetic_scenario_generator,26006
2022-06-19,IND_GAN,0.57,1.22,1.0,True,synthetic_scenario_generator,26006
2022-06-20,IND_GAN,0.52,1.17,1.0,True,synthetic_scenario_generator,26006
2022-06-21,IND_GAN,0.81,1.46,1.0,True,synthetic_scenario_generator,26006
2022-06-22,IND_GAN,1.03,1.68,1.0,True,synthetic_scenario_generator,26006
2022-06-23,IND_GAN,1.25,1.9,1.0,True,synthetic_scenario_generator,26006
2022-06-24,IND_GAN,1.64,2.29,1.0,True,synthetic_scenario_generator,26006
2022-06-25,IND_GAN,1.81,2.46,1.0,True,synthetic_scenario_generator,26006
2022-06-26,IND_GAN,2.05,2.7,1.0,True,synthetic_scenario_generator,26006
2022-06-27,IND_GAN,2.06,2.71,1.0,True,synthetic_scenario_generator,26006
2022-06-28,IND_GAN,1.76,2.41,1.0,True,synthetic_scenario_generator,26006
2022-06-29,IND_GAN,1.6,2.25,1.0,True,synthetic_scenario_generator,26006
2022-06-30,IND_GAN,1.3,1.95,1.0,True,synthetic_scenario_generator,26006
2022-07-01,IND_GAN,0.9,1.55,1.0,True,synthetic_scenario_generator,26006
2022-07-02,IND_GAN,0.85,1.5,1.0,True,synthetic_scenario_generator,26006
2022-07-03,IND_GAN,0.49,1.14,1.0,True,synthetic_scenario_generator,26006
2022-07-04,IND_GAN,0.46,1.11,1.0,True,synthetic_scenario_generator,26006
2022-07-05,IND_GAN,0.62,1.27,1.0,True,synthetic_scenario_generator,26006
2022-07-06,IND_GAN,0.75,1.4,1.0,True,synthetic_scenario_generator,26006
2022-07-07,IND_GAN,0.89,1.54,1.0,True,synthetic_scenario_generator,26006
2022-07-08,IND_GAN,1.31,1.96,1.0,True,synthetic_scenario_generator,26006
2022-07-09,IND_GAN,1.81,2.46,1.0,True,synthetic_scenario_generator,26006
2022-07-10,IND_GAN,1.92,2.57,1.0,True,synthetic_scenario_generator,26006
2022-07-11,IND_GAN,1.9,2.55,1.0,True,synthetic_scenario_generator,26006
2022-07-12,IND_GAN,2.05,2.7,1.0,True,synthetic_scenario_generator,26006
2022-07-13,IND_GAN,1.88,2.53,1.0,True,synthetic_scenario_generator,26006
2022-07-14,IND_GAN,1.48,2.13,1.0,True,synthetic_scenario_generator,26006
2022-07-15,IND_GAN,1.2,1.85,1.0,True,synthetic_scenario_generator,26006
2022-07-16,IND_GAN,0.85,1.5,1.0,True,synthetic_scenario_generator,26006
2022-07-17,IND_GAN,0.62,1.27,1.0,True,synthetic_scenario_generator,26006
2022-07-18,IND_GAN,0.63,1.28,1.0,True,synthetic_scenario_generator,26006
2022-07-19,IND_GAN,0.64,1.29,1.0,True,synthetic_scenario_generator,26006
2022-07-20,IND_GAN,0.77,1.42,1.0,True,synthetic_scenario_generator,26006
2022-07-21,IND_GAN,0.9,1.55,1.0,True,synthetic_scenario_generator,26006
2022-07-22,IND_GAN,1.11,1.76,1.0,True,synthetic_scenario_generator,26006
2022-07-23,IND_GAN,1.66,2.31,1.0,True,synthetic_scenario_generator,26006
2022-07-24,IND_GAN,1.76,2.41,1.0,True,synthetic_scenario_generator,26006
2022-07-25,IND_GAN,1.89,2.54,1.0,True,synthetic_scenario_generator,26006
2022-07-26,IND_GAN,2.04,2.69,1.0,True,synthetic_scenario_generator,26006
2022-07-27,IND_GAN,1.86,2.51,1.0,True,synthetic_scenario_generator,26006
2022-07-28,IND_GAN,1.58,2.23,1.0,True,synthetic_scenario_generator,26006
2022-07-29,IND_GAN,1.48,2.13,1.0,True,synthetic_scenario_generator,26006
2022-07-30,IND_GAN,1.13,1.78,1.0,True,synthetic_scenario_generator,26006
2022-07-31,IND_GAN,0.85,1.5,1.0,True,synthetic_scenario_generator,26006
2022-08-01,IND_GAN,0.71,1.36,1.0,True,synthetic_scenario_generator,26006
2022-08-02,IND_GAN,0.59,1.24,1.0,True,synthetic_scenario_generator,26006
2022-08-03,IND_GAN,0.39,1.04,1.0,True,synthetic_scenario_generator,26006
2022-08-04,IND_GAN,0.78,1.43,1.0,True,synthetic_scenario_generator,26006
2022-08-05,IND_GAN,0.86,1.51,1.0,True,synthetic_scenario_generator,26006
2022-08-06,IND_GAN,1.12,1.77,1.0,True,synthetic_scenario_generator,26006
2022-08-07,IND_GAN,1.55,2.2,1.0,True,synthetic_scenario_generator,26006
2022-08-08,IND_GAN,1.85,2.5,1.0,True,synthetic_scenario_generator,26006
2022-08-09,IND_GAN,2.09,2.74,1.0,True,synthetic_scenario_generator,26006
2022-08-10,IND_GAN,1.99,2.64,1.0,True,synthetic_scenario_generator,26006
2022-08-11,IND_GAN,1.87,2.52,1.0,True,synthetic_scenario_generator,26006
2022-08-12,IND_GAN,1.71,2.36,1.0,True,synthetic_scenario_generator,26006
2022-08-13,IND_GAN,1.39,2.04,1.0,True,synthetic_scenario_generator,26006
2022-08-14,IND_GAN,1.05,1.7,1.0,True,synthetic_scenario_generator,26006
2022-08-15,IND_GAN,0.62,1.27,1.0,True,synthetic_scenario_generator,26006
2022-08-16,IND_GAN,0.67,1.32,1.0,True,synthetic_scenario_generator,26006
2022-08-17,IND_GAN,0.47,1.12,1.0,True,synthetic_scenario_generator,26006
2022-08-18,IND_GAN,0.62,1.27,1.0,True,synthetic_scenario_generator,26006
2022-08-19,IND_GAN,0.85,1.5,1.0,True,synthetic_scenario_generator,26006
2022-08-20,IND_GAN,0.95,1.6,1.0,True,synthetic_scenario_generator,26006
2022-08-21,IND_GAN,1.45,2.1,1.0,True,synthetic_scenario_generator,26006
2022-08-22,IND_GAN,1.46,2.11,1.0,True,synthetic_scenario_generator,26006
2022-08-23,IND_GAN,1.77,2.42,1.0,True,synthetic_scenario_generator,26006
2022-08-24,IND_GAN,1.96,2.61,1.0,True,synthetic_scenario_generator,26006
2022-08-25,IND_GAN,1.95,2.6,1.0,True,synthetic_scenario_generator,26006
2022-08-26,IND_GAN,1.83,2.48,1.0,True,synthetic_scenario_generator,26006
2022-08-27,IND_GAN,1.58,2.23,1.0,True,synthetic_scenario_generator,26006
2022-08-28,IND_GAN,1.38,2.03,1.0,True,synthetic_scenario_generator,26006
2022-08-29,IND_GAN,0.9,1.55,1.0,True,synthetic_scenario_generator,26006
2022-08-30,IND_GAN,0.87,1.52,1.0,True,synthetic_scenario_generator,26006
2022-08-31,IND_GAN,0.46,1.11,1.0,True,synthetic_scenario_generator,26006
2022-09-01,IND_GAN,0.53,1.18,1.0,True,synthetic_scenario_generator,26006
2022-09-02,IND_GAN,0.53,1.18,1.0,True,synthetic_scenario_generator,26006
2022-09-03,IND_GAN,0.79,1.44,1.0,True,synthetic_scenario_generator,26006
2022-09-04,IND_GAN,1.08,1.73,1.0,True,synthetic_scenario_generator,26006
2022-09-05,IND_GAN,1.36,2.01,1.0,True,synthetic_scenario_generator,26006
2022-09-06,IND_GAN,1.63,2.28,1.0,True,synthetic_scenario_generator,26006
2022-09-07,IND_GAN,1.86,2.51,1.0,True,synthetic_scenario_generator,26006
2022-09-08,IND_GAN,2.02,2.67,1.0,True,synthetic_scenario_generator,26006
2022-09-09,IND_GAN,2.0,2.65,1.0,True,synthetic_scenario_generator,26006
2022-09-10,IND_GAN,1.82,2.47,1.0,True,synthetic_scenario_generator,26006
2022-09-11,IND_GAN,1.76,2.41,1.0,True,synthetic_scenario_generator,26006
2022-09-12,IND_GAN,1.36,2.01,1.0,True,synthetic_scenario_generator,26006
2022-09-13,IND_GAN,1.03,1.68,1.0,True,synthetic_scenario_generator,26006
2022-09-14,IND_GAN,0.75,1.4,1.0,True,synthetic_scenario_generator,26006
2022-09-15,IND_GAN,0.3,0.95,1.0,True,synthetic_scenario_generator,26006
2022-09-16,IND_GAN,0.4,1.05,1.0,True,synthetic_scenario_generator,26006
2022-09-17,IND_GAN,0.57,1.22,1.0,True,synthetic_scenario_generator,26006
2022-09-18,IND_GAN,0.87,1.52,1.0,True,synthetic_scenario_generator,26006
2022-09-19,IND_GAN,1.22,1.87,1.0,True,synthetic_scenario_generator,26006
2022-09-20,IND_GAN,1.45,2.1,1.0,True,synthetic_scenario_generator,26006
2022-09-21,IND_GAN,1.73,2.38,1.0,True,synthetic_scenario_generator,26006
2022-09-22,IND_GAN,1.92,2.57,1.0,True,synthetic_scenario_generator,26006
2022-09-23,IND_GAN,1.95,2.6,1.0,True,synthetic_scenario_generator,26006
2022-09-24,IND_GAN,1.79,2.44,1.0,True,synthetic_scenario_generator,26006
2022-09-25,IND_GAN,1.9,2.55,1.0,True,synthetic_scenario_generator,26006
2022-09-26,IND_GAN,1.47,2.12,1.0,True,synthetic_scenario_generator,26006
2022-09-27,IND_GAN,1.25,1.9,1.0,True,synthetic_scenario_generator,26006
2022-09-28,IND_GAN,1.02,1.67,1.0,True,synthetic_scenario_generator,26006
2022-09-29,IND_GAN,0.59,1.24,1.0,True,synthetic_scenario_generator,26006
2022-09-30,IND_GAN,0.54,1.19,1.0,True,synthetic_scenario_generator,26006
2022-10-01,IND_GAN,0.53,1.18,1.0,True,synthetic_scenario_generator,26006
2022-10-02,IND_GAN,0.54,1.19,1.0,True,synthetic_scenario_generator,26006
2022-10-03,IND_GAN,0.89,1.54,1.0,True,synthetic_scenario_generator,26006
2022-10-04,IND_GAN,1.29,1.94,1.0,True,synthetic_scenario_generator,26006
2022-10-05,IND_GAN,1.53,2.18,1.0,True,synthetic_scenario_generator,26006
2022-10-06,IND_GAN,1.75,2.4,1.0,True,synthetic_scenario_generator,26006
2022-10-07,IND_GAN,2.02,2.67,1.0,True,synthetic_scenario_generator,26006
2022-10-08,IND_GAN,2.15,2.8,1.0,True,synthetic_scenario_generator,26006
2022-10-09,IND_GAN,1.85,2.5,1.0,True,synthetic_scenario_generator,26006
2022-10-10,IND_GAN,1.66,2.31,1.0,True,synthetic_scenario_generator,26006
2022-10-11,IND_GAN,1.32,1.97,1.0,True,synthetic_scenario_generator,26006
2022-10-12,IND_GAN,1.1,1.75,1.0,True,synthetic_scenario_generator,26006
2022-10-13,IND_GAN,0.72,1.37,1.0,True,synthetic_scenario_generator,26006
2022-10-14,IND_GAN,0.59,1.24,1.0,True,synthetic_scenario_generator,26006
2022-10-15,IND_GAN,0.48,1.13,1.0,True,synthetic_scenario_generator,26006
2022-10-16,IND_GAN,0.55,1.2,1.0,True,synthetic_scenario_generator,26006
2022-10-17,IND_GAN,0.72,1.37,1.0,True,synthetic_scenario_generator,26006
2022-10-18,IND_GAN,0.86,1.51,1.0,True,synthetic_scenario_generator,26006
2022-10-19,IND_GAN,1.3,1.95,1.0,True,synthetic_scenario_generator,26006
2022-10-20,IND_GAN,1.49,2.14,1.0,True,synthetic_scenario_generator,26006
2022-10-21,IND_GAN,1.82,2.47,1.0,True,synthetic_scenario_generator,26006
2022-10-22,IND_GAN,2.04,2.69,1.0,True,synthetic_scenario_generator,26006
2022-10-23,IND_GAN,1.99,2.64,1.0,True,synthetic_scenario_generator,26006
2022-10-24,IND_GAN,1.79,2.44,1.0,True,synthetic_scenario_generator,26006
2022-10-25,IND_GAN,1.73,2.38,1.0,True,synthetic_scenario_generator,26006
2022-10-26,IND_GAN,1.28,1.93,1.0,True,synthetic_scenario_generator,26006
2022-10-27,IND_GAN,1.11,1.76,1.0,True,synthetic_scenario_generator,26006
2022-10-28,IND_GAN,0.74,1.39,1.0,True,synthetic_scenario_generator,26006
2022-10-29,IND_GAN,0.6,1.25,1.0,True,synthetic_scenario_generator,26006
2022-10-30,IND_GAN,0.6,1.25,1.0,True,synthetic_scenario_generator,26006
2022-10-31,IND_GAN,0.54,1.19,1.0,True,synthetic_scenario_generator,26006
2022-11-01,IND_GAN,0.67,1.32,1.0,True,synthetic_scenario_generator,26006
2022-11-02,IND_GAN,1.02,1.67,1.0,True,synthetic_scenario_generator,26006
2022-11-03,IND_GAN,1.37,2.02,1.0,True,synthetic_scenario_generator,26006
2022-11-04,IND_GAN,1.55,2.2,1.0,True,synthetic_scenario_generator,26006
2022-11-05,IND_GAN,1.88,2.53,1.0,True,synthetic_scenario_generator,26006
2022-11-06,IND_GAN,1.91,2.56,1.0,True,synthetic_scenario_generator,26006
2022-11-07,IND_GAN,1.98,2.63,1.0,True,synthetic_scenario_generator,26006
2022-11-08,IND_GAN,1.95,2.6,1.0,True,synthetic_scenario_generator,26006
2022-11-09,IND_GAN,1.46,2.11,1.0,True,synthetic_scenario_generator,26006
2022-11-10,IND_GAN,1.25,1.9,1.0,True,synthetic_scenario_generator,26006
2022-11-11,IND_GAN,0.85,1.5,1.0,True,synthetic_scenario_generator,26006
2022-11-12,IND_GAN,0.82,1.47,1.0,True,synthetic_scenario_generator,26006
2022-11-13,IND_GAN,0.55,1.2,1.0,True,synthetic_scenario_generator,26006
2022-11-14,IND_GAN,0.55,1.2,1.0,True,synthetic_scenario_generator,26006
2022-11-15,IND_GAN,0.56,1.21,1.0,True,synthetic_scenario_generator,26006
2022-11-16,IND_GAN,0.74,1.39,1.0,True,synthetic_scenario_generator,26006
2022-11-17,IND_GAN,0.98,1.63,1.0,True,synthetic_scenario_generator,26006
2022-11-18,IND_GAN,1.42,2.07,1.0,True,synthetic_scenario_generator,26006
2022-11-19,IND_GAN,1.6,2.25,1.0,True,synthetic_scenario_generator,26006
2022-11-20,IND_GAN,2.02,2.67,1.0,True,synthetic_scenario_generator,26006
2022-11-21,IND_GAN,1.95,2.6,1.0,True,synthetic_scenario_generator,26006
2022-11-22,IND_GAN,1.94,2.59,1.0,True,synthetic_scenario_generator,26006
2022-11-23,IND_GAN,1.89,2.54,1.0,True,synthetic_scenario_generator,26006
2022-11-24,IND_GAN,1.3,1.95,1.0,True,synthetic_scenario_generator,26006
2022-11-25,IND_GAN,1.22,1.87,1.0,True,synthetic_scenario_generator,26006
2022-11-26,IND_GAN,0.84,1.49,1.0,True,synthetic_scenario_generator,26006
2022-11-27,IND_GAN,0.75,1.4,1.0,True,synthetic_scenario_generator,26006
2022-11-28,IND_GAN,0.46,1.11,1.0,True,synthetic_scenario_generator,26006
2022-11-29,IND_GAN,0.3,0.95,1.0,True,synthetic_scenario_generator,26006
2022-11-30,IND_GAN,0.57,1.22,1.0,True,synthetic_scenario_generator,26006
2022-12-01,IND_GAN,1.01,1.66,1.0,True,synthetic_scenario_generator,26006
2022-12-02,IND_GAN,1.13,1.78,1.0,True,synthetic_scenario_generator,26006
2022-12-03,IND_GAN,1.47,2.12,1.0,True,synthetic_scenario_generator,26006
2022-12-04,IND_GAN,1.94,2.59,1.0,True,synthetic_scenario_generator,26006
2022-12-05,IND_GAN,1.98,2.63,1.0,True,synthetic_scenario_generator,26006
2022-12-06,IND_GAN,2.07,2.72,1.0,True,synthetic_scenario_generator,26006
2022-12-07,IND_GAN,2.05,2.7,1.0,True,synthetic_scenario_generator,26006
2022-12-08,IND_GAN,1.77,2.42,1.0,True,synthetic_scenario_generator,26006
2022-12-09,IND_GAN,1.4,2.05,1.0,True,synthetic_scenario_generator,26006
2022-12-10,IND_GAN,1.12,1.77,1.0,True,synthetic_scenario_generator,26006
2022-12-11,IND_GAN,0.69,1.34,1.0,True,synthetic_scenario_generator,26006
2022-12-12,IND_GAN,0.64,1.29,1.0,True,synthetic_scenario_generator,26006
2022-12-13,IND_GAN,0.56,1.21,1.0,True,synthetic_scenario_generator,26006
2022-12-14,IND_GAN,0.49,1.14,1.0,True,synthetic_scenario_generator,26006
2022-12-15,IND_GAN,0.65,1.3,1.0,True,synthetic_scenario_generator,26006
2022-12-16,IND_GAN,0.99,1.64,1.0,True,synthetic_scenario_generator,26006
2022-12-17,IND_GAN,1.08,1.73,1.0,True,synthetic_scenario_generator,26006
2022-12-18,IND_GAN,1.63,2.28,1.0,True,synthetic_scenario_generator,26006
2022-12-19,IND_GAN,1.83,2.48,1.0,True,synthetic_scenario_generator,26006
2022-12-20,IND_GAN,2.02,2.67,1.0,True,synthetic_scenario_generator,26006
2022-12-21,IND_GAN,1.93,2.58,1.0,True,synthetic_scenario_generator,26006
2022-12-22,IND_GAN,1.9,2.55,1.0,True,synthetic_scenario_generator,26006
2022-12-23,IND_GAN,1.58,2.23,1.0,True,synthetic_scenario_generator,26006
2022-12-24,IND_GAN,1.43,2.08,1.0,True,synthetic_scenario_generator,26006
2022-12-25,IND_GAN,0.97,1.62,1.0,True,synthetic_scenario_generator,26006
2022-12-26,IND_GAN,0.68,1.33,1.0,True,synthetic_scenario_generator,26006
2022-12-27,IND_GAN,0.61,1.26,1.0,True,synthetic_scenario_generator,26006
2022-12-28,IND_GAN,0.33,0.98,1.0,True,synthetic_scenario_generator,26006
2022-12-29,IND_GAN,0.5,1.15,1.0,True,synthetic_scenario_generator,26006
2022-12-30,IND_GAN,0.86,1.51,1.0,True,synthetic_scenario_generator,26006
2022-12-31,IND_GAN,0.88,1.53,1.0,True,synthetic_scenario_generator,26006
2023-01-01,IND_GAN,1.23,1.88,1.0,True,synthetic_scenario_generator,26006
2023-01-02,IND_GAN,1.58,2.23,1.0,True,synthetic_scenario_generator,26006
2023-01-03,IND_GAN,1.7,2.35,1.0,True,synthetic_scenario_generator,26006
2023-01-04,IND_GAN,2.04,2.69,1.0,True,synthetic_scenario_generator,26006
2023-01-05,IND_GAN,1.88,2.53,1.0,True,synthetic_scenario_generator,26006
2023-01-06,IND_GAN,1.87,2.52,1.0,True,synthetic_scenario_generator,26006
2023-01-07,IND_GAN,1.58,2.23,1.0,True,synthetic_scenario_generator,26006
2023-01-08,IND_GAN,1.22,1.87,1.0,True,synthetic_scenario_generator,26006
2023-01-09,IND_GAN,0.87,1.52,1.0,True,synthetic_scenario_generator,26006
2023-01-10,IND_GAN,0.66,1.31,1.0,True,synthetic_scenario_generator,26006
2023-01-11,IND_GAN,0.44,1.09,1.0,True,synthetic_scenario_generator,26006
2023-01-12,IND_GAN,0.42,1.07,1.0,True,synthetic_scenario_generator,26006
2023-01-13,IND_GAN,0.57,1.22,1.0,True,synthetic_scenario_generator,26006
2023-01-14,IND_GAN,0.81,1.46,1.0,True,synthetic_scenario_generator,26006
2023-01-15,IND_GAN,1.19,1.84,1.0,True,synthetic_scenario_generator,26006
2023-01-16,IND_GAN,1.37,2.02,1.0,True,synthetic_scenario_generator,26006
2023-01-17,IND_GAN,1.62,2.27,1.0,True,synthetic_scenario_generator,26006
2023-01-18,IND_GAN,1.83,2.48,1.0,True,synthetic_scenario_generator,26006
2023-01-19,IND_GAN,1.9,2.55,1.0,True,synthetic_scenario_generator,26006
2023-01-20,IND_GAN,1.94,2.59,1.0,True,synthetic_scenario_generator,26006
2023-01-21,IND_GAN,1.86,2.51,1.0,True,synthetic_scenario_generator,26006
2023-01-22,IND_GAN,1.47,2.12,1.0,True,synthetic_scenario_generator,26006
2023-01-23,IND_GAN,1.2,1.85,1.0,True,synthetic_scenario_generator,26006
2023-01-24,IND_GAN,1.03,1.68,1.0,True,synthetic_scenario_generator,26006
2023-01-25,IND_GAN,0.49,1.14,1.0,True,synthetic_scenario_generator,26006
2023-01-26,IND_GAN,0.36,1.01,1.0,True,synthetic_scenario_generator,26006
2023-01-27,IND_GAN,0.57,1.22,1.0,True,synthetic_scenario_generator,26006
2023-01-28,IND_GAN,0.77,1.42,1.0,True,synthetic_scenario_generator,26006
2023-01-29,IND_GAN,0.9,1.55,1.0,True,synthetic_scenario_generator,26006
2023-01-30,IND_GAN,1.24,1.89,1.0,True,synthetic_scenario_generator,26006
2023-01-31,IND_GAN,1.47,2.12,1.0,True,synthetic_scenario_generator,26006
2023-02-01,IND_GAN,1.79,2.44,1.0,True,synthetic_scenario_generator,26006
2023-02-02,IND_GAN,1.85,2.5,1.0,True,synthetic_scenario_generator,26006
2023-02-03,IND_GAN,2.05,2.7,1.0,True,synthetic_scenario_generator,26006
2023-02-04,IND_GAN,2.01,2.66,1.0,True,synthetic_scenario_generator,26006
2023-02-05,IND_GAN,1.8,2.45,1.0,True,synthetic_scenario_generator,26006
2023-02-06,IND_GAN,1.52,2.17,1.0,True,synthetic_scenario_generator,26006
2023-02-07,IND_GAN,1.25,1.9,1.0,True,synthetic_scenario_generator,26006
2023-02-08,IND_GAN,0.87,1.52,1.0,True,synthetic_scenario_generator,26006
2023-02-09,IND_GAN,0.73,1.38,1.0,True,synthetic_scenario_generator,26006
2023-02-10,IND_GAN,0.46,1.11,1.0,True,synthetic_scenario_generator,26006
2023-02-11,IND_GAN,0.59,1.24,1.0,True,synthetic_scenario_generator,26006
2023-02-12,IND_GAN,0.65,1.3,1.0,True,synthetic_scenario_generator,26006
2023-02-13,IND_GAN,0.88,1.53,1.0,True,synthetic_scenario_generator,26006
2023-02-14,IND_GAN,1.28,1.93,1.0,True,synthetic_scenario_generator,26006
2023-02-15,IND_GAN,1.54,2.19,1.0,True,synthetic_scenario_generator,26006
2023-02-16,IND_GAN,1.69,2.34,1.0,True,synthetic_scenario_generator,26006
2023-02-17,IND_GAN,2.03,2.68,1.0,True,synthetic_scenario_generator,26006
2023-02-18,IND_GAN,1.94,2.59,1.0,True,synthetic_scenario_generator,26006
2023-02-19,IND_GAN,1.84,2.49,1.0,True,synthetic_scenario_generator,26006
2023-02-20,IND_GAN,1.68,2.33,1.0,True,synthetic_scenario_generator,26006
2023-02-21,IND_GAN,1.38,2.03,1.0,True,synthetic_scenario_generator,26006
2023-02-22,IND_GAN,0.93,1.58,1.0,True,synthetic_scenario_generator,26006
2023-02-23,IND_GAN,0.81,1.46,1.0,True,synthetic_scenario_generator,26006
2023-02-24,IND_GAN,0.71,1.36,1.0,True,synthetic_scenario_generator,26006
2023-02-25,IND_GAN,0.45,1.1,1.0,True,synthetic_scenario_generator,26006
2023-02-26,IND_GAN,0.54,1.19,1.0,True,synthetic_scenario_generator,26006
2023-02-27,IND_GAN,0.63,1.28,1.0,True,synthetic_scenario_generator,26006
2023-02-28,IND_GAN,0.93,1.58,1.0,True,synthetic_scenario_generator,26006
2023-03-01,IND_GAN,1.41,2.06,1.0,True,synthetic_scenario_generator,26006
2023-03-02,IND_GAN,1.63,2.28,1.0,True,synthetic_scenario_generator,26006
2023-03-03,IND_GAN,1.69,2.34,1.0,True,synthetic_scenario_generator,26006
2023-03-04,IND_GAN,1.97,2.62,1.0,True,synthetic_scenario_generator,26006
2023-03-05,IND_GAN,1.93,2.58,1.0,True,synthetic_scenario_generator,26006
2023-03-06,IND_GAN,1.81,2.46,1.0,True,synthetic_scenario_generator,26006
2023-03-07,IND_GAN,1.61,2.26,1.0,True,synthetic_scenario_generator,26006
2023-03-08,IND_GAN,1.44,2.09,1.0,True,synthetic_scenario_generator,26006
2023-03-09,IND_GAN,0.96,1.61,1.0,True,synthetic_scenario_generator,26006
2023-03-10,IND_GAN,0.62,1.27,1.0,True,synthetic_scenario_generator,26006
2023-03-11,IND_GAN,0.5,1.15,1.0,True,synthetic_scenario_generator,26006
2023-03-12,IND_GAN,0.58,1.23,1.0,True,synthetic_scenario_generator,26006
2023-03-13,IND_GAN,0.38,1.03,1.0,True,synthetic_scenario_generator,26006
2023-03-14,IND_GAN,1.0,1.65,1.0,True,synthetic_scenario_generator,26006
2023-03-15,IND_GAN,1.13,1.78,1.0,True,synthetic_scenario_generator,26006
2023-03-16,IND_GAN,1.43,2.08,1.0,True,synthetic_scenario_generator,26006
2023-03-17,IND_GAN,1.81,2.46,1.0,True,synthetic_scenario_generator,26006
2023-03-18,IND_GAN,1.91,2.56,1.0,True,synthetic_scenario_generator,26006
2023-03-19,IND_GAN,1.86,2.51,1.0,True,synthetic_scenario_generator,26006
2023-03-20,IND_GAN,1.98,2.63,1.0,True,synthetic_scenario_generator,26006
2023-03-21,IND_GAN,1.79,2.44,1.0,True,synthetic_scenario_generator,26006
2023-03-22,IND_GAN,1.57,2.22,1.0,True,synthetic_scenario_generator,26006
2023-03-23,IND_GAN,1.12,1.77,1.0,True,synthetic_scenario_generator,26006
2023-03-24,IND_GAN,0.81,1.46,1.0,True,synthetic_scenario_generator,26006
2023-03-25,IND_GAN,0.63,1.28,1.0,True,synthetic_scenario_generator,26006
2023-03-26,IND_GAN,0.56,1.21,1.0,True,synthetic_scenario_generator,26006
2023-03-27,IND_GAN,0.5,1.15,1.0,True,synthetic_scenario_generator,26006
2023-03-28,IND_GAN,0.59,1.24,1.0,True,synthetic_scenario_generator,26006
2023-03-29,IND_GAN,0.7,1.35,1.0,True,synthetic_scenario_generator,26006
2023-03-30,IND_GAN,1.1,1.75,1.0,True,synthetic_scenario_generator,26006
2023-03-31,IND_GAN,1.4,2.05,1.0,True,synthetic_scenario_generator,26006
2023-04-01,IND_GAN,1.59,2.24,1.0,True,synthetic_scenario_generator,26006
2023-04-02,IND_GAN,2.04,2.69,1.0,True,synthetic_scenario_generator,26006
2023-04-03,IND_GAN,2.12,2.77,1.0,True,synthetic_scenario_generator,26006
2023-04-04,IND_GAN,1.98,2.63,1.0,True,synthetic_scenario_generator,26006
2023-04-05,IND_GAN,1.89,2.54,1.0,True,synthetic_scenario_generator,26006
2023-04-06,IND_GAN,1.26,1.91,1.0,True,synthetic_scenario_generator,26006
2023-04-07,IND_GAN,1.24,1.89,1.0,True,synthetic_scenario_generator,26006
2023-04-08,IND_GAN,0.84,1.49,1.0,True,synthetic_scenario_generator,26006
2023-04-09,IND_GAN,0.66,1.31,1.0,True,synthetic_scenario_generator,26006
2023-04-10,IND_GAN,0.39,1.04,1.0,True,synthetic_scenario_generator,26006
2023-04-11,IND_GAN,0.51,1.16,1.0,True,synthetic_scenario_generator,26006
2023-04-12,IND_GAN,0.62,1.27,1.0,True,synthetic_scenario_generator,26006
2023-04-13,IND_GAN,0.86,1.51,1.0,True,synthetic_scenario_generator,26006
2023-04-14,IND_GAN,1.28,1.93,1.0,True,synthetic_scenario_generator,26006
2023-04-15,IND_GAN,1.64,2.29,1.0,True,synthetic_scenario_generator,26006
2023-04-16,IND_GAN,1.84,2.49,1.0,True,synthetic_scenario_generator,26006
2023-04-17,IND_GAN,1.9,2.55,1.0,True,synthetic_scenario_generator,26006
2023-04-18,IND_GAN,2.06,2.71,1.0,True,synthetic_scenario_generator,26006
2023-04-19,IND_GAN,1.95,2.6,1.0,True,synthetic_scenario_generator,26006
2023-04-20,IND_GAN,1.7,2.35,1.0,True,synthetic_scenario_generator,26006
2023-04-21,IND_GAN,1.35,2.0,1.0,True,synthetic_scenario_generator,26006
2023-04-22,IND_GAN,0.93,1.58,1.0,True,synthetic_scenario_generator,26006
2023-04-23,IND_GAN,0.97,1.62,1.0,True,synthetic_scenario_generator,26006
2023-04-24,IND_GAN,0.48,1.13,1.0,True,synthetic_scenario_generator,26006
2023-04-25,IND_GAN,0.4,1.05,1.0,True,synthetic_scenario_generator,26006
2023-04-26,IND_GAN,0.68,1.33,1.0,True,synthetic_scenario_generator,26006
2023-04-27,IND_GAN,0.75,1.4,1.0,True,synthetic_scenario_generator,26006
2023-04-28,IND_GAN,0.91,1.56,1.0,True,synthetic_scenario_generator,26006
2023-04-29,IND_GAN,1.31,1.96,1.0,True,synthetic_scenario_generator,26006
2023-04-30,IND_GAN,1.74,2.39,1.0,True,synthetic_scenario_generator,26006
2023-05-01,IND_GAN,1.79,2.44,1.0,True,synthetic_scenario_generator,26006
2023-05-02,IND_GAN,1.87,2.52,1.0,True,synthetic_scenario_generator,26006
2023-05-03,IND_GAN,2.01,2.66,1.0,True,synthetic_scenario_generator,26006
2023-05-04,IND_GAN,1.84,2.49,1.0,True,synthetic_scenario_generator,26006
2023-05-05,IND_GAN,1.73,2.38,1.0,True,synthetic_scenario_generator,26006
2023-05-06,IND_GAN,1.43,2.08,1.0,True,synthetic_scenario_generator,26006
2023-05-07,IND_GAN,0.92,1.57,1.0,True,synthetic_scenario_generator,26006
2023-05-08,IND_GAN,0.63,1.28,1.0,True,synthetic_scenario_generator,26006
2023-05-09,IND_GAN,0.44,1.09,1.0,True,synthetic_scenario_generator,26006
2023-05-10,IND_GAN,0.46,1.11,1.0,True,synthetic_scenario_generator,26006
2023-05-11,IND_GAN,0.56,1.21,1.0,True,synthetic_scenario_generator,26006
2023-05-12,IND_GAN,0.79,1.44,1.0,True,synthetic_scenario_generator,26006
2023-05-13,IND_GAN,0.93,1.58,1.0,True,synthetic_scenario_generator,26006
2023-05-14,IND_GAN,1.29,1.94,1.0,True,synthetic_scenario_generator,26006
2023-05-15,IND_GAN,1.58,2.23,1.0,True,synthetic_scenario_generator,26006
2023-05-16,IND_GAN,1.74,2.39,1.0,True,synthetic_scenario_generator,26006
2023-05-17,IND_GAN,1.95,2.6,1.0,True,synthetic_scenario_generator,26006
2023-05-18,IND_GAN,1.85,2.5,1.0,True,synthetic_scenario_generator,26006
2023-05-19,IND_GAN,1.68,2.33,1.0,True,synthetic_scenario_generator,26006
2023-05-20,IND_GAN,1.65,2.3,1.0,True,synthetic_scenario_generator,26006
2023-05-21,IND_GAN,1.24,1.89,1.0,True,synthetic_scenario_generator,26006
2023-05-22,IND_GAN,0.98,1.63,1.0,True,synthetic_scenario_generator,26006
2023-05-23,IND_GAN,0.81,1.46,1.0,True,synthetic_scenario_generator,26006
2023-05-24,IND_GAN,0.65,1.3,1.0,True,synthetic_scenario_generator,26006
2023-05-25,IND_GAN,0.45,1.1,1.0,True,synthetic_scenario_generator,26006
2023-05-26,IND_GAN,0.61,1.26,1.0,True,synthetic_scenario_generator,26006
2023-05-27,IND_GAN,0.68,1.33,1.0,True,synthetic_scenario_generator,26006
2023-05-28,IND_GAN,1.13,1.78,1.0,True,synthetic_scenario_generator,26006
2023-05-29,IND_GAN,1.37,2.02,1.0,True,synthetic_scenario_generator,26006
2023-05-30,IND_GAN,1.61,2.26,1.0,True,synthetic_scenario_generator,26006
2023-05-31,IND_GAN,1.95,2.6,1.0,True,synthetic_scenario_generator,26006
2023-06-01,IND_GAN,2.11,2.76,1.0,True,synthetic_scenario_generator,26006
2023-06-02,IND_GAN,2.12,2.77,1.0,True,synthetic_scenario_generator,26006
2023-06-03,IND_GAN,1.87,2.52,1.0,True,synthetic_scenario_generator,26006
2023-06-04,IND_GAN,1.54,2.19,1.0,True,synthetic_scenario_generator,26006
2023-06-05,IND_GAN,1.35,2.0,1.0,True,synthetic_scenario_generator,26006
2023-06-06,IND_GAN,0.77,1.42,1.0,True,synthetic_scenario_generator,26006
2023-06-07,IND_GAN,0.58,1.23,1.0,True,synthetic_scenario_generator,26006
2023-06-08,IND_GAN,0.57,1.22,1.0,True,synthetic_scenario_generator,26006
2023-06-09,IND_GAN,0.41,1.06,1.0,True,synthetic_scenario_generator,26006
2023-06-10,IND_GAN,0.61,1.26,1.0,True,synthetic_scenario_generator,26006
2023-06-11,IND_GAN,0.93,1.58,1.0,True,synthetic_scenario_generator,26006
2023-06-12,IND_GAN,1.18,1.83,1.0,True,synthetic_scenario_generator,26006
2023-06-13,IND_GAN,1.57,2.22,1.0,True,synthetic_scenario_generator,26006
2023-06-14,IND_GAN,1.73,2.38,1.0,True,synthetic_scenario_generator,26006
2023-06-15,IND_GAN,2.07,2.72,1.0,True,synthetic_scenario_generator,26006
2023-06-16,IND_GAN,1.97,2.62,1.0,True,synthetic_scenario_generator,26006
2023-06-17,IND_GAN,1.97,2.62,1.0,True,synthetic_scenario_generator,26006
2023-06-18,IND_GAN,1.58,2.23,1.0,True,synthetic_scenario_generator,26006
2023-06-19,IND_GAN,1.38,2.03,1.0,True,synthetic_scenario_generator,26006
2023-06-20,IND_GAN,1.19,1.84,1.0,True,synthetic_scenario_generator,26006
2023-06-21,IND_GAN,0.92,1.57,1.0,True,synthetic_scenario_generator,26006
2023-06-22,IND_GAN,0.54,1.19,1.0,True,synthetic_scenario_generator,26006
2023-06-23,IND_GAN,0.49,1.14,1.0,True,synthetic_scenario_generator,26006
2023-06-24,IND_GAN,0.51,1.16,1.0,True,synthetic_scenario_generator,26006
2023-06-25,IND_GAN,0.6,1.25,1.0,True,synthetic_scenario_generator,26006
2023-06-26,IND_GAN,0.99,1.64,1.0,True,synthetic_scenario_generator,26006
2023-06-27,IND_GAN,1.17,1.82,1.0,True,synthetic_scenario_generator,26006
2023-06-28,IND_GAN,1.67,2.32,1.0,True,synthetic_scenario_generator,26006
2023-06-29,IND_GAN,1.87,2.52,1.0,True,synthetic_scenario_generator,26006
2023-06-30,IND_GAN,2.0,2.65,1.0,True,synthetic_scenario_generator,26006
2023-07-01,IND_GAN,2.04,2.69,1.0,True,synthetic_scenario_generator,26006
2023-07-02,IND_GAN,1.93,2.58,1.0,True,synthetic_scenario_generator,26006
2023-07-03,IND_GAN,1.64,2.29,1.0,True,synthetic_scenario_generator,26006
2023-07-04,IND_GAN,1.4,2.05,1.0,True,synthetic_scenario_generator,26006
2023-07-05,IND_GAN,0.96,1.61,1.0,True,synthetic_scenario_generator,26006
2023-07-06,IND_GAN,0.67,1.32,1.0,True,synthetic_scenario_generator,26006
2023-07-07,IND_GAN,0.65,1.3,1.0,True,synthetic_scenario_generator,26006
2023-07-08,IND_GAN,0.51,1.16,1.0,True,synthetic_scenario_generator,26006
2023-07-09,IND_GAN,0.55,1.2,1.0,True,synthetic_scenario_generator,26006
2023-07-10,IND_GAN,0.72,1.37,1.0,True,synthetic_scenario_generator,26006
2023-07-11,IND_GAN,1.19,1.84,1.0,True,synthetic_scenario_generator,26006
2023-07-12,IND_GAN,1.37,2.02,1.0,True,synthetic_scenario_generator,26006
2023-07-13,IND_GAN,1.74,2.39,1.0,True,synthetic_scenario_generator,26006
2023-07-14,IND_GAN,2.02,2.67,1.0,True,synthetic_scenario_generator,26006
2023-07-15,IND_GAN,1.92,2.57,1.0,True,synthetic_scenario_generator,26006
2023-07-16,IND_GAN,1.96,2.61,1.0,True,synthetic_scenario_generator,26006
2023-07-17,IND_GAN,1.84,2.49,1.0,True,synthetic_scenario_generator,26006
2023-07-18,IND_GAN,1.52,2.17,1.0,True,synthetic_scenario_generator,26006
2023-07-19,IND_GAN,1.16,1.81,1.0,True,synthetic_scenario_generator,26006
2023-07-20,IND_GAN,0.98,1.63,1.0,True,synthetic_scenario_generator,26006
2023-07-21,IND_GAN,0.63,1.28,1.0,True,synthetic_scenario_generator,26006
2023-07-22,IND_GAN,0.57,1.22,1.0,True,synthetic_scenario_generator,26006
2023-07-23,IND_GAN,0.36,1.01,1.0,True,synthetic_scenario_generator,26006
2023-07-24,IND_GAN,0.55,1.2,1.0,True,synthetic_scenario_generator,26006
2023-07-25,IND_GAN,0.99,1.64,1.0,True,synthetic_scenario_generator,26006
2023-07-26,IND_GAN,1.14,1.79,1.0,True,synthetic_scenario_generator,26006
2023-07-27,IND_GAN,1.31,1.96,1.0,True,synthetic_scenario_generator,26006
2023-07-28,IND_GAN,1.68,2.33,1.0,True,synthetic_scenario_generator,26006
2023-07-29,IND_GAN,2.01,2.66,1.0,True,synthetic_scenario_generator,26006
2023-07-30,IND_GAN,1.81,2.46,1.0,True,synthetic_scenario_generator,26006
2023-07-31,IND_GAN,1.81,2.46,1.0,True,synthetic_scenario_generator,26006
2023-08-01,IND_GAN,1.74,2.39,1.0,True,synthetic_scenario_generator,26006
2023-08-02,IND_GAN,1.61,2.26,1.0,True,synthetic_scenario_generator,26006
2023-08-03,IND_GAN,1.1,1.75,1.0,True,synthetic_scenario_generator,26006
2023-08-04,IND_GAN,0.85,1.5,1.0,True,synthetic_scenario_generator,26006
2023-08-05,IND_GAN,0.78,1.43,1.0,True,synthetic_scenario_generator,26006
2023-08-06,IND_GAN,0.43,1.08,1.0,True,synthetic_scenario_generator,26006
2023-08-07,IND_GAN,0.56,1.21,1.0,True,synthetic_scenario_generator,26006
2023-08-08,IND_GAN,0.46,1.11,1.0,True,synthetic_scenario_generator,26006
2023-08-09,IND_GAN,0.91,1.56,1.0,True,synthetic_scenario_generator,26006
2023-08-10,IND_GAN,0.98,1.63,1.0,True,synthetic_scenario_generator,26006
2023-08-11,IND_GAN,1.42,2.07,1.0,True,synthetic_scenario_generator,26006
2023-08-12,IND_GAN,1.77,2.42,1.0,True,synthetic_scenario_generator,26006
2023-08-13,IND_GAN,2.02,2.67,1.0,True,synthetic_scenario_generator,26006
2023-08-14,IND_GAN,1.95,2.6,1.0,True,synthetic_scenario_generator,26006
2023-08-15,IND_GAN,1.89,2.54,1.0,True,synthetic_scenario_generator,26006
2023-08-16,IND_GAN,1.69,2.34,1.0,True,synthetic_scenario_generator,26006
2023-08-17,IND_GAN,1.45,2.1,1.0,True,synthetic_scenario_generator,26006
2023-08-18,IND_GAN,1.16,1.81,1.0,True,synthetic_scenario_generator,26006
2023-08-19,IND_GAN,0.77,1.42,1.0,True,synthetic_scenario_generator,26006
2023-08-20,IND_GAN,0.54,1.19,1.0,True,synthetic_scenario_generator,26006
2023-08-21,IND_GAN,0.46,1.11,1.0,True,synthetic_scenario_generator,26006
2023-08-22,IND_GAN,0.49,1.14,1.0,True,synthetic_scenario_generator,26006
2023-08-23,IND_GAN,0.63,1.28,1.0,True,synthetic_scenario_generator,26006
2023-08-24,IND_GAN,0.98,1.63,1.0,True,synthetic_scenario_generator,26006
2023-08-25,IND_GAN,1.17,1.82,1.0,True,synthetic_scenario_generator,26006
2023-08-26,IND_GAN,1.47,2.12,1.0,True,synthetic_scenario_generator,26006
2023-08-27,IND_GAN,1.91,2.56,1.0,True,synthetic_scenario_generator,26006
2023-08-28,IND_GAN,1.93,2.58,1.0,True,synthetic_scenario_generator,26006
2023-08-29,IND_GAN,2.08,2.73,1.0,True,synthetic_scenario_generator,26006
2023-08-30,IND_GAN,1.89,2.54,1.0,True,synthetic_scenario_generator,26006
2023-08-31,IND_GAN,1.67,2.32,1.0,True,synthetic_scenario_generator,26006
2023-09-01,IND_GAN,1.34,1.99,1.0,True,synthetic_scenario_generator,26006
2023-09-02,IND_GAN,1.19,1.84,1.0,True,synthetic_scenario_generator,26006
2023-09-03,IND_GAN,0.58,1.23,1.0,True,synthetic_scenario_generator,26006
2023-09-04,IND_GAN,0.41,1.06,1.0,True,synthetic_scenario_generator,26006
2023-09-05,IND_GAN,0.58,1.23,1.0,True,synthetic_scenario_generator,26006
2023-09-06,IND_GAN,0.47,1.12,1.0,True,synthetic_scenario_generator,26006
2023-09-07,IND_GAN,0.78,1.43,1.0,True,synthetic_scenario_generator,26006
2023-09-08,IND_GAN,1.03,1.68,1.0,True,synthetic_scenario_generator,26006
2023-09-09,IND_GAN,1.34,1.99,1.0,True,synthetic_scenario_generator,26006
2023-09-10,IND_GAN,1.63,2.28,1.0,True,synthetic_scenario_generator,26006
2023-09-11,IND_GAN,1.87,2.52,1.0,True,synthetic_scenario_generator,26006
2023-09-12,IND_GAN,1.97,2.62,1.0,True,synthetic_scenario_generator,26006
2023-09-13,IND_GAN,2.01,2.66,1.0,True,synthetic_scenario_generator,26006
2023-09-14,IND_GAN,1.75,2.4,1.0,True,synthetic_scenario_generator,26006
2023-09-15,IND_GAN,1.46,2.11,1.0,True,synthetic_scenario_generator,26006
2023-09-16,IND_GAN,1.37,2.02,1.0,True,synthetic_scenario_generator,26006
2023-09-17,IND_GAN,0.76,1.41,1.0,True,synthetic_scenario_generator,26006
2023-09-18,IND_GAN,0.67,1.32,1.0,True,synthetic_scenario_generator,26006
2023-09-19,IND_GAN,0.56,1.21,1.0,True,synthetic_scenario_generator,26006
2023-09-20,IND_GAN,0.56,1.21,1.0,True,synthetic_scenario_generator,26006
2023-09-21,IND_GAN,0.7,1.35,1.0,True,synthetic_scenario_generator,26006
2023-09-22,IND_GAN,0.7,1.35,1.0,True,synthetic_scenario_generator,26006
2023-09-23,IND_GAN,1.06,1.71,1.0,True,synthetic_scenario_generator,26006
2023-09-24,IND_GAN,1.32,1.97,1.0,True,synthetic_scenario_generator,26006
2023-09-25,IND_GAN,1.67,2.32,1.0,True,synthetic_scenario_generator,26006
2023-09-26,IND_GAN,1.87,2.52,1.0,True,synthetic_scenario_generator,26006
2023-09-27,IND_GAN,1.94,2.59,1.0,True,synthetic_scenario_generator,26006
2023-09-28,IND_GAN,1.82,2.47,1.0,True,synthetic_scenario_generator,26006
2023-09-29,IND_GAN,1.76,2.41,1.0,True,synthetic_scenario_generator,26006
2023-09-30,IND_GAN,1.43,2.08,1.0,True,synthetic_scenario_generator,26006
2023-10-01,IND_GAN,1.38,2.03,1.0,True,synthetic_scenario_generator,26006
2023-10-02,IND_GAN,1.21,1.86,1.0,True,synthetic_scenario_generator,26006
2023-10-03,IND_GAN,0.77,1.42,1.0,True,synthetic_scenario_generator,26006
2023-10-04,IND_GAN,0.34,0.99,1.0,True,synthetic_scenario_generator,26006
2023-10-05,IND_GAN,0.53,1.18,1.0,True,synthetic_scenario_generator,26006
2023-10-06,IND_GAN,0.37,1.02,1.0,True,synthetic_scenario_generator,26006
2023-10-07,IND_GAN,0.8,1.45,1.0,True,synthetic_scenario_generator,26006
2023-10-08,IND_GAN,1.16,1.81,1.0,True,synthetic_scenario_generator,26006
2023-10-09,IND_GAN,1.65,2.3,1.0,True,synthetic_scenario_generator,26006
2023-10-10,IND_GAN,1.67,2.32,1.0,True,synthetic_scenario_generator,26006
2023-10-11,IND_GAN,1.93,2.58,1.0,True,synthetic_scenario_generator,26006
2023-10-12,IND_GAN,1.93,2.58,1.0,True,synthetic_scenario_generator,26006
2023-10-13,IND_GAN,1.9,2.55,1.0,True,synthetic_scenario_generator,26006
2023-10-14,IND_GAN,1.84,2.49,1.0,True,synthetic_scenario_generator,26006
2023-10-15,IND_GAN,1.36,2.01,1.0,True,synthetic_scenario_generator,26006
2023-10-16,IND_GAN,1.04,1.69,1.0,True,synthetic_scenario_generator,26006
2023-10-17,IND_GAN,0.87,1.52,1.0,True,synthetic_scenario_generator,26006
2023-10-18,IND_GAN,0.65,1.3,1.0,True,synthetic_scenario_generator,26006
2023-10-19,IND_GAN,0.51,1.16,1.0,True,synthetic_scenario_generator,26006
2023-10-20,IND_GAN,0.5,1.15,1.0,True,synthetic_scenario_generator,26006
2023-10-21,IND_GAN,0.65,1.3,1.0,True,synthetic_scenario_generator,26006
2023-10-22,IND_GAN,0.94,1.59,1.0,True,synthetic_scenario_generator,26006
2023-10-23,IND_GAN,1.16,1.81,1.0,True,synthetic_scenario_generator,26006
2023-10-24,IND_GAN,1.48,2.13,1.0,True,synthetic_scenario_generator,26006
2023-10-25,IND_GAN,1.78,2.43,1.0,True,synthetic_scenario_generator,26006
2023-10-26,IND_GAN,1.9,2.55,1.0,True,synthetic_scenario_generator,26006
2023-10-27,IND_GAN,1.94,2.59,1.0,True,synthetic_scenario_generator,26006
2023-10-28,IND_GAN,1.92,2.57,1.0,True,synthetic_scenario_generator,26006
2023-10-29,IND_GAN,1.62,2.27,1.0,True,synthetic_scenario_generator,26006
2023-10-30,IND_GAN,1.44,2.09,1.0,True,synthetic_scenario_generator,26006
2023-10-31,IND_GAN,1.09,1.74,1.0,True,synthetic_scenario_generator,26006
2023-11-01,IND_GAN,0.79,1.44,1.0,True,synthetic_scenario_generator,26006
2023-11-02,IND_GAN,0.61,1.26,1.0,True,synthetic_scenario_generator,26006
2023-11-03,IND_GAN,0.46,1.11,1.0,True,synthetic_scenario_generator,26006
2023-11-04,IND_GAN,0.52,1.17,1.0,True,synthetic_scenario_generator,26006
2023-11-05,IND_GAN,0.69,1.34,1.0,True,synthetic_scenario_generator,26006
2023-11-06,IND_GAN,1.06,1.71,1.0,True,synthetic_scenario_generator,26006
2023-11-07,IND_GAN,1.29,1.94,1.0,True,synthetic_scenario_generator,26006
2023-11-08,IND_GAN,1.58,2.23,1.0,True,synthetic_scenario_generator,26006
2023-11-09,IND_GAN,1.83,2.48,1.0,True,synthetic_scenario_generator,26006
2023-11-10,IND_GAN,2.07,2.72,1.0,True,synthetic_scenario_generator,26006
2023-11-11,IND_GAN,1.93,2.58,1.0,True,synthetic_scenario_generator,26006
2023-11-12,IND_GAN,1.79,2.44,1.0,True,synthetic_scenario_generator,26006
2023-11-13,IND_GAN,1.68,2.33,1.0,True,synthetic_scenario_generator,26006
2023-11-14,IND_GAN,1.23,1.88,1.0,True,synthetic_scenario_generator,26006
2023-11-15,IND_GAN,1.08,1.73,1.0,True,synthetic_scenario_generator,26006
2023-11-16,IND_GAN,0.75,1.4,1.0,True,synthetic_scenario_generator,26006
2023-11-17,IND_GAN,0.65,1.3,1.0,True,synthetic_scenario_generator,26006
2023-11-18,IND_GAN,0.54,1.19,1.0,True,synthetic_scenario_generator,26006
2023-11-19,IND_GAN,0.46,1.11,1.0,True,synthetic_scenario_generator,26006
2023-11-20,IND_GAN,0.85,1.5,1.0,True,synthetic_scenario_generator,26006
2023-11-21,IND_GAN,0.97,1.62,1.0,True,synthetic_scenario_generator,26006
2023-11-22,IND_GAN,1.39,2.04,1.0,True,synthetic_scenario_generator,26006
2023-11-23,IND_GAN,1.85,2.5,1.0,True,synthetic_scenario_generator,26006
2023-11-24,IND_GAN,1.9,2.55,1.0,True,synthetic_scenario_generator,26006
2023-11-25,IND_GAN,1.93,2.58,1.0,True,synthetic_scenario_generator,26006
2023-11-26,IND_GAN,1.88,2.53,1.0,True,synthetic_scenario_generator,26006
2023-11-27,IND_GAN,1.99,2.64,1.0,True,synthetic_scenario_generator,26006
2023-11-28,IND_GAN,1.53,2.18,1.0,True,synthetic_scenario_generator,26006
2023-11-29,IND_GAN,1.3,1.95,1.0,True,synthetic_scenario_generator,26006
2023-11-30,IND_GAN,1.03,1.68,1.0,True,synthetic_scenario_generator,26006
2023-12-01,IND_GAN,0.69,1.34,1.0,True,synthetic_scenario_generator,26006
2023-12-02,IND_GAN,0.53,1.18,1.0,True,synthetic_scenario_generator,26006
2023-12-03,IND_GAN,0.48,1.13,1.0,True,synthetic_scenario_generator,26006
2023-12-04,IND_GAN,0.47,1.12,1.0,True,synthetic_scenario_generator,26006
2023-12-05,IND_GAN,0.91,1.56,1.0,True,synthetic_scenario_generator,26006
2023-12-06,IND_GAN,1.09,1.74,1.0,True,synthetic_scenario_generator,26006
2023-12-07,IND_GAN,1.35,2.0,1.0,True,synthetic_scenario_generator,26006
2023-12-08,IND_GAN,1.6,2.25,1.0,True,synthetic_scenario_generator,26006
2023-12-09,IND_GAN,1.7,2.35,1.0,True,synthetic_scenario_generator,26006
2023-12-10,IND_GAN,1.96,2.61,1.0,True,synthetic_scenario_generator,26006
2023-12-11,IND_GAN,1.86,2.51,1.0,True,synthetic_scenario_generator,26006
2023-12-12,IND_GAN,1.76,2.41,1.0,True,synthetic_scenario_generator,26006
2023-12-13,IND_GAN,1.44,2.09,1.0,True,synthetic_scenario_generator,26006
2023-12-14,IND_GAN,1.31,1.96,1.0,True,synthetic_scenario_generator,26006
2023-12-15,IND_GAN,0.97,1.62,1.0,True,synthetic_scenario_generator,26006
2023-12-16,IND_GAN,0.52,1.17,1.0,True,synthetic_scenario_generator,26006
2023-12-17,IND_GAN,0.65,1.3,1.0,True,synthetic_scenario_generator,26006
2023-12-18,IND_GAN,0.45,1.1,1.0,True,synthetic_scenario_generator,26006
2023-12-19,IND_GAN,0.59,1.24,1.0,True,synthetic_scenario_generator,26006
2023-12-20,IND_GAN,0.58,1.23,1.0,True,synthetic_scenario_generator,26006
2023-12-21,IND_GAN,1.36,2.01,1.0,True,synthetic_scenario_generator,26006
2023-12-22,IND_GAN,1.38,2.03,1.0,True,synthetic_scenario_generator,26006
2023-12-23,IND_GAN,1.68,2.33,1.0,True,synthetic_scenario_generator,26006
2023-12-24,IND_GAN,1.92,2.57,1.0,True,synthetic_scenario_generator,26006
2023-12-25,IND_GAN,2.11,2.76,1.0,True,synthetic_scenario_generator,26006
2023-12-26,IND_GAN,2.0,2.65,1.0,True,synthetic_scenario_generator,26006
2023-12-27,IND_GAN,1.65,2.3,1.0,True,synthetic_scenario_generator,26006
2023-12-28,IND_GAN,1.44,2.09,1.0,True,synthetic_scenario_generator,26006
2023-12-29,IND_GAN,1.1,1.75,1.0,True,synthetic_scenario_generator,26006
2023-12-30,IND_GAN,0.66,1.31,1.0,True,synthetic_scenario_generator,26006
2023-12-31,IND_GAN,0.64,1.29,1.0,True,synthetic_scenario_generator,26006
2024-01-01,IND_GAN,0.4,1.05,1.0,True,synthetic_scenario_generator,26006
2024-01-02,IND_GAN,0.45,1.1,1.0,True,synthetic_scenario_generator,26006
2024-01-03,IND_GAN,0.68,1.33,1.0,True,synthetic_scenario_generator,26006
2024-01-04,IND_GAN,0.86,1.51,1.0,True,synthetic_scenario_generator,26006
2024-01-05,IND_GAN,1.2,1.85,1.0,True,synthetic_scenario_generator,26006
2024-01-06,IND_GAN,1.59,2.24,1.0,True,synthetic_scenario_generator,26006
2024-01-07,IND_GAN,1.85,2.5,1.0,True,synthetic_scenario_generator,26006
2024-01-08,IND_GAN,1.9,2.55,1.0,True,synthetic_scenario_generator,26006
2024-01-09,IND_GAN,1.93,2.58,1.0,True,synthetic_scenario_generator,26006
2024-01-10,IND_GAN,1.82,2.47,1.0,True,synthetic_scenario_generator,26006
2024-01-11,IND_GAN,1.66,2.31,1.0,True,synthetic_scenario_generator,26006
2024-01-12,IND_GAN,1.4,2.05,1.0,True,synthetic_scenario_generator,26006
2024-01-13,IND_GAN,0.92,1.57,1.0,True,synthetic_scenario_generator,26006
2024-01-14,IND_GAN,0.68,1.33,1.0,True,synthetic_scenario_generator,26006
2024-01-15,IND_GAN,0.57,1.22,1.0,True,synthetic_scenario_generator,26006
2024-01-16,IND_GAN,0.43,1.08,1.0,True,synthetic_scenario_generator,26006
2024-01-17,IND_GAN,0.57,1.22,1.0,True,synthetic_scenario_generator,26006
2024-01-18,IND_GAN,0.67,1.32,1.0,True,synthetic_scenario_generator,26006
2024-01-19,IND_GAN,0.82,1.47,1.0,True,synthetic_scenario_generator,26006
2024-01-20,IND_GAN,1.37,2.02,1.0,True,synthetic_scenario_generator,26006
2024-01-21,IND_GAN,1.66,2.31,1.0,True,synthetic_scenario_generator,26006
2024-01-22,IND_GAN,1.75,2.4,1.0,True,synthetic_scenario_generator,26006
2024-01-23,IND_GAN,1.98,2.63,1.0,True,synthetic_scenario_generator,26006
2024-01-24,IND_GAN,1.92,2.57,1.0,True,synthetic_scenario_generator,26006
2024-01-25,IND_GAN,1.76,2.41,1.0,True,synthetic_scenario_generator,26006
2024-01-26,IND_GAN,1.56,2.21,1.0,True,synthetic_scenario_generator,26006
2024-01-27,IND_GAN,1.52,2.17,1.0,True,synthetic_scenario_generator,26006
2024-01-28,IND_GAN,1.0,1.65,1.0,True,synthetic_scenario_generator,26006
2024-01-29,IND_GAN,0.7,1.35,1.0,True,synthetic_scenario_generator,26006
2024-01-30,IND_GAN,0.76,1.41,1.0,True,synthetic_scenario_generator,26006
2024-01-31,IND_GAN,0.57,1.22,1.0,True,synthetic_scenario_generator,26006
2024-02-01,IND_GAN,0.7,1.35,1.0,True,synthetic_scenario_generator,26006
2024-02-02,IND_GAN,0.72,1.37,1.0,True,synthetic_scenario_generator,26006
2024-02-03,IND_GAN,1.07,1.72,1.0,True,synthetic_scenario_generator,26006
2024-02-04,IND_GAN,1.43,2.08,1.0,True,synthetic_scenario_generator,26006
2024-02-05,IND_GAN,1.83,2.48,1.0,True,synthetic_scenario_generator,26006
2024-02-06,IND_GAN,1.89,2.54,1.0,True,synthetic_scenario_generator,26006
2024-02-07,IND_GAN,1.89,2.54,1.0,True,synthetic_scenario_generator,26006
2024-02-08,IND_GAN,1.86,2.51,1.0,True,synthetic_scenario_generator,26006
2024-02-09,IND_GAN,1.77,2.42,1.0,True,synthetic_scenario_generator,26006
2024-02-10,IND_GAN,1.69,2.34,1.0,True,synthetic_scenario_generator,26006
2024-02-11,IND_GAN,1.21,1.86,1.0,True,synthetic_scenario_generator,26006
2024-02-12,IND_GAN,0.88,1.53,1.0,True,synthetic_scenario_generator,26006
2024-02-13,IND_GAN,0.68,1.33,1.0,True,synthetic_scenario_generator,26006
2024-02-14,IND_GAN,0.45,1.1,1.0,True,synthetic_scenario_generator,26006
2024-02-15,IND_GAN,0.37,1.02,1.0,True,synthetic_scenario_generator,26006
2024-02-16,IND_GAN,0.68,1.33,1.0,True,synthetic_scenario_generator,26006
2024-02-17,IND_GAN,0.71,1.36,1.0,True,synthetic_scenario_generator,26006
2024-02-18,IND_GAN,1.14,1.79,1.0,True,synthetic_scenario_generator,26006
2024-02-19,IND_GAN,1.29,1.94,1.0,True,synthetic_scenario_generator,26006
2024-02-20,IND_GAN,1.83,2.48,1.0,True,synthetic_scenario_generator,26006
2024-02-21,IND_GAN,2.21,2.86,1.0,True,synthetic_scenario_generator,26006
2024-02-22,IND_GAN,2.11,2.76,1.0,True,synthetic_scenario_generator,26006
2024-02-23,IND_GAN,2.02,2.67,1.0,True,synthetic_scenario_generator,26006
2024-02-24,IND_GAN,1.64,2.29,1.0,True,synthetic_scenario_generator,26006
2024-02-25,IND_GAN,1.64,2.29,1.0,True,synthetic_scenario_generator,26006
2024-02-26,IND_GAN,1.06,1.71,1.0,True,synthetic_scenario_generator,26006
2024-02-27,IND_GAN,0.94,1.59,1.0,True,synthetic_scenario_generator,26006
2024-02-28,IND_GAN,0.58,1.23,1.0,True,synthetic_scenario_generator,26006
2024-02-29,IND_GAN,0.56,1.21,1.0,True,synthetic_scenario_generator,26006
2024-03-01,IND_GAN,0.51,1.16,1.0,True,synthetic_scenario_generator,26006
2024-03-02,IND_GAN,0.65,1.3,1.0,True,synthetic_scenario_generator,26006
2024-03-03,IND_GAN,0.86,1.51,1.0,True,synthetic_scenario_generator,26006
2024-03-04,IND_GAN,1.43,2.08,1.0,True,synthetic_scenario_generator,26006
2024-03-05,IND_GAN,1.59,2.24,1.0,True,synthetic_scenario_generator,26006
2024-03-06,IND_GAN,1.76,2.41,1.0,True,synthetic_scenario_generator,26006
2024-03-07,IND_GAN,2.07,2.72,1.0,True,synthetic_scenario_generator,26006
2024-03-08,IND_GAN,2.15,2.8,1.0,True,synthetic_scenario_generator,26006
2024-03-09,IND_GAN,1.67,2.32,1.0,True,synthetic_scenario_generator,26006
2024-03-10,IND_GAN,1.73,2.38,1.0,True,synthetic_scenario_generator,26006
2024-03-11,IND_GAN,1.19,1.84,1.0,True,synthetic_scenario_generator,26006
2024-03-12,IND_GAN,1.12,1.77,1.0,True,synthetic_scenario_generator,26006
2024-03-13,IND_GAN,0.73,1.38,1.0,True,synthetic_scenario_generator,26006
2024-03-14,IND_GAN,0.39,1.04,1.0,True,synthetic_scenario_generator,26006
2024-03-15,IND_GAN,0.55,1.2,1.0,True,synthetic_scenario_generator,26006
2024-03-16,IND_GAN,0.68,1.33,1.0,True,synthetic_scenario_generator,26006
2024-03-17,IND_GAN,0.89,1.54,1.0,True,synthetic_scenario_generator,26006
2024-03-18,IND_GAN,1.01,1.66,1.0,True,synthetic_scenario_generator,26006
2024-03-19,IND_GAN,1.26,1.91,1.0,True,synthetic_scenario_generator,26006
2024-03-20,IND_GAN,1.44,2.09,1.0,True,synthetic_scenario_generator,26006
2024-03-21,IND_GAN,1.87,2.52,1.0,True,synthetic_scenario_generator,26006
2024-03-22,IND_GAN,1.96,2.61,1.0,True,synthetic_scenario_generator,26006
2024-03-23,IND_GAN,1.94,2.59,1.0,True,synthetic_scenario_generator,26006
2024-03-24,IND_GAN,1.88,2.53,1.0,True,synthetic_scenario_generator,26006
2024-03-25,IND_GAN,1.75,2.4,1.0,True,synthetic_scenario_generator,26006
2024-03-26,IND_GAN,1.32,1.97,1.0,True,synthetic_scenario_generator,26006
2024-03-27,IND_GAN,1.15,1.8,1.0,True,synthetic_scenario_generator,26006
2024-03-28,IND_GAN,0.74,1.39,1.0,True,synthetic_scenario_generator,26006
2024-03-29,IND_GAN,0.64,1.29,1.0,True,synthetic_scenario_generator,26006
2024-03-30,IND_GAN,0.48,1.13,1.0,True,synthetic_scenario_generator,26006
2024-03-31,IND_GAN,0.44,1.09,1.0,True,synthetic_scenario_generator,26006
2024-04-01,IND_GAN,0.78,1.43,1.0,True,synthetic_scenario_generator,26006
2024-04-02,IND_GAN,1.29,1.94,1.0,True,synthetic_scenario_generator,26006
2024-04-03,IND_GAN,1.41,2.06,1.0,True,synthetic_scenario_generator,26006
2024-04-04,IND_GAN,1.55,2.2,1.0,True,synthetic_scenario_generator,26006
2024-04-05,IND_GAN,1.89,2.54,1.0,True,synthetic_scenario_generator,26006
2024-04-06,IND_GAN,2.06,2.71,1.0,True,synthetic_scenario_generator,26006
2024-04-07,IND_GAN,1.94,2.59,1.0,True,synthetic_scenario_generator,26006
2024-04-08,IND_GAN,1.9,2.55,1.0,True,synthetic_scenario_generator,26006
2024-04-09,IND_GAN,1.49,2.14,1.0,True,synthetic_scenario_generator,26006
2024-04-10,IND_GAN,1.2,1.85,1.0,True,synthetic_scenario_generator,26006
2024-04-11,IND_GAN,0.95,1.6,1.0,True,synthetic_scenario_generator,26006
2024-04-12,IND_GAN,0.75,1.4,1.0,True,synthetic_scenario_generator,26006
2024-04-13,IND_GAN,0.57,1.22,1.0,True,synthetic_scenario_generator,26006
2024-04-14,IND_GAN,0.47,1.12,1.0,True,synthetic_scenario_generator,26006
2024-04-15,IND_GAN,0.61,1.26,1.0,True,synthetic_scenario_generator,26006
2024-04-16,IND_GAN,0.93,1.58,1.0,True,synthetic_scenario_generator,26006
2024-04-17,IND_GAN,1.01,1.66,1.0,True,synthetic_scenario_generator,26006
2024-04-18,IND_GAN,1.46,2.11,1.0,True,synthetic_scenario_generator,26006
2024-04-19,IND_GAN,1.69,2.34,1.0,True,synthetic_scenario_generator,26006
2024-04-20,IND_GAN,1.86,2.51,1.0,True,synthetic_scenario_generator,26006
2024-04-21,IND_GAN,2.01,2.66,1.0,True,synthetic_scenario_generator,26006
2024-04-22,IND_GAN,2.05,2.7,1.0,True,synthetic_scenario_generator,26006
2024-04-23,IND_GAN,1.67,2.32,1.0,True,synthetic_scenario_generator,26006
2024-04-24,IND_GAN,1.61,2.26,1.0,True,synthetic_scenario_generator,26006
2024-04-25,IND_GAN,1.38,2.03,1.0,True,synthetic_scenario_generator,26006
2024-04-26,IND_GAN,0.91,1.56,1.0,True,synthetic_scenario_generator,26006
2024-04-27,IND_GAN,0.79,1.44,1.0,True,synthetic_scenario_generator,26006
2024-04-28,IND_GAN,0.66,1.31,1.0,True,synthetic_scenario_generator,26006
2024-04-29,IND_GAN,0.53,1.18,1.0,True,synthetic_scenario_generator,26006
2024-04-30,IND_GAN,0.57,1.22,1.0,True,synthetic_scenario_generator,26006
2024-05-01,IND_GAN,0.97,1.62,1.0,True,synthetic_scenario_generator,26006
2024-05-02,IND_GAN,1.15,1.8,1.0,True,synthetic_scenario_generator,26006
2024-05-03,IND_GAN,1.61,2.26,1.0,True,synthetic_scenario_generator,26006
2024-05-04,IND_GAN,1.83,2.48,1.0,True,synthetic_scenario_generator,26006
2024-05-05,IND_GAN,1.99,2.64,1.0,True,synthetic_scenario_generator,26006
2024-05-06,IND_GAN,1.9,2.55,1.0,True,synthetic_scenario_generator,26006
2024-05-07,IND_GAN,1.93,2.58,1.0,True,synthetic_scenario_generator,26006
2024-05-08,IND_GAN,1.65,2.3,1.0,True,synthetic_scenario_generator,26006
2024-05-09,IND_GAN,1.47,2.12,1.0,True,synthetic_scenario_generator,26006
2024-05-10,IND_GAN,0.89,1.54,1.0,True,synthetic_scenario_generator,26006
2024-05-11,IND_GAN,0.76,1.41,1.0,True,synthetic_scenario_generator,26006
2024-05-12,IND_GAN,0.65,1.3,1.0,True,synthetic_scenario_generator,26006
2024-05-13,IND_GAN,0.45,1.1,1.0,True,synthetic_scenario_generator,26006
2024-05-14,IND_GAN,0.56,1.21,1.0,True,synthetic_scenario_generator,26006
2024-05-15,IND_GAN,0.72,1.37,1.0,True,synthetic_scenario_generator,26006
2024-05-16,IND_GAN,0.73,1.38,1.0,True,synthetic_scenario_generator,26006
2024-05-17,IND_GAN,1.33,1.98,1.0,True,synthetic_scenario_generator,26006
2024-05-18,IND_GAN,1.59,2.24,1.0,True,synthetic_scenario_generator,26006
2024-05-19,IND_GAN,1.77,2.42,1.0,True,synthetic_scenario_generator,26006
2024-05-20,IND_GAN,2.04,2.69,1.0,True,synthetic_scenario_generator,26006
2024-05-21,IND_GAN,2.13,2.78,1.0,True,synthetic_scenario_generator,26006
2024-05-22,IND_GAN,1.83,2.48,1.0,True,synthetic_scenario_generator,26006
2024-05-23,IND_GAN,1.64,2.29,1.0,True,synthetic_scenario_generator,26006
2024-05-24,IND_GAN,1.31,1.96,1.0,True,synthetic_scenario_generator,26006
2024-05-25,IND_GAN,1.03,1.68,1.0,True,synthetic_scenario_generator,26006
2024-05-26,IND_GAN,0.84,1.49,1.0,True,synthetic_scenario_generator,26006
2024-05-27,IND_GAN,0.5,1.15,1.0,True,synthetic_scenario_generator,26006
2024-05-28,IND_GAN,0.43,1.08,1.0,True,synthetic_scenario_generator,26006
2024-05-29,IND_GAN,0.51,1.16,1.0,True,synthetic_scenario_generator,26006
2024-05-30,IND_GAN,0.67,1.32,1.0,True,synthetic_scenario_generator,26006
2024-05-31,IND_GAN,1.04,1.69,1.0,True,synthetic_scenario_generator,26006
2024-06-01,IND_GAN,1.33,1.98,1.0,True,synthetic_scenario_generator,26006
2024-06-02,IND_GAN,1.55,2.2,1.0,True,synthetic_scenario_generator,26006
2024-06-03,IND_GAN,1.74,2.39,1.0,True,synthetic_scenario_generator,26006
2024-06-04,IND_GAN,1.96,2.61,1.0,True,synthetic_scenario_generator,26006
2024-06-05,IND_GAN,1.7,2.35,1.0,True,synthetic_scenario_generator,26006
2024-06-06,IND_GAN,1.69,2.34,1.0,True,synthetic_scenario_generator,26006
2024-06-07,IND_GAN,1.59,2.24,1.0,True,synthetic_scenario_generator,26006
2024-06-08,IND_GAN,1.04,1.69,1.0,True,synthetic_scenario_generator,26006
2024-06-09,IND_GAN,0.92,1.57,1.0,True,synthetic_scenario_generator,26006
2024-06-10,IND_GAN,0.65,1.3,1.0,True,synthetic_scenario_generator,26006
2024-06-11,IND_GAN,0.56,1.21,1.0,True,synthetic_scenario_generator,26006
2024-06-12,IND_GAN,0.43,1.08,1.0,True,synthetic_scenario_generator,26006
2024-06-13,IND_GAN,0.69,1.34,1.0,True,synthetic_scenario_generator,26006
2024-06-14,IND_GAN,0.82,1.47,1.0,True,synthetic_scenario_generator,26006
2024-06-15,IND_GAN,1.23,1.88,1.0,True,synthetic_scenario_generator,26006
2024-06-16,IND_GAN,1.38,2.03,1.0,True,synthetic_scenario_generator,26006
2024-06-17,IND_GAN,1.67,2.32,1.0,True,synthetic_scenario_generator,26006
2024-06-18,IND_GAN,1.99,2.64,1.0,True,synthetic_scenario_generator,26006
2024-06-19,IND_GAN,2.0,2.65,1.0,True,synthetic_scenario_generator,26006
2024-06-20,IND_GAN,2.05,2.7,1.0,True,synthetic_scenario_generator,26006
2024-06-21,IND_GAN,1.83,2.48,1.0,True,synthetic_scenario_generator,26006
2024-06-22,IND_GAN,1.42,2.07,1.0,True,synthetic_scenario_generator,26006
2024-06-23,IND_GAN,1.02,1.67,1.0,True,synthetic_scenario_generator,26006
2024-06-24,IND_GAN,0.89,1.54,1.0,True,synthetic_scenario_generator,26006
2024-06-25,IND_GAN,0.75,1.4,1.0,True,synthetic_scenario_generator,26006
2024-06-26,IND_GAN,0.51,1.16,1.0,True,synthetic_scenario_generator,26006
2024-06-27,IND_GAN,0.54,1.19,1.0,True,synthetic_scenario_generator,26006
2024-06-28,IND_GAN,0.62,1.27,1.0,True,synthetic_scenario_generator,26006
2024-06-29,IND_GAN,0.99,1.64,1.0,True,synthetic_scenario_generator,26006
2024-06-30,IND_GAN,1.34,1.99,1.0,True,synthetic_scenario_generator,26006
2024-07-01,IND_GAN,1.62,2.27,1.0,True,synthetic_scenario_generator,26006
2024-07-02,IND_GAN,1.87,2.52,1.0,True,synthetic_scenario_generator,26006
2024-07-03,IND_GAN,1.98,2.63,1.0,True,synthetic_scenario_generator,26006
2024-07-04,IND_GAN,1.9,2.55,1.0,True,synthetic_scenario_generator,26006
2024-07-05,IND_GAN,1.97,2.62,1.0,True,synthetic_scenario_generator,26006
2024-07-06,IND_GAN,1.63,2.28,1.0,True,synthetic_scenario_generator,26006
2024-07-07,IND_GAN,1.46,2.11,1.0,True,synthetic_scenario_generator,26006
2024-07-08,IND_GAN,1.17,1.82,1.0,True,synthetic_scenario_generator,26006
2024-07-09,IND_GAN,0.73,1.38,1.0,True,synthetic_scenario_generator,26006
2024-07-10,IND_GAN,0.71,1.36,1.0,True,synthetic_scenario_generator,26006
2024-07-11,IND_GAN,0.46,1.11,1.0,True,synthetic_scenario_generator,26006
2024-07-12,IND_GAN,0.64,1.29,1.0,True,synthetic_scenario_generator,26006
2024-07-13,IND_GAN,0.66,1.31,1.0,True,synthetic_scenario_generator,26006
2024-07-14,IND_GAN,0.95,1.6,1.0,True,synthetic_scenario_generator,26006
2024-07-15,IND_GAN,1.24,1.89,1.0,True,synthetic_scenario_generator,26006
2024-07-16,IND_GAN,1.8,2.45,1.0,True,synthetic_scenario_generator,26006
2024-07-17,IND_GAN,1.69,2.34,1.0,True,synthetic_scenario_generator,26006
2024-07-18,IND_GAN,2.05,2.7,1.0,True,synthetic_scenario_generator,26006
2024-07-19,IND_GAN,2.07,2.72,1.0,True,synthetic_scenario_generator,26006
2024-07-20,IND_GAN,1.79,2.44,1.0,True,synthetic_scenario_generator,26006
2024-07-21,IND_GAN,1.61,2.26,1.0,True,synthetic_scenario_generator,26006
2024-07-22,IND_GAN,1.13,1.78,1.0,True,synthetic_scenario_generator,26006
2024-07-23,IND_GAN,1.02,1.67,1.0,True,synthetic_scenario_generator,26006
2024-07-24,IND_GAN,0.8,1.45,1.0,True,synthetic_scenario_generator,26006
2024-07-25,IND_GAN,0.64,1.29,1.0,True,synthetic_scenario_generator,26006
2024-07-26,IND_GAN,0.52,1.17,1.0,True,synthetic_scenario_generator,26006
2024-07-27,IND_GAN,0.63,1.28,1.0,True,synthetic_scenario_generator,26006
2024-07-28,IND_GAN,0.64,1.29,1.0,True,synthetic_scenario_generator,26006
2024-07-29,IND_GAN,1.01,1.66,1.0,True,synthetic_scenario_generator,26006
2024-07-30,IND_GAN,1.27,1.92,1.0,True,synthetic_scenario_generator,26006
2024-07-31,IND_GAN,1.57,2.22,1.0,True,synthetic_scenario_generator,26006
2024-08-01,IND_GAN,1.76,2.41,1.0,True,synthetic_scenario_generator,26006
2024-08-02,IND_GAN,1.83,2.48,1.0,True,synthetic_scenario_generator,26006
2024-08-03,IND_GAN,2.0,2.65,1.0,True,synthetic_scenario_generator,26006
2024-08-04,IND_GAN,2.04,2.69,1.0,True,synthetic_scenario_generator,26006
2024-08-05,IND_GAN,1.67,2.32,1.0,True,synthetic_scenario_generator,26006
2024-08-06,IND_GAN,1.33,1.98,1.0,True,synthetic_scenario_generator,26006
2024-08-07,IND_GAN,0.84,1.49,1.0,True,synthetic_scenario_generator,26006
2024-08-08,IND_GAN,0.8,1.45,1.0,True,synthetic_scenario_generator,26006
2024-08-09,IND_GAN,0.57,1.22,1.0,True,synthetic_scenario_generator,26006
2024-08-10,IND_GAN,0.55,1.2,1.0,True,synthetic_scenario_generator,26006
2024-08-11,IND_GAN,0.52,1.17,1.0,True,synthetic_scenario_generator,26006
2024-08-12,IND_GAN,0.98,1.63,1.0,True,synthetic_scenario_generator,26006
2024-08-13,IND_GAN,1.05,1.7,1.0,True,synthetic_scenario_generator,26006
2024-08-14,IND_GAN,1.46,2.11,1.0,True,synthetic_scenario_generator,26006
2024-08-15,IND_GAN,1.67,2.32,1.0,True,synthetic_scenario_generator,26006
2024-08-16,IND_GAN,1.78,2.43,1.0,True,synthetic_scenario_generator,26006
2024-08-17,IND_GAN,1.92,2.57,1.0,True,synthetic_scenario_generator,26006
2024-08-18,IND_GAN,1.92,2.57,1.0,True,synthetic_scenario_generator,26006
2024-08-19,IND_GAN,1.88,2.53,1.0,True,synthetic_scenario_generator,26006
2024-08-20,IND_GAN,1.44,2.09,1.0,True,synthetic_scenario_generator,26006
2024-08-21,IND_GAN,1.1,1.75,1.0,True,synthetic_scenario_generator,26006
2024-08-22,IND_GAN,1.09,1.74,1.0,True,synthetic_scenario_generator,26006
2024-08-23,IND_GAN,0.73,1.38,1.0,True,synthetic_scenario_generator,26006
2024-08-24,IND_GAN,0.44,1.09,1.0,True,synthetic_scenario_generator,26006
2024-08-25,IND_GAN,0.7,1.35,1.0,True,synthetic_scenario_generator,26006
2024-08-26,IND_GAN,0.62,1.27,1.0,True,synthetic_scenario_generator,26006
2024-08-27,IND_GAN,0.92,1.57,1.0,True,synthetic_scenario_generator,26006
2024-08-28,IND_GAN,1.33,1.98,1.0,True,synthetic_scenario_generator,26006
2024-08-29,IND_GAN,1.52,2.17,1.0,True,synthetic_scenario_generator,26006
2024-08-30,IND_GAN,1.71,2.36,1.0,True,synthetic_scenario_generator,26006
2024-08-31,IND_GAN,1.79,2.44,1.0,True,synthetic_scenario_generator,26006
2024-09-01,IND_GAN,2.0,2.65,1.0,True,synthetic_scenario_generator,26006
2024-09-02,IND_GAN,1.93,2.58,1.0,True,synthetic_scenario_generator,26006
2024-09-03,IND_GAN,1.71,2.36,1.0,True,synthetic_scenario_generator,26006
2024-09-04,IND_GAN,1.52,2.17,1.0,True,synthetic_scenario_generator,26006
2024-09-05,IND_GAN,1.34,1.99,1.0,True,synthetic_scenario_generator,26006
2024-09-06,IND_GAN,0.93,1.58,1.0,True,synthetic_scenario_generator,26006
2024-09-07,IND_GAN,0.69,1.34,1.0,True,synthetic_scenario_generator,26006
2024-09-08,IND_GAN,0.6,1.25,1.0,True,synthetic_scenario_generator,26006
2024-09-09,IND_GAN,0.76,1.41,1.0,True,synthetic_scenario_generator,26006
2024-09-10,IND_GAN,0.66,1.31,1.0,True,synthetic_scenario_generator,26006
2024-09-11,IND_GAN,0.94,1.59,1.0,True,synthetic_scenario_generator,26006
2024-09-12,IND_GAN,1.19,1.84,1.0,True,synthetic_scenario_generator,26006
2024-09-13,IND_GAN,1.58,2.23,1.0,True,synthetic_scenario_generator,26006
2024-09-14,IND_GAN,1.68,2.33,1.0,True,synthetic_scenario_generator,26006
2024-09-15,IND_GAN,1.94,2.59,1.0,True,synthetic_scenario_generator,26006
2024-09-16,IND_GAN,1.79,2.44,1.0,True,synthetic_scenario_generator,26006
2024-09-17,IND_GAN,1.91,2.56,1.0,True,synthetic_scenario_generator,26006
2024-09-18,IND_GAN,1.62,2.27,1.0,True,synthetic_scenario_generator,26006
2024-09-19,IND_GAN,1.4,2.05,1.0,True,synthetic_scenario_generator,26006
2024-09-20,IND_GAN,1.12,1.77,1.0,True,synthetic_scenario_generator,26006
2024-09-21,IND_GAN,0.75,1.4,1.0,True,synthetic_scenario_generator,26006
2024-09-22,IND_GAN,0.44,1.09,1.0,True,synthetic_scenario_generator,26006
2024-09-23,IND_GAN,0.48,1.13,1.0,True,synthetic_scenario_generator,26006
2024-09-24,IND_GAN,0.66,1.31,1.0,True,synthetic_scenario_generator,26006
2024-09-25,IND_GAN,0.64,1.29,1.0,True,synthetic_scenario_generator,26006
2024-09-26,IND_GAN,0.83,1.48,1.0,True,synthetic_scenario_generator,26006
2024-09-27,IND_GAN,1.28,1.93,1.0,True,synthetic_scenario_generator,26006
2024-09-28,IND_GAN,1.78,2.43,1.0,True,synthetic_scenario_generator,26006
2024-09-29,IND_GAN,1.66,2.31,1.0,True,synthetic_scenario_generator,26006
2024-09-30,IND_GAN,2.05,2.7,1.0,True,synthetic_scenario_generator,26006
2024-10-01,IND_GAN,2.03,2.68,1.0,True,synthetic_scenario_generator,26006
2024-10-02,IND_GAN,1.88,2.53,1.0,True,synthetic_scenario_generator,26006
2024-10-03,IND_GAN,1.61,2.26,1.0,True,synthetic_scenario_generator,26006
2024-10-04,IND_GAN,1.43,2.08,1.0,True,synthetic_scenario_generator,26006
2024-10-05,IND_GAN,1.14,1.79,1.0,True,synthetic_scenario_generator,26006
2024-10-06,IND_GAN,0.82,1.47,1.0,True,synthetic_scenario_generator,26006
2024-10-07,IND_GAN,0.59,1.24,1.0,True,synthetic_scenario_generator,26006
2024-10-08,IND_GAN,0.3,0.95,1.0,True,synthetic_scenario_generator,26006
2024-10-09,IND_GAN,0.6,1.25,1.0,True,synthetic_scenario_generator,26006
2024-10-10,IND_GAN,0.87,1.52,1.0,True,synthetic_scenario_generator,26006
2024-10-11,IND_GAN,1.07,1.72,1.0,True,synthetic_scenario_generator,26006
2024-10-12,IND_GAN,1.25,1.9,1.0,True,synthetic_scenario_generator,26006
2024-10-13,IND_GAN,1.59,2.24,1.0,True,synthetic_scenario_generator,26006
2024-10-14,IND_GAN,1.81,2.46,1.0,True,synthetic_scenario_generator,26006
2024-10-15,IND_GAN,1.99,2.64,1.0,True,synthetic_scenario_generator,26006
2024-10-16,IND_GAN,2.0,2.65,1.0,True,synthetic_scenario_generator,26006
2024-10-17,IND_GAN,1.89,2.54,1.0,True,synthetic_scenario_generator,26006
2024-10-18,IND_GAN,1.52,2.17,1.0,True,synthetic_scenario_generator,26006
2024-10-19,IND_GAN,1.31,1.96,1.0,True,synthetic_scenario_generator,26006
2024-10-20,IND_GAN,0.96,1.61,1.0,True,synthetic_scenario_generator,26006
2024-10-21,IND_GAN,0.72,1.37,1.0,True,synthetic_scenario_generator,26006
2024-10-22,IND_GAN,0.42,1.07,1.0,True,synthetic_scenario_generator,26006
2024-10-23,IND_GAN,0.5,1.15,1.0,True,synthetic_scenario_generator,26006
2024-10-24,IND_GAN,0.81,1.46,1.0,True,synthetic_scenario_generator,26006
2024-10-25,IND_GAN,0.79,1.44,1.0,True,synthetic_scenario_generator,26006
2024-10-26,IND_GAN,1.13,1.78,1.0,True,synthetic_scenario_generator,26006
2024-10-27,IND_GAN,1.46,2.11,1.0,True,synthetic_scenario_generator,26006
2024-10-28,IND_GAN,1.78,2.43,1.0,True,synthetic_scenario_generator,26006
2024-10-29,IND_GAN,1.86,2.51,1.0,True,synthetic_scenario_generator,26006
2024-10-30,IND_GAN,1.97,2.62,1.0,True,synthetic_scenario_generator,26006
2024-10-31,IND_GAN,1.97,2.62,1.0,True,synthetic_scenario_generator,26006
2024-11-01,IND_GAN,1.79,2.44,1.0,True,synthetic_scenario_generator,26006
2024-11-02,IND_GAN,1.48,2.13,1.0,True,synthetic_scenario_generator,26006
2024-11-03,IND_GAN,1.23,1.88,1.0,True,synthetic_scenario_generator,26006
2024-11-04,IND_GAN,0.91,1.56,1.0,True,synthetic_scenario_generator,26006
2024-11-05,IND_GAN,0.64,1.29,1.0,True,synthetic_scenario_generator,26006
2024-11-06,IND_GAN,0.4,1.05,1.0,True,synthetic_scenario_generator,26006
2024-11-07,IND_GAN,0.57,1.22,1.0,True,synthetic_scenario_generator,26006
2024-11-08,IND_GAN,0.63,1.28,1.0,True,synthetic_scenario_generator,26006
2024-11-09,IND_GAN,0.9,1.55,1.0,True,synthetic_scenario_generator,26006
2024-11-10,IND_GAN,1.13,1.78,1.0,True,synthetic_scenario_generator,26006
2024-11-11,IND_GAN,1.55,2.2,1.0,True,synthetic_scenario_generator,26006
2024-11-12,IND_GAN,1.71,2.36,1.0,True,synthetic_scenario_generator,26006
2024-11-13,IND_GAN,2.04,2.69,1.0,True,synthetic_scenario_generator,26006
2024-11-14,IND_GAN,1.9,2.55,1.0,True,synthetic_scenario_generator,26006
2024-11-15,IND_GAN,1.89,2.54,1.0,True,synthetic_scenario_generator,26006
2024-11-16,IND_GAN,1.65,2.3,1.0,True,synthetic_scenario_generator,26006
2024-11-17,IND_GAN,1.45,2.1,1.0,True,synthetic_scenario_generator,26006
2024-11-18,IND_GAN,1.14,1.79,1.0,True,synthetic_scenario_generator,26006
2024-11-19,IND_GAN,1.02,1.67,1.0,True,synthetic_scenario_generator,26006
2024-11-20,IND_GAN,0.65,1.3,1.0,True,synthetic_scenario_generator,26006
2024-11-21,IND_GAN,0.59,1.24,1.0,True,synthetic_scenario_generator,26006
2024-11-22,IND_GAN,0.52,1.17,1.0,True,synthetic_scenario_generator,26006
2024-11-23,IND_GAN,0.66,1.31,1.0,True,synthetic_scenario_generator,26006
2024-11-24,IND_GAN,0.88,1.53,1.0,True,synthetic_scenario_generator,26006
2024-11-25,IND_GAN,1.19,1.84,1.0,True,synthetic_scenario_generator,26006
2024-11-26,IND_GAN,1.49,2.14,1.0,True,synthetic_scenario_generator,26006
2024-11-27,IND_GAN,1.81,2.46,1.0,True,synthetic_scenario_generator,26006
2024-11-28,IND_GAN,2.03,2.68,1.0,True,synthetic_scenario_generator,26006
2024-11-29,IND_GAN,2.04,2.69,1.0,True,synthetic_scenario_generator,26006
2024-11-30,IND_GAN,1.94,2.59,1.0,True,synthetic_scenario_generator,26006
2024-12-01,IND_GAN,1.58,2.23,1.0,True,synthetic_scenario_generator,26006
2024-12-02,IND_GAN,1.39,2.04,1.0,True,synthetic_scenario_generator,26006
2024-12-03,IND_GAN,0.92,1.57,1.0,True,synthetic_scenario_generator,26006
2024-12-04,IND_GAN,0.72,1.37,1.0,True,synthetic_scenario_generator,26006
2024-12-05,IND_GAN,0.54,1.19,1.0,True,synthetic_scenario_generator,26006
2024-12-06,IND_GAN,0.48,1.13,1.0,True,synthetic_scenario_generator,26006
2024-12-07,IND_GAN,0.61,1.26,1.0,True,synthetic_scenario_generator,26006
2024-12-08,IND_GAN,0.85,1.5,1.0,True,synthetic_scenario_generator,26006
2024-12-09,IND_GAN,1.02,1.67,1.0,True,synthetic_scenario_generator,26006
2024-12-10,IND_GAN,1.22,1.87,1.0,True,synthetic_scenario_generator,26006
2024-12-11,IND_GAN,1.61,2.26,1.0,True,synthetic_scenario_generator,26006
2024-12-12,IND_GAN,1.84,2.49,1.0,True,synthetic_scenario_generator,26006
2024-12-13,IND_GAN,2.06,2.71,1.0,True,synthetic_scenario_generator,26006
2024-12-14,IND_GAN,2.02,2.67,1.0,True,synthetic_scenario_generator,26006
2024-12-15,IND_GAN,1.76,2.41,1.0,True,synthetic_scenario_generator,26006
2024-12-16,IND_GAN,1.51,2.16,1.0,True,synthetic_scenario_generator,26006
2024-12-17,IND_GAN,1.4,2.05,1.0,True,synthetic_scenario_generator,26006
2024-12-18,IND_GAN,0.97,1.62,1.0,True,synthetic_scenario_generator,26006
2024-12-19,IND_GAN,0.62,1.27,1.0,True,synthetic_scenario_generator,26006
2024-12-20,IND_GAN,0.62,1.27,1.0,True,synthetic_scenario_generator,26006
2024-12-21,IND_GAN,0.53,1.18,1.0,True,synthetic_scenario_generator,26006
2024-12-22,IND_GAN,0.75,1.4,1.0,True,synthetic_scenario_generator,26006
2024-12-23,IND_GAN,0.96,1.61,1.0,True,synthetic_scenario_generator,26006
2024-12-24,IND_GAN,1.14,1.79,1.0,True,synthetic_scenario_generator,26006
2024-12-25,IND_GAN,1.28,1.93,1.0,True,synthetic_scenario_generator,26006
2024-12-26,IND_GAN,1.82,2.47,1.0,True,synthetic_scenario_generator,26006
2024-12-27,IND_GAN,1.97,2.62,1.0,True,synthetic_scenario_generator,26006
2024-12-28,IND_GAN,2.02,2.67,1.0,True,synthetic_scenario_generator,26006
2024-12-29,IND_GAN,2.03,2.68,1.0,True,synthetic_scenario_generator,26006
2024-12-30,IND_GAN,1.75,2.4,1.0,True,synthetic_scenario_generator,26006
2024-12-31,IND_GAN,1.55,2.2,1.0,True,synthetic_scenario_generator,26006
2025-01-01,IND_GAN,1.17,1.82,1.0,True,synthetic_scenario_generator,26006
2025-01-02,IND_GAN,0.98,1.63,1.0,True,synthetic_scenario_generator,26006
2025-01-03,IND_GAN,0.65,1.3,1.0,True,synthetic_scenario_generator,26006
2025-01-04,IND_GAN,0.45,1.1,1.0,True,synthetic_scenario_generator,26006
2025-01-05,IND_GAN,0.6,1.25,1.0,True,synthetic_scenario_generator,26006
2025-01-06,IND_GAN,0.59,1.24,1.0,True,synthetic_scenario_generator,26006
2025-01-07,IND_GAN,0.97,1.62,1.0,True,synthetic_scenario_generator,26006
2025-01-08,IND_GAN,1.15,1.8,1.0,True,synthetic_scenario_generator,26006
2025-01-09,IND_GAN,1.49,2.14,1.0,True,synthetic_scenario_generator,26006
2025-01-10,IND_GAN,1.71,2.36,1.0,True,synthetic_scenario_generator,26006
2025-01-11,IND_GAN,1.94,2.59,1.0,True,synthetic_scenario_generator,26006
2025-01-12,IND_GAN,2.11,2.76,1.0,True,synthetic_scenario_generator,26006
2025-01-13,IND_GAN,1.93,2.58,1.0,True,synthetic_scenario_generator,26006
2025-01-14,IND_GAN,1.64,2.29,1.0,True,synthetic_scenario_generator,26006
2025-01-15,IND_GAN,1.5,2.15,1.0,True,synthetic_scenario_generator,26006
2025-01-16,IND_GAN,0.9,1.55,1.0,True,synthetic_scenario_generator,26006
2025-01-17,IND_GAN,0.75,1.4,1.0,True,synthetic_scenario_generator,26006
2025-01-18,IND_GAN,0.58,1.23,1.0,True,synthetic_scenario_generator,26006
2025-01-19,IND_GAN,0.51,1.16,1.0,True,synthetic_scenario_generator,26006
2025-01-20,IND_GAN,0.47,1.12,1.0,True,synthetic_scenario_generator,26006
2025-01-21,IND_GAN,0.64,1.29,1.0,True,synthetic_scenario_generator,26006
2025-01-22,IND_GAN,0.76,1.41,1.0,True,synthetic_scenario_generator,26006
2025-01-23,IND_GAN,1.25,1.9,1.0,True,synthetic_scenario_generator,26006
2025-01-24,IND_GAN,1.66,2.31,1.0,True,synthetic_scenario_generator,26006
2025-01-25,IND_GAN,1.83,2.48,1.0,True,synthetic_scenario_generator,26006
2025-01-26,IND_GAN,2.03,2.68,1.0,True,synthetic_scenario_generator,26006
2025-01-27,IND_GAN,1.87,2.52,1.0,True,synthetic_scenario_generator,26006
2025-01-28,IND_GAN,1.96,2.61,1.0,True,synthetic_scenario_generator,26006
2025-01-29,IND_GAN,1.7,2.35,1.0,True,synthetic_scenario_generator,26006
2025-01-30,IND_GAN,1.23,1.88,1.0,True,synthetic_scenario_generator,26006
2025-01-31,IND_GAN,1.14,1.79,1.0,True,synthetic_scenario_generator,26006
2025-02-01,IND_GAN,0.83,1.48,1.0,True,synthetic_scenario_generator,26006
2025-02-02,IND_GAN,0.51,1.16,1.0,True,synthetic_scenario_generator,26006
2025-02-03,IND_GAN,0.38,1.03,1.0,True,synthetic_scenario_generator,26006
2025-02-04,IND_GAN,0.47,1.12,1.0,True,synthetic_scenario_generator,26006
2025-02-05,IND_GAN,0.7,1.35,1.0,True,synthetic_scenario_generator,26006
2025-02-06,IND_GAN,0.81,1.46,1.0,True,synthetic_scenario_generator,26006
2025-02-07,IND_GAN,1.43,2.08,1.0,True,synthetic_scenario_generator,26006
2025-02-08,IND_GAN,1.55,2.2,1.0,True,synthetic_scenario_generator,26006
2025-02-09,IND_GAN,1.83,2.48,1.0,True,synthetic_scenario_generator,26006
2025-02-10,IND_GAN,2.03,2.68,1.0,True,synthetic_scenario_generator,26006
2025-02-11,IND_GAN,1.89,2.54,1.0,True,synthetic_scenario_generator,26006
2025-02-12,IND_GAN,1.76,2.41,1.0,True,synthetic_scenario_generator,26006
2025-02-13,IND_GAN,1.6,2.25,1.0,True,synthetic_scenario_generator,26006
2025-02-14,IND_GAN,1.41,2.06,1.0,True,synthetic_scenario_generator,26006
2025-02-15,IND_GAN,0.94,1.59,1.0,True,synthetic_scenario_generator,26006
2025-02-16,IND_GAN,0.86,1.51,1.0,True,synthetic_scenario_generator,26006
2025-02-17,IND_GAN,0.63,1.28,1.0,True,synthetic_scenario_generator,26006
2025-02-18,IND_GAN,0.54,1.19,1.0,True,synthetic_scenario_generator,26006
2025-02-19,IND_GAN,0.61,1.26,1.0,True,synthetic_scenario_generator,26006
2025-02-20,IND_GAN,0.89,1.54,1.0,True,synthetic_scenario_generator,26006
2025-02-21,IND_GAN,0.98,1.63,1.0,True,synthetic_scenario_generator,26006
2025-02-22,IND_GAN,1.54,2.19,1.0,True,synthetic_scenario_generator,26006
2025-02-23,IND_GAN,1.73,2.38,1.0,True,synthetic_scenario_generator,26006
2025-02-24,IND_GAN,1.89,2.54,1.0,True,synthetic_scenario_generator,26006
2025-02-25,IND_GAN,2.01,2.66,1.0,True,synthetic_scenario_generator,26006
2025-02-26,IND_GAN,1.87,2.52,1.0,True,synthetic_scenario_generator,26006
2025-02-27,IND_GAN,1.76,2.41,1.0,True,synthetic_scenario_generator,26006
2025-02-28,IND_GAN,1.61,2.26,1.0,True,synthetic_scenario_generator,26006
2025-03-01,IND_GAN,1.39,2.04,1.0,True,synthetic_scenario_generator,26006
2025-03-02,IND_GAN,0.82,1.47,1.0,True,synthetic_scenario_generator,26006
2025-03-03,IND_GAN,0.6,1.25,1.0,True,synthetic_scenario_generator,26006
2025-03-04,IND_GAN,0.56,1.21,1.0,True,synthetic_scenario_generator,26006
2025-03-05,IND_GAN,0.54,1.19,1.0,True,synthetic_scenario_generator,26006
2025-03-06,IND_GAN,0.53,1.18,1.0,True,synthetic_scenario_generator,26006
2025-03-07,IND_GAN,0.74,1.39,1.0,True,synthetic_scenario_generator,26006
2025-03-08,IND_GAN,1.05,1.7,1.0,True,synthetic_scenario_generator,26006
2025-03-09,IND_GAN,1.43,2.08,1.0,True,synthetic_scenario_generator,26006
2025-03-10,IND_GAN,1.71,2.36,1.0,True,synthetic_scenario_generator,26006
2025-03-11,IND_GAN,1.85,2.5,1.0,True,synthetic_scenario_generator,26006
2025-03-12,IND_GAN,1.99,2.64,1.0,True,synthetic_scenario_generator,26006
2025-03-13,IND_GAN,2.15,2.8,1.0,True,synthetic_scenario_generator,26006
2025-03-14,IND_GAN,1.83,2.48,1.0,True,synthetic_scenario_generator,26006
2025-03-15,IND_GAN,1.42,2.07,1.0,True,synthetic_scenario_generator,26006
2025-03-16,IND_GAN,1.05,1.7,1.0,True,synthetic_scenario_generator,26006
2025-03-17,IND_GAN,0.95,1.6,1.0,True,synthetic_scenario_generator,26006
2025-03-18,IND_GAN,0.5,1.15,1.0,True,synthetic_scenario_generator,26006
2025-03-19,IND_GAN,0.59,1.24,1.0,True,synthetic_scenario_generator,26006
2025-03-20,IND_GAN,0.47,1.12,1.0,True,synthetic_scenario_generator,26006
2025-03-21,IND_GAN,0.77,1.42,1.0,True,synthetic_scenario_generator,26006
2025-03-22,IND_GAN,0.94,1.59,1.0,True,synthetic_scenario_generator,26006
2025-03-23,IND_GAN,1.32,1.97,1.0,True,synthetic_scenario_generator,26006
2025-03-24,IND_GAN,1.4,2.05,1.0,True,synthetic_scenario_generator,26006
2025-03-25,IND_GAN,1.95,2.6,1.0,True,synthetic_scenario_generator,26006
2025-03-26,IND_GAN,2.14,2.79,1.0,True,synthetic_scenario_generator,26006
2025-03-27,IND_GAN,2.05,2.7,1.0,True,synthetic_scenario_generator,26006
2025-03-28,IND_GAN,1.97,2.62,1.0,True,synthetic_scenario_generator,26006
2025-03-29,IND_GAN,1.77,2.42,1.0,True,synthetic_scenario_generator,26006
2025-03-30,IND_GAN,1.45,2.1,1.0,True,synthetic_scenario_generator,26006
2025-03-31,IND_GAN,1.14,1.79,1.0,True,synthetic_scenario_generator,26006
2025-04-01,IND_GAN,0.82,1.47,1.0,True,synthetic_scenario_generator,26006
2025-04-02,IND_GAN,0.49,1.14,1.0,True,synthetic_scenario_generator,26006
2025-04-03,IND_GAN,0.41,1.06,1.0,True,synthetic_scenario_generator,26006
2025-04-04,IND_GAN,0.49,1.14,1.0,True,synthetic_scenario_generator,26006
2025-04-05,IND_GAN,0.85,1.5,1.0,True,synthetic_scenario_generator,26006
2025-04-06,IND_GAN,0.87,1.52,1.0,True,synthetic_scenario_generator,26006
2025-04-07,IND_GAN,1.26,1.91,1.0,True,synthetic_scenario_generator,26006
2025-04-08,IND_GAN,1.65,2.3,1.0,True,synthetic_scenario_generator,26006
2025-04-09,IND_GAN,1.81,2.46,1.0,True,synthetic_scenario_generator,26006
2025-04-10,IND_GAN,2.0,2.65,1.0,True,synthetic_scenario_generator,26006
2025-04-11,IND_GAN,1.93,2.58,1.0,True,synthetic_scenario_generator,26006
2025-04-12,IND_GAN,1.83,2.48,1.0,True,synthetic_scenario_generator,26006
2025-04-13,IND_GAN,1.59,2.24,1.0,True,synthetic_scenario_generator,26006
2025-04-14,IND_GAN,1.28,1.93,1.0,True,synthetic_scenario_generator,26006
2025-04-15,IND_GAN,1.12,1.77,1.0,True,synthetic_scenario_generator,26006
2025-04-16,IND_GAN,0.66,1.31,1.0,True,synthetic_scenario_generator,26006
2025-04-17,IND_GAN,0.6,1.25,1.0,True,synthetic_scenario_generator,26006
2025-04-18,IND_GAN,0.49,1.14,1.0,True,synthetic_scenario_generator,26006
2025-04-19,IND_GAN,0.67,1.32,1.0,True,synthetic_scenario_generator,26006
2025-04-20,IND_GAN,0.82,1.47,1.0,True,synthetic_scenario_generator,26006
2025-04-21,IND_GAN,0.93,1.58,1.0,True,synthetic_scenario_generator,26006
2025-04-22,IND_GAN,1.47,2.12,1.0,True,synthetic_scenario_generator,26006
2025-04-23,IND_GAN,1.73,2.38,1.0,True,synthetic_scenario_generator,26006
2025-04-24,IND_GAN,1.77,2.42,1.0,True,synthetic_scenario_generator,26006
2025-04-25,IND_GAN,2.0,2.65,1.0,True,synthetic_scenario_generator,26006
2025-04-26,IND_GAN,2.12,2.77,1.0,True,synthetic_scenario_generator,26006
2025-04-27,IND_GAN,1.82,2.47,1.0,True,synthetic_scenario_generator,26006
2025-04-28,IND_GAN,1.62,2.27,1.0,True,synthetic_scenario_generator,26006
2025-04-29,IND_GAN,1.27,1.92,1.0,True,synthetic_scenario_generator,26006
2025-04-30,IND_GAN,1.02,1.67,1.0,True,synthetic_scenario_generator,26006
2025-05-01,IND_GAN,0.69,1.34,1.0,True,synthetic_scenario_generator,26006
2025-05-02,IND_GAN,0.49,1.14,1.0,True,synthetic_scenario_generator,26006
2025-05-03,IND_GAN,0.54,1.19,1.0,True,synthetic_scenario_generator,26006
2025-05-04,IND_GAN,0.55,1.2,1.0,True,synthetic_scenario_generator,26006
2025-05-05,IND_GAN,0.81,1.46,1.0,True,synthetic_scenario_generator,26006
2025-05-06,IND_GAN,1.13,1.78,1.0,True,synthetic_scenario_generator,26006
2025-05-07,IND_GAN,1.39,2.04,1.0,True,synthetic_scenario_generator,26006
2025-05-08,IND_GAN,1.69,2.34,1.0,True,synthetic_scenario_generator,26006
2025-05-09,IND_GAN,1.86,2.51,1.0,True,synthetic_scenario_generator,26006
2025-05-10,IND_GAN,2.15,2.8,1.0,True,synthetic_scenario_generator,26006
2025-05-11,IND_GAN,1.98,2.63,1.0,True,synthetic_scenario_generator,26006
2025-05-12,IND_GAN,1.6,2.25,1.0,True,synthetic_scenario_generator,26006
2025-05-13,IND_GAN,1.46,2.11,1.0,True,synthetic_scenario_generator,26006
2025-05-14,IND_GAN,1.04,1.69,1.0,True,synthetic_scenario_generator,26006
2025-05-15,IND_GAN,0.95,1.6,1.0,True,synthetic_scenario_generator,26006
2025-05-16,IND_GAN,0.62,1.27,1.0,True,synthetic_scenario_generator,26006
2025-05-17,IND_GAN,0.49,1.14,1.0,True,synthetic_scenario_generator,26006
2025-05-18,IND_GAN,0.57,1.22,1.0,True,synthetic_scenario_generator,26006
2025-05-19,IND_GAN,0.68,1.33,1.0,True,synthetic_scenario_generator,26006
2025-05-20,IND_GAN,0.88,1.53,1.0,True,synthetic_scenario_generator,26006
2025-05-21,IND_GAN,1.27,1.92,1.0,True,synthetic_scenario_generator,26006
2025-05-22,IND_GAN,1.47,2.12,1.0,True,synthetic_scenario_generator,26006
2025-05-23,IND_GAN,1.88,2.53,1.0,True,synthetic_scenario_generator,26006
2025-05-24,IND_GAN,2.04,2.69,1.0,True,synthetic_scenario_generator,26006
2025-05-25,IND_GAN,2.1,2.75,1.0,True,synthetic_scenario_generator,26006
2025-05-26,IND_GAN,1.81,2.46,1.0,True,synthetic_scenario_generator,26006
2025-05-27,IND_GAN,1.63,2.28,1.0,True,synthetic_scenario_generator,26006
2025-05-28,IND_GAN,1.42,2.07,1.0,True,synthetic_scenario_generator,26006
2025-05-29,IND_GAN,0.98,1.63,1.0,True,synthetic_scenario_generator,26006
2025-05-30,IND_GAN,0.69,1.34,1.0,True,synthetic_scenario_generator,26006
2025-05-31,IND_GAN,0.45,1.1,1.0,True,synthetic_scenario_generator,26006
2025-06-01,IND_GAN,0.43,1.08,1.0,True,synthetic_scenario_generator,26006
2025-06-02,IND_GAN,0.48,1.13,1.0,True,synthetic_scenario_generator,26006
2025-06-03,IND_GAN,0.76,1.41,1.0,True,synthetic_scenario_generator,26006
2025-06-04,IND_GAN,1.09,1.74,1.0,True,synthetic_scenario_generator,26006
2025-06-05,IND_GAN,1.33,1.98,1.0,True,synthetic_scenario_generator,26006
2025-06-06,IND_GAN,1.6,2.25,1.0,True,synthetic_scenario_generator,26006
2025-06-07,IND_GAN,1.75,2.4,1.0,True,synthetic_scenario_generator,26006
2025-06-08,IND_GAN,1.9,2.55,1.0,True,synthetic_scenario_generator,26006
2025-06-09,IND_GAN,2.16,2.81,1.0,True,synthetic_scenario_generator,26006
2025-06-10,IND_GAN,1.85,2.5,1.0,True,synthetic_scenario_generator,26006
2025-06-11,IND_GAN,1.7,2.35,1.0,True,synthetic_scenario_generator,26006
2025-06-12,IND_GAN,1.29,1.94,1.0,True,synthetic_scenario_generator,26006
2025-06-13,IND_GAN,0.88,1.53,1.0,True,synthetic_scenario_generator,26006
2025-06-14,IND_GAN,0.75,1.4,1.0,True,synthetic_scenario_generator,26006
2025-06-15,IND_GAN,0.64,1.29,1.0,True,synthetic_scenario_generator,26006
2025-06-16,IND_GAN,0.48,1.13,1.0,True,synthetic_scenario_generator,26006
2025-06-17,IND_GAN,0.42,1.07,1.0,True,synthetic_scenario_generator,26006
2025-06-18,IND_GAN,0.84,1.49,1.0,True,synthetic_scenario_generator,26006
2025-06-19,IND_GAN,1.08,1.73,1.0,True,synthetic_scenario_generator,26006
2025-06-20,IND_GAN,1.37,2.02,1.0,True,synthetic_scenario_generator,26006
2025-06-21,IND_GAN,1.67,2.32,1.0,True,synthetic_scenario_generator,26006
2025-06-22,IND_GAN,1.75,2.4,1.0,True,synthetic_scenario_generator,26006
2025-06-23,IND_GAN,2.0,2.65,1.0,True,synthetic_scenario_generator,26006
2025-06-24,IND_GAN,1.96,2.61,1.0,True,synthetic_scenario_generator,26006
2025-06-25,IND_GAN,1.61,2.26,1.0,True,synthetic_scenario_generator,26006
2025-06-26,IND_GAN,1.61,2.26,1.0,True,synthetic_scenario_generator,26006
2025-06-27,IND_GAN,1.15,1.8,1.0,True,synthetic_scenario_generator,26006
2025-06-28,IND_GAN,0.96,1.61,1.0,True,synthetic_scenario_generator,26006
2025-06-29,IND_GAN,0.75,1.4,1.0,True,synthetic_scenario_generator,26006
2025-06-30,IND_GAN,0.5,1.15,1.0,True,synthetic_scenario_generator,26006
2025-07-01,IND_GAN,0.44,1.09,1.0,True,synthetic_scenario_generator,26006
2025-07-02,IND_GAN,0.55,1.2,1.0,True,synthetic_scenario_generator,26006
2025-07-03,IND_GAN,0.8,1.45,1.0,True,synthetic_scenario_generator,26006
2025-07-04,IND_GAN,1.12,1.77,1.0,True,synthetic_scenario_generator,26006
2025-07-05,IND_GAN,1.38,2.03,1.0,True,synthetic_scenario_generator,26006
2025-07-06,IND_GAN,1.61,2.26,1.0,True,synthetic_scenario_generator,26006
2025-07-07,IND_GAN,1.93,2.58,1.0,True,synthetic_scenario_generator,26006
2025-07-08,IND_GAN,1.96,2.61,1.0,True,synthetic_scenario_generator,26006
2025-07-09,IND_GAN,1.82,2.47,1.0,True,synthetic_scenario_generator,26006
2025-07-10,IND_GAN,1.79,2.44,1.0,True,synthetic_scenario_generator,26006
2025-07-11,IND_GAN,1.41,2.06,1.0,True,synthetic_scenario_generator,26006
2025-07-12,IND_GAN,1.28,1.93,1.0,True,synthetic_scenario_generator,26006
2025-07-13,IND_GAN,0.91,1.56,1.0,True,synthetic_scenario_generator,26006
2025-07-14,IND_GAN,0.59,1.24,1.0,True,synthetic_scenario_generator,26006
2025-07-15,IND_GAN,0.64,1.29,1.0,True,synthetic_scenario_generator,26006
2025-07-16,IND_GAN,0.61,1.26,1.0,True,synthetic_scenario_generator,26006
2025-07-17,IND_GAN,0.56,1.21,1.0,True,synthetic_scenario_generator,26006
2025-07-18,IND_GAN,0.86,1.51,1.0,True,synthetic_scenario_generator,26006
2025-07-19,IND_GAN,1.22,1.87,1.0,True,synthetic_scenario_generator,26006
2025-07-20,IND_GAN,1.44,2.09,1.0,True,synthetic_scenario_generator,26006
2025-07-21,IND_GAN,1.63,2.28,1.0,True,synthetic_scenario_generator,26006
2025-07-22,IND_GAN,1.85,2.5,1.0,True,synthetic_scenario_generator,26006
2025-07-23,IND_GAN,2.12,2.77,1.0,True,synthetic_scenario_generator,26006
2025-07-24,IND_GAN,1.98,2.63,1.0,True,synthetic_scenario_generator,26006
2025-07-25,IND_GAN,1.6,2.25,1.0,True,synthetic_scenario_generator,26006
2025-07-26,IND_GAN,1.27,1.92,1.0,True,synthetic_scenario_generator,26006
2025-07-27,IND_GAN,0.97,1.62,1.0,True,synthetic_scenario_generator,26006
2025-07-28,IND_GAN,1.02,1.67,1.0,True,synthetic_scenario_generator,26006
2025-07-29,IND_GAN,0.56,1.21,1.0,True,synthetic_scenario_generator,26006
2025-07-30,IND_GAN,0.48,1.13,1.0,True,synthetic_scenario_generator,26006
2025-07-31,IND_GAN,0.57,1.22,1.0,True,synthetic_scenario_generator,26006
2025-08-01,IND_GAN,0.63,1.28,1.0,True,synthetic_scenario_generator,26006
2025-08-02,IND_GAN,1.06,1.71,1.0,True,synthetic_scenario_generator,26006
2025-08-03,IND_GAN,1.15,1.8,1.0,True,synthetic_scenario_generator,26006
2025-08-04,IND_GAN,1.74,2.39,1.0,True,synthetic_scenario_generator,26006
2025-08-05,IND_GAN,1.82,2.47,1.0,True,synthetic_scenario_generator,26006
2025-08-06,IND_GAN,2.08,2.73,1.0,True,synthetic_scenario_generator,26006
2025-08-07,IND_GAN,1.93,2.58,1.0,True,synthetic_scenario_generator,26006
2025-08-08,IND_GAN,1.84,2.49,1.0,True,synthetic_scenario_generator,26006
2025-08-09,IND_GAN,1.64,2.29,1.0,True,synthetic_scenario_generator,26006
2025-08-10,IND_GAN,1.33,1.98,1.0,True,synthetic_scenario_generator,26006
2025-08-11,IND_GAN,1.16,1.81,1.0,True,synthetic_scenario_generator,26006
2025-08-12,IND_GAN,0.87,1.52,1.0,True,synthetic_scenario_generator,26006
2025-08-13,IND_GAN,0.7,1.35,1.0,True,synthetic_scenario_generator,26006
2025-08-14,IND_GAN,0.5,1.15,1.0,True,synthetic_scenario_generator,26006
2025-08-15,IND_GAN,0.45,1.1,1.0,True,synthetic_scenario_generator,26006
2025-08-16,IND_GAN,0.84,1.49,1.0,True,synthetic_scenario_generator,26006
2025-08-17,IND_GAN,1.1,1.75,1.0,True,synthetic_scenario_generator,26006
2025-08-18,IND_GAN,1.15,1.8,1.0,True,synthetic_scenario_generator,26006
2025-08-19,IND_GAN,1.67,2.32,1.0,True,synthetic_scenario_generator,26006
2025-08-20,IND_GAN,1.85,2.5,1.0,True,synthetic_scenario_generator,26006
2025-08-21,IND_GAN,2.1,2.75,1.0,True,synthetic_scenario_generator,26006
2025-08-22,IND_GAN,1.91,2.56,1.0,True,synthetic_scenario_generator,26006
2025-08-23,IND_GAN,1.9,2.55,1.0,True,synthetic_scenario_generator,26006
2025-08-24,IND_GAN,1.48,2.13,1.0,True,synthetic_scenario_generator,26006
2025-08-25,IND_GAN,1.3,1.95,1.0,True,synthetic_scenario_generator,26006
2025-08-26,IND_GAN,0.91,1.56,1.0,True,synthetic_scenario_generator,26006
2025-08-27,IND_GAN,0.78,1.43,1.0,True,synthetic_scenario_generator,26006
2025-08-28,IND_GAN,0.47,1.12,1.0,True,synthetic_scenario_generator,26006
2025-08-29,IND_GAN,0.5,1.15,1.0,True,synthetic_scenario_generator,26006
2025-08-30,IND_GAN,0.54,1.19,1.0,True,synthetic_scenario_generator,26006
2025-08-31,IND_GAN,0.82,1.47,1.0,True,synthetic_scenario_generator,26006
2025-09-01,IND_GAN,1.06,1.71,1.0,True,synthetic_scenario_generator,26006
2025-09-02,IND_GAN,1.16,1.81,1.0,True,synthetic_scenario_generator,26006
2025-09-03,IND_GAN,1.67,2.32,1.0,True,synthetic_scenario_generator,26006
2025-09-04,IND_GAN,1.86,2.51,1.0,True,synthetic_scenario_generator,26006
2025-09-05,IND_GAN,2.01,2.66,1.0,True,synthetic_scenario_generator,26006
2025-09-06,IND_GAN,1.95,2.6,1.0,True,synthetic_scenario_generator,26006
2025-09-07,IND_GAN,1.78,2.43,1.0,True,synthetic_scenario_generator,26006
2025-09-08,IND_GAN,1.57,2.22,1.0,True,synthetic_scenario_generator,26006
2025-09-09,IND_GAN,1.32,1.97,1.0,True,synthetic_scenario_generator,26006
2025-09-10,IND_GAN,0.95,1.6,1.0,True,synthetic_scenario_generator,26006
2025-09-11,IND_GAN,0.71,1.36,1.0,True,synthetic_scenario_generator,26006
2025-09-12,IND_GAN,0.54,1.19,1.0,True,synthetic_scenario_generator,26006
2025-09-13,IND_GAN,0.55,1.2,1.0,True,synthetic_scenario_generator,26006
2025-09-14,IND_GAN,0.78,1.43,1.0,True,synthetic_scenario_generator,26006
2025-09-15,IND_GAN,0.8,1.45,1.0,True,synthetic_scenario_generator,26006
2025-09-16,IND_GAN,1.1,1.75,1.0,True,synthetic_scenario_generator,26006
2025-09-17,IND_GAN,1.56,2.21,1.0,True,synthetic_scenario_generator,26006
2025-09-18,IND_GAN,1.83,2.48,1.0,True,synthetic_scenario_generator,26006
2025-09-19,IND_GAN,1.76,2.41,1.0,True,synthetic_scenario_generator,26006
2025-09-20,IND_GAN,1.85,2.5,1.0,True,synthetic_scenario_generator,26006
2025-09-21,IND_GAN,1.88,2.53,1.0,True,synthetic_scenario_generator,26006
2025-09-22,IND_GAN,1.77,2.42,1.0,True,synthetic_scenario_generator,26006
2025-09-23,IND_GAN,1.51,2.16,1.0,True,synthetic_scenario_generator,26006
2025-09-24,IND_GAN,1.11,1.76,1.0,True,synthetic_scenario_generator,26006
2025-09-25,IND_GAN,0.88,1.53,1.0,True,synthetic_scenario_generator,26006
2025-09-26,IND_GAN,0.65,1.3,1.0,True,synthetic_scenario_generator,26006
2025-09-27,IND_GAN,0.6,1.25,1.0,True,synthetic_scenario_generator,26006
2025-09-28,IND_GAN,0.54,1.19,1.0,True,synthetic_scenario_generator,26006
2025-09-29,IND_GAN,0.57,1.22,1.0,True,synthetic_scenario_generator,26006
2025-09-30,IND_GAN,1.09,1.74,1.0,True,synthetic_scenario_generator,26006
2025-10-01,IND_GAN,1.16,1.81,1.0,True,synthetic_scenario_generator,26006
2025-10-02,IND_GAN,1.51,2.16,1.0,True,synthetic_scenario_generator,26006
2025-10-03,IND_GAN,1.81,2.46,1.0,True,synthetic_scenario_generator,26006
2025-10-04,IND_GAN,2.03,2.68,1.0,True,synthetic_scenario_generator,26006
2025-10-05,IND_GAN,2.01,2.66,1.0,True,synthetic_scenario_generator,26006
2025-10-06,IND_GAN,1.82,2.47,1.0,True,synthetic_scenario_generator,26006
2025-10-07,IND_GAN,1.6,2.25,1.0,True,synthetic_scenario_generator,26006
2025-10-08,IND_GAN,1.35,2.0,1.0,True,synthetic_scenario_generator,26006
2025-10-09,IND_GAN,0.94,1.59,1.0,True,synthetic_scenario_generator,26006
2025-10-10,IND_GAN,0.71,1.36,1.0,True,synthetic_scenario_generator,26006
2025-10-11,IND_GAN,0.48,1.13,1.0,True,synthetic_scenario_generator,26006
2025-10-12,IND_GAN,0.4,1.05,1.0,True,synthetic_scenario_generator,26006
2025-10-13,IND_GAN,0.37,1.02,1.0,True,synthetic_scenario_generator,26006
2025-10-14,IND_GAN,0.69,1.34,1.0,True,synthetic_scenario_generator,26006
2025-10-15,IND_GAN,0.86,1.51,1.0,True,synthetic_scenario_generator,26006
2025-10-16,IND_GAN,1.23,1.88,1.0,True,synthetic_scenario_generator,26006
2025-10-17,IND_GAN,1.45,2.1,1.0,True,synthetic_scenario_generator,26006
2025-10-18,IND_GAN,1.83,2.48,1.0,True,synthetic_scenario_generator,26006
2025-10-19,IND_GAN,2.13,2.78,1.0,True,synthetic_scenario_generator,26006
2025-10-20,IND_GAN,1.94,2.59,1.0,True,synthetic_scenario_generator,26006
2025-10-21,IND_GAN,2.05,2.7,1.0,True,synthetic_scenario_generator,26006
2025-10-22,IND_GAN,1.62,2.27,1.0,True,synthetic_scenario_generator,26006
2025-10-23,IND_GAN,1.37,2.02,1.0,True,synthetic_scenario_generator,26006
2025-10-24,IND_GAN,1.08,1.73,1.0,True,synthetic_scenario_generator,26006
2025-10-25,IND_GAN,0.67,1.32,1.0,True,synthetic_scenario_generator,26006
2025-10-26,IND_GAN,0.47,1.12,1.0,True,synthetic_scenario_generator,26006
2025-10-27,IND_GAN,0.42,1.07,1.0,True,synthetic_scenario_generator,26006
2025-10-28,IND_GAN,0.61,1.26,1.0,True,synthetic_scenario_generator,26006
2025-10-29,IND_GAN,0.73,1.38,1.0,True,synthetic_scenario_generator,26006
2025-10-30,IND_GAN,0.98,1.63,1.0,True,synthetic_scenario_generator,26006
2025-10-31,IND_GAN,1.51,2.16,1.0,True,synthetic_scenario_generator,26006
2025-11-01,IND_GAN,1.51,2.16,1.0,True,synthetic_scenario_generator,26006
2025-11-02,IND_GAN,1.79,2.44,1.0,True,synthetic_scenario_generator,26006
2025-11-03,IND_GAN,1.95,2.6,1.0,True,synthetic_scenario_generator,26006
2025-11-04,IND_GAN,1.8,2.45,1.0,True,synthetic_scenario_generator,26006
2025-11-05,IND_GAN,1.75,2.4,1.0,True,synthetic_scenario_generator,26006
2025-11-06,IND_GAN,1.54,2.19,1.0,True,synthetic_scenario_generator,26006
2025-11-07,IND_GAN,1.36,2.01,1.0,True,synthetic_scenario_generator,26006
2025-11-08,IND_GAN,1.03,1.68,1.0,True,synthetic_scenario_generator,26006
2025-11-09,IND_GAN,0.74,1.39,1.0,True,synthetic_scenario_generator,26006
2025-11-10,IND_GAN,0.6,1.25,1.0,True,synthetic_scenario_generator,26006
2025-11-11,IND_GAN,0.46,1.11,1.0,True,synthetic_scenario_generator,26006
2025-11-12,IND_GAN,0.53,1.18,1.0,True,synthetic_scenario_generator,26006
2025-11-13,IND_GAN,0.91,1.56,1.0,True,synthetic_scenario_generator,26006
2025-11-14,IND_GAN,1.03,1.68,1.0,True,synthetic_scenario_generator,26006
2025-11-15,IND_GAN,1.33,1.98,1.0,True,synthetic_scenario_generator,26006
2025-11-16,IND_GAN,1.72,2.37,1.0,True,synthetic_scenario_generator,26006
2025-11-17,IND_GAN,1.83,2.48,1.0,True,synthetic_scenario_generator,26006
2025-11-18,IND_GAN,1.87,2.52,1.0,True,synthetic_scenario_generator,26006
2025-11-19,IND_GAN,1.91,2.56,1.0,True,synthetic_scenario_generator,26006
2025-11-20,IND_GAN,1.75,2.4,1.0,True,synthetic_scenario_generator,26006
2025-11-21,IND_GAN,1.52,2.17,1.0,True,synthetic_scenario_generator,26006
2025-11-22,IND_GAN,1.14,1.79,1.0,True,synthetic_scenario_generator,26006
2025-11-23,IND_GAN,0.85,1.5,1.0,True,synthetic_scenario_generator,26006
2025-11-24,IND_GAN,0.54,1.19,1.0,True,synthetic_scenario_generator,26006
2025-11-25,IND_GAN,0.71,1.36,1.0,True,synthetic_scenario_generator,26006
2025-11-26,IND_GAN,0.52,1.17,1.0,True,synthetic_scenario_generator,26006
2025-11-27,IND_GAN,0.59,1.24,1.0,True,synthetic_scenario_generator,26006
2025-11-28,IND_GAN,0.96,1.61,1.0,True,synthetic_scenario_generator,26006
2025-11-29,IND_GAN,1.18,1.83,1.0,True,synthetic_scenario_generator,26006
2025-11-30,IND_GAN,1.41,2.06,1.0,True,synthetic_scenario_generator,26006
2025-12-01,IND_GAN,1.87,2.52,1.0,True,synthetic_scenario_generator,26006
2025-12-02,IND_GAN,2.08,2.73,1.0,True,synthetic_scenario_generator,26006
2025-12-03,IND_GAN,2.02,2.67,1.0,True,synthetic_scenario_generator,26006
2025-12-04,IND_GAN,1.86,2.51,1.0,True,synthetic_scenario_generator,26006
2025-12-05,IND_GAN,1.66,2.31,1.0,True,synthetic_scenario_generator,26006
2025-12-06,IND_GAN,1.5,2.15,1.0,True,synthetic_scenario_generator,26006
2025-12-07,IND_GAN,1.08,1.73,1.0,True,synthetic_scenario_generator,26006
2025-12-08,IND_GAN,0.78,1.43,1.0,True,synthetic_scenario_generator,26006
2025-12-09,IND_GAN,0.52,1.17,1.0,True,synthetic_scenario_generator,26006
2025-12-10,IND_GAN,0.53,1.18,1.0,True,synthetic_scenario_generator,26006
2025-12-11,IND_GAN,0.55,1.2,1.0,True,synthetic_scenario_generator,26006
2025-12-12,IND_GAN,0.7,1.35,1.0,True,synthetic_scenario_generator,26006
2025-12-13,IND_GAN,0.85,1.5,1.0,True,synthetic_scenario_generator,26006
2025-12-14,IND_GAN,1.23,1.88,1.0,True,synthetic_scenario_generator,26006
2025-12-15,IND_GAN,1.56,2.21,1.0,True,synthetic_scenario_generator,26006
2025-12-16,IND_GAN,1.87,2.52,1.0,True,synthetic_scenario_generator,26006
2025-12-17,IND_GAN,1.93,2.58,1.0,True,synthetic_scenario_generator,26006
2025-12-18,IND_GAN,1.89,2.54,1.0,True,synthetic_scenario_generator,26006
2025-12-19,IND_GAN,2.1,2.75,1.0,True,synthetic_scenario_generator,26006
2025-12-20,IND_GAN,1.61,2.26,1.0,True,synthetic_scenario_generator,26006
2025-12-21,IND_GAN,1.39,2.04,1.0,True,synthetic_scenario_generator,26006
2025-12-22,IND_GAN,1.13,1.78,1.0,True,synthetic_scenario_generator,26006
2025-12-23,IND_GAN,0.71,1.36,1.0,True,synthetic_scenario_generator,26006
2025-12-24,IND_GAN,0.75,1.4,1.0,True,synthetic_scenario_generator,26006
2025-12-25,IND_GAN,0.46,1.11,1.0,True,synthetic_scenario_generator,26006
2025-12-26,IND_GAN,0.74,1.39,1.0,True,synthetic_scenario_generator,26006
2025-12-27,IND_GAN,0.73,1.38,1.0,True,synthetic_scenario_generator,26006
2025-12-28,IND_GAN,0.99,1.64,1.0,True,synthetic_scenario_generator,26006
2025-12-29,IND_GAN,1.19,1.84,1.0,True,synthetic_scenario_generator,26006
2025-12-30,IND_GAN,1.47,2.12,1.0,True,synthetic_scenario_generator,26006
2025-12-31,IND_GAN,1.82,2.47,1.0,True,synthetic_scenario_generator,26006
2026-01-01,IND_GAN,2.02,2.67,1.0,True,synthetic_scenario_generator,26006
2026-01-02,IND_GAN,1.87,2.52,1.0,True,synthetic_scenario_generator,26006
2026-01-03,IND_GAN,1.82,2.47,1.0,True,synthetic_scenario_generator,26006
2026-01-04,IND_GAN,1.41,2.06,1.0,True,synthetic_scenario_generator,26006
2026-01-05,IND_GAN,1.12,1.77,1.0,True,synthetic_scenario_generator,26006
2026-01-06,IND_GAN,0.74,1.39,1.0,True,synthetic_scenario_generator,26006
2026-01-07,IND_GAN,0.64,1.29,1.0,True,synthetic_scenario_generator,26006
2026-01-08,IND_GAN,0.62,1.27,1.0,True,synthetic_scenario_generator,26006
2026-01-09,IND_GAN,0.43,1.08,1.0,True,synthetic_scenario_generator,26006
2026-01-10,IND_GAN,0.71,1.36,1.0,True,synthetic_scenario_generator,26006
2026-01-11,IND_GAN,0.88,1.53,1.0,True,synthetic_scenario_generator,26006
2026-01-12,IND_GAN,1.15,1.8,1.0,True,synthetic_scenario_generator,26006
2026-01-13,IND_GAN,1.36,2.01,1.0,True,synthetic_scenario_generator,26006
2026-01-14,IND_GAN,1.64,2.29,1.0,True,synthetic_scenario_generator,26006
2026-01-15,IND_GAN,2.03,2.68,1.0,True,synthetic_scenario_generator,26006
2026-01-16,IND_GAN,2.05,2.7,1.0,True,synthetic_scenario_generator,26006
2026-01-17,IND_GAN,2.07,2.72,1.0,True,synthetic_scenario_generator,26006
2026-01-18,IND_GAN,1.73,2.38,1.0,True,synthetic_scenario_generator,26006
2026-01-19,IND_GAN,1.41,2.06,1.0,True,synthetic_scenario_generator,26006
2026-01-20,IND_GAN,1.31,1.96,1.0,True,synthetic_scenario_generator,26006
2026-01-21,IND_GAN,0.98,1.63,1.0,True,synthetic_scenario_generator,26006
2026-01-22,IND_GAN,0.7,1.35,1.0,True,synthetic_scenario_generator,26006
2026-01-23,IND_GAN,0.42,1.07,1.0,True,synthetic_scenario_generator,26006
2026-01-24,IND_GAN,0.43,1.08,1.0,True,synthetic_scenario_generator,26006
2026-01-25,IND_GAN,0.61,1.26,1.0,True,synthetic_scenario_generator,26006
2026-01-26,IND_GAN,0.71,1.36,1.0,True,synthetic_scenario_generator,26006
2026-01-27,IND_GAN,1.21,1.86,1.0,True,synthetic_scenario_generator,26006
2026-01-28,IND_GAN,1.51,2.16,1.0,True,synthetic_scenario_generator,26006
2026-01-29,IND_GAN,1.84,2.49,1.0,True,synthetic_scenario_generator,26006
2026-01-30,IND_GAN,1.97,2.62,1.0,True,synthetic_scenario_generator,26006
2026-01-31,IND_GAN,2.02,2.67,1.0,True,synthetic_scenario_generator,26006
2026-02-01,IND_GAN,1.94,2.59,1.0,True,synthetic_scenario_generator,26006
2026-02-02,IND_GAN,1.71,2.36,1.0,True,synthetic_scenario_generator,26006
2026-02-03,IND_GAN,1.5,2.15,1.0,True,synthetic_scenario_generator,26006
2026-02-04,IND_GAN,1.29,1.94,1.0,True,synthetic_scenario_generator,26006
2026-02-05,IND_GAN,0.89,1.54,1.0,True,synthetic_scenario_generator,26006
2026-02-06,IND_GAN,0.58,1.23,1.0,True,synthetic_scenario_generator,26006
2026-02-07,IND_GAN,0.54,1.19,1.0,True,synthetic_scenario_generator,26006
2026-02-08,IND_GAN,0.56,1.21,1.0,True,synthetic_scenario_generator,26006
2026-02-09,IND_GAN,0.7,1.35,1.0,True,synthetic_scenario_generator,26006
2026-02-10,IND_GAN,0.95,1.6,1.0,True,synthetic_scenario_generator,26006
2026-02-11,IND_GAN,1.23,1.88,1.0,True,synthetic_scenario_generator,26006
2026-02-12,IND_GAN,1.48,2.13,1.0,True,synthetic_scenario_generator,26006
2026-02-13,IND_GAN,1.92,2.57,1.0,True,synthetic_scenario_generator,26006
2026-02-14,IND_GAN,1.98,2.63,1.0,True,synthetic_scenario_generator,26006
2026-02-15,IND_GAN,1.81,2.46,1.0,True,synthetic_scenario_generator,26006
2026-02-16,IND_GAN,1.84,2.49,1.0,True,synthetic_scenario_generator,26006
2026-02-17,IND_GAN,1.63,2.28,1.0,True,synthetic_scenario_generator,26006
2026-02-18,IND_GAN,1.38,2.03,1.0,True,synthetic_scenario_generator,26006
2026-02-19,IND_GAN,1.15,1.8,1.0,True,synthetic_scenario_generator,26006
2026-02-20,IND_GAN,0.8,1.45,1.0,True,synthetic_scenario_generator,26006
2026-02-21,IND_GAN,0.61,1.26,1.0,True,synthetic_scenario_generator,26006
2026-02-22,IND_GAN,0.39,1.04,1.0,True,synthetic_scenario_generator,26006
2026-02-23,IND_GAN,0.59,1.24,1.0,True,synthetic_scenario_generator,26006
2026-02-24,IND_GAN,0.65,1.3,1.0,True,synthetic_scenario_generator,26006
2026-02-25,IND_GAN,0.79,1.44,1.0,True,synthetic_scenario_generator,26006
2026-02-26,IND_GAN,1.22,1.87,1.0,True,synthetic_scenario_generator,26006
2026-02-27,IND_GAN,1.49,2.14,1.0,True,synthetic_scenario_generator,26006
2026-02-28,IND_GAN,1.9,2.55,1.0,True,synthetic_scenario_generator,26006
2026-03-01,IND_GAN,2.06,2.71,1.0,True,synthetic_scenario_generator,26006
2026-03-02,IND_GAN,1.79,2.44,1.0,True,synthetic_scenario_generator,26006
2026-03-03,IND_GAN,1.91,2.56,1.0,True,synthetic_scenario_generator,26006
2026-03-04,IND_GAN,1.53,2.18,1.0,True,synthetic_scenario_generator,26006
2026-03-05,IND_GAN,1.2,1.85,1.0,True,synthetic_scenario_generator,26006
2026-03-06,IND_GAN,1.08,1.73,1.0,True,synthetic_scenario_generator,26006
2026-03-07,IND_GAN,0.79,1.44,1.0,True,synthetic_scenario_generator,26006
2026-03-08,IND_GAN,0.53,1.18,1.0,True,synthetic_scenario_generator,26006
2026-03-09,IND_GAN,0.45,1.1,1.0,True,synthetic_scenario_generator,26006
2026-03-10,IND_GAN,0.59,1.24,1.0,True,synthetic_scenario_generator,26006
2026-03-11,IND_GAN,0.79,1.44,1.0,True,synthetic_scenario_generator,26006
2026-03-12,IND_GAN,1.19,1.84,1.0,True,synthetic_scenario_generator,26006
2026-03-13,IND_GAN,1.31,1.96,1.0,True,synthetic_scenario_generator,26006
2026-03-14,IND_GAN,1.52,2.17,1.0,True,synthetic_scenario_generator,26006
2026-03-15,IND_GAN,1.86,2.51,1.0,True,synthetic_scenario_generator,26006
2026-03-16,IND_GAN,1.89,2.54,1.0,True,synthetic_scenario_generator,26006
2026-03-17,IND_GAN,1.77,2.42,1.0,True,synthetic_scenario_generator,26006
2026-03-18,IND_GAN,1.91,2.56,1.0,True,synthetic_scenario_generator,26006
2026-03-19,IND_GAN,1.47,2.12,1.0,True,synthetic_scenario_generator,26006
2026-03-20,IND_GAN,1.3,1.95,1.0,True,synthetic_scenario_generator,26006
2026-03-21,IND_GAN,0.92,1.57,1.0,True,synthetic_scenario_generator,26006
2026-03-22,IND_GAN,0.79,1.44,1.0,True,synthetic_scenario_generator,26006
2026-03-23,IND_GAN,0.51,1.16,1.0,True,synthetic_scenario_generator,26006
2026-03-24,IND_GAN,0.54,1.19,1.0,True,synthetic_scenario_generator,26006
2026-03-25,IND_GAN,0.68,1.33,1.0,True,synthetic_scenario_generator,26006
2026-03-26,IND_GAN,0.78,1.43,1.0,True,synthetic_scenario_generator,26006
2026-03-27,IND_GAN,1.02,1.67,1.0,True,synthetic_scenario_generator,26006
2026-03-28,IND_GAN,1.39,2.04,1.0,True,synthetic_scenario_generator,26006
2026-03-29,IND_GAN,1.75,2.4,1.0,True,synthetic_scenario_generator,26006
2026-03-30,IND_GAN,2.07,2.72,1.0,True,synthetic_scenario_generator,26006
2026-03-31,IND_GAN,1.98,2.63,1.0,True,synthetic_scenario_generator,26006
2026-04-01,IND_GAN,1.97,2.62,1.0,True,synthetic_scenario_generator,26006
2026-04-02,IND_GAN,1.73,2.38,1.0,True,synthetic_scenario_generator,26006
2026-04-03,IND_GAN,1.39,2.04,1.0,True,synthetic_scenario_generator,26006
2026-04-04,IND_GAN,1.22,1.87,1.0,True,synthetic_scenario_generator,26006
2026-04-05,IND_GAN,0.97,1.62,1.0,True,synthetic_scenario_generator,26006
2026-04-06,IND_GAN,0.69,1.34,1.0,True,synthetic_scenario_generator,26006
2026-04-07,IND_GAN,0.64,1.29,1.0,True,synthetic_scenario_generator,26006
2026-04-08,IND_GAN,0.37,1.02,1.0,True,synthetic_scenario_generator,26006
2026-04-09,IND_GAN,0.76,1.41,1.0,True,synthetic_scenario_generator,26006
2026-04-10,IND_GAN,0.97,1.62,1.0,True,synthetic_scenario_generator,26006
2026-04-11,IND_GAN,1.18,1.83,1.0,True,synthetic_scenario_generator,26006
2026-04-12,IND_GAN,1.36,2.01,1.0,True,synthetic_scenario_generator,26006
2026-04-13,IND_GAN,1.81,2.46,1.0,True,synthetic_scenario_generator,26006
2026-04-14,IND_GAN,1.89,2.54,1.0,True,synthetic_scenario_generator,26006
2026-04-15,IND_GAN,2.1,2.75,1.0,True,synthetic_scenario_generator,26006
2026-04-16,IND_GAN,1.82,2.47,1.0,True,synthetic_scenario_generator,26006
2026-04-17,IND_GAN,1.63,2.28,1.0,True,synthetic_scenario_generator,26006
2026-04-18,IND_GAN,1.54,2.19,1.0,True,synthetic_scenario_generator,26006
2026-04-19,IND_GAN,1.06,1.71,1.0,True,synthetic_scenario_generator,26006
2026-04-20,IND_GAN,0.64,1.29,1.0,True,synthetic_scenario_generator,26006
2026-04-21,IND_GAN,0.65,1.3,1.0,True,synthetic_scenario_generator,26006
2026-04-22,IND_GAN,0.49,1.14,1.0,True,synthetic_scenario_generator,26006
2026-04-23,IND_GAN,0.56,1.21,1.0,True,synthetic_scenario_generator,26006
2026-04-24,IND_GAN,0.74,1.39,1.0,True,synthetic_scenario_generator,26006
2026-04-25,IND_GAN,1.0,1.65,1.0,True,synthetic_scenario_generator,26006
2026-04-26,IND_GAN,1.3,1.95,1.0,True,synthetic_scenario_generator,26006
2026-04-27,IND_GAN,1.49,2.14,1.0,True,synthetic_scenario_generator,26006
2026-04-28,IND_GAN,1.86,2.51,1.0,True,synthetic_scenario_generator,26006
2026-04-29,IND_GAN,2.06,2.71,1.0,True,synthetic_scenario_generator,26006
2026-04-30,IND_GAN,1.95,2.6,1.0,True,synthetic_scenario_generator,26006
2026-05-01,IND_GAN,1.97,2.62,1.0,True,synthetic_scenario_generator,26006
2026-05-02,IND_GAN,1.69,2.34,1.0,True,synthetic_scenario_generator,26006
2026-05-03,IND_GAN,1.22,1.87,1.0,True,synthetic_scenario_generator,26006
2026-05-04,IND_GAN,1.05,1.7,1.0,True,synthetic_scenario_generator,26006
2026-05-05,IND_GAN,0.77,1.42,1.0,True,synthetic_scenario_generator,26006
2026-05-06,IND_GAN,0.68,1.33,1.0,True,synthetic_scenario_generator,26006
2026-05-07,IND_GAN,0.55,1.2,1.0,True,synthetic_scenario_generator,26006
2026-05-08,IND_GAN,0.45,1.1,1.0,True,synthetic_scenario_generator,26006
2026-05-09,IND_GAN,0.88,1.53,1.0,True,synthetic_scenario_generator,26006
2026-05-10,IND_GAN,0.89,1.54,1.0,True,synthetic_scenario_generator,26006
2026-05-11,IND_GAN,1.33,1.98,1.0,True,synthetic_scenario_generator,26006
2026-05-12,IND_GAN,1.62,2.27,1.0,True,synthetic_scenario_generator,26006
2026-05-13,IND_GAN,1.95,2.6,1.0,True,synthetic_scenario_generator,26006
2026-05-14,IND_GAN,1.89,2.54,1.0,True,synthetic_scenario_generator,26006
2026-05-15,IND_GAN,2.01,2.66,1.0,True,synthetic_scenario_generator,26006
2026-05-16,IND_GAN,1.8,2.45,1.0,True,synthetic_scenario_generator,26006
2026-05-17,IND_GAN,1.52,2.17,1.0,True,synthetic_scenario_generator,26006
2026-05-18,IND_GAN,1.36,2.01,1.0,True,synthetic_scenario_generator,26006
2026-05-19,IND_GAN,1.1,1.75,1.0,True,synthetic_scenario_generator,26006
2026-05-20,IND_GAN,0.83,1.48,1.0,True,synthetic_scenario_generator,26006
2026-05-21,IND_GAN,0.62,1.27,1.0,True,synthetic_scenario_generator,26006
2026-05-22,IND_GAN,0.55,1.2,1.0,True,synthetic_scenario_generator,26006
2026-05-23,IND_GAN,0.65,1.3,1.0,True,synthetic_scenario_generator,26006
2026-05-24,IND_GAN,0.78,1.43,1.0,True,synthetic_scenario_generator,26006
2026-05-25,IND_GAN,1.08,1.73,1.0,True,synthetic_scenario_generator,26006
2026-05-26,IND_GAN,1.29,1.94,1.0,True,synthetic_scenario_generator,26006
2026-05-27,IND_GAN,1.72,2.37,1.0,True,synthetic_scenario_generator,26006
2026-05-28,IND_GAN,1.86,2.51,1.0,True,synthetic_scenario_generator,26006
2026-05-29,IND_GAN,2.05,2.7,1.0,True,synthetic_scenario_generator,26006
2026-05-30,IND_GAN,1.85,2.5,1.0,True,synthetic_scenario_generator,26006
2026-05-31,IND_GAN,1.68,2.33,1.0,True,synthetic_scenario_generator,26006
2026-06-01,IND_GAN,1.51,2.16,1.0,True,synthetic_scenario_generator,26006
2026-06-02,IND_GAN,1.24,1.89,1.0,True,synthetic_scenario_generator,26006
2026-06-03,IND_GAN,0.91,1.56,1.0,True,synthetic_scenario_generator,26006
2026-06-04,IND_GAN,0.77,1.42,1.0,True,synthetic_scenario_generator,26006
2026-06-05,IND_GAN,0.56,1.21,1.0,True,synthetic_scenario_generator,26006
2026-06-06,IND_GAN,0.76,1.41,1.0,True,synthetic_scenario_generator,26006
2026-06-07,IND_GAN,0.69,1.34,1.0,True,synthetic_scenario_generator,26006
2026-06-08,IND_GAN,0.84,1.49,1.0,True,synthetic_scenario_generator,26006
2026-06-09,IND_GAN,1.29,1.94,1.0,True,synthetic_scenario_generator,26006
2026-06-10,IND_GAN,1.46,2.11,1.0,True,synthetic_scenario_generator,26006
2026-06-11,IND_GAN,1.81,2.46,1.0,True,synthetic_scenario_generator,26006
2026-06-12,IND_GAN,1.93,2.58,1.0,True,synthetic_scenario_generator,26006
2026-06-13,IND_GAN,2.0,2.65,1.0,True,synthetic_scenario_generator,26006
2026-06-14,IND_GAN,1.96,2.61,1.0,True,synthetic_scenario_generator,26006
2026-06-15,IND_GAN,1.78,2.43,1.0,True,synthetic_scenario_generator,26006
2026-06-16,IND_GAN,1.6,2.25,1.0,True,synthetic_scenario_generator,26006
2026-06-17,IND_GAN,1.17,1.82,1.0,True,synthetic_scenario_generator,26006
2026-06-18,IND_GAN,0.86,1.51,1.0,True,synthetic_scenario_generator,26006
2026-06-19,IND_GAN,0.64,1.29,1.0,True,synthetic_scenario_generator,26006
2026-06-20,IND_GAN,0.58,1.23,1.0,True,synthetic_scenario_generator,26006
2026-06-21,IND_GAN,0.51,1.16,1.0,True,synthetic_scenario_generator,26006
2026-06-22,IND_GAN,0.67,1.32,1.0,True,synthetic_scenario_generator,26006
2026-06-23,IND_GAN,0.77,1.42,1.0,True,synthetic_scenario_generator,26006
2026-06-24,IND_GAN,1.35,2.0,1.0,True,synthetic_scenario_generator,26006
2026-06-25,IND_GAN,1.49,2.14,1.0,True,synthetic_scenario_generator,26006
2026-06-26,IND_GAN,1.77,2.42,1.0,True,synthetic_scenario_generator,26006
2026-06-27,IND_GAN,1.92,2.57,1.0,True,synthetic_scenario_generator,26006
2026-06-28,IND_GAN,1.96,2.61,1.0,True,synthetic_scenario_generator,26006
2026-06-29,IND_GAN,2.04,2.69,1.0,True,synthetic_scenario_generator,26006
2026-06-30,IND_GAN,1.63,2.28,1.0,True,synthetic_scenario_generator,26006
2026-07-01,IND_GAN,1.38,2.03,1.0,True,synthetic_scenario_generator,26006
2026-07-02,IND_GAN,1.33,1.98,1.0,True,synthetic_scenario_generator,26006
2026-07-03,IND_GAN,0.81,1.46,1.0,True,synthetic_scenario_generator,26006
2026-07-04,IND_GAN,0.62,1.27,1.0,True,synthetic_scenario_generator,26006
2026-07-05,IND_GAN,0.39,1.04,1.0,True,synthetic_scenario_generator,26006
2026-07-06,IND_GAN,0.63,1.28,1.0,True,synthetic_scenario_generator,26006
2026-07-07,IND_GAN,0.7,1.35,1.0,True,synthetic_scenario_generator,26006
2026-07-08,IND_GAN,1.02,1.67,1.0,True,synthetic_scenario_generator,26006
2026-07-09,IND_GAN,1.23,1.88,1.0,True,synthetic_scenario_generator,26006
2026-07-10,IND_GAN,1.6,2.25,1.0,True,synthetic_scenario_generator,26006
2026-07-11,IND_GAN,1.82,2.47,1.0,True,synthetic_scenario_generator,26006
2026-07-12,IND_GAN,2.2,2.85,1.0,True,synthetic_scenario_generator,26006
2026-07-13,IND_GAN,1.97,2.62,1.0,True,synthetic_scenario_generator,26006
2026-07-14,IND_GAN,1.81,2.46,1.0,True,synthetic_scenario_generator,26006
2026-07-15,IND_GAN,1.73,2.38,1.0,True,synthetic_scenario_generator,26006
2026-07-16,IND_GAN,1.23,1.88,1.0,True,synthetic_scenario_generator,26006
2026-07-17,IND_GAN,0.91,1.56,1.0,True,synthetic_scenario_generator,26006
2026-07-18,IND_GAN,0.53,1.18,1.0,True,synthetic_scenario_generator,26006
2026-07-19,IND_GAN,0.43,1.08,1.0,True,synthetic_scenario_generator,26006
2026-07-20,IND_GAN,0.5,1.15,1.0,True,synthetic_scenario_generator,26006
2026-07-21,IND_GAN,0.46,1.11,1.0,True,synthetic_scenario_generator,26006
2026-07-22,IND_GAN,0.6,1.25,1.0,True,synthetic_scenario_generator,26006
2026-07-23,IND_GAN,1.14,1.79,1.0,True,synthetic_scenario_generator,26006
2026-07-24,IND_GAN,1.4,2.05,1.0,True,synthetic_scenario_generator,26006
2026-07-25,IND_GAN,1.69,2.34,1.0,True,synthetic_scenario_generator,26006
2026-07-26,IND_GAN,1.92,2.57,1.0,True,synthetic_scenario_generator,26006
2026-07-27,IND_GAN,2.08,2.73,1.0,True,synthetic_scenario_generator,26006
2026-07-28,IND_GAN,2.01,2.66,1.0,True,synthetic_scenario_generator,26006
2026-07-29,IND_GAN,1.68,2.33,1.0,True,synthetic_scenario_generator,26006
2026-07-30,IND_GAN,1.52,2.17,1.0,True,synthetic_scenario_generator,26006
2026-07-31,IND_GAN,1.13,1.78,1.0,True,synthetic_scenario_generator,26006
2026-08-01,IND_GAN,0.93,1.58,1.0,True,synthetic_scenario_generator,26006
2026-08-02,IND_GAN,0.71,1.36,1.0,True,synthetic_scenario_generator,26006
2026-08-03,IND_GAN,0.47,1.12,1.0,True,synthetic_scenario_generator,26006
2026-08-04,IND_GAN,0.63,1.28,1.0,True,synthetic_scenario_generator,26006
2026-08-05,IND_GAN,0.66,1.31,1.0,True,synthetic_scenario_generator,26006
2026-08-06,IND_GAN,0.85,1.5,1.0,True,synthetic_scenario_generator,26006
2026-08-07,IND_GAN,1.18,1.83,1.0,True,synthetic_scenario_generator,26006
2026-08-08,IND_GAN,1.4,2.05,1.0,True,synthetic_scenario_generator,26006
2026-08-09,IND_GAN,1.61,2.26,1.0,True,synthetic_scenario_generator,26006
2026-08-10,IND_GAN,1.95,2.6,1.0,True,synthetic_scenario_generator,26006
2026-08-11,IND_GAN,1.95,2.6,1.0,True,synthetic_scenario_generator,26006
2026-08-12,IND_GAN,1.81,2.46,1.0,True,synthetic_scenario_generator,26006
2026-08-13,IND_GAN,1.84,2.49,1.0,True,synthetic_scenario_generator,26006
2026-08-14,IND_GAN,1.48,2.13,1.0,True,synthetic_scenario_generator,26006
2026-08-15,IND_GAN,1.1,1.75,1.0,True,synthetic_scenario_generator,26006
2026-08-16,IND_GAN,0.9,1.55,1.0,True,synthetic_scenario_generator,26006
2026-08-17,IND_GAN,0.72,1.37,1.0,True,synthetic_scenario_generator,26006
2026-08-18,IND_GAN,0.48,1.13,1.0,True,synthetic_scenario_generator,26006
2026-08-19,IND_GAN,0.47,1.12,1.0,True,synthetic_scenario_generator,26006
2026-08-20,IND_GAN,0.73,1.38,1.0,True,synthetic_scenario_generator,26006
2026-08-21,IND_GAN,0.83,1.48,1.0,True,synthetic_scenario_generator,26006
2026-08-22,IND_GAN,1.26,1.91,1.0,True,synthetic_scenario_generator,26006
2026-08-23,IND_GAN,1.44,2.09,1.0,True,synthetic_scenario_generator,26006
2026-08-24,IND_GAN,1.84,2.49,1.0,True,synthetic_scenario_generator,26006
2026-08-25,IND_GAN,1.94,2.59,1.0,True,synthetic_scenario_generator,26006
2026-08-26,IND_GAN,2.09,2.74,1.0,True,synthetic_scenario_generator,26006
2026-08-27,IND_GAN,1.77,2.42,1.0,True,synthetic_scenario_generator,26006
2026-08-28,IND_GAN,1.68,2.33,1.0,True,synthetic_scenario_generator,26006
2026-08-29,IND_GAN,1.32,1.97,1.0,True,synthetic_scenario_generator,26006
2026-08-30,IND_GAN,0.97,1.62,1.0,True,synthetic_scenario_generator,26006
2026-08-31,IND_GAN,0.77,1.42,1.0,True,synthetic_scenario_generator,26006
