date,bdi_proxy,vlsfo_singapore_usd_per_mt,usd_inr,source_origin,is_synthetic,synthetic_seed
2020-01-01,1620.66,496.56,72.088,synthetic_scenario_generator,True,26006
2020-01-02,1546.04,499.32,71.8256,synthetic_scenario_generator,True,26006
2020-01-03,1578.95,488.64,72.417,synthetic_scenario_generator,True,26006
2020-01-04,1422.42,524.48,72.0944,synthetic_scenario_generator,True,26006
2020-01-05,1802.56,500.36,72.1068,synthetic_scenario_generator,True,26006
2020-01-06,1631.36,539.85,72.1436,synthetic_scenario_generator,True,26006
2020-01-07,1705.28,512.88,72.1887,synthetic_scenario_generator,True,26006
2020-01-08,1737.64,502.16,72.1012,synthetic_scenario_generator,True,26006
2020-01-09,1707.22,547.47,72.7482,synthetic_scenario_generator,True,26006
2020-01-10,1452.28,511.88,72.0062,synthetic_scenario_generator,True,26006
2020-01-11,1722.44,563.26,72.4334,synthetic_scenario_generator,True,26006
2020-01-12,1973.54,514.99,72.7163,synthetic_scenario_generator,True,26006
2020-01-13,1879.26,549.73,72.8585,synthetic_scenario_generator,True,26006
2020-01-14,1795.78,542.87,72.1207,synthetic_scenario_generator,True,26006
2020-01-15,1730.05,554.84,72.7487,synthetic_scenario_generator,True,26006
2020-01-16,2059.77,586.09,72.7896,synthetic_scenario_generator,True,26006
2020-01-17,1884.06,551.24,72.5024,synthetic_scenario_generator,True,26006
2020-01-18,1910.67,564.9,72.6252,synthetic_scenario_generator,True,26006
2020-01-19,2077.67,543.76,72.9057,synthetic_scenario_generator,True,26006
2020-01-20,1981.24,558.23,72.8998,synthetic_scenario_generator,True,26006
2020-01-21,1865.0,576.59,72.529,synthetic_scenario_generator,True,26006
2020-01-22,1695.79,542.93,72.8503,synthetic_scenario_generator,True,26006
2020-01-23,2076.41,600.86,72.7305,synthetic_scenario_generator,True,26006
2020-01-24,1973.73,589.44,72.3282,synthetic_scenario_generator,True,26006
2020-01-25,1959.39,565.54,72.4123,synthetic_scenario_generator,True,26006
2020-01-26,1952.75,571.64,72.933,synthetic_scenario_generator,True,26006
2020-01-27,1852.9,563.2,72.842,synthetic_scenario_generator,True,26006
2020-01-28,1885.02,566.21,72.8332,synthetic_scenario_generator,True,26006
2020-01-29,2067.85,564.82,72.9359,synthetic_scenario_generator,True,26006
2020-01-30,2125.76,594.34,72.8002,synthetic_scenario_generator,True,26006
2020-01-31,1971.76,590.96,73.0712,synthetic_scenario_generator,True,26006
2020-02-01,1906.83,582.94,73.0665,synthetic_scenario_generator,True,26006
2020-02-02,1830.46,568.49,73.0008,synthetic_scenario_generator,True,26006
2020-02-03,1903.79,561.14,73.2245,synthetic_scenario_generator,True,26006
2020-02-04,2167.47,580.45,73.0491,synthetic_scenario_generator,True,26006
2020-02-05,2044.69,592.79,72.918,synthetic_scenario_generator,True,26006
2020-02-06,1984.72,589.8,73.1898,synthetic_scenario_generator,True,26006
2020-02-07,2266.72,564.91,73.0216,synthetic_scenario_generator,True,26006
2020-02-08,2071.23,519.14,73.0458,synthetic_scenario_generator,True,26006
2020-02-09,2011.7,572.97,73.0003,synthetic_scenario_generator,True,26006
2020-02-10,1926.17,535.7,73.262,synthetic_scenario_generator,True,26006
2020-02-11,1824.38,546.65,73.0488,synthetic_scenario_generator,True,26006
2020-02-12,1972.81,554.84,72.8572,synthetic_scenario_generator,True,26006
2020-02-13,1654.37,542.85,73.1722,synthetic_scenario_generator,True,26006
2020-02-14,2038.59,532.32,73.3553,synthetic_scenario_generator,True,26006
2020-02-15,2207.04,588.94,73.5637,synthetic_scenario_generator,True,26006
2020-02-16,1965.34,538.21,73.368,synthetic_scenario_generator,True,26006
2020-02-17,2177.14,562.69,73.525,synthetic_scenario_generator,True,26006
2020-02-18,2135.7,566.7,73.1254,synthetic_scenario_generator,True,26006
2020-02-19,2170.39,529.03,73.3109,synthetic_scenario_generator,True,26006
2020-02-20,1973.47,594.13,73.6359,synthetic_scenario_generator,True,26006
2020-02-21,2311.34,544.08,73.2636,synthetic_scenario_generator,True,26006
2020-02-22,1740.21,552.25,73.6663,synthetic_scenario_generator,True,26006
2020-02-23,2137.64,551.44,73.7032,synthetic_scenario_generator,True,26006
2020-02-24,2106.6,508.93,73.3984,synthetic_scenario_generator,True,26006
2020-02-25,2280.05,552.06,73.4543,synthetic_scenario_generator,True,26006
2020-02-26,2053.63,515.54,73.4805,synthetic_scenario_generator,True,26006
2020-02-27,1843.27,549.8,73.7762,synthetic_scenario_generator,True,26006
2020-02-28,2005.82,546.21,73.8957,synthetic_scenario_generator,True,26006
2020-02-29,2095.07,542.09,73.9229,synthetic_scenario_generator,True,26006
2020-03-01,2161.3,527.76,73.5001,synthetic_scenario_generator,True,26006
2020-03-02,1848.53,543.91,73.1004,synthetic_scenario_generator,True,26006
2020-03-03,1876.09,533.99,73.6828,synthetic_scenario_generator,True,26006
2020-03-04,1778.49,530.31,73.1167,synthetic_scenario_generator,True,26006
2020-03-05,1892.19,530.81,73.4553,synthetic_scenario_generator,True,26006
2020-03-06,1967.06,512.34,73.5164,synthetic_scenario_generator,True,26006
2020-03-07,1895.9,532.55,73.7702,synthetic_scenario_generator,True,26006
2020-03-08,1975.42,496.97,73.428,synthetic_scenario_generator,True,26006
2020-03-09,1783.9,533.17,73.6913,synthetic_scenario_generator,True,26006
2020-03-10,1964.33,535.39,73.5276,synthetic_scenario_generator,True,26006
2020-03-11,1792.74,532.46,73.9313,synthetic_scenario_generator,True,26006
2020-03-12,1928.99,509.42,73.8382,synthetic_scenario_generator,True,26006
2020-03-13,1841.75,523.82,73.8481,synthetic_scenario_generator,True,26006
2020-03-14,1921.85,508.97,74.0806,synthetic_scenario_generator,True,26006
2020-03-15,1798.61,541.73,73.6839,synthetic_scenario_generator,True,26006
2020-03-16,1703.0,538.19,73.5407,synthetic_scenario_generator,True,26006
2020-03-17,1763.8,530.23,74.0146,synthetic_scenario_generator,True,26006
2020-03-18,1911.29,567.13,73.7549,synthetic_scenario_generator,True,26006
2020-03-19,1919.16,536.1,73.6639,synthetic_scenario_generator,True,26006
2020-03-20,1793.16,553.99,73.824,synthetic_scenario_generator,True,26006
2020-03-21,1786.76,557.68,73.8647,synthetic_scenario_generator,True,26006
2020-03-22,1837.86,547.26,74.3535,synthetic_scenario_generator,True,26006
2020-03-23,1720.51,554.88,73.9036,synthetic_scenario_generator,True,26006
2020-03-24,1711.77,573.74,74.1091,synthetic_scenario_generator,True,26006
2020-03-25,1808.47,582.57,73.6133,synthetic_scenario_generator,True,26006
2020-03-26,1607.48,549.19,74.0174,synthetic_scenario_generator,True,26006
2020-03-27,1751.43,532.86,73.8634,synthetic_scenario_generator,True,26006
2020-03-28,1739.51,576.11,73.6495,synthetic_scenario_generator,True,26006
2020-03-29,1800.45,538.0,74.0174,synthetic_scenario_generator,True,26006
2020-03-30,1584.91,551.49,74.0298,synthetic_scenario_generator,True,26006
2020-03-31,1572.73,574.62,74.0503,synthetic_scenario_generator,True,26006
2020-04-01,1574.21,565.23,73.8527,synthetic_scenario_generator,True,26006
2020-04-02,1492.39,594.8,73.4299,synthetic_scenario_generator,True,26006
2020-04-03,1523.32,611.47,73.7551,synthetic_scenario_generator,True,26006
2020-04-04,1521.94,580.07,73.8844,synthetic_scenario_generator,True,26006
2020-04-05,1586.51,589.4,73.7191,synthetic_scenario_generator,True,26006
2020-04-06,1653.12,573.21,73.7773,synthetic_scenario_generator,True,26006
2020-04-07,1404.53,599.98,73.6352,synthetic_scenario_generator,True,26006
2020-04-08,1496.84,599.07,74.2581,synthetic_scenario_generator,True,26006
2020-04-09,1402.43,585.44,73.8697,synthetic_scenario_generator,True,26006
2020-04-10,1575.93,595.59,74.137,synthetic_scenario_generator,True,26006
2020-04-11,1356.56,550.99,73.7752,synthetic_scenario_generator,True,26006
2020-04-12,1393.41,592.1,73.8883,synthetic_scenario_generator,True,26006
2020-04-13,1401.69,588.41,74.1407,synthetic_scenario_generator,True,26006
2020-04-14,1217.13,609.1,73.8123,synthetic_scenario_generator,True,26006
2020-04-15,1585.07,645.03,74.1515,synthetic_scenario_generator,True,26006
2020-04-16,1236.35,617.15,73.8405,synthetic_scenario_generator,True,26006
2020-04-17,1453.89,596.06,73.2046,synthetic_scenario_generator,True,26006
2020-04-18,1302.72,621.35,73.7546,synthetic_scenario_generator,True,26006
2020-04-19,1347.97,630.94,73.5309,synthetic_scenario_generator,True,26006
2020-04-20,1345.41,612.15,73.5537,synthetic_scenario_generator,True,26006
2020-04-21,1238.46,616.75,73.9533,synthetic_scenario_generator,True,26006
2020-04-22,1219.46,605.09,73.9102,synthetic_scenario_generator,True,26006
2020-04-23,1395.61,603.65,73.6675,synthetic_scenario_generator,True,26006
2020-04-24,1536.25,597.67,73.6171,synthetic_scenario_generator,True,26006
2020-04-25,1184.53,598.4,73.6014,synthetic_scenario_generator,True,26006
2020-04-26,1264.93,605.8,73.5327,synthetic_scenario_generator,True,26006
2020-04-27,1487.82,605.88,73.9414,synthetic_scenario_generator,True,26006
2020-04-28,1289.09,598.84,73.8425,synthetic_scenario_generator,True,26006
2020-04-29,1339.58,620.86,74.0338,synthetic_scenario_generator,True,26006
2020-04-30,1274.44,602.83,73.8891,synthetic_scenario_generator,True,26006
2020-05-01,1333.69,598.75,73.7381,synthetic_scenario_generator,True,26006
2020-05-02,1288.05,619.14,73.6632,synthetic_scenario_generator,True,26006
2020-05-03,1124.26,573.0,73.8297,synthetic_scenario_generator,True,26006
2020-05-04,1182.64,610.74,73.6291,synthetic_scenario_generator,True,26006
2020-05-05,1052.4,584.7,73.8491,synthetic_scenario_generator,True,26006
2020-05-06,1208.78,603.15,73.7181,synthetic_scenario_generator,True,26006
2020-05-07,1388.79,582.38,73.6305,synthetic_scenario_generator,True,26006
2020-05-08,1299.23,604.06,73.5348,synthetic_scenario_generator,True,26006
2020-05-09,1097.19,591.8,73.6441,synthetic_scenario_generator,True,26006
2020-05-10,1146.28,556.07,73.8217,synthetic_scenario_generator,True,26006
2020-05-11,1099.54,551.86,73.5568,synthetic_scenario_generator,True,26006
2020-05-12,1278.05,560.62,73.2076,synthetic_scenario_generator,True,26006
2020-05-13,1219.34,577.28,73.5479,synthetic_scenario_generator,True,26006
2020-05-14,1164.1,576.02,73.2199,synthetic_scenario_generator,True,26006
2020-05-15,1021.41,563.39,73.3026,synthetic_scenario_generator,True,26006
2020-05-16,1165.73,568.75,73.1991,synthetic_scenario_generator,True,26006
2020-05-17,945.38,562.22,73.0484,synthetic_scenario_generator,True,26006
2020-05-18,1099.45,574.37,73.1106,synthetic_scenario_generator,True,26006
2020-05-19,1216.57,562.05,73.2584,synthetic_scenario_generator,True,26006
2020-05-20,1082.21,522.5,73.163,synthetic_scenario_generator,True,26006
2020-05-21,1071.61,534.48,73.4041,synthetic_scenario_generator,True,26006
2020-05-22,1422.85,515.72,73.0243,synthetic_scenario_generator,True,26006
2020-05-23,1175.37,525.98,73.3049,synthetic_scenario_generator,True,26006
2020-05-24,1124.98,514.83,73.3423,synthetic_scenario_generator,True,26006
2020-05-25,1274.97,531.04,73.1764,synthetic_scenario_generator,True,26006
2020-05-26,1043.97,544.95,73.1519,synthetic_scenario_generator,True,26006
2020-05-27,1027.4,539.3,72.6994,synthetic_scenario_generator,True,26006
2020-05-28,1247.44,523.11,73.0666,synthetic_scenario_generator,True,26006
2020-05-29,990.28,479.79,73.0347,synthetic_scenario_generator,True,26006
2020-05-30,996.1,513.03,73.0634,synthetic_scenario_generator,True,26006
2020-05-31,1068.05,519.75,72.8633,synthetic_scenario_generator,True,26006
2020-06-01,1059.19,515.39,72.9048,synthetic_scenario_generator,True,26006
2020-06-02,994.24,501.77,73.2628,synthetic_scenario_generator,True,26006
2020-06-03,1074.77,472.95,72.4342,synthetic_scenario_generator,True,26006
2020-06-04,983.36,475.0,73.0984,synthetic_scenario_generator,True,26006
2020-06-05,1100.42,512.14,73.1348,synthetic_scenario_generator,True,26006
2020-06-06,1150.42,481.45,73.1444,synthetic_scenario_generator,True,26006
2020-06-07,1205.47,504.27,73.3479,synthetic_scenario_generator,True,26006
2020-06-08,1097.41,506.37,73.3242,synthetic_scenario_generator,True,26006
2020-06-09,989.79,498.06,72.7937,synthetic_scenario_generator,True,26006
2020-06-10,1028.6,479.9,73.2927,synthetic_scenario_generator,True,26006
2020-06-11,1131.51,504.15,73.1757,synthetic_scenario_generator,True,26006
2020-06-12,1087.42,491.14,72.9404,synthetic_scenario_generator,True,26006
2020-06-13,1150.29,502.02,72.8668,synthetic_scenario_generator,True,26006
2020-06-14,1187.9,501.52,72.8293,synthetic_scenario_generator,True,26006
2020-06-15,1179.15,494.24,72.5238,synthetic_scenario_generator,True,26006
2020-06-16,1085.02,493.39,72.6893,synthetic_scenario_generator,True,26006
2020-06-17,1012.65,479.05,72.6746,synthetic_scenario_generator,True,26006
2020-06-18,1404.55,482.24,72.525,synthetic_scenario_generator,True,26006
2020-06-19,1157.41,493.21,72.7617,synthetic_scenario_generator,True,26006
2020-06-20,1182.74,480.6,72.6201,synthetic_scenario_generator,True,26006
2020-06-21,1376.75,458.91,72.9168,synthetic_scenario_generator,True,26006
2020-06-22,1331.53,446.04,72.9177,synthetic_scenario_generator,True,26006
2020-06-23,1113.19,515.75,72.7597,synthetic_scenario_generator,True,26006
2020-06-24,1152.84,489.95,72.4445,synthetic_scenario_generator,True,26006
2020-06-25,932.72,517.25,72.4705,synthetic_scenario_generator,True,26006
2020-06-26,1266.91,503.35,72.8084,synthetic_scenario_generator,True,26006
2020-06-27,1220.99,492.38,72.2206,synthetic_scenario_generator,True,26006
2020-06-28,1112.9,483.91,72.4394,synthetic_scenario_generator,True,26006
2020-06-29,1148.0,478.49,72.824,synthetic_scenario_generator,True,26006
2020-06-30,1194.14,478.33,72.5903,synthetic_scenario_generator,True,26006
2020-07-01,1186.98,455.7,72.552,synthetic_scenario_generator,True,26006
2020-07-02,1230.65,458.37,72.0865,synthetic_scenario_generator,True,26006
2020-07-03,1333.59,491.58,73.1992,synthetic_scenario_generator,True,26006
2020-07-04,1170.49,504.69,72.5564,synthetic_scenario_generator,True,26006
2020-07-05,1220.39,492.41,72.6516,synthetic_scenario_generator,True,26006
2020-07-06,1353.9,515.43,72.2781,synthetic_scenario_generator,True,26006
2020-07-07,1208.39,497.6,72.3256,synthetic_scenario_generator,True,26006
2020-07-08,1330.9,506.04,72.074,synthetic_scenario_generator,True,26006
2020-07-09,1444.31,515.63,72.7287,synthetic_scenario_generator,True,26006
2020-07-10,1109.5,514.37,72.5769,synthetic_scenario_generator,True,26006
2020-07-11,1147.29,505.64,72.6775,synthetic_scenario_generator,True,26006
2020-07-12,1412.87,522.73,72.1825,synthetic_scenario_generator,True,26006
2020-07-13,1247.81,514.88,71.8703,synthetic_scenario_generator,True,26006
2020-07-14,1065.56,513.55,71.8496,synthetic_scenario_generator,True,26006
2020-07-15,1135.12,494.32,72.7712,synthetic_scenario_generator,True,26006
2020-07-16,1027.57,483.23,72.3367,synthetic_scenario_generator,True,26006
2020-07-17,1076.07,522.35,72.4649,synthetic_scenario_generator,True,26006
2020-07-18,1607.63,533.68,72.1827,synthetic_scenario_generator,True,26006
2020-07-19,1175.45,525.1,72.251,synthetic_scenario_generator,True,26006
2020-07-20,1075.54,499.79,72.1009,synthetic_scenario_generator,True,26006
2020-07-21,1010.42,506.4,72.2206,synthetic_scenario_generator,True,26006
2020-07-22,1099.88,514.34,71.9736,synthetic_scenario_generator,True,26006
2020-07-23,1042.59,524.82,72.3244,synthetic_scenario_generator,True,26006
2020-07-24,1223.45,545.17,72.4911,synthetic_scenario_generator,True,26006
2020-07-25,1056.16,497.1,72.374,synthetic_scenario_generator,True,26006
2020-07-26,1088.35,510.57,72.0754,synthetic_scenario_generator,True,26006
2020-07-27,1371.73,505.92,72.3267,synthetic_scenario_generator,True,26006
2020-07-28,1143.92,510.57,72.1459,synthetic_scenario_generator,True,26006
2020-07-29,1171.75,481.99,72.4139,synthetic_scenario_generator,True,26006
2020-07-30,1234.56,481.91,72.5269,synthetic_scenario_generator,True,26006
2020-07-31,1324.58,509.02,71.9064,synthetic_scenario_generator,True,26006
2020-08-01,1297.26,458.41,72.1768,synthetic_scenario_generator,True,26006
2020-08-02,1224.08,510.26,72.2809,synthetic_scenario_generator,True,26006
2020-08-03,1095.64,509.84,71.7666,synthetic_scenario_generator,True,26006
2020-08-04,1290.15,480.58,71.9145,synthetic_scenario_generator,True,26006
2020-08-05,994.31,542.13,72.3699,synthetic_scenario_generator,True,26006
2020-08-06,933.24,493.77,72.5338,synthetic_scenario_generator,True,26006
2020-08-07,1199.02,482.96,72.2664,synthetic_scenario_generator,True,26006
2020-08-08,1195.57,459.58,72.1208,synthetic_scenario_generator,True,26006
2020-08-09,1283.0,475.89,71.9313,synthetic_scenario_generator,True,26006
2020-08-10,1060.67,472.66,72.2299,synthetic_scenario_generator,True,26006
2020-08-11,1219.38,450.67,72.1139,synthetic_scenario_generator,True,26006
2020-08-12,1161.67,485.77,71.9319,synthetic_scenario_generator,True,26006
2020-08-13,1298.42,482.92,72.2346,synthetic_scenario_generator,True,26006
2020-08-14,1370.79,435.52,72.2777,synthetic_scenario_generator,True,26006
2020-08-15,1077.69,454.46,72.292,synthetic_scenario_generator,True,26006
2020-08-16,1293.25,446.51,72.4157,synthetic_scenario_generator,True,26006
2020-08-17,1181.7,464.51,71.9635,synthetic_scenario_generator,True,26006
2020-08-18,1183.64,441.21,71.9237,synthetic_scenario_generator,True,26006
2020-08-19,1144.06,479.74,72.2872,synthetic_scenario_generator,True,26006
2020-08-20,1247.54,449.43,72.1541,synthetic_scenario_generator,True,26006
2020-08-21,1097.77,439.22,72.0352,synthetic_scenario_generator,True,26006
2020-08-22,883.61,452.65,72.3431,synthetic_scenario_generator,True,26006
2020-08-23,1015.62,453.21,72.3158,synthetic_scenario_generator,True,26006
2020-08-24,913.07,490.6,72.0683,synthetic_scenario_generator,True,26006
2020-08-25,906.26,423.01,72.4841,synthetic_scenario_generator,True,26006
2020-08-26,1026.9,403.15,72.507,synthetic_scenario_generator,True,26006
2020-08-27,1053.61,421.62,72.1729,synthetic_scenario_generator,True,26006
2020-08-28,937.47,401.47,72.4246,synthetic_scenario_generator,True,26006
2020-08-29,1070.69,377.06,72.131,synthetic_scenario_generator,True,26006
2020-08-30,1033.95,383.48,72.4306,synthetic_scenario_generator,True,26006
2020-08-31,1174.42,406.75,72.4878,synthetic_scenario_generator,True,26006
2020-09-01,1030.89,412.56,72.5268,synthetic_scenario_generator,True,26006
2020-09-02,1182.8,418.46,72.6012,synthetic_scenario_generator,True,26006
2020-09-03,791.72,405.32,72.1106,synthetic_scenario_generator,True,26006
2020-09-04,1014.09,421.09,72.2504,synthetic_scenario_generator,True,26006
2020-09-05,818.88,384.66,72.4486,synthetic_scenario_generator,True,26006
2020-09-06,979.45,370.98,72.2951,synthetic_scenario_generator,True,26006
2020-09-07,1047.11,409.54,72.3615,synthetic_scenario_generator,True,26006
2020-09-08,880.73,390.58,72.5045,synthetic_scenario_generator,True,26006
2020-09-09,839.18,388.54,72.3443,synthetic_scenario_generator,True,26006
2020-09-10,1089.39,394.29,72.8244,synthetic_scenario_generator,True,26006
2020-09-11,916.9,368.03,72.7203,synthetic_scenario_generator,True,26006
2020-09-12,1088.62,400.19,72.4421,synthetic_scenario_generator,True,26006
2020-09-13,880.78,394.77,72.5549,synthetic_scenario_generator,True,26006
2020-09-14,852.09,369.13,72.5366,synthetic_scenario_generator,True,26006
2020-09-15,896.1,361.76,72.7453,synthetic_scenario_generator,True,26006
2020-09-16,1017.53,357.05,72.2964,synthetic_scenario_generator,True,26006
2020-09-17,844.01,381.63,72.7908,synthetic_scenario_generator,True,26006
2020-09-18,948.13,383.87,72.7077,synthetic_scenario_generator,True,26006
2020-09-19,867.97,394.54,73.1304,synthetic_scenario_generator,True,26006
2020-09-20,950.78,404.3,72.8469,synthetic_scenario_generator,True,26006
2020-09-21,903.42,396.47,72.6504,synthetic_scenario_generator,True,26006
2020-09-22,844.78,415.91,72.7774,synthetic_scenario_generator,True,26006
2020-09-23,635.4,424.16,72.4754,synthetic_scenario_generator,True,26006
2020-09-24,1036.23,366.03,72.4698,synthetic_scenario_generator,True,26006
2020-09-25,893.67,386.5,72.574,synthetic_scenario_generator,True,26006
2020-09-26,967.64,392.54,72.8118,synthetic_scenario_generator,True,26006
2020-09-27,939.55,396.75,72.857,synthetic_scenario_generator,True,26006
2020-09-28,824.94,389.05,72.8902,synthetic_scenario_generator,True,26006
2020-09-29,1044.85,402.23,72.6056,synthetic_scenario_generator,True,26006
2020-09-30,856.7,423.83,72.7537,synthetic_scenario_generator,True,26006
2020-10-01,953.87,436.56,72.9059,synthetic_scenario_generator,True,26006
2020-10-02,837.26,418.92,72.9242,synthetic_scenario_generator,True,26006
2020-10-03,694.72,410.39,73.0799,synthetic_scenario_generator,True,26006
2020-10-04,952.4,402.15,72.7617,synthetic_scenario_generator,True,26006
2020-10-05,793.49,433.04,73.4166,synthetic_scenario_generator,True,26006
2020-10-06,888.41,453.06,73.1126,synthetic_scenario_generator,True,26006
2020-10-07,924.72,418.32,73.0317,synthetic_scenario_generator,True,26006
2020-10-08,1093.34,421.21,72.8725,synthetic_scenario_generator,True,26006
2020-10-09,830.39,424.02,73.119,synthetic_scenario_generator,True,26006
2020-10-10,1030.64,432.04,72.8665,synthetic_scenario_generator,True,26006
2020-10-11,883.32,446.3,73.3968,synthetic_scenario_generator,True,26006
2020-10-12,954.26,430.6,73.5124,synthetic_scenario_generator,True,26006
2020-10-13,991.46,445.42,72.9623,synthetic_scenario_generator,True,26006
2020-10-14,923.35,469.01,73.151,synthetic_scenario_generator,True,26006
2020-10-15,938.17,462.01,73.6508,synthetic_scenario_generator,True,26006
2020-10-16,734.93,444.42,73.7001,synthetic_scenario_generator,True,26006
2020-10-17,949.84,454.76,73.5582,synthetic_scenario_generator,True,26006
2020-10-18,852.38,494.35,72.9373,synthetic_scenario_generator,True,26006
2020-10-19,751.53,466.54,73.2975,synthetic_scenario_generator,True,26006
2020-10-20,934.02,477.46,73.7038,synthetic_scenario_generator,True,26006
2020-10-21,859.11,489.4,73.7477,synthetic_scenario_generator,True,26006
2020-10-22,994.28,464.94,73.2084,synthetic_scenario_generator,True,26006
2020-10-23,1068.68,481.53,73.5814,synthetic_scenario_generator,True,26006
2020-10-24,896.66,472.81,73.4535,synthetic_scenario_generator,True,26006
2020-10-25,1011.47,457.84,73.815,synthetic_scenario_generator,True,26006
2020-10-26,813.27,481.18,73.8721,synthetic_scenario_generator,True,26006
2020-10-27,998.33,475.49,73.9217,synthetic_scenario_generator,True,26006
2020-10-28,975.89,455.18,73.8201,synthetic_scenario_generator,True,26006
2020-10-29,1055.96,465.98,73.82,synthetic_scenario_generator,True,26006
2020-10-30,863.55,457.03,73.5232,synthetic_scenario_generator,True,26006
2020-10-31,1005.27,485.13,74.0612,synthetic_scenario_generator,True,26006
2020-11-01,1128.13,503.4,73.9825,synthetic_scenario_generator,True,26006
2020-11-02,745.01,454.06,74.1691,synthetic_scenario_generator,True,26006
2020-11-03,1080.05,463.75,73.8919,synthetic_scenario_generator,True,26006
2020-11-04,1026.17,481.66,73.7191,synthetic_scenario_generator,True,26006
2020-11-05,979.35,471.31,74.0721,synthetic_scenario_generator,True,26006
2020-11-06,1109.19,463.69,74.144,synthetic_scenario_generator,True,26006
2020-11-07,976.87,481.52,73.912,synthetic_scenario_generator,True,26006
2020-11-08,1093.98,453.13,74.4442,synthetic_scenario_generator,True,26006
2020-11-09,1134.5,480.44,74.263,synthetic_scenario_generator,True,26006
2020-11-10,1116.8,461.89,74.1038,synthetic_scenario_generator,True,26006
2020-11-11,1005.73,466.67,74.072,synthetic_scenario_generator,True,26006
2020-11-12,864.03,477.73,73.9458,synthetic_scenario_generator,True,26006
2020-11-13,1152.48,459.26,74.0726,synthetic_scenario_generator,True,26006
2020-11-14,1286.26,509.5,74.1188,synthetic_scenario_generator,True,26006
2020-11-15,1212.86,440.37,74.0734,synthetic_scenario_generator,True,26006
2020-11-16,1105.02,440.25,74.3074,synthetic_scenario_generator,True,26006
2020-11-17,1084.87,436.66,74.6961,synthetic_scenario_generator,True,26006
2020-11-18,1252.91,424.34,74.3014,synthetic_scenario_generator,True,26006
2020-11-19,1085.52,462.97,74.6126,synthetic_scenario_generator,True,26006
2020-11-20,1167.74,451.55,74.1812,synthetic_scenario_generator,True,26006
2020-11-21,993.4,473.65,74.4952,synthetic_scenario_generator,True,26006
2020-11-22,1076.72,446.18,74.452,synthetic_scenario_generator,True,26006
2020-11-23,1208.46,450.0,74.6026,synthetic_scenario_generator,True,26006
2020-11-24,1315.13,438.78,74.5107,synthetic_scenario_generator,True,26006
2020-11-25,1373.01,446.4,74.754,synthetic_scenario_generator,True,26006
2020-11-26,1140.87,454.01,74.7955,synthetic_scenario_generator,True,26006
2020-11-27,1193.05,437.86,74.7154,synthetic_scenario_generator,True,26006
2020-11-28,1279.57,444.81,74.5388,synthetic_scenario_generator,True,26006
2020-11-29,1522.84,462.08,74.7605,synthetic_scenario_generator,True,26006
2020-11-30,1306.05,414.57,74.5005,synthetic_scenario_generator,True,26006
2020-12-01,1564.13,468.05,74.4213,synthetic_scenario_generator,True,26006
2020-12-02,1349.57,455.33,74.7542,synthetic_scenario_generator,True,26006
2020-12-03,1182.95,447.6,74.7152,synthetic_scenario_generator,True,26006
2020-12-04,1432.05,437.24,75.1156,synthetic_scenario_generator,True,26006
2020-12-05,1379.84,419.76,74.628,synthetic_scenario_generator,True,26006
2020-12-06,1541.54,413.68,74.8087,synthetic_scenario_generator,True,26006
2020-12-07,1379.88,432.87,75.1148,synthetic_scenario_generator,True,26006
2020-12-08,1451.74,426.82,75.0086,synthetic_scenario_generator,True,26006
2020-12-09,1648.58,438.49,75.4634,synthetic_scenario_generator,True,26006
2020-12-10,1510.4,448.97,74.8193,synthetic_scenario_generator,True,26006
2020-12-11,1807.56,438.44,75.1798,synthetic_scenario_generator,True,26006
2020-12-12,1616.95,422.18,74.8046,synthetic_scenario_generator,True,26006
2020-12-13,1512.74,420.23,74.8546,synthetic_scenario_generator,True,26006
2020-12-14,1832.27,414.88,75.106,synthetic_scenario_generator,True,26006
2020-12-15,1723.02,441.8,75.159,synthetic_scenario_generator,True,26006
2020-12-16,1587.1,452.85,75.2274,synthetic_scenario_generator,True,26006
2020-12-17,1761.46,402.99,75.305,synthetic_scenario_generator,True,26006
2020-12-18,1668.55,447.53,75.3629,synthetic_scenario_generator,True,26006
2020-12-19,1862.48,447.15,75.4175,synthetic_scenario_generator,True,26006
2020-12-20,1814.4,445.68,75.0796,synthetic_scenario_generator,True,26006
2020-12-21,1711.02,437.26,75.5152,synthetic_scenario_generator,True,26006
2020-12-22,1536.24,457.8,75.5896,synthetic_scenario_generator,True,26006
2020-12-23,1695.77,494.97,75.7248,synthetic_scenario_generator,True,26006
2020-12-24,1762.26,430.03,75.0733,synthetic_scenario_generator,True,26006
2020-12-25,1788.93,477.47,75.8125,synthetic_scenario_generator,True,26006
2020-12-26,1620.68,447.8,75.8813,synthetic_scenario_generator,True,26006
2020-12-27,1743.08,468.48,75.735,synthetic_scenario_generator,True,26006
2020-12-28,1690.21,454.91,75.7514,synthetic_scenario_generator,True,26006
2020-12-29,1726.52,498.6,75.6274,synthetic_scenario_generator,True,26006
2020-12-30,1777.54,466.31,75.2249,synthetic_scenario_generator,True,26006
2020-12-31,1810.55,471.59,75.5299,synthetic_scenario_generator,True,26006
2021-01-01,1671.49,496.43,75.2741,synthetic_scenario_generator,True,26006
2021-01-02,1720.51,480.67,75.8477,synthetic_scenario_generator,True,26006
2021-01-03,1806.46,475.75,75.6261,synthetic_scenario_generator,True,26006
2021-01-04,1800.56,494.63,75.6762,synthetic_scenario_generator,True,26006
2021-01-05,2000.67,537.79,75.7209,synthetic_scenario_generator,True,26006
2021-01-06,1829.18,507.01,75.4759,synthetic_scenario_generator,True,26006
2021-01-07,1628.29,526.7,75.6862,synthetic_scenario_generator,True,26006
2021-01-08,2083.05,509.55,75.5621,synthetic_scenario_generator,True,26006
2021-01-09,1886.78,548.25,75.6199,synthetic_scenario_generator,True,26006
2021-01-10,1934.62,533.27,75.8163,synthetic_scenario_generator,True,26006
2021-01-11,1765.14,536.27,75.7665,synthetic_scenario_generator,True,26006
2021-01-12,1854.22,545.1,75.9851,synthetic_scenario_generator,True,26006
2021-01-13,1911.95,521.54,75.7258,synthetic_scenario_generator,True,26006
2021-01-14,2095.81,543.88,75.5994,synthetic_scenario_generator,True,26006
2021-01-15,1973.37,542.13,75.8977,synthetic_scenario_generator,True,26006
2021-01-16,1796.62,563.19,75.6225,synthetic_scenario_generator,True,26006
2021-01-17,1898.63,548.34,75.8311,synthetic_scenario_generator,True,26006
2021-01-18,2046.74,543.24,75.9389,synthetic_scenario_generator,True,26006
2021-01-19,1965.31,522.31,75.816,synthetic_scenario_generator,True,26006
2021-01-20,1981.62,581.44,75.6249,synthetic_scenario_generator,True,26006
2021-01-21,2048.1,537.93,76.0676,synthetic_scenario_generator,True,26006
2021-01-22,2051.6,535.06,75.9031,synthetic_scenario_generator,True,26006
2021-01-23,1828.04,575.9,75.6888,synthetic_scenario_generator,True,26006
2021-01-24,1956.42,540.67,75.5665,synthetic_scenario_generator,True,26006
2021-01-25,2042.83,537.42,75.8521,synthetic_scenario_generator,True,26006
2021-01-26,2018.18,561.86,76.1514,synthetic_scenario_generator,True,26006
2021-01-27,1888.4,589.95,75.6089,synthetic_scenario_generator,True,26006
2021-01-28,1912.98,571.24,75.9134,synthetic_scenario_generator,True,26006
2021-01-29,1997.51,545.39,76.0069,synthetic_scenario_generator,True,26006
2021-01-30,1986.85,575.77,75.6691,synthetic_scenario_generator,True,26006
2021-01-31,2018.78,570.76,75.7906,synthetic_scenario_generator,True,26006
2021-02-01,2178.62,579.7,75.8325,synthetic_scenario_generator,True,26006
2021-02-02,2058.98,571.97,75.741,synthetic_scenario_generator,True,26006
2021-02-03,2106.21,584.45,75.6343,synthetic_scenario_generator,True,26006
2021-02-04,1894.05,579.51,76.2943,synthetic_scenario_generator,True,26006
2021-02-05,1846.5,617.0,76.0879,synthetic_scenario_generator,True,26006
2021-02-06,2034.06,628.89,75.6597,synthetic_scenario_generator,True,26006
2021-02-07,1966.62,596.25,76.3045,synthetic_scenario_generator,True,26006
2021-02-08,2030.73,551.32,76.0048,synthetic_scenario_generator,True,26006
2021-02-09,2012.75,565.04,76.0413,synthetic_scenario_generator,True,26006
2021-02-10,1883.13,588.66,76.3097,synthetic_scenario_generator,True,26006
2021-02-11,2155.63,595.7,75.8774,synthetic_scenario_generator,True,26006
2021-02-12,2004.31,569.5,75.9435,synthetic_scenario_generator,True,26006
2021-02-13,1965.33,631.58,76.3484,synthetic_scenario_generator,True,26006
2021-02-14,1929.58,572.27,75.6305,synthetic_scenario_generator,True,26006
2021-02-15,1813.31,552.71,75.9324,synthetic_scenario_generator,True,26006
2021-02-16,2057.51,567.6,75.8263,synthetic_scenario_generator,True,26006
2021-02-17,1879.94,558.76,75.6592,synthetic_scenario_generator,True,26006
2021-02-18,2094.12,549.49,76.1333,synthetic_scenario_generator,True,26006
2021-02-19,1747.26,588.34,75.5044,synthetic_scenario_generator,True,26006
2021-02-20,1800.72,568.33,75.7886,synthetic_scenario_generator,True,26006
2021-02-21,1991.72,542.98,75.6986,synthetic_scenario_generator,True,26006
2021-02-22,1782.69,557.32,75.4713,synthetic_scenario_generator,True,26006
2021-02-23,1824.66,563.96,75.9762,synthetic_scenario_generator,True,26006
2021-02-24,1886.55,541.76,75.591,synthetic_scenario_generator,True,26006
2021-02-25,1704.67,527.46,75.7283,synthetic_scenario_generator,True,26006
2021-02-26,1851.51,531.79,75.8378,synthetic_scenario_generator,True,26006
2021-02-27,2100.88,574.45,75.7848,synthetic_scenario_generator,True,26006
2021-02-28,1696.84,514.5,75.2948,synthetic_scenario_generator,True,26006
2021-03-01,1932.64,552.48,75.7188,synthetic_scenario_generator,True,26006
2021-03-02,1693.52,496.59,75.3458,synthetic_scenario_generator,True,26006
2021-03-03,1846.82,522.73,75.7861,synthetic_scenario_generator,True,26006
2021-03-04,1927.53,502.06,75.2821,synthetic_scenario_generator,True,26006
2021-03-05,1603.43,560.18,75.5797,synthetic_scenario_generator,True,26006
2021-03-06,1554.85,551.88,75.8442,synthetic_scenario_generator,True,26006
2021-03-07,1776.02,540.89,75.2848,synthetic_scenario_generator,True,26006
2021-03-08,1741.64,544.32,75.3991,synthetic_scenario_generator,True,26006
2021-03-09,1811.44,519.77,75.6985,synthetic_scenario_generator,True,26006
2021-03-10,1780.18,549.73,75.8998,synthetic_scenario_generator,True,26006
2021-03-11,1613.59,526.01,75.6574,synthetic_scenario_generator,True,26006
2021-03-12,1688.47,558.12,75.4927,synthetic_scenario_generator,True,26006
2021-03-13,1615.66,535.82,75.509,synthetic_scenario_generator,True,26006
2021-03-14,1758.75,522.72,75.8168,synthetic_scenario_generator,True,26006
2021-03-15,1657.04,557.22,75.6125,synthetic_scenario_generator,True,26006
2021-03-16,1394.73,507.57,75.3342,synthetic_scenario_generator,True,26006
2021-03-17,1511.13,481.74,75.093,synthetic_scenario_generator,True,26006
2021-03-18,1462.05,539.61,75.1573,synthetic_scenario_generator,True,26006
2021-03-19,1544.78,531.58,75.4584,synthetic_scenario_generator,True,26006
2021-03-20,1549.85,538.92,75.2805,synthetic_scenario_generator,True,26006
2021-03-21,1506.18,554.84,75.743,synthetic_scenario_generator,True,26006
2021-03-22,1521.61,556.75,75.4317,synthetic_scenario_generator,True,26006
2021-03-23,1300.04,526.23,75.364,synthetic_scenario_generator,True,26006
2021-03-24,1467.53,539.75,74.9756,synthetic_scenario_generator,True,26006
2021-03-25,1550.96,549.45,75.2291,synthetic_scenario_generator,True,26006
2021-03-26,1453.24,540.93,75.0017,synthetic_scenario_generator,True,26006
2021-03-27,1429.16,550.18,75.0442,synthetic_scenario_generator,True,26006
2021-03-28,1510.04,555.41,75.6204,synthetic_scenario_generator,True,26006
2021-03-29,1393.38,572.61,75.3574,synthetic_scenario_generator,True,26006
2021-03-30,1702.3,548.22,75.037,synthetic_scenario_generator,True,26006
2021-03-31,1678.36,548.03,75.4236,synthetic_scenario_generator,True,26006
2021-04-01,1429.29,544.52,75.3517,synthetic_scenario_generator,True,26006
2021-04-02,1329.66,571.64,74.9966,synthetic_scenario_generator,True,26006
2021-04-03,1438.89,554.2,74.7417,synthetic_scenario_generator,True,26006
2021-04-04,1293.24,552.92,75.0824,synthetic_scenario_generator,True,26006
2021-04-05,1425.07,565.05,75.1373,synthetic_scenario_generator,True,26006
2021-04-06,1553.51,571.03,75.5938,synthetic_scenario_generator,True,26006
2021-04-07,1419.37,572.18,74.9611,synthetic_scenario_generator,True,26006
2021-04-08,1334.45,571.44,75.2306,synthetic_scenario_generator,True,26006
2021-04-09,1528.1,586.99,75.0957,synthetic_scenario_generator,True,26006
2021-04-10,1306.39,570.99,74.9802,synthetic_scenario_generator,True,26006
2021-04-11,1435.01,566.7,74.9358,synthetic_scenario_generator,True,26006
2021-04-12,1292.79,584.66,75.3864,synthetic_scenario_generator,True,26006
2021-04-13,1254.39,591.84,74.9915,synthetic_scenario_generator,True,26006
2021-04-14,1158.02,581.18,75.3105,synthetic_scenario_generator,True,26006
2021-04-15,1446.95,588.28,74.988,synthetic_scenario_generator,True,26006
2021-04-16,1307.54,566.32,74.8411,synthetic_scenario_generator,True,26006
2021-04-17,1214.8,559.25,74.6728,synthetic_scenario_generator,True,26006
2021-04-18,1298.82,598.37,74.5982,synthetic_scenario_generator,True,26006
2021-04-19,1439.26,602.39,74.4241,synthetic_scenario_generator,True,26006
2021-04-20,1479.16,617.71,74.7913,synthetic_scenario_generator,True,26006
2021-04-21,1428.36,574.21,74.8881,synthetic_scenario_generator,True,26006
2021-04-22,1345.72,640.17,74.9065,synthetic_scenario_generator,True,26006
2021-04-23,1445.11,614.77,74.8005,synthetic_scenario_generator,True,26006
2021-04-24,1278.19,574.19,74.8796,synthetic_scenario_generator,True,26006
2021-04-25,1157.8,609.45,74.5219,synthetic_scenario_generator,True,26006
2021-04-26,1421.75,624.79,74.7932,synthetic_scenario_generator,True,26006
2021-04-27,1385.92,602.4,75.0941,synthetic_scenario_generator,True,26006
2021-04-28,1271.55,597.45,74.494,synthetic_scenario_generator,True,26006
2021-04-29,1300.73,584.39,74.7307,synthetic_scenario_generator,True,26006
2021-04-30,1345.16,609.21,74.6411,synthetic_scenario_generator,True,26006
2021-05-01,1201.81,600.21,74.8873,synthetic_scenario_generator,True,26006
2021-05-02,1140.26,564.64,74.82,synthetic_scenario_generator,True,26006
2021-05-03,1191.47,594.2,74.712,synthetic_scenario_generator,True,26006
2021-05-04,1303.12,608.26,74.338,synthetic_scenario_generator,True,26006
2021-05-05,1185.6,590.09,74.8348,synthetic_scenario_generator,True,26006
2021-05-06,1422.07,610.94,74.0822,synthetic_scenario_generator,True,26006
2021-05-07,1403.08,605.27,74.7927,synthetic_scenario_generator,True,26006
2021-05-08,1254.79,597.8,74.2932,synthetic_scenario_generator,True,26006
2021-05-09,1183.33,592.47,73.9012,synthetic_scenario_generator,True,26006
2021-05-10,1226.73,569.09,74.3856,synthetic_scenario_generator,True,26006
2021-05-11,1174.24,568.83,74.6522,synthetic_scenario_generator,True,26006
2021-05-12,1212.31,578.52,74.4177,synthetic_scenario_generator,True,26006
2021-05-13,1382.91,577.24,74.5132,synthetic_scenario_generator,True,26006
2021-05-14,1391.44,576.43,74.5815,synthetic_scenario_generator,True,26006
2021-05-15,1229.6,576.72,74.3947,synthetic_scenario_generator,True,26006
2021-05-16,1404.48,543.14,74.5243,synthetic_scenario_generator,True,26006
2021-05-17,1606.0,596.94,74.7833,synthetic_scenario_generator,True,26006
2021-05-18,1470.86,572.04,74.4645,synthetic_scenario_generator,True,26006
2021-05-19,1309.29,585.06,73.9282,synthetic_scenario_generator,True,26006
2021-05-20,1543.88,557.84,74.2143,synthetic_scenario_generator,True,26006
2021-05-21,1437.66,580.32,74.5328,synthetic_scenario_generator,True,26006
2021-05-22,1235.74,552.63,73.7648,synthetic_scenario_generator,True,26006
2021-05-23,1493.92,578.91,74.53,synthetic_scenario_generator,True,26006
2021-05-24,1036.61,527.33,74.286,synthetic_scenario_generator,True,26006
2021-05-25,1404.17,569.71,74.1753,synthetic_scenario_generator,True,26006
2021-05-26,1194.53,532.47,74.4488,synthetic_scenario_generator,True,26006
2021-05-27,1120.19,551.64,74.545,synthetic_scenario_generator,True,26006
2021-05-28,1316.94,527.54,74.0912,synthetic_scenario_generator,True,26006
2021-05-29,1226.16,528.83,74.3608,synthetic_scenario_generator,True,26006
2021-05-30,1432.23,528.41,74.0809,synthetic_scenario_generator,True,26006
2021-05-31,1163.57,511.74,74.2771,synthetic_scenario_generator,True,26006
2021-06-01,1469.56,510.78,74.0678,synthetic_scenario_generator,True,26006
2021-06-02,1418.2,507.01,74.2001,synthetic_scenario_generator,True,26006
2021-06-03,1212.46,500.52,74.3028,synthetic_scenario_generator,True,26006
2021-06-04,1413.32,510.29,74.4367,synthetic_scenario_generator,True,26006
2021-06-05,1445.83,526.44,74.2186,synthetic_scenario_generator,True,26006
2021-06-06,1456.69,497.46,74.5026,synthetic_scenario_generator,True,26006
2021-06-07,1307.89,513.19,74.2183,synthetic_scenario_generator,True,26006
2021-06-08,1498.91,506.18,74.3319,synthetic_scenario_generator,True,26006
2021-06-09,1415.47,479.63,74.0534,synthetic_scenario_generator,True,26006
2021-06-10,1395.35,508.06,73.9859,synthetic_scenario_generator,True,26006
2021-06-11,1318.73,500.52,74.5882,synthetic_scenario_generator,True,26006
2021-06-12,1226.93,514.92,74.1112,synthetic_scenario_generator,True,26006
2021-06-13,1511.94,491.27,73.7318,synthetic_scenario_generator,True,26006
2021-06-14,1473.77,452.03,74.1514,synthetic_scenario_generator,True,26006
2021-06-15,1475.5,478.78,74.2386,synthetic_scenario_generator,True,26006
2021-06-16,1187.55,490.11,74.2876,synthetic_scenario_generator,True,26006
2021-06-17,1304.27,426.98,74.1933,synthetic_scenario_generator,True,26006
2021-06-18,1368.01,496.88,74.2975,synthetic_scenario_generator,True,26006
2021-06-19,1293.8,467.47,74.1948,synthetic_scenario_generator,True,26006
2021-06-20,1215.88,463.43,74.5901,synthetic_scenario_generator,True,26006
2021-06-21,1197.98,489.25,74.5329,synthetic_scenario_generator,True,26006
2021-06-22,1518.35,476.12,73.9001,synthetic_scenario_generator,True,26006
2021-06-23,1399.32,442.63,74.0409,synthetic_scenario_generator,True,26006
2021-06-24,1421.87,499.01,74.427,synthetic_scenario_generator,True,26006
2021-06-25,1323.48,473.08,74.2032,synthetic_scenario_generator,True,26006
2021-06-26,1297.47,479.71,74.387,synthetic_scenario_generator,True,26006
2021-06-27,1481.28,495.83,74.1596,synthetic_scenario_generator,True,26006
2021-06-28,1271.95,474.53,74.2204,synthetic_scenario_generator,True,26006
2021-06-29,1482.94,467.25,74.5609,synthetic_scenario_generator,True,26006
2021-06-30,1550.09,464.18,74.2459,synthetic_scenario_generator,True,26006
2021-07-01,1152.49,491.9,74.169,synthetic_scenario_generator,True,26006
2021-07-02,1276.89,472.57,74.4936,synthetic_scenario_generator,True,26006
2021-07-03,1485.66,482.63,74.473,synthetic_scenario_generator,True,26006
2021-07-04,1228.87,463.95,74.5064,synthetic_scenario_generator,True,26006
2021-07-05,1320.89,481.38,74.0695,synthetic_scenario_generator,True,26006
2021-07-06,1223.89,477.99,74.4688,synthetic_scenario_generator,True,26006
2021-07-07,1299.84,479.88,74.3689,synthetic_scenario_generator,True,26006
2021-07-08,1231.64,480.51,74.3768,synthetic_scenario_generator,True,26006
2021-07-09,1380.64,490.27,74.476,synthetic_scenario_generator,True,26006
2021-07-10,1450.53,497.26,74.4767,synthetic_scenario_generator,True,26006
2021-07-11,1293.17,517.33,74.2809,synthetic_scenario_generator,True,26006
2021-07-12,1348.22,484.75,74.7223,synthetic_scenario_generator,True,26006
2021-07-13,1149.67,478.7,74.484,synthetic_scenario_generator,True,26006
2021-07-14,1132.69,469.82,74.6011,synthetic_scenario_generator,True,26006
2021-07-15,1213.54,502.16,74.7914,synthetic_scenario_generator,True,26006
2021-07-16,1367.1,513.71,74.8442,synthetic_scenario_generator,True,26006
2021-07-17,1143.65,431.69,74.612,synthetic_scenario_generator,True,26006
2021-07-18,1161.59,475.38,74.4842,synthetic_scenario_generator,True,26006
2021-07-19,1225.29,495.05,74.6765,synthetic_scenario_generator,True,26006
2021-07-20,1297.43,468.98,74.5,synthetic_scenario_generator,True,26006
2021-07-21,1049.7,506.07,74.7435,synthetic_scenario_generator,True,26006
2021-07-22,1351.88,524.21,74.5952,synthetic_scenario_generator,True,26006
2021-07-23,1390.98,518.37,74.3685,synthetic_scenario_generator,True,26006
2021-07-24,1321.27,479.52,74.644,synthetic_scenario_generator,True,26006
2021-07-25,916.17,500.17,74.864,synthetic_scenario_generator,True,26006
2021-07-26,1125.78,514.7,74.6277,synthetic_scenario_generator,True,26006
2021-07-27,1027.64,500.04,74.1561,synthetic_scenario_generator,True,26006
2021-07-28,1227.26,501.57,74.9373,synthetic_scenario_generator,True,26006
2021-07-29,1127.03,491.65,74.8578,synthetic_scenario_generator,True,26006
2021-07-30,1127.81,489.33,75.0332,synthetic_scenario_generator,True,26006
2021-07-31,1141.7,516.28,74.7684,synthetic_scenario_generator,True,26006
2021-08-01,1137.79,486.57,74.8968,synthetic_scenario_generator,True,26006
2021-08-02,1162.05,520.02,74.7822,synthetic_scenario_generator,True,26006
2021-08-03,1082.89,533.08,74.9362,synthetic_scenario_generator,True,26006
2021-08-04,1089.17,477.62,74.7136,synthetic_scenario_generator,True,26006
2021-08-05,1151.75,486.87,74.8745,synthetic_scenario_generator,True,26006
2021-08-06,957.96,509.33,74.8116,synthetic_scenario_generator,True,26006
2021-08-07,913.19,471.7,74.9684,synthetic_scenario_generator,True,26006
2021-08-08,1035.31,514.15,74.8983,synthetic_scenario_generator,True,26006
2021-08-09,1017.56,488.23,75.2907,synthetic_scenario_generator,True,26006
2021-08-10,998.18,487.69,74.7733,synthetic_scenario_generator,True,26006
2021-08-11,1042.61,488.75,75.1913,synthetic_scenario_generator,True,26006
2021-08-12,913.36,493.03,75.2943,synthetic_scenario_generator,True,26006
2021-08-13,1015.58,469.27,75.573,synthetic_scenario_generator,True,26006
2021-08-14,1094.61,463.31,75.2714,synthetic_scenario_generator,True,26006
2021-08-15,1115.64,495.74,75.3042,synthetic_scenario_generator,True,26006
2021-08-16,1033.35,457.81,74.9599,synthetic_scenario_generator,True,26006
2021-08-17,1000.37,483.76,75.2574,synthetic_scenario_generator,True,26006
2021-08-18,949.96,475.68,75.659,synthetic_scenario_generator,True,26006
2021-08-19,1013.05,457.47,75.3288,synthetic_scenario_generator,True,26006
2021-08-20,1064.23,476.4,75.4929,synthetic_scenario_generator,True,26006
2021-08-21,813.32,460.06,75.331,synthetic_scenario_generator,True,26006
2021-08-22,622.64,437.11,75.2881,synthetic_scenario_generator,True,26006
2021-08-23,931.37,468.93,75.5377,synthetic_scenario_generator,True,26006
2021-08-24,1035.02,456.81,75.2641,synthetic_scenario_generator,True,26006
2021-08-25,874.19,475.28,75.2767,synthetic_scenario_generator,True,26006
2021-08-26,983.96,427.69,75.698,synthetic_scenario_generator,True,26006
2021-08-27,604.36,438.92,75.5932,synthetic_scenario_generator,True,26006
2021-08-28,624.49,425.35,75.7265,synthetic_scenario_generator,True,26006
2021-08-29,936.55,429.89,75.5506,synthetic_scenario_generator,True,26006
2021-08-30,826.43,437.1,75.6665,synthetic_scenario_generator,True,26006
2021-08-31,674.72,437.6,75.5767,synthetic_scenario_generator,True,26006
2021-09-01,707.93,410.04,75.512,synthetic_scenario_generator,True,26006
2021-09-02,769.33,429.31,75.9891,synthetic_scenario_generator,True,26006
2021-09-03,761.3,399.6,75.8829,synthetic_scenario_generator,True,26006
2021-09-04,850.74,409.12,75.7887,synthetic_scenario_generator,True,26006
2021-09-05,779.01,416.91,75.9299,synthetic_scenario_generator,True,26006
2021-09-06,936.55,401.3,75.8208,synthetic_scenario_generator,True,26006
2021-09-07,900.57,399.92,76.1143,synthetic_scenario_generator,True,26006
2021-09-08,450.0,401.08,76.3521,synthetic_scenario_generator,True,26006
2021-09-09,868.17,416.5,75.7079,synthetic_scenario_generator,True,26006
2021-09-10,767.19,407.53,76.1178,synthetic_scenario_generator,True,26006
2021-09-11,699.09,397.76,76.0806,synthetic_scenario_generator,True,26006
2021-09-12,904.53,369.69,76.1967,synthetic_scenario_generator,True,26006
2021-09-13,763.31,414.98,76.1774,synthetic_scenario_generator,True,26006
2021-09-14,902.69,395.37,76.3157,synthetic_scenario_generator,True,26006
2021-09-15,639.64,386.97,76.0605,synthetic_scenario_generator,True,26006
2021-09-16,728.65,369.16,76.0524,synthetic_scenario_generator,True,26006
2021-09-17,678.26,383.22,75.9412,synthetic_scenario_generator,True,26006
2021-09-18,945.39,361.81,76.3617,synthetic_scenario_generator,True,26006
2021-09-19,786.46,374.3,76.3251,synthetic_scenario_generator,True,26006
2021-09-20,808.17,394.99,76.2098,synthetic_scenario_generator,True,26006
2021-09-21,706.45,403.11,76.4891,synthetic_scenario_generator,True,26006
2021-09-22,450.0,394.92,76.1611,synthetic_scenario_generator,True,26006
2021-09-23,758.52,404.18,76.166,synthetic_scenario_generator,True,26006
2021-09-24,697.31,378.47,76.1842,synthetic_scenario_generator,True,26006
2021-09-25,871.08,382.32,76.6558,synthetic_scenario_generator,True,26006
2021-09-26,690.94,362.41,76.4542,synthetic_scenario_generator,True,26006
2021-09-27,450.0,393.71,76.6137,synthetic_scenario_generator,True,26006
2021-09-28,768.79,385.63,76.3017,synthetic_scenario_generator,True,26006
2021-09-29,478.61,368.51,76.6181,synthetic_scenario_generator,True,26006
2021-09-30,804.68,389.01,76.2877,synthetic_scenario_generator,True,26006
2021-10-01,763.47,367.01,76.6627,synthetic_scenario_generator,True,26006
2021-10-02,805.23,400.75,76.5181,synthetic_scenario_generator,True,26006
2021-10-03,841.38,414.45,76.3485,synthetic_scenario_generator,True,26006
2021-10-04,720.62,415.38,76.5033,synthetic_scenario_generator,True,26006
2021-10-05,761.62,391.51,76.8562,synthetic_scenario_generator,True,26006
2021-10-06,788.41,411.58,76.7664,synthetic_scenario_generator,True,26006
2021-10-07,726.11,395.85,76.2939,synthetic_scenario_generator,True,26006
2021-10-08,963.39,404.94,77.3568,synthetic_scenario_generator,True,26006
2021-10-09,767.77,412.17,76.8687,synthetic_scenario_generator,True,26006
2021-10-10,805.07,439.8,77.2682,synthetic_scenario_generator,True,26006
2021-10-11,875.82,405.78,76.8205,synthetic_scenario_generator,True,26006
2021-10-12,837.71,395.29,77.0249,synthetic_scenario_generator,True,26006
2021-10-13,834.44,443.35,76.9709,synthetic_scenario_generator,True,26006
2021-10-14,968.56,429.87,77.0666,synthetic_scenario_generator,True,26006
2021-10-15,979.54,443.14,77.1075,synthetic_scenario_generator,True,26006
2021-10-16,903.31,447.34,77.285,synthetic_scenario_generator,True,26006
2021-10-17,869.45,420.65,76.7805,synthetic_scenario_generator,True,26006
2021-10-18,843.82,440.56,77.3731,synthetic_scenario_generator,True,26006
2021-10-19,847.21,423.88,77.3005,synthetic_scenario_generator,True,26006
2021-10-20,1015.56,476.38,76.828,synthetic_scenario_generator,True,26006
2021-10-21,852.07,436.53,77.3706,synthetic_scenario_generator,True,26006
2021-10-22,865.25,442.6,77.0481,synthetic_scenario_generator,True,26006
2021-10-23,1078.15,460.05,77.4581,synthetic_scenario_generator,True,26006
2021-10-24,1020.21,450.52,77.3451,synthetic_scenario_generator,True,26006
2021-10-25,979.54,433.12,77.6007,synthetic_scenario_generator,True,26006
2021-10-26,924.81,460.62,77.5872,synthetic_scenario_generator,True,26006
2021-10-27,1200.98,472.96,77.7877,synthetic_scenario_generator,True,26006
2021-10-28,928.27,478.51,77.7049,synthetic_scenario_generator,True,26006
2021-10-29,1099.36,466.02,76.9694,synthetic_scenario_generator,True,26006
2021-10-30,1276.49,478.77,77.4223,synthetic_scenario_generator,True,26006
2021-10-31,1156.06,463.2,77.9313,synthetic_scenario_generator,True,26006
2021-11-01,1060.32,434.73,77.6787,synthetic_scenario_generator,True,26006
2021-11-02,1101.85,467.22,77.9633,synthetic_scenario_generator,True,26006
2021-11-03,1275.62,499.05,77.4526,synthetic_scenario_generator,True,26006
2021-11-04,1204.01,490.77,77.6011,synthetic_scenario_generator,True,26006
2021-11-05,1172.68,474.0,77.4748,synthetic_scenario_generator,True,26006
2021-11-06,1374.23,474.33,77.4916,synthetic_scenario_generator,True,26006
2021-11-07,1258.41,489.15,77.8105,synthetic_scenario_generator,True,26006
2021-11-08,1158.41,485.47,77.8509,synthetic_scenario_generator,True,26006
2021-11-09,1324.67,431.33,77.2953,synthetic_scenario_generator,True,26006
2021-11-10,1288.68,452.23,77.8144,synthetic_scenario_generator,True,26006
2021-11-11,1296.48,504.12,78.1672,synthetic_scenario_generator,True,26006
2021-11-12,1237.15,473.17,77.7474,synthetic_scenario_generator,True,26006
2021-11-13,1203.37,476.0,77.6625,synthetic_scenario_generator,True,26006
2021-11-14,1267.43,505.44,77.6674,synthetic_scenario_generator,True,26006
2021-11-15,1307.58,498.67,77.8975,synthetic_scenario_generator,True,26006
2021-11-16,1335.34,465.06,77.3684,synthetic_scenario_generator,True,26006
2021-11-17,1461.77,487.04,77.9288,synthetic_scenario_generator,True,26006
2021-11-18,1232.5,487.35,77.8798,synthetic_scenario_generator,True,26006
2021-11-19,1355.54,490.33,77.5624,synthetic_scenario_generator,True,26006
2021-11-20,1449.5,449.54,77.7463,synthetic_scenario_generator,True,26006
2021-11-21,1519.89,480.31,77.6966,synthetic_scenario_generator,True,26006
2021-11-22,1550.79,495.4,77.7986,synthetic_scenario_generator,True,26006
2021-11-23,1485.71,438.79,77.8759,synthetic_scenario_generator,True,26006
2021-11-24,1518.79,456.33,78.0787,synthetic_scenario_generator,True,26006
2021-11-25,1307.25,469.17,77.676,synthetic_scenario_generator,True,26006
2021-11-26,1348.33,478.09,77.8611,synthetic_scenario_generator,True,26006
2021-11-27,1514.77,441.68,78.221,synthetic_scenario_generator,True,26006
2021-11-28,1443.35,465.52,77.9508,synthetic_scenario_generator,True,26006
2021-11-29,1772.17,483.27,77.8318,synthetic_scenario_generator,True,26006
2021-11-30,1682.19,446.03,77.7867,synthetic_scenario_generator,True,26006
2021-12-01,1444.43,477.21,77.7879,synthetic_scenario_generator,True,26006
2021-12-02,1610.84,439.78,77.7033,synthetic_scenario_generator,True,26006
2021-12-03,1697.29,433.72,78.0063,synthetic_scenario_generator,True,26006
2021-12-04,1354.96,444.4,77.8327,synthetic_scenario_generator,True,26006
2021-12-05,1640.22,453.11,77.9586,synthetic_scenario_generator,True,26006
2021-12-06,1507.0,419.39,77.8012,synthetic_scenario_generator,True,26006
2021-12-07,1705.6,446.44,77.4535,synthetic_scenario_generator,True,26006
2021-12-08,1587.82,449.88,78.1044,synthetic_scenario_generator,True,26006
2021-12-09,1622.0,426.55,77.7994,synthetic_scenario_generator,True,26006
2021-12-10,1724.09,458.74,78.07,synthetic_scenario_generator,True,26006
2021-12-11,1860.07,463.34,77.702,synthetic_scenario_generator,True,26006
2021-12-12,1917.51,453.11,78.2257,synthetic_scenario_generator,True,26006
2021-12-13,1658.39,455.42,78.059,synthetic_scenario_generator,True,26006
2021-12-14,1949.8,421.22,77.4056,synthetic_scenario_generator,True,26006
2021-12-15,1857.77,453.0,77.8238,synthetic_scenario_generator,True,26006
2021-12-16,1836.75,414.53,77.5878,synthetic_scenario_generator,True,26006
2021-12-17,1777.48,455.09,77.7285,synthetic_scenario_generator,True,26006
2021-12-18,1801.39,435.96,77.688,synthetic_scenario_generator,True,26006
2021-12-19,1562.67,443.44,77.6144,synthetic_scenario_generator,True,26006
2021-12-20,1776.36,466.05,77.7215,synthetic_scenario_generator,True,26006
2021-12-21,1981.92,424.2,78.0809,synthetic_scenario_generator,True,26006
2021-12-22,1789.7,426.51,77.6542,synthetic_scenario_generator,True,26006
2021-12-23,1626.61,439.37,78.1166,synthetic_scenario_generator,True,26006
2021-12-24,1854.33,472.12,77.4996,synthetic_scenario_generator,True,26006
2021-12-25,1944.22,396.41,77.957,synthetic_scenario_generator,True,26006
2021-12-26,2015.27,445.93,77.8671,synthetic_scenario_generator,True,26006
2021-12-27,1865.43,486.72,77.8687,synthetic_scenario_generator,True,26006
2021-12-28,1788.28,458.32,78.0452,synthetic_scenario_generator,True,26006
2021-12-29,1742.31,439.73,77.929,synthetic_scenario_generator,True,26006
2021-12-30,1893.76,462.67,77.7744,synthetic_scenario_generator,True,26006
2021-12-31,1797.56,477.86,77.7417,synthetic_scenario_generator,True,26006
2022-01-01,1909.67,478.97,77.6682,synthetic_scenario_generator,True,26006
2022-01-02,1843.81,472.78,77.9024,synthetic_scenario_generator,True,26006
2022-01-03,1916.4,482.08,77.9583,synthetic_scenario_generator,True,26006
2022-01-04,1831.45,498.62,77.9931,synthetic_scenario_generator,True,26006
2022-01-05,1937.56,461.18,77.8582,synthetic_scenario_generator,True,26006
2022-01-06,1850.97,472.85,77.3331,synthetic_scenario_generator,True,26006
2022-01-07,1828.27,474.19,77.6585,synthetic_scenario_generator,True,26006
2022-01-08,1825.39,480.52,77.7236,synthetic_scenario_generator,True,26006
2022-01-09,1731.21,466.26,78.0251,synthetic_scenario_generator,True,26006
2022-01-10,1924.18,527.33,77.6398,synthetic_scenario_generator,True,26006
2022-01-11,2095.55,519.94,77.7492,synthetic_scenario_generator,True,26006
2022-01-12,1938.45,557.09,77.3265,synthetic_scenario_generator,True,26006
2022-01-13,2099.01,567.16,77.8091,synthetic_scenario_generator,True,26006
2022-01-14,1683.06,551.36,77.5787,synthetic_scenario_generator,True,26006
2022-01-15,1841.09,532.27,77.533,synthetic_scenario_generator,True,26006
2022-01-16,1855.5,506.7,77.4692,synthetic_scenario_generator,True,26006
2022-01-17,1803.31,510.34,77.3592,synthetic_scenario_generator,True,26006
2022-01-18,1950.61,550.44,77.518,synthetic_scenario_generator,True,26006
2022-01-19,2038.4,531.36,77.4651,synthetic_scenario_generator,True,26006
2022-01-20,1931.42,529.35,77.6861,synthetic_scenario_generator,True,26006
2022-01-21,1777.01,510.0,77.4284,synthetic_scenario_generator,True,26006
2022-01-22,1612.39,536.42,77.5564,synthetic_scenario_generator,True,26006
2022-01-23,1767.83,549.46,77.1626,synthetic_scenario_generator,True,26006
2022-01-24,2004.48,581.87,77.2725,synthetic_scenario_generator,True,26006
2022-01-25,1643.3,531.6,77.7766,synthetic_scenario_generator,True,26006
2022-01-26,1786.31,538.66,77.4334,synthetic_scenario_generator,True,26006
2022-01-27,1796.14,573.4,77.6918,synthetic_scenario_generator,True,26006
2022-01-28,1831.43,558.58,77.2309,synthetic_scenario_generator,True,26006
2022-01-29,1895.81,574.88,76.9921,synthetic_scenario_generator,True,26006
2022-01-30,1750.32,555.32,77.3452,synthetic_scenario_generator,True,26006
2022-01-31,1957.83,591.8,77.4935,synthetic_scenario_generator,True,26006
2022-02-01,1754.21,578.06,76.9821,synthetic_scenario_generator,True,26006
2022-02-02,1750.85,592.19,77.5519,synthetic_scenario_generator,True,26006
2022-02-03,1714.09,584.74,76.7142,synthetic_scenario_generator,True,26006
2022-02-04,1621.06,576.18,77.4154,synthetic_scenario_generator,True,26006
2022-02-05,1719.95,566.88,77.0797,synthetic_scenario_generator,True,26006
2022-02-06,1910.59,567.96,76.9508,synthetic_scenario_generator,True,26006
2022-02-07,1896.04,563.84,77.3148,synthetic_scenario_generator,True,26006
2022-02-08,1529.93,585.03,77.3847,synthetic_scenario_generator,True,26006
2022-02-09,1994.79,598.42,77.1694,synthetic_scenario_generator,True,26006
2022-02-10,1655.65,574.17,77.1324,synthetic_scenario_generator,True,26006
2022-02-11,1740.53,588.06,76.8029,synthetic_scenario_generator,True,26006
2022-02-12,1460.01,614.54,76.9915,synthetic_scenario_generator,True,26006
2022-02-13,1445.61,589.18,77.2654,synthetic_scenario_generator,True,26006
2022-02-14,1696.38,579.25,76.8059,synthetic_scenario_generator,True,26006
2022-02-15,1610.81,617.92,76.8002,synthetic_scenario_generator,True,26006
2022-02-16,1460.66,621.46,76.9523,synthetic_scenario_generator,True,26006
2022-02-17,1595.65,553.94,76.6983,synthetic_scenario_generator,True,26006
2022-02-18,1656.88,570.71,76.6857,synthetic_scenario_generator,True,26006
2022-02-19,1599.54,565.34,77.1523,synthetic_scenario_generator,True,26006
2022-02-20,1656.81,590.8,76.8821,synthetic_scenario_generator,True,26006
2022-02-21,1711.34,561.39,76.9154,synthetic_scenario_generator,True,26006
2022-02-22,1490.37,566.01,77.0077,synthetic_scenario_generator,True,26006
2022-02-23,1651.08,552.64,76.9055,synthetic_scenario_generator,True,26006
2022-02-24,1609.93,569.47,76.7659,synthetic_scenario_generator,True,26006
2022-02-25,1261.78,568.01,76.427,synthetic_scenario_generator,True,26006
2022-02-26,1745.49,570.09,77.0738,synthetic_scenario_generator,True,26006
2022-02-27,1557.04,553.76,76.5327,synthetic_scenario_generator,True,26006
2022-02-28,1451.33,535.18,76.8951,synthetic_scenario_generator,True,26006
2022-03-01,1614.34,550.13,76.4094,synthetic_scenario_generator,True,26006
2022-03-02,1547.08,574.17,76.8466,synthetic_scenario_generator,True,26006
2022-03-03,1487.73,535.02,76.7928,synthetic_scenario_generator,True,26006
2022-03-04,1486.44,532.66,76.7307,synthetic_scenario_generator,True,26006
2022-03-05,1702.52,557.44,76.5827,synthetic_scenario_generator,True,26006
2022-03-06,1479.04,561.45,76.2993,synthetic_scenario_generator,True,26006
2022-03-07,1415.29,564.24,76.582,synthetic_scenario_generator,True,26006
2022-03-08,1590.02,543.97,76.5593,synthetic_scenario_generator,True,26006
2022-03-09,1352.75,564.79,76.4546,synthetic_scenario_generator,True,26006
2022-03-10,1460.83,537.48,76.6336,synthetic_scenario_generator,True,26006
2022-03-11,1536.32,553.08,76.6826,synthetic_scenario_generator,True,26006
2022-03-12,1355.57,539.64,76.7285,synthetic_scenario_generator,True,26006
2022-03-13,1727.0,523.0,76.3622,synthetic_scenario_generator,True,26006
2022-03-14,1470.8,548.92,76.8108,synthetic_scenario_generator,True,26006
2022-03-15,1473.36,530.01,76.6312,synthetic_scenario_generator,True,26006
2022-03-16,1541.48,517.75,76.6263,synthetic_scenario_generator,True,26006
2022-03-17,1293.82,528.97,76.5505,synthetic_scenario_generator,True,26006
2022-03-18,1489.18,536.73,76.28,synthetic_scenario_generator,True,26006
2022-03-19,1453.53,527.23,76.4193,synthetic_scenario_generator,True,26006
2022-03-20,1517.95,534.23,76.7539,synthetic_scenario_generator,True,26006
2022-03-21,1582.36,558.09,76.0952,synthetic_scenario_generator,True,26006
2022-03-22,1398.61,558.12,76.427,synthetic_scenario_generator,True,26006
2022-03-23,1323.55,517.59,76.6949,synthetic_scenario_generator,True,26006
2022-03-24,1689.98,527.21,76.2311,synthetic_scenario_generator,True,26006
2022-03-25,1301.48,543.86,76.2009,synthetic_scenario_generator,True,26006
2022-03-26,1492.41,507.37,76.4618,synthetic_scenario_generator,True,26006
2022-03-27,1458.33,518.44,76.5674,synthetic_scenario_generator,True,26006
2022-03-28,1585.85,533.18,76.1269,synthetic_scenario_generator,True,26006
2022-03-29,1360.67,552.62,76.8017,synthetic_scenario_generator,True,26006
2022-03-30,1535.59,502.07,76.0828,synthetic_scenario_generator,True,26006
2022-03-31,1499.57,528.99,76.0654,synthetic_scenario_generator,True,26006
2022-04-01,1509.01,541.2,76.8104,synthetic_scenario_generator,True,26006
2022-04-02,1345.97,532.37,76.2948,synthetic_scenario_generator,True,26006
2022-04-03,1412.01,545.29,76.2693,synthetic_scenario_generator,True,26006
2022-04-04,1230.84,496.47,76.1135,synthetic_scenario_generator,True,26006
2022-04-05,1426.61,545.98,76.6303,synthetic_scenario_generator,True,26006
2022-04-06,1520.57,542.93,76.2843,synthetic_scenario_generator,True,26006
2022-04-07,1267.16,539.27,76.0928,synthetic_scenario_generator,True,26006
2022-04-08,1413.09,571.33,76.5529,synthetic_scenario_generator,True,26006
2022-04-09,1412.97,538.55,76.3235,synthetic_scenario_generator,True,26006
2022-04-10,1430.76,557.57,75.9935,synthetic_scenario_generator,True,26006
2022-04-11,1494.12,550.98,76.3817,synthetic_scenario_generator,True,26006
2022-04-12,1597.71,555.76,75.4676,synthetic_scenario_generator,True,26006
2022-04-13,1649.08,581.66,76.1795,synthetic_scenario_generator,True,26006
2022-04-14,1608.31,518.68,76.5805,synthetic_scenario_generator,True,26006
2022-04-15,1425.82,556.86,76.0232,synthetic_scenario_generator,True,26006
2022-04-16,1350.88,546.82,76.0189,synthetic_scenario_generator,True,26006
2022-04-17,1478.83,559.6,76.1747,synthetic_scenario_generator,True,26006
2022-04-18,1306.37,552.16,76.1178,synthetic_scenario_generator,True,26006
2022-04-19,1497.86,565.68,76.2691,synthetic_scenario_generator,True,26006
2022-04-20,1362.77,562.57,76.5654,synthetic_scenario_generator,True,26006
2022-04-21,1488.1,540.77,76.2081,synthetic_scenario_generator,True,26006
2022-04-22,1661.95,606.61,76.614,synthetic_scenario_generator,True,26006
2022-04-23,1603.45,552.61,76.2061,synthetic_scenario_generator,True,26006
2022-04-24,1422.68,579.37,76.3733,synthetic_scenario_generator,True,26006
2022-04-25,1427.47,567.35,76.2641,synthetic_scenario_generator,True,26006
2022-04-26,1479.27,585.19,76.046,synthetic_scenario_generator,True,26006
2022-04-27,1681.48,599.58,76.9128,synthetic_scenario_generator,True,26006
2022-04-28,1632.16,589.87,76.1943,synthetic_scenario_generator,True,26006
2022-04-29,1689.67,628.97,76.2407,synthetic_scenario_generator,True,26006
2022-04-30,1633.19,595.13,76.2463,synthetic_scenario_generator,True,26006
2022-05-01,1553.46,613.51,76.4717,synthetic_scenario_generator,True,26006
2022-05-02,1457.07,568.68,76.6497,synthetic_scenario_generator,True,26006
2022-05-03,1609.05,619.53,76.3301,synthetic_scenario_generator,True,26006
2022-05-04,1410.73,572.6,76.4159,synthetic_scenario_generator,True,26006
2022-05-05,1377.7,627.97,76.5994,synthetic_scenario_generator,True,26006
2022-05-06,1588.77,611.52,75.9923,synthetic_scenario_generator,True,26006
2022-05-07,1380.81,609.27,76.321,synthetic_scenario_generator,True,26006
2022-05-08,1643.83,569.61,76.2847,synthetic_scenario_generator,True,26006
2022-05-09,1619.2,607.43,76.5622,synthetic_scenario_generator,True,26006
2022-05-10,1472.42,615.25,76.5147,synthetic_scenario_generator,True,26006
2022-05-11,1514.95,584.2,76.2634,synthetic_scenario_generator,True,26006
2022-05-12,1589.96,637.99,76.5463,synthetic_scenario_generator,True,26006
2022-05-13,1642.15,606.09,76.4249,synthetic_scenario_generator,True,26006
2022-05-14,1613.1,581.14,76.791,synthetic_scenario_generator,True,26006
2022-05-15,1633.64,582.94,76.1794,synthetic_scenario_generator,True,26006
2022-05-16,1644.44,613.28,76.7204,synthetic_scenario_generator,True,26006
2022-05-17,1603.68,630.31,76.4912,synthetic_scenario_generator,True,26006
2022-05-18,1663.12,572.19,76.4914,synthetic_scenario_generator,True,26006
2022-05-19,1491.76,552.3,76.7454,synthetic_scenario_generator,True,26006
2022-05-20,1637.55,560.98,76.4993,synthetic_scenario_generator,True,26006
2022-05-21,1708.29,562.03,76.4064,synthetic_scenario_generator,True,26006
2022-05-22,1578.96,579.53,76.4493,synthetic_scenario_generator,True,26006
2022-05-23,1506.21,567.66,76.2297,synthetic_scenario_generator,True,26006
2022-05-24,1468.79,557.34,76.3549,synthetic_scenario_generator,True,26006
2022-05-25,1455.78,565.31,76.738,synthetic_scenario_generator,True,26006
2022-05-26,1684.37,555.39,76.5887,synthetic_scenario_generator,True,26006
2022-05-27,1693.09,551.71,76.328,synthetic_scenario_generator,True,26006
2022-05-28,1595.67,552.04,76.6829,synthetic_scenario_generator,True,26006
2022-05-29,1591.13,531.48,76.1021,synthetic_scenario_generator,True,26006
2022-05-30,1563.35,556.52,76.7302,synthetic_scenario_generator,True,26006
2022-05-31,1683.11,522.54,76.6047,synthetic_scenario_generator,True,26006
2022-06-01,1508.91,567.05,76.3143,synthetic_scenario_generator,True,26006
2022-06-02,1504.6,532.94,77.0903,synthetic_scenario_generator,True,26006
2022-06-03,1481.58,535.82,76.6735,synthetic_scenario_generator,True,26006
2022-06-04,1455.14,532.67,76.6734,synthetic_scenario_generator,True,26006
2022-06-05,1400.85,512.75,76.5723,synthetic_scenario_generator,True,26006
2022-06-06,1565.03,538.68,76.9861,synthetic_scenario_generator,True,26006
2022-06-07,1544.06,517.21,76.5912,synthetic_scenario_generator,True,26006
2022-06-08,1478.23,511.33,76.8752,synthetic_scenario_generator,True,26006
2022-06-09,1416.01,509.3,77.3102,synthetic_scenario_generator,True,26006
2022-06-10,1297.08,494.34,77.1629,synthetic_scenario_generator,True,26006
2022-06-11,1492.5,512.02,76.8161,synthetic_scenario_generator,True,26006
2022-06-12,1503.6,509.1,76.6413,synthetic_scenario_generator,True,26006
2022-06-13,1426.61,482.89,77.0041,synthetic_scenario_generator,True,26006
2022-06-14,1451.09,472.16,76.9753,synthetic_scenario_generator,True,26006
2022-06-15,1508.65,459.07,77.1748,synthetic_scenario_generator,True,26006
2022-06-16,1306.77,468.71,77.0537,synthetic_scenario_generator,True,26006
2022-06-17,1434.57,484.76,77.0977,synthetic_scenario_generator,True,26006
2022-06-18,1500.24,550.76,76.9178,synthetic_scenario_generator,True,26006
2022-06-19,1432.76,488.07,77.185,synthetic_scenario_generator,True,26006
2022-06-20,1312.38,468.08,76.9719,synthetic_scenario_generator,True,26006
2022-06-21,1404.83,484.37,77.2911,synthetic_scenario_generator,True,26006
2022-06-22,1300.78,492.85,77.1089,synthetic_scenario_generator,True,26006
2022-06-23,1275.2,482.05,77.2889,synthetic_scenario_generator,True,26006
2022-06-24,1282.07,459.96,77.7721,synthetic_scenario_generator,True,26006
2022-06-25,1469.8,460.08,76.9077,synthetic_scenario_generator,True,26006
2022-06-26,1434.42,457.86,77.3782,synthetic_scenario_generator,True,26006
2022-06-27,1294.24,470.53,77.1442,synthetic_scenario_generator,True,26006
2022-06-28,1317.16,467.19,77.2267,synthetic_scenario_generator,True,26006
2022-06-29,1332.88,427.37,77.5488,synthetic_scenario_generator,True,26006
2022-06-30,1163.33,456.66,77.4988,synthetic_scenario_generator,True,26006
2022-07-01,1329.38,470.48,77.7517,synthetic_scenario_generator,True,26006
2022-07-02,1252.54,463.23,77.2693,synthetic_scenario_generator,True,26006
2022-07-03,1327.05,486.81,77.7989,synthetic_scenario_generator,True,26006
2022-07-04,1224.78,486.23,77.2976,synthetic_scenario_generator,True,26006
2022-07-05,992.68,491.64,77.5541,synthetic_scenario_generator,True,26006
2022-07-06,1176.42,476.42,77.4905,synthetic_scenario_generator,True,26006
2022-07-07,1057.25,452.67,77.4532,synthetic_scenario_generator,True,26006
2022-07-08,1031.12,486.4,78.0459,synthetic_scenario_generator,True,26006
2022-07-09,1054.78,451.67,77.636,synthetic_scenario_generator,True,26006
2022-07-10,1146.81,487.49,77.8056,synthetic_scenario_generator,True,26006
2022-07-11,1123.75,481.13,77.791,synthetic_scenario_generator,True,26006
2022-07-12,1348.36,462.51,77.7076,synthetic_scenario_generator,True,26006
2022-07-13,1208.51,479.18,77.9349,synthetic_scenario_generator,True,26006
2022-07-14,1045.47,422.32,77.8458,synthetic_scenario_generator,True,26006
2022-07-15,1004.5,479.64,77.8584,synthetic_scenario_generator,True,26006
2022-07-16,1066.09,496.78,78.0685,synthetic_scenario_generator,True,26006
2022-07-17,1181.63,451.6,77.9324,synthetic_scenario_generator,True,26006
2022-07-18,1080.09,462.89,78.3005,synthetic_scenario_generator,True,26006
2022-07-19,1024.32,499.85,78.1643,synthetic_scenario_generator,True,26006
2022-07-20,915.71,469.15,78.0459,synthetic_scenario_generator,True,26006
2022-07-21,896.92,459.38,78.1658,synthetic_scenario_generator,True,26006
2022-07-22,1009.48,465.55,78.1443,synthetic_scenario_generator,True,26006
2022-07-23,1049.7,497.44,77.9018,synthetic_scenario_generator,True,26006
2022-07-24,897.37,482.06,78.4726,synthetic_scenario_generator,True,26006
2022-07-25,871.52,469.62,78.4827,synthetic_scenario_generator,True,26006
2022-07-26,953.08,512.74,78.18,synthetic_scenario_generator,True,26006
2022-07-27,1186.06,470.78,78.5367,synthetic_scenario_generator,True,26006
2022-07-28,884.79,486.12,77.8404,synthetic_scenario_generator,True,26006
2022-07-29,887.12,497.7,78.1989,synthetic_scenario_generator,True,26006
2022-07-30,828.53,537.12,78.3462,synthetic_scenario_generator,True,26006
2022-07-31,1051.29,476.61,78.4331,synthetic_scenario_generator,True,26006
2022-08-01,893.95,484.42,78.6467,synthetic_scenario_generator,True,26006
2022-08-02,774.01,502.01,78.6348,synthetic_scenario_generator,True,26006
2022-08-03,827.71,467.04,78.2035,synthetic_scenario_generator,True,26006
2022-08-04,774.78,487.69,78.4672,synthetic_scenario_generator,True,26006
2022-08-05,749.54,488.02,78.378,synthetic_scenario_generator,True,26006
2022-08-06,816.37,496.81,78.188,synthetic_scenario_generator,True,26006
2022-08-07,826.04,486.0,78.2542,synthetic_scenario_generator,True,26006
2022-08-08,786.2,513.58,78.6675,synthetic_scenario_generator,True,26006
2022-08-09,780.5,506.07,78.7255,synthetic_scenario_generator,True,26006
2022-08-10,779.05,487.86,78.4086,synthetic_scenario_generator,True,26006
2022-08-11,943.76,514.78,78.8455,synthetic_scenario_generator,True,26006
2022-08-12,686.92,490.7,78.7436,synthetic_scenario_generator,True,26006
2022-08-13,622.07,514.72,78.7676,synthetic_scenario_generator,True,26006
2022-08-14,799.67,477.75,78.82,synthetic_scenario_generator,True,26006
2022-08-15,909.94,480.92,78.8523,synthetic_scenario_generator,True,26006
2022-08-16,738.11,492.43,79.0735,synthetic_scenario_generator,True,26006
2022-08-17,581.29,491.84,79.0029,synthetic_scenario_generator,True,26006
2022-08-18,737.23,475.44,78.9796,synthetic_scenario_generator,True,26006
2022-08-19,608.6,458.62,79.1124,synthetic_scenario_generator,True,26006
2022-08-20,704.61,461.36,78.9427,synthetic_scenario_generator,True,26006
2022-08-21,768.9,525.6,78.78,synthetic_scenario_generator,True,26006
2022-08-22,797.07,460.49,79.1321,synthetic_scenario_generator,True,26006
2022-08-23,621.0,460.39,78.7846,synthetic_scenario_generator,True,26006
2022-08-24,770.2,466.34,79.4105,synthetic_scenario_generator,True,26006
2022-08-25,672.35,446.52,79.2586,synthetic_scenario_generator,True,26006
2022-08-26,671.73,464.16,79.0788,synthetic_scenario_generator,True,26006
2022-08-27,767.33,487.08,79.1504,synthetic_scenario_generator,True,26006
2022-08-28,642.22,456.76,79.0824,synthetic_scenario_generator,True,26006
2022-08-29,810.33,434.45,79.3321,synthetic_scenario_generator,True,26006
2022-08-30,661.21,450.58,78.7873,synthetic_scenario_generator,True,26006
2022-08-31,797.53,426.04,79.4016,synthetic_scenario_generator,True,26006
2022-09-01,829.05,419.76,79.2115,synthetic_scenario_generator,True,26006
2022-09-02,490.35,417.44,78.9463,synthetic_scenario_generator,True,26006
2022-09-03,768.34,431.16,79.0749,synthetic_scenario_generator,True,26006
2022-09-04,615.65,423.4,79.7337,synthetic_scenario_generator,True,26006
2022-09-05,742.21,428.44,79.4171,synthetic_scenario_generator,True,26006
2022-09-06,667.58,428.02,79.3576,synthetic_scenario_generator,True,26006
2022-09-07,709.02,434.97,79.5032,synthetic_scenario_generator,True,26006
2022-09-08,663.45,406.18,79.6962,synthetic_scenario_generator,True,26006
2022-09-09,683.28,441.19,79.5108,synthetic_scenario_generator,True,26006
2022-09-10,881.34,429.16,79.4852,synthetic_scenario_generator,True,26006
2022-09-11,704.6,405.59,79.5506,synthetic_scenario_generator,True,26006
2022-09-12,738.84,454.12,79.3123,synthetic_scenario_generator,True,26006
2022-09-13,685.83,389.07,79.3759,synthetic_scenario_generator,True,26006
2022-09-14,450.0,403.94,79.7247,synthetic_scenario_generator,True,26006
2022-09-15,832.23,421.06,79.1682,synthetic_scenario_generator,True,26006
2022-09-16,868.41,408.08,79.8975,synthetic_scenario_generator,True,26006
2022-09-17,609.21,370.38,80.0898,synthetic_scenario_generator,True,26006
2022-09-18,571.79,426.86,79.5143,synthetic_scenario_generator,True,26006
2022-09-19,790.1,392.85,79.7589,synthetic_scenario_generator,True,26006
2022-09-20,682.07,394.64,79.6457,synthetic_scenario_generator,True,26006
2022-09-21,729.84,390.22,80.0954,synthetic_scenario_generator,True,26006
2022-09-22,935.42,410.88,79.8897,synthetic_scenario_generator,True,26006
2022-09-23,621.03,389.49,79.4436,synthetic_scenario_generator,True,26006
2022-09-24,821.69,426.42,79.8516,synthetic_scenario_generator,True,26006
2022-09-25,686.99,413.69,79.9214,synthetic_scenario_generator,True,26006
2022-09-26,932.36,387.12,79.4494,synthetic_scenario_generator,True,26006
2022-09-27,726.07,367.06,80.1963,synthetic_scenario_generator,True,26006
2022-09-28,856.3,366.9,79.8811,synthetic_scenario_generator,True,26006
2022-09-29,749.56,380.86,79.9616,synthetic_scenario_generator,True,26006
2022-09-30,885.83,351.01,79.8306,synthetic_scenario_generator,True,26006
2022-10-01,881.93,359.06,79.5941,synthetic_scenario_generator,True,26006
2022-10-02,846.69,417.7,79.989,synthetic_scenario_generator,True,26006
2022-10-03,891.96,397.26,79.6791,synthetic_scenario_generator,True,26006
2022-10-04,802.33,389.47,79.7868,synthetic_scenario_generator,True,26006
2022-10-05,728.98,405.06,79.5126,synthetic_scenario_generator,True,26006
2022-10-06,757.49,405.57,79.4952,synthetic_scenario_generator,True,26006
2022-10-07,930.59,425.03,79.7907,synthetic_scenario_generator,True,26006
2022-10-08,1082.99,379.61,79.7059,synthetic_scenario_generator,True,26006
2022-10-09,1070.13,374.91,80.0728,synthetic_scenario_generator,True,26006
2022-10-10,1207.92,440.87,79.81,synthetic_scenario_generator,True,26006
2022-10-11,1100.57,392.58,79.4444,synthetic_scenario_generator,True,26006
2022-10-12,965.07,444.63,79.9792,synthetic_scenario_generator,True,26006
2022-10-13,980.59,402.54,79.8102,synthetic_scenario_generator,True,26006
2022-10-14,1073.33,387.5,79.6478,synthetic_scenario_generator,True,26006
2022-10-15,975.0,411.12,79.7006,synthetic_scenario_generator,True,26006
2022-10-16,1279.15,443.28,79.9296,synthetic_scenario_generator,True,26006
2022-10-17,1110.41,406.06,79.7847,synthetic_scenario_generator,True,26006
2022-10-18,908.18,416.33,79.5588,synthetic_scenario_generator,True,26006
2022-10-19,1053.86,403.14,79.7962,synthetic_scenario_generator,True,26006
2022-10-20,1020.83,422.46,79.5303,synthetic_scenario_generator,True,26006
2022-10-21,1179.79,433.86,79.9012,synthetic_scenario_generator,True,26006
2022-10-22,1109.93,429.81,79.8687,synthetic_scenario_generator,True,26006
2022-10-23,1211.66,438.11,79.6265,synthetic_scenario_generator,True,26006
2022-10-24,1108.42,468.4,80.106,synthetic_scenario_generator,True,26006
2022-10-25,1207.16,437.85,80.1937,synthetic_scenario_generator,True,26006
2022-10-26,1201.94,444.66,80.2767,synthetic_scenario_generator,True,26006
2022-10-27,1405.43,426.39,79.8076,synthetic_scenario_generator,True,26006
2022-10-28,1229.1,436.37,79.859,synthetic_scenario_generator,True,26006
2022-10-29,1308.17,459.38,79.5826,synthetic_scenario_generator,True,26006
2022-10-30,1122.1,448.21,79.7424,synthetic_scenario_generator,True,26006
2022-10-31,1404.11,455.78,79.9159,synthetic_scenario_generator,True,26006
2022-11-01,1572.06,463.78,79.9549,synthetic_scenario_generator,True,26006
2022-11-02,1272.05,461.26,80.0903,synthetic_scenario_generator,True,26006
2022-11-03,1113.71,434.66,79.5896,synthetic_scenario_generator,True,26006
2022-11-04,1555.81,475.52,79.9988,synthetic_scenario_generator,True,26006
2022-11-05,1313.12,456.36,79.8218,synthetic_scenario_generator,True,26006
2022-11-06,1549.7,498.58,79.6542,synthetic_scenario_generator,True,26006
2022-11-07,1434.32,468.88,79.7363,synthetic_scenario_generator,True,26006
2022-11-08,1544.61,479.64,79.6305,synthetic_scenario_generator,True,26006
2022-11-09,1479.85,492.98,79.5527,synthetic_scenario_generator,True,26006
2022-11-10,1200.01,489.56,79.717,synthetic_scenario_generator,True,26006
2022-11-11,1287.46,513.99,79.7699,synthetic_scenario_generator,True,26006
2022-11-12,1491.38,495.15,79.6249,synthetic_scenario_generator,True,26006
2022-11-13,1477.45,485.86,79.7288,synthetic_scenario_generator,True,26006
2022-11-14,1548.9,460.46,79.7546,synthetic_scenario_generator,True,26006
2022-11-15,1464.81,485.01,79.453,synthetic_scenario_generator,True,26006
2022-11-16,1163.15,471.39,79.6773,synthetic_scenario_generator,True,26006
2022-11-17,1470.4,488.27,79.7331,synthetic_scenario_generator,True,26006
2022-11-18,1713.12,487.15,79.6012,synthetic_scenario_generator,True,26006
2022-11-19,1587.29,509.73,79.5238,synthetic_scenario_generator,True,26006
2022-11-20,1582.82,462.63,79.5395,synthetic_scenario_generator,True,26006
2022-11-21,1421.84,485.68,79.9306,synthetic_scenario_generator,True,26006
2022-11-22,1653.8,489.65,79.2811,synthetic_scenario_generator,True,26006
2022-11-23,1597.24,491.08,79.5135,synthetic_scenario_generator,True,26006
2022-11-24,1884.42,451.38,79.567,synthetic_scenario_generator,True,26006
2022-11-25,1427.98,460.59,79.75,synthetic_scenario_generator,True,26006
2022-11-26,1800.56,476.89,79.8308,synthetic_scenario_generator,True,26006
2022-11-27,1556.47,475.56,79.5768,synthetic_scenario_generator,True,26006
2022-11-28,1603.28,489.44,79.6076,synthetic_scenario_generator,True,26006
2022-11-29,1612.86,497.25,79.7505,synthetic_scenario_generator,True,26006
2022-11-30,1521.63,492.19,79.3297,synthetic_scenario_generator,True,26006
2022-12-01,1581.22,445.76,79.2084,synthetic_scenario_generator,True,26006
2022-12-02,1915.58,458.33,79.523,synthetic_scenario_generator,True,26006
2022-12-03,1379.49,477.21,79.2597,synthetic_scenario_generator,True,26006
2022-12-04,1630.41,483.59,79.1355,synthetic_scenario_generator,True,26006
2022-12-05,1633.05,432.18,79.9653,synthetic_scenario_generator,True,26006
2022-12-06,1683.88,475.5,79.177,synthetic_scenario_generator,True,26006
2022-12-07,1440.12,446.13,79.1952,synthetic_scenario_generator,True,26006
2022-12-08,1772.77,484.61,79.4106,synthetic_scenario_generator,True,26006
2022-12-09,1846.91,437.31,79.1112,synthetic_scenario_generator,True,26006
2022-12-10,1767.54,469.21,79.1833,synthetic_scenario_generator,True,26006
2022-12-11,1955.57,453.43,79.1418,synthetic_scenario_generator,True,26006
2022-12-12,1858.41,464.54,79.3592,synthetic_scenario_generator,True,26006
2022-12-13,1666.35,440.02,79.3467,synthetic_scenario_generator,True,26006
2022-12-14,1679.82,452.3,79.0068,synthetic_scenario_generator,True,26006
2022-12-15,1781.49,462.71,79.1181,synthetic_scenario_generator,True,26006
2022-12-16,1715.74,451.6,79.2017,synthetic_scenario_generator,True,26006
2022-12-17,1901.16,472.52,78.8711,synthetic_scenario_generator,True,26006
2022-12-18,1691.69,462.63,78.8507,synthetic_scenario_generator,True,26006
2022-12-19,1796.08,440.43,79.2543,synthetic_scenario_generator,True,26006
2022-12-20,1771.15,466.26,78.6889,synthetic_scenario_generator,True,26006
2022-12-21,1771.51,402.76,79.2154,synthetic_scenario_generator,True,26006
2022-12-22,1579.8,477.18,79.1829,synthetic_scenario_generator,True,26006
2022-12-23,1654.52,417.06,78.9522,synthetic_scenario_generator,True,26006
2022-12-24,1790.16,463.94,79.1689,synthetic_scenario_generator,True,26006
2022-12-25,1738.4,440.26,78.921,synthetic_scenario_generator,True,26006
2022-12-26,1946.75,431.58,78.7438,synthetic_scenario_generator,True,26006
2022-12-27,1690.84,455.72,78.8148,synthetic_scenario_generator,True,26006
2022-12-28,1699.56,437.55,79.0171,synthetic_scenario_generator,True,26006
2022-12-29,2018.24,473.01,79.1444,synthetic_scenario_generator,True,26006
2022-12-30,1580.3,428.12,79.3179,synthetic_scenario_generator,True,26006
2022-12-31,1655.32,425.37,79.0231,synthetic_scenario_generator,True,26006
2023-01-01,1762.39,476.49,78.5981,synthetic_scenario_generator,True,26006
2023-01-02,1710.62,484.45,78.3708,synthetic_scenario_generator,True,26006
2023-01-03,1787.91,459.77,78.4686,synthetic_scenario_generator,True,26006
2023-01-04,1736.72,455.97,78.7589,synthetic_scenario_generator,True,26006
2023-01-05,1676.92,477.82,79.1909,synthetic_scenario_generator,True,26006
2023-01-06,1626.52,480.61,78.7482,synthetic_scenario_generator,True,26006
2023-01-07,1598.14,483.2,78.9377,synthetic_scenario_generator,True,26006
2023-01-08,1827.5,456.92,78.599,synthetic_scenario_generator,True,26006
2023-01-09,1769.83,467.95,78.9846,synthetic_scenario_generator,True,26006
2023-01-10,1982.67,480.12,79.0158,synthetic_scenario_generator,True,26006
2023-01-11,1494.82,489.32,78.827,synthetic_scenario_generator,True,26006
2023-01-12,1829.18,462.26,78.6611,synthetic_scenario_generator,True,26006
2023-01-13,1589.17,489.2,78.608,synthetic_scenario_generator,True,26006
2023-01-14,1500.47,486.13,78.4203,synthetic_scenario_generator,True,26006
2023-01-15,1649.15,490.43,78.6662,synthetic_scenario_generator,True,26006
2023-01-16,1660.7,512.49,78.74,synthetic_scenario_generator,True,26006
2023-01-17,1722.85,527.23,78.3028,synthetic_scenario_generator,True,26006
2023-01-18,1592.87,517.16,78.6741,synthetic_scenario_generator,True,26006
2023-01-19,1712.25,514.83,78.6289,synthetic_scenario_generator,True,26006
2023-01-20,1530.46,526.14,78.4654,synthetic_scenario_generator,True,26006
2023-01-21,1688.14,515.5,78.3194,synthetic_scenario_generator,True,26006
2023-01-22,1636.94,503.47,78.3923,synthetic_scenario_generator,True,26006
2023-01-23,1689.36,500.26,78.6786,synthetic_scenario_generator,True,26006
2023-01-24,1493.4,541.79,78.3613,synthetic_scenario_generator,True,26006
2023-01-25,1622.01,526.2,78.7102,synthetic_scenario_generator,True,26006
2023-01-26,1668.41,534.34,78.6203,synthetic_scenario_generator,True,26006
2023-01-27,1702.17,505.36,78.4872,synthetic_scenario_generator,True,26006
2023-01-28,1682.07,556.89,78.3416,synthetic_scenario_generator,True,26006
2023-01-29,1482.08,543.96,78.1764,synthetic_scenario_generator,True,26006
2023-01-30,1485.17,546.61,78.1637,synthetic_scenario_generator,True,26006
2023-01-31,1584.31,540.06,78.4385,synthetic_scenario_generator,True,26006
2023-02-01,1679.65,613.08,77.9867,synthetic_scenario_generator,True,26006
2023-02-02,1624.46,561.41,78.2992,synthetic_scenario_generator,True,26006
2023-02-03,1468.23,562.2,78.562,synthetic_scenario_generator,True,26006
2023-02-04,1557.13,577.13,78.5651,synthetic_scenario_generator,True,26006
2023-02-05,1610.47,564.46,78.3915,synthetic_scenario_generator,True,26006
2023-02-06,1227.82,563.13,78.2649,synthetic_scenario_generator,True,26006
2023-02-07,1545.2,580.19,77.9724,synthetic_scenario_generator,True,26006
2023-02-08,1609.88,581.06,78.4062,synthetic_scenario_generator,True,26006
2023-02-09,1389.6,611.66,78.4952,synthetic_scenario_generator,True,26006
2023-02-10,1774.59,566.64,78.3784,synthetic_scenario_generator,True,26006
2023-02-11,1672.55,597.34,78.4479,synthetic_scenario_generator,True,26006
2023-02-12,1544.89,602.45,78.3772,synthetic_scenario_generator,True,26006
2023-02-13,1622.66,576.91,78.5791,synthetic_scenario_generator,True,26006
2023-02-14,1558.7,615.53,78.3097,synthetic_scenario_generator,True,26006
2023-02-15,1600.86,561.92,78.7348,synthetic_scenario_generator,True,26006
2023-02-16,1507.74,621.82,78.1624,synthetic_scenario_generator,True,26006
2023-02-17,1552.77,608.85,78.0075,synthetic_scenario_generator,True,26006
2023-02-18,1527.73,596.92,78.66,synthetic_scenario_generator,True,26006
2023-02-19,1621.84,562.63,78.3942,synthetic_scenario_generator,True,26006
2023-02-20,1528.48,577.07,78.4962,synthetic_scenario_generator,True,26006
2023-02-21,1424.11,601.39,78.0508,synthetic_scenario_generator,True,26006
2023-02-22,1590.54,621.63,78.4129,synthetic_scenario_generator,True,26006
2023-02-23,1643.12,610.46,78.3174,synthetic_scenario_generator,True,26006
2023-02-24,1498.38,584.24,78.4991,synthetic_scenario_generator,True,26006
2023-02-25,1405.69,563.72,78.231,synthetic_scenario_generator,True,26006
2023-02-26,1481.59,573.62,78.1286,synthetic_scenario_generator,True,26006
2023-02-27,1313.04,587.6,77.9787,synthetic_scenario_generator,True,26006
2023-02-28,1489.74,572.69,78.1987,synthetic_scenario_generator,True,26006
2023-03-01,1381.94,598.79,78.2887,synthetic_scenario_generator,True,26006
2023-03-02,1486.62,616.02,78.3522,synthetic_scenario_generator,True,26006
2023-03-03,1461.72,584.92,78.0754,synthetic_scenario_generator,True,26006
2023-03-04,1564.08,562.73,78.4337,synthetic_scenario_generator,True,26006
2023-03-05,1364.45,583.44,78.8379,synthetic_scenario_generator,True,26006
2023-03-06,1547.96,574.62,78.2136,synthetic_scenario_generator,True,26006
2023-03-07,1571.57,592.76,78.3947,synthetic_scenario_generator,True,26006
2023-03-08,1446.97,570.18,77.9651,synthetic_scenario_generator,True,26006
2023-03-09,1553.13,554.9,77.9503,synthetic_scenario_generator,True,26006
2023-03-10,1568.67,560.17,78.4333,synthetic_scenario_generator,True,26006
2023-03-11,1517.57,578.46,78.1077,synthetic_scenario_generator,True,26006
2023-03-12,1395.72,545.03,78.5776,synthetic_scenario_generator,True,26006
2023-03-13,1543.21,545.01,78.0308,synthetic_scenario_generator,True,26006
2023-03-14,1512.04,563.5,78.5282,synthetic_scenario_generator,True,26006
2023-03-15,1382.56,587.21,78.2025,synthetic_scenario_generator,True,26006
2023-03-16,1759.18,567.97,78.4115,synthetic_scenario_generator,True,26006
2023-03-17,1656.02,553.29,78.3384,synthetic_scenario_generator,True,26006
2023-03-18,1450.42,535.51,78.3906,synthetic_scenario_generator,True,26006
2023-03-19,1763.24,553.37,78.5689,synthetic_scenario_generator,True,26006
2023-03-20,1501.65,545.04,78.3636,synthetic_scenario_generator,True,26006
2023-03-21,1512.05,539.18,78.6485,synthetic_scenario_generator,True,26006
2023-03-22,1544.89,554.65,78.0519,synthetic_scenario_generator,True,26006
2023-03-23,1766.15,547.84,78.479,synthetic_scenario_generator,True,26006
2023-03-24,1386.47,515.95,78.7098,synthetic_scenario_generator,True,26006
2023-03-25,1534.21,530.76,78.3293,synthetic_scenario_generator,True,26006
2023-03-26,1571.88,531.08,78.4525,synthetic_scenario_generator,True,26006
2023-03-27,1519.46,547.17,78.4957,synthetic_scenario_generator,True,26006
2023-03-28,1440.56,538.85,78.7172,synthetic_scenario_generator,True,26006
2023-03-29,1521.97,526.77,79.0635,synthetic_scenario_generator,True,26006
2023-03-30,1760.81,530.96,78.3158,synthetic_scenario_generator,True,26006
2023-03-31,1780.83,560.44,78.2893,synthetic_scenario_generator,True,26006
2023-04-01,1730.4,546.87,78.4067,synthetic_scenario_generator,True,26006
2023-04-02,1735.64,544.34,78.7434,synthetic_scenario_generator,True,26006
2023-04-03,1462.19,525.19,78.5989,synthetic_scenario_generator,True,26006
2023-04-04,1453.98,534.55,78.7447,synthetic_scenario_generator,True,26006
2023-04-05,1701.38,559.62,78.6505,synthetic_scenario_generator,True,26006
2023-04-06,1624.05,542.14,78.9537,synthetic_scenario_generator,True,26006
2023-04-07,1598.19,562.61,78.7045,synthetic_scenario_generator,True,26006
2023-04-08,1825.37,559.06,78.4893,synthetic_scenario_generator,True,26006
2023-04-09,1667.77,539.51,78.5024,synthetic_scenario_generator,True,26006
2023-04-10,1581.58,519.26,78.6504,synthetic_scenario_generator,True,26006
2023-04-11,1759.12,533.48,78.7899,synthetic_scenario_generator,True,26006
2023-04-12,1781.23,553.86,78.7485,synthetic_scenario_generator,True,26006
2023-04-13,1863.87,580.07,78.611,synthetic_scenario_generator,True,26006
2023-04-14,1623.57,552.94,78.7339,synthetic_scenario_generator,True,26006
2023-04-15,1730.11,551.58,79.0281,synthetic_scenario_generator,True,26006
2023-04-16,1840.49,542.12,79.0792,synthetic_scenario_generator,True,26006
2023-04-17,1867.69,525.58,78.9747,synthetic_scenario_generator,True,26006
2023-04-18,1751.39,559.05,79.0179,synthetic_scenario_generator,True,26006
2023-04-19,1670.78,539.84,79.0761,synthetic_scenario_generator,True,26006
2023-04-20,1758.09,560.6,79.3373,synthetic_scenario_generator,True,26006
2023-04-21,1758.06,588.11,79.1904,synthetic_scenario_generator,True,26006
2023-04-22,1795.52,556.1,79.005,synthetic_scenario_generator,True,26006
2023-04-23,1922.44,546.08,79.116,synthetic_scenario_generator,True,26006
2023-04-24,1694.54,568.89,79.2705,synthetic_scenario_generator,True,26006
2023-04-25,1720.84,585.83,79.2083,synthetic_scenario_generator,True,26006
2023-04-26,1691.59,582.52,78.9903,synthetic_scenario_generator,True,26006
2023-04-27,1723.51,593.31,78.8678,synthetic_scenario_generator,True,26006
2023-04-28,1855.35,590.85,79.3809,synthetic_scenario_generator,True,26006
2023-04-29,1788.72,578.2,79.1861,synthetic_scenario_generator,True,26006
2023-04-30,1657.07,584.44,79.4518,synthetic_scenario_generator,True,26006
2023-05-01,1688.26,605.35,79.2983,synthetic_scenario_generator,True,26006
2023-05-02,1843.3,585.22,79.4486,synthetic_scenario_generator,True,26006
2023-05-03,1739.64,636.88,79.1881,synthetic_scenario_generator,True,26006
2023-05-04,1875.42,569.82,79.2853,synthetic_scenario_generator,True,26006
2023-05-05,1652.36,593.99,79.3282,synthetic_scenario_generator,True,26006
2023-05-06,1607.35,588.79,79.741,synthetic_scenario_generator,True,26006
2023-05-07,1712.89,612.21,79.558,synthetic_scenario_generator,True,26006
2023-05-08,1868.31,585.68,79.4976,synthetic_scenario_generator,True,26006
2023-05-09,1654.23,599.13,79.524,synthetic_scenario_generator,True,26006
2023-05-10,1744.44,605.42,79.8873,synthetic_scenario_generator,True,26006
2023-05-11,1837.08,581.21,79.5038,synthetic_scenario_generator,True,26006
2023-05-12,1772.03,591.37,79.7672,synthetic_scenario_generator,True,26006
2023-05-13,1651.57,600.03,79.6595,synthetic_scenario_generator,True,26006
2023-05-14,1775.42,616.26,79.3754,synthetic_scenario_generator,True,26006
2023-05-15,1807.11,604.66,79.368,synthetic_scenario_generator,True,26006
2023-05-16,1765.96,584.92,79.8134,synthetic_scenario_generator,True,26006
2023-05-17,1532.93,614.19,79.7496,synthetic_scenario_generator,True,26006
2023-05-18,1601.77,596.85,80.0039,synthetic_scenario_generator,True,26006
2023-05-19,1594.7,599.72,79.5101,synthetic_scenario_generator,True,26006
2023-05-20,1672.55,581.8,80.0327,synthetic_scenario_generator,True,26006
2023-05-21,1801.86,593.82,79.9898,synthetic_scenario_generator,True,26006
2023-05-22,1489.66,611.61,79.8853,synthetic_scenario_generator,True,26006
2023-05-23,1677.62,588.75,80.0157,synthetic_scenario_generator,True,26006
2023-05-24,1673.62,575.48,79.8166,synthetic_scenario_generator,True,26006
2023-05-25,1348.29,578.44,80.1858,synthetic_scenario_generator,True,26006
2023-05-26,1686.8,586.37,80.2522,synthetic_scenario_generator,True,26006
2023-05-27,1580.44,576.92,79.8341,synthetic_scenario_generator,True,26006
2023-05-28,1498.9,569.63,80.1761,synthetic_scenario_generator,True,26006
2023-05-29,1339.44,580.99,80.5939,synthetic_scenario_generator,True,26006
2023-05-30,1462.85,575.76,80.2547,synthetic_scenario_generator,True,26006
2023-05-31,1415.73,551.78,80.4455,synthetic_scenario_generator,True,26006
2023-06-01,1318.96,604.97,80.532,synthetic_scenario_generator,True,26006
2023-06-02,1401.25,586.58,80.4495,synthetic_scenario_generator,True,26006
2023-06-03,1610.25,562.82,80.3861,synthetic_scenario_generator,True,26006
2023-06-04,1498.18,520.89,80.2657,synthetic_scenario_generator,True,26006
2023-06-05,1588.24,541.7,80.3816,synthetic_scenario_generator,True,26006
2023-06-06,1397.17,519.16,80.3579,synthetic_scenario_generator,True,26006
2023-06-07,1626.52,550.6,80.7126,synthetic_scenario_generator,True,26006
2023-06-08,1196.79,515.42,80.7268,synthetic_scenario_generator,True,26006
2023-06-09,1533.72,529.21,80.469,synthetic_scenario_generator,True,26006
2023-06-10,1413.83,526.7,80.5657,synthetic_scenario_generator,True,26006
2023-06-11,1217.86,503.66,80.9663,synthetic_scenario_generator,True,26006
2023-06-12,1300.56,538.81,80.9182,synthetic_scenario_generator,True,26006
2023-06-13,1316.65,548.53,80.9131,synthetic_scenario_generator,True,26006
2023-06-14,1316.01,525.35,80.7323,synthetic_scenario_generator,True,26006
2023-06-15,1286.35,523.0,80.5497,synthetic_scenario_generator,True,26006
2023-06-16,1195.55,495.64,80.5343,synthetic_scenario_generator,True,26006
2023-06-17,1379.12,477.86,80.5707,synthetic_scenario_generator,True,26006
2023-06-18,1304.6,494.43,80.7997,synthetic_scenario_generator,True,26006
2023-06-19,1066.54,480.35,80.7423,synthetic_scenario_generator,True,26006
2023-06-20,1202.03,481.86,80.8054,synthetic_scenario_generator,True,26006
2023-06-21,1383.94,458.04,81.1398,synthetic_scenario_generator,True,26006
2023-06-22,961.53,465.37,80.9185,synthetic_scenario_generator,True,26006
2023-06-23,1144.15,498.05,81.0968,synthetic_scenario_generator,True,26006
2023-06-24,1302.78,492.81,80.7372,synthetic_scenario_generator,True,26006
2023-06-25,1102.09,466.29,80.8193,synthetic_scenario_generator,True,26006
2023-06-26,1225.95,482.21,81.0899,synthetic_scenario_generator,True,26006
2023-06-27,1214.26,482.92,80.8885,synthetic_scenario_generator,True,26006
2023-06-28,1068.62,465.9,80.9432,synthetic_scenario_generator,True,26006
2023-06-29,917.94,433.29,81.245,synthetic_scenario_generator,True,26006
2023-06-30,1117.57,481.34,80.666,synthetic_scenario_generator,True,26006
2023-07-01,1287.45,447.76,81.2987,synthetic_scenario_generator,True,26006
2023-07-02,1287.92,438.34,81.541,synthetic_scenario_generator,True,26006
2023-07-03,950.32,445.17,81.0648,synthetic_scenario_generator,True,26006
2023-07-04,856.34,453.96,80.8802,synthetic_scenario_generator,True,26006
2023-07-05,1032.09,449.65,81.427,synthetic_scenario_generator,True,26006
2023-07-06,837.18,436.71,81.0367,synthetic_scenario_generator,True,26006
2023-07-07,1110.17,462.05,81.3706,synthetic_scenario_generator,True,26006
2023-07-08,852.63,445.82,81.3119,synthetic_scenario_generator,True,26006
2023-07-09,1002.57,457.46,81.7374,synthetic_scenario_generator,True,26006
2023-07-10,936.48,463.29,81.1664,synthetic_scenario_generator,True,26006
2023-07-11,823.45,445.35,81.1919,synthetic_scenario_generator,True,26006
2023-07-12,1017.18,451.33,81.7167,synthetic_scenario_generator,True,26006
2023-07-13,758.51,451.09,81.3927,synthetic_scenario_generator,True,26006
2023-07-14,845.16,475.4,81.6265,synthetic_scenario_generator,True,26006
2023-07-15,984.64,468.41,81.0756,synthetic_scenario_generator,True,26006
2023-07-16,1100.73,470.78,81.6258,synthetic_scenario_generator,True,26006
2023-07-17,772.6,413.04,81.9126,synthetic_scenario_generator,True,26006
2023-07-18,750.72,465.07,81.5171,synthetic_scenario_generator,True,26006
2023-07-19,825.65,478.53,81.7219,synthetic_scenario_generator,True,26006
2023-07-20,829.46,456.03,81.5089,synthetic_scenario_generator,True,26006
2023-07-21,835.38,442.84,81.3572,synthetic_scenario_generator,True,26006
2023-07-22,712.64,514.14,81.2374,synthetic_scenario_generator,True,26006
2023-07-23,789.12,471.78,81.4014,synthetic_scenario_generator,True,26006
2023-07-24,725.7,480.03,81.7523,synthetic_scenario_generator,True,26006
2023-07-25,777.09,479.26,81.7026,synthetic_scenario_generator,True,26006
2023-07-26,1002.88,465.1,81.5879,synthetic_scenario_generator,True,26006
2023-07-27,924.5,450.9,82.0407,synthetic_scenario_generator,True,26006
2023-07-28,785.87,471.09,81.3418,synthetic_scenario_generator,True,26006
2023-07-29,661.63,479.72,81.871,synthetic_scenario_generator,True,26006
2023-07-30,755.53,461.84,81.2934,synthetic_scenario_generator,True,26006
2023-07-31,614.6,449.89,81.8887,synthetic_scenario_generator,True,26006
2023-08-01,860.74,485.31,81.6275,synthetic_scenario_generator,True,26006
2023-08-02,562.61,478.55,82.0292,synthetic_scenario_generator,True,26006
2023-08-03,549.44,474.04,81.7857,synthetic_scenario_generator,True,26006
2023-08-04,609.37,496.06,81.8903,synthetic_scenario_generator,True,26006
2023-08-05,786.66,482.74,82.0793,synthetic_scenario_generator,True,26006
2023-08-06,859.11,481.97,82.072,synthetic_scenario_generator,True,26006
2023-08-07,653.47,485.58,81.1753,synthetic_scenario_generator,True,26006
2023-08-08,590.68,509.1,81.8279,synthetic_scenario_generator,True,26006
2023-08-09,672.63,515.47,82.0274,synthetic_scenario_generator,True,26006
2023-08-10,704.75,468.8,81.8802,synthetic_scenario_generator,True,26006
2023-08-11,465.98,462.28,81.8753,synthetic_scenario_generator,True,26006
2023-08-12,602.42,503.7,81.9947,synthetic_scenario_generator,True,26006
2023-08-13,743.31,481.41,82.2107,synthetic_scenario_generator,True,26006
2023-08-14,552.52,507.46,81.7917,synthetic_scenario_generator,True,26006
2023-08-15,532.37,498.84,81.8691,synthetic_scenario_generator,True,26006
2023-08-16,726.83,446.77,81.9987,synthetic_scenario_generator,True,26006
2023-08-17,681.21,481.85,81.6589,synthetic_scenario_generator,True,26006
2023-08-18,776.62,467.59,81.6423,synthetic_scenario_generator,True,26006
2023-08-19,828.26,519.22,82.2626,synthetic_scenario_generator,True,26006
2023-08-20,605.39,482.69,82.1233,synthetic_scenario_generator,True,26006
2023-08-21,685.96,492.73,81.9411,synthetic_scenario_generator,True,26006
2023-08-22,552.21,458.49,81.5849,synthetic_scenario_generator,True,26006
2023-08-23,839.05,489.01,82.2233,synthetic_scenario_generator,True,26006
2023-08-24,606.29,490.96,81.5469,synthetic_scenario_generator,True,26006
2023-08-25,599.15,481.67,81.6644,synthetic_scenario_generator,True,26006
2023-08-26,664.14,472.52,81.3924,synthetic_scenario_generator,True,26006
2023-08-27,887.58,446.72,82.1433,synthetic_scenario_generator,True,26006
2023-08-28,828.04,450.8,81.9768,synthetic_scenario_generator,True,26006
2023-08-29,657.44,469.39,82.1927,synthetic_scenario_generator,True,26006
2023-08-30,696.2,487.51,81.6559,synthetic_scenario_generator,True,26006
2023-08-31,693.94,472.91,81.8346,synthetic_scenario_generator,True,26006
2023-09-01,756.94,459.07,81.8161,synthetic_scenario_generator,True,26006
2023-09-02,812.18,412.88,82.0318,synthetic_scenario_generator,True,26006
2023-09-03,877.04,460.23,82.0643,synthetic_scenario_generator,True,26006
2023-09-04,880.04,425.76,81.7619,synthetic_scenario_generator,True,26006
2023-09-05,647.17,465.82,82.0074,synthetic_scenario_generator,True,26006
2023-09-06,606.27,454.66,81.8561,synthetic_scenario_generator,True,26006
2023-09-07,785.5,449.35,82.1377,synthetic_scenario_generator,True,26006
2023-09-08,605.92,445.42,81.7543,synthetic_scenario_generator,True,26006
2023-09-09,1023.11,406.78,81.4047,synthetic_scenario_generator,True,26006
2023-09-10,804.31,448.62,81.6371,synthetic_scenario_generator,True,26006
2023-09-11,739.7,423.83,81.5347,synthetic_scenario_generator,True,26006
2023-09-12,1125.58,456.82,81.9657,synthetic_scenario_generator,True,26006
2023-09-13,834.46,415.3,81.6949,synthetic_scenario_generator,True,26006
2023-09-14,842.68,426.05,81.9359,synthetic_scenario_generator,True,26006
2023-09-15,922.45,419.1,81.6957,synthetic_scenario_generator,True,26006
2023-09-16,1108.34,385.59,81.8193,synthetic_scenario_generator,True,26006
2023-09-17,925.33,401.28,81.4495,synthetic_scenario_generator,True,26006
2023-09-18,929.97,405.13,81.7083,synthetic_scenario_generator,True,26006
2023-09-19,965.41,436.73,81.6442,synthetic_scenario_generator,True,26006
2023-09-20,866.34,383.16,81.6044,synthetic_scenario_generator,True,26006
2023-09-21,945.18,382.85,81.6472,synthetic_scenario_generator,True,26006
2023-09-22,940.91,396.34,81.755,synthetic_scenario_generator,True,26006
2023-09-23,1097.69,426.55,81.6022,synthetic_scenario_generator,True,26006
2023-09-24,977.08,388.6,81.6043,synthetic_scenario_generator,True,26006
2023-09-25,1114.71,429.85,81.9775,synthetic_scenario_generator,True,26006
2023-09-26,991.92,411.8,81.831,synthetic_scenario_generator,True,26006
2023-09-27,1026.19,381.05,81.5212,synthetic_scenario_generator,True,26006
2023-09-28,1001.22,420.86,82.0234,synthetic_scenario_generator,True,26006
2023-09-29,957.94,408.98,81.4914,synthetic_scenario_generator,True,26006
2023-09-30,1083.65,398.51,81.479,synthetic_scenario_generator,True,26006
2023-10-01,1113.97,390.41,81.2176,synthetic_scenario_generator,True,26006
2023-10-02,1239.49,379.37,81.8038,synthetic_scenario_generator,True,26006
2023-10-03,1252.24,398.53,81.6853,synthetic_scenario_generator,True,26006
2023-10-04,1079.26,352.49,81.2859,synthetic_scenario_generator,True,26006
2023-10-05,1270.72,426.92,81.3515,synthetic_scenario_generator,True,26006
2023-10-06,1085.15,399.46,81.3173,synthetic_scenario_generator,True,26006
2023-10-07,1306.42,412.26,81.4459,synthetic_scenario_generator,True,26006
2023-10-08,1004.37,387.43,81.6188,synthetic_scenario_generator,True,26006
2023-10-09,1160.25,395.12,81.0266,synthetic_scenario_generator,True,26006
2023-10-10,1201.61,387.32,81.0751,synthetic_scenario_generator,True,26006
2023-10-11,1299.9,359.83,81.1694,synthetic_scenario_generator,True,26006
2023-10-12,1225.68,402.28,81.3288,synthetic_scenario_generator,True,26006
2023-10-13,1167.63,385.6,81.2934,synthetic_scenario_generator,True,26006
2023-10-14,1178.44,370.34,81.1631,synthetic_scenario_generator,True,26006
2023-10-15,1496.09,409.01,81.6802,synthetic_scenario_generator,True,26006
2023-10-16,1398.1,383.76,81.417,synthetic_scenario_generator,True,26006
2023-10-17,1455.04,401.04,81.1878,synthetic_scenario_generator,True,26006
2023-10-18,1483.79,406.39,80.9936,synthetic_scenario_generator,True,26006
2023-10-19,1239.0,386.16,81.1794,synthetic_scenario_generator,True,26006
2023-10-20,1493.79,408.64,81.1098,synthetic_scenario_generator,True,26006
2023-10-21,1159.67,415.82,81.333,synthetic_scenario_generator,True,26006
2023-10-22,1299.95,420.99,81.129,synthetic_scenario_generator,True,26006
2023-10-23,1505.77,434.78,81.0747,synthetic_scenario_generator,True,26006
2023-10-24,1528.92,427.09,80.6337,synthetic_scenario_generator,True,26006
2023-10-25,1331.31,421.79,81.3607,synthetic_scenario_generator,True,26006
2023-10-26,1274.87,398.31,81.1844,synthetic_scenario_generator,True,26006
2023-10-27,1413.63,437.3,81.1141,synthetic_scenario_generator,True,26006
2023-10-28,1264.78,463.71,81.0541,synthetic_scenario_generator,True,26006
2023-10-29,1335.49,437.61,81.1534,synthetic_scenario_generator,True,26006
2023-10-30,1391.77,443.31,81.2001,synthetic_scenario_generator,True,26006
2023-10-31,1459.79,463.99,81.5689,synthetic_scenario_generator,True,26006
2023-11-01,1637.64,458.7,80.6149,synthetic_scenario_generator,True,26006
2023-11-02,1805.98,443.01,80.8316,synthetic_scenario_generator,True,26006
2023-11-03,1314.66,491.49,80.8728,synthetic_scenario_generator,True,26006
2023-11-04,1702.7,434.49,80.8607,synthetic_scenario_generator,True,26006
2023-11-05,1528.58,466.74,81.1909,synthetic_scenario_generator,True,26006
2023-11-06,1382.46,499.95,80.8905,synthetic_scenario_generator,True,26006
2023-11-07,1600.03,427.06,80.81,synthetic_scenario_generator,True,26006
2023-11-08,1739.1,482.86,80.9218,synthetic_scenario_generator,True,26006
2023-11-09,1561.71,455.25,81.0023,synthetic_scenario_generator,True,26006
2023-11-10,1601.38,465.51,80.7403,synthetic_scenario_generator,True,26006
2023-11-11,1655.0,484.13,80.2863,synthetic_scenario_generator,True,26006
2023-11-12,1529.1,470.48,80.8709,synthetic_scenario_generator,True,26006
2023-11-13,1512.58,447.21,80.8678,synthetic_scenario_generator,True,26006
2023-11-14,1597.42,443.16,80.534,synthetic_scenario_generator,True,26006
2023-11-15,1664.76,497.0,81.335,synthetic_scenario_generator,True,26006
2023-11-16,1729.24,448.79,80.2974,synthetic_scenario_generator,True,26006
2023-11-17,1563.7,474.6,80.9066,synthetic_scenario_generator,True,26006
2023-11-18,1589.18,525.44,80.7946,synthetic_scenario_generator,True,26006
2023-11-19,1471.05,510.88,80.7677,synthetic_scenario_generator,True,26006
2023-11-20,1608.21,448.36,80.4141,synthetic_scenario_generator,True,26006
2023-11-21,1441.0,462.54,80.6494,synthetic_scenario_generator,True,26006
2023-11-22,1652.77,502.33,80.376,synthetic_scenario_generator,True,26006
2023-11-23,1343.79,499.62,80.7165,synthetic_scenario_generator,True,26006
2023-11-24,1474.19,528.91,80.9113,synthetic_scenario_generator,True,26006
2023-11-25,1643.48,483.39,80.8438,synthetic_scenario_generator,True,26006
2023-11-26,1535.95,486.76,80.4115,synthetic_scenario_generator,True,26006
2023-11-27,1447.08,508.35,80.685,synthetic_scenario_generator,True,26006
2023-11-28,1572.45,460.07,80.5168,synthetic_scenario_generator,True,26006
2023-11-29,1440.34,484.9,80.5916,synthetic_scenario_generator,True,26006
2023-11-30,1417.26,506.84,80.3641,synthetic_scenario_generator,True,26006
2023-12-01,1681.65,464.91,80.4571,synthetic_scenario_generator,True,26006
2023-12-02,1515.04,481.49,80.3421,synthetic_scenario_generator,True,26006
2023-12-03,1404.94,497.68,80.2094,synthetic_scenario_generator,True,26006
2023-12-04,1243.04,495.6,80.1984,synthetic_scenario_generator,True,26006
2023-12-05,1447.31,507.02,80.2226,synthetic_scenario_generator,True,26006
2023-12-06,1525.92,448.45,80.4118,synthetic_scenario_generator,True,26006
2023-12-07,1840.36,456.5,80.6521,synthetic_scenario_generator,True,26006
2023-12-08,1714.54,489.43,80.5465,synthetic_scenario_generator,True,26006
2023-12-09,1563.2,478.2,80.3037,synthetic_scenario_generator,True,26006
2023-12-10,1559.54,487.28,80.2931,synthetic_scenario_generator,True,26006
2023-12-11,1564.59,513.67,80.4026,synthetic_scenario_generator,True,26006
2023-12-12,1523.41,469.95,80.1571,synthetic_scenario_generator,True,26006
2023-12-13,1604.23,508.94,80.2555,synthetic_scenario_generator,True,26006
2023-12-14,1669.96,494.11,80.516,synthetic_scenario_generator,True,26006
2023-12-15,1694.29,466.93,80.6935,synthetic_scenario_generator,True,26006
2023-12-16,1675.53,458.03,80.2145,synthetic_scenario_generator,True,26006
2023-12-17,1575.0,461.94,80.3987,synthetic_scenario_generator,True,26006
2023-12-18,1417.68,469.68,80.1415,synthetic_scenario_generator,True,26006
2023-12-19,1441.41,462.71,80.1952,synthetic_scenario_generator,True,26006
2023-12-20,1460.28,449.41,80.3933,synthetic_scenario_generator,True,26006
2023-12-21,1692.9,485.58,79.7612,synthetic_scenario_generator,True,26006
2023-12-22,1509.14,452.76,80.2043,synthetic_scenario_generator,True,26006
2023-12-23,1376.6,473.14,80.2048,synthetic_scenario_generator,True,26006
2023-12-24,1605.45,443.27,80.2148,synthetic_scenario_generator,True,26006
2023-12-25,1520.85,446.47,80.2633,synthetic_scenario_generator,True,26006
2023-12-26,1575.62,447.27,80.1242,synthetic_scenario_generator,True,26006
2023-12-27,1341.65,464.06,80.0116,synthetic_scenario_generator,True,26006
2023-12-28,1501.16,475.18,79.8351,synthetic_scenario_generator,True,26006
2023-12-29,1574.05,423.13,80.2517,synthetic_scenario_generator,True,26006
2023-12-30,1457.16,449.81,80.4627,synthetic_scenario_generator,True,26006
2023-12-31,1570.65,470.59,80.5326,synthetic_scenario_generator,True,26006
2024-01-01,1486.94,448.03,80.4704,synthetic_scenario_generator,True,26006
2024-01-02,1669.9,468.66,80.1749,synthetic_scenario_generator,True,26006
2024-01-03,1418.76,449.34,80.4049,synthetic_scenario_generator,True,26006
2024-01-04,1584.81,468.15,80.0222,synthetic_scenario_generator,True,26006
2024-01-05,1353.06,480.71,80.3013,synthetic_scenario_generator,True,26006
2024-01-06,1604.6,442.37,79.9987,synthetic_scenario_generator,True,26006
2024-01-07,1415.41,502.75,80.2605,synthetic_scenario_generator,True,26006
2024-01-08,1535.91,485.89,80.3685,synthetic_scenario_generator,True,26006
2024-01-09,1573.12,463.84,80.4786,synthetic_scenario_generator,True,26006
2024-01-10,1493.95,465.29,80.0517,synthetic_scenario_generator,True,26006
2024-01-11,1477.05,475.12,80.3058,synthetic_scenario_generator,True,26006
2024-01-12,1663.37,447.04,80.0972,synthetic_scenario_generator,True,26006
2024-01-13,1401.41,486.64,80.3736,synthetic_scenario_generator,True,26006
2024-01-14,1491.76,493.45,80.4716,synthetic_scenario_generator,True,26006
2024-01-15,1547.21,462.24,80.5699,synthetic_scenario_generator,True,26006
2024-01-16,1458.45,489.75,80.0903,synthetic_scenario_generator,True,26006
2024-01-17,1568.81,498.46,80.4768,synthetic_scenario_generator,True,26006
2024-01-18,1586.6,484.39,80.3802,synthetic_scenario_generator,True,26006
2024-01-19,1693.96,511.55,80.6509,synthetic_scenario_generator,True,26006
2024-01-20,1610.13,491.18,80.3293,synthetic_scenario_generator,True,26006
2024-01-21,1470.97,502.31,80.5464,synthetic_scenario_generator,True,26006
2024-01-22,1551.04,520.33,80.4395,synthetic_scenario_generator,True,26006
2024-01-23,1863.82,513.53,80.1241,synthetic_scenario_generator,True,26006
2024-01-24,1601.77,530.09,80.1743,synthetic_scenario_generator,True,26006
2024-01-25,1529.29,536.93,80.7279,synthetic_scenario_generator,True,26006
2024-01-26,1242.01,479.64,80.2962,synthetic_scenario_generator,True,26006
2024-01-27,1361.76,543.35,80.1318,synthetic_scenario_generator,True,26006
2024-01-28,1671.42,553.87,80.2161,synthetic_scenario_generator,True,26006
2024-01-29,1590.99,520.73,80.7019,synthetic_scenario_generator,True,26006
2024-01-30,1327.51,560.14,80.1134,synthetic_scenario_generator,True,26006
2024-01-31,1593.26,544.11,80.5893,synthetic_scenario_generator,True,26006
2024-02-01,1598.63,537.11,80.6177,synthetic_scenario_generator,True,26006
2024-02-02,1438.08,571.02,80.8034,synthetic_scenario_generator,True,26006
2024-02-03,1694.45,588.6,80.639,synthetic_scenario_generator,True,26006
2024-02-04,1641.38,557.1,80.7367,synthetic_scenario_generator,True,26006
2024-02-05,1543.96,588.76,80.5824,synthetic_scenario_generator,True,26006
2024-02-06,1599.98,518.51,80.6273,synthetic_scenario_generator,True,26006
2024-02-07,1238.2,581.38,80.6775,synthetic_scenario_generator,True,26006
2024-02-08,1710.59,588.84,80.3834,synthetic_scenario_generator,True,26006
2024-02-09,1589.45,557.06,80.3024,synthetic_scenario_generator,True,26006
2024-02-10,1495.47,576.1,80.928,synthetic_scenario_generator,True,26006
2024-02-11,1421.39,564.25,80.382,synthetic_scenario_generator,True,26006
2024-02-12,1737.88,590.86,80.9577,synthetic_scenario_generator,True,26006
2024-02-13,1578.01,556.64,80.8145,synthetic_scenario_generator,True,26006
2024-02-14,1627.59,563.28,80.4344,synthetic_scenario_generator,True,26006
2024-02-15,1621.67,589.84,80.9013,synthetic_scenario_generator,True,26006
2024-02-16,1510.99,569.06,80.8363,synthetic_scenario_generator,True,26006
2024-02-17,1525.91,600.35,80.7981,synthetic_scenario_generator,True,26006
2024-02-18,1584.56,579.98,80.641,synthetic_scenario_generator,True,26006
2024-02-19,1494.92,566.37,80.6092,synthetic_scenario_generator,True,26006
2024-02-20,1588.91,624.04,80.7222,synthetic_scenario_generator,True,26006
2024-02-21,1795.91,614.19,81.0953,synthetic_scenario_generator,True,26006
2024-02-22,1691.41,625.8,80.9287,synthetic_scenario_generator,True,26006
2024-02-23,1690.38,615.52,80.9304,synthetic_scenario_generator,True,26006
2024-02-24,1634.27,597.74,81.2624,synthetic_scenario_generator,True,26006
2024-02-25,1529.49,593.38,80.7245,synthetic_scenario_generator,True,26006
2024-02-26,1513.81,571.07,80.8432,synthetic_scenario_generator,True,26006
2024-02-27,1514.9,627.08,80.8911,synthetic_scenario_generator,True,26006
2024-02-28,1705.21,600.26,81.328,synthetic_scenario_generator,True,26006
2024-02-29,1527.33,583.9,81.0291,synthetic_scenario_generator,True,26006
2024-03-01,1636.0,656.48,81.1997,synthetic_scenario_generator,True,26006
2024-03-02,1744.04,575.98,81.0008,synthetic_scenario_generator,True,26006
2024-03-03,1523.81,611.57,81.7206,synthetic_scenario_generator,True,26006
2024-03-04,1845.65,588.23,81.1708,synthetic_scenario_generator,True,26006
2024-03-05,1662.64,587.06,81.2818,synthetic_scenario_generator,True,26006
2024-03-06,1464.41,601.92,80.9406,synthetic_scenario_generator,True,26006
2024-03-07,1779.01,545.05,81.3701,synthetic_scenario_generator,True,26006
2024-03-08,1822.17,616.94,81.5992,synthetic_scenario_generator,True,26006
2024-03-09,1524.66,575.67,81.095,synthetic_scenario_generator,True,26006
2024-03-10,1684.48,588.16,81.4662,synthetic_scenario_generator,True,26006
2024-03-11,1716.26,581.42,81.259,synthetic_scenario_generator,True,26006
2024-03-12,1813.6,563.09,81.4065,synthetic_scenario_generator,True,26006
2024-03-13,1750.33,593.42,81.1713,synthetic_scenario_generator,True,26006
2024-03-14,1957.94,594.37,81.475,synthetic_scenario_generator,True,26006
2024-03-15,1991.86,545.11,81.3035,synthetic_scenario_generator,True,26006
2024-03-16,1861.47,587.41,81.8313,synthetic_scenario_generator,True,26006
2024-03-17,1766.85,546.23,81.4624,synthetic_scenario_generator,True,26006
2024-03-18,1868.46,577.56,81.879,synthetic_scenario_generator,True,26006
2024-03-19,1893.14,522.91,81.1121,synthetic_scenario_generator,True,26006
2024-03-20,1778.45,535.03,82.2444,synthetic_scenario_generator,True,26006
2024-03-21,2050.12,540.38,81.6709,synthetic_scenario_generator,True,26006
2024-03-22,1800.75,551.45,82.4735,synthetic_scenario_generator,True,26006
2024-03-23,1673.07,558.96,81.494,synthetic_scenario_generator,True,26006
2024-03-24,1736.66,560.75,81.5547,synthetic_scenario_generator,True,26006
2024-03-25,1690.33,564.02,81.9598,synthetic_scenario_generator,True,26006
2024-03-26,2092.52,532.42,82.0955,synthetic_scenario_generator,True,26006
2024-03-27,1800.81,558.92,82.153,synthetic_scenario_generator,True,26006
2024-03-28,1772.84,560.62,82.2113,synthetic_scenario_generator,True,26006
2024-03-29,1960.5,568.23,82.0909,synthetic_scenario_generator,True,26006
2024-03-30,1805.36,537.27,81.9045,synthetic_scenario_generator,True,26006
2024-03-31,1734.2,528.99,82.5224,synthetic_scenario_generator,True,26006
2024-04-01,1862.62,495.85,81.8091,synthetic_scenario_generator,True,26006
2024-04-02,1902.29,516.63,82.4515,synthetic_scenario_generator,True,26006
2024-04-03,1740.17,504.24,82.2742,synthetic_scenario_generator,True,26006
2024-04-04,1907.64,542.18,82.6007,synthetic_scenario_generator,True,26006
2024-04-05,1849.21,569.81,82.5623,synthetic_scenario_generator,True,26006
2024-04-06,1964.02,542.28,82.6218,synthetic_scenario_generator,True,26006
2024-04-07,1737.4,552.26,82.2693,synthetic_scenario_generator,True,26006
2024-04-08,1949.32,512.07,82.2961,synthetic_scenario_generator,True,26006
2024-04-09,1827.47,522.27,82.5484,synthetic_scenario_generator,True,26006
2024-04-10,1975.19,531.63,82.5169,synthetic_scenario_generator,True,26006
2024-04-11,1774.21,518.64,82.2175,synthetic_scenario_generator,True,26006
2024-04-12,1799.85,566.34,82.6023,synthetic_scenario_generator,True,26006
2024-04-13,1913.57,531.02,82.5592,synthetic_scenario_generator,True,26006
2024-04-14,1641.7,522.7,82.6654,synthetic_scenario_generator,True,26006
2024-04-15,1766.55,529.59,82.5353,synthetic_scenario_generator,True,26006
2024-04-16,1640.57,525.04,82.4246,synthetic_scenario_generator,True,26006
2024-04-17,1890.86,564.29,82.3532,synthetic_scenario_generator,True,26006
2024-04-18,1908.45,492.44,82.9263,synthetic_scenario_generator,True,26006
2024-04-19,1980.3,538.31,82.4019,synthetic_scenario_generator,True,26006
2024-04-20,1771.06,550.83,82.6914,synthetic_scenario_generator,True,26006
2024-04-21,1866.59,568.82,82.8436,synthetic_scenario_generator,True,26006
2024-04-22,1890.55,560.2,82.6456,synthetic_scenario_generator,True,26006
2024-04-23,1866.73,549.01,82.8204,synthetic_scenario_generator,True,26006
2024-04-24,1923.59,531.53,83.1051,synthetic_scenario_generator,True,26006
2024-04-25,1722.46,587.09,82.9384,synthetic_scenario_generator,True,26006
2024-04-26,1799.28,540.0,83.0789,synthetic_scenario_generator,True,26006
2024-04-27,1783.26,574.67,83.0287,synthetic_scenario_generator,True,26006
2024-04-28,1690.37,597.53,83.0634,synthetic_scenario_generator,True,26006
2024-04-29,1978.43,576.26,82.7079,synthetic_scenario_generator,True,26006
2024-04-30,1812.66,558.72,83.3402,synthetic_scenario_generator,True,26006
2024-05-01,1859.88,577.62,82.8573,synthetic_scenario_generator,True,26006
2024-05-02,1736.34,573.3,83.1213,synthetic_scenario_generator,True,26006
2024-05-03,1631.93,567.17,83.4766,synthetic_scenario_generator,True,26006
2024-05-04,1675.32,596.42,82.8008,synthetic_scenario_generator,True,26006
2024-05-05,1598.86,597.12,83.1244,synthetic_scenario_generator,True,26006
2024-05-06,1724.2,580.41,83.3645,synthetic_scenario_generator,True,26006
2024-05-07,1641.94,559.49,83.6197,synthetic_scenario_generator,True,26006
2024-05-08,1623.82,534.09,83.3402,synthetic_scenario_generator,True,26006
2024-05-09,1610.13,563.17,83.5767,synthetic_scenario_generator,True,26006
2024-05-10,1603.51,573.99,83.0433,synthetic_scenario_generator,True,26006
2024-05-11,1569.19,583.63,83.0368,synthetic_scenario_generator,True,26006
2024-05-12,1786.83,620.71,83.701,synthetic_scenario_generator,True,26006
2024-05-13,1533.73,590.71,83.6876,synthetic_scenario_generator,True,26006
2024-05-14,1408.94,598.21,83.3569,synthetic_scenario_generator,True,26006
2024-05-15,1578.65,589.91,83.8752,synthetic_scenario_generator,True,26006
2024-05-16,1340.8,584.11,83.4413,synthetic_scenario_generator,True,26006
2024-05-17,1375.79,578.67,83.164,synthetic_scenario_generator,True,26006
2024-05-18,1451.45,592.11,83.3162,synthetic_scenario_generator,True,26006
2024-05-19,1564.8,599.4,83.2483,synthetic_scenario_generator,True,26006
2024-05-20,1483.57,599.77,83.2832,synthetic_scenario_generator,True,26006
2024-05-21,1513.16,579.19,83.4735,synthetic_scenario_generator,True,26006
2024-05-22,1395.91,604.26,83.4174,synthetic_scenario_generator,True,26006
2024-05-23,1443.1,581.89,83.284,synthetic_scenario_generator,True,26006
2024-05-24,1396.22,576.52,83.4494,synthetic_scenario_generator,True,26006
2024-05-25,1579.59,566.86,82.9604,synthetic_scenario_generator,True,26006
2024-05-26,1350.97,583.69,83.7918,synthetic_scenario_generator,True,26006
2024-05-27,1387.74,577.75,83.8514,synthetic_scenario_generator,True,26006
2024-05-28,1351.28,579.95,83.6742,synthetic_scenario_generator,True,26006
2024-05-29,1355.07,571.27,83.8706,synthetic_scenario_generator,True,26006
2024-05-30,1396.28,623.99,83.875,synthetic_scenario_generator,True,26006
2024-05-31,1409.5,581.57,84.1853,synthetic_scenario_generator,True,26006
2024-06-01,1064.92,556.59,84.0489,synthetic_scenario_generator,True,26006
2024-06-02,1340.64,583.02,83.7546,synthetic_scenario_generator,True,26006
2024-06-03,1303.24,619.96,83.5524,synthetic_scenario_generator,True,26006
2024-06-04,1246.68,537.66,83.6864,synthetic_scenario_generator,True,26006
2024-06-05,914.19,579.12,84.3182,synthetic_scenario_generator,True,26006
2024-06-06,1288.58,544.23,83.8384,synthetic_scenario_generator,True,26006
2024-06-07,1115.44,555.31,83.552,synthetic_scenario_generator,True,26006
2024-06-08,1172.74,553.07,83.8802,synthetic_scenario_generator,True,26006
2024-06-09,1048.49,528.98,83.6707,synthetic_scenario_generator,True,26006
2024-06-10,1012.86,526.36,83.7404,synthetic_scenario_generator,True,26006
2024-06-11,1017.72,537.64,84.1057,synthetic_scenario_generator,True,26006
2024-06-12,1217.11,514.29,84.0069,synthetic_scenario_generator,True,26006
2024-06-13,1121.42,540.8,84.0225,synthetic_scenario_generator,True,26006
2024-06-14,1276.16,498.69,84.1257,synthetic_scenario_generator,True,26006
2024-06-15,1084.38,521.9,83.8299,synthetic_scenario_generator,True,26006
2024-06-16,973.84,518.4,84.0643,synthetic_scenario_generator,True,26006
2024-06-17,1017.12,528.15,84.2658,synthetic_scenario_generator,True,26006
2024-06-18,890.79,525.73,83.885,synthetic_scenario_generator,True,26006
2024-06-19,814.69,480.4,84.0682,synthetic_scenario_generator,True,26006
2024-06-20,1033.09,488.42,83.7816,synthetic_scenario_generator,True,26006
2024-06-21,911.96,480.88,84.0452,synthetic_scenario_generator,True,26006
2024-06-22,978.62,498.86,83.7293,synthetic_scenario_generator,True,26006
2024-06-23,932.36,484.22,83.5516,synthetic_scenario_generator,True,26006
2024-06-24,769.16,486.6,83.5106,synthetic_scenario_generator,True,26006
2024-06-25,932.49,484.46,84.0832,synthetic_scenario_generator,True,26006
2024-06-26,865.28,481.51,83.5361,synthetic_scenario_generator,True,26006
2024-06-27,1149.0,465.09,83.984,synthetic_scenario_generator,True,26006
2024-06-28,599.57,470.14,84.1248,synthetic_scenario_generator,True,26006
2024-06-29,805.91,487.79,84.3379,synthetic_scenario_generator,True,26006
2024-06-30,732.33,490.66,84.1467,synthetic_scenario_generator,True,26006
2024-07-01,857.42,456.51,84.2117,synthetic_scenario_generator,True,26006
2024-07-02,883.62,476.49,83.9619,synthetic_scenario_generator,True,26006
2024-07-03,970.52,460.03,84.0467,synthetic_scenario_generator,True,26006
2024-07-04,926.42,468.12,83.783,synthetic_scenario_generator,True,26006
2024-07-05,825.29,476.38,84.0152,synthetic_scenario_generator,True,26006
2024-07-06,910.64,486.05,84.1465,synthetic_scenario_generator,True,26006
2024-07-07,860.15,507.55,83.8666,synthetic_scenario_generator,True,26006
2024-07-08,670.03,474.93,83.7281,synthetic_scenario_generator,True,26006
2024-07-09,701.94,453.92,84.0011,synthetic_scenario_generator,True,26006
2024-07-10,955.27,454.03,83.6138,synthetic_scenario_generator,True,26006
2024-07-11,904.38,468.89,83.8988,synthetic_scenario_generator,True,26006
2024-07-12,734.49,443.14,84.009,synthetic_scenario_generator,True,26006
2024-07-13,607.34,481.52,83.8885,synthetic_scenario_generator,True,26006
2024-07-14,798.08,428.82,83.6872,synthetic_scenario_generator,True,26006
2024-07-15,806.66,462.8,83.9918,synthetic_scenario_generator,True,26006
2024-07-16,807.4,440.35,83.7466,synthetic_scenario_generator,True,26006
2024-07-17,826.7,441.74,83.9485,synthetic_scenario_generator,True,26006
2024-07-18,758.11,444.7,83.7167,synthetic_scenario_generator,True,26006
2024-07-19,577.79,440.03,83.6683,synthetic_scenario_generator,True,26006
2024-07-20,599.25,426.11,83.8094,synthetic_scenario_generator,True,26006
2024-07-21,812.22,482.98,83.3754,synthetic_scenario_generator,True,26006
2024-07-22,779.5,455.77,83.8253,synthetic_scenario_generator,True,26006
2024-07-23,867.77,444.3,83.6151,synthetic_scenario_generator,True,26006
2024-07-24,813.13,465.82,83.8025,synthetic_scenario_generator,True,26006
2024-07-25,536.46,454.59,83.8692,synthetic_scenario_generator,True,26006
2024-07-26,450.0,453.88,83.7965,synthetic_scenario_generator,True,26006
2024-07-27,613.62,447.3,83.5874,synthetic_scenario_generator,True,26006
2024-07-28,748.58,482.12,83.4474,synthetic_scenario_generator,True,26006
2024-07-29,809.43,469.54,83.5269,synthetic_scenario_generator,True,26006
2024-07-30,679.66,433.61,83.1674,synthetic_scenario_generator,True,26006
2024-07-31,611.12,458.22,83.6031,synthetic_scenario_generator,True,26006
2024-08-01,719.84,428.2,83.5514,synthetic_scenario_generator,True,26006
2024-08-02,748.55,452.67,83.7985,synthetic_scenario_generator,True,26006
2024-08-03,713.61,460.8,83.636,synthetic_scenario_generator,True,26006
2024-08-04,721.43,445.17,83.8551,synthetic_scenario_generator,True,26006
2024-08-05,713.8,467.75,83.1826,synthetic_scenario_generator,True,26006
2024-08-06,569.32,472.29,83.6035,synthetic_scenario_generator,True,26006
2024-08-07,614.26,479.43,83.4924,synthetic_scenario_generator,True,26006
2024-08-08,816.02,475.35,83.7035,synthetic_scenario_generator,True,26006
2024-08-09,745.91,481.6,83.2331,synthetic_scenario_generator,True,26006
2024-08-10,887.71,466.93,83.7256,synthetic_scenario_generator,True,26006
2024-08-11,899.27,500.61,83.4772,synthetic_scenario_generator,True,26006
2024-08-12,761.54,444.59,83.5313,synthetic_scenario_generator,True,26006
2024-08-13,661.73,474.22,83.4131,synthetic_scenario_generator,True,26006
2024-08-14,729.39,462.39,83.6626,synthetic_scenario_generator,True,26006
2024-08-15,858.36,491.63,83.5362,synthetic_scenario_generator,True,26006
2024-08-16,763.9,466.95,83.7932,synthetic_scenario_generator,True,26006
2024-08-17,1057.17,483.35,83.0414,synthetic_scenario_generator,True,26006
2024-08-18,1014.98,504.49,83.6696,synthetic_scenario_generator,True,26006
2024-08-19,815.91,498.62,83.2578,synthetic_scenario_generator,True,26006
2024-08-20,893.74,511.35,83.5474,synthetic_scenario_generator,True,26006
2024-08-21,799.67,460.4,83.3495,synthetic_scenario_generator,True,26006
2024-08-22,814.12,488.83,83.5552,synthetic_scenario_generator,True,26006
2024-08-23,1152.94,493.95,83.3415,synthetic_scenario_generator,True,26006
2024-08-24,942.87,496.9,83.3853,synthetic_scenario_generator,True,26006
2024-08-25,879.16,475.53,83.3645,synthetic_scenario_generator,True,26006
2024-08-26,702.04,491.98,83.2117,synthetic_scenario_generator,True,26006
2024-08-27,940.99,458.9,83.3623,synthetic_scenario_generator,True,26006
2024-08-28,796.58,472.53,82.9718,synthetic_scenario_generator,True,26006
2024-08-29,920.61,504.54,83.0462,synthetic_scenario_generator,True,26006
2024-08-30,736.62,511.18,83.0613,synthetic_scenario_generator,True,26006
2024-08-31,731.41,475.61,82.717,synthetic_scenario_generator,True,26006
2024-09-01,1030.91,469.21,83.1217,synthetic_scenario_generator,True,26006
2024-09-02,865.31,494.92,83.103,synthetic_scenario_generator,True,26006
2024-09-03,971.54,448.59,83.3857,synthetic_scenario_generator,True,26006
2024-09-04,1011.29,479.0,83.2637,synthetic_scenario_generator,True,26006
2024-09-05,1109.4,484.86,83.1592,synthetic_scenario_generator,True,26006
2024-09-06,1044.44,465.27,83.0481,synthetic_scenario_generator,True,26006
2024-09-07,902.11,421.56,82.7888,synthetic_scenario_generator,True,26006
2024-09-08,1302.54,431.72,83.1377,synthetic_scenario_generator,True,26006
2024-09-09,962.41,455.91,83.3475,synthetic_scenario_generator,True,26006
2024-09-10,1068.22,457.02,83.2112,synthetic_scenario_generator,True,26006
2024-09-11,1014.84,462.12,82.9494,synthetic_scenario_generator,True,26006
2024-09-12,924.21,420.88,82.7412,synthetic_scenario_generator,True,26006
2024-09-13,1227.93,396.99,83.1428,synthetic_scenario_generator,True,26006
2024-09-14,1207.94,427.69,82.7938,synthetic_scenario_generator,True,26006
2024-09-15,1302.26,453.63,83.1299,synthetic_scenario_generator,True,26006
2024-09-16,1046.28,432.06,82.9067,synthetic_scenario_generator,True,26006
2024-09-17,1121.15,438.3,82.9376,synthetic_scenario_generator,True,26006
2024-09-18,1035.27,442.71,83.1098,synthetic_scenario_generator,True,26006
2024-09-19,1241.87,424.23,82.8597,synthetic_scenario_generator,True,26006
2024-09-20,1239.91,445.3,82.7257,synthetic_scenario_generator,True,26006
2024-09-21,1276.67,423.2,82.5989,synthetic_scenario_generator,True,26006
2024-09-22,1128.3,405.91,82.955,synthetic_scenario_generator,True,26006
2024-09-23,1238.56,383.54,82.8392,synthetic_scenario_generator,True,26006
2024-09-24,1219.14,392.63,82.7731,synthetic_scenario_generator,True,26006
2024-09-25,1310.27,415.5,82.4358,synthetic_scenario_generator,True,26006
2024-09-26,1228.52,346.18,82.4993,synthetic_scenario_generator,True,26006
2024-09-27,1350.42,391.59,82.3414,synthetic_scenario_generator,True,26006
2024-09-28,1305.09,413.19,82.548,synthetic_scenario_generator,True,26006
2024-09-29,1263.13,369.15,82.7778,synthetic_scenario_generator,True,26006
2024-09-30,1264.32,392.95,82.6331,synthetic_scenario_generator,True,26006
2024-10-01,1250.71,367.15,82.6432,synthetic_scenario_generator,True,26006
2024-10-02,1287.32,403.88,82.3231,synthetic_scenario_generator,True,26006
2024-10-03,1269.63,373.93,82.8295,synthetic_scenario_generator,True,26006
2024-10-04,1228.59,389.85,82.5527,synthetic_scenario_generator,True,26006
2024-10-05,1344.93,374.68,82.5356,synthetic_scenario_generator,True,26006
2024-10-06,1416.3,378.55,82.7826,synthetic_scenario_generator,True,26006
2024-10-07,1341.3,390.26,81.9649,synthetic_scenario_generator,True,26006
2024-10-08,1495.44,363.76,82.2706,synthetic_scenario_generator,True,26006
2024-10-09,1164.49,373.3,82.2786,synthetic_scenario_generator,True,26006
2024-10-10,1462.6,357.84,82.4418,synthetic_scenario_generator,True,26006
2024-10-11,1563.85,370.7,82.3841,synthetic_scenario_generator,True,26006
2024-10-12,1269.33,410.79,82.3837,synthetic_scenario_generator,True,26006
2024-10-13,1151.15,409.65,82.5161,synthetic_scenario_generator,True,26006
2024-10-14,1270.82,371.4,82.3422,synthetic_scenario_generator,True,26006
2024-10-15,1318.72,407.96,82.4235,synthetic_scenario_generator,True,26006
2024-10-16,1456.51,399.54,82.3079,synthetic_scenario_generator,True,26006
2024-10-17,1347.16,412.26,82.0701,synthetic_scenario_generator,True,26006
2024-10-18,1398.93,420.54,82.4303,synthetic_scenario_generator,True,26006
2024-10-19,1381.24,387.17,82.032,synthetic_scenario_generator,True,26006
2024-10-20,1633.21,404.43,82.6004,synthetic_scenario_generator,True,26006
2024-10-21,1507.82,408.97,82.2869,synthetic_scenario_generator,True,26006
2024-10-22,1125.79,412.89,82.4747,synthetic_scenario_generator,True,26006
2024-10-23,1310.27,421.98,82.239,synthetic_scenario_generator,True,26006
2024-10-24,1312.03,423.47,82.2552,synthetic_scenario_generator,True,26006
2024-10-25,1515.04,394.1,82.5233,synthetic_scenario_generator,True,26006
2024-10-26,1469.09,434.45,82.387,synthetic_scenario_generator,True,26006
2024-10-27,1519.32,416.96,82.0202,synthetic_scenario_generator,True,26006
2024-10-28,1212.88,431.96,82.7744,synthetic_scenario_generator,True,26006
2024-10-29,1404.35,408.81,82.234,synthetic_scenario_generator,True,26006
2024-10-30,1351.77,426.45,82.3181,synthetic_scenario_generator,True,26006
2024-10-31,1535.6,443.67,81.9113,synthetic_scenario_generator,True,26006
2024-11-01,1344.23,430.13,82.3768,synthetic_scenario_generator,True,26006
2024-11-02,1428.04,445.34,82.1995,synthetic_scenario_generator,True,26006
2024-11-03,1337.15,420.7,82.5546,synthetic_scenario_generator,True,26006
2024-11-04,1318.14,450.07,82.0367,synthetic_scenario_generator,True,26006
2024-11-05,1193.68,473.11,82.1,synthetic_scenario_generator,True,26006
2024-11-06,1481.29,458.69,82.4121,synthetic_scenario_generator,True,26006
2024-11-07,1210.45,435.56,82.4926,synthetic_scenario_generator,True,26006
2024-11-08,1351.07,435.29,82.7853,synthetic_scenario_generator,True,26006
2024-11-09,1382.06,463.67,82.2818,synthetic_scenario_generator,True,26006
2024-11-10,1138.53,470.5,82.1449,synthetic_scenario_generator,True,26006
2024-11-11,1551.58,469.83,82.1546,synthetic_scenario_generator,True,26006
2024-11-12,1326.1,465.64,82.3575,synthetic_scenario_generator,True,26006
2024-11-13,1208.6,495.8,82.3179,synthetic_scenario_generator,True,26006
2024-11-14,1164.19,461.28,82.0806,synthetic_scenario_generator,True,26006
2024-11-15,1238.3,469.09,82.082,synthetic_scenario_generator,True,26006
2024-11-16,1340.12,409.12,82.6847,synthetic_scenario_generator,True,26006
2024-11-17,1460.05,472.37,82.3115,synthetic_scenario_generator,True,26006
2024-11-18,1427.78,473.46,82.2686,synthetic_scenario_generator,True,26006
2024-11-19,1265.22,494.79,82.6913,synthetic_scenario_generator,True,26006
2024-11-20,1324.87,499.83,82.4646,synthetic_scenario_generator,True,26006
2024-11-21,1554.37,504.39,81.7444,synthetic_scenario_generator,True,26006
2024-11-22,1137.77,493.94,82.3422,synthetic_scenario_generator,True,26006
2024-11-23,1394.03,501.62,82.5084,synthetic_scenario_generator,True,26006
2024-11-24,1478.83,491.89,82.8744,synthetic_scenario_generator,True,26006
2024-11-25,1169.87,465.18,81.8287,synthetic_scenario_generator,True,26006
2024-11-26,1347.94,510.27,82.5244,synthetic_scenario_generator,True,26006
2024-11-27,1372.8,473.4,81.7769,synthetic_scenario_generator,True,26006
2024-11-28,1586.16,493.16,82.3168,synthetic_scenario_generator,True,26006
2024-11-29,1214.42,485.83,82.7003,synthetic_scenario_generator,True,26006
2024-11-30,1357.19,510.13,82.3421,synthetic_scenario_generator,True,26006
2024-12-01,1374.28,507.37,82.3263,synthetic_scenario_generator,True,26006
2024-12-02,1340.22,511.58,82.8986,synthetic_scenario_generator,True,26006
2024-12-03,1308.34,526.19,82.833,synthetic_scenario_generator,True,26006
2024-12-04,1233.97,470.59,82.7535,synthetic_scenario_generator,True,26006
2024-12-05,1279.71,502.14,82.704,synthetic_scenario_generator,True,26006
2024-12-06,1326.94,488.54,82.6025,synthetic_scenario_generator,True,26006
2024-12-07,1498.33,501.28,82.4323,synthetic_scenario_generator,True,26006
2024-12-08,1192.7,510.8,82.319,synthetic_scenario_generator,True,26006
2024-12-09,1350.95,514.37,82.5365,synthetic_scenario_generator,True,26006
2024-12-10,1599.29,474.46,82.2738,synthetic_scenario_generator,True,26006
2024-12-11,1341.17,500.44,82.5281,synthetic_scenario_generator,True,26006
2024-12-12,1058.48,490.27,82.4925,synthetic_scenario_generator,True,26006
2024-12-13,1394.26,495.73,82.6787,synthetic_scenario_generator,True,26006
2024-12-14,1217.03,500.58,83.3863,synthetic_scenario_generator,True,26006
2024-12-15,1359.35,484.49,82.4994,synthetic_scenario_generator,True,26006
2024-12-16,1257.69,500.57,82.3925,synthetic_scenario_generator,True,26006
2024-12-17,1451.97,483.23,82.6445,synthetic_scenario_generator,True,26006
2024-12-18,1248.88,503.99,82.4033,synthetic_scenario_generator,True,26006
2024-12-19,1389.12,465.55,82.8601,synthetic_scenario_generator,True,26006
2024-12-20,1422.03,458.53,82.8976,synthetic_scenario_generator,True,26006
2024-12-21,1237.66,487.67,83.058,synthetic_scenario_generator,True,26006
2024-12-22,1269.99,472.69,83.1105,synthetic_scenario_generator,True,26006
2024-12-23,1255.56,478.45,82.7575,synthetic_scenario_generator,True,26006
2024-12-24,1410.81,451.31,83.253,synthetic_scenario_generator,True,26006
2024-12-25,1190.32,504.68,83.0296,synthetic_scenario_generator,True,26006
2024-12-26,1399.71,471.42,83.2166,synthetic_scenario_generator,True,26006
2024-12-27,1211.2,490.33,83.1914,synthetic_scenario_generator,True,26006
2024-12-28,1252.87,482.15,83.2476,synthetic_scenario_generator,True,26006
2024-12-29,1185.26,494.05,82.8776,synthetic_scenario_generator,True,26006
2024-12-30,1598.84,463.97,83.3974,synthetic_scenario_generator,True,26006
2024-12-31,1171.69,477.04,82.7271,synthetic_scenario_generator,True,26006
2025-01-01,1127.25,479.82,83.1839,synthetic_scenario_generator,True,26006
2025-01-02,1313.72,489.94,82.8793,synthetic_scenario_generator,True,26006
2025-01-03,1574.39,487.52,83.1707,synthetic_scenario_generator,True,26006
2025-01-04,1299.4,478.61,83.5004,synthetic_scenario_generator,True,26006
2025-01-05,1389.88,465.13,82.9343,synthetic_scenario_generator,True,26006
2025-01-06,1289.67,475.68,83.028,synthetic_scenario_generator,True,26006
2025-01-07,1559.3,481.65,82.9946,synthetic_scenario_generator,True,26006
2025-01-08,1387.94,497.6,83.1586,synthetic_scenario_generator,True,26006
2025-01-09,1343.9,486.53,83.4399,synthetic_scenario_generator,True,26006
2025-01-10,1528.59,480.52,83.3686,synthetic_scenario_generator,True,26006
2025-01-11,1380.03,461.42,83.3955,synthetic_scenario_generator,True,26006
2025-01-12,1215.84,501.2,82.8278,synthetic_scenario_generator,True,26006
2025-01-13,1371.5,476.37,83.655,synthetic_scenario_generator,True,26006
2025-01-14,1599.03,472.77,83.3035,synthetic_scenario_generator,True,26006
2025-01-15,1468.54,496.43,83.3236,synthetic_scenario_generator,True,26006
2025-01-16,1509.73,474.39,83.641,synthetic_scenario_generator,True,26006
2025-01-17,1626.33,494.36,83.5142,synthetic_scenario_generator,True,26006
2025-01-18,1393.47,457.97,83.3088,synthetic_scenario_generator,True,26006
2025-01-19,1366.9,506.31,83.6137,synthetic_scenario_generator,True,26006
2025-01-20,1554.94,457.92,83.5985,synthetic_scenario_generator,True,26006
2025-01-21,1705.69,493.3,83.8566,synthetic_scenario_generator,True,26006
2025-01-22,1479.67,504.87,83.7695,synthetic_scenario_generator,True,26006
2025-01-23,1512.61,533.68,83.9036,synthetic_scenario_generator,True,26006
2025-01-24,1589.7,488.18,83.4875,synthetic_scenario_generator,True,26006
2025-01-25,1501.5,514.89,83.7638,synthetic_scenario_generator,True,26006
2025-01-26,1621.26,491.2,84.209,synthetic_scenario_generator,True,26006
2025-01-27,1680.55,493.64,83.8528,synthetic_scenario_generator,True,26006
2025-01-28,1631.96,489.34,83.8305,synthetic_scenario_generator,True,26006
2025-01-29,1608.78,536.63,83.9274,synthetic_scenario_generator,True,26006
2025-01-30,1840.65,496.98,84.0907,synthetic_scenario_generator,True,26006
2025-01-31,1686.56,534.63,83.9411,synthetic_scenario_generator,True,26006
2025-02-01,1568.72,526.29,83.9657,synthetic_scenario_generator,True,26006
2025-02-02,1750.8,522.17,84.2219,synthetic_scenario_generator,True,26006
2025-02-03,1668.04,536.29,84.2894,synthetic_scenario_generator,True,26006
2025-02-04,1629.07,528.7,84.1168,synthetic_scenario_generator,True,26006
2025-02-05,1640.83,504.93,84.0485,synthetic_scenario_generator,True,26006
2025-02-06,1640.39,546.31,84.3355,synthetic_scenario_generator,True,26006
2025-02-07,1717.03,539.96,83.7494,synthetic_scenario_generator,True,26006
2025-02-08,1688.73,565.92,84.0598,synthetic_scenario_generator,True,26006
2025-02-09,1803.51,560.95,84.2222,synthetic_scenario_generator,True,26006
2025-02-10,1632.1,565.81,84.3204,synthetic_scenario_generator,True,26006
2025-02-11,1845.87,550.19,84.7746,synthetic_scenario_generator,True,26006
2025-02-12,1545.32,566.5,84.2699,synthetic_scenario_generator,True,26006
2025-02-13,1584.02,583.67,84.6718,synthetic_scenario_generator,True,26006
2025-02-14,1889.7,563.41,84.3953,synthetic_scenario_generator,True,26006
2025-02-15,1891.11,581.16,84.1626,synthetic_scenario_generator,True,26006
2025-02-16,1903.22,597.18,84.3389,synthetic_scenario_generator,True,26006
2025-02-17,1783.75,562.01,84.5071,synthetic_scenario_generator,True,26006
2025-02-18,1835.36,624.42,84.3932,synthetic_scenario_generator,True,26006
2025-02-19,1947.66,564.53,84.5257,synthetic_scenario_generator,True,26006
2025-02-20,1832.65,580.11,84.5073,synthetic_scenario_generator,True,26006
2025-02-21,1817.25,579.95,84.6727,synthetic_scenario_generator,True,26006
2025-02-22,2083.7,634.52,84.6621,synthetic_scenario_generator,True,26006
2025-02-23,1935.24,615.52,84.7825,synthetic_scenario_generator,True,26006
2025-02-24,1941.94,607.66,84.6804,synthetic_scenario_generator,True,26006
2025-02-25,2104.88,618.77,85.0636,synthetic_scenario_generator,True,26006
2025-02-26,2014.99,612.16,84.6008,synthetic_scenario_generator,True,26006
2025-02-27,1998.46,593.77,84.6455,synthetic_scenario_generator,True,26006
2025-02-28,1990.8,603.58,85.185,synthetic_scenario_generator,True,26006
2025-03-01,1946.37,581.13,84.8076,synthetic_scenario_generator,True,26006
2025-03-02,1880.49,633.02,84.7194,synthetic_scenario_generator,True,26006
2025-03-03,1826.23,589.92,84.5318,synthetic_scenario_generator,True,26006
2025-03-04,1799.61,601.25,84.6244,synthetic_scenario_generator,True,26006
2025-03-05,1903.13,595.56,85.0694,synthetic_scenario_generator,True,26006
2025-03-06,2039.98,613.08,84.8757,synthetic_scenario_generator,True,26006
2025-03-07,1915.71,580.77,85.3263,synthetic_scenario_generator,True,26006
2025-03-08,1921.19,620.54,84.7919,synthetic_scenario_generator,True,26006
2025-03-09,2100.11,581.75,85.5294,synthetic_scenario_generator,True,26006
2025-03-10,2002.05,602.47,85.4093,synthetic_scenario_generator,True,26006
2025-03-11,1882.89,596.66,85.2188,synthetic_scenario_generator,True,26006
2025-03-12,1923.01,604.72,85.2043,synthetic_scenario_generator,True,26006
2025-03-13,1891.19,583.37,85.0252,synthetic_scenario_generator,True,26006
2025-03-14,2035.14,584.25,85.0284,synthetic_scenario_generator,True,26006
2025-03-15,2221.96,575.81,85.7553,synthetic_scenario_generator,True,26006
2025-03-16,1858.35,609.77,85.2343,synthetic_scenario_generator,True,26006
2025-03-17,1967.69,600.81,86.0796,synthetic_scenario_generator,True,26006
2025-03-18,1931.41,552.59,85.5924,synthetic_scenario_generator,True,26006
2025-03-19,2007.75,608.7,85.4324,synthetic_scenario_generator,True,26006
2025-03-20,1716.32,565.03,85.3853,synthetic_scenario_generator,True,26006
2025-03-21,1980.24,550.11,85.1733,synthetic_scenario_generator,True,26006
2025-03-22,2178.06,567.29,85.5822,synthetic_scenario_generator,True,26006
2025-03-23,2166.27,581.63,85.0431,synthetic_scenario_generator,True,26006
2025-03-24,1957.19,568.61,85.6655,synthetic_scenario_generator,True,26006
2025-03-25,1922.31,541.67,85.4413,synthetic_scenario_generator,True,26006
2025-03-26,2059.88,580.4,85.677,synthetic_scenario_generator,True,26006
2025-03-27,1826.99,540.53,85.2404,synthetic_scenario_generator,True,26006
2025-03-28,1902.97,536.31,85.5674,synthetic_scenario_generator,True,26006
2025-03-29,2138.87,553.31,85.7107,synthetic_scenario_generator,True,26006
2025-03-30,2026.08,544.99,85.2377,synthetic_scenario_generator,True,26006
2025-03-31,1984.73,542.44,85.6118,synthetic_scenario_generator,True,26006
2025-04-01,2078.62,546.41,85.663,synthetic_scenario_generator,True,26006
2025-04-02,1663.11,551.48,85.554,synthetic_scenario_generator,True,26006
2025-04-03,1876.45,546.46,86.1293,synthetic_scenario_generator,True,26006
2025-04-04,1808.87,536.18,85.6236,synthetic_scenario_generator,True,26006
2025-04-05,2027.13,554.96,85.8561,synthetic_scenario_generator,True,26006
2025-04-06,2102.13,540.19,85.6641,synthetic_scenario_generator,True,26006
2025-04-07,1874.8,510.69,85.3989,synthetic_scenario_generator,True,26006
2025-04-08,1725.04,512.73,85.603,synthetic_scenario_generator,True,26006
2025-04-09,1992.72,545.34,85.8434,synthetic_scenario_generator,True,26006
2025-04-10,1703.81,519.31,85.5627,synthetic_scenario_generator,True,26006
2025-04-11,1809.56,501.25,85.7801,synthetic_scenario_generator,True,26006
2025-04-12,1801.81,535.56,85.7891,synthetic_scenario_generator,True,26006
2025-04-13,1809.77,532.44,86.0205,synthetic_scenario_generator,True,26006
2025-04-14,1790.55,529.41,85.7406,synthetic_scenario_generator,True,26006
2025-04-15,1824.54,554.79,86.0111,synthetic_scenario_generator,True,26006
2025-04-16,1828.99,529.23,85.8482,synthetic_scenario_generator,True,26006
2025-04-17,1929.25,527.08,85.758,synthetic_scenario_generator,True,26006
2025-04-18,1784.37,539.34,85.4957,synthetic_scenario_generator,True,26006
2025-04-19,1846.57,531.43,86.234,synthetic_scenario_generator,True,26006
2025-04-20,1791.18,554.89,86.0978,synthetic_scenario_generator,True,26006
2025-04-21,1706.87,490.85,85.8481,synthetic_scenario_generator,True,26006
2025-04-22,1846.2,534.75,85.8533,synthetic_scenario_generator,True,26006
2025-04-23,1720.48,523.47,85.9302,synthetic_scenario_generator,True,26006
2025-04-24,1516.11,540.7,85.8832,synthetic_scenario_generator,True,26006
2025-04-25,1671.08,548.14,85.6499,synthetic_scenario_generator,True,26006
2025-04-26,1606.88,544.81,86.1159,synthetic_scenario_generator,True,26006
2025-04-27,1854.21,530.85,86.3016,synthetic_scenario_generator,True,26006
2025-04-28,1925.95,574.98,86.0631,synthetic_scenario_generator,True,26006
2025-04-29,1695.48,563.31,85.5485,synthetic_scenario_generator,True,26006
2025-04-30,1561.49,521.21,85.7709,synthetic_scenario_generator,True,26006
2025-05-01,1430.7,565.26,85.8663,synthetic_scenario_generator,True,26006
2025-05-02,1402.29,551.26,86.2689,synthetic_scenario_generator,True,26006
2025-05-03,1572.56,591.44,85.8901,synthetic_scenario_generator,True,26006
2025-05-04,1396.02,578.24,86.0254,synthetic_scenario_generator,True,26006
2025-05-05,1788.98,570.79,86.0721,synthetic_scenario_generator,True,26006
2025-05-06,1598.55,543.27,85.4832,synthetic_scenario_generator,True,26006
2025-05-07,1423.75,577.34,85.9628,synthetic_scenario_generator,True,26006
2025-05-08,1403.5,543.51,85.9243,synthetic_scenario_generator,True,26006
2025-05-09,1432.97,589.58,85.8752,synthetic_scenario_generator,True,26006
2025-05-10,1478.03,585.71,86.2489,synthetic_scenario_generator,True,26006
2025-05-11,1490.24,579.47,86.0859,synthetic_scenario_generator,True,26006
2025-05-12,1571.18,581.67,86.0648,synthetic_scenario_generator,True,26006
2025-05-13,1498.75,557.73,86.112,synthetic_scenario_generator,True,26006
2025-05-14,1450.22,620.0,85.561,synthetic_scenario_generator,True,26006
2025-05-15,1306.95,550.01,85.4373,synthetic_scenario_generator,True,26006
2025-05-16,1403.04,579.32,85.9635,synthetic_scenario_generator,True,26006
2025-05-17,1155.8,588.18,85.7583,synthetic_scenario_generator,True,26006
2025-05-18,1458.1,556.17,86.2885,synthetic_scenario_generator,True,26006
2025-05-19,1092.73,556.45,85.6315,synthetic_scenario_generator,True,26006
2025-05-20,1402.18,585.29,85.9147,synthetic_scenario_generator,True,26006
2025-05-21,1058.11,614.66,85.873,synthetic_scenario_generator,True,26006
2025-05-22,1104.64,606.61,86.1685,synthetic_scenario_generator,True,26006
2025-05-23,1147.56,567.27,85.685,synthetic_scenario_generator,True,26006
2025-05-24,1136.7,540.99,85.9589,synthetic_scenario_generator,True,26006
2025-05-25,1239.54,571.75,86.1102,synthetic_scenario_generator,True,26006
2025-05-26,1186.7,563.85,85.9678,synthetic_scenario_generator,True,26006
2025-05-27,1175.63,583.49,85.8135,synthetic_scenario_generator,True,26006
2025-05-28,1179.18,575.31,86.1526,synthetic_scenario_generator,True,26006
2025-05-29,1217.96,567.84,85.6246,synthetic_scenario_generator,True,26006
2025-05-30,887.12,569.23,85.5473,synthetic_scenario_generator,True,26006
2025-05-31,1202.15,557.56,86.0745,synthetic_scenario_generator,True,26006
2025-06-01,1272.57,564.65,85.8771,synthetic_scenario_generator,True,26006
2025-06-02,1159.09,573.33,85.7551,synthetic_scenario_generator,True,26006
2025-06-03,814.63,573.14,85.6705,synthetic_scenario_generator,True,26006
2025-06-04,1075.52,570.68,85.5653,synthetic_scenario_generator,True,26006
2025-06-05,1021.44,569.2,85.5671,synthetic_scenario_generator,True,26006
2025-06-06,1135.32,549.28,85.5895,synthetic_scenario_generator,True,26006
2025-06-07,1063.64,594.14,85.8174,synthetic_scenario_generator,True,26006
2025-06-08,1019.79,569.4,85.7225,synthetic_scenario_generator,True,26006
2025-06-09,1127.95,570.32,85.8711,synthetic_scenario_generator,True,26006
2025-06-10,1100.83,543.59,85.516,synthetic_scenario_generator,True,26006
2025-06-11,995.84,557.13,85.8363,synthetic_scenario_generator,True,26006
2025-06-12,823.95,534.6,85.3148,synthetic_scenario_generator,True,26006
2025-06-13,829.94,560.48,85.7377,synthetic_scenario_generator,True,26006
2025-06-14,1050.07,491.98,85.7083,synthetic_scenario_generator,True,26006
2025-06-15,904.52,533.45,85.6547,synthetic_scenario_generator,True,26006
2025-06-16,912.84,525.57,85.3754,synthetic_scenario_generator,True,26006
2025-06-17,1024.42,525.14,85.702,synthetic_scenario_generator,True,26006
2025-06-18,900.48,530.28,85.3589,synthetic_scenario_generator,True,26006
2025-06-19,1056.04,521.92,85.4173,synthetic_scenario_generator,True,26006
2025-06-20,817.66,523.91,85.1055,synthetic_scenario_generator,True,26006
2025-06-21,621.97,508.2,85.2133,synthetic_scenario_generator,True,26006
2025-06-22,822.31,522.53,85.5422,synthetic_scenario_generator,True,26006
2025-06-23,984.62,511.26,85.2247,synthetic_scenario_generator,True,26006
2025-06-24,785.39,519.64,85.1798,synthetic_scenario_generator,True,26006
2025-06-25,845.95,511.62,85.2003,synthetic_scenario_generator,True,26006
2025-06-26,825.02,492.5,85.1587,synthetic_scenario_generator,True,26006
2025-06-27,845.22,476.15,85.3012,synthetic_scenario_generator,True,26006
2025-06-28,818.38,507.74,85.2829,synthetic_scenario_generator,True,26006
2025-06-29,843.19,461.52,85.2333,synthetic_scenario_generator,True,26006
2025-06-30,877.99,470.4,85.4395,synthetic_scenario_generator,True,26006
2025-07-01,947.41,495.41,85.2388,synthetic_scenario_generator,True,26006
2025-07-02,981.8,475.69,85.0901,synthetic_scenario_generator,True,26006
2025-07-03,807.28,472.26,85.1994,synthetic_scenario_generator,True,26006
2025-07-04,804.57,472.43,85.3279,synthetic_scenario_generator,True,26006
2025-07-05,744.11,449.38,85.2921,synthetic_scenario_generator,True,26006
2025-07-06,959.21,486.89,84.7704,synthetic_scenario_generator,True,26006
2025-07-07,813.93,453.3,85.3303,synthetic_scenario_generator,True,26006
2025-07-08,771.58,423.51,85.0749,synthetic_scenario_generator,True,26006
2025-07-09,561.64,459.0,84.9887,synthetic_scenario_generator,True,26006
2025-07-10,928.82,445.13,85.0692,synthetic_scenario_generator,True,26006
2025-07-11,913.2,444.5,85.2989,synthetic_scenario_generator,True,26006
2025-07-12,863.37,465.66,85.0605,synthetic_scenario_generator,True,26006
2025-07-13,1048.43,453.35,84.9275,synthetic_scenario_generator,True,26006
2025-07-14,976.52,451.62,85.4133,synthetic_scenario_generator,True,26006
2025-07-15,849.27,462.84,85.0549,synthetic_scenario_generator,True,26006
2025-07-16,943.35,405.89,84.8135,synthetic_scenario_generator,True,26006
2025-07-17,1002.21,445.01,85.0643,synthetic_scenario_generator,True,26006
2025-07-18,899.26,424.69,85.3232,synthetic_scenario_generator,True,26006
2025-07-19,993.04,440.67,84.8265,synthetic_scenario_generator,True,26006
2025-07-20,945.92,438.17,84.7903,synthetic_scenario_generator,True,26006
2025-07-21,762.15,421.5,84.9497,synthetic_scenario_generator,True,26006
2025-07-22,749.56,465.65,84.5985,synthetic_scenario_generator,True,26006
2025-07-23,561.35,447.74,84.2739,synthetic_scenario_generator,True,26006
2025-07-24,991.53,428.91,84.8796,synthetic_scenario_generator,True,26006
2025-07-25,1042.36,460.05,84.8455,synthetic_scenario_generator,True,26006
2025-07-26,910.38,431.73,84.7101,synthetic_scenario_generator,True,26006
2025-07-27,1036.64,416.2,84.7236,synthetic_scenario_generator,True,26006
2025-07-28,638.63,435.82,84.7048,synthetic_scenario_generator,True,26006
2025-07-29,1220.54,415.05,84.7562,synthetic_scenario_generator,True,26006
2025-07-30,846.43,454.12,84.3368,synthetic_scenario_generator,True,26006
2025-07-31,1013.31,456.45,84.6246,synthetic_scenario_generator,True,26006
2025-08-01,932.33,438.13,84.4472,synthetic_scenario_generator,True,26006
2025-08-02,852.24,467.74,84.8401,synthetic_scenario_generator,True,26006
2025-08-03,945.0,414.81,84.5071,synthetic_scenario_generator,True,26006
2025-08-04,1238.09,419.85,84.8531,synthetic_scenario_generator,True,26006
2025-08-05,959.9,435.37,84.6546,synthetic_scenario_generator,True,26006
2025-08-06,911.54,460.51,84.1446,synthetic_scenario_generator,True,26006
2025-08-07,887.01,439.68,84.3152,synthetic_scenario_generator,True,26006
2025-08-08,991.9,452.76,84.5598,synthetic_scenario_generator,True,26006
2025-08-09,1014.79,459.32,84.6511,synthetic_scenario_generator,True,26006
2025-08-10,900.98,442.63,84.9448,synthetic_scenario_generator,True,26006
2025-08-11,1072.45,451.32,84.4215,synthetic_scenario_generator,True,26006
2025-08-12,1148.87,408.35,85.0431,synthetic_scenario_generator,True,26006
2025-08-13,972.39,472.74,84.4844,synthetic_scenario_generator,True,26006
2025-08-14,1254.62,474.31,84.3801,synthetic_scenario_generator,True,26006
2025-08-15,935.22,470.32,84.7158,synthetic_scenario_generator,True,26006
2025-08-16,1134.0,482.05,84.3617,synthetic_scenario_generator,True,26006
2025-08-17,878.88,491.57,84.1313,synthetic_scenario_generator,True,26006
2025-08-18,1203.36,484.43,84.3068,synthetic_scenario_generator,True,26006
2025-08-19,1244.98,445.04,84.3698,synthetic_scenario_generator,True,26006
2025-08-20,1001.08,485.59,84.6267,synthetic_scenario_generator,True,26006
2025-08-21,954.08,477.34,84.1001,synthetic_scenario_generator,True,26006
2025-08-22,869.81,488.68,84.2149,synthetic_scenario_generator,True,26006
2025-08-23,1141.44,492.78,84.5271,synthetic_scenario_generator,True,26006
2025-08-24,1209.75,483.7,84.3475,synthetic_scenario_generator,True,26006
2025-08-25,1288.56,510.28,84.4875,synthetic_scenario_generator,True,26006
2025-08-26,1183.02,438.32,84.5012,synthetic_scenario_generator,True,26006
2025-08-27,1116.8,461.1,84.5498,synthetic_scenario_generator,True,26006
2025-08-28,1421.19,473.99,84.4804,synthetic_scenario_generator,True,26006
2025-08-29,1084.85,480.25,83.9734,synthetic_scenario_generator,True,26006
2025-08-30,1242.81,473.66,84.2633,synthetic_scenario_generator,True,26006
2025-08-31,1158.8,463.48,84.24,synthetic_scenario_generator,True,26006
2025-09-01,1395.7,470.19,84.448,synthetic_scenario_generator,True,26006
2025-09-02,1190.23,490.23,84.0609,synthetic_scenario_generator,True,26006
2025-09-03,1282.04,450.54,84.1859,synthetic_scenario_generator,True,26006
2025-09-04,1276.97,481.63,84.375,synthetic_scenario_generator,True,26006
2025-09-05,1179.19,465.07,83.6965,synthetic_scenario_generator,True,26006
2025-09-06,1367.78,454.73,84.4453,synthetic_scenario_generator,True,26006
2025-09-07,1027.34,458.4,84.4314,synthetic_scenario_generator,True,26006
2025-09-08,1405.33,462.08,84.2097,synthetic_scenario_generator,True,26006
2025-09-09,1078.08,456.66,84.1957,synthetic_scenario_generator,True,26006
2025-09-10,1067.2,473.83,84.5921,synthetic_scenario_generator,True,26006
2025-09-11,1278.18,444.6,83.9261,synthetic_scenario_generator,True,26006
2025-09-12,1221.26,449.08,84.2994,synthetic_scenario_generator,True,26006
2025-09-13,1427.12,452.85,84.0751,synthetic_scenario_generator,True,26006
2025-09-14,1258.86,455.61,84.7776,synthetic_scenario_generator,True,26006
2025-09-15,1277.11,423.35,84.3989,synthetic_scenario_generator,True,26006
2025-09-16,1138.78,458.68,84.5956,synthetic_scenario_generator,True,26006
2025-09-17,1083.08,445.95,83.8562,synthetic_scenario_generator,True,26006
2025-09-18,1189.96,428.74,84.1951,synthetic_scenario_generator,True,26006
2025-09-19,1094.01,422.08,84.6752,synthetic_scenario_generator,True,26006
2025-09-20,1434.67,430.61,84.0767,synthetic_scenario_generator,True,26006
2025-09-21,1150.76,439.02,84.4784,synthetic_scenario_generator,True,26006
2025-09-22,1317.59,429.81,84.6184,synthetic_scenario_generator,True,26006
2025-09-23,1233.91,432.27,84.3645,synthetic_scenario_generator,True,26006
2025-09-24,1401.56,418.08,84.3286,synthetic_scenario_generator,True,26006
2025-09-25,1261.18,431.49,84.6279,synthetic_scenario_generator,True,26006
2025-09-26,1302.78,408.22,84.6537,synthetic_scenario_generator,True,26006
2025-09-27,1090.71,410.38,84.6965,synthetic_scenario_generator,True,26006
2025-09-28,1326.76,407.23,84.306,synthetic_scenario_generator,True,26006
2025-09-29,1015.12,415.34,84.2648,synthetic_scenario_generator,True,26006
2025-09-30,1235.54,415.72,84.2581,synthetic_scenario_generator,True,26006
2025-10-01,1216.44,373.42,84.5379,synthetic_scenario_generator,True,26006
2025-10-02,963.5,412.95,84.0028,synthetic_scenario_generator,True,26006
2025-10-03,1185.19,417.75,84.1167,synthetic_scenario_generator,True,26006
2025-10-04,1273.52,401.08,84.3484,synthetic_scenario_generator,True,26006
2025-10-05,1155.13,351.05,84.4752,synthetic_scenario_generator,True,26006
2025-10-06,1139.47,372.13,84.3586,synthetic_scenario_generator,True,26006
2025-10-07,1403.54,406.88,84.2339,synthetic_scenario_generator,True,26006
2025-10-08,1166.16,400.49,84.8708,synthetic_scenario_generator,True,26006
2025-10-09,1367.49,406.63,84.2381,synthetic_scenario_generator,True,26006
2025-10-10,1165.73,426.91,84.5604,synthetic_scenario_generator,True,26006
2025-10-11,1377.59,403.06,84.3882,synthetic_scenario_generator,True,26006
2025-10-12,1149.17,418.44,84.5773,synthetic_scenario_generator,True,26006
2025-10-13,1172.89,408.62,84.7342,synthetic_scenario_generator,True,26006
2025-10-14,1075.09,393.49,84.6063,synthetic_scenario_generator,True,26006
2025-10-15,1181.19,404.42,84.5806,synthetic_scenario_generator,True,26006
2025-10-16,1032.28,395.51,84.4215,synthetic_scenario_generator,True,26006
2025-10-17,1290.92,398.58,85.0695,synthetic_scenario_generator,True,26006
2025-10-18,1316.14,377.67,84.5037,synthetic_scenario_generator,True,26006
2025-10-19,1140.98,366.51,84.6313,synthetic_scenario_generator,True,26006
2025-10-20,1055.38,388.58,84.4981,synthetic_scenario_generator,True,26006
2025-10-21,1135.0,410.12,84.2988,synthetic_scenario_generator,True,26006
2025-10-22,1057.23,387.84,84.5645,synthetic_scenario_generator,True,26006
2025-10-23,978.37,420.89,84.7354,synthetic_scenario_generator,True,26006
2025-10-24,1229.98,367.24,84.6391,synthetic_scenario_generator,True,26006
2025-10-25,1071.15,377.76,84.9167,synthetic_scenario_generator,True,26006
2025-10-26,1180.56,402.46,84.6544,synthetic_scenario_generator,True,26006
2025-10-27,1003.03,415.19,84.6169,synthetic_scenario_generator,True,26006
2025-10-28,1013.89,400.68,85.0362,synthetic_scenario_generator,True,26006
2025-10-29,985.38,394.47,84.7286,synthetic_scenario_generator,True,26006
2025-10-30,974.85,394.25,84.7003,synthetic_scenario_generator,True,26006
2025-10-31,1222.62,452.69,84.7464,synthetic_scenario_generator,True,26006
2025-11-01,1184.28,429.03,84.9919,synthetic_scenario_generator,True,26006
2025-11-02,1273.06,387.89,84.8355,synthetic_scenario_generator,True,26006
2025-11-03,1105.7,433.6,85.3982,synthetic_scenario_generator,True,26006
2025-11-04,1058.19,428.27,85.2032,synthetic_scenario_generator,True,26006
2025-11-05,1319.64,439.27,85.2844,synthetic_scenario_generator,True,26006
2025-11-06,1109.77,438.07,84.912,synthetic_scenario_generator,True,26006
2025-11-07,1172.11,433.5,84.9218,synthetic_scenario_generator,True,26006
2025-11-08,1154.39,454.4,84.8961,synthetic_scenario_generator,True,26006
2025-11-09,1080.36,472.97,85.3687,synthetic_scenario_generator,True,26006
2025-11-10,1139.28,444.93,85.0468,synthetic_scenario_generator,True,26006
2025-11-11,1076.03,456.41,85.4233,synthetic_scenario_generator,True,26006
2025-11-12,1393.07,435.18,85.0804,synthetic_scenario_generator,True,26006
2025-11-13,1199.4,482.34,85.6814,synthetic_scenario_generator,True,26006
2025-11-14,1123.6,448.92,85.1793,synthetic_scenario_generator,True,26006
2025-11-15,1305.61,465.08,85.4363,synthetic_scenario_generator,True,26006
2025-11-16,1245.01,454.32,85.4686,synthetic_scenario_generator,True,26006
2025-11-17,1157.52,460.28,85.557,synthetic_scenario_generator,True,26006
2025-11-18,1096.16,478.77,85.57,synthetic_scenario_generator,True,26006
2025-11-19,1129.29,453.21,85.3221,synthetic_scenario_generator,True,26006
2025-11-20,1332.8,475.43,85.8516,synthetic_scenario_generator,True,26006
2025-11-21,980.96,495.72,85.7276,synthetic_scenario_generator,True,26006
2025-11-22,944.72,471.59,85.6222,synthetic_scenario_generator,True,26006
2025-11-23,1136.93,498.89,85.4326,synthetic_scenario_generator,True,26006
2025-11-24,1073.29,476.86,85.6681,synthetic_scenario_generator,True,26006
2025-11-25,1152.77,515.93,85.4641,synthetic_scenario_generator,True,26006
2025-11-26,1097.34,502.36,85.484,synthetic_scenario_generator,True,26006
2025-11-27,1069.32,493.22,85.6373,synthetic_scenario_generator,True,26006
2025-11-28,1300.63,485.57,85.8931,synthetic_scenario_generator,True,26006
2025-11-29,1075.73,482.07,85.8151,synthetic_scenario_generator,True,26006
2025-11-30,1123.56,482.24,85.592,synthetic_scenario_generator,True,26006
2025-12-01,1202.31,512.44,85.73,synthetic_scenario_generator,True,26006
2025-12-02,1414.79,512.15,85.75,synthetic_scenario_generator,True,26006
2025-12-03,1014.1,497.24,85.6633,synthetic_scenario_generator,True,26006
2025-12-04,1299.91,501.78,85.6051,synthetic_scenario_generator,True,26006
2025-12-05,1045.41,534.99,86.1616,synthetic_scenario_generator,True,26006
2025-12-06,1047.59,505.79,85.859,synthetic_scenario_generator,True,26006
2025-12-07,994.29,523.39,86.2479,synthetic_scenario_generator,True,26006
2025-12-08,1295.82,502.75,86.441,synthetic_scenario_generator,True,26006
2025-12-09,1223.38,489.21,86.4378,synthetic_scenario_generator,True,26006
2025-12-10,1230.25,539.37,86.2251,synthetic_scenario_generator,True,26006
2025-12-11,1243.83,501.41,86.1336,synthetic_scenario_generator,True,26006
2025-12-12,1485.54,537.67,86.5822,synthetic_scenario_generator,True,26006
2025-12-13,1277.51,493.22,86.441,synthetic_scenario_generator,True,26006
2025-12-14,1113.82,486.53,86.3866,synthetic_scenario_generator,True,26006
2025-12-15,1239.69,520.69,86.0127,synthetic_scenario_generator,True,26006
2025-12-16,1260.46,504.01,86.4519,synthetic_scenario_generator,True,26006
2025-12-17,1405.57,525.39,86.3533,synthetic_scenario_generator,True,26006
2025-12-18,1504.83,502.93,86.3712,synthetic_scenario_generator,True,26006
2025-12-19,1285.6,497.58,86.3267,synthetic_scenario_generator,True,26006
2025-12-20,1315.23,518.41,86.4266,synthetic_scenario_generator,True,26006
2025-12-21,1161.43,523.93,86.699,synthetic_scenario_generator,True,26006
2025-12-22,1174.73,526.09,86.4534,synthetic_scenario_generator,True,26006
2025-12-23,1418.37,502.3,86.4695,synthetic_scenario_generator,True,26006
2025-12-24,1285.77,485.82,86.6263,synthetic_scenario_generator,True,26006
2025-12-25,1243.49,496.82,86.7366,synthetic_scenario_generator,True,26006
2025-12-26,1347.72,513.48,86.4208,synthetic_scenario_generator,True,26006
2025-12-27,1416.64,467.97,86.655,synthetic_scenario_generator,True,26006
2025-12-28,1612.95,483.03,86.6752,synthetic_scenario_generator,True,26006
2025-12-29,1457.34,469.71,87.2136,synthetic_scenario_generator,True,26006
2025-12-30,1533.88,457.15,86.6746,synthetic_scenario_generator,True,26006
2025-12-31,1325.43,484.51,86.7843,synthetic_scenario_generator,True,26006
2026-01-01,1634.64,476.28,86.6722,synthetic_scenario_generator,True,26006
2026-01-02,1617.19,478.06,87.0524,synthetic_scenario_generator,True,26006
2026-01-03,1668.8,502.94,86.7392,synthetic_scenario_generator,True,26006
2026-01-04,1371.12,461.04,87.1658,synthetic_scenario_generator,True,26006
2026-01-05,1769.51,452.3,86.6392,synthetic_scenario_generator,True,26006
2026-01-06,1556.25,468.26,86.6467,synthetic_scenario_generator,True,26006
2026-01-07,1633.7,488.63,86.5852,synthetic_scenario_generator,True,26006
2026-01-08,1448.62,456.5,87.2166,synthetic_scenario_generator,True,26006
2026-01-09,1610.75,451.63,87.1076,synthetic_scenario_generator,True,26006
2026-01-10,1417.72,448.41,86.9494,synthetic_scenario_generator,True,26006
2026-01-11,1588.62,480.38,87.3416,synthetic_scenario_generator,True,26006
2026-01-12,1620.96,453.98,87.1945,synthetic_scenario_generator,True,26006
2026-01-13,1790.18,467.33,86.7668,synthetic_scenario_generator,True,26006
2026-01-14,1610.41,479.02,87.3694,synthetic_scenario_generator,True,26006
2026-01-15,1901.78,483.99,87.2236,synthetic_scenario_generator,True,26006
2026-01-16,1617.01,479.92,87.2132,synthetic_scenario_generator,True,26006
2026-01-17,1753.55,469.44,87.1839,synthetic_scenario_generator,True,26006
2026-01-18,1739.01,505.39,87.4114,synthetic_scenario_generator,True,26006
2026-01-19,1704.88,519.42,86.9896,synthetic_scenario_generator,True,26006
2026-01-20,1866.43,502.05,87.5744,synthetic_scenario_generator,True,26006
2026-01-21,1798.75,490.41,87.2613,synthetic_scenario_generator,True,26006
2026-01-22,1627.84,498.88,87.3195,synthetic_scenario_generator,True,26006
2026-01-23,1912.16,494.15,87.4242,synthetic_scenario_generator,True,26006
2026-01-24,1803.41,500.33,87.4867,synthetic_scenario_generator,True,26006
2026-01-25,1875.82,520.1,87.4079,synthetic_scenario_generator,True,26006
2026-01-26,2028.11,482.25,87.5707,synthetic_scenario_generator,True,26006
2026-01-27,1728.8,478.49,87.5574,synthetic_scenario_generator,True,26006
2026-01-28,2051.61,507.84,87.4736,synthetic_scenario_generator,True,26006
2026-01-29,1706.14,498.13,87.3272,synthetic_scenario_generator,True,26006
2026-01-30,2025.65,534.42,87.4989,synthetic_scenario_generator,True,26006
2026-01-31,1839.35,502.17,87.4939,synthetic_scenario_generator,True,26006
2026-02-01,1765.55,504.92,87.5675,synthetic_scenario_generator,True,26006
2026-02-02,1889.48,532.18,87.6421,synthetic_scenario_generator,True,26006
2026-02-03,1795.36,515.63,88.0215,synthetic_scenario_generator,True,26006
2026-02-04,1692.43,510.1,87.7058,synthetic_scenario_generator,True,26006
2026-02-05,1906.0,492.81,87.7685,synthetic_scenario_generator,True,26006
2026-02-06,1953.26,533.31,87.8884,synthetic_scenario_generator,True,26006
2026-02-07,2121.78,547.34,87.9793,synthetic_scenario_generator,True,26006
2026-02-08,1855.89,527.32,87.8041,synthetic_scenario_generator,True,26006
2026-02-09,1996.39,558.51,87.9542,synthetic_scenario_generator,True,26006
2026-02-10,2054.65,510.23,87.7472,synthetic_scenario_generator,True,26006
2026-02-11,1855.76,552.38,87.6031,synthetic_scenario_generator,True,26006
2026-02-12,1719.29,561.38,87.5867,synthetic_scenario_generator,True,26006
2026-02-13,1999.85,573.93,87.8911,synthetic_scenario_generator,True,26006
2026-02-14,1988.63,531.2,87.7264,synthetic_scenario_generator,True,26006
2026-02-15,1917.55,559.97,87.6795,synthetic_scenario_generator,True,26006
2026-02-16,2161.57,571.84,87.6716,synthetic_scenario_generator,True,26006
2026-02-17,2202.85,573.95,87.6725,synthetic_scenario_generator,True,26006
2026-02-18,1900.49,550.17,87.9958,synthetic_scenario_generator,True,26006
2026-02-19,1939.16,569.13,87.8206,synthetic_scenario_generator,True,26006
2026-02-20,2073.37,577.07,87.7765,synthetic_scenario_generator,True,26006
2026-02-21,2034.65,571.85,87.8728,synthetic_scenario_generator,True,26006
2026-02-22,1936.41,597.77,87.8612,synthetic_scenario_generator,True,26006
2026-02-23,1935.33,612.06,87.9905,synthetic_scenario_generator,True,26006
2026-02-24,1897.32,614.97,87.7586,synthetic_scenario_generator,True,26006
2026-02-25,2101.05,597.25,87.8404,synthetic_scenario_generator,True,26006
2026-02-26,2097.21,608.28,88.0027,synthetic_scenario_generator,True,26006
2026-02-27,1995.87,614.48,88.2958,synthetic_scenario_generator,True,26006
2026-02-28,2059.44,612.16,87.9698,synthetic_scenario_generator,True,26006
2026-03-01,2098.87,601.7,88.1024,synthetic_scenario_generator,True,26006
2026-03-02,1950.56,603.51,88.1562,synthetic_scenario_generator,True,26006
2026-03-03,1983.61,572.56,87.8253,synthetic_scenario_generator,True,26006
2026-03-04,2034.58,601.41,87.9821,synthetic_scenario_generator,True,26006
2026-03-05,2084.66,593.17,87.7664,synthetic_scenario_generator,True,26006
2026-03-06,2042.21,591.3,87.6472,synthetic_scenario_generator,True,26006
2026-03-07,1906.2,631.24,87.6897,synthetic_scenario_generator,True,26006
2026-03-08,1952.28,628.5,87.7211,synthetic_scenario_generator,True,26006
2026-03-09,2136.92,620.56,88.0354,synthetic_scenario_generator,True,26006
2026-03-10,1977.31,610.73,88.0724,synthetic_scenario_generator,True,26006
2026-03-11,2262.35,613.51,87.6421,synthetic_scenario_generator,True,26006
2026-03-12,1979.98,605.76,88.0752,synthetic_scenario_generator,True,26006
2026-03-13,1755.92,609.52,88.1209,synthetic_scenario_generator,True,26006
2026-03-14,2040.21,623.55,88.1894,synthetic_scenario_generator,True,26006
2026-03-15,1799.08,610.03,87.8187,synthetic_scenario_generator,True,26006
2026-03-16,2035.6,603.45,87.8534,synthetic_scenario_generator,True,26006
2026-03-17,1890.2,598.38,87.9606,synthetic_scenario_generator,True,26006
2026-03-18,1879.48,615.64,88.2667,synthetic_scenario_generator,True,26006
2026-03-19,2057.75,608.15,87.8906,synthetic_scenario_generator,True,26006
2026-03-20,1882.06,619.35,87.935,synthetic_scenario_generator,True,26006
2026-03-21,2126.0,596.01,87.8477,synthetic_scenario_generator,True,26006
2026-03-22,1697.33,598.75,87.7567,synthetic_scenario_generator,True,26006
2026-03-23,1835.3,600.98,87.9208,synthetic_scenario_generator,True,26006
2026-03-24,2097.74,592.57,87.9451,synthetic_scenario_generator,True,26006
2026-03-25,2040.37,588.28,87.8914,synthetic_scenario_generator,True,26006
2026-03-26,1740.15,570.34,87.8501,synthetic_scenario_generator,True,26006
2026-03-27,1841.76,575.69,87.5645,synthetic_scenario_generator,True,26006
2026-03-28,1940.31,608.54,87.9359,synthetic_scenario_generator,True,26006
2026-03-29,1844.01,559.42,88.0873,synthetic_scenario_generator,True,26006
2026-03-30,1871.0,568.33,87.9792,synthetic_scenario_generator,True,26006
2026-03-31,1886.59,546.89,87.9044,synthetic_scenario_generator,True,26006
2026-04-01,2026.93,583.29,87.8917,synthetic_scenario_generator,True,26006
2026-04-02,1735.93,549.61,87.6722,synthetic_scenario_generator,True,26006
2026-04-03,1524.05,551.58,87.7105,synthetic_scenario_generator,True,26006
2026-04-04,1713.95,559.71,87.8332,synthetic_scenario_generator,True,26006
2026-04-05,1663.67,589.05,88.1288,synthetic_scenario_generator,True,26006
2026-04-06,1971.28,531.53,88.0344,synthetic_scenario_generator,True,26006
2026-04-07,1864.77,582.0,87.5902,synthetic_scenario_generator,True,26006
2026-04-08,1696.3,570.15,87.7651,synthetic_scenario_generator,True,26006
2026-04-09,1654.69,519.64,87.4884,synthetic_scenario_generator,True,26006
2026-04-10,1754.99,524.41,87.7008,synthetic_scenario_generator,True,26006
2026-04-11,1675.63,584.46,87.7567,synthetic_scenario_generator,True,26006
2026-04-12,1631.12,521.88,87.3232,synthetic_scenario_generator,True,26006
2026-04-13,1692.84,526.85,87.2397,synthetic_scenario_generator,True,26006
2026-04-14,1736.95,519.58,87.4048,synthetic_scenario_generator,True,26006
2026-04-15,1225.33,517.21,87.6442,synthetic_scenario_generator,True,26006
2026-04-16,1460.37,545.28,87.6269,synthetic_scenario_generator,True,26006
2026-04-17,1540.31,529.49,87.6999,synthetic_scenario_generator,True,26006
2026-04-18,1469.63,538.74,87.5976,synthetic_scenario_generator,True,26006
2026-04-19,1641.5,510.71,87.7614,synthetic_scenario_generator,True,26006
2026-04-20,1484.78,501.97,87.8799,synthetic_scenario_generator,True,26006
2026-04-21,1481.88,519.95,87.2498,synthetic_scenario_generator,True,26006
2026-04-22,1465.36,526.97,87.5961,synthetic_scenario_generator,True,26006
2026-04-23,1445.99,513.32,87.7548,synthetic_scenario_generator,True,26006
2026-04-24,1415.45,520.93,87.2311,synthetic_scenario_generator,True,26006
2026-04-25,1747.04,533.93,87.6612,synthetic_scenario_generator,True,26006
2026-04-26,1506.31,543.82,87.6296,synthetic_scenario_generator,True,26006
2026-04-27,1313.11,528.48,87.3161,synthetic_scenario_generator,True,26006
2026-04-28,1395.53,515.43,87.8172,synthetic_scenario_generator,True,26006
2026-04-29,1413.37,550.4,87.5544,synthetic_scenario_generator,True,26006
2026-04-30,1483.48,530.19,87.1884,synthetic_scenario_generator,True,26006
2026-05-01,1485.09,549.43,87.6318,synthetic_scenario_generator,True,26006
2026-05-02,1346.36,544.98,87.0442,synthetic_scenario_generator,True,26006
2026-05-03,1253.16,551.88,87.4217,synthetic_scenario_generator,True,26006
2026-05-04,1450.42,533.96,87.6195,synthetic_scenario_generator,True,26006
2026-05-05,1183.32,545.89,87.6016,synthetic_scenario_generator,True,26006
2026-05-06,1137.61,542.35,87.2023,synthetic_scenario_generator,True,26006
2026-05-07,1169.73,541.85,87.2919,synthetic_scenario_generator,True,26006
2026-05-08,1291.64,536.96,87.361,synthetic_scenario_generator,True,26006
2026-05-09,1317.19,552.42,86.8651,synthetic_scenario_generator,True,26006
2026-05-10,1077.57,521.88,87.3907,synthetic_scenario_generator,True,26006
2026-05-11,1286.17,564.12,87.3442,synthetic_scenario_generator,True,26006
2026-05-12,1352.58,556.96,87.2202,synthetic_scenario_generator,True,26006
2026-05-13,1345.34,577.81,86.9476,synthetic_scenario_generator,True,26006
2026-05-14,1146.0,568.08,87.0338,synthetic_scenario_generator,True,26006
2026-05-15,1177.47,540.46,87.1239,synthetic_scenario_generator,True,26006
2026-05-16,1119.82,564.13,87.2367,synthetic_scenario_generator,True,26006
2026-05-17,1282.57,578.22,86.9819,synthetic_scenario_generator,True,26006
2026-05-18,1074.04,569.42,87.1475,synthetic_scenario_generator,True,26006
2026-05-19,1032.03,548.37,87.304,synthetic_scenario_generator,True,26006
2026-05-20,1025.33,573.78,87.0759,synthetic_scenario_generator,True,26006
2026-05-21,1098.69,555.56,87.0251,synthetic_scenario_generator,True,26006
2026-05-22,1236.8,590.87,86.5894,synthetic_scenario_generator,True,26006
2026-05-23,998.28,556.83,86.977,synthetic_scenario_generator,True,26006
2026-05-24,1281.73,547.24,87.0063,synthetic_scenario_generator,True,26006
2026-05-25,1054.85,583.31,87.1066,synthetic_scenario_generator,True,26006
2026-05-26,1162.8,529.78,86.4956,synthetic_scenario_generator,True,26006
2026-05-27,1212.1,581.05,87.3675,synthetic_scenario_generator,True,26006
2026-05-28,1157.07,553.53,86.7375,synthetic_scenario_generator,True,26006
2026-05-29,940.57,571.08,86.2484,synthetic_scenario_generator,True,26006
2026-05-30,1006.76,560.78,86.8693,synthetic_scenario_generator,True,26006
2026-05-31,1135.16,621.88,86.7551,synthetic_scenario_generator,True,26006
2026-06-01,871.94,569.81,86.9286,synthetic_scenario_generator,True,26006
2026-06-02,942.26,585.45,86.2372,synthetic_scenario_generator,True,26006
2026-06-03,1069.66,547.74,86.3418,synthetic_scenario_generator,True,26006
2026-06-04,1038.85,579.84,86.9628,synthetic_scenario_generator,True,26006
2026-06-05,1007.43,543.04,86.4753,synthetic_scenario_generator,True,26006
2026-06-06,1033.51,545.31,86.6964,synthetic_scenario_generator,True,26006
2026-06-07,1134.46,607.71,86.6814,synthetic_scenario_generator,True,26006
2026-06-08,993.75,573.4,86.823,synthetic_scenario_generator,True,26006
2026-06-09,954.37,571.7,86.8755,synthetic_scenario_generator,True,26006
2026-06-10,942.84,572.37,86.4293,synthetic_scenario_generator,True,26006
2026-06-11,1041.0,573.25,86.7245,synthetic_scenario_generator,True,26006
2026-06-12,932.73,563.26,85.9988,synthetic_scenario_generator,True,26006
2026-06-13,954.45,560.39,86.4574,synthetic_scenario_generator,True,26006
2026-06-14,1140.19,538.35,86.6902,synthetic_scenario_generator,True,26006
2026-06-15,1076.0,554.06,86.1863,synthetic_scenario_generator,True,26006
2026-06-16,903.4,544.06,86.4879,synthetic_scenario_generator,True,26006
2026-06-17,755.83,540.84,86.3414,synthetic_scenario_generator,True,26006
2026-06-18,677.46,554.08,86.5224,synthetic_scenario_generator,True,26006
2026-06-19,1048.59,558.25,86.6324,synthetic_scenario_generator,True,26006
2026-06-20,944.03,528.12,86.8441,synthetic_scenario_generator,True,26006
2026-06-21,1066.24,548.58,86.6076,synthetic_scenario_generator,True,26006
2026-06-22,990.88,570.89,86.7116,synthetic_scenario_generator,True,26006
2026-06-23,951.22,525.36,86.4758,synthetic_scenario_generator,True,26006
2026-06-24,808.62,532.74,86.1625,synthetic_scenario_generator,True,26006
2026-06-25,1155.34,520.54,86.5058,synthetic_scenario_generator,True,26006
2026-06-26,1197.05,492.35,86.3,synthetic_scenario_generator,True,26006
2026-06-27,1115.28,530.15,85.9807,synthetic_scenario_generator,True,26006
2026-06-28,1103.01,525.79,86.3746,synthetic_scenario_generator,True,26006
2026-06-29,747.83,504.31,86.4994,synthetic_scenario_generator,True,26006
2026-06-30,1009.87,514.19,86.2737,synthetic_scenario_generator,True,26006
2026-07-01,936.55,477.3,86.2864,synthetic_scenario_generator,True,26006
2026-07-02,937.3,509.63,86.0908,synthetic_scenario_generator,True,26006
2026-07-03,1272.88,479.14,86.1328,synthetic_scenario_generator,True,26006
2026-07-04,927.28,499.79,86.5393,synthetic_scenario_generator,True,26006
2026-07-05,1181.72,466.19,86.1066,synthetic_scenario_generator,True,26006
2026-07-06,1026.07,483.66,86.3687,synthetic_scenario_generator,True,26006
2026-07-07,1101.73,461.5,86.3877,synthetic_scenario_generator,True,26006
2026-07-08,1286.07,474.8,86.1082,synthetic_scenario_generator,True,26006
2026-07-09,1290.88,423.93,86.3143,synthetic_scenario_generator,True,26006
2026-07-10,820.72,464.24,86.516,synthetic_scenario_generator,True,26006
2026-07-11,1164.05,476.77,86.3209,synthetic_scenario_generator,True,26006
2026-07-12,908.89,458.54,86.4439,synthetic_scenario_generator,True,26006
2026-07-13,951.14,475.06,86.0837,synthetic_scenario_generator,True,26006
2026-07-14,1200.44,461.15,86.8484,synthetic_scenario_generator,True,26006
2026-07-15,1140.62,415.82,85.9729,synthetic_scenario_generator,True,26006
2026-07-16,1037.76,449.93,85.9515,synthetic_scenario_generator,True,26006
2026-07-17,1244.72,444.44,86.5051,synthetic_scenario_generator,True,26006
2026-07-18,1001.43,473.53,86.2976,synthetic_scenario_generator,True,26006
2026-07-19,1043.88,404.57,86.1237,synthetic_scenario_generator,True,26006
2026-07-20,1020.71,453.92,86.4175,synthetic_scenario_generator,True,26006
2026-07-21,885.95,458.61,86.391,synthetic_scenario_generator,True,26006
2026-07-22,1034.33,450.3,86.0386,synthetic_scenario_generator,True,26006
2026-07-23,1083.54,436.71,86.1028,synthetic_scenario_generator,True,26006
2026-07-24,1140.77,474.14,86.1271,synthetic_scenario_generator,True,26006
2026-07-25,1155.73,410.1,86.3478,synthetic_scenario_generator,True,26006
2026-07-26,1010.94,375.89,86.4305,synthetic_scenario_generator,True,26006
2026-07-27,1144.52,420.48,86.2242,synthetic_scenario_generator,True,26006
2026-07-28,1128.59,452.82,86.3366,synthetic_scenario_generator,True,26006
2026-07-29,1168.91,429.45,86.4466,synthetic_scenario_generator,True,26006
2026-07-30,1045.32,403.08,86.1119,synthetic_scenario_generator,True,26006
2026-07-31,1173.83,414.13,86.3744,synthetic_scenario_generator,True,26006
2026-08-01,1200.15,428.86,86.3143,synthetic_scenario_generator,True,26006
2026-08-02,1127.46,409.92,86.3637,synthetic_scenario_generator,True,26006
2026-08-03,1261.91,430.36,86.0735,synthetic_scenario_generator,True,26006
2026-08-04,1361.31,432.31,86.0507,synthetic_scenario_generator,True,26006
2026-08-05,1195.89,439.47,86.2337,synthetic_scenario_generator,True,26006
2026-08-06,1319.77,423.67,85.8645,synthetic_scenario_generator,True,26006
2026-08-07,1150.59,418.36,86.8607,synthetic_scenario_generator,True,26006
2026-08-08,1056.4,445.2,86.7877,synthetic_scenario_generator,True,26006
2026-08-09,1049.31,402.57,86.1376,synthetic_scenario_generator,True,26006
2026-08-10,991.72,457.65,86.4404,synthetic_scenario_generator,True,26006
2026-08-11,1003.09,444.17,86.5286,synthetic_scenario_generator,True,26006
2026-08-12,1301.43,458.43,86.1357,synthetic_scenario_generator,True,26006
2026-08-13,1378.01,445.97,86.5275,synthetic_scenario_generator,True,26006
2026-08-14,1224.93,453.23,86.4807,synthetic_scenario_generator,True,26006
2026-08-15,1028.81,458.05,86.6412,synthetic_scenario_generator,True,26006
2026-08-16,1271.75,449.86,86.4311,synthetic_scenario_generator,True,26006
2026-08-17,1033.77,447.82,86.4846,synthetic_scenario_generator,True,26006
2026-08-18,1258.79,468.13,86.5807,synthetic_scenario_generator,True,26006
2026-08-19,1271.56,449.36,86.5922,synthetic_scenario_generator,True,26006
2026-08-20,1301.31,458.89,86.7338,synthetic_scenario_generator,True,26006
2026-08-21,963.68,451.73,86.3539,synthetic_scenario_generator,True,26006
2026-08-22,1166.08,453.4,86.4377,synthetic_scenario_generator,True,26006
2026-08-23,1314.66,460.51,86.3786,synthetic_scenario_generator,True,26006
2026-08-24,1446.34,470.73,86.3117,synthetic_scenario_generator,True,26006
2026-08-25,1363.77,479.49,86.7346,synthetic_scenario_generator,True,26006
2026-08-26,955.13,500.2,86.8433,synthetic_scenario_generator,True,26006
2026-08-27,1106.37,450.18,86.6894,synthetic_scenario_generator,True,26006
2026-08-28,1208.9,452.04,86.5794,synthetic_scenario_generator,True,26006
2026-08-29,1132.37,467.72,86.6875,synthetic_scenario_generator,True,26006
2026-08-30,1237.43,459.09,86.628,synthetic_scenario_generator,True,26006
2026-08-31,1191.04,450.06,86.9089,synthetic_scenario_generator,True,26006
