date,port_id,wave_height_m,wind_speed_kph,rainfall_mm,storm_flag,monsoon_flag,is_synthetic,source_origin,synthetic_seed
2020-01-01,IND_PAR,0.68,12.74,15.38,0,0,True,synthetic_scenario_generator,26006
2020-01-02,IND_PAR,1.33,12.95,17.75,0,0,True,synthetic_scenario_generator,26006
2020-01-03,IND_PAR,1.53,18.04,5.6,0,0,True,synthetic_scenario_generator,26006
2020-01-04,IND_PAR,1.26,13.52,0.87,0,0,True,synthetic_scenario_generator,26006
2020-01-05,IND_PAR,1.13,19.26,2.84,0,0,True,synthetic_scenario_generator,26006
2020-01-06,IND_PAR,1.14,16.96,2.49,0,0,True,synthetic_scenario_generator,26006
2020-01-07,IND_PAR,1.6,10.04,2.44,0,0,True,synthetic_scenario_generator,26006
2020-01-08,IND_PAR,1.62,17.42,1.75,0,0,True,synthetic_scenario_generator,26006
2020-01-09,IND_PAR,1.34,16.66,4.96,0,0,True,synthetic_scenario_generator,26006
2020-01-10,IND_PAR,0.69,13.9,7.03,0,0,True,synthetic_scenario_generator,26006
2020-01-11,IND_PAR,1.13,6.26,5.32,0,0,True,synthetic_scenario_generator,26006
2020-01-12,IND_PAR,0.37,15.64,0.78,0,0,True,synthetic_scenario_generator,26006
2020-01-13,IND_PAR,0.91,14.29,4.27,0,0,True,synthetic_scenario_generator,26006
2020-01-14,IND_PAR,0.69,4.24,3.28,0,0,True,synthetic_scenario_generator,26006
2020-01-15,IND_PAR,0.63,11.33,1.28,0,0,True,synthetic_scenario_generator,26006
2020-01-16,IND_PAR,1.09,6.62,1.11,0,0,True,synthetic_scenario_generator,26006
2020-01-17,IND_PAR,0.9,12.6,0.43,0,0,True,synthetic_scenario_generator,26006
2020-01-18,IND_PAR,0.95,15.35,0.94,0,0,True,synthetic_scenario_generator,26006
2020-01-19,IND_PAR,1.85,14.72,2.73,0,0,True,synthetic_scenario_generator,26006
2020-01-20,IND_PAR,1.1,8.29,6.1,0,0,True,synthetic_scenario_generator,26006
2020-01-21,IND_PAR,0.9,9.23,5.43,0,0,True,synthetic_scenario_generator,26006
2020-01-22,IND_PAR,1.5,16.47,3.1,0,0,True,synthetic_scenario_generator,26006
2020-01-23,IND_PAR,1.24,12.14,1.45,0,0,True,synthetic_scenario_generator,26006
2020-01-24,IND_PAR,1.61,10.84,6.85,0,0,True,synthetic_scenario_generator,26006
2020-01-25,IND_PAR,0.2,29.06,2.99,0,0,True,synthetic_scenario_generator,26006
2020-01-26,IND_PAR,1.1,18.08,10.81,0,0,True,synthetic_scenario_generator,26006
2020-01-27,IND_PAR,1.28,13.46,4.3,0,0,True,synthetic_scenario_generator,26006
2020-01-28,IND_PAR,1.02,13.22,1.91,0,0,True,synthetic_scenario_generator,26006
2020-01-29,IND_PAR,0.34,9.83,6.63,0,0,True,synthetic_scenario_generator,26006
2020-01-30,IND_PAR,0.68,6.5,0.87,0,0,True,synthetic_scenario_generator,26006
2020-01-31,IND_PAR,0.9,14.84,5.95,0,0,True,synthetic_scenario_generator,26006
2020-02-01,IND_PAR,0.31,20.11,6.45,0,0,True,synthetic_scenario_generator,26006
2020-02-02,IND_PAR,0.73,19.49,3.33,0,0,True,synthetic_scenario_generator,26006
2020-02-03,IND_PAR,0.99,7.86,3.28,0,0,True,synthetic_scenario_generator,26006
2020-02-04,IND_PAR,0.42,19.86,3.67,0,0,True,synthetic_scenario_generator,26006
2020-02-05,IND_PAR,1.47,13.43,2.96,0,0,True,synthetic_scenario_generator,26006
2020-02-06,IND_PAR,0.47,9.8,4.14,0,0,True,synthetic_scenario_generator,26006
2020-02-07,IND_PAR,1.01,21.64,15.93,0,0,True,synthetic_scenario_generator,26006
2020-02-08,IND_PAR,1.28,17.95,2.95,0,0,True,synthetic_scenario_generator,26006
2020-02-09,IND_PAR,0.63,20.78,4.56,0,0,True,synthetic_scenario_generator,26006
2020-02-10,IND_PAR,1.14,24.19,4.66,0,0,True,synthetic_scenario_generator,26006
2020-02-11,IND_PAR,0.73,13.02,1.63,0,0,True,synthetic_scenario_generator,26006
2020-02-12,IND_PAR,1.0,18.25,1.53,0,0,True,synthetic_scenario_generator,26006
2020-02-13,IND_PAR,1.17,23.27,3.64,0,0,True,synthetic_scenario_generator,26006
2020-02-14,IND_PAR,1.27,12.24,7.39,0,0,True,synthetic_scenario_generator,26006
2020-02-15,IND_PAR,1.19,9.28,2.1,0,0,True,synthetic_scenario_generator,26006
2020-02-16,IND_PAR,1.34,2.97,2.36,0,0,True,synthetic_scenario_generator,26006
2020-02-17,IND_PAR,1.07,17.07,2.42,0,0,True,synthetic_scenario_generator,26006
2020-02-18,IND_PAR,1.09,15.9,16.28,0,0,True,synthetic_scenario_generator,26006
2020-02-19,IND_PAR,1.21,14.36,6.3,0,0,True,synthetic_scenario_generator,26006
2020-02-20,IND_PAR,0.92,6.39,4.76,0,0,True,synthetic_scenario_generator,26006
2020-02-21,IND_PAR,0.78,8.49,3.59,0,0,True,synthetic_scenario_generator,26006
2020-02-22,IND_PAR,1.24,16.54,7.13,0,0,True,synthetic_scenario_generator,26006
2020-02-23,IND_PAR,1.07,12.25,2.95,0,0,True,synthetic_scenario_generator,26006
2020-02-24,IND_PAR,0.6,18.97,2.41,0,0,True,synthetic_scenario_generator,26006
2020-02-25,IND_PAR,0.78,23.54,1.24,0,0,True,synthetic_scenario_generator,26006
2020-02-26,IND_PAR,1.18,14.78,2.47,0,0,True,synthetic_scenario_generator,26006
2020-02-27,IND_PAR,1.59,7.13,1.14,0,0,True,synthetic_scenario_generator,26006
2020-02-28,IND_PAR,1.71,11.42,0.42,0,0,True,synthetic_scenario_generator,26006
2020-02-29,IND_PAR,0.44,11.35,1.57,0,0,True,synthetic_scenario_generator,26006
2020-03-01,IND_PAR,1.32,7.83,5.27,0,0,True,synthetic_scenario_generator,26006
2020-03-02,IND_PAR,1.0,9.22,1.69,0,0,True,synthetic_scenario_generator,26006
2020-03-03,IND_PAR,1.22,7.21,3.6,0,0,True,synthetic_scenario_generator,26006
2020-03-04,IND_PAR,1.53,7.46,8.36,0,0,True,synthetic_scenario_generator,26006
2020-03-05,IND_PAR,1.24,17.12,5.82,0,0,True,synthetic_scenario_generator,26006
2020-03-06,IND_PAR,0.63,15.93,1.12,0,0,True,synthetic_scenario_generator,26006
2020-03-07,IND_PAR,0.61,5.72,0.81,0,0,True,synthetic_scenario_generator,26006
2020-03-08,IND_PAR,1.76,20.68,1.22,0,0,True,synthetic_scenario_generator,26006
2020-03-09,IND_PAR,1.61,22.37,1.49,0,0,True,synthetic_scenario_generator,26006
2020-03-10,IND_PAR,1.32,14.39,1.97,0,0,True,synthetic_scenario_generator,26006
2020-03-11,IND_PAR,1.74,13.72,0.54,0,0,True,synthetic_scenario_generator,26006
2020-03-12,IND_PAR,0.92,22.2,2.21,0,0,True,synthetic_scenario_generator,26006
2020-03-13,IND_PAR,0.56,21.06,2.16,0,0,True,synthetic_scenario_generator,26006
2020-03-14,IND_PAR,1.67,13.46,10.32,0,0,True,synthetic_scenario_generator,26006
2020-03-15,IND_PAR,1.28,26.5,3.63,0,0,True,synthetic_scenario_generator,26006
2020-03-16,IND_PAR,1.38,15.03,8.52,0,0,True,synthetic_scenario_generator,26006
2020-03-17,IND_PAR,1.2,12.37,1.51,0,0,True,synthetic_scenario_generator,26006
2020-03-18,IND_PAR,0.74,16.59,3.43,0,0,True,synthetic_scenario_generator,26006
2020-03-19,IND_PAR,0.75,9.79,4.2,0,0,True,synthetic_scenario_generator,26006
2020-03-20,IND_PAR,1.26,12.58,1.04,0,0,True,synthetic_scenario_generator,26006
2020-03-21,IND_PAR,1.57,17.03,5.05,0,0,True,synthetic_scenario_generator,26006
2020-03-22,IND_PAR,1.32,5.46,0.19,0,0,True,synthetic_scenario_generator,26006
2020-03-23,IND_PAR,1.3,13.9,2.94,0,0,True,synthetic_scenario_generator,26006
2020-03-24,IND_PAR,0.61,18.25,0.43,0,0,True,synthetic_scenario_generator,26006
2020-03-25,IND_PAR,0.2,16.3,17.54,0,0,True,synthetic_scenario_generator,26006
2020-03-26,IND_PAR,1.14,14.52,1.02,0,0,True,synthetic_scenario_generator,26006
2020-03-27,IND_PAR,1.45,4.55,2.49,0,0,True,synthetic_scenario_generator,26006
2020-03-28,IND_PAR,0.89,23.06,8.4,0,0,True,synthetic_scenario_generator,26006
2020-03-29,IND_PAR,1.19,18.81,3.75,0,0,True,synthetic_scenario_generator,26006
2020-03-30,IND_PAR,1.55,11.7,8.26,0,0,True,synthetic_scenario_generator,26006
2020-03-31,IND_PAR,1.84,22.5,16.3,0,0,True,synthetic_scenario_generator,26006
2020-04-01,IND_PAR,1.25,11.22,0.23,0,0,True,synthetic_scenario_generator,26006
2020-04-02,IND_PAR,1.43,17.85,6.14,0,0,True,synthetic_scenario_generator,26006
2020-04-03,IND_PAR,0.93,13.84,14.14,0,0,True,synthetic_scenario_generator,26006
2020-04-04,IND_PAR,1.57,18.4,1.46,0,0,True,synthetic_scenario_generator,26006
2020-04-05,IND_PAR,1.74,19.51,2.73,0,0,True,synthetic_scenario_generator,26006
2020-04-06,IND_PAR,2.33,18.51,6.5,0,0,True,synthetic_scenario_generator,26006
2020-04-07,IND_PAR,1.59,20.0,1.37,0,0,True,synthetic_scenario_generator,26006
2020-04-08,IND_PAR,1.45,13.55,1.6,0,0,True,synthetic_scenario_generator,26006
2020-04-09,IND_PAR,2.11,18.88,1.36,0,0,True,synthetic_scenario_generator,26006
2020-04-10,IND_PAR,1.81,19.04,1.34,0,0,True,synthetic_scenario_generator,26006
2020-04-11,IND_PAR,1.63,21.63,7.36,0,0,True,synthetic_scenario_generator,26006
2020-04-12,IND_PAR,1.05,11.88,0.8,0,0,True,synthetic_scenario_generator,26006
2020-04-13,IND_PAR,2.24,21.98,8.94,0,0,True,synthetic_scenario_generator,26006
2020-04-14,IND_PAR,1.06,23.64,8.0,0,0,True,synthetic_scenario_generator,26006
2020-04-15,IND_PAR,1.57,21.78,1.26,0,0,True,synthetic_scenario_generator,26006
2020-04-16,IND_PAR,0.98,24.52,0.49,0,0,True,synthetic_scenario_generator,26006
2020-04-17,IND_PAR,1.88,15.73,0.91,0,0,True,synthetic_scenario_generator,26006
2020-04-18,IND_PAR,1.78,22.02,0.64,0,0,True,synthetic_scenario_generator,26006
2020-04-19,IND_PAR,1.68,19.91,1.65,0,0,True,synthetic_scenario_generator,26006
2020-04-20,IND_PAR,1.43,16.97,10.7,0,0,True,synthetic_scenario_generator,26006
2020-04-21,IND_PAR,1.72,27.9,4.68,0,0,True,synthetic_scenario_generator,26006
2020-04-22,IND_PAR,1.93,26.51,19.83,0,0,True,synthetic_scenario_generator,26006
2020-04-23,IND_PAR,1.1,25.18,5.13,0,0,True,synthetic_scenario_generator,26006
2020-04-24,IND_PAR,1.07,21.28,2.7,0,0,True,synthetic_scenario_generator,26006
2020-04-25,IND_PAR,1.58,25.14,1.28,0,0,True,synthetic_scenario_generator,26006
2020-04-26,IND_PAR,1.2,24.86,8.05,0,0,True,synthetic_scenario_generator,26006
2020-04-27,IND_PAR,2.07,22.28,0.14,0,0,True,synthetic_scenario_generator,26006
2020-04-28,IND_PAR,1.34,20.32,10.72,0,0,True,synthetic_scenario_generator,26006
2020-04-29,IND_PAR,1.98,20.25,0.74,0,0,True,synthetic_scenario_generator,26006
2020-04-30,IND_PAR,0.79,21.48,1.47,0,0,True,synthetic_scenario_generator,26006
2020-05-01,IND_PAR,1.61,16.71,3.82,0,0,True,synthetic_scenario_generator,26006
2020-05-02,IND_PAR,1.55,11.76,5.43,0,0,True,synthetic_scenario_generator,26006
2020-05-03,IND_PAR,2.17,25.28,9.28,0,0,True,synthetic_scenario_generator,26006
2020-05-04,IND_PAR,1.7,16.64,0.86,0,0,True,synthetic_scenario_generator,26006
2020-05-05,IND_PAR,1.69,18.1,6.52,0,0,True,synthetic_scenario_generator,26006
2020-05-06,IND_PAR,1.65,13.95,0.68,0,0,True,synthetic_scenario_generator,26006
2020-05-07,IND_PAR,1.69,19.56,7.12,0,0,True,synthetic_scenario_generator,26006
2020-05-08,IND_PAR,1.48,16.4,0.03,0,0,True,synthetic_scenario_generator,26006
2020-05-09,IND_PAR,1.47,33.92,4.32,0,0,True,synthetic_scenario_generator,26006
2020-05-10,IND_PAR,2.04,17.02,2.46,0,0,True,synthetic_scenario_generator,26006
2020-05-11,IND_PAR,1.63,23.23,5.4,0,0,True,synthetic_scenario_generator,26006
2020-05-12,IND_PAR,1.47,24.97,0.13,0,0,True,synthetic_scenario_generator,26006
2020-05-13,IND_PAR,2.19,19.7,9.74,0,0,True,synthetic_scenario_generator,26006
2020-05-14,IND_PAR,1.2,19.56,0.33,0,0,True,synthetic_scenario_generator,26006
2020-05-15,IND_PAR,2.0,21.1,5.9,0,0,True,synthetic_scenario_generator,26006
2020-05-16,IND_PAR,1.24,18.31,14.69,0,0,True,synthetic_scenario_generator,26006
2020-05-17,IND_PAR,1.5,21.87,2.09,0,0,True,synthetic_scenario_generator,26006
2020-05-18,IND_PAR,1.37,24.66,2.08,0,0,True,synthetic_scenario_generator,26006
2020-05-19,IND_PAR,1.95,22.73,1.15,0,0,True,synthetic_scenario_generator,26006
2020-05-20,IND_PAR,1.19,15.64,7.64,0,0,True,synthetic_scenario_generator,26006
2020-05-21,IND_PAR,2.14,9.54,2.02,0,0,True,synthetic_scenario_generator,26006
2020-05-22,IND_PAR,1.59,15.0,6.91,0,0,True,synthetic_scenario_generator,26006
2020-05-23,IND_PAR,1.88,20.59,1.65,0,0,True,synthetic_scenario_generator,26006
2020-05-24,IND_PAR,0.8,14.11,2.6,0,0,True,synthetic_scenario_generator,26006
2020-05-25,IND_PAR,1.55,23.03,5.99,0,0,True,synthetic_scenario_generator,26006
2020-05-26,IND_PAR,1.46,12.82,2.11,0,0,True,synthetic_scenario_generator,26006
2020-05-27,IND_PAR,1.61,19.38,2.25,0,0,True,synthetic_scenario_generator,26006
2020-05-28,IND_PAR,1.7,21.2,5.44,0,0,True,synthetic_scenario_generator,26006
2020-05-29,IND_PAR,1.02,17.62,4.14,0,0,True,synthetic_scenario_generator,26006
2020-05-30,IND_PAR,1.2,28.8,3.79,0,0,True,synthetic_scenario_generator,26006
2020-05-31,IND_PAR,1.99,15.0,4.2,0,0,True,synthetic_scenario_generator,26006
2020-06-01,IND_PAR,2.63,41.18,1.52,0,1,True,synthetic_scenario_generator,26006
2020-06-02,IND_PAR,3.07,27.64,27.08,0,1,True,synthetic_scenario_generator,26006
2020-06-03,IND_PAR,2.73,25.4,22.78,0,1,True,synthetic_scenario_generator,26006
2020-06-04,IND_PAR,2.74,36.06,14.95,0,1,True,synthetic_scenario_generator,26006
2020-06-05,IND_PAR,2.98,31.08,7.73,0,1,True,synthetic_scenario_generator,26006
2020-06-06,IND_PAR,3.02,40.21,8.58,0,1,True,synthetic_scenario_generator,26006
2020-06-07,IND_PAR,2.77,29.53,4.75,0,1,True,synthetic_scenario_generator,26006
2020-06-08,IND_PAR,2.28,43.97,42.2,0,1,True,synthetic_scenario_generator,26006
2020-06-09,IND_PAR,2.54,29.3,3.77,0,1,True,synthetic_scenario_generator,26006
2020-06-10,IND_PAR,2.81,27.96,8.66,0,1,True,synthetic_scenario_generator,26006
2020-06-11,IND_PAR,1.93,24.81,11.41,0,1,True,synthetic_scenario_generator,26006
2020-06-12,IND_PAR,2.36,28.88,8.25,0,1,True,synthetic_scenario_generator,26006
2020-06-13,IND_PAR,2.1,44.14,17.95,0,1,True,synthetic_scenario_generator,26006
2020-06-14,IND_PAR,3.1,38.61,36.49,0,1,True,synthetic_scenario_generator,26006
2020-06-15,IND_PAR,2.45,34.45,1.54,0,1,True,synthetic_scenario_generator,26006
2020-06-16,IND_PAR,2.12,28.99,4.89,0,1,True,synthetic_scenario_generator,26006
2020-06-17,IND_PAR,2.88,35.99,16.68,0,1,True,synthetic_scenario_generator,26006
2020-06-18,IND_PAR,2.42,34.55,9.84,0,1,True,synthetic_scenario_generator,26006
2020-06-19,IND_PAR,2.41,29.43,11.53,0,1,True,synthetic_scenario_generator,26006
2020-06-20,IND_PAR,3.1,41.14,10.15,0,1,True,synthetic_scenario_generator,26006
2020-06-21,IND_PAR,2.67,33.59,23.04,0,1,True,synthetic_scenario_generator,26006
2020-06-22,IND_PAR,2.99,25.21,1.35,0,1,True,synthetic_scenario_generator,26006
2020-06-23,IND_PAR,2.66,28.94,9.98,0,1,True,synthetic_scenario_generator,26006
2020-06-24,IND_PAR,2.27,34.15,38.5,0,1,True,synthetic_scenario_generator,26006
2020-06-25,IND_PAR,2.57,28.47,20.76,0,1,True,synthetic_scenario_generator,26006
2020-06-26,IND_PAR,2.92,33.13,38.7,0,1,True,synthetic_scenario_generator,26006
2020-06-27,IND_PAR,2.63,23.49,1.94,0,1,True,synthetic_scenario_generator,26006
2020-06-28,IND_PAR,2.72,28.84,3.62,0,1,True,synthetic_scenario_generator,26006
2020-06-29,IND_PAR,2.98,34.35,16.06,0,1,True,synthetic_scenario_generator,26006
2020-06-30,IND_PAR,2.8,33.31,36.18,0,1,True,synthetic_scenario_generator,26006
2020-07-01,IND_PAR,2.3,26.29,45.4,0,1,True,synthetic_scenario_generator,26006
2020-07-02,IND_PAR,2.5,26.46,2.85,0,1,True,synthetic_scenario_generator,26006
2020-07-03,IND_PAR,1.93,23.98,0.48,0,1,True,synthetic_scenario_generator,26006
2020-07-04,IND_PAR,2.51,30.36,18.5,0,1,True,synthetic_scenario_generator,26006
2020-07-05,IND_PAR,2.01,34.11,2.08,0,1,True,synthetic_scenario_generator,26006
2020-07-06,IND_PAR,2.43,35.84,1.25,0,1,True,synthetic_scenario_generator,26006
2020-07-07,IND_PAR,2.27,19.44,6.2,0,1,True,synthetic_scenario_generator,26006
2020-07-08,IND_PAR,2.56,37.42,8.35,0,1,True,synthetic_scenario_generator,26006
2020-07-09,IND_PAR,2.42,26.06,15.84,0,1,True,synthetic_scenario_generator,26006
2020-07-10,IND_PAR,2.41,34.35,31.83,0,1,True,synthetic_scenario_generator,26006
2020-07-11,IND_PAR,1.98,32.43,31.16,0,1,True,synthetic_scenario_generator,26006
2020-07-12,IND_PAR,2.04,26.04,17.44,0,1,True,synthetic_scenario_generator,26006
2020-07-13,IND_PAR,2.7,18.41,47.73,0,1,True,synthetic_scenario_generator,26006
2020-07-14,IND_PAR,2.16,29.08,17.72,0,1,True,synthetic_scenario_generator,26006
2020-07-15,IND_PAR,2.85,33.14,10.61,0,1,True,synthetic_scenario_generator,26006
2020-07-16,IND_PAR,2.0,29.76,17.59,0,1,True,synthetic_scenario_generator,26006
2020-07-17,IND_PAR,1.94,28.74,0.12,0,1,True,synthetic_scenario_generator,26006
2020-07-18,IND_PAR,2.88,32.44,30.33,0,1,True,synthetic_scenario_generator,26006
2020-07-19,IND_PAR,1.66,16.22,7.51,0,1,True,synthetic_scenario_generator,26006
2020-07-20,IND_PAR,2.25,30.06,5.98,0,1,True,synthetic_scenario_generator,26006
2020-07-21,IND_PAR,2.68,32.77,10.5,0,1,True,synthetic_scenario_generator,26006
2020-07-22,IND_PAR,1.87,24.41,0.77,0,1,True,synthetic_scenario_generator,26006
2020-07-23,IND_PAR,2.0,33.86,46.96,0,1,True,synthetic_scenario_generator,26006
2020-07-24,IND_PAR,2.44,29.09,5.1,0,1,True,synthetic_scenario_generator,26006
2020-07-25,IND_PAR,2.11,26.38,19.01,0,1,True,synthetic_scenario_generator,26006
2020-07-26,IND_PAR,2.09,27.82,17.51,0,1,True,synthetic_scenario_generator,26006
2020-07-27,IND_PAR,2.48,28.73,14.16,0,1,True,synthetic_scenario_generator,26006
2020-07-28,IND_PAR,1.78,30.33,17.08,0,1,True,synthetic_scenario_generator,26006
2020-07-29,IND_PAR,2.27,34.98,27.53,0,1,True,synthetic_scenario_generator,26006
2020-07-30,IND_PAR,2.04,29.34,3.89,0,1,True,synthetic_scenario_generator,26006
2020-07-31,IND_PAR,1.91,21.17,29.9,0,1,True,synthetic_scenario_generator,26006
2020-08-01,IND_PAR,2.39,24.38,11.88,0,1,True,synthetic_scenario_generator,26006
2020-08-02,IND_PAR,2.88,28.96,8.55,0,1,True,synthetic_scenario_generator,26006
2020-08-03,IND_PAR,1.84,28.77,5.76,0,1,True,synthetic_scenario_generator,26006
2020-08-04,IND_PAR,2.18,17.01,17.72,0,1,True,synthetic_scenario_generator,26006
2020-08-05,IND_PAR,1.94,27.21,15.27,0,1,True,synthetic_scenario_generator,26006
2020-08-06,IND_PAR,2.01,28.99,3.0,0,1,True,synthetic_scenario_generator,26006
2020-08-07,IND_PAR,2.15,32.45,14.75,0,1,True,synthetic_scenario_generator,26006
2020-08-08,IND_PAR,2.55,15.81,1.05,0,1,True,synthetic_scenario_generator,26006
2020-08-09,IND_PAR,1.97,31.88,0.27,0,1,True,synthetic_scenario_generator,26006
2020-08-10,IND_PAR,1.57,29.21,37.8,0,1,True,synthetic_scenario_generator,26006
2020-08-11,IND_PAR,1.87,26.94,1.05,0,1,True,synthetic_scenario_generator,26006
2020-08-12,IND_PAR,2.34,20.44,7.34,0,1,True,synthetic_scenario_generator,26006
2020-08-13,IND_PAR,2.04,36.17,19.71,0,1,True,synthetic_scenario_generator,26006
2020-08-14,IND_PAR,2.64,24.69,17.37,0,1,True,synthetic_scenario_generator,26006
2020-08-15,IND_PAR,2.6,23.34,10.87,0,1,True,synthetic_scenario_generator,26006
2020-08-16,IND_PAR,2.0,27.28,12.99,0,1,True,synthetic_scenario_generator,26006
2020-08-17,IND_PAR,2.44,26.13,7.55,0,1,True,synthetic_scenario_generator,26006
2020-08-18,IND_PAR,2.93,29.06,6.17,0,1,True,synthetic_scenario_generator,26006
2020-08-19,IND_PAR,3.11,25.46,22.12,0,1,True,synthetic_scenario_generator,26006
2020-08-20,IND_PAR,1.84,24.92,6.16,0,1,True,synthetic_scenario_generator,26006
2020-08-21,IND_PAR,1.45,27.76,22.55,0,1,True,synthetic_scenario_generator,26006
2020-08-22,IND_PAR,2.24,28.85,5.55,0,1,True,synthetic_scenario_generator,26006
2020-08-23,IND_PAR,1.81,22.06,14.48,0,1,True,synthetic_scenario_generator,26006
2020-08-24,IND_PAR,2.27,22.6,0.77,0,1,True,synthetic_scenario_generator,26006
2020-08-25,IND_PAR,2.13,31.95,1.32,0,1,True,synthetic_scenario_generator,26006
2020-08-26,IND_PAR,2.44,30.49,2.29,0,1,True,synthetic_scenario_generator,26006
2020-08-27,IND_PAR,2.68,26.95,4.51,0,1,True,synthetic_scenario_generator,26006
2020-08-28,IND_PAR,2.14,19.79,7.59,0,1,True,synthetic_scenario_generator,26006
2020-08-29,IND_PAR,3.15,24.15,17.32,0,1,True,synthetic_scenario_generator,26006
2020-08-30,IND_PAR,1.92,32.56,13.0,0,1,True,synthetic_scenario_generator,26006
2020-08-31,IND_PAR,2.48,33.23,21.33,0,1,True,synthetic_scenario_generator,26006
2020-09-01,IND_PAR,2.21,19.0,18.53,0,1,True,synthetic_scenario_generator,26006
2020-09-02,IND_PAR,2.35,27.55,17.19,0,1,True,synthetic_scenario_generator,26006
2020-09-03,IND_PAR,1.97,27.13,6.82,0,1,True,synthetic_scenario_generator,26006
2020-09-04,IND_PAR,2.7,29.71,25.93,0,1,True,synthetic_scenario_generator,26006
2020-09-05,IND_PAR,2.59,28.84,13.95,0,1,True,synthetic_scenario_generator,26006
2020-09-06,IND_PAR,2.33,28.03,0.75,0,1,True,synthetic_scenario_generator,26006
2020-09-07,IND_PAR,2.63,27.65,1.22,0,1,True,synthetic_scenario_generator,26006
2020-09-08,IND_PAR,1.79,33.72,11.49,0,1,True,synthetic_scenario_generator,26006
2020-09-09,IND_PAR,2.3,29.47,10.56,0,1,True,synthetic_scenario_generator,26006
2020-09-10,IND_PAR,2.3,23.32,21.38,0,1,True,synthetic_scenario_generator,26006
2020-09-11,IND_PAR,2.47,26.83,1.93,0,1,True,synthetic_scenario_generator,26006
2020-09-12,IND_PAR,2.07,15.85,2.19,0,1,True,synthetic_scenario_generator,26006
2020-09-13,IND_PAR,2.61,19.03,9.54,0,1,True,synthetic_scenario_generator,26006
2020-09-14,IND_PAR,2.19,19.02,6.76,0,1,True,synthetic_scenario_generator,26006
2020-09-15,IND_PAR,2.37,26.15,20.44,0,1,True,synthetic_scenario_generator,26006
2020-09-16,IND_PAR,2.11,25.41,4.23,0,1,True,synthetic_scenario_generator,26006
2020-09-17,IND_PAR,1.76,30.36,4.39,0,1,True,synthetic_scenario_generator,26006
2020-09-18,IND_PAR,2.46,23.02,19.02,0,1,True,synthetic_scenario_generator,26006
2020-09-19,IND_PAR,2.33,27.04,9.99,0,1,True,synthetic_scenario_generator,26006
2020-09-20,IND_PAR,2.26,16.27,4.99,0,1,True,synthetic_scenario_generator,26006
2020-09-21,IND_PAR,2.74,24.92,2.83,0,1,True,synthetic_scenario_generator,26006
2020-09-22,IND_PAR,2.04,24.22,11.18,0,1,True,synthetic_scenario_generator,26006
2020-09-23,IND_PAR,1.95,28.84,17.86,0,1,True,synthetic_scenario_generator,26006
2020-09-24,IND_PAR,1.77,21.92,3.73,0,1,True,synthetic_scenario_generator,26006
2020-09-25,IND_PAR,2.3,28.52,28.5,0,1,True,synthetic_scenario_generator,26006
2020-09-26,IND_PAR,2.17,22.38,11.15,0,1,True,synthetic_scenario_generator,26006
2020-09-27,IND_PAR,1.59,27.69,21.63,0,1,True,synthetic_scenario_generator,26006
2020-09-28,IND_PAR,2.15,18.25,11.66,0,1,True,synthetic_scenario_generator,26006
2020-09-29,IND_PAR,1.15,20.21,4.18,0,1,True,synthetic_scenario_generator,26006
2020-09-30,IND_PAR,1.83,29.68,19.02,0,1,True,synthetic_scenario_generator,26006
2020-10-01,IND_PAR,1.13,21.21,3.27,0,0,True,synthetic_scenario_generator,26006
2020-10-02,IND_PAR,1.87,17.88,1.95,0,0,True,synthetic_scenario_generator,26006
2020-10-03,IND_PAR,2.27,25.2,0.11,0,0,True,synthetic_scenario_generator,26006
2020-10-04,IND_PAR,1.1,15.06,3.01,0,0,True,synthetic_scenario_generator,26006
2020-10-05,IND_PAR,2.54,23.24,0.33,0,0,True,synthetic_scenario_generator,26006
2020-10-06,IND_PAR,1.34,29.86,1.42,0,0,True,synthetic_scenario_generator,26006
2020-10-07,IND_PAR,1.37,22.93,1.39,0,0,True,synthetic_scenario_generator,26006
2020-10-08,IND_PAR,0.82,14.84,6.4,0,0,True,synthetic_scenario_generator,26006
2020-10-09,IND_PAR,1.79,18.36,2.32,0,0,True,synthetic_scenario_generator,26006
2020-10-10,IND_PAR,1.86,18.1,2.69,0,0,True,synthetic_scenario_generator,26006
2020-10-11,IND_PAR,1.84,15.35,5.65,0,0,True,synthetic_scenario_generator,26006
2020-10-12,IND_PAR,1.38,25.85,3.43,0,0,True,synthetic_scenario_generator,26006
2020-10-13,IND_PAR,1.32,23.94,0.49,0,0,True,synthetic_scenario_generator,26006
2020-10-14,IND_PAR,2.03,23.13,5.92,0,0,True,synthetic_scenario_generator,26006
2020-10-15,IND_PAR,1.74,18.46,8.26,0,0,True,synthetic_scenario_generator,26006
2020-10-16,IND_PAR,1.38,27.04,6.53,0,0,True,synthetic_scenario_generator,26006
2020-10-17,IND_PAR,1.42,22.72,1.16,0,0,True,synthetic_scenario_generator,26006
2020-10-18,IND_PAR,2.25,17.28,2.92,0,0,True,synthetic_scenario_generator,26006
2020-10-19,IND_PAR,1.21,23.51,4.98,0,0,True,synthetic_scenario_generator,26006
2020-10-20,IND_PAR,1.57,23.45,1.92,0,0,True,synthetic_scenario_generator,26006
2020-10-21,IND_PAR,1.76,17.71,1.4,0,0,True,synthetic_scenario_generator,26006
2020-10-22,IND_PAR,1.23,15.77,1.85,0,0,True,synthetic_scenario_generator,26006
2020-10-23,IND_PAR,1.94,9.16,5.85,0,0,True,synthetic_scenario_generator,26006
2020-10-24,IND_PAR,1.64,19.87,13.85,0,0,True,synthetic_scenario_generator,26006
2020-10-25,IND_PAR,1.2,16.58,4.27,0,0,True,synthetic_scenario_generator,26006
2020-10-26,IND_PAR,2.04,23.16,0.43,0,0,True,synthetic_scenario_generator,26006
2020-10-27,IND_PAR,1.36,26.66,9.63,0,0,True,synthetic_scenario_generator,26006
2020-10-28,IND_PAR,2.0,16.02,4.77,0,0,True,synthetic_scenario_generator,26006
2020-10-29,IND_PAR,1.62,17.04,0.39,0,0,True,synthetic_scenario_generator,26006
2020-10-30,IND_PAR,1.59,25.97,1.2,0,0,True,synthetic_scenario_generator,26006
2020-10-31,IND_PAR,1.69,11.14,3.36,0,0,True,synthetic_scenario_generator,26006
2020-11-01,IND_PAR,2.18,21.45,5.79,0,0,True,synthetic_scenario_generator,26006
2020-11-02,IND_PAR,1.97,14.85,6.42,0,0,True,synthetic_scenario_generator,26006
2020-11-03,IND_PAR,1.2,23.73,2.03,0,0,True,synthetic_scenario_generator,26006
2020-11-04,IND_PAR,1.17,26.38,0.49,0,0,True,synthetic_scenario_generator,26006
2020-11-05,IND_PAR,1.28,17.83,7.2,0,0,True,synthetic_scenario_generator,26006
2020-11-06,IND_PAR,1.12,20.2,0.87,0,0,True,synthetic_scenario_generator,26006
2020-11-07,IND_PAR,1.02,14.41,0.71,0,0,True,synthetic_scenario_generator,26006
2020-11-08,IND_PAR,1.41,22.56,6.53,0,0,True,synthetic_scenario_generator,26006
2020-11-09,IND_PAR,1.8,20.48,0.18,0,0,True,synthetic_scenario_generator,26006
2020-11-10,IND_PAR,1.69,13.93,0.53,0,0,True,synthetic_scenario_generator,26006
2020-11-11,IND_PAR,1.41,15.09,1.2,0,0,True,synthetic_scenario_generator,26006
2020-11-12,IND_PAR,0.72,15.76,0.48,0,0,True,synthetic_scenario_generator,26006
2020-11-13,IND_PAR,1.68,9.45,0.84,0,0,True,synthetic_scenario_generator,26006
2020-11-14,IND_PAR,1.59,20.34,0.09,0,0,True,synthetic_scenario_generator,26006
2020-11-15,IND_PAR,1.85,16.32,6.94,0,0,True,synthetic_scenario_generator,26006
2020-11-16,IND_PAR,1.33,7.54,5.7,0,0,True,synthetic_scenario_generator,26006
2020-11-17,IND_PAR,2.29,25.77,2.15,0,0,True,synthetic_scenario_generator,26006
2020-11-18,IND_PAR,1.82,19.08,9.27,0,0,True,synthetic_scenario_generator,26006
2020-11-19,IND_PAR,1.95,22.06,3.65,0,0,True,synthetic_scenario_generator,26006
2020-11-20,IND_PAR,1.62,28.29,4.16,0,0,True,synthetic_scenario_generator,26006
2020-11-21,IND_PAR,1.65,18.33,3.34,0,0,True,synthetic_scenario_generator,26006
2020-11-22,IND_PAR,2.25,23.94,1.57,0,0,True,synthetic_scenario_generator,26006
2020-11-23,IND_PAR,1.51,27.29,3.26,0,0,True,synthetic_scenario_generator,26006
2020-11-24,IND_PAR,1.48,21.16,1.23,0,0,True,synthetic_scenario_generator,26006
2020-11-25,IND_PAR,1.68,26.52,1.6,0,0,True,synthetic_scenario_generator,26006
2020-11-26,IND_PAR,1.13,15.37,0.1,0,0,True,synthetic_scenario_generator,26006
2020-11-27,IND_PAR,1.8,27.66,6.41,0,0,True,synthetic_scenario_generator,26006
2020-11-28,IND_PAR,2.2,17.29,9.05,0,0,True,synthetic_scenario_generator,26006
2020-11-29,IND_PAR,2.32,19.36,0.72,0,0,True,synthetic_scenario_generator,26006
2020-11-30,IND_PAR,1.5,19.73,0.14,0,0,True,synthetic_scenario_generator,26006
2020-12-01,IND_PAR,1.44,23.76,0.22,0,0,True,synthetic_scenario_generator,26006
2020-12-02,IND_PAR,1.09,22.13,2.75,0,0,True,synthetic_scenario_generator,26006
2020-12-03,IND_PAR,1.73,16.08,0.5,0,0,True,synthetic_scenario_generator,26006
2020-12-04,IND_PAR,1.9,22.54,4.89,0,0,True,synthetic_scenario_generator,26006
2020-12-05,IND_PAR,1.63,22.71,4.03,0,0,True,synthetic_scenario_generator,26006
2020-12-06,IND_PAR,1.83,9.61,1.08,0,0,True,synthetic_scenario_generator,26006
2020-12-07,IND_PAR,1.9,20.23,5.47,0,0,True,synthetic_scenario_generator,26006
2020-12-08,IND_PAR,1.25,20.38,7.1,0,0,True,synthetic_scenario_generator,26006
2020-12-09,IND_PAR,1.84,20.62,1.17,0,0,True,synthetic_scenario_generator,26006
2020-12-10,IND_PAR,2.17,17.92,2.39,0,0,True,synthetic_scenario_generator,26006
2020-12-11,IND_PAR,1.77,17.37,3.82,0,0,True,synthetic_scenario_generator,26006
2020-12-12,IND_PAR,2.15,23.65,0.21,0,0,True,synthetic_scenario_generator,26006
2020-12-13,IND_PAR,1.51,20.41,1.83,0,0,True,synthetic_scenario_generator,26006
2020-12-14,IND_PAR,1.74,21.91,1.83,0,0,True,synthetic_scenario_generator,26006
2020-12-15,IND_PAR,1.3,12.91,5.52,0,0,True,synthetic_scenario_generator,26006
2020-12-16,IND_PAR,2.05,20.96,1.47,0,0,True,synthetic_scenario_generator,26006
2020-12-17,IND_PAR,1.54,15.75,3.22,0,0,True,synthetic_scenario_generator,26006
2020-12-18,IND_PAR,1.86,23.47,3.93,0,0,True,synthetic_scenario_generator,26006
2020-12-19,IND_PAR,1.56,31.52,6.11,0,0,True,synthetic_scenario_generator,26006
2020-12-20,IND_PAR,2.0,23.14,3.88,0,0,True,synthetic_scenario_generator,26006
2020-12-21,IND_PAR,1.92,21.72,0.86,0,0,True,synthetic_scenario_generator,26006
2020-12-22,IND_PAR,0.99,13.4,11.16,0,0,True,synthetic_scenario_generator,26006
2020-12-23,IND_PAR,1.85,15.25,1.37,0,0,True,synthetic_scenario_generator,26006
2020-12-24,IND_PAR,1.36,17.13,0.36,0,0,True,synthetic_scenario_generator,26006
2020-12-25,IND_PAR,1.4,10.13,7.5,0,0,True,synthetic_scenario_generator,26006
2020-12-26,IND_PAR,2.07,20.39,1.42,0,0,True,synthetic_scenario_generator,26006
2020-12-27,IND_PAR,1.47,22.4,2.83,0,0,True,synthetic_scenario_generator,26006
2020-12-28,IND_PAR,1.38,21.51,1.63,0,0,True,synthetic_scenario_generator,26006
2020-12-29,IND_PAR,1.5,17.09,0.39,0,0,True,synthetic_scenario_generator,26006
2020-12-30,IND_PAR,1.25,23.84,5.85,0,0,True,synthetic_scenario_generator,26006
2020-12-31,IND_PAR,1.51,17.04,2.2,0,0,True,synthetic_scenario_generator,26006
2021-01-01,IND_PAR,1.0,17.69,0.98,0,0,True,synthetic_scenario_generator,26006
2021-01-02,IND_PAR,1.36,19.18,0.52,0,0,True,synthetic_scenario_generator,26006
2021-01-03,IND_PAR,1.62,21.34,1.74,0,0,True,synthetic_scenario_generator,26006
2021-01-04,IND_PAR,0.67,16.27,2.71,0,0,True,synthetic_scenario_generator,26006
2021-01-05,IND_PAR,0.67,7.96,3.38,0,0,True,synthetic_scenario_generator,26006
2021-01-06,IND_PAR,1.55,12.49,3.26,0,0,True,synthetic_scenario_generator,26006
2021-01-07,IND_PAR,1.12,15.81,2.9,0,0,True,synthetic_scenario_generator,26006
2021-01-08,IND_PAR,0.4,13.92,0.34,0,0,True,synthetic_scenario_generator,26006
2021-01-09,IND_PAR,0.82,11.53,6.38,0,0,True,synthetic_scenario_generator,26006
2021-01-10,IND_PAR,1.58,11.99,3.61,0,0,True,synthetic_scenario_generator,26006
2021-01-11,IND_PAR,0.97,9.7,0.42,0,0,True,synthetic_scenario_generator,26006
2021-01-12,IND_PAR,1.43,19.02,0.25,0,0,True,synthetic_scenario_generator,26006
2021-01-13,IND_PAR,0.43,16.68,7.25,0,0,True,synthetic_scenario_generator,26006
2021-01-14,IND_PAR,0.27,22.63,4.31,0,0,True,synthetic_scenario_generator,26006
2021-01-15,IND_PAR,1.28,9.23,8.24,0,0,True,synthetic_scenario_generator,26006
2021-01-16,IND_PAR,0.94,12.63,8.39,0,0,True,synthetic_scenario_generator,26006
2021-01-17,IND_PAR,0.2,9.37,2.84,0,0,True,synthetic_scenario_generator,26006
2021-01-18,IND_PAR,1.15,9.14,2.32,0,0,True,synthetic_scenario_generator,26006
2021-01-19,IND_PAR,1.73,10.98,1.66,0,0,True,synthetic_scenario_generator,26006
2021-01-20,IND_PAR,0.75,24.16,10.07,0,0,True,synthetic_scenario_generator,26006
2021-01-21,IND_PAR,0.91,20.11,13.49,0,0,True,synthetic_scenario_generator,26006
2021-01-22,IND_PAR,1.04,8.35,2.88,0,0,True,synthetic_scenario_generator,26006
2021-01-23,IND_PAR,0.86,12.32,8.18,0,0,True,synthetic_scenario_generator,26006
2021-01-24,IND_PAR,1.22,18.25,4.74,0,0,True,synthetic_scenario_generator,26006
2021-01-25,IND_PAR,1.88,8.97,7.8,0,0,True,synthetic_scenario_generator,26006
2021-01-26,IND_PAR,0.54,6.99,3.89,0,0,True,synthetic_scenario_generator,26006
2021-01-27,IND_PAR,1.28,6.07,6.17,0,0,True,synthetic_scenario_generator,26006
2021-01-28,IND_PAR,0.49,16.95,0.47,0,0,True,synthetic_scenario_generator,26006
2021-01-29,IND_PAR,1.51,2.0,0.44,0,0,True,synthetic_scenario_generator,26006
2021-01-30,IND_PAR,1.12,13.21,8.97,0,0,True,synthetic_scenario_generator,26006
2021-01-31,IND_PAR,1.52,22.87,2.54,0,0,True,synthetic_scenario_generator,26006
2021-02-01,IND_PAR,1.15,9.93,2.48,0,0,True,synthetic_scenario_generator,26006
2021-02-02,IND_PAR,1.76,14.43,1.68,0,0,True,synthetic_scenario_generator,26006
2021-02-03,IND_PAR,1.8,12.27,4.24,0,0,True,synthetic_scenario_generator,26006
2021-02-04,IND_PAR,1.09,14.27,3.03,0,0,True,synthetic_scenario_generator,26006
2021-02-05,IND_PAR,0.9,19.86,7.86,0,0,True,synthetic_scenario_generator,26006
2021-02-06,IND_PAR,0.53,9.86,14.79,0,0,True,synthetic_scenario_generator,26006
2021-02-07,IND_PAR,0.45,13.46,0.74,0,0,True,synthetic_scenario_generator,26006
2021-02-08,IND_PAR,1.47,10.06,2.12,0,0,True,synthetic_scenario_generator,26006
2021-02-09,IND_PAR,0.68,16.91,10.43,0,0,True,synthetic_scenario_generator,26006
2021-02-10,IND_PAR,1.03,13.85,9.93,0,0,True,synthetic_scenario_generator,26006
2021-02-11,IND_PAR,0.88,14.54,2.46,0,0,True,synthetic_scenario_generator,26006
2021-02-12,IND_PAR,1.6,13.98,0.56,0,0,True,synthetic_scenario_generator,26006
2021-02-13,IND_PAR,0.4,13.03,4.22,0,0,True,synthetic_scenario_generator,26006
2021-02-14,IND_PAR,1.66,12.13,2.82,0,0,True,synthetic_scenario_generator,26006
2021-02-15,IND_PAR,1.61,16.87,14.61,0,0,True,synthetic_scenario_generator,26006
2021-02-16,IND_PAR,1.01,18.68,6.86,0,0,True,synthetic_scenario_generator,26006
2021-02-17,IND_PAR,1.25,12.75,6.07,0,0,True,synthetic_scenario_generator,26006
2021-02-18,IND_PAR,1.13,20.88,3.11,0,0,True,synthetic_scenario_generator,26006
2021-02-19,IND_PAR,1.33,3.78,2.97,0,0,True,synthetic_scenario_generator,26006
2021-02-20,IND_PAR,1.3,6.95,4.44,0,0,True,synthetic_scenario_generator,26006
2021-02-21,IND_PAR,1.27,11.37,9.62,0,0,True,synthetic_scenario_generator,26006
2021-02-22,IND_PAR,0.2,8.12,2.46,0,0,True,synthetic_scenario_generator,26006
2021-02-23,IND_PAR,0.56,15.83,3.93,0,0,True,synthetic_scenario_generator,26006
2021-02-24,IND_PAR,1.02,7.81,1.85,0,0,True,synthetic_scenario_generator,26006
2021-02-25,IND_PAR,0.6,20.48,10.58,0,0,True,synthetic_scenario_generator,26006
2021-02-26,IND_PAR,1.25,6.64,8.37,0,0,True,synthetic_scenario_generator,26006
2021-02-27,IND_PAR,1.04,14.08,6.85,0,0,True,synthetic_scenario_generator,26006
2021-02-28,IND_PAR,1.62,13.91,4.33,0,0,True,synthetic_scenario_generator,26006
2021-03-01,IND_PAR,1.12,16.07,1.63,0,0,True,synthetic_scenario_generator,26006
2021-03-02,IND_PAR,1.1,5.79,2.25,0,0,True,synthetic_scenario_generator,26006
2021-03-03,IND_PAR,0.33,11.51,12.57,0,0,True,synthetic_scenario_generator,26006
2021-03-04,IND_PAR,1.29,14.34,2.57,0,0,True,synthetic_scenario_generator,26006
2021-03-05,IND_PAR,0.62,17.73,8.15,0,0,True,synthetic_scenario_generator,26006
2021-03-06,IND_PAR,1.32,14.93,1.71,0,0,True,synthetic_scenario_generator,26006
2021-03-07,IND_PAR,1.16,15.44,7.19,0,0,True,synthetic_scenario_generator,26006
2021-03-08,IND_PAR,0.71,17.71,2.11,0,0,True,synthetic_scenario_generator,26006
2021-03-09,IND_PAR,1.44,10.33,2.32,0,0,True,synthetic_scenario_generator,26006
2021-03-10,IND_PAR,1.34,8.02,1.82,0,0,True,synthetic_scenario_generator,26006
2021-03-11,IND_PAR,1.18,19.88,0.71,0,0,True,synthetic_scenario_generator,26006
2021-03-12,IND_PAR,1.37,14.32,2.6,0,0,True,synthetic_scenario_generator,26006
2021-03-13,IND_PAR,0.38,7.48,1.49,0,0,True,synthetic_scenario_generator,26006
2021-03-14,IND_PAR,1.22,18.56,1.32,0,0,True,synthetic_scenario_generator,26006
2021-03-15,IND_PAR,0.76,15.82,3.37,0,0,True,synthetic_scenario_generator,26006
2021-03-16,IND_PAR,1.8,10.88,0.41,0,0,True,synthetic_scenario_generator,26006
2021-03-17,IND_PAR,0.64,12.02,6.86,0,0,True,synthetic_scenario_generator,26006
2021-03-18,IND_PAR,1.07,8.89,1.57,0,0,True,synthetic_scenario_generator,26006
2021-03-19,IND_PAR,1.15,12.59,4.03,0,0,True,synthetic_scenario_generator,26006
2021-03-20,IND_PAR,1.32,13.67,2.09,0,0,True,synthetic_scenario_generator,26006
2021-03-21,IND_PAR,0.73,15.38,0.92,0,0,True,synthetic_scenario_generator,26006
2021-03-22,IND_PAR,0.52,13.01,4.1,0,0,True,synthetic_scenario_generator,26006
2021-03-23,IND_PAR,1.7,16.37,6.61,0,0,True,synthetic_scenario_generator,26006
2021-03-24,IND_PAR,0.94,18.55,0.11,0,0,True,synthetic_scenario_generator,26006
2021-03-25,IND_PAR,1.33,14.92,4.94,0,0,True,synthetic_scenario_generator,26006
2021-03-26,IND_PAR,1.34,23.38,4.0,0,0,True,synthetic_scenario_generator,26006
2021-03-27,IND_PAR,0.78,23.04,1.06,0,0,True,synthetic_scenario_generator,26006
2021-03-28,IND_PAR,0.9,14.0,10.92,0,0,True,synthetic_scenario_generator,26006
2021-03-29,IND_PAR,1.72,10.44,8.95,0,0,True,synthetic_scenario_generator,26006
2021-03-30,IND_PAR,0.97,14.91,0.02,0,0,True,synthetic_scenario_generator,26006
2021-03-31,IND_PAR,0.93,14.43,3.44,0,0,True,synthetic_scenario_generator,26006
2021-04-01,IND_PAR,1.75,18.36,3.17,0,0,True,synthetic_scenario_generator,26006
2021-04-02,IND_PAR,1.87,18.14,1.37,0,0,True,synthetic_scenario_generator,26006
2021-04-03,IND_PAR,1.35,28.38,0.4,0,0,True,synthetic_scenario_generator,26006
2021-04-04,IND_PAR,1.51,19.06,0.58,0,0,True,synthetic_scenario_generator,26006
2021-04-05,IND_PAR,1.6,25.42,3.78,0,0,True,synthetic_scenario_generator,26006
2021-04-06,IND_PAR,1.36,22.36,4.51,0,0,True,synthetic_scenario_generator,26006
2021-04-07,IND_PAR,2.33,16.93,2.62,0,0,True,synthetic_scenario_generator,26006
2021-04-08,IND_PAR,1.33,16.42,1.26,0,0,True,synthetic_scenario_generator,26006
2021-04-09,IND_PAR,1.13,19.07,3.54,0,0,True,synthetic_scenario_generator,26006
2021-04-10,IND_PAR,1.82,20.4,2.86,0,0,True,synthetic_scenario_generator,26006
2021-04-11,IND_PAR,1.09,20.83,0.66,0,0,True,synthetic_scenario_generator,26006
2021-04-12,IND_PAR,2.13,19.34,2.12,0,0,True,synthetic_scenario_generator,26006
2021-04-13,IND_PAR,1.66,18.37,6.85,0,0,True,synthetic_scenario_generator,26006
2021-04-14,IND_PAR,1.37,23.37,1.97,0,0,True,synthetic_scenario_generator,26006
2021-04-15,IND_PAR,1.78,15.08,1.2,0,0,True,synthetic_scenario_generator,26006
2021-04-16,IND_PAR,1.86,11.49,3.78,0,0,True,synthetic_scenario_generator,26006
2021-04-17,IND_PAR,1.41,27.86,1.55,0,0,True,synthetic_scenario_generator,26006
2021-04-18,IND_PAR,1.21,15.9,4.61,0,0,True,synthetic_scenario_generator,26006
2021-04-19,IND_PAR,2.38,17.32,5.05,0,0,True,synthetic_scenario_generator,26006
2021-04-20,IND_PAR,1.58,21.45,18.53,0,0,True,synthetic_scenario_generator,26006
2021-04-21,IND_PAR,1.54,22.41,6.93,0,0,True,synthetic_scenario_generator,26006
2021-04-22,IND_PAR,2.69,21.28,1.28,0,0,True,synthetic_scenario_generator,26006
2021-04-23,IND_PAR,1.43,19.65,0.46,0,0,True,synthetic_scenario_generator,26006
2021-04-24,IND_PAR,1.46,21.98,0.61,0,0,True,synthetic_scenario_generator,26006
2021-04-25,IND_PAR,1.57,12.36,3.43,0,0,True,synthetic_scenario_generator,26006
2021-04-26,IND_PAR,1.63,24.67,5.07,0,0,True,synthetic_scenario_generator,26006
2021-04-27,IND_PAR,2.34,18.32,3.58,0,0,True,synthetic_scenario_generator,26006
2021-04-28,IND_PAR,2.04,16.09,4.44,0,0,True,synthetic_scenario_generator,26006
2021-04-29,IND_PAR,1.55,26.09,2.04,0,0,True,synthetic_scenario_generator,26006
2021-04-30,IND_PAR,1.73,27.7,0.15,0,0,True,synthetic_scenario_generator,26006
2021-05-01,IND_PAR,1.34,25.19,1.47,0,0,True,synthetic_scenario_generator,26006
2021-05-02,IND_PAR,1.63,22.14,4.72,0,0,True,synthetic_scenario_generator,26006
2021-05-03,IND_PAR,1.62,5.75,3.87,0,0,True,synthetic_scenario_generator,26006
2021-05-04,IND_PAR,2.12,14.83,1.03,0,0,True,synthetic_scenario_generator,26006
2021-05-05,IND_PAR,0.5,19.08,2.49,0,0,True,synthetic_scenario_generator,26006
2021-05-06,IND_PAR,1.18,23.18,2.02,0,0,True,synthetic_scenario_generator,26006
2021-05-07,IND_PAR,1.28,20.24,4.43,0,0,True,synthetic_scenario_generator,26006
2021-05-08,IND_PAR,1.37,16.8,6.48,0,0,True,synthetic_scenario_generator,26006
2021-05-09,IND_PAR,1.2,18.81,0.64,0,0,True,synthetic_scenario_generator,26006
2021-05-10,IND_PAR,2.46,25.99,1.34,0,0,True,synthetic_scenario_generator,26006
2021-05-11,IND_PAR,1.34,28.34,2.61,0,0,True,synthetic_scenario_generator,26006
2021-05-12,IND_PAR,2.57,14.92,0.79,0,0,True,synthetic_scenario_generator,26006
2021-05-13,IND_PAR,1.29,10.98,0.12,0,0,True,synthetic_scenario_generator,26006
2021-05-14,IND_PAR,1.87,28.25,0.74,0,0,True,synthetic_scenario_generator,26006
2021-05-15,IND_PAR,1.62,26.3,5.57,0,0,True,synthetic_scenario_generator,26006
2021-05-16,IND_PAR,0.6,16.11,1.54,0,0,True,synthetic_scenario_generator,26006
2021-05-17,IND_PAR,1.04,8.85,1.09,0,0,True,synthetic_scenario_generator,26006
2021-05-18,IND_PAR,1.74,21.4,8.89,0,0,True,synthetic_scenario_generator,26006
2021-05-19,IND_PAR,1.54,18.93,1.0,0,0,True,synthetic_scenario_generator,26006
2021-05-20,IND_PAR,1.89,12.06,0.23,0,0,True,synthetic_scenario_generator,26006
2021-05-21,IND_PAR,0.73,15.63,7.87,0,0,True,synthetic_scenario_generator,26006
2021-05-22,IND_PAR,1.26,19.34,2.74,0,0,True,synthetic_scenario_generator,26006
2021-05-23,IND_PAR,1.73,18.73,3.99,0,0,True,synthetic_scenario_generator,26006
2021-05-24,IND_PAR,1.89,22.96,4.78,0,0,True,synthetic_scenario_generator,26006
2021-05-25,IND_PAR,2.09,18.25,1.34,0,0,True,synthetic_scenario_generator,26006
2021-05-26,IND_PAR,1.21,21.12,1.8,0,0,True,synthetic_scenario_generator,26006
2021-05-27,IND_PAR,1.68,23.29,9.29,0,0,True,synthetic_scenario_generator,26006
2021-05-28,IND_PAR,1.29,35.56,6.85,0,0,True,synthetic_scenario_generator,26006
2021-05-29,IND_PAR,1.17,21.97,1.53,0,0,True,synthetic_scenario_generator,26006
2021-05-30,IND_PAR,1.49,7.46,4.18,0,0,True,synthetic_scenario_generator,26006
2021-05-31,IND_PAR,2.15,18.1,2.94,0,0,True,synthetic_scenario_generator,26006
2021-06-01,IND_PAR,2.65,31.19,18.99,0,1,True,synthetic_scenario_generator,26006
2021-06-02,IND_PAR,3.05,34.91,21.86,0,1,True,synthetic_scenario_generator,26006
2021-06-03,IND_PAR,2.58,32.74,10.48,0,1,True,synthetic_scenario_generator,26006
2021-06-04,IND_PAR,2.28,26.18,12.74,0,1,True,synthetic_scenario_generator,26006
2021-06-05,IND_PAR,2.66,30.84,14.49,0,1,True,synthetic_scenario_generator,26006
2021-06-06,IND_PAR,2.98,26.68,4.78,0,1,True,synthetic_scenario_generator,26006
2021-06-07,IND_PAR,2.3,30.72,7.86,0,1,True,synthetic_scenario_generator,26006
2021-06-08,IND_PAR,2.41,35.5,39.26,0,1,True,synthetic_scenario_generator,26006
2021-06-09,IND_PAR,2.72,30.4,15.92,0,1,True,synthetic_scenario_generator,26006
2021-06-10,IND_PAR,2.78,36.93,0.25,0,1,True,synthetic_scenario_generator,26006
2021-06-11,IND_PAR,2.88,30.51,9.47,0,1,True,synthetic_scenario_generator,26006
2021-06-12,IND_PAR,2.51,35.85,14.95,0,1,True,synthetic_scenario_generator,26006
2021-06-13,IND_PAR,3.03,25.01,7.19,0,1,True,synthetic_scenario_generator,26006
2021-06-14,IND_PAR,3.24,43.42,7.13,0,1,True,synthetic_scenario_generator,26006
2021-06-15,IND_PAR,3.44,27.02,14.57,1,1,True,synthetic_scenario_generator,26006
2021-06-16,IND_PAR,2.42,32.02,23.98,0,1,True,synthetic_scenario_generator,26006
2021-06-17,IND_PAR,2.57,29.72,3.95,0,1,True,synthetic_scenario_generator,26006
2021-06-18,IND_PAR,2.76,28.75,2.25,0,1,True,synthetic_scenario_generator,26006
2021-06-19,IND_PAR,2.97,24.42,34.12,0,1,True,synthetic_scenario_generator,26006
2021-06-20,IND_PAR,2.87,25.92,11.97,0,1,True,synthetic_scenario_generator,26006
2021-06-21,IND_PAR,3.03,31.69,22.17,0,1,True,synthetic_scenario_generator,26006
2021-06-22,IND_PAR,2.66,33.74,1.29,0,1,True,synthetic_scenario_generator,26006
2021-06-23,IND_PAR,2.31,37.17,45.46,0,1,True,synthetic_scenario_generator,26006
2021-06-24,IND_PAR,2.77,31.87,4.05,0,1,True,synthetic_scenario_generator,26006
2021-06-25,IND_PAR,3.16,35.92,21.77,0,1,True,synthetic_scenario_generator,26006
2021-06-26,IND_PAR,3.0,37.21,12.15,0,1,True,synthetic_scenario_generator,26006
2021-06-27,IND_PAR,2.76,28.96,12.27,0,1,True,synthetic_scenario_generator,26006
2021-06-28,IND_PAR,2.84,34.69,7.27,0,1,True,synthetic_scenario_generator,26006
2021-06-29,IND_PAR,2.74,22.5,17.8,0,1,True,synthetic_scenario_generator,26006
2021-06-30,IND_PAR,3.43,32.22,7.03,1,1,True,synthetic_scenario_generator,26006
2021-07-01,IND_PAR,2.6,33.82,1.15,0,1,True,synthetic_scenario_generator,26006
2021-07-02,IND_PAR,2.03,29.12,0.93,0,1,True,synthetic_scenario_generator,26006
2021-07-03,IND_PAR,2.17,25.1,9.65,0,1,True,synthetic_scenario_generator,26006
2021-07-04,IND_PAR,2.04,23.23,6.76,0,1,True,synthetic_scenario_generator,26006
2021-07-05,IND_PAR,2.64,23.12,5.92,0,1,True,synthetic_scenario_generator,26006
2021-07-06,IND_PAR,2.09,22.14,4.28,0,1,True,synthetic_scenario_generator,26006
2021-07-07,IND_PAR,2.75,25.48,6.93,0,1,True,synthetic_scenario_generator,26006
2021-07-08,IND_PAR,1.81,32.56,51.56,0,1,True,synthetic_scenario_generator,26006
2021-07-09,IND_PAR,2.62,28.0,21.52,0,1,True,synthetic_scenario_generator,26006
2021-07-10,IND_PAR,2.11,18.8,14.93,0,1,True,synthetic_scenario_generator,26006
2021-07-11,IND_PAR,2.02,22.11,8.62,0,1,True,synthetic_scenario_generator,26006
2021-07-12,IND_PAR,2.7,28.47,28.17,0,1,True,synthetic_scenario_generator,26006
2021-07-13,IND_PAR,2.29,34.46,38.18,0,1,True,synthetic_scenario_generator,26006
2021-07-14,IND_PAR,2.16,31.82,23.82,0,1,True,synthetic_scenario_generator,26006
2021-07-15,IND_PAR,2.63,28.46,2.8,0,1,True,synthetic_scenario_generator,26006
2021-07-16,IND_PAR,2.98,20.3,1.13,0,1,True,synthetic_scenario_generator,26006
2021-07-17,IND_PAR,2.06,27.33,31.28,0,1,True,synthetic_scenario_generator,26006
2021-07-18,IND_PAR,3.06,31.0,19.79,0,1,True,synthetic_scenario_generator,26006
2021-07-19,IND_PAR,2.91,22.31,19.76,0,1,True,synthetic_scenario_generator,26006
2021-07-20,IND_PAR,1.62,30.13,11.33,0,1,True,synthetic_scenario_generator,26006
2021-07-21,IND_PAR,2.2,24.99,17.06,0,1,True,synthetic_scenario_generator,26006
2021-07-22,IND_PAR,2.2,19.48,1.67,0,1,True,synthetic_scenario_generator,26006
2021-07-23,IND_PAR,1.78,22.88,4.5,0,1,True,synthetic_scenario_generator,26006
2021-07-24,IND_PAR,2.19,19.76,13.06,0,1,True,synthetic_scenario_generator,26006
2021-07-25,IND_PAR,2.26,19.57,8.62,0,1,True,synthetic_scenario_generator,26006
2021-07-26,IND_PAR,2.66,37.69,6.44,0,1,True,synthetic_scenario_generator,26006
2021-07-27,IND_PAR,2.68,24.61,17.72,0,1,True,synthetic_scenario_generator,26006
2021-07-28,IND_PAR,2.23,36.55,14.99,0,1,True,synthetic_scenario_generator,26006
2021-07-29,IND_PAR,2.55,20.31,21.66,0,1,True,synthetic_scenario_generator,26006
2021-07-30,IND_PAR,2.23,23.35,10.93,0,1,True,synthetic_scenario_generator,26006
2021-07-31,IND_PAR,1.93,21.76,1.16,0,1,True,synthetic_scenario_generator,26006
2021-08-01,IND_PAR,2.23,29.93,0.61,0,1,True,synthetic_scenario_generator,26006
2021-08-02,IND_PAR,1.75,16.29,17.85,0,1,True,synthetic_scenario_generator,26006
2021-08-03,IND_PAR,2.07,28.99,21.98,0,1,True,synthetic_scenario_generator,26006
2021-08-04,IND_PAR,2.16,23.87,3.05,0,1,True,synthetic_scenario_generator,26006
2021-08-05,IND_PAR,2.52,28.5,20.93,0,1,True,synthetic_scenario_generator,26006
2021-08-06,IND_PAR,2.27,31.41,66.48,0,1,True,synthetic_scenario_generator,26006
2021-08-07,IND_PAR,2.87,25.2,3.94,0,1,True,synthetic_scenario_generator,26006
2021-08-08,IND_PAR,2.32,35.03,13.32,0,1,True,synthetic_scenario_generator,26006
2021-08-09,IND_PAR,2.24,37.72,10.13,0,1,True,synthetic_scenario_generator,26006
2021-08-10,IND_PAR,2.16,26.46,36.32,0,1,True,synthetic_scenario_generator,26006
2021-08-11,IND_PAR,2.62,26.62,8.72,0,1,True,synthetic_scenario_generator,26006
2021-08-12,IND_PAR,2.52,26.66,2.28,0,1,True,synthetic_scenario_generator,26006
2021-08-13,IND_PAR,2.25,23.2,25.5,0,1,True,synthetic_scenario_generator,26006
2021-08-14,IND_PAR,2.39,26.69,11.25,0,1,True,synthetic_scenario_generator,26006
2021-08-15,IND_PAR,2.1,21.83,3.01,0,1,True,synthetic_scenario_generator,26006
2021-08-16,IND_PAR,2.05,35.3,10.58,0,1,True,synthetic_scenario_generator,26006
2021-08-17,IND_PAR,2.72,25.54,34.11,0,1,True,synthetic_scenario_generator,26006
2021-08-18,IND_PAR,2.92,34.32,8.18,0,1,True,synthetic_scenario_generator,26006
2021-08-19,IND_PAR,1.83,20.47,2.48,0,1,True,synthetic_scenario_generator,26006
2021-08-20,IND_PAR,2.92,25.34,12.91,0,1,True,synthetic_scenario_generator,26006
2021-08-21,IND_PAR,2.53,25.04,3.35,0,1,True,synthetic_scenario_generator,26006
2021-08-22,IND_PAR,1.99,32.67,2.0,0,1,True,synthetic_scenario_generator,26006
2021-08-23,IND_PAR,2.53,21.17,7.45,0,1,True,synthetic_scenario_generator,26006
2021-08-24,IND_PAR,2.58,31.34,7.45,0,1,True,synthetic_scenario_generator,26006
2021-08-25,IND_PAR,1.92,27.18,13.14,0,1,True,synthetic_scenario_generator,26006
2021-08-26,IND_PAR,1.95,27.7,21.07,0,1,True,synthetic_scenario_generator,26006
2021-08-27,IND_PAR,2.85,18.32,24.44,0,1,True,synthetic_scenario_generator,26006
2021-08-28,IND_PAR,1.82,29.93,4.54,0,1,True,synthetic_scenario_generator,26006
2021-08-29,IND_PAR,1.75,24.55,5.3,0,1,True,synthetic_scenario_generator,26006
2021-08-30,IND_PAR,2.5,20.43,36.95,0,1,True,synthetic_scenario_generator,26006
2021-08-31,IND_PAR,1.97,30.8,14.93,0,1,True,synthetic_scenario_generator,26006
2021-09-01,IND_PAR,2.09,18.15,27.96,0,1,True,synthetic_scenario_generator,26006
2021-09-02,IND_PAR,1.39,39.26,13.33,0,1,True,synthetic_scenario_generator,26006
2021-09-03,IND_PAR,1.93,36.77,32.57,0,1,True,synthetic_scenario_generator,26006
2021-09-04,IND_PAR,2.06,29.85,18.43,0,1,True,synthetic_scenario_generator,26006
2021-09-05,IND_PAR,2.05,42.78,16.11,0,1,True,synthetic_scenario_generator,26006
2021-09-06,IND_PAR,1.81,24.18,9.74,0,1,True,synthetic_scenario_generator,26006
2021-09-07,IND_PAR,1.9,29.76,3.28,0,1,True,synthetic_scenario_generator,26006
2021-09-08,IND_PAR,2.25,15.45,10.1,0,1,True,synthetic_scenario_generator,26006
2021-09-09,IND_PAR,1.97,23.94,6.04,0,1,True,synthetic_scenario_generator,26006
2021-09-10,IND_PAR,2.06,35.62,13.4,0,1,True,synthetic_scenario_generator,26006
2021-09-11,IND_PAR,2.34,24.76,12.13,0,1,True,synthetic_scenario_generator,26006
2021-09-12,IND_PAR,2.85,26.16,18.98,0,1,True,synthetic_scenario_generator,26006
2021-09-13,IND_PAR,1.66,34.31,11.69,0,1,True,synthetic_scenario_generator,26006
2021-09-14,IND_PAR,2.5,21.96,28.15,0,1,True,synthetic_scenario_generator,26006
2021-09-15,IND_PAR,1.83,29.24,25.19,0,1,True,synthetic_scenario_generator,26006
2021-09-16,IND_PAR,2.6,17.12,19.01,0,1,True,synthetic_scenario_generator,26006
2021-09-17,IND_PAR,2.06,29.53,11.46,0,1,True,synthetic_scenario_generator,26006
2021-09-18,IND_PAR,2.67,19.69,12.0,0,1,True,synthetic_scenario_generator,26006
2021-09-19,IND_PAR,2.33,30.64,4.45,0,1,True,synthetic_scenario_generator,26006
2021-09-20,IND_PAR,2.73,31.21,0.3,0,1,True,synthetic_scenario_generator,26006
2021-09-21,IND_PAR,1.5,18.74,0.51,0,1,True,synthetic_scenario_generator,26006
2021-09-22,IND_PAR,2.42,26.75,8.16,0,1,True,synthetic_scenario_generator,26006
2021-09-23,IND_PAR,2.12,27.35,21.37,0,1,True,synthetic_scenario_generator,26006
2021-09-24,IND_PAR,2.04,25.44,4.15,0,1,True,synthetic_scenario_generator,26006
2021-09-25,IND_PAR,2.56,32.25,7.12,0,1,True,synthetic_scenario_generator,26006
2021-09-26,IND_PAR,1.8,27.24,33.97,0,1,True,synthetic_scenario_generator,26006
2021-09-27,IND_PAR,2.23,18.19,5.77,0,1,True,synthetic_scenario_generator,26006
2021-09-28,IND_PAR,2.14,28.96,11.0,0,1,True,synthetic_scenario_generator,26006
2021-09-29,IND_PAR,1.88,30.59,22.36,0,1,True,synthetic_scenario_generator,26006
2021-09-30,IND_PAR,2.93,17.6,30.44,0,1,True,synthetic_scenario_generator,26006
2021-10-01,IND_PAR,1.49,16.72,0.37,0,0,True,synthetic_scenario_generator,26006
2021-10-02,IND_PAR,1.08,32.79,2.75,0,0,True,synthetic_scenario_generator,26006
2021-10-03,IND_PAR,1.0,23.62,6.37,0,0,True,synthetic_scenario_generator,26006
2021-10-04,IND_PAR,2.12,21.02,4.43,0,0,True,synthetic_scenario_generator,26006
2021-10-05,IND_PAR,1.32,20.56,1.38,0,0,True,synthetic_scenario_generator,26006
2021-10-06,IND_PAR,1.75,22.21,7.36,0,0,True,synthetic_scenario_generator,26006
2021-10-07,IND_PAR,1.74,15.81,2.64,0,0,True,synthetic_scenario_generator,26006
2021-10-08,IND_PAR,1.5,23.99,1.4,0,0,True,synthetic_scenario_generator,26006
2021-10-09,IND_PAR,1.79,17.84,11.62,0,0,True,synthetic_scenario_generator,26006
2021-10-10,IND_PAR,1.43,9.28,6.7,0,0,True,synthetic_scenario_generator,26006
2021-10-11,IND_PAR,1.92,22.49,7.86,0,0,True,synthetic_scenario_generator,26006
2021-10-12,IND_PAR,1.46,16.78,1.28,0,0,True,synthetic_scenario_generator,26006
2021-10-13,IND_PAR,2.17,15.72,6.72,0,0,True,synthetic_scenario_generator,26006
2021-10-14,IND_PAR,1.37,13.66,7.63,0,0,True,synthetic_scenario_generator,26006
2021-10-15,IND_PAR,1.87,20.5,6.78,0,0,True,synthetic_scenario_generator,26006
2021-10-16,IND_PAR,1.63,28.18,12.82,0,0,True,synthetic_scenario_generator,26006
2021-10-17,IND_PAR,1.66,12.43,3.55,0,0,True,synthetic_scenario_generator,26006
2021-10-18,IND_PAR,1.57,20.44,1.25,0,0,True,synthetic_scenario_generator,26006
2021-10-19,IND_PAR,1.69,31.36,2.8,0,0,True,synthetic_scenario_generator,26006
2021-10-20,IND_PAR,1.74,18.96,1.02,0,0,True,synthetic_scenario_generator,26006
2021-10-21,IND_PAR,0.68,22.73,1.24,0,0,True,synthetic_scenario_generator,26006
2021-10-22,IND_PAR,2.14,21.32,0.85,0,0,True,synthetic_scenario_generator,26006
2021-10-23,IND_PAR,1.73,18.41,2.36,0,0,True,synthetic_scenario_generator,26006
2021-10-24,IND_PAR,1.29,21.03,1.32,0,0,True,synthetic_scenario_generator,26006
2021-10-25,IND_PAR,2.05,20.28,4.97,0,0,True,synthetic_scenario_generator,26006
2021-10-26,IND_PAR,1.61,14.71,0.08,0,0,True,synthetic_scenario_generator,26006
2021-10-27,IND_PAR,1.69,20.71,1.7,0,0,True,synthetic_scenario_generator,26006
2021-10-28,IND_PAR,0.54,16.15,8.41,0,0,True,synthetic_scenario_generator,26006
2021-10-29,IND_PAR,1.69,20.43,0.7,0,0,True,synthetic_scenario_generator,26006
2021-10-30,IND_PAR,1.41,21.77,0.03,0,0,True,synthetic_scenario_generator,26006
2021-10-31,IND_PAR,1.03,12.23,4.18,0,0,True,synthetic_scenario_generator,26006
2021-11-01,IND_PAR,2.06,16.6,1.45,0,0,True,synthetic_scenario_generator,26006
2021-11-02,IND_PAR,0.93,17.52,13.08,0,0,True,synthetic_scenario_generator,26006
2021-11-03,IND_PAR,2.24,22.75,7.47,0,0,True,synthetic_scenario_generator,26006
2021-11-04,IND_PAR,1.28,23.77,5.14,0,0,True,synthetic_scenario_generator,26006
2021-11-05,IND_PAR,1.49,21.2,0.51,0,0,True,synthetic_scenario_generator,26006
2021-11-06,IND_PAR,1.57,21.35,5.73,0,0,True,synthetic_scenario_generator,26006
2021-11-07,IND_PAR,1.71,31.26,1.25,0,0,True,synthetic_scenario_generator,26006
2021-11-08,IND_PAR,1.85,19.32,6.82,0,0,True,synthetic_scenario_generator,26006
2021-11-09,IND_PAR,0.95,20.17,0.2,0,0,True,synthetic_scenario_generator,26006
2021-11-10,IND_PAR,1.56,22.16,3.99,0,0,True,synthetic_scenario_generator,26006
2021-11-11,IND_PAR,1.99,12.75,8.09,0,0,True,synthetic_scenario_generator,26006
2021-11-12,IND_PAR,1.07,18.29,0.19,0,0,True,synthetic_scenario_generator,26006
2021-11-13,IND_PAR,1.47,20.43,2.92,0,0,True,synthetic_scenario_generator,26006
2021-11-14,IND_PAR,1.28,24.97,1.72,0,0,True,synthetic_scenario_generator,26006
2021-11-15,IND_PAR,0.78,15.81,4.43,0,0,True,synthetic_scenario_generator,26006
2021-11-16,IND_PAR,2.54,25.38,4.0,0,0,True,synthetic_scenario_generator,26006
2021-11-17,IND_PAR,2.42,24.08,1.07,0,0,True,synthetic_scenario_generator,26006
2021-11-18,IND_PAR,1.66,17.97,6.97,0,0,True,synthetic_scenario_generator,26006
2021-11-19,IND_PAR,1.18,13.08,6.67,0,0,True,synthetic_scenario_generator,26006
2021-11-20,IND_PAR,1.28,24.39,3.04,0,0,True,synthetic_scenario_generator,26006
2021-11-21,IND_PAR,1.23,16.69,1.75,0,0,True,synthetic_scenario_generator,26006
2021-11-22,IND_PAR,1.87,17.77,1.13,0,0,True,synthetic_scenario_generator,26006
2021-11-23,IND_PAR,1.17,25.96,1.58,0,0,True,synthetic_scenario_generator,26006
2021-11-24,IND_PAR,2.13,15.5,1.06,0,0,True,synthetic_scenario_generator,26006
2021-11-25,IND_PAR,1.33,12.97,3.34,0,0,True,synthetic_scenario_generator,26006
2021-11-26,IND_PAR,1.37,27.73,4.19,0,0,True,synthetic_scenario_generator,26006
2021-11-27,IND_PAR,1.76,16.51,5.52,0,0,True,synthetic_scenario_generator,26006
2021-11-28,IND_PAR,2.12,15.28,0.5,0,0,True,synthetic_scenario_generator,26006
2021-11-29,IND_PAR,2.07,16.9,10.66,0,0,True,synthetic_scenario_generator,26006
2021-11-30,IND_PAR,1.82,30.88,5.8,0,0,True,synthetic_scenario_generator,26006
2021-12-01,IND_PAR,1.27,25.7,1.93,0,0,True,synthetic_scenario_generator,26006
2021-12-02,IND_PAR,1.83,27.39,2.17,0,0,True,synthetic_scenario_generator,26006
2021-12-03,IND_PAR,1.62,18.65,6.17,0,0,True,synthetic_scenario_generator,26006
2021-12-04,IND_PAR,1.73,30.78,5.28,0,0,True,synthetic_scenario_generator,26006
2021-12-05,IND_PAR,2.57,22.17,3.95,0,0,True,synthetic_scenario_generator,26006
2021-12-06,IND_PAR,0.9,15.59,1.29,0,0,True,synthetic_scenario_generator,26006
2021-12-07,IND_PAR,1.21,19.23,3.12,0,0,True,synthetic_scenario_generator,26006
2021-12-08,IND_PAR,1.11,21.37,0.91,0,0,True,synthetic_scenario_generator,26006
2021-12-09,IND_PAR,0.64,16.44,1.54,0,0,True,synthetic_scenario_generator,26006
2021-12-10,IND_PAR,1.5,29.93,4.08,0,0,True,synthetic_scenario_generator,26006
2021-12-11,IND_PAR,1.92,11.6,0.85,0,0,True,synthetic_scenario_generator,26006
2021-12-12,IND_PAR,1.78,16.18,0.87,0,0,True,synthetic_scenario_generator,26006
2021-12-13,IND_PAR,1.38,18.45,2.73,0,0,True,synthetic_scenario_generator,26006
2021-12-14,IND_PAR,0.92,17.48,1.8,0,0,True,synthetic_scenario_generator,26006
2021-12-15,IND_PAR,1.91,30.86,7.86,0,0,True,synthetic_scenario_generator,26006
2021-12-16,IND_PAR,1.89,24.74,1.18,0,0,True,synthetic_scenario_generator,26006
2021-12-17,IND_PAR,1.9,22.99,2.22,0,0,True,synthetic_scenario_generator,26006
2021-12-18,IND_PAR,1.24,20.37,3.45,0,0,True,synthetic_scenario_generator,26006
2021-12-19,IND_PAR,1.45,13.23,7.18,0,0,True,synthetic_scenario_generator,26006
2021-12-20,IND_PAR,1.24,13.12,2.39,0,0,True,synthetic_scenario_generator,26006
2021-12-21,IND_PAR,1.56,24.06,18.85,0,0,True,synthetic_scenario_generator,26006
2021-12-22,IND_PAR,1.25,23.58,1.12,0,0,True,synthetic_scenario_generator,26006
2021-12-23,IND_PAR,0.93,18.2,2.09,0,0,True,synthetic_scenario_generator,26006
2021-12-24,IND_PAR,1.41,20.17,0.32,0,0,True,synthetic_scenario_generator,26006
2021-12-25,IND_PAR,1.11,21.29,3.05,0,0,True,synthetic_scenario_generator,26006
2021-12-26,IND_PAR,1.79,19.85,7.38,0,0,True,synthetic_scenario_generator,26006
2021-12-27,IND_PAR,1.72,23.97,4.82,0,0,True,synthetic_scenario_generator,26006
2021-12-28,IND_PAR,1.58,18.97,0.54,0,0,True,synthetic_scenario_generator,26006
2021-12-29,IND_PAR,2.28,20.92,1.15,0,0,True,synthetic_scenario_generator,26006
2021-12-30,IND_PAR,1.71,17.11,2.73,0,0,True,synthetic_scenario_generator,26006
2021-12-31,IND_PAR,2.45,25.93,0.21,0,0,True,synthetic_scenario_generator,26006
2022-01-01,IND_PAR,1.12,4.48,0.51,0,0,True,synthetic_scenario_generator,26006
2022-01-02,IND_PAR,0.74,15.68,5.03,0,0,True,synthetic_scenario_generator,26006
2022-01-03,IND_PAR,1.59,19.93,0.19,0,0,True,synthetic_scenario_generator,26006
2022-01-04,IND_PAR,0.82,12.98,2.38,0,0,True,synthetic_scenario_generator,26006
2022-01-05,IND_PAR,0.9,18.97,2.82,0,0,True,synthetic_scenario_generator,26006
2022-01-06,IND_PAR,0.48,15.72,3.22,0,0,True,synthetic_scenario_generator,26006
2022-01-07,IND_PAR,1.21,16.11,0.44,0,0,True,synthetic_scenario_generator,26006
2022-01-08,IND_PAR,1.48,10.0,2.28,0,0,True,synthetic_scenario_generator,26006
2022-01-09,IND_PAR,0.77,11.56,0.16,0,0,True,synthetic_scenario_generator,26006
2022-01-10,IND_PAR,1.07,18.75,1.23,0,0,True,synthetic_scenario_generator,26006
2022-01-11,IND_PAR,1.13,3.97,3.43,0,0,True,synthetic_scenario_generator,26006
2022-01-12,IND_PAR,1.2,11.63,2.4,0,0,True,synthetic_scenario_generator,26006
2022-01-13,IND_PAR,1.3,10.45,15.03,0,0,True,synthetic_scenario_generator,26006
2022-01-14,IND_PAR,1.38,17.77,3.01,0,0,True,synthetic_scenario_generator,26006
2022-01-15,IND_PAR,0.98,12.18,4.06,0,0,True,synthetic_scenario_generator,26006
2022-01-16,IND_PAR,1.03,20.03,3.54,0,0,True,synthetic_scenario_generator,26006
2022-01-17,IND_PAR,1.18,15.29,1.82,0,0,True,synthetic_scenario_generator,26006
2022-01-18,IND_PAR,1.07,10.58,0.54,0,0,True,synthetic_scenario_generator,26006
2022-01-19,IND_PAR,0.85,16.2,8.58,0,0,True,synthetic_scenario_generator,26006
2022-01-20,IND_PAR,0.73,8.23,2.74,0,0,True,synthetic_scenario_generator,26006
2022-01-21,IND_PAR,0.92,12.54,5.45,0,0,True,synthetic_scenario_generator,26006
2022-01-22,IND_PAR,1.2,10.61,0.96,0,0,True,synthetic_scenario_generator,26006
2022-01-23,IND_PAR,1.04,3.38,0.72,0,0,True,synthetic_scenario_generator,26006
2022-01-24,IND_PAR,1.11,10.14,6.99,0,0,True,synthetic_scenario_generator,26006
2022-01-25,IND_PAR,1.02,12.36,3.75,0,0,True,synthetic_scenario_generator,26006
2022-01-26,IND_PAR,1.02,12.69,7.01,0,0,True,synthetic_scenario_generator,26006
2022-01-27,IND_PAR,1.37,17.74,2.49,0,0,True,synthetic_scenario_generator,26006
2022-01-28,IND_PAR,1.71,11.16,0.84,0,0,True,synthetic_scenario_generator,26006
2022-01-29,IND_PAR,1.98,6.54,3.13,0,0,True,synthetic_scenario_generator,26006
2022-01-30,IND_PAR,1.71,7.51,1.48,0,0,True,synthetic_scenario_generator,26006
2022-01-31,IND_PAR,1.22,7.95,3.87,0,0,True,synthetic_scenario_generator,26006
2022-02-01,IND_PAR,1.12,18.1,0.68,0,0,True,synthetic_scenario_generator,26006
2022-02-02,IND_PAR,0.41,11.64,3.67,0,0,True,synthetic_scenario_generator,26006
2022-02-03,IND_PAR,0.81,14.07,7.54,0,0,True,synthetic_scenario_generator,26006
2022-02-04,IND_PAR,1.44,19.39,0.97,0,0,True,synthetic_scenario_generator,26006
2022-02-05,IND_PAR,0.99,2.18,2.8,0,0,True,synthetic_scenario_generator,26006
2022-02-06,IND_PAR,1.1,11.26,6.02,0,0,True,synthetic_scenario_generator,26006
2022-02-07,IND_PAR,0.67,14.32,0.77,0,0,True,synthetic_scenario_generator,26006
2022-02-08,IND_PAR,1.39,4.64,5.17,0,0,True,synthetic_scenario_generator,26006
2022-02-09,IND_PAR,0.5,17.55,1.08,0,0,True,synthetic_scenario_generator,26006
2022-02-10,IND_PAR,1.55,25.39,0.1,0,0,True,synthetic_scenario_generator,26006
2022-02-11,IND_PAR,1.64,16.39,7.28,0,0,True,synthetic_scenario_generator,26006
2022-02-12,IND_PAR,1.01,20.99,1.47,0,0,True,synthetic_scenario_generator,26006
2022-02-13,IND_PAR,1.65,12.1,1.11,0,0,True,synthetic_scenario_generator,26006
2022-02-14,IND_PAR,1.55,11.2,11.8,0,0,True,synthetic_scenario_generator,26006
2022-02-15,IND_PAR,0.88,22.8,3.86,0,0,True,synthetic_scenario_generator,26006
2022-02-16,IND_PAR,0.99,22.14,1.89,0,0,True,synthetic_scenario_generator,26006
2022-02-17,IND_PAR,1.09,5.11,8.68,0,0,True,synthetic_scenario_generator,26006
2022-02-18,IND_PAR,0.27,15.49,2.19,0,0,True,synthetic_scenario_generator,26006
2022-02-19,IND_PAR,0.2,19.14,0.97,0,0,True,synthetic_scenario_generator,26006
2022-02-20,IND_PAR,1.13,22.79,1.64,0,0,True,synthetic_scenario_generator,26006
2022-02-21,IND_PAR,1.56,19.44,3.72,0,0,True,synthetic_scenario_generator,26006
2022-02-22,IND_PAR,0.68,19.11,3.91,0,0,True,synthetic_scenario_generator,26006
2022-02-23,IND_PAR,1.07,18.98,3.8,0,0,True,synthetic_scenario_generator,26006
2022-02-24,IND_PAR,1.55,7.3,2.71,0,0,True,synthetic_scenario_generator,26006
2022-02-25,IND_PAR,1.44,9.27,5.62,0,0,True,synthetic_scenario_generator,26006
2022-02-26,IND_PAR,0.45,16.64,3.29,0,0,True,synthetic_scenario_generator,26006
2022-02-27,IND_PAR,1.52,5.85,9.05,0,0,True,synthetic_scenario_generator,26006
2022-02-28,IND_PAR,1.53,11.07,0.89,0,0,True,synthetic_scenario_generator,26006
2022-03-01,IND_PAR,1.0,18.49,5.05,0,0,True,synthetic_scenario_generator,26006
2022-03-02,IND_PAR,1.09,16.1,21.94,0,0,True,synthetic_scenario_generator,26006
2022-03-03,IND_PAR,1.33,16.52,3.85,0,0,True,synthetic_scenario_generator,26006
2022-03-04,IND_PAR,1.28,5.09,5.77,0,0,True,synthetic_scenario_generator,26006
2022-03-05,IND_PAR,1.3,15.9,11.85,0,0,True,synthetic_scenario_generator,26006
2022-03-06,IND_PAR,1.25,18.37,1.85,0,0,True,synthetic_scenario_generator,26006
2022-03-07,IND_PAR,0.89,20.7,7.29,0,0,True,synthetic_scenario_generator,26006
2022-03-08,IND_PAR,0.98,16.55,3.65,0,0,True,synthetic_scenario_generator,26006
2022-03-09,IND_PAR,0.78,8.79,7.38,0,0,True,synthetic_scenario_generator,26006
2022-03-10,IND_PAR,1.34,17.75,6.48,0,0,True,synthetic_scenario_generator,26006
2022-03-11,IND_PAR,1.04,14.99,2.36,0,0,True,synthetic_scenario_generator,26006
2022-03-12,IND_PAR,0.86,6.78,5.71,0,0,True,synthetic_scenario_generator,26006
2022-03-13,IND_PAR,0.96,18.16,1.56,0,0,True,synthetic_scenario_generator,26006
2022-03-14,IND_PAR,0.64,16.12,5.01,0,0,True,synthetic_scenario_generator,26006
2022-03-15,IND_PAR,1.72,14.83,1.41,0,0,True,synthetic_scenario_generator,26006
2022-03-16,IND_PAR,0.64,17.97,3.66,0,0,True,synthetic_scenario_generator,26006
2022-03-17,IND_PAR,0.89,18.17,2.16,0,0,True,synthetic_scenario_generator,26006
2022-03-18,IND_PAR,0.97,6.0,0.94,0,0,True,synthetic_scenario_generator,26006
2022-03-19,IND_PAR,1.66,10.42,2.1,0,0,True,synthetic_scenario_generator,26006
2022-03-20,IND_PAR,1.23,11.08,1.08,0,0,True,synthetic_scenario_generator,26006
2022-03-21,IND_PAR,1.07,13.14,1.64,0,0,True,synthetic_scenario_generator,26006
2022-03-22,IND_PAR,0.86,12.85,4.77,0,0,True,synthetic_scenario_generator,26006
2022-03-23,IND_PAR,1.14,14.7,7.73,0,0,True,synthetic_scenario_generator,26006
2022-03-24,IND_PAR,1.64,9.06,1.9,0,0,True,synthetic_scenario_generator,26006
2022-03-25,IND_PAR,0.83,9.15,4.13,0,0,True,synthetic_scenario_generator,26006
2022-03-26,IND_PAR,1.21,13.27,1.47,0,0,True,synthetic_scenario_generator,26006
2022-03-27,IND_PAR,1.24,9.64,0.3,0,0,True,synthetic_scenario_generator,26006
2022-03-28,IND_PAR,1.34,10.38,0.61,0,0,True,synthetic_scenario_generator,26006
2022-03-29,IND_PAR,1.35,14.94,3.0,0,0,True,synthetic_scenario_generator,26006
2022-03-30,IND_PAR,1.45,9.76,0.53,0,0,True,synthetic_scenario_generator,26006
2022-03-31,IND_PAR,0.47,11.59,1.67,0,0,True,synthetic_scenario_generator,26006
2022-04-01,IND_PAR,1.97,18.2,4.35,0,0,True,synthetic_scenario_generator,26006
2022-04-02,IND_PAR,1.76,17.9,0.48,0,0,True,synthetic_scenario_generator,26006
2022-04-03,IND_PAR,1.92,17.85,1.59,0,0,True,synthetic_scenario_generator,26006
2022-04-04,IND_PAR,1.6,16.02,0.42,0,0,True,synthetic_scenario_generator,26006
2022-04-05,IND_PAR,1.74,23.06,1.08,0,0,True,synthetic_scenario_generator,26006
2022-04-06,IND_PAR,2.37,20.6,5.73,0,0,True,synthetic_scenario_generator,26006
2022-04-07,IND_PAR,2.13,24.47,0.89,0,0,True,synthetic_scenario_generator,26006
2022-04-08,IND_PAR,1.96,18.05,2.03,0,0,True,synthetic_scenario_generator,26006
2022-04-09,IND_PAR,1.69,24.04,4.36,0,0,True,synthetic_scenario_generator,26006
2022-04-10,IND_PAR,2.5,19.85,8.26,0,0,True,synthetic_scenario_generator,26006
2022-04-11,IND_PAR,1.82,10.73,1.68,0,0,True,synthetic_scenario_generator,26006
2022-04-12,IND_PAR,1.43,19.39,2.3,0,0,True,synthetic_scenario_generator,26006
2022-04-13,IND_PAR,1.2,19.38,4.3,0,0,True,synthetic_scenario_generator,26006
2022-04-14,IND_PAR,1.34,16.56,3.43,0,0,True,synthetic_scenario_generator,26006
2022-04-15,IND_PAR,1.19,14.2,5.03,0,0,True,synthetic_scenario_generator,26006
2022-04-16,IND_PAR,1.22,26.59,4.13,0,0,True,synthetic_scenario_generator,26006
2022-04-17,IND_PAR,1.94,25.01,11.55,0,0,True,synthetic_scenario_generator,26006
2022-04-18,IND_PAR,1.64,19.2,1.96,0,0,True,synthetic_scenario_generator,26006
2022-04-19,IND_PAR,2.04,14.94,1.09,0,0,True,synthetic_scenario_generator,26006
2022-04-20,IND_PAR,1.6,11.94,7.15,0,0,True,synthetic_scenario_generator,26006
2022-04-21,IND_PAR,1.52,16.31,0.78,0,0,True,synthetic_scenario_generator,26006
2022-04-22,IND_PAR,1.72,20.32,6.31,0,0,True,synthetic_scenario_generator,26006
2022-04-23,IND_PAR,1.87,26.2,5.56,0,0,True,synthetic_scenario_generator,26006
2022-04-24,IND_PAR,1.85,24.73,5.58,0,0,True,synthetic_scenario_generator,26006
2022-04-25,IND_PAR,1.69,22.75,6.77,0,0,True,synthetic_scenario_generator,26006
2022-04-26,IND_PAR,1.47,13.09,4.47,0,0,True,synthetic_scenario_generator,26006
2022-04-27,IND_PAR,1.2,20.85,0.8,0,0,True,synthetic_scenario_generator,26006
2022-04-28,IND_PAR,1.71,27.96,0.84,0,0,True,synthetic_scenario_generator,26006
2022-04-29,IND_PAR,1.11,23.11,3.76,0,0,True,synthetic_scenario_generator,26006
2022-04-30,IND_PAR,1.54,23.03,0.98,0,0,True,synthetic_scenario_generator,26006
2022-05-01,IND_PAR,2.09,11.19,2.19,0,0,True,synthetic_scenario_generator,26006
2022-05-02,IND_PAR,1.23,23.69,3.79,0,0,True,synthetic_scenario_generator,26006
2022-05-03,IND_PAR,1.66,17.42,4.0,0,0,True,synthetic_scenario_generator,26006
2022-05-04,IND_PAR,1.96,19.29,0.17,0,0,True,synthetic_scenario_generator,26006
2022-05-05,IND_PAR,2.04,20.09,0.21,0,0,True,synthetic_scenario_generator,26006
2022-05-06,IND_PAR,1.74,8.36,0.98,0,0,True,synthetic_scenario_generator,26006
2022-05-07,IND_PAR,1.3,22.56,8.97,0,0,True,synthetic_scenario_generator,26006
2022-05-08,IND_PAR,1.71,19.83,1.0,0,0,True,synthetic_scenario_generator,26006
2022-05-09,IND_PAR,1.9,17.81,2.18,0,0,True,synthetic_scenario_generator,26006
2022-05-10,IND_PAR,1.89,21.2,2.22,0,0,True,synthetic_scenario_generator,26006
2022-05-11,IND_PAR,1.58,10.49,7.04,0,0,True,synthetic_scenario_generator,26006
2022-05-12,IND_PAR,1.66,19.02,4.84,0,0,True,synthetic_scenario_generator,26006
2022-05-13,IND_PAR,1.2,27.41,8.91,0,0,True,synthetic_scenario_generator,26006
2022-05-14,IND_PAR,1.63,26.83,4.5,0,0,True,synthetic_scenario_generator,26006
2022-05-15,IND_PAR,1.34,18.71,5.72,0,0,True,synthetic_scenario_generator,26006
2022-05-16,IND_PAR,1.26,22.86,1.37,0,0,True,synthetic_scenario_generator,26006
2022-05-17,IND_PAR,1.6,25.64,4.77,0,0,True,synthetic_scenario_generator,26006
2022-05-18,IND_PAR,1.76,26.41,0.58,0,0,True,synthetic_scenario_generator,26006
2022-05-19,IND_PAR,0.92,23.53,5.93,0,0,True,synthetic_scenario_generator,26006
2022-05-20,IND_PAR,1.46,18.67,6.8,0,0,True,synthetic_scenario_generator,26006
2022-05-21,IND_PAR,1.05,27.3,0.49,0,0,True,synthetic_scenario_generator,26006
2022-05-22,IND_PAR,1.59,18.7,6.36,0,0,True,synthetic_scenario_generator,26006
2022-05-23,IND_PAR,1.31,25.92,2.42,0,0,True,synthetic_scenario_generator,26006
2022-05-24,IND_PAR,2.21,13.87,8.38,0,0,True,synthetic_scenario_generator,26006
2022-05-25,IND_PAR,1.56,23.31,2.87,0,0,True,synthetic_scenario_generator,26006
2022-05-26,IND_PAR,1.72,15.82,0.4,0,0,True,synthetic_scenario_generator,26006
2022-05-27,IND_PAR,1.41,14.42,2.07,0,0,True,synthetic_scenario_generator,26006
2022-05-28,IND_PAR,0.95,14.21,6.4,0,0,True,synthetic_scenario_generator,26006
2022-05-29,IND_PAR,1.33,16.01,3.07,0,0,True,synthetic_scenario_generator,26006
2022-05-30,IND_PAR,1.18,22.11,2.4,0,0,True,synthetic_scenario_generator,26006
2022-05-31,IND_PAR,1.53,22.17,3.52,0,0,True,synthetic_scenario_generator,26006
2022-06-01,IND_PAR,3.07,34.12,7.79,0,1,True,synthetic_scenario_generator,26006
2022-06-02,IND_PAR,2.72,28.45,36.7,0,1,True,synthetic_scenario_generator,26006
2022-06-03,IND_PAR,3.07,33.19,10.55,0,1,True,synthetic_scenario_generator,26006
2022-06-04,IND_PAR,2.51,26.51,2.82,0,1,True,synthetic_scenario_generator,26006
2022-06-05,IND_PAR,2.49,28.49,10.45,0,1,True,synthetic_scenario_generator,26006
2022-06-06,IND_PAR,2.16,33.4,17.36,0,1,True,synthetic_scenario_generator,26006
2022-06-07,IND_PAR,2.03,27.74,4.19,0,1,True,synthetic_scenario_generator,26006
2022-06-08,IND_PAR,2.52,26.37,5.36,0,1,True,synthetic_scenario_generator,26006
2022-06-09,IND_PAR,2.79,37.2,11.5,0,1,True,synthetic_scenario_generator,26006
2022-06-10,IND_PAR,3.04,31.47,2.67,0,1,True,synthetic_scenario_generator,26006
2022-06-11,IND_PAR,2.38,34.58,2.58,0,1,True,synthetic_scenario_generator,26006
2022-06-12,IND_PAR,2.26,42.21,6.73,0,1,True,synthetic_scenario_generator,26006
2022-06-13,IND_PAR,3.32,43.86,40.21,0,1,True,synthetic_scenario_generator,26006
2022-06-14,IND_PAR,1.65,28.95,0.68,0,1,True,synthetic_scenario_generator,26006
2022-06-15,IND_PAR,2.46,42.11,11.74,0,1,True,synthetic_scenario_generator,26006
2022-06-16,IND_PAR,2.72,32.74,16.46,0,1,True,synthetic_scenario_generator,26006
2022-06-17,IND_PAR,2.83,31.7,24.11,0,1,True,synthetic_scenario_generator,26006
2022-06-18,IND_PAR,2.46,32.65,16.47,0,1,True,synthetic_scenario_generator,26006
2022-06-19,IND_PAR,2.95,39.61,8.75,0,1,True,synthetic_scenario_generator,26006
2022-06-20,IND_PAR,2.34,38.29,5.45,0,1,True,synthetic_scenario_generator,26006
2022-06-21,IND_PAR,2.28,23.81,28.24,0,1,True,synthetic_scenario_generator,26006
2022-06-22,IND_PAR,3.01,29.99,29.19,0,1,True,synthetic_scenario_generator,26006
2022-06-23,IND_PAR,2.86,34.4,10.67,0,1,True,synthetic_scenario_generator,26006
2022-06-24,IND_PAR,1.96,31.09,17.29,0,1,True,synthetic_scenario_generator,26006
2022-06-25,IND_PAR,1.45,29.49,43.02,0,1,True,synthetic_scenario_generator,26006
2022-06-26,IND_PAR,2.92,46.7,20.43,0,1,True,synthetic_scenario_generator,26006
2022-06-27,IND_PAR,3.0,35.32,4.64,0,1,True,synthetic_scenario_generator,26006
2022-06-28,IND_PAR,2.31,40.7,16.16,0,1,True,synthetic_scenario_generator,26006
2022-06-29,IND_PAR,3.02,36.53,8.87,0,1,True,synthetic_scenario_generator,26006
2022-06-30,IND_PAR,2.2,33.64,1.02,0,1,True,synthetic_scenario_generator,26006
2022-07-01,IND_PAR,1.51,17.08,3.2,0,1,True,synthetic_scenario_generator,26006
2022-07-02,IND_PAR,2.37,24.04,21.24,0,1,True,synthetic_scenario_generator,26006
2022-07-03,IND_PAR,2.06,17.69,6.96,0,1,True,synthetic_scenario_generator,26006
2022-07-04,IND_PAR,2.44,17.32,10.97,0,1,True,synthetic_scenario_generator,26006
2022-07-05,IND_PAR,2.29,21.72,13.75,0,1,True,synthetic_scenario_generator,26006
2022-07-06,IND_PAR,2.95,34.97,8.59,0,1,True,synthetic_scenario_generator,26006
2022-07-07,IND_PAR,2.52,31.02,61.54,0,1,True,synthetic_scenario_generator,26006
2022-07-08,IND_PAR,2.98,17.74,4.16,0,1,True,synthetic_scenario_generator,26006
2022-07-09,IND_PAR,2.62,24.66,23.68,0,1,True,synthetic_scenario_generator,26006
2022-07-10,IND_PAR,2.13,27.28,28.39,0,1,True,synthetic_scenario_generator,26006
2022-07-11,IND_PAR,2.12,30.83,41.4,0,1,True,synthetic_scenario_generator,26006
2022-07-12,IND_PAR,2.06,26.0,10.58,0,1,True,synthetic_scenario_generator,26006
2022-07-13,IND_PAR,2.53,34.67,44.9,0,1,True,synthetic_scenario_generator,26006
2022-07-14,IND_PAR,2.65,23.48,6.3,0,1,True,synthetic_scenario_generator,26006
2022-07-15,IND_PAR,2.4,29.69,3.66,0,1,True,synthetic_scenario_generator,26006
2022-07-16,IND_PAR,2.42,25.93,2.71,0,1,True,synthetic_scenario_generator,26006
2022-07-17,IND_PAR,1.88,36.86,8.55,0,1,True,synthetic_scenario_generator,26006
2022-07-18,IND_PAR,2.35,22.97,24.31,0,1,True,synthetic_scenario_generator,26006
2022-07-19,IND_PAR,2.53,29.22,2.32,0,1,True,synthetic_scenario_generator,26006
2022-07-20,IND_PAR,2.09,23.03,15.55,0,1,True,synthetic_scenario_generator,26006
2022-07-21,IND_PAR,1.93,24.29,23.37,0,1,True,synthetic_scenario_generator,26006
2022-07-22,IND_PAR,2.65,32.37,7.0,0,1,True,synthetic_scenario_generator,26006
2022-07-23,IND_PAR,2.28,27.9,3.98,0,1,True,synthetic_scenario_generator,26006
2022-07-24,IND_PAR,2.41,24.17,10.12,0,1,True,synthetic_scenario_generator,26006
2022-07-25,IND_PAR,2.04,37.75,28.71,0,1,True,synthetic_scenario_generator,26006
2022-07-26,IND_PAR,2.41,25.81,2.02,0,1,True,synthetic_scenario_generator,26006
2022-07-27,IND_PAR,2.43,32.96,16.74,0,1,True,synthetic_scenario_generator,26006
2022-07-28,IND_PAR,1.7,26.62,62.76,0,1,True,synthetic_scenario_generator,26006
2022-07-29,IND_PAR,1.55,23.96,42.97,0,1,True,synthetic_scenario_generator,26006
2022-07-30,IND_PAR,2.22,21.24,1.97,0,1,True,synthetic_scenario_generator,26006
2022-07-31,IND_PAR,2.67,32.97,1.04,0,1,True,synthetic_scenario_generator,26006
2022-08-01,IND_PAR,1.94,23.36,26.46,0,1,True,synthetic_scenario_generator,26006
2022-08-02,IND_PAR,3.01,21.92,15.48,0,1,True,synthetic_scenario_generator,26006
2022-08-03,IND_PAR,2.54,29.19,3.01,0,1,True,synthetic_scenario_generator,26006
2022-08-04,IND_PAR,2.07,33.71,25.39,0,1,True,synthetic_scenario_generator,26006
2022-08-05,IND_PAR,2.05,24.55,1.56,0,1,True,synthetic_scenario_generator,26006
2022-08-06,IND_PAR,2.36,28.85,8.07,0,1,True,synthetic_scenario_generator,26006
2022-08-07,IND_PAR,1.89,19.03,24.36,0,1,True,synthetic_scenario_generator,26006
2022-08-08,IND_PAR,1.86,25.45,5.66,0,1,True,synthetic_scenario_generator,26006
2022-08-09,IND_PAR,2.33,29.33,7.56,0,1,True,synthetic_scenario_generator,26006
2022-08-10,IND_PAR,2.18,36.78,1.79,0,1,True,synthetic_scenario_generator,26006
2022-08-11,IND_PAR,2.36,31.97,18.46,0,1,True,synthetic_scenario_generator,26006
2022-08-12,IND_PAR,2.56,19.68,15.28,0,1,True,synthetic_scenario_generator,26006
2022-08-13,IND_PAR,2.22,32.72,5.73,0,1,True,synthetic_scenario_generator,26006
2022-08-14,IND_PAR,1.33,25.21,3.23,0,1,True,synthetic_scenario_generator,26006
2022-08-15,IND_PAR,2.17,19.75,30.75,0,1,True,synthetic_scenario_generator,26006
2022-08-16,IND_PAR,3.03,16.82,3.96,0,1,True,synthetic_scenario_generator,26006
2022-08-17,IND_PAR,2.47,32.23,5.23,0,1,True,synthetic_scenario_generator,26006
2022-08-18,IND_PAR,1.61,28.4,20.14,0,1,True,synthetic_scenario_generator,26006
2022-08-19,IND_PAR,1.9,30.55,7.42,0,1,True,synthetic_scenario_generator,26006
2022-08-20,IND_PAR,2.35,20.75,13.76,0,1,True,synthetic_scenario_generator,26006
2022-08-21,IND_PAR,1.37,25.27,42.94,0,1,True,synthetic_scenario_generator,26006
2022-08-22,IND_PAR,2.82,24.93,21.53,0,1,True,synthetic_scenario_generator,26006
2022-08-23,IND_PAR,2.31,35.32,9.69,0,1,True,synthetic_scenario_generator,26006
2022-08-24,IND_PAR,3.24,26.33,16.42,0,1,True,synthetic_scenario_generator,26006
2022-08-25,IND_PAR,1.98,22.4,6.68,0,1,True,synthetic_scenario_generator,26006
2022-08-26,IND_PAR,2.56,23.48,5.0,0,1,True,synthetic_scenario_generator,26006
2022-08-27,IND_PAR,2.18,27.87,2.45,0,1,True,synthetic_scenario_generator,26006
2022-08-28,IND_PAR,2.88,26.73,1.61,0,1,True,synthetic_scenario_generator,26006
2022-08-29,IND_PAR,2.31,22.43,16.74,0,1,True,synthetic_scenario_generator,26006
2022-08-30,IND_PAR,1.95,28.72,6.05,0,1,True,synthetic_scenario_generator,26006
2022-08-31,IND_PAR,2.68,23.82,14.6,0,1,True,synthetic_scenario_generator,26006
2022-09-01,IND_PAR,2.52,27.99,3.2,0,1,True,synthetic_scenario_generator,26006
2022-09-02,IND_PAR,1.97,27.88,41.19,0,1,True,synthetic_scenario_generator,26006
2022-09-03,IND_PAR,1.95,32.45,11.71,0,1,True,synthetic_scenario_generator,26006
2022-09-04,IND_PAR,1.75,24.17,4.01,0,1,True,synthetic_scenario_generator,26006
2022-09-05,IND_PAR,2.72,20.82,19.0,0,1,True,synthetic_scenario_generator,26006
2022-09-06,IND_PAR,2.52,27.65,2.04,0,1,True,synthetic_scenario_generator,26006
2022-09-07,IND_PAR,2.41,30.06,14.88,0,1,True,synthetic_scenario_generator,26006
2022-09-08,IND_PAR,2.05,27.6,5.23,0,1,True,synthetic_scenario_generator,26006
2022-09-09,IND_PAR,2.66,24.68,4.17,0,1,True,synthetic_scenario_generator,26006
2022-09-10,IND_PAR,2.01,28.76,13.77,0,1,True,synthetic_scenario_generator,26006
2022-09-11,IND_PAR,2.17,23.87,8.6,0,1,True,synthetic_scenario_generator,26006
2022-09-12,IND_PAR,2.59,24.82,6.69,0,1,True,synthetic_scenario_generator,26006
2022-09-13,IND_PAR,2.43,24.4,1.51,0,1,True,synthetic_scenario_generator,26006
2022-09-14,IND_PAR,2.74,29.62,24.9,0,1,True,synthetic_scenario_generator,26006
2022-09-15,IND_PAR,2.13,30.56,2.04,0,1,True,synthetic_scenario_generator,26006
2022-09-16,IND_PAR,2.5,38.24,3.2,0,1,True,synthetic_scenario_generator,26006
2022-09-17,IND_PAR,2.1,27.91,12.28,0,1,True,synthetic_scenario_generator,26006
2022-09-18,IND_PAR,2.86,27.05,4.09,0,1,True,synthetic_scenario_generator,26006
2022-09-19,IND_PAR,2.18,28.53,3.65,0,1,True,synthetic_scenario_generator,26006
2022-09-20,IND_PAR,1.94,35.92,15.88,0,1,True,synthetic_scenario_generator,26006
2022-09-21,IND_PAR,1.27,27.89,21.12,0,1,True,synthetic_scenario_generator,26006
2022-09-22,IND_PAR,1.94,25.43,7.52,0,1,True,synthetic_scenario_generator,26006
2022-09-23,IND_PAR,1.73,22.5,29.02,0,1,True,synthetic_scenario_generator,26006
2022-09-24,IND_PAR,2.75,26.84,25.94,0,1,True,synthetic_scenario_generator,26006
2022-09-25,IND_PAR,2.36,20.2,28.0,0,1,True,synthetic_scenario_generator,26006
2022-09-26,IND_PAR,2.92,34.93,0.36,0,1,True,synthetic_scenario_generator,26006
2022-09-27,IND_PAR,1.53,31.58,17.36,0,1,True,synthetic_scenario_generator,26006
2022-09-28,IND_PAR,1.61,34.86,31.98,0,1,True,synthetic_scenario_generator,26006
2022-09-29,IND_PAR,2.28,32.68,46.56,0,1,True,synthetic_scenario_generator,26006
2022-09-30,IND_PAR,2.24,23.85,3.88,0,1,True,synthetic_scenario_generator,26006
2022-10-01,IND_PAR,1.62,22.7,8.38,0,0,True,synthetic_scenario_generator,26006
2022-10-02,IND_PAR,1.3,15.39,4.01,0,0,True,synthetic_scenario_generator,26006
2022-10-03,IND_PAR,1.02,10.91,4.2,0,0,True,synthetic_scenario_generator,26006
2022-10-04,IND_PAR,1.72,18.13,0.41,0,0,True,synthetic_scenario_generator,26006
2022-10-05,IND_PAR,1.66,27.84,3.27,0,0,True,synthetic_scenario_generator,26006
2022-10-06,IND_PAR,1.21,22.2,0.33,0,0,True,synthetic_scenario_generator,26006
2022-10-07,IND_PAR,2.15,16.36,16.0,0,0,True,synthetic_scenario_generator,26006
2022-10-08,IND_PAR,1.89,16.22,2.98,0,0,True,synthetic_scenario_generator,26006
2022-10-09,IND_PAR,2.0,25.85,5.16,0,0,True,synthetic_scenario_generator,26006
2022-10-10,IND_PAR,1.11,23.97,0.05,0,0,True,synthetic_scenario_generator,26006
2022-10-11,IND_PAR,1.72,27.31,0.95,0,0,True,synthetic_scenario_generator,26006
2022-10-12,IND_PAR,1.08,21.91,3.33,0,0,True,synthetic_scenario_generator,26006
2022-10-13,IND_PAR,1.23,34.3,1.87,0,0,True,synthetic_scenario_generator,26006
2022-10-14,IND_PAR,1.12,20.52,2.73,0,0,True,synthetic_scenario_generator,26006
2022-10-15,IND_PAR,1.76,19.1,0.8,0,0,True,synthetic_scenario_generator,26006
2022-10-16,IND_PAR,1.81,11.35,0.74,0,0,True,synthetic_scenario_generator,26006
2022-10-17,IND_PAR,1.4,22.8,3.15,0,0,True,synthetic_scenario_generator,26006
2022-10-18,IND_PAR,1.01,23.78,1.49,0,0,True,synthetic_scenario_generator,26006
2022-10-19,IND_PAR,0.97,17.29,7.47,0,0,True,synthetic_scenario_generator,26006
2022-10-20,IND_PAR,1.16,13.2,2.93,0,0,True,synthetic_scenario_generator,26006
2022-10-21,IND_PAR,2.45,21.3,2.13,0,0,True,synthetic_scenario_generator,26006
2022-10-22,IND_PAR,1.57,15.75,4.84,0,0,True,synthetic_scenario_generator,26006
2022-10-23,IND_PAR,2.1,10.76,5.46,0,0,True,synthetic_scenario_generator,26006
2022-10-24,IND_PAR,1.93,22.49,0.78,0,0,True,synthetic_scenario_generator,26006
2022-10-25,IND_PAR,1.88,11.57,0.99,0,0,True,synthetic_scenario_generator,26006
2022-10-26,IND_PAR,1.39,22.67,6.99,0,0,True,synthetic_scenario_generator,26006
2022-10-27,IND_PAR,1.83,17.36,3.18,0,0,True,synthetic_scenario_generator,26006
2022-10-28,IND_PAR,1.74,22.38,1.28,0,0,True,synthetic_scenario_generator,26006
2022-10-29,IND_PAR,1.72,21.96,3.91,0,0,True,synthetic_scenario_generator,26006
2022-10-30,IND_PAR,1.65,17.66,3.62,0,0,True,synthetic_scenario_generator,26006
2022-10-31,IND_PAR,1.62,23.01,2.09,0,0,True,synthetic_scenario_generator,26006
2022-11-01,IND_PAR,1.27,27.27,3.45,0,0,True,synthetic_scenario_generator,26006
2022-11-02,IND_PAR,1.2,17.2,7.56,0,0,True,synthetic_scenario_generator,26006
2022-11-03,IND_PAR,1.52,18.75,10.04,0,0,True,synthetic_scenario_generator,26006
2022-11-04,IND_PAR,1.69,20.96,3.54,0,0,True,synthetic_scenario_generator,26006
2022-11-05,IND_PAR,1.85,15.53,7.02,0,0,True,synthetic_scenario_generator,26006
2022-11-06,IND_PAR,0.54,22.35,0.02,0,0,True,synthetic_scenario_generator,26006
2022-11-07,IND_PAR,1.29,18.53,4.81,0,0,True,synthetic_scenario_generator,26006
2022-11-08,IND_PAR,1.79,17.85,3.05,0,0,True,synthetic_scenario_generator,26006
2022-11-09,IND_PAR,2.09,20.52,0.49,0,0,True,synthetic_scenario_generator,26006
2022-11-10,IND_PAR,1.59,19.83,0.9,0,0,True,synthetic_scenario_generator,26006
2022-11-11,IND_PAR,1.65,22.13,5.53,0,0,True,synthetic_scenario_generator,26006
2022-11-12,IND_PAR,1.56,21.58,7.56,0,0,True,synthetic_scenario_generator,26006
2022-11-13,IND_PAR,1.94,19.25,4.65,0,0,True,synthetic_scenario_generator,26006
2022-11-14,IND_PAR,1.44,14.53,2.58,0,0,True,synthetic_scenario_generator,26006
2022-11-15,IND_PAR,1.92,21.25,15.38,0,0,True,synthetic_scenario_generator,26006
2022-11-16,IND_PAR,1.27,21.92,3.07,0,0,True,synthetic_scenario_generator,26006
2022-11-17,IND_PAR,1.6,13.72,6.52,0,0,True,synthetic_scenario_generator,26006
2022-11-18,IND_PAR,0.82,14.76,1.53,0,0,True,synthetic_scenario_generator,26006
2022-11-19,IND_PAR,1.54,18.77,2.68,0,0,True,synthetic_scenario_generator,26006
2022-11-20,IND_PAR,1.47,13.42,1.22,0,0,True,synthetic_scenario_generator,26006
2022-11-21,IND_PAR,1.32,16.42,1.64,0,0,True,synthetic_scenario_generator,26006
2022-11-22,IND_PAR,1.33,22.63,9.56,0,0,True,synthetic_scenario_generator,26006
2022-11-23,IND_PAR,1.71,24.28,9.69,0,0,True,synthetic_scenario_generator,26006
2022-11-24,IND_PAR,1.15,23.63,3.3,0,0,True,synthetic_scenario_generator,26006
2022-11-25,IND_PAR,1.89,15.48,0.91,0,0,True,synthetic_scenario_generator,26006
2022-11-26,IND_PAR,1.63,16.87,4.19,0,0,True,synthetic_scenario_generator,26006
2022-11-27,IND_PAR,2.17,11.66,3.02,0,0,True,synthetic_scenario_generator,26006
2022-11-28,IND_PAR,1.51,25.23,1.46,0,0,True,synthetic_scenario_generator,26006
2022-11-29,IND_PAR,2.16,20.61,0.45,0,0,True,synthetic_scenario_generator,26006
2022-11-30,IND_PAR,0.57,18.6,19.91,0,0,True,synthetic_scenario_generator,26006
2022-12-01,IND_PAR,1.38,17.64,1.41,0,0,True,synthetic_scenario_generator,26006
2022-12-02,IND_PAR,1.72,15.67,2.37,0,0,True,synthetic_scenario_generator,26006
2022-12-03,IND_PAR,1.58,23.4,0.63,0,0,True,synthetic_scenario_generator,26006
2022-12-04,IND_PAR,1.65,17.09,0.3,0,0,True,synthetic_scenario_generator,26006
2022-12-05,IND_PAR,1.92,28.01,3.55,0,0,True,synthetic_scenario_generator,26006
2022-12-06,IND_PAR,1.2,23.33,3.18,0,0,True,synthetic_scenario_generator,26006
2022-12-07,IND_PAR,2.2,19.27,1.68,0,0,True,synthetic_scenario_generator,26006
2022-12-08,IND_PAR,1.62,17.94,5.83,0,0,True,synthetic_scenario_generator,26006
2022-12-09,IND_PAR,1.68,24.16,1.79,0,0,True,synthetic_scenario_generator,26006
2022-12-10,IND_PAR,1.72,9.76,2.97,0,0,True,synthetic_scenario_generator,26006
2022-12-11,IND_PAR,1.27,20.77,2.77,0,0,True,synthetic_scenario_generator,26006
2022-12-12,IND_PAR,0.96,17.13,0.9,0,0,True,synthetic_scenario_generator,26006
2022-12-13,IND_PAR,1.62,21.03,0.35,0,0,True,synthetic_scenario_generator,26006
2022-12-14,IND_PAR,1.44,10.99,4.13,0,0,True,synthetic_scenario_generator,26006
2022-12-15,IND_PAR,1.72,13.26,0.23,0,0,True,synthetic_scenario_generator,26006
2022-12-16,IND_PAR,1.42,17.01,2.59,0,0,True,synthetic_scenario_generator,26006
2022-12-17,IND_PAR,1.6,18.2,4.42,0,0,True,synthetic_scenario_generator,26006
2022-12-18,IND_PAR,1.43,17.94,1.84,0,0,True,synthetic_scenario_generator,26006
2022-12-19,IND_PAR,1.24,21.29,0.07,0,0,True,synthetic_scenario_generator,26006
2022-12-20,IND_PAR,1.72,15.87,5.83,0,0,True,synthetic_scenario_generator,26006
2022-12-21,IND_PAR,1.23,15.86,2.39,0,0,True,synthetic_scenario_generator,26006
2022-12-22,IND_PAR,1.61,11.62,6.08,0,0,True,synthetic_scenario_generator,26006
2022-12-23,IND_PAR,1.38,12.38,0.4,0,0,True,synthetic_scenario_generator,26006
2022-12-24,IND_PAR,1.98,24.44,7.08,0,0,True,synthetic_scenario_generator,26006
2022-12-25,IND_PAR,1.17,27.43,5.23,0,0,True,synthetic_scenario_generator,26006
2022-12-26,IND_PAR,2.18,13.87,2.76,0,0,True,synthetic_scenario_generator,26006
2022-12-27,IND_PAR,2.53,24.08,8.03,0,0,True,synthetic_scenario_generator,26006
2022-12-28,IND_PAR,1.44,18.15,1.63,0,0,True,synthetic_scenario_generator,26006
2022-12-29,IND_PAR,1.75,21.51,2.03,0,0,True,synthetic_scenario_generator,26006
2022-12-30,IND_PAR,1.34,31.16,4.2,0,0,True,synthetic_scenario_generator,26006
2022-12-31,IND_PAR,1.75,15.34,4.49,0,0,True,synthetic_scenario_generator,26006
2023-01-01,IND_PAR,1.14,20.25,14.18,0,0,True,synthetic_scenario_generator,26006
2023-01-02,IND_PAR,1.39,11.69,5.91,0,0,True,synthetic_scenario_generator,26006
2023-01-03,IND_PAR,0.93,13.19,10.44,0,0,True,synthetic_scenario_generator,26006
2023-01-04,IND_PAR,0.72,14.5,11.11,0,0,True,synthetic_scenario_generator,26006
2023-01-05,IND_PAR,1.32,14.66,5.6,0,0,True,synthetic_scenario_generator,26006
2023-01-06,IND_PAR,1.03,22.79,1.49,0,0,True,synthetic_scenario_generator,26006
2023-01-07,IND_PAR,0.92,17.19,7.86,0,0,True,synthetic_scenario_generator,26006
2023-01-08,IND_PAR,1.22,14.58,5.28,0,0,True,synthetic_scenario_generator,26006
2023-01-09,IND_PAR,0.74,8.84,1.65,0,0,True,synthetic_scenario_generator,26006
2023-01-10,IND_PAR,1.1,19.68,1.57,0,0,True,synthetic_scenario_generator,26006
2023-01-11,IND_PAR,0.98,19.17,4.9,0,0,True,synthetic_scenario_generator,26006
2023-01-12,IND_PAR,0.92,13.38,3.51,0,0,True,synthetic_scenario_generator,26006
2023-01-13,IND_PAR,1.15,7.2,1.24,0,0,True,synthetic_scenario_generator,26006
2023-01-14,IND_PAR,0.96,12.01,4.57,0,0,True,synthetic_scenario_generator,26006
2023-01-15,IND_PAR,0.9,15.71,4.92,0,0,True,synthetic_scenario_generator,26006
2023-01-16,IND_PAR,1.44,17.07,1.87,0,0,True,synthetic_scenario_generator,26006
2023-01-17,IND_PAR,0.65,16.22,4.33,0,0,True,synthetic_scenario_generator,26006
2023-01-18,IND_PAR,1.63,14.74,3.79,0,0,True,synthetic_scenario_generator,26006
2023-01-19,IND_PAR,1.19,15.69,9.92,0,0,True,synthetic_scenario_generator,26006
2023-01-20,IND_PAR,1.21,5.72,1.57,0,0,True,synthetic_scenario_generator,26006
2023-01-21,IND_PAR,1.92,8.41,4.63,0,0,True,synthetic_scenario_generator,26006
2023-01-22,IND_PAR,0.9,4.5,3.36,0,0,True,synthetic_scenario_generator,26006
2023-01-23,IND_PAR,1.35,13.82,2.72,0,0,True,synthetic_scenario_generator,26006
2023-01-24,IND_PAR,1.13,15.51,10.99,0,0,True,synthetic_scenario_generator,26006
2023-01-25,IND_PAR,0.61,14.05,3.38,0,0,True,synthetic_scenario_generator,26006
2023-01-26,IND_PAR,0.92,21.38,3.03,0,0,True,synthetic_scenario_generator,26006
2023-01-27,IND_PAR,1.05,11.15,5.18,0,0,True,synthetic_scenario_generator,26006
2023-01-28,IND_PAR,1.09,13.34,1.81,0,0,True,synthetic_scenario_generator,26006
2023-01-29,IND_PAR,0.9,5.76,13.52,0,0,True,synthetic_scenario_generator,26006
2023-01-30,IND_PAR,1.07,22.76,2.52,0,0,True,synthetic_scenario_generator,26006
2023-01-31,IND_PAR,0.8,16.83,2.16,0,0,True,synthetic_scenario_generator,26006
2023-02-01,IND_PAR,1.41,12.83,9.06,0,0,True,synthetic_scenario_generator,26006
2023-02-02,IND_PAR,0.76,15.47,2.14,0,0,True,synthetic_scenario_generator,26006
2023-02-03,IND_PAR,1.33,17.8,9.68,0,0,True,synthetic_scenario_generator,26006
2023-02-04,IND_PAR,1.11,16.59,9.78,0,0,True,synthetic_scenario_generator,26006
2023-02-05,IND_PAR,1.03,17.34,2.13,0,0,True,synthetic_scenario_generator,26006
2023-02-06,IND_PAR,1.65,14.28,1.8,0,0,True,synthetic_scenario_generator,26006
2023-02-07,IND_PAR,1.52,14.44,0.1,0,0,True,synthetic_scenario_generator,26006
2023-02-08,IND_PAR,0.57,12.3,3.06,0,0,True,synthetic_scenario_generator,26006
2023-02-09,IND_PAR,1.41,9.93,2.5,0,0,True,synthetic_scenario_generator,26006
2023-02-10,IND_PAR,1.18,13.3,0.34,0,0,True,synthetic_scenario_generator,26006
2023-02-11,IND_PAR,1.18,10.45,0.48,0,0,True,synthetic_scenario_generator,26006
2023-02-12,IND_PAR,1.18,5.64,5.02,0,0,True,synthetic_scenario_generator,26006
2023-02-13,IND_PAR,1.25,17.38,12.54,0,0,True,synthetic_scenario_generator,26006
2023-02-14,IND_PAR,1.51,12.59,1.08,0,0,True,synthetic_scenario_generator,26006
2023-02-15,IND_PAR,0.97,13.54,4.64,0,0,True,synthetic_scenario_generator,26006
2023-02-16,IND_PAR,0.91,17.13,12.81,0,0,True,synthetic_scenario_generator,26006
2023-02-17,IND_PAR,0.74,13.5,6.84,0,0,True,synthetic_scenario_generator,26006
2023-02-18,IND_PAR,0.75,14.78,3.71,0,0,True,synthetic_scenario_generator,26006
2023-02-19,IND_PAR,1.06,5.16,3.88,0,0,True,synthetic_scenario_generator,26006
2023-02-20,IND_PAR,0.56,17.06,0.77,0,0,True,synthetic_scenario_generator,26006
2023-02-21,IND_PAR,0.48,12.77,0.32,0,0,True,synthetic_scenario_generator,26006
2023-02-22,IND_PAR,0.88,15.76,2.73,0,0,True,synthetic_scenario_generator,26006
2023-02-23,IND_PAR,1.57,10.1,5.01,0,0,True,synthetic_scenario_generator,26006
2023-02-24,IND_PAR,0.84,10.81,0.23,0,0,True,synthetic_scenario_generator,26006
2023-02-25,IND_PAR,1.02,4.84,2.31,0,0,True,synthetic_scenario_generator,26006
2023-02-26,IND_PAR,1.1,13.73,2.73,0,0,True,synthetic_scenario_generator,26006
2023-02-27,IND_PAR,0.69,17.21,0.4,0,0,True,synthetic_scenario_generator,26006
2023-02-28,IND_PAR,1.23,13.9,11.79,0,0,True,synthetic_scenario_generator,26006
2023-03-01,IND_PAR,1.31,11.69,2.88,0,0,True,synthetic_scenario_generator,26006
2023-03-02,IND_PAR,0.66,16.52,4.67,0,0,True,synthetic_scenario_generator,26006
2023-03-03,IND_PAR,1.35,7.4,10.1,0,0,True,synthetic_scenario_generator,26006
2023-03-04,IND_PAR,1.33,18.58,0.94,0,0,True,synthetic_scenario_generator,26006
2023-03-05,IND_PAR,1.56,19.77,5.34,0,0,True,synthetic_scenario_generator,26006
2023-03-06,IND_PAR,1.68,18.55,0.89,0,0,True,synthetic_scenario_generator,26006
2023-03-07,IND_PAR,2.18,11.16,0.05,0,0,True,synthetic_scenario_generator,26006
2023-03-08,IND_PAR,0.79,9.85,0.52,0,0,True,synthetic_scenario_generator,26006
2023-03-09,IND_PAR,0.86,9.89,1.99,0,0,True,synthetic_scenario_generator,26006
2023-03-10,IND_PAR,1.37,21.23,5.91,0,0,True,synthetic_scenario_generator,26006
2023-03-11,IND_PAR,1.3,17.05,2.32,0,0,True,synthetic_scenario_generator,26006
2023-03-12,IND_PAR,0.33,17.99,1.17,0,0,True,synthetic_scenario_generator,26006
2023-03-13,IND_PAR,1.68,13.41,9.01,0,0,True,synthetic_scenario_generator,26006
2023-03-14,IND_PAR,1.14,21.87,2.9,0,0,True,synthetic_scenario_generator,26006
2023-03-15,IND_PAR,0.7,17.57,0.77,0,0,True,synthetic_scenario_generator,26006
2023-03-16,IND_PAR,1.28,14.35,1.88,0,0,True,synthetic_scenario_generator,26006
2023-03-17,IND_PAR,1.28,12.21,3.3,0,0,True,synthetic_scenario_generator,26006
2023-03-18,IND_PAR,1.96,14.89,5.87,0,0,True,synthetic_scenario_generator,26006
2023-03-19,IND_PAR,1.05,6.14,3.37,0,0,True,synthetic_scenario_generator,26006
2023-03-20,IND_PAR,1.86,15.82,2.44,0,0,True,synthetic_scenario_generator,26006
2023-03-21,IND_PAR,1.25,17.56,12.19,0,0,True,synthetic_scenario_generator,26006
2023-03-22,IND_PAR,1.44,9.6,5.05,0,0,True,synthetic_scenario_generator,26006
2023-03-23,IND_PAR,1.15,9.47,2.39,0,0,True,synthetic_scenario_generator,26006
2023-03-24,IND_PAR,1.09,17.09,7.56,0,0,True,synthetic_scenario_generator,26006
2023-03-25,IND_PAR,1.46,16.37,2.36,0,0,True,synthetic_scenario_generator,26006
2023-03-26,IND_PAR,0.35,9.11,5.8,0,0,True,synthetic_scenario_generator,26006
2023-03-27,IND_PAR,1.36,10.26,8.19,0,0,True,synthetic_scenario_generator,26006
2023-03-28,IND_PAR,1.01,13.11,4.25,0,0,True,synthetic_scenario_generator,26006
2023-03-29,IND_PAR,0.9,15.72,2.16,0,0,True,synthetic_scenario_generator,26006
2023-03-30,IND_PAR,0.87,9.9,0.47,0,0,True,synthetic_scenario_generator,26006
2023-03-31,IND_PAR,1.84,12.82,2.98,0,0,True,synthetic_scenario_generator,26006
2023-04-01,IND_PAR,1.44,13.49,0.28,0,0,True,synthetic_scenario_generator,26006
2023-04-02,IND_PAR,1.91,20.63,1.32,0,0,True,synthetic_scenario_generator,26006
2023-04-03,IND_PAR,1.02,12.73,7.37,0,0,True,synthetic_scenario_generator,26006
2023-04-04,IND_PAR,2.11,11.52,2.21,0,0,True,synthetic_scenario_generator,26006
2023-04-05,IND_PAR,1.76,19.47,2.54,0,0,True,synthetic_scenario_generator,26006
2023-04-06,IND_PAR,1.89,20.14,3.08,0,0,True,synthetic_scenario_generator,26006
2023-04-07,IND_PAR,1.97,18.55,4.64,0,0,True,synthetic_scenario_generator,26006
2023-04-08,IND_PAR,1.01,14.9,3.59,0,0,True,synthetic_scenario_generator,26006
2023-04-09,IND_PAR,1.42,6.0,3.62,0,0,True,synthetic_scenario_generator,26006
2023-04-10,IND_PAR,1.48,18.82,9.55,0,0,True,synthetic_scenario_generator,26006
2023-04-11,IND_PAR,1.0,18.19,8.67,0,0,True,synthetic_scenario_generator,26006
2023-04-12,IND_PAR,1.56,24.49,6.7,0,0,True,synthetic_scenario_generator,26006
2023-04-13,IND_PAR,1.7,23.65,6.78,0,0,True,synthetic_scenario_generator,26006
2023-04-14,IND_PAR,1.03,14.06,3.79,0,0,True,synthetic_scenario_generator,26006
2023-04-15,IND_PAR,2.12,27.93,2.63,0,0,True,synthetic_scenario_generator,26006
2023-04-16,IND_PAR,1.57,14.3,1.2,0,0,True,synthetic_scenario_generator,26006
2023-04-17,IND_PAR,1.69,21.14,2.19,0,0,True,synthetic_scenario_generator,26006
2023-04-18,IND_PAR,0.88,13.5,1.7,0,0,True,synthetic_scenario_generator,26006
2023-04-19,IND_PAR,1.56,16.93,1.79,0,0,True,synthetic_scenario_generator,26006
2023-04-20,IND_PAR,1.38,18.6,4.77,0,0,True,synthetic_scenario_generator,26006
2023-04-21,IND_PAR,1.46,20.59,2.41,0,0,True,synthetic_scenario_generator,26006
2023-04-22,IND_PAR,1.46,27.68,4.15,0,0,True,synthetic_scenario_generator,26006
2023-04-23,IND_PAR,0.97,23.21,0.33,0,0,True,synthetic_scenario_generator,26006
2023-04-24,IND_PAR,1.15,10.81,4.09,0,0,True,synthetic_scenario_generator,26006
2023-04-25,IND_PAR,2.02,4.66,3.93,0,0,True,synthetic_scenario_generator,26006
2023-04-26,IND_PAR,1.2,19.64,8.12,0,0,True,synthetic_scenario_generator,26006
2023-04-27,IND_PAR,1.51,27.37,10.9,0,0,True,synthetic_scenario_generator,26006
2023-04-28,IND_PAR,2.21,18.64,2.67,0,0,True,synthetic_scenario_generator,26006
2023-04-29,IND_PAR,1.35,18.05,4.44,0,0,True,synthetic_scenario_generator,26006
2023-04-30,IND_PAR,1.93,27.98,0.2,0,0,True,synthetic_scenario_generator,26006
2023-05-01,IND_PAR,1.88,25.2,8.48,0,0,True,synthetic_scenario_generator,26006
2023-05-02,IND_PAR,2.06,21.21,7.88,0,0,True,synthetic_scenario_generator,26006
2023-05-03,IND_PAR,1.21,22.49,2.4,0,0,True,synthetic_scenario_generator,26006
2023-05-04,IND_PAR,2.24,20.62,3.59,0,0,True,synthetic_scenario_generator,26006
2023-05-05,IND_PAR,1.89,18.95,1.63,0,0,True,synthetic_scenario_generator,26006
2023-05-06,IND_PAR,1.15,22.24,0.38,0,0,True,synthetic_scenario_generator,26006
2023-05-07,IND_PAR,1.84,13.95,0.55,0,0,True,synthetic_scenario_generator,26006
2023-05-08,IND_PAR,1.35,12.43,1.06,0,0,True,synthetic_scenario_generator,26006
2023-05-09,IND_PAR,1.23,12.53,2.76,0,0,True,synthetic_scenario_generator,26006
2023-05-10,IND_PAR,1.92,31.97,3.53,0,0,True,synthetic_scenario_generator,26006
2023-05-11,IND_PAR,1.08,21.11,3.29,0,0,True,synthetic_scenario_generator,26006
2023-05-12,IND_PAR,1.38,26.51,2.87,0,0,True,synthetic_scenario_generator,26006
2023-05-13,IND_PAR,1.64,13.45,9.13,0,0,True,synthetic_scenario_generator,26006
2023-05-14,IND_PAR,1.34,35.32,2.75,0,0,True,synthetic_scenario_generator,26006
2023-05-15,IND_PAR,1.16,22.95,1.67,0,0,True,synthetic_scenario_generator,26006
2023-05-16,IND_PAR,1.42,27.45,2.9,0,0,True,synthetic_scenario_generator,26006
2023-05-17,IND_PAR,1.14,22.71,6.7,0,0,True,synthetic_scenario_generator,26006
2023-05-18,IND_PAR,1.39,15.0,12.94,0,0,True,synthetic_scenario_generator,26006
2023-05-19,IND_PAR,1.92,20.14,3.28,0,0,True,synthetic_scenario_generator,26006
2023-05-20,IND_PAR,1.96,22.8,0.74,0,0,True,synthetic_scenario_generator,26006
2023-05-21,IND_PAR,1.56,24.98,2.66,0,0,True,synthetic_scenario_generator,26006
2023-05-22,IND_PAR,1.78,21.95,1.11,0,0,True,synthetic_scenario_generator,26006
2023-05-23,IND_PAR,1.28,13.99,0.1,0,0,True,synthetic_scenario_generator,26006
2023-05-24,IND_PAR,1.56,12.9,1.6,0,0,True,synthetic_scenario_generator,26006
2023-05-25,IND_PAR,1.61,21.85,1.09,0,0,True,synthetic_scenario_generator,26006
2023-05-26,IND_PAR,1.48,8.88,0.82,0,0,True,synthetic_scenario_generator,26006
2023-05-27,IND_PAR,1.0,28.83,3.2,0,0,True,synthetic_scenario_generator,26006
2023-05-28,IND_PAR,1.74,32.76,2.09,0,0,True,synthetic_scenario_generator,26006
2023-05-29,IND_PAR,1.68,23.08,5.05,0,0,True,synthetic_scenario_generator,26006
2023-05-30,IND_PAR,1.43,9.01,8.04,0,0,True,synthetic_scenario_generator,26006
2023-05-31,IND_PAR,1.68,14.3,6.81,0,0,True,synthetic_scenario_generator,26006
2023-06-01,IND_PAR,2.71,35.94,26.74,0,1,True,synthetic_scenario_generator,26006
2023-06-02,IND_PAR,3.07,39.85,20.71,0,1,True,synthetic_scenario_generator,26006
2023-06-03,IND_PAR,1.99,25.66,59.93,0,1,True,synthetic_scenario_generator,26006
2023-06-04,IND_PAR,2.22,39.07,19.49,0,1,True,synthetic_scenario_generator,26006
2023-06-05,IND_PAR,2.82,26.97,3.16,0,1,True,synthetic_scenario_generator,26006
2023-06-06,IND_PAR,2.77,30.15,8.92,0,1,True,synthetic_scenario_generator,26006
2023-06-07,IND_PAR,3.27,21.46,8.27,0,1,True,synthetic_scenario_generator,26006
2023-06-08,IND_PAR,3.4,28.33,5.21,1,1,True,synthetic_scenario_generator,26006
2023-06-09,IND_PAR,3.43,24.98,7.02,1,1,True,synthetic_scenario_generator,26006
2023-06-10,IND_PAR,2.33,32.57,1.56,0,1,True,synthetic_scenario_generator,26006
2023-06-11,IND_PAR,2.86,41.38,13.85,0,1,True,synthetic_scenario_generator,26006
2023-06-12,IND_PAR,2.71,29.4,13.43,0,1,True,synthetic_scenario_generator,26006
2023-06-13,IND_PAR,2.13,28.76,8.33,0,1,True,synthetic_scenario_generator,26006
2023-06-14,IND_PAR,2.72,31.6,2.93,0,1,True,synthetic_scenario_generator,26006
2023-06-15,IND_PAR,2.79,38.6,33.07,0,1,True,synthetic_scenario_generator,26006
2023-06-16,IND_PAR,2.58,33.69,3.83,0,1,True,synthetic_scenario_generator,26006
2023-06-17,IND_PAR,3.29,25.09,17.35,0,1,True,synthetic_scenario_generator,26006
2023-06-18,IND_PAR,2.53,40.06,6.16,0,1,True,synthetic_scenario_generator,26006
2023-06-19,IND_PAR,2.99,41.44,16.13,0,1,True,synthetic_scenario_generator,26006
2023-06-20,IND_PAR,2.82,33.19,1.53,0,1,True,synthetic_scenario_generator,26006
2023-06-21,IND_PAR,1.64,21.39,24.47,0,1,True,synthetic_scenario_generator,26006
2023-06-22,IND_PAR,3.17,36.8,3.53,0,1,True,synthetic_scenario_generator,26006
2023-06-23,IND_PAR,3.0,33.77,18.59,0,1,True,synthetic_scenario_generator,26006
2023-06-24,IND_PAR,3.1,33.72,16.74,0,1,True,synthetic_scenario_generator,26006
2023-06-25,IND_PAR,3.28,26.39,48.42,0,1,True,synthetic_scenario_generator,26006
2023-06-26,IND_PAR,2.78,30.97,1.93,0,1,True,synthetic_scenario_generator,26006
2023-06-27,IND_PAR,1.9,28.44,8.54,0,1,True,synthetic_scenario_generator,26006
2023-06-28,IND_PAR,2.81,30.85,22.58,0,1,True,synthetic_scenario_generator,26006
2023-06-29,IND_PAR,2.35,37.15,4.75,0,1,True,synthetic_scenario_generator,26006
2023-06-30,IND_PAR,2.56,33.05,4.71,0,1,True,synthetic_scenario_generator,26006
2023-07-01,IND_PAR,2.46,34.68,29.53,0,1,True,synthetic_scenario_generator,26006
2023-07-02,IND_PAR,2.41,24.43,23.5,0,1,True,synthetic_scenario_generator,26006
2023-07-03,IND_PAR,2.17,29.7,4.83,0,1,True,synthetic_scenario_generator,26006
2023-07-04,IND_PAR,1.89,29.13,4.31,0,1,True,synthetic_scenario_generator,26006
2023-07-05,IND_PAR,2.65,24.07,14.89,0,1,True,synthetic_scenario_generator,26006
2023-07-06,IND_PAR,1.71,22.73,27.3,0,1,True,synthetic_scenario_generator,26006
2023-07-07,IND_PAR,2.33,28.58,12.74,0,1,True,synthetic_scenario_generator,26006
2023-07-08,IND_PAR,2.79,27.94,21.51,0,1,True,synthetic_scenario_generator,26006
2023-07-09,IND_PAR,2.09,32.15,12.41,0,1,True,synthetic_scenario_generator,26006
2023-07-10,IND_PAR,1.47,34.5,0.69,0,1,True,synthetic_scenario_generator,26006
2023-07-11,IND_PAR,2.37,19.87,5.26,0,1,True,synthetic_scenario_generator,26006
2023-07-12,IND_PAR,2.03,35.06,3.85,0,1,True,synthetic_scenario_generator,26006
2023-07-13,IND_PAR,2.48,20.9,4.03,0,1,True,synthetic_scenario_generator,26006
2023-07-14,IND_PAR,2.8,24.8,15.17,0,1,True,synthetic_scenario_generator,26006
2023-07-15,IND_PAR,2.57,31.66,26.65,0,1,True,synthetic_scenario_generator,26006
2023-07-16,IND_PAR,1.96,26.87,18.57,0,1,True,synthetic_scenario_generator,26006
2023-07-17,IND_PAR,2.19,22.35,22.79,0,1,True,synthetic_scenario_generator,26006
2023-07-18,IND_PAR,1.76,29.79,6.36,0,1,True,synthetic_scenario_generator,26006
2023-07-19,IND_PAR,2.28,11.8,28.34,0,1,True,synthetic_scenario_generator,26006
2023-07-20,IND_PAR,1.84,29.13,9.68,0,1,True,synthetic_scenario_generator,26006
2023-07-21,IND_PAR,1.78,33.71,6.07,0,1,True,synthetic_scenario_generator,26006
2023-07-22,IND_PAR,2.12,25.03,25.03,0,1,True,synthetic_scenario_generator,26006
2023-07-23,IND_PAR,2.33,33.79,11.77,0,1,True,synthetic_scenario_generator,26006
2023-07-24,IND_PAR,1.83,14.38,51.99,0,1,True,synthetic_scenario_generator,26006
2023-07-25,IND_PAR,1.97,27.79,19.21,0,1,True,synthetic_scenario_generator,26006
2023-07-26,IND_PAR,2.03,30.33,17.22,0,1,True,synthetic_scenario_generator,26006
2023-07-27,IND_PAR,2.65,34.16,13.68,0,1,True,synthetic_scenario_generator,26006
2023-07-28,IND_PAR,2.3,21.82,4.2,0,1,True,synthetic_scenario_generator,26006
2023-07-29,IND_PAR,3.14,29.64,3.58,0,1,True,synthetic_scenario_generator,26006
2023-07-30,IND_PAR,2.5,25.7,1.78,0,1,True,synthetic_scenario_generator,26006
2023-07-31,IND_PAR,2.22,36.44,21.05,0,1,True,synthetic_scenario_generator,26006
2023-08-01,IND_PAR,1.85,29.43,5.24,0,1,True,synthetic_scenario_generator,26006
2023-08-02,IND_PAR,1.45,17.7,30.01,0,1,True,synthetic_scenario_generator,26006
2023-08-03,IND_PAR,1.88,28.7,16.35,0,1,True,synthetic_scenario_generator,26006
2023-08-04,IND_PAR,3.08,23.48,11.37,0,1,True,synthetic_scenario_generator,26006
2023-08-05,IND_PAR,2.29,26.51,0.82,0,1,True,synthetic_scenario_generator,26006
2023-08-06,IND_PAR,2.53,20.6,5.26,0,1,True,synthetic_scenario_generator,26006
2023-08-07,IND_PAR,3.66,35.12,32.47,1,1,True,synthetic_scenario_generator,26006
2023-08-08,IND_PAR,2.18,30.13,7.07,0,1,True,synthetic_scenario_generator,26006
2023-08-09,IND_PAR,1.79,26.68,42.01,0,1,True,synthetic_scenario_generator,26006
2023-08-10,IND_PAR,1.79,33.37,21.31,0,1,True,synthetic_scenario_generator,26006
2023-08-11,IND_PAR,2.58,32.07,11.01,0,1,True,synthetic_scenario_generator,26006
2023-08-12,IND_PAR,2.93,22.35,5.45,0,1,True,synthetic_scenario_generator,26006
2023-08-13,IND_PAR,1.69,24.28,50.46,0,1,True,synthetic_scenario_generator,26006
2023-08-14,IND_PAR,2.18,31.03,8.36,0,1,True,synthetic_scenario_generator,26006
2023-08-15,IND_PAR,2.28,27.86,26.89,0,1,True,synthetic_scenario_generator,26006
2023-08-16,IND_PAR,2.63,30.87,13.61,0,1,True,synthetic_scenario_generator,26006
2023-08-17,IND_PAR,1.66,25.46,23.13,0,1,True,synthetic_scenario_generator,26006
2023-08-18,IND_PAR,2.59,22.84,2.97,0,1,True,synthetic_scenario_generator,26006
2023-08-19,IND_PAR,1.82,28.21,5.4,0,1,True,synthetic_scenario_generator,26006
2023-08-20,IND_PAR,1.84,21.78,45.26,0,1,True,synthetic_scenario_generator,26006
2023-08-21,IND_PAR,1.79,22.69,17.5,0,1,True,synthetic_scenario_generator,26006
2023-08-22,IND_PAR,2.24,24.74,7.04,0,1,True,synthetic_scenario_generator,26006
2023-08-23,IND_PAR,1.8,28.02,7.19,0,1,True,synthetic_scenario_generator,26006
2023-08-24,IND_PAR,2.55,30.89,10.38,0,1,True,synthetic_scenario_generator,26006
2023-08-25,IND_PAR,2.15,28.61,28.07,0,1,True,synthetic_scenario_generator,26006
2023-08-26,IND_PAR,2.39,21.63,5.88,0,1,True,synthetic_scenario_generator,26006
2023-08-27,IND_PAR,2.3,19.05,10.48,0,1,True,synthetic_scenario_generator,26006
2023-08-28,IND_PAR,2.14,24.36,0.67,0,1,True,synthetic_scenario_generator,26006
2023-08-29,IND_PAR,2.17,25.49,5.37,0,1,True,synthetic_scenario_generator,26006
2023-08-30,IND_PAR,2.42,28.67,3.94,0,1,True,synthetic_scenario_generator,26006
2023-08-31,IND_PAR,2.58,30.32,2.85,0,1,True,synthetic_scenario_generator,26006
2023-09-01,IND_PAR,2.43,25.79,3.61,0,1,True,synthetic_scenario_generator,26006
2023-09-02,IND_PAR,1.94,31.33,19.52,0,1,True,synthetic_scenario_generator,26006
2023-09-03,IND_PAR,2.38,19.41,19.17,0,1,True,synthetic_scenario_generator,26006
2023-09-04,IND_PAR,2.2,25.52,3.81,0,1,True,synthetic_scenario_generator,26006
2023-09-05,IND_PAR,2.36,26.42,12.26,0,1,True,synthetic_scenario_generator,26006
2023-09-06,IND_PAR,2.44,24.04,9.58,0,1,True,synthetic_scenario_generator,26006
2023-09-07,IND_PAR,1.98,26.8,2.43,0,1,True,synthetic_scenario_generator,26006
2023-09-08,IND_PAR,2.09,27.12,11.77,0,1,True,synthetic_scenario_generator,26006
2023-09-09,IND_PAR,2.03,16.49,9.09,0,1,True,synthetic_scenario_generator,26006
2023-09-10,IND_PAR,2.06,30.66,11.53,0,1,True,synthetic_scenario_generator,26006
2023-09-11,IND_PAR,1.84,27.02,8.1,0,1,True,synthetic_scenario_generator,26006
2023-09-12,IND_PAR,3.03,31.79,16.85,0,1,True,synthetic_scenario_generator,26006
2023-09-13,IND_PAR,1.89,25.95,19.31,0,1,True,synthetic_scenario_generator,26006
2023-09-14,IND_PAR,2.55,21.12,67.39,0,1,True,synthetic_scenario_generator,26006
2023-09-15,IND_PAR,2.42,32.24,0.8,0,1,True,synthetic_scenario_generator,26006
2023-09-16,IND_PAR,2.55,18.28,26.47,0,1,True,synthetic_scenario_generator,26006
2023-09-17,IND_PAR,2.09,28.44,14.48,0,1,True,synthetic_scenario_generator,26006
2023-09-18,IND_PAR,1.49,20.26,38.34,0,1,True,synthetic_scenario_generator,26006
2023-09-19,IND_PAR,2.14,26.21,12.04,0,1,True,synthetic_scenario_generator,26006
2023-09-20,IND_PAR,1.94,33.63,18.21,0,1,True,synthetic_scenario_generator,26006
2023-09-21,IND_PAR,2.45,28.96,43.98,0,1,True,synthetic_scenario_generator,26006
2023-09-22,IND_PAR,2.48,30.98,22.02,0,1,True,synthetic_scenario_generator,26006
2023-09-23,IND_PAR,2.6,29.43,16.27,0,1,True,synthetic_scenario_generator,26006
2023-09-24,IND_PAR,2.07,22.42,9.05,0,1,True,synthetic_scenario_generator,26006
2023-09-25,IND_PAR,2.95,30.02,16.04,0,1,True,synthetic_scenario_generator,26006
2023-09-26,IND_PAR,1.66,26.71,3.96,0,1,True,synthetic_scenario_generator,26006
2023-09-27,IND_PAR,2.26,22.22,22.45,0,1,True,synthetic_scenario_generator,26006
2023-09-28,IND_PAR,2.6,21.89,1.89,0,1,True,synthetic_scenario_generator,26006
2023-09-29,IND_PAR,2.69,29.61,38.04,0,1,True,synthetic_scenario_generator,26006
2023-09-30,IND_PAR,1.92,20.46,14.48,0,1,True,synthetic_scenario_generator,26006
2023-10-01,IND_PAR,1.62,18.03,5.81,0,0,True,synthetic_scenario_generator,26006
2023-10-02,IND_PAR,1.68,25.82,3.53,0,0,True,synthetic_scenario_generator,26006
2023-10-03,IND_PAR,1.33,11.56,2.41,0,0,True,synthetic_scenario_generator,26006
2023-10-04,IND_PAR,1.56,26.72,15.67,0,0,True,synthetic_scenario_generator,26006
2023-10-05,IND_PAR,1.56,25.32,0.14,0,0,True,synthetic_scenario_generator,26006
2023-10-06,IND_PAR,1.41,31.81,4.62,0,0,True,synthetic_scenario_generator,26006
2023-10-07,IND_PAR,1.16,22.27,0.87,0,0,True,synthetic_scenario_generator,26006
2023-10-08,IND_PAR,0.89,14.44,2.35,0,0,True,synthetic_scenario_generator,26006
2023-10-09,IND_PAR,1.42,22.9,6.0,0,0,True,synthetic_scenario_generator,26006
2023-10-10,IND_PAR,1.27,20.79,14.14,0,0,True,synthetic_scenario_generator,26006
2023-10-11,IND_PAR,1.34,25.22,0.05,0,0,True,synthetic_scenario_generator,26006
2023-10-12,IND_PAR,1.57,17.06,3.25,0,0,True,synthetic_scenario_generator,26006
2023-10-13,IND_PAR,1.29,18.75,1.53,0,0,True,synthetic_scenario_generator,26006
2023-10-14,IND_PAR,1.88,12.99,3.84,0,0,True,synthetic_scenario_generator,26006
2023-10-15,IND_PAR,2.41,19.93,2.25,0,0,True,synthetic_scenario_generator,26006
2023-10-16,IND_PAR,1.56,23.8,2.43,0,0,True,synthetic_scenario_generator,26006
2023-10-17,IND_PAR,1.55,21.04,0.9,0,0,True,synthetic_scenario_generator,26006
2023-10-18,IND_PAR,1.19,18.72,2.91,0,0,True,synthetic_scenario_generator,26006
2023-10-19,IND_PAR,1.69,28.11,5.7,0,0,True,synthetic_scenario_generator,26006
2023-10-20,IND_PAR,2.11,19.34,4.44,0,0,True,synthetic_scenario_generator,26006
2023-10-21,IND_PAR,1.76,14.88,1.02,0,0,True,synthetic_scenario_generator,26006
2023-10-22,IND_PAR,1.33,27.54,1.36,0,0,True,synthetic_scenario_generator,26006
2023-10-23,IND_PAR,1.36,20.83,0.58,0,0,True,synthetic_scenario_generator,26006
2023-10-24,IND_PAR,1.81,23.41,4.71,0,0,True,synthetic_scenario_generator,26006
2023-10-25,IND_PAR,1.66,20.38,13.51,0,0,True,synthetic_scenario_generator,26006
2023-10-26,IND_PAR,1.94,23.88,2.69,0,0,True,synthetic_scenario_generator,26006
2023-10-27,IND_PAR,1.33,24.56,1.03,0,0,True,synthetic_scenario_generator,26006
2023-10-28,IND_PAR,1.18,14.76,4.67,0,0,True,synthetic_scenario_generator,26006
2023-10-29,IND_PAR,0.86,21.98,0.21,0,0,True,synthetic_scenario_generator,26006
2023-10-30,IND_PAR,1.49,19.71,10.56,0,0,True,synthetic_scenario_generator,26006
2023-10-31,IND_PAR,1.58,25.89,2.57,0,0,True,synthetic_scenario_generator,26006
2023-11-01,IND_PAR,1.57,20.31,1.24,0,0,True,synthetic_scenario_generator,26006
2023-11-02,IND_PAR,1.48,9.42,0.08,0,0,True,synthetic_scenario_generator,26006
2023-11-03,IND_PAR,1.78,22.32,0.77,0,0,True,synthetic_scenario_generator,26006
2023-11-04,IND_PAR,1.67,24.46,1.83,0,0,True,synthetic_scenario_generator,26006
2023-11-05,IND_PAR,1.43,16.38,12.39,0,0,True,synthetic_scenario_generator,26006
2023-11-06,IND_PAR,1.87,12.22,1.95,0,0,True,synthetic_scenario_generator,26006
2023-11-07,IND_PAR,1.61,20.21,4.49,0,0,True,synthetic_scenario_generator,26006
2023-11-08,IND_PAR,1.67,20.09,1.53,0,0,True,synthetic_scenario_generator,26006
2023-11-09,IND_PAR,1.63,25.8,9.63,0,0,True,synthetic_scenario_generator,26006
2023-11-10,IND_PAR,2.17,23.93,1.5,0,0,True,synthetic_scenario_generator,26006
2023-11-11,IND_PAR,1.4,15.91,1.49,0,0,True,synthetic_scenario_generator,26006
2023-11-12,IND_PAR,1.45,26.84,3.57,0,0,True,synthetic_scenario_generator,26006
2023-11-13,IND_PAR,1.59,22.11,0.96,0,0,True,synthetic_scenario_generator,26006
2023-11-14,IND_PAR,1.6,18.01,7.31,0,0,True,synthetic_scenario_generator,26006
2023-11-15,IND_PAR,1.82,19.89,1.63,0,0,True,synthetic_scenario_generator,26006
2023-11-16,IND_PAR,1.24,11.96,6.76,0,0,True,synthetic_scenario_generator,26006
2023-11-17,IND_PAR,1.91,8.8,0.99,0,0,True,synthetic_scenario_generator,26006
2023-11-18,IND_PAR,1.25,20.68,2.04,0,0,True,synthetic_scenario_generator,26006
2023-11-19,IND_PAR,1.82,17.93,4.32,0,0,True,synthetic_scenario_generator,26006
2023-11-20,IND_PAR,1.11,14.79,1.02,0,0,True,synthetic_scenario_generator,26006
2023-11-21,IND_PAR,0.9,16.42,4.76,0,0,True,synthetic_scenario_generator,26006
2023-11-22,IND_PAR,1.62,22.83,7.98,0,0,True,synthetic_scenario_generator,26006
2023-11-23,IND_PAR,0.93,21.65,6.56,0,0,True,synthetic_scenario_generator,26006
2023-11-24,IND_PAR,1.67,21.33,2.81,0,0,True,synthetic_scenario_generator,26006
2023-11-25,IND_PAR,2.27,12.62,8.87,0,0,True,synthetic_scenario_generator,26006
2023-11-26,IND_PAR,0.79,20.56,2.97,0,0,True,synthetic_scenario_generator,26006
2023-11-27,IND_PAR,1.18,30.0,0.63,0,0,True,synthetic_scenario_generator,26006
2023-11-28,IND_PAR,1.98,25.72,1.27,0,0,True,synthetic_scenario_generator,26006
2023-11-29,IND_PAR,1.81,27.58,0.37,0,0,True,synthetic_scenario_generator,26006
2023-11-30,IND_PAR,2.29,28.84,1.46,0,0,True,synthetic_scenario_generator,26006
2023-12-01,IND_PAR,1.12,18.21,5.05,0,0,True,synthetic_scenario_generator,26006
2023-12-02,IND_PAR,1.12,16.1,6.09,0,0,True,synthetic_scenario_generator,26006
2023-12-03,IND_PAR,1.24,32.69,1.74,0,0,True,synthetic_scenario_generator,26006
2023-12-04,IND_PAR,1.18,13.32,2.07,0,0,True,synthetic_scenario_generator,26006
2023-12-05,IND_PAR,1.68,23.06,4.04,0,0,True,synthetic_scenario_generator,26006
2023-12-06,IND_PAR,1.45,22.7,3.84,0,0,True,synthetic_scenario_generator,26006
2023-12-07,IND_PAR,1.6,18.06,5.54,0,0,True,synthetic_scenario_generator,26006
2023-12-08,IND_PAR,1.83,28.01,3.3,0,0,True,synthetic_scenario_generator,26006
2023-12-09,IND_PAR,0.79,16.62,3.81,0,0,True,synthetic_scenario_generator,26006
2023-12-10,IND_PAR,1.36,15.83,4.51,0,0,True,synthetic_scenario_generator,26006
2023-12-11,IND_PAR,2.35,24.12,4.48,0,0,True,synthetic_scenario_generator,26006
2023-12-12,IND_PAR,2.14,13.38,0.55,0,0,True,synthetic_scenario_generator,26006
2023-12-13,IND_PAR,1.87,18.72,10.35,0,0,True,synthetic_scenario_generator,26006
2023-12-14,IND_PAR,1.01,23.68,3.71,0,0,True,synthetic_scenario_generator,26006
2023-12-15,IND_PAR,1.46,17.03,2.75,0,0,True,synthetic_scenario_generator,26006
2023-12-16,IND_PAR,1.21,26.82,2.75,0,0,True,synthetic_scenario_generator,26006
2023-12-17,IND_PAR,1.68,14.99,0.53,0,0,True,synthetic_scenario_generator,26006
2023-12-18,IND_PAR,1.61,23.81,2.52,0,0,True,synthetic_scenario_generator,26006
2023-12-19,IND_PAR,1.39,32.86,0.9,0,0,True,synthetic_scenario_generator,26006
2023-12-20,IND_PAR,0.98,17.09,2.62,0,0,True,synthetic_scenario_generator,26006
2023-12-21,IND_PAR,1.58,26.27,2.58,0,0,True,synthetic_scenario_generator,26006
2023-12-22,IND_PAR,1.1,16.3,1.53,0,0,True,synthetic_scenario_generator,26006
2023-12-23,IND_PAR,1.62,18.76,12.17,0,0,True,synthetic_scenario_generator,26006
2023-12-24,IND_PAR,1.51,20.69,6.02,0,0,True,synthetic_scenario_generator,26006
2023-12-25,IND_PAR,1.9,18.01,9.47,0,0,True,synthetic_scenario_generator,26006
2023-12-26,IND_PAR,1.57,18.6,0.81,0,0,True,synthetic_scenario_generator,26006
2023-12-27,IND_PAR,1.61,16.32,5.56,0,0,True,synthetic_scenario_generator,26006
2023-12-28,IND_PAR,1.23,20.09,1.76,0,0,True,synthetic_scenario_generator,26006
2023-12-29,IND_PAR,1.23,21.27,4.98,0,0,True,synthetic_scenario_generator,26006
2023-12-30,IND_PAR,1.19,28.14,3.09,0,0,True,synthetic_scenario_generator,26006
2023-12-31,IND_PAR,1.82,19.44,5.46,0,0,True,synthetic_scenario_generator,26006
2024-01-01,IND_PAR,1.06,7.94,1.57,0,0,True,synthetic_scenario_generator,26006
2024-01-02,IND_PAR,1.02,13.41,5.14,0,0,True,synthetic_scenario_generator,26006
2024-01-03,IND_PAR,0.98,15.15,1.54,0,0,True,synthetic_scenario_generator,26006
2024-01-04,IND_PAR,1.71,21.0,3.66,0,0,True,synthetic_scenario_generator,26006
2024-01-05,IND_PAR,1.14,12.5,6.87,0,0,True,synthetic_scenario_generator,26006
2024-01-06,IND_PAR,1.24,5.74,7.76,0,0,True,synthetic_scenario_generator,26006
2024-01-07,IND_PAR,1.41,20.62,3.7,0,0,True,synthetic_scenario_generator,26006
2024-01-08,IND_PAR,1.58,13.71,2.17,0,0,True,synthetic_scenario_generator,26006
2024-01-09,IND_PAR,0.76,13.05,0.27,0,0,True,synthetic_scenario_generator,26006
2024-01-10,IND_PAR,0.72,9.89,12.71,0,0,True,synthetic_scenario_generator,26006
2024-01-11,IND_PAR,1.55,8.6,6.92,0,0,True,synthetic_scenario_generator,26006
2024-01-12,IND_PAR,1.55,10.77,8.68,0,0,True,synthetic_scenario_generator,26006
2024-01-13,IND_PAR,0.74,9.33,4.38,0,0,True,synthetic_scenario_generator,26006
2024-01-14,IND_PAR,0.85,16.52,4.37,0,0,True,synthetic_scenario_generator,26006
2024-01-15,IND_PAR,1.48,17.43,12.07,0,0,True,synthetic_scenario_generator,26006
2024-01-16,IND_PAR,0.66,13.51,4.44,0,0,True,synthetic_scenario_generator,26006
2024-01-17,IND_PAR,0.79,9.91,4.98,0,0,True,synthetic_scenario_generator,26006
2024-01-18,IND_PAR,1.61,5.13,1.3,0,0,True,synthetic_scenario_generator,26006
2024-01-19,IND_PAR,1.15,8.21,9.73,0,0,True,synthetic_scenario_generator,26006
2024-01-20,IND_PAR,0.84,10.29,16.17,0,0,True,synthetic_scenario_generator,26006
2024-01-21,IND_PAR,1.54,16.2,0.74,0,0,True,synthetic_scenario_generator,26006
2024-01-22,IND_PAR,1.07,9.37,2.07,0,0,True,synthetic_scenario_generator,26006
2024-01-23,IND_PAR,1.53,19.59,3.51,0,0,True,synthetic_scenario_generator,26006
2024-01-24,IND_PAR,1.23,15.33,0.52,0,0,True,synthetic_scenario_generator,26006
2024-01-25,IND_PAR,1.25,7.63,0.45,0,0,True,synthetic_scenario_generator,26006
2024-01-26,IND_PAR,1.25,15.56,0.81,0,0,True,synthetic_scenario_generator,26006
2024-01-27,IND_PAR,1.07,15.48,2.77,0,0,True,synthetic_scenario_generator,26006
2024-01-28,IND_PAR,1.22,11.8,1.8,0,0,True,synthetic_scenario_generator,26006
2024-01-29,IND_PAR,1.74,7.67,0.79,0,0,True,synthetic_scenario_generator,26006
2024-01-30,IND_PAR,1.09,9.2,0.78,0,0,True,synthetic_scenario_generator,26006
2024-01-31,IND_PAR,1.05,13.92,13.04,0,0,True,synthetic_scenario_generator,26006
2024-02-01,IND_PAR,1.01,15.62,3.0,0,0,True,synthetic_scenario_generator,26006
2024-02-02,IND_PAR,0.54,11.21,4.4,0,0,True,synthetic_scenario_generator,26006
2024-02-03,IND_PAR,1.08,17.81,2.99,0,0,True,synthetic_scenario_generator,26006
2024-02-04,IND_PAR,1.17,2.0,1.21,0,0,True,synthetic_scenario_generator,26006
2024-02-05,IND_PAR,1.35,19.05,1.44,0,0,True,synthetic_scenario_generator,26006
2024-02-06,IND_PAR,1.83,17.49,6.94,0,0,True,synthetic_scenario_generator,26006
2024-02-07,IND_PAR,1.3,15.65,1.09,0,0,True,synthetic_scenario_generator,26006
2024-02-08,IND_PAR,1.17,6.1,0.91,0,0,True,synthetic_scenario_generator,26006
2024-02-09,IND_PAR,1.38,17.5,2.0,0,0,True,synthetic_scenario_generator,26006
2024-02-10,IND_PAR,1.09,15.2,3.4,0,0,True,synthetic_scenario_generator,26006
2024-02-11,IND_PAR,1.27,13.81,2.82,0,0,True,synthetic_scenario_generator,26006
2024-02-12,IND_PAR,1.3,4.38,0.23,0,0,True,synthetic_scenario_generator,26006
2024-02-13,IND_PAR,0.3,12.59,3.57,0,0,True,synthetic_scenario_generator,26006
2024-02-14,IND_PAR,0.53,12.36,0.61,0,0,True,synthetic_scenario_generator,26006
2024-02-15,IND_PAR,1.09,14.89,5.69,0,0,True,synthetic_scenario_generator,26006
2024-02-16,IND_PAR,0.76,10.19,4.1,0,0,True,synthetic_scenario_generator,26006
2024-02-17,IND_PAR,0.84,22.24,1.1,0,0,True,synthetic_scenario_generator,26006
2024-02-18,IND_PAR,1.68,15.68,5.54,0,0,True,synthetic_scenario_generator,26006
2024-02-19,IND_PAR,0.2,10.03,5.4,0,0,True,synthetic_scenario_generator,26006
2024-02-20,IND_PAR,1.15,20.65,5.57,0,0,True,synthetic_scenario_generator,26006
2024-02-21,IND_PAR,1.46,10.44,1.48,0,0,True,synthetic_scenario_generator,26006
2024-02-22,IND_PAR,0.63,4.06,1.64,0,0,True,synthetic_scenario_generator,26006
2024-02-23,IND_PAR,0.5,13.57,0.75,0,0,True,synthetic_scenario_generator,26006
2024-02-24,IND_PAR,1.04,16.05,4.03,0,0,True,synthetic_scenario_generator,26006
2024-02-25,IND_PAR,1.88,14.13,7.59,0,0,True,synthetic_scenario_generator,26006
2024-02-26,IND_PAR,1.87,6.99,4.03,0,0,True,synthetic_scenario_generator,26006
2024-02-27,IND_PAR,0.66,12.03,6.2,0,0,True,synthetic_scenario_generator,26006
2024-02-28,IND_PAR,0.64,17.44,8.34,0,0,True,synthetic_scenario_generator,26006
2024-02-29,IND_PAR,0.45,20.82,0.68,0,0,True,synthetic_scenario_generator,26006
2024-03-01,IND_PAR,0.68,17.54,2.33,0,0,True,synthetic_scenario_generator,26006
2024-03-02,IND_PAR,1.13,13.66,4.64,0,0,True,synthetic_scenario_generator,26006
2024-03-03,IND_PAR,1.23,10.87,4.3,0,0,True,synthetic_scenario_generator,26006
2024-03-04,IND_PAR,0.84,12.35,4.21,0,0,True,synthetic_scenario_generator,26006
2024-03-05,IND_PAR,0.7,7.34,5.41,0,0,True,synthetic_scenario_generator,26006
2024-03-06,IND_PAR,0.75,11.43,0.44,0,0,True,synthetic_scenario_generator,26006
2024-03-07,IND_PAR,0.93,24.09,11.67,0,0,True,synthetic_scenario_generator,26006
2024-03-08,IND_PAR,1.06,13.41,1.14,0,0,True,synthetic_scenario_generator,26006
2024-03-09,IND_PAR,1.2,13.08,9.09,0,0,True,synthetic_scenario_generator,26006
2024-03-10,IND_PAR,1.01,10.68,0.75,0,0,True,synthetic_scenario_generator,26006
2024-03-11,IND_PAR,1.14,18.47,1.83,0,0,True,synthetic_scenario_generator,26006
2024-03-12,IND_PAR,0.69,12.56,0.52,0,0,True,synthetic_scenario_generator,26006
2024-03-13,IND_PAR,1.3,21.61,13.7,0,0,True,synthetic_scenario_generator,26006
2024-03-14,IND_PAR,1.02,5.65,3.21,0,0,True,synthetic_scenario_generator,26006
2024-03-15,IND_PAR,1.63,20.92,9.09,0,0,True,synthetic_scenario_generator,26006
2024-03-16,IND_PAR,0.78,10.12,8.12,0,0,True,synthetic_scenario_generator,26006
2024-03-17,IND_PAR,1.1,14.98,3.93,0,0,True,synthetic_scenario_generator,26006
2024-03-18,IND_PAR,0.77,11.23,3.62,0,0,True,synthetic_scenario_generator,26006
2024-03-19,IND_PAR,0.5,13.71,6.62,0,0,True,synthetic_scenario_generator,26006
2024-03-20,IND_PAR,1.59,3.67,2.63,0,0,True,synthetic_scenario_generator,26006
2024-03-21,IND_PAR,1.29,22.4,1.39,0,0,True,synthetic_scenario_generator,26006
2024-03-22,IND_PAR,0.76,27.34,1.97,0,0,True,synthetic_scenario_generator,26006
2024-03-23,IND_PAR,1.12,16.55,3.15,0,0,True,synthetic_scenario_generator,26006
2024-03-24,IND_PAR,1.44,9.14,7.57,0,0,True,synthetic_scenario_generator,26006
2024-03-25,IND_PAR,0.71,22.95,6.55,0,0,True,synthetic_scenario_generator,26006
2024-03-26,IND_PAR,1.35,13.71,1.3,0,0,True,synthetic_scenario_generator,26006
2024-03-27,IND_PAR,1.14,20.73,3.24,0,0,True,synthetic_scenario_generator,26006
2024-03-28,IND_PAR,1.18,15.78,1.72,0,0,True,synthetic_scenario_generator,26006
2024-03-29,IND_PAR,0.8,6.96,6.37,0,0,True,synthetic_scenario_generator,26006
2024-03-30,IND_PAR,1.39,16.19,1.35,0,0,True,synthetic_scenario_generator,26006
2024-03-31,IND_PAR,0.75,15.28,4.28,0,0,True,synthetic_scenario_generator,26006
2024-04-01,IND_PAR,1.45,26.12,3.36,0,0,True,synthetic_scenario_generator,26006
2024-04-02,IND_PAR,0.61,33.45,2.77,0,0,True,synthetic_scenario_generator,26006
2024-04-03,IND_PAR,1.6,16.61,3.54,0,0,True,synthetic_scenario_generator,26006
2024-04-04,IND_PAR,1.4,23.68,8.43,0,0,True,synthetic_scenario_generator,26006
2024-04-05,IND_PAR,1.64,28.34,1.24,0,0,True,synthetic_scenario_generator,26006
2024-04-06,IND_PAR,2.0,11.9,6.17,0,0,True,synthetic_scenario_generator,26006
2024-04-07,IND_PAR,2.09,21.58,3.98,0,0,True,synthetic_scenario_generator,26006
2024-04-08,IND_PAR,1.09,28.36,5.92,0,0,True,synthetic_scenario_generator,26006
2024-04-09,IND_PAR,1.52,17.85,1.75,0,0,True,synthetic_scenario_generator,26006
2024-04-10,IND_PAR,1.34,20.11,3.92,0,0,True,synthetic_scenario_generator,26006
2024-04-11,IND_PAR,1.91,22.57,23.33,0,0,True,synthetic_scenario_generator,26006
2024-04-12,IND_PAR,1.52,14.97,8.43,0,0,True,synthetic_scenario_generator,26006
2024-04-13,IND_PAR,0.76,17.0,1.56,0,0,True,synthetic_scenario_generator,26006
2024-04-14,IND_PAR,1.25,23.77,8.07,0,0,True,synthetic_scenario_generator,26006
2024-04-15,IND_PAR,1.23,25.82,12.19,0,0,True,synthetic_scenario_generator,26006
2024-04-16,IND_PAR,1.53,16.93,0.64,0,0,True,synthetic_scenario_generator,26006
2024-04-17,IND_PAR,2.04,16.71,0.22,0,0,True,synthetic_scenario_generator,26006
2024-04-18,IND_PAR,1.09,27.81,3.87,0,0,True,synthetic_scenario_generator,26006
2024-04-19,IND_PAR,1.43,19.49,7.55,0,0,True,synthetic_scenario_generator,26006
2024-04-20,IND_PAR,1.56,17.87,2.23,0,0,True,synthetic_scenario_generator,26006
2024-04-21,IND_PAR,1.53,30.29,8.7,0,0,True,synthetic_scenario_generator,26006
2024-04-22,IND_PAR,1.59,22.83,0.42,0,0,True,synthetic_scenario_generator,26006
2024-04-23,IND_PAR,1.68,21.01,3.76,0,0,True,synthetic_scenario_generator,26006
2024-04-24,IND_PAR,1.77,15.11,0.25,0,0,True,synthetic_scenario_generator,26006
2024-04-25,IND_PAR,1.57,9.94,0.06,0,0,True,synthetic_scenario_generator,26006
2024-04-26,IND_PAR,1.61,24.97,0.99,0,0,True,synthetic_scenario_generator,26006
2024-04-27,IND_PAR,1.07,23.73,6.03,0,0,True,synthetic_scenario_generator,26006
2024-04-28,IND_PAR,1.27,15.34,3.18,0,0,True,synthetic_scenario_generator,26006
2024-04-29,IND_PAR,1.02,21.73,0.74,0,0,True,synthetic_scenario_generator,26006
2024-04-30,IND_PAR,1.32,18.81,2.95,0,0,True,synthetic_scenario_generator,26006
2024-05-01,IND_PAR,1.59,17.37,2.15,0,0,True,synthetic_scenario_generator,26006
2024-05-02,IND_PAR,2.27,13.5,5.73,0,0,True,synthetic_scenario_generator,26006
2024-05-03,IND_PAR,1.13,20.79,4.96,0,0,True,synthetic_scenario_generator,26006
2024-05-04,IND_PAR,0.98,29.12,2.39,0,0,True,synthetic_scenario_generator,26006
2024-05-05,IND_PAR,1.88,12.15,1.5,0,0,True,synthetic_scenario_generator,26006
2024-05-06,IND_PAR,1.63,18.76,0.99,0,0,True,synthetic_scenario_generator,26006
2024-05-07,IND_PAR,1.94,20.47,2.89,0,0,True,synthetic_scenario_generator,26006
2024-05-08,IND_PAR,0.9,23.41,2.38,0,0,True,synthetic_scenario_generator,26006
2024-05-09,IND_PAR,1.29,14.57,2.04,0,0,True,synthetic_scenario_generator,26006
2024-05-10,IND_PAR,2.22,31.31,1.84,0,0,True,synthetic_scenario_generator,26006
2024-05-11,IND_PAR,1.44,26.59,2.11,0,0,True,synthetic_scenario_generator,26006
2024-05-12,IND_PAR,1.37,30.63,2.24,0,0,True,synthetic_scenario_generator,26006
2024-05-13,IND_PAR,1.73,19.34,0.24,0,0,True,synthetic_scenario_generator,26006
2024-05-14,IND_PAR,1.6,18.14,1.13,0,0,True,synthetic_scenario_generator,26006
2024-05-15,IND_PAR,0.58,15.13,1.88,0,0,True,synthetic_scenario_generator,26006
2024-05-16,IND_PAR,1.5,25.74,6.73,0,0,True,synthetic_scenario_generator,26006
2024-05-17,IND_PAR,1.46,26.12,3.02,0,0,True,synthetic_scenario_generator,26006
2024-05-18,IND_PAR,1.46,15.87,9.18,0,0,True,synthetic_scenario_generator,26006
2024-05-19,IND_PAR,1.0,27.91,0.42,0,0,True,synthetic_scenario_generator,26006
2024-05-20,IND_PAR,1.46,19.24,6.17,0,0,True,synthetic_scenario_generator,26006
2024-05-21,IND_PAR,1.36,24.81,2.67,0,0,True,synthetic_scenario_generator,26006
2024-05-22,IND_PAR,1.41,20.04,0.74,0,0,True,synthetic_scenario_generator,26006
2024-05-23,IND_PAR,1.2,14.41,1.98,0,0,True,synthetic_scenario_generator,26006
2024-05-24,IND_PAR,1.38,23.79,7.19,0,0,True,synthetic_scenario_generator,26006
2024-05-25,IND_PAR,1.3,19.9,11.2,0,0,True,synthetic_scenario_generator,26006
2024-05-26,IND_PAR,0.93,19.49,1.19,0,0,True,synthetic_scenario_generator,26006
2024-05-27,IND_PAR,1.43,10.48,3.98,0,0,True,synthetic_scenario_generator,26006
2024-05-28,IND_PAR,1.55,10.73,2.81,0,0,True,synthetic_scenario_generator,26006
2024-05-29,IND_PAR,1.38,18.1,3.83,0,0,True,synthetic_scenario_generator,26006
2024-05-30,IND_PAR,1.05,28.39,4.31,0,0,True,synthetic_scenario_generator,26006
2024-05-31,IND_PAR,1.1,24.84,4.76,0,0,True,synthetic_scenario_generator,26006
2024-06-01,IND_PAR,2.78,34.71,4.16,0,1,True,synthetic_scenario_generator,26006
2024-06-02,IND_PAR,2.56,30.92,8.15,0,1,True,synthetic_scenario_generator,26006
2024-06-03,IND_PAR,2.26,39.01,9.35,0,1,True,synthetic_scenario_generator,26006
2024-06-04,IND_PAR,2.37,30.64,11.75,0,1,True,synthetic_scenario_generator,26006
2024-06-05,IND_PAR,2.44,35.5,12.38,0,1,True,synthetic_scenario_generator,26006
2024-06-06,IND_PAR,3.1,33.39,3.03,0,1,True,synthetic_scenario_generator,26006
2024-06-07,IND_PAR,2.6,30.3,7.93,0,1,True,synthetic_scenario_generator,26006
2024-06-08,IND_PAR,1.79,34.07,2.23,0,1,True,synthetic_scenario_generator,26006
2024-06-09,IND_PAR,2.32,24.27,2.3,0,1,True,synthetic_scenario_generator,26006
2024-06-10,IND_PAR,2.7,30.98,15.84,0,1,True,synthetic_scenario_generator,26006
2024-06-11,IND_PAR,3.14,32.3,33.7,0,1,True,synthetic_scenario_generator,26006
2024-06-12,IND_PAR,3.3,38.41,1.17,0,1,True,synthetic_scenario_generator,26006
2024-06-13,IND_PAR,3.27,28.56,30.85,0,1,True,synthetic_scenario_generator,26006
2024-06-14,IND_PAR,3.1,37.33,59.16,0,1,True,synthetic_scenario_generator,26006
2024-06-15,IND_PAR,2.23,27.91,14.26,0,1,True,synthetic_scenario_generator,26006
2024-06-16,IND_PAR,2.81,31.2,56.66,0,1,True,synthetic_scenario_generator,26006
2024-06-17,IND_PAR,2.61,31.02,2.6,0,1,True,synthetic_scenario_generator,26006
2024-06-18,IND_PAR,2.68,31.07,34.23,0,1,True,synthetic_scenario_generator,26006
2024-06-19,IND_PAR,3.47,38.09,15.84,1,1,True,synthetic_scenario_generator,26006
2024-06-20,IND_PAR,3.04,34.41,18.85,0,1,True,synthetic_scenario_generator,26006
2024-06-21,IND_PAR,2.72,23.3,1.29,0,1,True,synthetic_scenario_generator,26006
2024-06-22,IND_PAR,2.38,40.06,7.14,0,1,True,synthetic_scenario_generator,26006
2024-06-23,IND_PAR,2.9,31.98,9.46,0,1,True,synthetic_scenario_generator,26006
2024-06-24,IND_PAR,2.69,37.94,19.28,0,1,True,synthetic_scenario_generator,26006
2024-06-25,IND_PAR,2.63,28.5,5.01,0,1,True,synthetic_scenario_generator,26006
2024-06-26,IND_PAR,3.06,33.84,10.36,0,1,True,synthetic_scenario_generator,26006
2024-06-27,IND_PAR,2.42,36.03,2.72,0,1,True,synthetic_scenario_generator,26006
2024-06-28,IND_PAR,2.16,36.37,1.72,0,1,True,synthetic_scenario_generator,26006
2024-06-29,IND_PAR,2.74,33.13,12.26,0,1,True,synthetic_scenario_generator,26006
2024-06-30,IND_PAR,2.55,32.43,36.07,0,1,True,synthetic_scenario_generator,26006
2024-07-01,IND_PAR,2.03,24.48,4.39,0,1,True,synthetic_scenario_generator,26006
2024-07-02,IND_PAR,2.13,19.55,14.64,0,1,True,synthetic_scenario_generator,26006
2024-07-03,IND_PAR,2.05,26.0,6.61,0,1,True,synthetic_scenario_generator,26006
2024-07-04,IND_PAR,2.31,27.9,21.9,0,1,True,synthetic_scenario_generator,26006
2024-07-05,IND_PAR,2.04,23.05,4.34,0,1,True,synthetic_scenario_generator,26006
2024-07-06,IND_PAR,2.57,32.58,3.78,0,1,True,synthetic_scenario_generator,26006
2024-07-07,IND_PAR,2.07,24.21,5.7,0,1,True,synthetic_scenario_generator,26006
2024-07-08,IND_PAR,2.66,23.38,0.86,0,1,True,synthetic_scenario_generator,26006
2024-07-09,IND_PAR,1.96,29.78,28.63,0,1,True,synthetic_scenario_generator,26006
2024-07-10,IND_PAR,2.1,18.14,20.88,0,1,True,synthetic_scenario_generator,26006
2024-07-11,IND_PAR,2.09,17.76,8.15,0,1,True,synthetic_scenario_generator,26006
2024-07-12,IND_PAR,2.15,31.87,0.38,0,1,True,synthetic_scenario_generator,26006
2024-07-13,IND_PAR,2.5,37.0,7.08,0,1,True,synthetic_scenario_generator,26006
2024-07-14,IND_PAR,2.57,33.15,6.7,0,1,True,synthetic_scenario_generator,26006
2024-07-15,IND_PAR,2.5,33.11,11.53,0,1,True,synthetic_scenario_generator,26006
2024-07-16,IND_PAR,2.21,27.82,14.33,0,1,True,synthetic_scenario_generator,26006
2024-07-17,IND_PAR,1.98,25.13,8.12,0,1,True,synthetic_scenario_generator,26006
2024-07-18,IND_PAR,2.4,34.36,8.38,0,1,True,synthetic_scenario_generator,26006
2024-07-19,IND_PAR,2.55,28.82,14.13,0,1,True,synthetic_scenario_generator,26006
2024-07-20,IND_PAR,1.88,27.82,10.48,0,1,True,synthetic_scenario_generator,26006
2024-07-21,IND_PAR,1.65,25.37,16.51,0,1,True,synthetic_scenario_generator,26006
2024-07-22,IND_PAR,2.73,23.82,5.25,0,1,True,synthetic_scenario_generator,26006
2024-07-23,IND_PAR,2.93,33.54,14.44,0,1,True,synthetic_scenario_generator,26006
2024-07-24,IND_PAR,2.94,26.23,1.84,0,1,True,synthetic_scenario_generator,26006
2024-07-25,IND_PAR,1.64,17.52,8.86,0,1,True,synthetic_scenario_generator,26006
2024-07-26,IND_PAR,2.75,20.56,24.51,0,1,True,synthetic_scenario_generator,26006
2024-07-27,IND_PAR,2.1,20.5,2.3,0,1,True,synthetic_scenario_generator,26006
2024-07-28,IND_PAR,2.28,30.72,6.91,0,1,True,synthetic_scenario_generator,26006
2024-07-29,IND_PAR,2.55,31.51,15.23,0,1,True,synthetic_scenario_generator,26006
2024-07-30,IND_PAR,1.39,31.3,38.2,0,1,True,synthetic_scenario_generator,26006
2024-07-31,IND_PAR,2.01,26.55,11.35,0,1,True,synthetic_scenario_generator,26006
2024-08-01,IND_PAR,2.26,22.18,42.66,0,1,True,synthetic_scenario_generator,26006
2024-08-02,IND_PAR,2.2,27.76,15.11,0,1,True,synthetic_scenario_generator,26006
2024-08-03,IND_PAR,2.38,22.17,12.85,0,1,True,synthetic_scenario_generator,26006
2024-08-04,IND_PAR,2.05,31.51,7.81,0,1,True,synthetic_scenario_generator,26006
2024-08-05,IND_PAR,2.2,21.47,21.18,0,1,True,synthetic_scenario_generator,26006
2024-08-06,IND_PAR,2.56,27.07,4.88,0,1,True,synthetic_scenario_generator,26006
2024-08-07,IND_PAR,2.5,25.25,25.52,0,1,True,synthetic_scenario_generator,26006
2024-08-08,IND_PAR,3.05,32.43,12.8,0,1,True,synthetic_scenario_generator,26006
2024-08-09,IND_PAR,2.12,30.97,9.07,0,1,True,synthetic_scenario_generator,26006
2024-08-10,IND_PAR,2.31,23.75,5.05,0,1,True,synthetic_scenario_generator,26006
2024-08-11,IND_PAR,2.4,28.96,9.0,0,1,True,synthetic_scenario_generator,26006
2024-08-12,IND_PAR,2.3,31.07,17.52,0,1,True,synthetic_scenario_generator,26006
2024-08-13,IND_PAR,2.54,25.56,14.52,0,1,True,synthetic_scenario_generator,26006
2024-08-14,IND_PAR,2.4,18.44,7.42,0,1,True,synthetic_scenario_generator,26006
2024-08-15,IND_PAR,2.4,28.53,15.46,0,1,True,synthetic_scenario_generator,26006
2024-08-16,IND_PAR,2.44,23.29,11.79,0,1,True,synthetic_scenario_generator,26006
2024-08-17,IND_PAR,1.95,25.27,20.08,0,1,True,synthetic_scenario_generator,26006
2024-08-18,IND_PAR,2.18,30.6,0.54,0,1,True,synthetic_scenario_generator,26006
2024-08-19,IND_PAR,2.34,25.77,11.25,0,1,True,synthetic_scenario_generator,26006
2024-08-20,IND_PAR,1.82,29.6,10.21,0,1,True,synthetic_scenario_generator,26006
2024-08-21,IND_PAR,2.51,17.35,36.54,0,1,True,synthetic_scenario_generator,26006
2024-08-22,IND_PAR,2.57,30.57,46.46,0,1,True,synthetic_scenario_generator,26006
2024-08-23,IND_PAR,2.28,33.76,4.59,0,1,True,synthetic_scenario_generator,26006
2024-08-24,IND_PAR,2.32,24.47,8.44,0,1,True,synthetic_scenario_generator,26006
2024-08-25,IND_PAR,2.59,15.1,24.98,0,1,True,synthetic_scenario_generator,26006
2024-08-26,IND_PAR,2.01,27.62,7.17,0,1,True,synthetic_scenario_generator,26006
2024-08-27,IND_PAR,2.31,31.49,6.05,0,1,True,synthetic_scenario_generator,26006
2024-08-28,IND_PAR,2.19,26.04,5.29,0,1,True,synthetic_scenario_generator,26006
2024-08-29,IND_PAR,2.28,24.75,9.05,0,1,True,synthetic_scenario_generator,26006
2024-08-30,IND_PAR,2.54,24.97,0.56,0,1,True,synthetic_scenario_generator,26006
2024-08-31,IND_PAR,2.6,19.75,4.56,0,1,True,synthetic_scenario_generator,26006
2024-09-01,IND_PAR,2.59,27.43,13.84,0,1,True,synthetic_scenario_generator,26006
2024-09-02,IND_PAR,1.71,34.77,2.76,0,1,True,synthetic_scenario_generator,26006
2024-09-03,IND_PAR,2.68,24.53,2.32,0,1,True,synthetic_scenario_generator,26006
2024-09-04,IND_PAR,2.09,29.0,4.0,0,1,True,synthetic_scenario_generator,26006
2024-09-05,IND_PAR,2.21,38.44,0.84,0,1,True,synthetic_scenario_generator,26006
2024-09-06,IND_PAR,2.52,27.96,38.3,0,1,True,synthetic_scenario_generator,26006
2024-09-07,IND_PAR,2.21,32.15,59.08,0,1,True,synthetic_scenario_generator,26006
2024-09-08,IND_PAR,1.75,26.05,16.9,0,1,True,synthetic_scenario_generator,26006
2024-09-09,IND_PAR,2.71,19.13,33.19,0,1,True,synthetic_scenario_generator,26006
2024-09-10,IND_PAR,2.62,26.81,17.2,0,1,True,synthetic_scenario_generator,26006
2024-09-11,IND_PAR,2.57,28.33,27.45,0,1,True,synthetic_scenario_generator,26006
2024-09-12,IND_PAR,2.68,18.79,11.1,0,1,True,synthetic_scenario_generator,26006
2024-09-13,IND_PAR,1.72,28.81,9.85,0,1,True,synthetic_scenario_generator,26006
2024-09-14,IND_PAR,2.35,26.98,8.31,0,1,True,synthetic_scenario_generator,26006
2024-09-15,IND_PAR,2.21,37.51,2.38,0,1,True,synthetic_scenario_generator,26006
2024-09-16,IND_PAR,2.66,27.35,1.71,0,1,True,synthetic_scenario_generator,26006
2024-09-17,IND_PAR,2.81,22.22,14.43,0,1,True,synthetic_scenario_generator,26006
2024-09-18,IND_PAR,1.95,30.22,10.98,0,1,True,synthetic_scenario_generator,26006
2024-09-19,IND_PAR,1.95,28.65,2.29,0,1,True,synthetic_scenario_generator,26006
2024-09-20,IND_PAR,2.13,25.07,15.66,0,1,True,synthetic_scenario_generator,26006
2024-09-21,IND_PAR,2.03,28.6,20.91,0,1,True,synthetic_scenario_generator,26006
2024-09-22,IND_PAR,2.77,23.7,3.48,0,1,True,synthetic_scenario_generator,26006
2024-09-23,IND_PAR,1.77,29.91,13.94,0,1,True,synthetic_scenario_generator,26006
2024-09-24,IND_PAR,2.46,25.83,9.94,0,1,True,synthetic_scenario_generator,26006
2024-09-25,IND_PAR,2.46,24.15,5.64,0,1,True,synthetic_scenario_generator,26006
2024-09-26,IND_PAR,2.39,20.5,9.1,0,1,True,synthetic_scenario_generator,26006
2024-09-27,IND_PAR,2.19,28.0,18.45,0,1,True,synthetic_scenario_generator,26006
2024-09-28,IND_PAR,2.12,18.46,23.98,0,1,True,synthetic_scenario_generator,26006
2024-09-29,IND_PAR,1.75,32.48,51.08,0,1,True,synthetic_scenario_generator,26006
2024-09-30,IND_PAR,2.43,25.07,11.07,0,1,True,synthetic_scenario_generator,26006
2024-10-01,IND_PAR,1.82,22.33,11.65,0,0,True,synthetic_scenario_generator,26006
2024-10-02,IND_PAR,1.41,22.02,3.64,0,0,True,synthetic_scenario_generator,26006
2024-10-03,IND_PAR,1.74,21.17,2.71,0,0,True,synthetic_scenario_generator,26006
2024-10-04,IND_PAR,1.28,24.14,7.5,0,0,True,synthetic_scenario_generator,26006
2024-10-05,IND_PAR,1.62,18.23,2.59,0,0,True,synthetic_scenario_generator,26006
2024-10-06,IND_PAR,1.59,9.64,9.55,0,0,True,synthetic_scenario_generator,26006
2024-10-07,IND_PAR,1.7,24.66,3.03,0,0,True,synthetic_scenario_generator,26006
2024-10-08,IND_PAR,1.39,15.13,4.35,0,0,True,synthetic_scenario_generator,26006
2024-10-09,IND_PAR,1.72,23.33,2.92,0,0,True,synthetic_scenario_generator,26006
2024-10-10,IND_PAR,2.24,25.06,3.02,0,0,True,synthetic_scenario_generator,26006
2024-10-11,IND_PAR,1.28,22.25,0.24,0,0,True,synthetic_scenario_generator,26006
2024-10-12,IND_PAR,1.49,19.03,0.73,0,0,True,synthetic_scenario_generator,26006
2024-10-13,IND_PAR,1.04,24.7,11.78,0,0,True,synthetic_scenario_generator,26006
2024-10-14,IND_PAR,2.07,15.86,0.21,0,0,True,synthetic_scenario_generator,26006
2024-10-15,IND_PAR,0.49,28.48,6.03,0,0,True,synthetic_scenario_generator,26006
2024-10-16,IND_PAR,1.52,18.72,6.76,0,0,True,synthetic_scenario_generator,26006
2024-10-17,IND_PAR,1.52,17.29,2.45,0,0,True,synthetic_scenario_generator,26006
2024-10-18,IND_PAR,1.86,18.87,5.31,0,0,True,synthetic_scenario_generator,26006
2024-10-19,IND_PAR,1.78,19.45,0.09,0,0,True,synthetic_scenario_generator,26006
2024-10-20,IND_PAR,0.94,16.47,1.25,0,0,True,synthetic_scenario_generator,26006
2024-10-21,IND_PAR,1.45,33.08,1.05,0,0,True,synthetic_scenario_generator,26006
2024-10-22,IND_PAR,2.08,24.77,3.71,0,0,True,synthetic_scenario_generator,26006
2024-10-23,IND_PAR,1.31,28.21,4.13,0,0,True,synthetic_scenario_generator,26006
2024-10-24,IND_PAR,1.12,22.45,0.04,0,0,True,synthetic_scenario_generator,26006
2024-10-25,IND_PAR,1.52,24.37,4.09,0,0,True,synthetic_scenario_generator,26006
2024-10-26,IND_PAR,1.43,19.08,2.99,0,0,True,synthetic_scenario_generator,26006
2024-10-27,IND_PAR,1.24,24.25,2.04,0,0,True,synthetic_scenario_generator,26006
2024-10-28,IND_PAR,1.92,21.05,2.15,0,0,True,synthetic_scenario_generator,26006
2024-10-29,IND_PAR,1.72,24.35,1.65,0,0,True,synthetic_scenario_generator,26006
2024-10-30,IND_PAR,1.33,16.71,6.41,0,0,True,synthetic_scenario_generator,26006
2024-10-31,IND_PAR,1.0,24.34,0.13,0,0,True,synthetic_scenario_generator,26006
2024-11-01,IND_PAR,1.67,25.95,0.31,0,0,True,synthetic_scenario_generator,26006
2024-11-02,IND_PAR,1.45,18.94,3.86,0,0,True,synthetic_scenario_generator,26006
2024-11-03,IND_PAR,1.39,20.93,0.85,0,0,True,synthetic_scenario_generator,26006
2024-11-04,IND_PAR,1.73,15.31,1.36,0,0,True,synthetic_scenario_generator,26006
2024-11-05,IND_PAR,2.09,17.44,6.52,0,0,True,synthetic_scenario_generator,26006
2024-11-06,IND_PAR,1.97,26.94,4.27,0,0,True,synthetic_scenario_generator,26006
2024-11-07,IND_PAR,1.88,15.08,5.13,0,0,True,synthetic_scenario_generator,26006
2024-11-08,IND_PAR,1.29,16.59,1.8,0,0,True,synthetic_scenario_generator,26006
2024-11-09,IND_PAR,1.67,18.96,0.49,0,0,True,synthetic_scenario_generator,26006
2024-11-10,IND_PAR,1.11,23.03,0.8,0,0,True,synthetic_scenario_generator,26006
2024-11-11,IND_PAR,2.3,10.47,2.17,0,0,True,synthetic_scenario_generator,26006
2024-11-12,IND_PAR,1.42,22.32,5.32,0,0,True,synthetic_scenario_generator,26006
2024-11-13,IND_PAR,1.19,25.26,4.68,0,0,True,synthetic_scenario_generator,26006
2024-11-14,IND_PAR,1.91,26.95,6.02,0,0,True,synthetic_scenario_generator,26006
2024-11-15,IND_PAR,1.97,29.31,1.28,0,0,True,synthetic_scenario_generator,26006
2024-11-16,IND_PAR,2.11,19.86,4.28,0,0,True,synthetic_scenario_generator,26006
2024-11-17,IND_PAR,1.73,28.73,5.95,0,0,True,synthetic_scenario_generator,26006
2024-11-18,IND_PAR,1.73,30.59,2.77,0,0,True,synthetic_scenario_generator,26006
2024-11-19,IND_PAR,1.47,18.52,3.31,0,0,True,synthetic_scenario_generator,26006
2024-11-20,IND_PAR,1.0,16.51,8.71,0,0,True,synthetic_scenario_generator,26006
2024-11-21,IND_PAR,1.24,17.57,3.38,0,0,True,synthetic_scenario_generator,26006
2024-11-22,IND_PAR,1.48,21.27,5.79,0,0,True,synthetic_scenario_generator,26006
2024-11-23,IND_PAR,1.75,13.42,6.09,0,0,True,synthetic_scenario_generator,26006
2024-11-24,IND_PAR,1.09,18.69,1.43,0,0,True,synthetic_scenario_generator,26006
2024-11-25,IND_PAR,1.49,23.93,8.56,0,0,True,synthetic_scenario_generator,26006
2024-11-26,IND_PAR,1.37,20.25,8.34,0,0,True,synthetic_scenario_generator,26006
2024-11-27,IND_PAR,1.44,19.34,2.93,0,0,True,synthetic_scenario_generator,26006
2024-11-28,IND_PAR,1.89,19.07,10.96,0,0,True,synthetic_scenario_generator,26006
2024-11-29,IND_PAR,1.84,21.66,0.91,0,0,True,synthetic_scenario_generator,26006
2024-11-30,IND_PAR,1.67,21.18,0.0,0,0,True,synthetic_scenario_generator,26006
2024-12-01,IND_PAR,1.23,18.33,3.07,0,0,True,synthetic_scenario_generator,26006
2024-12-02,IND_PAR,0.96,17.94,1.1,0,0,True,synthetic_scenario_generator,26006
2024-12-03,IND_PAR,0.72,26.37,0.34,0,0,True,synthetic_scenario_generator,26006
2024-12-04,IND_PAR,1.65,17.55,7.7,0,0,True,synthetic_scenario_generator,26006
2024-12-05,IND_PAR,1.42,30.69,3.93,0,0,True,synthetic_scenario_generator,26006
2024-12-06,IND_PAR,1.51,14.55,1.49,0,0,True,synthetic_scenario_generator,26006
2024-12-07,IND_PAR,1.15,20.06,10.57,0,0,True,synthetic_scenario_generator,26006
2024-12-08,IND_PAR,1.73,16.89,1.61,0,0,True,synthetic_scenario_generator,26006
2024-12-09,IND_PAR,1.63,24.0,2.22,0,0,True,synthetic_scenario_generator,26006
2024-12-10,IND_PAR,1.4,22.0,4.25,0,0,True,synthetic_scenario_generator,26006
2024-12-11,IND_PAR,2.04,10.69,1.75,0,0,True,synthetic_scenario_generator,26006
2024-12-12,IND_PAR,1.47,20.85,2.58,0,0,True,synthetic_scenario_generator,26006
2024-12-13,IND_PAR,1.29,17.96,2.8,0,0,True,synthetic_scenario_generator,26006
2024-12-14,IND_PAR,1.54,16.29,5.89,0,0,True,synthetic_scenario_generator,26006
2024-12-15,IND_PAR,1.4,15.69,1.11,0,0,True,synthetic_scenario_generator,26006
2024-12-16,IND_PAR,2.13,26.52,5.44,0,0,True,synthetic_scenario_generator,26006
2024-12-17,IND_PAR,1.6,16.71,1.32,0,0,True,synthetic_scenario_generator,26006
2024-12-18,IND_PAR,1.51,24.29,5.16,0,0,True,synthetic_scenario_generator,26006
2024-12-19,IND_PAR,1.29,18.84,2.1,0,0,True,synthetic_scenario_generator,26006
2024-12-20,IND_PAR,1.49,21.06,1.58,0,0,True,synthetic_scenario_generator,26006
2024-12-21,IND_PAR,1.42,7.74,4.91,0,0,True,synthetic_scenario_generator,26006
2024-12-22,IND_PAR,1.76,14.39,1.76,0,0,True,synthetic_scenario_generator,26006
2024-12-23,IND_PAR,1.31,34.78,0.5,0,0,True,synthetic_scenario_generator,26006
2024-12-24,IND_PAR,1.77,27.51,4.94,0,0,True,synthetic_scenario_generator,26006
2024-12-25,IND_PAR,1.27,22.23,2.33,0,0,True,synthetic_scenario_generator,26006
2024-12-26,IND_PAR,1.01,24.81,0.6,0,0,True,synthetic_scenario_generator,26006
2024-12-27,IND_PAR,2.03,21.76,3.82,0,0,True,synthetic_scenario_generator,26006
2024-12-28,IND_PAR,1.07,23.15,1.81,0,0,True,synthetic_scenario_generator,26006
2024-12-29,IND_PAR,1.46,15.44,2.71,0,0,True,synthetic_scenario_generator,26006
2024-12-30,IND_PAR,1.2,23.75,3.06,0,0,True,synthetic_scenario_generator,26006
2024-12-31,IND_PAR,1.44,14.77,5.38,0,0,True,synthetic_scenario_generator,26006
2025-01-01,IND_PAR,0.58,2.0,12.07,0,0,True,synthetic_scenario_generator,26006
2025-01-02,IND_PAR,0.9,14.15,2.64,0,0,True,synthetic_scenario_generator,26006
2025-01-03,IND_PAR,0.93,13.2,1.91,0,0,True,synthetic_scenario_generator,26006
2025-01-04,IND_PAR,1.35,9.28,12.08,0,0,True,synthetic_scenario_generator,26006
2025-01-05,IND_PAR,1.32,12.96,2.5,0,0,True,synthetic_scenario_generator,26006
2025-01-06,IND_PAR,1.5,14.41,1.1,0,0,True,synthetic_scenario_generator,26006
2025-01-07,IND_PAR,1.24,15.23,5.09,0,0,True,synthetic_scenario_generator,26006
2025-01-08,IND_PAR,1.28,2.0,2.78,0,0,True,synthetic_scenario_generator,26006
2025-01-09,IND_PAR,1.25,17.64,5.87,0,0,True,synthetic_scenario_generator,26006
2025-01-10,IND_PAR,1.19,2.0,10.52,0,0,True,synthetic_scenario_generator,26006
2025-01-11,IND_PAR,1.04,21.04,1.43,0,0,True,synthetic_scenario_generator,26006
2025-01-12,IND_PAR,0.55,14.62,2.83,0,0,True,synthetic_scenario_generator,26006
2025-01-13,IND_PAR,1.31,20.54,3.63,0,0,True,synthetic_scenario_generator,26006
2025-01-14,IND_PAR,1.12,18.48,2.03,0,0,True,synthetic_scenario_generator,26006
2025-01-15,IND_PAR,1.16,14.52,1.12,0,0,True,synthetic_scenario_generator,26006
2025-01-16,IND_PAR,0.57,19.02,10.37,0,0,True,synthetic_scenario_generator,26006
2025-01-17,IND_PAR,1.51,9.5,11.17,0,0,True,synthetic_scenario_generator,26006
2025-01-18,IND_PAR,1.02,7.61,2.08,0,0,True,synthetic_scenario_generator,26006
2025-01-19,IND_PAR,0.2,21.04,5.08,0,0,True,synthetic_scenario_generator,26006
2025-01-20,IND_PAR,1.23,12.74,6.02,0,0,True,synthetic_scenario_generator,26006
2025-01-21,IND_PAR,1.42,11.03,1.74,0,0,True,synthetic_scenario_generator,26006
2025-01-22,IND_PAR,1.21,18.45,0.52,0,0,True,synthetic_scenario_generator,26006
2025-01-23,IND_PAR,1.6,20.39,4.3,0,0,True,synthetic_scenario_generator,26006
2025-01-24,IND_PAR,0.98,13.17,4.88,0,0,True,synthetic_scenario_generator,26006
2025-01-25,IND_PAR,1.25,9.15,4.91,0,0,True,synthetic_scenario_generator,26006
2025-01-26,IND_PAR,1.03,15.54,6.6,0,0,True,synthetic_scenario_generator,26006
2025-01-27,IND_PAR,0.79,16.28,1.26,0,0,True,synthetic_scenario_generator,26006
2025-01-28,IND_PAR,1.17,7.89,9.1,0,0,True,synthetic_scenario_generator,26006
2025-01-29,IND_PAR,1.62,19.13,9.98,0,0,True,synthetic_scenario_generator,26006
2025-01-30,IND_PAR,1.48,17.82,4.04,0,0,True,synthetic_scenario_generator,26006
2025-01-31,IND_PAR,0.75,10.89,3.02,0,0,True,synthetic_scenario_generator,26006
2025-02-01,IND_PAR,1.15,25.76,0.81,0,0,True,synthetic_scenario_generator,26006
2025-02-02,IND_PAR,1.13,8.38,1.28,0,0,True,synthetic_scenario_generator,26006
2025-02-03,IND_PAR,0.66,17.92,2.91,0,0,True,synthetic_scenario_generator,26006
2025-02-04,IND_PAR,1.51,20.48,1.34,0,0,True,synthetic_scenario_generator,26006
2025-02-05,IND_PAR,0.49,8.7,6.99,0,0,True,synthetic_scenario_generator,26006
2025-02-06,IND_PAR,1.31,10.17,1.96,0,0,True,synthetic_scenario_generator,26006
2025-02-07,IND_PAR,1.1,16.03,1.92,0,0,True,synthetic_scenario_generator,26006
2025-02-08,IND_PAR,1.53,10.66,4.78,0,0,True,synthetic_scenario_generator,26006
2025-02-09,IND_PAR,0.44,15.92,5.35,0,0,True,synthetic_scenario_generator,26006
2025-02-10,IND_PAR,0.97,11.88,4.18,0,0,True,synthetic_scenario_generator,26006
2025-02-11,IND_PAR,1.32,22.61,1.4,0,0,True,synthetic_scenario_generator,26006
2025-02-12,IND_PAR,1.08,13.36,3.59,0,0,True,synthetic_scenario_generator,26006
2025-02-13,IND_PAR,0.88,16.49,0.4,0,0,True,synthetic_scenario_generator,26006
2025-02-14,IND_PAR,0.87,17.0,3.13,0,0,True,synthetic_scenario_generator,26006
2025-02-15,IND_PAR,0.87,14.61,4.3,0,0,True,synthetic_scenario_generator,26006
2025-02-16,IND_PAR,0.49,7.28,5.06,0,0,True,synthetic_scenario_generator,26006
2025-02-17,IND_PAR,1.2,29.98,5.02,0,0,True,synthetic_scenario_generator,26006
2025-02-18,IND_PAR,0.83,22.26,13.44,0,0,True,synthetic_scenario_generator,26006
2025-02-19,IND_PAR,1.25,9.79,4.89,0,0,True,synthetic_scenario_generator,26006
2025-02-20,IND_PAR,1.64,16.34,2.23,0,0,True,synthetic_scenario_generator,26006
2025-02-21,IND_PAR,1.06,17.47,0.66,0,0,True,synthetic_scenario_generator,26006
2025-02-22,IND_PAR,1.39,5.53,3.52,0,0,True,synthetic_scenario_generator,26006
2025-02-23,IND_PAR,0.84,19.84,1.71,0,0,True,synthetic_scenario_generator,26006
2025-02-24,IND_PAR,0.25,16.9,1.54,0,0,True,synthetic_scenario_generator,26006
2025-02-25,IND_PAR,1.36,13.61,3.9,0,0,True,synthetic_scenario_generator,26006
2025-02-26,IND_PAR,1.1,18.08,14.41,0,0,True,synthetic_scenario_generator,26006
2025-02-27,IND_PAR,0.96,16.79,9.88,0,0,True,synthetic_scenario_generator,26006
2025-02-28,IND_PAR,1.08,8.46,0.91,0,0,True,synthetic_scenario_generator,26006
2025-03-01,IND_PAR,0.84,13.09,16.22,0,0,True,synthetic_scenario_generator,26006
2025-03-02,IND_PAR,1.95,6.57,2.77,0,0,True,synthetic_scenario_generator,26006
2025-03-03,IND_PAR,0.56,6.59,9.84,0,0,True,synthetic_scenario_generator,26006
2025-03-04,IND_PAR,1.15,13.93,3.12,0,0,True,synthetic_scenario_generator,26006
2025-03-05,IND_PAR,1.29,15.03,0.22,0,0,True,synthetic_scenario_generator,26006
2025-03-06,IND_PAR,1.12,7.8,6.27,0,0,True,synthetic_scenario_generator,26006
2025-03-07,IND_PAR,1.17,11.1,1.26,0,0,True,synthetic_scenario_generator,26006
2025-03-08,IND_PAR,1.57,17.89,9.86,0,0,True,synthetic_scenario_generator,26006
2025-03-09,IND_PAR,1.05,26.61,9.1,0,0,True,synthetic_scenario_generator,26006
2025-03-10,IND_PAR,1.07,10.65,3.58,0,0,True,synthetic_scenario_generator,26006
2025-03-11,IND_PAR,1.5,16.91,8.18,0,0,True,synthetic_scenario_generator,26006
2025-03-12,IND_PAR,1.1,12.02,2.48,0,0,True,synthetic_scenario_generator,26006
2025-03-13,IND_PAR,1.55,21.69,4.14,0,0,True,synthetic_scenario_generator,26006
2025-03-14,IND_PAR,1.06,11.48,1.23,0,0,True,synthetic_scenario_generator,26006
2025-03-15,IND_PAR,0.65,12.79,6.98,0,0,True,synthetic_scenario_generator,26006
2025-03-16,IND_PAR,1.39,19.82,1.28,0,0,True,synthetic_scenario_generator,26006
2025-03-17,IND_PAR,1.41,17.63,0.98,0,0,True,synthetic_scenario_generator,26006
2025-03-18,IND_PAR,0.2,12.23,3.52,0,0,True,synthetic_scenario_generator,26006
2025-03-19,IND_PAR,0.9,22.45,1.03,0,0,True,synthetic_scenario_generator,26006
2025-03-20,IND_PAR,0.3,13.98,3.55,0,0,True,synthetic_scenario_generator,26006
2025-03-21,IND_PAR,0.36,8.47,2.4,0,0,True,synthetic_scenario_generator,26006
2025-03-22,IND_PAR,1.28,10.95,3.59,0,0,True,synthetic_scenario_generator,26006
2025-03-23,IND_PAR,1.09,20.2,7.04,0,0,True,synthetic_scenario_generator,26006
2025-03-24,IND_PAR,1.58,15.25,2.49,0,0,True,synthetic_scenario_generator,26006
2025-03-25,IND_PAR,1.81,20.7,3.76,0,0,True,synthetic_scenario_generator,26006
2025-03-26,IND_PAR,1.44,13.94,3.72,0,0,True,synthetic_scenario_generator,26006
2025-03-27,IND_PAR,1.28,11.68,1.83,0,0,True,synthetic_scenario_generator,26006
2025-03-28,IND_PAR,0.36,12.98,1.85,0,0,True,synthetic_scenario_generator,26006
2025-03-29,IND_PAR,1.66,19.9,2.64,0,0,True,synthetic_scenario_generator,26006
2025-03-30,IND_PAR,1.08,15.26,3.53,0,0,True,synthetic_scenario_generator,26006
2025-03-31,IND_PAR,0.83,11.52,0.96,0,0,True,synthetic_scenario_generator,26006
2025-04-01,IND_PAR,1.34,22.95,2.21,0,0,True,synthetic_scenario_generator,26006
2025-04-02,IND_PAR,1.96,22.97,6.66,0,0,True,synthetic_scenario_generator,26006
2025-04-03,IND_PAR,1.27,14.82,1.01,0,0,True,synthetic_scenario_generator,26006
2025-04-04,IND_PAR,1.82,6.99,2.21,0,0,True,synthetic_scenario_generator,26006
2025-04-05,IND_PAR,1.62,13.32,1.56,0,0,True,synthetic_scenario_generator,26006
2025-04-06,IND_PAR,1.47,11.09,4.32,0,0,True,synthetic_scenario_generator,26006
2025-04-07,IND_PAR,2.05,18.72,6.16,0,0,True,synthetic_scenario_generator,26006
2025-04-08,IND_PAR,1.99,14.93,3.4,0,0,True,synthetic_scenario_generator,26006
2025-04-09,IND_PAR,1.75,22.18,3.52,0,0,True,synthetic_scenario_generator,26006
2025-04-10,IND_PAR,1.73,16.51,2.41,0,0,True,synthetic_scenario_generator,26006
2025-04-11,IND_PAR,1.51,25.36,3.54,0,0,True,synthetic_scenario_generator,26006
2025-04-12,IND_PAR,1.94,16.23,5.37,0,0,True,synthetic_scenario_generator,26006
2025-04-13,IND_PAR,1.78,22.1,6.0,0,0,True,synthetic_scenario_generator,26006
2025-04-14,IND_PAR,0.93,20.38,2.81,0,0,True,synthetic_scenario_generator,26006
2025-04-15,IND_PAR,1.27,25.55,0.96,0,0,True,synthetic_scenario_generator,26006
2025-04-16,IND_PAR,1.18,27.78,2.31,0,0,True,synthetic_scenario_generator,26006
2025-04-17,IND_PAR,1.75,19.03,8.24,0,0,True,synthetic_scenario_generator,26006
2025-04-18,IND_PAR,1.08,18.17,15.23,0,0,True,synthetic_scenario_generator,26006
2025-04-19,IND_PAR,1.56,22.57,12.37,0,0,True,synthetic_scenario_generator,26006
2025-04-20,IND_PAR,1.66,19.97,9.22,0,0,True,synthetic_scenario_generator,26006
2025-04-21,IND_PAR,1.66,22.7,2.72,0,0,True,synthetic_scenario_generator,26006
2025-04-22,IND_PAR,2.79,16.47,3.47,0,0,True,synthetic_scenario_generator,26006
2025-04-23,IND_PAR,1.93,17.25,1.81,0,0,True,synthetic_scenario_generator,26006
2025-04-24,IND_PAR,1.69,24.25,0.53,0,0,True,synthetic_scenario_generator,26006
2025-04-25,IND_PAR,1.64,21.22,6.65,0,0,True,synthetic_scenario_generator,26006
2025-04-26,IND_PAR,0.94,25.75,6.68,0,0,True,synthetic_scenario_generator,26006
2025-04-27,IND_PAR,1.42,20.71,1.52,0,0,True,synthetic_scenario_generator,26006
2025-04-28,IND_PAR,1.56,23.84,6.74,0,0,True,synthetic_scenario_generator,26006
2025-04-29,IND_PAR,1.47,22.42,4.47,0,0,True,synthetic_scenario_generator,26006
2025-04-30,IND_PAR,1.93,17.81,2.31,0,0,True,synthetic_scenario_generator,26006
2025-05-01,IND_PAR,1.46,22.73,1.95,0,0,True,synthetic_scenario_generator,26006
2025-05-02,IND_PAR,1.68,23.91,30.85,0,0,True,synthetic_scenario_generator,26006
2025-05-03,IND_PAR,1.35,19.3,6.32,0,0,True,synthetic_scenario_generator,26006
2025-05-04,IND_PAR,1.3,17.31,0.84,0,0,True,synthetic_scenario_generator,26006
2025-05-05,IND_PAR,0.93,12.27,5.57,0,0,True,synthetic_scenario_generator,26006
2025-05-06,IND_PAR,2.25,20.23,3.39,0,0,True,synthetic_scenario_generator,26006
2025-05-07,IND_PAR,1.19,20.02,8.62,0,0,True,synthetic_scenario_generator,26006
2025-05-08,IND_PAR,1.87,15.16,3.3,0,0,True,synthetic_scenario_generator,26006
2025-05-09,IND_PAR,1.18,16.58,11.33,0,0,True,synthetic_scenario_generator,26006
2025-05-10,IND_PAR,1.01,21.29,2.56,0,0,True,synthetic_scenario_generator,26006
2025-05-11,IND_PAR,1.19,23.31,2.72,0,0,True,synthetic_scenario_generator,26006
2025-05-12,IND_PAR,1.97,24.69,5.58,0,0,True,synthetic_scenario_generator,26006
2025-05-13,IND_PAR,0.77,14.9,1.78,0,0,True,synthetic_scenario_generator,26006
2025-05-14,IND_PAR,1.68,21.02,2.88,0,0,True,synthetic_scenario_generator,26006
2025-05-15,IND_PAR,1.3,25.25,1.5,0,0,True,synthetic_scenario_generator,26006
2025-05-16,IND_PAR,1.91,15.07,1.53,0,0,True,synthetic_scenario_generator,26006
2025-05-17,IND_PAR,1.48,25.7,1.18,0,0,True,synthetic_scenario_generator,26006
2025-05-18,IND_PAR,1.19,21.95,4.82,0,0,True,synthetic_scenario_generator,26006
2025-05-19,IND_PAR,1.27,26.46,2.96,0,0,True,synthetic_scenario_generator,26006
2025-05-20,IND_PAR,1.36,18.11,9.16,0,0,True,synthetic_scenario_generator,26006
2025-05-21,IND_PAR,1.49,6.41,1.3,0,0,True,synthetic_scenario_generator,26006
2025-05-22,IND_PAR,1.74,21.44,7.09,0,0,True,synthetic_scenario_generator,26006
2025-05-23,IND_PAR,2.26,21.75,8.19,0,0,True,synthetic_scenario_generator,26006
2025-05-24,IND_PAR,1.52,22.43,6.36,0,0,True,synthetic_scenario_generator,26006
2025-05-25,IND_PAR,1.55,16.57,8.08,0,0,True,synthetic_scenario_generator,26006
2025-05-26,IND_PAR,2.73,9.47,4.23,0,0,True,synthetic_scenario_generator,26006
2025-05-27,IND_PAR,1.98,20.98,3.69,0,0,True,synthetic_scenario_generator,26006
2025-05-28,IND_PAR,1.6,20.76,0.73,0,0,True,synthetic_scenario_generator,26006
2025-05-29,IND_PAR,1.61,16.04,9.66,0,0,True,synthetic_scenario_generator,26006
2025-05-30,IND_PAR,1.42,26.71,6.74,0,0,True,synthetic_scenario_generator,26006
2025-05-31,IND_PAR,0.86,13.76,3.07,0,0,True,synthetic_scenario_generator,26006
2025-06-01,IND_PAR,2.55,28.89,2.43,0,1,True,synthetic_scenario_generator,26006
2025-06-02,IND_PAR,3.3,35.75,23.66,0,1,True,synthetic_scenario_generator,26006
2025-06-03,IND_PAR,2.67,34.48,13.83,0,1,True,synthetic_scenario_generator,26006
2025-06-04,IND_PAR,2.75,26.0,22.26,0,1,True,synthetic_scenario_generator,26006
2025-06-05,IND_PAR,3.1,34.68,4.11,0,1,True,synthetic_scenario_generator,26006
2025-06-06,IND_PAR,2.9,26.76,21.24,0,1,True,synthetic_scenario_generator,26006
2025-06-07,IND_PAR,2.71,33.58,3.01,0,1,True,synthetic_scenario_generator,26006
2025-06-08,IND_PAR,2.59,29.95,4.69,0,1,True,synthetic_scenario_generator,26006
2025-06-09,IND_PAR,2.41,28.89,8.42,0,1,True,synthetic_scenario_generator,26006
2025-06-10,IND_PAR,3.45,30.28,10.94,1,1,True,synthetic_scenario_generator,26006
2025-06-11,IND_PAR,2.98,33.88,10.11,0,1,True,synthetic_scenario_generator,26006
2025-06-12,IND_PAR,3.26,30.97,7.08,0,1,True,synthetic_scenario_generator,26006
2025-06-13,IND_PAR,1.96,31.42,12.19,0,1,True,synthetic_scenario_generator,26006
2025-06-14,IND_PAR,2.4,30.53,4.6,0,1,True,synthetic_scenario_generator,26006
2025-06-15,IND_PAR,3.28,40.2,1.82,0,1,True,synthetic_scenario_generator,26006
2025-06-16,IND_PAR,2.73,27.69,31.78,0,1,True,synthetic_scenario_generator,26006
2025-06-17,IND_PAR,2.38,27.51,3.02,0,1,True,synthetic_scenario_generator,26006
2025-06-18,IND_PAR,2.43,26.74,9.69,0,1,True,synthetic_scenario_generator,26006
2025-06-19,IND_PAR,2.63,39.59,10.78,0,1,True,synthetic_scenario_generator,26006
2025-06-20,IND_PAR,2.86,35.63,8.16,0,1,True,synthetic_scenario_generator,26006
2025-06-21,IND_PAR,3.0,30.53,15.0,0,1,True,synthetic_scenario_generator,26006
2025-06-22,IND_PAR,2.36,33.41,8.58,0,1,True,synthetic_scenario_generator,26006
2025-06-23,IND_PAR,2.63,41.79,28.81,0,1,True,synthetic_scenario_generator,26006
2025-06-24,IND_PAR,3.51,26.92,48.04,1,1,True,synthetic_scenario_generator,26006
2025-06-25,IND_PAR,3.06,33.78,44.1,0,1,True,synthetic_scenario_generator,26006
2025-06-26,IND_PAR,2.66,32.47,0.35,0,1,True,synthetic_scenario_generator,26006
2025-06-27,IND_PAR,3.16,35.1,1.45,0,1,True,synthetic_scenario_generator,26006
2025-06-28,IND_PAR,2.54,42.08,27.72,0,1,True,synthetic_scenario_generator,26006
2025-06-29,IND_PAR,3.02,36.22,1.32,0,1,True,synthetic_scenario_generator,26006
2025-06-30,IND_PAR,2.11,32.84,2.01,0,1,True,synthetic_scenario_generator,26006
2025-07-01,IND_PAR,1.58,28.42,20.33,0,1,True,synthetic_scenario_generator,26006
2025-07-02,IND_PAR,2.82,26.79,29.03,0,1,True,synthetic_scenario_generator,26006
2025-07-03,IND_PAR,2.45,16.78,24.32,0,1,True,synthetic_scenario_generator,26006
2025-07-04,IND_PAR,2.4,26.33,29.1,0,1,True,synthetic_scenario_generator,26006
2025-07-05,IND_PAR,2.29,31.19,26.17,0,1,True,synthetic_scenario_generator,26006
2025-07-06,IND_PAR,1.89,36.96,0.83,0,1,True,synthetic_scenario_generator,26006
2025-07-07,IND_PAR,2.05,27.55,3.16,0,1,True,synthetic_scenario_generator,26006
2025-07-08,IND_PAR,2.6,31.64,27.37,0,1,True,synthetic_scenario_generator,26006
2025-07-09,IND_PAR,2.17,32.07,12.82,0,1,True,synthetic_scenario_generator,26006
2025-07-10,IND_PAR,2.08,27.81,14.9,0,1,True,synthetic_scenario_generator,26006
2025-07-11,IND_PAR,2.86,29.17,8.45,0,1,True,synthetic_scenario_generator,26006
2025-07-12,IND_PAR,2.44,25.66,8.12,0,1,True,synthetic_scenario_generator,26006
2025-07-13,IND_PAR,1.84,29.1,14.27,0,1,True,synthetic_scenario_generator,26006
2025-07-14,IND_PAR,2.68,22.49,8.66,0,1,True,synthetic_scenario_generator,26006
2025-07-15,IND_PAR,2.84,16.09,5.17,0,1,True,synthetic_scenario_generator,26006
2025-07-16,IND_PAR,2.22,29.55,2.38,0,1,True,synthetic_scenario_generator,26006
2025-07-17,IND_PAR,2.66,26.83,2.72,0,1,True,synthetic_scenario_generator,26006
2025-07-18,IND_PAR,2.33,24.64,5.03,0,1,True,synthetic_scenario_generator,26006
2025-07-19,IND_PAR,1.34,25.41,45.89,0,1,True,synthetic_scenario_generator,26006
2025-07-20,IND_PAR,2.01,36.11,7.84,0,1,True,synthetic_scenario_generator,26006
2025-07-21,IND_PAR,2.23,25.98,1.25,0,1,True,synthetic_scenario_generator,26006
2025-07-22,IND_PAR,2.35,32.75,2.43,0,1,True,synthetic_scenario_generator,26006
2025-07-23,IND_PAR,2.52,24.3,4.35,0,1,True,synthetic_scenario_generator,26006
2025-07-24,IND_PAR,2.43,33.77,3.6,0,1,True,synthetic_scenario_generator,26006
2025-07-25,IND_PAR,2.29,16.98,13.7,0,1,True,synthetic_scenario_generator,26006
2025-07-26,IND_PAR,2.52,28.24,8.66,0,1,True,synthetic_scenario_generator,26006
2025-07-27,IND_PAR,2.23,23.5,11.83,0,1,True,synthetic_scenario_generator,26006
2025-07-28,IND_PAR,2.39,32.22,34.15,0,1,True,synthetic_scenario_generator,26006
2025-07-29,IND_PAR,2.53,30.76,20.69,0,1,True,synthetic_scenario_generator,26006
2025-07-30,IND_PAR,2.18,30.58,14.17,0,1,True,synthetic_scenario_generator,26006
2025-07-31,IND_PAR,2.07,31.14,0.92,0,1,True,synthetic_scenario_generator,26006
2025-08-01,IND_PAR,1.99,32.11,7.13,0,1,True,synthetic_scenario_generator,26006
2025-08-02,IND_PAR,3.51,24.14,24.27,1,1,True,synthetic_scenario_generator,26006
2025-08-03,IND_PAR,2.23,21.72,16.57,0,1,True,synthetic_scenario_generator,26006
2025-08-04,IND_PAR,1.96,28.8,12.01,0,1,True,synthetic_scenario_generator,26006
2025-08-05,IND_PAR,1.55,30.74,10.37,0,1,True,synthetic_scenario_generator,26006
2025-08-06,IND_PAR,2.06,23.47,7.0,0,1,True,synthetic_scenario_generator,26006
2025-08-07,IND_PAR,2.51,30.5,3.0,0,1,True,synthetic_scenario_generator,26006
2025-08-08,IND_PAR,0.99,26.36,25.46,0,1,True,synthetic_scenario_generator,26006
2025-08-09,IND_PAR,2.75,30.84,9.88,0,1,True,synthetic_scenario_generator,26006
2025-08-10,IND_PAR,1.99,30.1,8.83,0,1,True,synthetic_scenario_generator,26006
2025-08-11,IND_PAR,1.77,27.95,34.56,0,1,True,synthetic_scenario_generator,26006
2025-08-12,IND_PAR,1.77,20.69,0.39,0,1,True,synthetic_scenario_generator,26006
2025-08-13,IND_PAR,2.38,29.52,15.33,0,1,True,synthetic_scenario_generator,26006
2025-08-14,IND_PAR,1.81,28.05,19.08,0,1,True,synthetic_scenario_generator,26006
2025-08-15,IND_PAR,2.33,25.72,8.34,0,1,True,synthetic_scenario_generator,26006
2025-08-16,IND_PAR,2.33,27.41,22.97,0,1,True,synthetic_scenario_generator,26006
2025-08-17,IND_PAR,3.09,32.79,14.15,0,1,True,synthetic_scenario_generator,26006
2025-08-18,IND_PAR,2.07,29.8,13.79,0,1,True,synthetic_scenario_generator,26006
2025-08-19,IND_PAR,2.27,25.1,16.99,0,1,True,synthetic_scenario_generator,26006
2025-08-20,IND_PAR,1.22,35.17,62.89,0,1,True,synthetic_scenario_generator,26006
2025-08-21,IND_PAR,2.54,30.74,8.94,0,1,True,synthetic_scenario_generator,26006
2025-08-22,IND_PAR,2.3,18.02,43.03,0,1,True,synthetic_scenario_generator,26006
2025-08-23,IND_PAR,1.41,31.96,29.54,0,1,True,synthetic_scenario_generator,26006
2025-08-24,IND_PAR,2.04,33.47,0.91,0,1,True,synthetic_scenario_generator,26006
2025-08-25,IND_PAR,2.51,30.79,7.27,0,1,True,synthetic_scenario_generator,26006
2025-08-26,IND_PAR,1.52,30.9,27.61,0,1,True,synthetic_scenario_generator,26006
2025-08-27,IND_PAR,1.92,30.12,3.32,0,1,True,synthetic_scenario_generator,26006
2025-08-28,IND_PAR,2.13,19.37,14.0,0,1,True,synthetic_scenario_generator,26006
2025-08-29,IND_PAR,2.95,18.57,1.26,0,1,True,synthetic_scenario_generator,26006
2025-08-30,IND_PAR,1.92,28.34,41.19,0,1,True,synthetic_scenario_generator,26006
2025-08-31,IND_PAR,1.82,28.56,34.58,0,1,True,synthetic_scenario_generator,26006
2025-09-01,IND_PAR,2.25,28.8,15.58,0,1,True,synthetic_scenario_generator,26006
2025-09-02,IND_PAR,2.48,28.79,7.5,0,1,True,synthetic_scenario_generator,26006
2025-09-03,IND_PAR,3.35,29.63,9.23,0,1,True,synthetic_scenario_generator,26006
2025-09-04,IND_PAR,2.36,26.73,39.66,0,1,True,synthetic_scenario_generator,26006
2025-09-05,IND_PAR,2.16,27.82,18.96,0,1,True,synthetic_scenario_generator,26006
2025-09-06,IND_PAR,2.51,14.44,0.26,0,1,True,synthetic_scenario_generator,26006
2025-09-07,IND_PAR,2.56,32.27,17.43,0,1,True,synthetic_scenario_generator,26006
2025-09-08,IND_PAR,2.68,25.41,18.33,0,1,True,synthetic_scenario_generator,26006
2025-09-09,IND_PAR,2.42,30.16,39.48,0,1,True,synthetic_scenario_generator,26006
2025-09-10,IND_PAR,2.34,23.99,15.52,0,1,True,synthetic_scenario_generator,26006
2025-09-11,IND_PAR,2.22,23.7,4.18,0,1,True,synthetic_scenario_generator,26006
2025-09-12,IND_PAR,2.48,28.05,12.15,0,1,True,synthetic_scenario_generator,26006
2025-09-13,IND_PAR,1.73,22.6,34.54,0,1,True,synthetic_scenario_generator,26006
2025-09-14,IND_PAR,2.43,28.04,11.8,0,1,True,synthetic_scenario_generator,26006
2025-09-15,IND_PAR,2.06,35.98,3.58,0,1,True,synthetic_scenario_generator,26006
2025-09-16,IND_PAR,2.06,28.68,1.21,0,1,True,synthetic_scenario_generator,26006
2025-09-17,IND_PAR,2.08,26.35,10.19,0,1,True,synthetic_scenario_generator,26006
2025-09-18,IND_PAR,1.99,29.8,0.77,0,1,True,synthetic_scenario_generator,26006
2025-09-19,IND_PAR,2.09,31.99,14.69,0,1,True,synthetic_scenario_generator,26006
2025-09-20,IND_PAR,1.69,25.94,0.67,0,1,True,synthetic_scenario_generator,26006
2025-09-21,IND_PAR,2.4,26.71,0.14,0,1,True,synthetic_scenario_generator,26006
2025-09-22,IND_PAR,2.17,30.42,20.49,0,1,True,synthetic_scenario_generator,26006
2025-09-23,IND_PAR,1.63,31.86,19.85,0,1,True,synthetic_scenario_generator,26006
2025-09-24,IND_PAR,1.82,34.44,2.89,0,1,True,synthetic_scenario_generator,26006
2025-09-25,IND_PAR,2.81,28.84,21.45,0,1,True,synthetic_scenario_generator,26006
2025-09-26,IND_PAR,2.25,36.72,28.32,0,1,True,synthetic_scenario_generator,26006
2025-09-27,IND_PAR,2.19,22.07,12.62,0,1,True,synthetic_scenario_generator,26006
2025-09-28,IND_PAR,2.48,16.55,19.95,0,1,True,synthetic_scenario_generator,26006
2025-09-29,IND_PAR,2.61,28.93,2.02,0,1,True,synthetic_scenario_generator,26006
2025-09-30,IND_PAR,2.41,16.06,2.46,0,1,True,synthetic_scenario_generator,26006
2025-10-01,IND_PAR,1.12,23.28,2.15,0,0,True,synthetic_scenario_generator,26006
2025-10-02,IND_PAR,1.98,25.15,1.19,0,0,True,synthetic_scenario_generator,26006
2025-10-03,IND_PAR,1.55,14.29,3.34,0,0,True,synthetic_scenario_generator,26006
2025-10-04,IND_PAR,1.62,14.74,1.24,0,0,True,synthetic_scenario_generator,26006
2025-10-05,IND_PAR,1.7,18.49,2.9,0,0,True,synthetic_scenario_generator,26006
2025-10-06,IND_PAR,1.86,19.46,7.77,0,0,True,synthetic_scenario_generator,26006
2025-10-07,IND_PAR,1.36,30.3,6.67,0,0,True,synthetic_scenario_generator,26006
2025-10-08,IND_PAR,1.31,15.62,0.82,0,0,True,synthetic_scenario_generator,26006
2025-10-09,IND_PAR,1.57,21.09,1.62,0,0,True,synthetic_scenario_generator,26006
2025-10-10,IND_PAR,1.25,26.76,0.71,0,0,True,synthetic_scenario_generator,26006
2025-10-11,IND_PAR,1.42,22.58,2.76,0,0,True,synthetic_scenario_generator,26006
2025-10-12,IND_PAR,1.96,23.39,7.6,0,0,True,synthetic_scenario_generator,26006
2025-10-13,IND_PAR,1.63,15.87,6.56,0,0,True,synthetic_scenario_generator,26006
2025-10-14,IND_PAR,1.75,23.28,1.46,0,0,True,synthetic_scenario_generator,26006
2025-10-15,IND_PAR,2.0,15.9,3.85,0,0,True,synthetic_scenario_generator,26006
2025-10-16,IND_PAR,0.96,13.33,7.86,0,0,True,synthetic_scenario_generator,26006
2025-10-17,IND_PAR,1.89,16.57,2.28,0,0,True,synthetic_scenario_generator,26006
2025-10-18,IND_PAR,1.18,14.74,0.8,0,0,True,synthetic_scenario_generator,26006
2025-10-19,IND_PAR,2.31,19.73,6.88,0,0,True,synthetic_scenario_generator,26006
2025-10-20,IND_PAR,1.4,18.38,3.59,0,0,True,synthetic_scenario_generator,26006
2025-10-21,IND_PAR,0.83,18.7,0.69,0,0,True,synthetic_scenario_generator,26006
2025-10-22,IND_PAR,1.71,12.24,2.35,0,0,True,synthetic_scenario_generator,26006
2025-10-23,IND_PAR,2.03,15.24,1.05,0,0,True,synthetic_scenario_generator,26006
2025-10-24,IND_PAR,1.1,18.17,1.86,0,0,True,synthetic_scenario_generator,26006
2025-10-25,IND_PAR,1.11,21.62,5.66,0,0,True,synthetic_scenario_generator,26006
2025-10-26,IND_PAR,1.82,23.1,3.17,0,0,True,synthetic_scenario_generator,26006
2025-10-27,IND_PAR,1.46,14.65,2.48,0,0,True,synthetic_scenario_generator,26006
2025-10-28,IND_PAR,1.84,19.79,9.85,0,0,True,synthetic_scenario_generator,26006
2025-10-29,IND_PAR,1.49,27.18,3.54,0,0,True,synthetic_scenario_generator,26006
2025-10-30,IND_PAR,0.91,14.45,2.25,0,0,True,synthetic_scenario_generator,26006
2025-10-31,IND_PAR,1.62,20.21,2.33,0,0,True,synthetic_scenario_generator,26006
2025-11-01,IND_PAR,1.37,15.29,7.57,0,0,True,synthetic_scenario_generator,26006
2025-11-02,IND_PAR,1.61,20.42,2.24,0,0,True,synthetic_scenario_generator,26006
2025-11-03,IND_PAR,1.17,20.67,1.01,0,0,True,synthetic_scenario_generator,26006
2025-11-04,IND_PAR,1.83,20.53,2.14,0,0,True,synthetic_scenario_generator,26006
2025-11-05,IND_PAR,2.12,22.4,7.6,0,0,True,synthetic_scenario_generator,26006
2025-11-06,IND_PAR,2.27,17.6,0.51,0,0,True,synthetic_scenario_generator,26006
2025-11-07,IND_PAR,1.83,17.93,4.13,0,0,True,synthetic_scenario_generator,26006
2025-11-08,IND_PAR,1.45,20.4,3.2,0,0,True,synthetic_scenario_generator,26006
2025-11-09,IND_PAR,1.65,18.88,8.34,0,0,True,synthetic_scenario_generator,26006
2025-11-10,IND_PAR,1.7,14.49,4.44,0,0,True,synthetic_scenario_generator,26006
2025-11-11,IND_PAR,2.0,12.75,1.84,0,0,True,synthetic_scenario_generator,26006
2025-11-12,IND_PAR,1.7,24.22,0.39,0,0,True,synthetic_scenario_generator,26006
2025-11-13,IND_PAR,1.15,23.1,0.69,0,0,True,synthetic_scenario_generator,26006
2025-11-14,IND_PAR,1.64,13.56,5.99,0,0,True,synthetic_scenario_generator,26006
2025-11-15,IND_PAR,0.78,24.53,5.91,0,0,True,synthetic_scenario_generator,26006
2025-11-16,IND_PAR,1.84,21.43,5.01,0,0,True,synthetic_scenario_generator,26006
2025-11-17,IND_PAR,1.57,23.49,2.98,0,0,True,synthetic_scenario_generator,26006
2025-11-18,IND_PAR,1.71,23.51,4.95,0,0,True,synthetic_scenario_generator,26006
2025-11-19,IND_PAR,1.88,20.27,18.62,0,0,True,synthetic_scenario_generator,26006
2025-11-20,IND_PAR,1.01,15.29,1.04,0,0,True,synthetic_scenario_generator,26006
2025-11-21,IND_PAR,2.03,14.98,9.79,0,0,True,synthetic_scenario_generator,26006
2025-11-22,IND_PAR,1.78,29.32,4.68,0,0,True,synthetic_scenario_generator,26006
2025-11-23,IND_PAR,1.83,20.31,1.88,0,0,True,synthetic_scenario_generator,26006
2025-11-24,IND_PAR,1.06,17.49,5.87,0,0,True,synthetic_scenario_generator,26006
2025-11-25,IND_PAR,1.98,25.39,1.82,0,0,True,synthetic_scenario_generator,26006
2025-11-26,IND_PAR,1.57,21.79,5.35,0,0,True,synthetic_scenario_generator,26006
2025-11-27,IND_PAR,1.4,22.26,0.83,0,0,True,synthetic_scenario_generator,26006
2025-11-28,IND_PAR,1.53,16.42,4.71,0,0,True,synthetic_scenario_generator,26006
2025-11-29,IND_PAR,1.36,9.94,3.5,0,0,True,synthetic_scenario_generator,26006
2025-11-30,IND_PAR,1.53,22.07,3.59,0,0,True,synthetic_scenario_generator,26006
2025-12-01,IND_PAR,1.8,20.65,7.18,0,0,True,synthetic_scenario_generator,26006
2025-12-02,IND_PAR,1.12,17.6,0.48,0,0,True,synthetic_scenario_generator,26006
2025-12-03,IND_PAR,1.48,25.09,3.86,0,0,True,synthetic_scenario_generator,26006
2025-12-04,IND_PAR,1.33,21.44,1.82,0,0,True,synthetic_scenario_generator,26006
2025-12-05,IND_PAR,1.4,17.42,4.91,0,0,True,synthetic_scenario_generator,26006
2025-12-06,IND_PAR,1.97,14.25,4.51,0,0,True,synthetic_scenario_generator,26006
2025-12-07,IND_PAR,0.9,19.77,4.8,0,0,True,synthetic_scenario_generator,26006
2025-12-08,IND_PAR,1.86,19.97,8.39,0,0,True,synthetic_scenario_generator,26006
2025-12-09,IND_PAR,1.47,13.85,0.2,0,0,True,synthetic_scenario_generator,26006
2025-12-10,IND_PAR,1.11,17.5,2.86,0,0,True,synthetic_scenario_generator,26006
2025-12-11,IND_PAR,2.14,19.81,13.65,0,0,True,synthetic_scenario_generator,26006
2025-12-12,IND_PAR,1.53,24.47,4.57,0,0,True,synthetic_scenario_generator,26006
2025-12-13,IND_PAR,1.47,19.14,2.78,0,0,True,synthetic_scenario_generator,26006
2025-12-14,IND_PAR,1.42,17.79,10.94,0,0,True,synthetic_scenario_generator,26006
2025-12-15,IND_PAR,1.37,22.25,0.93,0,0,True,synthetic_scenario_generator,26006
2025-12-16,IND_PAR,1.57,19.28,3.57,0,0,True,synthetic_scenario_generator,26006
2025-12-17,IND_PAR,2.36,22.56,3.58,0,0,True,synthetic_scenario_generator,26006
2025-12-18,IND_PAR,2.08,20.69,2.87,0,0,True,synthetic_scenario_generator,26006
2025-12-19,IND_PAR,1.09,13.51,3.46,0,0,True,synthetic_scenario_generator,26006
2025-12-20,IND_PAR,1.8,12.66,2.61,0,0,True,synthetic_scenario_generator,26006
2025-12-21,IND_PAR,1.04,15.45,1.62,0,0,True,synthetic_scenario_generator,26006
2025-12-22,IND_PAR,0.79,24.49,0.13,0,0,True,synthetic_scenario_generator,26006
2025-12-23,IND_PAR,1.7,24.5,2.64,0,0,True,synthetic_scenario_generator,26006
2025-12-24,IND_PAR,1.41,18.33,0.6,0,0,True,synthetic_scenario_generator,26006
2025-12-25,IND_PAR,1.49,18.22,9.13,0,0,True,synthetic_scenario_generator,26006
2025-12-26,IND_PAR,1.76,11.21,3.22,0,0,True,synthetic_scenario_generator,26006
2025-12-27,IND_PAR,1.87,17.94,4.01,0,0,True,synthetic_scenario_generator,26006
2025-12-28,IND_PAR,1.01,14.71,8.75,0,0,True,synthetic_scenario_generator,26006
2025-12-29,IND_PAR,1.45,14.13,6.11,0,0,True,synthetic_scenario_generator,26006
2025-12-30,IND_PAR,1.55,13.03,2.12,0,0,True,synthetic_scenario_generator,26006
2025-12-31,IND_PAR,1.94,27.06,9.42,0,0,True,synthetic_scenario_generator,26006
2026-01-01,IND_PAR,1.09,15.28,6.94,0,0,True,synthetic_scenario_generator,26006
2026-01-02,IND_PAR,1.6,10.27,4.36,0,0,True,synthetic_scenario_generator,26006
2026-01-03,IND_PAR,0.72,17.83,0.21,0,0,True,synthetic_scenario_generator,26006
2026-01-04,IND_PAR,2.07,9.66,5.37,0,0,True,synthetic_scenario_generator,26006
2026-01-05,IND_PAR,0.69,8.88,0.31,0,0,True,synthetic_scenario_generator,26006
2026-01-06,IND_PAR,1.42,18.86,1.15,0,0,True,synthetic_scenario_generator,26006
2026-01-07,IND_PAR,0.76,12.74,1.61,0,0,True,synthetic_scenario_generator,26006
2026-01-08,IND_PAR,1.25,15.96,12.62,0,0,True,synthetic_scenario_generator,26006
2026-01-09,IND_PAR,1.72,18.92,7.0,0,0,True,synthetic_scenario_generator,26006
2026-01-10,IND_PAR,0.58,11.07,0.51,0,0,True,synthetic_scenario_generator,26006
2026-01-11,IND_PAR,0.85,15.8,12.11,0,0,True,synthetic_scenario_generator,26006
2026-01-12,IND_PAR,0.71,3.69,0.92,0,0,True,synthetic_scenario_generator,26006
2026-01-13,IND_PAR,1.04,10.97,0.25,0,0,True,synthetic_scenario_generator,26006
2026-01-14,IND_PAR,0.82,13.83,4.56,0,0,True,synthetic_scenario_generator,26006
2026-01-15,IND_PAR,1.75,15.91,2.49,0,0,True,synthetic_scenario_generator,26006
2026-01-16,IND_PAR,1.94,15.81,0.58,0,0,True,synthetic_scenario_generator,26006
2026-01-17,IND_PAR,1.38,16.54,1.01,0,0,True,synthetic_scenario_generator,26006
2026-01-18,IND_PAR,1.09,15.33,6.26,0,0,True,synthetic_scenario_generator,26006
2026-01-19,IND_PAR,0.54,24.1,1.23,0,0,True,synthetic_scenario_generator,26006
2026-01-20,IND_PAR,1.24,16.21,9.55,0,0,True,synthetic_scenario_generator,26006
2026-01-21,IND_PAR,1.2,7.16,2.22,0,0,True,synthetic_scenario_generator,26006
2026-01-22,IND_PAR,1.05,24.2,3.56,0,0,True,synthetic_scenario_generator,26006
2026-01-23,IND_PAR,1.11,16.23,5.62,0,0,True,synthetic_scenario_generator,26006
2026-01-24,IND_PAR,1.26,7.47,3.95,0,0,True,synthetic_scenario_generator,26006
2026-01-25,IND_PAR,0.71,17.56,3.2,0,0,True,synthetic_scenario_generator,26006
2026-01-26,IND_PAR,1.28,17.88,7.42,0,0,True,synthetic_scenario_generator,26006
2026-01-27,IND_PAR,0.79,12.07,6.37,0,0,True,synthetic_scenario_generator,26006
2026-01-28,IND_PAR,2.04,12.3,11.46,0,0,True,synthetic_scenario_generator,26006
2026-01-29,IND_PAR,1.66,14.44,10.19,0,0,True,synthetic_scenario_generator,26006
2026-01-30,IND_PAR,1.27,14.25,0.19,0,0,True,synthetic_scenario_generator,26006
2026-01-31,IND_PAR,1.15,15.38,2.2,0,0,True,synthetic_scenario_generator,26006
2026-02-01,IND_PAR,1.31,11.8,1.11,0,0,True,synthetic_scenario_generator,26006
2026-02-02,IND_PAR,1.0,19.13,4.66,0,0,True,synthetic_scenario_generator,26006
2026-02-03,IND_PAR,1.52,5.84,3.59,0,0,True,synthetic_scenario_generator,26006
2026-02-04,IND_PAR,1.34,8.18,0.2,0,0,True,synthetic_scenario_generator,26006
2026-02-05,IND_PAR,1.47,14.69,6.28,0,0,True,synthetic_scenario_generator,26006
2026-02-06,IND_PAR,1.41,14.65,1.62,0,0,True,synthetic_scenario_generator,26006
2026-02-07,IND_PAR,1.76,16.47,3.75,0,0,True,synthetic_scenario_generator,26006
2026-02-08,IND_PAR,1.07,15.97,2.84,0,0,True,synthetic_scenario_generator,26006
2026-02-09,IND_PAR,1.16,25.33,2.93,0,0,True,synthetic_scenario_generator,26006
2026-02-10,IND_PAR,1.52,9.32,6.41,0,0,True,synthetic_scenario_generator,26006
2026-02-11,IND_PAR,1.23,15.63,1.86,0,0,True,synthetic_scenario_generator,26006
2026-02-12,IND_PAR,0.82,23.39,2.63,0,0,True,synthetic_scenario_generator,26006
2026-02-13,IND_PAR,1.17,12.59,0.17,0,0,True,synthetic_scenario_generator,26006
2026-02-14,IND_PAR,0.68,18.06,4.28,0,0,True,synthetic_scenario_generator,26006
2026-02-15,IND_PAR,1.85,19.76,0.81,0,0,True,synthetic_scenario_generator,26006
2026-02-16,IND_PAR,1.25,16.01,3.23,0,0,True,synthetic_scenario_generator,26006
2026-02-17,IND_PAR,0.31,15.69,5.33,0,0,True,synthetic_scenario_generator,26006
2026-02-18,IND_PAR,1.54,14.21,3.24,0,0,True,synthetic_scenario_generator,26006
2026-02-19,IND_PAR,1.06,8.44,1.76,0,0,True,synthetic_scenario_generator,26006
2026-02-20,IND_PAR,1.46,21.93,4.69,0,0,True,synthetic_scenario_generator,26006
2026-02-21,IND_PAR,0.94,14.58,2.03,0,0,True,synthetic_scenario_generator,26006
2026-02-22,IND_PAR,0.72,13.91,0.92,0,0,True,synthetic_scenario_generator,26006
2026-02-23,IND_PAR,0.95,13.47,1.63,0,0,True,synthetic_scenario_generator,26006
2026-02-24,IND_PAR,0.94,6.23,7.64,0,0,True,synthetic_scenario_generator,26006
2026-02-25,IND_PAR,1.64,6.69,2.13,0,0,True,synthetic_scenario_generator,26006
2026-02-26,IND_PAR,1.1,14.71,5.58,0,0,True,synthetic_scenario_generator,26006
2026-02-27,IND_PAR,1.51,9.4,1.16,0,0,True,synthetic_scenario_generator,26006
2026-02-28,IND_PAR,0.96,15.28,8.0,0,0,True,synthetic_scenario_generator,26006
2026-03-01,IND_PAR,0.98,17.33,0.01,0,0,True,synthetic_scenario_generator,26006
2026-03-02,IND_PAR,1.21,9.35,1.1,0,0,True,synthetic_scenario_generator,26006
2026-03-03,IND_PAR,1.01,4.41,4.57,0,0,True,synthetic_scenario_generator,26006
2026-03-04,IND_PAR,1.59,16.6,3.62,0,0,True,synthetic_scenario_generator,26006
2026-03-05,IND_PAR,1.47,9.94,3.92,0,0,True,synthetic_scenario_generator,26006
2026-03-06,IND_PAR,1.82,8.41,1.3,0,0,True,synthetic_scenario_generator,26006
2026-03-07,IND_PAR,0.41,17.74,3.25,0,0,True,synthetic_scenario_generator,26006
2026-03-08,IND_PAR,1.3,21.82,6.81,0,0,True,synthetic_scenario_generator,26006
2026-03-09,IND_PAR,1.16,12.45,4.1,0,0,True,synthetic_scenario_generator,26006
2026-03-10,IND_PAR,0.2,11.01,1.93,0,0,True,synthetic_scenario_generator,26006
2026-03-11,IND_PAR,1.01,2.0,0.66,0,0,True,synthetic_scenario_generator,26006
2026-03-12,IND_PAR,0.76,2.0,0.9,0,0,True,synthetic_scenario_generator,26006
2026-03-13,IND_PAR,1.99,10.05,1.47,0,0,True,synthetic_scenario_generator,26006
2026-03-14,IND_PAR,1.19,11.49,1.5,0,0,True,synthetic_scenario_generator,26006
2026-03-15,IND_PAR,1.12,20.64,2.89,0,0,True,synthetic_scenario_generator,26006
2026-03-16,IND_PAR,1.08,12.26,2.42,0,0,True,synthetic_scenario_generator,26006
2026-03-17,IND_PAR,1.65,15.07,1.66,0,0,True,synthetic_scenario_generator,26006
2026-03-18,IND_PAR,1.6,6.96,10.35,0,0,True,synthetic_scenario_generator,26006
2026-03-19,IND_PAR,0.55,23.01,8.12,0,0,True,synthetic_scenario_generator,26006
2026-03-20,IND_PAR,0.82,20.37,5.9,0,0,True,synthetic_scenario_generator,26006
2026-03-21,IND_PAR,0.94,17.08,4.95,0,0,True,synthetic_scenario_generator,26006
2026-03-22,IND_PAR,1.04,10.4,7.0,0,0,True,synthetic_scenario_generator,26006
2026-03-23,IND_PAR,0.81,15.46,8.43,0,0,True,synthetic_scenario_generator,26006
2026-03-24,IND_PAR,0.84,20.24,5.02,0,0,True,synthetic_scenario_generator,26006
2026-03-25,IND_PAR,0.74,19.11,4.94,0,0,True,synthetic_scenario_generator,26006
2026-03-26,IND_PAR,1.27,25.86,5.36,0,0,True,synthetic_scenario_generator,26006
2026-03-27,IND_PAR,0.91,16.44,2.32,0,0,True,synthetic_scenario_generator,26006
2026-03-28,IND_PAR,0.48,13.64,5.16,0,0,True,synthetic_scenario_generator,26006
2026-03-29,IND_PAR,1.16,14.15,1.15,0,0,True,synthetic_scenario_generator,26006
2026-03-30,IND_PAR,1.12,22.76,3.11,0,0,True,synthetic_scenario_generator,26006
2026-03-31,IND_PAR,1.26,24.29,5.61,0,0,True,synthetic_scenario_generator,26006
2026-04-01,IND_PAR,1.44,20.49,5.45,0,0,True,synthetic_scenario_generator,26006
2026-04-02,IND_PAR,1.78,28.28,5.96,0,0,True,synthetic_scenario_generator,26006
2026-04-03,IND_PAR,1.08,15.48,3.89,0,0,True,synthetic_scenario_generator,26006
2026-04-04,IND_PAR,1.43,14.61,0.54,0,0,True,synthetic_scenario_generator,26006
2026-04-05,IND_PAR,1.05,14.81,5.62,0,0,True,synthetic_scenario_generator,26006
2026-04-06,IND_PAR,1.39,19.74,3.39,0,0,True,synthetic_scenario_generator,26006
2026-04-07,IND_PAR,1.39,23.77,1.29,0,0,True,synthetic_scenario_generator,26006
2026-04-08,IND_PAR,1.4,16.68,4.52,0,0,True,synthetic_scenario_generator,26006
2026-04-09,IND_PAR,1.06,21.04,1.51,0,0,True,synthetic_scenario_generator,26006
2026-04-10,IND_PAR,1.29,24.13,6.74,0,0,True,synthetic_scenario_generator,26006
2026-04-11,IND_PAR,1.75,22.06,0.15,0,0,True,synthetic_scenario_generator,26006
2026-04-12,IND_PAR,2.13,18.85,2.51,0,0,True,synthetic_scenario_generator,26006
2026-04-13,IND_PAR,1.37,24.99,0.26,0,0,True,synthetic_scenario_generator,26006
2026-04-14,IND_PAR,2.2,13.04,0.54,0,0,True,synthetic_scenario_generator,26006
2026-04-15,IND_PAR,1.55,15.58,4.74,0,0,True,synthetic_scenario_generator,26006
2026-04-16,IND_PAR,1.85,16.59,3.49,0,0,True,synthetic_scenario_generator,26006
2026-04-17,IND_PAR,1.29,19.69,2.87,0,0,True,synthetic_scenario_generator,26006
2026-04-18,IND_PAR,1.22,24.06,2.36,0,0,True,synthetic_scenario_generator,26006
2026-04-19,IND_PAR,2.05,14.73,2.2,0,0,True,synthetic_scenario_generator,26006
2026-04-20,IND_PAR,1.02,19.42,6.7,0,0,True,synthetic_scenario_generator,26006
2026-04-21,IND_PAR,1.15,28.09,11.21,0,0,True,synthetic_scenario_generator,26006
2026-04-22,IND_PAR,0.8,9.36,0.58,0,0,True,synthetic_scenario_generator,26006
2026-04-23,IND_PAR,1.76,24.72,1.07,0,0,True,synthetic_scenario_generator,26006
2026-04-24,IND_PAR,1.91,18.73,5.85,0,0,True,synthetic_scenario_generator,26006
2026-04-25,IND_PAR,2.05,23.54,2.15,0,0,True,synthetic_scenario_generator,26006
2026-04-26,IND_PAR,1.89,27.32,3.86,0,0,True,synthetic_scenario_generator,26006
2026-04-27,IND_PAR,1.14,14.96,3.19,0,0,True,synthetic_scenario_generator,26006
2026-04-28,IND_PAR,1.33,20.37,3.0,0,0,True,synthetic_scenario_generator,26006
2026-04-29,IND_PAR,1.56,9.51,1.75,0,0,True,synthetic_scenario_generator,26006
2026-04-30,IND_PAR,1.58,21.01,2.07,0,0,True,synthetic_scenario_generator,26006
2026-05-01,IND_PAR,1.08,23.95,4.43,0,0,True,synthetic_scenario_generator,26006
2026-05-02,IND_PAR,1.91,13.17,1.77,0,0,True,synthetic_scenario_generator,26006
2026-05-03,IND_PAR,1.43,16.4,0.83,0,0,True,synthetic_scenario_generator,26006
2026-05-04,IND_PAR,1.65,15.83,2.33,0,0,True,synthetic_scenario_generator,26006
2026-05-05,IND_PAR,1.34,18.45,3.92,0,0,True,synthetic_scenario_generator,26006
2026-05-06,IND_PAR,1.83,11.83,9.05,0,0,True,synthetic_scenario_generator,26006
2026-05-07,IND_PAR,1.1,23.26,3.3,0,0,True,synthetic_scenario_generator,26006
2026-05-08,IND_PAR,0.8,13.9,0.12,0,0,True,synthetic_scenario_generator,26006
2026-05-09,IND_PAR,2.06,24.73,5.48,0,0,True,synthetic_scenario_generator,26006
2026-05-10,IND_PAR,1.87,15.93,3.22,0,0,True,synthetic_scenario_generator,26006
2026-05-11,IND_PAR,1.55,17.6,6.68,0,0,True,synthetic_scenario_generator,26006
2026-05-12,IND_PAR,1.32,22.61,10.1,0,0,True,synthetic_scenario_generator,26006
2026-05-13,IND_PAR,1.84,9.99,1.98,0,0,True,synthetic_scenario_generator,26006
2026-05-14,IND_PAR,2.11,27.88,1.6,0,0,True,synthetic_scenario_generator,26006
2026-05-15,IND_PAR,1.33,17.9,8.43,0,0,True,synthetic_scenario_generator,26006
2026-05-16,IND_PAR,1.91,27.14,5.84,0,0,True,synthetic_scenario_generator,26006
2026-05-17,IND_PAR,1.3,32.35,1.05,0,0,True,synthetic_scenario_generator,26006
2026-05-18,IND_PAR,1.55,12.45,2.65,0,0,True,synthetic_scenario_generator,26006
2026-05-19,IND_PAR,2.33,26.64,1.32,0,0,True,synthetic_scenario_generator,26006
2026-05-20,IND_PAR,1.79,24.97,0.54,0,0,True,synthetic_scenario_generator,26006
2026-05-21,IND_PAR,2.66,18.12,7.19,0,0,True,synthetic_scenario_generator,26006
2026-05-22,IND_PAR,1.52,20.74,12.52,0,0,True,synthetic_scenario_generator,26006
2026-05-23,IND_PAR,1.52,14.86,5.54,0,0,True,synthetic_scenario_generator,26006
2026-05-24,IND_PAR,1.39,21.3,6.18,0,0,True,synthetic_scenario_generator,26006
2026-05-25,IND_PAR,1.7,18.51,4.08,0,0,True,synthetic_scenario_generator,26006
2026-05-26,IND_PAR,2.03,11.12,3.42,0,0,True,synthetic_scenario_generator,26006
2026-05-27,IND_PAR,1.62,26.16,2.68,0,0,True,synthetic_scenario_generator,26006
2026-05-28,IND_PAR,1.9,10.89,7.08,0,0,True,synthetic_scenario_generator,26006
2026-05-29,IND_PAR,2.42,15.36,1.82,0,0,True,synthetic_scenario_generator,26006
2026-05-30,IND_PAR,1.77,17.65,16.24,0,0,True,synthetic_scenario_generator,26006
2026-05-31,IND_PAR,1.8,28.61,4.06,0,0,True,synthetic_scenario_generator,26006
2026-06-01,IND_PAR,3.14,39.56,33.0,0,1,True,synthetic_scenario_generator,26006
2026-06-02,IND_PAR,2.01,28.04,14.26,0,1,True,synthetic_scenario_generator,26006
2026-06-03,IND_PAR,2.52,31.53,14.62,0,1,True,synthetic_scenario_generator,26006
2026-06-04,IND_PAR,3.05,43.79,5.81,0,1,True,synthetic_scenario_generator,26006
2026-06-05,IND_PAR,3.11,31.81,14.12,0,1,True,synthetic_scenario_generator,26006
2026-06-06,IND_PAR,2.46,27.64,4.61,0,1,True,synthetic_scenario_generator,26006
2026-06-07,IND_PAR,2.52,31.33,5.16,0,1,True,synthetic_scenario_generator,26006
2026-06-08,IND_PAR,3.24,42.04,10.3,0,1,True,synthetic_scenario_generator,26006
2026-06-09,IND_PAR,2.62,39.3,8.7,0,1,True,synthetic_scenario_generator,26006
2026-06-10,IND_PAR,2.82,33.55,15.37,0,1,True,synthetic_scenario_generator,26006
2026-06-11,IND_PAR,3.26,30.93,10.86,0,1,True,synthetic_scenario_generator,26006
2026-06-12,IND_PAR,2.26,27.5,6.4,0,1,True,synthetic_scenario_generator,26006
2026-06-13,IND_PAR,2.85,35.72,64.0,0,1,True,synthetic_scenario_generator,26006
2026-06-14,IND_PAR,3.04,32.85,34.73,0,1,True,synthetic_scenario_generator,26006
2026-06-15,IND_PAR,2.98,26.74,5.05,0,1,True,synthetic_scenario_generator,26006
2026-06-16,IND_PAR,2.05,39.44,1.35,0,1,True,synthetic_scenario_generator,26006
2026-06-17,IND_PAR,2.45,39.61,4.79,0,1,True,synthetic_scenario_generator,26006
2026-06-18,IND_PAR,2.13,32.26,5.0,0,1,True,synthetic_scenario_generator,26006
2026-06-19,IND_PAR,2.86,34.16,17.32,0,1,True,synthetic_scenario_generator,26006
2026-06-20,IND_PAR,2.1,30.63,24.39,0,1,True,synthetic_scenario_generator,26006
2026-06-21,IND_PAR,2.34,30.16,7.56,0,1,True,synthetic_scenario_generator,26006
2026-06-22,IND_PAR,2.95,33.68,2.35,0,1,True,synthetic_scenario_generator,26006
2026-06-23,IND_PAR,3.17,34.78,2.74,0,1,True,synthetic_scenario_generator,26006
2026-06-24,IND_PAR,2.86,25.84,20.47,0,1,True,synthetic_scenario_generator,26006
2026-06-25,IND_PAR,2.07,30.01,10.14,0,1,True,synthetic_scenario_generator,26006
2026-06-26,IND_PAR,2.79,33.11,2.86,0,1,True,synthetic_scenario_generator,26006
2026-06-27,IND_PAR,2.37,33.56,9.29,0,1,True,synthetic_scenario_generator,26006
2026-06-28,IND_PAR,2.29,28.3,16.22,0,1,True,synthetic_scenario_generator,26006
2026-06-29,IND_PAR,2.71,36.35,63.26,0,1,True,synthetic_scenario_generator,26006
2026-06-30,IND_PAR,3.1,30.86,31.23,0,1,True,synthetic_scenario_generator,26006
2026-07-01,IND_PAR,2.61,29.62,32.97,0,1,True,synthetic_scenario_generator,26006
2026-07-02,IND_PAR,2.36,20.03,11.64,0,1,True,synthetic_scenario_generator,26006
2026-07-03,IND_PAR,2.27,19.98,2.96,0,1,True,synthetic_scenario_generator,26006
2026-07-04,IND_PAR,2.73,22.23,18.2,0,1,True,synthetic_scenario_generator,26006
2026-07-05,IND_PAR,1.59,23.12,13.73,0,1,True,synthetic_scenario_generator,26006
2026-07-06,IND_PAR,2.0,39.28,19.07,0,1,True,synthetic_scenario_generator,26006
2026-07-07,IND_PAR,2.03,35.65,5.11,0,1,True,synthetic_scenario_generator,26006
2026-07-08,IND_PAR,2.56,22.42,24.49,0,1,True,synthetic_scenario_generator,26006
2026-07-09,IND_PAR,2.11,17.82,4.84,0,1,True,synthetic_scenario_generator,26006
2026-07-10,IND_PAR,2.9,29.03,4.93,0,1,True,synthetic_scenario_generator,26006
2026-07-11,IND_PAR,2.13,24.66,25.04,0,1,True,synthetic_scenario_generator,26006
2026-07-12,IND_PAR,2.48,34.24,12.18,0,1,True,synthetic_scenario_generator,26006
2026-07-13,IND_PAR,2.77,28.87,13.42,0,1,True,synthetic_scenario_generator,26006
2026-07-14,IND_PAR,1.94,25.22,15.52,0,1,True,synthetic_scenario_generator,26006
2026-07-15,IND_PAR,2.16,24.64,9.57,0,1,True,synthetic_scenario_generator,26006
2026-07-16,IND_PAR,2.25,35.9,22.57,0,1,True,synthetic_scenario_generator,26006
2026-07-17,IND_PAR,2.83,31.33,12.71,0,1,True,synthetic_scenario_generator,26006
2026-07-18,IND_PAR,1.43,26.64,6.84,0,1,True,synthetic_scenario_generator,26006
2026-07-19,IND_PAR,2.1,33.8,7.01,0,1,True,synthetic_scenario_generator,26006
2026-07-20,IND_PAR,1.63,27.94,26.96,0,1,True,synthetic_scenario_generator,26006
2026-07-21,IND_PAR,2.39,17.57,4.95,0,1,True,synthetic_scenario_generator,26006
2026-07-22,IND_PAR,1.8,29.63,15.78,0,1,True,synthetic_scenario_generator,26006
2026-07-23,IND_PAR,2.61,20.38,10.93,0,1,True,synthetic_scenario_generator,26006
2026-07-24,IND_PAR,2.41,29.08,1.71,0,1,True,synthetic_scenario_generator,26006
2026-07-25,IND_PAR,2.29,24.43,37.72,0,1,True,synthetic_scenario_generator,26006
2026-07-26,IND_PAR,2.49,18.8,7.81,0,1,True,synthetic_scenario_generator,26006
2026-07-27,IND_PAR,1.71,24.46,6.78,0,1,True,synthetic_scenario_generator,26006
2026-07-28,IND_PAR,2.47,30.32,9.5,0,1,True,synthetic_scenario_generator,26006
2026-07-29,IND_PAR,2.49,25.3,7.86,0,1,True,synthetic_scenario_generator,26006
2026-07-30,IND_PAR,2.26,23.48,25.51,0,1,True,synthetic_scenario_generator,26006
2026-07-31,IND_PAR,2.31,31.99,5.11,0,1,True,synthetic_scenario_generator,26006
2026-08-01,IND_PAR,2.12,31.03,7.78,0,1,True,synthetic_scenario_generator,26006
2026-08-02,IND_PAR,2.41,30.49,1.02,0,1,True,synthetic_scenario_generator,26006
2026-08-03,IND_PAR,1.93,20.87,3.98,0,1,True,synthetic_scenario_generator,26006
2026-08-04,IND_PAR,1.95,26.55,11.15,0,1,True,synthetic_scenario_generator,26006
2026-08-05,IND_PAR,2.73,30.04,27.6,0,1,True,synthetic_scenario_generator,26006
2026-08-06,IND_PAR,2.77,14.1,33.16,0,1,True,synthetic_scenario_generator,26006
2026-08-07,IND_PAR,2.26,31.86,17.37,0,1,True,synthetic_scenario_generator,26006
2026-08-08,IND_PAR,2.3,26.15,3.45,0,1,True,synthetic_scenario_generator,26006
2026-08-09,IND_PAR,2.04,19.16,9.98,0,1,True,synthetic_scenario_generator,26006
2026-08-10,IND_PAR,2.45,26.45,2.11,0,1,True,synthetic_scenario_generator,26006
2026-08-11,IND_PAR,1.87,15.93,2.38,0,1,True,synthetic_scenario_generator,26006
2026-08-12,IND_PAR,2.36,26.86,5.24,0,1,True,synthetic_scenario_generator,26006
2026-08-13,IND_PAR,1.97,27.87,3.89,0,1,True,synthetic_scenario_generator,26006
2026-08-14,IND_PAR,2.74,31.65,5.68,0,1,True,synthetic_scenario_generator,26006
2026-08-15,IND_PAR,2.28,27.65,8.89,0,1,True,synthetic_scenario_generator,26006
2026-08-16,IND_PAR,2.22,27.93,22.78,0,1,True,synthetic_scenario_generator,26006
2026-08-17,IND_PAR,1.7,27.65,6.32,0,1,True,synthetic_scenario_generator,26006
2026-08-18,IND_PAR,2.55,33.22,32.65,0,1,True,synthetic_scenario_generator,26006
2026-08-19,IND_PAR,2.64,22.31,8.72,0,1,True,synthetic_scenario_generator,26006
2026-08-20,IND_PAR,1.93,19.53,15.48,0,1,True,synthetic_scenario_generator,26006
2026-08-21,IND_PAR,2.16,29.12,3.0,0,1,True,synthetic_scenario_generator,26006
2026-08-22,IND_PAR,1.71,28.57,8.21,0,1,True,synthetic_scenario_generator,26006
2026-08-23,IND_PAR,2.22,24.65,72.8,0,1,True,synthetic_scenario_generator,26006
2026-08-24,IND_PAR,2.33,29.76,19.79,0,1,True,synthetic_scenario_generator,26006
2026-08-25,IND_PAR,1.9,28.32,20.94,0,1,True,synthetic_scenario_generator,26006
2026-08-26,IND_PAR,2.37,26.75,32.55,0,1,True,synthetic_scenario_generator,26006
2026-08-27,IND_PAR,1.87,26.52,8.52,0,1,True,synthetic_scenario_generator,26006
2026-08-28,IND_PAR,2.08,26.0,4.13,0,1,True,synthetic_scenario_generator,26006
2026-08-29,IND_PAR,1.94,24.95,2.14,0,1,True,synthetic_scenario_generator,26006
2026-08-30,IND_PAR,2.0,23.43,13.25,0,1,True,synthetic_scenario_generator,26006
2026-08-31,IND_PAR,2.51,25.49,9.79,0,1,True,synthetic_scenario_generator,26006
2020-01-01,IND_DHA,0.93,4.3,4.34,0,0,True,synthetic_scenario_generator,26006
2020-01-02,IND_DHA,0.88,17.14,1.51,0,0,True,synthetic_scenario_generator,26006
2020-01-03,IND_DHA,0.74,10.74,4.29,0,0,True,synthetic_scenario_generator,26006
2020-01-04,IND_DHA,0.64,17.8,2.81,0,0,True,synthetic_scenario_generator,26006
2020-01-05,IND_DHA,1.43,11.85,7.59,0,0,True,synthetic_scenario_generator,26006
2020-01-06,IND_DHA,2.08,16.89,2.01,0,0,True,synthetic_scenario_generator,26006
2020-01-07,IND_DHA,1.28,20.44,2.41,0,0,True,synthetic_scenario_generator,26006
2020-01-08,IND_DHA,1.0,7.19,0.02,0,0,True,synthetic_scenario_generator,26006
2020-01-09,IND_DHA,1.03,16.02,3.05,0,0,True,synthetic_scenario_generator,26006
2020-01-10,IND_DHA,0.52,10.14,4.72,0,0,True,synthetic_scenario_generator,26006
2020-01-11,IND_DHA,1.94,12.32,1.8,0,0,True,synthetic_scenario_generator,26006
2020-01-12,IND_DHA,1.36,17.97,1.43,0,0,True,synthetic_scenario_generator,26006
2020-01-13,IND_DHA,1.7,12.94,6.03,0,0,True,synthetic_scenario_generator,26006
2020-01-14,IND_DHA,0.2,8.49,2.43,0,0,True,synthetic_scenario_generator,26006
2020-01-15,IND_DHA,1.29,15.9,4.46,0,0,True,synthetic_scenario_generator,26006
2020-01-16,IND_DHA,1.88,5.76,8.88,0,0,True,synthetic_scenario_generator,26006
2020-01-17,IND_DHA,1.79,18.26,5.31,0,0,True,synthetic_scenario_generator,26006
2020-01-18,IND_DHA,1.33,7.19,5.93,0,0,True,synthetic_scenario_generator,26006
2020-01-19,IND_DHA,1.55,18.09,6.97,0,0,True,synthetic_scenario_generator,26006
2020-01-20,IND_DHA,1.09,8.24,2.3,0,0,True,synthetic_scenario_generator,26006
2020-01-21,IND_DHA,1.04,2.0,4.33,0,0,True,synthetic_scenario_generator,26006
2020-01-22,IND_DHA,0.83,28.52,2.65,0,0,True,synthetic_scenario_generator,26006
2020-01-23,IND_DHA,1.01,4.57,1.83,0,0,True,synthetic_scenario_generator,26006
2020-01-24,IND_DHA,1.17,16.66,7.89,0,0,True,synthetic_scenario_generator,26006
2020-01-25,IND_DHA,1.33,16.2,0.93,0,0,True,synthetic_scenario_generator,26006
2020-01-26,IND_DHA,1.35,14.37,13.94,0,0,True,synthetic_scenario_generator,26006
2020-01-27,IND_DHA,0.2,7.79,1.99,0,0,True,synthetic_scenario_generator,26006
2020-01-28,IND_DHA,0.77,16.97,2.2,0,0,True,synthetic_scenario_generator,26006
2020-01-29,IND_DHA,1.28,6.24,1.61,0,0,True,synthetic_scenario_generator,26006
2020-01-30,IND_DHA,1.34,11.29,0.59,0,0,True,synthetic_scenario_generator,26006
2020-01-31,IND_DHA,1.11,11.49,1.13,0,0,True,synthetic_scenario_generator,26006
2020-02-01,IND_DHA,0.96,16.07,1.14,0,0,True,synthetic_scenario_generator,26006
2020-02-02,IND_DHA,1.11,9.65,2.35,0,0,True,synthetic_scenario_generator,26006
2020-02-03,IND_DHA,1.55,15.67,2.36,0,0,True,synthetic_scenario_generator,26006
2020-02-04,IND_DHA,1.73,10.16,5.51,0,0,True,synthetic_scenario_generator,26006
2020-02-05,IND_DHA,1.37,24.7,4.18,0,0,True,synthetic_scenario_generator,26006
2020-02-06,IND_DHA,1.12,5.24,15.83,0,0,True,synthetic_scenario_generator,26006
2020-02-07,IND_DHA,1.12,15.81,1.0,0,0,True,synthetic_scenario_generator,26006
2020-02-08,IND_DHA,1.0,5.14,3.41,0,0,True,synthetic_scenario_generator,26006
2020-02-09,IND_DHA,0.68,15.31,1.76,0,0,True,synthetic_scenario_generator,26006
2020-02-10,IND_DHA,1.56,17.79,1.16,0,0,True,synthetic_scenario_generator,26006
2020-02-11,IND_DHA,1.51,20.23,3.05,0,0,True,synthetic_scenario_generator,26006
2020-02-12,IND_DHA,0.54,14.33,2.61,0,0,True,synthetic_scenario_generator,26006
2020-02-13,IND_DHA,1.18,17.38,5.34,0,0,True,synthetic_scenario_generator,26006
2020-02-14,IND_DHA,0.91,11.08,0.62,0,0,True,synthetic_scenario_generator,26006
2020-02-15,IND_DHA,0.71,18.76,3.38,0,0,True,synthetic_scenario_generator,26006
2020-02-16,IND_DHA,1.09,11.4,1.6,0,0,True,synthetic_scenario_generator,26006
2020-02-17,IND_DHA,0.88,12.52,1.06,0,0,True,synthetic_scenario_generator,26006
2020-02-18,IND_DHA,1.34,14.63,1.32,0,0,True,synthetic_scenario_generator,26006
2020-02-19,IND_DHA,0.92,16.89,1.36,0,0,True,synthetic_scenario_generator,26006
2020-02-20,IND_DHA,0.61,16.9,3.45,0,0,True,synthetic_scenario_generator,26006
2020-02-21,IND_DHA,0.47,8.34,1.42,0,0,True,synthetic_scenario_generator,26006
2020-02-22,IND_DHA,0.78,9.31,4.18,0,0,True,synthetic_scenario_generator,26006
2020-02-23,IND_DHA,1.32,11.75,3.45,0,0,True,synthetic_scenario_generator,26006
2020-02-24,IND_DHA,1.03,13.2,9.65,0,0,True,synthetic_scenario_generator,26006
2020-02-25,IND_DHA,0.39,5.74,1.93,0,0,True,synthetic_scenario_generator,26006
2020-02-26,IND_DHA,1.08,16.92,3.95,0,0,True,synthetic_scenario_generator,26006
2020-02-27,IND_DHA,1.54,20.09,3.72,0,0,True,synthetic_scenario_generator,26006
2020-02-28,IND_DHA,0.82,15.75,7.66,0,0,True,synthetic_scenario_generator,26006
2020-02-29,IND_DHA,0.51,17.8,2.3,0,0,True,synthetic_scenario_generator,26006
2020-03-01,IND_DHA,0.95,15.25,5.62,0,0,True,synthetic_scenario_generator,26006
2020-03-02,IND_DHA,0.89,6.89,3.15,0,0,True,synthetic_scenario_generator,26006
2020-03-03,IND_DHA,1.08,10.36,6.99,0,0,True,synthetic_scenario_generator,26006
2020-03-04,IND_DHA,0.81,9.99,1.42,0,0,True,synthetic_scenario_generator,26006
2020-03-05,IND_DHA,0.46,13.31,1.0,0,0,True,synthetic_scenario_generator,26006
2020-03-06,IND_DHA,0.63,10.11,0.36,0,0,True,synthetic_scenario_generator,26006
2020-03-07,IND_DHA,1.45,22.12,2.93,0,0,True,synthetic_scenario_generator,26006
2020-03-08,IND_DHA,0.97,17.36,4.12,0,0,True,synthetic_scenario_generator,26006
2020-03-09,IND_DHA,0.85,14.13,3.57,0,0,True,synthetic_scenario_generator,26006
2020-03-10,IND_DHA,0.93,12.5,3.29,0,0,True,synthetic_scenario_generator,26006
2020-03-11,IND_DHA,1.22,13.12,0.27,0,0,True,synthetic_scenario_generator,26006
2020-03-12,IND_DHA,1.18,16.89,17.77,0,0,True,synthetic_scenario_generator,26006
2020-03-13,IND_DHA,1.43,9.5,2.75,0,0,True,synthetic_scenario_generator,26006
2020-03-14,IND_DHA,0.85,19.4,0.21,0,0,True,synthetic_scenario_generator,26006
2020-03-15,IND_DHA,0.96,3.99,17.6,0,0,True,synthetic_scenario_generator,26006
2020-03-16,IND_DHA,0.9,18.48,0.83,0,0,True,synthetic_scenario_generator,26006
2020-03-17,IND_DHA,1.14,3.68,3.29,0,0,True,synthetic_scenario_generator,26006
2020-03-18,IND_DHA,1.21,14.09,4.96,0,0,True,synthetic_scenario_generator,26006
2020-03-19,IND_DHA,2.01,12.58,13.35,0,0,True,synthetic_scenario_generator,26006
2020-03-20,IND_DHA,1.49,10.39,0.83,0,0,True,synthetic_scenario_generator,26006
2020-03-21,IND_DHA,0.78,22.41,0.47,0,0,True,synthetic_scenario_generator,26006
2020-03-22,IND_DHA,1.28,14.2,3.94,0,0,True,synthetic_scenario_generator,26006
2020-03-23,IND_DHA,0.68,10.39,4.1,0,0,True,synthetic_scenario_generator,26006
2020-03-24,IND_DHA,1.31,14.25,3.62,0,0,True,synthetic_scenario_generator,26006
2020-03-25,IND_DHA,1.02,20.55,12.11,0,0,True,synthetic_scenario_generator,26006
2020-03-26,IND_DHA,1.32,9.57,0.51,0,0,True,synthetic_scenario_generator,26006
2020-03-27,IND_DHA,1.38,19.09,1.35,0,0,True,synthetic_scenario_generator,26006
2020-03-28,IND_DHA,0.74,21.33,0.99,0,0,True,synthetic_scenario_generator,26006
2020-03-29,IND_DHA,1.11,14.88,2.02,0,0,True,synthetic_scenario_generator,26006
2020-03-30,IND_DHA,0.81,6.73,1.53,0,0,True,synthetic_scenario_generator,26006
2020-03-31,IND_DHA,1.3,12.9,1.3,0,0,True,synthetic_scenario_generator,26006
2020-04-01,IND_DHA,1.55,22.09,9.8,0,0,True,synthetic_scenario_generator,26006
2020-04-02,IND_DHA,1.31,17.69,4.37,0,0,True,synthetic_scenario_generator,26006
2020-04-03,IND_DHA,2.16,18.45,3.79,0,0,True,synthetic_scenario_generator,26006
2020-04-04,IND_DHA,1.3,20.58,6.67,0,0,True,synthetic_scenario_generator,26006
2020-04-05,IND_DHA,1.34,19.22,4.83,0,0,True,synthetic_scenario_generator,26006
2020-04-06,IND_DHA,0.95,15.18,1.02,0,0,True,synthetic_scenario_generator,26006
2020-04-07,IND_DHA,1.88,14.68,0.24,0,0,True,synthetic_scenario_generator,26006
2020-04-08,IND_DHA,2.19,9.69,3.73,0,0,True,synthetic_scenario_generator,26006
2020-04-09,IND_DHA,1.61,17.5,4.57,0,0,True,synthetic_scenario_generator,26006
2020-04-10,IND_DHA,1.58,20.22,6.19,0,0,True,synthetic_scenario_generator,26006
2020-04-11,IND_DHA,2.23,29.2,6.52,0,0,True,synthetic_scenario_generator,26006
2020-04-12,IND_DHA,1.14,27.22,0.82,0,0,True,synthetic_scenario_generator,26006
2020-04-13,IND_DHA,2.44,15.27,2.16,0,0,True,synthetic_scenario_generator,26006
2020-04-14,IND_DHA,1.46,24.75,1.98,0,0,True,synthetic_scenario_generator,26006
2020-04-15,IND_DHA,1.68,13.04,0.85,0,0,True,synthetic_scenario_generator,26006
2020-04-16,IND_DHA,1.62,21.12,14.92,0,0,True,synthetic_scenario_generator,26006
2020-04-17,IND_DHA,1.9,17.03,0.49,0,0,True,synthetic_scenario_generator,26006
2020-04-18,IND_DHA,1.12,15.54,1.45,0,0,True,synthetic_scenario_generator,26006
2020-04-19,IND_DHA,1.06,25.05,1.11,0,0,True,synthetic_scenario_generator,26006
2020-04-20,IND_DHA,1.47,11.3,2.11,0,0,True,synthetic_scenario_generator,26006
2020-04-21,IND_DHA,1.24,21.86,3.79,0,0,True,synthetic_scenario_generator,26006
2020-04-22,IND_DHA,1.68,19.73,7.92,0,0,True,synthetic_scenario_generator,26006
2020-04-23,IND_DHA,0.92,21.86,1.17,0,0,True,synthetic_scenario_generator,26006
2020-04-24,IND_DHA,1.6,13.18,5.24,0,0,True,synthetic_scenario_generator,26006
2020-04-25,IND_DHA,1.14,20.98,4.8,0,0,True,synthetic_scenario_generator,26006
2020-04-26,IND_DHA,2.42,10.03,4.22,0,0,True,synthetic_scenario_generator,26006
2020-04-27,IND_DHA,2.11,32.0,2.95,0,0,True,synthetic_scenario_generator,26006
2020-04-28,IND_DHA,1.02,10.42,7.01,0,0,True,synthetic_scenario_generator,26006
2020-04-29,IND_DHA,0.93,21.64,6.77,0,0,True,synthetic_scenario_generator,26006
2020-04-30,IND_DHA,1.53,16.41,0.31,0,0,True,synthetic_scenario_generator,26006
2020-05-01,IND_DHA,2.28,21.49,8.61,0,0,True,synthetic_scenario_generator,26006
2020-05-02,IND_DHA,1.78,18.47,0.39,0,0,True,synthetic_scenario_generator,26006
2020-05-03,IND_DHA,1.64,22.9,6.68,0,0,True,synthetic_scenario_generator,26006
2020-05-04,IND_DHA,1.54,23.88,1.22,0,0,True,synthetic_scenario_generator,26006
2020-05-05,IND_DHA,1.34,16.24,1.71,0,0,True,synthetic_scenario_generator,26006
2020-05-06,IND_DHA,1.8,17.09,2.81,0,0,True,synthetic_scenario_generator,26006
2020-05-07,IND_DHA,1.28,18.57,1.58,0,0,True,synthetic_scenario_generator,26006
2020-05-08,IND_DHA,1.15,16.87,1.97,0,0,True,synthetic_scenario_generator,26006
2020-05-09,IND_DHA,2.11,23.95,3.78,0,0,True,synthetic_scenario_generator,26006
2020-05-10,IND_DHA,1.56,33.8,0.99,0,0,True,synthetic_scenario_generator,26006
2020-05-11,IND_DHA,2.1,19.47,0.35,0,0,True,synthetic_scenario_generator,26006
2020-05-12,IND_DHA,1.7,31.03,1.86,0,0,True,synthetic_scenario_generator,26006
2020-05-13,IND_DHA,1.5,10.27,7.07,0,0,True,synthetic_scenario_generator,26006
2020-05-14,IND_DHA,1.86,19.97,7.14,0,0,True,synthetic_scenario_generator,26006
2020-05-15,IND_DHA,1.01,21.29,3.37,0,0,True,synthetic_scenario_generator,26006
2020-05-16,IND_DHA,2.12,13.77,4.03,0,0,True,synthetic_scenario_generator,26006
2020-05-17,IND_DHA,1.08,16.4,8.17,0,0,True,synthetic_scenario_generator,26006
2020-05-18,IND_DHA,1.66,18.26,0.92,0,0,True,synthetic_scenario_generator,26006
2020-05-19,IND_DHA,1.11,14.91,1.51,0,0,True,synthetic_scenario_generator,26006
2020-05-20,IND_DHA,1.56,17.53,9.32,0,0,True,synthetic_scenario_generator,26006
2020-05-21,IND_DHA,1.88,25.22,3.6,0,0,True,synthetic_scenario_generator,26006
2020-05-22,IND_DHA,1.73,19.04,0.37,0,0,True,synthetic_scenario_generator,26006
2020-05-23,IND_DHA,1.95,16.3,11.88,0,0,True,synthetic_scenario_generator,26006
2020-05-24,IND_DHA,1.83,26.37,4.47,0,0,True,synthetic_scenario_generator,26006
2020-05-25,IND_DHA,1.87,18.57,2.18,0,0,True,synthetic_scenario_generator,26006
2020-05-26,IND_DHA,1.44,19.0,3.6,0,0,True,synthetic_scenario_generator,26006
2020-05-27,IND_DHA,1.43,24.28,6.6,0,0,True,synthetic_scenario_generator,26006
2020-05-28,IND_DHA,1.68,17.42,2.3,0,0,True,synthetic_scenario_generator,26006
2020-05-29,IND_DHA,2.05,19.05,5.74,0,0,True,synthetic_scenario_generator,26006
2020-05-30,IND_DHA,2.01,21.95,3.21,0,0,True,synthetic_scenario_generator,26006
2020-05-31,IND_DHA,1.56,16.04,4.59,0,0,True,synthetic_scenario_generator,26006
2020-06-01,IND_DHA,3.43,40.34,2.35,1,1,True,synthetic_scenario_generator,26006
2020-06-02,IND_DHA,2.63,41.22,71.06,0,1,True,synthetic_scenario_generator,26006
2020-06-03,IND_DHA,2.9,30.87,15.13,0,1,True,synthetic_scenario_generator,26006
2020-06-04,IND_DHA,3.14,21.48,18.83,0,1,True,synthetic_scenario_generator,26006
2020-06-05,IND_DHA,2.88,30.66,11.81,0,1,True,synthetic_scenario_generator,26006
2020-06-06,IND_DHA,2.86,32.03,2.04,0,1,True,synthetic_scenario_generator,26006
2020-06-07,IND_DHA,3.25,33.45,43.66,0,1,True,synthetic_scenario_generator,26006
2020-06-08,IND_DHA,2.69,31.0,29.45,0,1,True,synthetic_scenario_generator,26006
2020-06-09,IND_DHA,2.22,31.89,2.4,0,1,True,synthetic_scenario_generator,26006
2020-06-10,IND_DHA,3.36,34.19,12.88,0,1,True,synthetic_scenario_generator,26006
2020-06-11,IND_DHA,2.88,35.49,6.82,0,1,True,synthetic_scenario_generator,26006
2020-06-12,IND_DHA,2.27,27.3,2.4,0,1,True,synthetic_scenario_generator,26006
2020-06-13,IND_DHA,2.5,35.85,11.16,0,1,True,synthetic_scenario_generator,26006
2020-06-14,IND_DHA,2.72,38.38,30.26,0,1,True,synthetic_scenario_generator,26006
2020-06-15,IND_DHA,1.92,33.3,15.38,0,1,True,synthetic_scenario_generator,26006
2020-06-16,IND_DHA,2.86,33.69,21.37,0,1,True,synthetic_scenario_generator,26006
2020-06-17,IND_DHA,2.09,29.71,36.57,0,1,True,synthetic_scenario_generator,26006
2020-06-18,IND_DHA,3.3,38.54,4.54,0,1,True,synthetic_scenario_generator,26006
2020-06-19,IND_DHA,2.37,29.15,10.43,0,1,True,synthetic_scenario_generator,26006
2020-06-20,IND_DHA,2.43,31.43,31.14,0,1,True,synthetic_scenario_generator,26006
2020-06-21,IND_DHA,2.43,36.46,10.06,0,1,True,synthetic_scenario_generator,26006
2020-06-22,IND_DHA,3.19,23.21,21.62,0,1,True,synthetic_scenario_generator,26006
2020-06-23,IND_DHA,2.78,31.51,7.8,0,1,True,synthetic_scenario_generator,26006
2020-06-24,IND_DHA,3.28,28.78,3.64,0,1,True,synthetic_scenario_generator,26006
2020-06-25,IND_DHA,2.12,33.74,4.1,0,1,True,synthetic_scenario_generator,26006
2020-06-26,IND_DHA,2.63,28.97,6.5,0,1,True,synthetic_scenario_generator,26006
2020-06-27,IND_DHA,2.97,29.23,34.3,0,1,True,synthetic_scenario_generator,26006
2020-06-28,IND_DHA,2.83,31.15,17.11,0,1,True,synthetic_scenario_generator,26006
2020-06-29,IND_DHA,2.73,48.04,17.84,1,1,True,synthetic_scenario_generator,26006
2020-06-30,IND_DHA,2.02,32.89,14.94,0,1,True,synthetic_scenario_generator,26006
2020-07-01,IND_DHA,2.46,29.13,20.49,0,1,True,synthetic_scenario_generator,26006
2020-07-02,IND_DHA,2.53,24.59,23.33,0,1,True,synthetic_scenario_generator,26006
2020-07-03,IND_DHA,2.87,28.92,6.21,0,1,True,synthetic_scenario_generator,26006
2020-07-04,IND_DHA,1.88,23.82,4.44,0,1,True,synthetic_scenario_generator,26006
2020-07-05,IND_DHA,1.5,26.54,33.6,0,1,True,synthetic_scenario_generator,26006
2020-07-06,IND_DHA,2.44,26.57,1.76,0,1,True,synthetic_scenario_generator,26006
2020-07-07,IND_DHA,2.41,25.44,3.8,0,1,True,synthetic_scenario_generator,26006
2020-07-08,IND_DHA,2.27,25.72,32.04,0,1,True,synthetic_scenario_generator,26006
2020-07-09,IND_DHA,2.6,19.85,6.56,0,1,True,synthetic_scenario_generator,26006
2020-07-10,IND_DHA,3.04,32.19,14.17,0,1,True,synthetic_scenario_generator,26006
2020-07-11,IND_DHA,2.36,20.31,5.65,0,1,True,synthetic_scenario_generator,26006
2020-07-12,IND_DHA,2.72,25.47,2.59,0,1,True,synthetic_scenario_generator,26006
2020-07-13,IND_DHA,2.61,24.94,15.26,0,1,True,synthetic_scenario_generator,26006
2020-07-14,IND_DHA,2.68,28.02,13.57,0,1,True,synthetic_scenario_generator,26006
2020-07-15,IND_DHA,2.68,22.75,1.98,0,1,True,synthetic_scenario_generator,26006
2020-07-16,IND_DHA,1.87,29.09,4.96,0,1,True,synthetic_scenario_generator,26006
2020-07-17,IND_DHA,2.43,23.96,11.12,0,1,True,synthetic_scenario_generator,26006
2020-07-18,IND_DHA,2.42,31.37,6.23,0,1,True,synthetic_scenario_generator,26006
2020-07-19,IND_DHA,1.69,31.11,23.12,0,1,True,synthetic_scenario_generator,26006
2020-07-20,IND_DHA,1.97,31.14,0.05,0,1,True,synthetic_scenario_generator,26006
2020-07-21,IND_DHA,2.43,31.16,6.24,0,1,True,synthetic_scenario_generator,26006
2020-07-22,IND_DHA,2.38,23.49,13.73,0,1,True,synthetic_scenario_generator,26006
2020-07-23,IND_DHA,3.2,22.59,6.25,0,1,True,synthetic_scenario_generator,26006
2020-07-24,IND_DHA,2.13,31.59,8.06,0,1,True,synthetic_scenario_generator,26006
2020-07-25,IND_DHA,2.23,24.97,15.86,0,1,True,synthetic_scenario_generator,26006
2020-07-26,IND_DHA,1.9,28.72,6.14,0,1,True,synthetic_scenario_generator,26006
2020-07-27,IND_DHA,2.21,27.41,22.16,0,1,True,synthetic_scenario_generator,26006
2020-07-28,IND_DHA,1.75,33.72,0.18,0,1,True,synthetic_scenario_generator,26006
2020-07-29,IND_DHA,2.37,24.83,9.0,0,1,True,synthetic_scenario_generator,26006
2020-07-30,IND_DHA,2.24,26.78,18.81,0,1,True,synthetic_scenario_generator,26006
2020-07-31,IND_DHA,2.13,25.17,18.02,0,1,True,synthetic_scenario_generator,26006
2020-08-01,IND_DHA,1.77,24.22,18.6,0,1,True,synthetic_scenario_generator,26006
2020-08-02,IND_DHA,1.69,21.35,38.64,0,1,True,synthetic_scenario_generator,26006
2020-08-03,IND_DHA,1.39,30.02,17.84,0,1,True,synthetic_scenario_generator,26006
2020-08-04,IND_DHA,2.04,25.58,18.43,0,1,True,synthetic_scenario_generator,26006
2020-08-05,IND_DHA,2.89,23.87,16.94,0,1,True,synthetic_scenario_generator,26006
2020-08-06,IND_DHA,2.24,11.29,11.73,0,1,True,synthetic_scenario_generator,26006
2020-08-07,IND_DHA,2.51,27.94,3.43,0,1,True,synthetic_scenario_generator,26006
2020-08-08,IND_DHA,2.12,25.46,7.14,0,1,True,synthetic_scenario_generator,26006
2020-08-09,IND_DHA,2.42,27.4,5.78,0,1,True,synthetic_scenario_generator,26006
2020-08-10,IND_DHA,1.77,15.98,24.75,0,1,True,synthetic_scenario_generator,26006
2020-08-11,IND_DHA,2.49,12.28,4.18,0,1,True,synthetic_scenario_generator,26006
2020-08-12,IND_DHA,2.37,25.63,8.23,0,1,True,synthetic_scenario_generator,26006
2020-08-13,IND_DHA,2.46,24.24,12.08,0,1,True,synthetic_scenario_generator,26006
2020-08-14,IND_DHA,2.74,27.22,37.02,0,1,True,synthetic_scenario_generator,26006
2020-08-15,IND_DHA,1.72,27.78,8.5,0,1,True,synthetic_scenario_generator,26006
2020-08-16,IND_DHA,2.16,25.95,10.83,0,1,True,synthetic_scenario_generator,26006
2020-08-17,IND_DHA,2.2,30.62,11.12,0,1,True,synthetic_scenario_generator,26006
2020-08-18,IND_DHA,1.67,23.16,15.61,0,1,True,synthetic_scenario_generator,26006
2020-08-19,IND_DHA,2.65,29.63,14.36,0,1,True,synthetic_scenario_generator,26006
2020-08-20,IND_DHA,3.14,17.64,7.48,0,1,True,synthetic_scenario_generator,26006
2020-08-21,IND_DHA,2.91,33.63,17.91,0,1,True,synthetic_scenario_generator,26006
2020-08-22,IND_DHA,2.36,17.36,22.53,0,1,True,synthetic_scenario_generator,26006
2020-08-23,IND_DHA,2.11,24.43,3.46,0,1,True,synthetic_scenario_generator,26006
2020-08-24,IND_DHA,1.45,23.26,29.05,0,1,True,synthetic_scenario_generator,26006
2020-08-25,IND_DHA,2.06,32.84,15.14,0,1,True,synthetic_scenario_generator,26006
2020-08-26,IND_DHA,2.59,24.22,10.53,0,1,True,synthetic_scenario_generator,26006
2020-08-27,IND_DHA,2.39,27.25,8.72,0,1,True,synthetic_scenario_generator,26006
2020-08-28,IND_DHA,1.69,34.67,11.7,0,1,True,synthetic_scenario_generator,26006
2020-08-29,IND_DHA,2.46,29.5,9.13,0,1,True,synthetic_scenario_generator,26006
2020-08-30,IND_DHA,1.75,31.48,3.17,0,1,True,synthetic_scenario_generator,26006
2020-08-31,IND_DHA,2.25,25.42,0.6,0,1,True,synthetic_scenario_generator,26006
2020-09-01,IND_DHA,2.49,33.46,1.87,0,1,True,synthetic_scenario_generator,26006
2020-09-02,IND_DHA,2.46,31.34,3.68,0,1,True,synthetic_scenario_generator,26006
2020-09-03,IND_DHA,1.98,21.81,9.39,0,1,True,synthetic_scenario_generator,26006
2020-09-04,IND_DHA,2.69,24.84,22.84,0,1,True,synthetic_scenario_generator,26006
2020-09-05,IND_DHA,2.83,28.93,5.96,0,1,True,synthetic_scenario_generator,26006
2020-09-06,IND_DHA,1.9,31.1,22.27,0,1,True,synthetic_scenario_generator,26006
2020-09-07,IND_DHA,1.62,23.47,29.82,0,1,True,synthetic_scenario_generator,26006
2020-09-08,IND_DHA,1.76,30.95,4.77,0,1,True,synthetic_scenario_generator,26006
2020-09-09,IND_DHA,2.26,32.04,9.24,0,1,True,synthetic_scenario_generator,26006
2020-09-10,IND_DHA,2.14,27.28,9.99,0,1,True,synthetic_scenario_generator,26006
2020-09-11,IND_DHA,1.45,30.14,7.59,0,1,True,synthetic_scenario_generator,26006
2020-09-12,IND_DHA,1.69,28.61,24.66,0,1,True,synthetic_scenario_generator,26006
2020-09-13,IND_DHA,1.91,34.78,4.34,0,1,True,synthetic_scenario_generator,26006
2020-09-14,IND_DHA,1.2,26.67,25.06,0,1,True,synthetic_scenario_generator,26006
2020-09-15,IND_DHA,2.25,30.82,11.11,0,1,True,synthetic_scenario_generator,26006
2020-09-16,IND_DHA,2.2,31.39,5.1,0,1,True,synthetic_scenario_generator,26006
2020-09-17,IND_DHA,1.44,32.52,4.02,0,1,True,synthetic_scenario_generator,26006
2020-09-18,IND_DHA,2.11,29.62,6.39,0,1,True,synthetic_scenario_generator,26006
2020-09-19,IND_DHA,2.33,34.54,3.03,0,1,True,synthetic_scenario_generator,26006
2020-09-20,IND_DHA,2.25,25.46,5.31,0,1,True,synthetic_scenario_generator,26006
2020-09-21,IND_DHA,2.54,25.33,36.3,0,1,True,synthetic_scenario_generator,26006
2020-09-22,IND_DHA,1.93,20.78,4.19,0,1,True,synthetic_scenario_generator,26006
2020-09-23,IND_DHA,1.84,25.97,15.48,0,1,True,synthetic_scenario_generator,26006
2020-09-24,IND_DHA,2.86,31.84,35.12,0,1,True,synthetic_scenario_generator,26006
2020-09-25,IND_DHA,2.66,32.26,24.26,0,1,True,synthetic_scenario_generator,26006
2020-09-26,IND_DHA,2.21,22.3,4.87,0,1,True,synthetic_scenario_generator,26006
2020-09-27,IND_DHA,2.76,29.87,2.97,0,1,True,synthetic_scenario_generator,26006
2020-09-28,IND_DHA,2.07,26.95,22.86,0,1,True,synthetic_scenario_generator,26006
2020-09-29,IND_DHA,3.12,35.18,18.54,0,1,True,synthetic_scenario_generator,26006
2020-09-30,IND_DHA,2.37,29.19,10.0,0,1,True,synthetic_scenario_generator,26006
2020-10-01,IND_DHA,2.33,18.23,1.44,0,0,True,synthetic_scenario_generator,26006
2020-10-02,IND_DHA,1.35,23.08,10.65,0,0,True,synthetic_scenario_generator,26006
2020-10-03,IND_DHA,1.17,23.66,4.83,0,0,True,synthetic_scenario_generator,26006
2020-10-04,IND_DHA,1.22,17.81,0.29,0,0,True,synthetic_scenario_generator,26006
2020-10-05,IND_DHA,1.57,18.01,0.41,0,0,True,synthetic_scenario_generator,26006
2020-10-06,IND_DHA,1.53,17.64,2.27,0,0,True,synthetic_scenario_generator,26006
2020-10-07,IND_DHA,1.7,21.86,2.87,0,0,True,synthetic_scenario_generator,26006
2020-10-08,IND_DHA,1.64,18.11,11.97,0,0,True,synthetic_scenario_generator,26006
2020-10-09,IND_DHA,1.32,20.69,4.43,0,0,True,synthetic_scenario_generator,26006
2020-10-10,IND_DHA,1.92,11.06,6.16,0,0,True,synthetic_scenario_generator,26006
2020-10-11,IND_DHA,2.02,19.81,7.5,0,0,True,synthetic_scenario_generator,26006
2020-10-12,IND_DHA,1.25,18.81,6.18,0,0,True,synthetic_scenario_generator,26006
2020-10-13,IND_DHA,0.96,10.75,2.32,0,0,True,synthetic_scenario_generator,26006
2020-10-14,IND_DHA,1.66,13.64,4.73,0,0,True,synthetic_scenario_generator,26006
2020-10-15,IND_DHA,1.82,17.51,1.79,0,0,True,synthetic_scenario_generator,26006
2020-10-16,IND_DHA,1.82,9.39,3.97,0,0,True,synthetic_scenario_generator,26006
2020-10-17,IND_DHA,1.95,19.92,3.52,0,0,True,synthetic_scenario_generator,26006
2020-10-18,IND_DHA,1.64,20.21,6.38,0,0,True,synthetic_scenario_generator,26006
2020-10-19,IND_DHA,1.75,15.67,4.7,0,0,True,synthetic_scenario_generator,26006
2020-10-20,IND_DHA,1.36,22.0,1.01,0,0,True,synthetic_scenario_generator,26006
2020-10-21,IND_DHA,1.74,21.87,11.86,0,0,True,synthetic_scenario_generator,26006
2020-10-22,IND_DHA,1.97,24.34,6.17,0,0,True,synthetic_scenario_generator,26006
2020-10-23,IND_DHA,1.85,18.22,4.96,0,0,True,synthetic_scenario_generator,26006
2020-10-24,IND_DHA,1.7,14.43,1.41,0,0,True,synthetic_scenario_generator,26006
2020-10-25,IND_DHA,1.11,20.07,1.29,0,0,True,synthetic_scenario_generator,26006
2020-10-26,IND_DHA,1.76,11.24,3.22,0,0,True,synthetic_scenario_generator,26006
2020-10-27,IND_DHA,1.54,12.74,0.17,0,0,True,synthetic_scenario_generator,26006
2020-10-28,IND_DHA,1.88,17.1,4.08,0,0,True,synthetic_scenario_generator,26006
2020-10-29,IND_DHA,1.46,11.52,2.34,0,0,True,synthetic_scenario_generator,26006
2020-10-30,IND_DHA,0.88,28.07,0.62,0,0,True,synthetic_scenario_generator,26006
2020-10-31,IND_DHA,1.69,15.97,9.85,0,0,True,synthetic_scenario_generator,26006
2020-11-01,IND_DHA,1.34,22.3,3.7,0,0,True,synthetic_scenario_generator,26006
2020-11-02,IND_DHA,1.63,24.13,3.31,0,0,True,synthetic_scenario_generator,26006
2020-11-03,IND_DHA,1.75,26.08,1.42,0,0,True,synthetic_scenario_generator,26006
2020-11-04,IND_DHA,1.32,19.44,0.21,0,0,True,synthetic_scenario_generator,26006
2020-11-05,IND_DHA,0.69,20.06,3.16,0,0,True,synthetic_scenario_generator,26006
2020-11-06,IND_DHA,0.97,13.65,7.5,0,0,True,synthetic_scenario_generator,26006
2020-11-07,IND_DHA,1.68,18.36,4.87,0,0,True,synthetic_scenario_generator,26006
2020-11-08,IND_DHA,1.68,14.69,0.86,0,0,True,synthetic_scenario_generator,26006
2020-11-09,IND_DHA,1.93,11.75,0.53,0,0,True,synthetic_scenario_generator,26006
2020-11-10,IND_DHA,1.65,25.08,2.4,0,0,True,synthetic_scenario_generator,26006
2020-11-11,IND_DHA,2.0,17.37,14.49,0,0,True,synthetic_scenario_generator,26006
2020-11-12,IND_DHA,1.33,16.87,1.8,0,0,True,synthetic_scenario_generator,26006
2020-11-13,IND_DHA,1.54,20.61,2.64,0,0,True,synthetic_scenario_generator,26006
2020-11-14,IND_DHA,1.66,25.86,1.61,0,0,True,synthetic_scenario_generator,26006
2020-11-15,IND_DHA,1.89,21.78,3.83,0,0,True,synthetic_scenario_generator,26006
2020-11-16,IND_DHA,0.89,20.97,1.32,0,0,True,synthetic_scenario_generator,26006
2020-11-17,IND_DHA,1.71,17.69,2.85,0,0,True,synthetic_scenario_generator,26006
2020-11-18,IND_DHA,1.31,19.2,1.64,0,0,True,synthetic_scenario_generator,26006
2020-11-19,IND_DHA,1.72,17.05,3.28,0,0,True,synthetic_scenario_generator,26006
2020-11-20,IND_DHA,1.01,18.29,8.71,0,0,True,synthetic_scenario_generator,26006
2020-11-21,IND_DHA,1.35,28.88,6.13,0,0,True,synthetic_scenario_generator,26006
2020-11-22,IND_DHA,1.75,12.6,5.95,0,0,True,synthetic_scenario_generator,26006
2020-11-23,IND_DHA,1.67,18.28,3.86,0,0,True,synthetic_scenario_generator,26006
2020-11-24,IND_DHA,1.76,11.86,0.74,0,0,True,synthetic_scenario_generator,26006
2020-11-25,IND_DHA,1.33,14.37,4.44,0,0,True,synthetic_scenario_generator,26006
2020-11-26,IND_DHA,1.65,21.68,6.96,0,0,True,synthetic_scenario_generator,26006
2020-11-27,IND_DHA,1.7,19.56,1.26,0,0,True,synthetic_scenario_generator,26006
2020-11-28,IND_DHA,1.83,21.25,6.03,0,0,True,synthetic_scenario_generator,26006
2020-11-29,IND_DHA,1.72,16.73,0.41,0,0,True,synthetic_scenario_generator,26006
2020-11-30,IND_DHA,1.06,20.9,0.09,0,0,True,synthetic_scenario_generator,26006
2020-12-01,IND_DHA,1.32,19.63,2.61,0,0,True,synthetic_scenario_generator,26006
2020-12-02,IND_DHA,1.55,24.37,3.89,0,0,True,synthetic_scenario_generator,26006
2020-12-03,IND_DHA,1.41,23.44,6.54,0,0,True,synthetic_scenario_generator,26006
2020-12-04,IND_DHA,1.5,15.69,6.97,0,0,True,synthetic_scenario_generator,26006
2020-12-05,IND_DHA,1.72,16.8,0.72,0,0,True,synthetic_scenario_generator,26006
2020-12-06,IND_DHA,1.42,21.97,0.04,0,0,True,synthetic_scenario_generator,26006
2020-12-07,IND_DHA,2.07,8.62,4.96,0,0,True,synthetic_scenario_generator,26006
2020-12-08,IND_DHA,1.09,23.45,1.04,0,0,True,synthetic_scenario_generator,26006
2020-12-09,IND_DHA,1.45,12.61,2.0,0,0,True,synthetic_scenario_generator,26006
2020-12-10,IND_DHA,1.27,28.69,0.81,0,0,True,synthetic_scenario_generator,26006
2020-12-11,IND_DHA,1.66,23.55,5.47,0,0,True,synthetic_scenario_generator,26006
2020-12-12,IND_DHA,1.61,20.07,1.77,0,0,True,synthetic_scenario_generator,26006
2020-12-13,IND_DHA,1.32,18.05,8.19,0,0,True,synthetic_scenario_generator,26006
2020-12-14,IND_DHA,1.65,18.46,1.53,0,0,True,synthetic_scenario_generator,26006
2020-12-15,IND_DHA,1.61,22.24,5.79,0,0,True,synthetic_scenario_generator,26006
2020-12-16,IND_DHA,1.16,13.92,4.56,0,0,True,synthetic_scenario_generator,26006
2020-12-17,IND_DHA,0.87,12.94,4.36,0,0,True,synthetic_scenario_generator,26006
2020-12-18,IND_DHA,1.0,30.51,0.72,0,0,True,synthetic_scenario_generator,26006
2020-12-19,IND_DHA,0.98,18.18,6.14,0,0,True,synthetic_scenario_generator,26006
2020-12-20,IND_DHA,1.38,16.47,2.36,0,0,True,synthetic_scenario_generator,26006
2020-12-21,IND_DHA,1.69,23.33,1.51,0,0,True,synthetic_scenario_generator,26006
2020-12-22,IND_DHA,1.66,25.82,0.46,0,0,True,synthetic_scenario_generator,26006
2020-12-23,IND_DHA,1.57,21.82,3.29,0,0,True,synthetic_scenario_generator,26006
2020-12-24,IND_DHA,1.44,17.22,2.52,0,0,True,synthetic_scenario_generator,26006
2020-12-25,IND_DHA,1.33,15.61,2.91,0,0,True,synthetic_scenario_generator,26006
2020-12-26,IND_DHA,1.15,17.45,2.69,0,0,True,synthetic_scenario_generator,26006
2020-12-27,IND_DHA,1.99,21.41,5.73,0,0,True,synthetic_scenario_generator,26006
2020-12-28,IND_DHA,2.24,16.92,1.82,0,0,True,synthetic_scenario_generator,26006
2020-12-29,IND_DHA,1.4,21.43,3.97,0,0,True,synthetic_scenario_generator,26006
2020-12-30,IND_DHA,2.13,26.05,3.08,0,0,True,synthetic_scenario_generator,26006
2020-12-31,IND_DHA,1.53,20.1,2.93,0,0,True,synthetic_scenario_generator,26006
2021-01-01,IND_DHA,0.95,10.68,9.29,0,0,True,synthetic_scenario_generator,26006
2021-01-02,IND_DHA,1.67,13.1,3.25,0,0,True,synthetic_scenario_generator,26006
2021-01-03,IND_DHA,1.16,14.32,11.44,0,0,True,synthetic_scenario_generator,26006
2021-01-04,IND_DHA,1.18,12.43,2.1,0,0,True,synthetic_scenario_generator,26006
2021-01-05,IND_DHA,1.12,20.48,1.49,0,0,True,synthetic_scenario_generator,26006
2021-01-06,IND_DHA,1.33,14.09,2.02,0,0,True,synthetic_scenario_generator,26006
2021-01-07,IND_DHA,1.36,19.73,1.1,0,0,True,synthetic_scenario_generator,26006
2021-01-08,IND_DHA,1.97,13.61,0.26,0,0,True,synthetic_scenario_generator,26006
2021-01-09,IND_DHA,1.62,16.74,0.7,0,0,True,synthetic_scenario_generator,26006
2021-01-10,IND_DHA,1.05,19.68,0.24,0,0,True,synthetic_scenario_generator,26006
2021-01-11,IND_DHA,0.78,11.43,1.71,0,0,True,synthetic_scenario_generator,26006
2021-01-12,IND_DHA,1.56,10.03,4.73,0,0,True,synthetic_scenario_generator,26006
2021-01-13,IND_DHA,0.91,12.0,9.82,0,0,True,synthetic_scenario_generator,26006
2021-01-14,IND_DHA,1.61,8.7,2.22,0,0,True,synthetic_scenario_generator,26006
2021-01-15,IND_DHA,0.69,13.52,4.11,0,0,True,synthetic_scenario_generator,26006
2021-01-16,IND_DHA,1.57,19.7,1.06,0,0,True,synthetic_scenario_generator,26006
2021-01-17,IND_DHA,2.09,13.74,3.73,0,0,True,synthetic_scenario_generator,26006
2021-01-18,IND_DHA,0.57,10.19,0.66,0,0,True,synthetic_scenario_generator,26006
2021-01-19,IND_DHA,1.22,11.45,3.75,0,0,True,synthetic_scenario_generator,26006
2021-01-20,IND_DHA,1.09,11.59,5.33,0,0,True,synthetic_scenario_generator,26006
2021-01-21,IND_DHA,1.23,20.52,2.95,0,0,True,synthetic_scenario_generator,26006
2021-01-22,IND_DHA,1.52,12.7,1.02,0,0,True,synthetic_scenario_generator,26006
2021-01-23,IND_DHA,0.8,10.0,0.18,0,0,True,synthetic_scenario_generator,26006
2021-01-24,IND_DHA,1.41,10.64,1.3,0,0,True,synthetic_scenario_generator,26006
2021-01-25,IND_DHA,1.73,18.5,0.24,0,0,True,synthetic_scenario_generator,26006
2021-01-26,IND_DHA,1.3,11.94,4.22,0,0,True,synthetic_scenario_generator,26006
2021-01-27,IND_DHA,1.21,18.62,1.84,0,0,True,synthetic_scenario_generator,26006
2021-01-28,IND_DHA,0.54,13.18,4.58,0,0,True,synthetic_scenario_generator,26006
2021-01-29,IND_DHA,1.49,7.28,3.15,0,0,True,synthetic_scenario_generator,26006
2021-01-30,IND_DHA,0.35,13.33,1.77,0,0,True,synthetic_scenario_generator,26006
2021-01-31,IND_DHA,0.48,8.01,7.58,0,0,True,synthetic_scenario_generator,26006
2021-02-01,IND_DHA,1.29,13.98,9.52,0,0,True,synthetic_scenario_generator,26006
2021-02-02,IND_DHA,1.36,17.11,3.44,0,0,True,synthetic_scenario_generator,26006
2021-02-03,IND_DHA,1.63,16.49,3.02,0,0,True,synthetic_scenario_generator,26006
2021-02-04,IND_DHA,0.33,20.56,5.59,0,0,True,synthetic_scenario_generator,26006
2021-02-05,IND_DHA,1.12,8.46,1.59,0,0,True,synthetic_scenario_generator,26006
2021-02-06,IND_DHA,0.93,13.85,14.03,0,0,True,synthetic_scenario_generator,26006
2021-02-07,IND_DHA,0.63,9.35,2.72,0,0,True,synthetic_scenario_generator,26006
2021-02-08,IND_DHA,1.09,13.14,2.78,0,0,True,synthetic_scenario_generator,26006
2021-02-09,IND_DHA,1.11,12.76,4.6,0,0,True,synthetic_scenario_generator,26006
2021-02-10,IND_DHA,2.04,9.37,2.85,0,0,True,synthetic_scenario_generator,26006
2021-02-11,IND_DHA,1.57,14.24,5.1,0,0,True,synthetic_scenario_generator,26006
2021-02-12,IND_DHA,0.48,12.29,7.61,0,0,True,synthetic_scenario_generator,26006
2021-02-13,IND_DHA,1.1,8.1,1.25,0,0,True,synthetic_scenario_generator,26006
2021-02-14,IND_DHA,0.95,6.56,0.93,0,0,True,synthetic_scenario_generator,26006
2021-02-15,IND_DHA,0.77,21.46,2.09,0,0,True,synthetic_scenario_generator,26006
2021-02-16,IND_DHA,1.43,8.66,0.81,0,0,True,synthetic_scenario_generator,26006
2021-02-17,IND_DHA,1.08,15.7,2.78,0,0,True,synthetic_scenario_generator,26006
2021-02-18,IND_DHA,1.44,21.05,0.46,0,0,True,synthetic_scenario_generator,26006
2021-02-19,IND_DHA,0.82,8.22,3.4,0,0,True,synthetic_scenario_generator,26006
2021-02-20,IND_DHA,0.93,16.17,2.13,0,0,True,synthetic_scenario_generator,26006
2021-02-21,IND_DHA,0.6,19.92,6.62,0,0,True,synthetic_scenario_generator,26006
2021-02-22,IND_DHA,0.77,6.2,4.02,0,0,True,synthetic_scenario_generator,26006
2021-02-23,IND_DHA,0.69,19.37,6.57,0,0,True,synthetic_scenario_generator,26006
2021-02-24,IND_DHA,0.95,23.58,15.6,0,0,True,synthetic_scenario_generator,26006
2021-02-25,IND_DHA,1.48,15.95,1.53,0,0,True,synthetic_scenario_generator,26006
2021-02-26,IND_DHA,1.29,13.31,2.73,0,0,True,synthetic_scenario_generator,26006
2021-02-27,IND_DHA,1.16,17.26,1.3,0,0,True,synthetic_scenario_generator,26006
2021-02-28,IND_DHA,0.96,8.9,0.63,0,0,True,synthetic_scenario_generator,26006
2021-03-01,IND_DHA,2.0,14.84,2.86,0,0,True,synthetic_scenario_generator,26006
2021-03-02,IND_DHA,1.6,11.01,0.87,0,0,True,synthetic_scenario_generator,26006
2021-03-03,IND_DHA,1.71,15.18,3.22,0,0,True,synthetic_scenario_generator,26006
2021-03-04,IND_DHA,0.69,14.78,6.92,0,0,True,synthetic_scenario_generator,26006
2021-03-05,IND_DHA,1.07,7.89,3.27,0,0,True,synthetic_scenario_generator,26006
2021-03-06,IND_DHA,1.05,13.24,0.83,0,0,True,synthetic_scenario_generator,26006
2021-03-07,IND_DHA,0.2,12.1,0.02,0,0,True,synthetic_scenario_generator,26006
2021-03-08,IND_DHA,1.48,17.73,2.95,0,0,True,synthetic_scenario_generator,26006
2021-03-09,IND_DHA,1.59,24.19,1.31,0,0,True,synthetic_scenario_generator,26006
2021-03-10,IND_DHA,0.25,15.78,2.67,0,0,True,synthetic_scenario_generator,26006
2021-03-11,IND_DHA,1.11,10.08,2.24,0,0,True,synthetic_scenario_generator,26006
2021-03-12,IND_DHA,1.17,14.57,0.89,0,0,True,synthetic_scenario_generator,26006
2021-03-13,IND_DHA,0.2,17.25,7.72,0,0,True,synthetic_scenario_generator,26006
2021-03-14,IND_DHA,1.38,19.94,0.92,0,0,True,synthetic_scenario_generator,26006
2021-03-15,IND_DHA,1.3,9.52,2.77,0,0,True,synthetic_scenario_generator,26006
2021-03-16,IND_DHA,1.77,17.72,4.25,0,0,True,synthetic_scenario_generator,26006
2021-03-17,IND_DHA,1.29,18.43,0.32,0,0,True,synthetic_scenario_generator,26006
2021-03-18,IND_DHA,1.48,13.35,4.76,0,0,True,synthetic_scenario_generator,26006
2021-03-19,IND_DHA,1.84,14.5,0.79,0,0,True,synthetic_scenario_generator,26006
2021-03-20,IND_DHA,1.1,17.49,0.62,0,0,True,synthetic_scenario_generator,26006
2021-03-21,IND_DHA,1.24,12.67,0.69,0,0,True,synthetic_scenario_generator,26006
2021-03-22,IND_DHA,0.89,15.03,4.36,0,0,True,synthetic_scenario_generator,26006
2021-03-23,IND_DHA,1.02,11.82,12.64,0,0,True,synthetic_scenario_generator,26006
2021-03-24,IND_DHA,1.33,18.66,13.97,0,0,True,synthetic_scenario_generator,26006
2021-03-25,IND_DHA,1.39,18.07,8.15,0,0,True,synthetic_scenario_generator,26006
2021-03-26,IND_DHA,1.36,9.96,3.46,0,0,True,synthetic_scenario_generator,26006
2021-03-27,IND_DHA,1.43,15.89,6.1,0,0,True,synthetic_scenario_generator,26006
2021-03-28,IND_DHA,0.99,17.28,1.44,0,0,True,synthetic_scenario_generator,26006
2021-03-29,IND_DHA,1.23,14.9,1.41,0,0,True,synthetic_scenario_generator,26006
2021-03-30,IND_DHA,1.25,19.57,1.13,0,0,True,synthetic_scenario_generator,26006
2021-03-31,IND_DHA,0.7,19.63,1.49,0,0,True,synthetic_scenario_generator,26006
2021-04-01,IND_DHA,1.47,24.0,2.59,0,0,True,synthetic_scenario_generator,26006
2021-04-02,IND_DHA,1.2,22.43,1.41,0,0,True,synthetic_scenario_generator,26006
2021-04-03,IND_DHA,2.43,11.77,4.53,0,0,True,synthetic_scenario_generator,26006
2021-04-04,IND_DHA,1.45,6.22,2.4,0,0,True,synthetic_scenario_generator,26006
2021-04-05,IND_DHA,1.73,17.88,4.36,0,0,True,synthetic_scenario_generator,26006
2021-04-06,IND_DHA,2.17,20.9,0.32,0,0,True,synthetic_scenario_generator,26006
2021-04-07,IND_DHA,1.96,20.67,1.78,0,0,True,synthetic_scenario_generator,26006
2021-04-08,IND_DHA,1.86,15.2,0.56,0,0,True,synthetic_scenario_generator,26006
2021-04-09,IND_DHA,1.89,9.93,2.96,0,0,True,synthetic_scenario_generator,26006
2021-04-10,IND_DHA,1.91,13.29,4.47,0,0,True,synthetic_scenario_generator,26006
2021-04-11,IND_DHA,1.26,22.42,9.68,0,0,True,synthetic_scenario_generator,26006
2021-04-12,IND_DHA,1.59,24.31,5.48,0,0,True,synthetic_scenario_generator,26006
2021-04-13,IND_DHA,1.05,17.75,8.37,0,0,True,synthetic_scenario_generator,26006
2021-04-14,IND_DHA,1.61,19.87,1.32,0,0,True,synthetic_scenario_generator,26006
2021-04-15,IND_DHA,1.11,21.5,9.94,0,0,True,synthetic_scenario_generator,26006
2021-04-16,IND_DHA,1.53,22.91,0.9,0,0,True,synthetic_scenario_generator,26006
2021-04-17,IND_DHA,1.06,21.65,2.84,0,0,True,synthetic_scenario_generator,26006
2021-04-18,IND_DHA,1.26,16.27,13.72,0,0,True,synthetic_scenario_generator,26006
2021-04-19,IND_DHA,1.56,20.0,9.55,0,0,True,synthetic_scenario_generator,26006
2021-04-20,IND_DHA,1.5,7.9,7.63,0,0,True,synthetic_scenario_generator,26006
2021-04-21,IND_DHA,1.48,14.53,2.31,0,0,True,synthetic_scenario_generator,26006
2021-04-22,IND_DHA,1.53,21.16,10.52,0,0,True,synthetic_scenario_generator,26006
2021-04-23,IND_DHA,1.43,21.9,0.09,0,0,True,synthetic_scenario_generator,26006
2021-04-24,IND_DHA,1.58,18.2,7.77,0,0,True,synthetic_scenario_generator,26006
2021-04-25,IND_DHA,1.45,20.37,1.14,0,0,True,synthetic_scenario_generator,26006
2021-04-26,IND_DHA,1.11,26.26,3.61,0,0,True,synthetic_scenario_generator,26006
2021-04-27,IND_DHA,0.97,25.39,3.43,0,0,True,synthetic_scenario_generator,26006
2021-04-28,IND_DHA,1.84,18.61,3.94,0,0,True,synthetic_scenario_generator,26006
2021-04-29,IND_DHA,0.83,18.75,2.04,0,0,True,synthetic_scenario_generator,26006
2021-04-30,IND_DHA,2.22,18.24,2.67,0,0,True,synthetic_scenario_generator,26006
2021-05-01,IND_DHA,1.84,17.03,2.69,0,0,True,synthetic_scenario_generator,26006
2021-05-02,IND_DHA,1.45,19.38,3.25,0,0,True,synthetic_scenario_generator,26006
2021-05-03,IND_DHA,1.89,30.6,0.14,0,0,True,synthetic_scenario_generator,26006
2021-05-04,IND_DHA,1.75,18.3,0.32,0,0,True,synthetic_scenario_generator,26006
2021-05-05,IND_DHA,1.52,20.81,5.97,0,0,True,synthetic_scenario_generator,26006
2021-05-06,IND_DHA,1.89,18.6,2.89,0,0,True,synthetic_scenario_generator,26006
2021-05-07,IND_DHA,1.71,24.15,3.15,0,0,True,synthetic_scenario_generator,26006
2021-05-08,IND_DHA,1.94,22.5,5.17,0,0,True,synthetic_scenario_generator,26006
2021-05-09,IND_DHA,1.11,7.73,0.63,0,0,True,synthetic_scenario_generator,26006
2021-05-10,IND_DHA,1.32,21.02,2.34,0,0,True,synthetic_scenario_generator,26006
2021-05-11,IND_DHA,1.37,23.3,1.48,0,0,True,synthetic_scenario_generator,26006
2021-05-12,IND_DHA,1.78,28.85,0.61,0,0,True,synthetic_scenario_generator,26006
2021-05-13,IND_DHA,1.19,20.71,2.28,0,0,True,synthetic_scenario_generator,26006
2021-05-14,IND_DHA,2.12,24.41,1.88,0,0,True,synthetic_scenario_generator,26006
2021-05-15,IND_DHA,2.49,15.13,7.69,0,0,True,synthetic_scenario_generator,26006
2021-05-16,IND_DHA,1.74,10.65,0.68,0,0,True,synthetic_scenario_generator,26006
2021-05-17,IND_DHA,0.87,15.45,5.12,0,0,True,synthetic_scenario_generator,26006
2021-05-18,IND_DHA,1.53,17.01,2.12,0,0,True,synthetic_scenario_generator,26006
2021-05-19,IND_DHA,1.38,15.53,0.89,0,0,True,synthetic_scenario_generator,26006
2021-05-20,IND_DHA,1.46,13.18,0.99,0,0,True,synthetic_scenario_generator,26006
2021-05-21,IND_DHA,2.17,27.38,1.89,0,0,True,synthetic_scenario_generator,26006
2021-05-22,IND_DHA,1.17,24.58,2.01,0,0,True,synthetic_scenario_generator,26006
2021-05-23,IND_DHA,1.5,24.63,3.35,0,0,True,synthetic_scenario_generator,26006
2021-05-24,IND_DHA,1.17,19.91,9.22,0,0,True,synthetic_scenario_generator,26006
2021-05-25,IND_DHA,1.62,12.97,2.23,0,0,True,synthetic_scenario_generator,26006
2021-05-26,IND_DHA,1.3,21.03,7.25,0,0,True,synthetic_scenario_generator,26006
2021-05-27,IND_DHA,0.97,16.69,3.19,0,0,True,synthetic_scenario_generator,26006
2021-05-28,IND_DHA,1.44,8.91,1.99,0,0,True,synthetic_scenario_generator,26006
2021-05-29,IND_DHA,1.37,12.21,1.86,0,0,True,synthetic_scenario_generator,26006
2021-05-30,IND_DHA,1.63,19.92,6.07,0,0,True,synthetic_scenario_generator,26006
2021-05-31,IND_DHA,2.26,12.85,7.53,0,0,True,synthetic_scenario_generator,26006
2021-06-01,IND_DHA,3.71,37.13,25.87,1,1,True,synthetic_scenario_generator,26006
2021-06-02,IND_DHA,3.02,37.47,24.32,0,1,True,synthetic_scenario_generator,26006
2021-06-03,IND_DHA,2.87,37.22,15.4,0,1,True,synthetic_scenario_generator,26006
2021-06-04,IND_DHA,2.41,32.65,10.0,0,1,True,synthetic_scenario_generator,26006
2021-06-05,IND_DHA,3.24,36.81,2.71,0,1,True,synthetic_scenario_generator,26006
2021-06-06,IND_DHA,2.88,34.59,8.79,0,1,True,synthetic_scenario_generator,26006
2021-06-07,IND_DHA,2.64,37.09,2.1,0,1,True,synthetic_scenario_generator,26006
2021-06-08,IND_DHA,2.95,35.8,7.68,0,1,True,synthetic_scenario_generator,26006
2021-06-09,IND_DHA,3.28,36.84,2.38,0,1,True,synthetic_scenario_generator,26006
2021-06-10,IND_DHA,2.26,33.61,1.24,0,1,True,synthetic_scenario_generator,26006
2021-06-11,IND_DHA,2.54,34.44,45.76,0,1,True,synthetic_scenario_generator,26006
2021-06-12,IND_DHA,2.63,24.54,1.82,0,1,True,synthetic_scenario_generator,26006
2021-06-13,IND_DHA,2.44,22.94,13.47,0,1,True,synthetic_scenario_generator,26006
2021-06-14,IND_DHA,2.53,38.57,11.11,0,1,True,synthetic_scenario_generator,26006
2021-06-15,IND_DHA,3.15,28.47,9.7,0,1,True,synthetic_scenario_generator,26006
2021-06-16,IND_DHA,2.96,24.88,12.59,0,1,True,synthetic_scenario_generator,26006
2021-06-17,IND_DHA,3.21,34.99,23.48,0,1,True,synthetic_scenario_generator,26006
2021-06-18,IND_DHA,2.59,35.85,5.54,0,1,True,synthetic_scenario_generator,26006
2021-06-19,IND_DHA,2.9,40.62,13.88,0,1,True,synthetic_scenario_generator,26006
2021-06-20,IND_DHA,2.49,28.54,24.34,0,1,True,synthetic_scenario_generator,26006
2021-06-21,IND_DHA,2.72,35.15,5.52,0,1,True,synthetic_scenario_generator,26006
2021-06-22,IND_DHA,2.39,27.88,2.58,0,1,True,synthetic_scenario_generator,26006
2021-06-23,IND_DHA,2.71,31.56,11.57,0,1,True,synthetic_scenario_generator,26006
2021-06-24,IND_DHA,2.87,33.65,7.45,0,1,True,synthetic_scenario_generator,26006
2021-06-25,IND_DHA,2.14,24.68,15.9,0,1,True,synthetic_scenario_generator,26006
2021-06-26,IND_DHA,2.47,37.05,5.45,0,1,True,synthetic_scenario_generator,26006
2021-06-27,IND_DHA,3.29,31.02,19.31,0,1,True,synthetic_scenario_generator,26006
2021-06-28,IND_DHA,3.03,27.86,3.97,0,1,True,synthetic_scenario_generator,26006
2021-06-29,IND_DHA,2.57,33.98,2.64,0,1,True,synthetic_scenario_generator,26006
2021-06-30,IND_DHA,2.97,37.04,16.96,0,1,True,synthetic_scenario_generator,26006
2021-07-01,IND_DHA,2.26,28.46,29.98,0,1,True,synthetic_scenario_generator,26006
2021-07-02,IND_DHA,1.88,27.0,1.56,0,1,True,synthetic_scenario_generator,26006
2021-07-03,IND_DHA,3.18,26.31,19.63,0,1,True,synthetic_scenario_generator,26006
2021-07-04,IND_DHA,2.5,31.27,7.21,0,1,True,synthetic_scenario_generator,26006
2021-07-05,IND_DHA,1.61,32.14,8.91,0,1,True,synthetic_scenario_generator,26006
2021-07-06,IND_DHA,1.91,29.14,3.72,0,1,True,synthetic_scenario_generator,26006
2021-07-07,IND_DHA,2.15,22.88,7.35,0,1,True,synthetic_scenario_generator,26006
2021-07-08,IND_DHA,2.2,30.19,3.05,0,1,True,synthetic_scenario_generator,26006
2021-07-09,IND_DHA,2.41,20.88,5.13,0,1,True,synthetic_scenario_generator,26006
2021-07-10,IND_DHA,2.35,31.67,11.41,0,1,True,synthetic_scenario_generator,26006
2021-07-11,IND_DHA,2.51,27.76,5.21,0,1,True,synthetic_scenario_generator,26006
2021-07-12,IND_DHA,1.33,26.16,9.99,0,1,True,synthetic_scenario_generator,26006
2021-07-13,IND_DHA,3.08,24.09,20.17,0,1,True,synthetic_scenario_generator,26006
2021-07-14,IND_DHA,2.99,30.66,9.74,0,1,True,synthetic_scenario_generator,26006
2021-07-15,IND_DHA,1.68,36.79,5.36,0,1,True,synthetic_scenario_generator,26006
2021-07-16,IND_DHA,1.66,24.31,10.32,0,1,True,synthetic_scenario_generator,26006
2021-07-17,IND_DHA,2.44,30.65,19.32,0,1,True,synthetic_scenario_generator,26006
2021-07-18,IND_DHA,2.72,19.2,8.2,0,1,True,synthetic_scenario_generator,26006
2021-07-19,IND_DHA,2.16,23.42,24.31,0,1,True,synthetic_scenario_generator,26006
2021-07-20,IND_DHA,2.98,21.37,13.88,0,1,True,synthetic_scenario_generator,26006
2021-07-21,IND_DHA,2.29,23.62,16.0,0,1,True,synthetic_scenario_generator,26006
2021-07-22,IND_DHA,2.53,27.95,6.18,0,1,True,synthetic_scenario_generator,26006
2021-07-23,IND_DHA,2.83,21.14,13.86,0,1,True,synthetic_scenario_generator,26006
2021-07-24,IND_DHA,2.66,30.78,18.9,0,1,True,synthetic_scenario_generator,26006
2021-07-25,IND_DHA,2.43,25.64,39.32,0,1,True,synthetic_scenario_generator,26006
2021-07-26,IND_DHA,2.6,23.79,0.57,0,1,True,synthetic_scenario_generator,26006
2021-07-27,IND_DHA,2.49,21.18,18.97,0,1,True,synthetic_scenario_generator,26006
2021-07-28,IND_DHA,2.16,28.61,57.44,0,1,True,synthetic_scenario_generator,26006
2021-07-29,IND_DHA,2.54,19.89,36.35,0,1,True,synthetic_scenario_generator,26006
2021-07-30,IND_DHA,1.95,21.66,21.15,0,1,True,synthetic_scenario_generator,26006
2021-07-31,IND_DHA,2.24,22.46,1.62,0,1,True,synthetic_scenario_generator,26006
2021-08-01,IND_DHA,2.28,26.29,17.13,0,1,True,synthetic_scenario_generator,26006
2021-08-02,IND_DHA,2.9,37.58,1.3,0,1,True,synthetic_scenario_generator,26006
2021-08-03,IND_DHA,2.01,27.32,4.96,0,1,True,synthetic_scenario_generator,26006
2021-08-04,IND_DHA,2.56,12.5,6.82,0,1,True,synthetic_scenario_generator,26006
2021-08-05,IND_DHA,2.47,28.12,6.8,0,1,True,synthetic_scenario_generator,26006
2021-08-06,IND_DHA,2.65,29.77,5.13,0,1,True,synthetic_scenario_generator,26006
2021-08-07,IND_DHA,2.4,32.1,23.3,0,1,True,synthetic_scenario_generator,26006
2021-08-08,IND_DHA,1.68,21.12,14.93,0,1,True,synthetic_scenario_generator,26006
2021-08-09,IND_DHA,1.79,24.13,0.82,0,1,True,synthetic_scenario_generator,26006
2021-08-10,IND_DHA,2.44,29.53,14.74,0,1,True,synthetic_scenario_generator,26006
2021-08-11,IND_DHA,2.06,25.06,43.58,0,1,True,synthetic_scenario_generator,26006
2021-08-12,IND_DHA,2.44,25.4,9.46,0,1,True,synthetic_scenario_generator,26006
2021-08-13,IND_DHA,2.21,31.67,0.62,0,1,True,synthetic_scenario_generator,26006
2021-08-14,IND_DHA,1.34,19.07,8.93,0,1,True,synthetic_scenario_generator,26006
2021-08-15,IND_DHA,2.13,18.31,0.76,0,1,True,synthetic_scenario_generator,26006
2021-08-16,IND_DHA,2.26,28.7,18.84,0,1,True,synthetic_scenario_generator,26006
2021-08-17,IND_DHA,2.35,33.88,66.48,0,1,True,synthetic_scenario_generator,26006
2021-08-18,IND_DHA,2.33,28.58,2.34,0,1,True,synthetic_scenario_generator,26006
2021-08-19,IND_DHA,2.48,28.08,16.18,0,1,True,synthetic_scenario_generator,26006
2021-08-20,IND_DHA,2.36,35.35,16.2,0,1,True,synthetic_scenario_generator,26006
2021-08-21,IND_DHA,2.25,27.51,13.69,0,1,True,synthetic_scenario_generator,26006
2021-08-22,IND_DHA,2.15,26.37,39.15,0,1,True,synthetic_scenario_generator,26006
2021-08-23,IND_DHA,2.6,31.9,3.83,0,1,True,synthetic_scenario_generator,26006
2021-08-24,IND_DHA,1.35,24.62,27.29,0,1,True,synthetic_scenario_generator,26006
2021-08-25,IND_DHA,2.85,20.13,8.49,0,1,True,synthetic_scenario_generator,26006
2021-08-26,IND_DHA,2.18,26.43,10.68,0,1,True,synthetic_scenario_generator,26006
2021-08-27,IND_DHA,1.93,31.75,6.27,0,1,True,synthetic_scenario_generator,26006
2021-08-28,IND_DHA,2.67,31.34,10.13,0,1,True,synthetic_scenario_generator,26006
2021-08-29,IND_DHA,2.28,32.89,8.25,0,1,True,synthetic_scenario_generator,26006
2021-08-30,IND_DHA,2.01,25.71,11.75,0,1,True,synthetic_scenario_generator,26006
2021-08-31,IND_DHA,3.03,27.8,0.82,0,1,True,synthetic_scenario_generator,26006
2021-09-01,IND_DHA,2.35,26.93,26.93,0,1,True,synthetic_scenario_generator,26006
2021-09-02,IND_DHA,2.77,25.05,6.8,0,1,True,synthetic_scenario_generator,26006
2021-09-03,IND_DHA,1.82,28.59,31.36,0,1,True,synthetic_scenario_generator,26006
2021-09-04,IND_DHA,2.03,34.32,2.17,0,1,True,synthetic_scenario_generator,26006
2021-09-05,IND_DHA,2.04,25.15,10.78,0,1,True,synthetic_scenario_generator,26006
2021-09-06,IND_DHA,2.17,26.16,11.4,0,1,True,synthetic_scenario_generator,26006
2021-09-07,IND_DHA,1.65,25.48,45.32,0,1,True,synthetic_scenario_generator,26006
2021-09-08,IND_DHA,2.09,24.13,4.08,0,1,True,synthetic_scenario_generator,26006
2021-09-09,IND_DHA,2.74,27.83,3.64,0,1,True,synthetic_scenario_generator,26006
2021-09-10,IND_DHA,1.85,26.36,2.76,0,1,True,synthetic_scenario_generator,26006
2021-09-11,IND_DHA,3.02,19.13,17.03,0,1,True,synthetic_scenario_generator,26006
2021-09-12,IND_DHA,2.15,20.08,0.66,0,1,True,synthetic_scenario_generator,26006
2021-09-13,IND_DHA,1.94,29.22,40.75,0,1,True,synthetic_scenario_generator,26006
2021-09-14,IND_DHA,1.56,27.48,6.93,0,1,True,synthetic_scenario_generator,26006
2021-09-15,IND_DHA,2.6,16.14,1.63,0,1,True,synthetic_scenario_generator,26006
2021-09-16,IND_DHA,2.69,34.04,7.2,0,1,True,synthetic_scenario_generator,26006
2021-09-17,IND_DHA,3.12,25.44,38.53,0,1,True,synthetic_scenario_generator,26006
2021-09-18,IND_DHA,2.68,24.74,14.05,0,1,True,synthetic_scenario_generator,26006
2021-09-19,IND_DHA,2.7,24.55,5.33,0,1,True,synthetic_scenario_generator,26006
2021-09-20,IND_DHA,2.21,26.76,2.53,0,1,True,synthetic_scenario_generator,26006
2021-09-21,IND_DHA,3.09,28.2,15.01,0,1,True,synthetic_scenario_generator,26006
2021-09-22,IND_DHA,2.27,18.97,6.5,0,1,True,synthetic_scenario_generator,26006
2021-09-23,IND_DHA,1.96,30.7,19.74,0,1,True,synthetic_scenario_generator,26006
2021-09-24,IND_DHA,2.26,19.34,8.31,0,1,True,synthetic_scenario_generator,26006
2021-09-25,IND_DHA,2.09,30.78,2.81,0,1,True,synthetic_scenario_generator,26006
2021-09-26,IND_DHA,2.17,28.13,29.74,0,1,True,synthetic_scenario_generator,26006
2021-09-27,IND_DHA,2.09,17.43,6.8,0,1,True,synthetic_scenario_generator,26006
2021-09-28,IND_DHA,2.87,28.5,50.2,0,1,True,synthetic_scenario_generator,26006
2021-09-29,IND_DHA,1.96,26.53,8.25,0,1,True,synthetic_scenario_generator,26006
2021-09-30,IND_DHA,2.15,34.35,16.23,0,1,True,synthetic_scenario_generator,26006
2021-10-01,IND_DHA,1.77,14.0,4.47,0,0,True,synthetic_scenario_generator,26006
2021-10-02,IND_DHA,1.67,14.64,4.57,0,0,True,synthetic_scenario_generator,26006
2021-10-03,IND_DHA,1.07,20.08,4.89,0,0,True,synthetic_scenario_generator,26006
2021-10-04,IND_DHA,1.98,16.24,2.46,0,0,True,synthetic_scenario_generator,26006
2021-10-05,IND_DHA,1.26,17.36,7.4,0,0,True,synthetic_scenario_generator,26006
2021-10-06,IND_DHA,1.12,17.12,1.56,0,0,True,synthetic_scenario_generator,26006
2021-10-07,IND_DHA,1.46,22.08,2.47,0,0,True,synthetic_scenario_generator,26006
2021-10-08,IND_DHA,1.67,24.43,5.22,0,0,True,synthetic_scenario_generator,26006
2021-10-09,IND_DHA,1.77,21.05,0.74,0,0,True,synthetic_scenario_generator,26006
2021-10-10,IND_DHA,1.08,26.67,2.02,0,0,True,synthetic_scenario_generator,26006
2021-10-11,IND_DHA,1.44,23.01,6.1,0,0,True,synthetic_scenario_generator,26006
2021-10-12,IND_DHA,2.11,20.12,1.58,0,0,True,synthetic_scenario_generator,26006
2021-10-13,IND_DHA,2.04,18.54,2.47,0,0,True,synthetic_scenario_generator,26006
2021-10-14,IND_DHA,1.9,13.78,0.71,0,0,True,synthetic_scenario_generator,26006
2021-10-15,IND_DHA,1.95,19.59,4.05,0,0,True,synthetic_scenario_generator,26006
2021-10-16,IND_DHA,1.64,28.07,1.72,0,0,True,synthetic_scenario_generator,26006
2021-10-17,IND_DHA,1.55,8.47,4.28,0,0,True,synthetic_scenario_generator,26006
2021-10-18,IND_DHA,1.98,22.95,1.07,0,0,True,synthetic_scenario_generator,26006
2021-10-19,IND_DHA,1.48,17.08,14.39,0,0,True,synthetic_scenario_generator,26006
2021-10-20,IND_DHA,1.11,23.18,0.98,0,0,True,synthetic_scenario_generator,26006
2021-10-21,IND_DHA,1.08,10.83,5.16,0,0,True,synthetic_scenario_generator,26006
2021-10-22,IND_DHA,1.61,25.42,4.95,0,0,True,synthetic_scenario_generator,26006
2021-10-23,IND_DHA,2.08,36.02,3.43,0,0,True,synthetic_scenario_generator,26006
2021-10-24,IND_DHA,2.03,26.95,0.56,0,0,True,synthetic_scenario_generator,26006
2021-10-25,IND_DHA,1.51,14.74,6.53,0,0,True,synthetic_scenario_generator,26006
2021-10-26,IND_DHA,2.54,16.9,0.55,0,0,True,synthetic_scenario_generator,26006
2021-10-27,IND_DHA,1.73,22.26,2.42,0,0,True,synthetic_scenario_generator,26006
2021-10-28,IND_DHA,1.57,15.18,4.13,0,0,True,synthetic_scenario_generator,26006
2021-10-29,IND_DHA,1.81,17.65,1.29,0,0,True,synthetic_scenario_generator,26006
2021-10-30,IND_DHA,1.22,20.5,4.32,0,0,True,synthetic_scenario_generator,26006
2021-10-31,IND_DHA,1.81,23.89,1.13,0,0,True,synthetic_scenario_generator,26006
2021-11-01,IND_DHA,2.18,24.33,1.27,0,0,True,synthetic_scenario_generator,26006
2021-11-02,IND_DHA,1.93,17.35,13.04,0,0,True,synthetic_scenario_generator,26006
2021-11-03,IND_DHA,2.38,19.21,0.62,0,0,True,synthetic_scenario_generator,26006
2021-11-04,IND_DHA,1.37,14.68,0.47,0,0,True,synthetic_scenario_generator,26006
2021-11-05,IND_DHA,1.37,16.94,3.06,0,0,True,synthetic_scenario_generator,26006
2021-11-06,IND_DHA,1.4,12.71,8.72,0,0,True,synthetic_scenario_generator,26006
2021-11-07,IND_DHA,1.44,17.89,1.89,0,0,True,synthetic_scenario_generator,26006
2021-11-08,IND_DHA,1.62,23.38,2.08,0,0,True,synthetic_scenario_generator,26006
2021-11-09,IND_DHA,1.8,23.63,10.74,0,0,True,synthetic_scenario_generator,26006
2021-11-10,IND_DHA,1.44,17.8,3.18,0,0,True,synthetic_scenario_generator,26006
2021-11-11,IND_DHA,0.96,22.63,0.59,0,0,True,synthetic_scenario_generator,26006
2021-11-12,IND_DHA,1.28,22.19,2.67,0,0,True,synthetic_scenario_generator,26006
2021-11-13,IND_DHA,1.41,21.58,0.48,0,0,True,synthetic_scenario_generator,26006
2021-11-14,IND_DHA,2.12,19.47,2.55,0,0,True,synthetic_scenario_generator,26006
2021-11-15,IND_DHA,1.65,18.33,9.35,0,0,True,synthetic_scenario_generator,26006
2021-11-16,IND_DHA,2.1,20.53,3.29,0,0,True,synthetic_scenario_generator,26006
2021-11-17,IND_DHA,0.63,25.69,0.93,0,0,True,synthetic_scenario_generator,26006
2021-11-18,IND_DHA,1.68,18.59,2.16,0,0,True,synthetic_scenario_generator,26006
2021-11-19,IND_DHA,1.59,13.13,13.54,0,0,True,synthetic_scenario_generator,26006
2021-11-20,IND_DHA,1.78,18.02,1.73,0,0,True,synthetic_scenario_generator,26006
2021-11-21,IND_DHA,1.93,18.47,2.19,0,0,True,synthetic_scenario_generator,26006
2021-11-22,IND_DHA,1.98,26.5,25.02,0,0,True,synthetic_scenario_generator,26006
2021-11-23,IND_DHA,1.05,22.27,5.78,0,0,True,synthetic_scenario_generator,26006
2021-11-24,IND_DHA,1.62,18.74,5.69,0,0,True,synthetic_scenario_generator,26006
2021-11-25,IND_DHA,1.42,25.32,2.3,0,0,True,synthetic_scenario_generator,26006
2021-11-26,IND_DHA,0.77,15.26,0.38,0,0,True,synthetic_scenario_generator,26006
2021-11-27,IND_DHA,2.48,24.93,6.23,0,0,True,synthetic_scenario_generator,26006
2021-11-28,IND_DHA,1.82,13.41,3.16,0,0,True,synthetic_scenario_generator,26006
2021-11-29,IND_DHA,1.43,18.05,9.95,0,0,True,synthetic_scenario_generator,26006
2021-11-30,IND_DHA,1.42,27.4,5.75,0,0,True,synthetic_scenario_generator,26006
2021-12-01,IND_DHA,0.94,16.33,5.78,0,0,True,synthetic_scenario_generator,26006
2021-12-02,IND_DHA,1.73,28.75,5.36,0,0,True,synthetic_scenario_generator,26006
2021-12-03,IND_DHA,1.15,21.88,0.48,0,0,True,synthetic_scenario_generator,26006
2021-12-04,IND_DHA,2.52,15.22,3.53,0,0,True,synthetic_scenario_generator,26006
2021-12-05,IND_DHA,2.43,21.94,5.44,0,0,True,synthetic_scenario_generator,26006
2021-12-06,IND_DHA,0.93,19.36,2.75,0,0,True,synthetic_scenario_generator,26006
2021-12-07,IND_DHA,2.14,23.57,2.59,0,0,True,synthetic_scenario_generator,26006
2021-12-08,IND_DHA,1.13,18.84,0.17,0,0,True,synthetic_scenario_generator,26006
2021-12-09,IND_DHA,1.09,32.03,0.49,0,0,True,synthetic_scenario_generator,26006
2021-12-10,IND_DHA,1.6,21.71,0.44,0,0,True,synthetic_scenario_generator,26006
2021-12-11,IND_DHA,1.23,25.76,6.13,0,0,True,synthetic_scenario_generator,26006
2021-12-12,IND_DHA,1.83,23.28,5.63,0,0,True,synthetic_scenario_generator,26006
2021-12-13,IND_DHA,1.54,27.4,7.85,0,0,True,synthetic_scenario_generator,26006
2021-12-14,IND_DHA,1.23,12.7,1.5,0,0,True,synthetic_scenario_generator,26006
2021-12-15,IND_DHA,1.71,19.57,7.68,0,0,True,synthetic_scenario_generator,26006
2021-12-16,IND_DHA,1.74,14.45,1.66,0,0,True,synthetic_scenario_generator,26006
2021-12-17,IND_DHA,1.33,18.49,11.72,0,0,True,synthetic_scenario_generator,26006
2021-12-18,IND_DHA,1.17,20.42,1.35,0,0,True,synthetic_scenario_generator,26006
2021-12-19,IND_DHA,1.43,20.17,7.68,0,0,True,synthetic_scenario_generator,26006
2021-12-20,IND_DHA,1.53,14.98,6.13,0,0,True,synthetic_scenario_generator,26006
2021-12-21,IND_DHA,2.07,24.18,0.18,0,0,True,synthetic_scenario_generator,26006
2021-12-22,IND_DHA,2.06,18.45,4.41,0,0,True,synthetic_scenario_generator,26006
2021-12-23,IND_DHA,1.82,16.82,2.82,0,0,True,synthetic_scenario_generator,26006
2021-12-24,IND_DHA,1.86,21.28,2.65,0,0,True,synthetic_scenario_generator,26006
2021-12-25,IND_DHA,1.06,16.87,4.33,0,0,True,synthetic_scenario_generator,26006
2021-12-26,IND_DHA,0.91,14.02,1.9,0,0,True,synthetic_scenario_generator,26006
2021-12-27,IND_DHA,1.79,12.43,2.59,0,0,True,synthetic_scenario_generator,26006
2021-12-28,IND_DHA,1.28,20.43,7.28,0,0,True,synthetic_scenario_generator,26006
2021-12-29,IND_DHA,0.95,17.23,4.27,0,0,True,synthetic_scenario_generator,26006
2021-12-30,IND_DHA,0.89,19.67,1.4,0,0,True,synthetic_scenario_generator,26006
2021-12-31,IND_DHA,1.53,11.22,0.28,0,0,True,synthetic_scenario_generator,26006
2022-01-01,IND_DHA,0.86,11.5,3.55,0,0,True,synthetic_scenario_generator,26006
2022-01-02,IND_DHA,0.69,15.0,0.96,0,0,True,synthetic_scenario_generator,26006
2022-01-03,IND_DHA,1.22,10.72,4.83,0,0,True,synthetic_scenario_generator,26006
2022-01-04,IND_DHA,0.2,6.27,7.69,0,0,True,synthetic_scenario_generator,26006
2022-01-05,IND_DHA,1.82,17.63,1.44,0,0,True,synthetic_scenario_generator,26006
2022-01-06,IND_DHA,1.17,4.9,4.11,0,0,True,synthetic_scenario_generator,26006
2022-01-07,IND_DHA,1.78,5.75,3.06,0,0,True,synthetic_scenario_generator,26006
2022-01-08,IND_DHA,1.41,12.08,13.96,0,0,True,synthetic_scenario_generator,26006
2022-01-09,IND_DHA,1.72,19.6,2.27,0,0,True,synthetic_scenario_generator,26006
2022-01-10,IND_DHA,1.5,12.71,4.83,0,0,True,synthetic_scenario_generator,26006
2022-01-11,IND_DHA,0.98,10.97,2.68,0,0,True,synthetic_scenario_generator,26006
2022-01-12,IND_DHA,1.03,22.06,2.93,0,0,True,synthetic_scenario_generator,26006
2022-01-13,IND_DHA,1.41,12.04,0.05,0,0,True,synthetic_scenario_generator,26006
2022-01-14,IND_DHA,1.27,18.95,0.28,0,0,True,synthetic_scenario_generator,26006
2022-01-15,IND_DHA,1.87,14.81,1.09,0,0,True,synthetic_scenario_generator,26006
2022-01-16,IND_DHA,1.2,16.65,0.39,0,0,True,synthetic_scenario_generator,26006
2022-01-17,IND_DHA,1.4,8.65,0.18,0,0,True,synthetic_scenario_generator,26006
2022-01-18,IND_DHA,0.6,7.02,2.66,0,0,True,synthetic_scenario_generator,26006
2022-01-19,IND_DHA,1.44,20.7,8.19,0,0,True,synthetic_scenario_generator,26006
2022-01-20,IND_DHA,1.07,19.63,2.86,0,0,True,synthetic_scenario_generator,26006
2022-01-21,IND_DHA,1.45,19.71,0.17,0,0,True,synthetic_scenario_generator,26006
2022-01-22,IND_DHA,0.44,8.49,3.96,0,0,True,synthetic_scenario_generator,26006
2022-01-23,IND_DHA,0.95,24.77,1.05,0,0,True,synthetic_scenario_generator,26006
2022-01-24,IND_DHA,0.96,12.8,4.89,0,0,True,synthetic_scenario_generator,26006
2022-01-25,IND_DHA,0.8,14.71,6.43,0,0,True,synthetic_scenario_generator,26006
2022-01-26,IND_DHA,1.06,17.08,9.02,0,0,True,synthetic_scenario_generator,26006
2022-01-27,IND_DHA,1.17,13.77,8.6,0,0,True,synthetic_scenario_generator,26006
2022-01-28,IND_DHA,0.96,13.33,0.23,0,0,True,synthetic_scenario_generator,26006
2022-01-29,IND_DHA,0.79,15.96,1.17,0,0,True,synthetic_scenario_generator,26006
2022-01-30,IND_DHA,0.84,15.52,10.44,0,0,True,synthetic_scenario_generator,26006
2022-01-31,IND_DHA,1.35,13.16,3.99,0,0,True,synthetic_scenario_generator,26006
2022-02-01,IND_DHA,1.18,13.42,1.12,0,0,True,synthetic_scenario_generator,26006
2022-02-02,IND_DHA,0.85,11.34,9.13,0,0,True,synthetic_scenario_generator,26006
2022-02-03,IND_DHA,0.9,19.26,2.9,0,0,True,synthetic_scenario_generator,26006
2022-02-04,IND_DHA,1.22,12.09,3.12,0,0,True,synthetic_scenario_generator,26006
2022-02-05,IND_DHA,1.17,11.76,6.82,0,0,True,synthetic_scenario_generator,26006
2022-02-06,IND_DHA,0.98,6.91,6.3,0,0,True,synthetic_scenario_generator,26006
2022-02-07,IND_DHA,0.79,10.07,6.31,0,0,True,synthetic_scenario_generator,26006
2022-02-08,IND_DHA,1.02,7.4,2.56,0,0,True,synthetic_scenario_generator,26006
2022-02-09,IND_DHA,0.57,11.39,2.88,0,0,True,synthetic_scenario_generator,26006
2022-02-10,IND_DHA,1.95,11.7,3.34,0,0,True,synthetic_scenario_generator,26006
2022-02-11,IND_DHA,0.34,16.01,5.06,0,0,True,synthetic_scenario_generator,26006
2022-02-12,IND_DHA,1.12,17.08,5.13,0,0,True,synthetic_scenario_generator,26006
2022-02-13,IND_DHA,0.56,14.45,4.42,0,0,True,synthetic_scenario_generator,26006
2022-02-14,IND_DHA,0.2,10.12,2.12,0,0,True,synthetic_scenario_generator,26006
2022-02-15,IND_DHA,1.59,17.25,4.41,0,0,True,synthetic_scenario_generator,26006
2022-02-16,IND_DHA,1.36,17.41,5.8,0,0,True,synthetic_scenario_generator,26006
2022-02-17,IND_DHA,1.05,11.61,4.05,0,0,True,synthetic_scenario_generator,26006
2022-02-18,IND_DHA,0.66,12.96,2.62,0,0,True,synthetic_scenario_generator,26006
2022-02-19,IND_DHA,0.55,14.25,4.86,0,0,True,synthetic_scenario_generator,26006
2022-02-20,IND_DHA,0.39,19.56,10.14,0,0,True,synthetic_scenario_generator,26006
2022-02-21,IND_DHA,1.12,15.84,2.05,0,0,True,synthetic_scenario_generator,26006
2022-02-22,IND_DHA,0.49,8.87,0.82,0,0,True,synthetic_scenario_generator,26006
2022-02-23,IND_DHA,1.24,19.36,5.98,0,0,True,synthetic_scenario_generator,26006
2022-02-24,IND_DHA,0.43,13.74,12.02,0,0,True,synthetic_scenario_generator,26006
2022-02-25,IND_DHA,1.44,10.35,5.35,0,0,True,synthetic_scenario_generator,26006
2022-02-26,IND_DHA,1.03,14.46,4.24,0,0,True,synthetic_scenario_generator,26006
2022-02-27,IND_DHA,0.53,17.99,0.69,0,0,True,synthetic_scenario_generator,26006
2022-02-28,IND_DHA,1.56,11.21,11.7,0,0,True,synthetic_scenario_generator,26006
2022-03-01,IND_DHA,1.15,15.42,3.39,0,0,True,synthetic_scenario_generator,26006
2022-03-02,IND_DHA,0.68,6.11,3.99,0,0,True,synthetic_scenario_generator,26006
2022-03-03,IND_DHA,1.02,12.08,1.0,0,0,True,synthetic_scenario_generator,26006
2022-03-04,IND_DHA,0.84,10.57,1.97,0,0,True,synthetic_scenario_generator,26006
2022-03-05,IND_DHA,2.02,13.0,5.44,0,0,True,synthetic_scenario_generator,26006
2022-03-06,IND_DHA,0.95,15.85,0.79,0,0,True,synthetic_scenario_generator,26006
2022-03-07,IND_DHA,0.93,2.0,9.96,0,0,True,synthetic_scenario_generator,26006
2022-03-08,IND_DHA,1.03,13.62,4.4,0,0,True,synthetic_scenario_generator,26006
2022-03-09,IND_DHA,0.34,22.26,14.86,0,0,True,synthetic_scenario_generator,26006
2022-03-10,IND_DHA,1.34,11.68,6.59,0,0,True,synthetic_scenario_generator,26006
2022-03-11,IND_DHA,0.69,9.2,1.21,0,0,True,synthetic_scenario_generator,26006
2022-03-12,IND_DHA,1.03,21.55,2.79,0,0,True,synthetic_scenario_generator,26006
2022-03-13,IND_DHA,0.99,12.6,6.35,0,0,True,synthetic_scenario_generator,26006
2022-03-14,IND_DHA,1.38,14.67,0.74,0,0,True,synthetic_scenario_generator,26006
2022-03-15,IND_DHA,0.86,9.55,7.57,0,0,True,synthetic_scenario_generator,26006
2022-03-16,IND_DHA,0.38,7.89,4.73,0,0,True,synthetic_scenario_generator,26006
2022-03-17,IND_DHA,1.14,8.14,2.98,0,0,True,synthetic_scenario_generator,26006
2022-03-18,IND_DHA,0.66,12.33,2.55,0,0,True,synthetic_scenario_generator,26006
2022-03-19,IND_DHA,0.85,18.97,9.85,0,0,True,synthetic_scenario_generator,26006
2022-03-20,IND_DHA,1.72,8.65,7.22,0,0,True,synthetic_scenario_generator,26006
2022-03-21,IND_DHA,1.33,16.19,2.93,0,0,True,synthetic_scenario_generator,26006
2022-03-22,IND_DHA,1.24,13.33,8.03,0,0,True,synthetic_scenario_generator,26006
2022-03-23,IND_DHA,1.46,15.29,4.77,0,0,True,synthetic_scenario_generator,26006
2022-03-24,IND_DHA,1.52,13.94,1.57,0,0,True,synthetic_scenario_generator,26006
2022-03-25,IND_DHA,1.12,7.25,8.93,0,0,True,synthetic_scenario_generator,26006
2022-03-26,IND_DHA,1.45,17.61,3.85,0,0,True,synthetic_scenario_generator,26006
2022-03-27,IND_DHA,1.47,10.05,14.95,0,0,True,synthetic_scenario_generator,26006
2022-03-28,IND_DHA,0.73,14.62,1.44,0,0,True,synthetic_scenario_generator,26006
2022-03-29,IND_DHA,1.25,16.57,1.38,0,0,True,synthetic_scenario_generator,26006
2022-03-30,IND_DHA,1.62,12.4,1.47,0,0,True,synthetic_scenario_generator,26006
2022-03-31,IND_DHA,0.69,7.2,0.98,0,0,True,synthetic_scenario_generator,26006
2022-04-01,IND_DHA,1.71,14.15,8.4,0,0,True,synthetic_scenario_generator,26006
2022-04-02,IND_DHA,2.21,13.08,3.37,0,0,True,synthetic_scenario_generator,26006
2022-04-03,IND_DHA,0.48,13.84,7.81,0,0,True,synthetic_scenario_generator,26006
2022-04-04,IND_DHA,1.5,19.9,8.97,0,0,True,synthetic_scenario_generator,26006
2022-04-05,IND_DHA,0.85,24.39,2.28,0,0,True,synthetic_scenario_generator,26006
2022-04-06,IND_DHA,1.63,16.99,0.1,0,0,True,synthetic_scenario_generator,26006
2022-04-07,IND_DHA,1.21,24.43,8.08,0,0,True,synthetic_scenario_generator,26006
2022-04-08,IND_DHA,1.17,26.88,4.72,0,0,True,synthetic_scenario_generator,26006
2022-04-09,IND_DHA,1.39,21.02,0.62,0,0,True,synthetic_scenario_generator,26006
2022-04-10,IND_DHA,1.43,17.65,1.13,0,0,True,synthetic_scenario_generator,26006
2022-04-11,IND_DHA,1.45,16.18,1.66,0,0,True,synthetic_scenario_generator,26006
2022-04-12,IND_DHA,1.7,10.36,1.61,0,0,True,synthetic_scenario_generator,26006
2022-04-13,IND_DHA,0.76,16.72,0.12,0,0,True,synthetic_scenario_generator,26006
2022-04-14,IND_DHA,1.77,19.33,0.7,0,0,True,synthetic_scenario_generator,26006
2022-04-15,IND_DHA,1.23,25.15,0.33,0,0,True,synthetic_scenario_generator,26006
2022-04-16,IND_DHA,2.08,19.16,0.47,0,0,True,synthetic_scenario_generator,26006
2022-04-17,IND_DHA,1.59,17.44,0.53,0,0,True,synthetic_scenario_generator,26006
2022-04-18,IND_DHA,1.46,23.1,4.38,0,0,True,synthetic_scenario_generator,26006
2022-04-19,IND_DHA,1.52,16.86,6.11,0,0,True,synthetic_scenario_generator,26006
2022-04-20,IND_DHA,1.16,31.19,2.95,0,0,True,synthetic_scenario_generator,26006
2022-04-21,IND_DHA,2.03,24.17,10.85,0,0,True,synthetic_scenario_generator,26006
2022-04-22,IND_DHA,1.25,9.12,7.13,0,0,True,synthetic_scenario_generator,26006
2022-04-23,IND_DHA,2.31,21.08,1.64,0,0,True,synthetic_scenario_generator,26006
2022-04-24,IND_DHA,1.75,15.16,0.77,0,0,True,synthetic_scenario_generator,26006
2022-04-25,IND_DHA,1.71,32.92,4.28,0,0,True,synthetic_scenario_generator,26006
2022-04-26,IND_DHA,1.69,22.39,6.11,0,0,True,synthetic_scenario_generator,26006
2022-04-27,IND_DHA,1.76,20.51,3.47,0,0,True,synthetic_scenario_generator,26006
2022-04-28,IND_DHA,2.01,29.19,0.88,0,0,True,synthetic_scenario_generator,26006
2022-04-29,IND_DHA,0.71,15.25,0.63,0,0,True,synthetic_scenario_generator,26006
2022-04-30,IND_DHA,2.48,19.75,11.06,0,0,True,synthetic_scenario_generator,26006
2022-05-01,IND_DHA,1.15,14.94,0.59,0,0,True,synthetic_scenario_generator,26006
2022-05-02,IND_DHA,1.4,20.67,3.43,0,0,True,synthetic_scenario_generator,26006
2022-05-03,IND_DHA,1.34,20.03,4.58,0,0,True,synthetic_scenario_generator,26006
2022-05-04,IND_DHA,1.24,23.16,0.51,0,0,True,synthetic_scenario_generator,26006
2022-05-05,IND_DHA,1.19,13.11,1.03,0,0,True,synthetic_scenario_generator,26006
2022-05-06,IND_DHA,1.36,15.78,1.09,0,0,True,synthetic_scenario_generator,26006
2022-05-07,IND_DHA,1.59,28.51,0.88,0,0,True,synthetic_scenario_generator,26006
2022-05-08,IND_DHA,1.35,26.86,1.41,0,0,True,synthetic_scenario_generator,26006
2022-05-09,IND_DHA,1.73,22.18,4.93,0,0,True,synthetic_scenario_generator,26006
2022-05-10,IND_DHA,1.51,20.82,5.52,0,0,True,synthetic_scenario_generator,26006
2022-05-11,IND_DHA,1.58,22.51,3.17,0,0,True,synthetic_scenario_generator,26006
2022-05-12,IND_DHA,1.05,28.6,4.95,0,0,True,synthetic_scenario_generator,26006
2022-05-13,IND_DHA,1.78,26.63,5.37,0,0,True,synthetic_scenario_generator,26006
2022-05-14,IND_DHA,1.56,17.59,0.93,0,0,True,synthetic_scenario_generator,26006
2022-05-15,IND_DHA,2.02,13.26,0.83,0,0,True,synthetic_scenario_generator,26006
2022-05-16,IND_DHA,0.92,20.21,1.41,0,0,True,synthetic_scenario_generator,26006
2022-05-17,IND_DHA,1.37,25.94,0.94,0,0,True,synthetic_scenario_generator,26006
2022-05-18,IND_DHA,1.72,28.72,4.97,0,0,True,synthetic_scenario_generator,26006
2022-05-19,IND_DHA,2.07,18.62,2.53,0,0,True,synthetic_scenario_generator,26006
2022-05-20,IND_DHA,1.01,29.11,3.39,0,0,True,synthetic_scenario_generator,26006
2022-05-21,IND_DHA,1.87,22.76,14.31,0,0,True,synthetic_scenario_generator,26006
2022-05-22,IND_DHA,1.95,15.31,2.06,0,0,True,synthetic_scenario_generator,26006
2022-05-23,IND_DHA,1.34,25.66,0.82,0,0,True,synthetic_scenario_generator,26006
2022-05-24,IND_DHA,1.63,17.73,5.98,0,0,True,synthetic_scenario_generator,26006
2022-05-25,IND_DHA,0.93,17.24,10.75,0,0,True,synthetic_scenario_generator,26006
2022-05-26,IND_DHA,1.12,17.49,3.01,0,0,True,synthetic_scenario_generator,26006
2022-05-27,IND_DHA,1.55,20.96,0.13,0,0,True,synthetic_scenario_generator,26006
2022-05-28,IND_DHA,1.45,23.9,7.09,0,0,True,synthetic_scenario_generator,26006
2022-05-29,IND_DHA,1.52,23.64,4.9,0,0,True,synthetic_scenario_generator,26006
2022-05-30,IND_DHA,0.34,11.63,5.4,0,0,True,synthetic_scenario_generator,26006
2022-05-31,IND_DHA,1.44,25.44,4.59,0,0,True,synthetic_scenario_generator,26006
2022-06-01,IND_DHA,2.62,25.95,34.02,0,1,True,synthetic_scenario_generator,26006
2022-06-02,IND_DHA,2.67,35.56,22.34,0,1,True,synthetic_scenario_generator,26006
2022-06-03,IND_DHA,2.35,35.13,28.67,0,1,True,synthetic_scenario_generator,26006
2022-06-04,IND_DHA,3.27,27.97,5.69,0,1,True,synthetic_scenario_generator,26006
2022-06-05,IND_DHA,2.9,31.46,25.49,0,1,True,synthetic_scenario_generator,26006
2022-06-06,IND_DHA,2.84,26.42,23.53,0,1,True,synthetic_scenario_generator,26006
2022-06-07,IND_DHA,2.89,30.35,26.09,0,1,True,synthetic_scenario_generator,26006
2022-06-08,IND_DHA,2.62,28.73,2.52,0,1,True,synthetic_scenario_generator,26006
2022-06-09,IND_DHA,2.53,37.8,12.14,0,1,True,synthetic_scenario_generator,26006
2022-06-10,IND_DHA,1.93,32.96,4.3,0,1,True,synthetic_scenario_generator,26006
2022-06-11,IND_DHA,2.03,34.66,11.58,0,1,True,synthetic_scenario_generator,26006
2022-06-12,IND_DHA,2.83,41.33,3.33,0,1,True,synthetic_scenario_generator,26006
2022-06-13,IND_DHA,2.71,27.4,14.4,0,1,True,synthetic_scenario_generator,26006
2022-06-14,IND_DHA,2.57,42.06,8.41,0,1,True,synthetic_scenario_generator,26006
2022-06-15,IND_DHA,2.49,29.09,10.46,0,1,True,synthetic_scenario_generator,26006
2022-06-16,IND_DHA,2.58,36.6,5.62,0,1,True,synthetic_scenario_generator,26006
2022-06-17,IND_DHA,3.08,34.0,0.58,0,1,True,synthetic_scenario_generator,26006
2022-06-18,IND_DHA,2.63,35.61,11.23,0,1,True,synthetic_scenario_generator,26006
2022-06-19,IND_DHA,2.71,34.59,12.1,0,1,True,synthetic_scenario_generator,26006
2022-06-20,IND_DHA,2.37,30.83,11.97,0,1,True,synthetic_scenario_generator,26006
2022-06-21,IND_DHA,3.21,30.83,43.83,0,1,True,synthetic_scenario_generator,26006
2022-06-22,IND_DHA,3.05,35.65,19.76,0,1,True,synthetic_scenario_generator,26006
2022-06-23,IND_DHA,2.85,35.26,1.09,0,1,True,synthetic_scenario_generator,26006
2022-06-24,IND_DHA,2.13,33.54,1.45,0,1,True,synthetic_scenario_generator,26006
2022-06-25,IND_DHA,2.84,33.5,15.88,0,1,True,synthetic_scenario_generator,26006
2022-06-26,IND_DHA,2.83,33.53,12.41,0,1,True,synthetic_scenario_generator,26006
2022-06-27,IND_DHA,2.15,25.87,12.05,0,1,True,synthetic_scenario_generator,26006
2022-06-28,IND_DHA,2.57,32.98,21.47,0,1,True,synthetic_scenario_generator,26006
2022-06-29,IND_DHA,3.13,32.29,20.69,0,1,True,synthetic_scenario_generator,26006
2022-06-30,IND_DHA,2.41,31.99,0.43,0,1,True,synthetic_scenario_generator,26006
2022-07-01,IND_DHA,1.33,28.79,14.65,0,1,True,synthetic_scenario_generator,26006
2022-07-02,IND_DHA,2.96,31.27,12.42,0,1,True,synthetic_scenario_generator,26006
2022-07-03,IND_DHA,2.35,26.22,32.63,0,1,True,synthetic_scenario_generator,26006
2022-07-04,IND_DHA,1.97,30.29,45.23,0,1,True,synthetic_scenario_generator,26006
2022-07-05,IND_DHA,2.44,29.62,7.28,0,1,True,synthetic_scenario_generator,26006
2022-07-06,IND_DHA,2.84,34.07,8.99,0,1,True,synthetic_scenario_generator,26006
2022-07-07,IND_DHA,1.86,16.5,12.24,0,1,True,synthetic_scenario_generator,26006
2022-07-08,IND_DHA,1.92,26.73,23.98,0,1,True,synthetic_scenario_generator,26006
2022-07-09,IND_DHA,1.76,19.5,1.6,0,1,True,synthetic_scenario_generator,26006
2022-07-10,IND_DHA,2.27,28.69,4.79,0,1,True,synthetic_scenario_generator,26006
2022-07-11,IND_DHA,2.56,36.83,2.64,0,1,True,synthetic_scenario_generator,26006
2022-07-12,IND_DHA,1.94,37.35,18.4,0,1,True,synthetic_scenario_generator,26006
2022-07-13,IND_DHA,2.71,23.41,71.19,0,1,True,synthetic_scenario_generator,26006
2022-07-14,IND_DHA,2.83,25.38,15.99,0,1,True,synthetic_scenario_generator,26006
2022-07-15,IND_DHA,1.77,24.16,27.32,0,1,True,synthetic_scenario_generator,26006
2022-07-16,IND_DHA,3.48,25.74,13.79,1,1,True,synthetic_scenario_generator,26006
2022-07-17,IND_DHA,2.52,31.43,6.35,0,1,True,synthetic_scenario_generator,26006
2022-07-18,IND_DHA,2.03,33.28,18.58,0,1,True,synthetic_scenario_generator,26006
2022-07-19,IND_DHA,2.2,28.22,2.24,0,1,True,synthetic_scenario_generator,26006
2022-07-20,IND_DHA,1.97,32.17,11.8,0,1,True,synthetic_scenario_generator,26006
2022-07-21,IND_DHA,2.02,26.48,19.93,0,1,True,synthetic_scenario_generator,26006
2022-07-22,IND_DHA,2.2,30.2,42.17,0,1,True,synthetic_scenario_generator,26006
2022-07-23,IND_DHA,1.84,27.93,24.49,0,1,True,synthetic_scenario_generator,26006
2022-07-24,IND_DHA,2.04,31.15,37.33,0,1,True,synthetic_scenario_generator,26006
2022-07-25,IND_DHA,2.48,16.92,3.38,0,1,True,synthetic_scenario_generator,26006
2022-07-26,IND_DHA,2.28,28.47,6.26,0,1,True,synthetic_scenario_generator,26006
2022-07-27,IND_DHA,2.37,24.72,23.35,0,1,True,synthetic_scenario_generator,26006
2022-07-28,IND_DHA,2.17,23.47,15.24,0,1,True,synthetic_scenario_generator,26006
2022-07-29,IND_DHA,2.03,28.12,4.44,0,1,True,synthetic_scenario_generator,26006
2022-07-30,IND_DHA,2.27,30.48,1.89,0,1,True,synthetic_scenario_generator,26006
2022-07-31,IND_DHA,1.75,29.16,18.24,0,1,True,synthetic_scenario_generator,26006
2022-08-01,IND_DHA,1.97,28.89,11.11,0,1,True,synthetic_scenario_generator,26006
2022-08-02,IND_DHA,2.4,31.22,11.92,0,1,True,synthetic_scenario_generator,26006
2022-08-03,IND_DHA,2.54,27.9,18.35,0,1,True,synthetic_scenario_generator,26006
2022-08-04,IND_DHA,2.06,34.78,7.61,0,1,True,synthetic_scenario_generator,26006
2022-08-05,IND_DHA,2.23,22.08,14.56,0,1,True,synthetic_scenario_generator,26006
2022-08-06,IND_DHA,1.78,29.14,0.31,0,1,True,synthetic_scenario_generator,26006
2022-08-07,IND_DHA,1.96,30.86,8.85,0,1,True,synthetic_scenario_generator,26006
2022-08-08,IND_DHA,1.31,30.62,26.29,0,1,True,synthetic_scenario_generator,26006
2022-08-09,IND_DHA,2.05,27.7,25.27,0,1,True,synthetic_scenario_generator,26006
2022-08-10,IND_DHA,2.57,32.19,5.82,0,1,True,synthetic_scenario_generator,26006
2022-08-11,IND_DHA,2.37,32.41,8.67,0,1,True,synthetic_scenario_generator,26006
2022-08-12,IND_DHA,2.41,29.86,1.13,0,1,True,synthetic_scenario_generator,26006
2022-08-13,IND_DHA,2.29,27.08,18.73,0,1,True,synthetic_scenario_generator,26006
2022-08-14,IND_DHA,2.27,25.92,19.75,0,1,True,synthetic_scenario_generator,26006
2022-08-15,IND_DHA,2.72,23.91,26.03,0,1,True,synthetic_scenario_generator,26006
2022-08-16,IND_DHA,2.56,26.67,4.36,0,1,True,synthetic_scenario_generator,26006
2022-08-17,IND_DHA,2.7,33.32,31.22,0,1,True,synthetic_scenario_generator,26006
2022-08-18,IND_DHA,2.08,27.17,10.2,0,1,True,synthetic_scenario_generator,26006
2022-08-19,IND_DHA,1.72,26.0,42.72,0,1,True,synthetic_scenario_generator,26006
2022-08-20,IND_DHA,2.93,39.55,36.46,0,1,True,synthetic_scenario_generator,26006
2022-08-21,IND_DHA,1.96,20.27,32.97,0,1,True,synthetic_scenario_generator,26006
2022-08-22,IND_DHA,2.23,31.24,7.57,0,1,True,synthetic_scenario_generator,26006
2022-08-23,IND_DHA,2.59,30.0,16.65,0,1,True,synthetic_scenario_generator,26006
2022-08-24,IND_DHA,2.49,32.66,15.26,0,1,True,synthetic_scenario_generator,26006
2022-08-25,IND_DHA,2.64,27.17,6.03,0,1,True,synthetic_scenario_generator,26006
2022-08-26,IND_DHA,2.44,22.61,17.45,0,1,True,synthetic_scenario_generator,26006
2022-08-27,IND_DHA,1.54,24.42,7.62,0,1,True,synthetic_scenario_generator,26006
2022-08-28,IND_DHA,1.91,26.07,13.83,0,1,True,synthetic_scenario_generator,26006
2022-08-29,IND_DHA,2.61,27.4,20.75,0,1,True,synthetic_scenario_generator,26006
2022-08-30,IND_DHA,2.3,23.93,15.03,0,1,True,synthetic_scenario_generator,26006
2022-08-31,IND_DHA,2.92,26.32,4.37,0,1,True,synthetic_scenario_generator,26006
2022-09-01,IND_DHA,2.34,26.57,15.79,0,1,True,synthetic_scenario_generator,26006
2022-09-02,IND_DHA,2.43,22.06,11.05,0,1,True,synthetic_scenario_generator,26006
2022-09-03,IND_DHA,2.21,27.83,10.1,0,1,True,synthetic_scenario_generator,26006
2022-09-04,IND_DHA,1.88,27.45,20.6,0,1,True,synthetic_scenario_generator,26006
2022-09-05,IND_DHA,2.4,28.33,15.43,0,1,True,synthetic_scenario_generator,26006
2022-09-06,IND_DHA,2.72,30.7,10.61,0,1,True,synthetic_scenario_generator,26006
2022-09-07,IND_DHA,1.84,29.03,39.73,0,1,True,synthetic_scenario_generator,26006
2022-09-08,IND_DHA,2.08,26.27,17.2,0,1,True,synthetic_scenario_generator,26006
2022-09-09,IND_DHA,2.76,25.78,8.0,0,1,True,synthetic_scenario_generator,26006
2022-09-10,IND_DHA,2.88,30.14,6.75,0,1,True,synthetic_scenario_generator,26006
2022-09-11,IND_DHA,2.44,37.78,21.05,0,1,True,synthetic_scenario_generator,26006
2022-09-12,IND_DHA,2.01,30.01,4.86,0,1,True,synthetic_scenario_generator,26006
2022-09-13,IND_DHA,2.56,24.52,10.05,0,1,True,synthetic_scenario_generator,26006
2022-09-14,IND_DHA,1.6,19.96,2.51,0,1,True,synthetic_scenario_generator,26006
2022-09-15,IND_DHA,2.06,28.89,22.25,0,1,True,synthetic_scenario_generator,26006
2022-09-16,IND_DHA,2.14,22.37,17.64,0,1,True,synthetic_scenario_generator,26006
2022-09-17,IND_DHA,2.19,27.34,2.7,0,1,True,synthetic_scenario_generator,26006
2022-09-18,IND_DHA,2.3,27.32,3.75,0,1,True,synthetic_scenario_generator,26006
2022-09-19,IND_DHA,2.07,25.42,9.05,0,1,True,synthetic_scenario_generator,26006
2022-09-20,IND_DHA,1.96,25.29,3.61,0,1,True,synthetic_scenario_generator,26006
2022-09-21,IND_DHA,2.04,29.32,20.41,0,1,True,synthetic_scenario_generator,26006
2022-09-22,IND_DHA,2.06,20.29,10.3,0,1,True,synthetic_scenario_generator,26006
2022-09-23,IND_DHA,1.95,18.97,0.2,0,1,True,synthetic_scenario_generator,26006
2022-09-24,IND_DHA,1.64,19.38,9.21,0,1,True,synthetic_scenario_generator,26006
2022-09-25,IND_DHA,2.77,21.33,10.29,0,1,True,synthetic_scenario_generator,26006
2022-09-26,IND_DHA,2.01,31.29,7.23,0,1,True,synthetic_scenario_generator,26006
2022-09-27,IND_DHA,2.56,23.27,22.03,0,1,True,synthetic_scenario_generator,26006
2022-09-28,IND_DHA,2.21,25.61,3.95,0,1,True,synthetic_scenario_generator,26006
2022-09-29,IND_DHA,1.92,27.5,1.54,0,1,True,synthetic_scenario_generator,26006
2022-09-30,IND_DHA,1.47,24.28,39.12,0,1,True,synthetic_scenario_generator,26006
2022-10-01,IND_DHA,1.09,26.33,0.32,0,0,True,synthetic_scenario_generator,26006
2022-10-02,IND_DHA,1.92,18.59,3.75,0,0,True,synthetic_scenario_generator,26006
2022-10-03,IND_DHA,1.34,21.74,6.06,0,0,True,synthetic_scenario_generator,26006
2022-10-04,IND_DHA,1.14,10.07,6.39,0,0,True,synthetic_scenario_generator,26006
2022-10-05,IND_DHA,1.87,19.81,4.54,0,0,True,synthetic_scenario_generator,26006
2022-10-06,IND_DHA,1.02,11.81,1.03,0,0,True,synthetic_scenario_generator,26006
2022-10-07,IND_DHA,1.9,27.29,7.93,0,0,True,synthetic_scenario_generator,26006
2022-10-08,IND_DHA,1.29,22.37,3.27,0,0,True,synthetic_scenario_generator,26006
2022-10-09,IND_DHA,2.14,14.22,5.56,0,0,True,synthetic_scenario_generator,26006
2022-10-10,IND_DHA,1.46,20.24,1.03,0,0,True,synthetic_scenario_generator,26006
2022-10-11,IND_DHA,1.75,23.94,1.29,0,0,True,synthetic_scenario_generator,26006
2022-10-12,IND_DHA,1.26,14.87,5.67,0,0,True,synthetic_scenario_generator,26006
2022-10-13,IND_DHA,1.69,28.26,10.69,0,0,True,synthetic_scenario_generator,26006
2022-10-14,IND_DHA,1.71,24.26,13.09,0,0,True,synthetic_scenario_generator,26006
2022-10-15,IND_DHA,1.38,20.36,5.86,0,0,True,synthetic_scenario_generator,26006
2022-10-16,IND_DHA,1.27,20.09,13.12,0,0,True,synthetic_scenario_generator,26006
2022-10-17,IND_DHA,1.32,21.3,5.9,0,0,True,synthetic_scenario_generator,26006
2022-10-18,IND_DHA,1.1,19.37,1.1,0,0,True,synthetic_scenario_generator,26006
2022-10-19,IND_DHA,1.4,26.13,8.8,0,0,True,synthetic_scenario_generator,26006
2022-10-20,IND_DHA,2.09,16.77,0.82,0,0,True,synthetic_scenario_generator,26006
2022-10-21,IND_DHA,1.28,11.28,1.24,0,0,True,synthetic_scenario_generator,26006
2022-10-22,IND_DHA,2.1,22.17,6.64,0,0,True,synthetic_scenario_generator,26006
2022-10-23,IND_DHA,1.61,21.28,1.33,0,0,True,synthetic_scenario_generator,26006
2022-10-24,IND_DHA,1.18,18.89,3.92,0,0,True,synthetic_scenario_generator,26006
2022-10-25,IND_DHA,1.23,22.72,3.42,0,0,True,synthetic_scenario_generator,26006
2022-10-26,IND_DHA,1.2,16.86,1.18,0,0,True,synthetic_scenario_generator,26006
2022-10-27,IND_DHA,1.42,27.22,8.49,0,0,True,synthetic_scenario_generator,26006
2022-10-28,IND_DHA,2.07,18.67,5.09,0,0,True,synthetic_scenario_generator,26006
2022-10-29,IND_DHA,1.76,14.87,4.22,0,0,True,synthetic_scenario_generator,26006
2022-10-30,IND_DHA,2.07,20.88,0.83,0,0,True,synthetic_scenario_generator,26006
2022-10-31,IND_DHA,1.87,14.42,4.19,0,0,True,synthetic_scenario_generator,26006
2022-11-01,IND_DHA,1.66,15.94,2.71,0,0,True,synthetic_scenario_generator,26006
2022-11-02,IND_DHA,1.45,32.35,18.07,0,0,True,synthetic_scenario_generator,26006
2022-11-03,IND_DHA,1.66,15.44,4.16,0,0,True,synthetic_scenario_generator,26006
2022-11-04,IND_DHA,1.5,20.66,3.46,0,0,True,synthetic_scenario_generator,26006
2022-11-05,IND_DHA,1.78,17.87,1.02,0,0,True,synthetic_scenario_generator,26006
2022-11-06,IND_DHA,2.07,23.03,1.45,0,0,True,synthetic_scenario_generator,26006
2022-11-07,IND_DHA,1.56,23.49,0.91,0,0,True,synthetic_scenario_generator,26006
2022-11-08,IND_DHA,1.15,15.72,1.91,0,0,True,synthetic_scenario_generator,26006
2022-11-09,IND_DHA,2.28,13.26,1.42,0,0,True,synthetic_scenario_generator,26006
2022-11-10,IND_DHA,1.18,20.64,0.7,0,0,True,synthetic_scenario_generator,26006
2022-11-11,IND_DHA,1.81,20.83,15.73,0,0,True,synthetic_scenario_generator,26006
2022-11-12,IND_DHA,1.67,19.08,2.49,0,0,True,synthetic_scenario_generator,26006
2022-11-13,IND_DHA,1.21,25.7,8.69,0,0,True,synthetic_scenario_generator,26006
2022-11-14,IND_DHA,1.41,11.94,3.63,0,0,True,synthetic_scenario_generator,26006
2022-11-15,IND_DHA,1.46,14.86,9.94,0,0,True,synthetic_scenario_generator,26006
2022-11-16,IND_DHA,2.3,17.47,2.43,0,0,True,synthetic_scenario_generator,26006
2022-11-17,IND_DHA,2.05,27.08,2.23,0,0,True,synthetic_scenario_generator,26006
2022-11-18,IND_DHA,2.04,25.18,0.75,0,0,True,synthetic_scenario_generator,26006
2022-11-19,IND_DHA,1.57,25.93,0.88,0,0,True,synthetic_scenario_generator,26006
2022-11-20,IND_DHA,1.51,16.87,1.23,0,0,True,synthetic_scenario_generator,26006
2022-11-21,IND_DHA,1.5,18.29,15.91,0,0,True,synthetic_scenario_generator,26006
2022-11-22,IND_DHA,1.65,26.64,0.03,0,0,True,synthetic_scenario_generator,26006
2022-11-23,IND_DHA,0.55,14.79,1.92,0,0,True,synthetic_scenario_generator,26006
2022-11-24,IND_DHA,1.68,11.33,0.47,0,0,True,synthetic_scenario_generator,26006
2022-11-25,IND_DHA,1.64,13.7,5.42,0,0,True,synthetic_scenario_generator,26006
2022-11-26,IND_DHA,1.49,27.8,1.61,0,0,True,synthetic_scenario_generator,26006
2022-11-27,IND_DHA,1.46,14.53,0.04,0,0,True,synthetic_scenario_generator,26006
2022-11-28,IND_DHA,1.62,12.38,0.2,0,0,True,synthetic_scenario_generator,26006
2022-11-29,IND_DHA,1.68,15.91,4.87,0,0,True,synthetic_scenario_generator,26006
2022-11-30,IND_DHA,1.78,15.94,1.25,0,0,True,synthetic_scenario_generator,26006
2022-12-01,IND_DHA,2.12,20.56,6.32,0,0,True,synthetic_scenario_generator,26006
2022-12-02,IND_DHA,0.98,28.64,6.45,0,0,True,synthetic_scenario_generator,26006
2022-12-03,IND_DHA,1.19,18.0,4.76,0,0,True,synthetic_scenario_generator,26006
2022-12-04,IND_DHA,1.33,14.77,3.59,0,0,True,synthetic_scenario_generator,26006
2022-12-05,IND_DHA,1.7,18.94,17.2,0,0,True,synthetic_scenario_generator,26006
2022-12-06,IND_DHA,1.26,17.1,2.2,0,0,True,synthetic_scenario_generator,26006
2022-12-07,IND_DHA,1.42,27.08,1.69,0,0,True,synthetic_scenario_generator,26006
2022-12-08,IND_DHA,1.88,16.28,2.79,0,0,True,synthetic_scenario_generator,26006
2022-12-09,IND_DHA,1.8,23.19,2.8,0,0,True,synthetic_scenario_generator,26006
2022-12-10,IND_DHA,0.93,15.57,4.79,0,0,True,synthetic_scenario_generator,26006
2022-12-11,IND_DHA,1.85,18.58,1.7,0,0,True,synthetic_scenario_generator,26006
2022-12-12,IND_DHA,0.2,17.42,2.84,0,0,True,synthetic_scenario_generator,26006
2022-12-13,IND_DHA,1.71,17.19,2.96,0,0,True,synthetic_scenario_generator,26006
2022-12-14,IND_DHA,1.79,27.43,5.62,0,0,True,synthetic_scenario_generator,26006
2022-12-15,IND_DHA,1.01,17.92,0.59,0,0,True,synthetic_scenario_generator,26006
2022-12-16,IND_DHA,1.46,14.62,0.8,0,0,True,synthetic_scenario_generator,26006
2022-12-17,IND_DHA,1.59,12.45,1.29,0,0,True,synthetic_scenario_generator,26006
2022-12-18,IND_DHA,2.52,26.65,2.06,0,0,True,synthetic_scenario_generator,26006
2022-12-19,IND_DHA,1.15,23.23,3.38,0,0,True,synthetic_scenario_generator,26006
2022-12-20,IND_DHA,0.78,13.69,2.9,0,0,True,synthetic_scenario_generator,26006
2022-12-21,IND_DHA,1.94,19.53,1.73,0,0,True,synthetic_scenario_generator,26006
2022-12-22,IND_DHA,1.28,13.08,0.88,0,0,True,synthetic_scenario_generator,26006
2022-12-23,IND_DHA,1.01,23.56,3.36,0,0,True,synthetic_scenario_generator,26006
2022-12-24,IND_DHA,2.17,19.48,2.32,0,0,True,synthetic_scenario_generator,26006
2022-12-25,IND_DHA,2.03,17.56,14.72,0,0,True,synthetic_scenario_generator,26006
2022-12-26,IND_DHA,2.19,19.22,9.65,0,0,True,synthetic_scenario_generator,26006
2022-12-27,IND_DHA,1.3,7.67,4.66,0,0,True,synthetic_scenario_generator,26006
2022-12-28,IND_DHA,2.22,18.89,5.3,0,0,True,synthetic_scenario_generator,26006
2022-12-29,IND_DHA,1.98,30.66,0.71,0,0,True,synthetic_scenario_generator,26006
2022-12-30,IND_DHA,1.25,20.91,3.57,0,0,True,synthetic_scenario_generator,26006
2022-12-31,IND_DHA,2.05,31.69,1.55,0,0,True,synthetic_scenario_generator,26006
2023-01-01,IND_DHA,1.26,20.24,1.41,0,0,True,synthetic_scenario_generator,26006
2023-01-02,IND_DHA,0.92,5.84,1.46,0,0,True,synthetic_scenario_generator,26006
2023-01-03,IND_DHA,1.25,15.81,2.95,0,0,True,synthetic_scenario_generator,26006
2023-01-04,IND_DHA,0.58,21.39,3.41,0,0,True,synthetic_scenario_generator,26006
2023-01-05,IND_DHA,0.99,4.82,1.65,0,0,True,synthetic_scenario_generator,26006
2023-01-06,IND_DHA,1.45,10.85,1.32,0,0,True,synthetic_scenario_generator,26006
2023-01-07,IND_DHA,1.2,3.84,4.82,0,0,True,synthetic_scenario_generator,26006
2023-01-08,IND_DHA,0.72,10.84,1.94,0,0,True,synthetic_scenario_generator,26006
2023-01-09,IND_DHA,1.36,14.6,0.92,0,0,True,synthetic_scenario_generator,26006
2023-01-10,IND_DHA,0.93,7.81,11.67,0,0,True,synthetic_scenario_generator,26006
2023-01-11,IND_DHA,0.73,7.33,6.13,0,0,True,synthetic_scenario_generator,26006
2023-01-12,IND_DHA,0.78,12.88,3.11,0,0,True,synthetic_scenario_generator,26006
2023-01-13,IND_DHA,0.92,10.6,6.16,0,0,True,synthetic_scenario_generator,26006
2023-01-14,IND_DHA,1.3,9.44,2.7,0,0,True,synthetic_scenario_generator,26006
2023-01-15,IND_DHA,1.69,13.89,1.49,0,0,True,synthetic_scenario_generator,26006
2023-01-16,IND_DHA,1.22,15.0,2.13,0,0,True,synthetic_scenario_generator,26006
2023-01-17,IND_DHA,1.85,11.43,0.12,0,0,True,synthetic_scenario_generator,26006
2023-01-18,IND_DHA,1.09,18.48,1.93,0,0,True,synthetic_scenario_generator,26006
2023-01-19,IND_DHA,0.26,19.53,5.34,0,0,True,synthetic_scenario_generator,26006
2023-01-20,IND_DHA,1.16,17.2,5.72,0,0,True,synthetic_scenario_generator,26006
2023-01-21,IND_DHA,0.66,12.77,0.28,0,0,True,synthetic_scenario_generator,26006
2023-01-22,IND_DHA,1.3,15.4,5.2,0,0,True,synthetic_scenario_generator,26006
2023-01-23,IND_DHA,1.34,15.9,3.59,0,0,True,synthetic_scenario_generator,26006
2023-01-24,IND_DHA,1.51,10.38,0.87,0,0,True,synthetic_scenario_generator,26006
2023-01-25,IND_DHA,0.68,17.71,0.7,0,0,True,synthetic_scenario_generator,26006
2023-01-26,IND_DHA,1.62,14.7,5.32,0,0,True,synthetic_scenario_generator,26006
2023-01-27,IND_DHA,1.43,15.11,8.7,0,0,True,synthetic_scenario_generator,26006
2023-01-28,IND_DHA,1.49,17.9,10.44,0,0,True,synthetic_scenario_generator,26006
2023-01-29,IND_DHA,1.07,7.57,2.9,0,0,True,synthetic_scenario_generator,26006
2023-01-30,IND_DHA,0.83,12.07,1.47,0,0,True,synthetic_scenario_generator,26006
2023-01-31,IND_DHA,1.2,20.03,0.48,0,0,True,synthetic_scenario_generator,26006
2023-02-01,IND_DHA,0.88,14.59,1.53,0,0,True,synthetic_scenario_generator,26006
2023-02-02,IND_DHA,1.47,13.86,3.4,0,0,True,synthetic_scenario_generator,26006
2023-02-03,IND_DHA,0.95,6.37,1.92,0,0,True,synthetic_scenario_generator,26006
2023-02-04,IND_DHA,0.8,22.07,1.87,0,0,True,synthetic_scenario_generator,26006
2023-02-05,IND_DHA,0.71,11.44,0.08,0,0,True,synthetic_scenario_generator,26006
2023-02-06,IND_DHA,0.26,14.58,3.62,0,0,True,synthetic_scenario_generator,26006
2023-02-07,IND_DHA,0.87,18.15,2.81,0,0,True,synthetic_scenario_generator,26006
2023-02-08,IND_DHA,1.33,14.14,3.99,0,0,True,synthetic_scenario_generator,26006
2023-02-09,IND_DHA,0.79,14.33,1.48,0,0,True,synthetic_scenario_generator,26006
2023-02-10,IND_DHA,1.24,14.58,0.96,0,0,True,synthetic_scenario_generator,26006
2023-02-11,IND_DHA,1.22,16.26,2.01,0,0,True,synthetic_scenario_generator,26006
2023-02-12,IND_DHA,0.69,18.07,1.6,0,0,True,synthetic_scenario_generator,26006
2023-02-13,IND_DHA,1.3,21.85,0.83,0,0,True,synthetic_scenario_generator,26006
2023-02-14,IND_DHA,1.55,24.05,7.43,0,0,True,synthetic_scenario_generator,26006
2023-02-15,IND_DHA,0.69,17.29,2.09,0,0,True,synthetic_scenario_generator,26006
2023-02-16,IND_DHA,1.07,13.07,2.71,0,0,True,synthetic_scenario_generator,26006
2023-02-17,IND_DHA,1.74,13.03,2.9,0,0,True,synthetic_scenario_generator,26006
2023-02-18,IND_DHA,1.83,19.67,10.53,0,0,True,synthetic_scenario_generator,26006
2023-02-19,IND_DHA,0.83,11.42,2.5,0,0,True,synthetic_scenario_generator,26006
2023-02-20,IND_DHA,1.85,5.57,4.53,0,0,True,synthetic_scenario_generator,26006
2023-02-21,IND_DHA,1.43,17.85,3.13,0,0,True,synthetic_scenario_generator,26006
2023-02-22,IND_DHA,1.09,21.16,2.97,0,0,True,synthetic_scenario_generator,26006
2023-02-23,IND_DHA,1.78,21.62,3.83,0,0,True,synthetic_scenario_generator,26006
2023-02-24,IND_DHA,1.59,12.34,1.32,0,0,True,synthetic_scenario_generator,26006
2023-02-25,IND_DHA,1.41,17.83,0.87,0,0,True,synthetic_scenario_generator,26006
2023-02-26,IND_DHA,1.38,18.1,3.01,0,0,True,synthetic_scenario_generator,26006
2023-02-27,IND_DHA,1.31,17.75,4.21,0,0,True,synthetic_scenario_generator,26006
2023-02-28,IND_DHA,0.89,17.6,8.39,0,0,True,synthetic_scenario_generator,26006
2023-03-01,IND_DHA,1.81,15.08,1.46,0,0,True,synthetic_scenario_generator,26006
2023-03-02,IND_DHA,1.39,11.42,0.87,0,0,True,synthetic_scenario_generator,26006
2023-03-03,IND_DHA,1.19,20.77,3.54,0,0,True,synthetic_scenario_generator,26006
2023-03-04,IND_DHA,0.5,15.2,1.44,0,0,True,synthetic_scenario_generator,26006
2023-03-05,IND_DHA,1.14,18.02,4.2,0,0,True,synthetic_scenario_generator,26006
2023-03-06,IND_DHA,0.49,18.34,0.25,0,0,True,synthetic_scenario_generator,26006
2023-03-07,IND_DHA,1.52,11.76,1.51,0,0,True,synthetic_scenario_generator,26006
2023-03-08,IND_DHA,0.91,16.06,1.2,0,0,True,synthetic_scenario_generator,26006
2023-03-09,IND_DHA,0.71,9.98,2.16,0,0,True,synthetic_scenario_generator,26006
2023-03-10,IND_DHA,0.66,9.6,10.31,0,0,True,synthetic_scenario_generator,26006
2023-03-11,IND_DHA,0.8,14.29,2.73,0,0,True,synthetic_scenario_generator,26006
2023-03-12,IND_DHA,1.57,8.94,1.91,0,0,True,synthetic_scenario_generator,26006
2023-03-13,IND_DHA,1.5,15.91,1.49,0,0,True,synthetic_scenario_generator,26006
2023-03-14,IND_DHA,1.34,21.5,2.77,0,0,True,synthetic_scenario_generator,26006
2023-03-15,IND_DHA,1.68,11.89,2.56,0,0,True,synthetic_scenario_generator,26006
2023-03-16,IND_DHA,1.4,21.55,11.32,0,0,True,synthetic_scenario_generator,26006
2023-03-17,IND_DHA,0.65,9.99,3.85,0,0,True,synthetic_scenario_generator,26006
2023-03-18,IND_DHA,1.09,13.71,3.16,0,0,True,synthetic_scenario_generator,26006
2023-03-19,IND_DHA,1.07,11.23,1.92,0,0,True,synthetic_scenario_generator,26006
2023-03-20,IND_DHA,1.12,17.36,1.91,0,0,True,synthetic_scenario_generator,26006
2023-03-21,IND_DHA,0.98,19.5,2.99,0,0,True,synthetic_scenario_generator,26006
2023-03-22,IND_DHA,1.11,15.92,9.43,0,0,True,synthetic_scenario_generator,26006
2023-03-23,IND_DHA,1.38,8.4,1.93,0,0,True,synthetic_scenario_generator,26006
2023-03-24,IND_DHA,1.49,19.61,4.78,0,0,True,synthetic_scenario_generator,26006
2023-03-25,IND_DHA,1.09,14.15,4.3,0,0,True,synthetic_scenario_generator,26006
2023-03-26,IND_DHA,0.83,8.27,3.63,0,0,True,synthetic_scenario_generator,26006
2023-03-27,IND_DHA,1.15,14.85,2.73,0,0,True,synthetic_scenario_generator,26006
2023-03-28,IND_DHA,0.69,15.52,1.61,0,0,True,synthetic_scenario_generator,26006
2023-03-29,IND_DHA,1.84,13.93,1.05,0,0,True,synthetic_scenario_generator,26006
2023-03-30,IND_DHA,0.85,12.67,11.63,0,0,True,synthetic_scenario_generator,26006
2023-03-31,IND_DHA,0.99,10.88,7.31,0,0,True,synthetic_scenario_generator,26006
2023-04-01,IND_DHA,0.99,25.97,0.65,0,0,True,synthetic_scenario_generator,26006
2023-04-02,IND_DHA,1.82,15.34,6.99,0,0,True,synthetic_scenario_generator,26006
2023-04-03,IND_DHA,1.82,20.09,1.54,0,0,True,synthetic_scenario_generator,26006
2023-04-04,IND_DHA,1.66,14.71,0.39,0,0,True,synthetic_scenario_generator,26006
2023-04-05,IND_DHA,1.37,20.75,0.93,0,0,True,synthetic_scenario_generator,26006
2023-04-06,IND_DHA,1.71,11.52,4.46,0,0,True,synthetic_scenario_generator,26006
2023-04-07,IND_DHA,1.71,34.14,0.27,0,0,True,synthetic_scenario_generator,26006
2023-04-08,IND_DHA,1.17,26.14,2.97,0,0,True,synthetic_scenario_generator,26006
2023-04-09,IND_DHA,1.51,21.61,0.33,0,0,True,synthetic_scenario_generator,26006
2023-04-10,IND_DHA,1.56,19.0,12.7,0,0,True,synthetic_scenario_generator,26006
2023-04-11,IND_DHA,1.35,17.03,1.58,0,0,True,synthetic_scenario_generator,26006
2023-04-12,IND_DHA,2.13,19.73,2.26,0,0,True,synthetic_scenario_generator,26006
2023-04-13,IND_DHA,1.08,19.97,4.48,0,0,True,synthetic_scenario_generator,26006
2023-04-14,IND_DHA,1.14,26.08,0.87,0,0,True,synthetic_scenario_generator,26006
2023-04-15,IND_DHA,1.44,22.77,0.12,0,0,True,synthetic_scenario_generator,26006
2023-04-16,IND_DHA,1.46,24.01,2.89,0,0,True,synthetic_scenario_generator,26006
2023-04-17,IND_DHA,1.49,20.65,2.32,0,0,True,synthetic_scenario_generator,26006
2023-04-18,IND_DHA,1.35,25.33,3.05,0,0,True,synthetic_scenario_generator,26006
2023-04-19,IND_DHA,0.98,20.24,0.11,0,0,True,synthetic_scenario_generator,26006
2023-04-20,IND_DHA,1.54,14.75,2.46,0,0,True,synthetic_scenario_generator,26006
2023-04-21,IND_DHA,1.32,24.18,4.73,0,0,True,synthetic_scenario_generator,26006
2023-04-22,IND_DHA,1.42,17.5,4.19,0,0,True,synthetic_scenario_generator,26006
2023-04-23,IND_DHA,1.05,12.45,2.15,0,0,True,synthetic_scenario_generator,26006
2023-04-24,IND_DHA,2.03,19.67,2.51,0,0,True,synthetic_scenario_generator,26006
2023-04-25,IND_DHA,1.5,24.09,12.96,0,0,True,synthetic_scenario_generator,26006
2023-04-26,IND_DHA,2.46,19.52,0.83,0,0,True,synthetic_scenario_generator,26006
2023-04-27,IND_DHA,1.2,17.34,1.76,0,0,True,synthetic_scenario_generator,26006
2023-04-28,IND_DHA,0.9,17.66,1.12,0,0,True,synthetic_scenario_generator,26006
2023-04-29,IND_DHA,2.51,21.3,0.32,0,0,True,synthetic_scenario_generator,26006
2023-04-30,IND_DHA,1.58,19.31,4.8,0,0,True,synthetic_scenario_generator,26006
2023-05-01,IND_DHA,1.74,11.02,2.06,0,0,True,synthetic_scenario_generator,26006
2023-05-02,IND_DHA,2.01,24.14,4.18,0,0,True,synthetic_scenario_generator,26006
2023-05-03,IND_DHA,1.51,26.87,11.77,0,0,True,synthetic_scenario_generator,26006
2023-05-04,IND_DHA,2.22,17.46,1.1,0,0,True,synthetic_scenario_generator,26006
2023-05-05,IND_DHA,1.17,16.92,5.34,0,0,True,synthetic_scenario_generator,26006
2023-05-06,IND_DHA,1.57,17.33,14.46,0,0,True,synthetic_scenario_generator,26006
2023-05-07,IND_DHA,1.66,21.24,5.18,0,0,True,synthetic_scenario_generator,26006
2023-05-08,IND_DHA,1.35,26.65,5.4,0,0,True,synthetic_scenario_generator,26006
2023-05-09,IND_DHA,1.74,19.22,4.06,0,0,True,synthetic_scenario_generator,26006
2023-05-10,IND_DHA,0.98,19.86,1.83,0,0,True,synthetic_scenario_generator,26006
2023-05-11,IND_DHA,1.23,20.88,0.36,0,0,True,synthetic_scenario_generator,26006
2023-05-12,IND_DHA,1.61,13.94,13.57,0,0,True,synthetic_scenario_generator,26006
2023-05-13,IND_DHA,1.62,17.79,2.03,0,0,True,synthetic_scenario_generator,26006
2023-05-14,IND_DHA,1.68,26.13,3.2,0,0,True,synthetic_scenario_generator,26006
2023-05-15,IND_DHA,0.82,21.24,17.15,0,0,True,synthetic_scenario_generator,26006
2023-05-16,IND_DHA,1.63,14.34,0.8,0,0,True,synthetic_scenario_generator,26006
2023-05-17,IND_DHA,1.61,17.65,5.92,0,0,True,synthetic_scenario_generator,26006
2023-05-18,IND_DHA,0.64,21.76,4.09,0,0,True,synthetic_scenario_generator,26006
2023-05-19,IND_DHA,1.65,19.06,0.85,0,0,True,synthetic_scenario_generator,26006
2023-05-20,IND_DHA,0.95,33.48,3.72,0,0,True,synthetic_scenario_generator,26006
2023-05-21,IND_DHA,1.56,15.14,0.56,0,0,True,synthetic_scenario_generator,26006
2023-05-22,IND_DHA,0.75,24.38,0.63,0,0,True,synthetic_scenario_generator,26006
2023-05-23,IND_DHA,1.28,14.6,4.16,0,0,True,synthetic_scenario_generator,26006
2023-05-24,IND_DHA,1.13,16.32,4.32,0,0,True,synthetic_scenario_generator,26006
2023-05-25,IND_DHA,1.51,17.87,1.12,0,0,True,synthetic_scenario_generator,26006
2023-05-26,IND_DHA,1.25,21.02,3.28,0,0,True,synthetic_scenario_generator,26006
2023-05-27,IND_DHA,1.91,19.6,2.26,0,0,True,synthetic_scenario_generator,26006
2023-05-28,IND_DHA,1.73,23.27,5.18,0,0,True,synthetic_scenario_generator,26006
2023-05-29,IND_DHA,1.67,9.68,3.26,0,0,True,synthetic_scenario_generator,26006
2023-05-30,IND_DHA,0.96,17.65,10.74,0,0,True,synthetic_scenario_generator,26006
2023-05-31,IND_DHA,1.04,17.0,5.66,0,0,True,synthetic_scenario_generator,26006
2023-06-01,IND_DHA,2.83,35.21,5.12,0,1,True,synthetic_scenario_generator,26006
2023-06-02,IND_DHA,2.54,21.9,9.1,0,1,True,synthetic_scenario_generator,26006
2023-06-03,IND_DHA,2.77,23.16,0.48,0,1,True,synthetic_scenario_generator,26006
2023-06-04,IND_DHA,2.83,34.31,3.55,0,1,True,synthetic_scenario_generator,26006
2023-06-05,IND_DHA,3.66,29.35,26.29,1,1,True,synthetic_scenario_generator,26006
2023-06-06,IND_DHA,2.79,38.96,5.73,0,1,True,synthetic_scenario_generator,26006
2023-06-07,IND_DHA,2.09,35.8,11.67,0,1,True,synthetic_scenario_generator,26006
2023-06-08,IND_DHA,2.62,30.08,4.69,0,1,True,synthetic_scenario_generator,26006
2023-06-09,IND_DHA,2.52,24.01,8.58,0,1,True,synthetic_scenario_generator,26006
2023-06-10,IND_DHA,2.45,39.48,20.81,0,1,True,synthetic_scenario_generator,26006
2023-06-11,IND_DHA,2.08,27.41,7.71,0,1,True,synthetic_scenario_generator,26006
2023-06-12,IND_DHA,2.93,31.23,13.03,0,1,True,synthetic_scenario_generator,26006
2023-06-13,IND_DHA,2.35,25.79,14.74,0,1,True,synthetic_scenario_generator,26006
2023-06-14,IND_DHA,2.19,30.84,1.75,0,1,True,synthetic_scenario_generator,26006
2023-06-15,IND_DHA,2.81,28.02,14.48,0,1,True,synthetic_scenario_generator,26006
2023-06-16,IND_DHA,3.16,28.85,22.84,0,1,True,synthetic_scenario_generator,26006
2023-06-17,IND_DHA,2.36,28.73,3.14,0,1,True,synthetic_scenario_generator,26006
2023-06-18,IND_DHA,3.06,36.37,5.96,0,1,True,synthetic_scenario_generator,26006
2023-06-19,IND_DHA,2.77,33.82,11.29,0,1,True,synthetic_scenario_generator,26006
2023-06-20,IND_DHA,2.59,34.05,25.22,0,1,True,synthetic_scenario_generator,26006
2023-06-21,IND_DHA,2.92,34.55,10.12,0,1,True,synthetic_scenario_generator,26006
2023-06-22,IND_DHA,2.2,35.66,6.55,0,1,True,synthetic_scenario_generator,26006
2023-06-23,IND_DHA,2.49,23.9,0.09,0,1,True,synthetic_scenario_generator,26006
2023-06-24,IND_DHA,3.66,22.46,2.89,1,1,True,synthetic_scenario_generator,26006
2023-06-25,IND_DHA,3.13,26.21,2.98,0,1,True,synthetic_scenario_generator,26006
2023-06-26,IND_DHA,2.6,37.62,18.75,0,1,True,synthetic_scenario_generator,26006
2023-06-27,IND_DHA,3.34,33.93,12.57,0,1,True,synthetic_scenario_generator,26006
2023-06-28,IND_DHA,2.92,32.67,20.64,0,1,True,synthetic_scenario_generator,26006
2023-06-29,IND_DHA,2.98,38.28,4.93,0,1,True,synthetic_scenario_generator,26006
2023-06-30,IND_DHA,2.93,25.82,25.53,0,1,True,synthetic_scenario_generator,26006
2023-07-01,IND_DHA,2.47,25.64,15.66,0,1,True,synthetic_scenario_generator,26006
2023-07-02,IND_DHA,2.07,22.04,42.93,0,1,True,synthetic_scenario_generator,26006
2023-07-03,IND_DHA,1.93,26.66,6.95,0,1,True,synthetic_scenario_generator,26006
2023-07-04,IND_DHA,2.96,21.28,36.72,0,1,True,synthetic_scenario_generator,26006
2023-07-05,IND_DHA,2.28,35.64,4.29,0,1,True,synthetic_scenario_generator,26006
2023-07-06,IND_DHA,2.46,23.3,23.65,0,1,True,synthetic_scenario_generator,26006
2023-07-07,IND_DHA,1.51,26.17,13.08,0,1,True,synthetic_scenario_generator,26006
2023-07-08,IND_DHA,2.21,21.53,38.1,0,1,True,synthetic_scenario_generator,26006
2023-07-09,IND_DHA,1.79,30.32,19.26,0,1,True,synthetic_scenario_generator,26006
2023-07-10,IND_DHA,2.9,29.9,6.59,0,1,True,synthetic_scenario_generator,26006
2023-07-11,IND_DHA,2.2,32.48,13.87,0,1,True,synthetic_scenario_generator,26006
2023-07-12,IND_DHA,2.1,22.17,11.13,0,1,True,synthetic_scenario_generator,26006
2023-07-13,IND_DHA,1.81,36.71,33.55,0,1,True,synthetic_scenario_generator,26006
2023-07-14,IND_DHA,2.27,32.51,9.14,0,1,True,synthetic_scenario_generator,26006
2023-07-15,IND_DHA,2.25,34.26,1.35,0,1,True,synthetic_scenario_generator,26006
2023-07-16,IND_DHA,2.81,20.5,14.77,0,1,True,synthetic_scenario_generator,26006
2023-07-17,IND_DHA,1.65,25.49,0.29,0,1,True,synthetic_scenario_generator,26006
2023-07-18,IND_DHA,1.79,20.44,3.29,0,1,True,synthetic_scenario_generator,26006
2023-07-19,IND_DHA,2.33,19.05,25.72,0,1,True,synthetic_scenario_generator,26006
2023-07-20,IND_DHA,2.27,23.74,0.22,0,1,True,synthetic_scenario_generator,26006
2023-07-21,IND_DHA,2.09,28.18,7.78,0,1,True,synthetic_scenario_generator,26006
2023-07-22,IND_DHA,2.2,21.86,5.38,0,1,True,synthetic_scenario_generator,26006
2023-07-23,IND_DHA,2.62,29.78,6.29,0,1,True,synthetic_scenario_generator,26006
2023-07-24,IND_DHA,1.75,33.62,8.89,0,1,True,synthetic_scenario_generator,26006
2023-07-25,IND_DHA,2.76,28.61,10.2,0,1,True,synthetic_scenario_generator,26006
2023-07-26,IND_DHA,2.43,27.03,10.84,0,1,True,synthetic_scenario_generator,26006
2023-07-27,IND_DHA,2.8,21.75,9.2,0,1,True,synthetic_scenario_generator,26006
2023-07-28,IND_DHA,2.57,33.0,7.01,0,1,True,synthetic_scenario_generator,26006
2023-07-29,IND_DHA,2.81,28.62,7.62,0,1,True,synthetic_scenario_generator,26006
2023-07-30,IND_DHA,2.37,24.3,20.5,0,1,True,synthetic_scenario_generator,26006
2023-07-31,IND_DHA,2.39,22.41,6.16,0,1,True,synthetic_scenario_generator,26006
2023-08-01,IND_DHA,2.67,29.88,29.21,0,1,True,synthetic_scenario_generator,26006
2023-08-02,IND_DHA,2.41,25.38,24.89,0,1,True,synthetic_scenario_generator,26006
2023-08-03,IND_DHA,1.96,25.87,7.57,0,1,True,synthetic_scenario_generator,26006
2023-08-04,IND_DHA,2.28,33.89,1.33,0,1,True,synthetic_scenario_generator,26006
2023-08-05,IND_DHA,2.02,25.19,19.97,0,1,True,synthetic_scenario_generator,26006
2023-08-06,IND_DHA,2.13,28.22,33.14,0,1,True,synthetic_scenario_generator,26006
2023-08-07,IND_DHA,2.3,18.84,3.03,0,1,True,synthetic_scenario_generator,26006
2023-08-08,IND_DHA,2.08,30.54,22.12,0,1,True,synthetic_scenario_generator,26006
2023-08-09,IND_DHA,2.08,23.16,7.46,0,1,True,synthetic_scenario_generator,26006
2023-08-10,IND_DHA,1.85,27.12,16.7,0,1,True,synthetic_scenario_generator,26006
2023-08-11,IND_DHA,1.66,38.6,9.86,0,1,True,synthetic_scenario_generator,26006
2023-08-12,IND_DHA,2.24,27.64,6.35,0,1,True,synthetic_scenario_generator,26006
2023-08-13,IND_DHA,2.06,28.19,16.14,0,1,True,synthetic_scenario_generator,26006
2023-08-14,IND_DHA,2.02,34.43,36.47,0,1,True,synthetic_scenario_generator,26006
2023-08-15,IND_DHA,1.93,25.42,2.38,0,1,True,synthetic_scenario_generator,26006
2023-08-16,IND_DHA,2.18,21.91,15.85,0,1,True,synthetic_scenario_generator,26006
2023-08-17,IND_DHA,2.13,26.18,2.25,0,1,True,synthetic_scenario_generator,26006
2023-08-18,IND_DHA,2.33,29.91,2.95,0,1,True,synthetic_scenario_generator,26006
2023-08-19,IND_DHA,1.88,18.34,5.9,0,1,True,synthetic_scenario_generator,26006
2023-08-20,IND_DHA,1.75,27.91,7.78,0,1,True,synthetic_scenario_generator,26006
2023-08-21,IND_DHA,2.16,21.14,14.04,0,1,True,synthetic_scenario_generator,26006
2023-08-22,IND_DHA,1.82,26.54,17.14,0,1,True,synthetic_scenario_generator,26006
2023-08-23,IND_DHA,2.0,24.02,1.33,0,1,True,synthetic_scenario_generator,26006
2023-08-24,IND_DHA,1.47,19.3,9.39,0,1,True,synthetic_scenario_generator,26006
2023-08-25,IND_DHA,2.5,28.79,8.21,0,1,True,synthetic_scenario_generator,26006
2023-08-26,IND_DHA,2.36,24.1,5.01,0,1,True,synthetic_scenario_generator,26006
2023-08-27,IND_DHA,2.73,39.38,0.77,0,1,True,synthetic_scenario_generator,26006
2023-08-28,IND_DHA,2.52,22.54,42.14,0,1,True,synthetic_scenario_generator,26006
2023-08-29,IND_DHA,2.18,32.91,15.83,0,1,True,synthetic_scenario_generator,26006
2023-08-30,IND_DHA,2.45,21.72,20.63,0,1,True,synthetic_scenario_generator,26006
2023-08-31,IND_DHA,3.22,32.37,29.06,0,1,True,synthetic_scenario_generator,26006
2023-09-01,IND_DHA,2.42,24.74,41.58,0,1,True,synthetic_scenario_generator,26006
2023-09-02,IND_DHA,1.73,23.62,4.24,0,1,True,synthetic_scenario_generator,26006
2023-09-03,IND_DHA,2.96,35.62,1.21,0,1,True,synthetic_scenario_generator,26006
2023-09-04,IND_DHA,2.22,22.11,7.79,0,1,True,synthetic_scenario_generator,26006
2023-09-05,IND_DHA,1.9,25.7,6.52,0,1,True,synthetic_scenario_generator,26006
2023-09-06,IND_DHA,2.06,29.36,9.58,0,1,True,synthetic_scenario_generator,26006
2023-09-07,IND_DHA,2.87,30.82,9.69,0,1,True,synthetic_scenario_generator,26006
2023-09-08,IND_DHA,2.03,28.31,36.49,0,1,True,synthetic_scenario_generator,26006
2023-09-09,IND_DHA,1.48,26.43,20.19,0,1,True,synthetic_scenario_generator,26006
2023-09-10,IND_DHA,1.78,29.16,13.81,0,1,True,synthetic_scenario_generator,26006
2023-09-11,IND_DHA,2.37,22.81,4.09,0,1,True,synthetic_scenario_generator,26006
2023-09-12,IND_DHA,3.01,27.09,14.36,0,1,True,synthetic_scenario_generator,26006
2023-09-13,IND_DHA,1.9,32.51,16.56,0,1,True,synthetic_scenario_generator,26006
2023-09-14,IND_DHA,2.67,28.98,10.45,0,1,True,synthetic_scenario_generator,26006
2023-09-15,IND_DHA,2.5,22.33,4.79,0,1,True,synthetic_scenario_generator,26006
2023-09-16,IND_DHA,2.58,24.18,19.43,0,1,True,synthetic_scenario_generator,26006
2023-09-17,IND_DHA,1.65,24.25,15.16,0,1,True,synthetic_scenario_generator,26006
2023-09-18,IND_DHA,2.27,29.28,29.83,0,1,True,synthetic_scenario_generator,26006
2023-09-19,IND_DHA,1.96,23.56,22.72,0,1,True,synthetic_scenario_generator,26006
2023-09-20,IND_DHA,1.71,25.25,7.23,0,1,True,synthetic_scenario_generator,26006
2023-09-21,IND_DHA,2.63,30.51,18.48,0,1,True,synthetic_scenario_generator,26006
2023-09-22,IND_DHA,3.16,25.72,1.99,0,1,True,synthetic_scenario_generator,26006
2023-09-23,IND_DHA,2.27,24.88,18.99,0,1,True,synthetic_scenario_generator,26006
2023-09-24,IND_DHA,2.15,30.37,4.31,0,1,True,synthetic_scenario_generator,26006
2023-09-25,IND_DHA,1.81,28.9,0.94,0,1,True,synthetic_scenario_generator,26006
2023-09-26,IND_DHA,1.8,27.44,3.84,0,1,True,synthetic_scenario_generator,26006
2023-09-27,IND_DHA,2.41,23.76,19.78,0,1,True,synthetic_scenario_generator,26006
2023-09-28,IND_DHA,1.92,27.19,20.73,0,1,True,synthetic_scenario_generator,26006
2023-09-29,IND_DHA,2.26,27.47,25.52,0,1,True,synthetic_scenario_generator,26006
2023-09-30,IND_DHA,2.81,24.59,17.74,0,1,True,synthetic_scenario_generator,26006
2023-10-01,IND_DHA,0.97,33.02,4.94,0,0,True,synthetic_scenario_generator,26006
2023-10-02,IND_DHA,1.61,20.6,5.54,0,0,True,synthetic_scenario_generator,26006
2023-10-03,IND_DHA,1.28,20.39,2.84,0,0,True,synthetic_scenario_generator,26006
2023-10-04,IND_DHA,2.19,24.43,0.43,0,0,True,synthetic_scenario_generator,26006
2023-10-05,IND_DHA,1.42,19.15,21.5,0,0,True,synthetic_scenario_generator,26006
2023-10-06,IND_DHA,1.29,22.59,2.59,0,0,True,synthetic_scenario_generator,26006
2023-10-07,IND_DHA,1.55,27.22,3.29,0,0,True,synthetic_scenario_generator,26006
2023-10-08,IND_DHA,1.22,29.34,2.98,0,0,True,synthetic_scenario_generator,26006
2023-10-09,IND_DHA,1.2,22.48,3.56,0,0,True,synthetic_scenario_generator,26006
2023-10-10,IND_DHA,1.81,19.49,3.35,0,0,True,synthetic_scenario_generator,26006
2023-10-11,IND_DHA,1.72,21.92,1.09,0,0,True,synthetic_scenario_generator,26006
2023-10-12,IND_DHA,2.17,19.83,0.28,0,0,True,synthetic_scenario_generator,26006
2023-10-13,IND_DHA,1.25,18.06,0.73,0,0,True,synthetic_scenario_generator,26006
2023-10-14,IND_DHA,1.34,26.24,2.7,0,0,True,synthetic_scenario_generator,26006
2023-10-15,IND_DHA,1.71,17.03,0.67,0,0,True,synthetic_scenario_generator,26006
2023-10-16,IND_DHA,0.93,16.43,5.33,0,0,True,synthetic_scenario_generator,26006
2023-10-17,IND_DHA,2.33,18.06,4.99,0,0,True,synthetic_scenario_generator,26006
2023-10-18,IND_DHA,1.16,21.13,2.38,0,0,True,synthetic_scenario_generator,26006
2023-10-19,IND_DHA,1.55,25.38,0.82,0,0,True,synthetic_scenario_generator,26006
2023-10-20,IND_DHA,1.33,15.16,6.03,0,0,True,synthetic_scenario_generator,26006
2023-10-21,IND_DHA,1.46,19.65,1.2,0,0,True,synthetic_scenario_generator,26006
2023-10-22,IND_DHA,0.77,22.34,4.54,0,0,True,synthetic_scenario_generator,26006
2023-10-23,IND_DHA,1.09,13.69,3.34,0,0,True,synthetic_scenario_generator,26006
2023-10-24,IND_DHA,1.34,22.72,2.14,0,0,True,synthetic_scenario_generator,26006
2023-10-25,IND_DHA,1.06,17.11,1.15,0,0,True,synthetic_scenario_generator,26006
2023-10-26,IND_DHA,1.83,30.33,9.73,0,0,True,synthetic_scenario_generator,26006
2023-10-27,IND_DHA,1.02,22.19,9.75,0,0,True,synthetic_scenario_generator,26006
2023-10-28,IND_DHA,0.98,23.61,7.9,0,0,True,synthetic_scenario_generator,26006
2023-10-29,IND_DHA,1.66,19.81,2.8,0,0,True,synthetic_scenario_generator,26006
2023-10-30,IND_DHA,1.29,19.71,1.91,0,0,True,synthetic_scenario_generator,26006
2023-10-31,IND_DHA,1.05,20.56,2.97,0,0,True,synthetic_scenario_generator,26006
2023-11-01,IND_DHA,2.09,16.74,4.82,0,0,True,synthetic_scenario_generator,26006
2023-11-02,IND_DHA,1.2,21.9,9.91,0,0,True,synthetic_scenario_generator,26006
2023-11-03,IND_DHA,0.62,31.61,2.23,0,0,True,synthetic_scenario_generator,26006
2023-11-04,IND_DHA,1.31,19.75,2.02,0,0,True,synthetic_scenario_generator,26006
2023-11-05,IND_DHA,1.09,17.42,4.76,0,0,True,synthetic_scenario_generator,26006
2023-11-06,IND_DHA,1.23,15.52,8.6,0,0,True,synthetic_scenario_generator,26006
2023-11-07,IND_DHA,1.44,19.16,1.86,0,0,True,synthetic_scenario_generator,26006
2023-11-08,IND_DHA,1.38,22.65,1.76,0,0,True,synthetic_scenario_generator,26006
2023-11-09,IND_DHA,1.7,23.94,3.46,0,0,True,synthetic_scenario_generator,26006
2023-11-10,IND_DHA,1.75,27.72,2.33,0,0,True,synthetic_scenario_generator,26006
2023-11-11,IND_DHA,1.33,20.54,3.03,0,0,True,synthetic_scenario_generator,26006
2023-11-12,IND_DHA,1.65,23.92,3.3,0,0,True,synthetic_scenario_generator,26006
2023-11-13,IND_DHA,1.98,19.11,0.98,0,0,True,synthetic_scenario_generator,26006
2023-11-14,IND_DHA,1.57,23.17,8.9,0,0,True,synthetic_scenario_generator,26006
2023-11-15,IND_DHA,0.79,21.06,0.97,0,0,True,synthetic_scenario_generator,26006
2023-11-16,IND_DHA,1.8,20.31,4.63,0,0,True,synthetic_scenario_generator,26006
2023-11-17,IND_DHA,1.34,14.47,2.82,0,0,True,synthetic_scenario_generator,26006
2023-11-18,IND_DHA,1.55,18.37,2.65,0,0,True,synthetic_scenario_generator,26006
2023-11-19,IND_DHA,2.45,19.35,3.06,0,0,True,synthetic_scenario_generator,26006
2023-11-20,IND_DHA,1.95,27.8,2.96,0,0,True,synthetic_scenario_generator,26006
2023-11-21,IND_DHA,1.85,26.0,6.22,0,0,True,synthetic_scenario_generator,26006
2023-11-22,IND_DHA,1.73,32.84,2.99,0,0,True,synthetic_scenario_generator,26006
2023-11-23,IND_DHA,1.39,21.43,4.49,0,0,True,synthetic_scenario_generator,26006
2023-11-24,IND_DHA,1.37,26.51,4.98,0,0,True,synthetic_scenario_generator,26006
2023-11-25,IND_DHA,1.56,15.54,9.22,0,0,True,synthetic_scenario_generator,26006
2023-11-26,IND_DHA,2.12,25.52,2.92,0,0,True,synthetic_scenario_generator,26006
2023-11-27,IND_DHA,1.15,22.99,5.01,0,0,True,synthetic_scenario_generator,26006
2023-11-28,IND_DHA,1.46,18.83,2.26,0,0,True,synthetic_scenario_generator,26006
2023-11-29,IND_DHA,1.81,16.78,0.23,0,0,True,synthetic_scenario_generator,26006
2023-11-30,IND_DHA,1.06,17.2,2.39,0,0,True,synthetic_scenario_generator,26006
2023-12-01,IND_DHA,1.24,16.31,2.05,0,0,True,synthetic_scenario_generator,26006
2023-12-02,IND_DHA,0.81,22.08,9.76,0,0,True,synthetic_scenario_generator,26006
2023-12-03,IND_DHA,1.24,19.28,5.08,0,0,True,synthetic_scenario_generator,26006
2023-12-04,IND_DHA,1.26,21.08,0.11,0,0,True,synthetic_scenario_generator,26006
2023-12-05,IND_DHA,1.27,22.83,1.14,0,0,True,synthetic_scenario_generator,26006
2023-12-06,IND_DHA,1.48,14.35,3.08,0,0,True,synthetic_scenario_generator,26006
2023-12-07,IND_DHA,1.68,13.64,3.82,0,0,True,synthetic_scenario_generator,26006
2023-12-08,IND_DHA,2.03,25.34,3.84,0,0,True,synthetic_scenario_generator,26006
2023-12-09,IND_DHA,1.5,25.72,7.4,0,0,True,synthetic_scenario_generator,26006
2023-12-10,IND_DHA,0.77,22.55,4.82,0,0,True,synthetic_scenario_generator,26006
2023-12-11,IND_DHA,1.0,30.57,4.52,0,0,True,synthetic_scenario_generator,26006
2023-12-12,IND_DHA,1.74,19.24,2.43,0,0,True,synthetic_scenario_generator,26006
2023-12-13,IND_DHA,1.85,19.6,16.1,0,0,True,synthetic_scenario_generator,26006
2023-12-14,IND_DHA,1.04,17.28,3.52,0,0,True,synthetic_scenario_generator,26006
2023-12-15,IND_DHA,1.02,24.31,1.6,0,0,True,synthetic_scenario_generator,26006
2023-12-16,IND_DHA,1.97,12.2,3.36,0,0,True,synthetic_scenario_generator,26006
2023-12-17,IND_DHA,0.76,23.8,0.95,0,0,True,synthetic_scenario_generator,26006
2023-12-18,IND_DHA,1.24,14.9,6.23,0,0,True,synthetic_scenario_generator,26006
2023-12-19,IND_DHA,1.35,27.42,1.7,0,0,True,synthetic_scenario_generator,26006
2023-12-20,IND_DHA,2.18,17.88,0.58,0,0,True,synthetic_scenario_generator,26006
2023-12-21,IND_DHA,2.05,26.05,4.21,0,0,True,synthetic_scenario_generator,26006
2023-12-22,IND_DHA,0.83,17.71,0.58,0,0,True,synthetic_scenario_generator,26006
2023-12-23,IND_DHA,1.04,21.67,1.44,0,0,True,synthetic_scenario_generator,26006
2023-12-24,IND_DHA,2.06,21.0,4.9,0,0,True,synthetic_scenario_generator,26006
2023-12-25,IND_DHA,1.89,22.57,6.72,0,0,True,synthetic_scenario_generator,26006
2023-12-26,IND_DHA,1.8,19.44,1.18,0,0,True,synthetic_scenario_generator,26006
2023-12-27,IND_DHA,1.33,23.3,3.03,0,0,True,synthetic_scenario_generator,26006
2023-12-28,IND_DHA,1.87,29.23,0.91,0,0,True,synthetic_scenario_generator,26006
2023-12-29,IND_DHA,1.2,18.89,4.18,0,0,True,synthetic_scenario_generator,26006
2023-12-30,IND_DHA,1.88,16.03,7.74,0,0,True,synthetic_scenario_generator,26006
2023-12-31,IND_DHA,1.6,18.85,0.42,0,0,True,synthetic_scenario_generator,26006
2024-01-01,IND_DHA,0.79,15.24,5.89,0,0,True,synthetic_scenario_generator,26006
2024-01-02,IND_DHA,0.94,12.92,2.49,0,0,True,synthetic_scenario_generator,26006
2024-01-03,IND_DHA,2.12,4.08,0.63,0,0,True,synthetic_scenario_generator,26006
2024-01-04,IND_DHA,1.32,21.42,2.05,0,0,True,synthetic_scenario_generator,26006
2024-01-05,IND_DHA,1.48,8.46,0.78,0,0,True,synthetic_scenario_generator,26006
2024-01-06,IND_DHA,0.89,15.25,1.9,0,0,True,synthetic_scenario_generator,26006
2024-01-07,IND_DHA,1.13,19.54,9.58,0,0,True,synthetic_scenario_generator,26006
2024-01-08,IND_DHA,0.86,16.57,2.53,0,0,True,synthetic_scenario_generator,26006
2024-01-09,IND_DHA,1.14,5.0,4.49,0,0,True,synthetic_scenario_generator,26006
2024-01-10,IND_DHA,0.94,11.28,6.57,0,0,True,synthetic_scenario_generator,26006
2024-01-11,IND_DHA,1.05,17.3,6.0,0,0,True,synthetic_scenario_generator,26006
2024-01-12,IND_DHA,1.68,10.77,5.48,0,0,True,synthetic_scenario_generator,26006
2024-01-13,IND_DHA,1.53,16.75,0.59,0,0,True,synthetic_scenario_generator,26006
2024-01-14,IND_DHA,1.2,8.32,2.42,0,0,True,synthetic_scenario_generator,26006
2024-01-15,IND_DHA,0.84,21.85,1.48,0,0,True,synthetic_scenario_generator,26006
2024-01-16,IND_DHA,1.58,10.23,3.29,0,0,True,synthetic_scenario_generator,26006
2024-01-17,IND_DHA,1.24,11.4,11.35,0,0,True,synthetic_scenario_generator,26006
2024-01-18,IND_DHA,1.02,16.67,6.22,0,0,True,synthetic_scenario_generator,26006
2024-01-19,IND_DHA,0.62,8.47,1.94,0,0,True,synthetic_scenario_generator,26006
2024-01-20,IND_DHA,1.02,14.62,2.69,0,0,True,synthetic_scenario_generator,26006
2024-01-21,IND_DHA,1.87,16.87,7.33,0,0,True,synthetic_scenario_generator,26006
2024-01-22,IND_DHA,1.22,5.83,5.96,0,0,True,synthetic_scenario_generator,26006
2024-01-23,IND_DHA,0.52,10.71,3.98,0,0,True,synthetic_scenario_generator,26006
2024-01-24,IND_DHA,1.21,11.99,1.15,0,0,True,synthetic_scenario_generator,26006
2024-01-25,IND_DHA,1.44,15.02,4.16,0,0,True,synthetic_scenario_generator,26006
2024-01-26,IND_DHA,0.6,11.1,3.74,0,0,True,synthetic_scenario_generator,26006
2024-01-27,IND_DHA,0.96,13.27,3.38,0,0,True,synthetic_scenario_generator,26006
2024-01-28,IND_DHA,0.55,13.03,1.29,0,0,True,synthetic_scenario_generator,26006
2024-01-29,IND_DHA,0.59,13.4,3.72,0,0,True,synthetic_scenario_generator,26006
2024-01-30,IND_DHA,0.78,17.76,11.44,0,0,True,synthetic_scenario_generator,26006
2024-01-31,IND_DHA,0.43,13.39,3.29,0,0,True,synthetic_scenario_generator,26006
2024-02-01,IND_DHA,0.6,8.18,0.55,0,0,True,synthetic_scenario_generator,26006
2024-02-02,IND_DHA,0.2,16.06,3.56,0,0,True,synthetic_scenario_generator,26006
2024-02-03,IND_DHA,1.01,10.04,1.92,0,0,True,synthetic_scenario_generator,26006
2024-02-04,IND_DHA,1.59,26.26,0.42,0,0,True,synthetic_scenario_generator,26006
2024-02-05,IND_DHA,1.77,17.86,20.1,0,0,True,synthetic_scenario_generator,26006
2024-02-06,IND_DHA,1.21,8.27,0.51,0,0,True,synthetic_scenario_generator,26006
2024-02-07,IND_DHA,0.62,10.24,1.92,0,0,True,synthetic_scenario_generator,26006
2024-02-08,IND_DHA,0.4,14.21,1.81,0,0,True,synthetic_scenario_generator,26006
2024-02-09,IND_DHA,1.54,12.0,3.61,0,0,True,synthetic_scenario_generator,26006
2024-02-10,IND_DHA,0.9,7.99,1.99,0,0,True,synthetic_scenario_generator,26006
2024-02-11,IND_DHA,1.27,13.3,4.64,0,0,True,synthetic_scenario_generator,26006
2024-02-12,IND_DHA,1.33,18.45,1.93,0,0,True,synthetic_scenario_generator,26006
2024-02-13,IND_DHA,1.44,13.64,1.4,0,0,True,synthetic_scenario_generator,26006
2024-02-14,IND_DHA,0.94,10.87,4.06,0,0,True,synthetic_scenario_generator,26006
2024-02-15,IND_DHA,1.83,10.44,2.42,0,0,True,synthetic_scenario_generator,26006
2024-02-16,IND_DHA,0.57,2.0,3.83,0,0,True,synthetic_scenario_generator,26006
2024-02-17,IND_DHA,0.2,6.79,1.82,0,0,True,synthetic_scenario_generator,26006
2024-02-18,IND_DHA,1.06,14.87,2.51,0,0,True,synthetic_scenario_generator,26006
2024-02-19,IND_DHA,1.68,16.51,5.33,0,0,True,synthetic_scenario_generator,26006
2024-02-20,IND_DHA,1.05,21.26,7.69,0,0,True,synthetic_scenario_generator,26006
2024-02-21,IND_DHA,1.09,16.61,5.25,0,0,True,synthetic_scenario_generator,26006
2024-02-22,IND_DHA,1.7,3.16,7.07,0,0,True,synthetic_scenario_generator,26006
2024-02-23,IND_DHA,1.38,16.58,0.96,0,0,True,synthetic_scenario_generator,26006
2024-02-24,IND_DHA,1.1,19.1,3.22,0,0,True,synthetic_scenario_generator,26006
2024-02-25,IND_DHA,0.92,14.72,1.04,0,0,True,synthetic_scenario_generator,26006
2024-02-26,IND_DHA,1.05,27.13,1.03,0,0,True,synthetic_scenario_generator,26006
2024-02-27,IND_DHA,1.27,17.98,5.97,0,0,True,synthetic_scenario_generator,26006
2024-02-28,IND_DHA,1.9,11.9,0.97,0,0,True,synthetic_scenario_generator,26006
2024-02-29,IND_DHA,0.93,12.1,5.1,0,0,True,synthetic_scenario_generator,26006
2024-03-01,IND_DHA,1.15,14.41,0.94,0,0,True,synthetic_scenario_generator,26006
2024-03-02,IND_DHA,1.29,13.04,0.94,0,0,True,synthetic_scenario_generator,26006
2024-03-03,IND_DHA,0.84,16.34,2.46,0,0,True,synthetic_scenario_generator,26006
2024-03-04,IND_DHA,1.63,8.26,2.41,0,0,True,synthetic_scenario_generator,26006
2024-03-05,IND_DHA,1.47,22.6,0.22,0,0,True,synthetic_scenario_generator,26006
2024-03-06,IND_DHA,1.05,5.4,4.08,0,0,True,synthetic_scenario_generator,26006
2024-03-07,IND_DHA,1.34,17.68,7.56,0,0,True,synthetic_scenario_generator,26006
2024-03-08,IND_DHA,0.56,14.14,1.18,0,0,True,synthetic_scenario_generator,26006
2024-03-09,IND_DHA,1.34,5.43,3.08,0,0,True,synthetic_scenario_generator,26006
2024-03-10,IND_DHA,1.0,2.53,2.69,0,0,True,synthetic_scenario_generator,26006
2024-03-11,IND_DHA,0.88,10.96,15.63,0,0,True,synthetic_scenario_generator,26006
2024-03-12,IND_DHA,1.02,12.13,0.69,0,0,True,synthetic_scenario_generator,26006
2024-03-13,IND_DHA,1.88,19.04,6.7,0,0,True,synthetic_scenario_generator,26006
2024-03-14,IND_DHA,0.94,19.56,0.26,0,0,True,synthetic_scenario_generator,26006
2024-03-15,IND_DHA,0.73,14.02,2.18,0,0,True,synthetic_scenario_generator,26006
2024-03-16,IND_DHA,0.64,13.24,5.93,0,0,True,synthetic_scenario_generator,26006
2024-03-17,IND_DHA,0.9,4.56,2.53,0,0,True,synthetic_scenario_generator,26006
2024-03-18,IND_DHA,0.96,10.23,2.23,0,0,True,synthetic_scenario_generator,26006
2024-03-19,IND_DHA,1.1,24.12,2.7,0,0,True,synthetic_scenario_generator,26006
2024-03-20,IND_DHA,1.01,13.4,1.09,0,0,True,synthetic_scenario_generator,26006
2024-03-21,IND_DHA,0.71,14.3,9.84,0,0,True,synthetic_scenario_generator,26006
2024-03-22,IND_DHA,0.23,11.03,1.19,0,0,True,synthetic_scenario_generator,26006
2024-03-23,IND_DHA,1.35,15.86,2.41,0,0,True,synthetic_scenario_generator,26006
2024-03-24,IND_DHA,0.9,13.99,1.9,0,0,True,synthetic_scenario_generator,26006
2024-03-25,IND_DHA,1.72,16.17,5.07,0,0,True,synthetic_scenario_generator,26006
2024-03-26,IND_DHA,0.88,9.94,1.55,0,0,True,synthetic_scenario_generator,26006
2024-03-27,IND_DHA,1.79,13.6,6.95,0,0,True,synthetic_scenario_generator,26006
2024-03-28,IND_DHA,1.26,15.93,0.48,0,0,True,synthetic_scenario_generator,26006
2024-03-29,IND_DHA,0.5,19.65,3.11,0,0,True,synthetic_scenario_generator,26006
2024-03-30,IND_DHA,1.17,15.51,13.13,0,0,True,synthetic_scenario_generator,26006
2024-03-31,IND_DHA,1.05,23.36,0.65,0,0,True,synthetic_scenario_generator,26006
2024-04-01,IND_DHA,1.15,15.74,3.09,0,0,True,synthetic_scenario_generator,26006
2024-04-02,IND_DHA,1.7,15.62,6.89,0,0,True,synthetic_scenario_generator,26006
2024-04-03,IND_DHA,1.59,15.94,1.03,0,0,True,synthetic_scenario_generator,26006
2024-04-04,IND_DHA,1.23,12.56,1.34,0,0,True,synthetic_scenario_generator,26006
2024-04-05,IND_DHA,1.97,17.38,4.11,0,0,True,synthetic_scenario_generator,26006
2024-04-06,IND_DHA,1.98,20.37,0.1,0,0,True,synthetic_scenario_generator,26006
2024-04-07,IND_DHA,1.82,19.13,1.69,0,0,True,synthetic_scenario_generator,26006
2024-04-08,IND_DHA,1.34,14.62,5.7,0,0,True,synthetic_scenario_generator,26006
2024-04-09,IND_DHA,0.86,21.37,3.77,0,0,True,synthetic_scenario_generator,26006
2024-04-10,IND_DHA,0.81,15.33,0.12,0,0,True,synthetic_scenario_generator,26006
2024-04-11,IND_DHA,1.04,22.12,2.24,0,0,True,synthetic_scenario_generator,26006
2024-04-12,IND_DHA,1.59,20.58,3.61,0,0,True,synthetic_scenario_generator,26006
2024-04-13,IND_DHA,0.92,17.0,0.34,0,0,True,synthetic_scenario_generator,26006
2024-04-14,IND_DHA,1.51,6.64,3.08,0,0,True,synthetic_scenario_generator,26006
2024-04-15,IND_DHA,1.05,21.13,1.94,0,0,True,synthetic_scenario_generator,26006
2024-04-16,IND_DHA,1.19,23.43,1.68,0,0,True,synthetic_scenario_generator,26006
2024-04-17,IND_DHA,1.23,15.83,10.82,0,0,True,synthetic_scenario_generator,26006
2024-04-18,IND_DHA,1.41,13.85,1.53,0,0,True,synthetic_scenario_generator,26006
2024-04-19,IND_DHA,1.34,19.94,0.31,0,0,True,synthetic_scenario_generator,26006
2024-04-20,IND_DHA,1.64,19.67,5.23,0,0,True,synthetic_scenario_generator,26006
2024-04-21,IND_DHA,1.88,24.71,0.36,0,0,True,synthetic_scenario_generator,26006
2024-04-22,IND_DHA,1.5,15.72,1.61,0,0,True,synthetic_scenario_generator,26006
2024-04-23,IND_DHA,1.56,29.26,1.57,0,0,True,synthetic_scenario_generator,26006
2024-04-24,IND_DHA,1.46,15.26,5.34,0,0,True,synthetic_scenario_generator,26006
2024-04-25,IND_DHA,2.07,25.15,1.37,0,0,True,synthetic_scenario_generator,26006
2024-04-26,IND_DHA,1.55,9.43,3.64,0,0,True,synthetic_scenario_generator,26006
2024-04-27,IND_DHA,1.39,28.12,3.82,0,0,True,synthetic_scenario_generator,26006
2024-04-28,IND_DHA,1.89,27.2,3.33,0,0,True,synthetic_scenario_generator,26006
2024-04-29,IND_DHA,1.11,11.01,0.3,0,0,True,synthetic_scenario_generator,26006
2024-04-30,IND_DHA,1.6,22.71,9.66,0,0,True,synthetic_scenario_generator,26006
2024-05-01,IND_DHA,1.51,20.66,4.42,0,0,True,synthetic_scenario_generator,26006
2024-05-02,IND_DHA,1.4,19.65,10.56,0,0,True,synthetic_scenario_generator,26006
2024-05-03,IND_DHA,0.75,20.22,1.85,0,0,True,synthetic_scenario_generator,26006
2024-05-04,IND_DHA,1.74,25.27,5.08,0,0,True,synthetic_scenario_generator,26006
2024-05-05,IND_DHA,1.45,18.46,4.08,0,0,True,synthetic_scenario_generator,26006
2024-05-06,IND_DHA,1.25,17.29,2.21,0,0,True,synthetic_scenario_generator,26006
2024-05-07,IND_DHA,2.4,20.5,2.01,0,0,True,synthetic_scenario_generator,26006
2024-05-08,IND_DHA,1.47,12.63,1.01,0,0,True,synthetic_scenario_generator,26006
2024-05-09,IND_DHA,0.98,13.44,8.35,0,0,True,synthetic_scenario_generator,26006
2024-05-10,IND_DHA,1.76,30.0,2.02,0,0,True,synthetic_scenario_generator,26006
2024-05-11,IND_DHA,1.72,19.12,3.28,0,0,True,synthetic_scenario_generator,26006
2024-05-12,IND_DHA,1.68,16.94,2.32,0,0,True,synthetic_scenario_generator,26006
2024-05-13,IND_DHA,1.69,11.59,2.97,0,0,True,synthetic_scenario_generator,26006
2024-05-14,IND_DHA,1.39,15.22,2.15,0,0,True,synthetic_scenario_generator,26006
2024-05-15,IND_DHA,0.57,20.46,5.45,0,0,True,synthetic_scenario_generator,26006
2024-05-16,IND_DHA,1.18,18.34,4.65,0,0,True,synthetic_scenario_generator,26006
2024-05-17,IND_DHA,1.51,26.23,1.09,0,0,True,synthetic_scenario_generator,26006
2024-05-18,IND_DHA,1.59,25.65,1.6,0,0,True,synthetic_scenario_generator,26006
2024-05-19,IND_DHA,1.34,26.96,3.62,0,0,True,synthetic_scenario_generator,26006
2024-05-20,IND_DHA,1.56,11.42,0.52,0,0,True,synthetic_scenario_generator,26006
2024-05-21,IND_DHA,1.28,14.71,2.09,0,0,True,synthetic_scenario_generator,26006
2024-05-22,IND_DHA,1.51,28.21,2.54,0,0,True,synthetic_scenario_generator,26006
2024-05-23,IND_DHA,1.43,17.87,7.3,0,0,True,synthetic_scenario_generator,26006
2024-05-24,IND_DHA,2.22,6.47,5.35,0,0,True,synthetic_scenario_generator,26006
2024-05-25,IND_DHA,1.32,29.31,4.87,0,0,True,synthetic_scenario_generator,26006
2024-05-26,IND_DHA,1.59,17.34,1.61,0,0,True,synthetic_scenario_generator,26006
2024-05-27,IND_DHA,2.17,21.08,0.15,0,0,True,synthetic_scenario_generator,26006
2024-05-28,IND_DHA,1.44,17.47,0.99,0,0,True,synthetic_scenario_generator,26006
2024-05-29,IND_DHA,1.27,25.66,1.05,0,0,True,synthetic_scenario_generator,26006
2024-05-30,IND_DHA,1.74,22.78,2.13,0,0,True,synthetic_scenario_generator,26006
2024-05-31,IND_DHA,1.19,21.22,1.98,0,0,True,synthetic_scenario_generator,26006
2024-06-01,IND_DHA,2.23,33.66,20.67,0,1,True,synthetic_scenario_generator,26006
2024-06-02,IND_DHA,2.81,37.16,12.39,0,1,True,synthetic_scenario_generator,26006
2024-06-03,IND_DHA,2.07,35.84,11.21,0,1,True,synthetic_scenario_generator,26006
2024-06-04,IND_DHA,2.2,41.26,19.94,0,1,True,synthetic_scenario_generator,26006
2024-06-05,IND_DHA,2.13,24.89,19.28,0,1,True,synthetic_scenario_generator,26006
2024-06-06,IND_DHA,2.71,32.87,20.0,0,1,True,synthetic_scenario_generator,26006
2024-06-07,IND_DHA,3.46,27.14,7.53,1,1,True,synthetic_scenario_generator,26006
2024-06-08,IND_DHA,2.71,35.18,0.48,0,1,True,synthetic_scenario_generator,26006
2024-06-09,IND_DHA,2.84,36.15,14.15,0,1,True,synthetic_scenario_generator,26006
2024-06-10,IND_DHA,3.08,33.51,40.06,0,1,True,synthetic_scenario_generator,26006
2024-06-11,IND_DHA,2.26,26.68,31.1,0,1,True,synthetic_scenario_generator,26006
2024-06-12,IND_DHA,2.73,39.14,20.74,0,1,True,synthetic_scenario_generator,26006
2024-06-13,IND_DHA,2.53,34.26,13.63,0,1,True,synthetic_scenario_generator,26006
2024-06-14,IND_DHA,2.76,27.41,6.13,0,1,True,synthetic_scenario_generator,26006
2024-06-15,IND_DHA,2.19,31.85,6.12,0,1,True,synthetic_scenario_generator,26006
2024-06-16,IND_DHA,2.55,37.87,1.16,0,1,True,synthetic_scenario_generator,26006
2024-06-17,IND_DHA,3.21,35.92,10.23,0,1,True,synthetic_scenario_generator,26006
2024-06-18,IND_DHA,2.32,37.78,12.71,0,1,True,synthetic_scenario_generator,26006
2024-06-19,IND_DHA,2.48,35.72,4.95,0,1,True,synthetic_scenario_generator,26006
2024-06-20,IND_DHA,2.14,46.3,4.27,0,1,True,synthetic_scenario_generator,26006
2024-06-21,IND_DHA,2.44,22.73,1.21,0,1,True,synthetic_scenario_generator,26006
2024-06-22,IND_DHA,2.56,25.02,5.95,0,1,True,synthetic_scenario_generator,26006
2024-06-23,IND_DHA,2.82,38.44,16.98,0,1,True,synthetic_scenario_generator,26006
2024-06-24,IND_DHA,2.42,28.66,5.48,0,1,True,synthetic_scenario_generator,26006
2024-06-25,IND_DHA,2.6,27.87,27.29,0,1,True,synthetic_scenario_generator,26006
2024-06-26,IND_DHA,2.96,31.16,14.33,0,1,True,synthetic_scenario_generator,26006
2024-06-27,IND_DHA,2.66,31.39,12.4,0,1,True,synthetic_scenario_generator,26006
2024-06-28,IND_DHA,2.24,37.66,3.71,0,1,True,synthetic_scenario_generator,26006
2024-06-29,IND_DHA,2.72,42.94,8.67,0,1,True,synthetic_scenario_generator,26006
2024-06-30,IND_DHA,2.37,32.57,2.35,0,1,True,synthetic_scenario_generator,26006
2024-07-01,IND_DHA,2.05,33.93,31.94,0,1,True,synthetic_scenario_generator,26006
2024-07-02,IND_DHA,2.1,26.57,10.16,0,1,True,synthetic_scenario_generator,26006
2024-07-03,IND_DHA,2.21,34.29,17.09,0,1,True,synthetic_scenario_generator,26006
2024-07-04,IND_DHA,1.72,22.4,7.36,0,1,True,synthetic_scenario_generator,26006
2024-07-05,IND_DHA,2.55,26.34,17.07,0,1,True,synthetic_scenario_generator,26006
2024-07-06,IND_DHA,2.35,25.01,1.18,0,1,True,synthetic_scenario_generator,26006
2024-07-07,IND_DHA,2.42,31.64,10.56,0,1,True,synthetic_scenario_generator,26006
2024-07-08,IND_DHA,1.83,33.43,10.37,0,1,True,synthetic_scenario_generator,26006
2024-07-09,IND_DHA,2.19,34.79,7.25,0,1,True,synthetic_scenario_generator,26006
2024-07-10,IND_DHA,2.0,38.61,7.32,0,1,True,synthetic_scenario_generator,26006
2024-07-11,IND_DHA,2.29,23.08,23.06,0,1,True,synthetic_scenario_generator,26006
2024-07-12,IND_DHA,2.62,21.61,3.73,0,1,True,synthetic_scenario_generator,26006
2024-07-13,IND_DHA,2.56,16.42,1.28,0,1,True,synthetic_scenario_generator,26006
2024-07-14,IND_DHA,2.81,27.36,5.42,0,1,True,synthetic_scenario_generator,26006
2024-07-15,IND_DHA,2.45,27.53,20.87,0,1,True,synthetic_scenario_generator,26006
2024-07-16,IND_DHA,2.22,35.24,6.79,0,1,True,synthetic_scenario_generator,26006
2024-07-17,IND_DHA,2.18,32.08,3.92,0,1,True,synthetic_scenario_generator,26006
2024-07-18,IND_DHA,2.3,30.95,8.65,0,1,True,synthetic_scenario_generator,26006
2024-07-19,IND_DHA,2.04,16.08,15.45,0,1,True,synthetic_scenario_generator,26006
2024-07-20,IND_DHA,2.1,38.52,10.57,0,1,True,synthetic_scenario_generator,26006
2024-07-21,IND_DHA,1.6,24.86,10.22,0,1,True,synthetic_scenario_generator,26006
2024-07-22,IND_DHA,2.53,23.03,19.17,0,1,True,synthetic_scenario_generator,26006
2024-07-23,IND_DHA,2.59,33.31,0.94,0,1,True,synthetic_scenario_generator,26006
2024-07-24,IND_DHA,1.91,26.38,24.24,0,1,True,synthetic_scenario_generator,26006
2024-07-25,IND_DHA,2.31,33.39,6.83,0,1,True,synthetic_scenario_generator,26006
2024-07-26,IND_DHA,2.96,16.67,25.52,0,1,True,synthetic_scenario_generator,26006
2024-07-27,IND_DHA,2.27,33.2,3.36,0,1,True,synthetic_scenario_generator,26006
2024-07-28,IND_DHA,2.14,20.88,22.06,0,1,True,synthetic_scenario_generator,26006
2024-07-29,IND_DHA,2.65,29.27,5.29,0,1,True,synthetic_scenario_generator,26006
2024-07-30,IND_DHA,2.38,36.15,65.32,0,1,True,synthetic_scenario_generator,26006
2024-07-31,IND_DHA,1.7,24.82,39.78,0,1,True,synthetic_scenario_generator,26006
2024-08-01,IND_DHA,2.15,31.39,3.3,0,1,True,synthetic_scenario_generator,26006
2024-08-02,IND_DHA,1.9,18.16,8.84,0,1,True,synthetic_scenario_generator,26006
2024-08-03,IND_DHA,2.1,25.2,6.5,0,1,True,synthetic_scenario_generator,26006
2024-08-04,IND_DHA,1.07,30.16,6.65,0,1,True,synthetic_scenario_generator,26006
2024-08-05,IND_DHA,2.81,27.58,4.77,0,1,True,synthetic_scenario_generator,26006
2024-08-06,IND_DHA,1.62,18.23,4.67,0,1,True,synthetic_scenario_generator,26006
2024-08-07,IND_DHA,1.96,33.53,15.76,0,1,True,synthetic_scenario_generator,26006
2024-08-08,IND_DHA,2.19,24.78,5.22,0,1,True,synthetic_scenario_generator,26006
2024-08-09,IND_DHA,1.66,26.81,31.34,0,1,True,synthetic_scenario_generator,26006
2024-08-10,IND_DHA,1.94,27.08,13.4,0,1,True,synthetic_scenario_generator,26006
2024-08-11,IND_DHA,1.83,33.46,10.74,0,1,True,synthetic_scenario_generator,26006
2024-08-12,IND_DHA,2.31,18.67,12.57,0,1,True,synthetic_scenario_generator,26006
2024-08-13,IND_DHA,1.79,23.39,17.81,0,1,True,synthetic_scenario_generator,26006
2024-08-14,IND_DHA,2.73,29.31,0.71,0,1,True,synthetic_scenario_generator,26006
2024-08-15,IND_DHA,2.19,37.91,8.38,0,1,True,synthetic_scenario_generator,26006
2024-08-16,IND_DHA,2.81,26.24,5.43,0,1,True,synthetic_scenario_generator,26006
2024-08-17,IND_DHA,2.41,25.36,0.26,0,1,True,synthetic_scenario_generator,26006
2024-08-18,IND_DHA,1.2,27.06,12.47,0,1,True,synthetic_scenario_generator,26006
2024-08-19,IND_DHA,2.02,19.93,4.7,0,1,True,synthetic_scenario_generator,26006
2024-08-20,IND_DHA,2.38,31.03,28.92,0,1,True,synthetic_scenario_generator,26006
2024-08-21,IND_DHA,1.91,30.74,29.0,0,1,True,synthetic_scenario_generator,26006
2024-08-22,IND_DHA,2.23,22.61,11.6,0,1,True,synthetic_scenario_generator,26006
2024-08-23,IND_DHA,1.68,28.5,14.45,0,1,True,synthetic_scenario_generator,26006
2024-08-24,IND_DHA,1.96,17.77,7.12,0,1,True,synthetic_scenario_generator,26006
2024-08-25,IND_DHA,2.12,27.58,4.77,0,1,True,synthetic_scenario_generator,26006
2024-08-26,IND_DHA,2.45,21.81,35.96,0,1,True,synthetic_scenario_generator,26006
2024-08-27,IND_DHA,1.98,20.04,27.36,0,1,True,synthetic_scenario_generator,26006
2024-08-28,IND_DHA,2.57,31.23,3.62,0,1,True,synthetic_scenario_generator,26006
2024-08-29,IND_DHA,2.28,23.85,26.96,0,1,True,synthetic_scenario_generator,26006
2024-08-30,IND_DHA,2.21,23.28,8.22,0,1,True,synthetic_scenario_generator,26006
2024-08-31,IND_DHA,2.8,21.42,16.68,0,1,True,synthetic_scenario_generator,26006
2024-09-01,IND_DHA,2.15,29.85,16.82,0,1,True,synthetic_scenario_generator,26006
2024-09-02,IND_DHA,2.36,32.93,17.83,0,1,True,synthetic_scenario_generator,26006
2024-09-03,IND_DHA,1.67,23.38,15.01,0,1,True,synthetic_scenario_generator,26006
2024-09-04,IND_DHA,2.48,23.71,8.46,0,1,True,synthetic_scenario_generator,26006
2024-09-05,IND_DHA,2.03,31.18,19.94,0,1,True,synthetic_scenario_generator,26006
2024-09-06,IND_DHA,2.38,29.89,10.33,0,1,True,synthetic_scenario_generator,26006
2024-09-07,IND_DHA,1.8,25.22,2.38,0,1,True,synthetic_scenario_generator,26006
2024-09-08,IND_DHA,2.73,16.08,3.02,0,1,True,synthetic_scenario_generator,26006
2024-09-09,IND_DHA,1.96,23.97,12.88,0,1,True,synthetic_scenario_generator,26006
2024-09-10,IND_DHA,2.06,24.09,13.77,0,1,True,synthetic_scenario_generator,26006
2024-09-11,IND_DHA,2.23,24.26,4.19,0,1,True,synthetic_scenario_generator,26006
2024-09-12,IND_DHA,1.35,26.05,8.0,0,1,True,synthetic_scenario_generator,26006
2024-09-13,IND_DHA,3.0,27.59,5.56,0,1,True,synthetic_scenario_generator,26006
2024-09-14,IND_DHA,1.88,26.08,4.71,0,1,True,synthetic_scenario_generator,26006
2024-09-15,IND_DHA,2.02,25.78,19.25,0,1,True,synthetic_scenario_generator,26006
2024-09-16,IND_DHA,2.09,18.78,1.0,0,1,True,synthetic_scenario_generator,26006
2024-09-17,IND_DHA,1.75,19.19,9.36,0,1,True,synthetic_scenario_generator,26006
2024-09-18,IND_DHA,1.75,26.45,4.5,0,1,True,synthetic_scenario_generator,26006
2024-09-19,IND_DHA,2.07,29.55,5.45,0,1,True,synthetic_scenario_generator,26006
2024-09-20,IND_DHA,1.84,23.97,5.86,0,1,True,synthetic_scenario_generator,26006
2024-09-21,IND_DHA,2.21,33.34,10.65,0,1,True,synthetic_scenario_generator,26006
2024-09-22,IND_DHA,1.97,24.17,0.37,0,1,True,synthetic_scenario_generator,26006
2024-09-23,IND_DHA,2.54,28.3,31.24,0,1,True,synthetic_scenario_generator,26006
2024-09-24,IND_DHA,1.6,29.41,14.2,0,1,True,synthetic_scenario_generator,26006
2024-09-25,IND_DHA,2.7,28.38,36.5,0,1,True,synthetic_scenario_generator,26006
2024-09-26,IND_DHA,2.37,17.84,12.69,0,1,True,synthetic_scenario_generator,26006
2024-09-27,IND_DHA,2.92,24.18,6.24,0,1,True,synthetic_scenario_generator,26006
2024-09-28,IND_DHA,2.77,28.42,3.11,0,1,True,synthetic_scenario_generator,26006
2024-09-29,IND_DHA,2.42,25.5,15.37,0,1,True,synthetic_scenario_generator,26006
2024-09-30,IND_DHA,2.79,35.82,2.2,0,1,True,synthetic_scenario_generator,26006
2024-10-01,IND_DHA,1.69,21.66,4.13,0,0,True,synthetic_scenario_generator,26006
2024-10-02,IND_DHA,1.98,18.5,3.94,0,0,True,synthetic_scenario_generator,26006
2024-10-03,IND_DHA,1.52,12.25,1.57,0,0,True,synthetic_scenario_generator,26006
2024-10-04,IND_DHA,1.3,26.61,3.94,0,0,True,synthetic_scenario_generator,26006
2024-10-05,IND_DHA,1.24,28.93,14.08,0,0,True,synthetic_scenario_generator,26006
2024-10-06,IND_DHA,1.7,15.23,2.01,0,0,True,synthetic_scenario_generator,26006
2024-10-07,IND_DHA,1.95,14.73,2.92,0,0,True,synthetic_scenario_generator,26006
2024-10-08,IND_DHA,1.63,22.3,10.05,0,0,True,synthetic_scenario_generator,26006
2024-10-09,IND_DHA,0.72,15.85,2.07,0,0,True,synthetic_scenario_generator,26006
2024-10-10,IND_DHA,1.21,21.5,7.0,0,0,True,synthetic_scenario_generator,26006
2024-10-11,IND_DHA,2.4,11.89,16.96,0,0,True,synthetic_scenario_generator,26006
2024-10-12,IND_DHA,1.72,13.77,2.48,0,0,True,synthetic_scenario_generator,26006
2024-10-13,IND_DHA,1.82,12.76,2.74,0,0,True,synthetic_scenario_generator,26006
2024-10-14,IND_DHA,1.27,17.66,6.5,0,0,True,synthetic_scenario_generator,26006
2024-10-15,IND_DHA,1.67,21.15,2.2,0,0,True,synthetic_scenario_generator,26006
2024-10-16,IND_DHA,1.55,17.79,2.89,0,0,True,synthetic_scenario_generator,26006
2024-10-17,IND_DHA,1.14,21.4,1.11,0,0,True,synthetic_scenario_generator,26006
2024-10-18,IND_DHA,1.59,21.66,4.97,0,0,True,synthetic_scenario_generator,26006
2024-10-19,IND_DHA,0.96,17.96,1.21,0,0,True,synthetic_scenario_generator,26006
2024-10-20,IND_DHA,1.4,13.35,0.46,0,0,True,synthetic_scenario_generator,26006
2024-10-21,IND_DHA,2.01,13.62,2.46,0,0,True,synthetic_scenario_generator,26006
2024-10-22,IND_DHA,1.21,21.48,1.15,0,0,True,synthetic_scenario_generator,26006
2024-10-23,IND_DHA,1.01,20.17,3.6,0,0,True,synthetic_scenario_generator,26006
2024-10-24,IND_DHA,1.3,27.71,0.44,0,0,True,synthetic_scenario_generator,26006
2024-10-25,IND_DHA,1.24,13.13,2.33,0,0,True,synthetic_scenario_generator,26006
2024-10-26,IND_DHA,1.76,9.96,0.62,0,0,True,synthetic_scenario_generator,26006
2024-10-27,IND_DHA,1.66,15.2,5.47,0,0,True,synthetic_scenario_generator,26006
2024-10-28,IND_DHA,1.68,13.56,1.23,0,0,True,synthetic_scenario_generator,26006
2024-10-29,IND_DHA,1.57,19.58,0.35,0,0,True,synthetic_scenario_generator,26006
2024-10-30,IND_DHA,1.77,25.12,1.39,0,0,True,synthetic_scenario_generator,26006
2024-10-31,IND_DHA,1.53,24.22,2.12,0,0,True,synthetic_scenario_generator,26006
2024-11-01,IND_DHA,1.73,27.33,13.95,0,0,True,synthetic_scenario_generator,26006
2024-11-02,IND_DHA,1.39,20.49,2.69,0,0,True,synthetic_scenario_generator,26006
2024-11-03,IND_DHA,1.66,13.2,3.63,0,0,True,synthetic_scenario_generator,26006
2024-11-04,IND_DHA,1.41,14.6,12.25,0,0,True,synthetic_scenario_generator,26006
2024-11-05,IND_DHA,1.62,28.98,1.88,0,0,True,synthetic_scenario_generator,26006
2024-11-06,IND_DHA,0.8,18.62,2.03,0,0,True,synthetic_scenario_generator,26006
2024-11-07,IND_DHA,1.39,23.85,4.92,0,0,True,synthetic_scenario_generator,26006
2024-11-08,IND_DHA,1.66,14.34,3.81,0,0,True,synthetic_scenario_generator,26006
2024-11-09,IND_DHA,1.35,16.81,1.22,0,0,True,synthetic_scenario_generator,26006
2024-11-10,IND_DHA,1.63,23.21,1.23,0,0,True,synthetic_scenario_generator,26006
2024-11-11,IND_DHA,1.74,12.25,3.02,0,0,True,synthetic_scenario_generator,26006
2024-11-12,IND_DHA,1.3,14.66,0.66,0,0,True,synthetic_scenario_generator,26006
2024-11-13,IND_DHA,1.78,10.79,4.7,0,0,True,synthetic_scenario_generator,26006
2024-11-14,IND_DHA,1.76,25.9,1.99,0,0,True,synthetic_scenario_generator,26006
2024-11-15,IND_DHA,1.01,20.77,4.38,0,0,True,synthetic_scenario_generator,26006
2024-11-16,IND_DHA,1.56,21.52,5.16,0,0,True,synthetic_scenario_generator,26006
2024-11-17,IND_DHA,0.78,17.11,4.52,0,0,True,synthetic_scenario_generator,26006
2024-11-18,IND_DHA,1.73,20.97,1.93,0,0,True,synthetic_scenario_generator,26006
2024-11-19,IND_DHA,1.19,21.77,1.12,0,0,True,synthetic_scenario_generator,26006
2024-11-20,IND_DHA,1.53,21.13,2.33,0,0,True,synthetic_scenario_generator,26006
2024-11-21,IND_DHA,1.55,27.6,0.95,0,0,True,synthetic_scenario_generator,26006
2024-11-22,IND_DHA,1.65,28.54,6.36,0,0,True,synthetic_scenario_generator,26006
2024-11-23,IND_DHA,1.22,19.51,0.2,0,0,True,synthetic_scenario_generator,26006
2024-11-24,IND_DHA,1.1,23.43,7.62,0,0,True,synthetic_scenario_generator,26006
2024-11-25,IND_DHA,2.13,19.83,6.37,0,0,True,synthetic_scenario_generator,26006
2024-11-26,IND_DHA,1.34,19.61,6.39,0,0,True,synthetic_scenario_generator,26006
2024-11-27,IND_DHA,1.27,11.55,1.78,0,0,True,synthetic_scenario_generator,26006
2024-11-28,IND_DHA,1.56,13.57,0.93,0,0,True,synthetic_scenario_generator,26006
2024-11-29,IND_DHA,2.15,14.6,2.3,0,0,True,synthetic_scenario_generator,26006
2024-11-30,IND_DHA,2.15,20.47,0.08,0,0,True,synthetic_scenario_generator,26006
2024-12-01,IND_DHA,1.15,25.89,3.1,0,0,True,synthetic_scenario_generator,26006
2024-12-02,IND_DHA,1.78,19.84,6.14,0,0,True,synthetic_scenario_generator,26006
2024-12-03,IND_DHA,1.48,28.51,2.06,0,0,True,synthetic_scenario_generator,26006
2024-12-04,IND_DHA,1.76,22.85,4.64,0,0,True,synthetic_scenario_generator,26006
2024-12-05,IND_DHA,1.57,18.86,1.1,0,0,True,synthetic_scenario_generator,26006
2024-12-06,IND_DHA,0.93,18.33,4.03,0,0,True,synthetic_scenario_generator,26006
2024-12-07,IND_DHA,1.31,28.26,1.38,0,0,True,synthetic_scenario_generator,26006
2024-12-08,IND_DHA,0.79,20.84,1.75,0,0,True,synthetic_scenario_generator,26006
2024-12-09,IND_DHA,2.46,25.91,7.46,0,0,True,synthetic_scenario_generator,26006
2024-12-10,IND_DHA,1.61,16.1,0.81,0,0,True,synthetic_scenario_generator,26006
2024-12-11,IND_DHA,2.05,18.13,3.68,0,0,True,synthetic_scenario_generator,26006
2024-12-12,IND_DHA,1.5,18.57,1.99,0,0,True,synthetic_scenario_generator,26006
2024-12-13,IND_DHA,1.4,19.62,9.92,0,0,True,synthetic_scenario_generator,26006
2024-12-14,IND_DHA,1.73,29.0,1.87,0,0,True,synthetic_scenario_generator,26006
2024-12-15,IND_DHA,1.49,19.81,0.14,0,0,True,synthetic_scenario_generator,26006
2024-12-16,IND_DHA,1.79,23.88,1.13,0,0,True,synthetic_scenario_generator,26006
2024-12-17,IND_DHA,1.74,18.02,5.55,0,0,True,synthetic_scenario_generator,26006
2024-12-18,IND_DHA,1.2,19.37,1.38,0,0,True,synthetic_scenario_generator,26006
2024-12-19,IND_DHA,2.11,21.84,1.1,0,0,True,synthetic_scenario_generator,26006
2024-12-20,IND_DHA,1.26,19.41,4.75,0,0,True,synthetic_scenario_generator,26006
2024-12-21,IND_DHA,2.02,21.84,14.05,0,0,True,synthetic_scenario_generator,26006
2024-12-22,IND_DHA,1.24,22.01,3.92,0,0,True,synthetic_scenario_generator,26006
2024-12-23,IND_DHA,1.75,24.45,0.33,0,0,True,synthetic_scenario_generator,26006
2024-12-24,IND_DHA,1.68,19.78,0.58,0,0,True,synthetic_scenario_generator,26006
2024-12-25,IND_DHA,1.29,16.35,0.7,0,0,True,synthetic_scenario_generator,26006
2024-12-26,IND_DHA,1.48,25.71,4.43,0,0,True,synthetic_scenario_generator,26006
2024-12-27,IND_DHA,1.3,14.52,3.03,0,0,True,synthetic_scenario_generator,26006
2024-12-28,IND_DHA,1.64,20.44,9.93,0,0,True,synthetic_scenario_generator,26006
2024-12-29,IND_DHA,1.87,21.61,6.33,0,0,True,synthetic_scenario_generator,26006
2024-12-30,IND_DHA,1.07,20.02,16.91,0,0,True,synthetic_scenario_generator,26006
2024-12-31,IND_DHA,0.92,9.43,3.64,0,0,True,synthetic_scenario_generator,26006
2025-01-01,IND_DHA,0.2,8.41,2.1,0,0,True,synthetic_scenario_generator,26006
2025-01-02,IND_DHA,2.04,13.12,11.85,0,0,True,synthetic_scenario_generator,26006
2025-01-03,IND_DHA,1.02,20.44,1.23,0,0,True,synthetic_scenario_generator,26006
2025-01-04,IND_DHA,1.11,18.45,0.81,0,0,True,synthetic_scenario_generator,26006
2025-01-05,IND_DHA,1.34,21.48,7.62,0,0,True,synthetic_scenario_generator,26006
2025-01-06,IND_DHA,1.7,16.86,7.11,0,0,True,synthetic_scenario_generator,26006
2025-01-07,IND_DHA,0.85,19.07,5.69,0,0,True,synthetic_scenario_generator,26006
2025-01-08,IND_DHA,0.97,9.24,1.76,0,0,True,synthetic_scenario_generator,26006
2025-01-09,IND_DHA,0.94,10.22,1.08,0,0,True,synthetic_scenario_generator,26006
2025-01-10,IND_DHA,0.93,15.97,1.56,0,0,True,synthetic_scenario_generator,26006
2025-01-11,IND_DHA,0.9,25.11,6.34,0,0,True,synthetic_scenario_generator,26006
2025-01-12,IND_DHA,1.64,13.04,3.25,0,0,True,synthetic_scenario_generator,26006
2025-01-13,IND_DHA,1.43,15.01,2.56,0,0,True,synthetic_scenario_generator,26006
2025-01-14,IND_DHA,1.46,16.46,1.98,0,0,True,synthetic_scenario_generator,26006
2025-01-15,IND_DHA,1.87,16.21,1.31,0,0,True,synthetic_scenario_generator,26006
2025-01-16,IND_DHA,1.14,2.0,3.48,0,0,True,synthetic_scenario_generator,26006
2025-01-17,IND_DHA,0.93,19.02,5.18,0,0,True,synthetic_scenario_generator,26006
2025-01-18,IND_DHA,0.49,12.44,0.37,0,0,True,synthetic_scenario_generator,26006
2025-01-19,IND_DHA,1.35,14.01,1.08,0,0,True,synthetic_scenario_generator,26006
2025-01-20,IND_DHA,1.07,10.95,0.73,0,0,True,synthetic_scenario_generator,26006
2025-01-21,IND_DHA,0.66,14.45,11.93,0,0,True,synthetic_scenario_generator,26006
2025-01-22,IND_DHA,0.56,15.17,6.89,0,0,True,synthetic_scenario_generator,26006
2025-01-23,IND_DHA,0.86,5.65,0.02,0,0,True,synthetic_scenario_generator,26006
2025-01-24,IND_DHA,1.09,15.69,6.18,0,0,True,synthetic_scenario_generator,26006
2025-01-25,IND_DHA,0.51,12.32,7.38,0,0,True,synthetic_scenario_generator,26006
2025-01-26,IND_DHA,0.76,17.13,0.77,0,0,True,synthetic_scenario_generator,26006
2025-01-27,IND_DHA,0.49,9.6,1.53,0,0,True,synthetic_scenario_generator,26006
2025-01-28,IND_DHA,0.94,15.33,3.22,0,0,True,synthetic_scenario_generator,26006
2025-01-29,IND_DHA,1.08,11.57,0.85,0,0,True,synthetic_scenario_generator,26006
2025-01-30,IND_DHA,1.04,19.7,7.12,0,0,True,synthetic_scenario_generator,26006
2025-01-31,IND_DHA,1.07,11.07,2.91,0,0,True,synthetic_scenario_generator,26006
2025-02-01,IND_DHA,1.45,11.72,2.0,0,0,True,synthetic_scenario_generator,26006
2025-02-02,IND_DHA,0.38,18.95,7.59,0,0,True,synthetic_scenario_generator,26006
2025-02-03,IND_DHA,0.67,2.95,10.07,0,0,True,synthetic_scenario_generator,26006
2025-02-04,IND_DHA,0.74,20.2,4.91,0,0,True,synthetic_scenario_generator,26006
2025-02-05,IND_DHA,1.16,14.43,2.74,0,0,True,synthetic_scenario_generator,26006
2025-02-06,IND_DHA,1.32,10.35,1.45,0,0,True,synthetic_scenario_generator,26006
2025-02-07,IND_DHA,0.76,24.95,1.94,0,0,True,synthetic_scenario_generator,26006
2025-02-08,IND_DHA,0.2,21.2,0.04,0,0,True,synthetic_scenario_generator,26006
2025-02-09,IND_DHA,0.9,18.97,0.83,0,0,True,synthetic_scenario_generator,26006
2025-02-10,IND_DHA,1.24,14.21,3.37,0,0,True,synthetic_scenario_generator,26006
2025-02-11,IND_DHA,0.73,11.06,0.9,0,0,True,synthetic_scenario_generator,26006
2025-02-12,IND_DHA,1.19,20.43,3.85,0,0,True,synthetic_scenario_generator,26006
2025-02-13,IND_DHA,1.1,8.9,4.49,0,0,True,synthetic_scenario_generator,26006
2025-02-14,IND_DHA,1.29,15.58,0.82,0,0,True,synthetic_scenario_generator,26006
2025-02-15,IND_DHA,0.87,18.04,2.05,0,0,True,synthetic_scenario_generator,26006
2025-02-16,IND_DHA,0.81,11.24,2.94,0,0,True,synthetic_scenario_generator,26006
2025-02-17,IND_DHA,1.56,19.57,5.77,0,0,True,synthetic_scenario_generator,26006
2025-02-18,IND_DHA,1.35,20.22,1.11,0,0,True,synthetic_scenario_generator,26006
2025-02-19,IND_DHA,1.55,14.43,1.44,0,0,True,synthetic_scenario_generator,26006
2025-02-20,IND_DHA,1.56,15.77,1.29,0,0,True,synthetic_scenario_generator,26006
2025-02-21,IND_DHA,0.68,17.17,14.47,0,0,True,synthetic_scenario_generator,26006
2025-02-22,IND_DHA,1.21,12.73,2.76,0,0,True,synthetic_scenario_generator,26006
2025-02-23,IND_DHA,1.3,13.14,8.81,0,0,True,synthetic_scenario_generator,26006
2025-02-24,IND_DHA,0.98,14.34,1.03,0,0,True,synthetic_scenario_generator,26006
2025-02-25,IND_DHA,0.87,15.47,3.19,0,0,True,synthetic_scenario_generator,26006
2025-02-26,IND_DHA,0.75,7.89,1.88,0,0,True,synthetic_scenario_generator,26006
2025-02-27,IND_DHA,0.66,20.21,0.43,0,0,True,synthetic_scenario_generator,26006
2025-02-28,IND_DHA,1.14,13.75,17.15,0,0,True,synthetic_scenario_generator,26006
2025-03-01,IND_DHA,0.84,27.53,0.69,0,0,True,synthetic_scenario_generator,26006
2025-03-02,IND_DHA,1.92,20.13,6.04,0,0,True,synthetic_scenario_generator,26006
2025-03-03,IND_DHA,1.75,15.25,1.22,0,0,True,synthetic_scenario_generator,26006
2025-03-04,IND_DHA,0.67,8.11,2.15,0,0,True,synthetic_scenario_generator,26006
2025-03-05,IND_DHA,0.77,19.1,2.06,0,0,True,synthetic_scenario_generator,26006
2025-03-06,IND_DHA,1.12,5.45,7.1,0,0,True,synthetic_scenario_generator,26006
2025-03-07,IND_DHA,0.77,16.24,3.05,0,0,True,synthetic_scenario_generator,26006
2025-03-08,IND_DHA,0.23,5.11,2.36,0,0,True,synthetic_scenario_generator,26006
2025-03-09,IND_DHA,1.15,13.16,0.97,0,0,True,synthetic_scenario_generator,26006
2025-03-10,IND_DHA,0.9,3.97,1.36,0,0,True,synthetic_scenario_generator,26006
2025-03-11,IND_DHA,1.24,17.74,1.91,0,0,True,synthetic_scenario_generator,26006
2025-03-12,IND_DHA,0.54,7.9,1.61,0,0,True,synthetic_scenario_generator,26006
2025-03-13,IND_DHA,1.45,11.15,0.97,0,0,True,synthetic_scenario_generator,26006
2025-03-14,IND_DHA,1.11,22.51,1.77,0,0,True,synthetic_scenario_generator,26006
2025-03-15,IND_DHA,0.73,24.28,0.71,0,0,True,synthetic_scenario_generator,26006
2025-03-16,IND_DHA,1.14,18.89,5.49,0,0,True,synthetic_scenario_generator,26006
2025-03-17,IND_DHA,1.55,17.1,5.43,0,0,True,synthetic_scenario_generator,26006
2025-03-18,IND_DHA,1.7,11.32,6.94,0,0,True,synthetic_scenario_generator,26006
2025-03-19,IND_DHA,1.64,15.65,11.64,0,0,True,synthetic_scenario_generator,26006
2025-03-20,IND_DHA,1.41,16.11,2.38,0,0,True,synthetic_scenario_generator,26006
2025-03-21,IND_DHA,1.32,14.43,3.91,0,0,True,synthetic_scenario_generator,26006
2025-03-22,IND_DHA,1.2,15.9,5.81,0,0,True,synthetic_scenario_generator,26006
2025-03-23,IND_DHA,1.83,9.97,1.86,0,0,True,synthetic_scenario_generator,26006
2025-03-24,IND_DHA,0.95,14.87,1.9,0,0,True,synthetic_scenario_generator,26006
2025-03-25,IND_DHA,0.48,22.91,4.67,0,0,True,synthetic_scenario_generator,26006
2025-03-26,IND_DHA,0.71,17.16,3.59,0,0,True,synthetic_scenario_generator,26006
2025-03-27,IND_DHA,1.1,14.76,1.13,0,0,True,synthetic_scenario_generator,26006
2025-03-28,IND_DHA,0.2,8.96,1.54,0,0,True,synthetic_scenario_generator,26006
2025-03-29,IND_DHA,1.1,17.53,6.28,0,0,True,synthetic_scenario_generator,26006
2025-03-30,IND_DHA,0.75,8.99,0.97,0,0,True,synthetic_scenario_generator,26006
2025-03-31,IND_DHA,1.02,6.52,1.05,0,0,True,synthetic_scenario_generator,26006
2025-04-01,IND_DHA,0.68,22.1,0.72,0,0,True,synthetic_scenario_generator,26006
2025-04-02,IND_DHA,1.5,10.51,5.7,0,0,True,synthetic_scenario_generator,26006
2025-04-03,IND_DHA,1.67,15.82,2.21,0,0,True,synthetic_scenario_generator,26006
2025-04-04,IND_DHA,2.2,18.86,7.84,0,0,True,synthetic_scenario_generator,26006
2025-04-05,IND_DHA,1.55,26.86,3.35,0,0,True,synthetic_scenario_generator,26006
2025-04-06,IND_DHA,1.19,17.67,3.58,0,0,True,synthetic_scenario_generator,26006
2025-04-07,IND_DHA,0.91,21.2,0.24,0,0,True,synthetic_scenario_generator,26006
2025-04-08,IND_DHA,1.6,15.37,2.47,0,0,True,synthetic_scenario_generator,26006
2025-04-09,IND_DHA,1.69,19.48,0.9,0,0,True,synthetic_scenario_generator,26006
2025-04-10,IND_DHA,2.52,24.84,1.78,0,0,True,synthetic_scenario_generator,26006
2025-04-11,IND_DHA,1.03,16.69,4.85,0,0,True,synthetic_scenario_generator,26006
2025-04-12,IND_DHA,1.0,26.93,3.8,0,0,True,synthetic_scenario_generator,26006
2025-04-13,IND_DHA,1.96,18.77,6.7,0,0,True,synthetic_scenario_generator,26006
2025-04-14,IND_DHA,1.38,12.62,3.59,0,0,True,synthetic_scenario_generator,26006
2025-04-15,IND_DHA,2.22,22.55,2.0,0,0,True,synthetic_scenario_generator,26006
2025-04-16,IND_DHA,1.16,23.52,4.49,0,0,True,synthetic_scenario_generator,26006
2025-04-17,IND_DHA,1.02,15.14,0.79,0,0,True,synthetic_scenario_generator,26006
2025-04-18,IND_DHA,1.46,19.63,1.81,0,0,True,synthetic_scenario_generator,26006
2025-04-19,IND_DHA,1.32,17.0,5.51,0,0,True,synthetic_scenario_generator,26006
2025-04-20,IND_DHA,1.89,27.95,4.8,0,0,True,synthetic_scenario_generator,26006
2025-04-21,IND_DHA,1.54,23.21,1.86,0,0,True,synthetic_scenario_generator,26006
2025-04-22,IND_DHA,1.6,29.05,2.31,0,0,True,synthetic_scenario_generator,26006
2025-04-23,IND_DHA,1.64,26.33,1.4,0,0,True,synthetic_scenario_generator,26006
2025-04-24,IND_DHA,0.79,18.98,1.52,0,0,True,synthetic_scenario_generator,26006
2025-04-25,IND_DHA,1.63,19.59,3.54,0,0,True,synthetic_scenario_generator,26006
2025-04-26,IND_DHA,1.19,16.8,10.76,0,0,True,synthetic_scenario_generator,26006
2025-04-27,IND_DHA,2.08,24.84,0.76,0,0,True,synthetic_scenario_generator,26006
2025-04-28,IND_DHA,1.46,22.54,1.43,0,0,True,synthetic_scenario_generator,26006
2025-04-29,IND_DHA,1.6,19.21,9.26,0,0,True,synthetic_scenario_generator,26006
2025-04-30,IND_DHA,1.93,27.08,4.72,0,0,True,synthetic_scenario_generator,26006
2025-05-01,IND_DHA,1.29,23.65,2.12,0,0,True,synthetic_scenario_generator,26006
2025-05-02,IND_DHA,1.46,20.54,1.3,0,0,True,synthetic_scenario_generator,26006
2025-05-03,IND_DHA,1.35,17.18,2.81,0,0,True,synthetic_scenario_generator,26006
2025-05-04,IND_DHA,2.24,20.37,6.3,0,0,True,synthetic_scenario_generator,26006
2025-05-05,IND_DHA,1.2,19.29,3.46,0,0,True,synthetic_scenario_generator,26006
2025-05-06,IND_DHA,1.44,16.07,2.22,0,0,True,synthetic_scenario_generator,26006
2025-05-07,IND_DHA,1.62,22.05,3.16,0,0,True,synthetic_scenario_generator,26006
2025-05-08,IND_DHA,1.94,22.46,13.99,0,0,True,synthetic_scenario_generator,26006
2025-05-09,IND_DHA,1.76,16.38,1.38,0,0,True,synthetic_scenario_generator,26006
2025-05-10,IND_DHA,1.63,29.77,0.99,0,0,True,synthetic_scenario_generator,26006
2025-05-11,IND_DHA,1.72,16.14,11.28,0,0,True,synthetic_scenario_generator,26006
2025-05-12,IND_DHA,1.94,14.79,1.51,0,0,True,synthetic_scenario_generator,26006
2025-05-13,IND_DHA,1.58,27.76,2.21,0,0,True,synthetic_scenario_generator,26006
2025-05-14,IND_DHA,1.58,21.1,3.12,0,0,True,synthetic_scenario_generator,26006
2025-05-15,IND_DHA,2.2,19.68,0.57,0,0,True,synthetic_scenario_generator,26006
2025-05-16,IND_DHA,1.18,16.7,5.73,0,0,True,synthetic_scenario_generator,26006
2025-05-17,IND_DHA,1.59,23.28,1.75,0,0,True,synthetic_scenario_generator,26006
2025-05-18,IND_DHA,1.66,28.58,0.4,0,0,True,synthetic_scenario_generator,26006
2025-05-19,IND_DHA,1.81,24.78,6.99,0,0,True,synthetic_scenario_generator,26006
2025-05-20,IND_DHA,1.52,14.51,6.09,0,0,True,synthetic_scenario_generator,26006
2025-05-21,IND_DHA,1.68,23.06,0.55,0,0,True,synthetic_scenario_generator,26006
2025-05-22,IND_DHA,1.01,23.67,3.4,0,0,True,synthetic_scenario_generator,26006
2025-05-23,IND_DHA,1.81,21.7,3.16,0,0,True,synthetic_scenario_generator,26006
2025-05-24,IND_DHA,1.01,16.93,2.89,0,0,True,synthetic_scenario_generator,26006
2025-05-25,IND_DHA,1.52,27.55,4.36,0,0,True,synthetic_scenario_generator,26006
2025-05-26,IND_DHA,2.1,22.49,9.83,0,0,True,synthetic_scenario_generator,26006
2025-05-27,IND_DHA,1.29,21.65,3.09,0,0,True,synthetic_scenario_generator,26006
2025-05-28,IND_DHA,1.69,13.83,6.48,0,0,True,synthetic_scenario_generator,26006
2025-05-29,IND_DHA,1.27,27.23,3.48,0,0,True,synthetic_scenario_generator,26006
2025-05-30,IND_DHA,1.75,19.98,0.97,0,0,True,synthetic_scenario_generator,26006
2025-05-31,IND_DHA,1.29,21.43,0.56,0,0,True,synthetic_scenario_generator,26006
2025-06-01,IND_DHA,2.25,28.23,4.96,0,1,True,synthetic_scenario_generator,26006
2025-06-02,IND_DHA,2.22,39.64,8.15,0,1,True,synthetic_scenario_generator,26006
2025-06-03,IND_DHA,3.11,36.15,1.99,0,1,True,synthetic_scenario_generator,26006
2025-06-04,IND_DHA,2.88,31.24,27.46,0,1,True,synthetic_scenario_generator,26006
2025-06-05,IND_DHA,2.74,21.59,11.08,0,1,True,synthetic_scenario_generator,26006
2025-06-06,IND_DHA,3.19,33.95,1.13,0,1,True,synthetic_scenario_generator,26006
2025-06-07,IND_DHA,2.92,36.86,5.68,0,1,True,synthetic_scenario_generator,26006
2025-06-08,IND_DHA,2.99,28.07,9.45,0,1,True,synthetic_scenario_generator,26006
2025-06-09,IND_DHA,2.55,47.61,64.17,0,1,True,synthetic_scenario_generator,26006
2025-06-10,IND_DHA,2.64,38.2,18.81,0,1,True,synthetic_scenario_generator,26006
2025-06-11,IND_DHA,3.07,37.81,39.54,0,1,True,synthetic_scenario_generator,26006
2025-06-12,IND_DHA,2.56,32.69,1.35,0,1,True,synthetic_scenario_generator,26006
2025-06-13,IND_DHA,2.9,34.1,17.56,0,1,True,synthetic_scenario_generator,26006
2025-06-14,IND_DHA,1.87,31.18,11.02,0,1,True,synthetic_scenario_generator,26006
2025-06-15,IND_DHA,2.98,32.13,58.61,0,1,True,synthetic_scenario_generator,26006
2025-06-16,IND_DHA,2.09,27.0,5.94,0,1,True,synthetic_scenario_generator,26006
2025-06-17,IND_DHA,3.09,31.62,15.89,0,1,True,synthetic_scenario_generator,26006
2025-06-18,IND_DHA,3.08,40.42,5.33,0,1,True,synthetic_scenario_generator,26006
2025-06-19,IND_DHA,3.13,36.68,51.43,0,1,True,synthetic_scenario_generator,26006
2025-06-20,IND_DHA,2.82,26.1,13.96,0,1,True,synthetic_scenario_generator,26006
2025-06-21,IND_DHA,2.66,21.6,1.96,0,1,True,synthetic_scenario_generator,26006
2025-06-22,IND_DHA,2.48,39.04,21.1,0,1,True,synthetic_scenario_generator,26006
2025-06-23,IND_DHA,3.41,31.83,3.94,1,1,True,synthetic_scenario_generator,26006
2025-06-24,IND_DHA,3.15,37.08,6.51,0,1,True,synthetic_scenario_generator,26006
2025-06-25,IND_DHA,2.69,32.85,10.86,0,1,True,synthetic_scenario_generator,26006
2025-06-26,IND_DHA,2.59,30.93,1.71,0,1,True,synthetic_scenario_generator,26006
2025-06-27,IND_DHA,2.86,34.96,28.71,0,1,True,synthetic_scenario_generator,26006
2025-06-28,IND_DHA,3.15,33.22,3.36,0,1,True,synthetic_scenario_generator,26006
2025-06-29,IND_DHA,2.82,31.37,4.56,0,1,True,synthetic_scenario_generator,26006
2025-06-30,IND_DHA,2.72,39.66,9.54,0,1,True,synthetic_scenario_generator,26006
2025-07-01,IND_DHA,2.28,28.87,23.21,0,1,True,synthetic_scenario_generator,26006
2025-07-02,IND_DHA,2.49,23.72,4.91,0,1,True,synthetic_scenario_generator,26006
2025-07-03,IND_DHA,2.77,29.86,23.07,0,1,True,synthetic_scenario_generator,26006
2025-07-04,IND_DHA,2.09,29.93,17.21,0,1,True,synthetic_scenario_generator,26006
2025-07-05,IND_DHA,2.14,32.92,7.45,0,1,True,synthetic_scenario_generator,26006
2025-07-06,IND_DHA,2.25,25.53,1.96,0,1,True,synthetic_scenario_generator,26006
2025-07-07,IND_DHA,1.67,38.64,10.06,0,1,True,synthetic_scenario_generator,26006
2025-07-08,IND_DHA,2.27,27.08,11.18,0,1,True,synthetic_scenario_generator,26006
2025-07-09,IND_DHA,2.68,21.95,3.93,0,1,True,synthetic_scenario_generator,26006
2025-07-10,IND_DHA,2.19,23.52,8.29,0,1,True,synthetic_scenario_generator,26006
2025-07-11,IND_DHA,2.23,30.97,12.24,0,1,True,synthetic_scenario_generator,26006
2025-07-12,IND_DHA,2.4,18.6,18.82,0,1,True,synthetic_scenario_generator,26006
2025-07-13,IND_DHA,2.31,28.51,9.52,0,1,True,synthetic_scenario_generator,26006
2025-07-14,IND_DHA,2.51,39.94,16.84,0,1,True,synthetic_scenario_generator,26006
2025-07-15,IND_DHA,1.9,21.58,29.96,0,1,True,synthetic_scenario_generator,26006
2025-07-16,IND_DHA,2.08,24.24,36.4,0,1,True,synthetic_scenario_generator,26006
2025-07-17,IND_DHA,1.91,25.75,32.08,0,1,True,synthetic_scenario_generator,26006
2025-07-18,IND_DHA,2.46,31.28,10.58,0,1,True,synthetic_scenario_generator,26006
2025-07-19,IND_DHA,1.81,35.34,27.71,0,1,True,synthetic_scenario_generator,26006
2025-07-20,IND_DHA,2.06,27.65,42.55,0,1,True,synthetic_scenario_generator,26006
2025-07-21,IND_DHA,1.42,35.24,5.34,0,1,True,synthetic_scenario_generator,26006
2025-07-22,IND_DHA,2.06,19.09,4.83,0,1,True,synthetic_scenario_generator,26006
2025-07-23,IND_DHA,2.34,26.58,8.19,0,1,True,synthetic_scenario_generator,26006
2025-07-24,IND_DHA,2.06,20.46,20.75,0,1,True,synthetic_scenario_generator,26006
2025-07-25,IND_DHA,2.21,31.24,4.75,0,1,True,synthetic_scenario_generator,26006
2025-07-26,IND_DHA,2.8,24.52,10.06,0,1,True,synthetic_scenario_generator,26006
2025-07-27,IND_DHA,2.21,26.98,1.67,0,1,True,synthetic_scenario_generator,26006
2025-07-28,IND_DHA,2.09,29.16,9.67,0,1,True,synthetic_scenario_generator,26006
2025-07-29,IND_DHA,2.0,31.33,7.36,0,1,True,synthetic_scenario_generator,26006
2025-07-30,IND_DHA,2.49,22.65,7.87,0,1,True,synthetic_scenario_generator,26006
2025-07-31,IND_DHA,2.0,41.17,14.83,0,1,True,synthetic_scenario_generator,26006
2025-08-01,IND_DHA,2.96,32.5,5.04,0,1,True,synthetic_scenario_generator,26006
2025-08-02,IND_DHA,3.02,31.74,17.02,0,1,True,synthetic_scenario_generator,26006
2025-08-03,IND_DHA,2.35,20.2,12.25,0,1,True,synthetic_scenario_generator,26006
2025-08-04,IND_DHA,2.54,27.96,5.49,0,1,True,synthetic_scenario_generator,26006
2025-08-05,IND_DHA,2.03,24.96,8.82,0,1,True,synthetic_scenario_generator,26006
2025-08-06,IND_DHA,2.5,36.7,18.62,0,1,True,synthetic_scenario_generator,26006
2025-08-07,IND_DHA,2.26,28.89,18.72,0,1,True,synthetic_scenario_generator,26006
2025-08-08,IND_DHA,2.79,26.07,4.57,0,1,True,synthetic_scenario_generator,26006
2025-08-09,IND_DHA,1.78,23.86,17.53,0,1,True,synthetic_scenario_generator,26006
2025-08-10,IND_DHA,2.65,32.41,0.97,0,1,True,synthetic_scenario_generator,26006
2025-08-11,IND_DHA,1.97,27.55,9.75,0,1,True,synthetic_scenario_generator,26006
2025-08-12,IND_DHA,1.04,23.68,22.51,0,1,True,synthetic_scenario_generator,26006
2025-08-13,IND_DHA,2.56,20.02,46.67,0,1,True,synthetic_scenario_generator,26006
2025-08-14,IND_DHA,1.96,23.61,24.36,0,1,True,synthetic_scenario_generator,26006
2025-08-15,IND_DHA,2.25,26.26,9.86,0,1,True,synthetic_scenario_generator,26006
2025-08-16,IND_DHA,2.39,24.88,52.71,0,1,True,synthetic_scenario_generator,26006
2025-08-17,IND_DHA,1.59,27.1,8.52,0,1,True,synthetic_scenario_generator,26006
2025-08-18,IND_DHA,2.19,17.79,21.43,0,1,True,synthetic_scenario_generator,26006
2025-08-19,IND_DHA,2.28,31.03,25.99,0,1,True,synthetic_scenario_generator,26006
2025-08-20,IND_DHA,1.6,23.77,5.27,0,1,True,synthetic_scenario_generator,26006
2025-08-21,IND_DHA,2.41,35.48,1.43,0,1,True,synthetic_scenario_generator,26006
2025-08-22,IND_DHA,1.92,28.21,4.73,0,1,True,synthetic_scenario_generator,26006
2025-08-23,IND_DHA,2.21,29.29,4.53,0,1,True,synthetic_scenario_generator,26006
2025-08-24,IND_DHA,2.42,33.81,10.38,0,1,True,synthetic_scenario_generator,26006
2025-08-25,IND_DHA,2.14,37.96,22.42,0,1,True,synthetic_scenario_generator,26006
2025-08-26,IND_DHA,2.59,26.97,11.87,0,1,True,synthetic_scenario_generator,26006
2025-08-27,IND_DHA,2.0,20.53,29.37,0,1,True,synthetic_scenario_generator,26006
2025-08-28,IND_DHA,3.17,28.19,5.73,0,1,True,synthetic_scenario_generator,26006
2025-08-29,IND_DHA,2.13,33.0,8.0,0,1,True,synthetic_scenario_generator,26006
2025-08-30,IND_DHA,2.17,26.07,13.59,0,1,True,synthetic_scenario_generator,26006
2025-08-31,IND_DHA,2.24,24.19,23.44,0,1,True,synthetic_scenario_generator,26006
2025-09-01,IND_DHA,1.83,23.1,5.89,0,1,True,synthetic_scenario_generator,26006
2025-09-02,IND_DHA,1.4,30.14,7.04,0,1,True,synthetic_scenario_generator,26006
2025-09-03,IND_DHA,2.24,31.85,1.98,0,1,True,synthetic_scenario_generator,26006
2025-09-04,IND_DHA,2.62,25.62,26.54,0,1,True,synthetic_scenario_generator,26006
2025-09-05,IND_DHA,2.5,28.15,2.77,0,1,True,synthetic_scenario_generator,26006
2025-09-06,IND_DHA,2.65,26.65,5.94,0,1,True,synthetic_scenario_generator,26006
2025-09-07,IND_DHA,2.14,36.4,6.22,0,1,True,synthetic_scenario_generator,26006
2025-09-08,IND_DHA,2.57,20.67,12.98,0,1,True,synthetic_scenario_generator,26006
2025-09-09,IND_DHA,2.79,23.45,11.62,0,1,True,synthetic_scenario_generator,26006
2025-09-10,IND_DHA,1.71,29.0,61.15,0,1,True,synthetic_scenario_generator,26006
2025-09-11,IND_DHA,1.95,18.77,38.39,0,1,True,synthetic_scenario_generator,26006
2025-09-12,IND_DHA,2.18,23.71,14.38,0,1,True,synthetic_scenario_generator,26006
2025-09-13,IND_DHA,2.04,15.31,1.31,0,1,True,synthetic_scenario_generator,26006
2025-09-14,IND_DHA,2.69,34.25,2.75,0,1,True,synthetic_scenario_generator,26006
2025-09-15,IND_DHA,2.56,28.92,17.39,0,1,True,synthetic_scenario_generator,26006
2025-09-16,IND_DHA,2.26,22.1,5.9,0,1,True,synthetic_scenario_generator,26006
2025-09-17,IND_DHA,2.84,31.89,5.45,0,1,True,synthetic_scenario_generator,26006
2025-09-18,IND_DHA,2.11,22.78,5.8,0,1,True,synthetic_scenario_generator,26006
2025-09-19,IND_DHA,1.62,24.44,8.15,0,1,True,synthetic_scenario_generator,26006
2025-09-20,IND_DHA,2.35,29.58,0.35,0,1,True,synthetic_scenario_generator,26006
2025-09-21,IND_DHA,2.0,21.86,13.08,0,1,True,synthetic_scenario_generator,26006
2025-09-22,IND_DHA,2.32,28.73,13.09,0,1,True,synthetic_scenario_generator,26006
2025-09-23,IND_DHA,1.99,33.97,0.14,0,1,True,synthetic_scenario_generator,26006
2025-09-24,IND_DHA,2.65,21.82,2.95,0,1,True,synthetic_scenario_generator,26006
2025-09-25,IND_DHA,2.12,35.81,20.14,0,1,True,synthetic_scenario_generator,26006
2025-09-26,IND_DHA,2.45,27.8,10.09,0,1,True,synthetic_scenario_generator,26006
2025-09-27,IND_DHA,2.22,28.71,14.73,0,1,True,synthetic_scenario_generator,26006
2025-09-28,IND_DHA,2.32,20.05,4.45,0,1,True,synthetic_scenario_generator,26006
2025-09-29,IND_DHA,1.75,31.34,4.57,0,1,True,synthetic_scenario_generator,26006
2025-09-30,IND_DHA,1.87,29.82,10.75,0,1,True,synthetic_scenario_generator,26006
2025-10-01,IND_DHA,0.74,15.26,2.52,0,0,True,synthetic_scenario_generator,26006
2025-10-02,IND_DHA,1.69,27.22,1.77,0,0,True,synthetic_scenario_generator,26006
2025-10-03,IND_DHA,2.04,18.29,0.54,0,0,True,synthetic_scenario_generator,26006
2025-10-04,IND_DHA,1.57,19.76,8.91,0,0,True,synthetic_scenario_generator,26006
2025-10-05,IND_DHA,2.09,21.43,6.48,0,0,True,synthetic_scenario_generator,26006
2025-10-06,IND_DHA,1.72,21.3,1.87,0,0,True,synthetic_scenario_generator,26006
2025-10-07,IND_DHA,1.85,10.98,6.22,0,0,True,synthetic_scenario_generator,26006
2025-10-08,IND_DHA,0.85,12.87,0.82,0,0,True,synthetic_scenario_generator,26006
2025-10-09,IND_DHA,1.36,14.18,2.48,0,0,True,synthetic_scenario_generator,26006
2025-10-10,IND_DHA,1.82,18.31,1.88,0,0,True,synthetic_scenario_generator,26006
2025-10-11,IND_DHA,1.16,7.06,7.34,0,0,True,synthetic_scenario_generator,26006
2025-10-12,IND_DHA,2.2,13.51,3.42,0,0,True,synthetic_scenario_generator,26006
2025-10-13,IND_DHA,1.96,16.93,4.08,0,0,True,synthetic_scenario_generator,26006
2025-10-14,IND_DHA,1.92,22.34,14.72,0,0,True,synthetic_scenario_generator,26006
2025-10-15,IND_DHA,1.83,15.61,1.79,0,0,True,synthetic_scenario_generator,26006
2025-10-16,IND_DHA,1.24,16.39,8.0,0,0,True,synthetic_scenario_generator,26006
2025-10-17,IND_DHA,1.9,18.3,8.55,0,0,True,synthetic_scenario_generator,26006
2025-10-18,IND_DHA,1.75,27.89,1.43,0,0,True,synthetic_scenario_generator,26006
2025-10-19,IND_DHA,1.39,14.58,1.71,0,0,True,synthetic_scenario_generator,26006
2025-10-20,IND_DHA,1.88,23.47,6.72,0,0,True,synthetic_scenario_generator,26006
2025-10-21,IND_DHA,1.9,14.99,3.55,0,0,True,synthetic_scenario_generator,26006
2025-10-22,IND_DHA,1.54,22.74,2.38,0,0,True,synthetic_scenario_generator,26006
2025-10-23,IND_DHA,1.94,27.12,2.17,0,0,True,synthetic_scenario_generator,26006
2025-10-24,IND_DHA,1.18,13.52,4.02,0,0,True,synthetic_scenario_generator,26006
2025-10-25,IND_DHA,1.16,11.49,7.78,0,0,True,synthetic_scenario_generator,26006
2025-10-26,IND_DHA,2.39,24.12,2.9,0,0,True,synthetic_scenario_generator,26006
2025-10-27,IND_DHA,1.35,17.4,2.14,0,0,True,synthetic_scenario_generator,26006
2025-10-28,IND_DHA,2.25,24.58,2.95,0,0,True,synthetic_scenario_generator,26006
2025-10-29,IND_DHA,1.43,18.78,3.3,0,0,True,synthetic_scenario_generator,26006
2025-10-30,IND_DHA,1.42,14.87,2.92,0,0,True,synthetic_scenario_generator,26006
2025-10-31,IND_DHA,1.54,18.11,3.77,0,0,True,synthetic_scenario_generator,26006
2025-11-01,IND_DHA,1.08,20.02,2.3,0,0,True,synthetic_scenario_generator,26006
2025-11-02,IND_DHA,1.94,29.31,0.39,0,0,True,synthetic_scenario_generator,26006
2025-11-03,IND_DHA,1.17,18.9,1.65,0,0,True,synthetic_scenario_generator,26006
2025-11-04,IND_DHA,1.0,23.22,3.96,0,0,True,synthetic_scenario_generator,26006
2025-11-05,IND_DHA,2.18,18.05,1.28,0,0,True,synthetic_scenario_generator,26006
2025-11-06,IND_DHA,0.85,17.18,4.46,0,0,True,synthetic_scenario_generator,26006
2025-11-07,IND_DHA,1.68,27.66,6.36,0,0,True,synthetic_scenario_generator,26006
2025-11-08,IND_DHA,1.9,22.6,0.87,0,0,True,synthetic_scenario_generator,26006
2025-11-09,IND_DHA,1.79,24.0,2.77,0,0,True,synthetic_scenario_generator,26006
2025-11-10,IND_DHA,1.47,23.7,4.04,0,0,True,synthetic_scenario_generator,26006
2025-11-11,IND_DHA,1.7,29.7,1.78,0,0,True,synthetic_scenario_generator,26006
2025-11-12,IND_DHA,1.72,20.04,2.67,0,0,True,synthetic_scenario_generator,26006
2025-11-13,IND_DHA,2.15,12.11,2.06,0,0,True,synthetic_scenario_generator,26006
2025-11-14,IND_DHA,1.52,20.35,0.62,0,0,True,synthetic_scenario_generator,26006
2025-11-15,IND_DHA,1.46,19.58,0.55,0,0,True,synthetic_scenario_generator,26006
2025-11-16,IND_DHA,1.65,15.83,5.64,0,0,True,synthetic_scenario_generator,26006
2025-11-17,IND_DHA,1.41,22.99,3.04,0,0,True,synthetic_scenario_generator,26006
2025-11-18,IND_DHA,2.12,19.36,3.88,0,0,True,synthetic_scenario_generator,26006
2025-11-19,IND_DHA,1.56,20.02,5.68,0,0,True,synthetic_scenario_generator,26006
2025-11-20,IND_DHA,0.9,24.67,6.28,0,0,True,synthetic_scenario_generator,26006
2025-11-21,IND_DHA,1.35,27.07,1.15,0,0,True,synthetic_scenario_generator,26006
2025-11-22,IND_DHA,2.17,23.24,3.2,0,0,True,synthetic_scenario_generator,26006
2025-11-23,IND_DHA,1.53,16.1,3.77,0,0,True,synthetic_scenario_generator,26006
2025-11-24,IND_DHA,0.65,20.05,1.64,0,0,True,synthetic_scenario_generator,26006
2025-11-25,IND_DHA,1.29,28.92,1.75,0,0,True,synthetic_scenario_generator,26006
2025-11-26,IND_DHA,1.2,21.9,0.47,0,0,True,synthetic_scenario_generator,26006
2025-11-27,IND_DHA,2.15,19.12,6.3,0,0,True,synthetic_scenario_generator,26006
2025-11-28,IND_DHA,1.26,5.92,2.84,0,0,True,synthetic_scenario_generator,26006
2025-11-29,IND_DHA,2.08,13.91,1.49,0,0,True,synthetic_scenario_generator,26006
2025-11-30,IND_DHA,1.47,27.13,1.21,0,0,True,synthetic_scenario_generator,26006
2025-12-01,IND_DHA,0.64,26.66,1.44,0,0,True,synthetic_scenario_generator,26006
2025-12-02,IND_DHA,1.78,14.07,2.69,0,0,True,synthetic_scenario_generator,26006
2025-12-03,IND_DHA,1.59,25.99,0.35,0,0,True,synthetic_scenario_generator,26006
2025-12-04,IND_DHA,1.52,17.74,8.95,0,0,True,synthetic_scenario_generator,26006
2025-12-05,IND_DHA,1.44,14.95,2.34,0,0,True,synthetic_scenario_generator,26006
2025-12-06,IND_DHA,0.93,12.74,0.21,0,0,True,synthetic_scenario_generator,26006
2025-12-07,IND_DHA,1.7,23.89,9.49,0,0,True,synthetic_scenario_generator,26006
2025-12-08,IND_DHA,1.36,15.96,6.32,0,0,True,synthetic_scenario_generator,26006
2025-12-09,IND_DHA,1.64,24.41,12.38,0,0,True,synthetic_scenario_generator,26006
2025-12-10,IND_DHA,0.81,14.01,0.22,0,0,True,synthetic_scenario_generator,26006
2025-12-11,IND_DHA,1.65,18.32,0.84,0,0,True,synthetic_scenario_generator,26006
2025-12-12,IND_DHA,0.97,17.76,1.63,0,0,True,synthetic_scenario_generator,26006
2025-12-13,IND_DHA,1.19,21.77,13.15,0,0,True,synthetic_scenario_generator,26006
2025-12-14,IND_DHA,1.68,18.07,2.83,0,0,True,synthetic_scenario_generator,26006
2025-12-15,IND_DHA,0.88,23.66,7.26,0,0,True,synthetic_scenario_generator,26006
2025-12-16,IND_DHA,1.47,14.87,5.14,0,0,True,synthetic_scenario_generator,26006
2025-12-17,IND_DHA,1.67,15.06,12.06,0,0,True,synthetic_scenario_generator,26006
2025-12-18,IND_DHA,1.7,33.02,0.95,0,0,True,synthetic_scenario_generator,26006
2025-12-19,IND_DHA,1.37,32.69,0.27,0,0,True,synthetic_scenario_generator,26006
2025-12-20,IND_DHA,1.42,22.31,1.81,0,0,True,synthetic_scenario_generator,26006
2025-12-21,IND_DHA,1.6,22.35,4.75,0,0,True,synthetic_scenario_generator,26006
2025-12-22,IND_DHA,1.96,15.45,8.42,0,0,True,synthetic_scenario_generator,26006
2025-12-23,IND_DHA,1.49,25.77,0.41,0,0,True,synthetic_scenario_generator,26006
2025-12-24,IND_DHA,1.2,24.46,1.41,0,0,True,synthetic_scenario_generator,26006
2025-12-25,IND_DHA,1.55,23.72,5.98,0,0,True,synthetic_scenario_generator,26006
2025-12-26,IND_DHA,1.46,17.04,4.43,0,0,True,synthetic_scenario_generator,26006
2025-12-27,IND_DHA,2.26,18.51,1.64,0,0,True,synthetic_scenario_generator,26006
2025-12-28,IND_DHA,1.78,17.09,4.2,0,0,True,synthetic_scenario_generator,26006
2025-12-29,IND_DHA,0.97,24.13,7.47,0,0,True,synthetic_scenario_generator,26006
2025-12-30,IND_DHA,1.36,27.22,4.48,0,0,True,synthetic_scenario_generator,26006
2025-12-31,IND_DHA,1.25,19.69,2.46,0,0,True,synthetic_scenario_generator,26006
2026-01-01,IND_DHA,1.23,5.79,1.48,0,0,True,synthetic_scenario_generator,26006
2026-01-02,IND_DHA,0.94,22.84,2.4,0,0,True,synthetic_scenario_generator,26006
2026-01-03,IND_DHA,1.12,6.19,5.45,0,0,True,synthetic_scenario_generator,26006
2026-01-04,IND_DHA,1.0,12.61,2.35,0,0,True,synthetic_scenario_generator,26006
2026-01-05,IND_DHA,0.48,10.98,3.48,0,0,True,synthetic_scenario_generator,26006
2026-01-06,IND_DHA,1.16,16.48,2.53,0,0,True,synthetic_scenario_generator,26006
2026-01-07,IND_DHA,0.33,8.25,2.17,0,0,True,synthetic_scenario_generator,26006
2026-01-08,IND_DHA,1.36,5.55,1.01,0,0,True,synthetic_scenario_generator,26006
2026-01-09,IND_DHA,1.19,20.68,3.23,0,0,True,synthetic_scenario_generator,26006
2026-01-10,IND_DHA,1.08,18.25,3.61,0,0,True,synthetic_scenario_generator,26006
2026-01-11,IND_DHA,1.31,21.72,0.67,0,0,True,synthetic_scenario_generator,26006
2026-01-12,IND_DHA,1.78,16.33,1.76,0,0,True,synthetic_scenario_generator,26006
2026-01-13,IND_DHA,1.17,9.79,7.22,0,0,True,synthetic_scenario_generator,26006
2026-01-14,IND_DHA,1.71,10.48,2.86,0,0,True,synthetic_scenario_generator,26006
2026-01-15,IND_DHA,1.34,17.63,0.12,0,0,True,synthetic_scenario_generator,26006
2026-01-16,IND_DHA,0.98,14.48,1.21,0,0,True,synthetic_scenario_generator,26006
2026-01-17,IND_DHA,0.82,12.55,3.51,0,0,True,synthetic_scenario_generator,26006
2026-01-18,IND_DHA,1.23,23.39,1.86,0,0,True,synthetic_scenario_generator,26006
2026-01-19,IND_DHA,0.68,19.61,2.98,0,0,True,synthetic_scenario_generator,26006
2026-01-20,IND_DHA,1.34,11.42,1.98,0,0,True,synthetic_scenario_generator,26006
2026-01-21,IND_DHA,1.21,18.73,1.34,0,0,True,synthetic_scenario_generator,26006
2026-01-22,IND_DHA,1.54,6.91,0.66,0,0,True,synthetic_scenario_generator,26006
2026-01-23,IND_DHA,1.15,12.27,3.89,0,0,True,synthetic_scenario_generator,26006
2026-01-24,IND_DHA,0.75,14.12,4.5,0,0,True,synthetic_scenario_generator,26006
2026-01-25,IND_DHA,1.94,10.88,3.4,0,0,True,synthetic_scenario_generator,26006
2026-01-26,IND_DHA,0.94,7.37,9.75,0,0,True,synthetic_scenario_generator,26006
2026-01-27,IND_DHA,1.6,7.65,3.6,0,0,True,synthetic_scenario_generator,26006
2026-01-28,IND_DHA,1.59,8.53,1.64,0,0,True,synthetic_scenario_generator,26006
2026-01-29,IND_DHA,1.41,9.15,0.3,0,0,True,synthetic_scenario_generator,26006
2026-01-30,IND_DHA,0.71,9.45,3.31,0,0,True,synthetic_scenario_generator,26006
2026-01-31,IND_DHA,1.22,12.67,1.5,0,0,True,synthetic_scenario_generator,26006
2026-02-01,IND_DHA,1.02,8.13,3.18,0,0,True,synthetic_scenario_generator,26006
2026-02-02,IND_DHA,1.09,25.48,2.46,0,0,True,synthetic_scenario_generator,26006
2026-02-03,IND_DHA,1.47,5.07,1.57,0,0,True,synthetic_scenario_generator,26006
2026-02-04,IND_DHA,1.15,14.52,1.07,0,0,True,synthetic_scenario_generator,26006
2026-02-05,IND_DHA,1.39,10.06,2.27,0,0,True,synthetic_scenario_generator,26006
2026-02-06,IND_DHA,0.72,14.75,7.77,0,0,True,synthetic_scenario_generator,26006
2026-02-07,IND_DHA,1.4,11.92,4.46,0,0,True,synthetic_scenario_generator,26006
2026-02-08,IND_DHA,1.15,18.15,0.89,0,0,True,synthetic_scenario_generator,26006
2026-02-09,IND_DHA,1.01,14.47,4.22,0,0,True,synthetic_scenario_generator,26006
2026-02-10,IND_DHA,1.18,10.03,7.25,0,0,True,synthetic_scenario_generator,26006
2026-02-11,IND_DHA,0.91,15.24,0.9,0,0,True,synthetic_scenario_generator,26006
2026-02-12,IND_DHA,0.57,15.6,2.86,0,0,True,synthetic_scenario_generator,26006
2026-02-13,IND_DHA,1.6,20.36,3.96,0,0,True,synthetic_scenario_generator,26006
2026-02-14,IND_DHA,0.21,12.63,1.1,0,0,True,synthetic_scenario_generator,26006
2026-02-15,IND_DHA,1.33,10.36,0.42,0,0,True,synthetic_scenario_generator,26006
2026-02-16,IND_DHA,0.72,9.45,0.41,0,0,True,synthetic_scenario_generator,26006
2026-02-17,IND_DHA,1.16,20.9,1.74,0,0,True,synthetic_scenario_generator,26006
2026-02-18,IND_DHA,1.13,24.31,3.57,0,0,True,synthetic_scenario_generator,26006
2026-02-19,IND_DHA,1.11,15.0,8.91,0,0,True,synthetic_scenario_generator,26006
2026-02-20,IND_DHA,0.54,17.02,0.12,0,0,True,synthetic_scenario_generator,26006
2026-02-21,IND_DHA,0.99,16.44,7.47,0,0,True,synthetic_scenario_generator,26006
2026-02-22,IND_DHA,1.06,10.79,0.91,0,0,True,synthetic_scenario_generator,26006
2026-02-23,IND_DHA,1.43,19.22,0.5,0,0,True,synthetic_scenario_generator,26006
2026-02-24,IND_DHA,1.0,14.69,1.5,0,0,True,synthetic_scenario_generator,26006
2026-02-25,IND_DHA,0.66,15.1,1.3,0,0,True,synthetic_scenario_generator,26006
2026-02-26,IND_DHA,0.76,12.64,17.67,0,0,True,synthetic_scenario_generator,26006
2026-02-27,IND_DHA,0.2,9.84,0.03,0,0,True,synthetic_scenario_generator,26006
2026-02-28,IND_DHA,1.23,15.58,1.08,0,0,True,synthetic_scenario_generator,26006
2026-03-01,IND_DHA,0.7,8.42,2.71,0,0,True,synthetic_scenario_generator,26006
2026-03-02,IND_DHA,0.23,14.13,2.83,0,0,True,synthetic_scenario_generator,26006
2026-03-03,IND_DHA,1.6,12.48,0.44,0,0,True,synthetic_scenario_generator,26006
2026-03-04,IND_DHA,1.3,13.18,2.61,0,0,True,synthetic_scenario_generator,26006
2026-03-05,IND_DHA,0.58,16.18,1.76,0,0,True,synthetic_scenario_generator,26006
2026-03-06,IND_DHA,1.35,9.38,7.1,0,0,True,synthetic_scenario_generator,26006
2026-03-07,IND_DHA,1.07,14.57,2.04,0,0,True,synthetic_scenario_generator,26006
2026-03-08,IND_DHA,1.05,4.03,4.56,0,0,True,synthetic_scenario_generator,26006
2026-03-09,IND_DHA,1.35,4.8,2.29,0,0,True,synthetic_scenario_generator,26006
2026-03-10,IND_DHA,0.85,20.95,4.94,0,0,True,synthetic_scenario_generator,26006
2026-03-11,IND_DHA,1.54,17.06,10.87,0,0,True,synthetic_scenario_generator,26006
2026-03-12,IND_DHA,1.07,15.03,9.97,0,0,True,synthetic_scenario_generator,26006
2026-03-13,IND_DHA,1.48,19.18,1.04,0,0,True,synthetic_scenario_generator,26006
2026-03-14,IND_DHA,0.9,11.44,1.05,0,0,True,synthetic_scenario_generator,26006
2026-03-15,IND_DHA,1.36,15.78,17.94,0,0,True,synthetic_scenario_generator,26006
2026-03-16,IND_DHA,1.8,16.87,5.18,0,0,True,synthetic_scenario_generator,26006
2026-03-17,IND_DHA,1.7,4.95,0.21,0,0,True,synthetic_scenario_generator,26006
2026-03-18,IND_DHA,1.29,6.48,2.11,0,0,True,synthetic_scenario_generator,26006
2026-03-19,IND_DHA,1.73,15.09,3.24,0,0,True,synthetic_scenario_generator,26006
2026-03-20,IND_DHA,1.46,8.39,2.41,0,0,True,synthetic_scenario_generator,26006
2026-03-21,IND_DHA,1.59,9.68,0.26,0,0,True,synthetic_scenario_generator,26006
2026-03-22,IND_DHA,0.75,18.04,2.33,0,0,True,synthetic_scenario_generator,26006
2026-03-23,IND_DHA,1.14,12.94,4.13,0,0,True,synthetic_scenario_generator,26006
2026-03-24,IND_DHA,1.0,19.69,8.94,0,0,True,synthetic_scenario_generator,26006
2026-03-25,IND_DHA,1.77,19.36,8.66,0,0,True,synthetic_scenario_generator,26006
2026-03-26,IND_DHA,1.36,12.29,0.94,0,0,True,synthetic_scenario_generator,26006
2026-03-27,IND_DHA,1.58,8.44,5.24,0,0,True,synthetic_scenario_generator,26006
2026-03-28,IND_DHA,1.47,12.12,5.07,0,0,True,synthetic_scenario_generator,26006
2026-03-29,IND_DHA,0.95,22.18,5.66,0,0,True,synthetic_scenario_generator,26006
2026-03-30,IND_DHA,0.56,14.37,0.86,0,0,True,synthetic_scenario_generator,26006
2026-03-31,IND_DHA,0.45,13.95,9.05,0,0,True,synthetic_scenario_generator,26006
2026-04-01,IND_DHA,1.52,13.2,0.21,0,0,True,synthetic_scenario_generator,26006
2026-04-02,IND_DHA,1.4,20.91,3.66,0,0,True,synthetic_scenario_generator,26006
2026-04-03,IND_DHA,0.82,14.58,0.96,0,0,True,synthetic_scenario_generator,26006
2026-04-04,IND_DHA,1.36,24.76,2.17,0,0,True,synthetic_scenario_generator,26006
2026-04-05,IND_DHA,1.47,17.43,7.02,0,0,True,synthetic_scenario_generator,26006
2026-04-06,IND_DHA,1.58,16.15,5.72,0,0,True,synthetic_scenario_generator,26006
2026-04-07,IND_DHA,2.09,25.13,6.27,0,0,True,synthetic_scenario_generator,26006
2026-04-08,IND_DHA,1.75,20.37,7.52,0,0,True,synthetic_scenario_generator,26006
2026-04-09,IND_DHA,1.95,20.57,4.57,0,0,True,synthetic_scenario_generator,26006
2026-04-10,IND_DHA,1.3,24.9,5.08,0,0,True,synthetic_scenario_generator,26006
2026-04-11,IND_DHA,1.27,21.73,3.16,0,0,True,synthetic_scenario_generator,26006
2026-04-12,IND_DHA,1.78,25.96,5.22,0,0,True,synthetic_scenario_generator,26006
2026-04-13,IND_DHA,1.35,29.75,4.15,0,0,True,synthetic_scenario_generator,26006
2026-04-14,IND_DHA,2.02,10.77,0.99,0,0,True,synthetic_scenario_generator,26006
2026-04-15,IND_DHA,1.14,16.56,3.72,0,0,True,synthetic_scenario_generator,26006
2026-04-16,IND_DHA,1.71,26.92,3.16,0,0,True,synthetic_scenario_generator,26006
2026-04-17,IND_DHA,1.48,22.56,0.94,0,0,True,synthetic_scenario_generator,26006
2026-04-18,IND_DHA,0.6,12.29,11.41,0,0,True,synthetic_scenario_generator,26006
2026-04-19,IND_DHA,1.1,15.33,4.71,0,0,True,synthetic_scenario_generator,26006
2026-04-20,IND_DHA,1.72,13.8,9.52,0,0,True,synthetic_scenario_generator,26006
2026-04-21,IND_DHA,1.34,15.96,3.44,0,0,True,synthetic_scenario_generator,26006
2026-04-22,IND_DHA,2.29,24.54,1.17,0,0,True,synthetic_scenario_generator,26006
2026-04-23,IND_DHA,1.78,26.91,6.68,0,0,True,synthetic_scenario_generator,26006
2026-04-24,IND_DHA,1.64,27.16,0.61,0,0,True,synthetic_scenario_generator,26006
2026-04-25,IND_DHA,2.41,15.06,7.05,0,0,True,synthetic_scenario_generator,26006
2026-04-26,IND_DHA,1.5,13.41,2.45,0,0,True,synthetic_scenario_generator,26006
2026-04-27,IND_DHA,2.05,15.4,0.85,0,0,True,synthetic_scenario_generator,26006
2026-04-28,IND_DHA,2.05,12.61,4.68,0,0,True,synthetic_scenario_generator,26006
2026-04-29,IND_DHA,1.26,8.97,4.09,0,0,True,synthetic_scenario_generator,26006
2026-04-30,IND_DHA,1.55,25.03,2.18,0,0,True,synthetic_scenario_generator,26006
2026-05-01,IND_DHA,1.72,21.83,0.46,0,0,True,synthetic_scenario_generator,26006
2026-05-02,IND_DHA,1.78,16.74,0.94,0,0,True,synthetic_scenario_generator,26006
2026-05-03,IND_DHA,1.16,20.23,1.38,0,0,True,synthetic_scenario_generator,26006
2026-05-04,IND_DHA,1.72,19.0,10.09,0,0,True,synthetic_scenario_generator,26006
2026-05-05,IND_DHA,1.66,28.16,1.57,0,0,True,synthetic_scenario_generator,26006
2026-05-06,IND_DHA,2.16,17.13,7.22,0,0,True,synthetic_scenario_generator,26006
2026-05-07,IND_DHA,1.24,17.55,5.54,0,0,True,synthetic_scenario_generator,26006
2026-05-08,IND_DHA,1.62,13.98,10.79,0,0,True,synthetic_scenario_generator,26006
2026-05-09,IND_DHA,1.88,24.6,3.02,0,0,True,synthetic_scenario_generator,26006
2026-05-10,IND_DHA,1.07,21.53,1.82,0,0,True,synthetic_scenario_generator,26006
2026-05-11,IND_DHA,1.66,19.4,4.27,0,0,True,synthetic_scenario_generator,26006
2026-05-12,IND_DHA,1.33,7.01,9.02,0,0,True,synthetic_scenario_generator,26006
2026-05-13,IND_DHA,0.72,20.43,16.65,0,0,True,synthetic_scenario_generator,26006
2026-05-14,IND_DHA,1.46,2.42,3.28,0,0,True,synthetic_scenario_generator,26006
2026-05-15,IND_DHA,1.57,19.57,2.64,0,0,True,synthetic_scenario_generator,26006
2026-05-16,IND_DHA,2.69,22.72,1.66,0,0,True,synthetic_scenario_generator,26006
2026-05-17,IND_DHA,1.67,26.59,5.51,0,0,True,synthetic_scenario_generator,26006
2026-05-18,IND_DHA,1.44,21.47,0.47,0,0,True,synthetic_scenario_generator,26006
2026-05-19,IND_DHA,0.93,17.62,1.32,0,0,True,synthetic_scenario_generator,26006
2026-05-20,IND_DHA,0.9,19.3,2.04,0,0,True,synthetic_scenario_generator,26006
2026-05-21,IND_DHA,1.0,17.11,1.83,0,0,True,synthetic_scenario_generator,26006
2026-05-22,IND_DHA,2.14,24.0,0.84,0,0,True,synthetic_scenario_generator,26006
2026-05-23,IND_DHA,1.07,15.54,3.75,0,0,True,synthetic_scenario_generator,26006
2026-05-24,IND_DHA,1.26,22.06,0.77,0,0,True,synthetic_scenario_generator,26006
2026-05-25,IND_DHA,1.9,16.62,0.91,0,0,True,synthetic_scenario_generator,26006
2026-05-26,IND_DHA,0.97,23.02,3.66,0,0,True,synthetic_scenario_generator,26006
2026-05-27,IND_DHA,1.54,24.48,1.28,0,0,True,synthetic_scenario_generator,26006
2026-05-28,IND_DHA,1.51,16.34,1.75,0,0,True,synthetic_scenario_generator,26006
2026-05-29,IND_DHA,1.91,12.66,2.35,0,0,True,synthetic_scenario_generator,26006
2026-05-30,IND_DHA,1.57,24.66,9.52,0,0,True,synthetic_scenario_generator,26006
2026-05-31,IND_DHA,1.53,15.75,0.92,0,0,True,synthetic_scenario_generator,26006
2026-06-01,IND_DHA,2.9,33.56,13.29,0,1,True,synthetic_scenario_generator,26006
2026-06-02,IND_DHA,2.71,27.65,4.28,0,1,True,synthetic_scenario_generator,26006
2026-06-03,IND_DHA,3.06,31.11,10.13,0,1,True,synthetic_scenario_generator,26006
2026-06-04,IND_DHA,2.54,40.76,0.56,0,1,True,synthetic_scenario_generator,26006
2026-06-05,IND_DHA,2.21,34.99,10.35,0,1,True,synthetic_scenario_generator,26006
2026-06-06,IND_DHA,3.1,25.76,14.79,0,1,True,synthetic_scenario_generator,26006
2026-06-07,IND_DHA,2.95,31.49,1.47,0,1,True,synthetic_scenario_generator,26006
2026-06-08,IND_DHA,2.71,32.68,6.88,0,1,True,synthetic_scenario_generator,26006
2026-06-09,IND_DHA,2.26,39.38,7.44,0,1,True,synthetic_scenario_generator,26006
2026-06-10,IND_DHA,2.9,31.62,20.18,0,1,True,synthetic_scenario_generator,26006
2026-06-11,IND_DHA,2.39,33.35,5.12,0,1,True,synthetic_scenario_generator,26006
2026-06-12,IND_DHA,2.42,35.5,1.44,0,1,True,synthetic_scenario_generator,26006
2026-06-13,IND_DHA,2.53,37.94,3.64,0,1,True,synthetic_scenario_generator,26006
2026-06-14,IND_DHA,3.06,35.48,19.73,0,1,True,synthetic_scenario_generator,26006
2026-06-15,IND_DHA,3.4,36.27,3.86,1,1,True,synthetic_scenario_generator,26006
2026-06-16,IND_DHA,2.88,34.66,27.8,0,1,True,synthetic_scenario_generator,26006
2026-06-17,IND_DHA,2.67,31.11,6.21,0,1,True,synthetic_scenario_generator,26006
2026-06-18,IND_DHA,2.38,27.17,26.48,0,1,True,synthetic_scenario_generator,26006
2026-06-19,IND_DHA,2.13,24.91,15.53,0,1,True,synthetic_scenario_generator,26006
2026-06-20,IND_DHA,3.11,35.49,39.27,0,1,True,synthetic_scenario_generator,26006
2026-06-21,IND_DHA,2.72,28.58,7.18,0,1,True,synthetic_scenario_generator,26006
2026-06-22,IND_DHA,2.25,23.69,8.48,0,1,True,synthetic_scenario_generator,26006
2026-06-23,IND_DHA,2.45,32.77,22.43,0,1,True,synthetic_scenario_generator,26006
2026-06-24,IND_DHA,1.94,39.58,8.79,0,1,True,synthetic_scenario_generator,26006
2026-06-25,IND_DHA,2.83,30.88,44.67,0,1,True,synthetic_scenario_generator,26006
2026-06-26,IND_DHA,2.53,37.78,1.96,0,1,True,synthetic_scenario_generator,26006
2026-06-27,IND_DHA,2.52,36.91,25.75,0,1,True,synthetic_scenario_generator,26006
2026-06-28,IND_DHA,2.6,30.77,4.6,0,1,True,synthetic_scenario_generator,26006
2026-06-29,IND_DHA,2.71,39.45,1.26,0,1,True,synthetic_scenario_generator,26006
2026-06-30,IND_DHA,2.37,33.43,38.28,0,1,True,synthetic_scenario_generator,26006
2026-07-01,IND_DHA,2.02,25.15,1.25,0,1,True,synthetic_scenario_generator,26006
2026-07-02,IND_DHA,2.89,25.66,14.08,0,1,True,synthetic_scenario_generator,26006
2026-07-03,IND_DHA,2.32,25.76,15.73,0,1,True,synthetic_scenario_generator,26006
2026-07-04,IND_DHA,1.72,31.05,38.7,0,1,True,synthetic_scenario_generator,26006
2026-07-05,IND_DHA,2.54,32.13,17.28,0,1,True,synthetic_scenario_generator,26006
2026-07-06,IND_DHA,2.65,28.34,11.22,0,1,True,synthetic_scenario_generator,26006
2026-07-07,IND_DHA,2.74,21.25,5.49,0,1,True,synthetic_scenario_generator,26006
2026-07-08,IND_DHA,1.26,33.44,9.91,0,1,True,synthetic_scenario_generator,26006
2026-07-09,IND_DHA,2.32,21.09,4.74,0,1,True,synthetic_scenario_generator,26006
2026-07-10,IND_DHA,2.01,27.66,20.49,0,1,True,synthetic_scenario_generator,26006
2026-07-11,IND_DHA,1.42,17.5,9.99,0,1,True,synthetic_scenario_generator,26006
2026-07-12,IND_DHA,2.45,29.93,9.22,0,1,True,synthetic_scenario_generator,26006
2026-07-13,IND_DHA,2.89,29.15,10.66,0,1,True,synthetic_scenario_generator,26006
2026-07-14,IND_DHA,2.57,33.64,21.65,0,1,True,synthetic_scenario_generator,26006
2026-07-15,IND_DHA,2.29,30.63,19.49,0,1,True,synthetic_scenario_generator,26006
2026-07-16,IND_DHA,2.85,27.83,9.47,0,1,True,synthetic_scenario_generator,26006
2026-07-17,IND_DHA,2.38,22.35,6.87,0,1,True,synthetic_scenario_generator,26006
2026-07-18,IND_DHA,1.57,32.59,24.53,0,1,True,synthetic_scenario_generator,26006
2026-07-19,IND_DHA,2.34,20.01,5.48,0,1,True,synthetic_scenario_generator,26006
2026-07-20,IND_DHA,2.82,30.91,0.77,0,1,True,synthetic_scenario_generator,26006
2026-07-21,IND_DHA,2.11,34.96,59.54,0,1,True,synthetic_scenario_generator,26006
2026-07-22,IND_DHA,2.53,31.17,21.97,0,1,True,synthetic_scenario_generator,26006
2026-07-23,IND_DHA,2.52,25.83,66.57,0,1,True,synthetic_scenario_generator,26006
2026-07-24,IND_DHA,2.56,33.41,1.92,0,1,True,synthetic_scenario_generator,26006
2026-07-25,IND_DHA,2.13,24.55,24.39,0,1,True,synthetic_scenario_generator,26006
2026-07-26,IND_DHA,1.78,21.13,2.64,0,1,True,synthetic_scenario_generator,26006
2026-07-27,IND_DHA,2.47,27.64,8.23,0,1,True,synthetic_scenario_generator,26006
2026-07-28,IND_DHA,2.07,30.04,17.9,0,1,True,synthetic_scenario_generator,26006
2026-07-29,IND_DHA,2.25,32.46,3.24,0,1,True,synthetic_scenario_generator,26006
2026-07-30,IND_DHA,2.13,28.92,0.22,0,1,True,synthetic_scenario_generator,26006
2026-07-31,IND_DHA,2.47,31.95,23.16,0,1,True,synthetic_scenario_generator,26006
2026-08-01,IND_DHA,2.32,26.69,15.54,0,1,True,synthetic_scenario_generator,26006
2026-08-02,IND_DHA,2.25,22.59,12.44,0,1,True,synthetic_scenario_generator,26006
2026-08-03,IND_DHA,2.13,22.46,9.32,0,1,True,synthetic_scenario_generator,26006
2026-08-04,IND_DHA,2.63,30.42,0.3,0,1,True,synthetic_scenario_generator,26006
2026-08-05,IND_DHA,1.88,23.73,28.08,0,1,True,synthetic_scenario_generator,26006
2026-08-06,IND_DHA,2.47,19.65,24.15,0,1,True,synthetic_scenario_generator,26006
2026-08-07,IND_DHA,2.08,22.95,4.86,0,1,True,synthetic_scenario_generator,26006
2026-08-08,IND_DHA,2.23,25.97,23.03,0,1,True,synthetic_scenario_generator,26006
2026-08-09,IND_DHA,1.47,29.38,21.93,0,1,True,synthetic_scenario_generator,26006
2026-08-10,IND_DHA,1.92,31.23,4.91,0,1,True,synthetic_scenario_generator,26006
2026-08-11,IND_DHA,2.72,29.95,21.53,0,1,True,synthetic_scenario_generator,26006
2026-08-12,IND_DHA,2.18,36.58,26.98,0,1,True,synthetic_scenario_generator,26006
2026-08-13,IND_DHA,2.35,23.06,25.86,0,1,True,synthetic_scenario_generator,26006
2026-08-14,IND_DHA,1.7,24.09,28.45,0,1,True,synthetic_scenario_generator,26006
2026-08-15,IND_DHA,1.17,25.0,8.62,0,1,True,synthetic_scenario_generator,26006
2026-08-16,IND_DHA,2.4,21.12,36.74,0,1,True,synthetic_scenario_generator,26006
2026-08-17,IND_DHA,2.52,24.94,9.77,0,1,True,synthetic_scenario_generator,26006
2026-08-18,IND_DHA,2.48,24.54,1.59,0,1,True,synthetic_scenario_generator,26006
2026-08-19,IND_DHA,2.8,29.09,7.21,0,1,True,synthetic_scenario_generator,26006
2026-08-20,IND_DHA,2.08,19.74,11.49,0,1,True,synthetic_scenario_generator,26006
2026-08-21,IND_DHA,1.96,22.18,6.81,0,1,True,synthetic_scenario_generator,26006
2026-08-22,IND_DHA,2.51,26.06,6.36,0,1,True,synthetic_scenario_generator,26006
2026-08-23,IND_DHA,2.29,30.47,5.12,0,1,True,synthetic_scenario_generator,26006
2026-08-24,IND_DHA,2.56,26.86,7.51,0,1,True,synthetic_scenario_generator,26006
2026-08-25,IND_DHA,3.2,27.14,6.97,0,1,True,synthetic_scenario_generator,26006
2026-08-26,IND_DHA,2.54,26.61,3.42,0,1,True,synthetic_scenario_generator,26006
2026-08-27,IND_DHA,2.55,25.93,9.55,0,1,True,synthetic_scenario_generator,26006
2026-08-28,IND_DHA,2.58,26.19,55.9,0,1,True,synthetic_scenario_generator,26006
2026-08-29,IND_DHA,2.42,27.05,2.73,0,1,True,synthetic_scenario_generator,26006
2026-08-30,IND_DHA,2.36,28.51,27.68,0,1,True,synthetic_scenario_generator,26006
2026-08-31,IND_DHA,2.43,21.78,22.71,0,1,True,synthetic_scenario_generator,26006
2020-01-01,IND_VIZ,1.11,16.25,0.91,0,0,True,synthetic_scenario_generator,26006
2020-01-02,IND_VIZ,0.91,11.9,3.14,0,0,True,synthetic_scenario_generator,26006
2020-01-03,IND_VIZ,2.06,15.1,3.62,0,0,True,synthetic_scenario_generator,26006
2020-01-04,IND_VIZ,0.94,14.85,2.13,0,0,True,synthetic_scenario_generator,26006
2020-01-05,IND_VIZ,1.17,10.89,8.74,0,0,True,synthetic_scenario_generator,26006
2020-01-06,IND_VIZ,1.04,15.02,2.35,0,0,True,synthetic_scenario_generator,26006
2020-01-07,IND_VIZ,1.2,10.02,5.69,0,0,True,synthetic_scenario_generator,26006
2020-01-08,IND_VIZ,0.88,18.85,2.24,0,0,True,synthetic_scenario_generator,26006
2020-01-09,IND_VIZ,0.78,12.95,0.64,0,0,True,synthetic_scenario_generator,26006
2020-01-10,IND_VIZ,0.98,9.79,1.04,0,0,True,synthetic_scenario_generator,26006
2020-01-11,IND_VIZ,1.45,12.57,8.87,0,0,True,synthetic_scenario_generator,26006
2020-01-12,IND_VIZ,0.99,10.44,3.98,0,0,True,synthetic_scenario_generator,26006
2020-01-13,IND_VIZ,0.82,16.35,2.14,0,0,True,synthetic_scenario_generator,26006
2020-01-14,IND_VIZ,1.73,17.26,1.37,0,0,True,synthetic_scenario_generator,26006
2020-01-15,IND_VIZ,0.9,9.54,2.05,0,0,True,synthetic_scenario_generator,26006
2020-01-16,IND_VIZ,1.38,12.58,4.57,0,0,True,synthetic_scenario_generator,26006
2020-01-17,IND_VIZ,0.34,20.07,3.61,0,0,True,synthetic_scenario_generator,26006
2020-01-18,IND_VIZ,0.9,21.12,10.17,0,0,True,synthetic_scenario_generator,26006
2020-01-19,IND_VIZ,1.47,17.52,0.98,0,0,True,synthetic_scenario_generator,26006
2020-01-20,IND_VIZ,0.2,21.55,5.57,0,0,True,synthetic_scenario_generator,26006
2020-01-21,IND_VIZ,1.38,18.63,3.74,0,0,True,synthetic_scenario_generator,26006
2020-01-22,IND_VIZ,0.65,17.02,0.35,0,0,True,synthetic_scenario_generator,26006
2020-01-23,IND_VIZ,0.74,21.87,6.01,0,0,True,synthetic_scenario_generator,26006
2020-01-24,IND_VIZ,1.21,13.0,5.18,0,0,True,synthetic_scenario_generator,26006
2020-01-25,IND_VIZ,1.1,14.93,0.63,0,0,True,synthetic_scenario_generator,26006
2020-01-26,IND_VIZ,1.0,15.84,2.23,0,0,True,synthetic_scenario_generator,26006
2020-01-27,IND_VIZ,1.57,13.34,4.4,0,0,True,synthetic_scenario_generator,26006
2020-01-28,IND_VIZ,1.94,17.34,0.28,0,0,True,synthetic_scenario_generator,26006
2020-01-29,IND_VIZ,1.52,7.26,4.99,0,0,True,synthetic_scenario_generator,26006
2020-01-30,IND_VIZ,0.67,13.98,3.56,0,0,True,synthetic_scenario_generator,26006
2020-01-31,IND_VIZ,1.09,15.02,12.83,0,0,True,synthetic_scenario_generator,26006
2020-02-01,IND_VIZ,1.12,13.9,2.59,0,0,True,synthetic_scenario_generator,26006
2020-02-02,IND_VIZ,0.96,15.24,4.19,0,0,True,synthetic_scenario_generator,26006
2020-02-03,IND_VIZ,1.19,12.22,8.27,0,0,True,synthetic_scenario_generator,26006
2020-02-04,IND_VIZ,1.15,10.25,2.13,0,0,True,synthetic_scenario_generator,26006
2020-02-05,IND_VIZ,1.0,12.47,2.88,0,0,True,synthetic_scenario_generator,26006
2020-02-06,IND_VIZ,1.18,18.66,4.46,0,0,True,synthetic_scenario_generator,26006
2020-02-07,IND_VIZ,0.9,13.84,6.21,0,0,True,synthetic_scenario_generator,26006
2020-02-08,IND_VIZ,0.45,16.65,0.85,0,0,True,synthetic_scenario_generator,26006
2020-02-09,IND_VIZ,1.37,18.33,5.02,0,0,True,synthetic_scenario_generator,26006
2020-02-10,IND_VIZ,1.27,21.99,2.56,0,0,True,synthetic_scenario_generator,26006
2020-02-11,IND_VIZ,1.03,21.31,4.83,0,0,True,synthetic_scenario_generator,26006
2020-02-12,IND_VIZ,0.3,11.27,2.8,0,0,True,synthetic_scenario_generator,26006
2020-02-13,IND_VIZ,1.19,4.36,0.61,0,0,True,synthetic_scenario_generator,26006
2020-02-14,IND_VIZ,1.07,31.29,2.9,0,0,True,synthetic_scenario_generator,26006
2020-02-15,IND_VIZ,0.91,14.49,3.64,0,0,True,synthetic_scenario_generator,26006
2020-02-16,IND_VIZ,1.46,18.76,0.45,0,0,True,synthetic_scenario_generator,26006
2020-02-17,IND_VIZ,1.2,7.29,3.8,0,0,True,synthetic_scenario_generator,26006
2020-02-18,IND_VIZ,0.48,9.95,1.2,0,0,True,synthetic_scenario_generator,26006
2020-02-19,IND_VIZ,0.99,10.49,0.5,0,0,True,synthetic_scenario_generator,26006
2020-02-20,IND_VIZ,0.72,15.3,5.35,0,0,True,synthetic_scenario_generator,26006
2020-02-21,IND_VIZ,1.21,10.06,0.73,0,0,True,synthetic_scenario_generator,26006
2020-02-22,IND_VIZ,1.02,8.98,5.49,0,0,True,synthetic_scenario_generator,26006
2020-02-23,IND_VIZ,1.23,13.17,1.37,0,0,True,synthetic_scenario_generator,26006
2020-02-24,IND_VIZ,1.2,7.96,4.94,0,0,True,synthetic_scenario_generator,26006
2020-02-25,IND_VIZ,1.09,12.57,2.15,0,0,True,synthetic_scenario_generator,26006
2020-02-26,IND_VIZ,1.24,8.62,11.81,0,0,True,synthetic_scenario_generator,26006
2020-02-27,IND_VIZ,1.26,16.79,3.19,0,0,True,synthetic_scenario_generator,26006
2020-02-28,IND_VIZ,1.82,8.95,1.44,0,0,True,synthetic_scenario_generator,26006
2020-02-29,IND_VIZ,1.3,11.97,14.09,0,0,True,synthetic_scenario_generator,26006
2020-03-01,IND_VIZ,0.94,10.26,12.96,0,0,True,synthetic_scenario_generator,26006
2020-03-02,IND_VIZ,0.99,20.03,9.59,0,0,True,synthetic_scenario_generator,26006
2020-03-03,IND_VIZ,0.96,10.51,4.21,0,0,True,synthetic_scenario_generator,26006
2020-03-04,IND_VIZ,0.52,22.31,1.12,0,0,True,synthetic_scenario_generator,26006
2020-03-05,IND_VIZ,0.52,8.51,3.24,0,0,True,synthetic_scenario_generator,26006
2020-03-06,IND_VIZ,1.18,22.19,3.87,0,0,True,synthetic_scenario_generator,26006
2020-03-07,IND_VIZ,1.49,11.7,3.66,0,0,True,synthetic_scenario_generator,26006
2020-03-08,IND_VIZ,1.21,15.75,5.96,0,0,True,synthetic_scenario_generator,26006
2020-03-09,IND_VIZ,2.1,12.16,2.76,0,0,True,synthetic_scenario_generator,26006
2020-03-10,IND_VIZ,1.2,10.5,0.99,0,0,True,synthetic_scenario_generator,26006
2020-03-11,IND_VIZ,1.73,18.64,1.97,0,0,True,synthetic_scenario_generator,26006
2020-03-12,IND_VIZ,1.64,12.46,1.6,0,0,True,synthetic_scenario_generator,26006
2020-03-13,IND_VIZ,1.35,11.66,0.43,0,0,True,synthetic_scenario_generator,26006
2020-03-14,IND_VIZ,1.5,13.18,6.79,0,0,True,synthetic_scenario_generator,26006
2020-03-15,IND_VIZ,1.04,9.97,0.74,0,0,True,synthetic_scenario_generator,26006
2020-03-16,IND_VIZ,1.19,25.94,4.63,0,0,True,synthetic_scenario_generator,26006
2020-03-17,IND_VIZ,1.77,17.35,1.25,0,0,True,synthetic_scenario_generator,26006
2020-03-18,IND_VIZ,1.87,11.07,2.6,0,0,True,synthetic_scenario_generator,26006
2020-03-19,IND_VIZ,0.9,6.77,4.39,0,0,True,synthetic_scenario_generator,26006
2020-03-20,IND_VIZ,1.74,15.49,6.58,0,0,True,synthetic_scenario_generator,26006
2020-03-21,IND_VIZ,1.21,18.38,2.47,0,0,True,synthetic_scenario_generator,26006
2020-03-22,IND_VIZ,0.68,5.99,7.49,0,0,True,synthetic_scenario_generator,26006
2020-03-23,IND_VIZ,0.68,13.58,8.64,0,0,True,synthetic_scenario_generator,26006
2020-03-24,IND_VIZ,1.29,16.19,2.55,0,0,True,synthetic_scenario_generator,26006
2020-03-25,IND_VIZ,0.94,13.37,2.74,0,0,True,synthetic_scenario_generator,26006
2020-03-26,IND_VIZ,0.78,8.25,0.08,0,0,True,synthetic_scenario_generator,26006
2020-03-27,IND_VIZ,1.21,3.58,0.26,0,0,True,synthetic_scenario_generator,26006
2020-03-28,IND_VIZ,1.49,19.36,2.7,0,0,True,synthetic_scenario_generator,26006
2020-03-29,IND_VIZ,1.34,19.88,5.62,0,0,True,synthetic_scenario_generator,26006
2020-03-30,IND_VIZ,0.48,13.27,3.13,0,0,True,synthetic_scenario_generator,26006
2020-03-31,IND_VIZ,1.03,21.06,1.26,0,0,True,synthetic_scenario_generator,26006
2020-04-01,IND_VIZ,2.11,18.4,3.29,0,0,True,synthetic_scenario_generator,26006
2020-04-02,IND_VIZ,0.79,12.44,1.06,0,0,True,synthetic_scenario_generator,26006
2020-04-03,IND_VIZ,1.66,15.78,0.43,0,0,True,synthetic_scenario_generator,26006
2020-04-04,IND_VIZ,1.31,26.05,0.89,0,0,True,synthetic_scenario_generator,26006
2020-04-05,IND_VIZ,1.74,33.57,0.72,0,0,True,synthetic_scenario_generator,26006
2020-04-06,IND_VIZ,1.23,11.11,1.91,0,0,True,synthetic_scenario_generator,26006
2020-04-07,IND_VIZ,1.43,19.3,1.19,0,0,True,synthetic_scenario_generator,26006
2020-04-08,IND_VIZ,1.39,19.23,2.0,0,0,True,synthetic_scenario_generator,26006
2020-04-09,IND_VIZ,2.17,16.24,6.75,0,0,True,synthetic_scenario_generator,26006
2020-04-10,IND_VIZ,2.18,24.57,7.09,0,0,True,synthetic_scenario_generator,26006
2020-04-11,IND_VIZ,1.75,24.2,5.41,0,0,True,synthetic_scenario_generator,26006
2020-04-12,IND_VIZ,0.99,22.33,2.77,0,0,True,synthetic_scenario_generator,26006
2020-04-13,IND_VIZ,1.64,13.59,5.2,0,0,True,synthetic_scenario_generator,26006
2020-04-14,IND_VIZ,1.39,18.26,4.13,0,0,True,synthetic_scenario_generator,26006
2020-04-15,IND_VIZ,1.41,16.76,3.11,0,0,True,synthetic_scenario_generator,26006
2020-04-16,IND_VIZ,1.76,20.56,8.19,0,0,True,synthetic_scenario_generator,26006
2020-04-17,IND_VIZ,1.76,20.83,2.93,0,0,True,synthetic_scenario_generator,26006
2020-04-18,IND_VIZ,1.25,17.8,0.07,0,0,True,synthetic_scenario_generator,26006
2020-04-19,IND_VIZ,0.82,12.78,3.28,0,0,True,synthetic_scenario_generator,26006
2020-04-20,IND_VIZ,1.76,24.4,2.1,0,0,True,synthetic_scenario_generator,26006
2020-04-21,IND_VIZ,2.15,20.58,1.93,0,0,True,synthetic_scenario_generator,26006
2020-04-22,IND_VIZ,1.07,18.57,6.34,0,0,True,synthetic_scenario_generator,26006
2020-04-23,IND_VIZ,1.81,19.83,3.51,0,0,True,synthetic_scenario_generator,26006
2020-04-24,IND_VIZ,1.03,21.2,4.14,0,0,True,synthetic_scenario_generator,26006
2020-04-25,IND_VIZ,1.0,15.81,1.9,0,0,True,synthetic_scenario_generator,26006
2020-04-26,IND_VIZ,1.94,21.43,3.93,0,0,True,synthetic_scenario_generator,26006
2020-04-27,IND_VIZ,1.52,20.81,5.33,0,0,True,synthetic_scenario_generator,26006
2020-04-28,IND_VIZ,2.07,20.06,9.24,0,0,True,synthetic_scenario_generator,26006
2020-04-29,IND_VIZ,1.57,17.25,1.65,0,0,True,synthetic_scenario_generator,26006
2020-04-30,IND_VIZ,1.24,31.46,8.01,0,0,True,synthetic_scenario_generator,26006
2020-05-01,IND_VIZ,1.49,19.37,3.41,0,0,True,synthetic_scenario_generator,26006
2020-05-02,IND_VIZ,1.38,18.66,3.33,0,0,True,synthetic_scenario_generator,26006
2020-05-03,IND_VIZ,1.06,26.47,3.15,0,0,True,synthetic_scenario_generator,26006
2020-05-04,IND_VIZ,2.41,20.52,0.74,0,0,True,synthetic_scenario_generator,26006
2020-05-05,IND_VIZ,1.8,22.66,1.62,0,0,True,synthetic_scenario_generator,26006
2020-05-06,IND_VIZ,1.4,12.93,3.78,0,0,True,synthetic_scenario_generator,26006
2020-05-07,IND_VIZ,2.31,18.94,4.9,0,0,True,synthetic_scenario_generator,26006
2020-05-08,IND_VIZ,1.95,23.58,5.73,0,0,True,synthetic_scenario_generator,26006
2020-05-09,IND_VIZ,1.76,27.1,3.3,0,0,True,synthetic_scenario_generator,26006
2020-05-10,IND_VIZ,1.75,21.21,15.18,0,0,True,synthetic_scenario_generator,26006
2020-05-11,IND_VIZ,2.02,19.83,11.12,0,0,True,synthetic_scenario_generator,26006
2020-05-12,IND_VIZ,1.32,24.53,3.45,0,0,True,synthetic_scenario_generator,26006
2020-05-13,IND_VIZ,1.81,15.06,0.53,0,0,True,synthetic_scenario_generator,26006
2020-05-14,IND_VIZ,1.92,8.33,1.3,0,0,True,synthetic_scenario_generator,26006
2020-05-15,IND_VIZ,1.26,17.19,1.0,0,0,True,synthetic_scenario_generator,26006
2020-05-16,IND_VIZ,2.16,27.98,1.82,0,0,True,synthetic_scenario_generator,26006
2020-05-17,IND_VIZ,1.7,13.98,2.55,0,0,True,synthetic_scenario_generator,26006
2020-05-18,IND_VIZ,1.57,25.77,1.18,0,0,True,synthetic_scenario_generator,26006
2020-05-19,IND_VIZ,2.29,18.7,8.89,0,0,True,synthetic_scenario_generator,26006
2020-05-20,IND_VIZ,1.05,22.54,11.7,0,0,True,synthetic_scenario_generator,26006
2020-05-21,IND_VIZ,2.31,13.93,0.82,0,0,True,synthetic_scenario_generator,26006
2020-05-22,IND_VIZ,0.9,15.88,3.95,0,0,True,synthetic_scenario_generator,26006
2020-05-23,IND_VIZ,1.68,12.57,3.41,0,0,True,synthetic_scenario_generator,26006
2020-05-24,IND_VIZ,2.43,24.15,10.59,0,0,True,synthetic_scenario_generator,26006
2020-05-25,IND_VIZ,1.79,24.97,8.88,0,0,True,synthetic_scenario_generator,26006
2020-05-26,IND_VIZ,1.72,18.86,8.74,0,0,True,synthetic_scenario_generator,26006
2020-05-27,IND_VIZ,2.26,18.03,0.8,0,0,True,synthetic_scenario_generator,26006
2020-05-28,IND_VIZ,1.31,18.45,1.7,0,0,True,synthetic_scenario_generator,26006
2020-05-29,IND_VIZ,1.68,20.78,4.43,0,0,True,synthetic_scenario_generator,26006
2020-05-30,IND_VIZ,1.83,23.77,1.55,0,0,True,synthetic_scenario_generator,26006
2020-05-31,IND_VIZ,1.21,28.37,0.94,0,0,True,synthetic_scenario_generator,26006
2020-06-01,IND_VIZ,2.85,30.35,41.72,0,1,True,synthetic_scenario_generator,26006
2020-06-02,IND_VIZ,2.31,23.16,30.86,0,1,True,synthetic_scenario_generator,26006
2020-06-03,IND_VIZ,2.73,18.62,2.03,0,1,True,synthetic_scenario_generator,26006
2020-06-04,IND_VIZ,1.95,33.64,4.62,0,1,True,synthetic_scenario_generator,26006
2020-06-05,IND_VIZ,3.06,41.8,1.1,0,1,True,synthetic_scenario_generator,26006
2020-06-06,IND_VIZ,2.83,31.62,8.33,0,1,True,synthetic_scenario_generator,26006
2020-06-07,IND_VIZ,2.69,42.31,1.41,0,1,True,synthetic_scenario_generator,26006
2020-06-08,IND_VIZ,2.95,28.55,17.32,0,1,True,synthetic_scenario_generator,26006
2020-06-09,IND_VIZ,2.89,35.89,3.37,0,1,True,synthetic_scenario_generator,26006
2020-06-10,IND_VIZ,2.76,25.58,8.32,0,1,True,synthetic_scenario_generator,26006
2020-06-11,IND_VIZ,2.83,33.2,35.58,0,1,True,synthetic_scenario_generator,26006
2020-06-12,IND_VIZ,2.98,29.52,1.78,0,1,True,synthetic_scenario_generator,26006
2020-06-13,IND_VIZ,2.67,27.88,3.85,0,1,True,synthetic_scenario_generator,26006
2020-06-14,IND_VIZ,2.37,33.96,0.08,0,1,True,synthetic_scenario_generator,26006
2020-06-15,IND_VIZ,1.95,26.96,5.46,0,1,True,synthetic_scenario_generator,26006
2020-06-16,IND_VIZ,2.53,37.34,10.0,0,1,True,synthetic_scenario_generator,26006
2020-06-17,IND_VIZ,3.32,34.43,6.68,0,1,True,synthetic_scenario_generator,26006
2020-06-18,IND_VIZ,2.9,23.94,5.71,0,1,True,synthetic_scenario_generator,26006
2020-06-19,IND_VIZ,3.34,33.16,57.83,0,1,True,synthetic_scenario_generator,26006
2020-06-20,IND_VIZ,2.72,34.16,20.77,0,1,True,synthetic_scenario_generator,26006
2020-06-21,IND_VIZ,2.31,29.93,10.83,0,1,True,synthetic_scenario_generator,26006
2020-06-22,IND_VIZ,2.64,29.56,4.05,0,1,True,synthetic_scenario_generator,26006
2020-06-23,IND_VIZ,2.87,31.43,13.89,0,1,True,synthetic_scenario_generator,26006
2020-06-24,IND_VIZ,2.64,33.9,60.81,0,1,True,synthetic_scenario_generator,26006
2020-06-25,IND_VIZ,2.64,29.49,8.42,0,1,True,synthetic_scenario_generator,26006
2020-06-26,IND_VIZ,3.07,40.35,30.27,0,1,True,synthetic_scenario_generator,26006
2020-06-27,IND_VIZ,2.79,36.37,13.92,0,1,True,synthetic_scenario_generator,26006
2020-06-28,IND_VIZ,2.44,31.31,7.99,0,1,True,synthetic_scenario_generator,26006
2020-06-29,IND_VIZ,2.43,37.75,4.99,0,1,True,synthetic_scenario_generator,26006
2020-06-30,IND_VIZ,2.35,38.14,10.66,0,1,True,synthetic_scenario_generator,26006
2020-07-01,IND_VIZ,1.93,23.17,5.06,0,1,True,synthetic_scenario_generator,26006
2020-07-02,IND_VIZ,1.84,18.62,2.09,0,1,True,synthetic_scenario_generator,26006
2020-07-03,IND_VIZ,3.02,32.35,26.89,0,1,True,synthetic_scenario_generator,26006
2020-07-04,IND_VIZ,2.02,29.47,8.64,0,1,True,synthetic_scenario_generator,26006
2020-07-05,IND_VIZ,1.81,30.97,6.11,0,1,True,synthetic_scenario_generator,26006
2020-07-06,IND_VIZ,1.75,29.33,6.56,0,1,True,synthetic_scenario_generator,26006
2020-07-07,IND_VIZ,2.12,25.78,36.57,0,1,True,synthetic_scenario_generator,26006
2020-07-08,IND_VIZ,2.06,33.86,6.39,0,1,True,synthetic_scenario_generator,26006
2020-07-09,IND_VIZ,1.8,27.45,24.99,0,1,True,synthetic_scenario_generator,26006
2020-07-10,IND_VIZ,2.41,29.86,20.47,0,1,True,synthetic_scenario_generator,26006
2020-07-11,IND_VIZ,1.95,25.1,11.67,0,1,True,synthetic_scenario_generator,26006
2020-07-12,IND_VIZ,1.72,21.86,15.76,0,1,True,synthetic_scenario_generator,26006
2020-07-13,IND_VIZ,2.9,23.35,3.55,0,1,True,synthetic_scenario_generator,26006
2020-07-14,IND_VIZ,2.51,27.82,1.04,0,1,True,synthetic_scenario_generator,26006
2020-07-15,IND_VIZ,1.78,31.12,3.94,0,1,True,synthetic_scenario_generator,26006
2020-07-16,IND_VIZ,2.29,33.94,17.78,0,1,True,synthetic_scenario_generator,26006
2020-07-17,IND_VIZ,2.18,24.22,20.32,0,1,True,synthetic_scenario_generator,26006
2020-07-18,IND_VIZ,2.47,28.65,1.75,0,1,True,synthetic_scenario_generator,26006
2020-07-19,IND_VIZ,2.14,37.33,20.53,0,1,True,synthetic_scenario_generator,26006
2020-07-20,IND_VIZ,2.6,27.02,14.08,0,1,True,synthetic_scenario_generator,26006
2020-07-21,IND_VIZ,2.22,24.5,1.14,0,1,True,synthetic_scenario_generator,26006
2020-07-22,IND_VIZ,2.07,20.85,26.51,0,1,True,synthetic_scenario_generator,26006
2020-07-23,IND_VIZ,3.15,29.57,6.84,0,1,True,synthetic_scenario_generator,26006
2020-07-24,IND_VIZ,2.43,16.26,17.99,0,1,True,synthetic_scenario_generator,26006
2020-07-25,IND_VIZ,2.28,25.7,36.58,0,1,True,synthetic_scenario_generator,26006
2020-07-26,IND_VIZ,2.44,27.53,7.24,0,1,True,synthetic_scenario_generator,26006
2020-07-27,IND_VIZ,2.69,32.49,13.72,0,1,True,synthetic_scenario_generator,26006
2020-07-28,IND_VIZ,1.92,30.15,30.44,0,1,True,synthetic_scenario_generator,26006
2020-07-29,IND_VIZ,1.96,27.68,8.71,0,1,True,synthetic_scenario_generator,26006
2020-07-30,IND_VIZ,1.99,28.35,5.32,0,1,True,synthetic_scenario_generator,26006
2020-07-31,IND_VIZ,2.68,22.05,28.69,0,1,True,synthetic_scenario_generator,26006
2020-08-01,IND_VIZ,2.58,29.44,8.1,0,1,True,synthetic_scenario_generator,26006
2020-08-02,IND_VIZ,2.44,31.77,16.91,0,1,True,synthetic_scenario_generator,26006
2020-08-03,IND_VIZ,2.42,24.77,2.36,0,1,True,synthetic_scenario_generator,26006
2020-08-04,IND_VIZ,2.22,20.82,4.2,0,1,True,synthetic_scenario_generator,26006
2020-08-05,IND_VIZ,1.99,22.04,1.27,0,1,True,synthetic_scenario_generator,26006
2020-08-06,IND_VIZ,2.73,27.34,6.25,0,1,True,synthetic_scenario_generator,26006
2020-08-07,IND_VIZ,1.62,26.28,5.02,0,1,True,synthetic_scenario_generator,26006
2020-08-08,IND_VIZ,2.56,28.0,3.01,0,1,True,synthetic_scenario_generator,26006
2020-08-09,IND_VIZ,2.15,25.91,1.94,0,1,True,synthetic_scenario_generator,26006
2020-08-10,IND_VIZ,2.27,27.45,6.83,0,1,True,synthetic_scenario_generator,26006
2020-08-11,IND_VIZ,3.13,19.05,11.86,0,1,True,synthetic_scenario_generator,26006
2020-08-12,IND_VIZ,2.83,22.66,13.12,0,1,True,synthetic_scenario_generator,26006
2020-08-13,IND_VIZ,2.01,23.56,2.04,0,1,True,synthetic_scenario_generator,26006
2020-08-14,IND_VIZ,2.65,20.96,30.87,0,1,True,synthetic_scenario_generator,26006
2020-08-15,IND_VIZ,2.51,22.31,11.5,0,1,True,synthetic_scenario_generator,26006
2020-08-16,IND_VIZ,2.14,27.98,15.11,0,1,True,synthetic_scenario_generator,26006
2020-08-17,IND_VIZ,2.45,25.49,12.53,0,1,True,synthetic_scenario_generator,26006
2020-08-18,IND_VIZ,2.51,22.23,30.21,0,1,True,synthetic_scenario_generator,26006
2020-08-19,IND_VIZ,2.41,27.67,10.59,0,1,True,synthetic_scenario_generator,26006
2020-08-20,IND_VIZ,2.16,28.07,0.57,0,1,True,synthetic_scenario_generator,26006
2020-08-21,IND_VIZ,2.22,20.06,6.46,0,1,True,synthetic_scenario_generator,26006
2020-08-22,IND_VIZ,2.39,27.09,6.45,0,1,True,synthetic_scenario_generator,26006
2020-08-23,IND_VIZ,1.86,21.19,39.32,0,1,True,synthetic_scenario_generator,26006
2020-08-24,IND_VIZ,2.1,29.42,1.57,0,1,True,synthetic_scenario_generator,26006
2020-08-25,IND_VIZ,3.04,29.88,6.57,0,1,True,synthetic_scenario_generator,26006
2020-08-26,IND_VIZ,2.34,25.74,23.91,0,1,True,synthetic_scenario_generator,26006
2020-08-27,IND_VIZ,2.97,30.07,23.16,0,1,True,synthetic_scenario_generator,26006
2020-08-28,IND_VIZ,2.43,29.94,0.28,0,1,True,synthetic_scenario_generator,26006
2020-08-29,IND_VIZ,1.94,19.59,20.33,0,1,True,synthetic_scenario_generator,26006
2020-08-30,IND_VIZ,2.59,33.31,5.54,0,1,True,synthetic_scenario_generator,26006
2020-08-31,IND_VIZ,1.81,26.72,15.16,0,1,True,synthetic_scenario_generator,26006
2020-09-01,IND_VIZ,2.46,24.94,7.63,0,1,True,synthetic_scenario_generator,26006
2020-09-02,IND_VIZ,2.41,31.76,24.37,0,1,True,synthetic_scenario_generator,26006
2020-09-03,IND_VIZ,2.54,25.36,10.3,0,1,True,synthetic_scenario_generator,26006
2020-09-04,IND_VIZ,2.22,27.52,7.21,0,1,True,synthetic_scenario_generator,26006
2020-09-05,IND_VIZ,3.1,34.55,3.05,0,1,True,synthetic_scenario_generator,26006
2020-09-06,IND_VIZ,2.7,21.44,5.25,0,1,True,synthetic_scenario_generator,26006
2020-09-07,IND_VIZ,1.92,17.27,6.88,0,1,True,synthetic_scenario_generator,26006
2020-09-08,IND_VIZ,2.12,17.22,36.26,0,1,True,synthetic_scenario_generator,26006
2020-09-09,IND_VIZ,1.67,20.74,0.97,0,1,True,synthetic_scenario_generator,26006
2020-09-10,IND_VIZ,2.34,25.1,13.97,0,1,True,synthetic_scenario_generator,26006
2020-09-11,IND_VIZ,2.1,35.86,6.31,0,1,True,synthetic_scenario_generator,26006
2020-09-12,IND_VIZ,2.11,31.31,9.72,0,1,True,synthetic_scenario_generator,26006
2020-09-13,IND_VIZ,2.18,30.96,10.09,0,1,True,synthetic_scenario_generator,26006
2020-09-14,IND_VIZ,2.65,24.59,20.01,0,1,True,synthetic_scenario_generator,26006
2020-09-15,IND_VIZ,1.75,17.64,3.51,0,1,True,synthetic_scenario_generator,26006
2020-09-16,IND_VIZ,2.03,28.57,7.13,0,1,True,synthetic_scenario_generator,26006
2020-09-17,IND_VIZ,2.34,33.6,26.26,0,1,True,synthetic_scenario_generator,26006
2020-09-18,IND_VIZ,2.98,19.99,12.3,0,1,True,synthetic_scenario_generator,26006
2020-09-19,IND_VIZ,1.78,27.1,4.3,0,1,True,synthetic_scenario_generator,26006
2020-09-20,IND_VIZ,1.74,26.81,6.81,0,1,True,synthetic_scenario_generator,26006
2020-09-21,IND_VIZ,2.21,29.13,9.01,0,1,True,synthetic_scenario_generator,26006
2020-09-22,IND_VIZ,2.45,25.5,13.24,0,1,True,synthetic_scenario_generator,26006
2020-09-23,IND_VIZ,1.81,30.58,33.52,0,1,True,synthetic_scenario_generator,26006
2020-09-24,IND_VIZ,2.6,40.37,6.2,0,1,True,synthetic_scenario_generator,26006
2020-09-25,IND_VIZ,2.09,24.67,11.5,0,1,True,synthetic_scenario_generator,26006
2020-09-26,IND_VIZ,2.54,18.47,2.04,0,1,True,synthetic_scenario_generator,26006
2020-09-27,IND_VIZ,2.03,29.66,41.55,0,1,True,synthetic_scenario_generator,26006
2020-09-28,IND_VIZ,2.66,18.31,8.03,0,1,True,synthetic_scenario_generator,26006
2020-09-29,IND_VIZ,2.84,23.52,29.89,0,1,True,synthetic_scenario_generator,26006
2020-09-30,IND_VIZ,2.22,25.36,21.45,0,1,True,synthetic_scenario_generator,26006
2020-10-01,IND_VIZ,1.73,16.69,7.39,0,0,True,synthetic_scenario_generator,26006
2020-10-02,IND_VIZ,0.75,19.94,0.76,0,0,True,synthetic_scenario_generator,26006
2020-10-03,IND_VIZ,1.49,19.91,6.41,0,0,True,synthetic_scenario_generator,26006
2020-10-04,IND_VIZ,1.73,17.59,1.7,0,0,True,synthetic_scenario_generator,26006
2020-10-05,IND_VIZ,2.13,19.06,3.21,0,0,True,synthetic_scenario_generator,26006
2020-10-06,IND_VIZ,1.93,26.47,3.25,0,0,True,synthetic_scenario_generator,26006
2020-10-07,IND_VIZ,1.69,17.15,2.12,0,0,True,synthetic_scenario_generator,26006
2020-10-08,IND_VIZ,1.9,24.47,2.59,0,0,True,synthetic_scenario_generator,26006
2020-10-09,IND_VIZ,1.91,31.74,5.26,0,0,True,synthetic_scenario_generator,26006
2020-10-10,IND_VIZ,1.44,16.58,1.35,0,0,True,synthetic_scenario_generator,26006
2020-10-11,IND_VIZ,1.67,22.64,1.97,0,0,True,synthetic_scenario_generator,26006
2020-10-12,IND_VIZ,2.18,25.54,8.99,0,0,True,synthetic_scenario_generator,26006
2020-10-13,IND_VIZ,1.78,21.4,1.75,0,0,True,synthetic_scenario_generator,26006
2020-10-14,IND_VIZ,1.25,16.85,15.79,0,0,True,synthetic_scenario_generator,26006
2020-10-15,IND_VIZ,1.67,14.64,1.77,0,0,True,synthetic_scenario_generator,26006
2020-10-16,IND_VIZ,1.64,18.38,4.65,0,0,True,synthetic_scenario_generator,26006
2020-10-17,IND_VIZ,1.69,13.1,0.99,0,0,True,synthetic_scenario_generator,26006
2020-10-18,IND_VIZ,1.62,24.35,1.95,0,0,True,synthetic_scenario_generator,26006
2020-10-19,IND_VIZ,0.95,19.43,0.49,0,0,True,synthetic_scenario_generator,26006
2020-10-20,IND_VIZ,1.76,22.58,2.77,0,0,True,synthetic_scenario_generator,26006
2020-10-21,IND_VIZ,2.1,19.97,0.62,0,0,True,synthetic_scenario_generator,26006
2020-10-22,IND_VIZ,1.97,23.65,1.31,0,0,True,synthetic_scenario_generator,26006
2020-10-23,IND_VIZ,1.44,21.93,6.6,0,0,True,synthetic_scenario_generator,26006
2020-10-24,IND_VIZ,1.15,19.4,3.72,0,0,True,synthetic_scenario_generator,26006
2020-10-25,IND_VIZ,1.82,26.33,4.81,0,0,True,synthetic_scenario_generator,26006
2020-10-26,IND_VIZ,1.65,19.47,2.9,0,0,True,synthetic_scenario_generator,26006
2020-10-27,IND_VIZ,1.8,18.22,0.83,0,0,True,synthetic_scenario_generator,26006
2020-10-28,IND_VIZ,1.58,17.44,4.52,0,0,True,synthetic_scenario_generator,26006
2020-10-29,IND_VIZ,1.12,20.44,2.06,0,0,True,synthetic_scenario_generator,26006
2020-10-30,IND_VIZ,1.96,17.46,4.91,0,0,True,synthetic_scenario_generator,26006
2020-10-31,IND_VIZ,1.35,17.41,3.93,0,0,True,synthetic_scenario_generator,26006
2020-11-01,IND_VIZ,1.74,12.62,6.57,0,0,True,synthetic_scenario_generator,26006
2020-11-02,IND_VIZ,1.2,21.04,4.36,0,0,True,synthetic_scenario_generator,26006
2020-11-03,IND_VIZ,1.14,18.14,5.44,0,0,True,synthetic_scenario_generator,26006
2020-11-04,IND_VIZ,1.48,16.72,0.14,0,0,True,synthetic_scenario_generator,26006
2020-11-05,IND_VIZ,1.77,19.98,0.93,0,0,True,synthetic_scenario_generator,26006
2020-11-06,IND_VIZ,0.94,22.61,0.16,0,0,True,synthetic_scenario_generator,26006
2020-11-07,IND_VIZ,1.45,25.85,0.74,0,0,True,synthetic_scenario_generator,26006
2020-11-08,IND_VIZ,0.77,14.62,3.45,0,0,True,synthetic_scenario_generator,26006
2020-11-09,IND_VIZ,1.83,24.23,1.3,0,0,True,synthetic_scenario_generator,26006
2020-11-10,IND_VIZ,1.68,12.18,4.29,0,0,True,synthetic_scenario_generator,26006
2020-11-11,IND_VIZ,1.23,15.85,0.62,0,0,True,synthetic_scenario_generator,26006
2020-11-12,IND_VIZ,2.12,26.07,1.38,0,0,True,synthetic_scenario_generator,26006
2020-11-13,IND_VIZ,2.24,25.59,1.53,0,0,True,synthetic_scenario_generator,26006
2020-11-14,IND_VIZ,2.07,26.18,2.28,0,0,True,synthetic_scenario_generator,26006
2020-11-15,IND_VIZ,1.47,20.46,1.4,0,0,True,synthetic_scenario_generator,26006
2020-11-16,IND_VIZ,2.11,17.42,2.58,0,0,True,synthetic_scenario_generator,26006
2020-11-17,IND_VIZ,1.25,17.09,0.56,0,0,True,synthetic_scenario_generator,26006
2020-11-18,IND_VIZ,1.65,16.68,5.28,0,0,True,synthetic_scenario_generator,26006
2020-11-19,IND_VIZ,1.28,24.45,0.86,0,0,True,synthetic_scenario_generator,26006
2020-11-20,IND_VIZ,1.69,22.86,20.46,0,0,True,synthetic_scenario_generator,26006
2020-11-21,IND_VIZ,1.21,29.47,4.98,0,0,True,synthetic_scenario_generator,26006
2020-11-22,IND_VIZ,1.07,17.75,0.51,0,0,True,synthetic_scenario_generator,26006
2020-11-23,IND_VIZ,0.62,23.08,0.71,0,0,True,synthetic_scenario_generator,26006
2020-11-24,IND_VIZ,1.42,22.62,6.25,0,0,True,synthetic_scenario_generator,26006
2020-11-25,IND_VIZ,1.69,28.28,7.29,0,0,True,synthetic_scenario_generator,26006
2020-11-26,IND_VIZ,1.99,25.01,8.48,0,0,True,synthetic_scenario_generator,26006
2020-11-27,IND_VIZ,1.39,20.25,5.2,0,0,True,synthetic_scenario_generator,26006
2020-11-28,IND_VIZ,1.47,14.85,5.95,0,0,True,synthetic_scenario_generator,26006
2020-11-29,IND_VIZ,1.88,24.98,4.24,0,0,True,synthetic_scenario_generator,26006
2020-11-30,IND_VIZ,1.64,17.14,4.09,0,0,True,synthetic_scenario_generator,26006
2020-12-01,IND_VIZ,1.8,16.93,4.28,0,0,True,synthetic_scenario_generator,26006
2020-12-02,IND_VIZ,1.47,12.37,4.21,0,0,True,synthetic_scenario_generator,26006
2020-12-03,IND_VIZ,1.78,16.6,2.44,0,0,True,synthetic_scenario_generator,26006
2020-12-04,IND_VIZ,1.47,11.6,4.44,0,0,True,synthetic_scenario_generator,26006
2020-12-05,IND_VIZ,1.55,22.97,4.78,0,0,True,synthetic_scenario_generator,26006
2020-12-06,IND_VIZ,0.89,28.06,3.82,0,0,True,synthetic_scenario_generator,26006
2020-12-07,IND_VIZ,1.6,20.4,1.9,0,0,True,synthetic_scenario_generator,26006
2020-12-08,IND_VIZ,1.57,22.35,7.58,0,0,True,synthetic_scenario_generator,26006
2020-12-09,IND_VIZ,1.36,13.66,1.9,0,0,True,synthetic_scenario_generator,26006
2020-12-10,IND_VIZ,0.74,21.38,1.08,0,0,True,synthetic_scenario_generator,26006
2020-12-11,IND_VIZ,1.54,16.49,0.22,0,0,True,synthetic_scenario_generator,26006
2020-12-12,IND_VIZ,1.73,15.32,3.33,0,0,True,synthetic_scenario_generator,26006
2020-12-13,IND_VIZ,1.07,13.92,0.44,0,0,True,synthetic_scenario_generator,26006
2020-12-14,IND_VIZ,1.21,18.74,3.36,0,0,True,synthetic_scenario_generator,26006
2020-12-15,IND_VIZ,1.71,21.39,4.21,0,0,True,synthetic_scenario_generator,26006
2020-12-16,IND_VIZ,1.69,20.07,1.9,0,0,True,synthetic_scenario_generator,26006
2020-12-17,IND_VIZ,2.39,20.96,6.87,0,0,True,synthetic_scenario_generator,26006
2020-12-18,IND_VIZ,1.58,17.12,2.92,0,0,True,synthetic_scenario_generator,26006
2020-12-19,IND_VIZ,0.98,21.97,0.16,0,0,True,synthetic_scenario_generator,26006
2020-12-20,IND_VIZ,1.59,23.19,3.98,0,0,True,synthetic_scenario_generator,26006
2020-12-21,IND_VIZ,1.78,17.11,0.44,0,0,True,synthetic_scenario_generator,26006
2020-12-22,IND_VIZ,1.86,16.73,8.07,0,0,True,synthetic_scenario_generator,26006
2020-12-23,IND_VIZ,1.62,24.23,1.07,0,0,True,synthetic_scenario_generator,26006
2020-12-24,IND_VIZ,1.38,14.33,1.58,0,0,True,synthetic_scenario_generator,26006
2020-12-25,IND_VIZ,1.67,21.93,8.68,0,0,True,synthetic_scenario_generator,26006
2020-12-26,IND_VIZ,1.24,14.88,1.51,0,0,True,synthetic_scenario_generator,26006
2020-12-27,IND_VIZ,1.68,14.37,10.73,0,0,True,synthetic_scenario_generator,26006
2020-12-28,IND_VIZ,1.25,16.91,7.1,0,0,True,synthetic_scenario_generator,26006
2020-12-29,IND_VIZ,1.58,20.24,3.66,0,0,True,synthetic_scenario_generator,26006
2020-12-30,IND_VIZ,1.72,16.24,1.02,0,0,True,synthetic_scenario_generator,26006
2020-12-31,IND_VIZ,1.65,16.13,1.53,0,0,True,synthetic_scenario_generator,26006
2021-01-01,IND_VIZ,1.4,15.56,0.88,0,0,True,synthetic_scenario_generator,26006
2021-01-02,IND_VIZ,0.62,19.02,0.13,0,0,True,synthetic_scenario_generator,26006
2021-01-03,IND_VIZ,0.9,11.56,3.88,0,0,True,synthetic_scenario_generator,26006
2021-01-04,IND_VIZ,1.3,18.83,4.62,0,0,True,synthetic_scenario_generator,26006
2021-01-05,IND_VIZ,0.94,17.03,6.14,0,0,True,synthetic_scenario_generator,26006
2021-01-06,IND_VIZ,0.89,10.58,5.31,0,0,True,synthetic_scenario_generator,26006
2021-01-07,IND_VIZ,0.85,9.7,5.54,0,0,True,synthetic_scenario_generator,26006
2021-01-08,IND_VIZ,0.57,21.75,5.97,0,0,True,synthetic_scenario_generator,26006
2021-01-09,IND_VIZ,1.27,12.67,3.08,0,0,True,synthetic_scenario_generator,26006
2021-01-10,IND_VIZ,0.69,8.66,8.17,0,0,True,synthetic_scenario_generator,26006
2021-01-11,IND_VIZ,0.63,22.9,9.34,0,0,True,synthetic_scenario_generator,26006
2021-01-12,IND_VIZ,1.66,8.99,1.37,0,0,True,synthetic_scenario_generator,26006
2021-01-13,IND_VIZ,1.42,18.82,2.23,0,0,True,synthetic_scenario_generator,26006
2021-01-14,IND_VIZ,0.68,12.71,6.62,0,0,True,synthetic_scenario_generator,26006
2021-01-15,IND_VIZ,1.19,17.61,1.18,0,0,True,synthetic_scenario_generator,26006
2021-01-16,IND_VIZ,0.77,11.04,2.37,0,0,True,synthetic_scenario_generator,26006
2021-01-17,IND_VIZ,0.91,17.25,4.42,0,0,True,synthetic_scenario_generator,26006
2021-01-18,IND_VIZ,0.9,2.0,3.9,0,0,True,synthetic_scenario_generator,26006
2021-01-19,IND_VIZ,1.24,15.47,0.72,0,0,True,synthetic_scenario_generator,26006
2021-01-20,IND_VIZ,1.37,15.26,0.72,0,0,True,synthetic_scenario_generator,26006
2021-01-21,IND_VIZ,0.68,18.07,2.01,0,0,True,synthetic_scenario_generator,26006
2021-01-22,IND_VIZ,1.74,7.43,0.25,0,0,True,synthetic_scenario_generator,26006
2021-01-23,IND_VIZ,0.81,11.96,4.47,0,0,True,synthetic_scenario_generator,26006
2021-01-24,IND_VIZ,1.17,18.5,1.54,0,0,True,synthetic_scenario_generator,26006
2021-01-25,IND_VIZ,1.02,14.01,1.62,0,0,True,synthetic_scenario_generator,26006
2021-01-26,IND_VIZ,0.86,24.37,1.63,0,0,True,synthetic_scenario_generator,26006
2021-01-27,IND_VIZ,0.55,17.58,2.08,0,0,True,synthetic_scenario_generator,26006
2021-01-28,IND_VIZ,0.7,6.21,5.5,0,0,True,synthetic_scenario_generator,26006
2021-01-29,IND_VIZ,1.69,11.02,3.04,0,0,True,synthetic_scenario_generator,26006
2021-01-30,IND_VIZ,1.67,13.9,7.1,0,0,True,synthetic_scenario_generator,26006
2021-01-31,IND_VIZ,1.18,14.95,5.58,0,0,True,synthetic_scenario_generator,26006
2021-02-01,IND_VIZ,1.48,4.83,3.51,0,0,True,synthetic_scenario_generator,26006
2021-02-02,IND_VIZ,0.39,24.25,0.72,0,0,True,synthetic_scenario_generator,26006
2021-02-03,IND_VIZ,0.2,12.39,0.49,0,0,True,synthetic_scenario_generator,26006
2021-02-04,IND_VIZ,1.29,18.05,4.26,0,0,True,synthetic_scenario_generator,26006
2021-02-05,IND_VIZ,1.09,9.59,6.39,0,0,True,synthetic_scenario_generator,26006
2021-02-06,IND_VIZ,1.02,19.93,2.36,0,0,True,synthetic_scenario_generator,26006
2021-02-07,IND_VIZ,0.91,10.97,3.65,0,0,True,synthetic_scenario_generator,26006
2021-02-08,IND_VIZ,0.85,16.49,10.91,0,0,True,synthetic_scenario_generator,26006
2021-02-09,IND_VIZ,1.18,15.61,4.29,0,0,True,synthetic_scenario_generator,26006
2021-02-10,IND_VIZ,0.2,12.49,5.41,0,0,True,synthetic_scenario_generator,26006
2021-02-11,IND_VIZ,0.83,12.05,0.32,0,0,True,synthetic_scenario_generator,26006
2021-02-12,IND_VIZ,0.7,20.96,11.4,0,0,True,synthetic_scenario_generator,26006
2021-02-13,IND_VIZ,0.2,17.72,5.62,0,0,True,synthetic_scenario_generator,26006
2021-02-14,IND_VIZ,1.5,10.45,4.45,0,0,True,synthetic_scenario_generator,26006
2021-02-15,IND_VIZ,1.25,11.47,5.67,0,0,True,synthetic_scenario_generator,26006
2021-02-16,IND_VIZ,1.26,13.49,5.33,0,0,True,synthetic_scenario_generator,26006
2021-02-17,IND_VIZ,0.88,19.75,1.98,0,0,True,synthetic_scenario_generator,26006
2021-02-18,IND_VIZ,1.17,20.94,3.69,0,0,True,synthetic_scenario_generator,26006
2021-02-19,IND_VIZ,0.99,17.24,9.56,0,0,True,synthetic_scenario_generator,26006
2021-02-20,IND_VIZ,1.53,11.46,1.74,0,0,True,synthetic_scenario_generator,26006
2021-02-21,IND_VIZ,1.36,9.55,9.33,0,0,True,synthetic_scenario_generator,26006
2021-02-22,IND_VIZ,0.5,9.89,2.5,0,0,True,synthetic_scenario_generator,26006
2021-02-23,IND_VIZ,1.45,14.18,0.17,0,0,True,synthetic_scenario_generator,26006
2021-02-24,IND_VIZ,0.74,15.26,0.59,0,0,True,synthetic_scenario_generator,26006
2021-02-25,IND_VIZ,1.05,14.77,2.62,0,0,True,synthetic_scenario_generator,26006
2021-02-26,IND_VIZ,1.77,5.71,0.27,0,0,True,synthetic_scenario_generator,26006
2021-02-27,IND_VIZ,1.23,17.89,4.03,0,0,True,synthetic_scenario_generator,26006
2021-02-28,IND_VIZ,0.99,15.01,1.09,0,0,True,synthetic_scenario_generator,26006
2021-03-01,IND_VIZ,0.87,15.87,2.11,0,0,True,synthetic_scenario_generator,26006
2021-03-02,IND_VIZ,0.91,16.23,0.86,0,0,True,synthetic_scenario_generator,26006
2021-03-03,IND_VIZ,0.92,5.83,0.94,0,0,True,synthetic_scenario_generator,26006
2021-03-04,IND_VIZ,0.97,12.67,1.31,0,0,True,synthetic_scenario_generator,26006
2021-03-05,IND_VIZ,1.24,15.27,7.38,0,0,True,synthetic_scenario_generator,26006
2021-03-06,IND_VIZ,1.16,11.12,0.35,0,0,True,synthetic_scenario_generator,26006
2021-03-07,IND_VIZ,0.77,19.8,8.67,0,0,True,synthetic_scenario_generator,26006
2021-03-08,IND_VIZ,1.59,18.06,1.95,0,0,True,synthetic_scenario_generator,26006
2021-03-09,IND_VIZ,1.02,17.72,7.04,0,0,True,synthetic_scenario_generator,26006
2021-03-10,IND_VIZ,1.06,8.99,0.89,0,0,True,synthetic_scenario_generator,26006
2021-03-11,IND_VIZ,1.05,20.24,0.95,0,0,True,synthetic_scenario_generator,26006
2021-03-12,IND_VIZ,1.36,23.99,0.19,0,0,True,synthetic_scenario_generator,26006
2021-03-13,IND_VIZ,1.98,18.33,5.87,0,0,True,synthetic_scenario_generator,26006
2021-03-14,IND_VIZ,1.52,19.59,3.12,0,0,True,synthetic_scenario_generator,26006
2021-03-15,IND_VIZ,1.1,11.28,0.71,0,0,True,synthetic_scenario_generator,26006
2021-03-16,IND_VIZ,1.14,9.32,6.48,0,0,True,synthetic_scenario_generator,26006
2021-03-17,IND_VIZ,1.31,11.74,4.86,0,0,True,synthetic_scenario_generator,26006
2021-03-18,IND_VIZ,1.73,11.42,4.81,0,0,True,synthetic_scenario_generator,26006
2021-03-19,IND_VIZ,1.12,19.92,0.59,0,0,True,synthetic_scenario_generator,26006
2021-03-20,IND_VIZ,0.83,17.54,1.11,0,0,True,synthetic_scenario_generator,26006
2021-03-21,IND_VIZ,1.54,6.56,1.4,0,0,True,synthetic_scenario_generator,26006
2021-03-22,IND_VIZ,0.95,17.2,1.4,0,0,True,synthetic_scenario_generator,26006
2021-03-23,IND_VIZ,0.7,6.34,2.31,0,0,True,synthetic_scenario_generator,26006
2021-03-24,IND_VIZ,1.07,10.74,6.22,0,0,True,synthetic_scenario_generator,26006
2021-03-25,IND_VIZ,0.48,6.91,3.98,0,0,True,synthetic_scenario_generator,26006
2021-03-26,IND_VIZ,1.04,8.63,4.26,0,0,True,synthetic_scenario_generator,26006
2021-03-27,IND_VIZ,1.1,17.89,4.0,0,0,True,synthetic_scenario_generator,26006
2021-03-28,IND_VIZ,1.25,12.59,7.36,0,0,True,synthetic_scenario_generator,26006
2021-03-29,IND_VIZ,1.1,6.99,2.48,0,0,True,synthetic_scenario_generator,26006
2021-03-30,IND_VIZ,0.73,13.16,2.0,0,0,True,synthetic_scenario_generator,26006
2021-03-31,IND_VIZ,0.62,15.42,2.61,0,0,True,synthetic_scenario_generator,26006
2021-04-01,IND_VIZ,1.71,21.88,4.73,0,0,True,synthetic_scenario_generator,26006
2021-04-02,IND_VIZ,1.93,14.41,2.86,0,0,True,synthetic_scenario_generator,26006
2021-04-03,IND_VIZ,1.5,18.84,1.08,0,0,True,synthetic_scenario_generator,26006
2021-04-04,IND_VIZ,0.99,24.76,3.34,0,0,True,synthetic_scenario_generator,26006
2021-04-05,IND_VIZ,2.15,21.98,0.32,0,0,True,synthetic_scenario_generator,26006
2021-04-06,IND_VIZ,1.35,13.88,0.23,0,0,True,synthetic_scenario_generator,26006
2021-04-07,IND_VIZ,1.62,23.52,6.59,0,0,True,synthetic_scenario_generator,26006
2021-04-08,IND_VIZ,1.52,21.66,8.62,0,0,True,synthetic_scenario_generator,26006
2021-04-09,IND_VIZ,1.44,15.07,4.11,0,0,True,synthetic_scenario_generator,26006
2021-04-10,IND_VIZ,1.45,21.08,4.36,0,0,True,synthetic_scenario_generator,26006
2021-04-11,IND_VIZ,1.29,18.69,0.03,0,0,True,synthetic_scenario_generator,26006
2021-04-12,IND_VIZ,1.62,24.79,4.22,0,0,True,synthetic_scenario_generator,26006
2021-04-13,IND_VIZ,1.41,25.93,6.94,0,0,True,synthetic_scenario_generator,26006
2021-04-14,IND_VIZ,1.34,19.1,2.38,0,0,True,synthetic_scenario_generator,26006
2021-04-15,IND_VIZ,1.5,19.42,2.62,0,0,True,synthetic_scenario_generator,26006
2021-04-16,IND_VIZ,1.46,23.3,1.12,0,0,True,synthetic_scenario_generator,26006
2021-04-17,IND_VIZ,1.9,15.73,0.44,0,0,True,synthetic_scenario_generator,26006
2021-04-18,IND_VIZ,1.47,14.45,3.99,0,0,True,synthetic_scenario_generator,26006
2021-04-19,IND_VIZ,0.91,30.23,1.46,0,0,True,synthetic_scenario_generator,26006
2021-04-20,IND_VIZ,1.71,24.63,9.91,0,0,True,synthetic_scenario_generator,26006
2021-04-21,IND_VIZ,1.1,31.39,8.61,0,0,True,synthetic_scenario_generator,26006
2021-04-22,IND_VIZ,1.96,15.32,0.14,0,0,True,synthetic_scenario_generator,26006
2021-04-23,IND_VIZ,1.38,23.09,1.91,0,0,True,synthetic_scenario_generator,26006
2021-04-24,IND_VIZ,1.13,18.04,1.28,0,0,True,synthetic_scenario_generator,26006
2021-04-25,IND_VIZ,0.94,18.81,5.33,0,0,True,synthetic_scenario_generator,26006
2021-04-26,IND_VIZ,1.56,17.74,1.92,0,0,True,synthetic_scenario_generator,26006
2021-04-27,IND_VIZ,1.85,17.18,6.68,0,0,True,synthetic_scenario_generator,26006
2021-04-28,IND_VIZ,2.12,22.52,5.49,0,0,True,synthetic_scenario_generator,26006
2021-04-29,IND_VIZ,0.63,10.76,4.16,0,0,True,synthetic_scenario_generator,26006
2021-04-30,IND_VIZ,1.84,15.21,3.1,0,0,True,synthetic_scenario_generator,26006
2021-05-01,IND_VIZ,1.39,17.24,6.48,0,0,True,synthetic_scenario_generator,26006
2021-05-02,IND_VIZ,1.89,32.81,3.94,0,0,True,synthetic_scenario_generator,26006
2021-05-03,IND_VIZ,2.19,21.13,21.71,0,0,True,synthetic_scenario_generator,26006
2021-05-04,IND_VIZ,1.35,25.6,1.13,0,0,True,synthetic_scenario_generator,26006
2021-05-05,IND_VIZ,1.79,23.0,1.1,0,0,True,synthetic_scenario_generator,26006
2021-05-06,IND_VIZ,1.57,20.21,0.04,0,0,True,synthetic_scenario_generator,26006
2021-05-07,IND_VIZ,2.08,18.39,0.91,0,0,True,synthetic_scenario_generator,26006
2021-05-08,IND_VIZ,1.43,14.27,2.17,0,0,True,synthetic_scenario_generator,26006
2021-05-09,IND_VIZ,0.86,21.61,1.57,0,0,True,synthetic_scenario_generator,26006
2021-05-10,IND_VIZ,0.93,21.19,1.23,0,0,True,synthetic_scenario_generator,26006
2021-05-11,IND_VIZ,1.48,22.28,8.21,0,0,True,synthetic_scenario_generator,26006
2021-05-12,IND_VIZ,1.68,22.47,1.74,0,0,True,synthetic_scenario_generator,26006
2021-05-13,IND_VIZ,1.77,20.63,12.74,0,0,True,synthetic_scenario_generator,26006
2021-05-14,IND_VIZ,1.44,25.49,7.25,0,0,True,synthetic_scenario_generator,26006
2021-05-15,IND_VIZ,1.26,16.78,3.06,0,0,True,synthetic_scenario_generator,26006
2021-05-16,IND_VIZ,1.74,18.22,0.8,0,0,True,synthetic_scenario_generator,26006
2021-05-17,IND_VIZ,1.47,22.55,0.77,0,0,True,synthetic_scenario_generator,26006
2021-05-18,IND_VIZ,1.56,15.66,3.93,0,0,True,synthetic_scenario_generator,26006
2021-05-19,IND_VIZ,0.83,20.82,0.15,0,0,True,synthetic_scenario_generator,26006
2021-05-20,IND_VIZ,1.25,18.64,1.91,0,0,True,synthetic_scenario_generator,26006
2021-05-21,IND_VIZ,1.8,13.37,5.62,0,0,True,synthetic_scenario_generator,26006
2021-05-22,IND_VIZ,1.51,28.47,2.14,0,0,True,synthetic_scenario_generator,26006
2021-05-23,IND_VIZ,1.96,24.49,1.14,0,0,True,synthetic_scenario_generator,26006
2021-05-24,IND_VIZ,1.75,20.45,0.39,0,0,True,synthetic_scenario_generator,26006
2021-05-25,IND_VIZ,1.14,26.62,4.52,0,0,True,synthetic_scenario_generator,26006
2021-05-26,IND_VIZ,1.26,7.65,3.01,0,0,True,synthetic_scenario_generator,26006
2021-05-27,IND_VIZ,1.9,18.66,2.9,0,0,True,synthetic_scenario_generator,26006
2021-05-28,IND_VIZ,1.35,27.06,2.9,0,0,True,synthetic_scenario_generator,26006
2021-05-29,IND_VIZ,1.5,15.78,0.36,0,0,True,synthetic_scenario_generator,26006
2021-05-30,IND_VIZ,1.53,24.25,4.17,0,0,True,synthetic_scenario_generator,26006
2021-05-31,IND_VIZ,1.25,18.23,10.98,0,0,True,synthetic_scenario_generator,26006
2021-06-01,IND_VIZ,2.46,38.7,0.19,0,1,True,synthetic_scenario_generator,26006
2021-06-02,IND_VIZ,2.82,29.43,5.02,0,1,True,synthetic_scenario_generator,26006
2021-06-03,IND_VIZ,2.09,33.02,5.55,0,1,True,synthetic_scenario_generator,26006
2021-06-04,IND_VIZ,3.04,30.7,20.59,0,1,True,synthetic_scenario_generator,26006
2021-06-05,IND_VIZ,2.41,35.4,7.66,0,1,True,synthetic_scenario_generator,26006
2021-06-06,IND_VIZ,2.87,38.57,9.63,0,1,True,synthetic_scenario_generator,26006
2021-06-07,IND_VIZ,2.21,23.79,26.81,0,1,True,synthetic_scenario_generator,26006
2021-06-08,IND_VIZ,3.01,34.19,14.16,0,1,True,synthetic_scenario_generator,26006
2021-06-09,IND_VIZ,2.35,33.54,5.16,0,1,True,synthetic_scenario_generator,26006
2021-06-10,IND_VIZ,2.63,30.19,2.92,0,1,True,synthetic_scenario_generator,26006
2021-06-11,IND_VIZ,2.51,33.79,5.83,0,1,True,synthetic_scenario_generator,26006
2021-06-12,IND_VIZ,3.24,37.24,11.0,0,1,True,synthetic_scenario_generator,26006
2021-06-13,IND_VIZ,2.49,31.92,30.0,0,1,True,synthetic_scenario_generator,26006
2021-06-14,IND_VIZ,3.86,28.34,27.44,1,1,True,synthetic_scenario_generator,26006
2021-06-15,IND_VIZ,2.88,37.06,5.86,0,1,True,synthetic_scenario_generator,26006
2021-06-16,IND_VIZ,2.06,28.53,11.09,0,1,True,synthetic_scenario_generator,26006
2021-06-17,IND_VIZ,2.83,37.66,4.32,0,1,True,synthetic_scenario_generator,26006
2021-06-18,IND_VIZ,3.01,32.8,46.34,0,1,True,synthetic_scenario_generator,26006
2021-06-19,IND_VIZ,2.6,27.54,9.94,0,1,True,synthetic_scenario_generator,26006
2021-06-20,IND_VIZ,3.1,43.4,7.55,0,1,True,synthetic_scenario_generator,26006
2021-06-21,IND_VIZ,2.71,35.19,16.33,0,1,True,synthetic_scenario_generator,26006
2021-06-22,IND_VIZ,2.8,35.66,17.3,0,1,True,synthetic_scenario_generator,26006
2021-06-23,IND_VIZ,2.44,28.49,15.61,0,1,True,synthetic_scenario_generator,26006
2021-06-24,IND_VIZ,2.42,36.52,5.11,0,1,True,synthetic_scenario_generator,26006
2021-06-25,IND_VIZ,2.73,37.32,11.42,0,1,True,synthetic_scenario_generator,26006
2021-06-26,IND_VIZ,3.07,31.86,7.36,0,1,True,synthetic_scenario_generator,26006
2021-06-27,IND_VIZ,2.61,36.9,1.65,0,1,True,synthetic_scenario_generator,26006
2021-06-28,IND_VIZ,3.15,31.13,13.55,0,1,True,synthetic_scenario_generator,26006
2021-06-29,IND_VIZ,2.42,37.16,1.36,0,1,True,synthetic_scenario_generator,26006
2021-06-30,IND_VIZ,2.82,39.78,13.13,0,1,True,synthetic_scenario_generator,26006
2021-07-01,IND_VIZ,2.47,28.42,17.67,0,1,True,synthetic_scenario_generator,26006
2021-07-02,IND_VIZ,2.24,27.52,4.41,0,1,True,synthetic_scenario_generator,26006
2021-07-03,IND_VIZ,2.56,33.2,27.77,0,1,True,synthetic_scenario_generator,26006
2021-07-04,IND_VIZ,2.42,32.44,24.09,0,1,True,synthetic_scenario_generator,26006
2021-07-05,IND_VIZ,2.48,25.25,16.17,0,1,True,synthetic_scenario_generator,26006
2021-07-06,IND_VIZ,2.35,22.26,8.18,0,1,True,synthetic_scenario_generator,26006
2021-07-07,IND_VIZ,2.09,26.05,4.12,0,1,True,synthetic_scenario_generator,26006
2021-07-08,IND_VIZ,1.34,21.01,3.15,0,1,True,synthetic_scenario_generator,26006
2021-07-09,IND_VIZ,2.14,26.12,12.41,0,1,True,synthetic_scenario_generator,26006
2021-07-10,IND_VIZ,2.85,28.81,8.4,0,1,True,synthetic_scenario_generator,26006
2021-07-11,IND_VIZ,2.29,30.23,8.36,0,1,True,synthetic_scenario_generator,26006
2021-07-12,IND_VIZ,2.42,24.03,26.5,0,1,True,synthetic_scenario_generator,26006
2021-07-13,IND_VIZ,1.79,30.94,12.91,0,1,True,synthetic_scenario_generator,26006
2021-07-14,IND_VIZ,1.8,29.08,67.99,0,1,True,synthetic_scenario_generator,26006
2021-07-15,IND_VIZ,2.82,22.11,16.53,0,1,True,synthetic_scenario_generator,26006
2021-07-16,IND_VIZ,2.37,23.89,8.96,0,1,True,synthetic_scenario_generator,26006
2021-07-17,IND_VIZ,2.14,32.93,17.92,0,1,True,synthetic_scenario_generator,26006
2021-07-18,IND_VIZ,2.5,32.34,2.56,0,1,True,synthetic_scenario_generator,26006
2021-07-19,IND_VIZ,2.42,20.67,4.48,0,1,True,synthetic_scenario_generator,26006
2021-07-20,IND_VIZ,2.68,18.1,15.23,0,1,True,synthetic_scenario_generator,26006
2021-07-21,IND_VIZ,1.62,27.42,11.45,0,1,True,synthetic_scenario_generator,26006
2021-07-22,IND_VIZ,2.09,35.59,30.89,0,1,True,synthetic_scenario_generator,26006
2021-07-23,IND_VIZ,2.0,27.46,3.55,0,1,True,synthetic_scenario_generator,26006
2021-07-24,IND_VIZ,2.9,29.02,8.57,0,1,True,synthetic_scenario_generator,26006
2021-07-25,IND_VIZ,2.45,26.9,9.67,0,1,True,synthetic_scenario_generator,26006
2021-07-26,IND_VIZ,1.96,36.09,3.89,0,1,True,synthetic_scenario_generator,26006
2021-07-27,IND_VIZ,2.37,28.32,16.54,0,1,True,synthetic_scenario_generator,26006
2021-07-28,IND_VIZ,2.23,26.02,12.02,0,1,True,synthetic_scenario_generator,26006
2021-07-29,IND_VIZ,2.5,31.64,8.22,0,1,True,synthetic_scenario_generator,26006
2021-07-30,IND_VIZ,2.4,28.05,10.95,0,1,True,synthetic_scenario_generator,26006
2021-07-31,IND_VIZ,2.23,25.89,7.76,0,1,True,synthetic_scenario_generator,26006
2021-08-01,IND_VIZ,2.94,21.35,12.82,0,1,True,synthetic_scenario_generator,26006
2021-08-02,IND_VIZ,2.14,31.6,16.4,0,1,True,synthetic_scenario_generator,26006
2021-08-03,IND_VIZ,1.85,35.45,33.74,0,1,True,synthetic_scenario_generator,26006
2021-08-04,IND_VIZ,2.63,32.2,0.56,0,1,True,synthetic_scenario_generator,26006
2021-08-05,IND_VIZ,2.14,26.96,35.42,0,1,True,synthetic_scenario_generator,26006
2021-08-06,IND_VIZ,1.84,27.82,8.7,0,1,True,synthetic_scenario_generator,26006
2021-08-07,IND_VIZ,2.51,23.49,21.36,0,1,True,synthetic_scenario_generator,26006
2021-08-08,IND_VIZ,1.73,22.99,5.24,0,1,True,synthetic_scenario_generator,26006
2021-08-09,IND_VIZ,2.26,26.27,6.93,0,1,True,synthetic_scenario_generator,26006
2021-08-10,IND_VIZ,2.13,31.22,19.06,0,1,True,synthetic_scenario_generator,26006
2021-08-11,IND_VIZ,1.93,18.77,23.51,0,1,True,synthetic_scenario_generator,26006
2021-08-12,IND_VIZ,2.53,37.5,3.69,0,1,True,synthetic_scenario_generator,26006
2021-08-13,IND_VIZ,2.29,24.58,41.41,0,1,True,synthetic_scenario_generator,26006
2021-08-14,IND_VIZ,1.87,25.92,2.26,0,1,True,synthetic_scenario_generator,26006
2021-08-15,IND_VIZ,2.94,25.66,21.6,0,1,True,synthetic_scenario_generator,26006
2021-08-16,IND_VIZ,2.59,19.2,16.79,0,1,True,synthetic_scenario_generator,26006
2021-08-17,IND_VIZ,2.85,17.61,28.53,0,1,True,synthetic_scenario_generator,26006
2021-08-18,IND_VIZ,2.38,29.17,7.8,0,1,True,synthetic_scenario_generator,26006
2021-08-19,IND_VIZ,1.8,23.58,11.06,0,1,True,synthetic_scenario_generator,26006
2021-08-20,IND_VIZ,2.21,33.05,8.63,0,1,True,synthetic_scenario_generator,26006
2021-08-21,IND_VIZ,1.92,31.9,3.68,0,1,True,synthetic_scenario_generator,26006
2021-08-22,IND_VIZ,1.86,35.43,9.47,0,1,True,synthetic_scenario_generator,26006
2021-08-23,IND_VIZ,2.28,25.53,5.65,0,1,True,synthetic_scenario_generator,26006
2021-08-24,IND_VIZ,1.49,24.29,11.93,0,1,True,synthetic_scenario_generator,26006
2021-08-25,IND_VIZ,1.83,28.93,20.87,0,1,True,synthetic_scenario_generator,26006
2021-08-26,IND_VIZ,2.05,31.76,31.23,0,1,True,synthetic_scenario_generator,26006
2021-08-27,IND_VIZ,1.81,34.89,23.98,0,1,True,synthetic_scenario_generator,26006
2021-08-28,IND_VIZ,2.17,25.71,6.03,0,1,True,synthetic_scenario_generator,26006
2021-08-29,IND_VIZ,2.57,24.07,22.53,0,1,True,synthetic_scenario_generator,26006
2021-08-30,IND_VIZ,1.74,32.32,6.36,0,1,True,synthetic_scenario_generator,26006
2021-08-31,IND_VIZ,2.25,29.75,0.09,0,1,True,synthetic_scenario_generator,26006
2021-09-01,IND_VIZ,2.23,20.76,17.13,0,1,True,synthetic_scenario_generator,26006
2021-09-02,IND_VIZ,2.63,25.5,52.62,0,1,True,synthetic_scenario_generator,26006
2021-09-03,IND_VIZ,1.66,28.19,7.19,0,1,True,synthetic_scenario_generator,26006
2021-09-04,IND_VIZ,2.3,34.77,1.14,0,1,True,synthetic_scenario_generator,26006
2021-09-05,IND_VIZ,2.27,26.94,18.61,0,1,True,synthetic_scenario_generator,26006
2021-09-06,IND_VIZ,2.72,29.28,24.13,0,1,True,synthetic_scenario_generator,26006
2021-09-07,IND_VIZ,2.06,27.31,11.88,0,1,True,synthetic_scenario_generator,26006
2021-09-08,IND_VIZ,2.05,22.1,0.79,0,1,True,synthetic_scenario_generator,26006
2021-09-09,IND_VIZ,1.84,22.25,14.61,0,1,True,synthetic_scenario_generator,26006
2021-09-10,IND_VIZ,2.64,20.21,16.42,0,1,True,synthetic_scenario_generator,26006
2021-09-11,IND_VIZ,2.46,37.76,3.35,0,1,True,synthetic_scenario_generator,26006
2021-09-12,IND_VIZ,2.98,30.15,10.07,0,1,True,synthetic_scenario_generator,26006
2021-09-13,IND_VIZ,2.25,23.51,5.6,0,1,True,synthetic_scenario_generator,26006
2021-09-14,IND_VIZ,2.07,28.06,25.73,0,1,True,synthetic_scenario_generator,26006
2021-09-15,IND_VIZ,2.77,25.7,8.6,0,1,True,synthetic_scenario_generator,26006
2021-09-16,IND_VIZ,1.66,31.3,0.79,0,1,True,synthetic_scenario_generator,26006
2021-09-17,IND_VIZ,2.51,27.31,17.81,0,1,True,synthetic_scenario_generator,26006
2021-09-18,IND_VIZ,1.94,15.54,17.63,0,1,True,synthetic_scenario_generator,26006
2021-09-19,IND_VIZ,2.63,31.49,5.52,0,1,True,synthetic_scenario_generator,26006
2021-09-20,IND_VIZ,2.06,29.63,5.95,0,1,True,synthetic_scenario_generator,26006
2021-09-21,IND_VIZ,2.49,28.94,24.62,0,1,True,synthetic_scenario_generator,26006
2021-09-22,IND_VIZ,2.16,35.64,3.17,0,1,True,synthetic_scenario_generator,26006
2021-09-23,IND_VIZ,2.18,35.83,10.08,0,1,True,synthetic_scenario_generator,26006
2021-09-24,IND_VIZ,3.21,34.48,10.91,0,1,True,synthetic_scenario_generator,26006
2021-09-25,IND_VIZ,2.65,31.88,21.38,0,1,True,synthetic_scenario_generator,26006
2021-09-26,IND_VIZ,2.19,24.01,10.21,0,1,True,synthetic_scenario_generator,26006
2021-09-27,IND_VIZ,1.93,23.2,14.58,0,1,True,synthetic_scenario_generator,26006
2021-09-28,IND_VIZ,1.74,26.37,10.38,0,1,True,synthetic_scenario_generator,26006
2021-09-29,IND_VIZ,1.76,27.23,47.76,0,1,True,synthetic_scenario_generator,26006
2021-09-30,IND_VIZ,2.14,26.62,3.42,0,1,True,synthetic_scenario_generator,26006
2021-10-01,IND_VIZ,1.14,26.62,2.42,0,0,True,synthetic_scenario_generator,26006
2021-10-02,IND_VIZ,1.43,18.94,0.12,0,0,True,synthetic_scenario_generator,26006
2021-10-03,IND_VIZ,1.41,19.29,0.5,0,0,True,synthetic_scenario_generator,26006
2021-10-04,IND_VIZ,1.62,20.29,2.56,0,0,True,synthetic_scenario_generator,26006
2021-10-05,IND_VIZ,1.31,9.31,0.74,0,0,True,synthetic_scenario_generator,26006
2021-10-06,IND_VIZ,1.7,20.47,1.84,0,0,True,synthetic_scenario_generator,26006
2021-10-07,IND_VIZ,1.25,21.44,9.65,0,0,True,synthetic_scenario_generator,26006
2021-10-08,IND_VIZ,1.53,15.53,3.05,0,0,True,synthetic_scenario_generator,26006
2021-10-09,IND_VIZ,1.49,27.27,3.96,0,0,True,synthetic_scenario_generator,26006
2021-10-10,IND_VIZ,1.73,26.31,7.74,0,0,True,synthetic_scenario_generator,26006
2021-10-11,IND_VIZ,1.61,24.19,5.94,0,0,True,synthetic_scenario_generator,26006
2021-10-12,IND_VIZ,1.91,18.51,0.69,0,0,True,synthetic_scenario_generator,26006
2021-10-13,IND_VIZ,2.13,19.72,6.15,0,0,True,synthetic_scenario_generator,26006
2021-10-14,IND_VIZ,1.74,14.77,1.35,0,0,True,synthetic_scenario_generator,26006
2021-10-15,IND_VIZ,1.91,13.84,1.66,0,0,True,synthetic_scenario_generator,26006
2021-10-16,IND_VIZ,1.6,17.84,0.32,0,0,True,synthetic_scenario_generator,26006
2021-10-17,IND_VIZ,2.07,18.21,1.16,0,0,True,synthetic_scenario_generator,26006
2021-10-18,IND_VIZ,2.24,19.01,1.75,0,0,True,synthetic_scenario_generator,26006
2021-10-19,IND_VIZ,2.72,23.26,1.63,0,0,True,synthetic_scenario_generator,26006
2021-10-20,IND_VIZ,1.56,25.4,3.12,0,0,True,synthetic_scenario_generator,26006
2021-10-21,IND_VIZ,1.39,26.46,6.77,0,0,True,synthetic_scenario_generator,26006
2021-10-22,IND_VIZ,1.57,22.0,3.9,0,0,True,synthetic_scenario_generator,26006
2021-10-23,IND_VIZ,1.69,11.42,2.86,0,0,True,synthetic_scenario_generator,26006
2021-10-24,IND_VIZ,1.31,19.69,10.7,0,0,True,synthetic_scenario_generator,26006
2021-10-25,IND_VIZ,1.76,22.43,1.81,0,0,True,synthetic_scenario_generator,26006
2021-10-26,IND_VIZ,1.96,14.95,8.73,0,0,True,synthetic_scenario_generator,26006
2021-10-27,IND_VIZ,1.72,23.98,7.44,0,0,True,synthetic_scenario_generator,26006
2021-10-28,IND_VIZ,1.95,12.11,8.16,0,0,True,synthetic_scenario_generator,26006
2021-10-29,IND_VIZ,1.8,21.45,7.0,0,0,True,synthetic_scenario_generator,26006
2021-10-30,IND_VIZ,1.4,20.6,2.24,0,0,True,synthetic_scenario_generator,26006
2021-10-31,IND_VIZ,2.3,25.01,2.7,0,0,True,synthetic_scenario_generator,26006
2021-11-01,IND_VIZ,2.05,29.05,0.34,0,0,True,synthetic_scenario_generator,26006
2021-11-02,IND_VIZ,1.62,21.66,2.57,0,0,True,synthetic_scenario_generator,26006
2021-11-03,IND_VIZ,1.2,30.35,16.1,0,0,True,synthetic_scenario_generator,26006
2021-11-04,IND_VIZ,1.61,18.4,14.28,0,0,True,synthetic_scenario_generator,26006
2021-11-05,IND_VIZ,1.34,20.56,2.36,0,0,True,synthetic_scenario_generator,26006
2021-11-06,IND_VIZ,1.35,26.45,1.05,0,0,True,synthetic_scenario_generator,26006
2021-11-07,IND_VIZ,1.37,21.58,0.88,0,0,True,synthetic_scenario_generator,26006
2021-11-08,IND_VIZ,1.07,16.5,2.1,0,0,True,synthetic_scenario_generator,26006
2021-11-09,IND_VIZ,0.95,9.57,0.96,0,0,True,synthetic_scenario_generator,26006
2021-11-10,IND_VIZ,1.55,17.38,3.75,0,0,True,synthetic_scenario_generator,26006
2021-11-11,IND_VIZ,2.2,17.06,1.43,0,0,True,synthetic_scenario_generator,26006
2021-11-12,IND_VIZ,1.47,22.64,2.48,0,0,True,synthetic_scenario_generator,26006
2021-11-13,IND_VIZ,1.31,21.23,1.53,0,0,True,synthetic_scenario_generator,26006
2021-11-14,IND_VIZ,1.32,16.6,1.19,0,0,True,synthetic_scenario_generator,26006
2021-11-15,IND_VIZ,1.09,17.3,8.65,0,0,True,synthetic_scenario_generator,26006
2021-11-16,IND_VIZ,1.17,22.15,7.56,0,0,True,synthetic_scenario_generator,26006
2021-11-17,IND_VIZ,1.24,25.72,0.05,0,0,True,synthetic_scenario_generator,26006
2021-11-18,IND_VIZ,1.66,24.47,1.73,0,0,True,synthetic_scenario_generator,26006
2021-11-19,IND_VIZ,1.3,19.83,0.47,0,0,True,synthetic_scenario_generator,26006
2021-11-20,IND_VIZ,1.39,27.6,1.53,0,0,True,synthetic_scenario_generator,26006
2021-11-21,IND_VIZ,2.41,21.66,0.16,0,0,True,synthetic_scenario_generator,26006
2021-11-22,IND_VIZ,1.23,19.05,3.09,0,0,True,synthetic_scenario_generator,26006
2021-11-23,IND_VIZ,1.92,26.68,1.99,0,0,True,synthetic_scenario_generator,26006
2021-11-24,IND_VIZ,1.35,22.66,4.72,0,0,True,synthetic_scenario_generator,26006
2021-11-25,IND_VIZ,0.2,11.46,8.27,0,0,True,synthetic_scenario_generator,26006
2021-11-26,IND_VIZ,1.03,21.64,4.96,0,0,True,synthetic_scenario_generator,26006
2021-11-27,IND_VIZ,1.06,10.65,18.09,0,0,True,synthetic_scenario_generator,26006
2021-11-28,IND_VIZ,1.38,18.08,2.62,0,0,True,synthetic_scenario_generator,26006
2021-11-29,IND_VIZ,1.77,23.16,6.1,0,0,True,synthetic_scenario_generator,26006
2021-11-30,IND_VIZ,1.52,17.45,14.72,0,0,True,synthetic_scenario_generator,26006
2021-12-01,IND_VIZ,1.4,21.86,4.21,0,0,True,synthetic_scenario_generator,26006
2021-12-02,IND_VIZ,1.23,13.3,2.69,0,0,True,synthetic_scenario_generator,26006
2021-12-03,IND_VIZ,0.86,25.5,0.86,0,0,True,synthetic_scenario_generator,26006
2021-12-04,IND_VIZ,1.41,19.47,9.46,0,0,True,synthetic_scenario_generator,26006
2021-12-05,IND_VIZ,0.58,18.16,1.65,0,0,True,synthetic_scenario_generator,26006
2021-12-06,IND_VIZ,0.9,17.34,7.06,0,0,True,synthetic_scenario_generator,26006
2021-12-07,IND_VIZ,1.6,16.85,0.91,0,0,True,synthetic_scenario_generator,26006
2021-12-08,IND_VIZ,2.15,18.36,0.67,0,0,True,synthetic_scenario_generator,26006
2021-12-09,IND_VIZ,1.18,14.19,2.04,0,0,True,synthetic_scenario_generator,26006
2021-12-10,IND_VIZ,1.75,11.69,6.11,0,0,True,synthetic_scenario_generator,26006
2021-12-11,IND_VIZ,1.26,18.41,2.58,0,0,True,synthetic_scenario_generator,26006
2021-12-12,IND_VIZ,1.61,23.11,11.72,0,0,True,synthetic_scenario_generator,26006
2021-12-13,IND_VIZ,2.35,12.32,2.35,0,0,True,synthetic_scenario_generator,26006
2021-12-14,IND_VIZ,1.71,24.84,3.78,0,0,True,synthetic_scenario_generator,26006
2021-12-15,IND_VIZ,1.78,16.91,0.71,0,0,True,synthetic_scenario_generator,26006
2021-12-16,IND_VIZ,2.24,21.83,2.46,0,0,True,synthetic_scenario_generator,26006
2021-12-17,IND_VIZ,1.39,19.94,4.38,0,0,True,synthetic_scenario_generator,26006
2021-12-18,IND_VIZ,1.79,24.64,2.52,0,0,True,synthetic_scenario_generator,26006
2021-12-19,IND_VIZ,1.21,16.06,2.43,0,0,True,synthetic_scenario_generator,26006
2021-12-20,IND_VIZ,1.92,23.32,12.41,0,0,True,synthetic_scenario_generator,26006
2021-12-21,IND_VIZ,1.33,14.18,5.91,0,0,True,synthetic_scenario_generator,26006
2021-12-22,IND_VIZ,1.67,19.09,5.85,0,0,True,synthetic_scenario_generator,26006
2021-12-23,IND_VIZ,1.53,21.56,4.36,0,0,True,synthetic_scenario_generator,26006
2021-12-24,IND_VIZ,2.17,24.3,7.52,0,0,True,synthetic_scenario_generator,26006
2021-12-25,IND_VIZ,1.59,29.43,1.85,0,0,True,synthetic_scenario_generator,26006
2021-12-26,IND_VIZ,1.21,25.31,1.0,0,0,True,synthetic_scenario_generator,26006
2021-12-27,IND_VIZ,0.99,28.97,3.12,0,0,True,synthetic_scenario_generator,26006
2021-12-28,IND_VIZ,1.69,23.74,7.19,0,0,True,synthetic_scenario_generator,26006
2021-12-29,IND_VIZ,2.18,12.38,1.49,0,0,True,synthetic_scenario_generator,26006
2021-12-30,IND_VIZ,1.06,27.87,7.61,0,0,True,synthetic_scenario_generator,26006
2021-12-31,IND_VIZ,1.35,17.06,0.92,0,0,True,synthetic_scenario_generator,26006
2022-01-01,IND_VIZ,0.96,13.27,3.51,0,0,True,synthetic_scenario_generator,26006
2022-01-02,IND_VIZ,0.97,12.47,2.89,0,0,True,synthetic_scenario_generator,26006
2022-01-03,IND_VIZ,1.0,16.16,5.58,0,0,True,synthetic_scenario_generator,26006
2022-01-04,IND_VIZ,0.93,17.73,19.19,0,0,True,synthetic_scenario_generator,26006
2022-01-05,IND_VIZ,0.8,13.45,5.17,0,0,True,synthetic_scenario_generator,26006
2022-01-06,IND_VIZ,0.2,17.89,1.47,0,0,True,synthetic_scenario_generator,26006
2022-01-07,IND_VIZ,0.92,15.16,1.26,0,0,True,synthetic_scenario_generator,26006
2022-01-08,IND_VIZ,0.99,11.56,11.58,0,0,True,synthetic_scenario_generator,26006
2022-01-09,IND_VIZ,1.32,10.77,2.85,0,0,True,synthetic_scenario_generator,26006
2022-01-10,IND_VIZ,1.03,17.91,3.19,0,0,True,synthetic_scenario_generator,26006
2022-01-11,IND_VIZ,0.28,17.47,5.17,0,0,True,synthetic_scenario_generator,26006
2022-01-12,IND_VIZ,1.21,11.29,7.06,0,0,True,synthetic_scenario_generator,26006
2022-01-13,IND_VIZ,0.89,17.61,5.37,0,0,True,synthetic_scenario_generator,26006
2022-01-14,IND_VIZ,0.96,12.78,1.47,0,0,True,synthetic_scenario_generator,26006
2022-01-15,IND_VIZ,1.77,5.8,3.11,0,0,True,synthetic_scenario_generator,26006
2022-01-16,IND_VIZ,1.11,15.85,2.28,0,0,True,synthetic_scenario_generator,26006
2022-01-17,IND_VIZ,0.53,18.67,6.05,0,0,True,synthetic_scenario_generator,26006
2022-01-18,IND_VIZ,1.36,20.28,0.81,0,0,True,synthetic_scenario_generator,26006
2022-01-19,IND_VIZ,0.81,19.16,1.03,0,0,True,synthetic_scenario_generator,26006
2022-01-20,IND_VIZ,1.48,15.31,11.02,0,0,True,synthetic_scenario_generator,26006
2022-01-21,IND_VIZ,1.28,6.87,3.57,0,0,True,synthetic_scenario_generator,26006
2022-01-22,IND_VIZ,0.56,18.85,3.28,0,0,True,synthetic_scenario_generator,26006
2022-01-23,IND_VIZ,0.89,11.77,4.01,0,0,True,synthetic_scenario_generator,26006
2022-01-24,IND_VIZ,0.97,14.82,1.07,0,0,True,synthetic_scenario_generator,26006
2022-01-25,IND_VIZ,1.47,14.35,6.47,0,0,True,synthetic_scenario_generator,26006
2022-01-26,IND_VIZ,0.85,16.53,3.64,0,0,True,synthetic_scenario_generator,26006
2022-01-27,IND_VIZ,1.22,12.35,6.04,0,0,True,synthetic_scenario_generator,26006
2022-01-28,IND_VIZ,1.17,21.93,6.45,0,0,True,synthetic_scenario_generator,26006
2022-01-29,IND_VIZ,1.64,12.48,4.67,0,0,True,synthetic_scenario_generator,26006
2022-01-30,IND_VIZ,1.68,21.67,1.69,0,0,True,synthetic_scenario_generator,26006
2022-01-31,IND_VIZ,1.73,8.44,0.76,0,0,True,synthetic_scenario_generator,26006
2022-02-01,IND_VIZ,1.54,23.6,3.71,0,0,True,synthetic_scenario_generator,26006
2022-02-02,IND_VIZ,1.19,9.85,8.93,0,0,True,synthetic_scenario_generator,26006
2022-02-03,IND_VIZ,2.12,20.76,8.15,0,0,True,synthetic_scenario_generator,26006
2022-02-04,IND_VIZ,1.22,10.1,2.7,0,0,True,synthetic_scenario_generator,26006
2022-02-05,IND_VIZ,1.54,21.93,8.05,0,0,True,synthetic_scenario_generator,26006
2022-02-06,IND_VIZ,1.64,17.58,8.44,0,0,True,synthetic_scenario_generator,26006
2022-02-07,IND_VIZ,1.01,12.46,4.35,0,0,True,synthetic_scenario_generator,26006
2022-02-08,IND_VIZ,1.0,13.25,1.95,0,0,True,synthetic_scenario_generator,26006
2022-02-09,IND_VIZ,1.46,6.12,0.86,0,0,True,synthetic_scenario_generator,26006
2022-02-10,IND_VIZ,0.42,14.25,1.56,0,0,True,synthetic_scenario_generator,26006
2022-02-11,IND_VIZ,1.42,12.83,0.44,0,0,True,synthetic_scenario_generator,26006
2022-02-12,IND_VIZ,1.56,10.05,1.8,0,0,True,synthetic_scenario_generator,26006
2022-02-13,IND_VIZ,1.1,8.25,9.8,0,0,True,synthetic_scenario_generator,26006
2022-02-14,IND_VIZ,0.7,18.51,4.17,0,0,True,synthetic_scenario_generator,26006
2022-02-15,IND_VIZ,0.78,13.51,12.8,0,0,True,synthetic_scenario_generator,26006
2022-02-16,IND_VIZ,0.58,19.14,1.98,0,0,True,synthetic_scenario_generator,26006
2022-02-17,IND_VIZ,2.06,10.19,6.11,0,0,True,synthetic_scenario_generator,26006
2022-02-18,IND_VIZ,0.9,5.03,7.81,0,0,True,synthetic_scenario_generator,26006
2022-02-19,IND_VIZ,0.67,5.59,1.37,0,0,True,synthetic_scenario_generator,26006
2022-02-20,IND_VIZ,0.9,16.16,9.46,0,0,True,synthetic_scenario_generator,26006
2022-02-21,IND_VIZ,0.67,23.23,11.89,0,0,True,synthetic_scenario_generator,26006
2022-02-22,IND_VIZ,1.47,7.92,3.98,0,0,True,synthetic_scenario_generator,26006
2022-02-23,IND_VIZ,1.7,11.72,9.56,0,0,True,synthetic_scenario_generator,26006
2022-02-24,IND_VIZ,1.41,22.78,1.27,0,0,True,synthetic_scenario_generator,26006
2022-02-25,IND_VIZ,1.61,8.92,9.6,0,0,True,synthetic_scenario_generator,26006
2022-02-26,IND_VIZ,1.23,11.44,4.66,0,0,True,synthetic_scenario_generator,26006
2022-02-27,IND_VIZ,1.61,16.08,4.34,0,0,True,synthetic_scenario_generator,26006
2022-02-28,IND_VIZ,0.35,13.5,1.21,0,0,True,synthetic_scenario_generator,26006
2022-03-01,IND_VIZ,0.77,10.68,7.86,0,0,True,synthetic_scenario_generator,26006
2022-03-02,IND_VIZ,0.85,3.37,1.87,0,0,True,synthetic_scenario_generator,26006
2022-03-03,IND_VIZ,1.15,17.99,3.56,0,0,True,synthetic_scenario_generator,26006
2022-03-04,IND_VIZ,0.67,14.39,3.51,0,0,True,synthetic_scenario_generator,26006
2022-03-05,IND_VIZ,1.34,19.19,1.58,0,0,True,synthetic_scenario_generator,26006
2022-03-06,IND_VIZ,0.92,10.87,4.55,0,0,True,synthetic_scenario_generator,26006
2022-03-07,IND_VIZ,0.71,5.79,7.16,0,0,True,synthetic_scenario_generator,26006
2022-03-08,IND_VIZ,1.03,20.3,5.32,0,0,True,synthetic_scenario_generator,26006
2022-03-09,IND_VIZ,0.97,16.7,3.56,0,0,True,synthetic_scenario_generator,26006
2022-03-10,IND_VIZ,0.96,10.56,1.52,0,0,True,synthetic_scenario_generator,26006
2022-03-11,IND_VIZ,0.23,9.13,0.36,0,0,True,synthetic_scenario_generator,26006
2022-03-12,IND_VIZ,0.88,9.37,0.39,0,0,True,synthetic_scenario_generator,26006
2022-03-13,IND_VIZ,0.97,6.63,1.57,0,0,True,synthetic_scenario_generator,26006
2022-03-14,IND_VIZ,0.75,25.1,2.81,0,0,True,synthetic_scenario_generator,26006
2022-03-15,IND_VIZ,0.84,12.18,3.95,0,0,True,synthetic_scenario_generator,26006
2022-03-16,IND_VIZ,0.49,17.13,7.77,0,0,True,synthetic_scenario_generator,26006
2022-03-17,IND_VIZ,1.41,18.07,1.06,0,0,True,synthetic_scenario_generator,26006
2022-03-18,IND_VIZ,0.37,6.18,7.27,0,0,True,synthetic_scenario_generator,26006
2022-03-19,IND_VIZ,0.96,8.98,1.06,0,0,True,synthetic_scenario_generator,26006
2022-03-20,IND_VIZ,0.9,13.58,6.69,0,0,True,synthetic_scenario_generator,26006
2022-03-21,IND_VIZ,1.36,14.22,6.05,0,0,True,synthetic_scenario_generator,26006
2022-03-22,IND_VIZ,0.82,10.04,2.49,0,0,True,synthetic_scenario_generator,26006
2022-03-23,IND_VIZ,1.1,15.36,7.66,0,0,True,synthetic_scenario_generator,26006
2022-03-24,IND_VIZ,1.38,14.24,8.08,0,0,True,synthetic_scenario_generator,26006
2022-03-25,IND_VIZ,1.3,17.67,8.07,0,0,True,synthetic_scenario_generator,26006
2022-03-26,IND_VIZ,1.05,12.62,0.8,0,0,True,synthetic_scenario_generator,26006
2022-03-27,IND_VIZ,1.28,18.25,3.91,0,0,True,synthetic_scenario_generator,26006
2022-03-28,IND_VIZ,1.17,14.78,2.84,0,0,True,synthetic_scenario_generator,26006
2022-03-29,IND_VIZ,1.48,14.43,12.6,0,0,True,synthetic_scenario_generator,26006
2022-03-30,IND_VIZ,0.67,2.0,9.68,0,0,True,synthetic_scenario_generator,26006
2022-03-31,IND_VIZ,1.39,18.07,2.44,0,0,True,synthetic_scenario_generator,26006
2022-04-01,IND_VIZ,1.4,13.89,7.44,0,0,True,synthetic_scenario_generator,26006
2022-04-02,IND_VIZ,1.91,26.57,9.22,0,0,True,synthetic_scenario_generator,26006
2022-04-03,IND_VIZ,1.62,24.48,5.04,0,0,True,synthetic_scenario_generator,26006
2022-04-04,IND_VIZ,1.13,29.71,4.56,0,0,True,synthetic_scenario_generator,26006
2022-04-05,IND_VIZ,2.45,20.33,5.77,0,0,True,synthetic_scenario_generator,26006
2022-04-06,IND_VIZ,1.06,13.6,4.82,0,0,True,synthetic_scenario_generator,26006
2022-04-07,IND_VIZ,1.45,10.55,8.94,0,0,True,synthetic_scenario_generator,26006
2022-04-08,IND_VIZ,1.15,18.3,3.81,0,0,True,synthetic_scenario_generator,26006
2022-04-09,IND_VIZ,1.32,16.15,5.8,0,0,True,synthetic_scenario_generator,26006
2022-04-10,IND_VIZ,1.72,17.3,1.96,0,0,True,synthetic_scenario_generator,26006
2022-04-11,IND_VIZ,0.97,20.66,5.35,0,0,True,synthetic_scenario_generator,26006
2022-04-12,IND_VIZ,1.61,18.61,3.3,0,0,True,synthetic_scenario_generator,26006
2022-04-13,IND_VIZ,1.9,7.93,3.5,0,0,True,synthetic_scenario_generator,26006
2022-04-14,IND_VIZ,1.71,17.44,4.21,0,0,True,synthetic_scenario_generator,26006
2022-04-15,IND_VIZ,1.35,30.6,3.45,0,0,True,synthetic_scenario_generator,26006
2022-04-16,IND_VIZ,1.63,25.72,0.63,0,0,True,synthetic_scenario_generator,26006
2022-04-17,IND_VIZ,1.26,20.76,1.72,0,0,True,synthetic_scenario_generator,26006
2022-04-18,IND_VIZ,1.39,17.96,1.47,0,0,True,synthetic_scenario_generator,26006
2022-04-19,IND_VIZ,1.98,19.22,0.92,0,0,True,synthetic_scenario_generator,26006
2022-04-20,IND_VIZ,1.53,29.03,2.87,0,0,True,synthetic_scenario_generator,26006
2022-04-21,IND_VIZ,0.92,15.81,4.75,0,0,True,synthetic_scenario_generator,26006
2022-04-22,IND_VIZ,1.6,15.16,15.01,0,0,True,synthetic_scenario_generator,26006
2022-04-23,IND_VIZ,2.53,23.32,0.08,0,0,True,synthetic_scenario_generator,26006
2022-04-24,IND_VIZ,1.48,20.65,6.45,0,0,True,synthetic_scenario_generator,26006
2022-04-25,IND_VIZ,1.38,16.42,6.01,0,0,True,synthetic_scenario_generator,26006
2022-04-26,IND_VIZ,1.67,21.42,4.28,0,0,True,synthetic_scenario_generator,26006
2022-04-27,IND_VIZ,1.33,16.54,4.5,0,0,True,synthetic_scenario_generator,26006
2022-04-28,IND_VIZ,1.47,17.25,0.9,0,0,True,synthetic_scenario_generator,26006
2022-04-29,IND_VIZ,1.86,20.41,7.22,0,0,True,synthetic_scenario_generator,26006
2022-04-30,IND_VIZ,1.53,21.9,2.88,0,0,True,synthetic_scenario_generator,26006
2022-05-01,IND_VIZ,1.89,21.34,1.47,0,0,True,synthetic_scenario_generator,26006
2022-05-02,IND_VIZ,1.85,14.76,3.47,0,0,True,synthetic_scenario_generator,26006
2022-05-03,IND_VIZ,1.41,20.34,2.68,0,0,True,synthetic_scenario_generator,26006
2022-05-04,IND_VIZ,0.9,27.92,14.7,0,0,True,synthetic_scenario_generator,26006
2022-05-05,IND_VIZ,1.6,20.05,6.31,0,0,True,synthetic_scenario_generator,26006
2022-05-06,IND_VIZ,1.3,15.76,1.65,0,0,True,synthetic_scenario_generator,26006
2022-05-07,IND_VIZ,1.46,20.2,5.71,0,0,True,synthetic_scenario_generator,26006
2022-05-08,IND_VIZ,2.09,23.27,7.26,0,0,True,synthetic_scenario_generator,26006
2022-05-09,IND_VIZ,1.46,22.12,6.22,0,0,True,synthetic_scenario_generator,26006
2022-05-10,IND_VIZ,1.77,20.74,9.7,0,0,True,synthetic_scenario_generator,26006
2022-05-11,IND_VIZ,1.79,21.66,8.09,0,0,True,synthetic_scenario_generator,26006
2022-05-12,IND_VIZ,0.74,21.27,1.64,0,0,True,synthetic_scenario_generator,26006
2022-05-13,IND_VIZ,1.28,14.44,6.08,0,0,True,synthetic_scenario_generator,26006
2022-05-14,IND_VIZ,1.86,21.11,0.18,0,0,True,synthetic_scenario_generator,26006
2022-05-15,IND_VIZ,2.15,30.81,2.42,0,0,True,synthetic_scenario_generator,26006
2022-05-16,IND_VIZ,1.97,16.8,1.42,0,0,True,synthetic_scenario_generator,26006
2022-05-17,IND_VIZ,1.51,15.14,0.62,0,0,True,synthetic_scenario_generator,26006
2022-05-18,IND_VIZ,1.36,22.97,1.78,0,0,True,synthetic_scenario_generator,26006
2022-05-19,IND_VIZ,1.32,23.25,5.61,0,0,True,synthetic_scenario_generator,26006
2022-05-20,IND_VIZ,1.87,19.83,0.77,0,0,True,synthetic_scenario_generator,26006
2022-05-21,IND_VIZ,0.84,25.35,1.77,0,0,True,synthetic_scenario_generator,26006
2022-05-22,IND_VIZ,2.06,21.62,4.44,0,0,True,synthetic_scenario_generator,26006
2022-05-23,IND_VIZ,1.94,2.0,10.68,0,0,True,synthetic_scenario_generator,26006
2022-05-24,IND_VIZ,1.23,21.16,4.61,0,0,True,synthetic_scenario_generator,26006
2022-05-25,IND_VIZ,1.61,21.51,2.1,0,0,True,synthetic_scenario_generator,26006
2022-05-26,IND_VIZ,1.48,21.83,0.44,0,0,True,synthetic_scenario_generator,26006
2022-05-27,IND_VIZ,1.13,24.83,1.5,0,0,True,synthetic_scenario_generator,26006
2022-05-28,IND_VIZ,1.32,22.62,2.04,0,0,True,synthetic_scenario_generator,26006
2022-05-29,IND_VIZ,1.59,20.51,10.14,0,0,True,synthetic_scenario_generator,26006
2022-05-30,IND_VIZ,2.16,23.16,0.76,0,0,True,synthetic_scenario_generator,26006
2022-05-31,IND_VIZ,2.16,24.55,3.08,0,0,True,synthetic_scenario_generator,26006
2022-06-01,IND_VIZ,2.66,39.98,22.68,0,1,True,synthetic_scenario_generator,26006
2022-06-02,IND_VIZ,2.39,32.9,10.5,0,1,True,synthetic_scenario_generator,26006
2022-06-03,IND_VIZ,2.78,43.44,32.54,0,1,True,synthetic_scenario_generator,26006
2022-06-04,IND_VIZ,3.06,27.31,19.02,0,1,True,synthetic_scenario_generator,26006
2022-06-05,IND_VIZ,2.73,47.97,8.4,0,1,True,synthetic_scenario_generator,26006
2022-06-06,IND_VIZ,2.85,33.76,2.82,0,1,True,synthetic_scenario_generator,26006
2022-06-07,IND_VIZ,3.14,35.43,2.83,0,1,True,synthetic_scenario_generator,26006
2022-06-08,IND_VIZ,3.81,40.54,14.9,1,1,True,synthetic_scenario_generator,26006
2022-06-09,IND_VIZ,2.6,43.91,8.55,0,1,True,synthetic_scenario_generator,26006
2022-06-10,IND_VIZ,2.4,35.5,11.66,0,1,True,synthetic_scenario_generator,26006
2022-06-11,IND_VIZ,2.28,34.01,19.13,0,1,True,synthetic_scenario_generator,26006
2022-06-12,IND_VIZ,2.81,21.53,6.19,0,1,True,synthetic_scenario_generator,26006
2022-06-13,IND_VIZ,3.3,34.78,10.05,0,1,True,synthetic_scenario_generator,26006
2022-06-14,IND_VIZ,3.35,34.17,8.44,0,1,True,synthetic_scenario_generator,26006
2022-06-15,IND_VIZ,2.73,39.13,10.82,0,1,True,synthetic_scenario_generator,26006
2022-06-16,IND_VIZ,2.94,44.43,16.1,0,1,True,synthetic_scenario_generator,26006
2022-06-17,IND_VIZ,2.5,36.37,3.18,0,1,True,synthetic_scenario_generator,26006
2022-06-18,IND_VIZ,2.31,35.63,14.12,0,1,True,synthetic_scenario_generator,26006
2022-06-19,IND_VIZ,3.58,34.25,10.89,1,1,True,synthetic_scenario_generator,26006
2022-06-20,IND_VIZ,2.7,34.5,0.42,0,1,True,synthetic_scenario_generator,26006
2022-06-21,IND_VIZ,3.18,30.91,13.81,0,1,True,synthetic_scenario_generator,26006
2022-06-22,IND_VIZ,2.49,30.3,18.34,0,1,True,synthetic_scenario_generator,26006
2022-06-23,IND_VIZ,2.12,33.1,3.09,0,1,True,synthetic_scenario_generator,26006
2022-06-24,IND_VIZ,3.12,20.71,9.56,0,1,True,synthetic_scenario_generator,26006
2022-06-25,IND_VIZ,2.66,31.39,4.79,0,1,True,synthetic_scenario_generator,26006
2022-06-26,IND_VIZ,2.34,40.17,11.56,0,1,True,synthetic_scenario_generator,26006
2022-06-27,IND_VIZ,3.17,29.7,11.11,0,1,True,synthetic_scenario_generator,26006
2022-06-28,IND_VIZ,2.07,40.87,2.96,0,1,True,synthetic_scenario_generator,26006
2022-06-29,IND_VIZ,3.32,31.04,4.27,0,1,True,synthetic_scenario_generator,26006
2022-06-30,IND_VIZ,3.33,28.3,4.47,0,1,True,synthetic_scenario_generator,26006
2022-07-01,IND_VIZ,2.52,34.23,1.97,0,1,True,synthetic_scenario_generator,26006
2022-07-02,IND_VIZ,3.13,27.12,6.41,0,1,True,synthetic_scenario_generator,26006
2022-07-03,IND_VIZ,3.23,29.9,5.6,0,1,True,synthetic_scenario_generator,26006
2022-07-04,IND_VIZ,2.17,30.68,14.7,0,1,True,synthetic_scenario_generator,26006
2022-07-05,IND_VIZ,1.69,16.68,1.74,0,1,True,synthetic_scenario_generator,26006
2022-07-06,IND_VIZ,2.2,25.84,15.88,0,1,True,synthetic_scenario_generator,26006
2022-07-07,IND_VIZ,2.08,25.3,9.31,0,1,True,synthetic_scenario_generator,26006
2022-07-08,IND_VIZ,2.4,26.66,4.26,0,1,True,synthetic_scenario_generator,26006
2022-07-09,IND_VIZ,1.86,31.47,4.16,0,1,True,synthetic_scenario_generator,26006
2022-07-10,IND_VIZ,2.37,35.52,37.51,0,1,True,synthetic_scenario_generator,26006
2022-07-11,IND_VIZ,2.43,26.09,18.99,0,1,True,synthetic_scenario_generator,26006
2022-07-12,IND_VIZ,2.42,23.89,14.04,0,1,True,synthetic_scenario_generator,26006
2022-07-13,IND_VIZ,2.41,26.97,12.82,0,1,True,synthetic_scenario_generator,26006
2022-07-14,IND_VIZ,1.73,22.94,8.76,0,1,True,synthetic_scenario_generator,26006
2022-07-15,IND_VIZ,2.44,21.49,9.17,0,1,True,synthetic_scenario_generator,26006
2022-07-16,IND_VIZ,1.96,24.25,4.15,0,1,True,synthetic_scenario_generator,26006
2022-07-17,IND_VIZ,2.38,30.38,2.99,0,1,True,synthetic_scenario_generator,26006
2022-07-18,IND_VIZ,2.12,26.74,11.25,0,1,True,synthetic_scenario_generator,26006
2022-07-19,IND_VIZ,2.31,28.73,1.02,0,1,True,synthetic_scenario_generator,26006
2022-07-20,IND_VIZ,2.59,26.12,8.03,0,1,True,synthetic_scenario_generator,26006
2022-07-21,IND_VIZ,2.47,27.96,0.78,0,1,True,synthetic_scenario_generator,26006
2022-07-22,IND_VIZ,2.19,28.36,13.39,0,1,True,synthetic_scenario_generator,26006
2022-07-23,IND_VIZ,1.78,28.2,18.18,0,1,True,synthetic_scenario_generator,26006
2022-07-24,IND_VIZ,1.57,25.2,16.11,0,1,True,synthetic_scenario_generator,26006
2022-07-25,IND_VIZ,1.67,21.44,23.98,0,1,True,synthetic_scenario_generator,26006
2022-07-26,IND_VIZ,1.48,30.22,9.4,0,1,True,synthetic_scenario_generator,26006
2022-07-27,IND_VIZ,2.17,27.44,6.4,0,1,True,synthetic_scenario_generator,26006
2022-07-28,IND_VIZ,1.9,32.1,5.94,0,1,True,synthetic_scenario_generator,26006
2022-07-29,IND_VIZ,1.82,27.69,16.95,0,1,True,synthetic_scenario_generator,26006
2022-07-30,IND_VIZ,1.98,21.25,7.46,0,1,True,synthetic_scenario_generator,26006
2022-07-31,IND_VIZ,2.41,25.47,18.68,0,1,True,synthetic_scenario_generator,26006
2022-08-01,IND_VIZ,2.17,25.32,16.46,0,1,True,synthetic_scenario_generator,26006
2022-08-02,IND_VIZ,1.98,25.22,19.66,0,1,True,synthetic_scenario_generator,26006
2022-08-03,IND_VIZ,1.52,34.88,2.94,0,1,True,synthetic_scenario_generator,26006
2022-08-04,IND_VIZ,2.58,19.52,4.79,0,1,True,synthetic_scenario_generator,26006
2022-08-05,IND_VIZ,2.09,25.02,6.15,0,1,True,synthetic_scenario_generator,26006
2022-08-06,IND_VIZ,1.54,37.66,3.06,0,1,True,synthetic_scenario_generator,26006
2022-08-07,IND_VIZ,2.95,24.53,9.21,0,1,True,synthetic_scenario_generator,26006
2022-08-08,IND_VIZ,3.13,31.13,21.19,0,1,True,synthetic_scenario_generator,26006
2022-08-09,IND_VIZ,2.43,30.35,6.48,0,1,True,synthetic_scenario_generator,26006
2022-08-10,IND_VIZ,2.15,31.97,23.71,0,1,True,synthetic_scenario_generator,26006
2022-08-11,IND_VIZ,1.58,27.06,20.68,0,1,True,synthetic_scenario_generator,26006
2022-08-12,IND_VIZ,2.01,33.15,39.7,0,1,True,synthetic_scenario_generator,26006
2022-08-13,IND_VIZ,3.0,22.24,1.52,0,1,True,synthetic_scenario_generator,26006
2022-08-14,IND_VIZ,1.5,23.12,23.34,0,1,True,synthetic_scenario_generator,26006
2022-08-15,IND_VIZ,1.57,30.12,26.18,0,1,True,synthetic_scenario_generator,26006
2022-08-16,IND_VIZ,2.26,27.14,7.16,0,1,True,synthetic_scenario_generator,26006
2022-08-17,IND_VIZ,1.97,34.64,23.43,0,1,True,synthetic_scenario_generator,26006
2022-08-18,IND_VIZ,2.58,20.89,24.62,0,1,True,synthetic_scenario_generator,26006
2022-08-19,IND_VIZ,2.87,28.21,27.17,0,1,True,synthetic_scenario_generator,26006
2022-08-20,IND_VIZ,2.14,33.73,24.44,0,1,True,synthetic_scenario_generator,26006
2022-08-21,IND_VIZ,2.99,20.38,14.44,0,1,True,synthetic_scenario_generator,26006
2022-08-22,IND_VIZ,2.06,26.43,5.44,0,1,True,synthetic_scenario_generator,26006
2022-08-23,IND_VIZ,2.07,24.32,34.69,0,1,True,synthetic_scenario_generator,26006
2022-08-24,IND_VIZ,2.35,22.34,3.32,0,1,True,synthetic_scenario_generator,26006
2022-08-25,IND_VIZ,1.77,25.19,18.52,0,1,True,synthetic_scenario_generator,26006
2022-08-26,IND_VIZ,2.1,21.94,5.73,0,1,True,synthetic_scenario_generator,26006
2022-08-27,IND_VIZ,2.19,24.15,62.65,0,1,True,synthetic_scenario_generator,26006
2022-08-28,IND_VIZ,1.92,24.15,4.98,0,1,True,synthetic_scenario_generator,26006
2022-08-29,IND_VIZ,2.11,28.76,11.51,0,1,True,synthetic_scenario_generator,26006
2022-08-30,IND_VIZ,1.98,24.9,3.21,0,1,True,synthetic_scenario_generator,26006
2022-08-31,IND_VIZ,2.71,26.43,14.6,0,1,True,synthetic_scenario_generator,26006
2022-09-01,IND_VIZ,2.29,18.1,8.95,0,1,True,synthetic_scenario_generator,26006
2022-09-02,IND_VIZ,2.11,23.13,24.26,0,1,True,synthetic_scenario_generator,26006
2022-09-03,IND_VIZ,2.64,33.09,5.07,0,1,True,synthetic_scenario_generator,26006
2022-09-04,IND_VIZ,1.7,20.58,33.59,0,1,True,synthetic_scenario_generator,26006
2022-09-05,IND_VIZ,1.67,29.57,31.09,0,1,True,synthetic_scenario_generator,26006
2022-09-06,IND_VIZ,2.56,32.19,7.02,0,1,True,synthetic_scenario_generator,26006
2022-09-07,IND_VIZ,2.36,23.25,8.45,0,1,True,synthetic_scenario_generator,26006
2022-09-08,IND_VIZ,3.17,23.72,13.31,0,1,True,synthetic_scenario_generator,26006
2022-09-09,IND_VIZ,1.76,22.87,34.83,0,1,True,synthetic_scenario_generator,26006
2022-09-10,IND_VIZ,2.69,37.44,2.18,0,1,True,synthetic_scenario_generator,26006
2022-09-11,IND_VIZ,1.78,35.03,22.41,0,1,True,synthetic_scenario_generator,26006
2022-09-12,IND_VIZ,1.87,24.23,23.74,0,1,True,synthetic_scenario_generator,26006
2022-09-13,IND_VIZ,1.84,25.03,1.17,0,1,True,synthetic_scenario_generator,26006
2022-09-14,IND_VIZ,2.75,27.78,40.15,0,1,True,synthetic_scenario_generator,26006
2022-09-15,IND_VIZ,2.37,37.01,0.39,0,1,True,synthetic_scenario_generator,26006
2022-09-16,IND_VIZ,1.94,22.91,22.5,0,1,True,synthetic_scenario_generator,26006
2022-09-17,IND_VIZ,2.64,26.79,1.72,0,1,True,synthetic_scenario_generator,26006
2022-09-18,IND_VIZ,2.74,22.33,2.71,0,1,True,synthetic_scenario_generator,26006
2022-09-19,IND_VIZ,1.64,20.44,0.05,0,1,True,synthetic_scenario_generator,26006
2022-09-20,IND_VIZ,2.31,28.3,2.96,0,1,True,synthetic_scenario_generator,26006
2022-09-21,IND_VIZ,1.23,26.44,0.34,0,1,True,synthetic_scenario_generator,26006
2022-09-22,IND_VIZ,2.55,24.89,9.98,0,1,True,synthetic_scenario_generator,26006
2022-09-23,IND_VIZ,2.31,30.64,7.68,0,1,True,synthetic_scenario_generator,26006
2022-09-24,IND_VIZ,1.56,26.81,0.54,0,1,True,synthetic_scenario_generator,26006
2022-09-25,IND_VIZ,2.73,24.93,40.09,0,1,True,synthetic_scenario_generator,26006
2022-09-26,IND_VIZ,1.71,28.26,3.2,0,1,True,synthetic_scenario_generator,26006
2022-09-27,IND_VIZ,2.4,28.7,2.38,0,1,True,synthetic_scenario_generator,26006
2022-09-28,IND_VIZ,2.27,27.33,41.3,0,1,True,synthetic_scenario_generator,26006
2022-09-29,IND_VIZ,2.49,24.58,6.03,0,1,True,synthetic_scenario_generator,26006
2022-09-30,IND_VIZ,2.13,25.94,3.62,0,1,True,synthetic_scenario_generator,26006
2022-10-01,IND_VIZ,1.49,19.53,0.4,0,0,True,synthetic_scenario_generator,26006
2022-10-02,IND_VIZ,1.71,19.71,2.71,0,0,True,synthetic_scenario_generator,26006
2022-10-03,IND_VIZ,1.54,11.76,10.74,0,0,True,synthetic_scenario_generator,26006
2022-10-04,IND_VIZ,1.37,26.82,7.21,0,0,True,synthetic_scenario_generator,26006
2022-10-05,IND_VIZ,1.2,11.15,1.19,0,0,True,synthetic_scenario_generator,26006
2022-10-06,IND_VIZ,1.26,24.74,5.05,0,0,True,synthetic_scenario_generator,26006
2022-10-07,IND_VIZ,1.99,11.76,0.01,0,0,True,synthetic_scenario_generator,26006
2022-10-08,IND_VIZ,1.94,22.25,1.15,0,0,True,synthetic_scenario_generator,26006
2022-10-09,IND_VIZ,2.07,16.17,1.2,0,0,True,synthetic_scenario_generator,26006
2022-10-10,IND_VIZ,0.7,23.83,5.24,0,0,True,synthetic_scenario_generator,26006
2022-10-11,IND_VIZ,1.01,21.78,3.45,0,0,True,synthetic_scenario_generator,26006
2022-10-12,IND_VIZ,0.99,20.43,0.19,0,0,True,synthetic_scenario_generator,26006
2022-10-13,IND_VIZ,2.12,24.78,3.03,0,0,True,synthetic_scenario_generator,26006
2022-10-14,IND_VIZ,2.49,17.67,1.97,0,0,True,synthetic_scenario_generator,26006
2022-10-15,IND_VIZ,1.4,15.97,6.63,0,0,True,synthetic_scenario_generator,26006
2022-10-16,IND_VIZ,1.44,15.34,7.76,0,0,True,synthetic_scenario_generator,26006
2022-10-17,IND_VIZ,1.12,27.92,0.95,0,0,True,synthetic_scenario_generator,26006
2022-10-18,IND_VIZ,1.68,23.63,2.23,0,0,True,synthetic_scenario_generator,26006
2022-10-19,IND_VIZ,2.15,23.51,7.09,0,0,True,synthetic_scenario_generator,26006
2022-10-20,IND_VIZ,1.1,24.17,2.38,0,0,True,synthetic_scenario_generator,26006
2022-10-21,IND_VIZ,1.52,7.12,4.24,0,0,True,synthetic_scenario_generator,26006
2022-10-22,IND_VIZ,1.21,22.58,2.35,0,0,True,synthetic_scenario_generator,26006
2022-10-23,IND_VIZ,0.5,16.65,7.31,0,0,True,synthetic_scenario_generator,26006
2022-10-24,IND_VIZ,2.13,24.26,0.91,0,0,True,synthetic_scenario_generator,26006
2022-10-25,IND_VIZ,1.19,28.33,7.39,0,0,True,synthetic_scenario_generator,26006
2022-10-26,IND_VIZ,2.02,16.14,5.13,0,0,True,synthetic_scenario_generator,26006
2022-10-27,IND_VIZ,1.64,19.97,3.49,0,0,True,synthetic_scenario_generator,26006
2022-10-28,IND_VIZ,2.3,15.8,2.42,0,0,True,synthetic_scenario_generator,26006
2022-10-29,IND_VIZ,2.12,15.08,7.84,0,0,True,synthetic_scenario_generator,26006
2022-10-30,IND_VIZ,1.11,24.55,13.31,0,0,True,synthetic_scenario_generator,26006
2022-10-31,IND_VIZ,1.48,20.15,7.07,0,0,True,synthetic_scenario_generator,26006
2022-11-01,IND_VIZ,1.42,21.88,2.3,0,0,True,synthetic_scenario_generator,26006
2022-11-02,IND_VIZ,1.54,24.08,6.48,0,0,True,synthetic_scenario_generator,26006
2022-11-03,IND_VIZ,1.38,22.97,0.73,0,0,True,synthetic_scenario_generator,26006
2022-11-04,IND_VIZ,0.96,24.45,0.65,0,0,True,synthetic_scenario_generator,26006
2022-11-05,IND_VIZ,0.86,18.87,2.7,0,0,True,synthetic_scenario_generator,26006
2022-11-06,IND_VIZ,1.8,23.22,1.21,0,0,True,synthetic_scenario_generator,26006
2022-11-07,IND_VIZ,1.8,18.06,1.74,0,0,True,synthetic_scenario_generator,26006
2022-11-08,IND_VIZ,1.39,16.11,7.5,0,0,True,synthetic_scenario_generator,26006
2022-11-09,IND_VIZ,1.34,8.66,1.57,0,0,True,synthetic_scenario_generator,26006
2022-11-10,IND_VIZ,1.87,22.53,4.28,0,0,True,synthetic_scenario_generator,26006
2022-11-11,IND_VIZ,2.62,13.49,2.11,0,0,True,synthetic_scenario_generator,26006
2022-11-12,IND_VIZ,1.51,22.78,0.47,0,0,True,synthetic_scenario_generator,26006
2022-11-13,IND_VIZ,1.63,18.68,15.92,0,0,True,synthetic_scenario_generator,26006
2022-11-14,IND_VIZ,1.14,16.15,11.08,0,0,True,synthetic_scenario_generator,26006
2022-11-15,IND_VIZ,2.12,7.83,0.41,0,0,True,synthetic_scenario_generator,26006
2022-11-16,IND_VIZ,1.43,24.32,1.16,0,0,True,synthetic_scenario_generator,26006
2022-11-17,IND_VIZ,1.04,22.68,0.61,0,0,True,synthetic_scenario_generator,26006
2022-11-18,IND_VIZ,1.2,19.67,3.46,0,0,True,synthetic_scenario_generator,26006
2022-11-19,IND_VIZ,1.14,17.6,1.97,0,0,True,synthetic_scenario_generator,26006
2022-11-20,IND_VIZ,1.43,17.65,5.53,0,0,True,synthetic_scenario_generator,26006
2022-11-21,IND_VIZ,0.89,22.33,1.44,0,0,True,synthetic_scenario_generator,26006
2022-11-22,IND_VIZ,1.12,9.97,0.12,0,0,True,synthetic_scenario_generator,26006
2022-11-23,IND_VIZ,1.89,20.54,3.58,0,0,True,synthetic_scenario_generator,26006
2022-11-24,IND_VIZ,0.88,18.21,1.74,0,0,True,synthetic_scenario_generator,26006
2022-11-25,IND_VIZ,0.71,23.2,1.75,0,0,True,synthetic_scenario_generator,26006
2022-11-26,IND_VIZ,1.86,18.08,3.46,0,0,True,synthetic_scenario_generator,26006
2022-11-27,IND_VIZ,1.74,19.48,1.66,0,0,True,synthetic_scenario_generator,26006
2022-11-28,IND_VIZ,2.21,14.21,1.27,0,0,True,synthetic_scenario_generator,26006
2022-11-29,IND_VIZ,1.4,15.33,1.71,0,0,True,synthetic_scenario_generator,26006
2022-11-30,IND_VIZ,1.18,16.48,5.95,0,0,True,synthetic_scenario_generator,26006
2022-12-01,IND_VIZ,1.12,14.83,1.83,0,0,True,synthetic_scenario_generator,26006
2022-12-02,IND_VIZ,2.14,18.63,0.84,0,0,True,synthetic_scenario_generator,26006
2022-12-03,IND_VIZ,1.97,14.04,1.16,0,0,True,synthetic_scenario_generator,26006
2022-12-04,IND_VIZ,1.5,14.76,4.22,0,0,True,synthetic_scenario_generator,26006
2022-12-05,IND_VIZ,1.5,22.64,3.68,0,0,True,synthetic_scenario_generator,26006
2022-12-06,IND_VIZ,1.33,20.17,5.61,0,0,True,synthetic_scenario_generator,26006
2022-12-07,IND_VIZ,1.71,26.68,1.63,0,0,True,synthetic_scenario_generator,26006
2022-12-08,IND_VIZ,1.42,16.81,1.01,0,0,True,synthetic_scenario_generator,26006
2022-12-09,IND_VIZ,1.59,28.94,6.28,0,0,True,synthetic_scenario_generator,26006
2022-12-10,IND_VIZ,1.27,21.57,3.56,0,0,True,synthetic_scenario_generator,26006
2022-12-11,IND_VIZ,0.76,15.56,6.75,0,0,True,synthetic_scenario_generator,26006
2022-12-12,IND_VIZ,1.31,23.84,4.75,0,0,True,synthetic_scenario_generator,26006
2022-12-13,IND_VIZ,2.3,18.33,2.88,0,0,True,synthetic_scenario_generator,26006
2022-12-14,IND_VIZ,0.91,15.76,1.79,0,0,True,synthetic_scenario_generator,26006
2022-12-15,IND_VIZ,1.58,24.36,8.65,0,0,True,synthetic_scenario_generator,26006
2022-12-16,IND_VIZ,1.47,20.53,4.72,0,0,True,synthetic_scenario_generator,26006
2022-12-17,IND_VIZ,1.4,25.28,1.86,0,0,True,synthetic_scenario_generator,26006
2022-12-18,IND_VIZ,2.3,17.39,9.81,0,0,True,synthetic_scenario_generator,26006
2022-12-19,IND_VIZ,1.32,23.81,1.72,0,0,True,synthetic_scenario_generator,26006
2022-12-20,IND_VIZ,1.48,26.64,14.36,0,0,True,synthetic_scenario_generator,26006
2022-12-21,IND_VIZ,1.35,21.04,1.3,0,0,True,synthetic_scenario_generator,26006
2022-12-22,IND_VIZ,1.3,17.95,2.89,0,0,True,synthetic_scenario_generator,26006
2022-12-23,IND_VIZ,2.2,16.83,6.39,0,0,True,synthetic_scenario_generator,26006
2022-12-24,IND_VIZ,1.49,12.08,1.04,0,0,True,synthetic_scenario_generator,26006
2022-12-25,IND_VIZ,0.97,14.32,0.22,0,0,True,synthetic_scenario_generator,26006
2022-12-26,IND_VIZ,0.96,16.89,6.25,0,0,True,synthetic_scenario_generator,26006
2022-12-27,IND_VIZ,1.56,13.6,0.73,0,0,True,synthetic_scenario_generator,26006
2022-12-28,IND_VIZ,1.53,31.52,2.99,0,0,True,synthetic_scenario_generator,26006
2022-12-29,IND_VIZ,1.05,25.11,5.18,0,0,True,synthetic_scenario_generator,26006
2022-12-30,IND_VIZ,1.73,18.48,0.31,0,0,True,synthetic_scenario_generator,26006
2022-12-31,IND_VIZ,1.66,23.74,1.24,0,0,True,synthetic_scenario_generator,26006
2023-01-01,IND_VIZ,1.28,18.42,10.83,0,0,True,synthetic_scenario_generator,26006
2023-01-02,IND_VIZ,1.58,14.64,4.36,0,0,True,synthetic_scenario_generator,26006
2023-01-03,IND_VIZ,0.99,10.11,0.76,0,0,True,synthetic_scenario_generator,26006
2023-01-04,IND_VIZ,0.98,14.34,1.96,0,0,True,synthetic_scenario_generator,26006
2023-01-05,IND_VIZ,1.25,22.81,1.93,0,0,True,synthetic_scenario_generator,26006
2023-01-06,IND_VIZ,1.19,11.14,13.7,0,0,True,synthetic_scenario_generator,26006
2023-01-07,IND_VIZ,1.28,10.67,0.53,0,0,True,synthetic_scenario_generator,26006
2023-01-08,IND_VIZ,1.37,14.39,1.57,0,0,True,synthetic_scenario_generator,26006
2023-01-09,IND_VIZ,1.23,12.58,2.54,0,0,True,synthetic_scenario_generator,26006
2023-01-10,IND_VIZ,0.77,19.84,1.83,0,0,True,synthetic_scenario_generator,26006
2023-01-11,IND_VIZ,0.66,17.24,14.77,0,0,True,synthetic_scenario_generator,26006
2023-01-12,IND_VIZ,1.12,16.11,2.69,0,0,True,synthetic_scenario_generator,26006
2023-01-13,IND_VIZ,0.87,13.79,1.19,0,0,True,synthetic_scenario_generator,26006
2023-01-14,IND_VIZ,0.61,11.55,1.48,0,0,True,synthetic_scenario_generator,26006
2023-01-15,IND_VIZ,0.7,16.53,0.21,0,0,True,synthetic_scenario_generator,26006
2023-01-16,IND_VIZ,0.85,13.65,4.3,0,0,True,synthetic_scenario_generator,26006
2023-01-17,IND_VIZ,1.1,15.86,2.72,0,0,True,synthetic_scenario_generator,26006
2023-01-18,IND_VIZ,1.43,8.15,2.57,0,0,True,synthetic_scenario_generator,26006
2023-01-19,IND_VIZ,1.33,12.09,2.21,0,0,True,synthetic_scenario_generator,26006
2023-01-20,IND_VIZ,1.59,15.14,4.06,0,0,True,synthetic_scenario_generator,26006
2023-01-21,IND_VIZ,1.36,20.51,2.0,0,0,True,synthetic_scenario_generator,26006
2023-01-22,IND_VIZ,1.22,14.35,7.81,0,0,True,synthetic_scenario_generator,26006
2023-01-23,IND_VIZ,0.81,10.18,7.29,0,0,True,synthetic_scenario_generator,26006
2023-01-24,IND_VIZ,0.63,8.71,4.35,0,0,True,synthetic_scenario_generator,26006
2023-01-25,IND_VIZ,0.82,12.45,6.44,0,0,True,synthetic_scenario_generator,26006
2023-01-26,IND_VIZ,0.5,16.58,5.33,0,0,True,synthetic_scenario_generator,26006
2023-01-27,IND_VIZ,0.77,17.76,0.48,0,0,True,synthetic_scenario_generator,26006
2023-01-28,IND_VIZ,0.94,14.07,2.64,0,0,True,synthetic_scenario_generator,26006
2023-01-29,IND_VIZ,0.58,17.24,4.15,0,0,True,synthetic_scenario_generator,26006
2023-01-30,IND_VIZ,1.49,12.25,5.39,0,0,True,synthetic_scenario_generator,26006
2023-01-31,IND_VIZ,1.17,19.21,7.48,0,0,True,synthetic_scenario_generator,26006
2023-02-01,IND_VIZ,1.48,13.22,3.1,0,0,True,synthetic_scenario_generator,26006
2023-02-02,IND_VIZ,0.72,10.75,3.6,0,0,True,synthetic_scenario_generator,26006
2023-02-03,IND_VIZ,1.28,17.02,1.38,0,0,True,synthetic_scenario_generator,26006
2023-02-04,IND_VIZ,1.07,14.05,0.52,0,0,True,synthetic_scenario_generator,26006
2023-02-05,IND_VIZ,0.78,16.98,9.49,0,0,True,synthetic_scenario_generator,26006
2023-02-06,IND_VIZ,0.85,20.08,3.4,0,0,True,synthetic_scenario_generator,26006
2023-02-07,IND_VIZ,0.57,14.53,8.13,0,0,True,synthetic_scenario_generator,26006
2023-02-08,IND_VIZ,1.07,11.6,3.76,0,0,True,synthetic_scenario_generator,26006
2023-02-09,IND_VIZ,1.37,6.11,0.92,0,0,True,synthetic_scenario_generator,26006
2023-02-10,IND_VIZ,1.36,10.03,2.4,0,0,True,synthetic_scenario_generator,26006
2023-02-11,IND_VIZ,1.5,8.35,0.82,0,0,True,synthetic_scenario_generator,26006
2023-02-12,IND_VIZ,1.21,15.72,1.97,0,0,True,synthetic_scenario_generator,26006
2023-02-13,IND_VIZ,1.02,12.14,5.17,0,0,True,synthetic_scenario_generator,26006
2023-02-14,IND_VIZ,0.51,2.0,10.12,0,0,True,synthetic_scenario_generator,26006
2023-02-15,IND_VIZ,0.61,7.64,12.55,0,0,True,synthetic_scenario_generator,26006
2023-02-16,IND_VIZ,1.45,20.25,3.04,0,0,True,synthetic_scenario_generator,26006
2023-02-17,IND_VIZ,0.2,11.58,2.3,0,0,True,synthetic_scenario_generator,26006
2023-02-18,IND_VIZ,1.69,13.91,5.62,0,0,True,synthetic_scenario_generator,26006
2023-02-19,IND_VIZ,1.08,9.06,2.22,0,0,True,synthetic_scenario_generator,26006
2023-02-20,IND_VIZ,1.16,15.86,0.33,0,0,True,synthetic_scenario_generator,26006
2023-02-21,IND_VIZ,1.5,10.38,1.73,0,0,True,synthetic_scenario_generator,26006
2023-02-22,IND_VIZ,0.9,14.74,7.91,0,0,True,synthetic_scenario_generator,26006
2023-02-23,IND_VIZ,1.13,12.0,0.68,0,0,True,synthetic_scenario_generator,26006
2023-02-24,IND_VIZ,0.64,6.2,0.45,0,0,True,synthetic_scenario_generator,26006
2023-02-25,IND_VIZ,1.39,14.09,2.52,0,0,True,synthetic_scenario_generator,26006
2023-02-26,IND_VIZ,0.67,7.62,6.45,0,0,True,synthetic_scenario_generator,26006
2023-02-27,IND_VIZ,0.8,18.7,5.81,0,0,True,synthetic_scenario_generator,26006
2023-02-28,IND_VIZ,0.68,10.36,6.91,0,0,True,synthetic_scenario_generator,26006
2023-03-01,IND_VIZ,1.17,6.55,5.75,0,0,True,synthetic_scenario_generator,26006
2023-03-02,IND_VIZ,1.69,9.94,4.76,0,0,True,synthetic_scenario_generator,26006
2023-03-03,IND_VIZ,1.06,14.79,0.56,0,0,True,synthetic_scenario_generator,26006
2023-03-04,IND_VIZ,0.6,14.82,3.57,0,0,True,synthetic_scenario_generator,26006
2023-03-05,IND_VIZ,0.69,16.06,2.0,0,0,True,synthetic_scenario_generator,26006
2023-03-06,IND_VIZ,0.94,19.7,3.6,0,0,True,synthetic_scenario_generator,26006
2023-03-07,IND_VIZ,0.78,10.56,2.86,0,0,True,synthetic_scenario_generator,26006
2023-03-08,IND_VIZ,1.24,18.36,1.24,0,0,True,synthetic_scenario_generator,26006
2023-03-09,IND_VIZ,0.38,9.43,6.31,0,0,True,synthetic_scenario_generator,26006
2023-03-10,IND_VIZ,1.07,19.86,4.44,0,0,True,synthetic_scenario_generator,26006
2023-03-11,IND_VIZ,0.32,13.91,6.68,0,0,True,synthetic_scenario_generator,26006
2023-03-12,IND_VIZ,0.72,17.89,0.04,0,0,True,synthetic_scenario_generator,26006
2023-03-13,IND_VIZ,1.1,17.21,3.22,0,0,True,synthetic_scenario_generator,26006
2023-03-14,IND_VIZ,1.39,11.53,4.1,0,0,True,synthetic_scenario_generator,26006
2023-03-15,IND_VIZ,1.37,17.23,5.33,0,0,True,synthetic_scenario_generator,26006
2023-03-16,IND_VIZ,0.79,13.87,0.96,0,0,True,synthetic_scenario_generator,26006
2023-03-17,IND_VIZ,1.55,7.21,1.84,0,0,True,synthetic_scenario_generator,26006
2023-03-18,IND_VIZ,1.71,6.27,6.87,0,0,True,synthetic_scenario_generator,26006
2023-03-19,IND_VIZ,0.41,17.67,0.13,0,0,True,synthetic_scenario_generator,26006
2023-03-20,IND_VIZ,0.4,12.02,2.56,0,0,True,synthetic_scenario_generator,26006
2023-03-21,IND_VIZ,0.86,15.23,4.93,0,0,True,synthetic_scenario_generator,26006
2023-03-22,IND_VIZ,1.01,8.9,10.26,0,0,True,synthetic_scenario_generator,26006
2023-03-23,IND_VIZ,0.2,17.14,4.2,0,0,True,synthetic_scenario_generator,26006
2023-03-24,IND_VIZ,1.14,12.17,6.19,0,0,True,synthetic_scenario_generator,26006
2023-03-25,IND_VIZ,1.21,17.39,4.52,0,0,True,synthetic_scenario_generator,26006
2023-03-26,IND_VIZ,1.23,18.61,1.57,0,0,True,synthetic_scenario_generator,26006
2023-03-27,IND_VIZ,0.79,21.6,0.05,0,0,True,synthetic_scenario_generator,26006
2023-03-28,IND_VIZ,1.02,19.49,3.04,0,0,True,synthetic_scenario_generator,26006
2023-03-29,IND_VIZ,1.48,11.4,7.9,0,0,True,synthetic_scenario_generator,26006
2023-03-30,IND_VIZ,0.59,11.6,1.99,0,0,True,synthetic_scenario_generator,26006
2023-03-31,IND_VIZ,1.21,10.77,2.88,0,0,True,synthetic_scenario_generator,26006
2023-04-01,IND_VIZ,1.43,23.7,0.36,0,0,True,synthetic_scenario_generator,26006
2023-04-02,IND_VIZ,1.65,12.26,5.71,0,0,True,synthetic_scenario_generator,26006
2023-04-03,IND_VIZ,1.74,24.97,6.76,0,0,True,synthetic_scenario_generator,26006
2023-04-04,IND_VIZ,1.73,22.29,2.62,0,0,True,synthetic_scenario_generator,26006
2023-04-05,IND_VIZ,1.75,22.28,8.85,0,0,True,synthetic_scenario_generator,26006
2023-04-06,IND_VIZ,1.49,24.79,3.28,0,0,True,synthetic_scenario_generator,26006
2023-04-07,IND_VIZ,1.37,17.42,3.19,0,0,True,synthetic_scenario_generator,26006
2023-04-08,IND_VIZ,1.52,19.82,0.53,0,0,True,synthetic_scenario_generator,26006
2023-04-09,IND_VIZ,1.98,28.06,2.39,0,0,True,synthetic_scenario_generator,26006
2023-04-10,IND_VIZ,2.16,15.96,2.23,0,0,True,synthetic_scenario_generator,26006
2023-04-11,IND_VIZ,1.6,26.79,0.18,0,0,True,synthetic_scenario_generator,26006
2023-04-12,IND_VIZ,1.05,20.81,3.88,0,0,True,synthetic_scenario_generator,26006
2023-04-13,IND_VIZ,1.16,18.58,1.52,0,0,True,synthetic_scenario_generator,26006
2023-04-14,IND_VIZ,1.22,19.75,0.64,0,0,True,synthetic_scenario_generator,26006
2023-04-15,IND_VIZ,1.82,16.16,0.65,0,0,True,synthetic_scenario_generator,26006
2023-04-16,IND_VIZ,1.48,24.4,1.84,0,0,True,synthetic_scenario_generator,26006
2023-04-17,IND_VIZ,2.12,22.58,1.68,0,0,True,synthetic_scenario_generator,26006
2023-04-18,IND_VIZ,1.3,20.75,2.32,0,0,True,synthetic_scenario_generator,26006
2023-04-19,IND_VIZ,1.04,23.15,2.49,0,0,True,synthetic_scenario_generator,26006
2023-04-20,IND_VIZ,1.33,14.78,4.11,0,0,True,synthetic_scenario_generator,26006
2023-04-21,IND_VIZ,1.69,15.85,0.29,0,0,True,synthetic_scenario_generator,26006
2023-04-22,IND_VIZ,1.18,14.73,0.81,0,0,True,synthetic_scenario_generator,26006
2023-04-23,IND_VIZ,0.95,22.2,1.53,0,0,True,synthetic_scenario_generator,26006
2023-04-24,IND_VIZ,1.69,23.06,6.99,0,0,True,synthetic_scenario_generator,26006
2023-04-25,IND_VIZ,1.33,12.9,9.5,0,0,True,synthetic_scenario_generator,26006
2023-04-26,IND_VIZ,0.47,21.23,5.22,0,0,True,synthetic_scenario_generator,26006
2023-04-27,IND_VIZ,1.93,17.31,2.32,0,0,True,synthetic_scenario_generator,26006
2023-04-28,IND_VIZ,2.73,21.06,7.12,0,0,True,synthetic_scenario_generator,26006
2023-04-29,IND_VIZ,1.75,23.93,7.57,0,0,True,synthetic_scenario_generator,26006
2023-04-30,IND_VIZ,1.19,16.0,4.3,0,0,True,synthetic_scenario_generator,26006
2023-05-01,IND_VIZ,1.36,19.43,0.74,0,0,True,synthetic_scenario_generator,26006
2023-05-02,IND_VIZ,1.47,24.25,0.96,0,0,True,synthetic_scenario_generator,26006
2023-05-03,IND_VIZ,0.97,13.58,3.94,0,0,True,synthetic_scenario_generator,26006
2023-05-04,IND_VIZ,1.69,19.34,1.42,0,0,True,synthetic_scenario_generator,26006
2023-05-05,IND_VIZ,0.9,14.26,3.38,0,0,True,synthetic_scenario_generator,26006
2023-05-06,IND_VIZ,1.89,21.77,5.57,0,0,True,synthetic_scenario_generator,26006
2023-05-07,IND_VIZ,1.84,20.85,1.27,0,0,True,synthetic_scenario_generator,26006
2023-05-08,IND_VIZ,1.91,16.05,2.45,0,0,True,synthetic_scenario_generator,26006
2023-05-09,IND_VIZ,1.51,23.59,6.73,0,0,True,synthetic_scenario_generator,26006
2023-05-10,IND_VIZ,1.49,19.71,3.34,0,0,True,synthetic_scenario_generator,26006
2023-05-11,IND_VIZ,1.89,17.59,6.64,0,0,True,synthetic_scenario_generator,26006
2023-05-12,IND_VIZ,1.55,12.23,2.61,0,0,True,synthetic_scenario_generator,26006
2023-05-13,IND_VIZ,1.09,25.23,2.35,0,0,True,synthetic_scenario_generator,26006
2023-05-14,IND_VIZ,1.46,15.65,15.2,0,0,True,synthetic_scenario_generator,26006
2023-05-15,IND_VIZ,1.86,14.91,9.3,0,0,True,synthetic_scenario_generator,26006
2023-05-16,IND_VIZ,2.06,21.25,11.08,0,0,True,synthetic_scenario_generator,26006
2023-05-17,IND_VIZ,1.15,23.12,6.13,0,0,True,synthetic_scenario_generator,26006
2023-05-18,IND_VIZ,1.74,22.22,2.07,0,0,True,synthetic_scenario_generator,26006
2023-05-19,IND_VIZ,1.61,24.67,1.28,0,0,True,synthetic_scenario_generator,26006
2023-05-20,IND_VIZ,1.13,19.76,6.38,0,0,True,synthetic_scenario_generator,26006
2023-05-21,IND_VIZ,1.78,13.03,8.11,0,0,True,synthetic_scenario_generator,26006
2023-05-22,IND_VIZ,1.6,21.14,0.78,0,0,True,synthetic_scenario_generator,26006
2023-05-23,IND_VIZ,1.16,21.59,0.0,0,0,True,synthetic_scenario_generator,26006
2023-05-24,IND_VIZ,0.67,21.33,9.16,0,0,True,synthetic_scenario_generator,26006
2023-05-25,IND_VIZ,1.16,22.94,10.69,0,0,True,synthetic_scenario_generator,26006
2023-05-26,IND_VIZ,1.54,22.55,4.88,0,0,True,synthetic_scenario_generator,26006
2023-05-27,IND_VIZ,1.55,19.61,0.52,0,0,True,synthetic_scenario_generator,26006
2023-05-28,IND_VIZ,0.79,16.09,11.23,0,0,True,synthetic_scenario_generator,26006
2023-05-29,IND_VIZ,1.37,21.95,2.13,0,0,True,synthetic_scenario_generator,26006
2023-05-30,IND_VIZ,1.54,12.47,3.15,0,0,True,synthetic_scenario_generator,26006
2023-05-31,IND_VIZ,1.73,25.55,8.94,0,0,True,synthetic_scenario_generator,26006
2023-06-01,IND_VIZ,2.57,37.04,13.12,0,1,True,synthetic_scenario_generator,26006
2023-06-02,IND_VIZ,3.07,36.68,18.65,0,1,True,synthetic_scenario_generator,26006
2023-06-03,IND_VIZ,2.97,26.34,36.17,0,1,True,synthetic_scenario_generator,26006
2023-06-04,IND_VIZ,2.56,30.04,9.3,0,1,True,synthetic_scenario_generator,26006
2023-06-05,IND_VIZ,2.77,34.41,23.17,0,1,True,synthetic_scenario_generator,26006
2023-06-06,IND_VIZ,2.91,45.18,1.5,0,1,True,synthetic_scenario_generator,26006
2023-06-07,IND_VIZ,2.78,31.46,8.49,0,1,True,synthetic_scenario_generator,26006
2023-06-08,IND_VIZ,2.7,28.21,1.01,0,1,True,synthetic_scenario_generator,26006
2023-06-09,IND_VIZ,2.59,39.22,35.02,0,1,True,synthetic_scenario_generator,26006
2023-06-10,IND_VIZ,2.58,28.1,63.96,0,1,True,synthetic_scenario_generator,26006
2023-06-11,IND_VIZ,2.67,33.92,1.62,0,1,True,synthetic_scenario_generator,26006
2023-06-12,IND_VIZ,2.36,32.91,8.26,0,1,True,synthetic_scenario_generator,26006
2023-06-13,IND_VIZ,2.98,29.74,6.56,0,1,True,synthetic_scenario_generator,26006
2023-06-14,IND_VIZ,2.01,36.43,1.68,0,1,True,synthetic_scenario_generator,26006
2023-06-15,IND_VIZ,2.58,37.31,5.09,0,1,True,synthetic_scenario_generator,26006
2023-06-16,IND_VIZ,3.16,33.29,13.59,0,1,True,synthetic_scenario_generator,26006
2023-06-17,IND_VIZ,2.4,29.08,2.22,0,1,True,synthetic_scenario_generator,26006
2023-06-18,IND_VIZ,2.54,22.41,18.5,0,1,True,synthetic_scenario_generator,26006
2023-06-19,IND_VIZ,3.01,34.46,12.42,0,1,True,synthetic_scenario_generator,26006
2023-06-20,IND_VIZ,2.66,34.94,16.77,0,1,True,synthetic_scenario_generator,26006
2023-06-21,IND_VIZ,2.57,33.26,3.15,0,1,True,synthetic_scenario_generator,26006
2023-06-22,IND_VIZ,2.0,37.57,10.03,0,1,True,synthetic_scenario_generator,26006
2023-06-23,IND_VIZ,2.88,31.78,10.6,0,1,True,synthetic_scenario_generator,26006
2023-06-24,IND_VIZ,1.7,31.97,17.12,0,1,True,synthetic_scenario_generator,26006
2023-06-25,IND_VIZ,2.27,31.3,33.54,0,1,True,synthetic_scenario_generator,26006
2023-06-26,IND_VIZ,2.72,27.85,35.49,0,1,True,synthetic_scenario_generator,26006
2023-06-27,IND_VIZ,2.47,28.2,3.07,0,1,True,synthetic_scenario_generator,26006
2023-06-28,IND_VIZ,2.42,37.19,36.64,0,1,True,synthetic_scenario_generator,26006
2023-06-29,IND_VIZ,2.4,37.42,7.29,0,1,True,synthetic_scenario_generator,26006
2023-06-30,IND_VIZ,3.59,33.02,80.49,1,1,True,synthetic_scenario_generator,26006
2023-07-01,IND_VIZ,1.74,30.28,21.23,0,1,True,synthetic_scenario_generator,26006
2023-07-02,IND_VIZ,2.6,22.0,27.58,0,1,True,synthetic_scenario_generator,26006
2023-07-03,IND_VIZ,2.11,25.14,4.25,0,1,True,synthetic_scenario_generator,26006
2023-07-04,IND_VIZ,1.8,24.91,37.07,0,1,True,synthetic_scenario_generator,26006
2023-07-05,IND_VIZ,2.05,28.75,10.68,0,1,True,synthetic_scenario_generator,26006
2023-07-06,IND_VIZ,1.16,35.52,10.82,0,1,True,synthetic_scenario_generator,26006
2023-07-07,IND_VIZ,2.05,25.94,10.93,0,1,True,synthetic_scenario_generator,26006
2023-07-08,IND_VIZ,2.54,26.18,3.83,0,1,True,synthetic_scenario_generator,26006
2023-07-09,IND_VIZ,2.72,23.11,8.8,0,1,True,synthetic_scenario_generator,26006
2023-07-10,IND_VIZ,2.37,33.3,20.18,0,1,True,synthetic_scenario_generator,26006
2023-07-11,IND_VIZ,2.47,35.0,5.62,0,1,True,synthetic_scenario_generator,26006
2023-07-12,IND_VIZ,2.26,18.52,29.64,0,1,True,synthetic_scenario_generator,26006
2023-07-13,IND_VIZ,2.29,23.34,3.39,0,1,True,synthetic_scenario_generator,26006
2023-07-14,IND_VIZ,2.38,31.26,1.0,0,1,True,synthetic_scenario_generator,26006
2023-07-15,IND_VIZ,1.98,36.82,4.93,0,1,True,synthetic_scenario_generator,26006
2023-07-16,IND_VIZ,2.42,25.69,1.24,0,1,True,synthetic_scenario_generator,26006
2023-07-17,IND_VIZ,2.0,29.61,7.31,0,1,True,synthetic_scenario_generator,26006
2023-07-18,IND_VIZ,2.61,29.85,15.05,0,1,True,synthetic_scenario_generator,26006
2023-07-19,IND_VIZ,2.58,14.59,11.13,0,1,True,synthetic_scenario_generator,26006
2023-07-20,IND_VIZ,2.76,16.92,1.33,0,1,True,synthetic_scenario_generator,26006
2023-07-21,IND_VIZ,2.9,21.07,36.62,0,1,True,synthetic_scenario_generator,26006
2023-07-22,IND_VIZ,2.02,18.47,42.14,0,1,True,synthetic_scenario_generator,26006
2023-07-23,IND_VIZ,2.33,25.87,11.5,0,1,True,synthetic_scenario_generator,26006
2023-07-24,IND_VIZ,2.46,24.34,18.4,0,1,True,synthetic_scenario_generator,26006
2023-07-25,IND_VIZ,1.83,26.5,7.57,0,1,True,synthetic_scenario_generator,26006
2023-07-26,IND_VIZ,1.98,22.98,11.62,0,1,True,synthetic_scenario_generator,26006
2023-07-27,IND_VIZ,2.44,17.67,19.78,0,1,True,synthetic_scenario_generator,26006
2023-07-28,IND_VIZ,1.86,24.48,2.33,0,1,True,synthetic_scenario_generator,26006
2023-07-29,IND_VIZ,2.32,22.79,32.01,0,1,True,synthetic_scenario_generator,26006
2023-07-30,IND_VIZ,2.04,27.27,22.35,0,1,True,synthetic_scenario_generator,26006
2023-07-31,IND_VIZ,2.52,23.74,9.65,0,1,True,synthetic_scenario_generator,26006
2023-08-01,IND_VIZ,1.49,23.42,26.28,0,1,True,synthetic_scenario_generator,26006
2023-08-02,IND_VIZ,2.1,26.97,19.35,0,1,True,synthetic_scenario_generator,26006
2023-08-03,IND_VIZ,2.46,32.82,10.56,0,1,True,synthetic_scenario_generator,26006
2023-08-04,IND_VIZ,2.18,31.59,15.19,0,1,True,synthetic_scenario_generator,26006
2023-08-05,IND_VIZ,2.2,25.51,9.64,0,1,True,synthetic_scenario_generator,26006
2023-08-06,IND_VIZ,2.43,27.84,13.27,0,1,True,synthetic_scenario_generator,26006
2023-08-07,IND_VIZ,2.23,23.29,4.01,0,1,True,synthetic_scenario_generator,26006
2023-08-08,IND_VIZ,2.83,25.91,25.99,0,1,True,synthetic_scenario_generator,26006
2023-08-09,IND_VIZ,2.92,29.6,71.69,0,1,True,synthetic_scenario_generator,26006
2023-08-10,IND_VIZ,2.65,29.69,16.49,0,1,True,synthetic_scenario_generator,26006
2023-08-11,IND_VIZ,2.7,20.71,5.31,0,1,True,synthetic_scenario_generator,26006
2023-08-12,IND_VIZ,2.53,28.62,8.26,0,1,True,synthetic_scenario_generator,26006
2023-08-13,IND_VIZ,2.25,36.39,8.95,0,1,True,synthetic_scenario_generator,26006
2023-08-14,IND_VIZ,2.33,41.53,16.32,0,1,True,synthetic_scenario_generator,26006
2023-08-15,IND_VIZ,2.01,32.05,33.43,0,1,True,synthetic_scenario_generator,26006
2023-08-16,IND_VIZ,2.55,29.48,30.65,0,1,True,synthetic_scenario_generator,26006
2023-08-17,IND_VIZ,2.49,25.07,15.8,0,1,True,synthetic_scenario_generator,26006
2023-08-18,IND_VIZ,2.27,30.82,19.24,0,1,True,synthetic_scenario_generator,26006
2023-08-19,IND_VIZ,2.51,26.03,4.7,0,1,True,synthetic_scenario_generator,26006
2023-08-20,IND_VIZ,2.71,22.94,2.96,0,1,True,synthetic_scenario_generator,26006
2023-08-21,IND_VIZ,2.06,25.82,8.84,0,1,True,synthetic_scenario_generator,26006
2023-08-22,IND_VIZ,2.81,33.23,8.33,0,1,True,synthetic_scenario_generator,26006
2023-08-23,IND_VIZ,2.68,21.96,6.51,0,1,True,synthetic_scenario_generator,26006
2023-08-24,IND_VIZ,1.89,21.95,8.61,0,1,True,synthetic_scenario_generator,26006
2023-08-25,IND_VIZ,2.06,33.08,7.82,0,1,True,synthetic_scenario_generator,26006
2023-08-26,IND_VIZ,2.79,33.3,10.49,0,1,True,synthetic_scenario_generator,26006
2023-08-27,IND_VIZ,2.14,33.6,1.02,0,1,True,synthetic_scenario_generator,26006
2023-08-28,IND_VIZ,1.59,36.81,2.86,0,1,True,synthetic_scenario_generator,26006
2023-08-29,IND_VIZ,2.63,23.5,20.63,0,1,True,synthetic_scenario_generator,26006
2023-08-30,IND_VIZ,2.71,27.45,3.06,0,1,True,synthetic_scenario_generator,26006
2023-08-31,IND_VIZ,2.32,22.45,4.59,0,1,True,synthetic_scenario_generator,26006
2023-09-01,IND_VIZ,1.95,28.73,6.22,0,1,True,synthetic_scenario_generator,26006
2023-09-02,IND_VIZ,2.73,32.02,2.68,0,1,True,synthetic_scenario_generator,26006
2023-09-03,IND_VIZ,1.68,23.42,7.93,0,1,True,synthetic_scenario_generator,26006
2023-09-04,IND_VIZ,3.06,32.54,0.9,0,1,True,synthetic_scenario_generator,26006
2023-09-05,IND_VIZ,1.86,32.49,2.25,0,1,True,synthetic_scenario_generator,26006
2023-09-06,IND_VIZ,2.38,24.46,15.36,0,1,True,synthetic_scenario_generator,26006
2023-09-07,IND_VIZ,2.0,25.64,15.52,0,1,True,synthetic_scenario_generator,26006
2023-09-08,IND_VIZ,1.89,28.86,30.39,0,1,True,synthetic_scenario_generator,26006
2023-09-09,IND_VIZ,2.58,31.35,7.14,0,1,True,synthetic_scenario_generator,26006
2023-09-10,IND_VIZ,2.36,28.12,22.95,0,1,True,synthetic_scenario_generator,26006
2023-09-11,IND_VIZ,2.53,28.26,83.02,0,1,True,synthetic_scenario_generator,26006
2023-09-12,IND_VIZ,2.37,24.43,4.07,0,1,True,synthetic_scenario_generator,26006
2023-09-13,IND_VIZ,2.84,24.81,17.28,0,1,True,synthetic_scenario_generator,26006
2023-09-14,IND_VIZ,1.93,21.54,4.55,0,1,True,synthetic_scenario_generator,26006
2023-09-15,IND_VIZ,1.73,18.76,42.91,0,1,True,synthetic_scenario_generator,26006
2023-09-16,IND_VIZ,2.34,22.69,5.16,0,1,True,synthetic_scenario_generator,26006
2023-09-17,IND_VIZ,1.8,14.32,0.77,0,1,True,synthetic_scenario_generator,26006
2023-09-18,IND_VIZ,2.33,20.41,4.76,0,1,True,synthetic_scenario_generator,26006
2023-09-19,IND_VIZ,2.22,33.03,16.69,0,1,True,synthetic_scenario_generator,26006
2023-09-20,IND_VIZ,2.37,22.99,5.12,0,1,True,synthetic_scenario_generator,26006
2023-09-21,IND_VIZ,2.56,30.95,4.3,0,1,True,synthetic_scenario_generator,26006
2023-09-22,IND_VIZ,2.34,31.09,17.07,0,1,True,synthetic_scenario_generator,26006
2023-09-23,IND_VIZ,2.11,29.27,4.47,0,1,True,synthetic_scenario_generator,26006
2023-09-24,IND_VIZ,1.62,29.0,2.53,0,1,True,synthetic_scenario_generator,26006
2023-09-25,IND_VIZ,2.5,28.22,8.4,0,1,True,synthetic_scenario_generator,26006
2023-09-26,IND_VIZ,2.41,30.91,19.94,0,1,True,synthetic_scenario_generator,26006
2023-09-27,IND_VIZ,2.4,20.59,10.18,0,1,True,synthetic_scenario_generator,26006
2023-09-28,IND_VIZ,1.87,29.37,22.49,0,1,True,synthetic_scenario_generator,26006
2023-09-29,IND_VIZ,2.36,33.15,2.85,0,1,True,synthetic_scenario_generator,26006
2023-09-30,IND_VIZ,2.61,24.71,8.37,0,1,True,synthetic_scenario_generator,26006
2023-10-01,IND_VIZ,1.47,18.53,5.8,0,0,True,synthetic_scenario_generator,26006
2023-10-02,IND_VIZ,1.33,20.18,2.28,0,0,True,synthetic_scenario_generator,26006
2023-10-03,IND_VIZ,1.99,19.73,4.87,0,0,True,synthetic_scenario_generator,26006
2023-10-04,IND_VIZ,1.39,22.76,4.78,0,0,True,synthetic_scenario_generator,26006
2023-10-05,IND_VIZ,1.38,23.01,3.11,0,0,True,synthetic_scenario_generator,26006
2023-10-06,IND_VIZ,1.9,20.49,0.47,0,0,True,synthetic_scenario_generator,26006
2023-10-07,IND_VIZ,2.15,20.08,2.67,0,0,True,synthetic_scenario_generator,26006
2023-10-08,IND_VIZ,2.13,24.3,1.88,0,0,True,synthetic_scenario_generator,26006
2023-10-09,IND_VIZ,1.55,21.09,3.53,0,0,True,synthetic_scenario_generator,26006
2023-10-10,IND_VIZ,1.2,22.94,2.83,0,0,True,synthetic_scenario_generator,26006
2023-10-11,IND_VIZ,1.6,19.17,0.44,0,0,True,synthetic_scenario_generator,26006
2023-10-12,IND_VIZ,2.17,17.01,11.87,0,0,True,synthetic_scenario_generator,26006
2023-10-13,IND_VIZ,0.87,22.74,8.12,0,0,True,synthetic_scenario_generator,26006
2023-10-14,IND_VIZ,1.96,18.35,0.72,0,0,True,synthetic_scenario_generator,26006
2023-10-15,IND_VIZ,1.98,19.68,0.19,0,0,True,synthetic_scenario_generator,26006
2023-10-16,IND_VIZ,1.23,21.07,3.12,0,0,True,synthetic_scenario_generator,26006
2023-10-17,IND_VIZ,1.76,18.66,7.37,0,0,True,synthetic_scenario_generator,26006
2023-10-18,IND_VIZ,1.39,21.56,3.23,0,0,True,synthetic_scenario_generator,26006
2023-10-19,IND_VIZ,1.99,26.95,6.14,0,0,True,synthetic_scenario_generator,26006
2023-10-20,IND_VIZ,1.95,20.67,9.48,0,0,True,synthetic_scenario_generator,26006
2023-10-21,IND_VIZ,2.13,21.67,8.41,0,0,True,synthetic_scenario_generator,26006
2023-10-22,IND_VIZ,1.13,23.2,1.39,0,0,True,synthetic_scenario_generator,26006
2023-10-23,IND_VIZ,1.26,28.63,7.27,0,0,True,synthetic_scenario_generator,26006
2023-10-24,IND_VIZ,1.28,19.24,5.16,0,0,True,synthetic_scenario_generator,26006
2023-10-25,IND_VIZ,1.72,10.97,6.16,0,0,True,synthetic_scenario_generator,26006
2023-10-26,IND_VIZ,1.34,23.62,2.67,0,0,True,synthetic_scenario_generator,26006
2023-10-27,IND_VIZ,1.31,17.35,9.52,0,0,True,synthetic_scenario_generator,26006
2023-10-28,IND_VIZ,2.31,20.02,4.78,0,0,True,synthetic_scenario_generator,26006
2023-10-29,IND_VIZ,0.98,15.38,6.07,0,0,True,synthetic_scenario_generator,26006
2023-10-30,IND_VIZ,0.94,23.61,1.14,0,0,True,synthetic_scenario_generator,26006
2023-10-31,IND_VIZ,1.17,19.0,4.12,0,0,True,synthetic_scenario_generator,26006
2023-11-01,IND_VIZ,1.76,28.47,1.37,0,0,True,synthetic_scenario_generator,26006
2023-11-02,IND_VIZ,1.6,20.84,4.94,0,0,True,synthetic_scenario_generator,26006
2023-11-03,IND_VIZ,2.14,19.97,2.94,0,0,True,synthetic_scenario_generator,26006
2023-11-04,IND_VIZ,1.42,10.06,3.63,0,0,True,synthetic_scenario_generator,26006
2023-11-05,IND_VIZ,1.05,16.82,4.64,0,0,True,synthetic_scenario_generator,26006
2023-11-06,IND_VIZ,1.73,23.23,6.55,0,0,True,synthetic_scenario_generator,26006
2023-11-07,IND_VIZ,1.69,16.24,1.82,0,0,True,synthetic_scenario_generator,26006
2023-11-08,IND_VIZ,0.86,19.06,2.52,0,0,True,synthetic_scenario_generator,26006
2023-11-09,IND_VIZ,1.71,21.29,2.58,0,0,True,synthetic_scenario_generator,26006
2023-11-10,IND_VIZ,1.5,18.83,1.99,0,0,True,synthetic_scenario_generator,26006
2023-11-11,IND_VIZ,2.27,9.78,5.79,0,0,True,synthetic_scenario_generator,26006
2023-11-12,IND_VIZ,1.26,19.65,6.11,0,0,True,synthetic_scenario_generator,26006
2023-11-13,IND_VIZ,1.14,16.07,7.01,0,0,True,synthetic_scenario_generator,26006
2023-11-14,IND_VIZ,2.12,13.85,5.52,0,0,True,synthetic_scenario_generator,26006
2023-11-15,IND_VIZ,1.18,18.12,4.86,0,0,True,synthetic_scenario_generator,26006
2023-11-16,IND_VIZ,1.83,22.05,2.21,0,0,True,synthetic_scenario_generator,26006
2023-11-17,IND_VIZ,1.35,22.09,4.28,0,0,True,synthetic_scenario_generator,26006
2023-11-18,IND_VIZ,1.37,22.63,0.53,0,0,True,synthetic_scenario_generator,26006
2023-11-19,IND_VIZ,1.47,18.53,3.98,0,0,True,synthetic_scenario_generator,26006
2023-11-20,IND_VIZ,1.05,16.86,0.42,0,0,True,synthetic_scenario_generator,26006
2023-11-21,IND_VIZ,2.01,21.34,11.23,0,0,True,synthetic_scenario_generator,26006
2023-11-22,IND_VIZ,1.56,17.12,6.62,0,0,True,synthetic_scenario_generator,26006
2023-11-23,IND_VIZ,0.75,17.59,0.47,0,0,True,synthetic_scenario_generator,26006
2023-11-24,IND_VIZ,2.42,16.96,6.85,0,0,True,synthetic_scenario_generator,26006
2023-11-25,IND_VIZ,1.8,20.43,11.0,0,0,True,synthetic_scenario_generator,26006
2023-11-26,IND_VIZ,1.37,18.48,4.85,0,0,True,synthetic_scenario_generator,26006
2023-11-27,IND_VIZ,1.54,16.21,2.66,0,0,True,synthetic_scenario_generator,26006
2023-11-28,IND_VIZ,1.7,20.38,1.97,0,0,True,synthetic_scenario_generator,26006
2023-11-29,IND_VIZ,1.57,21.67,0.6,0,0,True,synthetic_scenario_generator,26006
2023-11-30,IND_VIZ,1.4,25.68,9.57,0,0,True,synthetic_scenario_generator,26006
2023-12-01,IND_VIZ,1.33,16.87,2.04,0,0,True,synthetic_scenario_generator,26006
2023-12-02,IND_VIZ,1.29,17.51,1.64,0,0,True,synthetic_scenario_generator,26006
2023-12-03,IND_VIZ,1.54,17.12,4.54,0,0,True,synthetic_scenario_generator,26006
2023-12-04,IND_VIZ,1.58,23.84,1.26,0,0,True,synthetic_scenario_generator,26006
2023-12-05,IND_VIZ,1.24,14.98,13.93,0,0,True,synthetic_scenario_generator,26006
2023-12-06,IND_VIZ,1.43,17.11,5.0,0,0,True,synthetic_scenario_generator,26006
2023-12-07,IND_VIZ,0.78,17.93,1.85,0,0,True,synthetic_scenario_generator,26006
2023-12-08,IND_VIZ,1.49,24.2,0.41,0,0,True,synthetic_scenario_generator,26006
2023-12-09,IND_VIZ,1.53,20.52,2.53,0,0,True,synthetic_scenario_generator,26006
2023-12-10,IND_VIZ,1.79,24.09,1.69,0,0,True,synthetic_scenario_generator,26006
2023-12-11,IND_VIZ,1.54,24.3,8.16,0,0,True,synthetic_scenario_generator,26006
2023-12-12,IND_VIZ,1.33,24.29,1.4,0,0,True,synthetic_scenario_generator,26006
2023-12-13,IND_VIZ,1.19,17.21,15.05,0,0,True,synthetic_scenario_generator,26006
2023-12-14,IND_VIZ,1.06,17.56,1.01,0,0,True,synthetic_scenario_generator,26006
2023-12-15,IND_VIZ,0.99,29.76,1.74,0,0,True,synthetic_scenario_generator,26006
2023-12-16,IND_VIZ,1.32,22.44,2.6,0,0,True,synthetic_scenario_generator,26006
2023-12-17,IND_VIZ,1.85,19.09,13.43,0,0,True,synthetic_scenario_generator,26006
2023-12-18,IND_VIZ,1.91,18.62,2.51,0,0,True,synthetic_scenario_generator,26006
2023-12-19,IND_VIZ,1.22,16.9,9.73,0,0,True,synthetic_scenario_generator,26006
2023-12-20,IND_VIZ,1.82,16.81,1.72,0,0,True,synthetic_scenario_generator,26006
2023-12-21,IND_VIZ,1.69,22.74,4.55,0,0,True,synthetic_scenario_generator,26006
2023-12-22,IND_VIZ,2.24,19.49,4.91,0,0,True,synthetic_scenario_generator,26006
2023-12-23,IND_VIZ,1.42,9.27,6.53,0,0,True,synthetic_scenario_generator,26006
2023-12-24,IND_VIZ,0.76,15.39,2.17,0,0,True,synthetic_scenario_generator,26006
2023-12-25,IND_VIZ,1.34,14.58,3.05,0,0,True,synthetic_scenario_generator,26006
2023-12-26,IND_VIZ,1.6,8.32,9.56,0,0,True,synthetic_scenario_generator,26006
2023-12-27,IND_VIZ,2.03,23.84,2.93,0,0,True,synthetic_scenario_generator,26006
2023-12-28,IND_VIZ,1.47,23.14,6.59,0,0,True,synthetic_scenario_generator,26006
2023-12-29,IND_VIZ,1.02,14.23,8.7,0,0,True,synthetic_scenario_generator,26006
2023-12-30,IND_VIZ,1.99,24.19,5.57,0,0,True,synthetic_scenario_generator,26006
2023-12-31,IND_VIZ,2.0,29.05,3.4,0,0,True,synthetic_scenario_generator,26006
2024-01-01,IND_VIZ,1.63,18.2,4.33,0,0,True,synthetic_scenario_generator,26006
2024-01-02,IND_VIZ,1.02,9.08,0.96,0,0,True,synthetic_scenario_generator,26006
2024-01-03,IND_VIZ,0.99,17.15,2.41,0,0,True,synthetic_scenario_generator,26006
2024-01-04,IND_VIZ,1.26,18.28,3.73,0,0,True,synthetic_scenario_generator,26006
2024-01-05,IND_VIZ,0.91,11.67,2.03,0,0,True,synthetic_scenario_generator,26006
2024-01-06,IND_VIZ,1.29,15.38,11.02,0,0,True,synthetic_scenario_generator,26006
2024-01-07,IND_VIZ,0.85,13.23,1.58,0,0,True,synthetic_scenario_generator,26006
2024-01-08,IND_VIZ,1.32,11.1,1.91,0,0,True,synthetic_scenario_generator,26006
2024-01-09,IND_VIZ,1.39,20.87,5.48,0,0,True,synthetic_scenario_generator,26006
2024-01-10,IND_VIZ,1.22,12.78,0.5,0,0,True,synthetic_scenario_generator,26006
2024-01-11,IND_VIZ,1.18,15.03,2.66,0,0,True,synthetic_scenario_generator,26006
2024-01-12,IND_VIZ,0.67,13.57,1.52,0,0,True,synthetic_scenario_generator,26006
2024-01-13,IND_VIZ,1.6,8.74,2.48,0,0,True,synthetic_scenario_generator,26006
2024-01-14,IND_VIZ,1.29,17.5,0.43,0,0,True,synthetic_scenario_generator,26006
2024-01-15,IND_VIZ,0.51,10.53,2.9,0,0,True,synthetic_scenario_generator,26006
2024-01-16,IND_VIZ,1.76,13.75,0.74,0,0,True,synthetic_scenario_generator,26006
2024-01-17,IND_VIZ,0.88,17.02,1.28,0,0,True,synthetic_scenario_generator,26006
2024-01-18,IND_VIZ,1.1,6.6,0.77,0,0,True,synthetic_scenario_generator,26006
2024-01-19,IND_VIZ,1.02,14.02,6.12,0,0,True,synthetic_scenario_generator,26006
2024-01-20,IND_VIZ,0.65,9.44,1.98,0,0,True,synthetic_scenario_generator,26006
2024-01-21,IND_VIZ,1.82,19.24,2.41,0,0,True,synthetic_scenario_generator,26006
2024-01-22,IND_VIZ,1.98,9.96,0.99,0,0,True,synthetic_scenario_generator,26006
2024-01-23,IND_VIZ,1.13,15.95,0.82,0,0,True,synthetic_scenario_generator,26006
2024-01-24,IND_VIZ,1.44,19.23,1.99,0,0,True,synthetic_scenario_generator,26006
2024-01-25,IND_VIZ,1.43,17.14,2.39,0,0,True,synthetic_scenario_generator,26006
2024-01-26,IND_VIZ,1.66,11.33,10.91,0,0,True,synthetic_scenario_generator,26006
2024-01-27,IND_VIZ,1.96,4.92,3.78,0,0,True,synthetic_scenario_generator,26006
2024-01-28,IND_VIZ,1.09,6.27,5.91,0,0,True,synthetic_scenario_generator,26006
2024-01-29,IND_VIZ,1.27,9.37,1.77,0,0,True,synthetic_scenario_generator,26006
2024-01-30,IND_VIZ,0.93,25.22,6.19,0,0,True,synthetic_scenario_generator,26006
2024-01-31,IND_VIZ,0.2,7.84,12.36,0,0,True,synthetic_scenario_generator,26006
2024-02-01,IND_VIZ,0.94,9.95,3.03,0,0,True,synthetic_scenario_generator,26006
2024-02-02,IND_VIZ,1.28,15.39,13.01,0,0,True,synthetic_scenario_generator,26006
2024-02-03,IND_VIZ,1.11,11.61,2.38,0,0,True,synthetic_scenario_generator,26006
2024-02-04,IND_VIZ,0.72,13.25,1.13,0,0,True,synthetic_scenario_generator,26006
2024-02-05,IND_VIZ,0.56,15.41,2.0,0,0,True,synthetic_scenario_generator,26006
2024-02-06,IND_VIZ,1.1,13.64,1.7,0,0,True,synthetic_scenario_generator,26006
2024-02-07,IND_VIZ,1.38,18.48,2.55,0,0,True,synthetic_scenario_generator,26006
2024-02-08,IND_VIZ,1.16,20.51,7.04,0,0,True,synthetic_scenario_generator,26006
2024-02-09,IND_VIZ,1.08,15.97,4.1,0,0,True,synthetic_scenario_generator,26006
2024-02-10,IND_VIZ,1.29,15.09,3.64,0,0,True,synthetic_scenario_generator,26006
2024-02-11,IND_VIZ,1.54,11.99,4.69,0,0,True,synthetic_scenario_generator,26006
2024-02-12,IND_VIZ,0.58,3.49,2.52,0,0,True,synthetic_scenario_generator,26006
2024-02-13,IND_VIZ,0.89,10.91,5.78,0,0,True,synthetic_scenario_generator,26006
2024-02-14,IND_VIZ,1.69,17.28,5.56,0,0,True,synthetic_scenario_generator,26006
2024-02-15,IND_VIZ,0.7,11.32,1.37,0,0,True,synthetic_scenario_generator,26006
2024-02-16,IND_VIZ,1.24,15.01,0.52,0,0,True,synthetic_scenario_generator,26006
2024-02-17,IND_VIZ,1.81,13.97,0.97,0,0,True,synthetic_scenario_generator,26006
2024-02-18,IND_VIZ,1.44,13.31,6.46,0,0,True,synthetic_scenario_generator,26006
2024-02-19,IND_VIZ,0.84,11.93,2.97,0,0,True,synthetic_scenario_generator,26006
2024-02-20,IND_VIZ,0.96,13.26,7.45,0,0,True,synthetic_scenario_generator,26006
2024-02-21,IND_VIZ,1.35,18.8,3.72,0,0,True,synthetic_scenario_generator,26006
2024-02-22,IND_VIZ,0.39,9.48,3.84,0,0,True,synthetic_scenario_generator,26006
2024-02-23,IND_VIZ,1.0,10.62,7.58,0,0,True,synthetic_scenario_generator,26006
2024-02-24,IND_VIZ,1.17,22.65,8.86,0,0,True,synthetic_scenario_generator,26006
2024-02-25,IND_VIZ,1.33,14.19,0.83,0,0,True,synthetic_scenario_generator,26006
2024-02-26,IND_VIZ,1.1,15.19,0.99,0,0,True,synthetic_scenario_generator,26006
2024-02-27,IND_VIZ,1.15,12.05,3.73,0,0,True,synthetic_scenario_generator,26006
2024-02-28,IND_VIZ,2.04,14.7,1.45,0,0,True,synthetic_scenario_generator,26006
2024-02-29,IND_VIZ,0.76,16.04,0.47,0,0,True,synthetic_scenario_generator,26006
2024-03-01,IND_VIZ,1.52,11.03,2.08,0,0,True,synthetic_scenario_generator,26006
2024-03-02,IND_VIZ,0.93,15.9,2.71,0,0,True,synthetic_scenario_generator,26006
2024-03-03,IND_VIZ,1.31,14.84,3.18,0,0,True,synthetic_scenario_generator,26006
2024-03-04,IND_VIZ,1.73,14.63,7.95,0,0,True,synthetic_scenario_generator,26006
2024-03-05,IND_VIZ,1.33,10.9,7.65,0,0,True,synthetic_scenario_generator,26006
2024-03-06,IND_VIZ,1.18,15.39,6.18,0,0,True,synthetic_scenario_generator,26006
2024-03-07,IND_VIZ,0.29,20.94,5.49,0,0,True,synthetic_scenario_generator,26006
2024-03-08,IND_VIZ,1.74,19.63,3.55,0,0,True,synthetic_scenario_generator,26006
2024-03-09,IND_VIZ,0.93,4.9,1.18,0,0,True,synthetic_scenario_generator,26006
2024-03-10,IND_VIZ,1.44,9.38,7.09,0,0,True,synthetic_scenario_generator,26006
2024-03-11,IND_VIZ,1.48,23.9,3.51,0,0,True,synthetic_scenario_generator,26006
2024-03-12,IND_VIZ,1.06,5.91,2.68,0,0,True,synthetic_scenario_generator,26006
2024-03-13,IND_VIZ,1.48,9.64,0.64,0,0,True,synthetic_scenario_generator,26006
2024-03-14,IND_VIZ,0.5,23.42,1.94,0,0,True,synthetic_scenario_generator,26006
2024-03-15,IND_VIZ,0.28,16.5,0.16,0,0,True,synthetic_scenario_generator,26006
2024-03-16,IND_VIZ,1.67,17.73,2.7,0,0,True,synthetic_scenario_generator,26006
2024-03-17,IND_VIZ,0.64,17.46,10.38,0,0,True,synthetic_scenario_generator,26006
2024-03-18,IND_VIZ,1.65,11.78,4.5,0,0,True,synthetic_scenario_generator,26006
2024-03-19,IND_VIZ,1.22,9.05,0.48,0,0,True,synthetic_scenario_generator,26006
2024-03-20,IND_VIZ,1.37,10.82,7.16,0,0,True,synthetic_scenario_generator,26006
2024-03-21,IND_VIZ,1.08,8.61,2.29,0,0,True,synthetic_scenario_generator,26006
2024-03-22,IND_VIZ,0.68,9.88,3.02,0,0,True,synthetic_scenario_generator,26006
2024-03-23,IND_VIZ,1.25,18.67,15.23,0,0,True,synthetic_scenario_generator,26006
2024-03-24,IND_VIZ,1.38,9.78,8.54,0,0,True,synthetic_scenario_generator,26006
2024-03-25,IND_VIZ,1.69,9.3,5.15,0,0,True,synthetic_scenario_generator,26006
2024-03-26,IND_VIZ,1.29,15.92,2.6,0,0,True,synthetic_scenario_generator,26006
2024-03-27,IND_VIZ,0.91,18.45,2.37,0,0,True,synthetic_scenario_generator,26006
2024-03-28,IND_VIZ,1.27,14.4,15.83,0,0,True,synthetic_scenario_generator,26006
2024-03-29,IND_VIZ,1.35,16.16,1.52,0,0,True,synthetic_scenario_generator,26006
2024-03-30,IND_VIZ,1.12,14.77,4.58,0,0,True,synthetic_scenario_generator,26006
2024-03-31,IND_VIZ,1.66,6.03,0.83,0,0,True,synthetic_scenario_generator,26006
2024-04-01,IND_VIZ,1.15,17.9,4.32,0,0,True,synthetic_scenario_generator,26006
2024-04-02,IND_VIZ,1.8,19.63,18.29,0,0,True,synthetic_scenario_generator,26006
2024-04-03,IND_VIZ,1.44,16.45,6.92,0,0,True,synthetic_scenario_generator,26006
2024-04-04,IND_VIZ,1.51,18.89,1.55,0,0,True,synthetic_scenario_generator,26006
2024-04-05,IND_VIZ,1.27,19.41,1.73,0,0,True,synthetic_scenario_generator,26006
2024-04-06,IND_VIZ,2.03,13.95,1.82,0,0,True,synthetic_scenario_generator,26006
2024-04-07,IND_VIZ,1.36,28.46,0.6,0,0,True,synthetic_scenario_generator,26006
2024-04-08,IND_VIZ,1.59,13.69,2.98,0,0,True,synthetic_scenario_generator,26006
2024-04-09,IND_VIZ,2.0,26.4,5.72,0,0,True,synthetic_scenario_generator,26006
2024-04-10,IND_VIZ,1.73,23.21,0.56,0,0,True,synthetic_scenario_generator,26006
2024-04-11,IND_VIZ,1.62,19.53,0.72,0,0,True,synthetic_scenario_generator,26006
2024-04-12,IND_VIZ,1.27,19.84,2.24,0,0,True,synthetic_scenario_generator,26006
2024-04-13,IND_VIZ,0.97,21.49,6.76,0,0,True,synthetic_scenario_generator,26006
2024-04-14,IND_VIZ,1.18,18.83,0.9,0,0,True,synthetic_scenario_generator,26006
2024-04-15,IND_VIZ,1.68,24.95,0.07,0,0,True,synthetic_scenario_generator,26006
2024-04-16,IND_VIZ,0.9,19.88,4.11,0,0,True,synthetic_scenario_generator,26006
2024-04-17,IND_VIZ,1.62,23.37,1.89,0,0,True,synthetic_scenario_generator,26006
2024-04-18,IND_VIZ,0.73,11.11,1.73,0,0,True,synthetic_scenario_generator,26006
2024-04-19,IND_VIZ,2.04,20.43,16.82,0,0,True,synthetic_scenario_generator,26006
2024-04-20,IND_VIZ,1.78,15.86,3.37,0,0,True,synthetic_scenario_generator,26006
2024-04-21,IND_VIZ,1.48,25.1,1.85,0,0,True,synthetic_scenario_generator,26006
2024-04-22,IND_VIZ,1.82,17.76,6.31,0,0,True,synthetic_scenario_generator,26006
2024-04-23,IND_VIZ,1.81,23.22,2.46,0,0,True,synthetic_scenario_generator,26006
2024-04-24,IND_VIZ,1.58,20.45,0.68,0,0,True,synthetic_scenario_generator,26006
2024-04-25,IND_VIZ,1.47,14.8,0.85,0,0,True,synthetic_scenario_generator,26006
2024-04-26,IND_VIZ,1.68,29.62,5.1,0,0,True,synthetic_scenario_generator,26006
2024-04-27,IND_VIZ,1.34,18.01,3.79,0,0,True,synthetic_scenario_generator,26006
2024-04-28,IND_VIZ,2.31,23.89,2.51,0,0,True,synthetic_scenario_generator,26006
2024-04-29,IND_VIZ,1.44,20.15,1.45,0,0,True,synthetic_scenario_generator,26006
2024-04-30,IND_VIZ,1.01,15.95,5.52,0,0,True,synthetic_scenario_generator,26006
2024-05-01,IND_VIZ,1.78,20.4,11.66,0,0,True,synthetic_scenario_generator,26006
2024-05-02,IND_VIZ,1.44,13.22,6.02,0,0,True,synthetic_scenario_generator,26006
2024-05-03,IND_VIZ,1.96,19.14,4.46,0,0,True,synthetic_scenario_generator,26006
2024-05-04,IND_VIZ,1.94,20.6,2.59,0,0,True,synthetic_scenario_generator,26006
2024-05-05,IND_VIZ,1.4,14.19,0.74,0,0,True,synthetic_scenario_generator,26006
2024-05-06,IND_VIZ,1.35,24.32,5.77,0,0,True,synthetic_scenario_generator,26006
2024-05-07,IND_VIZ,1.37,27.28,2.07,0,0,True,synthetic_scenario_generator,26006
2024-05-08,IND_VIZ,1.66,22.79,5.41,0,0,True,synthetic_scenario_generator,26006
2024-05-09,IND_VIZ,0.96,18.03,6.16,0,0,True,synthetic_scenario_generator,26006
2024-05-10,IND_VIZ,1.42,16.08,7.89,0,0,True,synthetic_scenario_generator,26006
2024-05-11,IND_VIZ,1.22,16.98,1.63,0,0,True,synthetic_scenario_generator,26006
2024-05-12,IND_VIZ,1.86,13.6,1.3,0,0,True,synthetic_scenario_generator,26006
2024-05-13,IND_VIZ,2.33,24.36,2.45,0,0,True,synthetic_scenario_generator,26006
2024-05-14,IND_VIZ,1.73,9.48,1.36,0,0,True,synthetic_scenario_generator,26006
2024-05-15,IND_VIZ,1.51,12.41,2.57,0,0,True,synthetic_scenario_generator,26006
2024-05-16,IND_VIZ,2.11,20.92,6.92,0,0,True,synthetic_scenario_generator,26006
2024-05-17,IND_VIZ,1.14,18.72,4.15,0,0,True,synthetic_scenario_generator,26006
2024-05-18,IND_VIZ,1.75,15.68,1.15,0,0,True,synthetic_scenario_generator,26006
2024-05-19,IND_VIZ,1.4,14.06,3.31,0,0,True,synthetic_scenario_generator,26006
2024-05-20,IND_VIZ,1.76,19.5,6.12,0,0,True,synthetic_scenario_generator,26006
2024-05-21,IND_VIZ,1.75,20.96,7.78,0,0,True,synthetic_scenario_generator,26006
2024-05-22,IND_VIZ,1.8,14.75,6.22,0,0,True,synthetic_scenario_generator,26006
2024-05-23,IND_VIZ,1.63,26.34,1.26,0,0,True,synthetic_scenario_generator,26006
2024-05-24,IND_VIZ,1.16,27.63,0.47,0,0,True,synthetic_scenario_generator,26006
2024-05-25,IND_VIZ,1.99,20.22,2.62,0,0,True,synthetic_scenario_generator,26006
2024-05-26,IND_VIZ,1.47,17.34,1.44,0,0,True,synthetic_scenario_generator,26006
2024-05-27,IND_VIZ,1.44,10.41,4.76,0,0,True,synthetic_scenario_generator,26006
2024-05-28,IND_VIZ,1.67,21.85,2.73,0,0,True,synthetic_scenario_generator,26006
2024-05-29,IND_VIZ,1.58,16.16,3.46,0,0,True,synthetic_scenario_generator,26006
2024-05-30,IND_VIZ,1.43,22.34,4.25,0,0,True,synthetic_scenario_generator,26006
2024-05-31,IND_VIZ,2.12,15.74,12.27,0,0,True,synthetic_scenario_generator,26006
2024-06-01,IND_VIZ,2.81,24.91,28.18,0,1,True,synthetic_scenario_generator,26006
2024-06-02,IND_VIZ,3.12,33.48,10.38,0,1,True,synthetic_scenario_generator,26006
2024-06-03,IND_VIZ,2.42,35.18,4.42,0,1,True,synthetic_scenario_generator,26006
2024-06-04,IND_VIZ,3.04,30.96,4.31,0,1,True,synthetic_scenario_generator,26006
2024-06-05,IND_VIZ,2.84,43.38,14.79,0,1,True,synthetic_scenario_generator,26006
2024-06-06,IND_VIZ,3.06,40.02,30.38,0,1,True,synthetic_scenario_generator,26006
2024-06-07,IND_VIZ,2.81,34.48,62.7,0,1,True,synthetic_scenario_generator,26006
2024-06-08,IND_VIZ,3.15,35.96,12.07,0,1,True,synthetic_scenario_generator,26006
2024-06-09,IND_VIZ,2.97,36.24,5.49,0,1,True,synthetic_scenario_generator,26006
2024-06-10,IND_VIZ,1.95,43.02,44.37,0,1,True,synthetic_scenario_generator,26006
2024-06-11,IND_VIZ,2.68,30.76,5.68,0,1,True,synthetic_scenario_generator,26006
2024-06-12,IND_VIZ,2.54,40.45,9.51,0,1,True,synthetic_scenario_generator,26006
2024-06-13,IND_VIZ,1.97,30.11,11.32,0,1,True,synthetic_scenario_generator,26006
2024-06-14,IND_VIZ,3.33,29.26,64.4,0,1,True,synthetic_scenario_generator,26006
2024-06-15,IND_VIZ,2.16,32.77,9.0,0,1,True,synthetic_scenario_generator,26006
2024-06-16,IND_VIZ,3.0,31.44,15.41,0,1,True,synthetic_scenario_generator,26006
2024-06-17,IND_VIZ,2.71,27.77,14.27,0,1,True,synthetic_scenario_generator,26006
2024-06-18,IND_VIZ,2.53,18.06,12.64,0,1,True,synthetic_scenario_generator,26006
2024-06-19,IND_VIZ,2.56,43.09,4.35,0,1,True,synthetic_scenario_generator,26006
2024-06-20,IND_VIZ,2.72,39.98,15.55,0,1,True,synthetic_scenario_generator,26006
2024-06-21,IND_VIZ,2.76,37.87,56.86,0,1,True,synthetic_scenario_generator,26006
2024-06-22,IND_VIZ,2.05,34.26,16.28,0,1,True,synthetic_scenario_generator,26006
2024-06-23,IND_VIZ,2.14,28.22,7.94,0,1,True,synthetic_scenario_generator,26006
2024-06-24,IND_VIZ,2.7,31.25,31.29,0,1,True,synthetic_scenario_generator,26006
2024-06-25,IND_VIZ,2.75,42.04,0.85,0,1,True,synthetic_scenario_generator,26006
2024-06-26,IND_VIZ,2.39,31.01,31.77,0,1,True,synthetic_scenario_generator,26006
2024-06-27,IND_VIZ,1.94,30.34,4.43,0,1,True,synthetic_scenario_generator,26006
2024-06-28,IND_VIZ,2.11,36.86,1.25,0,1,True,synthetic_scenario_generator,26006
2024-06-29,IND_VIZ,2.83,28.4,0.34,0,1,True,synthetic_scenario_generator,26006
2024-06-30,IND_VIZ,2.68,41.31,25.79,0,1,True,synthetic_scenario_generator,26006
2024-07-01,IND_VIZ,2.66,20.44,0.4,0,1,True,synthetic_scenario_generator,26006
2024-07-02,IND_VIZ,1.61,21.09,21.72,0,1,True,synthetic_scenario_generator,26006
2024-07-03,IND_VIZ,2.41,22.76,24.16,0,1,True,synthetic_scenario_generator,26006
2024-07-04,IND_VIZ,1.93,28.65,4.44,0,1,True,synthetic_scenario_generator,26006
2024-07-05,IND_VIZ,1.99,30.03,1.8,0,1,True,synthetic_scenario_generator,26006
2024-07-06,IND_VIZ,2.65,27.47,19.91,0,1,True,synthetic_scenario_generator,26006
2024-07-07,IND_VIZ,2.03,24.6,24.04,0,1,True,synthetic_scenario_generator,26006
2024-07-08,IND_VIZ,2.41,20.22,1.41,0,1,True,synthetic_scenario_generator,26006
2024-07-09,IND_VIZ,2.25,26.59,11.77,0,1,True,synthetic_scenario_generator,26006
2024-07-10,IND_VIZ,1.49,22.55,0.64,0,1,True,synthetic_scenario_generator,26006
2024-07-11,IND_VIZ,2.31,16.12,14.29,0,1,True,synthetic_scenario_generator,26006
2024-07-12,IND_VIZ,2.29,34.14,1.97,0,1,True,synthetic_scenario_generator,26006
2024-07-13,IND_VIZ,2.17,28.18,6.23,0,1,True,synthetic_scenario_generator,26006
2024-07-14,IND_VIZ,2.34,30.1,21.4,0,1,True,synthetic_scenario_generator,26006
2024-07-15,IND_VIZ,2.36,29.56,5.36,0,1,True,synthetic_scenario_generator,26006
2024-07-16,IND_VIZ,1.81,37.78,10.32,0,1,True,synthetic_scenario_generator,26006
2024-07-17,IND_VIZ,2.13,26.91,4.08,0,1,True,synthetic_scenario_generator,26006
2024-07-18,IND_VIZ,2.05,23.65,7.39,0,1,True,synthetic_scenario_generator,26006
2024-07-19,IND_VIZ,1.43,23.81,47.11,0,1,True,synthetic_scenario_generator,26006
2024-07-20,IND_VIZ,2.42,29.27,3.25,0,1,True,synthetic_scenario_generator,26006
2024-07-21,IND_VIZ,1.96,26.79,4.22,0,1,True,synthetic_scenario_generator,26006
2024-07-22,IND_VIZ,2.37,18.19,14.65,0,1,True,synthetic_scenario_generator,26006
2024-07-23,IND_VIZ,2.04,30.22,22.54,0,1,True,synthetic_scenario_generator,26006
2024-07-24,IND_VIZ,3.08,23.94,1.9,0,1,True,synthetic_scenario_generator,26006
2024-07-25,IND_VIZ,1.52,28.58,8.14,0,1,True,synthetic_scenario_generator,26006
2024-07-26,IND_VIZ,2.45,27.66,36.21,0,1,True,synthetic_scenario_generator,26006
2024-07-27,IND_VIZ,1.96,32.95,1.95,0,1,True,synthetic_scenario_generator,26006
2024-07-28,IND_VIZ,2.46,21.58,14.03,0,1,True,synthetic_scenario_generator,26006
2024-07-29,IND_VIZ,2.19,30.56,17.9,0,1,True,synthetic_scenario_generator,26006
2024-07-30,IND_VIZ,2.58,27.25,28.92,0,1,True,synthetic_scenario_generator,26006
2024-07-31,IND_VIZ,2.16,35.06,7.54,0,1,True,synthetic_scenario_generator,26006
2024-08-01,IND_VIZ,2.85,28.7,11.95,0,1,True,synthetic_scenario_generator,26006
2024-08-02,IND_VIZ,1.61,26.27,10.55,0,1,True,synthetic_scenario_generator,26006
2024-08-03,IND_VIZ,2.18,29.45,10.61,0,1,True,synthetic_scenario_generator,26006
2024-08-04,IND_VIZ,2.83,28.9,26.19,0,1,True,synthetic_scenario_generator,26006
2024-08-05,IND_VIZ,2.05,29.7,4.73,0,1,True,synthetic_scenario_generator,26006
2024-08-06,IND_VIZ,2.62,26.42,3.76,0,1,True,synthetic_scenario_generator,26006
2024-08-07,IND_VIZ,1.86,30.32,7.12,0,1,True,synthetic_scenario_generator,26006
2024-08-08,IND_VIZ,2.32,25.38,6.26,0,1,True,synthetic_scenario_generator,26006
2024-08-09,IND_VIZ,2.11,23.84,19.93,0,1,True,synthetic_scenario_generator,26006
2024-08-10,IND_VIZ,2.46,19.87,56.72,0,1,True,synthetic_scenario_generator,26006
2024-08-11,IND_VIZ,1.65,17.06,11.23,0,1,True,synthetic_scenario_generator,26006
2024-08-12,IND_VIZ,2.02,21.42,1.59,0,1,True,synthetic_scenario_generator,26006
2024-08-13,IND_VIZ,2.04,22.67,10.73,0,1,True,synthetic_scenario_generator,26006
2024-08-14,IND_VIZ,2.54,31.16,5.83,0,1,True,synthetic_scenario_generator,26006
2024-08-15,IND_VIZ,2.8,31.86,15.34,0,1,True,synthetic_scenario_generator,26006
2024-08-16,IND_VIZ,2.22,23.06,21.75,0,1,True,synthetic_scenario_generator,26006
2024-08-17,IND_VIZ,2.47,25.94,15.51,0,1,True,synthetic_scenario_generator,26006
2024-08-18,IND_VIZ,1.96,32.12,11.2,0,1,True,synthetic_scenario_generator,26006
2024-08-19,IND_VIZ,2.37,30.46,28.19,0,1,True,synthetic_scenario_generator,26006
2024-08-20,IND_VIZ,2.76,26.33,5.56,0,1,True,synthetic_scenario_generator,26006
2024-08-21,IND_VIZ,3.08,31.31,1.54,0,1,True,synthetic_scenario_generator,26006
2024-08-22,IND_VIZ,2.17,29.64,49.08,0,1,True,synthetic_scenario_generator,26006
2024-08-23,IND_VIZ,2.45,31.71,39.66,0,1,True,synthetic_scenario_generator,26006
2024-08-24,IND_VIZ,2.02,29.33,13.05,0,1,True,synthetic_scenario_generator,26006
2024-08-25,IND_VIZ,2.68,28.54,40.08,0,1,True,synthetic_scenario_generator,26006
2024-08-26,IND_VIZ,2.36,25.9,2.15,0,1,True,synthetic_scenario_generator,26006
2024-08-27,IND_VIZ,2.22,30.68,13.96,0,1,True,synthetic_scenario_generator,26006
2024-08-28,IND_VIZ,2.67,19.31,1.24,0,1,True,synthetic_scenario_generator,26006
2024-08-29,IND_VIZ,2.44,27.96,6.17,0,1,True,synthetic_scenario_generator,26006
2024-08-30,IND_VIZ,1.45,29.8,8.63,0,1,True,synthetic_scenario_generator,26006
2024-08-31,IND_VIZ,2.52,31.85,12.2,0,1,True,synthetic_scenario_generator,26006
2024-09-01,IND_VIZ,2.01,24.05,0.8,0,1,True,synthetic_scenario_generator,26006
2024-09-02,IND_VIZ,2.05,26.87,5.18,0,1,True,synthetic_scenario_generator,26006
2024-09-03,IND_VIZ,2.29,36.28,8.79,0,1,True,synthetic_scenario_generator,26006
2024-09-04,IND_VIZ,2.45,31.35,9.27,0,1,True,synthetic_scenario_generator,26006
2024-09-05,IND_VIZ,2.45,24.1,26.17,0,1,True,synthetic_scenario_generator,26006
2024-09-06,IND_VIZ,1.99,30.72,21.19,0,1,True,synthetic_scenario_generator,26006
2024-09-07,IND_VIZ,2.49,31.0,33.56,0,1,True,synthetic_scenario_generator,26006
2024-09-08,IND_VIZ,2.54,33.05,4.19,0,1,True,synthetic_scenario_generator,26006
2024-09-09,IND_VIZ,2.83,23.12,14.41,0,1,True,synthetic_scenario_generator,26006
2024-09-10,IND_VIZ,2.69,28.28,7.01,0,1,True,synthetic_scenario_generator,26006
2024-09-11,IND_VIZ,2.62,30.56,94.62,0,1,True,synthetic_scenario_generator,26006
2024-09-12,IND_VIZ,1.81,26.48,19.04,0,1,True,synthetic_scenario_generator,26006
2024-09-13,IND_VIZ,2.5,27.52,55.4,0,1,True,synthetic_scenario_generator,26006
2024-09-14,IND_VIZ,1.82,28.89,24.17,0,1,True,synthetic_scenario_generator,26006
2024-09-15,IND_VIZ,2.68,22.7,1.13,0,1,True,synthetic_scenario_generator,26006
2024-09-16,IND_VIZ,2.7,17.86,1.41,0,1,True,synthetic_scenario_generator,26006
2024-09-17,IND_VIZ,1.61,22.45,7.77,0,1,True,synthetic_scenario_generator,26006
2024-09-18,IND_VIZ,1.87,25.78,2.16,0,1,True,synthetic_scenario_generator,26006
2024-09-19,IND_VIZ,1.47,19.96,7.1,0,1,True,synthetic_scenario_generator,26006
2024-09-20,IND_VIZ,2.58,28.84,29.84,0,1,True,synthetic_scenario_generator,26006
2024-09-21,IND_VIZ,2.56,28.11,8.87,0,1,True,synthetic_scenario_generator,26006
2024-09-22,IND_VIZ,3.06,24.72,30.55,0,1,True,synthetic_scenario_generator,26006
2024-09-23,IND_VIZ,2.16,26.56,28.86,0,1,True,synthetic_scenario_generator,26006
2024-09-24,IND_VIZ,2.01,26.78,10.35,0,1,True,synthetic_scenario_generator,26006
2024-09-25,IND_VIZ,1.77,29.11,0.36,0,1,True,synthetic_scenario_generator,26006
2024-09-26,IND_VIZ,2.31,33.77,18.92,0,1,True,synthetic_scenario_generator,26006
2024-09-27,IND_VIZ,2.29,28.13,1.57,0,1,True,synthetic_scenario_generator,26006
2024-09-28,IND_VIZ,1.98,34.1,3.89,0,1,True,synthetic_scenario_generator,26006
2024-09-29,IND_VIZ,2.26,35.78,12.48,0,1,True,synthetic_scenario_generator,26006
2024-09-30,IND_VIZ,3.27,21.64,4.54,0,1,True,synthetic_scenario_generator,26006
2024-10-01,IND_VIZ,1.41,26.26,2.4,0,0,True,synthetic_scenario_generator,26006
2024-10-02,IND_VIZ,2.18,31.21,2.57,0,0,True,synthetic_scenario_generator,26006
2024-10-03,IND_VIZ,1.74,24.7,1.08,0,0,True,synthetic_scenario_generator,26006
2024-10-04,IND_VIZ,1.88,12.73,1.67,0,0,True,synthetic_scenario_generator,26006
2024-10-05,IND_VIZ,1.2,30.73,5.52,0,0,True,synthetic_scenario_generator,26006
2024-10-06,IND_VIZ,2.27,18.27,0.61,0,0,True,synthetic_scenario_generator,26006
2024-10-07,IND_VIZ,1.32,20.21,8.11,0,0,True,synthetic_scenario_generator,26006
2024-10-08,IND_VIZ,1.55,17.38,4.72,0,0,True,synthetic_scenario_generator,26006
2024-10-09,IND_VIZ,1.21,27.86,2.83,0,0,True,synthetic_scenario_generator,26006
2024-10-10,IND_VIZ,1.61,26.82,10.1,0,0,True,synthetic_scenario_generator,26006
2024-10-11,IND_VIZ,0.88,21.92,0.17,0,0,True,synthetic_scenario_generator,26006
2024-10-12,IND_VIZ,1.78,27.26,3.9,0,0,True,synthetic_scenario_generator,26006
2024-10-13,IND_VIZ,1.7,27.53,0.16,0,0,True,synthetic_scenario_generator,26006
2024-10-14,IND_VIZ,1.3,27.94,5.53,0,0,True,synthetic_scenario_generator,26006
2024-10-15,IND_VIZ,1.4,22.75,1.47,0,0,True,synthetic_scenario_generator,26006
2024-10-16,IND_VIZ,1.91,22.54,1.71,0,0,True,synthetic_scenario_generator,26006
2024-10-17,IND_VIZ,0.93,26.88,0.64,0,0,True,synthetic_scenario_generator,26006
2024-10-18,IND_VIZ,1.15,21.44,3.93,0,0,True,synthetic_scenario_generator,26006
2024-10-19,IND_VIZ,2.28,14.07,0.47,0,0,True,synthetic_scenario_generator,26006
2024-10-20,IND_VIZ,2.21,25.15,3.07,0,0,True,synthetic_scenario_generator,26006
2024-10-21,IND_VIZ,1.05,11.86,0.31,0,0,True,synthetic_scenario_generator,26006
2024-10-22,IND_VIZ,1.71,30.88,1.29,0,0,True,synthetic_scenario_generator,26006
2024-10-23,IND_VIZ,1.63,20.25,1.61,0,0,True,synthetic_scenario_generator,26006
2024-10-24,IND_VIZ,1.95,27.94,2.48,0,0,True,synthetic_scenario_generator,26006
2024-10-25,IND_VIZ,2.09,21.97,3.95,0,0,True,synthetic_scenario_generator,26006
2024-10-26,IND_VIZ,1.5,17.3,2.47,0,0,True,synthetic_scenario_generator,26006
2024-10-27,IND_VIZ,0.74,18.1,5.02,0,0,True,synthetic_scenario_generator,26006
2024-10-28,IND_VIZ,1.41,21.92,13.08,0,0,True,synthetic_scenario_generator,26006
2024-10-29,IND_VIZ,1.87,17.45,6.86,0,0,True,synthetic_scenario_generator,26006
2024-10-30,IND_VIZ,1.36,14.24,1.02,0,0,True,synthetic_scenario_generator,26006
2024-10-31,IND_VIZ,1.9,13.06,2.52,0,0,True,synthetic_scenario_generator,26006
2024-11-01,IND_VIZ,1.62,13.75,9.91,0,0,True,synthetic_scenario_generator,26006
2024-11-02,IND_VIZ,1.41,20.44,0.31,0,0,True,synthetic_scenario_generator,26006
2024-11-03,IND_VIZ,1.35,21.47,2.46,0,0,True,synthetic_scenario_generator,26006
2024-11-04,IND_VIZ,1.23,14.39,5.88,0,0,True,synthetic_scenario_generator,26006
2024-11-05,IND_VIZ,0.99,18.92,8.79,0,0,True,synthetic_scenario_generator,26006
2024-11-06,IND_VIZ,1.07,19.45,26.95,0,0,True,synthetic_scenario_generator,26006
2024-11-07,IND_VIZ,2.4,20.59,3.42,0,0,True,synthetic_scenario_generator,26006
2024-11-08,IND_VIZ,1.48,19.29,8.83,0,0,True,synthetic_scenario_generator,26006
2024-11-09,IND_VIZ,1.79,19.15,11.51,0,0,True,synthetic_scenario_generator,26006
2024-11-10,IND_VIZ,1.39,20.99,1.26,0,0,True,synthetic_scenario_generator,26006
2024-11-11,IND_VIZ,1.26,11.06,1.12,0,0,True,synthetic_scenario_generator,26006
2024-11-12,IND_VIZ,1.53,20.91,19.58,0,0,True,synthetic_scenario_generator,26006
2024-11-13,IND_VIZ,1.44,17.28,6.05,0,0,True,synthetic_scenario_generator,26006
2024-11-14,IND_VIZ,1.52,25.18,1.08,0,0,True,synthetic_scenario_generator,26006
2024-11-15,IND_VIZ,1.43,20.7,5.82,0,0,True,synthetic_scenario_generator,26006
2024-11-16,IND_VIZ,1.99,19.69,0.73,0,0,True,synthetic_scenario_generator,26006
2024-11-17,IND_VIZ,0.91,15.48,13.38,0,0,True,synthetic_scenario_generator,26006
2024-11-18,IND_VIZ,1.12,26.99,3.8,0,0,True,synthetic_scenario_generator,26006
2024-11-19,IND_VIZ,1.63,26.76,5.11,0,0,True,synthetic_scenario_generator,26006
2024-11-20,IND_VIZ,1.6,24.1,5.51,0,0,True,synthetic_scenario_generator,26006
2024-11-21,IND_VIZ,1.59,23.74,3.62,0,0,True,synthetic_scenario_generator,26006
2024-11-22,IND_VIZ,2.17,22.29,3.07,0,0,True,synthetic_scenario_generator,26006
2024-11-23,IND_VIZ,0.88,21.82,4.74,0,0,True,synthetic_scenario_generator,26006
2024-11-24,IND_VIZ,1.5,14.69,7.65,0,0,True,synthetic_scenario_generator,26006
2024-11-25,IND_VIZ,1.58,25.58,8.88,0,0,True,synthetic_scenario_generator,26006
2024-11-26,IND_VIZ,1.44,17.52,6.09,0,0,True,synthetic_scenario_generator,26006
2024-11-27,IND_VIZ,1.27,23.47,1.64,0,0,True,synthetic_scenario_generator,26006
2024-11-28,IND_VIZ,1.52,28.23,2.48,0,0,True,synthetic_scenario_generator,26006
2024-11-29,IND_VIZ,1.44,12.75,5.92,0,0,True,synthetic_scenario_generator,26006
2024-11-30,IND_VIZ,1.56,24.12,6.87,0,0,True,synthetic_scenario_generator,26006
2024-12-01,IND_VIZ,1.29,23.12,1.53,0,0,True,synthetic_scenario_generator,26006
2024-12-02,IND_VIZ,1.32,22.01,2.14,0,0,True,synthetic_scenario_generator,26006
2024-12-03,IND_VIZ,1.87,25.05,3.82,0,0,True,synthetic_scenario_generator,26006
2024-12-04,IND_VIZ,1.31,27.11,6.23,0,0,True,synthetic_scenario_generator,26006
2024-12-05,IND_VIZ,1.49,14.16,2.4,0,0,True,synthetic_scenario_generator,26006
2024-12-06,IND_VIZ,1.91,25.08,0.93,0,0,True,synthetic_scenario_generator,26006
2024-12-07,IND_VIZ,0.95,20.06,3.58,0,0,True,synthetic_scenario_generator,26006
2024-12-08,IND_VIZ,2.68,29.97,2.04,0,0,True,synthetic_scenario_generator,26006
2024-12-09,IND_VIZ,1.76,17.89,1.62,0,0,True,synthetic_scenario_generator,26006
2024-12-10,IND_VIZ,1.44,27.7,6.93,0,0,True,synthetic_scenario_generator,26006
2024-12-11,IND_VIZ,1.91,22.35,1.09,0,0,True,synthetic_scenario_generator,26006
2024-12-12,IND_VIZ,1.09,20.91,0.19,0,0,True,synthetic_scenario_generator,26006
2024-12-13,IND_VIZ,2.39,10.19,9.71,0,0,True,synthetic_scenario_generator,26006
2024-12-14,IND_VIZ,1.68,22.05,12.35,0,0,True,synthetic_scenario_generator,26006
2024-12-15,IND_VIZ,1.04,25.05,4.04,0,0,True,synthetic_scenario_generator,26006
2024-12-16,IND_VIZ,2.48,22.25,1.79,0,0,True,synthetic_scenario_generator,26006
2024-12-17,IND_VIZ,1.11,19.47,2.52,0,0,True,synthetic_scenario_generator,26006
2024-12-18,IND_VIZ,1.41,35.18,4.5,0,0,True,synthetic_scenario_generator,26006
2024-12-19,IND_VIZ,2.03,16.79,8.03,0,0,True,synthetic_scenario_generator,26006
2024-12-20,IND_VIZ,1.6,26.75,3.98,0,0,True,synthetic_scenario_generator,26006
2024-12-21,IND_VIZ,1.79,25.81,1.13,0,0,True,synthetic_scenario_generator,26006
2024-12-22,IND_VIZ,1.64,13.66,6.46,0,0,True,synthetic_scenario_generator,26006
2024-12-23,IND_VIZ,1.74,18.98,11.86,0,0,True,synthetic_scenario_generator,26006
2024-12-24,IND_VIZ,1.36,22.43,3.75,0,0,True,synthetic_scenario_generator,26006
2024-12-25,IND_VIZ,1.67,25.42,2.04,0,0,True,synthetic_scenario_generator,26006
2024-12-26,IND_VIZ,1.13,25.66,7.06,0,0,True,synthetic_scenario_generator,26006
2024-12-27,IND_VIZ,1.13,20.11,2.88,0,0,True,synthetic_scenario_generator,26006
2024-12-28,IND_VIZ,0.84,17.45,2.89,0,0,True,synthetic_scenario_generator,26006
2024-12-29,IND_VIZ,1.26,15.51,3.87,0,0,True,synthetic_scenario_generator,26006
2024-12-30,IND_VIZ,2.62,28.23,6.24,0,0,True,synthetic_scenario_generator,26006
2024-12-31,IND_VIZ,1.52,18.57,3.67,0,0,True,synthetic_scenario_generator,26006
2025-01-01,IND_VIZ,0.62,15.39,6.59,0,0,True,synthetic_scenario_generator,26006
2025-01-02,IND_VIZ,0.6,16.12,6.87,0,0,True,synthetic_scenario_generator,26006
2025-01-03,IND_VIZ,0.86,18.78,3.7,0,0,True,synthetic_scenario_generator,26006
2025-01-04,IND_VIZ,0.6,19.35,2.97,0,0,True,synthetic_scenario_generator,26006
2025-01-05,IND_VIZ,1.45,15.23,5.9,0,0,True,synthetic_scenario_generator,26006
2025-01-06,IND_VIZ,0.59,13.11,3.15,0,0,True,synthetic_scenario_generator,26006
2025-01-07,IND_VIZ,1.09,23.02,4.69,0,0,True,synthetic_scenario_generator,26006
2025-01-08,IND_VIZ,0.98,14.4,6.74,0,0,True,synthetic_scenario_generator,26006
2025-01-09,IND_VIZ,1.45,11.6,3.34,0,0,True,synthetic_scenario_generator,26006
2025-01-10,IND_VIZ,1.41,12.84,4.33,0,0,True,synthetic_scenario_generator,26006
2025-01-11,IND_VIZ,1.14,17.32,9.61,0,0,True,synthetic_scenario_generator,26006
2025-01-12,IND_VIZ,1.11,6.15,4.4,0,0,True,synthetic_scenario_generator,26006
2025-01-13,IND_VIZ,1.47,15.65,1.85,0,0,True,synthetic_scenario_generator,26006
2025-01-14,IND_VIZ,1.1,11.03,5.01,0,0,True,synthetic_scenario_generator,26006
2025-01-15,IND_VIZ,0.92,13.73,7.57,0,0,True,synthetic_scenario_generator,26006
2025-01-16,IND_VIZ,1.92,8.23,11.12,0,0,True,synthetic_scenario_generator,26006
2025-01-17,IND_VIZ,0.73,11.46,1.17,0,0,True,synthetic_scenario_generator,26006
2025-01-18,IND_VIZ,0.87,15.96,3.5,0,0,True,synthetic_scenario_generator,26006
2025-01-19,IND_VIZ,0.5,19.57,0.71,0,0,True,synthetic_scenario_generator,26006
2025-01-20,IND_VIZ,1.41,4.74,8.09,0,0,True,synthetic_scenario_generator,26006
2025-01-21,IND_VIZ,1.37,23.74,0.64,0,0,True,synthetic_scenario_generator,26006
2025-01-22,IND_VIZ,1.4,5.27,1.36,0,0,True,synthetic_scenario_generator,26006
2025-01-23,IND_VIZ,0.89,13.4,2.71,0,0,True,synthetic_scenario_generator,26006
2025-01-24,IND_VIZ,1.26,14.88,7.93,0,0,True,synthetic_scenario_generator,26006
2025-01-25,IND_VIZ,0.73,5.6,2.43,0,0,True,synthetic_scenario_generator,26006
2025-01-26,IND_VIZ,1.73,7.19,3.33,0,0,True,synthetic_scenario_generator,26006
2025-01-27,IND_VIZ,1.51,13.63,10.58,0,0,True,synthetic_scenario_generator,26006
2025-01-28,IND_VIZ,1.17,27.34,4.43,0,0,True,synthetic_scenario_generator,26006
2025-01-29,IND_VIZ,1.09,10.75,0.56,0,0,True,synthetic_scenario_generator,26006
2025-01-30,IND_VIZ,0.77,26.27,5.11,0,0,True,synthetic_scenario_generator,26006
2025-01-31,IND_VIZ,1.73,18.81,7.49,0,0,True,synthetic_scenario_generator,26006
2025-02-01,IND_VIZ,0.86,13.24,0.91,0,0,True,synthetic_scenario_generator,26006
2025-02-02,IND_VIZ,1.26,17.1,7.44,0,0,True,synthetic_scenario_generator,26006
2025-02-03,IND_VIZ,1.39,12.65,4.46,0,0,True,synthetic_scenario_generator,26006
2025-02-04,IND_VIZ,1.56,12.53,1.83,0,0,True,synthetic_scenario_generator,26006
2025-02-05,IND_VIZ,1.39,19.86,1.82,0,0,True,synthetic_scenario_generator,26006
2025-02-06,IND_VIZ,0.9,20.28,2.71,0,0,True,synthetic_scenario_generator,26006
2025-02-07,IND_VIZ,1.46,15.93,1.9,0,0,True,synthetic_scenario_generator,26006
2025-02-08,IND_VIZ,1.18,6.86,2.99,0,0,True,synthetic_scenario_generator,26006
2025-02-09,IND_VIZ,0.49,15.14,5.25,0,0,True,synthetic_scenario_generator,26006
2025-02-10,IND_VIZ,1.26,9.62,4.83,0,0,True,synthetic_scenario_generator,26006
2025-02-11,IND_VIZ,1.43,9.54,8.56,0,0,True,synthetic_scenario_generator,26006
2025-02-12,IND_VIZ,1.21,16.62,2.06,0,0,True,synthetic_scenario_generator,26006
2025-02-13,IND_VIZ,2.01,17.02,3.22,0,0,True,synthetic_scenario_generator,26006
2025-02-14,IND_VIZ,1.04,4.24,3.83,0,0,True,synthetic_scenario_generator,26006
2025-02-15,IND_VIZ,1.34,15.96,8.44,0,0,True,synthetic_scenario_generator,26006
2025-02-16,IND_VIZ,1.29,27.75,0.48,0,0,True,synthetic_scenario_generator,26006
2025-02-17,IND_VIZ,0.72,8.74,6.16,0,0,True,synthetic_scenario_generator,26006
2025-02-18,IND_VIZ,1.12,6.1,1.81,0,0,True,synthetic_scenario_generator,26006
2025-02-19,IND_VIZ,1.58,13.91,2.51,0,0,True,synthetic_scenario_generator,26006
2025-02-20,IND_VIZ,0.77,15.01,0.67,0,0,True,synthetic_scenario_generator,26006
2025-02-21,IND_VIZ,1.11,14.09,4.26,0,0,True,synthetic_scenario_generator,26006
2025-02-22,IND_VIZ,1.16,12.4,0.62,0,0,True,synthetic_scenario_generator,26006
2025-02-23,IND_VIZ,1.39,14.46,2.99,0,0,True,synthetic_scenario_generator,26006
2025-02-24,IND_VIZ,0.72,21.99,3.21,0,0,True,synthetic_scenario_generator,26006
2025-02-25,IND_VIZ,1.29,11.89,1.81,0,0,True,synthetic_scenario_generator,26006
2025-02-26,IND_VIZ,0.87,10.49,2.57,0,0,True,synthetic_scenario_generator,26006
2025-02-27,IND_VIZ,1.61,11.48,4.65,0,0,True,synthetic_scenario_generator,26006
2025-02-28,IND_VIZ,1.72,18.74,0.65,0,0,True,synthetic_scenario_generator,26006
2025-03-01,IND_VIZ,0.94,10.81,3.1,0,0,True,synthetic_scenario_generator,26006
2025-03-02,IND_VIZ,0.76,13.01,6.21,0,0,True,synthetic_scenario_generator,26006
2025-03-03,IND_VIZ,1.55,13.31,12.14,0,0,True,synthetic_scenario_generator,26006
2025-03-04,IND_VIZ,1.3,11.45,5.89,0,0,True,synthetic_scenario_generator,26006
2025-03-05,IND_VIZ,1.03,21.52,8.44,0,0,True,synthetic_scenario_generator,26006
2025-03-06,IND_VIZ,1.12,16.03,3.85,0,0,True,synthetic_scenario_generator,26006
2025-03-07,IND_VIZ,1.8,27.34,0.43,0,0,True,synthetic_scenario_generator,26006
2025-03-08,IND_VIZ,0.96,6.65,0.66,0,0,True,synthetic_scenario_generator,26006
2025-03-09,IND_VIZ,1.74,14.08,4.09,0,0,True,synthetic_scenario_generator,26006
2025-03-10,IND_VIZ,1.63,16.06,2.4,0,0,True,synthetic_scenario_generator,26006
2025-03-11,IND_VIZ,1.71,22.39,5.94,0,0,True,synthetic_scenario_generator,26006
2025-03-12,IND_VIZ,1.13,13.16,3.74,0,0,True,synthetic_scenario_generator,26006
2025-03-13,IND_VIZ,0.86,13.86,0.23,0,0,True,synthetic_scenario_generator,26006
2025-03-14,IND_VIZ,0.55,16.85,1.66,0,0,True,synthetic_scenario_generator,26006
2025-03-15,IND_VIZ,1.42,6.01,0.72,0,0,True,synthetic_scenario_generator,26006
2025-03-16,IND_VIZ,0.62,12.51,1.5,0,0,True,synthetic_scenario_generator,26006
2025-03-17,IND_VIZ,1.14,18.6,7.52,0,0,True,synthetic_scenario_generator,26006
2025-03-18,IND_VIZ,1.06,17.84,7.3,0,0,True,synthetic_scenario_generator,26006
2025-03-19,IND_VIZ,1.2,12.66,2.61,0,0,True,synthetic_scenario_generator,26006
2025-03-20,IND_VIZ,1.53,15.87,4.35,0,0,True,synthetic_scenario_generator,26006
2025-03-21,IND_VIZ,0.73,28.63,5.1,0,0,True,synthetic_scenario_generator,26006
2025-03-22,IND_VIZ,0.54,14.65,1.23,0,0,True,synthetic_scenario_generator,26006
2025-03-23,IND_VIZ,1.85,9.25,0.63,0,0,True,synthetic_scenario_generator,26006
2025-03-24,IND_VIZ,2.2,14.84,4.19,0,0,True,synthetic_scenario_generator,26006
2025-03-25,IND_VIZ,1.11,14.19,2.99,0,0,True,synthetic_scenario_generator,26006
2025-03-26,IND_VIZ,0.57,8.3,2.08,0,0,True,synthetic_scenario_generator,26006
2025-03-27,IND_VIZ,1.14,19.67,4.47,0,0,True,synthetic_scenario_generator,26006
2025-03-28,IND_VIZ,0.9,18.22,2.41,0,0,True,synthetic_scenario_generator,26006
2025-03-29,IND_VIZ,1.2,22.68,9.09,0,0,True,synthetic_scenario_generator,26006
2025-03-30,IND_VIZ,0.75,18.84,0.48,0,0,True,synthetic_scenario_generator,26006
2025-03-31,IND_VIZ,1.75,26.36,1.29,0,0,True,synthetic_scenario_generator,26006
2025-04-01,IND_VIZ,1.62,19.38,4.01,0,0,True,synthetic_scenario_generator,26006
2025-04-02,IND_VIZ,1.94,20.57,2.68,0,0,True,synthetic_scenario_generator,26006
2025-04-03,IND_VIZ,1.26,26.08,0.09,0,0,True,synthetic_scenario_generator,26006
2025-04-04,IND_VIZ,2.09,21.31,3.63,0,0,True,synthetic_scenario_generator,26006
2025-04-05,IND_VIZ,1.38,19.36,1.04,0,0,True,synthetic_scenario_generator,26006
2025-04-06,IND_VIZ,1.1,28.86,1.06,0,0,True,synthetic_scenario_generator,26006
2025-04-07,IND_VIZ,1.8,22.05,1.84,0,0,True,synthetic_scenario_generator,26006
2025-04-08,IND_VIZ,2.06,25.57,6.1,0,0,True,synthetic_scenario_generator,26006
2025-04-09,IND_VIZ,1.8,17.06,1.1,0,0,True,synthetic_scenario_generator,26006
2025-04-10,IND_VIZ,1.66,21.6,5.55,0,0,True,synthetic_scenario_generator,26006
2025-04-11,IND_VIZ,2.02,16.37,8.69,0,0,True,synthetic_scenario_generator,26006
2025-04-12,IND_VIZ,1.33,19.61,0.81,0,0,True,synthetic_scenario_generator,26006
2025-04-13,IND_VIZ,2.62,22.72,1.71,0,0,True,synthetic_scenario_generator,26006
2025-04-14,IND_VIZ,2.01,14.99,3.23,0,0,True,synthetic_scenario_generator,26006
2025-04-15,IND_VIZ,1.24,15.23,2.21,0,0,True,synthetic_scenario_generator,26006
2025-04-16,IND_VIZ,1.35,24.9,1.2,0,0,True,synthetic_scenario_generator,26006
2025-04-17,IND_VIZ,2.07,26.47,1.47,0,0,True,synthetic_scenario_generator,26006
2025-04-18,IND_VIZ,1.28,19.94,0.72,0,0,True,synthetic_scenario_generator,26006
2025-04-19,IND_VIZ,0.85,20.41,2.47,0,0,True,synthetic_scenario_generator,26006
2025-04-20,IND_VIZ,1.98,17.2,0.15,0,0,True,synthetic_scenario_generator,26006
2025-04-21,IND_VIZ,1.3,31.53,2.51,0,0,True,synthetic_scenario_generator,26006
2025-04-22,IND_VIZ,1.78,13.55,3.08,0,0,True,synthetic_scenario_generator,26006
2025-04-23,IND_VIZ,2.0,22.94,1.31,0,0,True,synthetic_scenario_generator,26006
2025-04-24,IND_VIZ,2.04,20.73,5.56,0,0,True,synthetic_scenario_generator,26006
2025-04-25,IND_VIZ,1.42,19.4,4.38,0,0,True,synthetic_scenario_generator,26006
2025-04-26,IND_VIZ,1.33,14.4,3.51,0,0,True,synthetic_scenario_generator,26006
2025-04-27,IND_VIZ,1.15,22.6,1.44,0,0,True,synthetic_scenario_generator,26006
2025-04-28,IND_VIZ,1.49,16.77,2.65,0,0,True,synthetic_scenario_generator,26006
2025-04-29,IND_VIZ,1.52,18.35,1.26,0,0,True,synthetic_scenario_generator,26006
2025-04-30,IND_VIZ,2.34,17.29,8.38,0,0,True,synthetic_scenario_generator,26006
2025-05-01,IND_VIZ,1.15,20.83,4.13,0,0,True,synthetic_scenario_generator,26006
2025-05-02,IND_VIZ,1.25,23.33,13.05,0,0,True,synthetic_scenario_generator,26006
2025-05-03,IND_VIZ,1.45,9.59,2.45,0,0,True,synthetic_scenario_generator,26006
2025-05-04,IND_VIZ,1.8,15.47,3.11,0,0,True,synthetic_scenario_generator,26006
2025-05-05,IND_VIZ,1.77,15.4,5.3,0,0,True,synthetic_scenario_generator,26006
2025-05-06,IND_VIZ,1.5,17.86,3.85,0,0,True,synthetic_scenario_generator,26006
2025-05-07,IND_VIZ,1.67,19.37,1.48,0,0,True,synthetic_scenario_generator,26006
2025-05-08,IND_VIZ,2.36,20.18,3.94,0,0,True,synthetic_scenario_generator,26006
2025-05-09,IND_VIZ,2.08,21.0,4.44,0,0,True,synthetic_scenario_generator,26006
2025-05-10,IND_VIZ,1.96,17.69,16.45,0,0,True,synthetic_scenario_generator,26006
2025-05-11,IND_VIZ,1.91,18.85,4.69,0,0,True,synthetic_scenario_generator,26006
2025-05-12,IND_VIZ,1.4,17.28,11.51,0,0,True,synthetic_scenario_generator,26006
2025-05-13,IND_VIZ,1.51,13.93,4.72,0,0,True,synthetic_scenario_generator,26006
2025-05-14,IND_VIZ,1.27,17.42,13.57,0,0,True,synthetic_scenario_generator,26006
2025-05-15,IND_VIZ,1.5,14.2,8.04,0,0,True,synthetic_scenario_generator,26006
2025-05-16,IND_VIZ,1.56,24.69,1.95,0,0,True,synthetic_scenario_generator,26006
2025-05-17,IND_VIZ,1.57,10.16,1.81,0,0,True,synthetic_scenario_generator,26006
2025-05-18,IND_VIZ,1.32,6.7,0.85,0,0,True,synthetic_scenario_generator,26006
2025-05-19,IND_VIZ,1.72,21.7,1.16,0,0,True,synthetic_scenario_generator,26006
2025-05-20,IND_VIZ,0.92,28.58,3.34,0,0,True,synthetic_scenario_generator,26006
2025-05-21,IND_VIZ,1.11,32.62,1.0,0,0,True,synthetic_scenario_generator,26006
2025-05-22,IND_VIZ,1.0,17.65,1.46,0,0,True,synthetic_scenario_generator,26006
2025-05-23,IND_VIZ,1.69,11.0,1.26,0,0,True,synthetic_scenario_generator,26006
2025-05-24,IND_VIZ,1.75,23.39,2.23,0,0,True,synthetic_scenario_generator,26006
2025-05-25,IND_VIZ,2.09,23.21,4.54,0,0,True,synthetic_scenario_generator,26006
2025-05-26,IND_VIZ,1.91,32.62,2.71,0,0,True,synthetic_scenario_generator,26006
2025-05-27,IND_VIZ,2.45,12.02,1.03,0,0,True,synthetic_scenario_generator,26006
2025-05-28,IND_VIZ,1.61,18.35,10.96,0,0,True,synthetic_scenario_generator,26006
2025-05-29,IND_VIZ,0.9,18.97,3.7,0,0,True,synthetic_scenario_generator,26006
2025-05-30,IND_VIZ,2.21,14.62,7.3,0,0,True,synthetic_scenario_generator,26006
2025-05-31,IND_VIZ,2.15,14.32,6.42,0,0,True,synthetic_scenario_generator,26006
2025-06-01,IND_VIZ,2.08,34.11,20.23,0,1,True,synthetic_scenario_generator,26006
2025-06-02,IND_VIZ,3.29,32.65,4.93,0,1,True,synthetic_scenario_generator,26006
2025-06-03,IND_VIZ,3.08,31.93,38.83,0,1,True,synthetic_scenario_generator,26006
2025-06-04,IND_VIZ,3.37,35.15,4.0,0,1,True,synthetic_scenario_generator,26006
2025-06-05,IND_VIZ,3.06,44.36,2.83,0,1,True,synthetic_scenario_generator,26006
2025-06-06,IND_VIZ,2.49,34.72,7.64,0,1,True,synthetic_scenario_generator,26006
2025-06-07,IND_VIZ,1.91,41.4,21.43,0,1,True,synthetic_scenario_generator,26006
2025-06-08,IND_VIZ,2.08,31.43,11.85,0,1,True,synthetic_scenario_generator,26006
2025-06-09,IND_VIZ,2.76,33.41,2.7,0,1,True,synthetic_scenario_generator,26006
2025-06-10,IND_VIZ,2.51,31.55,3.6,0,1,True,synthetic_scenario_generator,26006
2025-06-11,IND_VIZ,2.03,41.63,2.88,0,1,True,synthetic_scenario_generator,26006
2025-06-12,IND_VIZ,2.57,33.96,17.22,0,1,True,synthetic_scenario_generator,26006
2025-06-13,IND_VIZ,2.4,21.38,48.36,0,1,True,synthetic_scenario_generator,26006
2025-06-14,IND_VIZ,2.88,31.75,29.88,0,1,True,synthetic_scenario_generator,26006
2025-06-15,IND_VIZ,2.57,28.8,18.12,0,1,True,synthetic_scenario_generator,26006
2025-06-16,IND_VIZ,2.85,33.27,0.77,0,1,True,synthetic_scenario_generator,26006
2025-06-17,IND_VIZ,2.94,36.91,1.88,0,1,True,synthetic_scenario_generator,26006
2025-06-18,IND_VIZ,3.13,37.08,1.14,0,1,True,synthetic_scenario_generator,26006
2025-06-19,IND_VIZ,2.26,34.09,30.96,0,1,True,synthetic_scenario_generator,26006
2025-06-20,IND_VIZ,2.53,30.17,2.59,0,1,True,synthetic_scenario_generator,26006
2025-06-21,IND_VIZ,2.88,22.42,9.14,0,1,True,synthetic_scenario_generator,26006
2025-06-22,IND_VIZ,2.54,26.84,11.86,0,1,True,synthetic_scenario_generator,26006
2025-06-23,IND_VIZ,1.89,28.32,80.97,0,1,True,synthetic_scenario_generator,26006
2025-06-24,IND_VIZ,2.83,23.2,22.58,0,1,True,synthetic_scenario_generator,26006
2025-06-25,IND_VIZ,2.93,34.34,1.6,0,1,True,synthetic_scenario_generator,26006
2025-06-26,IND_VIZ,2.33,23.01,2.6,0,1,True,synthetic_scenario_generator,26006
2025-06-27,IND_VIZ,1.97,30.87,9.72,0,1,True,synthetic_scenario_generator,26006
2025-06-28,IND_VIZ,2.99,26.2,2.95,0,1,True,synthetic_scenario_generator,26006
2025-06-29,IND_VIZ,2.07,41.31,19.18,0,1,True,synthetic_scenario_generator,26006
2025-06-30,IND_VIZ,2.91,31.9,22.29,0,1,True,synthetic_scenario_generator,26006
2025-07-01,IND_VIZ,2.41,22.57,7.86,0,1,True,synthetic_scenario_generator,26006
2025-07-02,IND_VIZ,1.75,22.23,7.04,0,1,True,synthetic_scenario_generator,26006
2025-07-03,IND_VIZ,1.77,22.19,20.5,0,1,True,synthetic_scenario_generator,26006
2025-07-04,IND_VIZ,2.25,31.3,2.99,0,1,True,synthetic_scenario_generator,26006
2025-07-05,IND_VIZ,2.27,25.5,15.77,0,1,True,synthetic_scenario_generator,26006
2025-07-06,IND_VIZ,1.91,24.74,17.74,0,1,True,synthetic_scenario_generator,26006
2025-07-07,IND_VIZ,2.66,27.25,9.86,0,1,True,synthetic_scenario_generator,26006
2025-07-08,IND_VIZ,1.22,26.87,15.35,0,1,True,synthetic_scenario_generator,26006
2025-07-09,IND_VIZ,2.4,26.73,3.25,0,1,True,synthetic_scenario_generator,26006
2025-07-10,IND_VIZ,1.86,30.27,15.99,0,1,True,synthetic_scenario_generator,26006
2025-07-11,IND_VIZ,2.14,28.94,8.89,0,1,True,synthetic_scenario_generator,26006
2025-07-12,IND_VIZ,2.44,20.1,35.36,0,1,True,synthetic_scenario_generator,26006
2025-07-13,IND_VIZ,2.41,31.84,25.32,0,1,True,synthetic_scenario_generator,26006
2025-07-14,IND_VIZ,2.1,31.53,12.18,0,1,True,synthetic_scenario_generator,26006
2025-07-15,IND_VIZ,2.15,30.64,11.47,0,1,True,synthetic_scenario_generator,26006
2025-07-16,IND_VIZ,2.36,26.78,7.62,0,1,True,synthetic_scenario_generator,26006
2025-07-17,IND_VIZ,2.89,27.19,17.52,0,1,True,synthetic_scenario_generator,26006
2025-07-18,IND_VIZ,1.17,24.09,8.12,0,1,True,synthetic_scenario_generator,26006
2025-07-19,IND_VIZ,2.95,28.43,6.15,0,1,True,synthetic_scenario_generator,26006
2025-07-20,IND_VIZ,2.94,31.31,12.28,0,1,True,synthetic_scenario_generator,26006
2025-07-21,IND_VIZ,1.39,29.32,7.1,0,1,True,synthetic_scenario_generator,26006
2025-07-22,IND_VIZ,2.34,32.62,22.66,0,1,True,synthetic_scenario_generator,26006
2025-07-23,IND_VIZ,2.45,17.91,10.89,0,1,True,synthetic_scenario_generator,26006
2025-07-24,IND_VIZ,1.8,26.15,25.55,0,1,True,synthetic_scenario_generator,26006
2025-07-25,IND_VIZ,2.13,19.31,13.49,0,1,True,synthetic_scenario_generator,26006
2025-07-26,IND_VIZ,2.09,23.97,38.86,0,1,True,synthetic_scenario_generator,26006
2025-07-27,IND_VIZ,2.13,22.63,29.17,0,1,True,synthetic_scenario_generator,26006
2025-07-28,IND_VIZ,2.02,26.58,7.12,0,1,True,synthetic_scenario_generator,26006
2025-07-29,IND_VIZ,2.55,21.13,9.3,0,1,True,synthetic_scenario_generator,26006
2025-07-30,IND_VIZ,2.18,24.86,4.41,0,1,True,synthetic_scenario_generator,26006
2025-07-31,IND_VIZ,2.85,31.8,13.53,0,1,True,synthetic_scenario_generator,26006
2025-08-01,IND_VIZ,2.67,27.24,2.17,0,1,True,synthetic_scenario_generator,26006
2025-08-02,IND_VIZ,2.6,37.47,16.15,0,1,True,synthetic_scenario_generator,26006
2025-08-03,IND_VIZ,2.71,29.16,8.29,0,1,True,synthetic_scenario_generator,26006
2025-08-04,IND_VIZ,2.05,33.14,19.95,0,1,True,synthetic_scenario_generator,26006
2025-08-05,IND_VIZ,2.67,30.48,12.32,0,1,True,synthetic_scenario_generator,26006
2025-08-06,IND_VIZ,2.5,25.62,15.89,0,1,True,synthetic_scenario_generator,26006
2025-08-07,IND_VIZ,1.89,19.56,10.38,0,1,True,synthetic_scenario_generator,26006
2025-08-08,IND_VIZ,3.3,21.93,7.95,0,1,True,synthetic_scenario_generator,26006
2025-08-09,IND_VIZ,2.61,33.17,11.66,0,1,True,synthetic_scenario_generator,26006
2025-08-10,IND_VIZ,2.07,24.12,31.98,0,1,True,synthetic_scenario_generator,26006
2025-08-11,IND_VIZ,2.59,29.88,5.03,0,1,True,synthetic_scenario_generator,26006
2025-08-12,IND_VIZ,2.07,28.36,58.82,0,1,True,synthetic_scenario_generator,26006
2025-08-13,IND_VIZ,1.92,25.74,20.96,0,1,True,synthetic_scenario_generator,26006
2025-08-14,IND_VIZ,1.92,27.94,24.48,0,1,True,synthetic_scenario_generator,26006
2025-08-15,IND_VIZ,2.51,17.32,8.72,0,1,True,synthetic_scenario_generator,26006
2025-08-16,IND_VIZ,2.23,34.76,4.6,0,1,True,synthetic_scenario_generator,26006
2025-08-17,IND_VIZ,1.93,31.19,18.75,0,1,True,synthetic_scenario_generator,26006
2025-08-18,IND_VIZ,1.84,23.23,16.11,0,1,True,synthetic_scenario_generator,26006
2025-08-19,IND_VIZ,1.9,28.58,21.64,0,1,True,synthetic_scenario_generator,26006
2025-08-20,IND_VIZ,2.41,27.5,3.75,0,1,True,synthetic_scenario_generator,26006
2025-08-21,IND_VIZ,2.47,28.1,25.51,0,1,True,synthetic_scenario_generator,26006
2025-08-22,IND_VIZ,1.93,27.58,31.09,0,1,True,synthetic_scenario_generator,26006
2025-08-23,IND_VIZ,2.92,28.8,11.71,0,1,True,synthetic_scenario_generator,26006
2025-08-24,IND_VIZ,2.5,30.93,8.43,0,1,True,synthetic_scenario_generator,26006
2025-08-25,IND_VIZ,1.96,29.48,27.79,0,1,True,synthetic_scenario_generator,26006
2025-08-26,IND_VIZ,2.49,26.96,4.85,0,1,True,synthetic_scenario_generator,26006
2025-08-27,IND_VIZ,2.06,25.2,4.57,0,1,True,synthetic_scenario_generator,26006
2025-08-28,IND_VIZ,1.78,35.22,12.05,0,1,True,synthetic_scenario_generator,26006
2025-08-29,IND_VIZ,2.17,33.62,2.28,0,1,True,synthetic_scenario_generator,26006
2025-08-30,IND_VIZ,2.56,36.15,27.31,0,1,True,synthetic_scenario_generator,26006
2025-08-31,IND_VIZ,2.25,28.69,13.53,0,1,True,synthetic_scenario_generator,26006
2025-09-01,IND_VIZ,1.21,23.91,19.28,0,1,True,synthetic_scenario_generator,26006
2025-09-02,IND_VIZ,2.56,21.62,26.84,0,1,True,synthetic_scenario_generator,26006
2025-09-03,IND_VIZ,2.33,33.35,44.58,0,1,True,synthetic_scenario_generator,26006
2025-09-04,IND_VIZ,2.06,25.49,4.73,0,1,True,synthetic_scenario_generator,26006
2025-09-05,IND_VIZ,2.3,28.18,17.04,0,1,True,synthetic_scenario_generator,26006
2025-09-06,IND_VIZ,2.05,37.2,9.38,0,1,True,synthetic_scenario_generator,26006
2025-09-07,IND_VIZ,2.55,22.09,2.53,0,1,True,synthetic_scenario_generator,26006
2025-09-08,IND_VIZ,2.79,30.42,1.95,0,1,True,synthetic_scenario_generator,26006
2025-09-09,IND_VIZ,2.19,26.55,8.6,0,1,True,synthetic_scenario_generator,26006
2025-09-10,IND_VIZ,2.38,33.0,16.01,0,1,True,synthetic_scenario_generator,26006
2025-09-11,IND_VIZ,1.92,24.23,16.46,0,1,True,synthetic_scenario_generator,26006
2025-09-12,IND_VIZ,1.93,35.69,18.29,0,1,True,synthetic_scenario_generator,26006
2025-09-13,IND_VIZ,2.49,25.25,3.77,0,1,True,synthetic_scenario_generator,26006
2025-09-14,IND_VIZ,2.33,20.79,8.9,0,1,True,synthetic_scenario_generator,26006
2025-09-15,IND_VIZ,2.56,26.41,5.24,0,1,True,synthetic_scenario_generator,26006
2025-09-16,IND_VIZ,2.06,16.74,8.9,0,1,True,synthetic_scenario_generator,26006
2025-09-17,IND_VIZ,2.28,29.62,34.48,0,1,True,synthetic_scenario_generator,26006
2025-09-18,IND_VIZ,2.35,19.38,6.8,0,1,True,synthetic_scenario_generator,26006
2025-09-19,IND_VIZ,2.57,26.53,3.92,0,1,True,synthetic_scenario_generator,26006
2025-09-20,IND_VIZ,2.63,24.86,5.92,0,1,True,synthetic_scenario_generator,26006
2025-09-21,IND_VIZ,2.55,26.37,1.33,0,1,True,synthetic_scenario_generator,26006
2025-09-22,IND_VIZ,2.97,24.24,4.62,0,1,True,synthetic_scenario_generator,26006
2025-09-23,IND_VIZ,2.32,15.67,7.93,0,1,True,synthetic_scenario_generator,26006
2025-09-24,IND_VIZ,2.55,40.32,7.24,0,1,True,synthetic_scenario_generator,26006
2025-09-25,IND_VIZ,2.76,37.18,10.44,0,1,True,synthetic_scenario_generator,26006
2025-09-26,IND_VIZ,2.88,27.48,5.23,0,1,True,synthetic_scenario_generator,26006
2025-09-27,IND_VIZ,2.11,27.83,14.32,0,1,True,synthetic_scenario_generator,26006
2025-09-28,IND_VIZ,2.64,26.02,5.5,0,1,True,synthetic_scenario_generator,26006
2025-09-29,IND_VIZ,2.25,30.63,6.91,0,1,True,synthetic_scenario_generator,26006
2025-09-30,IND_VIZ,1.55,19.2,24.7,0,1,True,synthetic_scenario_generator,26006
2025-10-01,IND_VIZ,1.15,20.39,1.53,0,0,True,synthetic_scenario_generator,26006
2025-10-02,IND_VIZ,1.96,19.84,2.42,0,0,True,synthetic_scenario_generator,26006
2025-10-03,IND_VIZ,1.81,22.97,6.6,0,0,True,synthetic_scenario_generator,26006
2025-10-04,IND_VIZ,1.12,16.83,11.29,0,0,True,synthetic_scenario_generator,26006
2025-10-05,IND_VIZ,0.99,31.06,2.06,0,0,True,synthetic_scenario_generator,26006
2025-10-06,IND_VIZ,1.37,20.51,1.39,0,0,True,synthetic_scenario_generator,26006
2025-10-07,IND_VIZ,0.99,15.65,2.09,0,0,True,synthetic_scenario_generator,26006
2025-10-08,IND_VIZ,0.79,17.38,16.11,0,0,True,synthetic_scenario_generator,26006
2025-10-09,IND_VIZ,1.78,26.14,4.68,0,0,True,synthetic_scenario_generator,26006
2025-10-10,IND_VIZ,1.23,26.82,1.26,0,0,True,synthetic_scenario_generator,26006
2025-10-11,IND_VIZ,0.9,25.52,6.77,0,0,True,synthetic_scenario_generator,26006
2025-10-12,IND_VIZ,2.17,13.02,5.27,0,0,True,synthetic_scenario_generator,26006
2025-10-13,IND_VIZ,1.23,23.53,0.35,0,0,True,synthetic_scenario_generator,26006
2025-10-14,IND_VIZ,1.96,15.1,1.5,0,0,True,synthetic_scenario_generator,26006
2025-10-15,IND_VIZ,1.72,15.4,5.97,0,0,True,synthetic_scenario_generator,26006
2025-10-16,IND_VIZ,2.15,11.22,6.21,0,0,True,synthetic_scenario_generator,26006
2025-10-17,IND_VIZ,1.69,12.11,0.49,0,0,True,synthetic_scenario_generator,26006
2025-10-18,IND_VIZ,1.24,26.6,3.04,0,0,True,synthetic_scenario_generator,26006
2025-10-19,IND_VIZ,1.51,15.42,0.48,0,0,True,synthetic_scenario_generator,26006
2025-10-20,IND_VIZ,1.77,15.25,2.52,0,0,True,synthetic_scenario_generator,26006
2025-10-21,IND_VIZ,1.63,30.71,0.37,0,0,True,synthetic_scenario_generator,26006
2025-10-22,IND_VIZ,1.59,26.34,0.66,0,0,True,synthetic_scenario_generator,26006
2025-10-23,IND_VIZ,2.31,19.89,3.07,0,0,True,synthetic_scenario_generator,26006
2025-10-24,IND_VIZ,1.28,18.96,2.27,0,0,True,synthetic_scenario_generator,26006
2025-10-25,IND_VIZ,1.56,18.61,5.33,0,0,True,synthetic_scenario_generator,26006
2025-10-26,IND_VIZ,1.96,22.53,0.26,0,0,True,synthetic_scenario_generator,26006
2025-10-27,IND_VIZ,1.67,22.03,4.67,0,0,True,synthetic_scenario_generator,26006
2025-10-28,IND_VIZ,1.07,21.34,0.79,0,0,True,synthetic_scenario_generator,26006
2025-10-29,IND_VIZ,1.72,16.49,3.21,0,0,True,synthetic_scenario_generator,26006
2025-10-30,IND_VIZ,1.43,20.79,0.03,0,0,True,synthetic_scenario_generator,26006
2025-10-31,IND_VIZ,2.21,17.43,0.37,0,0,True,synthetic_scenario_generator,26006
2025-11-01,IND_VIZ,1.43,24.81,2.28,0,0,True,synthetic_scenario_generator,26006
2025-11-02,IND_VIZ,1.93,27.67,6.23,0,0,True,synthetic_scenario_generator,26006
2025-11-03,IND_VIZ,1.21,15.26,4.63,0,0,True,synthetic_scenario_generator,26006
2025-11-04,IND_VIZ,1.49,24.42,2.25,0,0,True,synthetic_scenario_generator,26006
2025-11-05,IND_VIZ,1.87,22.99,3.34,0,0,True,synthetic_scenario_generator,26006
2025-11-06,IND_VIZ,1.16,10.18,0.61,0,0,True,synthetic_scenario_generator,26006
2025-11-07,IND_VIZ,1.48,27.56,0.27,0,0,True,synthetic_scenario_generator,26006
2025-11-08,IND_VIZ,1.43,15.47,3.54,0,0,True,synthetic_scenario_generator,26006
2025-11-09,IND_VIZ,1.41,16.33,2.33,0,0,True,synthetic_scenario_generator,26006
2025-11-10,IND_VIZ,1.61,17.24,5.99,0,0,True,synthetic_scenario_generator,26006
2025-11-11,IND_VIZ,1.63,34.87,3.93,0,0,True,synthetic_scenario_generator,26006
2025-11-12,IND_VIZ,2.33,14.73,4.6,0,0,True,synthetic_scenario_generator,26006
2025-11-13,IND_VIZ,1.24,29.79,3.95,0,0,True,synthetic_scenario_generator,26006
2025-11-14,IND_VIZ,1.6,28.68,16.76,0,0,True,synthetic_scenario_generator,26006
2025-11-15,IND_VIZ,2.06,13.16,1.1,0,0,True,synthetic_scenario_generator,26006
2025-11-16,IND_VIZ,2.15,24.67,2.9,0,0,True,synthetic_scenario_generator,26006
2025-11-17,IND_VIZ,1.9,13.54,0.25,0,0,True,synthetic_scenario_generator,26006
2025-11-18,IND_VIZ,1.21,23.21,1.41,0,0,True,synthetic_scenario_generator,26006
2025-11-19,IND_VIZ,1.74,23.91,0.93,0,0,True,synthetic_scenario_generator,26006
2025-11-20,IND_VIZ,1.81,10.8,3.92,0,0,True,synthetic_scenario_generator,26006
2025-11-21,IND_VIZ,1.21,14.31,0.12,0,0,True,synthetic_scenario_generator,26006
2025-11-22,IND_VIZ,1.46,16.15,13.4,0,0,True,synthetic_scenario_generator,26006
2025-11-23,IND_VIZ,1.23,19.9,6.66,0,0,True,synthetic_scenario_generator,26006
2025-11-24,IND_VIZ,2.39,16.76,12.37,0,0,True,synthetic_scenario_generator,26006
2025-11-25,IND_VIZ,1.5,17.33,4.62,0,0,True,synthetic_scenario_generator,26006
2025-11-26,IND_VIZ,1.28,20.94,1.33,0,0,True,synthetic_scenario_generator,26006
2025-11-27,IND_VIZ,1.27,26.83,0.02,0,0,True,synthetic_scenario_generator,26006
2025-11-28,IND_VIZ,1.58,18.72,3.96,0,0,True,synthetic_scenario_generator,26006
2025-11-29,IND_VIZ,1.59,19.55,3.29,0,0,True,synthetic_scenario_generator,26006
2025-11-30,IND_VIZ,1.27,16.93,0.09,0,0,True,synthetic_scenario_generator,26006
2025-12-01,IND_VIZ,1.4,27.8,3.84,0,0,True,synthetic_scenario_generator,26006
2025-12-02,IND_VIZ,1.14,24.98,2.3,0,0,True,synthetic_scenario_generator,26006
2025-12-03,IND_VIZ,1.99,17.36,2.04,0,0,True,synthetic_scenario_generator,26006
2025-12-04,IND_VIZ,1.93,18.17,0.99,0,0,True,synthetic_scenario_generator,26006
2025-12-05,IND_VIZ,2.29,27.37,5.24,0,0,True,synthetic_scenario_generator,26006
2025-12-06,IND_VIZ,0.83,15.41,3.07,0,0,True,synthetic_scenario_generator,26006
2025-12-07,IND_VIZ,1.99,11.22,5.61,0,0,True,synthetic_scenario_generator,26006
2025-12-08,IND_VIZ,1.3,18.79,5.65,0,0,True,synthetic_scenario_generator,26006
2025-12-09,IND_VIZ,1.62,18.81,1.69,0,0,True,synthetic_scenario_generator,26006
2025-12-10,IND_VIZ,1.8,30.91,4.98,0,0,True,synthetic_scenario_generator,26006
2025-12-11,IND_VIZ,0.68,14.08,2.75,0,0,True,synthetic_scenario_generator,26006
2025-12-12,IND_VIZ,1.25,17.35,5.06,0,0,True,synthetic_scenario_generator,26006
2025-12-13,IND_VIZ,1.38,20.53,4.25,0,0,True,synthetic_scenario_generator,26006
2025-12-14,IND_VIZ,0.96,24.61,0.89,0,0,True,synthetic_scenario_generator,26006
2025-12-15,IND_VIZ,1.38,26.7,4.02,0,0,True,synthetic_scenario_generator,26006
2025-12-16,IND_VIZ,1.78,22.21,2.54,0,0,True,synthetic_scenario_generator,26006
2025-12-17,IND_VIZ,1.82,23.38,14.94,0,0,True,synthetic_scenario_generator,26006
2025-12-18,IND_VIZ,1.79,24.22,1.5,0,0,True,synthetic_scenario_generator,26006
2025-12-19,IND_VIZ,1.41,24.18,6.8,0,0,True,synthetic_scenario_generator,26006
2025-12-20,IND_VIZ,1.81,28.14,5.14,0,0,True,synthetic_scenario_generator,26006
2025-12-21,IND_VIZ,1.42,11.51,1.82,0,0,True,synthetic_scenario_generator,26006
2025-12-22,IND_VIZ,1.31,18.21,4.52,0,0,True,synthetic_scenario_generator,26006
2025-12-23,IND_VIZ,1.38,24.93,4.99,0,0,True,synthetic_scenario_generator,26006
2025-12-24,IND_VIZ,1.69,16.48,3.73,0,0,True,synthetic_scenario_generator,26006
2025-12-25,IND_VIZ,1.51,23.35,0.33,0,0,True,synthetic_scenario_generator,26006
2025-12-26,IND_VIZ,1.45,18.04,3.33,0,0,True,synthetic_scenario_generator,26006
2025-12-27,IND_VIZ,1.31,21.47,8.24,0,0,True,synthetic_scenario_generator,26006
2025-12-28,IND_VIZ,1.31,25.73,2.98,0,0,True,synthetic_scenario_generator,26006
2025-12-29,IND_VIZ,1.39,22.21,1.15,0,0,True,synthetic_scenario_generator,26006
2025-12-30,IND_VIZ,0.96,22.12,3.36,0,0,True,synthetic_scenario_generator,26006
2025-12-31,IND_VIZ,1.5,26.07,2.02,0,0,True,synthetic_scenario_generator,26006
2026-01-01,IND_VIZ,0.72,8.97,2.12,0,0,True,synthetic_scenario_generator,26006
2026-01-02,IND_VIZ,1.27,10.07,2.16,0,0,True,synthetic_scenario_generator,26006
2026-01-03,IND_VIZ,1.34,14.78,0.56,0,0,True,synthetic_scenario_generator,26006
2026-01-04,IND_VIZ,1.09,13.49,4.54,0,0,True,synthetic_scenario_generator,26006
2026-01-05,IND_VIZ,1.27,10.02,1.26,0,0,True,synthetic_scenario_generator,26006
2026-01-06,IND_VIZ,1.2,10.61,1.76,0,0,True,synthetic_scenario_generator,26006
2026-01-07,IND_VIZ,1.11,9.71,6.02,0,0,True,synthetic_scenario_generator,26006
2026-01-08,IND_VIZ,1.07,8.26,2.87,0,0,True,synthetic_scenario_generator,26006
2026-01-09,IND_VIZ,1.44,8.18,3.19,0,0,True,synthetic_scenario_generator,26006
2026-01-10,IND_VIZ,1.08,13.21,7.84,0,0,True,synthetic_scenario_generator,26006
2026-01-11,IND_VIZ,0.21,12.78,0.96,0,0,True,synthetic_scenario_generator,26006
2026-01-12,IND_VIZ,0.54,8.06,1.1,0,0,True,synthetic_scenario_generator,26006
2026-01-13,IND_VIZ,1.19,17.95,1.48,0,0,True,synthetic_scenario_generator,26006
2026-01-14,IND_VIZ,0.96,20.61,1.53,0,0,True,synthetic_scenario_generator,26006
2026-01-15,IND_VIZ,0.78,20.29,4.37,0,0,True,synthetic_scenario_generator,26006
2026-01-16,IND_VIZ,0.56,15.83,2.46,0,0,True,synthetic_scenario_generator,26006
2026-01-17,IND_VIZ,0.98,11.81,4.41,0,0,True,synthetic_scenario_generator,26006
2026-01-18,IND_VIZ,1.63,12.7,9.6,0,0,True,synthetic_scenario_generator,26006
2026-01-19,IND_VIZ,1.2,20.93,0.9,0,0,True,synthetic_scenario_generator,26006
2026-01-20,IND_VIZ,1.1,13.9,5.0,0,0,True,synthetic_scenario_generator,26006
2026-01-21,IND_VIZ,0.86,22.01,5.2,0,0,True,synthetic_scenario_generator,26006
2026-01-22,IND_VIZ,0.88,13.24,4.4,0,0,True,synthetic_scenario_generator,26006
2026-01-23,IND_VIZ,1.22,16.97,0.27,0,0,True,synthetic_scenario_generator,26006
2026-01-24,IND_VIZ,1.45,11.58,8.72,0,0,True,synthetic_scenario_generator,26006
2026-01-25,IND_VIZ,1.44,16.02,1.11,0,0,True,synthetic_scenario_generator,26006
2026-01-26,IND_VIZ,1.58,10.93,9.24,0,0,True,synthetic_scenario_generator,26006
2026-01-27,IND_VIZ,0.72,17.14,2.92,0,0,True,synthetic_scenario_generator,26006
2026-01-28,IND_VIZ,1.5,17.85,0.14,0,0,True,synthetic_scenario_generator,26006
2026-01-29,IND_VIZ,0.46,12.5,0.21,0,0,True,synthetic_scenario_generator,26006
2026-01-30,IND_VIZ,1.09,15.43,2.82,0,0,True,synthetic_scenario_generator,26006
2026-01-31,IND_VIZ,0.96,5.9,5.46,0,0,True,synthetic_scenario_generator,26006
2026-02-01,IND_VIZ,0.67,14.81,2.97,0,0,True,synthetic_scenario_generator,26006
2026-02-02,IND_VIZ,1.32,14.39,0.32,0,0,True,synthetic_scenario_generator,26006
2026-02-03,IND_VIZ,1.17,9.2,1.33,0,0,True,synthetic_scenario_generator,26006
2026-02-04,IND_VIZ,0.2,18.91,1.46,0,0,True,synthetic_scenario_generator,26006
2026-02-05,IND_VIZ,1.23,10.81,0.88,0,0,True,synthetic_scenario_generator,26006
2026-02-06,IND_VIZ,0.65,13.58,0.1,0,0,True,synthetic_scenario_generator,26006
2026-02-07,IND_VIZ,1.31,10.69,6.08,0,0,True,synthetic_scenario_generator,26006
2026-02-08,IND_VIZ,0.57,13.76,2.62,0,0,True,synthetic_scenario_generator,26006
2026-02-09,IND_VIZ,1.01,16.11,1.19,0,0,True,synthetic_scenario_generator,26006
2026-02-10,IND_VIZ,0.89,13.42,5.11,0,0,True,synthetic_scenario_generator,26006
2026-02-11,IND_VIZ,1.48,18.04,2.47,0,0,True,synthetic_scenario_generator,26006
2026-02-12,IND_VIZ,0.31,3.99,2.38,0,0,True,synthetic_scenario_generator,26006
2026-02-13,IND_VIZ,1.17,9.05,2.4,0,0,True,synthetic_scenario_generator,26006
2026-02-14,IND_VIZ,1.43,16.02,4.11,0,0,True,synthetic_scenario_generator,26006
2026-02-15,IND_VIZ,1.01,7.42,1.98,0,0,True,synthetic_scenario_generator,26006
2026-02-16,IND_VIZ,1.23,16.17,6.67,0,0,True,synthetic_scenario_generator,26006
2026-02-17,IND_VIZ,0.86,14.23,8.83,0,0,True,synthetic_scenario_generator,26006
2026-02-18,IND_VIZ,1.22,18.58,4.08,0,0,True,synthetic_scenario_generator,26006
2026-02-19,IND_VIZ,0.42,8.91,3.38,0,0,True,synthetic_scenario_generator,26006
2026-02-20,IND_VIZ,0.94,17.85,7.6,0,0,True,synthetic_scenario_generator,26006
2026-02-21,IND_VIZ,0.6,13.72,3.22,0,0,True,synthetic_scenario_generator,26006
2026-02-22,IND_VIZ,1.54,13.88,4.72,0,0,True,synthetic_scenario_generator,26006
2026-02-23,IND_VIZ,1.12,24.12,3.01,0,0,True,synthetic_scenario_generator,26006
2026-02-24,IND_VIZ,1.26,16.3,2.7,0,0,True,synthetic_scenario_generator,26006
2026-02-25,IND_VIZ,0.55,16.66,11.2,0,0,True,synthetic_scenario_generator,26006
2026-02-26,IND_VIZ,1.13,12.31,2.14,0,0,True,synthetic_scenario_generator,26006
2026-02-27,IND_VIZ,0.45,17.16,4.29,0,0,True,synthetic_scenario_generator,26006
2026-02-28,IND_VIZ,0.81,16.8,4.42,0,0,True,synthetic_scenario_generator,26006
2026-03-01,IND_VIZ,1.21,16.02,4.16,0,0,True,synthetic_scenario_generator,26006
2026-03-02,IND_VIZ,0.36,13.19,1.37,0,0,True,synthetic_scenario_generator,26006
2026-03-03,IND_VIZ,0.97,13.41,1.44,0,0,True,synthetic_scenario_generator,26006
2026-03-04,IND_VIZ,1.05,12.85,0.74,0,0,True,synthetic_scenario_generator,26006
2026-03-05,IND_VIZ,0.63,11.34,1.32,0,0,True,synthetic_scenario_generator,26006
2026-03-06,IND_VIZ,1.49,17.79,1.59,0,0,True,synthetic_scenario_generator,26006
2026-03-07,IND_VIZ,1.0,17.14,10.47,0,0,True,synthetic_scenario_generator,26006
2026-03-08,IND_VIZ,1.21,25.34,3.57,0,0,True,synthetic_scenario_generator,26006
2026-03-09,IND_VIZ,1.73,8.19,0.51,0,0,True,synthetic_scenario_generator,26006
2026-03-10,IND_VIZ,0.7,16.48,11.06,0,0,True,synthetic_scenario_generator,26006
2026-03-11,IND_VIZ,0.71,23.66,3.1,0,0,True,synthetic_scenario_generator,26006
2026-03-12,IND_VIZ,0.31,11.98,17.82,0,0,True,synthetic_scenario_generator,26006
2026-03-13,IND_VIZ,1.65,25.19,3.13,0,0,True,synthetic_scenario_generator,26006
2026-03-14,IND_VIZ,0.35,19.0,1.02,0,0,True,synthetic_scenario_generator,26006
2026-03-15,IND_VIZ,1.2,10.37,5.34,0,0,True,synthetic_scenario_generator,26006
2026-03-16,IND_VIZ,0.42,10.5,2.32,0,0,True,synthetic_scenario_generator,26006
2026-03-17,IND_VIZ,1.12,11.21,2.43,0,0,True,synthetic_scenario_generator,26006
2026-03-18,IND_VIZ,1.11,15.04,3.9,0,0,True,synthetic_scenario_generator,26006
2026-03-19,IND_VIZ,1.23,8.39,6.9,0,0,True,synthetic_scenario_generator,26006
2026-03-20,IND_VIZ,0.89,14.33,4.26,0,0,True,synthetic_scenario_generator,26006
2026-03-21,IND_VIZ,0.64,15.53,3.03,0,0,True,synthetic_scenario_generator,26006
2026-03-22,IND_VIZ,1.25,17.3,7.99,0,0,True,synthetic_scenario_generator,26006
2026-03-23,IND_VIZ,0.65,15.63,0.42,0,0,True,synthetic_scenario_generator,26006
2026-03-24,IND_VIZ,0.2,11.48,2.55,0,0,True,synthetic_scenario_generator,26006
2026-03-25,IND_VIZ,1.16,11.17,2.56,0,0,True,synthetic_scenario_generator,26006
2026-03-26,IND_VIZ,1.31,17.7,3.39,0,0,True,synthetic_scenario_generator,26006
2026-03-27,IND_VIZ,1.17,18.73,2.79,0,0,True,synthetic_scenario_generator,26006
2026-03-28,IND_VIZ,1.94,10.2,0.69,0,0,True,synthetic_scenario_generator,26006
2026-03-29,IND_VIZ,0.8,16.87,5.43,0,0,True,synthetic_scenario_generator,26006
2026-03-30,IND_VIZ,0.8,12.67,1.55,0,0,True,synthetic_scenario_generator,26006
2026-03-31,IND_VIZ,1.46,18.81,3.32,0,0,True,synthetic_scenario_generator,26006
2026-04-01,IND_VIZ,1.25,18.69,5.89,0,0,True,synthetic_scenario_generator,26006
2026-04-02,IND_VIZ,0.99,26.4,2.38,0,0,True,synthetic_scenario_generator,26006
2026-04-03,IND_VIZ,1.18,21.79,0.78,0,0,True,synthetic_scenario_generator,26006
2026-04-04,IND_VIZ,1.76,19.49,3.41,0,0,True,synthetic_scenario_generator,26006
2026-04-05,IND_VIZ,1.09,21.51,7.03,0,0,True,synthetic_scenario_generator,26006
2026-04-06,IND_VIZ,1.06,25.48,0.76,0,0,True,synthetic_scenario_generator,26006
2026-04-07,IND_VIZ,1.52,23.64,4.37,0,0,True,synthetic_scenario_generator,26006
2026-04-08,IND_VIZ,1.96,14.57,1.33,0,0,True,synthetic_scenario_generator,26006
2026-04-09,IND_VIZ,1.75,16.02,0.56,0,0,True,synthetic_scenario_generator,26006
2026-04-10,IND_VIZ,2.55,14.11,5.12,0,0,True,synthetic_scenario_generator,26006
2026-04-11,IND_VIZ,1.26,18.44,0.28,0,0,True,synthetic_scenario_generator,26006
2026-04-12,IND_VIZ,1.89,20.93,1.24,0,0,True,synthetic_scenario_generator,26006
2026-04-13,IND_VIZ,1.26,15.89,4.34,0,0,True,synthetic_scenario_generator,26006
2026-04-14,IND_VIZ,1.44,18.14,1.47,0,0,True,synthetic_scenario_generator,26006
2026-04-15,IND_VIZ,1.19,21.92,8.76,0,0,True,synthetic_scenario_generator,26006
2026-04-16,IND_VIZ,1.58,6.43,7.56,0,0,True,synthetic_scenario_generator,26006
2026-04-17,IND_VIZ,1.65,24.76,5.23,0,0,True,synthetic_scenario_generator,26006
2026-04-18,IND_VIZ,2.18,19.57,3.36,0,0,True,synthetic_scenario_generator,26006
2026-04-19,IND_VIZ,1.71,26.13,6.24,0,0,True,synthetic_scenario_generator,26006
2026-04-20,IND_VIZ,1.3,21.7,1.83,0,0,True,synthetic_scenario_generator,26006
2026-04-21,IND_VIZ,2.01,25.56,10.4,0,0,True,synthetic_scenario_generator,26006
2026-04-22,IND_VIZ,2.32,17.92,12.7,0,0,True,synthetic_scenario_generator,26006
2026-04-23,IND_VIZ,1.52,18.9,3.11,0,0,True,synthetic_scenario_generator,26006
2026-04-24,IND_VIZ,1.7,18.07,5.38,0,0,True,synthetic_scenario_generator,26006
2026-04-25,IND_VIZ,1.14,22.18,2.7,0,0,True,synthetic_scenario_generator,26006
2026-04-26,IND_VIZ,1.58,12.17,1.44,0,0,True,synthetic_scenario_generator,26006
2026-04-27,IND_VIZ,1.34,23.28,0.33,0,0,True,synthetic_scenario_generator,26006
2026-04-28,IND_VIZ,1.7,10.75,0.62,0,0,True,synthetic_scenario_generator,26006
2026-04-29,IND_VIZ,2.06,17.03,0.09,0,0,True,synthetic_scenario_generator,26006
2026-04-30,IND_VIZ,1.27,25.13,0.68,0,0,True,synthetic_scenario_generator,26006
2026-05-01,IND_VIZ,1.02,20.48,1.96,0,0,True,synthetic_scenario_generator,26006
2026-05-02,IND_VIZ,1.89,28.44,0.58,0,0,True,synthetic_scenario_generator,26006
2026-05-03,IND_VIZ,1.39,12.02,9.36,0,0,True,synthetic_scenario_generator,26006
2026-05-04,IND_VIZ,1.85,15.66,0.5,0,0,True,synthetic_scenario_generator,26006
2026-05-05,IND_VIZ,1.86,22.67,4.09,0,0,True,synthetic_scenario_generator,26006
2026-05-06,IND_VIZ,2.14,13.55,2.71,0,0,True,synthetic_scenario_generator,26006
2026-05-07,IND_VIZ,2.18,22.56,18.4,0,0,True,synthetic_scenario_generator,26006
2026-05-08,IND_VIZ,0.92,16.55,5.82,0,0,True,synthetic_scenario_generator,26006
2026-05-09,IND_VIZ,1.47,27.83,2.8,0,0,True,synthetic_scenario_generator,26006
2026-05-10,IND_VIZ,1.66,15.54,0.44,0,0,True,synthetic_scenario_generator,26006
2026-05-11,IND_VIZ,1.59,18.95,1.06,0,0,True,synthetic_scenario_generator,26006
2026-05-12,IND_VIZ,2.07,25.9,2.06,0,0,True,synthetic_scenario_generator,26006
2026-05-13,IND_VIZ,1.82,21.87,0.84,0,0,True,synthetic_scenario_generator,26006
2026-05-14,IND_VIZ,1.95,14.58,6.85,0,0,True,synthetic_scenario_generator,26006
2026-05-15,IND_VIZ,1.16,22.79,2.2,0,0,True,synthetic_scenario_generator,26006
2026-05-16,IND_VIZ,2.06,24.28,0.62,0,0,True,synthetic_scenario_generator,26006
2026-05-17,IND_VIZ,1.69,23.99,3.05,0,0,True,synthetic_scenario_generator,26006
2026-05-18,IND_VIZ,1.83,10.14,2.49,0,0,True,synthetic_scenario_generator,26006
2026-05-19,IND_VIZ,1.39,17.01,6.27,0,0,True,synthetic_scenario_generator,26006
2026-05-20,IND_VIZ,2.11,10.48,1.87,0,0,True,synthetic_scenario_generator,26006
2026-05-21,IND_VIZ,1.74,16.77,0.47,0,0,True,synthetic_scenario_generator,26006
2026-05-22,IND_VIZ,2.07,12.22,0.99,0,0,True,synthetic_scenario_generator,26006
2026-05-23,IND_VIZ,1.09,25.65,0.34,0,0,True,synthetic_scenario_generator,26006
2026-05-24,IND_VIZ,1.7,18.52,10.0,0,0,True,synthetic_scenario_generator,26006
2026-05-25,IND_VIZ,1.31,22.17,4.17,0,0,True,synthetic_scenario_generator,26006
2026-05-26,IND_VIZ,2.6,25.43,0.59,0,0,True,synthetic_scenario_generator,26006
2026-05-27,IND_VIZ,1.5,14.22,0.86,0,0,True,synthetic_scenario_generator,26006
2026-05-28,IND_VIZ,1.13,23.07,1.95,0,0,True,synthetic_scenario_generator,26006
2026-05-29,IND_VIZ,1.21,6.95,12.71,0,0,True,synthetic_scenario_generator,26006
2026-05-30,IND_VIZ,1.22,26.54,1.59,0,0,True,synthetic_scenario_generator,26006
2026-05-31,IND_VIZ,1.72,20.77,9.7,0,0,True,synthetic_scenario_generator,26006
2026-06-01,IND_VIZ,2.41,39.33,25.31,0,1,True,synthetic_scenario_generator,26006
2026-06-02,IND_VIZ,2.97,41.29,11.1,0,1,True,synthetic_scenario_generator,26006
2026-06-03,IND_VIZ,3.18,39.69,4.28,0,1,True,synthetic_scenario_generator,26006
2026-06-04,IND_VIZ,2.59,42.4,0.31,0,1,True,synthetic_scenario_generator,26006
2026-06-05,IND_VIZ,3.03,29.09,3.64,0,1,True,synthetic_scenario_generator,26006
2026-06-06,IND_VIZ,3.2,31.01,4.1,0,1,True,synthetic_scenario_generator,26006
2026-06-07,IND_VIZ,2.32,34.06,11.43,0,1,True,synthetic_scenario_generator,26006
2026-06-08,IND_VIZ,2.8,36.55,6.39,0,1,True,synthetic_scenario_generator,26006
2026-06-09,IND_VIZ,2.73,38.04,19.29,0,1,True,synthetic_scenario_generator,26006
2026-06-10,IND_VIZ,3.5,38.26,34.3,1,1,True,synthetic_scenario_generator,26006
2026-06-11,IND_VIZ,2.75,33.9,3.35,0,1,True,synthetic_scenario_generator,26006
2026-06-12,IND_VIZ,2.95,42.17,0.17,0,1,True,synthetic_scenario_generator,26006
2026-06-13,IND_VIZ,3.36,33.29,3.31,0,1,True,synthetic_scenario_generator,26006
2026-06-14,IND_VIZ,2.88,48.7,19.91,1,1,True,synthetic_scenario_generator,26006
2026-06-15,IND_VIZ,3.0,31.89,17.63,0,1,True,synthetic_scenario_generator,26006
2026-06-16,IND_VIZ,3.77,36.26,0.45,1,1,True,synthetic_scenario_generator,26006
2026-06-17,IND_VIZ,2.38,36.34,11.1,0,1,True,synthetic_scenario_generator,26006
2026-06-18,IND_VIZ,3.19,26.07,1.41,0,1,True,synthetic_scenario_generator,26006
2026-06-19,IND_VIZ,2.59,31.18,18.76,0,1,True,synthetic_scenario_generator,26006
2026-06-20,IND_VIZ,3.29,34.81,9.09,0,1,True,synthetic_scenario_generator,26006
2026-06-21,IND_VIZ,2.21,24.6,0.3,0,1,True,synthetic_scenario_generator,26006
2026-06-22,IND_VIZ,3.04,28.23,25.87,0,1,True,synthetic_scenario_generator,26006
2026-06-23,IND_VIZ,2.36,37.94,4.81,0,1,True,synthetic_scenario_generator,26006
2026-06-24,IND_VIZ,2.52,28.5,14.71,0,1,True,synthetic_scenario_generator,26006
2026-06-25,IND_VIZ,2.35,34.98,9.71,0,1,True,synthetic_scenario_generator,26006
2026-06-26,IND_VIZ,2.6,42.76,5.76,0,1,True,synthetic_scenario_generator,26006
2026-06-27,IND_VIZ,3.2,25.93,1.55,0,1,True,synthetic_scenario_generator,26006
2026-06-28,IND_VIZ,1.76,27.43,5.57,0,1,True,synthetic_scenario_generator,26006
2026-06-29,IND_VIZ,3.06,26.37,2.32,0,1,True,synthetic_scenario_generator,26006
2026-06-30,IND_VIZ,2.53,29.71,13.62,0,1,True,synthetic_scenario_generator,26006
2026-07-01,IND_VIZ,1.85,28.16,3.84,0,1,True,synthetic_scenario_generator,26006
2026-07-02,IND_VIZ,1.9,28.76,12.05,0,1,True,synthetic_scenario_generator,26006
2026-07-03,IND_VIZ,2.78,28.02,8.42,0,1,True,synthetic_scenario_generator,26006
2026-07-04,IND_VIZ,2.13,31.92,15.8,0,1,True,synthetic_scenario_generator,26006
2026-07-05,IND_VIZ,2.01,27.3,18.75,0,1,True,synthetic_scenario_generator,26006
2026-07-06,IND_VIZ,2.62,30.04,5.46,0,1,True,synthetic_scenario_generator,26006
2026-07-07,IND_VIZ,1.74,23.29,5.79,0,1,True,synthetic_scenario_generator,26006
2026-07-08,IND_VIZ,1.83,36.08,2.9,0,1,True,synthetic_scenario_generator,26006
2026-07-09,IND_VIZ,1.87,23.34,2.36,0,1,True,synthetic_scenario_generator,26006
2026-07-10,IND_VIZ,2.36,26.7,7.87,0,1,True,synthetic_scenario_generator,26006
2026-07-11,IND_VIZ,2.52,30.46,23.1,0,1,True,synthetic_scenario_generator,26006
2026-07-12,IND_VIZ,2.49,32.69,17.53,0,1,True,synthetic_scenario_generator,26006
2026-07-13,IND_VIZ,1.82,22.24,39.32,0,1,True,synthetic_scenario_generator,26006
2026-07-14,IND_VIZ,2.12,23.95,10.49,0,1,True,synthetic_scenario_generator,26006
2026-07-15,IND_VIZ,3.0,28.47,51.5,0,1,True,synthetic_scenario_generator,26006
2026-07-16,IND_VIZ,2.39,22.98,17.04,0,1,True,synthetic_scenario_generator,26006
2026-07-17,IND_VIZ,2.41,24.63,6.57,0,1,True,synthetic_scenario_generator,26006
2026-07-18,IND_VIZ,2.15,22.81,21.11,0,1,True,synthetic_scenario_generator,26006
2026-07-19,IND_VIZ,1.73,19.49,17.88,0,1,True,synthetic_scenario_generator,26006
2026-07-20,IND_VIZ,2.18,30.37,5.45,0,1,True,synthetic_scenario_generator,26006
2026-07-21,IND_VIZ,2.14,26.23,19.74,0,1,True,synthetic_scenario_generator,26006
2026-07-22,IND_VIZ,2.51,30.65,15.31,0,1,True,synthetic_scenario_generator,26006
2026-07-23,IND_VIZ,2.6,27.5,36.34,0,1,True,synthetic_scenario_generator,26006
2026-07-24,IND_VIZ,1.74,32.96,34.67,0,1,True,synthetic_scenario_generator,26006
2026-07-25,IND_VIZ,3.14,28.66,18.11,0,1,True,synthetic_scenario_generator,26006
2026-07-26,IND_VIZ,3.02,23.7,4.13,0,1,True,synthetic_scenario_generator,26006
2026-07-27,IND_VIZ,2.35,25.01,10.48,0,1,True,synthetic_scenario_generator,26006
2026-07-28,IND_VIZ,2.26,26.82,13.31,0,1,True,synthetic_scenario_generator,26006
2026-07-29,IND_VIZ,2.16,26.37,5.55,0,1,True,synthetic_scenario_generator,26006
2026-07-30,IND_VIZ,2.19,31.23,11.33,0,1,True,synthetic_scenario_generator,26006
2026-07-31,IND_VIZ,2.66,19.43,14.38,0,1,True,synthetic_scenario_generator,26006
2026-08-01,IND_VIZ,1.79,26.88,3.55,0,1,True,synthetic_scenario_generator,26006
2026-08-02,IND_VIZ,2.71,21.4,26.39,0,1,True,synthetic_scenario_generator,26006
2026-08-03,IND_VIZ,1.73,24.29,8.53,0,1,True,synthetic_scenario_generator,26006
2026-08-04,IND_VIZ,2.09,25.77,19.55,0,1,True,synthetic_scenario_generator,26006
2026-08-05,IND_VIZ,1.95,22.68,7.31,0,1,True,synthetic_scenario_generator,26006
2026-08-06,IND_VIZ,2.29,34.14,68.65,0,1,True,synthetic_scenario_generator,26006
2026-08-07,IND_VIZ,1.86,33.41,14.15,0,1,True,synthetic_scenario_generator,26006
2026-08-08,IND_VIZ,1.48,28.49,2.21,0,1,True,synthetic_scenario_generator,26006
2026-08-09,IND_VIZ,2.46,27.58,3.06,0,1,True,synthetic_scenario_generator,26006
2026-08-10,IND_VIZ,2.35,15.29,21.84,0,1,True,synthetic_scenario_generator,26006
2026-08-11,IND_VIZ,2.65,31.08,14.43,0,1,True,synthetic_scenario_generator,26006
2026-08-12,IND_VIZ,2.45,26.86,11.02,0,1,True,synthetic_scenario_generator,26006
2026-08-13,IND_VIZ,2.32,21.5,29.62,0,1,True,synthetic_scenario_generator,26006
2026-08-14,IND_VIZ,2.88,27.26,6.06,0,1,True,synthetic_scenario_generator,26006
2026-08-15,IND_VIZ,2.14,26.35,5.15,0,1,True,synthetic_scenario_generator,26006
2026-08-16,IND_VIZ,1.72,19.93,10.27,0,1,True,synthetic_scenario_generator,26006
2026-08-17,IND_VIZ,1.83,19.72,2.46,0,1,True,synthetic_scenario_generator,26006
2026-08-18,IND_VIZ,2.41,17.55,57.33,0,1,True,synthetic_scenario_generator,26006
2026-08-19,IND_VIZ,1.9,31.17,10.69,0,1,True,synthetic_scenario_generator,26006
2026-08-20,IND_VIZ,2.7,27.03,7.74,0,1,True,synthetic_scenario_generator,26006
2026-08-21,IND_VIZ,2.18,23.7,18.75,0,1,True,synthetic_scenario_generator,26006
2026-08-22,IND_VIZ,2.56,19.03,41.68,0,1,True,synthetic_scenario_generator,26006
2026-08-23,IND_VIZ,2.43,21.52,15.87,0,1,True,synthetic_scenario_generator,26006
2026-08-24,IND_VIZ,2.92,18.3,12.42,0,1,True,synthetic_scenario_generator,26006
2026-08-25,IND_VIZ,1.63,29.83,18.94,0,1,True,synthetic_scenario_generator,26006
2026-08-26,IND_VIZ,1.49,18.1,6.57,0,1,True,synthetic_scenario_generator,26006
2026-08-27,IND_VIZ,1.86,36.8,3.29,0,1,True,synthetic_scenario_generator,26006
2026-08-28,IND_VIZ,2.02,36.39,19.06,0,1,True,synthetic_scenario_generator,26006
2026-08-29,IND_VIZ,2.84,29.08,20.94,0,1,True,synthetic_scenario_generator,26006
2026-08-30,IND_VIZ,2.45,28.53,6.43,0,1,True,synthetic_scenario_generator,26006
2026-08-31,IND_VIZ,2.13,28.49,1.47,0,1,True,synthetic_scenario_generator,26006
2020-01-01,IND_GAN,1.0,8.35,19.06,0,0,True,synthetic_scenario_generator,26006
2020-01-02,IND_GAN,0.42,6.34,0.62,0,0,True,synthetic_scenario_generator,26006
2020-01-03,IND_GAN,1.33,11.73,0.18,0,0,True,synthetic_scenario_generator,26006
2020-01-04,IND_GAN,1.6,2.0,0.6,0,0,True,synthetic_scenario_generator,26006
2020-01-05,IND_GAN,0.93,15.07,2.4,0,0,True,synthetic_scenario_generator,26006
2020-01-06,IND_GAN,1.15,24.23,2.43,0,0,True,synthetic_scenario_generator,26006
2020-01-07,IND_GAN,1.21,10.44,0.03,0,0,True,synthetic_scenario_generator,26006
2020-01-08,IND_GAN,0.9,18.72,0.58,0,0,True,synthetic_scenario_generator,26006
2020-01-09,IND_GAN,1.21,24.61,4.98,0,0,True,synthetic_scenario_generator,26006
2020-01-10,IND_GAN,1.93,16.05,4.86,0,0,True,synthetic_scenario_generator,26006
2020-01-11,IND_GAN,1.43,11.52,2.72,0,0,True,synthetic_scenario_generator,26006
2020-01-12,IND_GAN,0.74,15.44,8.94,0,0,True,synthetic_scenario_generator,26006
2020-01-13,IND_GAN,1.04,10.62,0.52,0,0,True,synthetic_scenario_generator,26006
2020-01-14,IND_GAN,1.26,15.26,1.63,0,0,True,synthetic_scenario_generator,26006
2020-01-15,IND_GAN,1.2,4.76,2.07,0,0,True,synthetic_scenario_generator,26006
2020-01-16,IND_GAN,1.15,19.12,3.17,0,0,True,synthetic_scenario_generator,26006
2020-01-17,IND_GAN,1.3,20.91,11.59,0,0,True,synthetic_scenario_generator,26006
2020-01-18,IND_GAN,1.36,11.56,2.61,0,0,True,synthetic_scenario_generator,26006
2020-01-19,IND_GAN,1.42,9.26,3.35,0,0,True,synthetic_scenario_generator,26006
2020-01-20,IND_GAN,0.44,16.01,0.99,0,0,True,synthetic_scenario_generator,26006
2020-01-21,IND_GAN,1.07,24.94,6.67,0,0,True,synthetic_scenario_generator,26006
2020-01-22,IND_GAN,0.68,22.21,1.82,0,0,True,synthetic_scenario_generator,26006
2020-01-23,IND_GAN,0.23,6.23,2.07,0,0,True,synthetic_scenario_generator,26006
2020-01-24,IND_GAN,1.07,17.11,1.7,0,0,True,synthetic_scenario_generator,26006
2020-01-25,IND_GAN,0.59,9.68,0.89,0,0,True,synthetic_scenario_generator,26006
2020-01-26,IND_GAN,0.85,2.0,0.45,0,0,True,synthetic_scenario_generator,26006
2020-01-27,IND_GAN,0.84,11.89,3.21,0,0,True,synthetic_scenario_generator,26006
2020-01-28,IND_GAN,0.67,16.55,4.24,0,0,True,synthetic_scenario_generator,26006
2020-01-29,IND_GAN,1.14,16.48,7.78,0,0,True,synthetic_scenario_generator,26006
2020-01-30,IND_GAN,1.4,19.57,3.37,0,0,True,synthetic_scenario_generator,26006
2020-01-31,IND_GAN,1.04,5.7,6.99,0,0,True,synthetic_scenario_generator,26006
2020-02-01,IND_GAN,1.35,16.06,1.34,0,0,True,synthetic_scenario_generator,26006
2020-02-02,IND_GAN,1.67,15.12,0.26,0,0,True,synthetic_scenario_generator,26006
2020-02-03,IND_GAN,1.3,15.29,8.7,0,0,True,synthetic_scenario_generator,26006
2020-02-04,IND_GAN,1.54,15.96,10.82,0,0,True,synthetic_scenario_generator,26006
2020-02-05,IND_GAN,1.18,17.84,2.12,0,0,True,synthetic_scenario_generator,26006
2020-02-06,IND_GAN,0.94,8.74,5.94,0,0,True,synthetic_scenario_generator,26006
2020-02-07,IND_GAN,0.77,9.59,3.05,0,0,True,synthetic_scenario_generator,26006
2020-02-08,IND_GAN,0.69,10.32,4.47,0,0,True,synthetic_scenario_generator,26006
2020-02-09,IND_GAN,1.07,15.61,8.64,0,0,True,synthetic_scenario_generator,26006
2020-02-10,IND_GAN,1.12,26.77,1.94,0,0,True,synthetic_scenario_generator,26006
2020-02-11,IND_GAN,1.16,19.04,2.38,0,0,True,synthetic_scenario_generator,26006
2020-02-12,IND_GAN,1.29,14.82,2.6,0,0,True,synthetic_scenario_generator,26006
2020-02-13,IND_GAN,0.68,15.92,0.96,0,0,True,synthetic_scenario_generator,26006
2020-02-14,IND_GAN,1.43,19.42,3.57,0,0,True,synthetic_scenario_generator,26006
2020-02-15,IND_GAN,1.09,17.6,0.49,0,0,True,synthetic_scenario_generator,26006
2020-02-16,IND_GAN,0.91,8.45,0.84,0,0,True,synthetic_scenario_generator,26006
2020-02-17,IND_GAN,0.74,16.4,8.86,0,0,True,synthetic_scenario_generator,26006
2020-02-18,IND_GAN,0.2,8.99,2.58,0,0,True,synthetic_scenario_generator,26006
2020-02-19,IND_GAN,0.75,9.98,3.12,0,0,True,synthetic_scenario_generator,26006
2020-02-20,IND_GAN,0.31,22.12,2.54,0,0,True,synthetic_scenario_generator,26006
2020-02-21,IND_GAN,0.64,20.87,1.2,0,0,True,synthetic_scenario_generator,26006
2020-02-22,IND_GAN,1.13,9.3,4.18,0,0,True,synthetic_scenario_generator,26006
2020-02-23,IND_GAN,1.12,9.78,3.66,0,0,True,synthetic_scenario_generator,26006
2020-02-24,IND_GAN,1.99,14.32,0.55,0,0,True,synthetic_scenario_generator,26006
2020-02-25,IND_GAN,1.05,12.1,1.51,0,0,True,synthetic_scenario_generator,26006
2020-02-26,IND_GAN,0.92,13.54,2.75,0,0,True,synthetic_scenario_generator,26006
2020-02-27,IND_GAN,1.5,18.47,2.13,0,0,True,synthetic_scenario_generator,26006
2020-02-28,IND_GAN,0.86,18.7,0.26,0,0,True,synthetic_scenario_generator,26006
2020-02-29,IND_GAN,1.17,15.38,3.46,0,0,True,synthetic_scenario_generator,26006
2020-03-01,IND_GAN,1.57,23.33,1.0,0,0,True,synthetic_scenario_generator,26006
2020-03-02,IND_GAN,1.3,9.51,5.62,0,0,True,synthetic_scenario_generator,26006
2020-03-03,IND_GAN,1.28,19.86,5.67,0,0,True,synthetic_scenario_generator,26006
2020-03-04,IND_GAN,0.91,5.27,3.74,0,0,True,synthetic_scenario_generator,26006
2020-03-05,IND_GAN,0.98,21.86,1.68,0,0,True,synthetic_scenario_generator,26006
2020-03-06,IND_GAN,1.03,25.95,4.04,0,0,True,synthetic_scenario_generator,26006
2020-03-07,IND_GAN,0.93,10.23,1.49,0,0,True,synthetic_scenario_generator,26006
2020-03-08,IND_GAN,0.31,17.36,2.44,0,0,True,synthetic_scenario_generator,26006
2020-03-09,IND_GAN,1.12,17.58,1.13,0,0,True,synthetic_scenario_generator,26006
2020-03-10,IND_GAN,0.89,11.69,0.01,0,0,True,synthetic_scenario_generator,26006
2020-03-11,IND_GAN,0.53,8.64,6.73,0,0,True,synthetic_scenario_generator,26006
2020-03-12,IND_GAN,0.97,12.35,5.96,0,0,True,synthetic_scenario_generator,26006
2020-03-13,IND_GAN,1.49,13.12,0.32,0,0,True,synthetic_scenario_generator,26006
2020-03-14,IND_GAN,1.38,2.0,2.61,0,0,True,synthetic_scenario_generator,26006
2020-03-15,IND_GAN,0.96,15.15,1.27,0,0,True,synthetic_scenario_generator,26006
2020-03-16,IND_GAN,1.04,19.88,5.15,0,0,True,synthetic_scenario_generator,26006
2020-03-17,IND_GAN,0.86,9.03,3.81,0,0,True,synthetic_scenario_generator,26006
2020-03-18,IND_GAN,1.15,14.39,0.3,0,0,True,synthetic_scenario_generator,26006
2020-03-19,IND_GAN,1.0,14.6,2.53,0,0,True,synthetic_scenario_generator,26006
2020-03-20,IND_GAN,0.92,13.84,3.45,0,0,True,synthetic_scenario_generator,26006
2020-03-21,IND_GAN,1.68,18.08,3.11,0,0,True,synthetic_scenario_generator,26006
2020-03-22,IND_GAN,1.53,15.05,8.61,0,0,True,synthetic_scenario_generator,26006
2020-03-23,IND_GAN,1.13,26.57,4.82,0,0,True,synthetic_scenario_generator,26006
2020-03-24,IND_GAN,0.88,10.26,5.25,0,0,True,synthetic_scenario_generator,26006
2020-03-25,IND_GAN,0.67,15.4,3.46,0,0,True,synthetic_scenario_generator,26006
2020-03-26,IND_GAN,0.84,19.71,3.22,0,0,True,synthetic_scenario_generator,26006
2020-03-27,IND_GAN,0.98,13.23,2.43,0,0,True,synthetic_scenario_generator,26006
2020-03-28,IND_GAN,1.15,18.65,4.71,0,0,True,synthetic_scenario_generator,26006
2020-03-29,IND_GAN,0.71,14.23,0.73,0,0,True,synthetic_scenario_generator,26006
2020-03-30,IND_GAN,1.21,17.24,8.05,0,0,True,synthetic_scenario_generator,26006
2020-03-31,IND_GAN,1.99,23.48,7.0,0,0,True,synthetic_scenario_generator,26006
2020-04-01,IND_GAN,1.08,22.2,3.34,0,0,True,synthetic_scenario_generator,26006
2020-04-02,IND_GAN,1.04,10.1,1.02,0,0,True,synthetic_scenario_generator,26006
2020-04-03,IND_GAN,1.26,28.49,1.05,0,0,True,synthetic_scenario_generator,26006
2020-04-04,IND_GAN,1.82,17.73,1.8,0,0,True,synthetic_scenario_generator,26006
2020-04-05,IND_GAN,1.13,20.53,1.14,0,0,True,synthetic_scenario_generator,26006
2020-04-06,IND_GAN,1.79,21.47,1.36,0,0,True,synthetic_scenario_generator,26006
2020-04-07,IND_GAN,1.82,19.37,8.61,0,0,True,synthetic_scenario_generator,26006
2020-04-08,IND_GAN,1.98,19.91,4.12,0,0,True,synthetic_scenario_generator,26006
2020-04-09,IND_GAN,1.04,17.3,11.87,0,0,True,synthetic_scenario_generator,26006
2020-04-10,IND_GAN,1.63,25.43,0.09,0,0,True,synthetic_scenario_generator,26006
2020-04-11,IND_GAN,1.22,22.62,5.56,0,0,True,synthetic_scenario_generator,26006
2020-04-12,IND_GAN,2.0,19.19,0.09,0,0,True,synthetic_scenario_generator,26006
2020-04-13,IND_GAN,0.73,21.94,1.96,0,0,True,synthetic_scenario_generator,26006
2020-04-14,IND_GAN,1.02,17.73,1.64,0,0,True,synthetic_scenario_generator,26006
2020-04-15,IND_GAN,1.11,22.09,5.75,0,0,True,synthetic_scenario_generator,26006
2020-04-16,IND_GAN,2.03,23.89,5.99,0,0,True,synthetic_scenario_generator,26006
2020-04-17,IND_GAN,1.72,15.98,12.37,0,0,True,synthetic_scenario_generator,26006
2020-04-18,IND_GAN,1.55,21.03,4.62,0,0,True,synthetic_scenario_generator,26006
2020-04-19,IND_GAN,1.79,19.34,1.27,0,0,True,synthetic_scenario_generator,26006
2020-04-20,IND_GAN,2.22,15.92,1.9,0,0,True,synthetic_scenario_generator,26006
2020-04-21,IND_GAN,1.51,19.29,1.77,0,0,True,synthetic_scenario_generator,26006
2020-04-22,IND_GAN,1.35,23.67,0.88,0,0,True,synthetic_scenario_generator,26006
2020-04-23,IND_GAN,1.07,17.36,3.73,0,0,True,synthetic_scenario_generator,26006
2020-04-24,IND_GAN,1.04,23.71,0.15,0,0,True,synthetic_scenario_generator,26006
2020-04-25,IND_GAN,1.32,15.32,0.32,0,0,True,synthetic_scenario_generator,26006
2020-04-26,IND_GAN,0.76,24.22,3.49,0,0,True,synthetic_scenario_generator,26006
2020-04-27,IND_GAN,1.88,18.16,6.01,0,0,True,synthetic_scenario_generator,26006
2020-04-28,IND_GAN,1.15,29.01,0.91,0,0,True,synthetic_scenario_generator,26006
2020-04-29,IND_GAN,1.22,19.02,0.38,0,0,True,synthetic_scenario_generator,26006
2020-04-30,IND_GAN,0.81,21.57,3.57,0,0,True,synthetic_scenario_generator,26006
2020-05-01,IND_GAN,2.71,22.87,4.48,0,0,True,synthetic_scenario_generator,26006
2020-05-02,IND_GAN,1.36,22.65,3.09,0,0,True,synthetic_scenario_generator,26006
2020-05-03,IND_GAN,2.37,16.7,0.52,0,0,True,synthetic_scenario_generator,26006
2020-05-04,IND_GAN,2.01,13.79,0.67,0,0,True,synthetic_scenario_generator,26006
2020-05-05,IND_GAN,0.77,23.91,5.31,0,0,True,synthetic_scenario_generator,26006
2020-05-06,IND_GAN,2.0,25.96,11.86,0,0,True,synthetic_scenario_generator,26006
2020-05-07,IND_GAN,2.81,19.4,13.58,0,0,True,synthetic_scenario_generator,26006
2020-05-08,IND_GAN,1.34,14.49,1.01,0,0,True,synthetic_scenario_generator,26006
2020-05-09,IND_GAN,1.17,21.4,2.21,0,0,True,synthetic_scenario_generator,26006
2020-05-10,IND_GAN,1.79,19.6,2.36,0,0,True,synthetic_scenario_generator,26006
2020-05-11,IND_GAN,1.95,12.7,1.63,0,0,True,synthetic_scenario_generator,26006
2020-05-12,IND_GAN,1.61,19.69,5.0,0,0,True,synthetic_scenario_generator,26006
2020-05-13,IND_GAN,1.11,17.38,2.14,0,0,True,synthetic_scenario_generator,26006
2020-05-14,IND_GAN,1.13,20.71,2.32,0,0,True,synthetic_scenario_generator,26006
2020-05-15,IND_GAN,1.6,16.37,4.07,0,0,True,synthetic_scenario_generator,26006
2020-05-16,IND_GAN,1.35,21.62,1.27,0,0,True,synthetic_scenario_generator,26006
2020-05-17,IND_GAN,1.2,24.99,8.43,0,0,True,synthetic_scenario_generator,26006
2020-05-18,IND_GAN,1.85,16.76,2.76,0,0,True,synthetic_scenario_generator,26006
2020-05-19,IND_GAN,2.09,19.65,2.64,0,0,True,synthetic_scenario_generator,26006
2020-05-20,IND_GAN,2.25,19.78,4.53,0,0,True,synthetic_scenario_generator,26006
2020-05-21,IND_GAN,1.98,20.22,0.29,0,0,True,synthetic_scenario_generator,26006
2020-05-22,IND_GAN,1.92,22.87,1.79,0,0,True,synthetic_scenario_generator,26006
2020-05-23,IND_GAN,1.41,16.13,1.51,0,0,True,synthetic_scenario_generator,26006
2020-05-24,IND_GAN,1.07,21.83,2.26,0,0,True,synthetic_scenario_generator,26006
2020-05-25,IND_GAN,1.26,25.34,2.35,0,0,True,synthetic_scenario_generator,26006
2020-05-26,IND_GAN,1.63,24.44,0.43,0,0,True,synthetic_scenario_generator,26006
2020-05-27,IND_GAN,1.49,16.56,4.87,0,0,True,synthetic_scenario_generator,26006
2020-05-28,IND_GAN,1.71,15.82,4.26,0,0,True,synthetic_scenario_generator,26006
2020-05-29,IND_GAN,0.89,18.27,7.33,0,0,True,synthetic_scenario_generator,26006
2020-05-30,IND_GAN,0.71,18.47,0.42,0,0,True,synthetic_scenario_generator,26006
2020-05-31,IND_GAN,0.2,23.3,7.64,0,0,True,synthetic_scenario_generator,26006
2020-06-01,IND_GAN,3.7,25.56,43.55,1,1,True,synthetic_scenario_generator,26006
2020-06-02,IND_GAN,3.02,36.56,3.42,0,1,True,synthetic_scenario_generator,26006
2020-06-03,IND_GAN,3.22,27.59,1.51,0,1,True,synthetic_scenario_generator,26006
2020-06-04,IND_GAN,2.96,23.15,23.33,0,1,True,synthetic_scenario_generator,26006
2020-06-05,IND_GAN,2.82,36.51,3.04,0,1,True,synthetic_scenario_generator,26006
2020-06-06,IND_GAN,2.43,28.24,16.83,0,1,True,synthetic_scenario_generator,26006
2020-06-07,IND_GAN,3.07,27.62,7.16,0,1,True,synthetic_scenario_generator,26006
2020-06-08,IND_GAN,2.44,29.37,41.56,0,1,True,synthetic_scenario_generator,26006
2020-06-09,IND_GAN,2.52,26.45,29.67,0,1,True,synthetic_scenario_generator,26006
2020-06-10,IND_GAN,2.84,34.37,6.65,0,1,True,synthetic_scenario_generator,26006
2020-06-11,IND_GAN,2.76,35.82,24.87,0,1,True,synthetic_scenario_generator,26006
2020-06-12,IND_GAN,2.33,42.58,7.86,0,1,True,synthetic_scenario_generator,26006
2020-06-13,IND_GAN,2.88,32.23,6.53,0,1,True,synthetic_scenario_generator,26006
2020-06-14,IND_GAN,2.49,37.93,2.84,0,1,True,synthetic_scenario_generator,26006
2020-06-15,IND_GAN,2.61,31.66,8.15,0,1,True,synthetic_scenario_generator,26006
2020-06-16,IND_GAN,2.6,39.44,16.35,0,1,True,synthetic_scenario_generator,26006
2020-06-17,IND_GAN,3.05,27.42,0.94,0,1,True,synthetic_scenario_generator,26006
2020-06-18,IND_GAN,2.95,22.93,6.83,0,1,True,synthetic_scenario_generator,26006
2020-06-19,IND_GAN,3.63,33.9,3.82,1,1,True,synthetic_scenario_generator,26006
2020-06-20,IND_GAN,2.54,27.4,26.29,0,1,True,synthetic_scenario_generator,26006
2020-06-21,IND_GAN,2.7,34.77,7.06,0,1,True,synthetic_scenario_generator,26006
2020-06-22,IND_GAN,2.94,32.39,45.36,0,1,True,synthetic_scenario_generator,26006
2020-06-23,IND_GAN,2.91,27.4,12.34,0,1,True,synthetic_scenario_generator,26006
2020-06-24,IND_GAN,2.75,38.54,3.93,0,1,True,synthetic_scenario_generator,26006
2020-06-25,IND_GAN,2.76,34.22,24.09,0,1,True,synthetic_scenario_generator,26006
2020-06-26,IND_GAN,2.6,32.64,3.44,0,1,True,synthetic_scenario_generator,26006
2020-06-27,IND_GAN,3.01,35.38,108.2,0,1,True,synthetic_scenario_generator,26006
2020-06-28,IND_GAN,2.64,34.18,42.47,0,1,True,synthetic_scenario_generator,26006
2020-06-29,IND_GAN,2.64,39.59,18.25,0,1,True,synthetic_scenario_generator,26006
2020-06-30,IND_GAN,2.93,32.35,0.95,0,1,True,synthetic_scenario_generator,26006
2020-07-01,IND_GAN,2.6,28.6,2.0,0,1,True,synthetic_scenario_generator,26006
2020-07-02,IND_GAN,2.45,27.22,29.85,0,1,True,synthetic_scenario_generator,26006
2020-07-03,IND_GAN,1.38,16.38,9.24,0,1,True,synthetic_scenario_generator,26006
2020-07-04,IND_GAN,1.99,25.86,4.81,0,1,True,synthetic_scenario_generator,26006
2020-07-05,IND_GAN,1.84,31.92,2.26,0,1,True,synthetic_scenario_generator,26006
2020-07-06,IND_GAN,2.39,30.75,3.08,0,1,True,synthetic_scenario_generator,26006
2020-07-07,IND_GAN,2.24,29.48,4.62,0,1,True,synthetic_scenario_generator,26006
2020-07-08,IND_GAN,2.82,26.3,14.39,0,1,True,synthetic_scenario_generator,26006
2020-07-09,IND_GAN,2.16,22.83,20.45,0,1,True,synthetic_scenario_generator,26006
2020-07-10,IND_GAN,2.24,32.37,3.88,0,1,True,synthetic_scenario_generator,26006
2020-07-11,IND_GAN,1.7,29.81,2.14,0,1,True,synthetic_scenario_generator,26006
2020-07-12,IND_GAN,2.12,24.62,6.68,0,1,True,synthetic_scenario_generator,26006
2020-07-13,IND_GAN,1.53,24.27,40.74,0,1,True,synthetic_scenario_generator,26006
2020-07-14,IND_GAN,2.59,21.06,4.4,0,1,True,synthetic_scenario_generator,26006
2020-07-15,IND_GAN,2.59,29.68,35.79,0,1,True,synthetic_scenario_generator,26006
2020-07-16,IND_GAN,3.19,24.46,30.25,0,1,True,synthetic_scenario_generator,26006
2020-07-17,IND_GAN,1.73,21.16,12.23,0,1,True,synthetic_scenario_generator,26006
2020-07-18,IND_GAN,1.47,28.15,20.34,0,1,True,synthetic_scenario_generator,26006
2020-07-19,IND_GAN,2.42,26.5,0.24,0,1,True,synthetic_scenario_generator,26006
2020-07-20,IND_GAN,2.69,26.46,7.21,0,1,True,synthetic_scenario_generator,26006
2020-07-21,IND_GAN,2.28,25.47,17.83,0,1,True,synthetic_scenario_generator,26006
2020-07-22,IND_GAN,1.96,21.54,41.58,0,1,True,synthetic_scenario_generator,26006
2020-07-23,IND_GAN,2.12,29.02,4.67,0,1,True,synthetic_scenario_generator,26006
2020-07-24,IND_GAN,2.01,23.71,7.55,0,1,True,synthetic_scenario_generator,26006
2020-07-25,IND_GAN,1.79,14.77,7.34,0,1,True,synthetic_scenario_generator,26006
2020-07-26,IND_GAN,2.58,33.54,52.64,0,1,True,synthetic_scenario_generator,26006
2020-07-27,IND_GAN,1.96,26.61,34.07,0,1,True,synthetic_scenario_generator,26006
2020-07-28,IND_GAN,2.1,23.86,3.62,0,1,True,synthetic_scenario_generator,26006
2020-07-29,IND_GAN,2.18,28.46,0.87,0,1,True,synthetic_scenario_generator,26006
2020-07-30,IND_GAN,1.71,32.44,16.92,0,1,True,synthetic_scenario_generator,26006
2020-07-31,IND_GAN,2.5,23.89,17.85,0,1,True,synthetic_scenario_generator,26006
2020-08-01,IND_GAN,1.71,28.64,7.96,0,1,True,synthetic_scenario_generator,26006
2020-08-02,IND_GAN,2.27,2.39,15.38,0,1,True,synthetic_scenario_generator,26006
2020-08-03,IND_GAN,1.62,28.32,22.35,0,1,True,synthetic_scenario_generator,26006
2020-08-04,IND_GAN,2.14,22.7,4.36,0,1,True,synthetic_scenario_generator,26006
2020-08-05,IND_GAN,2.39,29.08,28.34,0,1,True,synthetic_scenario_generator,26006
2020-08-06,IND_GAN,2.54,23.56,5.94,0,1,True,synthetic_scenario_generator,26006
2020-08-07,IND_GAN,3.15,31.59,14.19,0,1,True,synthetic_scenario_generator,26006
2020-08-08,IND_GAN,2.12,25.53,18.17,0,1,True,synthetic_scenario_generator,26006
2020-08-09,IND_GAN,2.41,25.2,6.61,0,1,True,synthetic_scenario_generator,26006
2020-08-10,IND_GAN,2.65,28.36,14.35,0,1,True,synthetic_scenario_generator,26006
2020-08-11,IND_GAN,1.59,28.98,3.4,0,1,True,synthetic_scenario_generator,26006
2020-08-12,IND_GAN,2.53,25.26,11.57,0,1,True,synthetic_scenario_generator,26006
2020-08-13,IND_GAN,2.28,21.27,12.54,0,1,True,synthetic_scenario_generator,26006
2020-08-14,IND_GAN,2.86,28.66,2.27,0,1,True,synthetic_scenario_generator,26006
2020-08-15,IND_GAN,1.61,27.88,13.52,0,1,True,synthetic_scenario_generator,26006
2020-08-16,IND_GAN,2.67,28.47,31.85,0,1,True,synthetic_scenario_generator,26006
2020-08-17,IND_GAN,2.4,26.85,9.7,0,1,True,synthetic_scenario_generator,26006
2020-08-18,IND_GAN,2.67,29.44,25.27,0,1,True,synthetic_scenario_generator,26006
2020-08-19,IND_GAN,1.82,36.23,23.39,0,1,True,synthetic_scenario_generator,26006
2020-08-20,IND_GAN,2.72,24.24,7.98,0,1,True,synthetic_scenario_generator,26006
2020-08-21,IND_GAN,2.52,24.44,27.14,0,1,True,synthetic_scenario_generator,26006
2020-08-22,IND_GAN,2.12,14.04,49.06,0,1,True,synthetic_scenario_generator,26006
2020-08-23,IND_GAN,2.15,24.98,6.22,0,1,True,synthetic_scenario_generator,26006
2020-08-24,IND_GAN,1.67,16.06,5.97,0,1,True,synthetic_scenario_generator,26006
2020-08-25,IND_GAN,2.23,20.49,19.28,0,1,True,synthetic_scenario_generator,26006
2020-08-26,IND_GAN,2.99,28.51,19.87,0,1,True,synthetic_scenario_generator,26006
2020-08-27,IND_GAN,2.2,32.08,27.15,0,1,True,synthetic_scenario_generator,26006
2020-08-28,IND_GAN,2.78,33.02,4.95,0,1,True,synthetic_scenario_generator,26006
2020-08-29,IND_GAN,2.14,25.6,0.1,0,1,True,synthetic_scenario_generator,26006
2020-08-30,IND_GAN,2.56,18.83,28.02,0,1,True,synthetic_scenario_generator,26006
2020-08-31,IND_GAN,2.09,26.51,4.84,0,1,True,synthetic_scenario_generator,26006
2020-09-01,IND_GAN,2.09,19.18,2.83,0,1,True,synthetic_scenario_generator,26006
2020-09-02,IND_GAN,2.24,24.4,16.71,0,1,True,synthetic_scenario_generator,26006
2020-09-03,IND_GAN,2.37,27.33,8.69,0,1,True,synthetic_scenario_generator,26006
2020-09-04,IND_GAN,1.79,23.77,0.45,0,1,True,synthetic_scenario_generator,26006
2020-09-05,IND_GAN,1.85,34.64,7.95,0,1,True,synthetic_scenario_generator,26006
2020-09-06,IND_GAN,2.23,26.1,9.77,0,1,True,synthetic_scenario_generator,26006
2020-09-07,IND_GAN,2.78,23.42,10.85,0,1,True,synthetic_scenario_generator,26006
2020-09-08,IND_GAN,2.67,33.13,45.39,0,1,True,synthetic_scenario_generator,26006
2020-09-09,IND_GAN,2.38,38.77,6.68,0,1,True,synthetic_scenario_generator,26006
2020-09-10,IND_GAN,2.3,34.67,5.49,0,1,True,synthetic_scenario_generator,26006
2020-09-11,IND_GAN,2.04,28.09,20.71,0,1,True,synthetic_scenario_generator,26006
2020-09-12,IND_GAN,2.29,21.63,12.52,0,1,True,synthetic_scenario_generator,26006
2020-09-13,IND_GAN,2.09,30.15,27.99,0,1,True,synthetic_scenario_generator,26006
2020-09-14,IND_GAN,2.43,33.68,12.54,0,1,True,synthetic_scenario_generator,26006
2020-09-15,IND_GAN,3.22,37.01,13.07,0,1,True,synthetic_scenario_generator,26006
2020-09-16,IND_GAN,1.84,28.25,26.0,0,1,True,synthetic_scenario_generator,26006
2020-09-17,IND_GAN,2.4,21.12,15.59,0,1,True,synthetic_scenario_generator,26006
2020-09-18,IND_GAN,1.95,28.92,21.71,0,1,True,synthetic_scenario_generator,26006
2020-09-19,IND_GAN,2.24,17.31,12.7,0,1,True,synthetic_scenario_generator,26006
2020-09-20,IND_GAN,1.87,26.06,5.5,0,1,True,synthetic_scenario_generator,26006
2020-09-21,IND_GAN,1.49,28.78,25.36,0,1,True,synthetic_scenario_generator,26006
2020-09-22,IND_GAN,2.25,31.56,19.32,0,1,True,synthetic_scenario_generator,26006
2020-09-23,IND_GAN,1.74,32.76,29.06,0,1,True,synthetic_scenario_generator,26006
2020-09-24,IND_GAN,2.97,27.65,1.58,0,1,True,synthetic_scenario_generator,26006
2020-09-25,IND_GAN,2.02,21.17,41.01,0,1,True,synthetic_scenario_generator,26006
2020-09-26,IND_GAN,2.77,21.05,2.19,0,1,True,synthetic_scenario_generator,26006
2020-09-27,IND_GAN,2.19,26.74,22.85,0,1,True,synthetic_scenario_generator,26006
2020-09-28,IND_GAN,2.46,26.62,25.53,0,1,True,synthetic_scenario_generator,26006
2020-09-29,IND_GAN,2.37,23.93,15.68,0,1,True,synthetic_scenario_generator,26006
2020-09-30,IND_GAN,2.55,28.93,5.29,0,1,True,synthetic_scenario_generator,26006
2020-10-01,IND_GAN,1.14,18.31,0.55,0,0,True,synthetic_scenario_generator,26006
2020-10-02,IND_GAN,1.37,21.42,3.99,0,0,True,synthetic_scenario_generator,26006
2020-10-03,IND_GAN,1.53,26.86,1.56,0,0,True,synthetic_scenario_generator,26006
2020-10-04,IND_GAN,1.88,27.81,5.55,0,0,True,synthetic_scenario_generator,26006
2020-10-05,IND_GAN,1.17,20.59,7.4,0,0,True,synthetic_scenario_generator,26006
2020-10-06,IND_GAN,1.07,18.12,0.98,0,0,True,synthetic_scenario_generator,26006
2020-10-07,IND_GAN,0.83,14.26,2.18,0,0,True,synthetic_scenario_generator,26006
2020-10-08,IND_GAN,1.5,27.55,0.81,0,0,True,synthetic_scenario_generator,26006
2020-10-09,IND_GAN,2.02,12.88,1.76,0,0,True,synthetic_scenario_generator,26006
2020-10-10,IND_GAN,1.75,23.91,18.13,0,0,True,synthetic_scenario_generator,26006
2020-10-11,IND_GAN,1.49,21.48,6.94,0,0,True,synthetic_scenario_generator,26006
2020-10-12,IND_GAN,1.36,16.06,1.5,0,0,True,synthetic_scenario_generator,26006
2020-10-13,IND_GAN,0.99,21.23,4.89,0,0,True,synthetic_scenario_generator,26006
2020-10-14,IND_GAN,1.55,18.56,1.79,0,0,True,synthetic_scenario_generator,26006
2020-10-15,IND_GAN,2.14,11.46,5.44,0,0,True,synthetic_scenario_generator,26006
2020-10-16,IND_GAN,1.07,19.33,4.11,0,0,True,synthetic_scenario_generator,26006
2020-10-17,IND_GAN,2.04,25.3,3.71,0,0,True,synthetic_scenario_generator,26006
2020-10-18,IND_GAN,2.15,13.99,12.63,0,0,True,synthetic_scenario_generator,26006
2020-10-19,IND_GAN,2.18,17.36,10.1,0,0,True,synthetic_scenario_generator,26006
2020-10-20,IND_GAN,1.54,26.5,8.62,0,0,True,synthetic_scenario_generator,26006
2020-10-21,IND_GAN,1.84,22.78,3.43,0,0,True,synthetic_scenario_generator,26006
2020-10-22,IND_GAN,1.51,23.25,3.43,0,0,True,synthetic_scenario_generator,26006
2020-10-23,IND_GAN,1.59,17.87,4.78,0,0,True,synthetic_scenario_generator,26006
2020-10-24,IND_GAN,1.85,19.86,0.98,0,0,True,synthetic_scenario_generator,26006
2020-10-25,IND_GAN,1.28,23.03,3.38,0,0,True,synthetic_scenario_generator,26006
2020-10-26,IND_GAN,1.32,19.9,0.35,0,0,True,synthetic_scenario_generator,26006
2020-10-27,IND_GAN,1.67,13.67,9.38,0,0,True,synthetic_scenario_generator,26006
2020-10-28,IND_GAN,1.38,19.52,0.83,0,0,True,synthetic_scenario_generator,26006
2020-10-29,IND_GAN,1.65,5.59,2.73,0,0,True,synthetic_scenario_generator,26006
2020-10-30,IND_GAN,1.69,23.14,2.87,0,0,True,synthetic_scenario_generator,26006
2020-10-31,IND_GAN,1.68,9.34,0.89,0,0,True,synthetic_scenario_generator,26006
2020-11-01,IND_GAN,1.45,17.58,2.29,0,0,True,synthetic_scenario_generator,26006
2020-11-02,IND_GAN,2.07,23.27,7.35,0,0,True,synthetic_scenario_generator,26006
2020-11-03,IND_GAN,1.54,24.03,3.24,0,0,True,synthetic_scenario_generator,26006
2020-11-04,IND_GAN,1.69,16.55,1.61,0,0,True,synthetic_scenario_generator,26006
2020-11-05,IND_GAN,1.17,18.49,0.22,0,0,True,synthetic_scenario_generator,26006
2020-11-06,IND_GAN,1.48,15.48,2.48,0,0,True,synthetic_scenario_generator,26006
2020-11-07,IND_GAN,1.61,20.98,1.78,0,0,True,synthetic_scenario_generator,26006
2020-11-08,IND_GAN,1.82,21.4,5.95,0,0,True,synthetic_scenario_generator,26006
2020-11-09,IND_GAN,2.16,25.5,3.61,0,0,True,synthetic_scenario_generator,26006
2020-11-10,IND_GAN,1.82,20.84,3.98,0,0,True,synthetic_scenario_generator,26006
2020-11-11,IND_GAN,1.65,17.58,7.15,0,0,True,synthetic_scenario_generator,26006
2020-11-12,IND_GAN,2.12,24.15,2.82,0,0,True,synthetic_scenario_generator,26006
2020-11-13,IND_GAN,1.18,20.19,3.7,0,0,True,synthetic_scenario_generator,26006
2020-11-14,IND_GAN,1.73,19.1,7.7,0,0,True,synthetic_scenario_generator,26006
2020-11-15,IND_GAN,1.61,24.45,3.8,0,0,True,synthetic_scenario_generator,26006
2020-11-16,IND_GAN,2.1,11.81,1.15,0,0,True,synthetic_scenario_generator,26006
2020-11-17,IND_GAN,1.71,23.76,0.91,0,0,True,synthetic_scenario_generator,26006
2020-11-18,IND_GAN,1.29,17.28,0.34,0,0,True,synthetic_scenario_generator,26006
2020-11-19,IND_GAN,1.45,23.71,11.77,0,0,True,synthetic_scenario_generator,26006
2020-11-20,IND_GAN,1.82,22.94,1.48,0,0,True,synthetic_scenario_generator,26006
2020-11-21,IND_GAN,1.61,16.78,2.89,0,0,True,synthetic_scenario_generator,26006
2020-11-22,IND_GAN,1.49,18.29,6.24,0,0,True,synthetic_scenario_generator,26006
2020-11-23,IND_GAN,1.13,19.62,2.09,0,0,True,synthetic_scenario_generator,26006
2020-11-24,IND_GAN,1.34,27.94,1.56,0,0,True,synthetic_scenario_generator,26006
2020-11-25,IND_GAN,1.53,15.72,0.88,0,0,True,synthetic_scenario_generator,26006
2020-11-26,IND_GAN,1.17,17.78,1.37,0,0,True,synthetic_scenario_generator,26006
2020-11-27,IND_GAN,2.25,13.53,3.5,0,0,True,synthetic_scenario_generator,26006
2020-11-28,IND_GAN,1.55,22.87,3.92,0,0,True,synthetic_scenario_generator,26006
2020-11-29,IND_GAN,1.94,10.01,1.25,0,0,True,synthetic_scenario_generator,26006
2020-11-30,IND_GAN,1.87,16.04,18.93,0,0,True,synthetic_scenario_generator,26006
2020-12-01,IND_GAN,1.53,18.37,5.13,0,0,True,synthetic_scenario_generator,26006
2020-12-02,IND_GAN,1.52,10.36,5.2,0,0,True,synthetic_scenario_generator,26006
2020-12-03,IND_GAN,1.26,16.31,0.4,0,0,True,synthetic_scenario_generator,26006
2020-12-04,IND_GAN,1.88,17.32,1.67,0,0,True,synthetic_scenario_generator,26006
2020-12-05,IND_GAN,1.28,20.87,2.78,0,0,True,synthetic_scenario_generator,26006
2020-12-06,IND_GAN,1.92,19.55,1.68,0,0,True,synthetic_scenario_generator,26006
2020-12-07,IND_GAN,1.26,21.11,0.28,0,0,True,synthetic_scenario_generator,26006
2020-12-08,IND_GAN,1.9,22.97,0.87,0,0,True,synthetic_scenario_generator,26006
2020-12-09,IND_GAN,1.94,18.96,1.69,0,0,True,synthetic_scenario_generator,26006
2020-12-10,IND_GAN,1.26,32.35,2.41,0,0,True,synthetic_scenario_generator,26006
2020-12-11,IND_GAN,1.18,16.44,2.7,0,0,True,synthetic_scenario_generator,26006
2020-12-12,IND_GAN,2.02,22.71,4.6,0,0,True,synthetic_scenario_generator,26006
2020-12-13,IND_GAN,1.77,21.88,3.6,0,0,True,synthetic_scenario_generator,26006
2020-12-14,IND_GAN,2.35,20.0,3.36,0,0,True,synthetic_scenario_generator,26006
2020-12-15,IND_GAN,2.05,18.76,3.78,0,0,True,synthetic_scenario_generator,26006
2020-12-16,IND_GAN,1.75,25.48,5.48,0,0,True,synthetic_scenario_generator,26006
2020-12-17,IND_GAN,1.15,17.64,6.07,0,0,True,synthetic_scenario_generator,26006
2020-12-18,IND_GAN,1.8,22.52,9.17,0,0,True,synthetic_scenario_generator,26006
2020-12-19,IND_GAN,1.12,27.92,4.13,0,0,True,synthetic_scenario_generator,26006
2020-12-20,IND_GAN,1.36,21.64,1.37,0,0,True,synthetic_scenario_generator,26006
2020-12-21,IND_GAN,1.29,21.44,0.17,0,0,True,synthetic_scenario_generator,26006
2020-12-22,IND_GAN,1.4,21.53,1.68,0,0,True,synthetic_scenario_generator,26006
2020-12-23,IND_GAN,1.87,23.24,0.17,0,0,True,synthetic_scenario_generator,26006
2020-12-24,IND_GAN,2.38,19.27,3.61,0,0,True,synthetic_scenario_generator,26006
2020-12-25,IND_GAN,1.56,7.28,1.66,0,0,True,synthetic_scenario_generator,26006
2020-12-26,IND_GAN,1.65,20.47,2.7,0,0,True,synthetic_scenario_generator,26006
2020-12-27,IND_GAN,1.73,20.54,18.68,0,0,True,synthetic_scenario_generator,26006
2020-12-28,IND_GAN,1.22,8.38,5.51,0,0,True,synthetic_scenario_generator,26006
2020-12-29,IND_GAN,1.44,18.75,8.2,0,0,True,synthetic_scenario_generator,26006
2020-12-30,IND_GAN,1.1,15.17,1.08,0,0,True,synthetic_scenario_generator,26006
2020-12-31,IND_GAN,1.5,22.96,0.31,0,0,True,synthetic_scenario_generator,26006
2021-01-01,IND_GAN,1.55,15.18,3.66,0,0,True,synthetic_scenario_generator,26006
2021-01-02,IND_GAN,1.71,10.1,2.15,0,0,True,synthetic_scenario_generator,26006
2021-01-03,IND_GAN,1.12,16.14,8.23,0,0,True,synthetic_scenario_generator,26006
2021-01-04,IND_GAN,1.02,6.07,1.7,0,0,True,synthetic_scenario_generator,26006
2021-01-05,IND_GAN,0.85,8.84,1.62,0,0,True,synthetic_scenario_generator,26006
2021-01-06,IND_GAN,1.45,19.26,4.42,0,0,True,synthetic_scenario_generator,26006
2021-01-07,IND_GAN,1.5,17.2,1.43,0,0,True,synthetic_scenario_generator,26006
2021-01-08,IND_GAN,0.99,9.79,9.43,0,0,True,synthetic_scenario_generator,26006
2021-01-09,IND_GAN,2.15,14.59,4.25,0,0,True,synthetic_scenario_generator,26006
2021-01-10,IND_GAN,1.74,13.08,0.91,0,0,True,synthetic_scenario_generator,26006
2021-01-11,IND_GAN,0.98,17.22,0.55,0,0,True,synthetic_scenario_generator,26006
2021-01-12,IND_GAN,1.54,16.41,2.47,0,0,True,synthetic_scenario_generator,26006
2021-01-13,IND_GAN,1.22,18.76,0.64,0,0,True,synthetic_scenario_generator,26006
2021-01-14,IND_GAN,1.42,15.61,5.19,0,0,True,synthetic_scenario_generator,26006
2021-01-15,IND_GAN,1.08,7.58,1.88,0,0,True,synthetic_scenario_generator,26006
2021-01-16,IND_GAN,1.12,10.68,4.8,0,0,True,synthetic_scenario_generator,26006
2021-01-17,IND_GAN,1.5,11.06,0.75,0,0,True,synthetic_scenario_generator,26006
2021-01-18,IND_GAN,1.02,4.91,6.38,0,0,True,synthetic_scenario_generator,26006
2021-01-19,IND_GAN,0.7,2.0,1.07,0,0,True,synthetic_scenario_generator,26006
2021-01-20,IND_GAN,1.05,19.07,4.21,0,0,True,synthetic_scenario_generator,26006
2021-01-21,IND_GAN,1.34,16.22,1.99,0,0,True,synthetic_scenario_generator,26006
2021-01-22,IND_GAN,0.82,11.4,2.86,0,0,True,synthetic_scenario_generator,26006
2021-01-23,IND_GAN,0.87,6.37,9.33,0,0,True,synthetic_scenario_generator,26006
2021-01-24,IND_GAN,0.85,10.56,6.66,0,0,True,synthetic_scenario_generator,26006
2021-01-25,IND_GAN,0.97,14.43,1.76,0,0,True,synthetic_scenario_generator,26006
2021-01-26,IND_GAN,0.49,16.78,1.92,0,0,True,synthetic_scenario_generator,26006
2021-01-27,IND_GAN,0.88,25.01,1.21,0,0,True,synthetic_scenario_generator,26006
2021-01-28,IND_GAN,0.99,12.57,1.25,0,0,True,synthetic_scenario_generator,26006
2021-01-29,IND_GAN,1.13,10.14,2.27,0,0,True,synthetic_scenario_generator,26006
2021-01-30,IND_GAN,1.15,15.74,3.14,0,0,True,synthetic_scenario_generator,26006
2021-01-31,IND_GAN,1.04,10.27,1.02,0,0,True,synthetic_scenario_generator,26006
2021-02-01,IND_GAN,1.05,11.29,2.11,0,0,True,synthetic_scenario_generator,26006
2021-02-02,IND_GAN,0.56,15.85,0.73,0,0,True,synthetic_scenario_generator,26006
2021-02-03,IND_GAN,1.35,4.92,0.71,0,0,True,synthetic_scenario_generator,26006
2021-02-04,IND_GAN,1.2,20.6,4.78,0,0,True,synthetic_scenario_generator,26006
2021-02-05,IND_GAN,1.16,10.61,4.91,0,0,True,synthetic_scenario_generator,26006
2021-02-06,IND_GAN,1.12,6.49,1.96,0,0,True,synthetic_scenario_generator,26006
2021-02-07,IND_GAN,0.24,10.1,0.26,0,0,True,synthetic_scenario_generator,26006
2021-02-08,IND_GAN,1.39,13.87,3.88,0,0,True,synthetic_scenario_generator,26006
2021-02-09,IND_GAN,1.26,19.31,0.3,0,0,True,synthetic_scenario_generator,26006
2021-02-10,IND_GAN,0.83,12.31,1.84,0,0,True,synthetic_scenario_generator,26006
2021-02-11,IND_GAN,1.11,9.15,5.74,0,0,True,synthetic_scenario_generator,26006
2021-02-12,IND_GAN,1.75,16.77,1.65,0,0,True,synthetic_scenario_generator,26006
2021-02-13,IND_GAN,1.55,12.55,1.29,0,0,True,synthetic_scenario_generator,26006
2021-02-14,IND_GAN,1.4,12.59,4.24,0,0,True,synthetic_scenario_generator,26006
2021-02-15,IND_GAN,0.68,20.75,1.24,0,0,True,synthetic_scenario_generator,26006
2021-02-16,IND_GAN,0.98,21.37,7.94,0,0,True,synthetic_scenario_generator,26006
2021-02-17,IND_GAN,1.01,2.0,0.7,0,0,True,synthetic_scenario_generator,26006
2021-02-18,IND_GAN,0.87,11.4,3.96,0,0,True,synthetic_scenario_generator,26006
2021-02-19,IND_GAN,1.4,19.77,4.65,0,0,True,synthetic_scenario_generator,26006
2021-02-20,IND_GAN,1.18,15.34,0.82,0,0,True,synthetic_scenario_generator,26006
2021-02-21,IND_GAN,1.63,8.6,9.05,0,0,True,synthetic_scenario_generator,26006
2021-02-22,IND_GAN,0.67,21.07,1.47,0,0,True,synthetic_scenario_generator,26006
2021-02-23,IND_GAN,0.84,10.2,4.06,0,0,True,synthetic_scenario_generator,26006
2021-02-24,IND_GAN,0.95,15.34,9.97,0,0,True,synthetic_scenario_generator,26006
2021-02-25,IND_GAN,1.73,20.06,0.32,0,0,True,synthetic_scenario_generator,26006
2021-02-26,IND_GAN,0.57,16.33,4.58,0,0,True,synthetic_scenario_generator,26006
2021-02-27,IND_GAN,1.33,16.79,3.66,0,0,True,synthetic_scenario_generator,26006
2021-02-28,IND_GAN,0.8,2.3,4.67,0,0,True,synthetic_scenario_generator,26006
2021-03-01,IND_GAN,1.09,15.47,2.18,0,0,True,synthetic_scenario_generator,26006
2021-03-02,IND_GAN,1.54,13.87,1.4,0,0,True,synthetic_scenario_generator,26006
2021-03-03,IND_GAN,1.59,7.36,0.35,0,0,True,synthetic_scenario_generator,26006
2021-03-04,IND_GAN,0.44,10.59,2.93,0,0,True,synthetic_scenario_generator,26006
2021-03-05,IND_GAN,1.5,18.79,9.23,0,0,True,synthetic_scenario_generator,26006
2021-03-06,IND_GAN,0.41,26.09,1.65,0,0,True,synthetic_scenario_generator,26006
2021-03-07,IND_GAN,1.35,2.88,1.66,0,0,True,synthetic_scenario_generator,26006
2021-03-08,IND_GAN,0.62,14.03,6.74,0,0,True,synthetic_scenario_generator,26006
2021-03-09,IND_GAN,1.08,13.16,0.51,0,0,True,synthetic_scenario_generator,26006
2021-03-10,IND_GAN,1.62,11.08,0.3,0,0,True,synthetic_scenario_generator,26006
2021-03-11,IND_GAN,0.84,8.76,3.68,0,0,True,synthetic_scenario_generator,26006
2021-03-12,IND_GAN,1.48,5.04,1.68,0,0,True,synthetic_scenario_generator,26006
2021-03-13,IND_GAN,0.51,12.11,9.77,0,0,True,synthetic_scenario_generator,26006
2021-03-14,IND_GAN,1.52,9.09,1.62,0,0,True,synthetic_scenario_generator,26006
2021-03-15,IND_GAN,0.73,13.39,0.98,0,0,True,synthetic_scenario_generator,26006
2021-03-16,IND_GAN,1.6,11.09,1.76,0,0,True,synthetic_scenario_generator,26006
2021-03-17,IND_GAN,1.62,11.33,1.36,0,0,True,synthetic_scenario_generator,26006
2021-03-18,IND_GAN,0.56,14.46,0.26,0,0,True,synthetic_scenario_generator,26006
2021-03-19,IND_GAN,0.67,19.27,12.76,0,0,True,synthetic_scenario_generator,26006
2021-03-20,IND_GAN,1.6,12.26,3.75,0,0,True,synthetic_scenario_generator,26006
2021-03-21,IND_GAN,1.83,20.28,0.76,0,0,True,synthetic_scenario_generator,26006
2021-03-22,IND_GAN,0.87,12.3,3.59,0,0,True,synthetic_scenario_generator,26006
2021-03-23,IND_GAN,0.81,11.81,8.24,0,0,True,synthetic_scenario_generator,26006
2021-03-24,IND_GAN,1.5,7.38,1.04,0,0,True,synthetic_scenario_generator,26006
2021-03-25,IND_GAN,1.38,11.08,6.74,0,0,True,synthetic_scenario_generator,26006
2021-03-26,IND_GAN,0.5,10.45,2.49,0,0,True,synthetic_scenario_generator,26006
2021-03-27,IND_GAN,1.43,8.15,3.8,0,0,True,synthetic_scenario_generator,26006
2021-03-28,IND_GAN,1.91,14.83,4.56,0,0,True,synthetic_scenario_generator,26006
2021-03-29,IND_GAN,1.46,16.39,5.02,0,0,True,synthetic_scenario_generator,26006
2021-03-30,IND_GAN,0.61,22.41,1.89,0,0,True,synthetic_scenario_generator,26006
2021-03-31,IND_GAN,0.92,16.19,8.5,0,0,True,synthetic_scenario_generator,26006
2021-04-01,IND_GAN,1.16,12.62,3.91,0,0,True,synthetic_scenario_generator,26006
2021-04-02,IND_GAN,2.28,21.47,1.25,0,0,True,synthetic_scenario_generator,26006
2021-04-03,IND_GAN,0.79,21.15,6.97,0,0,True,synthetic_scenario_generator,26006
2021-04-04,IND_GAN,1.15,22.47,3.82,0,0,True,synthetic_scenario_generator,26006
2021-04-05,IND_GAN,1.32,21.14,9.62,0,0,True,synthetic_scenario_generator,26006
2021-04-06,IND_GAN,1.81,15.82,13.07,0,0,True,synthetic_scenario_generator,26006
2021-04-07,IND_GAN,1.63,19.07,2.53,0,0,True,synthetic_scenario_generator,26006
2021-04-08,IND_GAN,2.09,20.04,3.66,0,0,True,synthetic_scenario_generator,26006
2021-04-09,IND_GAN,1.57,21.17,2.96,0,0,True,synthetic_scenario_generator,26006
2021-04-10,IND_GAN,1.7,24.45,1.73,0,0,True,synthetic_scenario_generator,26006
2021-04-11,IND_GAN,1.84,17.79,6.22,0,0,True,synthetic_scenario_generator,26006
2021-04-12,IND_GAN,1.93,22.57,1.69,0,0,True,synthetic_scenario_generator,26006
2021-04-13,IND_GAN,1.48,22.93,0.6,0,0,True,synthetic_scenario_generator,26006
2021-04-14,IND_GAN,2.31,28.72,1.71,0,0,True,synthetic_scenario_generator,26006
2021-04-15,IND_GAN,1.64,18.38,5.69,0,0,True,synthetic_scenario_generator,26006
2021-04-16,IND_GAN,1.94,17.36,7.33,0,0,True,synthetic_scenario_generator,26006
2021-04-17,IND_GAN,0.92,14.25,1.25,0,0,True,synthetic_scenario_generator,26006
2021-04-18,IND_GAN,1.66,18.3,5.55,0,0,True,synthetic_scenario_generator,26006
2021-04-19,IND_GAN,1.47,17.13,1.3,0,0,True,synthetic_scenario_generator,26006
2021-04-20,IND_GAN,1.06,15.13,5.3,0,0,True,synthetic_scenario_generator,26006
2021-04-21,IND_GAN,1.85,22.4,1.33,0,0,True,synthetic_scenario_generator,26006
2021-04-22,IND_GAN,2.0,22.42,7.58,0,0,True,synthetic_scenario_generator,26006
2021-04-23,IND_GAN,1.36,12.02,5.36,0,0,True,synthetic_scenario_generator,26006
2021-04-24,IND_GAN,1.42,7.06,6.22,0,0,True,synthetic_scenario_generator,26006
2021-04-25,IND_GAN,1.76,20.02,9.02,0,0,True,synthetic_scenario_generator,26006
2021-04-26,IND_GAN,1.38,17.59,8.33,0,0,True,synthetic_scenario_generator,26006
2021-04-27,IND_GAN,1.82,12.56,11.56,0,0,True,synthetic_scenario_generator,26006
2021-04-28,IND_GAN,2.0,25.64,3.78,0,0,True,synthetic_scenario_generator,26006
2021-04-29,IND_GAN,1.7,18.08,1.63,0,0,True,synthetic_scenario_generator,26006
2021-04-30,IND_GAN,1.86,15.08,0.12,0,0,True,synthetic_scenario_generator,26006
2021-05-01,IND_GAN,2.04,19.09,0.93,0,0,True,synthetic_scenario_generator,26006
2021-05-02,IND_GAN,1.85,20.63,2.53,0,0,True,synthetic_scenario_generator,26006
2021-05-03,IND_GAN,1.75,12.73,0.17,0,0,True,synthetic_scenario_generator,26006
2021-05-04,IND_GAN,1.29,14.1,0.05,0,0,True,synthetic_scenario_generator,26006
2021-05-05,IND_GAN,1.83,21.82,0.12,0,0,True,synthetic_scenario_generator,26006
2021-05-06,IND_GAN,1.17,20.61,2.4,0,0,True,synthetic_scenario_generator,26006
2021-05-07,IND_GAN,1.71,19.48,1.12,0,0,True,synthetic_scenario_generator,26006
2021-05-08,IND_GAN,1.85,16.33,3.73,0,0,True,synthetic_scenario_generator,26006
2021-05-09,IND_GAN,1.22,16.84,2.75,0,0,True,synthetic_scenario_generator,26006
2021-05-10,IND_GAN,1.34,16.23,22.38,0,0,True,synthetic_scenario_generator,26006
2021-05-11,IND_GAN,1.91,17.61,3.03,0,0,True,synthetic_scenario_generator,26006
2021-05-12,IND_GAN,1.73,23.31,0.53,0,0,True,synthetic_scenario_generator,26006
2021-05-13,IND_GAN,1.65,17.98,2.91,0,0,True,synthetic_scenario_generator,26006
2021-05-14,IND_GAN,1.84,21.03,22.03,0,0,True,synthetic_scenario_generator,26006
2021-05-15,IND_GAN,1.3,10.22,2.61,0,0,True,synthetic_scenario_generator,26006
2021-05-16,IND_GAN,1.35,10.26,1.41,0,0,True,synthetic_scenario_generator,26006
2021-05-17,IND_GAN,1.67,26.35,3.08,0,0,True,synthetic_scenario_generator,26006
2021-05-18,IND_GAN,1.73,20.56,5.78,0,0,True,synthetic_scenario_generator,26006
2021-05-19,IND_GAN,1.71,28.32,4.74,0,0,True,synthetic_scenario_generator,26006
2021-05-20,IND_GAN,1.69,19.32,6.92,0,0,True,synthetic_scenario_generator,26006
2021-05-21,IND_GAN,1.33,29.62,6.9,0,0,True,synthetic_scenario_generator,26006
2021-05-22,IND_GAN,1.42,13.19,11.9,0,0,True,synthetic_scenario_generator,26006
2021-05-23,IND_GAN,1.61,23.39,0.61,0,0,True,synthetic_scenario_generator,26006
2021-05-24,IND_GAN,1.08,11.33,13.78,0,0,True,synthetic_scenario_generator,26006
2021-05-25,IND_GAN,1.51,12.88,4.4,0,0,True,synthetic_scenario_generator,26006
2021-05-26,IND_GAN,0.94,26.24,3.04,0,0,True,synthetic_scenario_generator,26006
2021-05-27,IND_GAN,1.49,16.12,6.53,0,0,True,synthetic_scenario_generator,26006
2021-05-28,IND_GAN,2.13,18.61,1.96,0,0,True,synthetic_scenario_generator,26006
2021-05-29,IND_GAN,0.81,19.4,1.0,0,0,True,synthetic_scenario_generator,26006
2021-05-30,IND_GAN,1.26,22.83,3.5,0,0,True,synthetic_scenario_generator,26006
2021-05-31,IND_GAN,1.56,24.36,5.3,0,0,True,synthetic_scenario_generator,26006
2021-06-01,IND_GAN,2.64,27.74,21.27,0,1,True,synthetic_scenario_generator,26006
2021-06-02,IND_GAN,2.51,33.71,11.23,0,1,True,synthetic_scenario_generator,26006
2021-06-03,IND_GAN,2.84,31.6,2.56,0,1,True,synthetic_scenario_generator,26006
2021-06-04,IND_GAN,2.26,31.12,10.04,0,1,True,synthetic_scenario_generator,26006
2021-06-05,IND_GAN,3.4,21.87,26.84,0,1,True,synthetic_scenario_generator,26006
2021-06-06,IND_GAN,2.92,31.58,10.28,0,1,True,synthetic_scenario_generator,26006
2021-06-07,IND_GAN,2.65,35.4,27.52,0,1,True,synthetic_scenario_generator,26006
2021-06-08,IND_GAN,2.48,35.72,4.31,0,1,True,synthetic_scenario_generator,26006
2021-06-09,IND_GAN,3.21,37.54,8.39,0,1,True,synthetic_scenario_generator,26006
2021-06-10,IND_GAN,3.45,29.31,3.91,1,1,True,synthetic_scenario_generator,26006
2021-06-11,IND_GAN,2.96,36.68,8.67,0,1,True,synthetic_scenario_generator,26006
2021-06-12,IND_GAN,2.22,34.42,34.42,0,1,True,synthetic_scenario_generator,26006
2021-06-13,IND_GAN,2.34,28.47,2.27,0,1,True,synthetic_scenario_generator,26006
2021-06-14,IND_GAN,2.45,42.74,40.45,0,1,True,synthetic_scenario_generator,26006
2021-06-15,IND_GAN,2.11,32.6,1.44,0,1,True,synthetic_scenario_generator,26006
2021-06-16,IND_GAN,2.43,34.62,7.21,0,1,True,synthetic_scenario_generator,26006
2021-06-17,IND_GAN,2.94,34.19,17.12,0,1,True,synthetic_scenario_generator,26006
2021-06-18,IND_GAN,2.63,32.0,11.62,0,1,True,synthetic_scenario_generator,26006
2021-06-19,IND_GAN,2.96,35.42,5.17,0,1,True,synthetic_scenario_generator,26006
2021-06-20,IND_GAN,2.88,32.87,27.87,0,1,True,synthetic_scenario_generator,26006
2021-06-21,IND_GAN,2.36,34.09,10.11,0,1,True,synthetic_scenario_generator,26006
2021-06-22,IND_GAN,2.96,34.16,14.42,0,1,True,synthetic_scenario_generator,26006
2021-06-23,IND_GAN,2.56,37.43,8.82,0,1,True,synthetic_scenario_generator,26006
2021-06-24,IND_GAN,2.54,41.38,14.08,0,1,True,synthetic_scenario_generator,26006
2021-06-25,IND_GAN,2.02,38.28,4.29,0,1,True,synthetic_scenario_generator,26006
2021-06-26,IND_GAN,3.0,32.81,9.31,0,1,True,synthetic_scenario_generator,26006
2021-06-27,IND_GAN,3.05,40.03,39.35,0,1,True,synthetic_scenario_generator,26006
2021-06-28,IND_GAN,2.75,34.3,8.23,0,1,True,synthetic_scenario_generator,26006
2021-06-29,IND_GAN,2.41,33.53,14.45,0,1,True,synthetic_scenario_generator,26006
2021-06-30,IND_GAN,2.35,30.08,1.01,0,1,True,synthetic_scenario_generator,26006
2021-07-01,IND_GAN,1.78,23.93,15.86,0,1,True,synthetic_scenario_generator,26006
2021-07-02,IND_GAN,2.56,20.85,26.9,0,1,True,synthetic_scenario_generator,26006
2021-07-03,IND_GAN,2.48,23.92,15.84,0,1,True,synthetic_scenario_generator,26006
2021-07-04,IND_GAN,2.28,31.15,14.44,0,1,True,synthetic_scenario_generator,26006
2021-07-05,IND_GAN,2.6,28.64,3.07,0,1,True,synthetic_scenario_generator,26006
2021-07-06,IND_GAN,2.21,36.77,7.57,0,1,True,synthetic_scenario_generator,26006
2021-07-07,IND_GAN,1.59,25.51,26.22,0,1,True,synthetic_scenario_generator,26006
2021-07-08,IND_GAN,2.0,21.41,6.33,0,1,True,synthetic_scenario_generator,26006
2021-07-09,IND_GAN,2.29,29.05,16.77,0,1,True,synthetic_scenario_generator,26006
2021-07-10,IND_GAN,1.89,29.46,12.47,0,1,True,synthetic_scenario_generator,26006
2021-07-11,IND_GAN,2.94,24.17,34.39,0,1,True,synthetic_scenario_generator,26006
2021-07-12,IND_GAN,2.36,26.48,10.8,0,1,True,synthetic_scenario_generator,26006
2021-07-13,IND_GAN,2.44,26.27,10.67,0,1,True,synthetic_scenario_generator,26006
2021-07-14,IND_GAN,2.14,26.74,31.06,0,1,True,synthetic_scenario_generator,26006
2021-07-15,IND_GAN,1.86,30.62,27.98,0,1,True,synthetic_scenario_generator,26006
2021-07-16,IND_GAN,2.32,15.26,24.5,0,1,True,synthetic_scenario_generator,26006
2021-07-17,IND_GAN,1.43,29.17,7.84,0,1,True,synthetic_scenario_generator,26006
2021-07-18,IND_GAN,1.68,30.67,11.2,0,1,True,synthetic_scenario_generator,26006
2021-07-19,IND_GAN,1.81,30.46,1.45,0,1,True,synthetic_scenario_generator,26006
2021-07-20,IND_GAN,2.22,35.3,4.99,0,1,True,synthetic_scenario_generator,26006
2021-07-21,IND_GAN,2.23,34.23,18.83,0,1,True,synthetic_scenario_generator,26006
2021-07-22,IND_GAN,2.7,22.93,8.26,0,1,True,synthetic_scenario_generator,26006
2021-07-23,IND_GAN,2.24,27.5,4.5,0,1,True,synthetic_scenario_generator,26006
2021-07-24,IND_GAN,2.54,20.15,24.9,0,1,True,synthetic_scenario_generator,26006
2021-07-25,IND_GAN,2.56,28.35,28.9,0,1,True,synthetic_scenario_generator,26006
2021-07-26,IND_GAN,1.77,25.36,3.8,0,1,True,synthetic_scenario_generator,26006
2021-07-27,IND_GAN,1.55,21.05,20.24,0,1,True,synthetic_scenario_generator,26006
2021-07-28,IND_GAN,2.35,22.81,31.22,0,1,True,synthetic_scenario_generator,26006
2021-07-29,IND_GAN,1.95,30.47,9.56,0,1,True,synthetic_scenario_generator,26006
2021-07-30,IND_GAN,1.21,35.22,31.77,0,1,True,synthetic_scenario_generator,26006
2021-07-31,IND_GAN,2.9,28.25,11.53,0,1,True,synthetic_scenario_generator,26006
2021-08-01,IND_GAN,2.38,28.32,18.23,0,1,True,synthetic_scenario_generator,26006
2021-08-02,IND_GAN,1.68,25.37,9.58,0,1,True,synthetic_scenario_generator,26006
2021-08-03,IND_GAN,2.33,25.03,34.71,0,1,True,synthetic_scenario_generator,26006
2021-08-04,IND_GAN,1.78,28.68,1.07,0,1,True,synthetic_scenario_generator,26006
2021-08-05,IND_GAN,2.61,27.83,1.06,0,1,True,synthetic_scenario_generator,26006
2021-08-06,IND_GAN,1.67,32.32,1.12,0,1,True,synthetic_scenario_generator,26006
2021-08-07,IND_GAN,2.44,18.6,35.77,0,1,True,synthetic_scenario_generator,26006
2021-08-08,IND_GAN,1.67,16.32,26.07,0,1,True,synthetic_scenario_generator,26006
2021-08-09,IND_GAN,2.54,33.32,21.38,0,1,True,synthetic_scenario_generator,26006
2021-08-10,IND_GAN,2.44,26.41,13.35,0,1,True,synthetic_scenario_generator,26006
2021-08-11,IND_GAN,2.33,28.28,10.34,0,1,True,synthetic_scenario_generator,26006
2021-08-12,IND_GAN,2.32,32.8,2.85,0,1,True,synthetic_scenario_generator,26006
2021-08-13,IND_GAN,2.41,30.11,6.28,0,1,True,synthetic_scenario_generator,26006
2021-08-14,IND_GAN,2.4,27.57,12.57,0,1,True,synthetic_scenario_generator,26006
2021-08-15,IND_GAN,1.75,28.69,12.0,0,1,True,synthetic_scenario_generator,26006
2021-08-16,IND_GAN,2.23,24.17,3.18,0,1,True,synthetic_scenario_generator,26006
2021-08-17,IND_GAN,1.78,33.33,2.98,0,1,True,synthetic_scenario_generator,26006
2021-08-18,IND_GAN,2.98,27.85,9.27,0,1,True,synthetic_scenario_generator,26006
2021-08-19,IND_GAN,2.32,28.82,22.18,0,1,True,synthetic_scenario_generator,26006
2021-08-20,IND_GAN,2.22,30.21,13.22,0,1,True,synthetic_scenario_generator,26006
2021-08-21,IND_GAN,2.52,31.73,23.89,0,1,True,synthetic_scenario_generator,26006
2021-08-22,IND_GAN,2.25,30.34,19.45,0,1,True,synthetic_scenario_generator,26006
2021-08-23,IND_GAN,2.44,22.79,0.39,0,1,True,synthetic_scenario_generator,26006
2021-08-24,IND_GAN,1.43,29.15,9.15,0,1,True,synthetic_scenario_generator,26006
2021-08-25,IND_GAN,2.65,35.49,6.79,0,1,True,synthetic_scenario_generator,26006
2021-08-26,IND_GAN,2.47,28.83,4.39,0,1,True,synthetic_scenario_generator,26006
2021-08-27,IND_GAN,2.11,22.64,10.77,0,1,True,synthetic_scenario_generator,26006
2021-08-28,IND_GAN,2.91,25.3,24.72,0,1,True,synthetic_scenario_generator,26006
2021-08-29,IND_GAN,2.39,37.35,33.43,0,1,True,synthetic_scenario_generator,26006
2021-08-30,IND_GAN,1.76,31.13,6.65,0,1,True,synthetic_scenario_generator,26006
2021-08-31,IND_GAN,1.95,28.48,7.52,0,1,True,synthetic_scenario_generator,26006
2021-09-01,IND_GAN,2.17,22.42,1.12,0,1,True,synthetic_scenario_generator,26006
2021-09-02,IND_GAN,2.23,22.9,8.9,0,1,True,synthetic_scenario_generator,26006
2021-09-03,IND_GAN,2.45,31.03,49.24,0,1,True,synthetic_scenario_generator,26006
2021-09-04,IND_GAN,1.88,27.36,34.24,0,1,True,synthetic_scenario_generator,26006
2021-09-05,IND_GAN,1.51,33.87,23.66,0,1,True,synthetic_scenario_generator,26006
2021-09-06,IND_GAN,2.6,29.21,22.74,0,1,True,synthetic_scenario_generator,26006
2021-09-07,IND_GAN,2.15,23.53,13.57,0,1,True,synthetic_scenario_generator,26006
2021-09-08,IND_GAN,2.04,26.06,19.08,0,1,True,synthetic_scenario_generator,26006
2021-09-09,IND_GAN,2.2,32.35,5.2,0,1,True,synthetic_scenario_generator,26006
2021-09-10,IND_GAN,2.11,27.22,14.99,0,1,True,synthetic_scenario_generator,26006
2021-09-11,IND_GAN,2.19,30.67,4.42,0,1,True,synthetic_scenario_generator,26006
2021-09-12,IND_GAN,2.13,28.24,3.07,0,1,True,synthetic_scenario_generator,26006
2021-09-13,IND_GAN,2.61,26.03,18.66,0,1,True,synthetic_scenario_generator,26006
2021-09-14,IND_GAN,2.15,34.61,3.57,0,1,True,synthetic_scenario_generator,26006
2021-09-15,IND_GAN,2.25,21.23,9.69,0,1,True,synthetic_scenario_generator,26006
2021-09-16,IND_GAN,2.11,22.31,3.32,0,1,True,synthetic_scenario_generator,26006
2021-09-17,IND_GAN,2.1,24.02,12.04,0,1,True,synthetic_scenario_generator,26006
2021-09-18,IND_GAN,2.11,18.87,3.86,0,1,True,synthetic_scenario_generator,26006
2021-09-19,IND_GAN,2.95,28.88,15.92,0,1,True,synthetic_scenario_generator,26006
2021-09-20,IND_GAN,1.81,28.34,4.41,0,1,True,synthetic_scenario_generator,26006
2021-09-21,IND_GAN,2.85,25.32,7.92,0,1,True,synthetic_scenario_generator,26006
2021-09-22,IND_GAN,2.34,29.13,2.68,0,1,True,synthetic_scenario_generator,26006
2021-09-23,IND_GAN,2.07,18.45,4.24,0,1,True,synthetic_scenario_generator,26006
2021-09-24,IND_GAN,2.09,27.09,3.76,0,1,True,synthetic_scenario_generator,26006
2021-09-25,IND_GAN,2.13,29.36,19.41,0,1,True,synthetic_scenario_generator,26006
2021-09-26,IND_GAN,2.22,35.11,1.72,0,1,True,synthetic_scenario_generator,26006
2021-09-27,IND_GAN,2.08,24.0,36.3,0,1,True,synthetic_scenario_generator,26006
2021-09-28,IND_GAN,2.7,27.94,6.88,0,1,True,synthetic_scenario_generator,26006
2021-09-29,IND_GAN,2.84,19.99,2.74,0,1,True,synthetic_scenario_generator,26006
2021-09-30,IND_GAN,2.75,21.26,8.14,0,1,True,synthetic_scenario_generator,26006
2021-10-01,IND_GAN,1.99,18.65,6.3,0,0,True,synthetic_scenario_generator,26006
2021-10-02,IND_GAN,1.11,17.36,8.48,0,0,True,synthetic_scenario_generator,26006
2021-10-03,IND_GAN,1.6,27.04,4.37,0,0,True,synthetic_scenario_generator,26006
2021-10-04,IND_GAN,1.29,23.84,0.88,0,0,True,synthetic_scenario_generator,26006
2021-10-05,IND_GAN,0.99,22.96,0.49,0,0,True,synthetic_scenario_generator,26006
2021-10-06,IND_GAN,1.43,14.57,1.11,0,0,True,synthetic_scenario_generator,26006
2021-10-07,IND_GAN,1.21,27.18,7.61,0,0,True,synthetic_scenario_generator,26006
2021-10-08,IND_GAN,2.17,16.33,0.56,0,0,True,synthetic_scenario_generator,26006
2021-10-09,IND_GAN,1.65,11.9,2.56,0,0,True,synthetic_scenario_generator,26006
2021-10-10,IND_GAN,1.84,23.27,5.46,0,0,True,synthetic_scenario_generator,26006
2021-10-11,IND_GAN,2.16,15.44,1.88,0,0,True,synthetic_scenario_generator,26006
2021-10-12,IND_GAN,1.81,13.48,0.73,0,0,True,synthetic_scenario_generator,26006
2021-10-13,IND_GAN,1.6,16.64,4.52,0,0,True,synthetic_scenario_generator,26006
2021-10-14,IND_GAN,1.91,17.95,1.33,0,0,True,synthetic_scenario_generator,26006
2021-10-15,IND_GAN,1.73,19.21,0.29,0,0,True,synthetic_scenario_generator,26006
2021-10-16,IND_GAN,1.08,17.49,6.45,0,0,True,synthetic_scenario_generator,26006
2021-10-17,IND_GAN,1.25,14.46,5.13,0,0,True,synthetic_scenario_generator,26006
2021-10-18,IND_GAN,1.37,19.12,6.06,0,0,True,synthetic_scenario_generator,26006
2021-10-19,IND_GAN,1.15,19.58,4.37,0,0,True,synthetic_scenario_generator,26006
2021-10-20,IND_GAN,0.73,13.83,0.55,0,0,True,synthetic_scenario_generator,26006
2021-10-21,IND_GAN,2.12,21.25,4.98,0,0,True,synthetic_scenario_generator,26006
2021-10-22,IND_GAN,2.19,14.82,1.52,0,0,True,synthetic_scenario_generator,26006
2021-10-23,IND_GAN,2.08,14.86,0.3,0,0,True,synthetic_scenario_generator,26006
2021-10-24,IND_GAN,1.44,28.31,4.54,0,0,True,synthetic_scenario_generator,26006
2021-10-25,IND_GAN,1.78,17.14,0.53,0,0,True,synthetic_scenario_generator,26006
2021-10-26,IND_GAN,1.13,21.65,0.79,0,0,True,synthetic_scenario_generator,26006
2021-10-27,IND_GAN,1.95,23.34,4.9,0,0,True,synthetic_scenario_generator,26006
2021-10-28,IND_GAN,2.09,15.38,3.3,0,0,True,synthetic_scenario_generator,26006
2021-10-29,IND_GAN,1.15,26.9,8.85,0,0,True,synthetic_scenario_generator,26006
2021-10-30,IND_GAN,1.88,31.66,1.22,0,0,True,synthetic_scenario_generator,26006
2021-10-31,IND_GAN,1.6,22.75,5.86,0,0,True,synthetic_scenario_generator,26006
2021-11-01,IND_GAN,1.73,13.92,2.18,0,0,True,synthetic_scenario_generator,26006
2021-11-02,IND_GAN,1.94,26.0,2.98,0,0,True,synthetic_scenario_generator,26006
2021-11-03,IND_GAN,1.16,25.44,4.28,0,0,True,synthetic_scenario_generator,26006
2021-11-04,IND_GAN,0.81,20.51,1.22,0,0,True,synthetic_scenario_generator,26006
2021-11-05,IND_GAN,1.8,13.67,1.66,0,0,True,synthetic_scenario_generator,26006
2021-11-06,IND_GAN,1.7,22.87,2.16,0,0,True,synthetic_scenario_generator,26006
2021-11-07,IND_GAN,1.23,15.35,0.89,0,0,True,synthetic_scenario_generator,26006
2021-11-08,IND_GAN,1.74,16.3,1.65,0,0,True,synthetic_scenario_generator,26006
2021-11-09,IND_GAN,2.22,15.91,2.83,0,0,True,synthetic_scenario_generator,26006
2021-11-10,IND_GAN,1.78,28.75,13.35,0,0,True,synthetic_scenario_generator,26006
2021-11-11,IND_GAN,1.28,11.27,1.48,0,0,True,synthetic_scenario_generator,26006
2021-11-12,IND_GAN,1.27,14.63,6.06,0,0,True,synthetic_scenario_generator,26006
2021-11-13,IND_GAN,1.45,23.05,2.26,0,0,True,synthetic_scenario_generator,26006
2021-11-14,IND_GAN,1.35,18.24,2.46,0,0,True,synthetic_scenario_generator,26006
2021-11-15,IND_GAN,1.15,16.32,2.33,0,0,True,synthetic_scenario_generator,26006
2021-11-16,IND_GAN,1.39,16.97,1.2,0,0,True,synthetic_scenario_generator,26006
2021-11-17,IND_GAN,1.22,20.49,5.79,0,0,True,synthetic_scenario_generator,26006
2021-11-18,IND_GAN,1.52,24.1,0.26,0,0,True,synthetic_scenario_generator,26006
2021-11-19,IND_GAN,1.26,23.16,3.4,0,0,True,synthetic_scenario_generator,26006
2021-11-20,IND_GAN,1.89,25.39,1.13,0,0,True,synthetic_scenario_generator,26006
2021-11-21,IND_GAN,1.8,17.0,1.56,0,0,True,synthetic_scenario_generator,26006
2021-11-22,IND_GAN,1.92,19.62,3.11,0,0,True,synthetic_scenario_generator,26006
2021-11-23,IND_GAN,1.07,10.73,1.42,0,0,True,synthetic_scenario_generator,26006
2021-11-24,IND_GAN,1.29,24.65,1.84,0,0,True,synthetic_scenario_generator,26006
2021-11-25,IND_GAN,1.83,10.53,0.41,0,0,True,synthetic_scenario_generator,26006
2021-11-26,IND_GAN,2.01,20.83,3.54,0,0,True,synthetic_scenario_generator,26006
2021-11-27,IND_GAN,2.01,20.05,9.87,0,0,True,synthetic_scenario_generator,26006
2021-11-28,IND_GAN,0.83,25.45,6.74,0,0,True,synthetic_scenario_generator,26006
2021-11-29,IND_GAN,1.2,9.62,1.82,0,0,True,synthetic_scenario_generator,26006
2021-11-30,IND_GAN,2.05,24.35,3.23,0,0,True,synthetic_scenario_generator,26006
2021-12-01,IND_GAN,2.09,25.04,2.45,0,0,True,synthetic_scenario_generator,26006
2021-12-02,IND_GAN,1.66,12.38,4.2,0,0,True,synthetic_scenario_generator,26006
2021-12-03,IND_GAN,1.83,19.58,0.75,0,0,True,synthetic_scenario_generator,26006
2021-12-04,IND_GAN,0.96,17.87,0.4,0,0,True,synthetic_scenario_generator,26006
2021-12-05,IND_GAN,1.56,23.7,3.91,0,0,True,synthetic_scenario_generator,26006
2021-12-06,IND_GAN,1.42,19.85,4.64,0,0,True,synthetic_scenario_generator,26006
2021-12-07,IND_GAN,2.4,19.27,3.28,0,0,True,synthetic_scenario_generator,26006
2021-12-08,IND_GAN,1.49,34.05,3.84,0,0,True,synthetic_scenario_generator,26006
2021-12-09,IND_GAN,0.99,16.83,0.63,0,0,True,synthetic_scenario_generator,26006
2021-12-10,IND_GAN,1.02,23.26,4.94,0,0,True,synthetic_scenario_generator,26006
2021-12-11,IND_GAN,1.11,28.55,16.21,0,0,True,synthetic_scenario_generator,26006
2021-12-12,IND_GAN,1.73,20.27,0.3,0,0,True,synthetic_scenario_generator,26006
2021-12-13,IND_GAN,1.7,22.52,0.61,0,0,True,synthetic_scenario_generator,26006
2021-12-14,IND_GAN,2.16,19.67,3.77,0,0,True,synthetic_scenario_generator,26006
2021-12-15,IND_GAN,1.8,14.56,2.07,0,0,True,synthetic_scenario_generator,26006
2021-12-16,IND_GAN,1.05,11.81,2.17,0,0,True,synthetic_scenario_generator,26006
2021-12-17,IND_GAN,1.5,20.13,20.86,0,0,True,synthetic_scenario_generator,26006
2021-12-18,IND_GAN,1.24,33.36,1.9,0,0,True,synthetic_scenario_generator,26006
2021-12-19,IND_GAN,1.61,15.06,10.0,0,0,True,synthetic_scenario_generator,26006
2021-12-20,IND_GAN,0.55,25.46,3.61,0,0,True,synthetic_scenario_generator,26006
2021-12-21,IND_GAN,1.33,19.55,1.66,0,0,True,synthetic_scenario_generator,26006
2021-12-22,IND_GAN,1.5,15.46,4.74,0,0,True,synthetic_scenario_generator,26006
2021-12-23,IND_GAN,2.2,18.45,0.41,0,0,True,synthetic_scenario_generator,26006
2021-12-24,IND_GAN,1.61,20.92,6.46,0,0,True,synthetic_scenario_generator,26006
2021-12-25,IND_GAN,1.92,26.56,1.84,0,0,True,synthetic_scenario_generator,26006
2021-12-26,IND_GAN,1.56,21.81,0.34,0,0,True,synthetic_scenario_generator,26006
2021-12-27,IND_GAN,1.66,19.7,8.65,0,0,True,synthetic_scenario_generator,26006
2021-12-28,IND_GAN,1.29,20.6,3.85,0,0,True,synthetic_scenario_generator,26006
2021-12-29,IND_GAN,1.61,30.83,1.77,0,0,True,synthetic_scenario_generator,26006
2021-12-30,IND_GAN,1.13,18.48,2.25,0,0,True,synthetic_scenario_generator,26006
2021-12-31,IND_GAN,1.86,12.36,5.73,0,0,True,synthetic_scenario_generator,26006
2022-01-01,IND_GAN,1.68,11.36,4.23,0,0,True,synthetic_scenario_generator,26006
2022-01-02,IND_GAN,1.5,8.99,5.66,0,0,True,synthetic_scenario_generator,26006
2022-01-03,IND_GAN,0.69,16.54,5.46,0,0,True,synthetic_scenario_generator,26006
2022-01-04,IND_GAN,1.11,16.25,4.44,0,0,True,synthetic_scenario_generator,26006
2022-01-05,IND_GAN,0.92,17.1,1.39,0,0,True,synthetic_scenario_generator,26006
2022-01-06,IND_GAN,1.2,14.32,5.44,0,0,True,synthetic_scenario_generator,26006
2022-01-07,IND_GAN,1.26,14.53,2.92,0,0,True,synthetic_scenario_generator,26006
2022-01-08,IND_GAN,0.29,19.17,6.82,0,0,True,synthetic_scenario_generator,26006
2022-01-09,IND_GAN,1.07,23.32,6.04,0,0,True,synthetic_scenario_generator,26006
2022-01-10,IND_GAN,1.41,3.83,0.19,0,0,True,synthetic_scenario_generator,26006
2022-01-11,IND_GAN,1.13,4.78,1.01,0,0,True,synthetic_scenario_generator,26006
2022-01-12,IND_GAN,2.09,21.92,4.12,0,0,True,synthetic_scenario_generator,26006
2022-01-13,IND_GAN,1.09,13.83,0.8,0,0,True,synthetic_scenario_generator,26006
2022-01-14,IND_GAN,0.83,12.0,3.76,0,0,True,synthetic_scenario_generator,26006
2022-01-15,IND_GAN,0.7,9.26,6.83,0,0,True,synthetic_scenario_generator,26006
2022-01-16,IND_GAN,0.46,16.22,1.18,0,0,True,synthetic_scenario_generator,26006
2022-01-17,IND_GAN,0.69,8.89,0.11,0,0,True,synthetic_scenario_generator,26006
2022-01-18,IND_GAN,1.05,15.79,3.03,0,0,True,synthetic_scenario_generator,26006
2022-01-19,IND_GAN,1.36,16.11,0.58,0,0,True,synthetic_scenario_generator,26006
2022-01-20,IND_GAN,0.96,24.75,0.94,0,0,True,synthetic_scenario_generator,26006
2022-01-21,IND_GAN,0.93,11.66,0.8,0,0,True,synthetic_scenario_generator,26006
2022-01-22,IND_GAN,0.99,10.19,0.1,0,0,True,synthetic_scenario_generator,26006
2022-01-23,IND_GAN,1.08,16.79,1.27,0,0,True,synthetic_scenario_generator,26006
2022-01-24,IND_GAN,1.52,14.83,5.05,0,0,True,synthetic_scenario_generator,26006
2022-01-25,IND_GAN,1.32,10.62,13.7,0,0,True,synthetic_scenario_generator,26006
2022-01-26,IND_GAN,1.31,22.71,0.56,0,0,True,synthetic_scenario_generator,26006
2022-01-27,IND_GAN,1.35,17.39,5.65,0,0,True,synthetic_scenario_generator,26006
2022-01-28,IND_GAN,1.7,8.86,2.28,0,0,True,synthetic_scenario_generator,26006
2022-01-29,IND_GAN,0.6,8.1,0.3,0,0,True,synthetic_scenario_generator,26006
2022-01-30,IND_GAN,1.05,12.78,1.17,0,0,True,synthetic_scenario_generator,26006
2022-01-31,IND_GAN,1.38,10.74,1.55,0,0,True,synthetic_scenario_generator,26006
2022-02-01,IND_GAN,1.13,12.77,3.2,0,0,True,synthetic_scenario_generator,26006
2022-02-02,IND_GAN,0.87,24.77,2.46,0,0,True,synthetic_scenario_generator,26006
2022-02-03,IND_GAN,0.56,14.26,2.25,0,0,True,synthetic_scenario_generator,26006
2022-02-04,IND_GAN,1.26,10.96,8.57,0,0,True,synthetic_scenario_generator,26006
2022-02-05,IND_GAN,0.86,12.35,7.38,0,0,True,synthetic_scenario_generator,26006
2022-02-06,IND_GAN,1.04,14.7,3.56,0,0,True,synthetic_scenario_generator,26006
2022-02-07,IND_GAN,0.9,7.63,3.05,0,0,True,synthetic_scenario_generator,26006
2022-02-08,IND_GAN,1.07,11.44,11.61,0,0,True,synthetic_scenario_generator,26006
2022-02-09,IND_GAN,0.97,9.08,1.9,0,0,True,synthetic_scenario_generator,26006
2022-02-10,IND_GAN,1.61,11.44,3.23,0,0,True,synthetic_scenario_generator,26006
2022-02-11,IND_GAN,1.34,19.19,1.82,0,0,True,synthetic_scenario_generator,26006
2022-02-12,IND_GAN,0.88,14.13,2.56,0,0,True,synthetic_scenario_generator,26006
2022-02-13,IND_GAN,1.18,4.73,4.93,0,0,True,synthetic_scenario_generator,26006
2022-02-14,IND_GAN,0.78,18.13,1.59,0,0,True,synthetic_scenario_generator,26006
2022-02-15,IND_GAN,1.11,9.95,1.92,0,0,True,synthetic_scenario_generator,26006
2022-02-16,IND_GAN,0.91,21.73,10.22,0,0,True,synthetic_scenario_generator,26006
2022-02-17,IND_GAN,1.28,14.55,9.21,0,0,True,synthetic_scenario_generator,26006
2022-02-18,IND_GAN,0.94,5.66,2.29,0,0,True,synthetic_scenario_generator,26006
2022-02-19,IND_GAN,1.15,16.08,6.69,0,0,True,synthetic_scenario_generator,26006
2022-02-20,IND_GAN,0.93,2.0,1.05,0,0,True,synthetic_scenario_generator,26006
2022-02-21,IND_GAN,1.24,19.26,4.0,0,0,True,synthetic_scenario_generator,26006
2022-02-22,IND_GAN,0.93,14.65,3.17,0,0,True,synthetic_scenario_generator,26006
2022-02-23,IND_GAN,1.42,8.57,3.03,0,0,True,synthetic_scenario_generator,26006
2022-02-24,IND_GAN,0.76,15.88,3.95,0,0,True,synthetic_scenario_generator,26006
2022-02-25,IND_GAN,0.88,17.91,3.14,0,0,True,synthetic_scenario_generator,26006
2022-02-26,IND_GAN,1.23,15.84,3.5,0,0,True,synthetic_scenario_generator,26006
2022-02-27,IND_GAN,1.34,13.82,2.45,0,0,True,synthetic_scenario_generator,26006
2022-02-28,IND_GAN,1.66,9.96,6.51,0,0,True,synthetic_scenario_generator,26006
2022-03-01,IND_GAN,1.5,9.0,2.5,0,0,True,synthetic_scenario_generator,26006
2022-03-02,IND_GAN,0.42,15.84,3.33,0,0,True,synthetic_scenario_generator,26006
2022-03-03,IND_GAN,1.33,7.57,2.65,0,0,True,synthetic_scenario_generator,26006
2022-03-04,IND_GAN,0.9,21.55,1.66,0,0,True,synthetic_scenario_generator,26006
2022-03-05,IND_GAN,1.52,22.81,5.28,0,0,True,synthetic_scenario_generator,26006
2022-03-06,IND_GAN,1.4,10.33,3.32,0,0,True,synthetic_scenario_generator,26006
2022-03-07,IND_GAN,1.24,13.31,6.58,0,0,True,synthetic_scenario_generator,26006
2022-03-08,IND_GAN,0.25,13.64,1.6,0,0,True,synthetic_scenario_generator,26006
2022-03-09,IND_GAN,0.23,6.93,3.48,0,0,True,synthetic_scenario_generator,26006
2022-03-10,IND_GAN,0.57,14.29,1.87,0,0,True,synthetic_scenario_generator,26006
2022-03-11,IND_GAN,2.08,17.27,3.77,0,0,True,synthetic_scenario_generator,26006
2022-03-12,IND_GAN,2.21,16.65,10.29,0,0,True,synthetic_scenario_generator,26006
2022-03-13,IND_GAN,0.94,18.89,0.18,0,0,True,synthetic_scenario_generator,26006
2022-03-14,IND_GAN,0.82,12.88,0.31,0,0,True,synthetic_scenario_generator,26006
2022-03-15,IND_GAN,0.71,14.2,5.07,0,0,True,synthetic_scenario_generator,26006
2022-03-16,IND_GAN,1.19,11.74,8.2,0,0,True,synthetic_scenario_generator,26006
2022-03-17,IND_GAN,0.6,5.53,0.0,0,0,True,synthetic_scenario_generator,26006
2022-03-18,IND_GAN,1.17,6.47,1.82,0,0,True,synthetic_scenario_generator,26006
2022-03-19,IND_GAN,0.43,12.98,1.46,0,0,True,synthetic_scenario_generator,26006
2022-03-20,IND_GAN,1.82,5.84,1.39,0,0,True,synthetic_scenario_generator,26006
2022-03-21,IND_GAN,0.84,15.42,4.1,0,0,True,synthetic_scenario_generator,26006
2022-03-22,IND_GAN,1.3,12.12,4.17,0,0,True,synthetic_scenario_generator,26006
2022-03-23,IND_GAN,1.21,14.29,3.45,0,0,True,synthetic_scenario_generator,26006
2022-03-24,IND_GAN,1.04,14.53,10.47,0,0,True,synthetic_scenario_generator,26006
2022-03-25,IND_GAN,1.1,8.45,5.24,0,0,True,synthetic_scenario_generator,26006
2022-03-26,IND_GAN,0.62,5.94,22.19,0,0,True,synthetic_scenario_generator,26006
2022-03-27,IND_GAN,0.66,10.64,0.94,0,0,True,synthetic_scenario_generator,26006
2022-03-28,IND_GAN,1.43,12.14,1.47,0,0,True,synthetic_scenario_generator,26006
2022-03-29,IND_GAN,0.69,13.8,1.64,0,0,True,synthetic_scenario_generator,26006
2022-03-30,IND_GAN,1.07,10.59,1.98,0,0,True,synthetic_scenario_generator,26006
2022-03-31,IND_GAN,1.0,10.1,6.13,0,0,True,synthetic_scenario_generator,26006
2022-04-01,IND_GAN,1.28,14.48,11.5,0,0,True,synthetic_scenario_generator,26006
2022-04-02,IND_GAN,1.51,23.75,22.24,0,0,True,synthetic_scenario_generator,26006
2022-04-03,IND_GAN,1.64,17.49,6.46,0,0,True,synthetic_scenario_generator,26006
2022-04-04,IND_GAN,1.54,17.37,3.48,0,0,True,synthetic_scenario_generator,26006
2022-04-05,IND_GAN,1.16,18.93,2.59,0,0,True,synthetic_scenario_generator,26006
2022-04-06,IND_GAN,1.51,19.03,12.12,0,0,True,synthetic_scenario_generator,26006
2022-04-07,IND_GAN,1.75,27.01,6.42,0,0,True,synthetic_scenario_generator,26006
2022-04-08,IND_GAN,1.82,16.67,5.37,0,0,True,synthetic_scenario_generator,26006
2022-04-09,IND_GAN,1.82,26.28,5.59,0,0,True,synthetic_scenario_generator,26006
2022-04-10,IND_GAN,0.97,21.25,1.28,0,0,True,synthetic_scenario_generator,26006
2022-04-11,IND_GAN,1.28,28.15,1.9,0,0,True,synthetic_scenario_generator,26006
2022-04-12,IND_GAN,1.31,27.35,0.56,0,0,True,synthetic_scenario_generator,26006
2022-04-13,IND_GAN,1.75,24.9,7.05,0,0,True,synthetic_scenario_generator,26006
2022-04-14,IND_GAN,1.72,18.4,4.42,0,0,True,synthetic_scenario_generator,26006
2022-04-15,IND_GAN,1.69,10.64,1.66,0,0,True,synthetic_scenario_generator,26006
2022-04-16,IND_GAN,0.65,18.85,3.32,0,0,True,synthetic_scenario_generator,26006
2022-04-17,IND_GAN,1.21,26.31,1.35,0,0,True,synthetic_scenario_generator,26006
2022-04-18,IND_GAN,1.54,14.99,7.67,0,0,True,synthetic_scenario_generator,26006
2022-04-19,IND_GAN,1.9,23.57,1.38,0,0,True,synthetic_scenario_generator,26006
2022-04-20,IND_GAN,1.65,25.18,0.8,0,0,True,synthetic_scenario_generator,26006
2022-04-21,IND_GAN,2.2,11.53,3.21,0,0,True,synthetic_scenario_generator,26006
2022-04-22,IND_GAN,1.51,16.85,0.31,0,0,True,synthetic_scenario_generator,26006
2022-04-23,IND_GAN,2.35,25.41,0.39,0,0,True,synthetic_scenario_generator,26006
2022-04-24,IND_GAN,1.19,22.42,0.12,0,0,True,synthetic_scenario_generator,26006
2022-04-25,IND_GAN,2.03,22.08,5.76,0,0,True,synthetic_scenario_generator,26006
2022-04-26,IND_GAN,1.08,23.04,2.02,0,0,True,synthetic_scenario_generator,26006
2022-04-27,IND_GAN,1.76,26.39,1.42,0,0,True,synthetic_scenario_generator,26006
2022-04-28,IND_GAN,1.66,23.69,3.48,0,0,True,synthetic_scenario_generator,26006
2022-04-29,IND_GAN,1.67,9.2,2.02,0,0,True,synthetic_scenario_generator,26006
2022-04-30,IND_GAN,1.76,13.78,3.24,0,0,True,synthetic_scenario_generator,26006
2022-05-01,IND_GAN,1.9,14.38,1.82,0,0,True,synthetic_scenario_generator,26006
2022-05-02,IND_GAN,1.41,26.52,0.98,0,0,True,synthetic_scenario_generator,26006
2022-05-03,IND_GAN,1.25,26.74,9.34,0,0,True,synthetic_scenario_generator,26006
2022-05-04,IND_GAN,1.32,17.29,1.57,0,0,True,synthetic_scenario_generator,26006
2022-05-05,IND_GAN,1.3,25.4,2.11,0,0,True,synthetic_scenario_generator,26006
2022-05-06,IND_GAN,1.89,11.14,1.47,0,0,True,synthetic_scenario_generator,26006
2022-05-07,IND_GAN,1.52,16.12,7.75,0,0,True,synthetic_scenario_generator,26006
2022-05-08,IND_GAN,2.14,17.38,9.33,0,0,True,synthetic_scenario_generator,26006
2022-05-09,IND_GAN,1.16,13.65,7.14,0,0,True,synthetic_scenario_generator,26006
2022-05-10,IND_GAN,1.51,10.74,7.64,0,0,True,synthetic_scenario_generator,26006
2022-05-11,IND_GAN,1.61,20.43,0.64,0,0,True,synthetic_scenario_generator,26006
2022-05-12,IND_GAN,1.45,21.95,1.45,0,0,True,synthetic_scenario_generator,26006
2022-05-13,IND_GAN,1.54,24.28,10.46,0,0,True,synthetic_scenario_generator,26006
2022-05-14,IND_GAN,1.86,27.75,2.66,0,0,True,synthetic_scenario_generator,26006
2022-05-15,IND_GAN,1.78,17.66,1.55,0,0,True,synthetic_scenario_generator,26006
2022-05-16,IND_GAN,1.68,20.79,4.72,0,0,True,synthetic_scenario_generator,26006
2022-05-17,IND_GAN,1.67,20.35,7.25,0,0,True,synthetic_scenario_generator,26006
2022-05-18,IND_GAN,1.1,24.27,2.59,0,0,True,synthetic_scenario_generator,26006
2022-05-19,IND_GAN,1.95,26.75,2.55,0,0,True,synthetic_scenario_generator,26006
2022-05-20,IND_GAN,1.29,31.52,7.3,0,0,True,synthetic_scenario_generator,26006
2022-05-21,IND_GAN,0.99,20.24,1.25,0,0,True,synthetic_scenario_generator,26006
2022-05-22,IND_GAN,1.87,13.2,3.77,0,0,True,synthetic_scenario_generator,26006
2022-05-23,IND_GAN,2.27,18.16,6.12,0,0,True,synthetic_scenario_generator,26006
2022-05-24,IND_GAN,1.46,25.03,9.08,0,0,True,synthetic_scenario_generator,26006
2022-05-25,IND_GAN,1.43,20.79,8.85,0,0,True,synthetic_scenario_generator,26006
2022-05-26,IND_GAN,1.85,23.59,4.47,0,0,True,synthetic_scenario_generator,26006
2022-05-27,IND_GAN,1.21,18.7,3.07,0,0,True,synthetic_scenario_generator,26006
2022-05-28,IND_GAN,1.95,21.74,1.22,0,0,True,synthetic_scenario_generator,26006
2022-05-29,IND_GAN,1.31,20.06,7.88,0,0,True,synthetic_scenario_generator,26006
2022-05-30,IND_GAN,1.28,26.5,12.73,0,0,True,synthetic_scenario_generator,26006
2022-05-31,IND_GAN,1.2,23.89,2.73,0,0,True,synthetic_scenario_generator,26006
2022-06-01,IND_GAN,2.41,28.64,8.16,0,1,True,synthetic_scenario_generator,26006
2022-06-02,IND_GAN,2.14,38.81,31.63,0,1,True,synthetic_scenario_generator,26006
2022-06-03,IND_GAN,2.03,32.93,3.38,0,1,True,synthetic_scenario_generator,26006
2022-06-04,IND_GAN,2.26,24.48,19.9,0,1,True,synthetic_scenario_generator,26006
2022-06-05,IND_GAN,2.01,35.18,18.76,0,1,True,synthetic_scenario_generator,26006
2022-06-06,IND_GAN,2.93,43.01,1.74,0,1,True,synthetic_scenario_generator,26006
2022-06-07,IND_GAN,2.97,32.73,27.82,0,1,True,synthetic_scenario_generator,26006
2022-06-08,IND_GAN,3.0,34.44,12.27,0,1,True,synthetic_scenario_generator,26006
2022-06-09,IND_GAN,2.7,41.09,9.0,0,1,True,synthetic_scenario_generator,26006
2022-06-10,IND_GAN,3.29,36.51,4.46,0,1,True,synthetic_scenario_generator,26006
2022-06-11,IND_GAN,2.14,34.69,50.14,0,1,True,synthetic_scenario_generator,26006
2022-06-12,IND_GAN,2.52,34.65,2.77,0,1,True,synthetic_scenario_generator,26006
2022-06-13,IND_GAN,2.16,36.09,2.06,0,1,True,synthetic_scenario_generator,26006
2022-06-14,IND_GAN,2.3,35.52,5.81,0,1,True,synthetic_scenario_generator,26006
2022-06-15,IND_GAN,2.94,39.94,12.07,0,1,True,synthetic_scenario_generator,26006
2022-06-16,IND_GAN,2.33,29.95,13.49,0,1,True,synthetic_scenario_generator,26006
2022-06-17,IND_GAN,2.82,28.41,25.04,0,1,True,synthetic_scenario_generator,26006
2022-06-18,IND_GAN,2.6,32.88,13.29,0,1,True,synthetic_scenario_generator,26006
2022-06-19,IND_GAN,2.58,39.93,19.45,0,1,True,synthetic_scenario_generator,26006
2022-06-20,IND_GAN,2.38,36.39,19.88,0,1,True,synthetic_scenario_generator,26006
2022-06-21,IND_GAN,3.31,37.48,5.27,0,1,True,synthetic_scenario_generator,26006
2022-06-22,IND_GAN,2.81,30.87,0.72,0,1,True,synthetic_scenario_generator,26006
2022-06-23,IND_GAN,2.22,31.76,18.64,0,1,True,synthetic_scenario_generator,26006
2022-06-24,IND_GAN,2.53,34.77,10.42,0,1,True,synthetic_scenario_generator,26006
2022-06-25,IND_GAN,3.04,37.74,25.08,0,1,True,synthetic_scenario_generator,26006
2022-06-26,IND_GAN,2.38,25.99,16.28,0,1,True,synthetic_scenario_generator,26006
2022-06-27,IND_GAN,3.17,35.08,2.04,0,1,True,synthetic_scenario_generator,26006
2022-06-28,IND_GAN,2.21,31.42,17.32,0,1,True,synthetic_scenario_generator,26006
2022-06-29,IND_GAN,2.95,34.32,10.04,0,1,True,synthetic_scenario_generator,26006
2022-06-30,IND_GAN,2.25,31.78,43.41,0,1,True,synthetic_scenario_generator,26006
2022-07-01,IND_GAN,2.41,35.37,9.98,0,1,True,synthetic_scenario_generator,26006
2022-07-02,IND_GAN,2.4,27.11,6.5,0,1,True,synthetic_scenario_generator,26006
2022-07-03,IND_GAN,2.3,34.63,4.53,0,1,True,synthetic_scenario_generator,26006
2022-07-04,IND_GAN,1.72,28.25,2.67,0,1,True,synthetic_scenario_generator,26006
2022-07-05,IND_GAN,2.3,28.37,0.41,0,1,True,synthetic_scenario_generator,26006
2022-07-06,IND_GAN,1.83,17.92,32.0,0,1,True,synthetic_scenario_generator,26006
2022-07-07,IND_GAN,2.35,42.01,27.95,0,1,True,synthetic_scenario_generator,26006
2022-07-08,IND_GAN,1.37,23.13,7.46,0,1,True,synthetic_scenario_generator,26006
2022-07-09,IND_GAN,1.76,35.09,0.8,0,1,True,synthetic_scenario_generator,26006
2022-07-10,IND_GAN,2.66,28.6,22.36,0,1,True,synthetic_scenario_generator,26006
2022-07-11,IND_GAN,1.85,29.57,6.98,0,1,True,synthetic_scenario_generator,26006
2022-07-12,IND_GAN,2.55,30.0,3.56,0,1,True,synthetic_scenario_generator,26006
2022-07-13,IND_GAN,2.89,22.67,7.98,0,1,True,synthetic_scenario_generator,26006
2022-07-14,IND_GAN,1.66,21.72,29.89,0,1,True,synthetic_scenario_generator,26006
2022-07-15,IND_GAN,1.89,27.34,18.84,0,1,True,synthetic_scenario_generator,26006
2022-07-16,IND_GAN,2.78,30.09,30.03,0,1,True,synthetic_scenario_generator,26006
2022-07-17,IND_GAN,2.18,26.82,12.43,0,1,True,synthetic_scenario_generator,26006
2022-07-18,IND_GAN,2.28,18.86,28.36,0,1,True,synthetic_scenario_generator,26006
2022-07-19,IND_GAN,2.47,32.39,8.21,0,1,True,synthetic_scenario_generator,26006
2022-07-20,IND_GAN,2.27,25.37,1.43,0,1,True,synthetic_scenario_generator,26006
2022-07-21,IND_GAN,2.4,35.77,8.99,0,1,True,synthetic_scenario_generator,26006
2022-07-22,IND_GAN,2.14,30.94,43.15,0,1,True,synthetic_scenario_generator,26006
2022-07-23,IND_GAN,2.08,24.5,21.46,0,1,True,synthetic_scenario_generator,26006
2022-07-24,IND_GAN,2.2,32.68,47.99,0,1,True,synthetic_scenario_generator,26006
2022-07-25,IND_GAN,1.88,29.34,7.49,0,1,True,synthetic_scenario_generator,26006
2022-07-26,IND_GAN,1.92,26.08,24.27,0,1,True,synthetic_scenario_generator,26006
2022-07-27,IND_GAN,2.31,23.34,13.11,0,1,True,synthetic_scenario_generator,26006
2022-07-28,IND_GAN,1.88,23.91,20.52,0,1,True,synthetic_scenario_generator,26006
2022-07-29,IND_GAN,2.75,27.12,32.12,0,1,True,synthetic_scenario_generator,26006
2022-07-30,IND_GAN,2.09,23.6,13.11,0,1,True,synthetic_scenario_generator,26006
2022-07-31,IND_GAN,0.98,22.96,5.2,0,1,True,synthetic_scenario_generator,26006
2022-08-01,IND_GAN,3.02,26.29,16.73,0,1,True,synthetic_scenario_generator,26006
2022-08-02,IND_GAN,2.4,18.57,13.47,0,1,True,synthetic_scenario_generator,26006
2022-08-03,IND_GAN,2.15,33.76,11.57,0,1,True,synthetic_scenario_generator,26006
2022-08-04,IND_GAN,1.98,25.35,3.33,0,1,True,synthetic_scenario_generator,26006
2022-08-05,IND_GAN,2.23,35.07,1.92,0,1,True,synthetic_scenario_generator,26006
2022-08-06,IND_GAN,1.98,25.05,14.31,0,1,True,synthetic_scenario_generator,26006
2022-08-07,IND_GAN,2.23,27.04,19.26,0,1,True,synthetic_scenario_generator,26006
2022-08-08,IND_GAN,1.92,28.18,1.3,0,1,True,synthetic_scenario_generator,26006
2022-08-09,IND_GAN,1.91,21.91,12.26,0,1,True,synthetic_scenario_generator,26006
2022-08-10,IND_GAN,2.29,30.67,21.66,0,1,True,synthetic_scenario_generator,26006
2022-08-11,IND_GAN,2.06,26.49,25.47,0,1,True,synthetic_scenario_generator,26006
2022-08-12,IND_GAN,2.28,21.79,1.1,0,1,True,synthetic_scenario_generator,26006
2022-08-13,IND_GAN,2.55,27.17,18.34,0,1,True,synthetic_scenario_generator,26006
2022-08-14,IND_GAN,2.11,22.96,22.94,0,1,True,synthetic_scenario_generator,26006
2022-08-15,IND_GAN,2.42,22.04,29.88,0,1,True,synthetic_scenario_generator,26006
2022-08-16,IND_GAN,1.95,17.77,7.51,0,1,True,synthetic_scenario_generator,26006
2022-08-17,IND_GAN,1.95,21.42,1.85,0,1,True,synthetic_scenario_generator,26006
2022-08-18,IND_GAN,1.93,36.92,3.32,0,1,True,synthetic_scenario_generator,26006
2022-08-19,IND_GAN,2.12,35.05,4.84,0,1,True,synthetic_scenario_generator,26006
2022-08-20,IND_GAN,2.05,25.88,2.11,0,1,True,synthetic_scenario_generator,26006
2022-08-21,IND_GAN,2.18,30.28,5.63,0,1,True,synthetic_scenario_generator,26006
2022-08-22,IND_GAN,2.11,35.16,9.67,0,1,True,synthetic_scenario_generator,26006
2022-08-23,IND_GAN,2.85,29.65,8.77,0,1,True,synthetic_scenario_generator,26006
2022-08-24,IND_GAN,2.49,28.77,32.9,0,1,True,synthetic_scenario_generator,26006
2022-08-25,IND_GAN,2.4,30.61,9.78,0,1,True,synthetic_scenario_generator,26006
2022-08-26,IND_GAN,3.35,25.98,2.22,0,1,True,synthetic_scenario_generator,26006
2022-08-27,IND_GAN,2.55,29.64,9.54,0,1,True,synthetic_scenario_generator,26006
2022-08-28,IND_GAN,2.35,22.1,6.13,0,1,True,synthetic_scenario_generator,26006
2022-08-29,IND_GAN,2.53,34.29,11.99,0,1,True,synthetic_scenario_generator,26006
2022-08-30,IND_GAN,2.09,25.59,14.57,0,1,True,synthetic_scenario_generator,26006
2022-08-31,IND_GAN,2.19,29.45,3.08,0,1,True,synthetic_scenario_generator,26006
2022-09-01,IND_GAN,2.37,28.56,10.81,0,1,True,synthetic_scenario_generator,26006
2022-09-02,IND_GAN,2.82,28.1,30.65,0,1,True,synthetic_scenario_generator,26006
2022-09-03,IND_GAN,1.82,32.2,5.28,0,1,True,synthetic_scenario_generator,26006
2022-09-04,IND_GAN,3.06,21.71,10.31,0,1,True,synthetic_scenario_generator,26006
2022-09-05,IND_GAN,2.64,28.76,9.72,0,1,True,synthetic_scenario_generator,26006
2022-09-06,IND_GAN,2.46,17.12,54.93,0,1,True,synthetic_scenario_generator,26006
2022-09-07,IND_GAN,3.06,26.63,9.84,0,1,True,synthetic_scenario_generator,26006
2022-09-08,IND_GAN,3.07,27.02,6.24,0,1,True,synthetic_scenario_generator,26006
2022-09-09,IND_GAN,2.02,29.82,3.35,0,1,True,synthetic_scenario_generator,26006
2022-09-10,IND_GAN,2.06,19.39,9.48,0,1,True,synthetic_scenario_generator,26006
2022-09-11,IND_GAN,2.01,22.38,16.71,0,1,True,synthetic_scenario_generator,26006
2022-09-12,IND_GAN,2.06,25.31,32.28,0,1,True,synthetic_scenario_generator,26006
2022-09-13,IND_GAN,3.09,22.78,5.17,0,1,True,synthetic_scenario_generator,26006
2022-09-14,IND_GAN,1.98,28.25,21.32,0,1,True,synthetic_scenario_generator,26006
2022-09-15,IND_GAN,1.91,29.0,3.29,0,1,True,synthetic_scenario_generator,26006
2022-09-16,IND_GAN,1.92,25.15,1.56,0,1,True,synthetic_scenario_generator,26006
2022-09-17,IND_GAN,2.56,23.24,24.93,0,1,True,synthetic_scenario_generator,26006
2022-09-18,IND_GAN,2.16,27.52,25.94,0,1,True,synthetic_scenario_generator,26006
2022-09-19,IND_GAN,1.89,28.07,58.83,0,1,True,synthetic_scenario_generator,26006
2022-09-20,IND_GAN,3.08,20.43,0.8,0,1,True,synthetic_scenario_generator,26006
2022-09-21,IND_GAN,1.28,32.65,2.48,0,1,True,synthetic_scenario_generator,26006
2022-09-22,IND_GAN,2.17,25.61,13.75,0,1,True,synthetic_scenario_generator,26006
2022-09-23,IND_GAN,1.71,34.34,14.37,0,1,True,synthetic_scenario_generator,26006
2022-09-24,IND_GAN,2.03,29.36,2.31,0,1,True,synthetic_scenario_generator,26006
2022-09-25,IND_GAN,1.87,24.32,17.73,0,1,True,synthetic_scenario_generator,26006
2022-09-26,IND_GAN,2.45,24.88,4.64,0,1,True,synthetic_scenario_generator,26006
2022-09-27,IND_GAN,2.59,24.13,6.34,0,1,True,synthetic_scenario_generator,26006
2022-09-28,IND_GAN,2.3,27.01,31.99,0,1,True,synthetic_scenario_generator,26006
2022-09-29,IND_GAN,2.17,27.8,6.58,0,1,True,synthetic_scenario_generator,26006
2022-09-30,IND_GAN,2.29,22.9,9.17,0,1,True,synthetic_scenario_generator,26006
2022-10-01,IND_GAN,1.3,18.49,10.59,0,0,True,synthetic_scenario_generator,26006
2022-10-02,IND_GAN,1.65,17.2,7.91,0,0,True,synthetic_scenario_generator,26006
2022-10-03,IND_GAN,1.45,20.41,0.81,0,0,True,synthetic_scenario_generator,26006
2022-10-04,IND_GAN,2.11,17.35,2.06,0,0,True,synthetic_scenario_generator,26006
2022-10-05,IND_GAN,1.27,17.28,1.38,0,0,True,synthetic_scenario_generator,26006
2022-10-06,IND_GAN,1.39,16.42,0.7,0,0,True,synthetic_scenario_generator,26006
2022-10-07,IND_GAN,1.23,17.02,3.61,0,0,True,synthetic_scenario_generator,26006
2022-10-08,IND_GAN,2.22,21.8,5.67,0,0,True,synthetic_scenario_generator,26006
2022-10-09,IND_GAN,2.32,21.83,2.23,0,0,True,synthetic_scenario_generator,26006
2022-10-10,IND_GAN,2.05,23.73,4.11,0,0,True,synthetic_scenario_generator,26006
2022-10-11,IND_GAN,1.6,20.65,5.01,0,0,True,synthetic_scenario_generator,26006
2022-10-12,IND_GAN,1.17,16.92,14.35,0,0,True,synthetic_scenario_generator,26006
2022-10-13,IND_GAN,1.24,19.76,1.62,0,0,True,synthetic_scenario_generator,26006
2022-10-14,IND_GAN,1.62,23.12,5.0,0,0,True,synthetic_scenario_generator,26006
2022-10-15,IND_GAN,1.9,20.54,3.41,0,0,True,synthetic_scenario_generator,26006
2022-10-16,IND_GAN,2.12,24.06,0.51,0,0,True,synthetic_scenario_generator,26006
2022-10-17,IND_GAN,1.74,18.48,2.19,0,0,True,synthetic_scenario_generator,26006
2022-10-18,IND_GAN,1.69,26.3,4.79,0,0,True,synthetic_scenario_generator,26006
2022-10-19,IND_GAN,1.5,21.42,2.07,0,0,True,synthetic_scenario_generator,26006
2022-10-20,IND_GAN,1.23,20.91,1.22,0,0,True,synthetic_scenario_generator,26006
2022-10-21,IND_GAN,1.07,9.03,24.07,0,0,True,synthetic_scenario_generator,26006
2022-10-22,IND_GAN,1.85,16.34,6.4,0,0,True,synthetic_scenario_generator,26006
2022-10-23,IND_GAN,1.19,16.87,7.25,0,0,True,synthetic_scenario_generator,26006
2022-10-24,IND_GAN,1.2,20.73,0.29,0,0,True,synthetic_scenario_generator,26006
2022-10-25,IND_GAN,1.26,26.23,9.64,0,0,True,synthetic_scenario_generator,26006
2022-10-26,IND_GAN,1.02,21.79,1.98,0,0,True,synthetic_scenario_generator,26006
2022-10-27,IND_GAN,1.2,30.87,0.37,0,0,True,synthetic_scenario_generator,26006
2022-10-28,IND_GAN,1.23,14.79,3.01,0,0,True,synthetic_scenario_generator,26006
2022-10-29,IND_GAN,1.62,12.78,3.82,0,0,True,synthetic_scenario_generator,26006
2022-10-30,IND_GAN,1.78,11.93,4.83,0,0,True,synthetic_scenario_generator,26006
2022-10-31,IND_GAN,2.02,20.45,1.72,0,0,True,synthetic_scenario_generator,26006
2022-11-01,IND_GAN,0.97,11.25,7.95,0,0,True,synthetic_scenario_generator,26006
2022-11-02,IND_GAN,1.49,22.96,3.85,0,0,True,synthetic_scenario_generator,26006
2022-11-03,IND_GAN,2.2,16.21,6.98,0,0,True,synthetic_scenario_generator,26006
2022-11-04,IND_GAN,0.64,25.26,3.93,0,0,True,synthetic_scenario_generator,26006
2022-11-05,IND_GAN,1.74,10.6,5.88,0,0,True,synthetic_scenario_generator,26006
2022-11-06,IND_GAN,1.6,15.18,5.12,0,0,True,synthetic_scenario_generator,26006
2022-11-07,IND_GAN,1.62,24.45,3.67,0,0,True,synthetic_scenario_generator,26006
2022-11-08,IND_GAN,2.4,17.44,0.8,0,0,True,synthetic_scenario_generator,26006
2022-11-09,IND_GAN,1.31,10.54,6.93,0,0,True,synthetic_scenario_generator,26006
2022-11-10,IND_GAN,0.69,16.78,10.45,0,0,True,synthetic_scenario_generator,26006
2022-11-11,IND_GAN,1.17,19.52,2.13,0,0,True,synthetic_scenario_generator,26006
2022-11-12,IND_GAN,1.38,17.88,12.02,0,0,True,synthetic_scenario_generator,26006
2022-11-13,IND_GAN,1.87,21.03,4.24,0,0,True,synthetic_scenario_generator,26006
2022-11-14,IND_GAN,1.82,27.71,5.04,0,0,True,synthetic_scenario_generator,26006
2022-11-15,IND_GAN,1.93,15.34,2.36,0,0,True,synthetic_scenario_generator,26006
2022-11-16,IND_GAN,1.17,20.35,3.63,0,0,True,synthetic_scenario_generator,26006
2022-11-17,IND_GAN,0.94,21.6,1.31,0,0,True,synthetic_scenario_generator,26006
2022-11-18,IND_GAN,1.51,24.02,12.57,0,0,True,synthetic_scenario_generator,26006
2022-11-19,IND_GAN,1.94,11.12,0.75,0,0,True,synthetic_scenario_generator,26006
2022-11-20,IND_GAN,1.78,16.19,4.62,0,0,True,synthetic_scenario_generator,26006
2022-11-21,IND_GAN,2.47,23.88,7.41,0,0,True,synthetic_scenario_generator,26006
2022-11-22,IND_GAN,1.18,33.59,2.44,0,0,True,synthetic_scenario_generator,26006
2022-11-23,IND_GAN,1.57,21.27,0.67,0,0,True,synthetic_scenario_generator,26006
2022-11-24,IND_GAN,0.61,16.32,5.63,0,0,True,synthetic_scenario_generator,26006
2022-11-25,IND_GAN,1.53,23.42,2.69,0,0,True,synthetic_scenario_generator,26006
2022-11-26,IND_GAN,1.54,19.55,1.0,0,0,True,synthetic_scenario_generator,26006
2022-11-27,IND_GAN,1.45,16.81,2.99,0,0,True,synthetic_scenario_generator,26006
2022-11-28,IND_GAN,1.45,17.12,3.89,0,0,True,synthetic_scenario_generator,26006
2022-11-29,IND_GAN,0.7,18.84,0.7,0,0,True,synthetic_scenario_generator,26006
2022-11-30,IND_GAN,1.77,20.48,1.26,0,0,True,synthetic_scenario_generator,26006
2022-12-01,IND_GAN,1.57,25.34,1.03,0,0,True,synthetic_scenario_generator,26006
2022-12-02,IND_GAN,2.2,12.48,1.27,0,0,True,synthetic_scenario_generator,26006
2022-12-03,IND_GAN,1.45,19.83,1.8,0,0,True,synthetic_scenario_generator,26006
2022-12-04,IND_GAN,0.69,27.51,3.24,0,0,True,synthetic_scenario_generator,26006
2022-12-05,IND_GAN,1.56,16.5,0.37,0,0,True,synthetic_scenario_generator,26006
2022-12-06,IND_GAN,1.56,16.86,5.3,0,0,True,synthetic_scenario_generator,26006
2022-12-07,IND_GAN,1.16,18.48,4.03,0,0,True,synthetic_scenario_generator,26006
2022-12-08,IND_GAN,1.57,15.57,10.76,0,0,True,synthetic_scenario_generator,26006
2022-12-09,IND_GAN,2.75,11.71,13.86,0,0,True,synthetic_scenario_generator,26006
2022-12-10,IND_GAN,1.38,23.86,1.81,0,0,True,synthetic_scenario_generator,26006
2022-12-11,IND_GAN,1.67,17.85,2.06,0,0,True,synthetic_scenario_generator,26006
2022-12-12,IND_GAN,1.94,13.42,0.82,0,0,True,synthetic_scenario_generator,26006
2022-12-13,IND_GAN,1.52,23.16,9.88,0,0,True,synthetic_scenario_generator,26006
2022-12-14,IND_GAN,2.1,22.29,2.58,0,0,True,synthetic_scenario_generator,26006
2022-12-15,IND_GAN,2.27,19.43,1.67,0,0,True,synthetic_scenario_generator,26006
2022-12-16,IND_GAN,1.76,16.93,2.01,0,0,True,synthetic_scenario_generator,26006
2022-12-17,IND_GAN,0.95,27.08,0.56,0,0,True,synthetic_scenario_generator,26006
2022-12-18,IND_GAN,0.81,17.77,8.31,0,0,True,synthetic_scenario_generator,26006
2022-12-19,IND_GAN,1.52,16.84,0.35,0,0,True,synthetic_scenario_generator,26006
2022-12-20,IND_GAN,1.79,21.07,1.51,0,0,True,synthetic_scenario_generator,26006
2022-12-21,IND_GAN,1.17,16.42,4.91,0,0,True,synthetic_scenario_generator,26006
2022-12-22,IND_GAN,2.28,10.52,6.69,0,0,True,synthetic_scenario_generator,26006
2022-12-23,IND_GAN,2.09,21.29,0.82,0,0,True,synthetic_scenario_generator,26006
2022-12-24,IND_GAN,1.0,25.28,7.91,0,0,True,synthetic_scenario_generator,26006
2022-12-25,IND_GAN,0.67,18.02,1.47,0,0,True,synthetic_scenario_generator,26006
2022-12-26,IND_GAN,0.91,23.75,0.69,0,0,True,synthetic_scenario_generator,26006
2022-12-27,IND_GAN,1.43,21.22,9.48,0,0,True,synthetic_scenario_generator,26006
2022-12-28,IND_GAN,1.66,17.14,2.37,0,0,True,synthetic_scenario_generator,26006
2022-12-29,IND_GAN,1.76,5.34,9.66,0,0,True,synthetic_scenario_generator,26006
2022-12-30,IND_GAN,1.83,13.96,4.18,0,0,True,synthetic_scenario_generator,26006
2022-12-31,IND_GAN,1.57,16.36,3.02,0,0,True,synthetic_scenario_generator,26006
2023-01-01,IND_GAN,0.56,19.1,5.54,0,0,True,synthetic_scenario_generator,26006
2023-01-02,IND_GAN,1.46,22.2,4.43,0,0,True,synthetic_scenario_generator,26006
2023-01-03,IND_GAN,0.5,2.0,2.25,0,0,True,synthetic_scenario_generator,26006
2023-01-04,IND_GAN,1.41,12.53,1.86,0,0,True,synthetic_scenario_generator,26006
2023-01-05,IND_GAN,0.57,7.36,5.47,0,0,True,synthetic_scenario_generator,26006
2023-01-06,IND_GAN,0.83,13.86,1.41,0,0,True,synthetic_scenario_generator,26006
2023-01-07,IND_GAN,1.34,8.41,17.04,0,0,True,synthetic_scenario_generator,26006
2023-01-08,IND_GAN,0.95,14.67,8.2,0,0,True,synthetic_scenario_generator,26006
2023-01-09,IND_GAN,1.34,17.32,2.81,0,0,True,synthetic_scenario_generator,26006
2023-01-10,IND_GAN,1.66,8.1,3.46,0,0,True,synthetic_scenario_generator,26006
2023-01-11,IND_GAN,0.42,16.14,1.5,0,0,True,synthetic_scenario_generator,26006
2023-01-12,IND_GAN,1.39,5.12,1.5,0,0,True,synthetic_scenario_generator,26006
2023-01-13,IND_GAN,1.3,15.81,15.73,0,0,True,synthetic_scenario_generator,26006
2023-01-14,IND_GAN,1.19,18.16,3.62,0,0,True,synthetic_scenario_generator,26006
2023-01-15,IND_GAN,0.49,16.57,1.47,0,0,True,synthetic_scenario_generator,26006
2023-01-16,IND_GAN,1.31,10.83,4.0,0,0,True,synthetic_scenario_generator,26006
2023-01-17,IND_GAN,1.69,21.33,3.49,0,0,True,synthetic_scenario_generator,26006
2023-01-18,IND_GAN,1.41,10.82,1.99,0,0,True,synthetic_scenario_generator,26006
2023-01-19,IND_GAN,1.55,13.56,5.7,0,0,True,synthetic_scenario_generator,26006
2023-01-20,IND_GAN,0.63,9.45,2.44,0,0,True,synthetic_scenario_generator,26006
2023-01-21,IND_GAN,1.43,15.37,2.32,0,0,True,synthetic_scenario_generator,26006
2023-01-22,IND_GAN,1.3,9.52,2.19,0,0,True,synthetic_scenario_generator,26006
2023-01-23,IND_GAN,0.85,8.7,7.38,0,0,True,synthetic_scenario_generator,26006
2023-01-24,IND_GAN,0.63,20.27,0.26,0,0,True,synthetic_scenario_generator,26006
2023-01-25,IND_GAN,0.2,13.77,3.2,0,0,True,synthetic_scenario_generator,26006
2023-01-26,IND_GAN,1.4,12.99,1.74,0,0,True,synthetic_scenario_generator,26006
2023-01-27,IND_GAN,1.57,15.98,7.22,0,0,True,synthetic_scenario_generator,26006
2023-01-28,IND_GAN,0.95,10.44,2.79,0,0,True,synthetic_scenario_generator,26006
2023-01-29,IND_GAN,1.67,14.31,23.22,0,0,True,synthetic_scenario_generator,26006
2023-01-30,IND_GAN,0.56,9.33,1.89,0,0,True,synthetic_scenario_generator,26006
2023-01-31,IND_GAN,1.01,18.5,0.75,0,0,True,synthetic_scenario_generator,26006
2023-02-01,IND_GAN,1.42,14.31,3.51,0,0,True,synthetic_scenario_generator,26006
2023-02-02,IND_GAN,1.74,20.57,4.39,0,0,True,synthetic_scenario_generator,26006
2023-02-03,IND_GAN,1.26,21.7,3.52,0,0,True,synthetic_scenario_generator,26006
2023-02-04,IND_GAN,1.29,2.0,9.87,0,0,True,synthetic_scenario_generator,26006
2023-02-05,IND_GAN,0.5,11.49,1.47,0,0,True,synthetic_scenario_generator,26006
2023-02-06,IND_GAN,1.43,13.12,1.78,0,0,True,synthetic_scenario_generator,26006
2023-02-07,IND_GAN,0.88,18.0,3.13,0,0,True,synthetic_scenario_generator,26006
2023-02-08,IND_GAN,1.34,18.77,0.73,0,0,True,synthetic_scenario_generator,26006
2023-02-09,IND_GAN,1.05,10.95,4.78,0,0,True,synthetic_scenario_generator,26006
2023-02-10,IND_GAN,0.9,13.54,0.73,0,0,True,synthetic_scenario_generator,26006
2023-02-11,IND_GAN,1.06,18.64,2.4,0,0,True,synthetic_scenario_generator,26006
2023-02-12,IND_GAN,2.0,12.0,1.18,0,0,True,synthetic_scenario_generator,26006
2023-02-13,IND_GAN,1.49,13.54,4.19,0,0,True,synthetic_scenario_generator,26006
2023-02-14,IND_GAN,1.27,16.91,0.98,0,0,True,synthetic_scenario_generator,26006
2023-02-15,IND_GAN,1.06,16.83,5.45,0,0,True,synthetic_scenario_generator,26006
2023-02-16,IND_GAN,1.37,15.42,1.03,0,0,True,synthetic_scenario_generator,26006
2023-02-17,IND_GAN,1.56,7.93,7.52,0,0,True,synthetic_scenario_generator,26006
2023-02-18,IND_GAN,0.98,13.73,7.37,0,0,True,synthetic_scenario_generator,26006
2023-02-19,IND_GAN,1.34,11.48,4.85,0,0,True,synthetic_scenario_generator,26006
2023-02-20,IND_GAN,0.95,16.9,0.07,0,0,True,synthetic_scenario_generator,26006
2023-02-21,IND_GAN,1.49,15.96,0.09,0,0,True,synthetic_scenario_generator,26006
2023-02-22,IND_GAN,1.1,17.05,2.58,0,0,True,synthetic_scenario_generator,26006
2023-02-23,IND_GAN,0.47,20.98,5.66,0,0,True,synthetic_scenario_generator,26006
2023-02-24,IND_GAN,0.73,12.94,2.34,0,0,True,synthetic_scenario_generator,26006
2023-02-25,IND_GAN,1.37,9.24,0.84,0,0,True,synthetic_scenario_generator,26006
2023-02-26,IND_GAN,1.75,12.51,5.46,0,0,True,synthetic_scenario_generator,26006
2023-02-27,IND_GAN,0.8,15.28,12.29,0,0,True,synthetic_scenario_generator,26006
2023-02-28,IND_GAN,0.83,20.83,0.43,0,0,True,synthetic_scenario_generator,26006
2023-03-01,IND_GAN,1.48,17.65,1.15,0,0,True,synthetic_scenario_generator,26006
2023-03-02,IND_GAN,0.75,16.9,1.57,0,0,True,synthetic_scenario_generator,26006
2023-03-03,IND_GAN,0.67,19.06,1.56,0,0,True,synthetic_scenario_generator,26006
2023-03-04,IND_GAN,1.33,10.93,0.06,0,0,True,synthetic_scenario_generator,26006
2023-03-05,IND_GAN,1.08,13.58,10.15,0,0,True,synthetic_scenario_generator,26006
2023-03-06,IND_GAN,1.02,20.92,0.53,0,0,True,synthetic_scenario_generator,26006
2023-03-07,IND_GAN,0.92,6.67,9.15,0,0,True,synthetic_scenario_generator,26006
2023-03-08,IND_GAN,0.84,13.3,1.03,0,0,True,synthetic_scenario_generator,26006
2023-03-09,IND_GAN,0.69,13.98,0.47,0,0,True,synthetic_scenario_generator,26006
2023-03-10,IND_GAN,1.83,18.84,5.64,0,0,True,synthetic_scenario_generator,26006
2023-03-11,IND_GAN,1.4,15.74,6.31,0,0,True,synthetic_scenario_generator,26006
2023-03-12,IND_GAN,0.65,18.42,0.46,0,0,True,synthetic_scenario_generator,26006
2023-03-13,IND_GAN,1.57,14.85,7.13,0,0,True,synthetic_scenario_generator,26006
2023-03-14,IND_GAN,0.37,13.03,3.16,0,0,True,synthetic_scenario_generator,26006
2023-03-15,IND_GAN,1.55,15.6,0.3,0,0,True,synthetic_scenario_generator,26006
2023-03-16,IND_GAN,1.18,17.66,1.12,0,0,True,synthetic_scenario_generator,26006
2023-03-17,IND_GAN,0.94,15.48,0.01,0,0,True,synthetic_scenario_generator,26006
2023-03-18,IND_GAN,0.91,12.31,4.37,0,0,True,synthetic_scenario_generator,26006
2023-03-19,IND_GAN,1.59,16.88,5.85,0,0,True,synthetic_scenario_generator,26006
2023-03-20,IND_GAN,0.36,19.83,6.58,0,0,True,synthetic_scenario_generator,26006
2023-03-21,IND_GAN,1.27,9.43,6.44,0,0,True,synthetic_scenario_generator,26006
2023-03-22,IND_GAN,0.82,14.66,4.62,0,0,True,synthetic_scenario_generator,26006
2023-03-23,IND_GAN,1.62,12.09,1.97,0,0,True,synthetic_scenario_generator,26006
2023-03-24,IND_GAN,1.53,14.53,1.5,0,0,True,synthetic_scenario_generator,26006
2023-03-25,IND_GAN,1.42,9.51,9.25,0,0,True,synthetic_scenario_generator,26006
2023-03-26,IND_GAN,0.73,13.96,7.69,0,0,True,synthetic_scenario_generator,26006
2023-03-27,IND_GAN,0.46,5.92,5.3,0,0,True,synthetic_scenario_generator,26006
2023-03-28,IND_GAN,0.59,16.49,0.83,0,0,True,synthetic_scenario_generator,26006
2023-03-29,IND_GAN,1.04,5.03,3.3,0,0,True,synthetic_scenario_generator,26006
2023-03-30,IND_GAN,1.78,9.0,0.39,0,0,True,synthetic_scenario_generator,26006
2023-03-31,IND_GAN,1.65,17.48,0.38,0,0,True,synthetic_scenario_generator,26006
2023-04-01,IND_GAN,1.78,16.23,6.67,0,0,True,synthetic_scenario_generator,26006
2023-04-02,IND_GAN,1.43,20.19,8.0,0,0,True,synthetic_scenario_generator,26006
2023-04-03,IND_GAN,1.03,17.39,1.98,0,0,True,synthetic_scenario_generator,26006
2023-04-04,IND_GAN,1.64,26.04,0.01,0,0,True,synthetic_scenario_generator,26006
2023-04-05,IND_GAN,1.76,21.8,3.4,0,0,True,synthetic_scenario_generator,26006
2023-04-06,IND_GAN,1.95,27.25,9.62,0,0,True,synthetic_scenario_generator,26006
2023-04-07,IND_GAN,2.26,12.37,2.3,0,0,True,synthetic_scenario_generator,26006
2023-04-08,IND_GAN,0.85,25.68,5.1,0,0,True,synthetic_scenario_generator,26006
2023-04-09,IND_GAN,1.47,20.32,4.17,0,0,True,synthetic_scenario_generator,26006
2023-04-10,IND_GAN,0.97,25.26,8.3,0,0,True,synthetic_scenario_generator,26006
2023-04-11,IND_GAN,1.48,30.78,0.89,0,0,True,synthetic_scenario_generator,26006
2023-04-12,IND_GAN,1.41,10.12,1.87,0,0,True,synthetic_scenario_generator,26006
2023-04-13,IND_GAN,2.42,22.9,0.11,0,0,True,synthetic_scenario_generator,26006
2023-04-14,IND_GAN,2.35,19.41,3.21,0,0,True,synthetic_scenario_generator,26006
2023-04-15,IND_GAN,1.16,12.88,1.58,0,0,True,synthetic_scenario_generator,26006
2023-04-16,IND_GAN,2.1,34.0,2.32,0,0,True,synthetic_scenario_generator,26006
2023-04-17,IND_GAN,1.46,25.61,3.05,0,0,True,synthetic_scenario_generator,26006
2023-04-18,IND_GAN,1.72,26.55,3.13,0,0,True,synthetic_scenario_generator,26006
2023-04-19,IND_GAN,1.34,23.49,3.14,0,0,True,synthetic_scenario_generator,26006
2023-04-20,IND_GAN,2.34,24.29,1.66,0,0,True,synthetic_scenario_generator,26006
2023-04-21,IND_GAN,1.56,25.41,6.72,0,0,True,synthetic_scenario_generator,26006
2023-04-22,IND_GAN,1.33,11.94,3.25,0,0,True,synthetic_scenario_generator,26006
2023-04-23,IND_GAN,1.92,10.43,3.08,0,0,True,synthetic_scenario_generator,26006
2023-04-24,IND_GAN,1.25,16.83,3.95,0,0,True,synthetic_scenario_generator,26006
2023-04-25,IND_GAN,1.78,16.95,1.2,0,0,True,synthetic_scenario_generator,26006
2023-04-26,IND_GAN,1.92,22.25,3.48,0,0,True,synthetic_scenario_generator,26006
2023-04-27,IND_GAN,1.91,22.59,2.51,0,0,True,synthetic_scenario_generator,26006
2023-04-28,IND_GAN,1.92,22.8,3.12,0,0,True,synthetic_scenario_generator,26006
2023-04-29,IND_GAN,1.23,21.56,11.46,0,0,True,synthetic_scenario_generator,26006
2023-04-30,IND_GAN,2.41,17.14,1.63,0,0,True,synthetic_scenario_generator,26006
2023-05-01,IND_GAN,2.11,15.49,7.4,0,0,True,synthetic_scenario_generator,26006
2023-05-02,IND_GAN,2.11,19.8,1.32,0,0,True,synthetic_scenario_generator,26006
2023-05-03,IND_GAN,1.9,25.46,1.05,0,0,True,synthetic_scenario_generator,26006
2023-05-04,IND_GAN,1.23,18.14,1.89,0,0,True,synthetic_scenario_generator,26006
2023-05-05,IND_GAN,2.17,28.36,1.53,0,0,True,synthetic_scenario_generator,26006
2023-05-06,IND_GAN,1.28,25.79,0.51,0,0,True,synthetic_scenario_generator,26006
2023-05-07,IND_GAN,1.73,15.89,9.04,0,0,True,synthetic_scenario_generator,26006
2023-05-08,IND_GAN,1.77,15.25,3.29,0,0,True,synthetic_scenario_generator,26006
2023-05-09,IND_GAN,0.99,21.04,4.94,0,0,True,synthetic_scenario_generator,26006
2023-05-10,IND_GAN,1.42,17.06,0.41,0,0,True,synthetic_scenario_generator,26006
2023-05-11,IND_GAN,1.52,28.29,9.07,0,0,True,synthetic_scenario_generator,26006
2023-05-12,IND_GAN,1.57,15.77,9.26,0,0,True,synthetic_scenario_generator,26006
2023-05-13,IND_GAN,1.19,17.34,4.35,0,0,True,synthetic_scenario_generator,26006
2023-05-14,IND_GAN,0.78,25.82,2.79,0,0,True,synthetic_scenario_generator,26006
2023-05-15,IND_GAN,1.36,32.31,1.52,0,0,True,synthetic_scenario_generator,26006
2023-05-16,IND_GAN,1.68,12.16,0.69,0,0,True,synthetic_scenario_generator,26006
2023-05-17,IND_GAN,0.31,24.88,0.54,0,0,True,synthetic_scenario_generator,26006
2023-05-18,IND_GAN,1.4,23.57,3.96,0,0,True,synthetic_scenario_generator,26006
2023-05-19,IND_GAN,1.1,21.39,0.95,0,0,True,synthetic_scenario_generator,26006
2023-05-20,IND_GAN,1.9,18.53,0.95,0,0,True,synthetic_scenario_generator,26006
2023-05-21,IND_GAN,1.97,14.43,6.15,0,0,True,synthetic_scenario_generator,26006
2023-05-22,IND_GAN,1.3,14.19,4.54,0,0,True,synthetic_scenario_generator,26006
2023-05-23,IND_GAN,1.92,18.82,10.83,0,0,True,synthetic_scenario_generator,26006
2023-05-24,IND_GAN,1.52,29.05,5.43,0,0,True,synthetic_scenario_generator,26006
2023-05-25,IND_GAN,1.55,20.42,6.8,0,0,True,synthetic_scenario_generator,26006
2023-05-26,IND_GAN,1.7,21.34,8.45,0,0,True,synthetic_scenario_generator,26006
2023-05-27,IND_GAN,2.12,27.27,0.46,0,0,True,synthetic_scenario_generator,26006
2023-05-28,IND_GAN,1.92,9.63,0.73,0,0,True,synthetic_scenario_generator,26006
2023-05-29,IND_GAN,1.58,27.07,0.92,0,0,True,synthetic_scenario_generator,26006
2023-05-30,IND_GAN,1.8,25.1,0.03,0,0,True,synthetic_scenario_generator,26006
2023-05-31,IND_GAN,2.34,15.01,2.55,0,0,True,synthetic_scenario_generator,26006
2023-06-01,IND_GAN,2.68,37.96,1.79,0,1,True,synthetic_scenario_generator,26006
2023-06-02,IND_GAN,2.3,35.02,21.33,0,1,True,synthetic_scenario_generator,26006
2023-06-03,IND_GAN,2.87,28.61,10.73,0,1,True,synthetic_scenario_generator,26006
2023-06-04,IND_GAN,2.9,29.34,10.47,0,1,True,synthetic_scenario_generator,26006
2023-06-05,IND_GAN,2.56,30.38,31.59,0,1,True,synthetic_scenario_generator,26006
2023-06-06,IND_GAN,2.31,39.42,6.57,0,1,True,synthetic_scenario_generator,26006
2023-06-07,IND_GAN,2.61,37.08,4.88,0,1,True,synthetic_scenario_generator,26006
2023-06-08,IND_GAN,2.19,36.2,23.35,0,1,True,synthetic_scenario_generator,26006
2023-06-09,IND_GAN,2.2,38.38,38.81,0,1,True,synthetic_scenario_generator,26006
2023-06-10,IND_GAN,2.27,38.79,12.65,0,1,True,synthetic_scenario_generator,26006
2023-06-11,IND_GAN,2.31,37.93,15.59,0,1,True,synthetic_scenario_generator,26006
2023-06-12,IND_GAN,2.72,42.17,6.31,0,1,True,synthetic_scenario_generator,26006
2023-06-13,IND_GAN,2.7,30.97,23.0,0,1,True,synthetic_scenario_generator,26006
2023-06-14,IND_GAN,3.43,32.84,57.37,1,1,True,synthetic_scenario_generator,26006
2023-06-15,IND_GAN,3.14,27.66,14.92,0,1,True,synthetic_scenario_generator,26006
2023-06-16,IND_GAN,2.19,28.79,2.0,0,1,True,synthetic_scenario_generator,26006
2023-06-17,IND_GAN,2.66,33.19,16.48,0,1,True,synthetic_scenario_generator,26006
2023-06-18,IND_GAN,2.91,39.37,1.5,0,1,True,synthetic_scenario_generator,26006
2023-06-19,IND_GAN,2.3,34.44,11.37,0,1,True,synthetic_scenario_generator,26006
2023-06-20,IND_GAN,2.78,24.09,5.49,0,1,True,synthetic_scenario_generator,26006
2023-06-21,IND_GAN,2.39,29.64,15.75,0,1,True,synthetic_scenario_generator,26006
2023-06-22,IND_GAN,2.3,35.96,41.45,0,1,True,synthetic_scenario_generator,26006
2023-06-23,IND_GAN,2.42,43.83,58.13,0,1,True,synthetic_scenario_generator,26006
2023-06-24,IND_GAN,2.6,30.7,18.85,0,1,True,synthetic_scenario_generator,26006
2023-06-25,IND_GAN,2.61,29.56,29.25,0,1,True,synthetic_scenario_generator,26006
2023-06-26,IND_GAN,3.11,32.51,4.11,0,1,True,synthetic_scenario_generator,26006
2023-06-27,IND_GAN,2.95,34.42,4.99,0,1,True,synthetic_scenario_generator,26006
2023-06-28,IND_GAN,2.97,35.57,32.89,0,1,True,synthetic_scenario_generator,26006
2023-06-29,IND_GAN,2.76,27.9,19.19,0,1,True,synthetic_scenario_generator,26006
2023-06-30,IND_GAN,2.73,33.53,16.78,0,1,True,synthetic_scenario_generator,26006
2023-07-01,IND_GAN,2.62,33.68,16.59,0,1,True,synthetic_scenario_generator,26006
2023-07-02,IND_GAN,1.91,31.27,22.24,0,1,True,synthetic_scenario_generator,26006
2023-07-03,IND_GAN,2.08,27.57,14.2,0,1,True,synthetic_scenario_generator,26006
2023-07-04,IND_GAN,1.86,21.72,3.85,0,1,True,synthetic_scenario_generator,26006
2023-07-05,IND_GAN,2.27,24.29,25.2,0,1,True,synthetic_scenario_generator,26006
2023-07-06,IND_GAN,2.72,26.22,0.14,0,1,True,synthetic_scenario_generator,26006
2023-07-07,IND_GAN,2.2,25.08,23.32,0,1,True,synthetic_scenario_generator,26006
2023-07-08,IND_GAN,2.34,35.96,9.37,0,1,True,synthetic_scenario_generator,26006
2023-07-09,IND_GAN,2.55,26.08,11.22,0,1,True,synthetic_scenario_generator,26006
2023-07-10,IND_GAN,2.02,21.71,26.02,0,1,True,synthetic_scenario_generator,26006
2023-07-11,IND_GAN,2.57,28.53,5.12,0,1,True,synthetic_scenario_generator,26006
2023-07-12,IND_GAN,2.19,25.82,22.48,0,1,True,synthetic_scenario_generator,26006
2023-07-13,IND_GAN,2.59,29.53,37.59,0,1,True,synthetic_scenario_generator,26006
2023-07-14,IND_GAN,2.29,31.08,30.93,0,1,True,synthetic_scenario_generator,26006
2023-07-15,IND_GAN,2.04,28.28,17.5,0,1,True,synthetic_scenario_generator,26006
2023-07-16,IND_GAN,2.52,27.97,5.77,0,1,True,synthetic_scenario_generator,26006
2023-07-17,IND_GAN,2.22,22.17,3.1,0,1,True,synthetic_scenario_generator,26006
2023-07-18,IND_GAN,2.38,25.56,30.46,0,1,True,synthetic_scenario_generator,26006
2023-07-19,IND_GAN,2.21,23.95,4.17,0,1,True,synthetic_scenario_generator,26006
2023-07-20,IND_GAN,2.8,29.3,4.6,0,1,True,synthetic_scenario_generator,26006
2023-07-21,IND_GAN,1.96,16.79,13.44,0,1,True,synthetic_scenario_generator,26006
2023-07-22,IND_GAN,2.76,25.19,18.07,0,1,True,synthetic_scenario_generator,26006
2023-07-23,IND_GAN,1.45,32.16,16.07,0,1,True,synthetic_scenario_generator,26006
2023-07-24,IND_GAN,2.44,36.24,30.42,0,1,True,synthetic_scenario_generator,26006
2023-07-25,IND_GAN,2.75,31.09,17.92,0,1,True,synthetic_scenario_generator,26006
2023-07-26,IND_GAN,1.79,22.98,3.65,0,1,True,synthetic_scenario_generator,26006
2023-07-27,IND_GAN,2.16,31.41,8.29,0,1,True,synthetic_scenario_generator,26006
2023-07-28,IND_GAN,2.4,24.16,1.72,0,1,True,synthetic_scenario_generator,26006
2023-07-29,IND_GAN,2.39,23.54,9.21,0,1,True,synthetic_scenario_generator,26006
2023-07-30,IND_GAN,1.64,27.59,6.94,0,1,True,synthetic_scenario_generator,26006
2023-07-31,IND_GAN,2.53,27.04,8.19,0,1,True,synthetic_scenario_generator,26006
2023-08-01,IND_GAN,1.93,22.91,24.41,0,1,True,synthetic_scenario_generator,26006
2023-08-02,IND_GAN,1.72,26.85,2.72,0,1,True,synthetic_scenario_generator,26006
2023-08-03,IND_GAN,2.58,30.34,1.62,0,1,True,synthetic_scenario_generator,26006
2023-08-04,IND_GAN,2.5,33.59,9.06,0,1,True,synthetic_scenario_generator,26006
2023-08-05,IND_GAN,2.13,31.29,4.4,0,1,True,synthetic_scenario_generator,26006
2023-08-06,IND_GAN,1.87,25.95,1.5,0,1,True,synthetic_scenario_generator,26006
2023-08-07,IND_GAN,2.08,37.13,3.29,0,1,True,synthetic_scenario_generator,26006
2023-08-08,IND_GAN,2.08,17.94,6.53,0,1,True,synthetic_scenario_generator,26006
2023-08-09,IND_GAN,2.32,25.94,51.77,0,1,True,synthetic_scenario_generator,26006
2023-08-10,IND_GAN,1.74,18.84,4.83,0,1,True,synthetic_scenario_generator,26006
2023-08-11,IND_GAN,2.1,21.0,5.18,0,1,True,synthetic_scenario_generator,26006
2023-08-12,IND_GAN,2.07,32.67,16.37,0,1,True,synthetic_scenario_generator,26006
2023-08-13,IND_GAN,2.42,27.28,24.21,0,1,True,synthetic_scenario_generator,26006
2023-08-14,IND_GAN,2.39,32.68,27.07,0,1,True,synthetic_scenario_generator,26006
2023-08-15,IND_GAN,2.1,35.13,3.74,0,1,True,synthetic_scenario_generator,26006
2023-08-16,IND_GAN,1.69,28.62,13.9,0,1,True,synthetic_scenario_generator,26006
2023-08-17,IND_GAN,2.69,27.48,2.57,0,1,True,synthetic_scenario_generator,26006
2023-08-18,IND_GAN,2.71,22.96,21.55,0,1,True,synthetic_scenario_generator,26006
2023-08-19,IND_GAN,2.94,31.26,10.32,0,1,True,synthetic_scenario_generator,26006
2023-08-20,IND_GAN,2.28,28.71,47.91,0,1,True,synthetic_scenario_generator,26006
2023-08-21,IND_GAN,2.15,26.18,3.12,0,1,True,synthetic_scenario_generator,26006
2023-08-22,IND_GAN,1.8,28.09,15.66,0,1,True,synthetic_scenario_generator,26006
2023-08-23,IND_GAN,1.95,22.48,25.19,0,1,True,synthetic_scenario_generator,26006
2023-08-24,IND_GAN,2.04,29.39,74.18,0,1,True,synthetic_scenario_generator,26006
2023-08-25,IND_GAN,2.53,29.38,2.62,0,1,True,synthetic_scenario_generator,26006
2023-08-26,IND_GAN,2.72,31.9,5.41,0,1,True,synthetic_scenario_generator,26006
2023-08-27,IND_GAN,2.39,31.26,8.25,0,1,True,synthetic_scenario_generator,26006
2023-08-28,IND_GAN,1.65,31.48,8.91,0,1,True,synthetic_scenario_generator,26006
2023-08-29,IND_GAN,2.15,14.24,16.82,0,1,True,synthetic_scenario_generator,26006
2023-08-30,IND_GAN,2.33,29.44,1.72,0,1,True,synthetic_scenario_generator,26006
2023-08-31,IND_GAN,2.52,24.61,70.8,0,1,True,synthetic_scenario_generator,26006
2023-09-01,IND_GAN,2.31,22.61,6.24,0,1,True,synthetic_scenario_generator,26006
2023-09-02,IND_GAN,2.54,28.78,23.3,0,1,True,synthetic_scenario_generator,26006
2023-09-03,IND_GAN,2.34,23.12,4.52,0,1,True,synthetic_scenario_generator,26006
2023-09-04,IND_GAN,1.78,23.3,21.72,0,1,True,synthetic_scenario_generator,26006
2023-09-05,IND_GAN,1.47,34.03,9.52,0,1,True,synthetic_scenario_generator,26006
2023-09-06,IND_GAN,1.61,26.31,6.49,0,1,True,synthetic_scenario_generator,26006
2023-09-07,IND_GAN,2.2,21.13,10.62,0,1,True,synthetic_scenario_generator,26006
2023-09-08,IND_GAN,1.77,29.44,8.22,0,1,True,synthetic_scenario_generator,26006
2023-09-09,IND_GAN,2.39,15.7,1.42,0,1,True,synthetic_scenario_generator,26006
2023-09-10,IND_GAN,2.55,30.54,11.93,0,1,True,synthetic_scenario_generator,26006
2023-09-11,IND_GAN,1.56,31.44,3.86,0,1,True,synthetic_scenario_generator,26006
2023-09-12,IND_GAN,2.35,29.34,6.86,0,1,True,synthetic_scenario_generator,26006
2023-09-13,IND_GAN,1.34,18.59,4.97,0,1,True,synthetic_scenario_generator,26006
2023-09-14,IND_GAN,2.42,31.63,18.43,0,1,True,synthetic_scenario_generator,26006
2023-09-15,IND_GAN,2.53,26.99,14.28,0,1,True,synthetic_scenario_generator,26006
2023-09-16,IND_GAN,2.46,37.54,2.42,0,1,True,synthetic_scenario_generator,26006
2023-09-17,IND_GAN,2.57,19.6,5.72,0,1,True,synthetic_scenario_generator,26006
2023-09-18,IND_GAN,2.33,20.43,17.37,0,1,True,synthetic_scenario_generator,26006
2023-09-19,IND_GAN,3.0,30.11,10.44,0,1,True,synthetic_scenario_generator,26006
2023-09-20,IND_GAN,2.44,23.05,2.62,0,1,True,synthetic_scenario_generator,26006
2023-09-21,IND_GAN,2.48,21.61,33.23,0,1,True,synthetic_scenario_generator,26006
2023-09-22,IND_GAN,2.53,27.17,31.74,0,1,True,synthetic_scenario_generator,26006
2023-09-23,IND_GAN,1.46,25.9,8.61,0,1,True,synthetic_scenario_generator,26006
2023-09-24,IND_GAN,2.15,24.09,17.19,0,1,True,synthetic_scenario_generator,26006
2023-09-25,IND_GAN,1.98,27.77,3.41,0,1,True,synthetic_scenario_generator,26006
2023-09-26,IND_GAN,1.3,32.25,9.2,0,1,True,synthetic_scenario_generator,26006
2023-09-27,IND_GAN,2.19,34.84,4.45,0,1,True,synthetic_scenario_generator,26006
2023-09-28,IND_GAN,1.31,25.71,24.15,0,1,True,synthetic_scenario_generator,26006
2023-09-29,IND_GAN,3.16,20.34,13.69,0,1,True,synthetic_scenario_generator,26006
2023-09-30,IND_GAN,1.9,23.77,16.24,0,1,True,synthetic_scenario_generator,26006
2023-10-01,IND_GAN,0.95,24.09,0.87,0,0,True,synthetic_scenario_generator,26006
2023-10-02,IND_GAN,1.78,29.07,2.84,0,0,True,synthetic_scenario_generator,26006
2023-10-03,IND_GAN,1.59,13.63,2.63,0,0,True,synthetic_scenario_generator,26006
2023-10-04,IND_GAN,1.33,14.63,2.24,0,0,True,synthetic_scenario_generator,26006
2023-10-05,IND_GAN,1.62,10.53,1.79,0,0,True,synthetic_scenario_generator,26006
2023-10-06,IND_GAN,1.73,27.7,0.3,0,0,True,synthetic_scenario_generator,26006
2023-10-07,IND_GAN,1.91,16.74,1.38,0,0,True,synthetic_scenario_generator,26006
2023-10-08,IND_GAN,1.94,24.25,13.47,0,0,True,synthetic_scenario_generator,26006
2023-10-09,IND_GAN,1.49,21.18,5.23,0,0,True,synthetic_scenario_generator,26006
2023-10-10,IND_GAN,1.19,18.31,2.48,0,0,True,synthetic_scenario_generator,26006
2023-10-11,IND_GAN,1.42,29.14,4.32,0,0,True,synthetic_scenario_generator,26006
2023-10-12,IND_GAN,0.95,16.23,2.7,0,0,True,synthetic_scenario_generator,26006
2023-10-13,IND_GAN,2.62,22.54,2.25,0,0,True,synthetic_scenario_generator,26006
2023-10-14,IND_GAN,1.59,10.96,6.93,0,0,True,synthetic_scenario_generator,26006
2023-10-15,IND_GAN,2.08,18.6,10.63,0,0,True,synthetic_scenario_generator,26006
2023-10-16,IND_GAN,1.84,17.22,12.3,0,0,True,synthetic_scenario_generator,26006
2023-10-17,IND_GAN,1.07,21.07,1.8,0,0,True,synthetic_scenario_generator,26006
2023-10-18,IND_GAN,1.55,15.07,8.42,0,0,True,synthetic_scenario_generator,26006
2023-10-19,IND_GAN,1.34,21.98,0.36,0,0,True,synthetic_scenario_generator,26006
2023-10-20,IND_GAN,1.85,29.39,2.83,0,0,True,synthetic_scenario_generator,26006
2023-10-21,IND_GAN,1.76,26.9,4.77,0,0,True,synthetic_scenario_generator,26006
2023-10-22,IND_GAN,1.77,24.19,0.26,0,0,True,synthetic_scenario_generator,26006
2023-10-23,IND_GAN,1.14,21.09,6.0,0,0,True,synthetic_scenario_generator,26006
2023-10-24,IND_GAN,1.59,33.84,2.02,0,0,True,synthetic_scenario_generator,26006
2023-10-25,IND_GAN,1.09,18.85,9.1,0,0,True,synthetic_scenario_generator,26006
2023-10-26,IND_GAN,1.19,15.74,1.07,0,0,True,synthetic_scenario_generator,26006
2023-10-27,IND_GAN,1.69,9.18,1.25,0,0,True,synthetic_scenario_generator,26006
2023-10-28,IND_GAN,1.54,19.61,2.53,0,0,True,synthetic_scenario_generator,26006
2023-10-29,IND_GAN,1.29,17.3,0.15,0,0,True,synthetic_scenario_generator,26006
2023-10-30,IND_GAN,1.34,10.84,2.22,0,0,True,synthetic_scenario_generator,26006
2023-10-31,IND_GAN,1.54,20.31,0.99,0,0,True,synthetic_scenario_generator,26006
2023-11-01,IND_GAN,1.15,17.11,2.12,0,0,True,synthetic_scenario_generator,26006
2023-11-02,IND_GAN,2.11,18.56,0.96,0,0,True,synthetic_scenario_generator,26006
2023-11-03,IND_GAN,1.36,16.03,3.34,0,0,True,synthetic_scenario_generator,26006
2023-11-04,IND_GAN,1.8,22.39,0.51,0,0,True,synthetic_scenario_generator,26006
2023-11-05,IND_GAN,1.79,16.55,9.54,0,0,True,synthetic_scenario_generator,26006
2023-11-06,IND_GAN,2.24,23.14,4.11,0,0,True,synthetic_scenario_generator,26006
2023-11-07,IND_GAN,1.44,18.3,2.58,0,0,True,synthetic_scenario_generator,26006
2023-11-08,IND_GAN,1.55,17.16,1.85,0,0,True,synthetic_scenario_generator,26006
2023-11-09,IND_GAN,1.33,26.6,19.35,0,0,True,synthetic_scenario_generator,26006
2023-11-10,IND_GAN,1.42,19.86,4.34,0,0,True,synthetic_scenario_generator,26006
2023-11-11,IND_GAN,1.53,23.48,3.15,0,0,True,synthetic_scenario_generator,26006
2023-11-12,IND_GAN,2.0,13.76,1.51,0,0,True,synthetic_scenario_generator,26006
2023-11-13,IND_GAN,2.53,26.64,1.9,0,0,True,synthetic_scenario_generator,26006
2023-11-14,IND_GAN,1.68,10.39,10.47,0,0,True,synthetic_scenario_generator,26006
2023-11-15,IND_GAN,1.57,11.56,4.28,0,0,True,synthetic_scenario_generator,26006
2023-11-16,IND_GAN,1.26,17.92,3.2,0,0,True,synthetic_scenario_generator,26006
2023-11-17,IND_GAN,1.76,25.01,3.1,0,0,True,synthetic_scenario_generator,26006
2023-11-18,IND_GAN,1.05,22.58,0.08,0,0,True,synthetic_scenario_generator,26006
2023-11-19,IND_GAN,1.27,27.4,5.26,0,0,True,synthetic_scenario_generator,26006
2023-11-20,IND_GAN,1.17,18.77,5.11,0,0,True,synthetic_scenario_generator,26006
2023-11-21,IND_GAN,1.19,14.33,0.34,0,0,True,synthetic_scenario_generator,26006
2023-11-22,IND_GAN,1.7,20.85,0.28,0,0,True,synthetic_scenario_generator,26006
2023-11-23,IND_GAN,1.15,22.33,1.85,0,0,True,synthetic_scenario_generator,26006
2023-11-24,IND_GAN,1.93,20.31,4.27,0,0,True,synthetic_scenario_generator,26006
2023-11-25,IND_GAN,1.83,21.03,8.39,0,0,True,synthetic_scenario_generator,26006
2023-11-26,IND_GAN,1.97,22.08,8.99,0,0,True,synthetic_scenario_generator,26006
2023-11-27,IND_GAN,1.76,21.75,2.87,0,0,True,synthetic_scenario_generator,26006
2023-11-28,IND_GAN,1.18,24.49,1.68,0,0,True,synthetic_scenario_generator,26006
2023-11-29,IND_GAN,0.83,24.75,4.87,0,0,True,synthetic_scenario_generator,26006
2023-11-30,IND_GAN,1.06,18.9,4.31,0,0,True,synthetic_scenario_generator,26006
2023-12-01,IND_GAN,1.82,25.98,3.32,0,0,True,synthetic_scenario_generator,26006
2023-12-02,IND_GAN,2.08,20.56,1.57,0,0,True,synthetic_scenario_generator,26006
2023-12-03,IND_GAN,0.96,20.75,4.39,0,0,True,synthetic_scenario_generator,26006
2023-12-04,IND_GAN,1.22,29.64,3.0,0,0,True,synthetic_scenario_generator,26006
2023-12-05,IND_GAN,1.61,25.7,2.91,0,0,True,synthetic_scenario_generator,26006
2023-12-06,IND_GAN,1.84,12.14,2.12,0,0,True,synthetic_scenario_generator,26006
2023-12-07,IND_GAN,2.33,10.95,1.94,0,0,True,synthetic_scenario_generator,26006
2023-12-08,IND_GAN,1.66,14.7,1.35,0,0,True,synthetic_scenario_generator,26006
2023-12-09,IND_GAN,1.63,18.2,0.73,0,0,True,synthetic_scenario_generator,26006
2023-12-10,IND_GAN,1.41,14.14,0.07,0,0,True,synthetic_scenario_generator,26006
2023-12-11,IND_GAN,1.78,19.61,3.81,0,0,True,synthetic_scenario_generator,26006
2023-12-12,IND_GAN,0.85,20.35,11.11,0,0,True,synthetic_scenario_generator,26006
2023-12-13,IND_GAN,2.51,17.42,1.76,0,0,True,synthetic_scenario_generator,26006
2023-12-14,IND_GAN,1.52,19.86,0.53,0,0,True,synthetic_scenario_generator,26006
2023-12-15,IND_GAN,1.67,22.22,0.23,0,0,True,synthetic_scenario_generator,26006
2023-12-16,IND_GAN,2.1,16.38,2.76,0,0,True,synthetic_scenario_generator,26006
2023-12-17,IND_GAN,1.59,20.49,2.38,0,0,True,synthetic_scenario_generator,26006
2023-12-18,IND_GAN,1.6,24.93,2.33,0,0,True,synthetic_scenario_generator,26006
2023-12-19,IND_GAN,1.47,22.2,2.19,0,0,True,synthetic_scenario_generator,26006
2023-12-20,IND_GAN,1.97,19.44,1.24,0,0,True,synthetic_scenario_generator,26006
2023-12-21,IND_GAN,1.61,26.25,1.64,0,0,True,synthetic_scenario_generator,26006
2023-12-22,IND_GAN,1.28,18.36,6.77,0,0,True,synthetic_scenario_generator,26006
2023-12-23,IND_GAN,1.61,11.97,17.78,0,0,True,synthetic_scenario_generator,26006
2023-12-24,IND_GAN,1.42,15.79,6.76,0,0,True,synthetic_scenario_generator,26006
2023-12-25,IND_GAN,1.85,14.83,3.08,0,0,True,synthetic_scenario_generator,26006
2023-12-26,IND_GAN,1.51,13.13,4.8,0,0,True,synthetic_scenario_generator,26006
2023-12-27,IND_GAN,1.24,18.74,0.01,0,0,True,synthetic_scenario_generator,26006
2023-12-28,IND_GAN,1.22,26.62,0.64,0,0,True,synthetic_scenario_generator,26006
2023-12-29,IND_GAN,1.62,24.49,6.62,0,0,True,synthetic_scenario_generator,26006
2023-12-30,IND_GAN,2.22,15.18,5.27,0,0,True,synthetic_scenario_generator,26006
2023-12-31,IND_GAN,1.87,15.07,4.56,0,0,True,synthetic_scenario_generator,26006
2024-01-01,IND_GAN,1.25,8.31,1.88,0,0,True,synthetic_scenario_generator,26006
2024-01-02,IND_GAN,1.43,15.22,5.61,0,0,True,synthetic_scenario_generator,26006
2024-01-03,IND_GAN,0.36,19.12,2.04,0,0,True,synthetic_scenario_generator,26006
2024-01-04,IND_GAN,1.33,11.8,0.29,0,0,True,synthetic_scenario_generator,26006
2024-01-05,IND_GAN,0.93,9.34,0.64,0,0,True,synthetic_scenario_generator,26006
2024-01-06,IND_GAN,1.62,10.83,0.23,0,0,True,synthetic_scenario_generator,26006
2024-01-07,IND_GAN,1.16,13.9,4.31,0,0,True,synthetic_scenario_generator,26006
2024-01-08,IND_GAN,1.04,8.57,4.77,0,0,True,synthetic_scenario_generator,26006
2024-01-09,IND_GAN,1.51,17.16,0.68,0,0,True,synthetic_scenario_generator,26006
2024-01-10,IND_GAN,1.92,16.47,4.67,0,0,True,synthetic_scenario_generator,26006
2024-01-11,IND_GAN,1.59,2.63,0.33,0,0,True,synthetic_scenario_generator,26006
2024-01-12,IND_GAN,0.96,16.68,0.15,0,0,True,synthetic_scenario_generator,26006
2024-01-13,IND_GAN,0.39,6.01,10.17,0,0,True,synthetic_scenario_generator,26006
2024-01-14,IND_GAN,0.9,13.38,0.24,0,0,True,synthetic_scenario_generator,26006
2024-01-15,IND_GAN,0.75,12.12,6.32,0,0,True,synthetic_scenario_generator,26006
2024-01-16,IND_GAN,1.32,15.08,0.74,0,0,True,synthetic_scenario_generator,26006
2024-01-17,IND_GAN,0.7,12.75,1.0,0,0,True,synthetic_scenario_generator,26006
2024-01-18,IND_GAN,1.37,14.94,3.76,0,0,True,synthetic_scenario_generator,26006
2024-01-19,IND_GAN,0.73,16.97,4.9,0,0,True,synthetic_scenario_generator,26006
2024-01-20,IND_GAN,1.13,9.79,0.74,0,0,True,synthetic_scenario_generator,26006
2024-01-21,IND_GAN,1.11,16.76,2.48,0,0,True,synthetic_scenario_generator,26006
2024-01-22,IND_GAN,1.15,17.15,3.01,0,0,True,synthetic_scenario_generator,26006
2024-01-23,IND_GAN,1.38,15.24,3.66,0,0,True,synthetic_scenario_generator,26006
2024-01-24,IND_GAN,1.05,13.15,1.86,0,0,True,synthetic_scenario_generator,26006
2024-01-25,IND_GAN,0.52,6.24,1.44,0,0,True,synthetic_scenario_generator,26006
2024-01-26,IND_GAN,0.89,16.6,8.0,0,0,True,synthetic_scenario_generator,26006
2024-01-27,IND_GAN,0.98,6.01,0.61,0,0,True,synthetic_scenario_generator,26006
2024-01-28,IND_GAN,0.8,10.52,0.75,0,0,True,synthetic_scenario_generator,26006
2024-01-29,IND_GAN,0.97,23.34,1.95,0,0,True,synthetic_scenario_generator,26006
2024-01-30,IND_GAN,1.65,23.01,3.45,0,0,True,synthetic_scenario_generator,26006
2024-01-31,IND_GAN,0.53,11.99,5.32,0,0,True,synthetic_scenario_generator,26006
2024-02-01,IND_GAN,1.45,15.74,0.57,0,0,True,synthetic_scenario_generator,26006
2024-02-02,IND_GAN,1.32,11.39,1.87,0,0,True,synthetic_scenario_generator,26006
2024-02-03,IND_GAN,0.92,9.44,7.32,0,0,True,synthetic_scenario_generator,26006
2024-02-04,IND_GAN,1.16,10.87,2.13,0,0,True,synthetic_scenario_generator,26006
2024-02-05,IND_GAN,1.03,5.85,2.77,0,0,True,synthetic_scenario_generator,26006
2024-02-06,IND_GAN,1.32,3.06,1.03,0,0,True,synthetic_scenario_generator,26006
2024-02-07,IND_GAN,0.67,20.69,5.3,0,0,True,synthetic_scenario_generator,26006
2024-02-08,IND_GAN,1.41,18.21,1.0,0,0,True,synthetic_scenario_generator,26006
2024-02-09,IND_GAN,0.71,20.33,5.74,0,0,True,synthetic_scenario_generator,26006
2024-02-10,IND_GAN,0.98,9.42,0.35,0,0,True,synthetic_scenario_generator,26006
2024-02-11,IND_GAN,0.79,20.3,6.69,0,0,True,synthetic_scenario_generator,26006
2024-02-12,IND_GAN,1.04,16.44,8.02,0,0,True,synthetic_scenario_generator,26006
2024-02-13,IND_GAN,1.13,14.13,1.72,0,0,True,synthetic_scenario_generator,26006
2024-02-14,IND_GAN,1.07,7.5,1.91,0,0,True,synthetic_scenario_generator,26006
2024-02-15,IND_GAN,1.3,10.38,1.15,0,0,True,synthetic_scenario_generator,26006
2024-02-16,IND_GAN,1.06,18.85,8.18,0,0,True,synthetic_scenario_generator,26006
2024-02-17,IND_GAN,0.9,5.09,3.23,0,0,True,synthetic_scenario_generator,26006
2024-02-18,IND_GAN,0.7,14.18,9.17,0,0,True,synthetic_scenario_generator,26006
2024-02-19,IND_GAN,1.05,10.45,2.82,0,0,True,synthetic_scenario_generator,26006
2024-02-20,IND_GAN,0.95,3.73,0.56,0,0,True,synthetic_scenario_generator,26006
2024-02-21,IND_GAN,1.63,9.09,3.19,0,0,True,synthetic_scenario_generator,26006
2024-02-22,IND_GAN,1.04,14.02,8.0,0,0,True,synthetic_scenario_generator,26006
2024-02-23,IND_GAN,1.67,20.03,2.84,0,0,True,synthetic_scenario_generator,26006
2024-02-24,IND_GAN,0.89,12.46,4.81,0,0,True,synthetic_scenario_generator,26006
2024-02-25,IND_GAN,1.12,16.95,3.58,0,0,True,synthetic_scenario_generator,26006
2024-02-26,IND_GAN,2.16,5.84,1.87,0,0,True,synthetic_scenario_generator,26006
2024-02-27,IND_GAN,1.62,12.99,3.41,0,0,True,synthetic_scenario_generator,26006
2024-02-28,IND_GAN,0.78,15.7,0.64,0,0,True,synthetic_scenario_generator,26006
2024-02-29,IND_GAN,1.46,10.93,5.97,0,0,True,synthetic_scenario_generator,26006
2024-03-01,IND_GAN,1.42,2.0,1.69,0,0,True,synthetic_scenario_generator,26006
2024-03-02,IND_GAN,1.02,15.89,7.23,0,0,True,synthetic_scenario_generator,26006
2024-03-03,IND_GAN,1.45,16.58,0.89,0,0,True,synthetic_scenario_generator,26006
2024-03-04,IND_GAN,0.98,17.08,1.69,0,0,True,synthetic_scenario_generator,26006
2024-03-05,IND_GAN,1.32,13.69,8.76,0,0,True,synthetic_scenario_generator,26006
2024-03-06,IND_GAN,0.66,12.22,1.69,0,0,True,synthetic_scenario_generator,26006
2024-03-07,IND_GAN,1.72,17.1,4.45,0,0,True,synthetic_scenario_generator,26006
2024-03-08,IND_GAN,1.05,12.69,0.95,0,0,True,synthetic_scenario_generator,26006
2024-03-09,IND_GAN,0.65,15.46,5.87,0,0,True,synthetic_scenario_generator,26006
2024-03-10,IND_GAN,1.68,10.06,6.04,0,0,True,synthetic_scenario_generator,26006
2024-03-11,IND_GAN,0.68,5.33,10.96,0,0,True,synthetic_scenario_generator,26006
2024-03-12,IND_GAN,0.92,3.92,0.48,0,0,True,synthetic_scenario_generator,26006
2024-03-13,IND_GAN,1.48,15.64,0.35,0,0,True,synthetic_scenario_generator,26006
2024-03-14,IND_GAN,1.29,11.39,7.1,0,0,True,synthetic_scenario_generator,26006
2024-03-15,IND_GAN,1.46,12.97,8.62,0,0,True,synthetic_scenario_generator,26006
2024-03-16,IND_GAN,1.35,7.11,6.06,0,0,True,synthetic_scenario_generator,26006
2024-03-17,IND_GAN,1.35,21.76,10.29,0,0,True,synthetic_scenario_generator,26006
2024-03-18,IND_GAN,0.95,17.14,1.06,0,0,True,synthetic_scenario_generator,26006
2024-03-19,IND_GAN,1.11,14.98,2.23,0,0,True,synthetic_scenario_generator,26006
2024-03-20,IND_GAN,0.68,21.27,1.92,0,0,True,synthetic_scenario_generator,26006
2024-03-21,IND_GAN,1.06,12.96,2.81,0,0,True,synthetic_scenario_generator,26006
2024-03-22,IND_GAN,0.6,14.59,4.74,0,0,True,synthetic_scenario_generator,26006
2024-03-23,IND_GAN,1.54,14.82,1.29,0,0,True,synthetic_scenario_generator,26006
2024-03-24,IND_GAN,1.0,16.88,1.85,0,0,True,synthetic_scenario_generator,26006
2024-03-25,IND_GAN,1.4,14.45,1.78,0,0,True,synthetic_scenario_generator,26006
2024-03-26,IND_GAN,0.72,14.89,6.2,0,0,True,synthetic_scenario_generator,26006
2024-03-27,IND_GAN,0.98,10.03,1.65,0,0,True,synthetic_scenario_generator,26006
2024-03-28,IND_GAN,1.59,12.85,3.78,0,0,True,synthetic_scenario_generator,26006
2024-03-29,IND_GAN,0.75,17.43,0.43,0,0,True,synthetic_scenario_generator,26006
2024-03-30,IND_GAN,1.24,10.68,20.81,0,0,True,synthetic_scenario_generator,26006
2024-03-31,IND_GAN,0.3,21.1,4.72,0,0,True,synthetic_scenario_generator,26006
2024-04-01,IND_GAN,0.88,17.68,6.54,0,0,True,synthetic_scenario_generator,26006
2024-04-02,IND_GAN,1.78,14.98,11.01,0,0,True,synthetic_scenario_generator,26006
2024-04-03,IND_GAN,2.05,30.04,2.79,0,0,True,synthetic_scenario_generator,26006
2024-04-04,IND_GAN,0.9,15.93,1.84,0,0,True,synthetic_scenario_generator,26006
2024-04-05,IND_GAN,1.71,27.32,4.01,0,0,True,synthetic_scenario_generator,26006
2024-04-06,IND_GAN,1.82,21.61,24.13,0,0,True,synthetic_scenario_generator,26006
2024-04-07,IND_GAN,1.71,11.56,1.76,0,0,True,synthetic_scenario_generator,26006
2024-04-08,IND_GAN,1.7,14.12,5.4,0,0,True,synthetic_scenario_generator,26006
2024-04-09,IND_GAN,1.78,23.68,21.87,0,0,True,synthetic_scenario_generator,26006
2024-04-10,IND_GAN,1.87,19.2,12.1,0,0,True,synthetic_scenario_generator,26006
2024-04-11,IND_GAN,1.5,24.34,9.11,0,0,True,synthetic_scenario_generator,26006
2024-04-12,IND_GAN,2.41,17.89,1.61,0,0,True,synthetic_scenario_generator,26006
2024-04-13,IND_GAN,1.29,26.87,0.7,0,0,True,synthetic_scenario_generator,26006
2024-04-14,IND_GAN,1.89,29.16,0.91,0,0,True,synthetic_scenario_generator,26006
2024-04-15,IND_GAN,1.8,21.84,3.02,0,0,True,synthetic_scenario_generator,26006
2024-04-16,IND_GAN,2.15,16.47,9.58,0,0,True,synthetic_scenario_generator,26006
2024-04-17,IND_GAN,1.69,11.22,3.43,0,0,True,synthetic_scenario_generator,26006
2024-04-18,IND_GAN,1.91,12.25,0.56,0,0,True,synthetic_scenario_generator,26006
2024-04-19,IND_GAN,2.27,24.55,0.58,0,0,True,synthetic_scenario_generator,26006
2024-04-20,IND_GAN,1.39,23.27,9.52,0,0,True,synthetic_scenario_generator,26006
2024-04-21,IND_GAN,1.6,19.65,0.42,0,0,True,synthetic_scenario_generator,26006
2024-04-22,IND_GAN,1.62,17.15,5.49,0,0,True,synthetic_scenario_generator,26006
2024-04-23,IND_GAN,1.53,18.97,6.58,0,0,True,synthetic_scenario_generator,26006
2024-04-24,IND_GAN,1.64,20.03,3.26,0,0,True,synthetic_scenario_generator,26006
2024-04-25,IND_GAN,1.53,23.4,3.09,0,0,True,synthetic_scenario_generator,26006
2024-04-26,IND_GAN,1.64,24.48,5.26,0,0,True,synthetic_scenario_generator,26006
2024-04-27,IND_GAN,1.46,17.66,8.11,0,0,True,synthetic_scenario_generator,26006
2024-04-28,IND_GAN,1.98,17.98,2.0,0,0,True,synthetic_scenario_generator,26006
2024-04-29,IND_GAN,1.5,18.76,0.08,0,0,True,synthetic_scenario_generator,26006
2024-04-30,IND_GAN,0.72,16.87,1.02,0,0,True,synthetic_scenario_generator,26006
2024-05-01,IND_GAN,2.03,21.48,7.27,0,0,True,synthetic_scenario_generator,26006
2024-05-02,IND_GAN,1.33,24.78,2.38,0,0,True,synthetic_scenario_generator,26006
2024-05-03,IND_GAN,1.85,17.3,4.55,0,0,True,synthetic_scenario_generator,26006
2024-05-04,IND_GAN,1.9,16.82,1.54,0,0,True,synthetic_scenario_generator,26006
2024-05-05,IND_GAN,1.97,24.39,0.72,0,0,True,synthetic_scenario_generator,26006
2024-05-06,IND_GAN,1.19,17.38,0.25,0,0,True,synthetic_scenario_generator,26006
2024-05-07,IND_GAN,1.93,27.81,3.08,0,0,True,synthetic_scenario_generator,26006
2024-05-08,IND_GAN,2.03,25.55,1.3,0,0,True,synthetic_scenario_generator,26006
2024-05-09,IND_GAN,1.45,15.99,2.2,0,0,True,synthetic_scenario_generator,26006
2024-05-10,IND_GAN,1.89,13.37,2.99,0,0,True,synthetic_scenario_generator,26006
2024-05-11,IND_GAN,2.97,20.69,1.6,0,0,True,synthetic_scenario_generator,26006
2024-05-12,IND_GAN,0.98,18.73,0.88,0,0,True,synthetic_scenario_generator,26006
2024-05-13,IND_GAN,1.07,19.87,0.55,0,0,True,synthetic_scenario_generator,26006
2024-05-14,IND_GAN,1.79,17.4,1.24,0,0,True,synthetic_scenario_generator,26006
2024-05-15,IND_GAN,1.6,23.04,7.3,0,0,True,synthetic_scenario_generator,26006
2024-05-16,IND_GAN,1.21,34.16,1.32,0,0,True,synthetic_scenario_generator,26006
2024-05-17,IND_GAN,1.93,19.01,2.96,0,0,True,synthetic_scenario_generator,26006
2024-05-18,IND_GAN,1.66,25.29,4.06,0,0,True,synthetic_scenario_generator,26006
2024-05-19,IND_GAN,1.7,13.54,1.66,0,0,True,synthetic_scenario_generator,26006
2024-05-20,IND_GAN,1.79,19.01,1.56,0,0,True,synthetic_scenario_generator,26006
2024-05-21,IND_GAN,1.7,14.13,1.29,0,0,True,synthetic_scenario_generator,26006
2024-05-22,IND_GAN,1.72,25.76,7.9,0,0,True,synthetic_scenario_generator,26006
2024-05-23,IND_GAN,1.19,15.02,10.05,0,0,True,synthetic_scenario_generator,26006
2024-05-24,IND_GAN,1.91,17.17,3.22,0,0,True,synthetic_scenario_generator,26006
2024-05-25,IND_GAN,1.75,17.23,15.56,0,0,True,synthetic_scenario_generator,26006
2024-05-26,IND_GAN,2.15,22.91,8.65,0,0,True,synthetic_scenario_generator,26006
2024-05-27,IND_GAN,1.86,13.47,2.93,0,0,True,synthetic_scenario_generator,26006
2024-05-28,IND_GAN,1.5,19.37,2.74,0,0,True,synthetic_scenario_generator,26006
2024-05-29,IND_GAN,1.67,28.7,7.56,0,0,True,synthetic_scenario_generator,26006
2024-05-30,IND_GAN,1.76,14.1,4.67,0,0,True,synthetic_scenario_generator,26006
2024-05-31,IND_GAN,1.37,21.09,2.45,0,0,True,synthetic_scenario_generator,26006
2024-06-01,IND_GAN,3.23,30.8,9.64,0,1,True,synthetic_scenario_generator,26006
2024-06-02,IND_GAN,2.49,33.01,12.35,0,1,True,synthetic_scenario_generator,26006
2024-06-03,IND_GAN,2.67,29.07,16.93,0,1,True,synthetic_scenario_generator,26006
2024-06-04,IND_GAN,2.39,40.8,9.04,0,1,True,synthetic_scenario_generator,26006
2024-06-05,IND_GAN,3.01,33.78,0.83,0,1,True,synthetic_scenario_generator,26006
2024-06-06,IND_GAN,1.86,33.1,2.34,0,1,True,synthetic_scenario_generator,26006
2024-06-07,IND_GAN,2.47,28.8,7.25,0,1,True,synthetic_scenario_generator,26006
2024-06-08,IND_GAN,2.81,39.65,15.79,0,1,True,synthetic_scenario_generator,26006
2024-06-09,IND_GAN,2.86,28.74,26.08,0,1,True,synthetic_scenario_generator,26006
2024-06-10,IND_GAN,2.77,35.11,3.09,0,1,True,synthetic_scenario_generator,26006
2024-06-11,IND_GAN,2.8,40.61,3.69,0,1,True,synthetic_scenario_generator,26006
2024-06-12,IND_GAN,2.38,30.34,0.73,0,1,True,synthetic_scenario_generator,26006
2024-06-13,IND_GAN,2.62,32.71,11.5,0,1,True,synthetic_scenario_generator,26006
2024-06-14,IND_GAN,3.15,32.47,14.88,0,1,True,synthetic_scenario_generator,26006
2024-06-15,IND_GAN,2.67,30.53,2.66,0,1,True,synthetic_scenario_generator,26006
2024-06-16,IND_GAN,3.22,31.3,10.08,0,1,True,synthetic_scenario_generator,26006
2024-06-17,IND_GAN,2.37,29.57,25.66,0,1,True,synthetic_scenario_generator,26006
2024-06-18,IND_GAN,2.53,26.13,8.23,0,1,True,synthetic_scenario_generator,26006
2024-06-19,IND_GAN,2.84,31.02,15.45,0,1,True,synthetic_scenario_generator,26006
2024-06-20,IND_GAN,3.16,26.62,0.93,0,1,True,synthetic_scenario_generator,26006
2024-06-21,IND_GAN,2.13,26.71,11.24,0,1,True,synthetic_scenario_generator,26006
2024-06-22,IND_GAN,3.27,33.71,16.27,0,1,True,synthetic_scenario_generator,26006
2024-06-23,IND_GAN,2.64,39.65,3.21,0,1,True,synthetic_scenario_generator,26006
2024-06-24,IND_GAN,2.39,26.91,15.04,0,1,True,synthetic_scenario_generator,26006
2024-06-25,IND_GAN,2.99,28.58,4.34,0,1,True,synthetic_scenario_generator,26006
2024-06-26,IND_GAN,2.54,31.72,11.16,0,1,True,synthetic_scenario_generator,26006
2024-06-27,IND_GAN,2.32,32.12,4.79,0,1,True,synthetic_scenario_generator,26006
2024-06-28,IND_GAN,2.83,29.97,5.95,0,1,True,synthetic_scenario_generator,26006
2024-06-29,IND_GAN,2.56,29.55,2.72,0,1,True,synthetic_scenario_generator,26006
2024-06-30,IND_GAN,2.57,36.31,32.45,0,1,True,synthetic_scenario_generator,26006
2024-07-01,IND_GAN,1.97,41.28,28.82,0,1,True,synthetic_scenario_generator,26006
2024-07-02,IND_GAN,1.39,26.21,11.09,0,1,True,synthetic_scenario_generator,26006
2024-07-03,IND_GAN,2.07,21.48,9.72,0,1,True,synthetic_scenario_generator,26006
2024-07-04,IND_GAN,2.41,27.83,3.04,0,1,True,synthetic_scenario_generator,26006
2024-07-05,IND_GAN,2.27,29.23,18.88,0,1,True,synthetic_scenario_generator,26006
2024-07-06,IND_GAN,1.86,23.59,4.99,0,1,True,synthetic_scenario_generator,26006
2024-07-07,IND_GAN,2.56,32.11,7.98,0,1,True,synthetic_scenario_generator,26006
2024-07-08,IND_GAN,3.02,24.89,2.29,0,1,True,synthetic_scenario_generator,26006
2024-07-09,IND_GAN,2.65,28.64,2.09,0,1,True,synthetic_scenario_generator,26006
2024-07-10,IND_GAN,1.85,26.45,19.93,0,1,True,synthetic_scenario_generator,26006
2024-07-11,IND_GAN,2.05,22.19,21.4,0,1,True,synthetic_scenario_generator,26006
2024-07-12,IND_GAN,2.15,26.82,38.22,0,1,True,synthetic_scenario_generator,26006
2024-07-13,IND_GAN,2.72,27.8,14.81,0,1,True,synthetic_scenario_generator,26006
2024-07-14,IND_GAN,2.11,23.23,22.75,0,1,True,synthetic_scenario_generator,26006
2024-07-15,IND_GAN,1.26,32.46,21.67,0,1,True,synthetic_scenario_generator,26006
2024-07-16,IND_GAN,2.64,30.6,2.21,0,1,True,synthetic_scenario_generator,26006
2024-07-17,IND_GAN,2.41,23.64,0.89,0,1,True,synthetic_scenario_generator,26006
2024-07-18,IND_GAN,2.89,33.61,6.45,0,1,True,synthetic_scenario_generator,26006
2024-07-19,IND_GAN,2.3,26.44,8.53,0,1,True,synthetic_scenario_generator,26006
2024-07-20,IND_GAN,2.86,27.19,10.03,0,1,True,synthetic_scenario_generator,26006
2024-07-21,IND_GAN,2.02,26.85,7.15,0,1,True,synthetic_scenario_generator,26006
2024-07-22,IND_GAN,1.96,30.33,0.15,0,1,True,synthetic_scenario_generator,26006
2024-07-23,IND_GAN,2.01,26.44,4.16,0,1,True,synthetic_scenario_generator,26006
2024-07-24,IND_GAN,2.76,28.89,11.11,0,1,True,synthetic_scenario_generator,26006
2024-07-25,IND_GAN,2.82,30.87,5.78,0,1,True,synthetic_scenario_generator,26006
2024-07-26,IND_GAN,1.64,22.5,34.05,0,1,True,synthetic_scenario_generator,26006
2024-07-27,IND_GAN,1.76,19.63,1.82,0,1,True,synthetic_scenario_generator,26006
2024-07-28,IND_GAN,2.58,29.15,20.83,0,1,True,synthetic_scenario_generator,26006
2024-07-29,IND_GAN,2.81,21.53,22.47,0,1,True,synthetic_scenario_generator,26006
2024-07-30,IND_GAN,1.73,28.79,2.3,0,1,True,synthetic_scenario_generator,26006
2024-07-31,IND_GAN,2.55,29.42,3.63,0,1,True,synthetic_scenario_generator,26006
2024-08-01,IND_GAN,1.8,24.69,57.77,0,1,True,synthetic_scenario_generator,26006
2024-08-02,IND_GAN,2.63,26.48,21.62,0,1,True,synthetic_scenario_generator,26006
2024-08-03,IND_GAN,2.57,27.16,5.95,0,1,True,synthetic_scenario_generator,26006
2024-08-04,IND_GAN,2.03,23.94,28.73,0,1,True,synthetic_scenario_generator,26006
2024-08-05,IND_GAN,2.11,26.94,13.19,0,1,True,synthetic_scenario_generator,26006
2024-08-06,IND_GAN,2.03,29.73,2.14,0,1,True,synthetic_scenario_generator,26006
2024-08-07,IND_GAN,2.14,27.34,5.0,0,1,True,synthetic_scenario_generator,26006
2024-08-08,IND_GAN,1.83,29.61,33.17,0,1,True,synthetic_scenario_generator,26006
2024-08-09,IND_GAN,1.91,23.36,10.02,0,1,True,synthetic_scenario_generator,26006
2024-08-10,IND_GAN,2.13,27.29,54.6,0,1,True,synthetic_scenario_generator,26006
2024-08-11,IND_GAN,1.91,24.7,13.7,0,1,True,synthetic_scenario_generator,26006
2024-08-12,IND_GAN,1.55,33.97,19.26,0,1,True,synthetic_scenario_generator,26006
2024-08-13,IND_GAN,2.09,27.63,8.3,0,1,True,synthetic_scenario_generator,26006
2024-08-14,IND_GAN,1.51,24.74,3.7,0,1,True,synthetic_scenario_generator,26006
2024-08-15,IND_GAN,2.62,35.14,2.81,0,1,True,synthetic_scenario_generator,26006
2024-08-16,IND_GAN,2.7,29.01,5.87,0,1,True,synthetic_scenario_generator,26006
2024-08-17,IND_GAN,2.29,22.97,1.38,0,1,True,synthetic_scenario_generator,26006
2024-08-18,IND_GAN,1.87,28.82,12.85,0,1,True,synthetic_scenario_generator,26006
2024-08-19,IND_GAN,2.27,24.1,6.21,0,1,True,synthetic_scenario_generator,26006
2024-08-20,IND_GAN,1.86,22.11,17.8,0,1,True,synthetic_scenario_generator,26006
2024-08-21,IND_GAN,2.13,20.09,30.94,0,1,True,synthetic_scenario_generator,26006
2024-08-22,IND_GAN,2.5,31.33,12.99,0,1,True,synthetic_scenario_generator,26006
2024-08-23,IND_GAN,2.35,30.68,2.26,0,1,True,synthetic_scenario_generator,26006
2024-08-24,IND_GAN,2.28,24.96,12.88,0,1,True,synthetic_scenario_generator,26006
2024-08-25,IND_GAN,2.58,25.22,24.23,0,1,True,synthetic_scenario_generator,26006
2024-08-26,IND_GAN,2.13,23.23,63.32,0,1,True,synthetic_scenario_generator,26006
2024-08-27,IND_GAN,2.79,26.92,5.92,0,1,True,synthetic_scenario_generator,26006
2024-08-28,IND_GAN,2.14,27.81,4.51,0,1,True,synthetic_scenario_generator,26006
2024-08-29,IND_GAN,2.82,28.92,27.07,0,1,True,synthetic_scenario_generator,26006
2024-08-30,IND_GAN,2.09,21.04,9.57,0,1,True,synthetic_scenario_generator,26006
2024-08-31,IND_GAN,2.81,28.87,17.28,0,1,True,synthetic_scenario_generator,26006
2024-09-01,IND_GAN,2.24,27.51,8.77,0,1,True,synthetic_scenario_generator,26006
2024-09-02,IND_GAN,1.66,25.37,13.04,0,1,True,synthetic_scenario_generator,26006
2024-09-03,IND_GAN,2.05,30.66,2.54,0,1,True,synthetic_scenario_generator,26006
2024-09-04,IND_GAN,1.98,28.4,4.02,0,1,True,synthetic_scenario_generator,26006
2024-09-05,IND_GAN,2.05,27.35,7.36,0,1,True,synthetic_scenario_generator,26006
2024-09-06,IND_GAN,2.18,28.24,42.57,0,1,True,synthetic_scenario_generator,26006
2024-09-07,IND_GAN,2.31,35.13,2.74,0,1,True,synthetic_scenario_generator,26006
2024-09-08,IND_GAN,1.64,24.96,1.99,0,1,True,synthetic_scenario_generator,26006
2024-09-09,IND_GAN,1.6,29.8,22.56,0,1,True,synthetic_scenario_generator,26006
2024-09-10,IND_GAN,2.37,18.93,40.16,0,1,True,synthetic_scenario_generator,26006
2024-09-11,IND_GAN,2.71,22.16,9.28,0,1,True,synthetic_scenario_generator,26006
2024-09-12,IND_GAN,2.6,23.64,20.26,0,1,True,synthetic_scenario_generator,26006
2024-09-13,IND_GAN,2.7,29.41,41.52,0,1,True,synthetic_scenario_generator,26006
2024-09-14,IND_GAN,2.6,32.51,1.2,0,1,True,synthetic_scenario_generator,26006
2024-09-15,IND_GAN,2.15,20.87,6.28,0,1,True,synthetic_scenario_generator,26006
2024-09-16,IND_GAN,2.58,20.3,30.83,0,1,True,synthetic_scenario_generator,26006
2024-09-17,IND_GAN,2.42,26.94,27.14,0,1,True,synthetic_scenario_generator,26006
2024-09-18,IND_GAN,2.9,24.94,5.91,0,1,True,synthetic_scenario_generator,26006
2024-09-19,IND_GAN,2.28,20.34,24.3,0,1,True,synthetic_scenario_generator,26006
2024-09-20,IND_GAN,1.96,27.78,4.93,0,1,True,synthetic_scenario_generator,26006
2024-09-21,IND_GAN,2.37,23.82,5.42,0,1,True,synthetic_scenario_generator,26006
2024-09-22,IND_GAN,2.4,42.46,11.15,0,1,True,synthetic_scenario_generator,26006
2024-09-23,IND_GAN,2.45,26.9,14.85,0,1,True,synthetic_scenario_generator,26006
2024-09-24,IND_GAN,2.69,20.21,20.47,0,1,True,synthetic_scenario_generator,26006
2024-09-25,IND_GAN,2.74,27.4,13.02,0,1,True,synthetic_scenario_generator,26006
2024-09-26,IND_GAN,1.92,24.71,28.56,0,1,True,synthetic_scenario_generator,26006
2024-09-27,IND_GAN,1.92,26.65,7.27,0,1,True,synthetic_scenario_generator,26006
2024-09-28,IND_GAN,2.25,33.52,14.02,0,1,True,synthetic_scenario_generator,26006
2024-09-29,IND_GAN,2.11,20.01,23.1,0,1,True,synthetic_scenario_generator,26006
2024-09-30,IND_GAN,3.12,40.36,13.64,0,1,True,synthetic_scenario_generator,26006
2024-10-01,IND_GAN,1.47,14.73,2.94,0,0,True,synthetic_scenario_generator,26006
2024-10-02,IND_GAN,1.49,17.97,0.09,0,0,True,synthetic_scenario_generator,26006
2024-10-03,IND_GAN,1.34,23.09,2.81,0,0,True,synthetic_scenario_generator,26006
2024-10-04,IND_GAN,1.52,21.69,0.19,0,0,True,synthetic_scenario_generator,26006
2024-10-05,IND_GAN,1.51,18.75,2.44,0,0,True,synthetic_scenario_generator,26006
2024-10-06,IND_GAN,1.83,20.62,2.59,0,0,True,synthetic_scenario_generator,26006
2024-10-07,IND_GAN,2.54,19.96,5.32,0,0,True,synthetic_scenario_generator,26006
2024-10-08,IND_GAN,1.6,27.4,8.19,0,0,True,synthetic_scenario_generator,26006
2024-10-09,IND_GAN,1.03,16.71,2.01,0,0,True,synthetic_scenario_generator,26006
2024-10-10,IND_GAN,1.2,26.59,1.48,0,0,True,synthetic_scenario_generator,26006
2024-10-11,IND_GAN,2.07,29.15,4.65,0,0,True,synthetic_scenario_generator,26006
2024-10-12,IND_GAN,1.73,21.9,3.47,0,0,True,synthetic_scenario_generator,26006
2024-10-13,IND_GAN,0.92,17.23,0.67,0,0,True,synthetic_scenario_generator,26006
2024-10-14,IND_GAN,1.73,8.56,5.89,0,0,True,synthetic_scenario_generator,26006
2024-10-15,IND_GAN,2.04,26.78,0.57,0,0,True,synthetic_scenario_generator,26006
2024-10-16,IND_GAN,1.51,21.22,0.58,0,0,True,synthetic_scenario_generator,26006
2024-10-17,IND_GAN,1.54,17.14,3.4,0,0,True,synthetic_scenario_generator,26006
2024-10-18,IND_GAN,1.24,11.55,2.42,0,0,True,synthetic_scenario_generator,26006
2024-10-19,IND_GAN,1.62,20.11,8.08,0,0,True,synthetic_scenario_generator,26006
2024-10-20,IND_GAN,1.92,19.89,3.91,0,0,True,synthetic_scenario_generator,26006
2024-10-21,IND_GAN,1.48,20.46,4.54,0,0,True,synthetic_scenario_generator,26006
2024-10-22,IND_GAN,1.8,25.1,2.28,0,0,True,synthetic_scenario_generator,26006
2024-10-23,IND_GAN,1.45,21.43,2.11,0,0,True,synthetic_scenario_generator,26006
2024-10-24,IND_GAN,1.0,16.28,0.53,0,0,True,synthetic_scenario_generator,26006
2024-10-25,IND_GAN,1.69,23.22,4.9,0,0,True,synthetic_scenario_generator,26006
2024-10-26,IND_GAN,1.91,19.04,0.06,0,0,True,synthetic_scenario_generator,26006
2024-10-27,IND_GAN,1.39,20.84,0.36,0,0,True,synthetic_scenario_generator,26006
2024-10-28,IND_GAN,1.51,21.29,4.57,0,0,True,synthetic_scenario_generator,26006
2024-10-29,IND_GAN,1.87,18.18,2.96,0,0,True,synthetic_scenario_generator,26006
2024-10-30,IND_GAN,1.08,13.57,2.3,0,0,True,synthetic_scenario_generator,26006
2024-10-31,IND_GAN,1.95,23.47,14.91,0,0,True,synthetic_scenario_generator,26006
2024-11-01,IND_GAN,2.01,25.37,1.15,0,0,True,synthetic_scenario_generator,26006
2024-11-02,IND_GAN,1.74,17.97,3.53,0,0,True,synthetic_scenario_generator,26006
2024-11-03,IND_GAN,2.0,17.68,0.82,0,0,True,synthetic_scenario_generator,26006
2024-11-04,IND_GAN,1.0,21.46,1.03,0,0,True,synthetic_scenario_generator,26006
2024-11-05,IND_GAN,1.34,26.21,7.21,0,0,True,synthetic_scenario_generator,26006
2024-11-06,IND_GAN,1.37,23.93,11.36,0,0,True,synthetic_scenario_generator,26006
2024-11-07,IND_GAN,0.57,29.55,5.07,0,0,True,synthetic_scenario_generator,26006
2024-11-08,IND_GAN,1.63,15.85,5.72,0,0,True,synthetic_scenario_generator,26006
2024-11-09,IND_GAN,1.64,24.81,3.45,0,0,True,synthetic_scenario_generator,26006
2024-11-10,IND_GAN,1.62,20.57,3.48,0,0,True,synthetic_scenario_generator,26006
2024-11-11,IND_GAN,2.07,19.08,4.76,0,0,True,synthetic_scenario_generator,26006
2024-11-12,IND_GAN,1.32,11.43,0.32,0,0,True,synthetic_scenario_generator,26006
2024-11-13,IND_GAN,1.92,8.91,5.07,0,0,True,synthetic_scenario_generator,26006
2024-11-14,IND_GAN,1.73,19.06,2.98,0,0,True,synthetic_scenario_generator,26006
2024-11-15,IND_GAN,1.81,22.73,0.3,0,0,True,synthetic_scenario_generator,26006
2024-11-16,IND_GAN,1.44,14.44,0.99,0,0,True,synthetic_scenario_generator,26006
2024-11-17,IND_GAN,2.14,18.64,3.18,0,0,True,synthetic_scenario_generator,26006
2024-11-18,IND_GAN,1.38,26.08,1.0,0,0,True,synthetic_scenario_generator,26006
2024-11-19,IND_GAN,1.82,30.32,16.35,0,0,True,synthetic_scenario_generator,26006
2024-11-20,IND_GAN,1.6,17.13,1.79,0,0,True,synthetic_scenario_generator,26006
2024-11-21,IND_GAN,1.23,18.16,5.8,0,0,True,synthetic_scenario_generator,26006
2024-11-22,IND_GAN,1.23,18.86,6.01,0,0,True,synthetic_scenario_generator,26006
2024-11-23,IND_GAN,1.75,16.29,0.21,0,0,True,synthetic_scenario_generator,26006
2024-11-24,IND_GAN,1.75,25.25,2.02,0,0,True,synthetic_scenario_generator,26006
2024-11-25,IND_GAN,1.02,23.57,6.15,0,0,True,synthetic_scenario_generator,26006
2024-11-26,IND_GAN,1.76,20.95,2.02,0,0,True,synthetic_scenario_generator,26006
2024-11-27,IND_GAN,1.52,16.93,4.01,0,0,True,synthetic_scenario_generator,26006
2024-11-28,IND_GAN,1.83,13.4,0.72,0,0,True,synthetic_scenario_generator,26006
2024-11-29,IND_GAN,1.33,15.57,4.1,0,0,True,synthetic_scenario_generator,26006
2024-11-30,IND_GAN,1.2,19.46,0.52,0,0,True,synthetic_scenario_generator,26006
2024-12-01,IND_GAN,0.83,21.55,2.06,0,0,True,synthetic_scenario_generator,26006
2024-12-02,IND_GAN,1.98,21.87,9.61,0,0,True,synthetic_scenario_generator,26006
2024-12-03,IND_GAN,2.0,15.92,1.73,0,0,True,synthetic_scenario_generator,26006
2024-12-04,IND_GAN,1.5,10.11,10.32,0,0,True,synthetic_scenario_generator,26006
2024-12-05,IND_GAN,1.1,24.29,10.81,0,0,True,synthetic_scenario_generator,26006
2024-12-06,IND_GAN,1.59,27.64,4.54,0,0,True,synthetic_scenario_generator,26006
2024-12-07,IND_GAN,1.81,24.25,1.99,0,0,True,synthetic_scenario_generator,26006
2024-12-08,IND_GAN,1.57,13.44,11.6,0,0,True,synthetic_scenario_generator,26006
2024-12-09,IND_GAN,1.72,16.94,11.9,0,0,True,synthetic_scenario_generator,26006
2024-12-10,IND_GAN,1.66,9.05,3.09,0,0,True,synthetic_scenario_generator,26006
2024-12-11,IND_GAN,1.09,22.75,3.21,0,0,True,synthetic_scenario_generator,26006
2024-12-12,IND_GAN,2.06,15.4,1.2,0,0,True,synthetic_scenario_generator,26006
2024-12-13,IND_GAN,1.53,19.0,0.75,0,0,True,synthetic_scenario_generator,26006
2024-12-14,IND_GAN,1.11,19.23,2.86,0,0,True,synthetic_scenario_generator,26006
2024-12-15,IND_GAN,1.99,28.8,3.57,0,0,True,synthetic_scenario_generator,26006
2024-12-16,IND_GAN,2.19,27.03,3.21,0,0,True,synthetic_scenario_generator,26006
2024-12-17,IND_GAN,0.82,16.98,4.43,0,0,True,synthetic_scenario_generator,26006
2024-12-18,IND_GAN,1.74,28.48,1.82,0,0,True,synthetic_scenario_generator,26006
2024-12-19,IND_GAN,1.34,22.8,6.26,0,0,True,synthetic_scenario_generator,26006
2024-12-20,IND_GAN,0.93,19.25,0.15,0,0,True,synthetic_scenario_generator,26006
2024-12-21,IND_GAN,1.59,17.87,0.52,0,0,True,synthetic_scenario_generator,26006
2024-12-22,IND_GAN,1.94,13.87,0.6,0,0,True,synthetic_scenario_generator,26006
2024-12-23,IND_GAN,1.85,24.57,9.09,0,0,True,synthetic_scenario_generator,26006
2024-12-24,IND_GAN,1.23,11.28,0.87,0,0,True,synthetic_scenario_generator,26006
2024-12-25,IND_GAN,1.33,17.98,3.71,0,0,True,synthetic_scenario_generator,26006
2024-12-26,IND_GAN,1.59,19.64,11.76,0,0,True,synthetic_scenario_generator,26006
2024-12-27,IND_GAN,1.74,19.82,1.3,0,0,True,synthetic_scenario_generator,26006
2024-12-28,IND_GAN,1.79,17.69,7.82,0,0,True,synthetic_scenario_generator,26006
2024-12-29,IND_GAN,1.75,23.63,2.22,0,0,True,synthetic_scenario_generator,26006
2024-12-30,IND_GAN,1.62,25.92,5.36,0,0,True,synthetic_scenario_generator,26006
2024-12-31,IND_GAN,2.28,17.46,2.67,0,0,True,synthetic_scenario_generator,26006
2025-01-01,IND_GAN,2.1,7.29,2.75,0,0,True,synthetic_scenario_generator,26006
2025-01-02,IND_GAN,0.81,12.49,6.63,0,0,True,synthetic_scenario_generator,26006
2025-01-03,IND_GAN,1.45,14.24,12.68,0,0,True,synthetic_scenario_generator,26006
2025-01-04,IND_GAN,1.37,18.58,1.44,0,0,True,synthetic_scenario_generator,26006
2025-01-05,IND_GAN,1.98,9.87,3.26,0,0,True,synthetic_scenario_generator,26006
2025-01-06,IND_GAN,1.11,7.5,1.31,0,0,True,synthetic_scenario_generator,26006
2025-01-07,IND_GAN,1.57,14.13,2.01,0,0,True,synthetic_scenario_generator,26006
2025-01-08,IND_GAN,0.84,8.38,7.35,0,0,True,synthetic_scenario_generator,26006
2025-01-09,IND_GAN,1.08,14.44,5.04,0,0,True,synthetic_scenario_generator,26006
2025-01-10,IND_GAN,0.92,8.58,1.86,0,0,True,synthetic_scenario_generator,26006
2025-01-11,IND_GAN,0.9,13.42,0.33,0,0,True,synthetic_scenario_generator,26006
2025-01-12,IND_GAN,1.58,18.43,3.96,0,0,True,synthetic_scenario_generator,26006
2025-01-13,IND_GAN,1.35,14.07,1.28,0,0,True,synthetic_scenario_generator,26006
2025-01-14,IND_GAN,0.99,14.44,3.15,0,0,True,synthetic_scenario_generator,26006
2025-01-15,IND_GAN,1.27,6.5,1.45,0,0,True,synthetic_scenario_generator,26006
2025-01-16,IND_GAN,1.13,9.43,5.11,0,0,True,synthetic_scenario_generator,26006
2025-01-17,IND_GAN,0.95,14.5,1.99,0,0,True,synthetic_scenario_generator,26006
2025-01-18,IND_GAN,1.2,8.99,3.2,0,0,True,synthetic_scenario_generator,26006
2025-01-19,IND_GAN,0.87,19.44,11.41,0,0,True,synthetic_scenario_generator,26006
2025-01-20,IND_GAN,0.9,21.54,9.44,0,0,True,synthetic_scenario_generator,26006
2025-01-21,IND_GAN,1.1,9.4,1.13,0,0,True,synthetic_scenario_generator,26006
2025-01-22,IND_GAN,1.09,11.34,8.35,0,0,True,synthetic_scenario_generator,26006
2025-01-23,IND_GAN,0.97,9.74,9.3,0,0,True,synthetic_scenario_generator,26006
2025-01-24,IND_GAN,0.38,24.72,6.96,0,0,True,synthetic_scenario_generator,26006
2025-01-25,IND_GAN,1.05,14.89,4.13,0,0,True,synthetic_scenario_generator,26006
2025-01-26,IND_GAN,0.74,19.08,10.68,0,0,True,synthetic_scenario_generator,26006
2025-01-27,IND_GAN,1.61,20.13,9.03,0,0,True,synthetic_scenario_generator,26006
2025-01-28,IND_GAN,0.3,15.69,2.7,0,0,True,synthetic_scenario_generator,26006
2025-01-29,IND_GAN,0.62,2.0,2.43,0,0,True,synthetic_scenario_generator,26006
2025-01-30,IND_GAN,0.42,15.89,6.02,0,0,True,synthetic_scenario_generator,26006
2025-01-31,IND_GAN,0.84,13.32,2.46,0,0,True,synthetic_scenario_generator,26006
2025-02-01,IND_GAN,0.9,17.74,1.4,0,0,True,synthetic_scenario_generator,26006
2025-02-02,IND_GAN,1.06,20.44,1.6,0,0,True,synthetic_scenario_generator,26006
2025-02-03,IND_GAN,1.02,11.92,1.47,0,0,True,synthetic_scenario_generator,26006
2025-02-04,IND_GAN,1.62,13.49,1.76,0,0,True,synthetic_scenario_generator,26006
2025-02-05,IND_GAN,1.05,11.52,6.66,0,0,True,synthetic_scenario_generator,26006
2025-02-06,IND_GAN,1.16,10.18,7.34,0,0,True,synthetic_scenario_generator,26006
2025-02-07,IND_GAN,0.56,2.45,2.44,0,0,True,synthetic_scenario_generator,26006
2025-02-08,IND_GAN,1.61,14.45,1.14,0,0,True,synthetic_scenario_generator,26006
2025-02-09,IND_GAN,1.22,13.48,0.86,0,0,True,synthetic_scenario_generator,26006
2025-02-10,IND_GAN,1.05,3.98,1.19,0,0,True,synthetic_scenario_generator,26006
2025-02-11,IND_GAN,1.35,19.48,0.88,0,0,True,synthetic_scenario_generator,26006
2025-02-12,IND_GAN,0.42,22.89,2.83,0,0,True,synthetic_scenario_generator,26006
2025-02-13,IND_GAN,0.48,21.48,1.19,0,0,True,synthetic_scenario_generator,26006
2025-02-14,IND_GAN,1.54,14.14,1.35,0,0,True,synthetic_scenario_generator,26006
2025-02-15,IND_GAN,1.93,18.75,8.4,0,0,True,synthetic_scenario_generator,26006
2025-02-16,IND_GAN,0.77,18.18,1.83,0,0,True,synthetic_scenario_generator,26006
2025-02-17,IND_GAN,1.1,15.35,3.8,0,0,True,synthetic_scenario_generator,26006
2025-02-18,IND_GAN,0.73,18.33,2.31,0,0,True,synthetic_scenario_generator,26006
2025-02-19,IND_GAN,1.19,18.31,14.28,0,0,True,synthetic_scenario_generator,26006
2025-02-20,IND_GAN,2.06,14.22,4.44,0,0,True,synthetic_scenario_generator,26006
2025-02-21,IND_GAN,0.29,10.13,0.42,0,0,True,synthetic_scenario_generator,26006
2025-02-22,IND_GAN,0.51,4.14,0.93,0,0,True,synthetic_scenario_generator,26006
2025-02-23,IND_GAN,1.21,17.61,0.17,0,0,True,synthetic_scenario_generator,26006
2025-02-24,IND_GAN,0.74,10.88,1.61,0,0,True,synthetic_scenario_generator,26006
2025-02-25,IND_GAN,0.47,10.88,0.52,0,0,True,synthetic_scenario_generator,26006
2025-02-26,IND_GAN,0.59,10.71,0.05,0,0,True,synthetic_scenario_generator,26006
2025-02-27,IND_GAN,0.82,21.55,7.65,0,0,True,synthetic_scenario_generator,26006
2025-02-28,IND_GAN,1.12,16.37,1.73,0,0,True,synthetic_scenario_generator,26006
2025-03-01,IND_GAN,0.88,19.95,3.88,0,0,True,synthetic_scenario_generator,26006
2025-03-02,IND_GAN,1.1,21.17,3.15,0,0,True,synthetic_scenario_generator,26006
2025-03-03,IND_GAN,1.41,19.73,1.93,0,0,True,synthetic_scenario_generator,26006
2025-03-04,IND_GAN,1.04,14.02,4.0,0,0,True,synthetic_scenario_generator,26006
2025-03-05,IND_GAN,1.1,17.02,11.3,0,0,True,synthetic_scenario_generator,26006
2025-03-06,IND_GAN,1.21,16.33,3.75,0,0,True,synthetic_scenario_generator,26006
2025-03-07,IND_GAN,1.09,18.29,6.51,0,0,True,synthetic_scenario_generator,26006
2025-03-08,IND_GAN,1.12,24.15,8.19,0,0,True,synthetic_scenario_generator,26006
2025-03-09,IND_GAN,0.78,8.91,0.81,0,0,True,synthetic_scenario_generator,26006
2025-03-10,IND_GAN,1.1,15.63,2.77,0,0,True,synthetic_scenario_generator,26006
2025-03-11,IND_GAN,1.3,10.08,1.86,0,0,True,synthetic_scenario_generator,26006
2025-03-12,IND_GAN,0.91,24.34,3.61,0,0,True,synthetic_scenario_generator,26006
2025-03-13,IND_GAN,1.26,12.53,3.49,0,0,True,synthetic_scenario_generator,26006
2025-03-14,IND_GAN,1.2,19.33,4.82,0,0,True,synthetic_scenario_generator,26006
2025-03-15,IND_GAN,0.52,7.92,0.87,0,0,True,synthetic_scenario_generator,26006
2025-03-16,IND_GAN,1.15,14.24,5.55,0,0,True,synthetic_scenario_generator,26006
2025-03-17,IND_GAN,1.34,18.12,2.51,0,0,True,synthetic_scenario_generator,26006
2025-03-18,IND_GAN,1.25,14.57,1.97,0,0,True,synthetic_scenario_generator,26006
2025-03-19,IND_GAN,1.67,11.52,0.81,0,0,True,synthetic_scenario_generator,26006
2025-03-20,IND_GAN,0.58,12.5,1.22,0,0,True,synthetic_scenario_generator,26006
2025-03-21,IND_GAN,0.75,12.03,3.69,0,0,True,synthetic_scenario_generator,26006
2025-03-22,IND_GAN,1.62,8.16,4.57,0,0,True,synthetic_scenario_generator,26006
2025-03-23,IND_GAN,1.26,13.16,4.03,0,0,True,synthetic_scenario_generator,26006
2025-03-24,IND_GAN,1.2,8.56,2.51,0,0,True,synthetic_scenario_generator,26006
2025-03-25,IND_GAN,0.24,10.28,2.59,0,0,True,synthetic_scenario_generator,26006
2025-03-26,IND_GAN,1.34,15.56,0.45,0,0,True,synthetic_scenario_generator,26006
2025-03-27,IND_GAN,1.24,21.46,1.78,0,0,True,synthetic_scenario_generator,26006
2025-03-28,IND_GAN,0.5,14.17,2.07,0,0,True,synthetic_scenario_generator,26006
2025-03-29,IND_GAN,0.65,3.97,7.0,0,0,True,synthetic_scenario_generator,26006
2025-03-30,IND_GAN,1.55,15.39,1.25,0,0,True,synthetic_scenario_generator,26006
2025-03-31,IND_GAN,1.83,12.56,12.08,0,0,True,synthetic_scenario_generator,26006
2025-04-01,IND_GAN,1.54,17.16,11.91,0,0,True,synthetic_scenario_generator,26006
2025-04-02,IND_GAN,1.79,17.68,6.54,0,0,True,synthetic_scenario_generator,26006
2025-04-03,IND_GAN,1.13,17.63,3.92,0,0,True,synthetic_scenario_generator,26006
2025-04-04,IND_GAN,0.98,20.32,1.28,0,0,True,synthetic_scenario_generator,26006
2025-04-05,IND_GAN,1.67,20.3,3.95,0,0,True,synthetic_scenario_generator,26006
2025-04-06,IND_GAN,0.94,15.46,0.59,0,0,True,synthetic_scenario_generator,26006
2025-04-07,IND_GAN,1.84,21.65,1.73,0,0,True,synthetic_scenario_generator,26006
2025-04-08,IND_GAN,1.22,21.15,1.5,0,0,True,synthetic_scenario_generator,26006
2025-04-09,IND_GAN,2.16,15.66,4.35,0,0,True,synthetic_scenario_generator,26006
2025-04-10,IND_GAN,1.55,20.95,1.87,0,0,True,synthetic_scenario_generator,26006
2025-04-11,IND_GAN,1.11,28.14,1.93,0,0,True,synthetic_scenario_generator,26006
2025-04-12,IND_GAN,1.66,27.72,9.19,0,0,True,synthetic_scenario_generator,26006
2025-04-13,IND_GAN,1.23,21.54,0.76,0,0,True,synthetic_scenario_generator,26006
2025-04-14,IND_GAN,1.54,27.3,0.42,0,0,True,synthetic_scenario_generator,26006
2025-04-15,IND_GAN,1.83,24.41,2.02,0,0,True,synthetic_scenario_generator,26006
2025-04-16,IND_GAN,1.66,12.59,3.96,0,0,True,synthetic_scenario_generator,26006
2025-04-17,IND_GAN,1.32,22.79,1.35,0,0,True,synthetic_scenario_generator,26006
2025-04-18,IND_GAN,1.28,22.5,2.71,0,0,True,synthetic_scenario_generator,26006
2025-04-19,IND_GAN,1.08,19.59,2.61,0,0,True,synthetic_scenario_generator,26006
2025-04-20,IND_GAN,1.05,17.17,9.46,0,0,True,synthetic_scenario_generator,26006
2025-04-21,IND_GAN,1.62,24.45,3.55,0,0,True,synthetic_scenario_generator,26006
2025-04-22,IND_GAN,1.66,25.81,4.9,0,0,True,synthetic_scenario_generator,26006
2025-04-23,IND_GAN,1.6,25.23,5.69,0,0,True,synthetic_scenario_generator,26006
2025-04-24,IND_GAN,2.4,8.96,1.08,0,0,True,synthetic_scenario_generator,26006
2025-04-25,IND_GAN,1.64,22.67,12.6,0,0,True,synthetic_scenario_generator,26006
2025-04-26,IND_GAN,1.51,18.25,5.73,0,0,True,synthetic_scenario_generator,26006
2025-04-27,IND_GAN,1.15,17.15,1.37,0,0,True,synthetic_scenario_generator,26006
2025-04-28,IND_GAN,1.06,18.54,3.44,0,0,True,synthetic_scenario_generator,26006
2025-04-29,IND_GAN,1.44,28.6,0.84,0,0,True,synthetic_scenario_generator,26006
2025-04-30,IND_GAN,0.83,22.91,9.25,0,0,True,synthetic_scenario_generator,26006
2025-05-01,IND_GAN,0.44,23.37,1.45,0,0,True,synthetic_scenario_generator,26006
2025-05-02,IND_GAN,1.85,24.8,1.9,0,0,True,synthetic_scenario_generator,26006
2025-05-03,IND_GAN,1.77,28.85,5.03,0,0,True,synthetic_scenario_generator,26006
2025-05-04,IND_GAN,1.73,16.22,0.08,0,0,True,synthetic_scenario_generator,26006
2025-05-05,IND_GAN,1.73,21.71,7.98,0,0,True,synthetic_scenario_generator,26006
2025-05-06,IND_GAN,1.84,27.95,6.43,0,0,True,synthetic_scenario_generator,26006
2025-05-07,IND_GAN,1.74,22.43,4.48,0,0,True,synthetic_scenario_generator,26006
2025-05-08,IND_GAN,1.38,14.22,2.69,0,0,True,synthetic_scenario_generator,26006
2025-05-09,IND_GAN,1.45,18.43,2.31,0,0,True,synthetic_scenario_generator,26006
2025-05-10,IND_GAN,2.29,23.75,1.23,0,0,True,synthetic_scenario_generator,26006
2025-05-11,IND_GAN,1.57,23.06,3.94,0,0,True,synthetic_scenario_generator,26006
2025-05-12,IND_GAN,0.99,10.74,1.61,0,0,True,synthetic_scenario_generator,26006
2025-05-13,IND_GAN,2.13,26.21,0.87,0,0,True,synthetic_scenario_generator,26006
2025-05-14,IND_GAN,1.0,23.29,5.72,0,0,True,synthetic_scenario_generator,26006
2025-05-15,IND_GAN,1.71,17.81,2.08,0,0,True,synthetic_scenario_generator,26006
2025-05-16,IND_GAN,1.16,16.63,3.41,0,0,True,synthetic_scenario_generator,26006
2025-05-17,IND_GAN,1.56,20.38,0.72,0,0,True,synthetic_scenario_generator,26006
2025-05-18,IND_GAN,1.67,29.9,2.33,0,0,True,synthetic_scenario_generator,26006
2025-05-19,IND_GAN,1.6,16.69,1.39,0,0,True,synthetic_scenario_generator,26006
2025-05-20,IND_GAN,1.6,17.55,2.02,0,0,True,synthetic_scenario_generator,26006
2025-05-21,IND_GAN,1.91,27.07,3.69,0,0,True,synthetic_scenario_generator,26006
2025-05-22,IND_GAN,1.87,22.47,2.44,0,0,True,synthetic_scenario_generator,26006
2025-05-23,IND_GAN,1.5,18.85,5.29,0,0,True,synthetic_scenario_generator,26006
2025-05-24,IND_GAN,0.97,28.01,5.22,0,0,True,synthetic_scenario_generator,26006
2025-05-25,IND_GAN,2.04,16.6,1.15,0,0,True,synthetic_scenario_generator,26006
2025-05-26,IND_GAN,0.94,19.64,2.44,0,0,True,synthetic_scenario_generator,26006
2025-05-27,IND_GAN,1.89,16.84,5.34,0,0,True,synthetic_scenario_generator,26006
2025-05-28,IND_GAN,2.18,18.84,5.92,0,0,True,synthetic_scenario_generator,26006
2025-05-29,IND_GAN,1.58,9.14,2.01,0,0,True,synthetic_scenario_generator,26006
2025-05-30,IND_GAN,1.72,19.32,2.18,0,0,True,synthetic_scenario_generator,26006
2025-05-31,IND_GAN,1.03,12.86,3.99,0,0,True,synthetic_scenario_generator,26006
2025-06-01,IND_GAN,2.41,36.75,3.28,0,1,True,synthetic_scenario_generator,26006
2025-06-02,IND_GAN,3.26,36.58,41.76,0,1,True,synthetic_scenario_generator,26006
2025-06-03,IND_GAN,1.65,36.98,8.71,0,1,True,synthetic_scenario_generator,26006
2025-06-04,IND_GAN,3.05,22.07,12.51,0,1,True,synthetic_scenario_generator,26006
2025-06-05,IND_GAN,3.33,30.8,0.28,0,1,True,synthetic_scenario_generator,26006
2025-06-06,IND_GAN,3.06,38.01,18.94,0,1,True,synthetic_scenario_generator,26006
2025-06-07,IND_GAN,3.16,32.66,9.33,0,1,True,synthetic_scenario_generator,26006
2025-06-08,IND_GAN,2.94,24.21,14.63,0,1,True,synthetic_scenario_generator,26006
2025-06-09,IND_GAN,2.33,30.41,1.01,0,1,True,synthetic_scenario_generator,26006
2025-06-10,IND_GAN,2.52,36.78,24.55,0,1,True,synthetic_scenario_generator,26006
2025-06-11,IND_GAN,2.35,30.24,3.51,0,1,True,synthetic_scenario_generator,26006
2025-06-12,IND_GAN,2.93,32.58,2.02,0,1,True,synthetic_scenario_generator,26006
2025-06-13,IND_GAN,2.77,35.79,3.58,0,1,True,synthetic_scenario_generator,26006
2025-06-14,IND_GAN,2.95,42.17,22.76,0,1,True,synthetic_scenario_generator,26006
2025-06-15,IND_GAN,2.88,29.31,4.25,0,1,True,synthetic_scenario_generator,26006
2025-06-16,IND_GAN,2.99,37.77,1.55,0,1,True,synthetic_scenario_generator,26006
2025-06-17,IND_GAN,2.42,32.17,9.79,0,1,True,synthetic_scenario_generator,26006
2025-06-18,IND_GAN,2.48,29.6,43.1,0,1,True,synthetic_scenario_generator,26006
2025-06-19,IND_GAN,2.61,26.63,13.62,0,1,True,synthetic_scenario_generator,26006
2025-06-20,IND_GAN,3.0,32.73,1.98,0,1,True,synthetic_scenario_generator,26006
2025-06-21,IND_GAN,2.94,27.0,0.89,0,1,True,synthetic_scenario_generator,26006
2025-06-22,IND_GAN,2.44,21.43,68.96,0,1,True,synthetic_scenario_generator,26006
2025-06-23,IND_GAN,2.93,36.66,2.15,0,1,True,synthetic_scenario_generator,26006
2025-06-24,IND_GAN,2.91,32.25,28.45,0,1,True,synthetic_scenario_generator,26006
2025-06-25,IND_GAN,2.15,36.64,9.56,0,1,True,synthetic_scenario_generator,26006
2025-06-26,IND_GAN,2.43,38.14,3.09,0,1,True,synthetic_scenario_generator,26006
2025-06-27,IND_GAN,2.61,37.33,13.67,0,1,True,synthetic_scenario_generator,26006
2025-06-28,IND_GAN,2.2,35.78,15.86,0,1,True,synthetic_scenario_generator,26006
2025-06-29,IND_GAN,3.51,35.84,15.88,1,1,True,synthetic_scenario_generator,26006
2025-06-30,IND_GAN,3.48,34.14,17.34,1,1,True,synthetic_scenario_generator,26006
2025-07-01,IND_GAN,2.47,26.76,0.15,0,1,True,synthetic_scenario_generator,26006
2025-07-02,IND_GAN,2.42,39.3,1.54,0,1,True,synthetic_scenario_generator,26006
2025-07-03,IND_GAN,2.58,27.49,7.53,0,1,True,synthetic_scenario_generator,26006
2025-07-04,IND_GAN,1.73,26.35,12.93,0,1,True,synthetic_scenario_generator,26006
2025-07-05,IND_GAN,1.25,29.47,25.4,0,1,True,synthetic_scenario_generator,26006
2025-07-06,IND_GAN,2.13,26.03,26.16,0,1,True,synthetic_scenario_generator,26006
2025-07-07,IND_GAN,2.43,36.52,0.9,0,1,True,synthetic_scenario_generator,26006
2025-07-08,IND_GAN,2.08,16.49,28.86,0,1,True,synthetic_scenario_generator,26006
2025-07-09,IND_GAN,1.97,32.42,4.2,0,1,True,synthetic_scenario_generator,26006
2025-07-10,IND_GAN,2.46,24.99,2.63,0,1,True,synthetic_scenario_generator,26006
2025-07-11,IND_GAN,1.52,25.94,10.49,0,1,True,synthetic_scenario_generator,26006
2025-07-12,IND_GAN,2.03,28.53,6.84,0,1,True,synthetic_scenario_generator,26006
2025-07-13,IND_GAN,1.66,29.94,61.09,0,1,True,synthetic_scenario_generator,26006
2025-07-14,IND_GAN,2.73,27.21,4.97,0,1,True,synthetic_scenario_generator,26006
2025-07-15,IND_GAN,2.22,29.47,12.52,0,1,True,synthetic_scenario_generator,26006
2025-07-16,IND_GAN,1.77,23.44,10.37,0,1,True,synthetic_scenario_generator,26006
2025-07-17,IND_GAN,2.41,19.57,38.01,0,1,True,synthetic_scenario_generator,26006
2025-07-18,IND_GAN,2.13,31.0,8.82,0,1,True,synthetic_scenario_generator,26006
2025-07-19,IND_GAN,2.99,24.92,13.9,0,1,True,synthetic_scenario_generator,26006
2025-07-20,IND_GAN,1.95,25.12,6.18,0,1,True,synthetic_scenario_generator,26006
2025-07-21,IND_GAN,2.37,27.63,3.19,0,1,True,synthetic_scenario_generator,26006
2025-07-22,IND_GAN,2.28,24.17,16.23,0,1,True,synthetic_scenario_generator,26006
2025-07-23,IND_GAN,1.72,30.22,10.67,0,1,True,synthetic_scenario_generator,26006
2025-07-24,IND_GAN,1.89,27.77,2.08,0,1,True,synthetic_scenario_generator,26006
2025-07-25,IND_GAN,1.5,33.54,10.11,0,1,True,synthetic_scenario_generator,26006
2025-07-26,IND_GAN,2.68,25.5,43.03,0,1,True,synthetic_scenario_generator,26006
2025-07-27,IND_GAN,2.22,25.22,4.72,0,1,True,synthetic_scenario_generator,26006
2025-07-28,IND_GAN,2.48,32.82,13.34,0,1,True,synthetic_scenario_generator,26006
2025-07-29,IND_GAN,1.9,28.97,1.02,0,1,True,synthetic_scenario_generator,26006
2025-07-30,IND_GAN,2.5,32.82,8.32,0,1,True,synthetic_scenario_generator,26006
2025-07-31,IND_GAN,1.62,16.75,4.41,0,1,True,synthetic_scenario_generator,26006
2025-08-01,IND_GAN,2.09,25.93,2.84,0,1,True,synthetic_scenario_generator,26006
2025-08-02,IND_GAN,2.27,33.3,28.01,0,1,True,synthetic_scenario_generator,26006
2025-08-03,IND_GAN,2.92,27.66,13.38,0,1,True,synthetic_scenario_generator,26006
2025-08-04,IND_GAN,2.07,28.1,3.96,0,1,True,synthetic_scenario_generator,26006
2025-08-05,IND_GAN,1.8,26.07,16.96,0,1,True,synthetic_scenario_generator,26006
2025-08-06,IND_GAN,2.11,14.01,20.23,0,1,True,synthetic_scenario_generator,26006
2025-08-07,IND_GAN,2.07,34.84,10.45,0,1,True,synthetic_scenario_generator,26006
2025-08-08,IND_GAN,0.92,34.92,7.88,0,1,True,synthetic_scenario_generator,26006
2025-08-09,IND_GAN,2.07,32.29,23.6,0,1,True,synthetic_scenario_generator,26006
2025-08-10,IND_GAN,2.32,22.2,9.39,0,1,True,synthetic_scenario_generator,26006
2025-08-11,IND_GAN,1.47,29.24,20.99,0,1,True,synthetic_scenario_generator,26006
2025-08-12,IND_GAN,1.88,19.31,18.3,0,1,True,synthetic_scenario_generator,26006
2025-08-13,IND_GAN,2.2,32.95,18.64,0,1,True,synthetic_scenario_generator,26006
2025-08-14,IND_GAN,1.43,42.64,16.62,0,1,True,synthetic_scenario_generator,26006
2025-08-15,IND_GAN,2.41,21.4,5.06,0,1,True,synthetic_scenario_generator,26006
2025-08-16,IND_GAN,2.43,21.38,8.15,0,1,True,synthetic_scenario_generator,26006
2025-08-17,IND_GAN,2.61,20.31,12.75,0,1,True,synthetic_scenario_generator,26006
2025-08-18,IND_GAN,1.79,26.69,1.92,0,1,True,synthetic_scenario_generator,26006
2025-08-19,IND_GAN,2.04,29.65,23.95,0,1,True,synthetic_scenario_generator,26006
2025-08-20,IND_GAN,2.62,23.51,2.13,0,1,True,synthetic_scenario_generator,26006
2025-08-21,IND_GAN,3.33,26.91,1.6,0,1,True,synthetic_scenario_generator,26006
2025-08-22,IND_GAN,1.9,29.86,3.41,0,1,True,synthetic_scenario_generator,26006
2025-08-23,IND_GAN,1.71,26.7,53.06,0,1,True,synthetic_scenario_generator,26006
2025-08-24,IND_GAN,2.18,32.05,23.64,0,1,True,synthetic_scenario_generator,26006
2025-08-25,IND_GAN,2.06,32.32,15.45,0,1,True,synthetic_scenario_generator,26006
2025-08-26,IND_GAN,1.36,25.9,4.12,0,1,True,synthetic_scenario_generator,26006
2025-08-27,IND_GAN,2.26,20.38,7.12,0,1,True,synthetic_scenario_generator,26006
2025-08-28,IND_GAN,2.94,31.61,20.7,0,1,True,synthetic_scenario_generator,26006
2025-08-29,IND_GAN,1.84,36.04,3.4,0,1,True,synthetic_scenario_generator,26006
2025-08-30,IND_GAN,2.05,21.29,18.84,0,1,True,synthetic_scenario_generator,26006
2025-08-31,IND_GAN,1.74,25.15,11.29,0,1,True,synthetic_scenario_generator,26006
2025-09-01,IND_GAN,2.02,28.13,14.75,0,1,True,synthetic_scenario_generator,26006
2025-09-02,IND_GAN,2.8,28.52,2.48,0,1,True,synthetic_scenario_generator,26006
2025-09-03,IND_GAN,2.35,20.68,7.08,0,1,True,synthetic_scenario_generator,26006
2025-09-04,IND_GAN,2.38,24.53,9.79,0,1,True,synthetic_scenario_generator,26006
2025-09-05,IND_GAN,1.92,27.41,8.05,0,1,True,synthetic_scenario_generator,26006
2025-09-06,IND_GAN,2.18,21.1,29.25,0,1,True,synthetic_scenario_generator,26006
2025-09-07,IND_GAN,2.14,32.69,6.13,0,1,True,synthetic_scenario_generator,26006
2025-09-08,IND_GAN,2.09,27.11,7.0,0,1,True,synthetic_scenario_generator,26006
2025-09-09,IND_GAN,2.85,31.47,13.19,0,1,True,synthetic_scenario_generator,26006
2025-09-10,IND_GAN,1.9,28.87,3.81,0,1,True,synthetic_scenario_generator,26006
2025-09-11,IND_GAN,1.78,31.43,63.19,0,1,True,synthetic_scenario_generator,26006
2025-09-12,IND_GAN,2.43,36.09,14.23,0,1,True,synthetic_scenario_generator,26006
2025-09-13,IND_GAN,1.39,19.88,6.41,0,1,True,synthetic_scenario_generator,26006
2025-09-14,IND_GAN,1.83,25.98,5.63,0,1,True,synthetic_scenario_generator,26006
2025-09-15,IND_GAN,1.68,33.89,8.41,0,1,True,synthetic_scenario_generator,26006
2025-09-16,IND_GAN,1.88,33.81,0.96,0,1,True,synthetic_scenario_generator,26006
2025-09-17,IND_GAN,2.07,33.14,1.29,0,1,True,synthetic_scenario_generator,26006
2025-09-18,IND_GAN,1.5,34.41,22.97,0,1,True,synthetic_scenario_generator,26006
2025-09-19,IND_GAN,1.92,38.89,24.3,0,1,True,synthetic_scenario_generator,26006
2025-09-20,IND_GAN,2.09,32.83,23.28,0,1,True,synthetic_scenario_generator,26006
2025-09-21,IND_GAN,2.39,28.46,5.47,0,1,True,synthetic_scenario_generator,26006
2025-09-22,IND_GAN,1.65,28.88,7.59,0,1,True,synthetic_scenario_generator,26006
2025-09-23,IND_GAN,1.89,21.23,19.51,0,1,True,synthetic_scenario_generator,26006
2025-09-24,IND_GAN,2.55,20.62,25.74,0,1,True,synthetic_scenario_generator,26006
2025-09-25,IND_GAN,1.99,27.22,12.88,0,1,True,synthetic_scenario_generator,26006
2025-09-26,IND_GAN,1.62,19.84,0.75,0,1,True,synthetic_scenario_generator,26006
2025-09-27,IND_GAN,2.42,25.8,21.12,0,1,True,synthetic_scenario_generator,26006
2025-09-28,IND_GAN,1.89,26.36,8.32,0,1,True,synthetic_scenario_generator,26006
2025-09-29,IND_GAN,1.88,25.12,18.53,0,1,True,synthetic_scenario_generator,26006
2025-09-30,IND_GAN,2.33,28.46,12.51,0,1,True,synthetic_scenario_generator,26006
2025-10-01,IND_GAN,1.17,24.36,1.13,0,0,True,synthetic_scenario_generator,26006
2025-10-02,IND_GAN,1.17,29.66,1.4,0,0,True,synthetic_scenario_generator,26006
2025-10-03,IND_GAN,1.75,18.9,8.97,0,0,True,synthetic_scenario_generator,26006
2025-10-04,IND_GAN,1.86,15.95,4.12,0,0,True,synthetic_scenario_generator,26006
2025-10-05,IND_GAN,1.42,21.88,0.66,0,0,True,synthetic_scenario_generator,26006
2025-10-06,IND_GAN,1.06,18.94,0.65,0,0,True,synthetic_scenario_generator,26006
2025-10-07,IND_GAN,1.59,16.59,2.14,0,0,True,synthetic_scenario_generator,26006
2025-10-08,IND_GAN,0.62,18.8,0.99,0,0,True,synthetic_scenario_generator,26006
2025-10-09,IND_GAN,1.6,24.35,0.99,0,0,True,synthetic_scenario_generator,26006
2025-10-10,IND_GAN,1.24,21.16,2.66,0,0,True,synthetic_scenario_generator,26006
2025-10-11,IND_GAN,1.84,23.73,4.02,0,0,True,synthetic_scenario_generator,26006
2025-10-12,IND_GAN,1.9,24.38,2.4,0,0,True,synthetic_scenario_generator,26006
2025-10-13,IND_GAN,1.28,29.25,2.78,0,0,True,synthetic_scenario_generator,26006
2025-10-14,IND_GAN,1.14,29.82,1.92,0,0,True,synthetic_scenario_generator,26006
2025-10-15,IND_GAN,1.27,17.86,6.56,0,0,True,synthetic_scenario_generator,26006
2025-10-16,IND_GAN,1.35,18.7,7.42,0,0,True,synthetic_scenario_generator,26006
2025-10-17,IND_GAN,1.35,28.84,0.05,0,0,True,synthetic_scenario_generator,26006
2025-10-18,IND_GAN,1.76,26.57,1.5,0,0,True,synthetic_scenario_generator,26006
2025-10-19,IND_GAN,2.14,18.87,5.32,0,0,True,synthetic_scenario_generator,26006
2025-10-20,IND_GAN,1.61,20.15,1.81,0,0,True,synthetic_scenario_generator,26006
2025-10-21,IND_GAN,1.03,19.95,1.6,0,0,True,synthetic_scenario_generator,26006
2025-10-22,IND_GAN,1.92,21.28,5.3,0,0,True,synthetic_scenario_generator,26006
2025-10-23,IND_GAN,1.12,15.58,2.93,0,0,True,synthetic_scenario_generator,26006
2025-10-24,IND_GAN,1.38,24.68,7.72,0,0,True,synthetic_scenario_generator,26006
2025-10-25,IND_GAN,1.98,18.05,1.44,0,0,True,synthetic_scenario_generator,26006
2025-10-26,IND_GAN,1.42,19.45,0.74,0,0,True,synthetic_scenario_generator,26006
2025-10-27,IND_GAN,1.59,16.37,0.23,0,0,True,synthetic_scenario_generator,26006
2025-10-28,IND_GAN,1.34,20.1,2.1,0,0,True,synthetic_scenario_generator,26006
2025-10-29,IND_GAN,1.56,19.91,0.91,0,0,True,synthetic_scenario_generator,26006
2025-10-30,IND_GAN,1.1,22.22,0.87,0,0,True,synthetic_scenario_generator,26006
2025-10-31,IND_GAN,0.93,17.83,6.62,0,0,True,synthetic_scenario_generator,26006
2025-11-01,IND_GAN,1.47,17.91,0.5,0,0,True,synthetic_scenario_generator,26006
2025-11-02,IND_GAN,1.29,17.24,3.4,0,0,True,synthetic_scenario_generator,26006
2025-11-03,IND_GAN,1.51,20.97,2.11,0,0,True,synthetic_scenario_generator,26006
2025-11-04,IND_GAN,1.72,25.51,2.79,0,0,True,synthetic_scenario_generator,26006
2025-11-05,IND_GAN,1.45,15.67,1.25,0,0,True,synthetic_scenario_generator,26006
2025-11-06,IND_GAN,1.9,22.53,8.27,0,0,True,synthetic_scenario_generator,26006
2025-11-07,IND_GAN,1.05,17.48,4.07,0,0,True,synthetic_scenario_generator,26006
2025-11-08,IND_GAN,1.11,17.59,12.4,0,0,True,synthetic_scenario_generator,26006
2025-11-09,IND_GAN,1.51,28.48,1.07,0,0,True,synthetic_scenario_generator,26006
2025-11-10,IND_GAN,1.63,20.31,1.19,0,0,True,synthetic_scenario_generator,26006
2025-11-11,IND_GAN,1.09,27.11,4.44,0,0,True,synthetic_scenario_generator,26006
2025-11-12,IND_GAN,2.14,11.06,2.71,0,0,True,synthetic_scenario_generator,26006
2025-11-13,IND_GAN,1.62,20.47,8.0,0,0,True,synthetic_scenario_generator,26006
2025-11-14,IND_GAN,2.36,33.04,11.33,0,0,True,synthetic_scenario_generator,26006
2025-11-15,IND_GAN,1.16,16.81,4.12,0,0,True,synthetic_scenario_generator,26006
2025-11-16,IND_GAN,1.06,25.14,5.07,0,0,True,synthetic_scenario_generator,26006
2025-11-17,IND_GAN,1.89,20.2,0.94,0,0,True,synthetic_scenario_generator,26006
2025-11-18,IND_GAN,1.95,13.45,4.52,0,0,True,synthetic_scenario_generator,26006
2025-11-19,IND_GAN,1.69,18.9,2.69,0,0,True,synthetic_scenario_generator,26006
2025-11-20,IND_GAN,1.65,16.76,2.38,0,0,True,synthetic_scenario_generator,26006
2025-11-21,IND_GAN,1.5,15.15,10.94,0,0,True,synthetic_scenario_generator,26006
2025-11-22,IND_GAN,1.58,21.79,5.58,0,0,True,synthetic_scenario_generator,26006
2025-11-23,IND_GAN,1.33,19.01,5.71,0,0,True,synthetic_scenario_generator,26006
2025-11-24,IND_GAN,2.16,17.26,1.73,0,0,True,synthetic_scenario_generator,26006
2025-11-25,IND_GAN,1.28,17.93,3.17,0,0,True,synthetic_scenario_generator,26006
2025-11-26,IND_GAN,1.83,18.48,0.45,0,0,True,synthetic_scenario_generator,26006
2025-11-27,IND_GAN,1.85,22.87,10.84,0,0,True,synthetic_scenario_generator,26006
2025-11-28,IND_GAN,1.98,19.65,0.18,0,0,True,synthetic_scenario_generator,26006
2025-11-29,IND_GAN,1.68,22.44,2.85,0,0,True,synthetic_scenario_generator,26006
2025-11-30,IND_GAN,1.97,23.41,5.92,0,0,True,synthetic_scenario_generator,26006
2025-12-01,IND_GAN,0.99,21.55,2.7,0,0,True,synthetic_scenario_generator,26006
2025-12-02,IND_GAN,1.67,22.98,0.59,0,0,True,synthetic_scenario_generator,26006
2025-12-03,IND_GAN,1.71,20.14,3.53,0,0,True,synthetic_scenario_generator,26006
2025-12-04,IND_GAN,1.98,26.45,2.68,0,0,True,synthetic_scenario_generator,26006
2025-12-05,IND_GAN,1.54,18.54,1.87,0,0,True,synthetic_scenario_generator,26006
2025-12-06,IND_GAN,1.19,18.55,2.04,0,0,True,synthetic_scenario_generator,26006
2025-12-07,IND_GAN,0.86,14.27,0.57,0,0,True,synthetic_scenario_generator,26006
2025-12-08,IND_GAN,1.37,16.95,1.4,0,0,True,synthetic_scenario_generator,26006
2025-12-09,IND_GAN,1.74,26.88,1.34,0,0,True,synthetic_scenario_generator,26006
2025-12-10,IND_GAN,0.8,21.43,5.97,0,0,True,synthetic_scenario_generator,26006
2025-12-11,IND_GAN,1.4,20.65,6.68,0,0,True,synthetic_scenario_generator,26006
2025-12-12,IND_GAN,1.75,28.81,5.13,0,0,True,synthetic_scenario_generator,26006
2025-12-13,IND_GAN,0.97,17.16,3.18,0,0,True,synthetic_scenario_generator,26006
2025-12-14,IND_GAN,1.38,12.55,3.95,0,0,True,synthetic_scenario_generator,26006
2025-12-15,IND_GAN,1.52,24.19,9.36,0,0,True,synthetic_scenario_generator,26006
2025-12-16,IND_GAN,1.44,28.78,1.37,0,0,True,synthetic_scenario_generator,26006
2025-12-17,IND_GAN,2.02,20.57,4.1,0,0,True,synthetic_scenario_generator,26006
2025-12-18,IND_GAN,1.81,27.81,1.92,0,0,True,synthetic_scenario_generator,26006
2025-12-19,IND_GAN,0.88,18.66,1.87,0,0,True,synthetic_scenario_generator,26006
2025-12-20,IND_GAN,1.72,17.7,10.77,0,0,True,synthetic_scenario_generator,26006
2025-12-21,IND_GAN,1.63,24.74,0.17,0,0,True,synthetic_scenario_generator,26006
2025-12-22,IND_GAN,1.52,20.33,0.79,0,0,True,synthetic_scenario_generator,26006
2025-12-23,IND_GAN,1.88,20.11,1.85,0,0,True,synthetic_scenario_generator,26006
2025-12-24,IND_GAN,1.6,22.29,7.19,0,0,True,synthetic_scenario_generator,26006
2025-12-25,IND_GAN,1.39,20.26,1.02,0,0,True,synthetic_scenario_generator,26006
2025-12-26,IND_GAN,0.99,20.23,2.06,0,0,True,synthetic_scenario_generator,26006
2025-12-27,IND_GAN,1.45,11.01,6.81,0,0,True,synthetic_scenario_generator,26006
2025-12-28,IND_GAN,1.45,23.66,5.47,0,0,True,synthetic_scenario_generator,26006
2025-12-29,IND_GAN,1.25,14.82,2.78,0,0,True,synthetic_scenario_generator,26006
2025-12-30,IND_GAN,1.95,23.97,2.68,0,0,True,synthetic_scenario_generator,26006
2025-12-31,IND_GAN,1.43,19.49,1.16,0,0,True,synthetic_scenario_generator,26006
2026-01-01,IND_GAN,1.11,11.14,4.54,0,0,True,synthetic_scenario_generator,26006
2026-01-02,IND_GAN,1.11,17.9,2.01,0,0,True,synthetic_scenario_generator,26006
2026-01-03,IND_GAN,1.16,11.31,2.46,0,0,True,synthetic_scenario_generator,26006
2026-01-04,IND_GAN,0.84,14.4,0.55,0,0,True,synthetic_scenario_generator,26006
2026-01-05,IND_GAN,1.14,17.68,0.98,0,0,True,synthetic_scenario_generator,26006
2026-01-06,IND_GAN,1.02,18.05,4.37,0,0,True,synthetic_scenario_generator,26006
2026-01-07,IND_GAN,1.11,17.33,3.29,0,0,True,synthetic_scenario_generator,26006
2026-01-08,IND_GAN,1.44,20.01,0.84,0,0,True,synthetic_scenario_generator,26006
2026-01-09,IND_GAN,2.49,22.07,14.88,0,0,True,synthetic_scenario_generator,26006
2026-01-10,IND_GAN,1.22,11.08,0.51,0,0,True,synthetic_scenario_generator,26006
2026-01-11,IND_GAN,0.89,11.59,1.22,0,0,True,synthetic_scenario_generator,26006
2026-01-12,IND_GAN,1.43,12.09,10.05,0,0,True,synthetic_scenario_generator,26006
2026-01-13,IND_GAN,1.17,13.06,3.04,0,0,True,synthetic_scenario_generator,26006
2026-01-14,IND_GAN,0.81,15.4,1.28,0,0,True,synthetic_scenario_generator,26006
2026-01-15,IND_GAN,1.13,17.86,3.1,0,0,True,synthetic_scenario_generator,26006
2026-01-16,IND_GAN,1.18,16.98,3.25,0,0,True,synthetic_scenario_generator,26006
2026-01-17,IND_GAN,1.37,15.88,3.86,0,0,True,synthetic_scenario_generator,26006
2026-01-18,IND_GAN,0.89,24.44,9.47,0,0,True,synthetic_scenario_generator,26006
2026-01-19,IND_GAN,1.13,14.44,0.68,0,0,True,synthetic_scenario_generator,26006
2026-01-20,IND_GAN,1.18,14.08,2.88,0,0,True,synthetic_scenario_generator,26006
2026-01-21,IND_GAN,0.68,16.94,1.99,0,0,True,synthetic_scenario_generator,26006
2026-01-22,IND_GAN,0.88,19.71,9.14,0,0,True,synthetic_scenario_generator,26006
2026-01-23,IND_GAN,0.95,14.19,5.71,0,0,True,synthetic_scenario_generator,26006
2026-01-24,IND_GAN,0.51,14.28,5.51,0,0,True,synthetic_scenario_generator,26006
2026-01-25,IND_GAN,1.04,6.66,9.84,0,0,True,synthetic_scenario_generator,26006
2026-01-26,IND_GAN,1.21,7.6,3.54,0,0,True,synthetic_scenario_generator,26006
2026-01-27,IND_GAN,0.63,14.17,5.51,0,0,True,synthetic_scenario_generator,26006
2026-01-28,IND_GAN,0.51,19.21,7.18,0,0,True,synthetic_scenario_generator,26006
2026-01-29,IND_GAN,0.86,19.76,0.81,0,0,True,synthetic_scenario_generator,26006
2026-01-30,IND_GAN,0.67,6.53,1.08,0,0,True,synthetic_scenario_generator,26006
2026-01-31,IND_GAN,0.68,5.74,4.78,0,0,True,synthetic_scenario_generator,26006
2026-02-01,IND_GAN,1.05,14.8,4.61,0,0,True,synthetic_scenario_generator,26006
2026-02-02,IND_GAN,1.0,7.4,7.11,0,0,True,synthetic_scenario_generator,26006
2026-02-03,IND_GAN,1.5,15.49,2.95,0,0,True,synthetic_scenario_generator,26006
2026-02-04,IND_GAN,1.19,16.88,2.54,0,0,True,synthetic_scenario_generator,26006
2026-02-05,IND_GAN,1.56,16.91,2.02,0,0,True,synthetic_scenario_generator,26006
2026-02-06,IND_GAN,1.36,8.36,5.29,0,0,True,synthetic_scenario_generator,26006
2026-02-07,IND_GAN,0.78,17.62,1.25,0,0,True,synthetic_scenario_generator,26006
2026-02-08,IND_GAN,0.67,13.88,3.7,0,0,True,synthetic_scenario_generator,26006
2026-02-09,IND_GAN,1.57,9.76,2.58,0,0,True,synthetic_scenario_generator,26006
2026-02-10,IND_GAN,1.5,22.97,6.55,0,0,True,synthetic_scenario_generator,26006
2026-02-11,IND_GAN,2.06,13.43,2.52,0,0,True,synthetic_scenario_generator,26006
2026-02-12,IND_GAN,1.22,24.16,6.57,0,0,True,synthetic_scenario_generator,26006
2026-02-13,IND_GAN,1.31,5.14,0.7,0,0,True,synthetic_scenario_generator,26006
2026-02-14,IND_GAN,0.59,15.43,2.08,0,0,True,synthetic_scenario_generator,26006
2026-02-15,IND_GAN,1.19,8.64,2.01,0,0,True,synthetic_scenario_generator,26006
2026-02-16,IND_GAN,1.72,8.68,13.9,0,0,True,synthetic_scenario_generator,26006
2026-02-17,IND_GAN,1.38,13.6,2.02,0,0,True,synthetic_scenario_generator,26006
2026-02-18,IND_GAN,1.05,9.1,9.27,0,0,True,synthetic_scenario_generator,26006
2026-02-19,IND_GAN,1.25,13.97,0.37,0,0,True,synthetic_scenario_generator,26006
2026-02-20,IND_GAN,1.05,16.42,1.97,0,0,True,synthetic_scenario_generator,26006
2026-02-21,IND_GAN,0.57,22.77,5.06,0,0,True,synthetic_scenario_generator,26006
2026-02-22,IND_GAN,0.78,22.49,3.92,0,0,True,synthetic_scenario_generator,26006
2026-02-23,IND_GAN,1.1,14.69,4.17,0,0,True,synthetic_scenario_generator,26006
2026-02-24,IND_GAN,0.47,8.83,7.11,0,0,True,synthetic_scenario_generator,26006
2026-02-25,IND_GAN,1.19,7.07,0.36,0,0,True,synthetic_scenario_generator,26006
2026-02-26,IND_GAN,1.39,12.55,8.42,0,0,True,synthetic_scenario_generator,26006
2026-02-27,IND_GAN,0.97,14.46,2.51,0,0,True,synthetic_scenario_generator,26006
2026-02-28,IND_GAN,1.02,25.56,1.31,0,0,True,synthetic_scenario_generator,26006
2026-03-01,IND_GAN,1.05,12.58,2.99,0,0,True,synthetic_scenario_generator,26006
2026-03-02,IND_GAN,1.05,16.71,0.58,0,0,True,synthetic_scenario_generator,26006
2026-03-03,IND_GAN,1.43,22.15,0.91,0,0,True,synthetic_scenario_generator,26006
2026-03-04,IND_GAN,1.14,18.9,1.58,0,0,True,synthetic_scenario_generator,26006
2026-03-05,IND_GAN,0.64,12.7,0.04,0,0,True,synthetic_scenario_generator,26006
2026-03-06,IND_GAN,1.53,12.36,0.12,0,0,True,synthetic_scenario_generator,26006
2026-03-07,IND_GAN,0.52,18.9,3.88,0,0,True,synthetic_scenario_generator,26006
2026-03-08,IND_GAN,0.73,11.73,1.12,0,0,True,synthetic_scenario_generator,26006
2026-03-09,IND_GAN,0.95,18.39,1.36,0,0,True,synthetic_scenario_generator,26006
2026-03-10,IND_GAN,0.98,8.13,1.71,0,0,True,synthetic_scenario_generator,26006
2026-03-11,IND_GAN,1.21,20.75,2.8,0,0,True,synthetic_scenario_generator,26006
2026-03-12,IND_GAN,0.76,12.89,2.36,0,0,True,synthetic_scenario_generator,26006
2026-03-13,IND_GAN,1.16,13.62,4.58,0,0,True,synthetic_scenario_generator,26006
2026-03-14,IND_GAN,1.79,11.24,1.92,0,0,True,synthetic_scenario_generator,26006
2026-03-15,IND_GAN,1.35,14.31,9.7,0,0,True,synthetic_scenario_generator,26006
2026-03-16,IND_GAN,1.93,10.2,4.93,0,0,True,synthetic_scenario_generator,26006
2026-03-17,IND_GAN,0.81,15.54,0.19,0,0,True,synthetic_scenario_generator,26006
2026-03-18,IND_GAN,0.62,20.37,2.31,0,0,True,synthetic_scenario_generator,26006
2026-03-19,IND_GAN,1.3,13.53,3.72,0,0,True,synthetic_scenario_generator,26006
2026-03-20,IND_GAN,0.98,15.1,13.15,0,0,True,synthetic_scenario_generator,26006
2026-03-21,IND_GAN,1.37,15.3,4.57,0,0,True,synthetic_scenario_generator,26006
2026-03-22,IND_GAN,1.44,9.49,4.7,0,0,True,synthetic_scenario_generator,26006
2026-03-23,IND_GAN,1.17,12.78,2.82,0,0,True,synthetic_scenario_generator,26006
2026-03-24,IND_GAN,1.31,8.62,0.89,0,0,True,synthetic_scenario_generator,26006
2026-03-25,IND_GAN,0.22,18.41,10.57,0,0,True,synthetic_scenario_generator,26006
2026-03-26,IND_GAN,0.42,14.8,5.22,0,0,True,synthetic_scenario_generator,26006
2026-03-27,IND_GAN,1.3,13.29,14.85,0,0,True,synthetic_scenario_generator,26006
2026-03-28,IND_GAN,0.99,14.89,0.88,0,0,True,synthetic_scenario_generator,26006
2026-03-29,IND_GAN,0.43,5.76,7.09,0,0,True,synthetic_scenario_generator,26006
2026-03-30,IND_GAN,1.21,7.44,4.18,0,0,True,synthetic_scenario_generator,26006
2026-03-31,IND_GAN,0.85,17.22,4.03,0,0,True,synthetic_scenario_generator,26006
2026-04-01,IND_GAN,1.39,32.51,9.91,0,0,True,synthetic_scenario_generator,26006
2026-04-02,IND_GAN,1.9,17.88,1.62,0,0,True,synthetic_scenario_generator,26006
2026-04-03,IND_GAN,1.69,16.55,2.58,0,0,True,synthetic_scenario_generator,26006
2026-04-04,IND_GAN,1.13,21.5,6.2,0,0,True,synthetic_scenario_generator,26006
2026-04-05,IND_GAN,1.64,22.32,0.44,0,0,True,synthetic_scenario_generator,26006
2026-04-06,IND_GAN,2.03,18.02,7.91,0,0,True,synthetic_scenario_generator,26006
2026-04-07,IND_GAN,1.69,22.03,13.56,0,0,True,synthetic_scenario_generator,26006
2026-04-08,IND_GAN,1.87,21.77,9.5,0,0,True,synthetic_scenario_generator,26006
2026-04-09,IND_GAN,1.86,24.73,4.58,0,0,True,synthetic_scenario_generator,26006
2026-04-10,IND_GAN,1.3,20.52,2.2,0,0,True,synthetic_scenario_generator,26006
2026-04-11,IND_GAN,2.15,11.54,0.65,0,0,True,synthetic_scenario_generator,26006
2026-04-12,IND_GAN,1.89,15.38,2.02,0,0,True,synthetic_scenario_generator,26006
2026-04-13,IND_GAN,1.21,21.96,2.27,0,0,True,synthetic_scenario_generator,26006
2026-04-14,IND_GAN,0.79,17.68,0.43,0,0,True,synthetic_scenario_generator,26006
2026-04-15,IND_GAN,1.29,23.61,2.55,0,0,True,synthetic_scenario_generator,26006
2026-04-16,IND_GAN,1.49,18.63,1.75,0,0,True,synthetic_scenario_generator,26006
2026-04-17,IND_GAN,1.5,12.28,1.71,0,0,True,synthetic_scenario_generator,26006
2026-04-18,IND_GAN,1.84,17.14,2.78,0,0,True,synthetic_scenario_generator,26006
2026-04-19,IND_GAN,1.58,19.29,0.5,0,0,True,synthetic_scenario_generator,26006
2026-04-20,IND_GAN,1.84,24.5,5.36,0,0,True,synthetic_scenario_generator,26006
2026-04-21,IND_GAN,1.15,23.52,2.54,0,0,True,synthetic_scenario_generator,26006
2026-04-22,IND_GAN,2.12,18.11,1.72,0,0,True,synthetic_scenario_generator,26006
2026-04-23,IND_GAN,1.33,27.73,0.28,0,0,True,synthetic_scenario_generator,26006
2026-04-24,IND_GAN,1.23,18.66,9.51,0,0,True,synthetic_scenario_generator,26006
2026-04-25,IND_GAN,1.73,15.5,2.26,0,0,True,synthetic_scenario_generator,26006
2026-04-26,IND_GAN,1.36,18.41,0.4,0,0,True,synthetic_scenario_generator,26006
2026-04-27,IND_GAN,1.49,23.77,1.23,0,0,True,synthetic_scenario_generator,26006
2026-04-28,IND_GAN,1.71,22.09,6.99,0,0,True,synthetic_scenario_generator,26006
2026-04-29,IND_GAN,1.41,14.89,1.61,0,0,True,synthetic_scenario_generator,26006
2026-04-30,IND_GAN,1.84,11.9,6.77,0,0,True,synthetic_scenario_generator,26006
2026-05-01,IND_GAN,2.13,18.68,8.23,0,0,True,synthetic_scenario_generator,26006
2026-05-02,IND_GAN,1.95,19.06,2.36,0,0,True,synthetic_scenario_generator,26006
2026-05-03,IND_GAN,1.54,19.25,3.93,0,0,True,synthetic_scenario_generator,26006
2026-05-04,IND_GAN,1.2,14.8,4.91,0,0,True,synthetic_scenario_generator,26006
2026-05-05,IND_GAN,1.43,16.95,1.75,0,0,True,synthetic_scenario_generator,26006
2026-05-06,IND_GAN,1.8,20.69,0.34,0,0,True,synthetic_scenario_generator,26006
2026-05-07,IND_GAN,2.03,23.91,2.48,0,0,True,synthetic_scenario_generator,26006
2026-05-08,IND_GAN,1.22,19.09,0.6,0,0,True,synthetic_scenario_generator,26006
2026-05-09,IND_GAN,1.9,21.69,2.02,0,0,True,synthetic_scenario_generator,26006
2026-05-10,IND_GAN,1.4,21.16,0.81,0,0,True,synthetic_scenario_generator,26006
2026-05-11,IND_GAN,0.7,22.33,4.8,0,0,True,synthetic_scenario_generator,26006
2026-05-12,IND_GAN,1.76,12.9,1.08,0,0,True,synthetic_scenario_generator,26006
2026-05-13,IND_GAN,1.71,23.66,10.43,0,0,True,synthetic_scenario_generator,26006
2026-05-14,IND_GAN,1.55,17.24,4.54,0,0,True,synthetic_scenario_generator,26006
2026-05-15,IND_GAN,1.18,30.06,6.66,0,0,True,synthetic_scenario_generator,26006
2026-05-16,IND_GAN,1.85,26.31,5.79,0,0,True,synthetic_scenario_generator,26006
2026-05-17,IND_GAN,1.34,15.06,1.11,0,0,True,synthetic_scenario_generator,26006
2026-05-18,IND_GAN,1.15,13.36,4.62,0,0,True,synthetic_scenario_generator,26006
2026-05-19,IND_GAN,1.37,15.73,3.31,0,0,True,synthetic_scenario_generator,26006
2026-05-20,IND_GAN,1.15,17.11,14.57,0,0,True,synthetic_scenario_generator,26006
2026-05-21,IND_GAN,1.24,24.23,8.25,0,0,True,synthetic_scenario_generator,26006
2026-05-22,IND_GAN,1.74,19.25,3.08,0,0,True,synthetic_scenario_generator,26006
2026-05-23,IND_GAN,1.6,23.06,9.09,0,0,True,synthetic_scenario_generator,26006
2026-05-24,IND_GAN,1.65,24.59,2.52,0,0,True,synthetic_scenario_generator,26006
2026-05-25,IND_GAN,1.19,19.73,2.49,0,0,True,synthetic_scenario_generator,26006
2026-05-26,IND_GAN,1.95,11.96,2.98,0,0,True,synthetic_scenario_generator,26006
2026-05-27,IND_GAN,1.35,13.58,3.91,0,0,True,synthetic_scenario_generator,26006
2026-05-28,IND_GAN,1.14,22.79,4.12,0,0,True,synthetic_scenario_generator,26006
2026-05-29,IND_GAN,1.24,22.26,10.58,0,0,True,synthetic_scenario_generator,26006
2026-05-30,IND_GAN,0.69,20.38,0.24,0,0,True,synthetic_scenario_generator,26006
2026-05-31,IND_GAN,2.03,15.48,1.43,0,0,True,synthetic_scenario_generator,26006
2026-06-01,IND_GAN,2.87,34.06,8.3,0,1,True,synthetic_scenario_generator,26006
2026-06-02,IND_GAN,2.8,34.14,10.71,0,1,True,synthetic_scenario_generator,26006
2026-06-03,IND_GAN,3.29,34.8,3.97,0,1,True,synthetic_scenario_generator,26006
2026-06-04,IND_GAN,2.95,32.83,36.27,0,1,True,synthetic_scenario_generator,26006
2026-06-05,IND_GAN,2.79,29.04,0.2,0,1,True,synthetic_scenario_generator,26006
2026-06-06,IND_GAN,2.49,35.68,14.46,0,1,True,synthetic_scenario_generator,26006
2026-06-07,IND_GAN,3.12,36.81,11.73,0,1,True,synthetic_scenario_generator,26006
2026-06-08,IND_GAN,2.68,30.65,9.22,0,1,True,synthetic_scenario_generator,26006
2026-06-09,IND_GAN,2.64,32.86,22.33,0,1,True,synthetic_scenario_generator,26006
2026-06-10,IND_GAN,3.19,23.68,6.88,0,1,True,synthetic_scenario_generator,26006
2026-06-11,IND_GAN,2.87,36.15,15.52,0,1,True,synthetic_scenario_generator,26006
2026-06-12,IND_GAN,2.1,29.74,16.03,0,1,True,synthetic_scenario_generator,26006
2026-06-13,IND_GAN,2.22,31.97,49.12,0,1,True,synthetic_scenario_generator,26006
2026-06-14,IND_GAN,2.59,27.65,13.34,0,1,True,synthetic_scenario_generator,26006
2026-06-15,IND_GAN,2.99,41.83,35.8,0,1,True,synthetic_scenario_generator,26006
2026-06-16,IND_GAN,2.75,37.45,4.23,0,1,True,synthetic_scenario_generator,26006
2026-06-17,IND_GAN,2.08,39.86,2.28,0,1,True,synthetic_scenario_generator,26006
2026-06-18,IND_GAN,2.36,23.61,10.8,0,1,True,synthetic_scenario_generator,26006
2026-06-19,IND_GAN,2.68,43.21,12.37,0,1,True,synthetic_scenario_generator,26006
2026-06-20,IND_GAN,2.99,30.0,23.27,0,1,True,synthetic_scenario_generator,26006
2026-06-21,IND_GAN,2.57,23.4,21.7,0,1,True,synthetic_scenario_generator,26006
2026-06-22,IND_GAN,2.99,22.82,1.51,0,1,True,synthetic_scenario_generator,26006
2026-06-23,IND_GAN,2.43,34.29,2.56,0,1,True,synthetic_scenario_generator,26006
2026-06-24,IND_GAN,2.88,30.2,39.09,0,1,True,synthetic_scenario_generator,26006
2026-06-25,IND_GAN,2.68,30.54,19.39,0,1,True,synthetic_scenario_generator,26006
2026-06-26,IND_GAN,3.58,42.8,8.72,1,1,True,synthetic_scenario_generator,26006
2026-06-27,IND_GAN,2.56,38.05,17.12,0,1,True,synthetic_scenario_generator,26006
2026-06-28,IND_GAN,2.76,35.8,4.25,0,1,True,synthetic_scenario_generator,26006
2026-06-29,IND_GAN,3.02,27.76,20.51,0,1,True,synthetic_scenario_generator,26006
2026-06-30,IND_GAN,2.18,36.6,2.47,0,1,True,synthetic_scenario_generator,26006
2026-07-01,IND_GAN,2.62,32.8,31.19,0,1,True,synthetic_scenario_generator,26006
2026-07-02,IND_GAN,2.18,20.57,12.59,0,1,True,synthetic_scenario_generator,26006
2026-07-03,IND_GAN,2.26,21.76,7.6,0,1,True,synthetic_scenario_generator,26006
2026-07-04,IND_GAN,2.35,29.64,1.91,0,1,True,synthetic_scenario_generator,26006
2026-07-05,IND_GAN,2.28,28.37,1.92,0,1,True,synthetic_scenario_generator,26006
2026-07-06,IND_GAN,2.15,22.4,7.94,0,1,True,synthetic_scenario_generator,26006
2026-07-07,IND_GAN,2.82,17.47,2.62,0,1,True,synthetic_scenario_generator,26006
2026-07-08,IND_GAN,2.14,31.81,5.52,0,1,True,synthetic_scenario_generator,26006
2026-07-09,IND_GAN,2.39,22.75,11.79,0,1,True,synthetic_scenario_generator,26006
2026-07-10,IND_GAN,2.44,31.22,23.41,0,1,True,synthetic_scenario_generator,26006
2026-07-11,IND_GAN,2.84,35.38,30.79,0,1,True,synthetic_scenario_generator,26006
2026-07-12,IND_GAN,2.44,29.9,10.65,0,1,True,synthetic_scenario_generator,26006
2026-07-13,IND_GAN,2.31,28.8,16.26,0,1,True,synthetic_scenario_generator,26006
2026-07-14,IND_GAN,2.08,24.22,60.47,0,1,True,synthetic_scenario_generator,26006
2026-07-15,IND_GAN,2.39,28.49,12.99,0,1,True,synthetic_scenario_generator,26006
2026-07-16,IND_GAN,2.8,29.98,13.5,0,1,True,synthetic_scenario_generator,26006
2026-07-17,IND_GAN,2.45,24.32,1.16,0,1,True,synthetic_scenario_generator,26006
2026-07-18,IND_GAN,1.85,30.7,7.95,0,1,True,synthetic_scenario_generator,26006
2026-07-19,IND_GAN,1.39,34.66,3.0,0,1,True,synthetic_scenario_generator,26006
2026-07-20,IND_GAN,2.36,24.74,4.39,0,1,True,synthetic_scenario_generator,26006
2026-07-21,IND_GAN,2.23,27.91,5.12,0,1,True,synthetic_scenario_generator,26006
2026-07-22,IND_GAN,2.53,24.95,9.18,0,1,True,synthetic_scenario_generator,26006
2026-07-23,IND_GAN,2.21,29.08,11.72,0,1,True,synthetic_scenario_generator,26006
2026-07-24,IND_GAN,2.22,23.2,11.77,0,1,True,synthetic_scenario_generator,26006
2026-07-25,IND_GAN,2.09,20.88,16.13,0,1,True,synthetic_scenario_generator,26006
2026-07-26,IND_GAN,2.6,35.27,12.77,0,1,True,synthetic_scenario_generator,26006
2026-07-27,IND_GAN,2.35,28.57,31.44,0,1,True,synthetic_scenario_generator,26006
2026-07-28,IND_GAN,2.73,25.44,3.2,0,1,True,synthetic_scenario_generator,26006
2026-07-29,IND_GAN,1.91,31.18,26.5,0,1,True,synthetic_scenario_generator,26006
2026-07-30,IND_GAN,2.04,33.52,16.55,0,1,True,synthetic_scenario_generator,26006
2026-07-31,IND_GAN,2.48,31.93,9.99,0,1,True,synthetic_scenario_generator,26006
2026-08-01,IND_GAN,3.23,22.42,9.23,0,1,True,synthetic_scenario_generator,26006
2026-08-02,IND_GAN,2.72,34.46,4.91,0,1,True,synthetic_scenario_generator,26006
2026-08-03,IND_GAN,1.86,28.95,0.6,0,1,True,synthetic_scenario_generator,26006
2026-08-04,IND_GAN,1.94,24.04,48.09,0,1,True,synthetic_scenario_generator,26006
2026-08-05,IND_GAN,2.51,29.89,7.09,0,1,True,synthetic_scenario_generator,26006
2026-08-06,IND_GAN,1.7,29.04,6.86,0,1,True,synthetic_scenario_generator,26006
2026-08-07,IND_GAN,2.55,32.67,2.26,0,1,True,synthetic_scenario_generator,26006
2026-08-08,IND_GAN,1.4,23.19,17.91,0,1,True,synthetic_scenario_generator,26006
2026-08-09,IND_GAN,2.61,24.47,4.25,0,1,True,synthetic_scenario_generator,26006
2026-08-10,IND_GAN,1.74,28.8,1.76,0,1,True,synthetic_scenario_generator,26006
2026-08-11,IND_GAN,2.74,30.39,3.8,0,1,True,synthetic_scenario_generator,26006
2026-08-12,IND_GAN,2.88,25.11,3.2,0,1,True,synthetic_scenario_generator,26006
2026-08-13,IND_GAN,2.1,25.37,26.22,0,1,True,synthetic_scenario_generator,26006
2026-08-14,IND_GAN,2.28,33.29,0.66,0,1,True,synthetic_scenario_generator,26006
2026-08-15,IND_GAN,2.54,25.65,5.85,0,1,True,synthetic_scenario_generator,26006
2026-08-16,IND_GAN,1.66,33.15,1.18,0,1,True,synthetic_scenario_generator,26006
2026-08-17,IND_GAN,2.84,21.5,10.05,0,1,True,synthetic_scenario_generator,26006
2026-08-18,IND_GAN,2.68,27.14,2.75,0,1,True,synthetic_scenario_generator,26006
2026-08-19,IND_GAN,1.9,26.76,6.32,0,1,True,synthetic_scenario_generator,26006
2026-08-20,IND_GAN,2.05,26.08,22.35,0,1,True,synthetic_scenario_generator,26006
2026-08-21,IND_GAN,2.35,24.77,10.85,0,1,True,synthetic_scenario_generator,26006
2026-08-22,IND_GAN,2.11,18.52,23.85,0,1,True,synthetic_scenario_generator,26006
2026-08-23,IND_GAN,2.07,30.68,0.74,0,1,True,synthetic_scenario_generator,26006
2026-08-24,IND_GAN,2.07,25.42,10.09,0,1,True,synthetic_scenario_generator,26006
2026-08-25,IND_GAN,2.79,26.97,2.38,0,1,True,synthetic_scenario_generator,26006
2026-08-26,IND_GAN,2.57,28.87,52.99,0,1,True,synthetic_scenario_generator,26006
2026-08-27,IND_GAN,2.75,26.6,6.73,0,1,True,synthetic_scenario_generator,26006
2026-08-28,IND_GAN,1.57,30.53,17.26,0,1,True,synthetic_scenario_generator,26006
2026-08-29,IND_GAN,2.38,25.01,36.68,0,1,True,synthetic_scenario_generator,26006
2026-08-30,IND_GAN,3.26,35.39,28.68,0,1,True,synthetic_scenario_generator,26006
2026-08-31,IND_GAN,2.26,21.01,22.7,0,1,True,synthetic_scenario_generator,26006
